,odc_locations,fiberlength
0,"(-3.03914, -59.93611)",149.78583735787575
1,"(-3.102419, -60.061689)",84.66055444605922
2,"(-3.08778, -60.01694)",155.77141603697842
3,"(-3.10917, -60.0125)",88.60882916427241
4,"(-3.117444, -60.011722)",31.411157797303776
5,"(-3.13056, -60.02111)",36.545172666775485
