,odc_locations,fiberlength
0,"(-5.735797, -35.254392)",56.52004531466572
1,"(-5.834028, -35.207972)",131.14918004593693
2,"(-5.78972, -35.20222)",87.05280170619872
3,"(-5.87556, -35.18)",46.65603539442971
