,odc_locations,fiberlength
0,"(-3.13361, -60.02083)",26.133583565880553
1,"(-3.02806, -59.98861)",196.3671028796608
2,"(-3.06472, -60.04361)",6.421093527620199
3,"(-3.11778, -60.01806)",74.51919833540943
4,"(-3.08778, -60.05694)",101.4190711250642
5,"(-3.08167, -60.01361)",47.766736205972
6,"(-3.1025, -59.99806)",73.81466298072367
