,odc_locations,capacities
0,"(-3.13361, -60.02083)",588
1,"(-3.02806, -59.98861)",294
2,"(-3.02139, -59.94583)",378
3,"(-3.0875, -60.04028)",894
4,"(-3.08583, -60.01)",630
5,"(-3.12278, -60.01333)",714
6,"(-3.10611, -59.99306)",462
