,odc_locations,capacities
0,"(-5.77833, -35.20194)",924
1,"(-5.86139, -35.19278)",546
2,"(-5.831416, -35.204944)",845
