,odc_locations,capacities
0,"(-3.03914, -59.93611)",378
1,"(-3.10361, -59.95667)",84
2,"(-2.97417, -59.99028)",84
3,"(-3.0875, -60.04028)",390
4,"(-3.07778, -60.00778)",672
5,"(-3.105, -60.01333)",966
6,"(-3.10306, -60.05083)",588
7,"(-3.13278, -60.02361)",798
