,odc_locations,fiberlength
0,"(-3.03914, -59.93611)",51.849672444948496
1,"(-3.10361, -59.95667)",10.809934016403759
2,"(-2.97417, -59.99028)",11.676904845294505
3,"(-3.0875, -60.04028)",38.35897975940024
4,"(-3.07778, -60.00778)",105.62906030161989
5,"(-3.105, -60.01333)",101.67262158505014
6,"(-3.10306, -60.05083)",72.82969180971483
7,"(-3.13278, -60.02361)",58.256558597759465
