,odc_locations,capacities
0,"(-3.10361, -59.95667)",84
1,"(-3.0875, -60.04028)",978
2,"(-3.07778, -60.00778)",672
3,"(-3.04194, -59.92889)",462
4,"(-3.12833, -60.00361)",798
5,"(-3.10917, -60.0125)",966
