,odc_locations,capacities
0,"(-5.735797, -35.254392)",336
1,"(-5.834028, -35.207972)",798
2,"(-5.87167, -35.18111)",462
3,"(-5.78389, -35.19944)",719
