,odc_locations,fiberlength
0,"(-5.735797, -35.254392)",56.52004531466572
1,"(-5.834028, -35.207972)",131.14918004593693
2,"(-5.87167, -35.18111)",45.613352428889534
3,"(-5.78389, -35.19944)",94.58233683862474
