,odc_locations,capacities
0,"(-3.13361, -60.02083)",924
1,"(-3.10361, -59.95667)",42
2,"(-3.11444, -60.04806)",798
3,"(-3.07222, -59.94861)",84
4,"(-3.04194, -59.92889)",462
5,"(-3.08167, -60.01361)",936
6,"(-3.1025, -59.99806)",714
