,odc_locations,fiberlength
0,"(-3.13361, -60.02083)",73.73060671766635
1,"(-3.10361, -59.95667)",0.0
2,"(-3.11444, -60.04806)",139.86391221141932
3,"(-3.07222, -59.94861)",13.080735180243533
4,"(-3.04194, -59.92889)",107.092838783192
5,"(-3.08167, -60.01361)",168.26248754973153
6,"(-3.1025, -59.99806)",70.76219181955645
