,odc_locations,capacities
0,"(-5.8846, -35.1819)",420
1,"(-5.78389, -35.19944)",966
2,"(-5.831416, -35.204944)",929
