,odc_locations,capacities
0,"(-3.13361, -60.02083)",672
1,"(-3.06472, -60.04361)",936
2,"(-3.04194, -59.92889)",378
3,"(-3.03469, -59.9938)",294
4,"(-3.12278, -60.01333)",798
5,"(-3.09722, -59.99333)",882
