,odc_locations,fiberlength
0,"(-3.13361, -60.02083)",65.9943012566541
1,"(-3.06472, -60.04361)",219.5974115441752
2,"(-3.04194, -59.92889)",48.74367286129842
3,"(-3.03469, -59.9938)",50.40504360600297
4,"(-3.12278, -60.01333)",79.76677588129286
5,"(-3.09722, -59.99333)",115.678081801968
