,odc_locations,capacities
0,"(-3.09417, -59.99083)",504
1,"(-3.02917, -59.97694)",294
2,"(-3.04194, -59.92889)",378
3,"(-3.09694, -60.01528)",966
4,"(-3.10306, -60.05083)",894
5,"(-3.13611, -60.02028)",924
