,"case_2: wcpu 0.1, wodc 0.1, wd 0.8, odcs 0","case_2: wcpu 0.1, wodc 0.2, wd 0.7, odcs 0","case_2: wcpu 0.1, wodc 0.3, wd 0.6, odcs 0","case_2: wcpu 0.1, wodc 0.4, wd 0.5, odcs 0","case_2: wcpu 0.1, wodc 0.5, wd 0.4, odcs 0","case_2: wcpu 0.1, wodc 0.6, wd 0.3, odcs 0","case_2: wcpu 0.1, wodc 0.7, wd 0.2, odcs 0","case_2: wcpu 0.1, wodc 0.8, wd 0.1, odcs 0","case_2: wcpu 0.3, wodc 0.1, wd 0.6, odcs 0","case_2: wcpu 0.3, wodc 0.2, wd 0.5, odcs 0","case_2: wcpu 0.3, wodc 0.3, wd 0.4, odcs 0","case_2: wcpu 0.3, wodc 0.4, wd 0.3, odcs 0","case_2: wcpu 0.3, wodc 0.5, wd 0.2, odcs 0","case_2: wcpu 0.3, wodc 0.6, wd 0.1, odcs 0","case_2: wcpu 0.5, wodc 0.1, wd 0.4, odcs 0","case_2: wcpu 0.5, wodc 0.2, wd 0.3, odcs 0","case_2: wcpu 0.5, wodc 0.3, wd 0.2, odcs 0","case_2: wcpu 0.5, wodc 0.4, wd 0.1, odcs 0","case_2: wcpu 0.7, wodc 0.1, wd 0.2, odcs 0","case_2: wcpu 0.7, wodc 0.2, wd 0.1, odcs 0","case_2: wcpu 0.8, wodc 0.1, wd 0.1, odcs 0"
0,126.0,224.0,224.0,630.0,224.0,224.0,224.0,630.0,420.0,630.0,224.0,630.0,224.0,224.0,420.0,630.0,224.0,630.0,630.0,630.0,630.0
1,168.0,588.0,588.0,836.0,588.0,588.0,588.0,440.0,182.0,836.0,588.0,210.0,588.0,588.0,182.0,210.0,588.0,440.0,440.0,440.0,440.0
2,98.0,210.0,210.0,210.0,210.0,210.0,210.0,728.0,336.0,210.0,210.0,524.0,210.0,210.0,588.0,524.0,210.0,728.0,728.0,728.0,728.0
3,336.0,728.0,966.0,440.0,966.0,966.0,728.0,948.0,168.0,440.0,966.0,948.0,966.0,966.0,168.0,948.0,966.0,948.0,948.0,948.0,948.0
4,42.0,906.0,906.0,560.0,788.0,906.0,906.0,762.0,210.0,560.0,906.0,560.0,788.0,906.0,252.0,560.0,906.0,762.0,762.0,762.0,762.0
5,168.0,626.0,626.0,958.0,906.0,626.0,626.0,970.0,174.0,958.0,626.0,1000.0,906.0,626.0,308.0,1000.0,626.0,970.0,970.0,970.0,970.0
6,210.0,708.0,708.0,892.0,626.0,708.0,708.0,878.0,506.0,892.0,708.0,830.0,626.0,708.0,906.0,830.0,708.0,878.0,878.0,878.0,878.0
7,216.0,928.0,928.0,970.0,764.0,928.0,928.0,686.0,308.0,970.0,928.0,752.0,764.0,928.0,500.0,752.0,928.0,686.0,686.0,686.0,686.0
8,332.0,704.0,886.0,546.0,970.0,886.0,704.0,630.0,126.0,546.0,886.0,588.0,970.0,886.0,336.0,588.0,886.0,630.0,630.0,630.0,630.0
9,126.0,420.0,630.0,588.0,630.0,630.0,420.0,638.0,222.0,588.0,630.0,630.0,630.0,630.0,624.0,630.0,630.0,638.0,638.0,638.0,638.0
10,126.0,630.0,716.0,946.0,758.0,716.0,672.0,728.0,336.0,946.0,518.0,638.0,758.0,518.0,634.0,638.0,518.0,728.0,728.0,728.0,728.0
11,84.0,638.0,728.0,728.0,476.0,728.0,988.0,950.0,410.0,728.0,718.0,728.0,476.0,718.0,704.0,728.0,718.0,950.0,950.0,950.0,950.0
12,126.0,728.0,970.0,992.0,252.0,970.0,308.0,168.0,168.0,992.0,252.0,950.0,252.0,252.0,420.0,950.0,252.0,168.0,168.0,168.0,168.0
13,138.0,950.0,210.0,210.0,210.0,210.0,168.0,392.0,252.0,210.0,168.0,168.0,210.0,168.0,588.0,168.0,168.0,392.0,392.0,392.0,392.0
14,336.0,168.0,420.0,872.0,800.0,420.0,800.0,336.0,404.0,872.0,336.0,392.0,800.0,336.0,638.0,392.0,336.0,336.0,336.0,336.0,336.0
15,132.0,392.0,800.0,660.0,606.0,800.0,420.0,534.0,438.0,660.0,878.0,336.0,606.0,878.0,728.0,336.0,878.0,534.0,534.0,534.0,534.0
16,182.0,336.0,704.0,224.0,462.0,704.0,420.0,822.0,350.0,224.0,854.0,534.0,462.0,854.0,950.0,534.0,854.0,822.0,822.0,822.0,822.0
17,104.0,534.0,864.0,822.0,970.0,864.0,336.0,844.0,210.0,822.0,738.0,822.0,970.0,738.0,168.0,822.0,738.0,844.0,844.0,844.0,844.0
18,410.0,822.0,42.0,420.0,878.0,42.0,930.0,420.0,462.0,420.0,950.0,844.0,878.0,950.0,252.0,844.0,950.0,420.0,420.0,420.0,420.0
19,168.0,844.0,420.0,210.0,462.0,420.0,1000.0,210.0,360.0,210.0,42.0,224.0,462.0,42.0,336.0,224.0,42.0,210.0,210.0,210.0,210.0
20,252.0,266.0,704.0,308.0,210.0,704.0,854.0,308.0,336.0,308.0,728.0,728.0,210.0,728.0,534.0,728.0,728.0,308.0,308.0,308.0,308.0
21,354.0,420.0,168.0,630.0,308.0,168.0,252.0,630.0,410.0,630.0,168.0,210.0,308.0,168.0,182.0,210.0,168.0,630.0,630.0,630.0,630.0
22,350.0,210.0,996.0,462.0,560.0,996.0,630.0,462.0,308.0,462.0,906.0,588.0,560.0,906.0,822.0,588.0,906.0,462.0,462.0,462.0,462.0
23,210.0,308.0,308.0,800.0,630.0,308.0,800.0,800.0,294.0,800.0,588.0,462.0,630.0,588.0,844.0,462.0,588.0,800.0,800.0,800.0,800.0
24,462.0,588.0,672.0,716.0,800.0,672.0,364.0,716.0,552.0,716.0,788.0,618.0,800.0,788.0,224.0,618.0,788.0,716.0,716.0,716.0,716.0
25,426.0,962.0,830.0,704.0,800.0,830.0,848.0,704.0,168.0,704.0,836.0,716.0,800.0,836.0,420.0,716.0,836.0,704.0,704.0,704.0,704.0
26,360.0,462.0,1000.0,928.0,576.0,1000.0,844.0,928.0,252.0,928.0,420.0,704.0,576.0,420.0,168.0,704.0,420.0,928.0,928.0,928.0,928.0
27,336.0,704.0,902.0,864.0,970.0,902.0,738.0,864.0,168.0,864.0,872.0,928.0,970.0,872.0,308.0,928.0,872.0,864.0,864.0,864.0,864.0
28,410.0,564.0,210.0,168.0,726.0,210.0,712.0,748.0,168.0,168.0,694.0,864.0,726.0,694.0,336.0,864.0,694.0,748.0,748.0,748.0,748.0
29,182.0,788.0,630.0,588.0,168.0,630.0,168.0,168.0,252.0,588.0,210.0,210.0,168.0,210.0,588.0,210.0,210.0,168.0,168.0,168.0,168.0
30,294.0,770.0,800.0,758.0,630.0,800.0,588.0,588.0,216.0,758.0,630.0,546.0,630.0,630.0,420.0,546.0,630.0,588.0,588.0,588.0,588.0
31,322.0,168.0,462.0,210.0,800.0,462.0,530.0,758.0,252.0,210.0,800.0,576.0,800.0,800.0,618.0,576.0,800.0,758.0,758.0,758.0,758.0
32,98.0,546.0,970.0,420.0,210.0,970.0,702.0,210.0,230.0,420.0,770.0,532.0,210.0,770.0,716.0,532.0,770.0,210.0,210.0,210.0,210.0
33,84.0,576.0,890.0,586.0,802.0,890.0,728.0,616.0,336.0,586.0,970.0,628.0,802.0,970.0,704.0,628.0,970.0,616.0,616.0,616.0,616.0
34,126.0,210.0,950.0,300.0,890.0,950.0,898.0,782.0,360.0,300.0,890.0,426.0,890.0,890.0,676.0,426.0,890.0,782.0,782.0,782.0,782.0
35,168.0,532.0,822.0,800.0,992.0,822.0,462.0,300.0,480.0,800.0,950.0,800.0,992.0,950.0,864.0,800.0,950.0,300.0,300.0,300.0,300.0
36,42.0,586.0,308.0,920.0,822.0,308.0,224.0,758.0,182.0,920.0,822.0,224.0,822.0,822.0,588.0,224.0,822.0,758.0,758.0,758.0,758.0
37,126.0,300.0,168.0,378.0,728.0,168.0,920.0,806.0,326.0,378.0,168.0,920.0,728.0,168.0,168.0,920.0,168.0,806.0,806.0,806.0,806.0
38,210.0,800.0,714.0,308.0,168.0,714.0,822.0,308.0,258.0,308.0,588.0,308.0,168.0,588.0,650.0,308.0,588.0,308.0,308.0,308.0,308.0
39,126.0,224.0,42.0,606.0,42.0,42.0,574.0,168.0,494.0,606.0,168.0,872.0,42.0,168.0,546.0,872.0,168.0,168.0,168.0,168.0,168.0
40,216.0,920.0,126.0,168.0,482.0,126.0,168.0,588.0,224.0,168.0,392.0,168.0,482.0,392.0,576.0,168.0,392.0,588.0,588.0,588.0,588.0
41,168.0,308.0,800.0,420.0,840.0,800.0,308.0,42.0,420.0,420.0,532.0,672.0,840.0,532.0,210.0,672.0,532.0,42.0,42.0,42.0,42.0
42,90.0,872.0,504.0,768.0,888.0,504.0,630.0,588.0,224.0,768.0,308.0,42.0,888.0,308.0,462.0,42.0,308.0,588.0,588.0,588.0,588.0
43,210.0,168.0,308.0,482.0,788.0,308.0,392.0,768.0,126.0,482.0,572.0,482.0,788.0,572.0,670.0,482.0,572.0,768.0,768.0,768.0,768.0
44,104.0,504.0,850.0,420.0,958.0,850.0,384.0,392.0,168.0,420.0,770.0,574.0,958.0,770.0,300.0,574.0,770.0,392.0,392.0,392.0,392.0
45,222.0,726.0,886.0,308.0,920.0,886.0,786.0,560.0,336.0,308.0,668.0,308.0,920.0,668.0,758.0,308.0,668.0,560.0,560.0,560.0,560.0
46,336.0,392.0,644.0,888.0,956.0,644.0,596.0,440.0,462.0,888.0,920.0,294.0,956.0,920.0,224.0,294.0,920.0,440.0,440.0,440.0,440.0
47,270.0,420.0,1000.0,662.0,210.0,1000.0,576.0,944.0,210.0,662.0,956.0,892.0,210.0,956.0,582.0,892.0,956.0,944.0,944.0,944.0,944.0
48,168.0,308.0,168.0,1000.0,392.0,168.0,748.0,668.0,308.0,1000.0,168.0,902.0,392.0,168.0,308.0,902.0,168.0,668.0,668.0,668.0,668.0
49,396.0,336.0,578.0,926.0,770.0,578.0,880.0,884.0,168.0,926.0,760.0,884.0,770.0,760.0,168.0,884.0,760.0,884.0,884.0,884.0,884.0
50,320.0,634.0,756.0,630.0,780.0,756.0,308.0,560.0,196.0,630.0,846.0,824.0,780.0,846.0,546.0,824.0,846.0,560.0,560.0,560.0,560.0
51,326.0,722.0,530.0,168.0,492.0,530.0,588.0,630.0,326.0,168.0,482.0,630.0,492.0,482.0,42.0,630.0,482.0,630.0,630.0,630.0,630.0
52,308.0,570.0,644.0,760.0,630.0,644.0,872.0,210.0,336.0,760.0,882.0,168.0,630.0,882.0,420.0,168.0,882.0,210.0,210.0,210.0,210.0
53,258.0,674.0,770.0,392.0,938.0,770.0,210.0,872.0,174.0,392.0,726.0,524.0,938.0,726.0,726.0,524.0,726.0,872.0,872.0,872.0,872.0
54,126.0,588.0,842.0,912.0,902.0,842.0,574.0,524.0,360.0,912.0,982.0,730.0,902.0,982.0,252.0,730.0,982.0,524.0,524.0,524.0,524.0
55,90.0,308.0,726.0,770.0,928.0,726.0,504.0,672.0,410.0,770.0,336.0,770.0,928.0,336.0,420.0,770.0,336.0,672.0,672.0,672.0,672.0
56,126.0,630.0,336.0,534.0,168.0,336.0,612.0,818.0,480.0,534.0,860.0,384.0,168.0,860.0,308.0,384.0,860.0,818.0,818.0,818.0,818.0
57,42.0,210.0,692.0,336.0,714.0,692.0,702.0,890.0,404.0,336.0,928.0,906.0,714.0,928.0,294.0,906.0,928.0,890.0,890.0,890.0,890.0
58,168.0,970.0,928.0,806.0,812.0,928.0,224.0,866.0,360.0,806.0,210.0,566.0,812.0,210.0,634.0,566.0,210.0,866.0,866.0,866.0,866.0
59,210.0,950.0,210.0,734.0,336.0,210.0,574.0,970.0,350.0,734.0,630.0,582.0,336.0,630.0,666.0,582.0,630.0,970.0,970.0,970.0,970.0
60,84.0,392.0,630.0,210.0,848.0,630.0,874.0,210.0,168.0,210.0,728.0,782.0,848.0,728.0,626.0,782.0,728.0,210.0,210.0,210.0,210.0
61,168.0,864.0,728.0,770.0,758.0,728.0,914.0,630.0,336.0,770.0,654.0,970.0,758.0,654.0,182.0,970.0,654.0,630.0,630.0,630.0,630.0
62,336.0,462.0,654.0,806.0,622.0,654.0,168.0,950.0,168.0,806.0,800.0,210.0,622.0,800.0,758.0,210.0,800.0,950.0,950.0,950.0,950.0
63,282.0,534.0,800.0,950.0,786.0,800.0,770.0,462.0,360.0,950.0,504.0,630.0,786.0,504.0,308.0,630.0,504.0,462.0,462.0,462.0,462.0
64,210.0,722.0,504.0,462.0,998.0,504.0,680.0,308.0,126.0,462.0,626.0,950.0,998.0,626.0,588.0,950.0,626.0,308.0,308.0,308.0,308.0
65,126.0,210.0,626.0,746.0,168.0,626.0,210.0,800.0,294.0,746.0,962.0,462.0,168.0,962.0,168.0,462.0,962.0,800.0,800.0,800.0,800.0
66,126.0,588.0,962.0,308.0,224.0,962.0,560.0,848.0,420.0,308.0,168.0,308.0,224.0,168.0,266.0,308.0,168.0,848.0,848.0,848.0,848.0
67,168.0,806.0,210.0,926.0,392.0,210.0,786.0,864.0,404.0,926.0,746.0,800.0,392.0,746.0,578.0,800.0,746.0,864.0,864.0,864.0,864.0
68,182.0,950.0,984.0,864.0,606.0,984.0,968.0,210.0,210.0,864.0,630.0,848.0,606.0,630.0,300.0,848.0,630.0,210.0,210.0,210.0,210.0
69,326.0,224.0,728.0,210.0,308.0,728.0,986.0,308.0,174.0,210.0,210.0,864.0,308.0,210.0,504.0,864.0,210.0,308.0,308.0,308.0,308.0
70,180.0,462.0,630.0,308.0,588.0,630.0,210.0,630.0,336.0,308.0,966.0,210.0,588.0,966.0,420.0,210.0,966.0,630.0,630.0,630.0,630.0
71,336.0,746.0,970.0,630.0,210.0,970.0,476.0,658.0,410.0,630.0,802.0,308.0,210.0,802.0,818.0,308.0,802.0,658.0,658.0,658.0,658.0
72,174.0,308.0,800.0,658.0,448.0,800.0,606.0,970.0,404.0,658.0,800.0,630.0,448.0,800.0,336.0,630.0,800.0,970.0,970.0,970.0,970.0
73,270.0,884.0,920.0,970.0,760.0,920.0,224.0,800.0,224.0,970.0,920.0,658.0,760.0,920.0,890.0,658.0,920.0,800.0,800.0,800.0,800.0
74,410.0,864.0,800.0,800.0,618.0,800.0,252.0,920.0,642.0,800.0,800.0,970.0,618.0,800.0,866.0,970.0,800.0,920.0,920.0,920.0,920.0
75,438.0,210.0,168.0,800.0,920.0,168.0,336.0,800.0,252.0,800.0,168.0,800.0,920.0,168.0,634.0,800.0,168.0,800.0,800.0,800.0,800.0
76,404.0,224.0,680.0,920.0,800.0,680.0,928.0,746.0,326.0,920.0,680.0,800.0,800.0,680.0,168.0,800.0,680.0,746.0,746.0,746.0,746.0
77,252.0,308.0,406.0,746.0,680.0,406.0,378.0,168.0,308.0,746.0,406.0,920.0,680.0,406.0,588.0,920.0,406.0,168.0,168.0,168.0,168.0
78,360.0,588.0,308.0,168.0,532.0,308.0,534.0,420.0,480.0,168.0,308.0,746.0,532.0,308.0,670.0,746.0,308.0,420.0,420.0,420.0,420.0
79,350.0,658.0,738.0,420.0,920.0,738.0,674.0,680.0,168.0,420.0,654.0,168.0,920.0,654.0,224.0,168.0,654.0,680.0,680.0,680.0,680.0
80,98.0,970.0,686.0,680.0,504.0,686.0,518.0,168.0,336.0,680.0,126.0,420.0,504.0,126.0,420.0,420.0,126.0,168.0,168.0,168.0,168.0
81,126.0,618.0,336.0,168.0,336.0,336.0,906.0,560.0,42.0,168.0,420.0,680.0,336.0,420.0,308.0,680.0,420.0,560.0,560.0,560.0,560.0
82,180.0,800.0,760.0,560.0,760.0,760.0,168.0,920.0,210.0,560.0,336.0,168.0,760.0,336.0,618.0,168.0,336.0,920.0,920.0,920.0,920.0
83,126.0,920.0,920.0,920.0,746.0,920.0,716.0,504.0,252.0,920.0,760.0,560.0,746.0,760.0,336.0,560.0,760.0,504.0,504.0,504.0,504.0
84,168.0,746.0,252.0,504.0,962.0,252.0,252.0,336.0,420.0,504.0,746.0,920.0,962.0,746.0,364.0,920.0,746.0,336.0,336.0,336.0,336.0
85,182.0,168.0,788.0,336.0,602.0,788.0,966.0,760.0,308.0,336.0,962.0,504.0,602.0,962.0,848.0,504.0,962.0,760.0,760.0,760.0,760.0
86,336.0,680.0,764.0,760.0,974.0,764.0,630.0,564.0,336.0,760.0,224.0,336.0,974.0,224.0,864.0,336.0,224.0,564.0,564.0,564.0,564.0
87,168.0,406.0,210.0,564.0,168.0,210.0,800.0,962.0,252.0,564.0,252.0,760.0,168.0,252.0,168.0,760.0,252.0,962.0,962.0,962.0,962.0
88,270.0,560.0,504.0,962.0,252.0,504.0,802.0,764.0,404.0,962.0,764.0,564.0,252.0,764.0,224.0,564.0,764.0,764.0,764.0,764.0,764.0
89,84.0,920.0,920.0,878.0,546.0,920.0,746.0,210.0,414.0,878.0,210.0,962.0,546.0,210.0,308.0,962.0,210.0,210.0,210.0,210.0,210.0
90,294.0,504.0,984.0,210.0,798.0,984.0,962.0,504.0,174.0,210.0,504.0,836.0,798.0,504.0,588.0,836.0,504.0,504.0,504.0,504.0,504.0
91,42.0,336.0,970.0,630.0,462.0,970.0,794.0,920.0,410.0,630.0,920.0,210.0,462.0,920.0,420.0,210.0,920.0,920.0,920.0,920.0,920.0
92,168.0,760.0,728.0,728.0,728.0,728.0,210.0,564.0,360.0,728.0,984.0,728.0,728.0,984.0,336.0,728.0,984.0,564.0,564.0,564.0,564.0
93,98.0,746.0,962.0,956.0,224.0,962.0,546.0,420.0,450.0,956.0,970.0,984.0,224.0,970.0,676.0,984.0,970.0,420.0,420.0,420.0,420.0
94,126.0,962.0,168.0,728.0,962.0,168.0,984.0,970.0,182.0,728.0,728.0,750.0,962.0,728.0,618.0,750.0,728.0,970.0,970.0,970.0,970.0
95,404.0,878.0,42.0,776.0,928.0,42.0,666.0,728.0,210.0,776.0,962.0,844.0,928.0,962.0,920.0,844.0,962.0,728.0,728.0,728.0,728.0
96,308.0,210.0,704.0,224.0,434.0,704.0,728.0,962.0,326.0,224.0,168.0,728.0,434.0,168.0,800.0,728.0,168.0,962.0,962.0,962.0,962.0
97,210.0,630.0,728.0,912.0,168.0,728.0,224.0,970.0,308.0,912.0,224.0,962.0,168.0,224.0,378.0,962.0,224.0,970.0,970.0,970.0,970.0
98,174.0,938.0,746.0,970.0,42.0,746.0,928.0,308.0,480.0,970.0,42.0,476.0,42.0,42.0,606.0,476.0,42.0,308.0,308.0,308.0,308.0
99,336.0,746.0,630.0,308.0,532.0,630.0,962.0,210.0,308.0,308.0,728.0,836.0,532.0,728.0,168.0,836.0,728.0,210.0,210.0,210.0,210.0
100,90.0,728.0,878.0,210.0,788.0,878.0,168.0,920.0,336.0,210.0,788.0,420.0,788.0,788.0,420.0,420.0,788.0,920.0,920.0,920.0,920.0
101,410.0,776.0,810.0,920.0,862.0,810.0,392.0,420.0,252.0,920.0,588.0,462.0,862.0,588.0,680.0,462.0,588.0,420.0,420.0,420.0,420.0
102,266.0,224.0,378.0,532.0,714.0,378.0,42.0,504.0,174.0,532.0,660.0,872.0,714.0,660.0,168.0,872.0,660.0,504.0,504.0,504.0,504.0
103,126.0,912.0,958.0,504.0,710.0,958.0,728.0,764.0,168.0,504.0,730.0,820.0,710.0,730.0,560.0,820.0,730.0,764.0,764.0,764.0,764.0
104,418.0,928.0,574.0,764.0,920.0,574.0,720.0,920.0,224.0,764.0,420.0,920.0,920.0,420.0,696.0,920.0,420.0,920.0,920.0,920.0,920.0
105,210.0,308.0,800.0,920.0,872.0,800.0,626.0,420.0,126.0,920.0,948.0,462.0,872.0,948.0,504.0,462.0,948.0,420.0,420.0,420.0,420.0
106,326.0,210.0,928.0,914.0,168.0,928.0,630.0,606.0,446.0,914.0,746.0,774.0,168.0,746.0,336.0,774.0,746.0,606.0,606.0,606.0,606.0
107,126.0,224.0,630.0,210.0,842.0,630.0,432.0,168.0,336.0,210.0,210.0,210.0,842.0,210.0,760.0,210.0,210.0,168.0,168.0,168.0,168.0
108,396.0,420.0,614.0,800.0,630.0,614.0,880.0,864.0,210.0,800.0,364.0,728.0,630.0,364.0,564.0,728.0,364.0,864.0,864.0,864.0,864.0
109,126.0,708.0,890.0,970.0,824.0,890.0,962.0,842.0,326.0,970.0,800.0,704.0,824.0,800.0,962.0,704.0,800.0,842.0,842.0,842.0,842.0
110,168.0,588.0,878.0,630.0,806.0,878.0,462.0,630.0,420.0,630.0,928.0,540.0,806.0,928.0,224.0,540.0,928.0,630.0,630.0,630.0,630.0
111,126.0,710.0,728.0,626.0,864.0,728.0,210.0,950.0,360.0,626.0,630.0,866.0,864.0,630.0,764.0,866.0,630.0,950.0,950.0,950.0,950.0
112,336.0,920.0,728.0,750.0,770.0,728.0,864.0,722.0,168.0,750.0,614.0,630.0,770.0,614.0,168.0,630.0,614.0,722.0,722.0,722.0,722.0
113,42.0,420.0,210.0,630.0,378.0,210.0,770.0,336.0,362.0,630.0,890.0,964.0,378.0,890.0,504.0,964.0,890.0,336.0,336.0,336.0,336.0
114,210.0,606.0,168.0,866.0,760.0,168.0,908.0,802.0,438.0,866.0,728.0,840.0,760.0,728.0,738.0,840.0,728.0,802.0,802.0,802.0,802.0
115,360.0,224.0,696.0,560.0,210.0,696.0,842.0,728.0,356.0,560.0,878.0,560.0,210.0,878.0,564.0,560.0,878.0,728.0,728.0,728.0,728.0
116,84.0,168.0,802.0,210.0,168.0,802.0,770.0,210.0,210.0,210.0,210.0,210.0,168.0,210.0,420.0,210.0,210.0,210.0,210.0,210.0,210.0
117,210.0,660.0,224.0,168.0,618.0,224.0,770.0,872.0,362.0,168.0,168.0,168.0,618.0,168.0,676.0,168.0,168.0,872.0,872.0,872.0,872.0
118,168.0,588.0,588.0,760.0,802.0,588.0,908.0,644.0,460.0,760.0,928.0,704.0,802.0,928.0,728.0,704.0,928.0,644.0,644.0,644.0,644.0
119,98.0,824.0,822.0,224.0,224.0,822.0,210.0,788.0,404.0,224.0,224.0,266.0,224.0,224.0,336.0,266.0,224.0,788.0,788.0,788.0,788.0
120,126.0,848.0,950.0,588.0,588.0,950.0,928.0,966.0,168.0,588.0,588.0,588.0,588.0,588.0,182.0,588.0,588.0,966.0,966.0,966.0,966.0
121,336.0,462.0,854.0,710.0,758.0,854.0,560.0,746.0,336.0,710.0,728.0,746.0,758.0,728.0,962.0,746.0,728.0,746.0,746.0,746.0,746.0
122,168.0,336.0,210.0,966.0,966.0,210.0,626.0,896.0,42.0,966.0,926.0,966.0,966.0,926.0,634.0,966.0,926.0,896.0,896.0,896.0,896.0
123,404.0,802.0,914.0,962.0,962.0,914.0,966.0,920.0,210.0,962.0,804.0,920.0,962.0,804.0,308.0,920.0,804.0,920.0,920.0,920.0,920.0
124,182.0,822.0,818.0,746.0,746.0,818.0,960.0,210.0,420.0,746.0,560.0,686.0,746.0,560.0,168.0,686.0,560.0,210.0,210.0,210.0,210.0
125,462.0,308.0,504.0,708.0,210.0,504.0,906.0,914.0,210.0,708.0,906.0,788.0,210.0,906.0,224.0,788.0,906.0,914.0,914.0,914.0,914.0
126,90.0,434.0,946.0,210.0,788.0,946.0,886.0,860.0,308.0,210.0,210.0,210.0,788.0,210.0,420.0,210.0,210.0,860.0,860.0,860.0,860.0
127,174.0,210.0,672.0,914.0,224.0,672.0,532.0,602.0,360.0,914.0,914.0,998.0,224.0,914.0,708.0,998.0,914.0,602.0,602.0,602.0,602.0
128,140.0,168.0,800.0,900.0,588.0,800.0,210.0,790.0,252.0,900.0,776.0,860.0,588.0,776.0,588.0,860.0,776.0,790.0,790.0,790.0,790.0
129,410.0,760.0,870.0,350.0,532.0,870.0,872.0,968.0,326.0,350.0,504.0,392.0,532.0,504.0,336.0,392.0,504.0,968.0,968.0,968.0,968.0
130,270.0,224.0,308.0,574.0,856.0,308.0,746.0,970.0,174.0,574.0,672.0,978.0,856.0,672.0,710.0,978.0,672.0,970.0,970.0,970.0,970.0
131,154.0,588.0,758.0,946.0,660.0,758.0,710.0,728.0,462.0,946.0,878.0,906.0,660.0,878.0,920.0,906.0,878.0,728.0,728.0,728.0,728.0
132,326.0,668.0,168.0,974.0,920.0,168.0,920.0,692.0,210.0,974.0,786.0,970.0,920.0,786.0,420.0,970.0,786.0,692.0,692.0,692.0,692.0
133,126.0,532.0,714.0,866.0,308.0,714.0,820.0,168.0,410.0,866.0,308.0,728.0,308.0,308.0,606.0,728.0,308.0,168.0,168.0,168.0,168.0
134,350.0,886.0,764.0,308.0,956.0,764.0,434.0,798.0,480.0,308.0,994.0,692.0,956.0,994.0,266.0,692.0,994.0,798.0,798.0,798.0,798.0
135,396.0,864.0,336.0,168.0,860.0,336.0,798.0,482.0,224.0,168.0,632.0,168.0,860.0,632.0,168.0,168.0,632.0,482.0,482.0,482.0,482.0
136,126.0,708.0,728.0,714.0,168.0,728.0,626.0,336.0,350.0,714.0,168.0,798.0,168.0,168.0,546.0,798.0,168.0,336.0,336.0,336.0,336.0
137,336.0,168.0,996.0,482.0,672.0,996.0,210.0,966.0,360.0,482.0,630.0,482.0,672.0,630.0,488.0,482.0,630.0,966.0,966.0,966.0,966.0
138,42.0,706.0,886.0,766.0,920.0,886.0,714.0,906.0,336.0,766.0,336.0,336.0,920.0,336.0,926.0,336.0,336.0,906.0,906.0,906.0,906.0
139,210.0,266.0,692.0,336.0,482.0,692.0,806.0,808.0,326.0,336.0,532.0,966.0,482.0,532.0,420.0,966.0,532.0,808.0,808.0,808.0,808.0
140,174.0,504.0,728.0,532.0,336.0,728.0,294.0,886.0,168.0,532.0,800.0,906.0,336.0,800.0,336.0,906.0,800.0,886.0,886.0,886.0,886.0
141,168.0,800.0,168.0,1000.0,532.0,168.0,906.0,728.0,404.0,1000.0,718.0,808.0,532.0,718.0,378.0,808.0,718.0,728.0,728.0,728.0,728.0
142,126.0,336.0,948.0,676.0,892.0,948.0,928.0,168.0,210.0,676.0,948.0,886.0,892.0,948.0,628.0,886.0,948.0,168.0,168.0,168.0,168.0
143,182.0,588.0,210.0,434.0,434.0,210.0,420.0,210.0,174.0,434.0,434.0,728.0,434.0,434.0,822.0,728.0,434.0,210.0,210.0,210.0,210.0
144,84.0,686.0,462.0,934.0,746.0,462.0,434.0,944.0,308.0,934.0,844.0,210.0,746.0,844.0,756.0,210.0,844.0,944.0,944.0,944.0,944.0
145,404.0,828.0,674.0,168.0,728.0,674.0,704.0,440.0,480.0,168.0,728.0,668.0,728.0,728.0,308.0,668.0,728.0,440.0,440.0,440.0,440.0
146,336.0,852.0,760.0,210.0,168.0,760.0,854.0,920.0,224.0,210.0,168.0,210.0,168.0,168.0,434.0,210.0,168.0,920.0,920.0,920.0,920.0
147,210.0,308.0,758.0,944.0,210.0,758.0,252.0,892.0,252.0,944.0,948.0,708.0,210.0,948.0,168.0,708.0,948.0,892.0,892.0,892.0,892.0
148,98.0,168.0,672.0,440.0,800.0,672.0,800.0,756.0,336.0,440.0,210.0,920.0,800.0,210.0,528.0,920.0,210.0,756.0,756.0,756.0,756.0
149,258.0,714.0,662.0,920.0,802.0,662.0,920.0,984.0,126.0,920.0,674.0,844.0,802.0,674.0,578.0,844.0,674.0,984.0,984.0,984.0,984.0
150,126.0,482.0,210.0,728.0,758.0,210.0,802.0,210.0,168.0,728.0,420.0,546.0,758.0,420.0,224.0,546.0,420.0,210.0,210.0,210.0,210.0
151,126.0,766.0,630.0,892.0,672.0,630.0,758.0,588.0,168.0,892.0,802.0,224.0,672.0,802.0,588.0,224.0,802.0,588.0,588.0,588.0,588.0
152,326.0,336.0,728.0,756.0,920.0,728.0,672.0,462.0,404.0,756.0,758.0,984.0,920.0,758.0,662.0,984.0,758.0,462.0,462.0,462.0,462.0
153,90.0,532.0,970.0,984.0,984.0,970.0,984.0,308.0,336.0,984.0,672.0,210.0,984.0,672.0,294.0,210.0,672.0,308.0,308.0,308.0,308.0
154,168.0,1000.0,800.0,210.0,210.0,800.0,210.0,420.0,294.0,210.0,662.0,588.0,210.0,662.0,420.0,588.0,662.0,420.0,420.0,420.0,420.0
155,270.0,676.0,800.0,630.0,630.0,800.0,266.0,788.0,360.0,630.0,210.0,756.0,630.0,210.0,564.0,756.0,210.0,788.0,788.0,788.0,788.0
156,168.0,434.0,920.0,728.0,308.0,920.0,378.0,758.0,642.0,308.0,630.0,434.0,308.0,630.0,336.0,434.0,630.0,758.0,758.0,758.0,758.0
157,362.0,934.0,984.0,970.0,970.0,984.0,728.0,856.0,410.0,970.0,308.0,788.0,970.0,308.0,326.0,788.0,308.0,856.0,856.0,856.0,856.0
158,312.0,686.0,168.0,800.0,532.0,168.0,992.0,920.0,252.0,532.0,970.0,758.0,532.0,970.0,920.0,758.0,970.0,920.0,920.0,920.0,920.0
159,308.0,168.0,560.0,800.0,800.0,560.0,558.0,732.0,168.0,800.0,532.0,856.0,800.0,532.0,168.0,856.0,532.0,732.0,732.0,732.0,732.0
160,210.0,210.0,168.0,920.0,800.0,168.0,946.0,224.0,210.0,800.0,800.0,920.0,800.0,800.0,480.0,920.0,800.0,224.0,224.0,224.0,224.0
161,362.0,800.0,630.0,984.0,920.0,630.0,986.0,210.0,350.0,920.0,800.0,732.0,920.0,800.0,336.0,732.0,800.0,210.0,210.0,210.0,210.0
162,460.0,920.0,996.0,224.0,872.0,996.0,978.0,560.0,410.0,872.0,920.0,224.0,872.0,920.0,476.0,224.0,920.0,560.0,560.0,560.0,560.0
163,404.0,760.0,878.0,210.0,168.0,878.0,224.0,406.0,210.0,224.0,872.0,210.0,168.0,872.0,224.0,210.0,872.0,406.0,406.0,406.0,406.0
164,168.0,758.0,336.0,560.0,560.0,336.0,168.0,906.0,168.0,210.0,434.0,560.0,560.0,434.0,420.0,560.0,434.0,906.0,906.0,906.0,906.0
165,336.0,672.0,718.0,406.0,168.0,718.0,728.0,618.0,168.0,560.0,168.0,406.0,168.0,168.0,584.0,406.0,168.0,618.0,618.0,618.0,618.0
166,126.0,504.0,692.0,588.0,630.0,692.0,588.0,588.0,252.0,406.0,294.0,906.0,630.0,294.0,672.0,906.0,294.0,588.0,588.0,588.0,588.0
167,168.0,564.0,896.0,906.0,996.0,896.0,996.0,674.0,308.0,588.0,630.0,618.0,996.0,630.0,582.0,618.0,630.0,674.0,674.0,674.0,674.0
168,42.0,210.0,378.0,618.0,878.0,378.0,696.0,970.0,180.0,906.0,996.0,886.0,878.0,996.0,378.0,886.0,996.0,970.0,970.0,970.0,970.0
169,210.0,266.0,934.0,886.0,336.0,934.0,336.0,886.0,336.0,618.0,878.0,588.0,336.0,878.0,676.0,588.0,878.0,886.0,886.0,886.0,886.0
170,84.0,546.0,630.0,674.0,718.0,630.0,718.0,168.0,216.0,886.0,336.0,674.0,718.0,336.0,738.0,674.0,336.0,168.0,168.0,168.0,168.0
171,168.0,462.0,440.0,970.0,692.0,440.0,692.0,210.0,294.0,674.0,718.0,970.0,692.0,718.0,308.0,970.0,718.0,210.0,210.0,210.0,210.0
172,210.0,308.0,966.0,168.0,896.0,966.0,896.0,934.0,336.0,970.0,692.0,168.0,896.0,692.0,458.0,168.0,692.0,934.0,934.0,934.0,934.0
173,180.0,420.0,802.0,210.0,210.0,802.0,168.0,630.0,230.0,168.0,896.0,210.0,210.0,896.0,168.0,210.0,896.0,630.0,630.0,630.0,630.0
174,258.0,746.0,892.0,934.0,752.0,892.0,626.0,440.0,342.0,210.0,168.0,934.0,752.0,168.0,182.0,934.0,168.0,440.0,440.0,440.0,440.0
175,270.0,746.0,1000.0,630.0,630.0,1000.0,210.0,658.0,396.0,934.0,210.0,630.0,630.0,210.0,714.0,630.0,210.0,658.0,658.0,658.0,658.0
176,126.0,728.0,210.0,440.0,440.0,210.0,714.0,802.0,224.0,630.0,934.0,440.0,440.0,934.0,252.0,440.0,934.0,802.0,802.0,802.0,802.0
177,270.0,920.0,504.0,658.0,970.0,504.0,658.0,308.0,422.0,440.0,630.0,658.0,970.0,630.0,498.0,658.0,630.0,308.0,308.0,308.0,308.0
178,182.0,690.0,764.0,802.0,434.0,764.0,760.0,892.0,360.0,658.0,440.0,802.0,434.0,440.0,336.0,802.0,440.0,892.0,892.0,892.0,892.0
179,326.0,224.0,966.0,308.0,892.0,966.0,308.0,1000.0,462.0,802.0,658.0,308.0,892.0,658.0,294.0,308.0,658.0,1000.0,1000.0,1000.0,1000.0
180,174.0,880.0,920.0,892.0,714.0,920.0,806.0,728.0,410.0,308.0,802.0,892.0,714.0,802.0,864.0,892.0,802.0,728.0,728.0,728.0,728.0
181,282.0,168.0,788.0,1000.0,1000.0,788.0,906.0,210.0,252.0,892.0,308.0,1000.0,1000.0,308.0,676.0,1000.0,308.0,210.0,210.0,210.0,210.0
182,210.0,560.0,970.0,210.0,210.0,970.0,886.0,504.0,168.0,1000.0,892.0,210.0,210.0,892.0,560.0,210.0,892.0,504.0,504.0,504.0,504.0
183,362.0,238.0,920.0,504.0,504.0,920.0,168.0,722.0,126.0,210.0,1000.0,504.0,504.0,1000.0,434.0,504.0,1000.0,722.0,722.0,722.0,722.0
184,126.0,210.0,210.0,722.0,722.0,210.0,504.0,920.0,336.0,504.0,210.0,308.0,722.0,210.0,606.0,308.0,210.0,920.0,920.0,920.0,920.0
185,350.0,864.0,560.0,532.0,966.0,560.0,680.0,864.0,264.0,722.0,504.0,722.0,966.0,504.0,168.0,722.0,504.0,864.0,864.0,864.0,864.0
186,98.0,618.0,840.0,920.0,920.0,840.0,760.0,704.0,210.0,532.0,806.0,658.0,920.0,806.0,210.0,658.0,806.0,704.0,704.0,704.0,704.0
187,90.0,588.0,168.0,864.0,864.0,168.0,798.0,970.0,396.0,920.0,920.0,920.0,864.0,920.0,224.0,920.0,920.0,970.0,970.0,970.0,970.0
188,126.0,806.0,588.0,886.0,886.0,588.0,392.0,420.0,464.0,864.0,984.0,864.0,886.0,984.0,308.0,864.0,984.0,420.0,420.0,420.0,420.0
189,360.0,886.0,224.0,970.0,970.0,224.0,920.0,840.0,168.0,886.0,970.0,886.0,970.0,970.0,878.0,886.0,970.0,840.0,840.0,840.0,840.0
190,336.0,168.0,714.0,434.0,854.0,714.0,606.0,252.0,210.0,970.0,920.0,970.0,854.0,920.0,420.0,970.0,920.0,252.0,252.0,252.0,252.0
191,326.0,626.0,950.0,840.0,800.0,950.0,294.0,168.0,404.0,434.0,728.0,840.0,800.0,728.0,708.0,840.0,728.0,168.0,168.0,168.0,168.0
192,126.0,210.0,928.0,252.0,630.0,928.0,920.0,672.0,308.0,840.0,210.0,252.0,630.0,210.0,920.0,252.0,210.0,672.0,672.0,672.0,672.0
193,168.0,588.0,860.0,168.0,378.0,860.0,924.0,482.0,174.0,252.0,560.0,168.0,378.0,560.0,634.0,168.0,560.0,482.0,482.0,482.0,482.0
194,266.0,658.0,210.0,672.0,718.0,210.0,252.0,872.0,308.0,168.0,840.0,672.0,718.0,840.0,546.0,672.0,840.0,872.0,872.0,872.0,872.0
195,98.0,760.0,630.0,482.0,660.0,630.0,168.0,860.0,168.0,672.0,168.0,482.0,660.0,168.0,462.0,482.0,168.0,860.0,860.0,860.0,860.0
196,42.0,308.0,882.0,872.0,758.0,882.0,980.0,976.0,294.0,482.0,588.0,872.0,758.0,588.0,564.0,872.0,588.0,976.0,976.0,976.0,976.0
197,210.0,708.0,884.0,860.0,420.0,884.0,956.0,920.0,182.0,872.0,224.0,860.0,420.0,224.0,168.0,860.0,224.0,920.0,920.0,920.0,920.0
198,174.0,224.0,788.0,976.0,824.0,788.0,986.0,168.0,460.0,860.0,714.0,976.0,824.0,714.0,224.0,976.0,714.0,168.0,168.0,168.0,168.0
199,182.0,906.0,710.0,920.0,210.0,710.0,782.0,630.0,404.0,976.0,950.0,920.0,210.0,950.0,546.0,920.0,950.0,630.0,630.0,630.0,630.0
200,396.0,886.0,620.0,168.0,630.0,620.0,994.0,864.0,336.0,920.0,928.0,210.0,630.0,928.0,420.0,210.0,928.0,864.0,864.0,864.0,864.0
201,126.0,210.0,494.0,630.0,532.0,494.0,210.0,168.0,404.0,168.0,860.0,630.0,532.0,860.0,336.0,630.0,860.0,168.0,168.0,168.0,168.0
202,308.0,504.0,824.0,738.0,788.0,824.0,588.0,728.0,308.0,630.0,168.0,738.0,788.0,168.0,308.0,738.0,168.0,728.0,728.0,728.0,728.0
203,126.0,308.0,210.0,168.0,962.0,210.0,462.0,420.0,168.0,738.0,588.0,504.0,962.0,588.0,502.0,504.0,588.0,420.0,420.0,420.0,420.0
204,336.0,722.0,588.0,812.0,842.0,588.0,830.0,578.0,126.0,168.0,168.0,788.0,842.0,168.0,420.0,788.0,168.0,578.0,578.0,578.0,578.0
205,84.0,420.0,638.0,662.0,814.0,638.0,660.0,710.0,182.0,812.0,900.0,908.0,814.0,900.0,258.0,908.0,900.0,710.0,710.0,710.0,710.0
206,126.0,920.0,882.0,908.0,308.0,882.0,950.0,578.0,210.0,662.0,704.0,710.0,308.0,704.0,576.0,710.0,704.0,578.0,578.0,578.0,578.0
207,168.0,864.0,872.0,710.0,956.0,872.0,224.0,494.0,462.0,908.0,920.0,668.0,956.0,920.0,800.0,668.0,920.0,494.0,494.0,494.0,494.0
208,404.0,704.0,668.0,668.0,168.0,668.0,988.0,704.0,222.0,710.0,528.0,578.0,168.0,528.0,920.0,578.0,528.0,704.0,704.0,704.0,704.0
209,336.0,970.0,482.0,578.0,588.0,482.0,822.0,168.0,420.0,668.0,224.0,308.0,588.0,224.0,564.0,308.0,224.0,168.0,168.0,168.0,168.0
210,168.0,420.0,864.0,168.0,560.0,864.0,308.0,760.0,336.0,578.0,620.0,210.0,560.0,620.0,224.0,210.0,620.0,760.0,760.0,760.0,760.0
211,180.0,420.0,838.0,760.0,886.0,838.0,210.0,752.0,174.0,168.0,494.0,728.0,886.0,494.0,880.0,728.0,494.0,752.0,752.0,752.0,752.0
212,294.0,252.0,210.0,752.0,980.0,210.0,588.0,210.0,294.0,588.0,728.0,928.0,980.0,728.0,168.0,928.0,728.0,210.0,210.0,210.0,210.0
213,270.0,308.0,872.0,210.0,210.0,872.0,928.0,840.0,168.0,760.0,210.0,752.0,210.0,210.0,560.0,752.0,210.0,840.0,840.0,840.0,840.0
214,418.0,168.0,560.0,840.0,708.0,560.0,842.0,960.0,410.0,752.0,588.0,960.0,708.0,588.0,238.0,960.0,588.0,960.0,960.0,960.0,960.0
215,410.0,588.0,986.0,960.0,728.0,986.0,770.0,560.0,360.0,210.0,638.0,560.0,728.0,638.0,864.0,560.0,638.0,560.0,560.0,560.0,560.0
216,210.0,392.0,630.0,560.0,224.0,630.0,708.0,920.0,506.0,840.0,882.0,920.0,224.0,882.0,618.0,920.0,882.0,920.0,920.0,920.0,920.0
217,90.0,564.0,952.0,920.0,990.0,952.0,894.0,872.0,350.0,708.0,872.0,984.0,990.0,872.0,588.0,984.0,872.0,872.0,872.0,872.0,872.0
218,180.0,666.0,912.0,872.0,210.0,912.0,224.0,210.0,210.0,224.0,668.0,210.0,210.0,668.0,806.0,210.0,668.0,210.0,210.0,210.0,210.0
219,168.0,462.0,920.0,210.0,788.0,920.0,878.0,252.0,396.0,920.0,482.0,308.0,788.0,482.0,336.0,308.0,482.0,252.0,252.0,252.0,252.0
220,210.0,626.0,168.0,308.0,434.0,168.0,210.0,630.0,336.0,872.0,864.0,588.0,434.0,864.0,760.0,588.0,864.0,630.0,630.0,630.0,630.0
221,98.0,676.0,560.0,630.0,630.0,560.0,658.0,476.0,224.0,210.0,838.0,224.0,630.0,838.0,168.0,224.0,838.0,476.0,476.0,476.0,476.0
222,42.0,920.0,294.0,970.0,694.0,294.0,788.0,886.0,168.0,308.0,210.0,970.0,694.0,210.0,752.0,970.0,210.0,886.0,886.0,886.0,886.0
223,350.0,210.0,980.0,812.0,906.0,980.0,308.0,806.0,336.0,630.0,872.0,812.0,906.0,872.0,210.0,812.0,872.0,806.0,806.0,806.0,806.0
224,410.0,588.0,630.0,864.0,920.0,630.0,630.0,878.0,362.0,970.0,308.0,864.0,920.0,308.0,704.0,864.0,308.0,878.0,878.0,878.0,878.0
225,168.0,864.0,860.0,462.0,714.0,860.0,694.0,420.0,210.0,812.0,630.0,462.0,714.0,630.0,546.0,462.0,630.0,420.0,420.0,420.0,420.0
226,210.0,420.0,836.0,878.0,746.0,836.0,906.0,920.0,360.0,864.0,826.0,696.0,746.0,826.0,420.0,696.0,826.0,920.0,920.0,920.0,920.0
227,84.0,420.0,812.0,908.0,168.0,812.0,920.0,564.0,336.0,462.0,864.0,908.0,168.0,864.0,676.0,908.0,864.0,564.0,564.0,564.0,564.0
228,126.0,704.0,902.0,168.0,434.0,902.0,928.0,168.0,168.0,878.0,462.0,168.0,434.0,462.0,308.0,168.0,462.0,168.0,168.0,168.0,168.0
229,126.0,528.0,532.0,434.0,662.0,532.0,168.0,434.0,284.0,908.0,920.0,434.0,662.0,920.0,708.0,434.0,920.0,434.0,434.0,434.0,434.0
230,182.0,224.0,168.0,210.0,210.0,168.0,856.0,224.0,210.0,168.0,950.0,224.0,210.0,950.0,420.0,224.0,950.0,224.0,224.0,224.0,224.0
231,326.0,578.0,758.0,620.0,532.0,758.0,168.0,252.0,216.0,434.0,168.0,210.0,532.0,168.0,224.0,210.0,168.0,252.0,252.0,252.0,252.0
232,180.0,494.0,126.0,364.0,326.0,126.0,662.0,364.0,362.0,210.0,210.0,620.0,326.0,210.0,906.0,620.0,210.0,364.0,364.0,364.0,364.0
233,180.0,308.0,308.0,588.0,704.0,308.0,966.0,588.0,420.0,620.0,620.0,364.0,704.0,620.0,728.0,364.0,620.0,588.0,588.0,588.0,588.0
234,336.0,704.0,630.0,836.0,630.0,630.0,588.0,738.0,230.0,364.0,966.0,546.0,630.0,966.0,168.0,546.0,966.0,738.0,738.0,738.0,738.0
235,216.0,168.0,920.0,952.0,710.0,920.0,920.0,784.0,354.0,588.0,546.0,654.0,710.0,546.0,504.0,654.0,546.0,784.0,784.0,784.0,784.0
236,294.0,588.0,800.0,958.0,746.0,800.0,702.0,706.0,356.0,836.0,444.0,952.0,746.0,444.0,722.0,952.0,444.0,706.0,706.0,706.0,706.0
237,168.0,308.0,886.0,912.0,920.0,886.0,182.0,872.0,460.0,952.0,434.0,958.0,920.0,434.0,738.0,958.0,434.0,872.0,872.0,872.0,872.0
238,336.0,760.0,914.0,210.0,574.0,914.0,830.0,912.0,210.0,958.0,820.0,912.0,574.0,820.0,864.0,912.0,820.0,912.0,912.0,912.0,912.0
239,104.0,752.0,210.0,674.0,168.0,210.0,420.0,210.0,468.0,912.0,920.0,210.0,168.0,920.0,704.0,210.0,920.0,210.0,210.0,210.0,210.0
240,258.0,210.0,420.0,434.0,982.0,420.0,168.0,906.0,308.0,210.0,914.0,800.0,982.0,914.0,336.0,800.0,914.0,906.0,906.0,906.0,906.0
241,396.0,420.0,546.0,532.0,758.0,546.0,800.0,674.0,174.0,674.0,420.0,434.0,758.0,420.0,676.0,434.0,420.0,674.0,674.0,674.0,674.0
242,126.0,708.0,308.0,630.0,126.0,308.0,126.0,434.0,126.0,434.0,210.0,532.0,126.0,210.0,182.0,532.0,210.0,434.0,434.0,434.0,434.0
243,360.0,420.0,788.0,800.0,726.0,788.0,420.0,532.0,168.0,532.0,800.0,630.0,726.0,800.0,420.0,630.0,800.0,532.0,532.0,532.0,532.0
244,282.0,224.0,224.0,970.0,308.0,224.0,726.0,630.0,360.0,630.0,420.0,800.0,308.0,420.0,420.0,800.0,420.0,630.0,630.0,630.0,630.0
245,126.0,920.0,654.0,948.0,630.0,654.0,308.0,800.0,404.0,800.0,308.0,970.0,630.0,308.0,252.0,970.0,308.0,800.0,800.0,800.0,800.0
246,410.0,564.0,462.0,844.0,800.0,462.0,588.0,970.0,224.0,970.0,714.0,878.0,800.0,714.0,308.0,878.0,714.0,970.0,970.0,970.0,970.0
247,126.0,210.0,864.0,210.0,970.0,864.0,618.0,886.0,336.0,948.0,758.0,788.0,970.0,758.0,168.0,788.0,758.0,886.0,886.0,886.0,886.0
248,168.0,308.0,736.0,728.0,168.0,736.0,224.0,210.0,410.0,844.0,928.0,210.0,168.0,928.0,546.0,210.0,928.0,210.0,210.0,210.0,210.0
249,126.0,588.0,830.0,588.0,866.0,830.0,886.0,728.0,210.0,210.0,878.0,770.0,866.0,878.0,210.0,770.0,878.0,728.0,728.0,728.0,728.0
250,168.0,224.0,210.0,962.0,630.0,210.0,758.0,588.0,168.0,728.0,606.0,734.0,630.0,606.0,224.0,734.0,606.0,588.0,588.0,588.0,588.0
251,84.0,970.0,800.0,788.0,560.0,800.0,168.0,962.0,252.0,588.0,210.0,588.0,560.0,210.0,564.0,588.0,210.0,962.0,962.0,962.0,962.0
252,336.0,812.0,588.0,836.0,432.0,588.0,420.0,788.0,308.0,962.0,420.0,552.0,432.0,420.0,666.0,552.0,420.0,788.0,788.0,788.0,788.0
253,180.0,864.0,224.0,462.0,898.0,224.0,588.0,836.0,168.0,788.0,588.0,836.0,898.0,588.0,462.0,836.0,588.0,836.0,836.0,836.0,836.0
254,42.0,462.0,532.0,732.0,926.0,532.0,126.0,462.0,294.0,836.0,308.0,822.0,926.0,308.0,626.0,822.0,308.0,462.0,462.0,462.0,462.0
255,98.0,696.0,970.0,736.0,686.0,970.0,920.0,732.0,326.0,462.0,788.0,796.0,686.0,788.0,676.0,796.0,788.0,732.0,732.0,732.0,732.0
256,180.0,908.0,618.0,168.0,876.0,618.0,308.0,736.0,252.0,732.0,836.0,734.0,876.0,836.0,920.0,734.0,836.0,736.0,736.0,736.0,736.0
257,210.0,168.0,920.0,686.0,210.0,920.0,710.0,210.0,494.0,736.0,462.0,210.0,210.0,462.0,168.0,210.0,462.0,210.0,210.0,210.0,210.0
258,396.0,434.0,434.0,504.0,806.0,434.0,224.0,896.0,552.0,168.0,864.0,680.0,806.0,864.0,588.0,680.0,864.0,896.0,896.0,896.0,896.0
259,180.0,224.0,746.0,696.0,504.0,746.0,462.0,504.0,480.0,686.0,736.0,504.0,504.0,736.0,864.0,504.0,736.0,504.0,504.0,504.0,504.0
260,326.0,210.0,168.0,224.0,920.0,168.0,606.0,696.0,336.0,504.0,830.0,696.0,920.0,830.0,168.0,696.0,830.0,696.0,696.0,696.0,696.0
261,126.0,342.0,462.0,882.0,532.0,462.0,708.0,224.0,168.0,696.0,210.0,224.0,532.0,210.0,420.0,224.0,210.0,224.0,224.0,224.0,224.0
262,210.0,364.0,504.0,922.0,970.0,504.0,802.0,878.0,522.0,224.0,806.0,658.0,970.0,806.0,420.0,658.0,806.0,878.0,878.0,878.0,878.0
263,404.0,546.0,210.0,378.0,920.0,210.0,210.0,882.0,210.0,882.0,504.0,308.0,920.0,504.0,578.0,308.0,504.0,882.0,882.0,882.0,882.0
264,182.0,654.0,308.0,718.0,434.0,308.0,806.0,970.0,224.0,922.0,696.0,970.0,434.0,696.0,528.0,970.0,696.0,970.0,970.0,970.0,970.0
265,174.0,784.0,962.0,864.0,746.0,962.0,504.0,782.0,216.0,378.0,224.0,948.0,746.0,224.0,224.0,948.0,224.0,782.0,782.0,782.0,782.0
266,350.0,706.0,950.0,168.0,168.0,950.0,696.0,210.0,326.0,718.0,532.0,844.0,168.0,532.0,578.0,844.0,532.0,210.0,210.0,210.0,210.0
267,168.0,698.0,854.0,800.0,462.0,854.0,224.0,800.0,126.0,864.0,970.0,168.0,462.0,970.0,494.0,168.0,970.0,800.0,800.0,800.0,800.0
268,294.0,912.0,906.0,532.0,504.0,906.0,756.0,420.0,336.0,168.0,920.0,800.0,504.0,920.0,308.0,800.0,920.0,420.0,420.0,420.0,420.0
269,282.0,210.0,718.0,630.0,210.0,718.0,928.0,630.0,420.0,800.0,434.0,532.0,210.0,434.0,704.0,532.0,434.0,630.0,630.0,630.0,630.0
270,126.0,906.0,210.0,210.0,308.0,210.0,392.0,308.0,410.0,532.0,746.0,630.0,308.0,746.0,168.0,630.0,746.0,308.0,308.0,308.0,308.0
271,360.0,674.0,728.0,308.0,962.0,728.0,920.0,920.0,168.0,630.0,168.0,210.0,962.0,168.0,760.0,210.0,168.0,920.0,920.0,920.0,920.0
272,336.0,434.0,378.0,920.0,950.0,378.0,606.0,800.0,360.0,210.0,462.0,308.0,950.0,462.0,752.0,308.0,462.0,800.0,800.0,800.0,800.0
273,404.0,532.0,732.0,800.0,854.0,732.0,168.0,970.0,252.0,308.0,504.0,920.0,854.0,504.0,210.0,920.0,504.0,970.0,970.0,970.0,970.0
274,126.0,588.0,588.0,802.0,906.0,588.0,504.0,420.0,362.0,920.0,210.0,800.0,906.0,210.0,420.0,800.0,210.0,420.0,420.0,420.0,420.0
275,168.0,618.0,758.0,872.0,718.0,758.0,210.0,564.0,494.0,800.0,308.0,802.0,718.0,308.0,672.0,802.0,308.0,564.0,564.0,564.0,564.0
276,84.0,224.0,904.0,168.0,210.0,904.0,434.0,168.0,252.0,802.0,962.0,872.0,210.0,962.0,624.0,872.0,962.0,168.0,168.0,168.0,168.0
277,210.0,970.0,782.0,936.0,936.0,782.0,962.0,920.0,552.0,872.0,950.0,168.0,936.0,950.0,420.0,168.0,950.0,920.0,920.0,920.0,920.0
278,182.0,886.0,962.0,126.0,970.0,962.0,764.0,936.0,308.0,168.0,854.0,936.0,970.0,854.0,224.0,936.0,854.0,936.0,936.0,936.0,936.0
279,42.0,210.0,758.0,844.0,728.0,758.0,718.0,126.0,336.0,936.0,906.0,42.0,728.0,906.0,920.0,42.0,906.0,126.0,126.0,126.0,126.0
280,266.0,462.0,882.0,728.0,588.0,882.0,714.0,886.0,410.0,126.0,718.0,676.0,588.0,718.0,308.0,676.0,718.0,886.0,886.0,886.0,886.0
281,138.0,734.0,168.0,708.0,618.0,168.0,906.0,728.0,168.0,844.0,210.0,728.0,618.0,210.0,564.0,728.0,210.0,728.0,728.0,728.0,728.0
282,126.0,546.0,168.0,588.0,890.0,168.0,662.0,504.0,336.0,728.0,728.0,630.0,890.0,728.0,168.0,630.0,728.0,504.0,504.0,504.0,504.0
283,126.0,308.0,844.0,842.0,224.0,844.0,210.0,896.0,126.0,708.0,378.0,800.0,224.0,378.0,252.0,800.0,378.0,896.0,896.0,896.0,896.0
284,168.0,552.0,42.0,224.0,878.0,42.0,420.0,878.0,182.0,588.0,732.0,294.0,878.0,732.0,588.0,294.0,732.0,878.0,878.0,878.0,878.0
285,180.0,654.0,864.0,878.0,660.0,864.0,970.0,462.0,336.0,842.0,546.0,890.0,660.0,546.0,476.0,890.0,546.0,462.0,462.0,462.0,462.0
286,336.0,224.0,928.0,932.0,420.0,928.0,728.0,210.0,252.0,224.0,576.0,878.0,420.0,576.0,224.0,878.0,576.0,210.0,210.0,210.0,210.0
287,174.0,822.0,674.0,462.0,210.0,674.0,630.0,886.0,216.0,878.0,904.0,758.0,210.0,904.0,592.0,758.0,904.0,886.0,886.0,886.0,886.0
288,98.0,796.0,714.0,168.0,928.0,714.0,800.0,822.0,326.0,932.0,224.0,462.0,928.0,224.0,806.0,462.0,224.0,822.0,822.0,822.0,822.0
289,294.0,734.0,420.0,844.0,308.0,420.0,800.0,308.0,252.0,462.0,782.0,168.0,308.0,782.0,336.0,168.0,782.0,308.0,308.0,308.0,308.0
290,126.0,168.0,210.0,126.0,588.0,210.0,920.0,986.0,168.0,168.0,962.0,844.0,588.0,962.0,696.0,844.0,962.0,986.0,986.0,986.0,986.0
291,168.0,590.0,308.0,822.0,182.0,308.0,564.0,836.0,168.0,844.0,800.0,126.0,182.0,800.0,420.0,126.0,800.0,836.0,836.0,836.0,836.0
292,362.0,504.0,462.0,308.0,504.0,462.0,210.0,734.0,308.0,126.0,574.0,308.0,504.0,574.0,920.0,308.0,574.0,734.0,734.0,734.0,734.0
293,180.0,612.0,704.0,932.0,660.0,704.0,308.0,798.0,360.0,822.0,168.0,894.0,660.0,168.0,564.0,894.0,168.0,798.0,798.0,798.0,798.0
294,374.0,224.0,504.0,734.0,758.0,504.0,778.0,210.0,252.0,308.0,308.0,944.0,758.0,308.0,168.0,944.0,308.0,210.0,210.0,210.0,210.0
295,308.0,574.0,782.0,714.0,824.0,782.0,830.0,434.0,362.0,932.0,970.0,824.0,824.0,970.0,434.0,824.0,970.0,434.0,434.0,434.0,434.0
296,210.0,308.0,866.0,210.0,812.0,866.0,462.0,956.0,252.0,734.0,126.0,714.0,812.0,126.0,224.0,714.0,126.0,956.0,956.0,956.0,956.0
297,418.0,922.0,940.0,560.0,168.0,940.0,658.0,936.0,494.0,714.0,864.0,210.0,168.0,864.0,168.0,210.0,864.0,936.0,936.0,936.0,936.0
298,132.0,426.0,846.0,978.0,504.0,846.0,962.0,840.0,552.0,532.0,630.0,434.0,504.0,630.0,662.0,434.0,630.0,840.0,840.0,840.0,840.0
299,306.0,850.0,210.0,596.0,210.0,210.0,878.0,864.0,522.0,210.0,928.0,956.0,210.0,928.0,294.0,956.0,928.0,864.0,864.0,864.0,864.0
300,336.0,864.0,588.0,956.0,942.0,588.0,956.0,350.0,168.0,308.0,674.0,862.0,942.0,674.0,588.0,862.0,674.0,350.0,350.0,350.0,350.0
301,126.0,210.0,800.0,350.0,976.0,800.0,532.0,764.0,174.0,504.0,420.0,756.0,976.0,420.0,738.0,756.0,420.0,764.0,764.0,764.0,764.0
302,182.0,800.0,728.0,764.0,740.0,728.0,168.0,688.0,126.0,696.0,210.0,864.0,740.0,210.0,704.0,864.0,210.0,688.0,688.0,688.0,688.0
303,168.0,420.0,758.0,720.0,872.0,758.0,308.0,728.0,336.0,970.0,308.0,350.0,872.0,308.0,420.0,350.0,308.0,728.0,728.0,728.0,728.0
304,362.0,588.0,768.0,908.0,818.0,768.0,504.0,210.0,308.0,224.0,462.0,920.0,818.0,462.0,694.0,920.0,462.0,210.0,210.0,210.0,210.0
305,210.0,308.0,758.0,770.0,854.0,758.0,210.0,588.0,326.0,806.0,704.0,690.0,854.0,704.0,948.0,690.0,704.0,588.0,588.0,588.0,588.0
306,270.0,920.0,462.0,168.0,844.0,462.0,696.0,462.0,336.0,920.0,504.0,168.0,844.0,504.0,168.0,168.0,504.0,462.0,462.0,462.0,462.0
307,336.0,618.0,970.0,210.0,294.0,970.0,802.0,808.0,410.0,872.0,782.0,210.0,294.0,782.0,906.0,210.0,782.0,808.0,808.0,808.0,808.0
308,308.0,224.0,168.0,630.0,714.0,168.0,224.0,524.0,210.0,770.0,866.0,806.0,714.0,866.0,674.0,806.0,866.0,524.0,524.0,524.0,524.0
309,84.0,970.0,854.0,940.0,878.0,854.0,806.0,970.0,420.0,168.0,940.0,714.0,878.0,940.0,420.0,714.0,940.0,970.0,970.0,970.0,970.0
310,126.0,420.0,308.0,524.0,692.0,308.0,920.0,958.0,210.0,210.0,846.0,968.0,692.0,846.0,434.0,968.0,846.0,958.0,958.0,958.0,958.0
311,42.0,564.0,440.0,970.0,996.0,440.0,872.0,794.0,404.0,630.0,210.0,728.0,996.0,210.0,294.0,728.0,210.0,794.0,794.0,794.0,794.0
312,284.0,210.0,420.0,992.0,770.0,420.0,168.0,168.0,294.0,940.0,588.0,886.0,770.0,588.0,588.0,886.0,588.0,168.0,168.0,168.0,168.0
313,210.0,936.0,962.0,838.0,210.0,962.0,844.0,794.0,360.0,524.0,800.0,608.0,210.0,800.0,336.0,608.0,800.0,794.0,794.0,794.0,794.0
314,216.0,928.0,836.0,168.0,962.0,836.0,252.0,550.0,168.0,970.0,728.0,954.0,962.0,728.0,182.0,954.0,728.0,550.0,550.0,550.0,550.0
315,126.0,728.0,462.0,794.0,844.0,462.0,504.0,294.0,224.0,992.0,726.0,168.0,844.0,726.0,660.0,168.0,726.0,294.0,294.0,294.0,294.0
316,126.0,708.0,902.0,308.0,308.0,902.0,840.0,728.0,308.0,838.0,758.0,794.0,308.0,758.0,676.0,794.0,758.0,728.0,728.0,728.0,728.0
317,362.0,588.0,690.0,440.0,420.0,690.0,976.0,948.0,460.0,168.0,462.0,550.0,420.0,462.0,704.0,550.0,462.0,948.0,948.0,948.0,948.0
318,168.0,842.0,210.0,420.0,504.0,210.0,976.0,722.0,404.0,794.0,970.0,308.0,504.0,970.0,168.0,308.0,970.0,722.0,722.0,722.0,722.0
319,258.0,224.0,728.0,948.0,864.0,728.0,524.0,462.0,396.0,308.0,800.0,294.0,864.0,800.0,420.0,294.0,800.0,462.0,462.0,462.0,462.0
320,104.0,878.0,970.0,862.0,764.0,970.0,958.0,662.0,168.0,440.0,210.0,420.0,764.0,210.0,546.0,420.0,210.0,662.0,662.0,662.0,662.0
321,168.0,462.0,630.0,462.0,662.0,630.0,168.0,714.0,224.0,420.0,672.0,948.0,662.0,672.0,962.0,948.0,672.0,714.0,714.0,714.0,714.0
322,312.0,210.0,984.0,836.0,504.0,984.0,794.0,210.0,336.0,948.0,794.0,722.0,504.0,794.0,294.0,722.0,794.0,210.0,210.0,210.0,210.0
323,98.0,886.0,800.0,804.0,962.0,800.0,550.0,224.0,210.0,862.0,844.0,462.0,962.0,844.0,258.0,462.0,844.0,224.0,224.0,224.0,224.0
324,460.0,224.0,800.0,210.0,210.0,800.0,294.0,434.0,42.0,462.0,308.0,662.0,210.0,308.0,224.0,662.0,308.0,434.0,434.0,434.0,434.0
325,210.0,308.0,920.0,728.0,476.0,920.0,728.0,970.0,308.0,836.0,420.0,714.0,476.0,420.0,654.0,714.0,420.0,970.0,970.0,970.0,970.0
326,300.0,846.0,168.0,266.0,224.0,168.0,806.0,588.0,404.0,804.0,962.0,210.0,224.0,962.0,462.0,210.0,962.0,588.0,588.0,588.0,588.0
327,90.0,794.0,252.0,942.0,252.0,252.0,660.0,564.0,210.0,210.0,806.0,728.0,252.0,806.0,606.0,728.0,806.0,564.0,564.0,564.0,564.0
328,336.0,692.0,398.0,588.0,970.0,398.0,504.0,800.0,420.0,728.0,462.0,224.0,970.0,462.0,418.0,224.0,462.0,800.0,800.0,800.0,800.0
329,168.0,906.0,462.0,752.0,588.0,462.0,824.0,618.0,174.0,266.0,564.0,970.0,588.0,564.0,722.0,970.0,564.0,618.0,618.0,618.0,618.0
330,174.0,714.0,976.0,982.0,984.0,976.0,714.0,920.0,252.0,942.0,210.0,588.0,984.0,210.0,308.0,588.0,210.0,920.0,920.0,920.0,920.0
331,98.0,420.0,728.0,980.0,758.0,728.0,210.0,714.0,326.0,588.0,728.0,662.0,758.0,728.0,168.0,662.0,728.0,714.0,714.0,714.0,714.0
332,84.0,168.0,714.0,594.0,618.0,714.0,728.0,210.0,294.0,752.0,970.0,674.0,618.0,970.0,806.0,674.0,970.0,210.0,210.0,210.0,210.0
333,168.0,308.0,860.0,168.0,210.0,860.0,980.0,392.0,360.0,982.0,630.0,618.0,210.0,630.0,504.0,618.0,630.0,392.0,392.0,392.0,392.0
334,270.0,504.0,920.0,336.0,392.0,920.0,980.0,840.0,372.0,980.0,984.0,420.0,392.0,984.0,696.0,420.0,984.0,840.0,840.0,840.0,840.0
335,42.0,210.0,564.0,308.0,462.0,564.0,976.0,914.0,396.0,594.0,800.0,948.0,462.0,800.0,224.0,948.0,800.0,914.0,914.0,914.0,914.0
336,404.0,812.0,210.0,420.0,728.0,210.0,588.0,708.0,308.0,168.0,800.0,392.0,728.0,800.0,920.0,392.0,800.0,708.0,708.0,708.0,708.0
337,126.0,738.0,920.0,606.0,606.0,920.0,866.0,588.0,410.0,336.0,920.0,294.0,606.0,920.0,294.0,294.0,920.0,588.0,588.0,588.0,588.0
338,336.0,676.0,788.0,750.0,708.0,788.0,714.0,668.0,492.0,308.0,168.0,308.0,708.0,168.0,634.0,308.0,168.0,668.0,668.0,668.0,668.0
339,410.0,224.0,856.0,728.0,588.0,856.0,210.0,844.0,336.0,420.0,252.0,532.0,588.0,252.0,336.0,532.0,252.0,844.0,844.0,844.0,844.0
340,210.0,474.0,728.0,878.0,668.0,728.0,840.0,878.0,224.0,606.0,462.0,914.0,668.0,462.0,462.0,914.0,462.0,878.0,878.0,878.0,878.0
341,126.0,948.0,588.0,550.0,802.0,588.0,914.0,210.0,168.0,750.0,760.0,708.0,802.0,760.0,434.0,708.0,760.0,210.0,210.0,210.0,210.0
342,126.0,560.0,758.0,420.0,878.0,758.0,630.0,510.0,174.0,728.0,308.0,588.0,878.0,308.0,564.0,588.0,308.0,510.0,510.0,510.0,510.0
343,90.0,728.0,462.0,878.0,210.0,462.0,920.0,722.0,308.0,878.0,420.0,668.0,210.0,420.0,168.0,668.0,420.0,722.0,722.0,722.0,722.0
344,308.0,168.0,732.0,210.0,684.0,732.0,800.0,728.0,326.0,550.0,728.0,760.0,684.0,728.0,800.0,760.0,728.0,728.0,728.0,728.0,728.0
345,182.0,210.0,168.0,872.0,992.0,168.0,758.0,996.0,210.0,420.0,702.0,878.0,992.0,702.0,420.0,878.0,702.0,996.0,996.0,996.0,996.0
346,252.0,224.0,864.0,988.0,948.0,864.0,970.0,588.0,168.0,878.0,758.0,210.0,948.0,758.0,588.0,210.0,758.0,588.0,588.0,588.0,588.0
347,180.0,708.0,728.0,832.0,966.0,728.0,210.0,758.0,336.0,210.0,920.0,844.0,966.0,920.0,308.0,844.0,920.0,758.0,758.0,758.0,758.0
348,438.0,588.0,714.0,870.0,546.0,714.0,684.0,838.0,252.0,872.0,564.0,680.0,546.0,564.0,336.0,680.0,564.0,838.0,838.0,838.0,838.0
349,168.0,968.0,844.0,924.0,670.0,844.0,770.0,692.0,126.0,988.0,210.0,948.0,670.0,210.0,920.0,948.0,210.0,692.0,692.0,692.0,692.0
350,326.0,886.0,950.0,588.0,266.0,950.0,546.0,168.0,462.0,832.0,920.0,532.0,266.0,920.0,618.0,532.0,920.0,168.0,168.0,168.0,168.0
351,210.0,608.0,764.0,758.0,760.0,764.0,920.0,864.0,294.0,870.0,800.0,970.0,760.0,800.0,224.0,970.0,800.0,864.0,864.0,864.0,864.0
352,314.0,954.0,336.0,168.0,168.0,336.0,974.0,800.0,308.0,924.0,970.0,504.0,168.0,970.0,676.0,504.0,970.0,800.0,800.0,800.0,800.0
353,370.0,168.0,674.0,864.0,996.0,674.0,938.0,630.0,360.0,588.0,532.0,920.0,996.0,532.0,420.0,920.0,532.0,630.0,630.0,630.0,630.0
354,126.0,794.0,672.0,714.0,886.0,672.0,1000.0,844.0,438.0,758.0,630.0,434.0,886.0,630.0,564.0,434.0,630.0,844.0,844.0,844.0,844.0
355,336.0,550.0,252.0,844.0,420.0,252.0,168.0,950.0,360.0,168.0,800.0,168.0,420.0,800.0,168.0,168.0,800.0,950.0,950.0,950.0,950.0
356,126.0,308.0,854.0,950.0,854.0,854.0,906.0,336.0,210.0,864.0,308.0,864.0,854.0,308.0,42.0,864.0,308.0,336.0,336.0,336.0,336.0
357,168.0,336.0,482.0,764.0,624.0,482.0,532.0,722.0,336.0,714.0,872.0,588.0,624.0,872.0,634.0,588.0,872.0,722.0,722.0,722.0,722.0
358,396.0,420.0,984.0,336.0,336.0,984.0,718.0,728.0,410.0,844.0,168.0,844.0,336.0,168.0,728.0,844.0,168.0,728.0,728.0,728.0,728.0
359,210.0,948.0,962.0,674.0,758.0,962.0,854.0,168.0,168.0,950.0,864.0,950.0,758.0,864.0,294.0,950.0,864.0,168.0,168.0,168.0,168.0
360,104.0,722.0,902.0,728.0,692.0,902.0,624.0,630.0,404.0,764.0,714.0,666.0,692.0,714.0,708.0,666.0,714.0,630.0,630.0,630.0,630.0
361,266.0,420.0,934.0,168.0,308.0,934.0,336.0,560.0,168.0,336.0,844.0,336.0,308.0,844.0,588.0,336.0,844.0,560.0,560.0,560.0,560.0
362,126.0,662.0,210.0,630.0,168.0,210.0,886.0,210.0,410.0,674.0,770.0,224.0,168.0,770.0,752.0,224.0,770.0,210.0,210.0,210.0,210.0
363,42.0,714.0,524.0,210.0,630.0,524.0,584.0,308.0,126.0,728.0,908.0,674.0,630.0,908.0,224.0,674.0,908.0,308.0,308.0,308.0,308.0
364,216.0,210.0,588.0,308.0,210.0,588.0,434.0,572.0,480.0,168.0,764.0,728.0,210.0,764.0,462.0,728.0,764.0,572.0,572.0,572.0,572.0
365,182.0,476.0,906.0,572.0,560.0,906.0,168.0,420.0,336.0,630.0,336.0,168.0,560.0,336.0,920.0,168.0,336.0,420.0,420.0,420.0,420.0
366,84.0,224.0,728.0,658.0,572.0,728.0,588.0,612.0,210.0,210.0,674.0,630.0,572.0,674.0,522.0,630.0,674.0,612.0,612.0,612.0,612.0
367,284.0,788.0,746.0,934.0,738.0,746.0,210.0,858.0,168.0,308.0,168.0,210.0,738.0,168.0,462.0,210.0,168.0,858.0,858.0,858.0,858.0
368,84.0,252.0,462.0,858.0,858.0,462.0,572.0,1000.0,174.0,572.0,672.0,308.0,858.0,672.0,168.0,308.0,672.0,1000.0,1000.0,1000.0,1000.0
369,180.0,588.0,1000.0,704.0,704.0,1000.0,798.0,704.0,464.0,658.0,210.0,572.0,704.0,210.0,592.0,572.0,210.0,704.0,704.0,704.0,704.0
370,126.0,746.0,878.0,1000.0,644.0,878.0,682.0,210.0,552.0,934.0,308.0,658.0,644.0,308.0,224.0,658.0,308.0,210.0,210.0,210.0,210.0
371,252.0,730.0,914.0,210.0,958.0,914.0,930.0,524.0,404.0,858.0,482.0,934.0,958.0,482.0,822.0,934.0,482.0,524.0,524.0,524.0,524.0
372,168.0,660.0,210.0,588.0,336.0,210.0,578.0,630.0,252.0,704.0,658.0,858.0,336.0,658.0,308.0,858.0,658.0,630.0,630.0,630.0,630.0
373,410.0,420.0,840.0,644.0,476.0,840.0,790.0,822.0,308.0,1000.0,746.0,704.0,476.0,746.0,336.0,704.0,746.0,822.0,822.0,822.0,822.0
374,450.0,948.0,482.0,728.0,168.0,482.0,726.0,728.0,336.0,210.0,962.0,1000.0,168.0,962.0,846.0,1000.0,962.0,728.0,728.0,728.0,728.0
375,168.0,308.0,970.0,746.0,524.0,970.0,378.0,462.0,294.0,588.0,902.0,210.0,524.0,902.0,836.0,210.0,902.0,462.0,462.0,462.0,462.0
376,252.0,168.0,944.0,266.0,728.0,944.0,482.0,914.0,222.0,644.0,934.0,524.0,728.0,934.0,734.0,524.0,934.0,914.0,914.0,914.0,914.0
377,414.0,392.0,878.0,956.0,630.0,878.0,854.0,1000.0,168.0,728.0,210.0,630.0,630.0,210.0,714.0,630.0,210.0,1000.0,1000.0,1000.0,1000.0
378,210.0,126.0,804.0,920.0,822.0,804.0,766.0,752.0,252.0,746.0,524.0,822.0,822.0,524.0,420.0,822.0,524.0,752.0,752.0,752.0,752.0
379,98.0,420.0,210.0,984.0,1000.0,210.0,962.0,210.0,224.0,266.0,630.0,728.0,1000.0,630.0,168.0,728.0,630.0,210.0,210.0,210.0,210.0
380,384.0,606.0,420.0,560.0,662.0,420.0,818.0,504.0,494.0,956.0,948.0,462.0,662.0,948.0,308.0,462.0,948.0,504.0,504.0,504.0,504.0
381,180.0,708.0,970.0,210.0,696.0,970.0,984.0,728.0,308.0,920.0,728.0,914.0,696.0,728.0,504.0,914.0,728.0,728.0,728.0,728.0,728.0
382,126.0,588.0,252.0,182.0,704.0,252.0,798.0,928.0,168.0,984.0,788.0,1000.0,704.0,788.0,210.0,1000.0,788.0,928.0,928.0,928.0,928.0
383,336.0,668.0,710.0,504.0,210.0,710.0,872.0,920.0,336.0,560.0,462.0,752.0,210.0,462.0,420.0,752.0,462.0,920.0,920.0,920.0,920.0
384,168.0,760.0,476.0,928.0,182.0,476.0,210.0,462.0,210.0,210.0,1000.0,308.0,182.0,1000.0,696.0,308.0,1000.0,462.0,462.0,462.0,462.0
385,410.0,420.0,588.0,738.0,728.0,588.0,182.0,962.0,336.0,182.0,752.0,210.0,728.0,752.0,802.0,210.0,752.0,962.0,962.0,962.0,962.0
386,168.0,878.0,708.0,630.0,504.0,708.0,728.0,764.0,252.0,504.0,914.0,182.0,504.0,914.0,224.0,182.0,914.0,764.0,764.0,764.0,764.0
387,336.0,210.0,224.0,962.0,928.0,224.0,462.0,564.0,410.0,928.0,210.0,546.0,928.0,210.0,806.0,546.0,210.0,564.0,564.0,564.0,564.0
388,84.0,224.0,758.0,764.0,864.0,758.0,830.0,878.0,126.0,738.0,840.0,420.0,864.0,840.0,920.0,420.0,840.0,878.0,878.0,878.0,878.0
389,336.0,732.0,726.0,564.0,738.0,726.0,864.0,840.0,168.0,630.0,886.0,828.0,738.0,886.0,564.0,828.0,886.0,840.0,840.0,840.0,840.0
390,104.0,788.0,210.0,824.0,462.0,210.0,654.0,210.0,294.0,962.0,764.0,770.0,462.0,764.0,168.0,770.0,764.0,210.0,210.0,210.0,210.0
391,42.0,626.0,912.0,168.0,722.0,912.0,462.0,970.0,174.0,764.0,752.0,962.0,722.0,752.0,224.0,962.0,752.0,970.0,970.0,970.0,970.0
392,210.0,906.0,914.0,210.0,210.0,914.0,778.0,800.0,222.0,564.0,878.0,946.0,210.0,878.0,308.0,946.0,878.0,800.0,800.0,800.0,800.0
393,126.0,294.0,770.0,844.0,886.0,770.0,662.0,588.0,480.0,824.0,798.0,870.0,886.0,798.0,708.0,870.0,798.0,588.0,588.0,588.0,588.0
394,216.0,546.0,728.0,728.0,668.0,728.0,210.0,224.0,168.0,574.0,210.0,824.0,668.0,210.0,336.0,824.0,210.0,224.0,224.0,224.0,224.0
395,284.0,680.0,896.0,630.0,686.0,896.0,854.0,618.0,404.0,168.0,420.0,882.0,686.0,420.0,588.0,882.0,420.0,618.0,618.0,618.0,618.0
396,126.0,602.0,818.0,878.0,588.0,818.0,746.0,914.0,182.0,210.0,970.0,168.0,588.0,970.0,752.0,168.0,970.0,914.0,914.0,914.0,914.0
397,168.0,434.0,794.0,996.0,708.0,794.0,728.0,728.0,506.0,802.0,252.0,210.0,708.0,252.0,420.0,210.0,252.0,728.0,728.0,728.0,728.0
398,126.0,168.0,168.0,764.0,864.0,168.0,812.0,440.0,252.0,308.0,710.0,802.0,864.0,710.0,462.0,802.0,710.0,440.0,440.0,440.0,440.0
399,182.0,864.0,308.0,728.0,224.0,308.0,864.0,168.0,414.0,630.0,476.0,630.0,224.0,476.0,592.0,630.0,476.0,168.0,168.0,168.0,168.0
400,270.0,546.0,210.0,336.0,504.0,210.0,462.0,986.0,632.0,878.0,588.0,878.0,504.0,588.0,878.0,878.0,588.0,986.0,986.0,986.0,986.0
401,252.0,760.0,420.0,168.0,704.0,420.0,704.0,854.0,420.0,884.0,708.0,884.0,704.0,708.0,606.0,884.0,708.0,854.0,854.0,854.0,854.0
402,98.0,462.0,996.0,608.0,308.0,996.0,308.0,774.0,168.0,764.0,224.0,764.0,308.0,224.0,168.0,764.0,224.0,774.0,774.0,774.0,774.0
403,308.0,908.0,630.0,760.0,210.0,630.0,210.0,752.0,308.0,728.0,758.0,950.0,210.0,758.0,570.0,950.0,758.0,752.0,752.0,752.0,752.0
404,210.0,336.0,800.0,666.0,420.0,800.0,658.0,462.0,182.0,336.0,726.0,336.0,420.0,726.0,550.0,336.0,726.0,462.0,462.0,462.0,462.0
405,494.0,224.0,890.0,854.0,914.0,890.0,588.0,878.0,360.0,168.0,210.0,168.0,914.0,210.0,308.0,168.0,210.0,878.0,878.0,878.0,878.0
406,370.0,800.0,928.0,968.0,728.0,928.0,788.0,168.0,168.0,608.0,912.0,714.0,728.0,912.0,294.0,714.0,912.0,168.0,168.0,168.0,168.0
407,90.0,666.0,692.0,954.0,896.0,692.0,764.0,224.0,336.0,760.0,914.0,634.0,896.0,914.0,420.0,634.0,914.0,224.0,224.0,224.0,224.0
408,342.0,308.0,920.0,168.0,776.0,920.0,920.0,308.0,252.0,666.0,770.0,770.0,776.0,770.0,948.0,770.0,770.0,308.0,308.0,308.0,308.0
409,126.0,168.0,210.0,224.0,920.0,210.0,224.0,210.0,216.0,854.0,728.0,806.0,920.0,728.0,722.0,806.0,728.0,210.0,210.0,210.0,210.0
410,396.0,630.0,168.0,308.0,870.0,168.0,872.0,462.0,438.0,968.0,896.0,842.0,870.0,896.0,308.0,842.0,896.0,462.0,462.0,462.0,462.0
411,182.0,210.0,812.0,210.0,168.0,812.0,710.0,896.0,230.0,954.0,818.0,822.0,168.0,818.0,462.0,822.0,818.0,896.0,896.0,896.0,896.0
412,168.0,308.0,462.0,462.0,210.0,462.0,168.0,588.0,326.0,168.0,794.0,168.0,210.0,794.0,662.0,168.0,794.0,588.0,588.0,588.0,588.0
413,174.0,572.0,308.0,896.0,840.0,308.0,224.0,696.0,410.0,224.0,168.0,308.0,840.0,168.0,630.0,308.0,168.0,696.0,696.0,696.0,696.0
414,84.0,658.0,686.0,588.0,630.0,686.0,864.0,802.0,252.0,308.0,308.0,210.0,630.0,308.0,168.0,210.0,308.0,802.0,802.0,802.0,802.0
415,326.0,858.0,704.0,696.0,800.0,704.0,578.0,866.0,308.0,210.0,210.0,420.0,800.0,210.0,476.0,420.0,210.0,866.0,866.0,866.0,866.0
416,42.0,704.0,950.0,802.0,872.0,950.0,992.0,822.0,414.0,462.0,420.0,764.0,872.0,420.0,224.0,764.0,420.0,822.0,822.0,822.0,822.0
417,126.0,1000.0,822.0,866.0,800.0,822.0,210.0,668.0,258.0,896.0,996.0,630.0,800.0,996.0,336.0,630.0,996.0,668.0,668.0,668.0,668.0
418,336.0,934.0,168.0,822.0,802.0,168.0,770.0,658.0,210.0,588.0,630.0,878.0,802.0,630.0,252.0,878.0,630.0,658.0,658.0,658.0,658.0
419,410.0,168.0,830.0,668.0,920.0,830.0,812.0,168.0,450.0,696.0,800.0,522.0,920.0,800.0,676.0,522.0,800.0,168.0,168.0,168.0,168.0
420,210.0,336.0,168.0,658.0,614.0,168.0,588.0,126.0,336.0,802.0,890.0,718.0,614.0,890.0,588.0,718.0,890.0,126.0,126.0,126.0,126.0
421,168.0,434.0,658.0,168.0,210.0,658.0,836.0,392.0,168.0,866.0,928.0,518.0,210.0,928.0,564.0,518.0,928.0,392.0,392.0,392.0,392.0
422,126.0,630.0,308.0,126.0,434.0,308.0,944.0,588.0,252.0,822.0,692.0,906.0,434.0,692.0,800.0,906.0,692.0,588.0,588.0,588.0,588.0
423,210.0,644.0,856.0,392.0,914.0,856.0,168.0,708.0,336.0,668.0,210.0,668.0,914.0,210.0,618.0,668.0,210.0,708.0,708.0,708.0,708.0
424,90.0,728.0,662.0,588.0,902.0,662.0,126.0,308.0,182.0,658.0,824.0,658.0,902.0,824.0,920.0,658.0,824.0,308.0,308.0,308.0,308.0
425,180.0,962.0,588.0,708.0,596.0,588.0,482.0,760.0,168.0,168.0,168.0,168.0,596.0,168.0,420.0,168.0,168.0,760.0,760.0,760.0,760.0
426,404.0,462.0,702.0,308.0,798.0,702.0,672.0,920.0,420.0,126.0,504.0,126.0,798.0,504.0,168.0,126.0,504.0,920.0,920.0,920.0,920.0
427,98.0,494.0,182.0,760.0,860.0,182.0,420.0,746.0,230.0,392.0,462.0,392.0,860.0,462.0,252.0,392.0,462.0,746.0,746.0,746.0,746.0
428,270.0,620.0,920.0,920.0,714.0,920.0,462.0,210.0,350.0,588.0,308.0,588.0,714.0,308.0,336.0,588.0,308.0,210.0,210.0,210.0,210.0
429,168.0,564.0,532.0,746.0,168.0,532.0,308.0,830.0,216.0,708.0,864.0,708.0,168.0,864.0,420.0,708.0,864.0,830.0,830.0,830.0,830.0
430,140.0,308.0,630.0,948.0,926.0,630.0,976.0,406.0,360.0,308.0,704.0,308.0,926.0,704.0,606.0,308.0,704.0,406.0,406.0,406.0,406.0
431,126.0,618.0,252.0,210.0,336.0,252.0,920.0,252.0,360.0,760.0,998.0,760.0,336.0,998.0,708.0,760.0,998.0,252.0,252.0,252.0,252.0
432,154.0,210.0,434.0,462.0,168.0,434.0,564.0,308.0,210.0,920.0,1000.0,920.0,168.0,1000.0,546.0,920.0,1000.0,308.0,308.0,308.0,308.0
433,308.0,588.0,800.0,746.0,560.0,800.0,210.0,856.0,258.0,746.0,168.0,746.0,560.0,168.0,668.0,746.0,168.0,856.0,856.0,856.0,856.0
434,418.0,224.0,758.0,224.0,856.0,758.0,746.0,788.0,210.0,948.0,648.0,210.0,856.0,648.0,182.0,210.0,648.0,788.0,788.0,788.0,788.0
435,266.0,420.0,802.0,686.0,962.0,802.0,406.0,630.0,410.0,210.0,168.0,746.0,962.0,168.0,550.0,746.0,168.0,630.0,630.0,630.0,630.0
436,126.0,970.0,962.0,730.0,588.0,962.0,252.0,842.0,326.0,462.0,420.0,224.0,588.0,420.0,420.0,224.0,420.0,842.0,842.0,842.0,842.0
437,396.0,962.0,872.0,788.0,834.0,872.0,308.0,920.0,462.0,746.0,308.0,658.0,834.0,308.0,878.0,658.0,308.0,920.0,920.0,920.0,920.0
438,336.0,758.0,210.0,588.0,462.0,210.0,758.0,420.0,308.0,224.0,856.0,308.0,462.0,856.0,308.0,308.0,856.0,420.0,420.0,420.0,420.0
439,126.0,420.0,662.0,660.0,182.0,662.0,962.0,210.0,480.0,686.0,662.0,800.0,182.0,662.0,168.0,800.0,662.0,210.0,210.0,210.0,210.0
440,168.0,564.0,630.0,420.0,882.0,630.0,588.0,958.0,336.0,730.0,588.0,588.0,882.0,588.0,300.0,588.0,588.0,958.0,958.0,958.0,958.0
441,126.0,768.0,308.0,168.0,168.0,308.0,660.0,630.0,168.0,788.0,702.0,618.0,168.0,702.0,674.0,618.0,702.0,630.0,630.0,630.0,630.0
442,84.0,420.0,488.0,958.0,504.0,488.0,970.0,308.0,336.0,588.0,420.0,970.0,504.0,420.0,728.0,970.0,420.0,308.0,308.0,308.0,308.0
443,182.0,168.0,532.0,630.0,210.0,532.0,182.0,752.0,168.0,660.0,182.0,920.0,210.0,182.0,996.0,920.0,182.0,752.0,752.0,752.0,752.0
444,336.0,210.0,482.0,210.0,982.0,482.0,728.0,524.0,308.0,420.0,920.0,420.0,982.0,920.0,546.0,420.0,920.0,524.0,524.0,524.0,524.0
445,210.0,844.0,238.0,308.0,802.0,238.0,210.0,830.0,326.0,168.0,574.0,210.0,802.0,574.0,666.0,210.0,574.0,830.0,830.0,830.0,830.0
446,42.0,308.0,878.0,752.0,962.0,878.0,864.0,948.0,210.0,958.0,168.0,958.0,962.0,168.0,336.0,958.0,168.0,948.0,948.0,948.0,948.0
447,168.0,758.0,718.0,524.0,768.0,718.0,630.0,462.0,404.0,630.0,630.0,630.0,768.0,630.0,712.0,630.0,630.0,462.0,462.0,462.0,462.0
448,126.0,588.0,896.0,662.0,764.0,896.0,878.0,746.0,410.0,210.0,210.0,308.0,764.0,210.0,692.0,308.0,210.0,746.0,746.0,746.0,746.0
449,404.0,224.0,462.0,948.0,672.0,462.0,662.0,588.0,126.0,308.0,308.0,752.0,672.0,308.0,224.0,752.0,308.0,588.0,588.0,588.0,588.0
450,98.0,618.0,680.0,462.0,252.0,680.0,886.0,560.0,420.0,752.0,800.0,524.0,252.0,800.0,168.0,524.0,800.0,560.0,560.0,560.0,560.0
451,210.0,576.0,210.0,704.0,680.0,210.0,462.0,482.0,174.0,524.0,788.0,830.0,680.0,788.0,864.0,830.0,788.0,482.0,482.0,482.0,482.0
452,168.0,560.0,950.0,588.0,614.0,950.0,722.0,728.0,294.0,662.0,758.0,948.0,614.0,758.0,588.0,948.0,758.0,728.0,728.0,728.0,728.0
453,126.0,210.0,392.0,560.0,940.0,392.0,168.0,962.0,360.0,948.0,886.0,462.0,940.0,886.0,844.0,462.0,886.0,962.0,962.0,962.0,962.0
454,174.0,462.0,308.0,938.0,602.0,308.0,630.0,536.0,252.0,462.0,920.0,210.0,602.0,920.0,462.0,210.0,920.0,536.0,536.0,536.0,536.0
455,90.0,588.0,716.0,434.0,920.0,716.0,752.0,722.0,224.0,210.0,662.0,630.0,920.0,662.0,908.0,630.0,662.0,722.0,722.0,722.0,722.0
456,326.0,224.0,630.0,882.0,378.0,630.0,392.0,718.0,404.0,704.0,630.0,434.0,378.0,630.0,666.0,434.0,630.0,718.0,718.0,718.0,718.0
457,294.0,886.0,830.0,992.0,984.0,830.0,210.0,504.0,642.0,588.0,840.0,488.0,984.0,840.0,336.0,488.0,840.0,504.0,504.0,504.0,504.0
458,360.0,420.0,864.0,944.0,420.0,864.0,720.0,210.0,480.0,434.0,482.0,482.0,420.0,482.0,224.0,482.0,482.0,210.0,210.0,210.0,210.0
459,270.0,708.0,210.0,210.0,348.0,210.0,886.0,434.0,336.0,938.0,448.0,830.0,348.0,448.0,674.0,830.0,448.0,434.0,434.0,434.0,434.0
460,462.0,606.0,252.0,482.0,476.0,252.0,822.0,308.0,168.0,434.0,920.0,644.0,476.0,920.0,308.0,644.0,920.0,308.0,308.0,308.0,308.0
461,396.0,752.0,342.0,728.0,588.0,342.0,902.0,716.0,308.0,798.0,718.0,920.0,588.0,718.0,168.0,920.0,718.0,716.0,716.0,716.0,716.0
462,350.0,878.0,572.0,630.0,858.0,572.0,560.0,786.0,126.0,992.0,536.0,728.0,858.0,536.0,588.0,728.0,536.0,786.0,786.0,786.0,786.0
463,410.0,308.0,476.0,830.0,830.0,476.0,532.0,630.0,336.0,944.0,806.0,676.0,830.0,806.0,518.0,676.0,806.0,630.0,630.0,630.0,630.0
464,336.0,168.0,856.0,962.0,266.0,856.0,210.0,830.0,224.0,210.0,532.0,210.0,266.0,532.0,182.0,210.0,532.0,830.0,830.0,830.0,830.0
465,180.0,224.0,716.0,770.0,504.0,716.0,434.0,722.0,404.0,482.0,680.0,434.0,504.0,680.0,210.0,434.0,680.0,722.0,722.0,722.0,722.0
466,90.0,308.0,420.0,692.0,1000.0,420.0,308.0,902.0,458.0,728.0,392.0,560.0,1000.0,392.0,308.0,560.0,392.0,902.0,902.0,902.0,902.0
467,126.0,210.0,630.0,738.0,752.0,630.0,630.0,812.0,210.0,630.0,476.0,716.0,752.0,476.0,342.0,716.0,476.0,812.0,812.0,812.0,812.0
468,126.0,420.0,920.0,812.0,168.0,920.0,704.0,168.0,404.0,830.0,626.0,630.0,168.0,626.0,420.0,630.0,626.0,168.0,168.0,168.0,168.0
469,42.0,764.0,648.0,210.0,348.0,648.0,626.0,42.0,174.0,962.0,630.0,704.0,348.0,630.0,522.0,704.0,630.0,42.0,42.0,42.0,42.0
470,168.0,588.0,728.0,224.0,728.0,728.0,722.0,224.0,420.0,770.0,830.0,588.0,728.0,830.0,638.0,588.0,830.0,224.0,224.0,224.0,224.0
471,174.0,696.0,210.0,636.0,746.0,210.0,920.0,636.0,336.0,692.0,962.0,722.0,746.0,962.0,578.0,722.0,962.0,636.0,636.0,636.0,636.0
472,182.0,522.0,546.0,818.0,420.0,546.0,956.0,546.0,360.0,738.0,914.0,740.0,420.0,914.0,704.0,740.0,914.0,546.0,546.0,546.0,546.0
473,326.0,718.0,708.0,546.0,812.0,708.0,168.0,976.0,168.0,812.0,168.0,738.0,812.0,168.0,864.0,738.0,168.0,976.0,976.0,976.0,976.0
474,210.0,518.0,968.0,976.0,770.0,968.0,890.0,734.0,252.0,210.0,126.0,504.0,770.0,126.0,336.0,504.0,126.0,734.0,734.0,734.0,734.0
475,126.0,906.0,970.0,982.0,440.0,970.0,42.0,982.0,278.0,224.0,886.0,210.0,440.0,886.0,168.0,210.0,886.0,982.0,982.0,982.0,982.0
476,336.0,878.0,224.0,838.0,920.0,224.0,920.0,922.0,252.0,636.0,728.0,224.0,920.0,728.0,294.0,224.0,728.0,922.0,922.0,922.0,922.0
477,126.0,224.0,692.0,728.0,690.0,692.0,728.0,908.0,642.0,818.0,948.0,636.0,690.0,948.0,588.0,636.0,948.0,908.0,908.0,908.0,908.0
478,84.0,658.0,996.0,210.0,574.0,996.0,986.0,770.0,522.0,546.0,674.0,818.0,574.0,674.0,644.0,818.0,674.0,770.0,770.0,770.0,770.0
479,282.0,168.0,168.0,546.0,210.0,168.0,546.0,210.0,168.0,976.0,758.0,546.0,210.0,758.0,728.0,546.0,758.0,210.0,210.0,210.0,210.0
480,168.0,126.0,504.0,666.0,976.0,504.0,854.0,588.0,252.0,982.0,420.0,976.0,976.0,420.0,536.0,976.0,420.0,588.0,588.0,588.0,588.0
481,294.0,546.0,632.0,800.0,308.0,632.0,908.0,584.0,168.0,838.0,672.0,982.0,308.0,672.0,182.0,982.0,672.0,584.0,584.0,584.0,584.0
482,270.0,708.0,880.0,434.0,996.0,880.0,210.0,770.0,224.0,728.0,662.0,838.0,996.0,662.0,662.0,838.0,662.0,770.0,770.0,770.0,770.0
483,98.0,308.0,308.0,970.0,434.0,308.0,588.0,434.0,410.0,210.0,728.0,308.0,434.0,728.0,420.0,308.0,728.0,434.0,434.0,434.0,434.0
484,360.0,760.0,714.0,692.0,714.0,714.0,962.0,914.0,126.0,546.0,168.0,728.0,714.0,168.0,920.0,728.0,168.0,914.0,914.0,914.0,914.0
485,210.0,920.0,426.0,996.0,872.0,426.0,560.0,864.0,174.0,666.0,728.0,210.0,872.0,728.0,564.0,210.0,728.0,864.0,864.0,864.0,864.0
486,336.0,746.0,806.0,168.0,958.0,806.0,434.0,998.0,168.0,800.0,336.0,588.0,958.0,336.0,308.0,588.0,336.0,998.0,998.0,998.0,998.0
487,410.0,210.0,818.0,956.0,168.0,818.0,956.0,210.0,210.0,434.0,750.0,668.0,168.0,750.0,168.0,668.0,750.0,210.0,210.0,210.0,210.0
488,168.0,746.0,786.0,168.0,420.0,786.0,974.0,532.0,308.0,970.0,968.0,770.0,420.0,968.0,182.0,770.0,968.0,532.0,532.0,532.0,532.0
489,404.0,224.0,168.0,532.0,842.0,168.0,638.0,626.0,326.0,692.0,676.0,434.0,842.0,676.0,504.0,434.0,676.0,626.0,626.0,626.0,626.0
490,350.0,406.0,224.0,392.0,798.0,224.0,720.0,392.0,404.0,996.0,692.0,956.0,798.0,692.0,294.0,956.0,692.0,392.0,392.0,392.0,392.0
491,396.0,252.0,420.0,308.0,790.0,420.0,168.0,770.0,336.0,168.0,996.0,692.0,790.0,996.0,420.0,692.0,996.0,770.0,770.0,770.0,770.0
492,168.0,308.0,878.0,504.0,308.0,878.0,746.0,308.0,360.0,956.0,168.0,996.0,308.0,168.0,676.0,996.0,168.0,308.0,308.0,308.0,308.0
493,168.0,800.0,168.0,962.0,728.0,168.0,168.0,588.0,252.0,168.0,504.0,168.0,728.0,504.0,738.0,168.0,504.0,588.0,588.0,588.0,588.0
494,410.0,588.0,420.0,662.0,384.0,420.0,420.0,920.0,522.0,532.0,758.0,956.0,384.0,758.0,462.0,956.0,758.0,920.0,920.0,920.0,920.0
495,126.0,618.0,308.0,612.0,996.0,308.0,728.0,698.0,252.0,392.0,798.0,168.0,996.0,798.0,962.0,168.0,798.0,698.0,698.0,698.0,698.0
496,84.0,970.0,578.0,778.0,608.0,578.0,730.0,752.0,414.0,308.0,790.0,532.0,608.0,790.0,764.0,532.0,790.0,752.0,752.0,752.0,752.0
497,42.0,920.0,588.0,210.0,168.0,588.0,630.0,210.0,632.0,504.0,308.0,392.0,168.0,308.0,564.0,392.0,308.0,210.0,210.0,210.0,210.0
498,438.0,420.0,764.0,948.0,870.0,764.0,662.0,948.0,336.0,962.0,728.0,308.0,870.0,728.0,878.0,308.0,728.0,948.0,948.0,948.0,948.0
499,336.0,168.0,836.0,854.0,854.0,836.0,842.0,308.0,168.0,662.0,384.0,504.0,854.0,384.0,420.0,504.0,384.0,308.0,308.0,308.0,308.0
500,210.0,958.0,690.0,308.0,560.0,690.0,948.0,658.0,294.0,612.0,818.0,962.0,560.0,818.0,168.0,962.0,818.0,658.0,658.0,658.0,658.0
501,180.0,630.0,462.0,658.0,686.0,462.0,168.0,788.0,168.0,778.0,786.0,662.0,686.0,786.0,420.0,662.0,786.0,788.0,788.0,788.0,788.0
502,126.0,210.0,630.0,704.0,860.0,630.0,224.0,736.0,410.0,210.0,168.0,612.0,860.0,168.0,676.0,612.0,168.0,736.0,736.0,736.0,736.0
503,174.0,308.0,210.0,722.0,426.0,210.0,954.0,928.0,210.0,948.0,224.0,778.0,426.0,224.0,800.0,778.0,224.0,928.0,928.0,928.0,928.0
504,326.0,752.0,728.0,710.0,884.0,728.0,252.0,714.0,126.0,854.0,532.0,210.0,884.0,532.0,588.0,210.0,532.0,714.0,714.0,714.0,714.0
505,404.0,524.0,746.0,928.0,734.0,746.0,630.0,588.0,360.0,308.0,878.0,948.0,734.0,878.0,224.0,948.0,878.0,588.0,588.0,588.0,588.0
506,126.0,662.0,906.0,588.0,210.0,906.0,560.0,210.0,252.0,658.0,168.0,854.0,210.0,168.0,618.0,854.0,168.0,210.0,210.0,210.0,210.0
507,182.0,948.0,920.0,210.0,630.0,920.0,824.0,710.0,336.0,704.0,308.0,308.0,630.0,308.0,336.0,308.0,308.0,710.0,710.0,710.0,710.0
508,336.0,462.0,694.0,710.0,168.0,694.0,728.0,490.0,168.0,722.0,578.0,658.0,168.0,578.0,308.0,658.0,578.0,490.0,490.0,490.0,490.0
509,294.0,210.0,746.0,490.0,574.0,746.0,926.0,308.0,336.0,710.0,588.0,704.0,574.0,588.0,606.0,704.0,588.0,308.0,308.0,308.0,308.0
510,180.0,420.0,168.0,308.0,308.0,168.0,776.0,704.0,308.0,928.0,764.0,722.0,308.0,764.0,294.0,722.0,764.0,704.0,704.0,704.0,704.0
511,180.0,746.0,866.0,704.0,788.0,866.0,588.0,986.0,174.0,588.0,836.0,710.0,788.0,836.0,168.0,710.0,836.0,986.0,986.0,986.0,986.0
512,168.0,588.0,994.0,986.0,800.0,994.0,210.0,860.0,252.0,210.0,998.0,928.0,800.0,998.0,224.0,928.0,998.0,860.0,860.0,860.0,860.0
513,210.0,308.0,854.0,860.0,758.0,854.0,998.0,224.0,182.0,710.0,588.0,714.0,758.0,588.0,634.0,714.0,588.0,224.0,224.0,224.0,224.0
514,126.0,488.0,336.0,224.0,886.0,336.0,840.0,962.0,360.0,490.0,210.0,210.0,886.0,210.0,420.0,210.0,210.0,962.0,962.0,962.0,962.0
515,266.0,482.0,976.0,962.0,920.0,976.0,788.0,210.0,326.0,308.0,504.0,710.0,920.0,504.0,624.0,710.0,504.0,210.0,210.0,210.0,210.0
516,98.0,350.0,986.0,210.0,210.0,986.0,660.0,788.0,404.0,704.0,308.0,490.0,210.0,308.0,672.0,490.0,308.0,788.0,788.0,788.0,788.0
517,266.0,920.0,862.0,746.0,704.0,862.0,814.0,224.0,350.0,986.0,922.0,308.0,704.0,922.0,606.0,308.0,922.0,224.0,224.0,224.0,224.0
518,418.0,812.0,630.0,812.0,938.0,630.0,224.0,966.0,462.0,860.0,702.0,704.0,938.0,702.0,752.0,704.0,702.0,966.0,966.0,966.0,966.0
519,182.0,718.0,448.0,966.0,966.0,448.0,920.0,660.0,396.0,224.0,224.0,986.0,966.0,224.0,462.0,986.0,224.0,660.0,660.0,660.0,660.0
520,168.0,504.0,210.0,728.0,770.0,210.0,210.0,588.0,168.0,962.0,998.0,958.0,770.0,998.0,878.0,958.0,998.0,588.0,588.0,588.0,588.0
521,336.0,210.0,812.0,914.0,920.0,812.0,854.0,830.0,420.0,210.0,636.0,962.0,920.0,636.0,308.0,962.0,636.0,830.0,830.0,830.0,830.0
522,326.0,482.0,886.0,704.0,788.0,886.0,434.0,814.0,336.0,746.0,950.0,210.0,788.0,950.0,168.0,210.0,950.0,814.0,814.0,814.0,814.0
523,210.0,308.0,878.0,962.0,746.0,878.0,532.0,962.0,42.0,812.0,168.0,788.0,746.0,168.0,224.0,788.0,168.0,962.0,962.0,962.0,962.0
524,98.0,738.0,922.0,630.0,630.0,922.0,770.0,630.0,252.0,966.0,866.0,966.0,630.0,866.0,308.0,966.0,866.0,630.0,630.0,630.0,630.0
525,42.0,630.0,822.0,966.0,210.0,822.0,830.0,168.0,308.0,728.0,994.0,842.0,210.0,994.0,948.0,842.0,994.0,168.0,168.0,168.0,168.0
526,336.0,788.0,434.0,168.0,532.0,434.0,878.0,488.0,252.0,914.0,854.0,630.0,532.0,854.0,210.0,630.0,854.0,488.0,488.0,488.0,488.0
527,126.0,836.0,210.0,336.0,886.0,210.0,746.0,884.0,252.0,704.0,336.0,830.0,886.0,336.0,420.0,830.0,336.0,884.0,884.0,884.0,884.0
528,410.0,770.0,440.0,800.0,392.0,440.0,788.0,862.0,410.0,962.0,976.0,814.0,392.0,976.0,722.0,814.0,976.0,862.0,862.0,862.0,862.0
529,266.0,776.0,728.0,758.0,486.0,728.0,588.0,900.0,174.0,630.0,986.0,962.0,486.0,986.0,588.0,962.0,986.0,900.0,900.0,900.0,900.0
530,84.0,420.0,970.0,718.0,962.0,970.0,168.0,588.0,182.0,966.0,862.0,770.0,962.0,862.0,696.0,770.0,862.0,588.0,588.0,588.0,588.0
531,126.0,168.0,1000.0,920.0,308.0,1000.0,224.0,962.0,360.0,168.0,630.0,168.0,308.0,630.0,522.0,168.0,630.0,962.0,962.0,962.0,962.0
532,126.0,592.0,420.0,746.0,764.0,420.0,532.0,560.0,252.0,336.0,882.0,728.0,764.0,882.0,718.0,728.0,882.0,560.0,560.0,560.0,560.0
533,126.0,962.0,808.0,168.0,872.0,808.0,336.0,168.0,522.0,800.0,210.0,482.0,872.0,210.0,518.0,482.0,210.0,168.0,168.0,168.0,168.0
534,168.0,504.0,714.0,210.0,168.0,714.0,618.0,210.0,404.0,758.0,970.0,878.0,168.0,970.0,462.0,878.0,970.0,210.0,210.0,210.0,210.0
535,180.0,948.0,752.0,840.0,210.0,752.0,758.0,626.0,326.0,718.0,800.0,944.0,210.0,800.0,668.0,944.0,800.0,626.0,626.0,626.0,626.0
536,308.0,662.0,210.0,626.0,974.0,210.0,718.0,620.0,414.0,920.0,922.0,420.0,974.0,922.0,182.0,420.0,922.0,620.0,620.0,620.0,620.0
537,294.0,420.0,626.0,760.0,728.0,626.0,920.0,728.0,632.0,746.0,806.0,920.0,728.0,806.0,420.0,920.0,806.0,728.0,728.0,728.0,728.0
538,180.0,336.0,168.0,666.0,986.0,168.0,308.0,680.0,336.0,168.0,822.0,732.0,986.0,822.0,168.0,732.0,822.0,680.0,680.0,680.0,680.0
539,174.0,722.0,588.0,854.0,704.0,588.0,872.0,770.0,168.0,210.0,210.0,168.0,704.0,210.0,42.0,168.0,210.0,770.0,770.0,770.0,770.0
540,180.0,308.0,840.0,970.0,822.0,840.0,210.0,732.0,42.0,840.0,440.0,210.0,822.0,440.0,252.0,210.0,440.0,732.0,732.0,732.0,732.0
541,396.0,420.0,848.0,948.0,680.0,848.0,758.0,602.0,174.0,626.0,728.0,626.0,680.0,728.0,294.0,626.0,728.0,602.0,602.0,602.0,602.0
542,168.0,210.0,788.0,210.0,770.0,788.0,716.0,906.0,410.0,760.0,970.0,620.0,770.0,970.0,546.0,620.0,970.0,906.0,906.0,906.0,906.0
543,404.0,588.0,98.0,546.0,168.0,98.0,658.0,210.0,336.0,666.0,420.0,728.0,168.0,420.0,666.0,728.0,420.0,210.0,210.0,210.0,210.0
544,210.0,668.0,920.0,420.0,588.0,920.0,308.0,728.0,222.0,854.0,808.0,680.0,588.0,808.0,308.0,680.0,808.0,728.0,728.0,728.0,728.0
545,418.0,770.0,956.0,690.0,728.0,956.0,970.0,678.0,224.0,970.0,1000.0,770.0,728.0,1000.0,550.0,770.0,1000.0,678.0,678.0,678.0,678.0
546,168.0,434.0,168.0,962.0,168.0,168.0,864.0,962.0,450.0,948.0,714.0,732.0,168.0,714.0,920.0,732.0,714.0,962.0,962.0,962.0,962.0
547,84.0,956.0,996.0,420.0,462.0,996.0,672.0,420.0,336.0,210.0,752.0,602.0,462.0,752.0,564.0,602.0,752.0,420.0,420.0,420.0,420.0
548,126.0,692.0,708.0,308.0,342.0,708.0,886.0,182.0,464.0,546.0,210.0,906.0,342.0,210.0,210.0,906.0,210.0,182.0,182.0,182.0,182.0
549,270.0,996.0,926.0,182.0,404.0,926.0,210.0,996.0,168.0,420.0,168.0,210.0,404.0,168.0,420.0,210.0,168.0,996.0,996.0,996.0,996.0
550,168.0,308.0,224.0,618.0,758.0,224.0,546.0,896.0,308.0,690.0,588.0,546.0,758.0,588.0,648.0,546.0,588.0,896.0,896.0,896.0,896.0
551,336.0,168.0,210.0,862.0,856.0,210.0,728.0,970.0,210.0,962.0,728.0,420.0,856.0,728.0,224.0,420.0,728.0,970.0,970.0,970.0,970.0
552,42.0,648.0,728.0,824.0,878.0,728.0,788.0,210.0,252.0,420.0,462.0,510.0,878.0,462.0,168.0,510.0,462.0,210.0,210.0,210.0,210.0
553,210.0,168.0,588.0,954.0,690.0,588.0,920.0,954.0,404.0,308.0,662.0,962.0,690.0,662.0,252.0,962.0,662.0,954.0,954.0,954.0,954.0
554,126.0,420.0,886.0,252.0,210.0,886.0,462.0,224.0,252.0,182.0,902.0,420.0,210.0,902.0,308.0,420.0,902.0,224.0,224.0,224.0,224.0
555,168.0,420.0,608.0,854.0,962.0,608.0,182.0,728.0,252.0,618.0,98.0,308.0,962.0,98.0,856.0,308.0,98.0,728.0,728.0,728.0,728.0
556,126.0,392.0,210.0,630.0,836.0,210.0,618.0,588.0,308.0,862.0,650.0,182.0,836.0,650.0,788.0,182.0,650.0,588.0,588.0,588.0,588.0
557,126.0,308.0,970.0,878.0,224.0,970.0,856.0,696.0,210.0,824.0,878.0,618.0,224.0,878.0,588.0,618.0,878.0,696.0,696.0,696.0,696.0
558,216.0,504.0,588.0,734.0,728.0,588.0,732.0,734.0,414.0,168.0,696.0,896.0,728.0,696.0,660.0,896.0,696.0,734.0,734.0,734.0,734.0
559,182.0,962.0,728.0,802.0,708.0,728.0,210.0,970.0,438.0,954.0,168.0,970.0,708.0,168.0,920.0,970.0,168.0,970.0,970.0,970.0,970.0
560,90.0,662.0,630.0,938.0,546.0,630.0,800.0,938.0,168.0,210.0,962.0,210.0,546.0,962.0,420.0,210.0,962.0,938.0,938.0,938.0,938.0
561,104.0,612.0,224.0,210.0,844.0,224.0,840.0,210.0,410.0,728.0,714.0,954.0,844.0,714.0,168.0,954.0,714.0,210.0,210.0,210.0,210.0
562,284.0,778.0,834.0,886.0,984.0,834.0,630.0,844.0,420.0,630.0,758.0,728.0,984.0,758.0,958.0,728.0,758.0,844.0,844.0,844.0,844.0
563,410.0,210.0,626.0,728.0,210.0,626.0,800.0,546.0,336.0,878.0,210.0,630.0,210.0,210.0,588.0,630.0,210.0,546.0,546.0,546.0,546.0
564,252.0,906.0,504.0,984.0,886.0,504.0,970.0,728.0,126.0,734.0,728.0,878.0,886.0,728.0,308.0,878.0,728.0,728.0,728.0,728.0,728.0
565,308.0,224.0,728.0,714.0,728.0,728.0,914.0,984.0,308.0,802.0,758.0,734.0,728.0,758.0,182.0,734.0,758.0,984.0,984.0,984.0,984.0
566,414.0,420.0,210.0,752.0,476.0,210.0,878.0,708.0,326.0,938.0,760.0,970.0,476.0,760.0,752.0,970.0,760.0,708.0,708.0,708.0,708.0
567,98.0,630.0,560.0,224.0,842.0,560.0,168.0,878.0,174.0,210.0,984.0,938.0,842.0,984.0,336.0,938.0,984.0,878.0,878.0,878.0,878.0
568,210.0,308.0,630.0,624.0,924.0,630.0,718.0,224.0,642.0,886.0,210.0,210.0,924.0,210.0,384.0,210.0,210.0,224.0,224.0,224.0,224.0
569,450.0,704.0,884.0,920.0,252.0,884.0,210.0,920.0,210.0,728.0,886.0,928.0,252.0,886.0,536.0,928.0,886.0,920.0,920.0,920.0,920.0
570,384.0,722.0,618.0,210.0,854.0,618.0,504.0,168.0,360.0,984.0,714.0,588.0,854.0,714.0,948.0,588.0,714.0,168.0,168.0,168.0,168.0
571,354.0,710.0,434.0,864.0,870.0,434.0,962.0,996.0,168.0,714.0,864.0,728.0,870.0,864.0,462.0,728.0,864.0,996.0,996.0,996.0,996.0
572,336.0,560.0,788.0,448.0,168.0,788.0,728.0,294.0,294.0,752.0,728.0,564.0,168.0,728.0,168.0,564.0,728.0,294.0,294.0,294.0,294.0
573,168.0,648.0,968.0,630.0,996.0,968.0,996.0,714.0,224.0,224.0,704.0,948.0,996.0,704.0,420.0,948.0,704.0,714.0,714.0,714.0,714.0
574,182.0,518.0,950.0,800.0,294.0,950.0,866.0,886.0,404.0,624.0,932.0,626.0,294.0,932.0,578.0,626.0,932.0,886.0,886.0,886.0,886.0
575,210.0,588.0,680.0,970.0,630.0,680.0,890.0,434.0,252.0,920.0,584.0,224.0,630.0,584.0,546.0,224.0,584.0,434.0,434.0,434.0,434.0
576,42.0,210.0,168.0,434.0,800.0,168.0,168.0,210.0,404.0,210.0,420.0,708.0,800.0,420.0,308.0,708.0,420.0,210.0,210.0,210.0,210.0
577,126.0,462.0,378.0,838.0,802.0,378.0,962.0,806.0,480.0,864.0,210.0,518.0,802.0,210.0,342.0,518.0,210.0,806.0,806.0,806.0,806.0
578,336.0,308.0,252.0,848.0,434.0,252.0,364.0,926.0,336.0,448.0,994.0,210.0,434.0,994.0,210.0,210.0,994.0,926.0,926.0,926.0,926.0
579,126.0,704.0,760.0,210.0,336.0,760.0,944.0,608.0,252.0,630.0,672.0,746.0,336.0,672.0,350.0,746.0,672.0,608.0,608.0,608.0,608.0
580,84.0,684.0,462.0,308.0,974.0,462.0,434.0,210.0,168.0,800.0,770.0,962.0,974.0,770.0,962.0,962.0,770.0,210.0,210.0,210.0,210.0
581,168.0,764.0,840.0,630.0,608.0,840.0,560.0,308.0,42.0,970.0,824.0,532.0,608.0,824.0,182.0,532.0,824.0,308.0,308.0,308.0,308.0
582,126.0,716.0,668.0,788.0,168.0,668.0,446.0,630.0,210.0,434.0,868.0,714.0,168.0,868.0,536.0,714.0,868.0,630.0,630.0,630.0,630.0
583,104.0,224.0,962.0,920.0,252.0,962.0,726.0,788.0,210.0,838.0,754.0,928.0,252.0,754.0,722.0,928.0,754.0,788.0,788.0,788.0,788.0
584,90.0,864.0,872.0,532.0,588.0,872.0,570.0,420.0,326.0,848.0,950.0,434.0,588.0,950.0,718.0,434.0,950.0,420.0,420.0,420.0,420.0
585,350.0,210.0,168.0,856.0,812.0,168.0,868.0,772.0,168.0,210.0,378.0,806.0,812.0,378.0,420.0,806.0,378.0,772.0,772.0,772.0,772.0
586,216.0,788.0,588.0,842.0,890.0,588.0,168.0,822.0,404.0,308.0,294.0,710.0,890.0,294.0,210.0,710.0,294.0,822.0,822.0,822.0,822.0
587,360.0,224.0,252.0,956.0,766.0,252.0,948.0,842.0,308.0,630.0,802.0,210.0,766.0,802.0,266.0,210.0,802.0,842.0,842.0,842.0,842.0
588,168.0,434.0,504.0,168.0,770.0,504.0,126.0,560.0,308.0,788.0,336.0,308.0,770.0,336.0,210.0,308.0,336.0,560.0,560.0,560.0,560.0
589,270.0,532.0,752.0,462.0,974.0,752.0,504.0,690.0,174.0,920.0,966.0,630.0,974.0,966.0,308.0,630.0,966.0,690.0,690.0,690.0,690.0
590,210.0,660.0,308.0,252.0,822.0,308.0,308.0,168.0,336.0,532.0,752.0,788.0,822.0,752.0,716.0,788.0,752.0,168.0,168.0,168.0,168.0
591,342.0,588.0,942.0,812.0,210.0,942.0,532.0,462.0,360.0,856.0,680.0,920.0,210.0,680.0,786.0,920.0,680.0,462.0,462.0,462.0,462.0
592,126.0,830.0,950.0,860.0,840.0,950.0,962.0,252.0,252.0,842.0,962.0,532.0,840.0,962.0,588.0,532.0,962.0,252.0,252.0,252.0,252.0
593,210.0,814.0,746.0,788.0,530.0,746.0,210.0,812.0,336.0,956.0,872.0,856.0,530.0,872.0,704.0,856.0,872.0,812.0,812.0,812.0,812.0
594,410.0,962.0,832.0,938.0,948.0,832.0,592.0,786.0,410.0,168.0,504.0,842.0,948.0,504.0,420.0,842.0,504.0,786.0,786.0,786.0,786.0
595,284.0,588.0,210.0,976.0,980.0,210.0,722.0,788.0,224.0,462.0,210.0,956.0,980.0,210.0,722.0,956.0,210.0,788.0,788.0,788.0,788.0
596,462.0,168.0,588.0,786.0,718.0,588.0,970.0,854.0,252.0,252.0,504.0,168.0,718.0,504.0,692.0,168.0,504.0,854.0,854.0,854.0,854.0
597,98.0,728.0,754.0,168.0,846.0,754.0,168.0,986.0,414.0,812.0,746.0,462.0,846.0,746.0,420.0,462.0,746.0,986.0,986.0,986.0,986.0
598,438.0,482.0,728.0,630.0,970.0,728.0,770.0,934.0,450.0,860.0,434.0,252.0,970.0,434.0,168.0,252.0,434.0,934.0,934.0,934.0,934.0
599,336.0,836.0,660.0,42.0,168.0,660.0,168.0,630.0,438.0,788.0,908.0,812.0,168.0,908.0,42.0,812.0,908.0,630.0,630.0,630.0,630.0
600,182.0,266.0,864.0,728.0,630.0,864.0,504.0,210.0,360.0,938.0,914.0,860.0,630.0,914.0,592.0,860.0,914.0,210.0,210.0,210.0,210.0
601,168.0,902.0,392.0,992.0,728.0,392.0,662.0,728.0,420.0,976.0,948.0,870.0,728.0,948.0,224.0,870.0,948.0,728.0,728.0,728.0,728.0
602,336.0,420.0,364.0,294.0,670.0,364.0,308.0,670.0,168.0,786.0,874.0,788.0,670.0,874.0,588.0,788.0,874.0,670.0,670.0,670.0,670.0
603,98.0,920.0,760.0,878.0,336.0,760.0,786.0,294.0,294.0,168.0,210.0,854.0,336.0,210.0,948.0,854.0,210.0,294.0,294.0,294.0,294.0
604,168.0,732.0,722.0,592.0,878.0,722.0,980.0,878.0,252.0,630.0,630.0,976.0,878.0,630.0,662.0,976.0,630.0,878.0,878.0,878.0,878.0
605,210.0,168.0,420.0,854.0,364.0,420.0,794.0,364.0,404.0,42.0,728.0,168.0,364.0,728.0,420.0,168.0,728.0,364.0,364.0,364.0,364.0
606,270.0,210.0,878.0,864.0,550.0,878.0,902.0,550.0,42.0,728.0,1000.0,630.0,550.0,1000.0,834.0,630.0,1000.0,550.0,550.0,550.0,550.0
607,42.0,224.0,210.0,728.0,854.0,210.0,168.0,854.0,182.0,992.0,524.0,686.0,854.0,524.0,294.0,686.0,524.0,854.0,854.0,854.0,854.0
608,126.0,626.0,588.0,878.0,864.0,588.0,504.0,864.0,326.0,294.0,420.0,614.0,864.0,420.0,542.0,614.0,420.0,864.0,864.0,864.0,864.0
609,326.0,728.0,308.0,168.0,420.0,308.0,126.0,420.0,308.0,878.0,794.0,336.0,420.0,794.0,308.0,336.0,794.0,420.0,420.0,420.0,420.0
610,210.0,760.0,746.0,42.0,794.0,746.0,962.0,878.0,174.0,592.0,788.0,878.0,794.0,788.0,420.0,878.0,788.0,878.0,878.0,878.0,878.0
611,126.0,624.0,906.0,588.0,210.0,906.0,728.0,168.0,336.0,854.0,948.0,462.0,210.0,948.0,168.0,462.0,948.0,168.0,168.0,168.0,168.0
612,404.0,672.0,524.0,746.0,588.0,524.0,984.0,42.0,252.0,864.0,420.0,550.0,588.0,420.0,588.0,550.0,420.0,42.0,42.0,42.0,42.0
613,362.0,564.0,462.0,906.0,308.0,462.0,802.0,588.0,252.0,728.0,872.0,854.0,308.0,872.0,336.0,854.0,872.0,588.0,588.0,588.0,588.0
614,126.0,560.0,1000.0,524.0,746.0,1000.0,806.0,746.0,410.0,878.0,210.0,864.0,746.0,210.0,452.0,864.0,210.0,746.0,746.0,746.0,746.0
615,84.0,906.0,168.0,462.0,572.0,168.0,962.0,906.0,494.0,168.0,588.0,728.0,572.0,588.0,770.0,728.0,588.0,906.0,906.0,906.0,906.0
616,258.0,168.0,672.0,1000.0,942.0,672.0,728.0,524.0,552.0,42.0,308.0,878.0,942.0,308.0,434.0,878.0,308.0,524.0,524.0,524.0,524.0
617,168.0,546.0,126.0,758.0,462.0,126.0,752.0,462.0,480.0,588.0,962.0,168.0,462.0,962.0,536.0,168.0,962.0,462.0,462.0,462.0,462.0
618,90.0,420.0,482.0,210.0,1000.0,482.0,168.0,1000.0,336.0,746.0,482.0,42.0,1000.0,482.0,560.0,42.0,482.0,1000.0,1000.0,1000.0,1000.0
619,174.0,438.0,728.0,426.0,800.0,728.0,126.0,308.0,420.0,906.0,832.0,588.0,800.0,832.0,864.0,588.0,832.0,308.0,308.0,308.0,308.0
620,210.0,962.0,864.0,588.0,168.0,864.0,630.0,758.0,168.0,524.0,462.0,746.0,168.0,462.0,308.0,746.0,462.0,758.0,758.0,758.0,758.0
621,126.0,420.0,670.0,756.0,630.0,670.0,572.0,210.0,336.0,462.0,906.0,906.0,630.0,906.0,606.0,906.0,906.0,210.0,210.0,210.0,210.0
622,312.0,308.0,976.0,962.0,210.0,976.0,788.0,426.0,210.0,1000.0,168.0,524.0,210.0,168.0,690.0,524.0,168.0,426.0,426.0,426.0,426.0
623,308.0,294.0,364.0,586.0,434.0,364.0,858.0,588.0,174.0,758.0,504.0,462.0,434.0,504.0,210.0,462.0,504.0,588.0,588.0,588.0,588.0
624,362.0,182.0,992.0,392.0,864.0,992.0,420.0,756.0,126.0,210.0,126.0,1000.0,864.0,126.0,420.0,1000.0,126.0,756.0,756.0,756.0,756.0
625,460.0,618.0,210.0,758.0,670.0,210.0,1000.0,586.0,506.0,426.0,392.0,576.0,670.0,392.0,420.0,576.0,392.0,586.0,586.0,586.0,586.0
626,336.0,862.0,572.0,606.0,760.0,572.0,210.0,392.0,308.0,588.0,728.0,168.0,760.0,728.0,626.0,168.0,728.0,392.0,392.0,392.0,392.0
627,168.0,824.0,858.0,210.0,658.0,858.0,630.0,800.0,252.0,756.0,864.0,300.0,658.0,864.0,252.0,300.0,864.0,800.0,800.0,800.0,800.0
628,126.0,168.0,560.0,654.0,848.0,560.0,482.0,920.0,294.0,962.0,948.0,546.0,848.0,948.0,770.0,546.0,948.0,920.0,920.0,920.0,920.0
629,98.0,954.0,588.0,308.0,210.0,588.0,756.0,606.0,180.0,586.0,448.0,224.0,210.0,448.0,308.0,224.0,448.0,606.0,606.0,606.0,606.0
630,84.0,224.0,914.0,574.0,758.0,914.0,754.0,210.0,336.0,392.0,912.0,210.0,758.0,912.0,546.0,210.0,912.0,210.0,210.0,210.0,210.0
631,132.0,210.0,752.0,866.0,560.0,752.0,830.0,654.0,168.0,758.0,952.0,756.0,560.0,952.0,920.0,756.0,952.0,654.0,654.0,654.0,654.0
632,336.0,728.0,588.0,588.0,824.0,588.0,336.0,882.0,404.0,606.0,672.0,544.0,824.0,672.0,182.0,544.0,672.0,882.0,882.0,882.0,882.0
633,182.0,588.0,1000.0,778.0,970.0,1000.0,542.0,866.0,224.0,210.0,210.0,392.0,970.0,210.0,698.0,392.0,210.0,866.0,866.0,866.0,866.0
634,126.0,696.0,294.0,224.0,758.0,294.0,638.0,588.0,410.0,654.0,794.0,800.0,758.0,794.0,210.0,800.0,794.0,588.0,588.0,588.0,588.0
635,404.0,734.0,854.0,956.0,660.0,854.0,864.0,778.0,632.0,308.0,308.0,920.0,660.0,308.0,906.0,920.0,308.0,778.0,778.0,778.0,778.0
636,42.0,802.0,462.0,884.0,588.0,462.0,750.0,224.0,414.0,574.0,574.0,606.0,588.0,574.0,224.0,606.0,574.0,224.0,224.0,224.0,224.0
637,274.0,938.0,364.0,168.0,714.0,364.0,770.0,956.0,480.0,866.0,684.0,210.0,714.0,684.0,420.0,210.0,684.0,956.0,956.0,956.0,956.0
638,168.0,168.0,686.0,168.0,252.0,686.0,210.0,884.0,168.0,588.0,956.0,654.0,252.0,956.0,630.0,654.0,956.0,884.0,884.0,884.0,884.0
639,126.0,760.0,830.0,420.0,800.0,830.0,824.0,168.0,126.0,778.0,886.0,308.0,800.0,886.0,308.0,308.0,886.0,168.0,168.0,168.0,168.0
640,168.0,588.0,830.0,660.0,630.0,830.0,728.0,168.0,210.0,224.0,958.0,504.0,630.0,958.0,704.0,504.0,958.0,168.0,168.0,168.0,168.0
641,278.0,728.0,806.0,588.0,406.0,806.0,928.0,630.0,308.0,956.0,168.0,864.0,406.0,168.0,722.0,864.0,168.0,630.0,630.0,630.0,630.0
642,220.0,968.0,916.0,168.0,686.0,916.0,836.0,966.0,210.0,884.0,210.0,588.0,686.0,210.0,710.0,588.0,210.0,966.0,966.0,966.0,966.0
643,174.0,224.0,210.0,560.0,802.0,210.0,996.0,578.0,336.0,168.0,920.0,910.0,802.0,920.0,560.0,910.0,920.0,578.0,578.0,578.0,578.0
644,168.0,708.0,420.0,662.0,800.0,420.0,168.0,788.0,174.0,168.0,800.0,224.0,800.0,800.0,648.0,224.0,800.0,788.0,788.0,788.0,788.0
645,90.0,336.0,630.0,856.0,746.0,630.0,336.0,224.0,222.0,420.0,630.0,998.0,746.0,630.0,588.0,998.0,630.0,224.0,224.0,224.0,224.0
646,336.0,608.0,420.0,224.0,920.0,420.0,770.0,746.0,464.0,660.0,406.0,782.0,920.0,406.0,210.0,782.0,406.0,746.0,746.0,746.0,746.0
647,270.0,954.0,800.0,648.0,210.0,800.0,992.0,854.0,410.0,588.0,560.0,168.0,210.0,560.0,710.0,168.0,560.0,854.0,854.0,854.0,854.0
648,210.0,210.0,674.0,920.0,728.0,674.0,462.0,920.0,420.0,168.0,802.0,168.0,728.0,802.0,420.0,168.0,802.0,920.0,920.0,920.0,920.0
649,278.0,864.0,864.0,210.0,630.0,864.0,308.0,210.0,252.0,560.0,800.0,660.0,630.0,800.0,308.0,660.0,800.0,210.0,210.0,210.0,210.0
650,308.0,448.0,970.0,788.0,800.0,970.0,578.0,788.0,168.0,662.0,746.0,588.0,800.0,746.0,704.0,588.0,746.0,788.0,788.0,788.0,788.0
651,252.0,588.0,308.0,840.0,674.0,308.0,780.0,840.0,404.0,856.0,210.0,966.0,674.0,210.0,636.0,966.0,210.0,840.0,840.0,840.0,840.0
652,460.0,928.0,746.0,630.0,864.0,746.0,968.0,630.0,224.0,224.0,728.0,662.0,864.0,728.0,420.0,662.0,728.0,630.0,630.0,630.0,630.0
653,126.0,434.0,210.0,842.0,462.0,210.0,680.0,842.0,308.0,648.0,630.0,856.0,462.0,630.0,860.0,856.0,630.0,842.0,842.0,842.0,842.0
654,438.0,708.0,770.0,814.0,970.0,770.0,210.0,814.0,372.0,920.0,420.0,224.0,970.0,420.0,224.0,224.0,420.0,814.0,814.0,814.0,814.0
655,168.0,838.0,728.0,962.0,704.0,728.0,420.0,962.0,492.0,210.0,800.0,830.0,704.0,800.0,962.0,830.0,800.0,962.0,962.0,962.0,962.0
656,126.0,224.0,950.0,956.0,560.0,950.0,630.0,956.0,438.0,788.0,674.0,920.0,560.0,674.0,168.0,920.0,674.0,956.0,956.0,956.0,956.0
657,168.0,800.0,462.0,560.0,210.0,462.0,420.0,560.0,336.0,840.0,864.0,210.0,210.0,864.0,560.0,210.0,864.0,560.0,560.0,560.0,560.0
658,168.0,210.0,974.0,168.0,732.0,974.0,800.0,168.0,168.0,630.0,970.0,788.0,732.0,970.0,252.0,788.0,970.0,168.0,168.0,168.0,168.0
659,126.0,308.0,986.0,752.0,582.0,986.0,674.0,752.0,126.0,842.0,746.0,840.0,582.0,746.0,224.0,840.0,746.0,752.0,752.0,752.0,752.0
660,42.0,420.0,962.0,168.0,868.0,962.0,864.0,168.0,252.0,814.0,210.0,630.0,868.0,210.0,434.0,630.0,210.0,168.0,168.0,168.0,168.0
661,362.0,588.0,630.0,224.0,844.0,630.0,970.0,588.0,264.0,962.0,752.0,842.0,844.0,752.0,294.0,842.0,752.0,588.0,588.0,588.0,588.0
662,360.0,788.0,168.0,620.0,810.0,168.0,308.0,224.0,182.0,956.0,714.0,814.0,810.0,714.0,618.0,814.0,714.0,224.0,224.0,224.0,224.0
663,84.0,420.0,126.0,714.0,728.0,126.0,746.0,746.0,404.0,560.0,728.0,962.0,728.0,728.0,588.0,962.0,728.0,746.0,746.0,746.0,746.0
664,216.0,814.0,308.0,726.0,708.0,308.0,168.0,726.0,210.0,168.0,928.0,956.0,708.0,928.0,760.0,956.0,928.0,726.0,726.0,726.0,726.0
665,270.0,660.0,420.0,680.0,168.0,420.0,836.0,764.0,308.0,752.0,564.0,560.0,168.0,564.0,522.0,560.0,564.0,764.0,764.0,764.0,764.0
666,126.0,962.0,886.0,588.0,812.0,886.0,210.0,758.0,168.0,168.0,806.0,168.0,812.0,806.0,716.0,168.0,806.0,758.0,758.0,758.0,758.0
667,350.0,224.0,800.0,842.0,336.0,800.0,546.0,588.0,174.0,224.0,420.0,752.0,336.0,420.0,906.0,752.0,420.0,588.0,588.0,588.0,588.0
668,104.0,648.0,716.0,630.0,802.0,716.0,224.0,728.0,420.0,620.0,920.0,168.0,802.0,920.0,588.0,168.0,920.0,728.0,728.0,728.0,728.0
669,126.0,168.0,864.0,210.0,182.0,864.0,708.0,168.0,336.0,714.0,630.0,588.0,182.0,630.0,294.0,588.0,630.0,168.0,168.0,168.0,168.0
670,210.0,462.0,420.0,308.0,660.0,420.0,728.0,126.0,494.0,726.0,294.0,224.0,660.0,294.0,168.0,224.0,294.0,126.0,126.0,126.0,126.0
671,182.0,252.0,704.0,532.0,848.0,704.0,676.0,434.0,542.0,680.0,308.0,662.0,848.0,308.0,336.0,662.0,308.0,434.0,434.0,434.0,434.0
672,326.0,420.0,626.0,970.0,738.0,626.0,920.0,532.0,252.0,588.0,420.0,726.0,738.0,420.0,618.0,726.0,420.0,532.0,532.0,532.0,532.0
673,336.0,308.0,210.0,800.0,588.0,210.0,420.0,760.0,332.0,842.0,886.0,764.0,588.0,886.0,758.0,764.0,886.0,760.0,760.0,760.0,760.0
674,270.0,788.0,560.0,674.0,908.0,560.0,606.0,752.0,552.0,630.0,800.0,588.0,908.0,800.0,224.0,588.0,800.0,752.0,752.0,752.0,752.0
675,210.0,920.0,928.0,414.0,992.0,928.0,630.0,948.0,522.0,210.0,800.0,842.0,992.0,800.0,718.0,842.0,800.0,948.0,948.0,948.0,948.0
676,210.0,690.0,960.0,632.0,168.0,960.0,168.0,750.0,336.0,308.0,420.0,630.0,168.0,420.0,420.0,630.0,420.0,750.0,750.0,750.0,750.0
677,258.0,764.0,644.0,872.0,532.0,644.0,126.0,844.0,168.0,532.0,920.0,168.0,532.0,920.0,920.0,168.0,920.0,844.0,844.0,844.0,844.0
678,258.0,808.0,738.0,210.0,630.0,738.0,434.0,210.0,308.0,970.0,564.0,126.0,630.0,564.0,434.0,126.0,564.0,210.0,210.0,210.0,210.0
679,462.0,462.0,728.0,574.0,266.0,728.0,962.0,588.0,294.0,800.0,668.0,728.0,266.0,668.0,564.0,728.0,668.0,588.0,588.0,588.0,588.0
680,98.0,168.0,648.0,588.0,336.0,648.0,886.0,348.0,224.0,674.0,210.0,886.0,336.0,210.0,168.0,886.0,210.0,348.0,348.0,348.0,348.0
681,90.0,588.0,210.0,348.0,892.0,210.0,800.0,266.0,126.0,414.0,560.0,800.0,892.0,560.0,210.0,800.0,560.0,266.0,266.0,266.0,266.0
682,336.0,42.0,530.0,266.0,948.0,530.0,758.0,914.0,168.0,632.0,532.0,674.0,948.0,532.0,420.0,674.0,532.0,914.0,914.0,914.0,914.0
683,168.0,728.0,756.0,956.0,308.0,756.0,714.0,588.0,252.0,872.0,928.0,948.0,308.0,928.0,224.0,948.0,928.0,588.0,588.0,588.0,588.0
684,168.0,992.0,728.0,976.0,970.0,728.0,564.0,752.0,168.0,210.0,960.0,420.0,970.0,960.0,626.0,420.0,960.0,752.0,752.0,752.0,752.0
685,294.0,294.0,894.0,858.0,210.0,894.0,626.0,858.0,174.0,574.0,864.0,662.0,210.0,864.0,300.0,662.0,864.0,858.0,858.0,858.0,858.0
686,168.0,224.0,990.0,958.0,224.0,990.0,168.0,958.0,404.0,588.0,434.0,626.0,224.0,434.0,544.0,626.0,434.0,958.0,958.0,958.0,958.0
687,410.0,696.0,1000.0,308.0,728.0,1000.0,420.0,560.0,336.0,348.0,886.0,210.0,728.0,886.0,624.0,210.0,886.0,560.0,560.0,560.0,560.0
688,42.0,592.0,934.0,210.0,546.0,934.0,588.0,168.0,360.0,266.0,210.0,532.0,546.0,210.0,588.0,532.0,210.0,168.0,168.0,168.0,168.0
689,210.0,854.0,728.0,308.0,510.0,728.0,224.0,308.0,210.0,956.0,770.0,588.0,510.0,770.0,564.0,588.0,770.0,308.0,308.0,308.0,308.0
690,84.0,864.0,210.0,588.0,992.0,210.0,634.0,336.0,396.0,976.0,728.0,224.0,992.0,728.0,560.0,224.0,728.0,336.0,336.0,336.0,336.0
691,360.0,420.0,630.0,658.0,970.0,630.0,708.0,672.0,410.0,858.0,936.0,928.0,970.0,936.0,906.0,928.0,936.0,672.0,672.0,672.0,672.0
692,126.0,878.0,928.0,674.0,964.0,928.0,350.0,658.0,360.0,958.0,752.0,708.0,964.0,752.0,308.0,708.0,752.0,658.0,658.0,658.0,658.0
693,126.0,168.0,462.0,660.0,898.0,462.0,294.0,674.0,326.0,308.0,906.0,948.0,898.0,906.0,168.0,948.0,906.0,674.0,674.0,674.0,674.0
694,336.0,42.0,800.0,970.0,210.0,800.0,948.0,758.0,350.0,210.0,854.0,308.0,210.0,854.0,546.0,308.0,854.0,758.0,758.0,758.0,758.0
695,126.0,588.0,906.0,182.0,630.0,906.0,308.0,676.0,210.0,308.0,886.0,970.0,630.0,886.0,420.0,970.0,886.0,676.0,676.0,676.0,676.0
696,336.0,746.0,674.0,906.0,882.0,674.0,774.0,906.0,462.0,588.0,728.0,168.0,882.0,728.0,300.0,168.0,728.0,906.0,906.0,906.0,906.0
697,182.0,906.0,704.0,886.0,838.0,704.0,210.0,886.0,336.0,658.0,210.0,308.0,838.0,210.0,920.0,308.0,210.0,886.0,886.0,886.0,886.0
698,174.0,524.0,210.0,210.0,970.0,210.0,672.0,210.0,168.0,674.0,630.0,672.0,970.0,630.0,378.0,672.0,630.0,210.0,210.0,210.0,210.0
699,90.0,462.0,440.0,822.0,864.0,440.0,966.0,822.0,84.0,660.0,970.0,658.0,864.0,970.0,336.0,658.0,970.0,822.0,822.0,822.0,822.0
700,210.0,1000.0,728.0,882.0,800.0,728.0,674.0,882.0,308.0,970.0,420.0,336.0,800.0,420.0,182.0,336.0,420.0,882.0,882.0,882.0,882.0
701,98.0,308.0,672.0,922.0,848.0,672.0,758.0,922.0,210.0,182.0,800.0,674.0,848.0,800.0,618.0,674.0,800.0,922.0,922.0,922.0,922.0
702,270.0,576.0,878.0,970.0,210.0,878.0,970.0,970.0,42.0,906.0,738.0,758.0,210.0,738.0,758.0,758.0,738.0,970.0,970.0,970.0,970.0
703,326.0,210.0,864.0,758.0,482.0,864.0,906.0,758.0,168.0,886.0,806.0,676.0,482.0,806.0,628.0,676.0,806.0,758.0,758.0,758.0,758.0
704,126.0,426.0,916.0,672.0,966.0,916.0,886.0,672.0,308.0,210.0,740.0,906.0,966.0,740.0,308.0,906.0,740.0,672.0,672.0,672.0,672.0
705,404.0,546.0,602.0,806.0,830.0,602.0,728.0,806.0,326.0,822.0,210.0,886.0,830.0,210.0,480.0,886.0,210.0,806.0,806.0,806.0,806.0
706,350.0,224.0,732.0,210.0,720.0,732.0,168.0,168.0,420.0,882.0,392.0,210.0,720.0,392.0,168.0,210.0,392.0,168.0,168.0,168.0,168.0
707,462.0,308.0,168.0,440.0,960.0,168.0,546.0,42.0,396.0,922.0,840.0,822.0,960.0,840.0,962.0,822.0,840.0,42.0,42.0,42.0,42.0
708,396.0,448.0,630.0,966.0,966.0,630.0,294.0,392.0,90.0,970.0,788.0,882.0,966.0,788.0,336.0,882.0,788.0,392.0,392.0,392.0,392.0
709,168.0,962.0,728.0,976.0,908.0,728.0,976.0,730.0,174.0,758.0,630.0,922.0,908.0,630.0,758.0,922.0,630.0,730.0,730.0,730.0,730.0
710,168.0,586.0,992.0,720.0,942.0,992.0,546.0,966.0,336.0,672.0,528.0,970.0,942.0,528.0,224.0,970.0,528.0,966.0,966.0,966.0,966.0
711,90.0,392.0,878.0,960.0,862.0,878.0,224.0,956.0,372.0,806.0,866.0,758.0,862.0,866.0,728.0,758.0,866.0,956.0,956.0,956.0,956.0
712,126.0,758.0,336.0,814.0,210.0,336.0,906.0,912.0,270.0,886.0,820.0,672.0,210.0,820.0,588.0,672.0,820.0,912.0,912.0,912.0,912.0
713,336.0,606.0,592.0,956.0,588.0,592.0,804.0,920.0,410.0,294.0,968.0,806.0,588.0,968.0,618.0,806.0,968.0,920.0,920.0,920.0,920.0
714,84.0,210.0,864.0,546.0,924.0,864.0,850.0,956.0,294.0,392.0,210.0,168.0,924.0,210.0,676.0,168.0,210.0,956.0,956.0,956.0,956.0
715,42.0,654.0,854.0,252.0,682.0,854.0,210.0,546.0,224.0,674.0,630.0,42.0,682.0,630.0,420.0,42.0,630.0,546.0,546.0,546.0,546.0
716,210.0,308.0,168.0,966.0,224.0,168.0,482.0,252.0,404.0,630.0,728.0,440.0,224.0,728.0,564.0,440.0,728.0,252.0,252.0,252.0,252.0
717,126.0,420.0,210.0,878.0,660.0,210.0,308.0,836.0,210.0,966.0,992.0,966.0,660.0,992.0,168.0,966.0,992.0,836.0,836.0,836.0,836.0
718,210.0,962.0,350.0,266.0,950.0,350.0,420.0,266.0,492.0,534.0,878.0,976.0,950.0,878.0,550.0,976.0,878.0,266.0,266.0,266.0,266.0
719,266.0,588.0,196.0,628.0,168.0,196.0,928.0,854.0,336.0,866.0,886.0,720.0,168.0,886.0,546.0,720.0,886.0,854.0,854.0,854.0,854.0
720,126.0,648.0,210.0,878.0,266.0,210.0,588.0,996.0,168.0,800.0,864.0,960.0,266.0,864.0,728.0,960.0,864.0,996.0,996.0,996.0,996.0
721,182.0,736.0,728.0,714.0,196.0,728.0,954.0,754.0,126.0,168.0,854.0,814.0,196.0,854.0,522.0,814.0,854.0,754.0,754.0,754.0,754.0
722,410.0,462.0,588.0,914.0,432.0,588.0,838.0,824.0,564.0,546.0,168.0,956.0,432.0,168.0,708.0,956.0,168.0,824.0,824.0,824.0,824.0
723,174.0,224.0,854.0,350.0,872.0,854.0,594.0,714.0,174.0,210.0,210.0,168.0,872.0,210.0,878.0,168.0,210.0,714.0,714.0,714.0,714.0
724,98.0,830.0,928.0,364.0,728.0,928.0,720.0,168.0,410.0,840.0,490.0,546.0,728.0,490.0,224.0,546.0,490.0,168.0,168.0,168.0,168.0
725,270.0,168.0,630.0,258.0,956.0,630.0,750.0,258.0,210.0,878.0,784.0,210.0,956.0,784.0,336.0,210.0,784.0,258.0,258.0,258.0,258.0
726,168.0,168.0,224.0,728.0,788.0,224.0,210.0,746.0,308.0,266.0,258.0,840.0,788.0,258.0,518.0,840.0,258.0,746.0,746.0,746.0,746.0
727,252.0,630.0,956.0,588.0,770.0,956.0,588.0,966.0,494.0,628.0,764.0,878.0,770.0,764.0,864.0,878.0,764.0,966.0,966.0,966.0,966.0
728,126.0,532.0,182.0,764.0,866.0,182.0,546.0,588.0,210.0,878.0,788.0,266.0,866.0,788.0,168.0,266.0,788.0,588.0,588.0,588.0,588.0
729,480.0,434.0,740.0,662.0,308.0,740.0,728.0,542.0,168.0,714.0,644.0,628.0,308.0,644.0,522.0,628.0,644.0,542.0,542.0,542.0,542.0
730,404.0,578.0,588.0,336.0,210.0,588.0,626.0,578.0,404.0,914.0,980.0,878.0,210.0,980.0,906.0,878.0,980.0,578.0,578.0,578.0,578.0
731,326.0,788.0,966.0,266.0,794.0,966.0,224.0,336.0,336.0,168.0,956.0,714.0,794.0,956.0,294.0,714.0,956.0,336.0,336.0,336.0,336.0
732,414.0,224.0,948.0,770.0,224.0,948.0,618.0,266.0,252.0,350.0,210.0,914.0,224.0,210.0,588.0,914.0,210.0,266.0,266.0,266.0,266.0
733,450.0,746.0,822.0,956.0,896.0,822.0,886.0,728.0,506.0,196.0,182.0,168.0,896.0,182.0,760.0,168.0,182.0,728.0,728.0,728.0,728.0
734,336.0,854.0,868.0,210.0,588.0,868.0,866.0,866.0,222.0,258.0,588.0,238.0,588.0,588.0,224.0,238.0,588.0,866.0,866.0,866.0,866.0
735,126.0,920.0,928.0,784.0,490.0,928.0,168.0,798.0,168.0,728.0,728.0,258.0,490.0,728.0,434.0,258.0,728.0,798.0,798.0,798.0,798.0
736,168.0,210.0,168.0,840.0,950.0,168.0,630.0,210.0,182.0,588.0,786.0,676.0,950.0,786.0,210.0,676.0,786.0,210.0,210.0,210.0,210.0
737,42.0,788.0,800.0,916.0,620.0,800.0,560.0,926.0,552.0,764.0,692.0,840.0,620.0,692.0,708.0,840.0,692.0,926.0,926.0,926.0,926.0
738,174.0,224.0,126.0,928.0,962.0,126.0,438.0,546.0,252.0,662.0,738.0,542.0,962.0,738.0,710.0,542.0,738.0,546.0,546.0,546.0,546.0
739,168.0,420.0,420.0,920.0,168.0,420.0,672.0,770.0,336.0,336.0,886.0,536.0,168.0,886.0,518.0,536.0,886.0,770.0,770.0,770.0,770.0
740,84.0,588.0,630.0,572.0,210.0,630.0,474.0,224.0,168.0,266.0,420.0,336.0,210.0,420.0,210.0,336.0,420.0,224.0,224.0,224.0,224.0
741,362.0,660.0,252.0,872.0,984.0,252.0,944.0,824.0,404.0,770.0,812.0,644.0,984.0,812.0,308.0,644.0,812.0,824.0,824.0,824.0,824.0
742,336.0,518.0,980.0,168.0,812.0,980.0,266.0,964.0,126.0,956.0,168.0,938.0,812.0,168.0,588.0,938.0,168.0,964.0,964.0,964.0,964.0
743,180.0,814.0,844.0,168.0,686.0,844.0,962.0,780.0,294.0,210.0,800.0,866.0,686.0,800.0,788.0,866.0,800.0,780.0,780.0,780.0,780.0
744,126.0,906.0,552.0,532.0,728.0,552.0,928.0,168.0,336.0,784.0,126.0,210.0,728.0,126.0,420.0,210.0,126.0,168.0,168.0,168.0,168.0
745,450.0,308.0,962.0,872.0,704.0,962.0,798.0,210.0,216.0,840.0,420.0,944.0,704.0,420.0,772.0,944.0,420.0,210.0,210.0,210.0,210.0
746,336.0,606.0,308.0,812.0,830.0,308.0,168.0,532.0,642.0,916.0,630.0,588.0,830.0,630.0,822.0,588.0,630.0,532.0,532.0,532.0,532.0
747,326.0,308.0,210.0,854.0,920.0,210.0,926.0,872.0,210.0,928.0,252.0,728.0,920.0,252.0,660.0,728.0,252.0,872.0,872.0,872.0,872.0
748,126.0,168.0,962.0,578.0,168.0,962.0,728.0,812.0,502.0,920.0,980.0,504.0,168.0,980.0,224.0,504.0,980.0,812.0,812.0,812.0,812.0
749,182.0,752.0,836.0,830.0,308.0,836.0,770.0,686.0,420.0,572.0,844.0,932.0,308.0,844.0,560.0,932.0,844.0,686.0,686.0,686.0,686.0
750,210.0,168.0,840.0,920.0,252.0,840.0,336.0,704.0,336.0,872.0,552.0,224.0,252.0,552.0,690.0,224.0,552.0,704.0,704.0,704.0,704.0
751,126.0,588.0,546.0,308.0,758.0,546.0,608.0,830.0,498.0,168.0,962.0,956.0,758.0,962.0,168.0,956.0,962.0,830.0,830.0,830.0,830.0
752,180.0,224.0,956.0,168.0,532.0,956.0,838.0,920.0,168.0,168.0,308.0,956.0,532.0,308.0,546.0,956.0,308.0,920.0,920.0,920.0,920.0
753,404.0,420.0,614.0,224.0,630.0,614.0,870.0,308.0,480.0,532.0,210.0,210.0,630.0,210.0,252.0,210.0,210.0,308.0,308.0,308.0,308.0
754,98.0,746.0,812.0,252.0,920.0,812.0,168.0,168.0,224.0,872.0,962.0,266.0,920.0,962.0,420.0,266.0,962.0,168.0,168.0,168.0,168.0
755,258.0,726.0,266.0,806.0,800.0,266.0,710.0,224.0,458.0,812.0,794.0,840.0,800.0,794.0,224.0,840.0,794.0,224.0,224.0,224.0,224.0
756,210.0,764.0,210.0,728.0,802.0,210.0,294.0,252.0,252.0,854.0,722.0,872.0,802.0,722.0,308.0,872.0,722.0,252.0,252.0,252.0,252.0
757,168.0,758.0,406.0,588.0,872.0,406.0,420.0,806.0,308.0,578.0,840.0,588.0,872.0,840.0,666.0,588.0,840.0,806.0,806.0,806.0,806.0
758,270.0,420.0,252.0,618.0,168.0,252.0,630.0,728.0,168.0,830.0,588.0,854.0,168.0,588.0,420.0,854.0,588.0,728.0,728.0,728.0,728.0
759,308.0,588.0,560.0,928.0,210.0,560.0,988.0,588.0,360.0,920.0,956.0,704.0,210.0,956.0,920.0,704.0,956.0,588.0,588.0,588.0,588.0
760,210.0,168.0,940.0,734.0,434.0,940.0,884.0,618.0,308.0,308.0,704.0,788.0,434.0,704.0,732.0,788.0,704.0,618.0,618.0,618.0,618.0
761,414.0,224.0,630.0,996.0,252.0,630.0,678.0,928.0,336.0,168.0,266.0,920.0,252.0,266.0,752.0,920.0,266.0,928.0,928.0,928.0,928.0
762,168.0,126.0,970.0,210.0,560.0,970.0,962.0,734.0,182.0,224.0,210.0,168.0,560.0,210.0,634.0,168.0,210.0,734.0,734.0,734.0,734.0
763,410.0,308.0,182.0,938.0,898.0,182.0,308.0,996.0,126.0,252.0,168.0,224.0,898.0,168.0,168.0,224.0,168.0,996.0,996.0,996.0,996.0
764,168.0,420.0,958.0,728.0,630.0,958.0,168.0,210.0,252.0,806.0,392.0,252.0,630.0,392.0,588.0,252.0,392.0,210.0,210.0,210.0,210.0
765,180.0,886.0,934.0,528.0,844.0,934.0,252.0,938.0,252.0,728.0,560.0,806.0,844.0,560.0,42.0,806.0,560.0,938.0,938.0,938.0,938.0
766,336.0,618.0,210.0,224.0,182.0,210.0,758.0,728.0,168.0,588.0,940.0,728.0,182.0,940.0,728.0,728.0,940.0,728.0,728.0,728.0,728.0
767,84.0,674.0,786.0,588.0,914.0,786.0,728.0,528.0,522.0,618.0,672.0,588.0,914.0,672.0,670.0,588.0,672.0,528.0,528.0,528.0,528.0
768,126.0,948.0,812.0,902.0,950.0,812.0,630.0,224.0,168.0,928.0,970.0,618.0,950.0,970.0,294.0,618.0,970.0,224.0,224.0,224.0,224.0
769,42.0,420.0,266.0,992.0,524.0,266.0,920.0,588.0,336.0,734.0,420.0,928.0,524.0,420.0,224.0,928.0,420.0,588.0,588.0,588.0,588.0
770,326.0,662.0,998.0,932.0,210.0,998.0,800.0,902.0,326.0,996.0,958.0,734.0,210.0,958.0,696.0,734.0,958.0,902.0,902.0,902.0,902.0
771,126.0,210.0,926.0,524.0,812.0,926.0,802.0,992.0,174.0,210.0,752.0,996.0,812.0,752.0,364.0,996.0,752.0,992.0,992.0,992.0,992.0
772,126.0,420.0,734.0,210.0,788.0,734.0,420.0,932.0,414.0,894.0,524.0,210.0,788.0,524.0,550.0,210.0,524.0,932.0,932.0,932.0,932.0
773,182.0,588.0,596.0,788.0,602.0,596.0,564.0,524.0,410.0,308.0,210.0,894.0,602.0,210.0,854.0,894.0,210.0,524.0,524.0,524.0,524.0
774,168.0,258.0,714.0,728.0,864.0,714.0,168.0,630.0,404.0,872.0,832.0,308.0,864.0,832.0,864.0,308.0,832.0,630.0,630.0,630.0,630.0
775,174.0,224.0,434.0,864.0,832.0,434.0,168.0,210.0,252.0,878.0,504.0,872.0,832.0,504.0,420.0,872.0,504.0,210.0,210.0,210.0,210.0
776,418.0,928.0,210.0,420.0,654.0,210.0,966.0,746.0,252.0,462.0,788.0,932.0,654.0,788.0,794.0,932.0,788.0,746.0,746.0,746.0,746.0
777,210.0,762.0,844.0,1000.0,756.0,844.0,536.0,560.0,632.0,224.0,308.0,462.0,756.0,308.0,168.0,462.0,308.0,560.0,560.0,560.0,560.0
778,270.0,700.0,696.0,752.0,210.0,696.0,768.0,864.0,168.0,714.0,602.0,224.0,210.0,602.0,182.0,224.0,602.0,864.0,864.0,864.0,864.0
779,98.0,644.0,630.0,756.0,872.0,630.0,798.0,1000.0,252.0,602.0,864.0,714.0,872.0,864.0,42.0,714.0,864.0,1000.0,1000.0,1000.0,1000.0
780,294.0,1000.0,294.0,476.0,882.0,294.0,962.0,752.0,168.0,878.0,654.0,824.0,882.0,654.0,546.0,824.0,654.0,752.0,752.0,752.0,752.0
781,126.0,308.0,836.0,210.0,566.0,836.0,836.0,756.0,168.0,524.0,756.0,602.0,566.0,756.0,572.0,602.0,756.0,756.0,756.0,756.0,756.0
782,404.0,210.0,440.0,844.0,756.0,440.0,840.0,210.0,210.0,210.0,434.0,524.0,756.0,434.0,342.0,524.0,434.0,210.0,210.0,210.0,210.0
783,210.0,224.0,672.0,252.0,864.0,672.0,572.0,886.0,252.0,788.0,210.0,210.0,864.0,210.0,864.0,210.0,210.0,886.0,886.0,886.0,886.0
784,308.0,308.0,336.0,628.0,930.0,336.0,168.0,628.0,294.0,728.0,844.0,788.0,930.0,844.0,384.0,788.0,844.0,628.0,628.0,628.0,628.0
785,266.0,588.0,650.0,800.0,962.0,650.0,504.0,674.0,336.0,864.0,654.0,560.0,962.0,654.0,420.0,560.0,654.0,674.0,674.0,674.0,674.0
786,90.0,658.0,440.0,462.0,392.0,440.0,990.0,630.0,126.0,420.0,224.0,770.0,392.0,224.0,1000.0,770.0,224.0,630.0,630.0,630.0,630.0
787,396.0,674.0,728.0,378.0,728.0,728.0,210.0,728.0,422.0,1000.0,588.0,864.0,728.0,588.0,308.0,864.0,588.0,728.0,728.0,728.0,728.0
788,336.0,618.0,168.0,722.0,210.0,168.0,914.0,392.0,308.0,752.0,294.0,832.0,210.0,294.0,576.0,832.0,294.0,392.0,392.0,392.0,392.0
789,126.0,970.0,432.0,406.0,678.0,432.0,308.0,624.0,216.0,756.0,588.0,738.0,678.0,588.0,168.0,738.0,588.0,624.0,624.0,624.0,624.0
790,168.0,906.0,716.0,864.0,912.0,716.0,630.0,406.0,494.0,476.0,884.0,756.0,912.0,884.0,300.0,756.0,884.0,406.0,406.0,406.0,406.0
791,168.0,886.0,856.0,728.0,722.0,856.0,818.0,864.0,180.0,210.0,930.0,434.0,722.0,930.0,546.0,434.0,930.0,864.0,864.0,864.0,864.0
792,168.0,210.0,630.0,168.0,608.0,630.0,928.0,728.0,410.0,844.0,392.0,210.0,608.0,392.0,224.0,210.0,392.0,728.0,728.0,728.0,728.0
793,180.0,448.0,518.0,210.0,838.0,518.0,210.0,210.0,224.0,252.0,440.0,928.0,838.0,440.0,210.0,928.0,440.0,210.0,210.0,210.0,210.0
794,42.0,838.0,864.0,342.0,954.0,864.0,970.0,510.0,446.0,628.0,728.0,950.0,954.0,728.0,322.0,950.0,728.0,510.0,510.0,510.0,510.0
795,210.0,970.0,690.0,716.0,462.0,690.0,800.0,716.0,552.0,800.0,168.0,674.0,462.0,168.0,544.0,674.0,168.0,716.0,716.0,716.0,716.0
796,210.0,758.0,674.0,848.0,210.0,674.0,308.0,848.0,480.0,462.0,432.0,630.0,210.0,432.0,392.0,630.0,432.0,848.0,848.0,848.0,848.0
797,326.0,672.0,210.0,630.0,572.0,210.0,626.0,630.0,336.0,378.0,716.0,336.0,572.0,716.0,800.0,336.0,716.0,630.0,630.0,630.0,630.0
798,84.0,890.0,392.0,608.0,1000.0,392.0,630.0,608.0,308.0,722.0,856.0,392.0,1000.0,856.0,920.0,392.0,856.0,608.0,608.0,608.0,608.0
799,126.0,822.0,630.0,838.0,630.0,630.0,420.0,838.0,168.0,406.0,630.0,624.0,630.0,630.0,434.0,624.0,630.0,838.0,838.0,838.0,838.0
800,180.0,434.0,970.0,954.0,728.0,970.0,654.0,954.0,182.0,864.0,518.0,864.0,728.0,518.0,606.0,864.0,518.0,954.0,954.0,954.0,954.0
801,404.0,210.0,560.0,560.0,830.0,560.0,962.0,560.0,126.0,728.0,864.0,728.0,830.0,864.0,168.0,728.0,864.0,560.0,560.0,560.0,560.0
802,308.0,970.0,588.0,674.0,858.0,588.0,462.0,674.0,494.0,168.0,690.0,168.0,858.0,690.0,654.0,168.0,690.0,674.0,674.0,674.0,674.0
803,182.0,392.0,534.0,168.0,752.0,534.0,210.0,168.0,336.0,210.0,674.0,210.0,752.0,674.0,308.0,210.0,674.0,168.0,168.0,168.0,168.0
804,174.0,548.0,878.0,906.0,168.0,878.0,788.0,126.0,210.0,342.0,210.0,468.0,168.0,210.0,420.0,468.0,210.0,126.0,126.0,126.0,126.0
805,168.0,630.0,606.0,630.0,420.0,606.0,716.0,906.0,168.0,716.0,392.0,660.0,420.0,392.0,866.0,660.0,392.0,906.0,906.0,906.0,906.0
806,336.0,532.0,812.0,676.0,722.0,812.0,856.0,630.0,420.0,848.0,630.0,848.0,722.0,630.0,336.0,848.0,630.0,630.0,630.0,630.0,630.0
807,336.0,434.0,630.0,588.0,588.0,630.0,728.0,886.0,404.0,630.0,840.0,560.0,588.0,840.0,588.0,560.0,840.0,886.0,886.0,886.0,886.0
808,126.0,906.0,992.0,800.0,224.0,992.0,630.0,588.0,174.0,608.0,970.0,608.0,224.0,970.0,778.0,608.0,970.0,588.0,588.0,588.0,588.0
809,410.0,534.0,906.0,336.0,550.0,906.0,462.0,800.0,464.0,838.0,534.0,838.0,550.0,534.0,224.0,838.0,534.0,800.0,800.0,800.0,800.0
810,126.0,886.0,592.0,704.0,696.0,592.0,920.0,704.0,264.0,954.0,878.0,954.0,696.0,878.0,578.0,954.0,878.0,704.0,704.0,704.0,704.0
811,98.0,168.0,878.0,168.0,336.0,878.0,732.0,168.0,252.0,560.0,914.0,168.0,336.0,914.0,462.0,168.0,914.0,168.0,168.0,168.0,168.0
812,414.0,546.0,336.0,820.0,462.0,336.0,966.0,596.0,410.0,674.0,168.0,572.0,462.0,168.0,660.0,572.0,168.0,596.0,596.0,596.0,596.0
813,450.0,210.0,896.0,732.0,864.0,896.0,168.0,630.0,552.0,168.0,812.0,126.0,864.0,812.0,168.0,126.0,812.0,630.0,630.0,630.0,630.0
814,126.0,462.0,630.0,630.0,308.0,630.0,392.0,606.0,252.0,906.0,630.0,1000.0,308.0,630.0,168.0,1000.0,630.0,606.0,606.0,606.0,606.0
815,396.0,968.0,434.0,962.0,704.0,434.0,126.0,630.0,522.0,630.0,992.0,630.0,704.0,992.0,420.0,630.0,992.0,630.0,630.0,630.0,630.0
816,270.0,266.0,658.0,920.0,764.0,658.0,958.0,962.0,336.0,676.0,906.0,788.0,764.0,906.0,528.0,788.0,906.0,962.0,962.0,962.0,962.0
817,168.0,666.0,878.0,578.0,630.0,878.0,672.0,878.0,492.0,588.0,592.0,728.0,630.0,592.0,588.0,728.0,592.0,878.0,878.0,878.0,878.0
818,168.0,308.0,252.0,560.0,210.0,252.0,886.0,336.0,420.0,800.0,878.0,858.0,210.0,878.0,294.0,858.0,878.0,336.0,336.0,336.0,336.0
819,126.0,950.0,718.0,672.0,308.0,718.0,940.0,676.0,168.0,336.0,336.0,420.0,308.0,336.0,578.0,420.0,336.0,676.0,676.0,676.0,676.0
820,84.0,676.0,906.0,630.0,574.0,906.0,934.0,560.0,336.0,704.0,728.0,752.0,574.0,728.0,662.0,752.0,728.0,560.0,560.0,560.0,560.0
821,210.0,822.0,680.0,210.0,800.0,680.0,168.0,588.0,308.0,168.0,630.0,812.0,800.0,630.0,224.0,812.0,630.0,588.0,588.0,588.0,588.0
822,404.0,168.0,886.0,308.0,922.0,886.0,882.0,210.0,126.0,820.0,168.0,210.0,922.0,168.0,564.0,210.0,168.0,210.0,210.0,210.0,210.0
823,42.0,434.0,168.0,974.0,970.0,168.0,820.0,224.0,210.0,732.0,560.0,728.0,970.0,560.0,494.0,728.0,560.0,224.0,224.0,224.0,224.0
824,326.0,238.0,588.0,420.0,864.0,588.0,588.0,560.0,294.0,630.0,878.0,630.0,864.0,878.0,920.0,630.0,878.0,560.0,560.0,560.0,560.0
825,90.0,482.0,252.0,980.0,704.0,252.0,432.0,696.0,326.0,962.0,210.0,822.0,704.0,210.0,434.0,822.0,210.0,696.0,696.0,696.0,696.0
826,126.0,578.0,252.0,970.0,812.0,252.0,962.0,698.0,404.0,920.0,986.0,782.0,812.0,986.0,168.0,782.0,986.0,698.0,698.0,698.0,698.0
827,174.0,676.0,168.0,560.0,210.0,168.0,836.0,844.0,410.0,578.0,802.0,878.0,210.0,802.0,224.0,878.0,802.0,844.0,844.0,844.0,844.0
828,182.0,406.0,182.0,990.0,434.0,182.0,440.0,588.0,174.0,560.0,912.0,336.0,434.0,912.0,420.0,336.0,912.0,588.0,588.0,588.0,588.0
829,336.0,630.0,308.0,956.0,168.0,308.0,914.0,864.0,372.0,672.0,896.0,844.0,168.0,896.0,588.0,844.0,896.0,864.0,864.0,864.0,864.0
830,126.0,536.0,938.0,210.0,322.0,938.0,836.0,770.0,336.0,630.0,676.0,588.0,322.0,676.0,618.0,588.0,676.0,770.0,770.0,770.0,770.0
831,168.0,336.0,930.0,378.0,738.0,930.0,588.0,956.0,182.0,210.0,546.0,210.0,738.0,546.0,518.0,210.0,546.0,956.0,956.0,956.0,956.0
832,308.0,638.0,844.0,252.0,378.0,844.0,168.0,210.0,252.0,308.0,252.0,224.0,378.0,252.0,336.0,224.0,252.0,210.0,210.0,210.0,210.0
833,210.0,920.0,546.0,440.0,794.0,546.0,770.0,252.0,360.0,974.0,560.0,434.0,794.0,560.0,716.0,434.0,560.0,252.0,252.0,252.0,252.0
834,258.0,308.0,866.0,322.0,754.0,866.0,210.0,322.0,438.0,420.0,294.0,696.0,754.0,294.0,906.0,696.0,294.0,322.0,322.0,322.0,322.0
835,98.0,210.0,764.0,308.0,728.0,764.0,692.0,308.0,168.0,980.0,224.0,698.0,728.0,224.0,718.0,698.0,224.0,308.0,308.0,308.0,308.0
836,210.0,920.0,378.0,542.0,926.0,378.0,996.0,822.0,266.0,970.0,708.0,886.0,926.0,708.0,308.0,886.0,708.0,822.0,822.0,822.0,822.0
837,126.0,812.0,486.0,832.0,210.0,486.0,746.0,832.0,168.0,560.0,420.0,672.0,210.0,420.0,522.0,672.0,420.0,832.0,832.0,832.0,832.0
838,270.0,588.0,966.0,596.0,840.0,966.0,266.0,644.0,180.0,990.0,564.0,864.0,840.0,564.0,308.0,864.0,564.0,644.0,644.0,644.0,644.0
839,362.0,462.0,630.0,786.0,546.0,630.0,770.0,786.0,168.0,956.0,878.0,770.0,546.0,878.0,168.0,770.0,878.0,786.0,786.0,786.0,786.0
840,494.0,734.0,962.0,420.0,920.0,962.0,168.0,910.0,126.0,210.0,920.0,872.0,920.0,920.0,752.0,872.0,920.0,910.0,910.0,910.0,910.0
841,370.0,224.0,392.0,932.0,698.0,392.0,588.0,926.0,336.0,378.0,764.0,210.0,698.0,764.0,168.0,210.0,764.0,926.0,926.0,926.0,926.0
842,336.0,914.0,592.0,210.0,956.0,592.0,210.0,210.0,210.0,252.0,378.0,588.0,956.0,378.0,588.0,588.0,378.0,210.0,210.0,210.0,210.0
843,168.0,870.0,872.0,770.0,224.0,872.0,572.0,532.0,224.0,440.0,486.0,252.0,224.0,486.0,224.0,252.0,486.0,532.0,532.0,532.0,532.0
844,168.0,168.0,210.0,546.0,722.0,210.0,578.0,546.0,372.0,322.0,966.0,342.0,722.0,966.0,420.0,342.0,966.0,546.0,546.0,546.0,546.0
845,126.0,266.0,958.0,864.0,210.0,958.0,322.0,308.0,404.0,308.0,630.0,476.0,210.0,630.0,746.0,476.0,630.0,308.0,308.0,308.0,308.0
846,98.0,252.0,728.0,824.0,420.0,728.0,560.0,920.0,420.0,542.0,962.0,378.0,420.0,962.0,726.0,378.0,962.0,920.0,920.0,920.0,920.0
847,336.0,420.0,482.0,224.0,906.0,482.0,682.0,698.0,294.0,832.0,392.0,668.0,906.0,392.0,764.0,668.0,392.0,698.0,698.0,698.0,698.0
848,42.0,564.0,808.0,750.0,308.0,808.0,588.0,956.0,174.0,596.0,592.0,182.0,308.0,592.0,758.0,182.0,592.0,956.0,956.0,956.0,956.0
849,180.0,588.0,654.0,922.0,764.0,654.0,942.0,224.0,336.0,786.0,872.0,656.0,764.0,872.0,420.0,656.0,872.0,224.0,224.0,224.0,224.0
850,210.0,686.0,928.0,168.0,704.0,928.0,832.0,722.0,210.0,420.0,210.0,680.0,704.0,210.0,546.0,680.0,210.0,722.0,722.0,722.0,722.0
851,174.0,462.0,560.0,532.0,886.0,560.0,884.0,210.0,506.0,932.0,840.0,738.0,886.0,840.0,168.0,738.0,840.0,210.0,210.0,210.0,210.0
852,84.0,788.0,714.0,308.0,626.0,714.0,168.0,420.0,396.0,210.0,714.0,932.0,626.0,714.0,294.0,932.0,714.0,420.0,420.0,420.0,420.0
853,464.0,620.0,168.0,126.0,420.0,168.0,532.0,308.0,410.0,770.0,764.0,168.0,420.0,764.0,42.0,168.0,764.0,308.0,308.0,308.0,308.0
854,126.0,920.0,42.0,630.0,798.0,42.0,210.0,714.0,308.0,546.0,902.0,336.0,798.0,902.0,308.0,336.0,902.0,714.0,714.0,714.0,714.0
855,126.0,308.0,224.0,806.0,168.0,224.0,546.0,932.0,492.0,864.0,872.0,770.0,168.0,872.0,662.0,770.0,872.0,932.0,932.0,932.0,932.0
856,182.0,168.0,658.0,878.0,168.0,658.0,308.0,932.0,308.0,824.0,770.0,728.0,168.0,770.0,420.0,728.0,770.0,932.0,932.0,932.0,932.0
857,180.0,224.0,308.0,872.0,224.0,308.0,634.0,962.0,336.0,224.0,970.0,864.0,224.0,970.0,266.0,864.0,970.0,962.0,962.0,962.0,962.0
858,266.0,252.0,770.0,920.0,658.0,770.0,914.0,886.0,168.0,750.0,210.0,824.0,658.0,210.0,592.0,824.0,210.0,886.0,886.0,886.0,886.0
859,210.0,806.0,704.0,802.0,308.0,704.0,224.0,678.0,182.0,922.0,224.0,792.0,308.0,224.0,752.0,792.0,224.0,678.0,678.0,678.0,678.0
860,294.0,308.0,746.0,210.0,770.0,746.0,962.0,168.0,308.0,168.0,728.0,628.0,770.0,728.0,948.0,628.0,728.0,168.0,168.0,168.0,168.0
861,180.0,420.0,714.0,384.0,578.0,714.0,660.0,168.0,174.0,532.0,770.0,168.0,578.0,770.0,420.0,168.0,770.0,168.0,168.0,168.0,168.0
862,336.0,588.0,920.0,182.0,746.0,920.0,210.0,384.0,168.0,308.0,746.0,560.0,746.0,746.0,624.0,560.0,746.0,384.0,384.0,384.0,384.0
863,168.0,618.0,788.0,406.0,920.0,788.0,532.0,182.0,126.0,126.0,746.0,126.0,920.0,746.0,542.0,126.0,746.0,182.0,182.0,182.0,182.0
864,404.0,928.0,210.0,560.0,714.0,210.0,308.0,658.0,420.0,630.0,714.0,714.0,714.0,714.0,168.0,714.0,714.0,658.0,658.0,658.0,658.0
865,126.0,734.0,308.0,948.0,788.0,308.0,920.0,308.0,210.0,806.0,920.0,980.0,788.0,920.0,420.0,980.0,920.0,308.0,308.0,308.0,308.0
866,362.0,996.0,962.0,704.0,210.0,962.0,482.0,948.0,458.0,878.0,984.0,810.0,210.0,984.0,546.0,810.0,984.0,948.0,948.0,948.0,948.0
867,266.0,168.0,764.0,962.0,308.0,764.0,914.0,578.0,252.0,872.0,210.0,938.0,308.0,210.0,210.0,938.0,210.0,578.0,578.0,578.0,578.0
868,418.0,308.0,532.0,714.0,962.0,532.0,970.0,962.0,278.0,920.0,308.0,770.0,962.0,308.0,224.0,770.0,308.0,962.0,962.0,962.0,962.0
869,348.0,788.0,878.0,972.0,764.0,878.0,860.0,714.0,372.0,802.0,962.0,976.0,764.0,962.0,708.0,976.0,962.0,714.0,714.0,714.0,714.0
870,182.0,920.0,630.0,210.0,532.0,630.0,846.0,972.0,336.0,210.0,764.0,168.0,532.0,764.0,550.0,168.0,764.0,972.0,972.0,972.0,972.0
871,168.0,420.0,872.0,308.0,878.0,872.0,420.0,210.0,360.0,384.0,532.0,210.0,878.0,532.0,336.0,210.0,532.0,210.0,210.0,210.0,210.0
872,84.0,224.0,886.0,950.0,630.0,886.0,462.0,308.0,294.0,182.0,878.0,966.0,630.0,878.0,560.0,966.0,878.0,308.0,308.0,308.0,308.0
873,98.0,398.0,210.0,958.0,872.0,210.0,224.0,866.0,396.0,406.0,630.0,728.0,872.0,630.0,906.0,728.0,630.0,866.0,866.0,866.0,866.0
874,210.0,714.0,714.0,942.0,886.0,714.0,966.0,974.0,404.0,560.0,872.0,746.0,886.0,872.0,308.0,746.0,872.0,974.0,974.0,974.0,974.0
875,126.0,504.0,928.0,482.0,210.0,928.0,998.0,420.0,308.0,948.0,886.0,896.0,210.0,886.0,564.0,896.0,886.0,420.0,420.0,420.0,420.0
876,42.0,992.0,728.0,778.0,224.0,728.0,336.0,546.0,492.0,704.0,210.0,746.0,224.0,210.0,168.0,746.0,210.0,546.0,546.0,546.0,546.0
877,168.0,606.0,800.0,616.0,802.0,800.0,746.0,830.0,410.0,962.0,714.0,662.0,802.0,714.0,224.0,662.0,714.0,830.0,830.0,830.0,830.0
878,210.0,524.0,758.0,798.0,546.0,758.0,970.0,992.0,182.0,714.0,928.0,920.0,546.0,928.0,308.0,920.0,928.0,992.0,992.0,992.0,992.0
879,336.0,210.0,660.0,210.0,560.0,660.0,920.0,896.0,222.0,972.0,728.0,210.0,560.0,728.0,336.0,210.0,728.0,896.0,896.0,896.0,896.0
880,174.0,420.0,726.0,756.0,878.0,726.0,210.0,210.0,168.0,210.0,800.0,308.0,878.0,800.0,588.0,308.0,800.0,210.0,210.0,210.0,210.0
881,326.0,788.0,518.0,788.0,758.0,518.0,962.0,830.0,168.0,308.0,758.0,950.0,758.0,758.0,420.0,950.0,758.0,830.0,830.0,830.0,830.0
882,410.0,308.0,618.0,966.0,630.0,618.0,764.0,588.0,42.0,950.0,660.0,958.0,630.0,660.0,420.0,958.0,660.0,588.0,588.0,588.0,588.0
883,126.0,864.0,210.0,686.0,726.0,210.0,840.0,966.0,210.0,958.0,726.0,942.0,726.0,726.0,674.0,942.0,726.0,966.0,966.0,966.0,966.0
884,168.0,420.0,800.0,746.0,708.0,800.0,878.0,812.0,294.0,942.0,518.0,482.0,708.0,518.0,618.0,482.0,518.0,812.0,812.0,812.0,812.0
885,180.0,1000.0,728.0,940.0,210.0,728.0,630.0,746.0,336.0,482.0,618.0,778.0,210.0,618.0,676.0,778.0,618.0,746.0,746.0,746.0,746.0
886,252.0,752.0,588.0,224.0,884.0,588.0,872.0,940.0,222.0,778.0,210.0,616.0,884.0,210.0,906.0,616.0,210.0,940.0,940.0,940.0,940.0
887,360.0,756.0,462.0,726.0,728.0,462.0,886.0,224.0,308.0,616.0,800.0,798.0,728.0,800.0,704.0,798.0,800.0,224.0,224.0,224.0,224.0
888,270.0,728.0,224.0,618.0,588.0,224.0,210.0,726.0,252.0,798.0,728.0,210.0,588.0,728.0,336.0,210.0,728.0,726.0,726.0,726.0,726.0
889,404.0,210.0,928.0,210.0,860.0,928.0,644.0,618.0,326.0,210.0,588.0,756.0,860.0,588.0,168.0,756.0,588.0,618.0,618.0,618.0,618.0
890,126.0,886.0,920.0,716.0,266.0,920.0,830.0,210.0,494.0,756.0,462.0,788.0,266.0,462.0,822.0,788.0,462.0,210.0,210.0,210.0,210.0
891,350.0,182.0,564.0,864.0,638.0,564.0,980.0,758.0,294.0,788.0,224.0,966.0,638.0,224.0,448.0,966.0,224.0,758.0,758.0,758.0,758.0
892,282.0,992.0,210.0,728.0,956.0,210.0,728.0,966.0,414.0,966.0,928.0,686.0,956.0,928.0,922.0,686.0,928.0,966.0,966.0,966.0,966.0
893,90.0,674.0,870.0,588.0,912.0,870.0,746.0,588.0,252.0,686.0,920.0,746.0,912.0,920.0,676.0,746.0,920.0,588.0,588.0,588.0,588.0
894,126.0,336.0,560.0,462.0,968.0,560.0,660.0,224.0,632.0,746.0,564.0,940.0,968.0,564.0,224.0,940.0,564.0,224.0,224.0,224.0,224.0
895,438.0,252.0,714.0,224.0,210.0,714.0,726.0,970.0,480.0,940.0,210.0,224.0,210.0,210.0,618.0,224.0,210.0,970.0,970.0,970.0,970.0
896,336.0,378.0,266.0,928.0,962.0,266.0,518.0,920.0,336.0,224.0,920.0,726.0,962.0,920.0,588.0,726.0,920.0,920.0,920.0,920.0,920.0
897,180.0,540.0,704.0,704.0,588.0,704.0,800.0,788.0,414.0,726.0,728.0,930.0,588.0,728.0,806.0,930.0,728.0,788.0,788.0,788.0,788.0
898,168.0,864.0,896.0,168.0,798.0,896.0,674.0,728.0,168.0,618.0,812.0,210.0,798.0,812.0,434.0,210.0,812.0,728.0,728.0,728.0,728.0
899,126.0,728.0,860.0,962.0,434.0,860.0,252.0,168.0,168.0,210.0,746.0,1000.0,434.0,746.0,168.0,1000.0,746.0,168.0,168.0,168.0,168.0
900,178.0,168.0,962.0,420.0,258.0,962.0,854.0,956.0,294.0,716.0,854.0,756.0,258.0,854.0,676.0,756.0,854.0,956.0,956.0,956.0,956.0
901,42.0,210.0,168.0,294.0,714.0,168.0,630.0,504.0,396.0,864.0,942.0,588.0,714.0,942.0,42.0,588.0,942.0,504.0,504.0,504.0,504.0
902,84.0,342.0,672.0,266.0,224.0,672.0,802.0,224.0,174.0,728.0,830.0,434.0,224.0,830.0,252.0,434.0,830.0,224.0,224.0,224.0,224.0
903,210.0,576.0,336.0,546.0,886.0,336.0,560.0,336.0,126.0,588.0,168.0,224.0,886.0,168.0,674.0,224.0,168.0,336.0,336.0,336.0,336.0
904,182.0,848.0,308.0,728.0,168.0,308.0,864.0,588.0,224.0,462.0,672.0,970.0,168.0,672.0,588.0,970.0,672.0,588.0,588.0,588.0,588.0
905,138.0,546.0,968.0,854.0,672.0,968.0,606.0,844.0,168.0,224.0,252.0,930.0,672.0,252.0,308.0,930.0,252.0,844.0,844.0,844.0,844.0
906,98.0,224.0,420.0,884.0,572.0,420.0,210.0,840.0,210.0,928.0,308.0,728.0,572.0,308.0,420.0,728.0,308.0,840.0,840.0,840.0,840.0
907,278.0,608.0,906.0,920.0,920.0,906.0,768.0,854.0,252.0,704.0,878.0,168.0,920.0,878.0,182.0,168.0,878.0,854.0,854.0,854.0,854.0
908,404.0,838.0,462.0,168.0,420.0,462.0,804.0,672.0,308.0,168.0,504.0,962.0,420.0,504.0,420.0,962.0,504.0,672.0,672.0,672.0,672.0
909,168.0,954.0,820.0,672.0,308.0,820.0,308.0,336.0,410.0,962.0,970.0,420.0,308.0,970.0,534.0,420.0,970.0,336.0,336.0,336.0,336.0
910,126.0,168.0,982.0,210.0,884.0,982.0,224.0,504.0,336.0,420.0,738.0,294.0,884.0,738.0,294.0,294.0,738.0,504.0,504.0,504.0,504.0
911,308.0,572.0,210.0,836.0,726.0,210.0,950.0,800.0,336.0,294.0,866.0,266.0,726.0,866.0,920.0,266.0,866.0,800.0,800.0,800.0,800.0
912,168.0,126.0,806.0,812.0,420.0,806.0,588.0,854.0,360.0,266.0,686.0,546.0,420.0,686.0,564.0,546.0,686.0,854.0,854.0,854.0,854.0
913,126.0,1000.0,630.0,738.0,952.0,630.0,462.0,948.0,404.0,546.0,896.0,854.0,952.0,896.0,168.0,854.0,896.0,948.0,948.0,948.0,948.0
914,258.0,630.0,532.0,844.0,168.0,532.0,970.0,934.0,326.0,728.0,630.0,884.0,168.0,630.0,546.0,884.0,630.0,934.0,934.0,934.0,934.0
915,174.0,788.0,886.0,950.0,806.0,886.0,758.0,994.0,308.0,854.0,886.0,920.0,806.0,886.0,210.0,920.0,886.0,994.0,994.0,994.0,994.0
916,168.0,728.0,308.0,812.0,630.0,308.0,168.0,210.0,210.0,884.0,728.0,168.0,630.0,728.0,420.0,168.0,728.0,210.0,210.0,210.0,210.0
917,336.0,858.0,878.0,746.0,728.0,878.0,672.0,764.0,450.0,920.0,878.0,672.0,728.0,878.0,878.0,672.0,878.0,764.0,764.0,764.0,764.0
918,174.0,420.0,872.0,210.0,760.0,872.0,210.0,224.0,420.0,168.0,546.0,210.0,760.0,546.0,266.0,210.0,546.0,224.0,224.0,224.0,224.0
919,330.0,752.0,920.0,878.0,126.0,920.0,758.0,504.0,168.0,672.0,516.0,836.0,126.0,516.0,308.0,836.0,516.0,504.0,504.0,504.0,504.0
920,226.0,168.0,168.0,770.0,878.0,168.0,800.0,420.0,494.0,210.0,962.0,504.0,878.0,962.0,420.0,504.0,962.0,420.0,420.0,420.0,420.0
921,270.0,420.0,770.0,420.0,606.0,770.0,728.0,844.0,336.0,836.0,210.0,738.0,606.0,210.0,628.0,738.0,210.0,844.0,844.0,844.0,844.0
922,126.0,596.0,588.0,308.0,420.0,588.0,758.0,308.0,308.0,812.0,462.0,844.0,420.0,462.0,878.0,844.0,462.0,308.0,308.0,308.0,308.0
923,210.0,588.0,168.0,722.0,920.0,168.0,802.0,648.0,224.0,738.0,308.0,950.0,920.0,308.0,714.0,950.0,308.0,648.0,648.0,648.0,648.0
924,450.0,224.0,704.0,648.0,168.0,704.0,726.0,738.0,42.0,844.0,630.0,308.0,168.0,630.0,606.0,308.0,630.0,738.0,738.0,738.0,738.0
925,336.0,462.0,864.0,420.0,948.0,864.0,420.0,420.0,174.0,950.0,830.0,812.0,948.0,830.0,168.0,812.0,830.0,420.0,420.0,420.0,420.0
926,126.0,962.0,224.0,920.0,944.0,224.0,210.0,962.0,522.0,812.0,864.0,168.0,944.0,864.0,420.0,168.0,864.0,962.0,962.0,962.0,962.0
927,98.0,696.0,660.0,210.0,524.0,660.0,806.0,168.0,252.0,746.0,842.0,848.0,524.0,842.0,434.0,848.0,842.0,168.0,168.0,168.0,168.0
928,168.0,336.0,950.0,770.0,420.0,950.0,588.0,482.0,410.0,210.0,950.0,504.0,420.0,950.0,258.0,504.0,950.0,482.0,482.0,482.0,482.0
929,42.0,564.0,946.0,546.0,308.0,946.0,420.0,770.0,210.0,878.0,946.0,420.0,308.0,946.0,564.0,420.0,946.0,770.0,770.0,770.0,770.0
930,182.0,718.0,168.0,666.0,630.0,168.0,844.0,672.0,446.0,770.0,168.0,760.0,630.0,168.0,294.0,760.0,168.0,672.0,672.0,672.0,672.0
931,294.0,308.0,294.0,864.0,168.0,294.0,308.0,336.0,506.0,420.0,788.0,308.0,168.0,788.0,588.0,308.0,788.0,336.0,336.0,336.0,336.0
932,126.0,588.0,524.0,224.0,850.0,524.0,696.0,864.0,180.0,308.0,210.0,126.0,850.0,210.0,542.0,126.0,210.0,864.0,864.0,864.0,864.0
933,84.0,210.0,308.0,950.0,546.0,308.0,224.0,950.0,252.0,722.0,614.0,606.0,546.0,614.0,578.0,606.0,614.0,950.0,950.0,950.0,950.0
934,168.0,224.0,792.0,928.0,536.0,792.0,606.0,892.0,252.0,648.0,858.0,962.0,536.0,858.0,336.0,962.0,858.0,892.0,892.0,892.0,892.0
935,168.0,308.0,588.0,884.0,168.0,588.0,420.0,908.0,510.0,420.0,308.0,420.0,168.0,308.0,266.0,420.0,308.0,908.0,908.0,908.0,908.0
936,126.0,696.0,574.0,884.0,662.0,574.0,920.0,884.0,336.0,920.0,630.0,920.0,662.0,630.0,728.0,920.0,630.0,884.0,884.0,884.0,884.0
937,126.0,420.0,846.0,168.0,210.0,846.0,916.0,168.0,168.0,210.0,574.0,210.0,210.0,574.0,866.0,210.0,574.0,168.0,168.0,168.0,168.0
938,174.0,698.0,962.0,294.0,572.0,962.0,896.0,294.0,174.0,770.0,930.0,392.0,572.0,930.0,708.0,392.0,930.0,294.0,294.0,294.0,294.0
939,404.0,844.0,986.0,998.0,858.0,986.0,746.0,998.0,336.0,546.0,962.0,770.0,858.0,962.0,168.0,770.0,962.0,998.0,998.0,998.0,998.0
940,336.0,420.0,588.0,560.0,630.0,588.0,546.0,308.0,252.0,666.0,588.0,588.0,630.0,588.0,878.0,588.0,588.0,308.0,308.0,308.0,308.0
941,360.0,864.0,210.0,630.0,728.0,210.0,294.0,630.0,446.0,864.0,210.0,740.0,728.0,210.0,336.0,740.0,210.0,630.0,630.0,630.0,630.0
942,210.0,770.0,224.0,822.0,612.0,224.0,844.0,504.0,168.0,224.0,224.0,770.0,612.0,224.0,546.0,770.0,224.0,504.0,504.0,504.0,504.0
943,396.0,872.0,708.0,812.0,462.0,708.0,844.0,738.0,252.0,950.0,708.0,864.0,462.0,708.0,308.0,864.0,708.0,738.0,738.0,738.0,738.0
944,410.0,210.0,928.0,874.0,552.0,928.0,956.0,644.0,126.0,928.0,928.0,950.0,552.0,928.0,420.0,950.0,928.0,644.0,644.0,644.0,644.0
945,270.0,588.0,966.0,504.0,588.0,966.0,168.0,874.0,404.0,884.0,728.0,758.0,588.0,728.0,420.0,758.0,728.0,874.0,874.0,874.0,874.0
946,326.0,266.0,710.0,210.0,504.0,710.0,704.0,630.0,308.0,884.0,710.0,884.0,504.0,710.0,224.0,884.0,710.0,630.0,630.0,630.0,630.0
947,350.0,252.0,962.0,970.0,210.0,962.0,210.0,210.0,196.0,168.0,962.0,168.0,210.0,962.0,550.0,168.0,962.0,210.0,210.0,210.0,210.0
948,210.0,196.0,746.0,966.0,970.0,746.0,686.0,970.0,360.0,294.0,984.0,294.0,970.0,984.0,878.0,294.0,984.0,970.0,970.0,970.0,970.0
949,462.0,308.0,,920.0,728.0,,812.0,800.0,182.0,998.0,,998.0,728.0,,606.0,998.0,,800.0,800.0,800.0,800.0
950,90.0,378.0,,764.0,920.0,,840.0,758.0,168.0,560.0,,560.0,920.0,,168.0,560.0,,758.0,758.0,758.0,758.0
951,336.0,752.0,,962.0,764.0,,872.0,962.0,374.0,630.0,,630.0,764.0,,224.0,630.0,,962.0,962.0,962.0,962.0
952,168.0,706.0,,746.0,962.0,,830.0,728.0,266.0,822.0,,822.0,962.0,,210.0,822.0,,728.0,728.0,728.0,728.0
953,84.0,728.0,,,984.0,,920.0,984.0,330.0,812.0,,812.0,984.0,,420.0,812.0,,984.0,984.0,984.0,984.0
954,98.0,786.0,,,,,504.0,,632.0,874.0,,874.0,,,564.0,874.0,,,,,
955,126.0,932.0,,,,,210.0,,564.0,504.0,,504.0,,,462.0,504.0,,,,,
956,350.0,168.0,,,,,970.0,,336.0,210.0,,210.0,,,374.0,210.0,,,,,
957,210.0,336.0,,,,,728.0,,420.0,970.0,,970.0,,,662.0,970.0,,,,,
958,42.0,462.0,,,,,992.0,,168.0,966.0,,728.0,,,480.0,728.0,,,,,
959,168.0,546.0,,,,,920.0,,224.0,920.0,,920.0,,,462.0,920.0,,,,,
960,180.0,308.0,,,,,854.0,,210.0,764.0,,764.0,,,788.0,764.0,,,,,
961,182.0,864.0,,,,,864.0,,216.0,962.0,,962.0,,,920.0,962.0,,,,,
962,252.0,824.0,,,,,,,360.0,746.0,,984.0,,,308.0,984.0,,,,,
963,126.0,224.0,,,,,,,308.0,,,,,,168.0,,,,,,
964,326.0,750.0,,,,,,,168.0,,,,,,224.0,,,,,,
965,168.0,628.0,,,,,,,414.0,,,,,,252.0,,,,,,
966,438.0,168.0,,,,,,,336.0,,,,,,632.0,,,,,,
967,90.0,420.0,,,,,,,230.0,,,,,,308.0,,,,,,
968,174.0,308.0,,,,,,,284.0,,,,,,420.0,,,,,,
969,336.0,126.0,,,,,,,410.0,,,,,,588.0,,,,,,
970,282.0,588.0,,,,,,,252.0,,,,,,618.0,,,,,,
971,270.0,932.0,,,,,,,308.0,,,,,,760.0,,,,,,
972,410.0,834.0,,,,,,,210.0,,,,,,602.0,,,,,,
973,126.0,962.0,,,,,,,450.0,,,,,,864.0,,,,,,
974,404.0,802.0,,,,,,,342.0,,,,,,606.0,,,,,,
975,360.0,224.0,,,,,,,396.0,,,,,,168.0,,,,,,
976,210.0,678.0,,,,,,,336.0,,,,,,494.0,,,,,,
977,126.0,168.0,,,,,,,420.0,,,,,,536.0,,,,,,
978,336.0,210.0,,,,,,,168.0,,,,,,662.0,,,,,,
979,168.0,224.0,,,,,,,210.0,,,,,,420.0,,,,,,
980,126.0,420.0,,,,,,,404.0,,,,,,336.0,,,,,,
981,84.0,308.0,,,,,,,182.0,,,,,,224.0,,,,,,
982,126.0,686.0,,,,,,,222.0,,,,,,714.0,,,,,,
983,216.0,746.0,,,,,,,126.0,,,,,,462.0,,,,,,
984,362.0,878.0,,,,,,,174.0,,,,,,552.0,,,,,,
985,210.0,714.0,,,,,,,336.0,,,,,,602.0,,,,,,
986,42.0,606.0,,,,,,,414.0,,,,,,308.0,,,,,,
987,182.0,662.0,,,,,,,238.0,,,,,,564.0,,,,,,
988,462.0,420.0,,,,,,,522.0,,,,,,342.0,,,,,,
989,210.0,210.0,,,,,,,416.0,,,,,,168.0,,,,,,
990,104.0,308.0,,,,,,,168.0,,,,,,420.0,,,,,,
991,126.0,878.0,,,,,,,500.0,,,,,,494.0,,,,,,
992,168.0,224.0,,,,,,,364.0,,,,,,308.0,,,,,,
993,336.0,662.0,,,,,,,534.0,,,,,,182.0,,,,,,
994,180.0,420.0,,,,,,,308.0,,,,,,336.0,,,,,,
995,252.0,746.0,,,,,,,336.0,,,,,,864.0,,,,,,
996,180.0,770.0,,,,,,,180.0,,,,,,420.0,,,,,,
997,258.0,420.0,,,,,,,420.0,,,,,,1000.0,,,,,,
998,360.0,648.0,,,,,,,168.0,,,,,,752.0,,,,,,
999,168.0,756.0,,,,,,,336.0,,,,,,756.0,,,,,,
1000,384.0,210.0,,,,,,,252.0,,,,,,168.0,,,,,,
1001,228.0,434.0,,,,,,,642.0,,,,,,634.0,,,,,,
1002,266.0,830.0,,,,,,,42.0,,,,,,308.0,,,,,,
1003,284.0,588.0,,,,,,,210.0,,,,,,182.0,,,,,,
1004,98.0,532.0,,,,,,,252.0,,,,,,628.0,,,,,,
1005,126.0,812.0,,,,,,,174.0,,,,,,294.0,,,,,,
1006,336.0,746.0,,,,,,,410.0,,,,,,674.0,,,,,,
1007,168.0,940.0,,,,,,,506.0,,,,,,588.0,,,,,,
1008,104.0,224.0,,,,,,,84.0,,,,,,420.0,,,,,,
1009,266.0,726.0,,,,,,,294.0,,,,,,252.0,,,,,,
1010,98.0,618.0,,,,,,,404.0,,,,,,624.0,,,,,,
1011,84.0,210.0,,,,,,,140.0,,,,,,406.0,,,,,,
1012,270.0,716.0,,,,,,,404.0,,,,,,864.0,,,,,,
1013,126.0,864.0,,,,,,,308.0,,,,,,728.0,,,,,,
1014,294.0,322.0,,,,,,,480.0,,,,,,168.0,,,,,,
1015,42.0,588.0,,,,,,,336.0,,,,,,224.0,,,,,,
1016,182.0,434.0,,,,,,,168.0,,,,,,300.0,,,,,,
1017,336.0,224.0,,,,,,,396.0,,,,,,576.0,,,,,,
1018,216.0,928.0,,,,,,,422.0,,,,,,848.0,,,,,,
1019,418.0,434.0,,,,,,,168.0,,,,,,294.0,,,,,,
1020,210.0,704.0,,,,,,,420.0,,,,,,546.0,,,,,,
1021,126.0,728.0,,,,,,,410.0,,,,,,608.0,,,,,,
1022,258.0,168.0,,,,,,,210.0,,,,,,796.0,,,,,,
1023,168.0,962.0,,,,,,,222.0,,,,,,954.0,,,,,,
1024,180.0,708.0,,,,,,,426.0,,,,,,308.0,,,,,,
1025,326.0,420.0,,,,,,,308.0,,,,,,674.0,,,,,,
1026,336.0,210.0,,,,,,,336.0,,,,,,168.0,,,,,,
1027,168.0,224.0,,,,,,,216.0,,,,,,42.0,,,,,,
1028,396.0,588.0,,,,,,,182.0,,,,,,906.0,,,,,,
1029,126.0,676.0,,,,,,,230.0,,,,,,588.0,,,,,,
1030,410.0,758.0,,,,,,,210.0,,,,,,420.0,,,,,,
1031,308.0,600.0,,,,,,,360.0,,,,,,676.0,,,,,,
1032,210.0,168.0,,,,,,,350.0,,,,,,420.0,,,,,,
1033,90.0,672.0,,,,,,,210.0,,,,,,618.0,,,,,,
1034,126.0,210.0,,,,,,,462.0,,,,,,294.0,,,,,,
1035,168.0,308.0,,,,,,,336.0,,,,,,224.0,,,,,,
1036,270.0,364.0,,,,,,,222.0,,,,,,704.0,,,,,,
1037,182.0,836.0,,,,,,,168.0,,,,,,168.0,,,,,,
1038,336.0,420.0,,,,,,,372.0,,,,,,420.0,,,,,,
1039,84.0,738.0,,,,,,,182.0,,,,,,596.0,,,,,,
1040,126.0,760.0,,,,,,,492.0,,,,,,588.0,,,,,,
1041,210.0,754.0,,,,,,,210.0,,,,,,606.0,,,,,,
1042,126.0,812.0,,,,,,,168.0,,,,,,224.0,,,,,,
1043,42.0,168.0,,,,,,,210.0,,,,,,462.0,,,,,,
1044,438.0,266.0,,,,,,,210.0,,,,,,962.0,,,,,,
1045,336.0,546.0,,,,,,,252.0,,,,,,696.0,,,,,,
1046,168.0,504.0,,,,,,,168.0,,,,,,336.0,,,,,,
1047,126.0,818.0,,,,,,,308.0,,,,,,676.0,,,,,,
1048,90.0,308.0,,,,,,,216.0,,,,,,308.0,,,,,,
1049,326.0,294.0,,,,,,,230.0,,,,,,588.0,,,,,,
1050,174.0,474.0,,,,,,,336.0,,,,,,168.0,,,,,,
1051,414.0,982.0,,,,,,,308.0,,,,,,308.0,,,,,,
1052,168.0,886.0,,,,,,,342.0,,,,,,696.0,,,,,,
1053,126.0,796.0,,,,,,,410.0,,,,,,420.0,,,,,,
1054,410.0,168.0,,,,,,,422.0,,,,,,698.0,,,,,,
1055,404.0,392.0,,,,,,,480.0,,,,,,294.0,,,,,,
1056,252.0,462.0,,,,,,,336.0,,,,,,592.0,,,,,,
1057,308.0,588.0,,,,,,,210.0,,,,,,224.0,,,,,,
1058,210.0,624.0,,,,,,,168.0,,,,,,420.0,,,,,,
1059,98.0,864.0,,,,,,,336.0,,,,,,864.0,,,,,,
1060,450.0,950.0,,,,,,,168.0,,,,,,770.0,,,,,,
1061,168.0,378.0,,,,,,,252.0,,,,,,872.0,,,,,,
1062,98.0,634.0,,,,,,,420.0,,,,,,210.0,,,,,,
1063,42.0,674.0,,,,,,,216.0,,,,,,336.0,,,,,,
1064,126.0,308.0,,,,,,,308.0,,,,,,434.0,,,,,,
1065,168.0,702.0,,,,,,,320.0,,,,,,322.0,,,,,,
1066,210.0,168.0,,,,,,,384.0,,,,,,752.0,,,,,,
1067,126.0,704.0,,,,,,,336.0,,,,,,224.0,,,,,,
1068,168.0,210.0,,,,,,,210.0,,,,,,706.0,,,,,,
1069,294.0,504.0,,,,,,,270.0,,,,,,644.0,,,,,,
1070,336.0,308.0,,,,,,,360.0,,,,,,786.0,,,,,,
1071,84.0,224.0,,,,,,,362.0,,,,,,756.0,,,,,,
1072,332.0,588.0,,,,,,,182.0,,,,,,926.0,,,,,,
1073,126.0,504.0,,,,,,,368.0,,,,,,210.0,,,,,,
1074,450.0,612.0,,,,,,,350.0,,,,,,462.0,,,,,,
1075,182.0,644.0,,,,,,,462.0,,,,,,546.0,,,,,,
1076,216.0,874.0,,,,,,,360.0,,,,,,308.0,,,,,,
1077,104.0,588.0,,,,,,,168.0,,,,,,560.0,,,,,,
1078,414.0,210.0,,,,,,,230.0,,,,,,822.0,,,,,,
1079,138.0,224.0,,,,,,,168.0,,,,,,698.0,,,,,,
1080,410.0,504.0,,,,,,,252.0,,,,,,564.0,,,,,,
1081,126.0,928.0,,,,,,,336.0,,,,,,224.0,,,,,,
1082,308.0,686.0,,,,,,,294.0,,,,,,722.0,,,,,,
1083,342.0,618.0,,,,,,,216.0,,,,,,168.0,,,,,,
1084,210.0,758.0,,,,,,,308.0,,,,,,420.0,,,,,,
1085,132.0,962.0,,,,,,,182.0,,,,,,308.0,,,,,,
1086,396.0,564.0,,,,,,,308.0,,,,,,588.0,,,,,,
1087,336.0,,,,,,,,168.0,,,,,,806.0,,,,,,
1088,126.0,,,,,,,,360.0,,,,,,696.0,,,,,,
1089,168.0,,,,,,,,336.0,,,,,,336.0,,,,,,
1090,126.0,,,,,,,,492.0,,,,,,564.0,,,,,,
1091,84.0,,,,,,,,252.0,,,,,,920.0,,,,,,
1092,182.0,,,,,,,,372.0,,,,,,592.0,,,,,,
1093,462.0,,,,,,,,326.0,,,,,,224.0,,,,,,
1094,336.0,,,,,,,,258.0,,,,,,420.0,,,,,,
1095,210.0,,,,,,,,396.0,,,,,,168.0,,,,,,
1096,42.0,,,,,,,,410.0,,,,,,168.0,,,,,,
1097,126.0,,,,,,,,210.0,,,,,,252.0,,,,,,
1098,168.0,,,,,,,,336.0,,,,,,182.0,,,,,,
1099,126.0,,,,,,,,168.0,,,,,,420.0,,,,,,
1100,168.0,,,,,,,,126.0,,,,,,308.0,,,,,,
1101,360.0,,,,,,,,168.0,,,,,,770.0,,,,,,
1102,404.0,,,,,,,,308.0,,,,,,578.0,,,,,,
1103,180.0,,,,,,,,182.0,,,,,,536.0,,,,,,
1104,174.0,,,,,,,,174.0,,,,,,878.0,,,,,,
1105,326.0,,,,,,,,336.0,,,,,,714.0,,,,,,
1106,258.0,,,,,,,,252.0,,,,,,648.0,,,,,,
1107,180.0,,,,,,,,404.0,,,,,,420.0,,,,,,
1108,270.0,,,,,,,,252.0,,,,,,168.0,,,,,,
1109,210.0,,,,,,,,168.0,,,,,,308.0,,,,,,
1110,362.0,,,,,,,,360.0,,,,,,920.0,,,,,,
1111,350.0,,,,,,,,410.0,,,,,,224.0,,,,,,
1112,98.0,,,,,,,,252.0,,,,,,420.0,,,,,,
1113,210.0,,,,,,,,326.0,,,,,,294.0,,,,,,
1114,336.0,,,,,,,,308.0,,,,,,462.0,,,,,,
1115,492.0,,,,,,,,210.0,,,,,,494.0,,,,,,
1116,168.0,,,,,,,,372.0,,,,,,734.0,,,,,,
1117,168.0,,,,,,,,492.0,,,,,,608.0,,,,,,
1118,336.0,,,,,,,,438.0,,,,,,654.0,,,,,,
1119,42.0,,,,,,,,336.0,,,,,,756.0,,,,,,
1120,84.0,,,,,,,,168.0,,,,,,168.0,,,,,,
1121,210.0,,,,,,,,360.0,,,,,,434.0,,,,,,
1122,294.0,,,,,,,,126.0,,,,,,536.0,,,,,,
1123,326.0,,,,,,,,420.0,,,,,,588.0,,,,,,
1124,404.0,,,,,,,,252.0,,,,,,294.0,,,,,,
1125,90.0,,,,,,,,410.0,,,,,,812.0,,,,,,
1126,126.0,,,,,,,,174.0,,,,,,746.0,,,,,,
1127,410.0,,,,,,,,404.0,,,,,,660.0,,,,,,
1128,182.0,,,,,,,,210.0,,,,,,224.0,,,,,,
1129,126.0,,,,,,,,168.0,,,,,,336.0,,,,,,
1130,174.0,,,,,,,,308.0,,,,,,726.0,,,,,,
1131,372.0,,,,,,,,182.0,,,,,,518.0,,,,,,
1132,336.0,,,,,,,,480.0,,,,,,618.0,,,,,,
1133,308.0,,,,,,,,210.0,,,,,,168.0,,,,,,
1134,210.0,,,,,,,,326.0,,,,,,420.0,,,,,,
1135,270.0,,,,,,,,414.0,,,,,,336.0,,,,,,
1136,168.0,,,,,,,,450.0,,,,,,758.0,,,,,,
1137,126.0,,,,,,,,308.0,,,,,,294.0,,,,,,
1138,98.0,,,,,,,,336.0,,,,,,588.0,,,,,,
1139,126.0,,,,,,,,168.0,,,,,,224.0,,,,,,
1140,396.0,,,,,,,,336.0,,,,,,676.0,,,,,,
1141,182.0,,,,,,,,420.0,,,,,,920.0,,,,,,
1142,168.0,,,,,,,,168.0,,,,,,434.0,,,,,,
1143,138.0,,,,,,,,252.0,,,,,,606.0,,,,,,
1144,126.0,,,,,,,,216.0,,,,,,168.0,,,,,,
1145,42.0,,,,,,,,632.0,,,,,,824.0,,,,,,
1146,168.0,,,,,,,,252.0,,,,,,420.0,,,,,,
1147,84.0,,,,,,,,252.0,,,,,,308.0,,,,,,
1148,126.0,,,,,,,,308.0,,,,,,224.0,,,,,,
1149,336.0,,,,,,,,230.0,,,,,,336.0,,,,,,
1150,210.0,,,,,,,,336.0,,,,,,588.0,,,,,,
1151,126.0,,,,,,,,414.0,,,,,,420.0,,,,,,
1152,266.0,,,,,,,,182.0,,,,,,718.0,,,,,,
1153,404.0,,,,,,,,360.0,,,,,,840.0,,,,,,
1154,132.0,,,,,,,,410.0,,,,,,590.0,,,,,,
1155,168.0,,,,,,,,284.0,,,,,,606.0,,,,,,
1156,294.0,,,,,,,,384.0,,,,,,168.0,,,,,,
1157,174.0,,,,,,,,438.0,,,,,,588.0,,,,,,
1158,336.0,,,,,,,,168.0,,,,,,210.0,,,,,,
1159,180.0,,,,,,,,336.0,,,,,,364.0,,,,,,
1160,210.0,,,,,,,,168.0,,,,,,696.0,,,,,,
1161,374.0,,,,,,,,294.0,,,,,,224.0,,,,,,
1162,306.0,,,,,,,,168.0,,,,,,420.0,,,,,,
1163,362.0,,,,,,,,410.0,,,,,,738.0,,,,,,
1164,180.0,,,,,,,,182.0,,,,,,760.0,,,,,,
1165,308.0,,,,,,,,252.0,,,,,,754.0,,,,,,
1166,98.0,,,,,,,,126.0,,,,,,308.0,,,,,,
1167,418.0,,,,,,,,308.0,,,,,,812.0,,,,,,
1168,126.0,,,,,,,,174.0,,,,,,168.0,,,,,,
1169,182.0,,,,,,,,336.0,,,,,,764.0,,,,,,
1170,336.0,,,,,,,,252.0,,,,,,224.0,,,,,,
1171,168.0,,,,,,,,360.0,,,,,,504.0,,,,,,
1172,42.0,,,,,,,,404.0,,,,,,420.0,,,,,,
1173,126.0,,,,,,,,404.0,,,,,,550.0,,,,,,
1174,126.0,,,,,,,,308.0,,,,,,308.0,,,,,,
1175,174.0,,,,,,,,326.0,,,,,,336.0,,,,,,
1176,210.0,,,,,,,,210.0,,,,,,648.0,,,,,,
1177,168.0,,,,,,,,460.0,,,,,,738.0,,,,,,
1178,126.0,,,,,,,,396.0,,,,,,420.0,,,,,,
1179,84.0,,,,,,,,168.0,,,,,,962.0,,,,,,
1180,168.0,,,,,,,,404.0,,,,,,168.0,,,,,,
1181,252.0,,,,,,,,210.0,,,,,,252.0,,,,,,
1182,258.0,,,,,,,,84.0,,,,,,420.0,,,,,,
1183,90.0,,,,,,,,224.0,,,,,,308.0,,,,,,
1184,210.0,,,,,,,,168.0,,,,,,546.0,,,,,,
1185,180.0,,,,,,,,336.0,,,,,,336.0,,,,,,
1186,326.0,,,,,,,,42.0,,,,,,666.0,,,,,,
1187,282.0,,,,,,,,308.0,,,,,,864.0,,,,,,
1188,336.0,,,,,,,,396.0,,,,,,378.0,,,,,,
1189,308.0,,,,,,,,336.0,,,,,,182.0,,,,,,
1190,270.0,,,,,,,,252.0,,,,,,614.0,,,,,,
1191,360.0,,,,,,,,308.0,,,,,,634.0,,,,,,
1192,126.0,,,,,,,,174.0,,,,,,674.0,,,,,,
1193,362.0,,,,,,,,410.0,,,,,,702.0,,,,,,
1194,270.0,,,,,,,,360.0,,,,,,168.0,,,,,,
1195,404.0,,,,,,,,294.0,,,,,,168.0,,,,,,
1196,98.0,,,,,,,,168.0,,,,,,672.0,,,,,,
1197,126.0,,,,,,,,210.0,,,,,,308.0,,,,,,
1198,410.0,,,,,,,,326.0,,,,,,224.0,,,,,,
1199,84.0,,,,,,,,372.0,,,,,,588.0,,,,,,
1200,180.0,,,,,,,,492.0,,,,,,420.0,,,,,,
1201,126.0,,,,,,,,252.0,,,,,,536.0,,,,,,
1202,168.0,,,,,,,,168.0,,,,,,486.0,,,,,,
1203,42.0,,,,,,,,396.0,,,,,,378.0,,,,,,
1204,210.0,,,,,,,,168.0,,,,,,518.0,,,,,,
1205,174.0,,,,,,,,336.0,,,,,,874.0,,,,,,
1206,336.0,,,,,,,,360.0,,,,,,546.0,,,,,,
1207,168.0,,,,,,,,404.0,,,,,,168.0,,,,,,
1208,180.0,,,,,,,,326.0,,,,,,224.0,,,,,,
1209,182.0,,,,,,,,210.0,,,,,,708.0,,,,,,
1210,126.0,,,,,,,,126.0,,,,,,336.0,,,,,,
1211,168.0,,,,,,,,308.0,,,,,,550.0,,,,,,
1212,326.0,,,,,,,,294.0,,,,,,294.0,,,,,,
1213,404.0,,,,,,,,174.0,,,,,,836.0,,,,,,
1214,294.0,,,,,,,,252.0,,,,,,962.0,,,,,,
1215,126.0,,,,,,,,350.0,,,,,,420.0,,,,,,
1216,308.0,,,,,,,,462.0,,,,,,434.0,,,,,,
1217,414.0,,,,,,,,182.0,,,,,,564.0,,,,,,
1218,210.0,,,,,,,,168.0,,,,,,,,,,,,
1219,450.0,,,,,,,,410.0,,,,,,,,,,,,
1220,98.0,,,,,,,,360.0,,,,,,,,,,,,
1221,396.0,,,,,,,,336.0,,,,,,,,,,,,
1222,336.0,,,,,,,,168.0,,,,,,,,,,,,
1223,414.0,,,,,,,,168.0,,,,,,,,,,,,
1224,168.0,,,,,,,,216.0,,,,,,,,,,,,
1225,90.0,,,,,,,,308.0,,,,,,,,,,,,
1226,168.0,,,,,,,,336.0,,,,,,,,,,,,
1227,396.0,,,,,,,,230.0,,,,,,,,,,,,
1228,42.0,,,,,,,,460.0,,,,,,,,,,,,
1229,168.0,,,,,,,,420.0,,,,,,,,,,,,
1230,216.0,,,,,,,,410.0,,,,,,,,,,,,
1231,84.0,,,,,,,,342.0,,,,,,,,,,,,
1232,126.0,,,,,,,,252.0,,,,,,,,,,,,
1233,126.0,,,,,,,,252.0,,,,,,,,,,,,
1234,210.0,,,,,,,,360.0,,,,,,,,,,,,
1235,126.0,,,,,,,,182.0,,,,,,,,,,,,
1236,182.0,,,,,,,,284.0,,,,,,,,,,,,
1237,410.0,,,,,,,,308.0,,,,,,,,,,,,
1238,104.0,,,,,,,,404.0,,,,,,,,,,,,
1239,336.0,,,,,,,,210.0,,,,,,,,,,,,
1240,336.0,,,,,,,,396.0,,,,,,,,,,,,
1241,270.0,,,,,,,,336.0,,,,,,,,,,,,
1242,284.0,,,,,,,,168.0,,,,,,,,,,,,
1243,308.0,,,,,,,,336.0,,,,,,,,,,,,
1244,252.0,,,,,,,,126.0,,,,,,,,,,,,
1245,210.0,,,,,,,,420.0,,,,,,,,,,,,
1246,98.0,,,,,,,,336.0,,,,,,,,,,,,
1247,450.0,,,,,,,,182.0,,,,,,,,,,,,
1248,342.0,,,,,,,,210.0,,,,,,,,,,,,
1249,126.0,,,,,,,,308.0,,,,,,,,,,,,
1250,168.0,,,,,,,,362.0,,,,,,,,,,,,
1251,168.0,,,,,,,,252.0,,,,,,,,,,,,
1252,266.0,,,,,,,,494.0,,,,,,,,,,,,
1253,336.0,,,,,,,,222.0,,,,,,,,,,,,
1254,84.0,,,,,,,,210.0,,,,,,,,,,,,
1255,126.0,,,,,,,,168.0,,,,,,,,,,,,
1256,180.0,,,,,,,,506.0,,,,,,,,,,,,
1257,126.0,,,,,,,,564.0,,,,,,,,,,,,
1258,132.0,,,,,,,,410.0,,,,,,,,,,,,
1259,418.0,,,,,,,,552.0,,,,,,,,,,,,
1260,42.0,,,,,,,,216.0,,,,,,,,,,,,
1261,168.0,,,,,,,,168.0,,,,,,,,,,,,
1262,126.0,,,,,,,,336.0,,,,,,,,,,,,
1263,182.0,,,,,,,,182.0,,,,,,,,,,,,
1264,308.0,,,,,,,,168.0,,,,,,,,,,,,
1265,174.0,,,,,,,,278.0,,,,,,,,,,,,
1266,270.0,,,,,,,,336.0,,,,,,,,,,,,
1267,410.0,,,,,,,,42.0,,,,,,,,,,,,
1268,210.0,,,,,,,,308.0,,,,,,,,,,,,
1269,404.0,,,,,,,,516.0,,,,,,,,,,,,
1270,98.0,,,,,,,,252.0,,,,,,,,,,,,
1271,374.0,,,,,,,,252.0,,,,,,,,,,,,
1272,138.0,,,,,,,,404.0,,,,,,,,,,,,
1273,210.0,,,,,,,,600.0,,,,,,,,,,,,
1274,252.0,,,,,,,,252.0,,,,,,,,,,,,
1275,210.0,,,,,,,,174.0,,,,,,,,,,,,
1276,126.0,,,,,,,,360.0,,,,,,,,,,,,
1277,336.0,,,,,,,,210.0,,,,,,,,,,,,
1278,168.0,,,,,,,,404.0,,,,,,,,,,,,
1279,42.0,,,,,,,,548.0,,,,,,,,,,,,
1280,168.0,,,,,,,,252.0,,,,,,,,,,,,
1281,174.0,,,,,,,,420.0,,,,,,,,,,,,
1282,336.0,,,,,,,,168.0,,,,,,,,,,,,
1283,126.0,,,,,,,,182.0,,,,,,,,,,,,
1284,126.0,,,,,,,,252.0,,,,,,,,,,,,
1285,210.0,,,,,,,,294.0,,,,,,,,,,,,
1286,84.0,,,,,,,,42.0,,,,,,,,,,,,
1287,404.0,,,,,,,,336.0,,,,,,,,,,,,
1288,182.0,,,,,,,,174.0,,,,,,,,,,,,
1289,180.0,,,,,,,,506.0,,,,,,,,,,,,
1290,266.0,,,,,,,,210.0,,,,,,,,,,,,
1291,126.0,,,,,,,,222.0,,,,,,,,,,,,
1292,270.0,,,,,,,,404.0,,,,,,,,,,,,
1293,98.0,,,,,,,,410.0,,,,,,,,,,,,
1294,168.0,,,,,,,,252.0,,,,,,,,,,,,
1295,168.0,,,,,,,,494.0,,,,,,,,,,,,
1296,410.0,,,,,,,,552.0,,,,,,,,,,,,
1297,126.0,,,,,,,,308.0,,,,,,,,,,,,
1298,308.0,,,,,,,,480.0,,,,,,,,,,,,
1299,326.0,,,,,,,,336.0,,,,,,,,,,,,
1300,210.0,,,,,,,,360.0,,,,,,,,,,,,
1301,90.0,,,,,,,,168.0,,,,,,,,,,,,
1302,418.0,,,,,,,,174.0,,,,,,,,,,,,
1303,126.0,,,,,,,,336.0,,,,,,,,,,,,
1304,396.0,,,,,,,,224.0,,,,,,,,,,,,
1305,336.0,,,,,,,,126.0,,,,,,,,,,,,
1306,168.0,,,,,,,,252.0,,,,,,,,,,,,
1307,168.0,,,,,,,,210.0,,,,,,,,,,,,
1308,126.0,,,,,,,,168.0,,,,,,,,,,,,
1309,126.0,,,,,,,,308.0,,,,,,,,,,,,
1310,42.0,,,,,,,,168.0,,,,,,,,,,,,
1311,210.0,,,,,,,,404.0,,,,,,,,,,,,
1312,216.0,,,,,,,,210.0,,,,,,,,,,,,
1313,182.0,,,,,,,,410.0,,,,,,,,,,,,
1314,126.0,,,,,,,,326.0,,,,,,,,,,,,
1315,270.0,,,,,,,,308.0,,,,,,,,,,,,
1316,126.0,,,,,,,,210.0,,,,,,,,,,,,
1317,84.0,,,,,,,,372.0,,,,,,,,,,,,
1318,462.0,,,,,,,,492.0,,,,,,,,,,,,
1319,336.0,,,,,,,,480.0,,,,,,,,,,,,
1320,104.0,,,,,,,,336.0,,,,,,,,,,,,
1321,326.0,,,,,,,,168.0,,,,,,,,,,,,
1322,360.0,,,,,,,,126.0,,,,,,,,,,,,
1323,168.0,,,,,,,,360.0,,,,,,,,,,,,
1324,410.0,,,,,,,,308.0,,,,,,,,,,,,
1325,252.0,,,,,,,,174.0,,,,,,,,,,,,
1326,350.0,,,,,,,,420.0,,,,,,,,,,,,
1327,258.0,,,,,,,,210.0,,,,,,,,,,,,
1328,98.0,,,,,,,,210.0,,,,,,,,,,,,
1329,210.0,,,,,,,,336.0,,,,,,,,,,,,
1330,90.0,,,,,,,,360.0,,,,,,,,,,,,
1331,438.0,,,,,,,,354.0,,,,,,,,,,,,
1332,336.0,,,,,,,,168.0,,,,,,,,,,,,
1333,168.0,,,,,,,,224.0,,,,,,,,,,,,
1334,168.0,,,,,,,,404.0,,,,,,,,,,,,
1335,126.0,,,,,,,,382.0,,,,,,,,,,,,
1336,42.0,,,,,,,,210.0,,,,,,,,,,,,
1337,168.0,,,,,,,,350.0,,,,,,,,,,,,
1338,278.0,,,,,,,,462.0,,,,,,,,,,,,
1339,138.0,,,,,,,,480.0,,,,,,,,,,,,
1340,84.0,,,,,,,,336.0,,,,,,,,,,,,
1341,178.0,,,,,,,,168.0,,,,,,,,,,,,
1342,174.0,,,,,,,,252.0,,,,,,,,,,,,
1343,308.0,,,,,,,,168.0,,,,,,,,,,,,
1344,126.0,,,,,,,,210.0,,,,,,,,,,,,
1345,126.0,,,,,,,,450.0,,,,,,,,,,,,
1346,126.0,,,,,,,,360.0,,,,,,,,,,,,
1347,336.0,,,,,,,,308.0,,,,,,,,,,,,
1348,182.0,,,,,,,,336.0,,,,,,,,,,,,
1349,174.0,,,,,,,,168.0,,,,,,,,,,,,
1350,330.0,,,,,,,,308.0,,,,,,,,,,,,
1351,354.0,,,,,,,,216.0,,,,,,,,,,,,
1352,210.0,,,,,,,,294.0,,,,,,,,,,,,
1353,252.0,,,,,,,,252.0,,,,,,,,,,,,
1354,242.0,,,,,,,,230.0,,,,,,,,,,,,
1355,168.0,,,,,,,,410.0,,,,,,,,,,,,
1356,274.0,,,,,,,,182.0,,,,,,,,,,,,
1357,98.0,,,,,,,,396.0,,,,,,,,,,,,
1358,132.0,,,,,,,,326.0,,,,,,,,,,,,
1359,450.0,,,,,,,,258.0,,,,,,,,,,,,
1360,294.0,,,,,,,,414.0,,,,,,,,,,,,
1361,336.0,,,,,,,,336.0,,,,,,,,,,,,
1362,180.0,,,,,,,,168.0,,,,,,,,,,,,
1363,168.0,,,,,,,,252.0,,,,,,,,,,,,
1364,168.0,,,,,,,,230.0,,,,,,,,,,,,
1365,336.0,,,,,,,,168.0,,,,,,,,,,,,
1366,418.0,,,,,,,,252.0,,,,,,,,,,,,
1367,210.0,,,,,,,,182.0,,,,,,,,,,,,
1368,42.0,,,,,,,,420.0,,,,,,,,,,,,
1369,210.0,,,,,,,,216.0,,,,,,,,,,,,
1370,210.0,,,,,,,,336.0,,,,,,,,,,,,
1371,174.0,,,,,,,,210.0,,,,,,,,,,,,
1372,126.0,,,,,,,,360.0,,,,,,,,,,,,
1373,126.0,,,,,,,,494.0,,,,,,,,,,,,
1374,168.0,,,,,,,,410.0,,,,,,,,,,,,
1375,84.0,,,,,,,,326.0,,,,,,,,,,,,
1376,180.0,,,,,,,,552.0,,,,,,,,,,,,
1377,410.0,,,,,,,,258.0,,,,,,,,,,,,
1378,182.0,,,,,,,,308.0,,,,,,,,,,,,
1379,210.0,,,,,,,,564.0,,,,,,,,,,,,
1380,84.0,,,,,,,,336.0,,,,,,,,,,,,
1381,404.0,,,,,,,,308.0,,,,,,,,,,,,
1382,180.0,,,,,,,,308.0,,,,,,,,,,,,
1383,140.0,,,,,,,,168.0,,,,,,,,,,,,
1384,326.0,,,,,,,,410.0,,,,,,,,,,,,
1385,308.0,,,,,,,,168.0,,,,,,,,,,,,
1386,266.0,,,,,,,,336.0,,,,,,,,,,,,
1387,126.0,,,,,,,,224.0,,,,,,,,,,,,
1388,270.0,,,,,,,,210.0,,,,,,,,,,,,
1389,336.0,,,,,,,,450.0,,,,,,,,,,,,
1390,84.0,,,,,,,,420.0,,,,,,,,,,,,
1391,270.0,,,,,,,,230.0,,,,,,,,,,,,
1392,126.0,,,,,,,,216.0,,,,,,,,,,,,
1393,168.0,,,,,,,,336.0,,,,,,,,,,,,
1394,168.0,,,,,,,,294.0,,,,,,,,,,,,
1395,410.0,,,,,,,,360.0,,,,,,,,,,,,
1396,42.0,,,,,,,,258.0,,,,,,,,,,,,
1397,210.0,,,,,,,,326.0,,,,,,,,,,,,
1398,126.0,,,,,,,,210.0,,,,,,,,,,,,
1399,90.0,,,,,,,,414.0,,,,,,,,,,,,
1400,126.0,,,,,,,,396.0,,,,,,,,,,,,
1401,182.0,,,,,,,,336.0,,,,,,,,,,,,
1402,336.0,,,,,,,,168.0,,,,,,,,,,,,
1403,168.0,,,,,,,,42.0,,,,,,,,,,,,
1404,174.0,,,,,,,,308.0,,,,,,,,,,,,
1405,210.0,,,,,,,,420.0,,,,,,,,,,,,
1406,104.0,,,,,,,,174.0,,,,,,,,,,,,
1407,300.0,,,,,,,,252.0,,,,,,,,,,,,
1408,270.0,,,,,,,,404.0,,,,,,,,,,,,
1409,210.0,,,,,,,,210.0,,,,,,,,,,,,
1410,126.0,,,,,,,,360.0,,,,,,,,,,,,
1411,360.0,,,,,,,,294.0,,,,,,,,,,,,
1412,326.0,,,,,,,,410.0,,,,,,,,,,,,
1413,350.0,,,,,,,,414.0,,,,,,,,,,,,
1414,210.0,,,,,,,,224.0,,,,,,,,,,,,
1415,98.0,,,,,,,,308.0,,,,,,,,,,,,
1416,462.0,,,,,,,,326.0,,,,,,,,,,,,
1417,336.0,,,,,,,,210.0,,,,,,,,,,,,
1418,180.0,,,,,,,,450.0,,,,,,,,,,,,
1419,126.0,,,,,,,,396.0,,,,,,,,,,,,
1420,168.0,,,,,,,,336.0,,,,,,,,,,,,
1421,326.0,,,,,,,,410.0,,,,,,,,,,,,
1422,372.0,,,,,,,,42.0,,,,,,,,,,,,
1423,98.0,,,,,,,,168.0,,,,,,,,,,,,
1424,168.0,,,,,,,,420.0,,,,,,,,,,,,
1425,42.0,,,,,,,,360.0,,,,,,,,,,,,
1426,492.0,,,,,,,,294.0,,,,,,,,,,,,
1427,210.0,,,,,,,,336.0,,,,,,,,,,,,
1428,270.0,,,,,,,,210.0,,,,,,,,,,,,
1429,84.0,,,,,,,,224.0,,,,,,,,,,,,
1430,210.0,,,,,,,,174.0,,,,,,,,,,,,
1431,210.0,,,,,,,,480.0,,,,,,,,,,,,
1432,126.0,,,,,,,,404.0,,,,,,,,,,,,
1433,126.0,,,,,,,,252.0,,,,,,,,,,,,
1434,182.0,,,,,,,,252.0,,,,,,,,,,,,
1435,126.0,,,,,,,,326.0,,,,,,,,,,,,
1436,216.0,,,,,,,,552.0,,,,,,,,,,,,
1437,104.0,,,,,,,,494.0,,,,,,,,,,,,
1438,336.0,,,,,,,,308.0,,,,,,,,,,,,
1439,308.0,,,,,,,,336.0,,,,,,,,,,,,
1440,168.0,,,,,,,,168.0,,,,,,,,,,,,
1441,258.0,,,,,,,,224.0,,,,,,,,,,,,
1442,362.0,,,,,,,,210.0,,,,,,,,,,,,
1443,258.0,,,,,,,,252.0,,,,,,,,,,,,
1444,180.0,,,,,,,,42.0,,,,,,,,,,,,
1445,336.0,,,,,,,,210.0,,,,,,,,,,,,
1446,126.0,,,,,,,,252.0,,,,,,,,,,,,
1447,210.0,,,,,,,,168.0,,,,,,,,,,,,
1448,84.0,,,,,,,,308.0,,,,,,,,,,,,
1449,126.0,,,,,,,,174.0,,,,,,,,,,,,
1450,336.0,,,,,,,,252.0,,,,,,,,,,,,
1451,168.0,,,,,,,,336.0,,,,,,,,,,,,
1452,42.0,,,,,,,,336.0,,,,,,,,,,,,
1453,182.0,,,,,,,,410.0,,,,,,,,,,,,
1454,126.0,,,,,,,,360.0,,,,,,,,,,,,
1455,210.0,,,,,,,,404.0,,,,,,,,,,,,
1456,168.0,,,,,,,,326.0,,,,,,,,,,,,
1457,216.0,,,,,,,,404.0,,,,,,,,,,,,
1458,126.0,,,,,,,,642.0,,,,,,,,,,,,
1459,90.0,,,,,,,,564.0,,,,,,,,,,,,
1460,104.0,,,,,,,,168.0,,,,,,,,,,,,
1461,258.0,,,,,,,,168.0,,,,,,,,,,,,
1462,168.0,,,,,,,,336.0,,,,,,,,,,,,
1463,210.0,,,,,,,,174.0,,,,,,,,,,,,
1464,270.0,,,,,,,,126.0,,,,,,,,,,,,
1465,270.0,,,,,,,,252.0,,,,,,,,,,,,
1466,362.0,,,,,,,,420.0,,,,,,,,,,,,
1467,98.0,,,,,,,,404.0,,,,,,,,,,,,
1468,326.0,,,,,,,,252.0,,,,,,,,,,,,
1469,350.0,,,,,,,,182.0,,,,,,,,,,,,
1470,258.0,,,,,,,,360.0,,,,,,,,,,,,
1471,462.0,,,,,,,,404.0,,,,,,,,,,,,
1472,360.0,,,,,,,,438.0,,,,,,,,,,,,
1473,336.0,,,,,,,,410.0,,,,,,,,,,,,
1474,90.0,,,,,,,,326.0,,,,,,,,,,,,
1475,168.0,,,,,,,,308.0,,,,,,,,,,,,
1476,258.0,,,,,,,,210.0,,,,,,,,,,,,
1477,168.0,,,,,,,,460.0,,,,,,,,,,,,
1478,104.0,,,,,,,,308.0,,,,,,,,,,,,
1479,84.0,,,,,,,,336.0,,,,,,,,,,,,
1480,42.0,,,,,,,,326.0,,,,,,,,,,,,
1481,126.0,,,,,,,,168.0,,,,,,,,,,,,
1482,126.0,,,,,,,,404.0,,,,,,,,,,,,
1483,216.0,,,,,,,,42.0,,,,,,,,,,,,
1484,350.0,,,,,,,,252.0,,,,,,,,,,,,
1485,98.0,,,,,,,,410.0,,,,,,,,,,,,
1486,126.0,,,,,,,,252.0,,,,,,,,,,,,
1487,182.0,,,,,,,,168.0,,,,,,,,,,,,
1488,126.0,,,,,,,,308.0,,,,,,,,,,,,
1489,270.0,,,,,,,,174.0,,,,,,,,,,,,
1490,168.0,,,,,,,,336.0,,,,,,,,,,,,
1491,336.0,,,,,,,,182.0,,,,,,,,,,,,
1492,210.0,,,,,,,,494.0,,,,,,,,,,,,
1493,462.0,,,,,,,,360.0,,,,,,,,,,,,
1494,326.0,,,,,,,,552.0,,,,,,,,,,,,
1495,258.0,,,,,,,,252.0,,,,,,,,,,,,
1496,362.0,,,,,,,,252.0,,,,,,,,,,,,
1497,270.0,,,,,,,,252.0,,,,,,,,,,,,
1498,210.0,,,,,,,,522.0,,,,,,,,,,,,
1499,210.0,,,,,,,,336.0,,,,,,,,,,,,
1500,360.0,,,,,,,,168.0,,,,,,,,,,,,
1501,336.0,,,,,,,,336.0,,,,,,,,,,,,
1502,90.0,,,,,,,,126.0,,,,,,,,,,,,
1503,336.0,,,,,,,,506.0,,,,,,,,,,,,
1504,126.0,,,,,,,,420.0,,,,,,,,,,,,
1505,84.0,,,,,,,,210.0,,,,,,,,,,,,
1506,168.0,,,,,,,,410.0,,,,,,,,,,,,
1507,42.0,,,,,,,,174.0,,,,,,,,,,,,
1508,182.0,,,,,,,,180.0,,,,,,,,,,,,
1509,98.0,,,,,,,,224.0,,,,,,,,,,,,
1510,104.0,,,,,,,,168.0,,,,,,,,,,,,
1511,216.0,,,,,,,,294.0,,,,,,,,,,,,
1512,336.0,,,,,,,,210.0,,,,,,,,,,,,
1513,294.0,,,,,,,,404.0,,,,,,,,,,,,
1514,126.0,,,,,,,,350.0,,,,,,,,,,,,
1515,168.0,,,,,,,,462.0,,,,,,,,,,,,
1516,372.0,,,,,,,,360.0,,,,,,,,,,,,
1517,210.0,,,,,,,,308.0,,,,,,,,,,,,
1518,168.0,,,,,,,,396.0,,,,,,,,,,,,
1519,270.0,,,,,,,,336.0,,,,,,,,,,,,
1520,410.0,,,,,,,,168.0,,,,,,,,,,,,
1521,126.0,,,,,,,,308.0,,,,,,,,,,,,
1522,326.0,,,,,,,,126.0,,,,,,,,,,,,
1523,308.0,,,,,,,,174.0,,,,,,,,,,,,
1524,258.0,,,,,,,,224.0,,,,,,,,,,,,
1525,210.0,,,,,,,,196.0,,,,,,,,,,,,
1526,492.0,,,,,,,,210.0,,,,,,,,,,,,
1527,126.0,,,,,,,,480.0,,,,,,,,,,,,
1528,396.0,,,,,,,,168.0,,,,,,,,,,,,
1529,126.0,,,,,,,,252.0,,,,,,,,,,,,
1530,336.0,,,,,,,,336.0,,,,,,,,,,,,
1531,168.0,,,,,,,,542.0,,,,,,,,,,,,
1532,270.0,,,,,,,,404.0,,,,,,,,,,,,
1533,84.0,,,,,,,,360.0,,,,,,,,,,,,
1534,168.0,,,,,,,,168.0,,,,,,,,,,,,
1535,42.0,,,,,,,,224.0,,,,,,,,,,,,
1536,210.0,,,,,,,,308.0,,,,,,,,,,,,
1537,126.0,,,,,,,,374.0,,,,,,,,,,,,
1538,410.0,,,,,,,,684.0,,,,,,,,,,,,
1539,126.0,,,,,,,,336.0,,,,,,,,,,,,
1540,174.0,,,,,,,,126.0,,,,,,,,,,,,
1541,126.0,,,,,,,,308.0,,,,,,,,,,,,
1542,182.0,,,,,,,,168.0,,,,,,,,,,,,
1543,210.0,,,,,,,,410.0,,,,,,,,,,,,
1544,404.0,,,,,,,,168.0,,,,,,,,,,,,
1545,210.0,,,,,,,,252.0,,,,,,,,,,,,
1546,168.0,,,,,,,,336.0,,,,,,,,,,,,
1547,350.0,,,,,,,,174.0,,,,,,,,,,,,
1548,210.0,,,,,,,,420.0,,,,,,,,,,,,
1549,326.0,,,,,,,,252.0,,,,,,,,,,,,
1550,98.0,,,,,,,,294.0,,,,,,,,,,,,
1551,90.0,,,,,,,,372.0,,,,,,,,,,,,
1552,462.0,,,,,,,,360.0,,,,,,,,,,,,
1553,360.0,,,,,,,,182.0,,,,,,,,,,,,
1554,270.0,,,,,,,,404.0,,,,,,,,,,,,
1555,336.0,,,,,,,,326.0,,,,,,,,,,,,
1556,90.0,,,,,,,,632.0,,,,,,,,,,,,
1557,168.0,,,,,,,,522.0,,,,,,,,,,,,
1558,336.0,,,,,,,,336.0,,,,,,,,,,,,
1559,168.0,,,,,,,,216.0,,,,,,,,,,,,
1560,84.0,,,,,,,,168.0,,,,,,,,,,,,
1561,252.0,,,,,,,,360.0,,,,,,,,,,,,
1562,42.0,,,,,,,,168.0,,,,,,,,,,,,
1563,216.0,,,,,,,,252.0,,,,,,,,,,,,
1564,450.0,,,,,,,,252.0,,,,,,,,,,,,
1565,126.0,,,,,,,,420.0,,,,,,,,,,,,
1566,210.0,,,,,,,,414.0,,,,,,,,,,,,
1567,210.0,,,,,,,,480.0,,,,,,,,,,,,
1568,126.0,,,,,,,,336.0,,,,,,,,,,,,
1569,126.0,,,,,,,,326.0,,,,,,,,,,,,
1570,182.0,,,,,,,,230.0,,,,,,,,,,,,
1571,104.0,,,,,,,,336.0,,,,,,,,,,,,
1572,336.0,,,,,,,,182.0,,,,,,,,,,,,
1573,168.0,,,,,,,,294.0,,,,,,,,,,,,
1574,414.0,,,,,,,,410.0,,,,,,,,,,,,
1575,98.0,,,,,,,,258.0,,,,,,,,,,,,
1576,270.0,,,,,,,,632.0,,,,,,,,,,,,
1577,126.0,,,,,,,,308.0,,,,,,,,,,,,
1578,410.0,,,,,,,,168.0,,,,,,,,,,,,
1579,284.0,,,,,,,,252.0,,,,,,,,,,,,
1580,308.0,,,,,,,,182.0,,,,,,,,,,,,
1581,384.0,,,,,,,,168.0,,,,,,,,,,,,
1582,354.0,,,,,,,,410.0,,,,,,,,,,,,
1583,168.0,,,,,,,,308.0,,,,,,,,,,,,
1584,42.0,,,,,,,,420.0,,,,,,,,,,,,
1585,336.0,,,,,,,,336.0,,,,,,,,,,,,
1586,168.0,,,,,,,,326.0,,,,,,,,,,,,
1587,294.0,,,,,,,,336.0,,,,,,,,,,,,
1588,126.0,,,,,,,,230.0,,,,,,,,,,,,
1589,410.0,,,,,,,,216.0,,,,,,,,,,,,
1590,98.0,,,,,,,,642.0,,,,,,,,,,,,
1591,126.0,,,,,,,,360.0,,,,,,,,,,,,
1592,84.0,,,,,,,,294.0,,,,,,,,,,,,
1593,168.0,,,,,,,,258.0,,,,,,,,,,,,
1594,182.0,,,,,,,,404.0,,,,,,,,,,,,
1595,180.0,,,,,,,,252.0,,,,,,,,,,,,
1596,174.0,,,,,,,,480.0,,,,,,,,,,,,
1597,336.0,,,,,,,,168.0,,,,,,,,,,,,
1598,210.0,,,,,,,,432.0,,,,,,,,,,,,
1599,270.0,,,,,,,,336.0,,,,,,,,,,,,
1600,404.0,,,,,,,,494.0,,,,,,,,,,,,
1601,266.0,,,,,,,,42.0,,,,,,,,,,,,
1602,308.0,,,,,,,,252.0,,,,,,,,,,,,
1603,126.0,,,,,,,,336.0,,,,,,,,,,,,
1604,326.0,,,,,,,,174.0,,,,,,,,,,,,
1605,210.0,,,,,,,,308.0,,,,,,,,,,,,
1606,418.0,,,,,,,,404.0,,,,,,,,,,,,
1607,90.0,,,,,,,,500.0,,,,,,,,,,,,
1608,126.0,,,,,,,,420.0,,,,,,,,,,,,
1609,396.0,,,,,,,,252.0,,,,,,,,,,,,
1610,168.0,,,,,,,,252.0,,,,,,,,,,,,
1611,404.0,,,,,,,,360.0,,,,,,,,,,,,
1612,210.0,,,,,,,,182.0,,,,,,,,,,,,
1613,84.0,,,,,,,,294.0,,,,,,,,,,,,
1614,126.0,,,,,,,,510.0,,,,,,,,,,,,
1615,126.0,,,,,,,,326.0,,,,,,,,,,,,
1616,336.0,,,,,,,,252.0,,,,,,,,,,,,
1617,42.0,,,,,,,,168.0,,,,,,,,,,,,
1618,182.0,,,,,,,,420.0,,,,,,,,,,,,
1619,396.0,,,,,,,,326.0,,,,,,,,,,,,
1620,90.0,,,,,,,,42.0,,,,,,,,,,,,
1621,336.0,,,,,,,,404.0,,,,,,,,,,,,
1622,126.0,,,,,,,,308.0,,,,,,,,,,,,
1623,180.0,,,,,,,,174.0,,,,,,,,,,,,
1624,168.0,,,,,,,,252.0,,,,,,,,,,,,
1625,308.0,,,,,,,,336.0,,,,,,,,,,,,
1626,174.0,,,,,,,,182.0,,,,,,,,,,,,
1627,410.0,,,,,,,,266.0,,,,,,,,,,,,
1628,270.0,,,,,,,,360.0,,,,,,,,,,,,
1629,294.0,,,,,,,,294.0,,,,,,,,,,,,
1630,168.0,,,,,,,,410.0,,,,,,,,,,,,
1631,210.0,,,,,,,,210.0,,,,,,,,,,,,
1632,326.0,,,,,,,,404.0,,,,,,,,,,,,
1633,98.0,,,,,,,,460.0,,,,,,,,,,,,
1634,314.0,,,,,,,,438.0,,,,,,,,,,,,
1635,370.0,,,,,,,,336.0,,,,,,,,,,,,
1636,126.0,,,,,,,,182.0,,,,,,,,,,,,
1637,210.0,,,,,,,,168.0,,,,,,,,,,,,
1638,168.0,,,,,,,,404.0,,,,,,,,,,,,
1639,396.0,,,,,,,,126.0,,,,,,,,,,,,
1640,126.0,,,,,,,,252.0,,,,,,,,,,,,
1641,336.0,,,,,,,,182.0,,,,,,,,,,,,
1642,270.0,,,,,,,,326.0,,,,,,,,,,,,
1643,42.0,,,,,,,,168.0,,,,,,,,,,,,
1644,404.0,,,,,,,,404.0,,,,,,,,,,,,
1645,326.0,,,,,,,,174.0,,,,,,,,,,,,
1646,126.0,,,,,,,,410.0,,,,,,,,,,,,
1647,126.0,,,,,,,,336.0,,,,,,,,,,,,
1648,210.0,,,,,,,,294.0,,,,,,,,,,,,
1649,84.0,,,,,,,,252.0,,,,,,,,,,,,
1650,182.0,,,,,,,,336.0,,,,,,,,,,,,
1651,294.0,,,,,,,,360.0,,,,,,,,,,,,
1652,174.0,,,,,,,,294.0,,,,,,,,,,,,
1653,168.0,,,,,,,,460.0,,,,,,,,,,,,
1654,126.0,,,,,,,,308.0,,,,,,,,,,,,
1655,90.0,,,,,,,,210.0,,,,,,,,,,,,
1656,308.0,,,,,,,,396.0,,,,,,,,,,,,
1657,450.0,,,,,,,,210.0,,,,,,,,,,,,
1658,168.0,,,,,,,,308.0,,,,,,,,,,,,
1659,410.0,,,,,,,,168.0,,,,,,,,,,,,
1660,98.0,,,,,,,,252.0,,,,,,,,,,,,
1661,414.0,,,,,,,,336.0,,,,,,,,,,,,
1662,336.0,,,,,,,,168.0,,,,,,,,,,,,
1663,98.0,,,,,,,,168.0,,,,,,,,,,,,
1664,182.0,,,,,,,,216.0,,,,,,,,,,,,
1665,168.0,,,,,,,,360.0,,,,,,,,,,,,
1666,84.0,,,,,,,,410.0,,,,,,,,,,,,
1667,216.0,,,,,,,,252.0,,,,,,,,,,,,
1668,126.0,,,,,,,,350.0,,,,,,,,,,,,
1669,126.0,,,,,,,,230.0,,,,,,,,,,,,
1670,42.0,,,,,,,,210.0,,,,,,,,,,,,
1671,336.0,,,,,,,,462.0,,,,,,,,,,,,
1672,126.0,,,,,,,,354.0,,,,,,,,,,,,
1673,104.0,,,,,,,,224.0,,,,,,,,,,,,
1674,418.0,,,,,,,,360.0,,,,,,,,,,,,
1675,168.0,,,,,,,,284.0,,,,,,,,,,,,
1676,410.0,,,,,,,,384.0,,,,,,,,,,,,
1677,342.0,,,,,,,,336.0,,,,,,,,,,,,
1678,252.0,,,,,,,,308.0,,,,,,,,,,,,
1679,210.0,,,,,,,,410.0,,,,,,,,,,,,
1680,180.0,,,,,,,,168.0,,,,,,,,,,,,
1681,270.0,,,,,,,,252.0,,,,,,,,,,,,
1682,168.0,,,,,,,,42.0,,,,,,,,,,,,
1683,126.0,,,,,,,,494.0,,,,,,,,,,,,
1684,284.0,,,,,,,,174.0,,,,,,,,,,,,
1685,308.0,,,,,,,,294.0,,,,,,,,,,,,
1686,266.0,,,,,,,,336.0,,,,,,,,,,,,
1687,210.0,,,,,,,,420.0,,,,,,,,,,,,
1688,90.0,,,,,,,,404.0,,,,,,,,,,,,
1689,396.0,,,,,,,,326.0,,,,,,,,,,,,
1690,336.0,,,,,,,,336.0,,,,,,,,,,,,
1691,168.0,,,,,,,,252.0,,,,,,,,,,,,
1692,126.0,,,,,,,,360.0,,,,,,,,,,,,
1693,336.0,,,,,,,,252.0,,,,,,,,,,,,
1694,126.0,,,,,,,,552.0,,,,,,,,,,,,
1695,84.0,,,,,,,,182.0,,,,,,,,,,,,
1696,168.0,,,,,,,,480.0,,,,,,,,,,,,
1697,336.0,,,,,,,,168.0,,,,,,,,,,,,
1698,42.0,,,,,,,,230.0,,,,,,,,,,,,
1699,210.0,,,,,,,,126.0,,,,,,,,,,,,
1700,360.0,,,,,,,,420.0,,,,,,,,,,,,
1701,126.0,,,,,,,,404.0,,,,,,,,,,,,
1702,126.0,,,,,,,,42.0,,,,,,,,,,,,
1703,132.0,,,,,,,,458.0,,,,,,,,,,,,
1704,182.0,,,,,,,,336.0,,,,,,,,,,,,
1705,362.0,,,,,,,,252.0,,,,,,,,,,,,
1706,462.0,,,,,,,,342.0,,,,,,,,,,,,
1707,138.0,,,,,,,,236.0,,,,,,,,,,,,
1708,210.0,,,,,,,,216.0,,,,,,,,,,,,
1709,168.0,,,,,,,,360.0,,,,,,,,,,,,
1710,374.0,,,,,,,,252.0,,,,,,,,,,,,
1711,410.0,,,,,,,,182.0,,,,,,,,,,,,
1712,350.0,,,,,,,,252.0,,,,,,,,,,,,
1713,216.0,,,,,,,,642.0,,,,,,,,,,,,
1714,252.0,,,,,,,,308.0,,,,,,,,,,,,
1715,210.0,,,,,,,,480.0,,,,,,,,,,,,
1716,98.0,,,,,,,,336.0,,,,,,,,,,,,
1717,270.0,,,,,,,,410.0,,,,,,,,,,,,
1718,168.0,,,,,,,,336.0,,,,,,,,,,,,
1719,336.0,,,,,,,,168.0,,,,,,,,,,,,
1720,126.0,,,,,,,,182.0,,,,,,,,,,,,
1721,126.0,,,,,,,,308.0,,,,,,,,,,,,
1722,278.0,,,,,,,,252.0,,,,,,,,,,,,
1723,336.0,,,,,,,,360.0,,,,,,,,,,,,
1724,42.0,,,,,,,,420.0,,,,,,,,,,,,
1725,182.0,,,,,,,,126.0,,,,,,,,,,,,
1726,42.0,,,,,,,,336.0,,,,,,,,,,,,
1727,126.0,,,,,,,,174.0,,,,,,,,,,,,
1728,84.0,,,,,,,,210.0,,,,,,,,,,,,
1729,168.0,,,,,,,,308.0,,,,,,,,,,,,
1730,126.0,,,,,,,,326.0,,,,,,,,,,,,
1731,90.0,,,,,,,,168.0,,,,,,,,,,,,
1732,278.0,,,,,,,,404.0,,,,,,,,,,,,
1733,460.0,,,,,,,,210.0,,,,,,,,,,,,
1734,168.0,,,,,,,,404.0,,,,,,,,,,,,
1735,174.0,,,,,,,,460.0,,,,,,,,,,,,
1736,132.0,,,,,,,,480.0,,,,,,,,,,,,
1737,258.0,,,,,,,,404.0,,,,,,,,,,,,
1738,98.0,,,,,,,,168.0,,,,,,,,,,,,
1739,220.0,,,,,,,,360.0,,,,,,,,,,,,
1740,270.0,,,,,,,,336.0,,,,,,,,,,,,
1741,210.0,,,,,,,,126.0,,,,,,,,,,,,
1742,404.0,,,,,,,,252.0,,,,,,,,,,,,
1743,226.0,,,,,,,,252.0,,,,,,,,,,,,
1744,270.0,,,,,,,,168.0,,,,,,,,,,,,
1745,308.0,,,,,,,,174.0,,,,,,,,,,,,
1746,210.0,,,,,,,,168.0,,,,,,,,,,,,
1747,126.0,,,,,,,,308.0,,,,,,,,,,,,
1748,168.0,,,,,,,,210.0,,,,,,,,,,,,
1749,306.0,,,,,,,,294.0,,,,,,,,,,,,
1750,168.0,,,,,,,,396.0,,,,,,,,,,,,
1751,98.0,,,,,,,,410.0,,,,,,,,,,,,
1752,126.0,,,,,,,,182.0,,,,,,,,,,,,
1753,294.0,,,,,,,,350.0,,,,,,,,,,,,
1754,42.0,,,,,,,,326.0,,,,,,,,,,,,
1755,336.0,,,,,,,,462.0,,,,,,,,,,,,
1756,132.0,,,,,,,,360.0,,,,,,,,,,,,
1757,126.0,,,,,,,,336.0,,,,,,,,,,,,
1758,84.0,,,,,,,,308.0,,,,,,,,,,,,
1759,182.0,,,,,,,,506.0,,,,,,,,,,,,
1760,168.0,,,,,,,,168.0,,,,,,,,,,,,
1761,126.0,,,,,,,,210.0,,,,,,,,,,,,
1762,174.0,,,,,,,,270.0,,,,,,,,,,,,
1763,418.0,,,,,,,,420.0,,,,,,,,,,,,
1764,374.0,,,,,,,,168.0,,,,,,,,,,,,
1765,210.0,,,,,,,,216.0,,,,,,,,,,,,
1766,138.0,,,,,,,,336.0,,,,,,,,,,,,
1767,404.0,,,,,,,,252.0,,,,,,,,,,,,
1768,180.0,,,,,,,,230.0,,,,,,,,,,,,
1769,126.0,,,,,,,,480.0,,,,,,,,,,,,
1770,180.0,,,,,,,,182.0,,,,,,,,,,,,
1771,362.0,,,,,,,,642.0,,,,,,,,,,,,
1772,308.0,,,,,,,,252.0,,,,,,,,,,,,
1773,210.0,,,,,,,,404.0,,,,,,,,,,,,
1774,266.0,,,,,,,,222.0,,,,,,,,,,,,
1775,336.0,,,,,,,,440.0,,,,,,,,,,,,
1776,270.0,,,,,,,,336.0,,,,,,,,,,,,
1777,168.0,,,,,,,,168.0,,,,,,,,,,,,
1778,174.0,,,,,,,,420.0,,,,,,,,,,,,
1779,336.0,,,,,,,,308.0,,,,,,,,,,,,
1780,126.0,,,,,,,,42.0,,,,,,,,,,,,
1781,168.0,,,,,,,,336.0,,,,,,,,,,,,
1782,84.0,,,,,,,,458.0,,,,,,,,,,,,
1783,42.0,,,,,,,,174.0,,,,,,,,,,,,
1784,126.0,,,,,,,,210.0,,,,,,,,,,,,
1785,210.0,,,,,,,,360.0,,,,,,,,,,,,
1786,140.0,,,,,,,,252.0,,,,,,,,,,,,
1787,126.0,,,,,,,,480.0,,,,,,,,,,,,
1788,90.0,,,,,,,,404.0,,,,,,,,,,,,
1789,182.0,,,,,,,,224.0,,,,,,,,,,,,
1790,168.0,,,,,,,,210.0,,,,,,,,,,,,
1791,180.0,,,,,,,,278.0,,,,,,,,,,,,
1792,404.0,,,,,,,,350.0,,,,,,,,,,,,
1793,154.0,,,,,,,,462.0,,,,,,,,,,,,
1794,98.0,,,,,,,,210.0,,,,,,,,,,,,
1795,410.0,,,,,,,,360.0,,,,,,,,,,,,
1796,326.0,,,,,,,,336.0,,,,,,,,,,,,
1797,308.0,,,,,,,,168.0,,,,,,,,,,,,
1798,210.0,,,,,,,,336.0,,,,,,,,,,,,
1799,266.0,,,,,,,,126.0,,,,,,,,,,,,
1800,418.0,,,,,,,,168.0,,,,,,,,,,,,
1801,126.0,,,,,,,,210.0,,,,,,,,,,,,
1802,396.0,,,,,,,,182.0,,,,,,,,,,,,
1803,336.0,,,,,,,,168.0,,,,,,,,,,,,
1804,132.0,,,,,,,,252.0,,,,,,,,,,,,
1805,182.0,,,,,,,,174.0,,,,,,,,,,,,
1806,42.0,,,,,,,,308.0,,,,,,,,,,,,
1807,168.0,,,,,,,,252.0,,,,,,,,,,,,
1808,126.0,,,,,,,,506.0,,,,,,,,,,,,
1809,84.0,,,,,,,,336.0,,,,,,,,,,,,
1810,126.0,,,,,,,,410.0,,,,,,,,,,,,
1811,270.0,,,,,,,,414.0,,,,,,,,,,,,
1812,314.0,,,,,,,,222.0,,,,,,,,,,,,
1813,126.0,,,,,,,,522.0,,,,,,,,,,,,
1814,174.0,,,,,,,,404.0,,,,,,,,,,,,
1815,210.0,,,,,,,,252.0,,,,,,,,,,,,
1816,168.0,,,,,,,,632.0,,,,,,,,,,,,
1817,210.0,,,,,,,,168.0,,,,,,,,,,,,
1818,210.0,,,,,,,,308.0,,,,,,,,,,,,
1819,336.0,,,,,,,,534.0,,,,,,,,,,,,
1820,270.0,,,,,,,,174.0,,,,,,,,,,,,
1821,98.0,,,,,,,,182.0,,,,,,,,,,,,
1822,312.0,,,,,,,,210.0,,,,,,,,,,,,
1823,180.0,,,,,,,,126.0,,,,,,,,,,,,
1824,168.0,,,,,,,,420.0,,,,,,,,,,,,
1825,126.0,,,,,,,,392.0,,,,,,,,,,,,
1826,404.0,,,,,,,,336.0,,,,,,,,,,,,
1827,382.0,,,,,,,,222.0,,,,,,,,,,,,
1828,210.0,,,,,,,,168.0,,,,,,,,,,,,
1829,308.0,,,,,,,,294.0,,,,,,,,,,,,
1830,370.0,,,,,,,,410.0,,,,,,,,,,,,
1831,336.0,,,,,,,,404.0,,,,,,,,,,,,
1832,168.0,,,,,,,,506.0,,,,,,,,,,,,
1833,210.0,,,,,,,,372.0,,,,,,,,,,,,
1834,84.0,,,,,,,,480.0,,,,,,,,,,,,
1835,210.0,,,,,,,,336.0,,,,,,,,,,,,
1836,126.0,,,,,,,,210.0,,,,,,,,,,,,
1837,450.0,,,,,,,,168.0,,,,,,,,,,,,
1838,42.0,,,,,,,,42.0,,,,,,,,,,,,
1839,168.0,,,,,,,,174.0,,,,,,,,,,,,
1840,270.0,,,,,,,,336.0,,,,,,,,,,,,
1841,308.0,,,,,,,,222.0,,,,,,,,,,,,
1842,90.0,,,,,,,,404.0,,,,,,,,,,,,
1843,336.0,,,,,,,,336.0,,,,,,,,,,,,
1844,126.0,,,,,,,,462.0,,,,,,,,,,,,
1845,182.0,,,,,,,,168.0,,,,,,,,,,,,
1846,216.0,,,,,,,,210.0,,,,,,,,,,,,
1847,294.0,,,,,,,,252.0,,,,,,,,,,,,
1848,168.0,,,,,,,,506.0,,,,,,,,,,,,
1849,126.0,,,,,,,,308.0,,,,,,,,,,,,
1850,104.0,,,,,,,,350.0,,,,,,,,,,,,
1851,410.0,,,,,,,,252.0,,,,,,,,,,,,
1852,98.0,,,,,,,,410.0,,,,,,,,,,,,
1853,396.0,,,,,,,,438.0,,,,,,,,,,,,
1854,326.0,,,,,,,,182.0,,,,,,,,,,,,
1855,258.0,,,,,,,,252.0,,,,,,,,,,,,
1856,414.0,,,,,,,,360.0,,,,,,,,,,,,
1857,126.0,,,,,,,,252.0,,,,,,,,,,,,
1858,336.0,,,,,,,,360.0,,,,,,,,,,,,
1859,126.0,,,,,,,,168.0,,,,,,,,,,,,
1860,168.0,,,,,,,,252.0,,,,,,,,,,,,
1861,210.0,,,,,,,,168.0,,,,,,,,,,,,
1862,104.0,,,,,,,,174.0,,,,,,,,,,,,
1863,126.0,,,,,,,,410.0,,,,,,,,,,,,
1864,84.0,,,,,,,,126.0,,,,,,,,,,,,
1865,210.0,,,,,,,,326.0,,,,,,,,,,,,
1866,42.0,,,,,,,,308.0,,,,,,,,,,,,
1867,182.0,,,,,,,,168.0,,,,,,,,,,,,
1868,98.0,,,,,,,,336.0,,,,,,,,,,,,
1869,126.0,,,,,,,,210.0,,,,,,,,,,,,
1870,126.0,,,,,,,,252.0,,,,,,,,,,,,
1871,168.0,,,,,,,,224.0,,,,,,,,,,,,
1872,140.0,,,,,,,,404.0,,,,,,,,,,,,
1873,216.0,,,,,,,,404.0,,,,,,,,,,,,
1874,336.0,,,,,,,,642.0,,,,,,,,,,,,
1875,154.0,,,,,,,,522.0,,,,,,,,,,,,
1876,270.0,,,,,,,,336.0,,,,,,,,,,,,
1877,314.0,,,,,,,,168.0,,,,,,,,,,,,
1878,308.0,,,,,,,,492.0,,,,,,,,,,,,
1879,180.0,,,,,,,,210.0,,,,,,,,,,,,
1880,168.0,,,,,,,,210.0,,,,,,,,,,,,
1881,410.0,,,,,,,,210.0,,,,,,,,,,,,
1882,326.0,,,,,,,,308.0,,,,,,,,,,,,
1883,370.0,,,,,,,,126.0,,,,,,,,,,,,
1884,258.0,,,,,,,,336.0,,,,,,,,,,,,
1885,90.0,,,,,,,,224.0,,,,,,,,,,,,
1886,396.0,,,,,,,,168.0,,,,,,,,,,,,
1887,336.0,,,,,,,,336.0,,,,,,,,,,,,
1888,350.0,,,,,,,,420.0,,,,,,,,,,,,
1889,126.0,,,,,,,,326.0,,,,,,,,,,,,
1890,168.0,,,,,,,,404.0,,,,,,,,,,,,
1891,410.0,,,,,,,,360.0,,,,,,,,,,,,
1892,84.0,,,,,,,,174.0,,,,,,,,,,,,
1893,336.0,,,,,,,,372.0,,,,,,,,,,,,
1894,126.0,,,,,,,,362.0,,,,,,,,,,,,
1895,42.0,,,,,,,,270.0,,,,,,,,,,,,
1896,182.0,,,,,,,,258.0,,,,,,,,,,,,
1897,210.0,,,,,,,,308.0,,,,,,,,,,,,
1898,126.0,,,,,,,,168.0,,,,,,,,,,,,
1899,126.0,,,,,,,,252.0,,,,,,,,,,,,
1900,90.0,,,,,,,,126.0,,,,,,,,,,,,
1901,168.0,,,,,,,,182.0,,,,,,,,,,,,
1902,104.0,,,,,,,,168.0,,,,,,,,,,,,
1903,216.0,,,,,,,,360.0,,,,,,,,,,,,
1904,336.0,,,,,,,,336.0,,,,,,,,,,,,
1905,252.0,,,,,,,,420.0,,,,,,,,,,,,
1906,270.0,,,,,,,,174.0,,,,,,,,,,,,
1907,360.0,,,,,,,,336.0,,,,,,,,,,,,
1908,258.0,,,,,,,,360.0,,,,,,,,,,,,
1909,326.0,,,,,,,,462.0,,,,,,,,,,,,
1910,168.0,,,,,,,,278.0,,,,,,,,,,,,
1911,270.0,,,,,,,,404.0,,,,,,,,,,,,
1912,210.0,,,,,,,,252.0,,,,,,,,,,,,
1913,168.0,,,,,,,,350.0,,,,,,,,,,,,
1914,98.0,,,,,,,,210.0,,,,,,,,,,,,
1915,462.0,,,,,,,,308.0,,,,,,,,,,,,
1916,182.0,,,,,,,,458.0,,,,,,,,,,,,
1917,336.0,,,,,,,,438.0,,,,,,,,,,,,
1918,168.0,,,,,,,,174.0,,,,,,,,,,,,
1919,42.0,,,,,,,,168.0,,,,,,,,,,,,
1920,126.0,,,,,,,,458.0,,,,,,,,,,,,
1921,396.0,,,,,,,,224.0,,,,,,,,,,,,
1922,168.0,,,,,,,,336.0,,,,,,,,,,,,
1923,174.0,,,,,,,,420.0,,,,,,,,,,,,
1924,126.0,,,,,,,,404.0,,,,,,,,,,,,
1925,84.0,,,,,,,,308.0,,,,,,,,,,,,
1926,126.0,,,,,,,,42.0,,,,,,,,,,,,
1927,168.0,,,,,,,,416.0,,,,,,,,,,,,
1928,126.0,,,,,,,,210.0,,,,,,,,,,,,
1929,404.0,,,,,,,,252.0,,,,,,,,,,,,
1930,210.0,,,,,,,,564.0,,,,,,,,,,,,
1931,98.0,,,,,,,,222.0,,,,,,,,,,,,
1932,270.0,,,,,,,,252.0,,,,,,,,,,,,
1933,294.0,,,,,,,,210.0,,,,,,,,,,,,
1934,410.0,,,,,,,,414.0,,,,,,,,,,,,
1935,414.0,,,,,,,,632.0,,,,,,,,,,,,
1936,308.0,,,,,,,,336.0,,,,,,,,,,,,
1937,326.0,,,,,,,,216.0,,,,,,,,,,,,
1938,210.0,,,,,,,,168.0,,,,,,,,,,,,
1939,450.0,,,,,,,,336.0,,,,,,,,,,,,
1940,90.0,,,,,,,,462.0,,,,,,,,,,,,
1941,336.0,,,,,,,,252.0,,,,,,,,,,,,
1942,410.0,,,,,,,,420.0,,,,,,,,,,,,
1943,42.0,,,,,,,,308.0,,,,,,,,,,,,
1944,168.0,,,,,,,,336.0,,,,,,,,,,,,
1945,168.0,,,,,,,,360.0,,,,,,,,,,,,
1946,270.0,,,,,,,,168.0,,,,,,,,,,,,
1947,294.0,,,,,,,,426.0,,,,,,,,,,,,
1948,336.0,,,,,,,,230.0,,,,,,,,,,,,
1949,210.0,,,,,,,,210.0,,,,,,,,,,,,
1950,126.0,,,,,,,,182.0,,,,,,,,,,,,
1951,174.0,,,,,,,,360.0,,,,,,,,,,,,
1952,84.0,,,,,,,,264.0,,,,,,,,,,,,
1953,90.0,,,,,,,,210.0,,,,,,,,,,,,
1954,126.0,,,,,,,,500.0,,,,,,,,,,,,
1955,182.0,,,,,,,,284.0,,,,,,,,,,,,
1956,126.0,,,,,,,,350.0,,,,,,,,,,,,
1957,404.0,,,,,,,,216.0,,,,,,,,,,,,
1958,210.0,,,,,,,,360.0,,,,,,,,,,,,
1959,168.0,,,,,,,,182.0,,,,,,,,,,,,
1960,326.0,,,,,,,,336.0,,,,,,,,,,,,
1961,308.0,,,,,,,,168.0,,,,,,,,,,,,
1962,370.0,,,,,,,,168.0,,,,,,,,,,,,
1963,494.0,,,,,,,,252.0,,,,,,,,,,,,
1964,98.0,,,,,,,,284.0,,,,,,,,,,,,
1965,126.0,,,,,,,,308.0,,,,,,,,,,,,
1966,396.0,,,,,,,,336.0,,,,,,,,,,,,
1967,336.0,,,,,,,,420.0,,,,,,,,,,,,
1968,168.0,,,,,,,,342.0,,,,,,,,,,,,
1969,168.0,,,,,,,,230.0,,,,,,,,,,,,
1970,126.0,,,,,,,,396.0,,,,,,,,,,,,
1971,210.0,,,,,,,,410.0,,,,,,,,,,,,
1972,126.0,,,,,,,,210.0,,,,,,,,,,,,
1973,42.0,,,,,,,,252.0,,,,,,,,,,,,
1974,168.0,,,,,,,,308.0,,,,,,,,,,,,
1975,84.0,,,,,,,,414.0,,,,,,,,,,,,
1976,210.0,,,,,,,,450.0,,,,,,,,,,,,
1977,210.0,,,,,,,,336.0,,,,,,,,,,,,
1978,126.0,,,,,,,,168.0,,,,,,,,,,,,
1979,90.0,,,,,,,,182.0,,,,,,,,,,,,
1980,312.0,,,,,,,,360.0,,,,,,,,,,,,
1981,182.0,,,,,,,,126.0,,,,,,,,,,,,
1982,174.0,,,,,,,,252.0,,,,,,,,,,,,
1983,336.0,,,,,,,,168.0,,,,,,,,,,,,
1984,336.0,,,,,,,,252.0,,,,,,,,,,,,
1985,362.0,,,,,,,,404.0,,,,,,,,,,,,
1986,270.0,,,,,,,,336.0,,,,,,,,,,,,
1987,404.0,,,,,,,,168.0,,,,,,,,,,,,
1988,308.0,,,,,,,,420.0,,,,,,,,,,,,
1989,326.0,,,,,,,,308.0,,,,,,,,,,,,
1990,258.0,,,,,,,,360.0,,,,,,,,,,,,
1991,98.0,,,,,,,,174.0,,,,,,,,,,,,
1992,362.0,,,,,,,,350.0,,,,,,,,,,,,
1993,460.0,,,,,,,,210.0,,,,,,,,,,,,
1994,126.0,,,,,,,,410.0,,,,,,,,,,,,
1995,168.0,,,,,,,,326.0,,,,,,,,,,,,
1996,182.0,,,,,,,,252.0,,,,,,,,,,,,
1997,168.0,,,,,,,,480.0,,,,,,,,,,,,
1998,126.0,,,,,,,,,,,,,,,,,,,,
1999,336.0,,,,,,,,,,,,,,,,,,,,
2000,42.0,,,,,,,,,,,,,,,,,,,,
2001,126.0,,,,,,,,,,,,,,,,,,,,
2002,174.0,,,,,,,,,,,,,,,,,,,,
2003,84.0,,,,,,,,,,,,,,,,,,,,
2004,180.0,,,,,,,,,,,,,,,,,,,,
2005,126.0,,,,,,,,,,,,,,,,,,,,
2006,210.0,,,,,,,,,,,,,,,,,,,,
2007,90.0,,,,,,,,,,,,,,,,,,,,
2008,168.0,,,,,,,,,,,,,,,,,,,,
2009,404.0,,,,,,,,,,,,,,,,,,,,
2010,252.0,,,,,,,,,,,,,,,,,,,,
2011,336.0,,,,,,,,,,,,,,,,,,,,
2012,98.0,,,,,,,,,,,,,,,,,,,,
2013,270.0,,,,,,,,,,,,,,,,,,,,
2014,266.0,,,,,,,,,,,,,,,,,,,,
2015,438.0,,,,,,,,,,,,,,,,,,,,
2016,410.0,,,,,,,,,,,,,,,,,,,,
2017,326.0,,,,,,,,,,,,,,,,,,,,
2018,308.0,,,,,,,,,,,,,,,,,,,,
2019,210.0,,,,,,,,,,,,,,,,,,,,
2020,418.0,,,,,,,,,,,,,,,,,,,,
2021,126.0,,,,,,,,,,,,,,,,,,,,
2022,326.0,,,,,,,,,,,,,,,,,,,,
2023,168.0,,,,,,,,,,,,,,,,,,,,
2024,404.0,,,,,,,,,,,,,,,,,,,,
2025,180.0,,,,,,,,,,,,,,,,,,,,
2026,42.0,,,,,,,,,,,,,,,,,,,,
2027,210.0,,,,,,,,,,,,,,,,,,,,
2028,168.0,,,,,,,,,,,,,,,,,,,,
2029,410.0,,,,,,,,,,,,,,,,,,,,
2030,126.0,,,,,,,,,,,,,,,,,,,,
2031,84.0,,,,,,,,,,,,,,,,,,,,
2032,126.0,,,,,,,,,,,,,,,,,,,,
2033,126.0,,,,,,,,,,,,,,,,,,,,
2034,182.0,,,,,,,,,,,,,,,,,,,,
2035,174.0,,,,,,,,,,,,,,,,,,,,
2036,90.0,,,,,,,,,,,,,,,,,,,,
2037,336.0,,,,,,,,,,,,,,,,,,,,
2038,308.0,,,,,,,,,,,,,,,,,,,,
2039,98.0,,,,,,,,,,,,,,,,,,,,
2040,266.0,,,,,,,,,,,,,,,,,,,,
2041,270.0,,,,,,,,,,,,,,,,,,,,
2042,168.0,,,,,,,,,,,,,,,,,,,,
2043,126.0,,,,,,,,,,,,,,,,,,,,
2044,252.0,,,,,,,,,,,,,,,,,,,,
2045,210.0,,,,,,,,,,,,,,,,,,,,
2046,418.0,,,,,,,,,,,,,,,,,,,,
2047,438.0,,,,,,,,,,,,,,,,,,,,
2048,336.0,,,,,,,,,,,,,,,,,,,,
2049,126.0,,,,,,,,,,,,,,,,,,,,
2050,168.0,,,,,,,,,,,,,,,,,,,,
2051,336.0,,,,,,,,,,,,,,,,,,,,
2052,84.0,,,,,,,,,,,,,,,,,,,,
2053,374.0,,,,,,,,,,,,,,,,,,,,
2054,168.0,,,,,,,,,,,,,,,,,,,,
2055,372.0,,,,,,,,,,,,,,,,,,,,
2056,210.0,,,,,,,,,,,,,,,,,,,,
2057,362.0,,,,,,,,,,,,,,,,,,,,
2058,42.0,,,,,,,,,,,,,,,,,,,,
2059,174.0,,,,,,,,,,,,,,,,,,,,
2060,138.0,,,,,,,,,,,,,,,,,,,,
2061,126.0,,,,,,,,,,,,,,,,,,,,
2062,132.0,,,,,,,,,,,,,,,,,,,,
2063,126.0,,,,,,,,,,,,,,,,,,,,
2064,126.0,,,,,,,,,,,,,,,,,,,,
2065,182.0,,,,,,,,,,,,,,,,,,,,
2066,98.0,,,,,,,,,,,,,,,,,,,,
2067,168.0,,,,,,,,,,,,,,,,,,,,
2068,294.0,,,,,,,,,,,,,,,,,,,,
2069,210.0,,,,,,,,,,,,,,,,,,,,
2070,180.0,,,,,,,,,,,,,,,,,,,,
2071,404.0,,,,,,,,,,,,,,,,,,,,
2072,308.0,,,,,,,,,,,,,,,,,,,,
2073,492.0,,,,,,,,,,,,,,,,,,,,
2074,306.0,,,,,,,,,,,,,,,,,,,,
2075,336.0,,,,,,,,,,,,,,,,,,,,
2076,168.0,,,,,,,,,,,,,,,,,,,,
2077,182.0,,,,,,,,,,,,,,,,,,,,
2078,84.0,,,,,,,,,,,,,,,,,,,,
2079,98.0,,,,,,,,,,,,,,,,,,,,
2080,174.0,,,,,,,,,,,,,,,,,,,,
2081,210.0,,,,,,,,,,,,,,,,,,,,
2082,126.0,,,,,,,,,,,,,,,,,,,,
2083,126.0,,,,,,,,,,,,,,,,,,,,
2084,42.0,,,,,,,,,,,,,,,,,,,,
2085,210.0,,,,,,,,,,,,,,,,,,,,
2086,168.0,,,,,,,,,,,,,,,,,,,,
2087,316.0,,,,,,,,,,,,,,,,,,,,
2088,90.0,,,,,,,,,,,,,,,,,,,,
2089,396.0,,,,,,,,,,,,,,,,,,,,
2090,126.0,,,,,,,,,,,,,,,,,,,,
2091,126.0,,,,,,,,,,,,,,,,,,,,
2092,336.0,,,,,,,,,,,,,,,,,,,,
2093,178.0,,,,,,,,,,,,,,,,,,,,
2094,404.0,,,,,,,,,,,,,,,,,,,,
2095,270.0,,,,,,,,,,,,,,,,,,,,
2096,168.0,,,,,,,,,,,,,,,,,,,,
2097,168.0,,,,,,,,,,,,,,,,,,,,
2098,126.0,,,,,,,,,,,,,,,,,,,,
2099,308.0,,,,,,,,,,,,,,,,,,,,
2100,326.0,,,,,,,,,,,,,,,,,,,,
2101,288.0,,,,,,,,,,,,,,,,,,,,
2102,492.0,,,,,,,,,,,,,,,,,,,,
2103,336.0,,,,,,,,,,,,,,,,,,,,
2104,84.0,,,,,,,,,,,,,,,,,,,,
2105,180.0,,,,,,,,,,,,,,,,,,,,
2106,126.0,,,,,,,,,,,,,,,,,,,,
2107,168.0,,,,,,,,,,,,,,,,,,,,
2108,126.0,,,,,,,,,,,,,,,,,,,,
2109,410.0,,,,,,,,,,,,,,,,,,,,
2110,42.0,,,,,,,,,,,,,,,,,,,,
2111,182.0,,,,,,,,,,,,,,,,,,,,
2112,98.0,,,,,,,,,,,,,,,,,,,,
2113,180.0,,,,,,,,,,,,,,,,,,,,
2114,168.0,,,,,,,,,,,,,,,,,,,,
2115,210.0,,,,,,,,,,,,,,,,,,,,
2116,336.0,,,,,,,,,,,,,,,,,,,,
2117,174.0,,,,,,,,,,,,,,,,,,,,
2118,126.0,,,,,,,,,,,,,,,,,,,,
2119,126.0,,,,,,,,,,,,,,,,,,,,
2120,168.0,,,,,,,,,,,,,,,,,,,,
2121,252.0,,,,,,,,,,,,,,,,,,,,
2122,294.0,,,,,,,,,,,,,,,,,,,,
2123,462.0,,,,,,,,,,,,,,,,,,,,
2124,308.0,,,,,,,,,,,,,,,,,,,,
2125,404.0,,,,,,,,,,,,,,,,,,,,
2126,326.0,,,,,,,,,,,,,,,,,,,,
2127,360.0,,,,,,,,,,,,,,,,,,,,
2128,396.0,,,,,,,,,,,,,,,,,,,,
2129,336.0,,,,,,,,,,,,,,,,,,,,
2130,126.0,,,,,,,,,,,,,,,,,,,,
2131,174.0,,,,,,,,,,,,,,,,,,,,
2132,168.0,,,,,,,,,,,,,,,,,,,,
2133,126.0,,,,,,,,,,,,,,,,,,,,
2134,126.0,,,,,,,,,,,,,,,,,,,,
2135,270.0,,,,,,,,,,,,,,,,,,,,
2136,42.0,,,,,,,,,,,,,,,,,,,,
2137,84.0,,,,,,,,,,,,,,,,,,,,
2138,210.0,,,,,,,,,,,,,,,,,,,,
2139,210.0,,,,,,,,,,,,,,,,,,,,
2140,168.0,,,,,,,,,,,,,,,,,,,,
2141,414.0,,,,,,,,,,,,,,,,,,,,
2142,396.0,,,,,,,,,,,,,,,,,,,,
2143,336.0,,,,,,,,,,,,,,,,,,,,
2144,326.0,,,,,,,,,,,,,,,,,,,,
2145,126.0,,,,,,,,,,,,,,,,,,,,
2146,182.0,,,,,,,,,,,,,,,,,,,,
2147,404.0,,,,,,,,,,,,,,,,,,,,
2148,336.0,,,,,,,,,,,,,,,,,,,,
2149,294.0,,,,,,,,,,,,,,,,,,,,
2150,168.0,,,,,,,,,,,,,,,,,,,,
2151,410.0,,,,,,,,,,,,,,,,,,,,
2152,308.0,,,,,,,,,,,,,,,,,,,,
2153,98.0,,,,,,,,,,,,,,,,,,,,
2154,90.0,,,,,,,,,,,,,,,,,,,,
2155,450.0,,,,,,,,,,,,,,,,,,,,
2156,126.0,,,,,,,,,,,,,,,,,,,,
2157,168.0,,,,,,,,,,,,,,,,,,,,
2158,210.0,,,,,,,,,,,,,,,,,,,,
2159,126.0,,,,,,,,,,,,,,,,,,,,
2160,180.0,,,,,,,,,,,,,,,,,,,,
2161,42.0,,,,,,,,,,,,,,,,,,,,
2162,168.0,,,,,,,,,,,,,,,,,,,,
2163,98.0,,,,,,,,,,,,,,,,,,,,
2164,182.0,,,,,,,,,,,,,,,,,,,,
2165,84.0,,,,,,,,,,,,,,,,,,,,
2166,410.0,,,,,,,,,,,,,,,,,,,,
2167,126.0,,,,,,,,,,,,,,,,,,,,
2168,126.0,,,,,,,,,,,,,,,,,,,,
2169,168.0,,,,,,,,,,,,,,,,,,,,
2170,336.0,,,,,,,,,,,,,,,,,,,,
2171,326.0,,,,,,,,,,,,,,,,,,,,
2172,336.0,,,,,,,,,,,,,,,,,,,,
2173,104.0,,,,,,,,,,,,,,,,,,,,
2174,216.0,,,,,,,,,,,,,,,,,,,,
2175,418.0,,,,,,,,,,,,,,,,,,,,
2176,270.0,,,,,,,,,,,,,,,,,,,,
2177,294.0,,,,,,,,,,,,,,,,,,,,
2178,258.0,,,,,,,,,,,,,,,,,,,,
2179,266.0,,,,,,,,,,,,,,,,,,,,
2180,266.0,,,,,,,,,,,,,,,,,,,,
2181,210.0,,,,,,,,,,,,,,,,,,,,
2182,90.0,,,,,,,,,,,,,,,,,,,,
2183,438.0,,,,,,,,,,,,,,,,,,,,
2184,168.0,,,,,,,,,,,,,,,,,,,,
2185,84.0,,,,,,,,,,,,,,,,,,,,
2186,126.0,,,,,,,,,,,,,,,,,,,,
2187,336.0,,,,,,,,,,,,,,,,,,,,
2188,494.0,,,,,,,,,,,,,,,,,,,,
2189,42.0,,,,,,,,,,,,,,,,,,,,
2190,210.0,,,,,,,,,,,,,,,,,,,,
2191,182.0,,,,,,,,,,,,,,,,,,,,
2192,126.0,,,,,,,,,,,,,,,,,,,,
2193,336.0,,,,,,,,,,,,,,,,,,,,
2194,174.0,,,,,,,,,,,,,,,,,,,,
2195,126.0,,,,,,,,,,,,,,,,,,,,
2196,404.0,,,,,,,,,,,,,,,,,,,,
2197,410.0,,,,,,,,,,,,,,,,,,,,
2198,168.0,,,,,,,,,,,,,,,,,,,,
2199,210.0,,,,,,,,,,,,,,,,,,,,
2200,270.0,,,,,,,,,,,,,,,,,,,,
2201,98.0,,,,,,,,,,,,,,,,,,,,
2202,168.0,,,,,,,,,,,,,,,,,,,,
2203,294.0,,,,,,,,,,,,,,,,,,,,
2204,370.0,,,,,,,,,,,,,,,,,,,,
2205,326.0,,,,,,,,,,,,,,,,,,,,
2206,308.0,,,,,,,,,,,,,,,,,,,,
2207,90.0,,,,,,,,,,,,,,,,,,,,
2208,126.0,,,,,,,,,,,,,,,,,,,,
2209,396.0,,,,,,,,,,,,,,,,,,,,
2210,210.0,,,,,,,,,,,,,,,,,,,,
2211,168.0,,,,,,,,,,,,,,,,,,,,
2212,168.0,,,,,,,,,,,,,,,,,,,,
2213,326.0,,,,,,,,,,,,,,,,,,,,
2214,126.0,,,,,,,,,,,,,,,,,,,,
2215,126.0,,,,,,,,,,,,,,,,,,,,
2216,42.0,,,,,,,,,,,,,,,,,,,,
2217,270.0,,,,,,,,,,,,,,,,,,,,
2218,84.0,,,,,,,,,,,,,,,,,,,,
2219,404.0,,,,,,,,,,,,,,,,,,,,
2220,182.0,,,,,,,,,,,,,,,,,,,,
2221,126.0,,,,,,,,,,,,,,,,,,,,
2222,126.0,,,,,,,,,,,,,,,,,,,,
2223,174.0,,,,,,,,,,,,,,,,,,,,
2224,336.0,,,,,,,,,,,,,,,,,,,,
2225,258.0,,,,,,,,,,,,,,,,,,,,
2226,90.0,,,,,,,,,,,,,,,,,,,,
2227,350.0,,,,,,,,,,,,,,,,,,,,
2228,180.0,,,,,,,,,,,,,,,,,,,,
2229,270.0,,,,,,,,,,,,,,,,,,,,
2230,168.0,,,,,,,,,,,,,,,,,,,,
2231,210.0,,,,,,,,,,,,,,,,,,,,
2232,362.0,,,,,,,,,,,,,,,,,,,,
2233,210.0,,,,,,,,,,,,,,,,,,,,
2234,282.0,,,,,,,,,,,,,,,,,,,,
2235,98.0,,,,,,,,,,,,,,,,,,,,
2236,360.0,,,,,,,,,,,,,,,,,,,,
2237,336.0,,,,,,,,,,,,,,,,,,,,
2238,182.0,,,,,,,,,,,,,,,,,,,,
2239,168.0,,,,,,,,,,,,,,,,,,,,
2240,404.0,,,,,,,,,,,,,,,,,,,,
2241,84.0,,,,,,,,,,,,,,,,,,,,
2242,126.0,,,,,,,,,,,,,,,,,,,,
2243,42.0,,,,,,,,,,,,,,,,,,,,
2244,326.0,,,,,,,,,,,,,,,,,,,,
2245,168.0,,,,,,,,,,,,,,,,,,,,
2246,282.0,,,,,,,,,,,,,,,,,,,,
2247,126.0,,,,,,,,,,,,,,,,,,,,
2248,174.0,,,,,,,,,,,,,,,,,,,,
2249,410.0,,,,,,,,,,,,,,,,,,,,
2250,336.0,,,,,,,,,,,,,,,,,,,,
2251,168.0,,,,,,,,,,,,,,,,,,,,
2252,126.0,,,,,,,,,,,,,,,,,,,,
2253,132.0,,,,,,,,,,,,,,,,,,,,
2254,180.0,,,,,,,,,,,,,,,,,,,,
2255,210.0,,,,,,,,,,,,,,,,,,,,
2256,336.0,,,,,,,,,,,,,,,,,,,,
2257,90.0,,,,,,,,,,,,,,,,,,,,
2258,294.0,,,,,,,,,,,,,,,,,,,,
2259,138.0,,,,,,,,,,,,,,,,,,,,
2260,126.0,,,,,,,,,,,,,,,,,,,,
2261,350.0,,,,,,,,,,,,,,,,,,,,
2262,210.0,,,,,,,,,,,,,,,,,,,,
2263,98.0,,,,,,,,,,,,,,,,,,,,
2264,360.0,,,,,,,,,,,,,,,,,,,,
2265,396.0,,,,,,,,,,,,,,,,,,,,
2266,168.0,,,,,,,,,,,,,,,,,,,,
2267,210.0,,,,,,,,,,,,,,,,,,,,
2268,182.0,,,,,,,,,,,,,,,,,,,,
2269,168.0,,,,,,,,,,,,,,,,,,,,
2270,42.0,,,,,,,,,,,,,,,,,,,,
2271,126.0,,,,,,,,,,,,,,,,,,,,
2272,336.0,,,,,,,,,,,,,,,,,,,,
2273,84.0,,,,,,,,,,,,,,,,,,,,
2274,126.0,,,,,,,,,,,,,,,,,,,,
2275,216.0,,,,,,,,,,,,,,,,,,,,
2276,270.0,,,,,,,,,,,,,,,,,,,,
2277,410.0,,,,,,,,,,,,,,,,,,,,
2278,252.0,,,,,,,,,,,,,,,,,,,,
2279,350.0,,,,,,,,,,,,,,,,,,,,
2280,168.0,,,,,,,,,,,,,,,,,,,,
2281,126.0,,,,,,,,,,,,,,,,,,,,
2282,104.0,,,,,,,,,,,,,,,,,,,,
2283,210.0,,,,,,,,,,,,,,,,,,,,
2284,336.0,,,,,,,,,,,,,,,,,,,,
2285,462.0,,,,,,,,,,,,,,,,,,,,
2286,354.0,,,,,,,,,,,,,,,,,,,,
2287,126.0,,,,,,,,,,,,,,,,,,,,
2288,360.0,,,,,,,,,,,,,,,,,,,,
2289,284.0,,,,,,,,,,,,,,,,,,,,
2290,98.0,,,,,,,,,,,,,,,,,,,,
2291,90.0,,,,,,,,,,,,,,,,,,,,
2292,384.0,,,,,,,,,,,,,,,,,,,,
2293,126.0,,,,,,,,,,,,,,,,,,,,
2294,410.0,,,,,,,,,,,,,,,,,,,,
2295,98.0,,,,,,,,,,,,,,,,,,,,
2296,126.0,,,,,,,,,,,,,,,,,,,,
2297,84.0,,,,,,,,,,,,,,,,,,,,
2298,168.0,,,,,,,,,,,,,,,,,,,,
2299,210.0,,,,,,,,,,,,,,,,,,,,
2300,42.0,,,,,,,,,,,,,,,,,,,,
2301,314.0,,,,,,,,,,,,,,,,,,,,
2302,174.0,,,,,,,,,,,,,,,,,,,,
2303,294.0,,,,,,,,,,,,,,,,,,,,
2304,336.0,,,,,,,,,,,,,,,,,,,,
2305,168.0,,,,,,,,,,,,,,,,,,,,
2306,126.0,,,,,,,,,,,,,,,,,,,,
2307,404.0,,,,,,,,,,,,,,,,,,,,
2308,182.0,,,,,,,,,,,,,,,,,,,,
2309,326.0,,,,,,,,,,,,,,,,,,,,
2310,180.0,,,,,,,,,,,,,,,,,,,,
2311,336.0,,,,,,,,,,,,,,,,,,,,
2312,210.0,,,,,,,,,,,,,,,,,,,,
2313,270.0,,,,,,,,,,,,,,,,,,,,
2314,168.0,,,,,,,,,,,,,,,,,,,,
2315,370.0,,,,,,,,,,,,,,,,,,,,
2316,126.0,,,,,,,,,,,,,,,,,,,,
2317,308.0,,,,,,,,,,,,,,,,,,,,
2318,90.0,,,,,,,,,,,,,,,,,,,,
2319,396.0,,,,,,,,,,,,,,,,,,,,
2320,168.0,,,,,,,,,,,,,,,,,,,,
2321,104.0,,,,,,,,,,,,,,,,,,,,
2322,132.0,,,,,,,,,,,,,,,,,,,,
2323,98.0,,,,,,,,,,,,,,,,,,,,
2324,84.0,,,,,,,,,,,,,,,,,,,,
2325,168.0,,,,,,,,,,,,,,,,,,,,
2326,368.0,,,,,,,,,,,,,,,,,,,,
2327,42.0,,,,,,,,,,,,,,,,,,,,
2328,274.0,,,,,,,,,,,,,,,,,,,,
2329,336.0,,,,,,,,,,,,,,,,,,,,
2330,126.0,,,,,,,,,,,,,,,,,,,,
2331,354.0,,,,,,,,,,,,,,,,,,,,
2332,168.0,,,,,,,,,,,,,,,,,,,,
2333,126.0,,,,,,,,,,,,,,,,,,,,
2334,384.0,,,,,,,,,,,,,,,,,,,,
2335,126.0,,,,,,,,,,,,,,,,,,,,
2336,182.0,,,,,,,,,,,,,,,,,,,,
2337,236.0,,,,,,,,,,,,,,,,,,,,
2338,216.0,,,,,,,,,,,,,,,,,,,,
2339,308.0,,,,,,,,,,,,,,,,,,,,
2340,270.0,,,,,,,,,,,,,,,,,,,,
2341,210.0,,,,,,,,,,,,,,,,,,,,
2342,370.0,,,,,,,,,,,,,,,,,,,,
2343,168.0,,,,,,,,,,,,,,,,,,,,
2344,220.0,,,,,,,,,,,,,,,,,,,,
2345,126.0,,,,,,,,,,,,,,,,,,,,
2346,252.0,,,,,,,,,,,,,,,,,,,,
2347,90.0,,,,,,,,,,,,,,,,,,,,
2348,336.0,,,,,,,,,,,,,,,,,,,,
2349,410.0,,,,,,,,,,,,,,,,,,,,
2350,182.0,,,,,,,,,,,,,,,,,,,,
2351,336.0,,,,,,,,,,,,,,,,,,,,
2352,168.0,,,,,,,,,,,,,,,,,,,,
2353,42.0,,,,,,,,,,,,,,,,,,,,
2354,126.0,,,,,,,,,,,,,,,,,,,,
2355,126.0,,,,,,,,,,,,,,,,,,,,
2356,210.0,,,,,,,,,,,,,,,,,,,,
2357,270.0,,,,,,,,,,,,,,,,,,,,
2358,168.0,,,,,,,,,,,,,,,,,,,,
2359,126.0,,,,,,,,,,,,,,,,,,,,
2360,84.0,,,,,,,,,,,,,,,,,,,,
2361,336.0,,,,,,,,,,,,,,,,,,,,
2362,174.0,,,,,,,,,,,,,,,,,,,,
2363,98.0,,,,,,,,,,,,,,,,,,,,
2364,180.0,,,,,,,,,,,,,,,,,,,,
2365,308.0,,,,,,,,,,,,,,,,,,,,
2366,326.0,,,,,,,,,,,,,,,,,,,,
2367,168.0,,,,,,,,,,,,,,,,,,,,
2368,404.0,,,,,,,,,,,,,,,,,,,,
2369,126.0,,,,,,,,,,,,,,,,,,,,
2370,252.0,,,,,,,,,,,,,,,,,,,,
2371,210.0,,,,,,,,,,,,,,,,,,,,
2372,370.0,,,,,,,,,,,,,,,,,,,,
2373,314.0,,,,,,,,,,,,,,,,,,,,
2374,90.0,,,,,,,,,,,,,,,,,,,,
2375,438.0,,,,,,,,,,,,,,,,,,,,
2376,404.0,,,,,,,,,,,,,,,,,,,,
2377,168.0,,,,,,,,,,,,,,,,,,,,
2378,168.0,,,,,,,,,,,,,,,,,,,,
2379,270.0,,,,,,,,,,,,,,,,,,,,
2380,336.0,,,,,,,,,,,,,,,,,,,,
2381,84.0,,,,,,,,,,,,,,,,,,,,
2382,126.0,,,,,,,,,,,,,,,,,,,,
2383,126.0,,,,,,,,,,,,,,,,,,,,
2384,42.0,,,,,,,,,,,,,,,,,,,,
2385,210.0,,,,,,,,,,,,,,,,,,,,
2386,174.0,,,,,,,,,,,,,,,,,,,,
2387,126.0,,,,,,,,,,,,,,,,,,,,
2388,98.0,,,,,,,,,,,,,,,,,,,,
2389,126.0,,,,,,,,,,,,,,,,,,,,
2390,90.0,,,,,,,,,,,,,,,,,,,,
2391,182.0,,,,,,,,,,,,,,,,,,,,
2392,210.0,,,,,,,,,,,,,,,,,,,,
2393,294.0,,,,,,,,,,,,,,,,,,,,
2394,396.0,,,,,,,,,,,,,,,,,,,,
2395,168.0,,,,,,,,,,,,,,,,,,,,
2396,410.0,,,,,,,,,,,,,,,,,,,,
2397,350.0,,,,,,,,,,,,,,,,,,,,
2398,326.0,,,,,,,,,,,,,,,,,,,,
2399,462.0,,,,,,,,,,,,,,,,,,,,
2400,360.0,,,,,,,,,,,,,,,,,,,,
2401,336.0,,,,,,,,,,,,,,,,,,,,
2402,126.0,,,,,,,,,,,,,,,,,,,,
2403,274.0,,,,,,,,,,,,,,,,,,,,
2404,168.0,,,,,,,,,,,,,,,,,,,,
2405,168.0,,,,,,,,,,,,,,,,,,,,
2406,98.0,,,,,,,,,,,,,,,,,,,,
2407,126.0,,,,,,,,,,,,,,,,,,,,
2408,210.0,,,,,,,,,,,,,,,,,,,,
2409,168.0,,,,,,,,,,,,,,,,,,,,
2410,42.0,,,,,,,,,,,,,,,,,,,,
2411,84.0,,,,,,,,,,,,,,,,,,,,
2412,210.0,,,,,,,,,,,,,,,,,,,,
2413,216.0,,,,,,,,,,,,,,,,,,,,
2414,336.0,,,,,,,,,,,,,,,,,,,,
2415,182.0,,,,,,,,,,,,,,,,,,,,
2416,126.0,,,,,,,,,,,,,,,,,,,,
2417,174.0,,,,,,,,,,,,,,,,,,,,
2418,168.0,,,,,,,,,,,,,,,,,,,,
2419,104.0,,,,,,,,,,,,,,,,,,,,
2420,220.0,,,,,,,,,,,,,,,,,,,,
2421,138.0,,,,,,,,,,,,,,,,,,,,
2422,396.0,,,,,,,,,,,,,,,,,,,,
2423,126.0,,,,,,,,,,,,,,,,,,,,
2424,242.0,,,,,,,,,,,,,,,,,,,,
2425,460.0,,,,,,,,,,,,,,,,,,,,
2426,308.0,,,,,,,,,,,,,,,,,,,,
2427,278.0,,,,,,,,,,,,,,,,,,,,
2428,132.0,,,,,,,,,,,,,,,,,,,,
2429,426.0,,,,,,,,,,,,,,,,,,,,
2430,336.0,,,,,,,,,,,,,,,,,,,,
2431,168.0,,,,,,,,,,,,,,,,,,,,
2432,168.0,,,,,,,,,,,,,,,,,,,,
2433,126.0,,,,,,,,,,,,,,,,,,,,
2434,84.0,,,,,,,,,,,,,,,,,,,,
2435,42.0,,,,,,,,,,,,,,,,,,,,
2436,336.0,,,,,,,,,,,,,,,,,,,,
2437,126.0,,,,,,,,,,,,,,,,,,,,
2438,274.0,,,,,,,,,,,,,,,,,,,,
2439,126.0,,,,,,,,,,,,,,,,,,,,
2440,90.0,,,,,,,,,,,,,,,,,,,,
2441,182.0,,,,,,,,,,,,,,,,,,,,
2442,174.0,,,,,,,,,,,,,,,,,,,,
2443,210.0,,,,,,,,,,,,,,,,,,,,
2444,294.0,,,,,,,,,,,,,,,,,,,,
2445,98.0,,,,,,,,,,,,,,,,,,,,
2446,270.0,,,,,,,,,,,,,,,,,,,,
2447,168.0,,,,,,,,,,,,,,,,,,,,
2448,396.0,,,,,,,,,,,,,,,,,,,,
2449,404.0,,,,,,,,,,,,,,,,,,,,
2450,126.0,,,,,,,,,,,,,,,,,,,,
2451,278.0,,,,,,,,,,,,,,,,,,,,
2452,226.0,,,,,,,,,,,,,,,,,,,,
2453,350.0,,,,,,,,,,,,,,,,,,,,
2454,420.0,,,,,,,,,,,,,,,,,,,,
2455,210.0,,,,,,,,,,,,,,,,,,,,
2456,360.0,,,,,,,,,,,,,,,,,,,,
2457,336.0,,,,,,,,,,,,,,,,,,,,
2458,168.0,,,,,,,,,,,,,,,,,,,,
2459,168.0,,,,,,,,,,,,,,,,,,,,
2460,336.0,,,,,,,,,,,,,,,,,,,,
2461,84.0,,,,,,,,,,,,,,,,,,,,
2462,168.0,,,,,,,,,,,,,,,,,,,,
2463,42.0,,,,,,,,,,,,,,,,,,,,
2464,210.0,,,,,,,,,,,,,,,,,,,,
2465,308.0,,,,,,,,,,,,,,,,,,,,
2466,126.0,,,,,,,,,,,,,,,,,,,,
2467,126.0,,,,,,,,,,,,,,,,,,,,
2468,216.0,,,,,,,,,,,,,,,,,,,,
2469,270.0,,,,,,,,,,,,,,,,,,,,
2470,182.0,,,,,,,,,,,,,,,,,,,,
2471,422.0,,,,,,,,,,,,,,,,,,,,
2472,336.0,,,,,,,,,,,,,,,,,,,,
2473,104.0,,,,,,,,,,,,,,,,,,,,
2474,362.0,,,,,,,,,,,,,,,,,,,,
2475,414.0,,,,,,,,,,,,,,,,,,,,
2476,180.0,,,,,,,,,,,,,,,,,,,,
2477,126.0,,,,,,,,,,,,,,,,,,,,
2478,210.0,,,,,,,,,,,,,,,,,,,,
2479,210.0,,,,,,,,,,,,,,,,,,,,
2480,258.0,,,,,,,,,,,,,,,,,,,,
2481,98.0,,,,,,,,,,,,,,,,,,,,
2482,450.0,,,,,,,,,,,,,,,,,,,,
2483,342.0,,,,,,,,,,,,,,,,,,,,
2484,126.0,,,,,,,,,,,,,,,,,,,,
2485,126.0,,,,,,,,,,,,,,,,,,,,
2486,168.0,,,,,,,,,,,,,,,,,,,,
2487,126.0,,,,,,,,,,,,,,,,,,,,
2488,126.0,,,,,,,,,,,,,,,,,,,,
2489,266.0,,,,,,,,,,,,,,,,,,,,
2490,174.0,,,,,,,,,,,,,,,,,,,,
2491,42.0,,,,,,,,,,,,,,,,,,,,
2492,182.0,,,,,,,,,,,,,,,,,,,,
2493,492.0,,,,,,,,,,,,,,,,,,,,
2494,274.0,,,,,,,,,,,,,,,,,,,,
2495,174.0,,,,,,,,,,,,,,,,,,,,
2496,168.0,,,,,,,,,,,,,,,,,,,,
2497,84.0,,,,,,,,,,,,,,,,,,,,
2498,126.0,,,,,,,,,,,,,,,,,,,,
2499,168.0,,,,,,,,,,,,,,,,,,,,
2500,336.0,,,,,,,,,,,,,,,,,,,,
2501,178.0,,,,,,,,,,,,,,,,,,,,
2502,294.0,,,,,,,,,,,,,,,,,,,,
2503,138.0,,,,,,,,,,,,,,,,,,,,
2504,168.0,,,,,,,,,,,,,,,,,,,,
2505,252.0,,,,,,,,,,,,,,,,,,,,
2506,278.0,,,,,,,,,,,,,,,,,,,,
2507,242.0,,,,,,,,,,,,,,,,,,,,
2508,210.0,,,,,,,,,,,,,,,,,,,,
2509,288.0,,,,,,,,,,,,,,,,,,,,
2510,98.0,,,,,,,,,,,,,,,,,,,,
2511,132.0,,,,,,,,,,,,,,,,,,,,
2512,396.0,,,,,,,,,,,,,,,,,,,,
2513,336.0,,,,,,,,,,,,,,,,,,,,
2514,210.0,,,,,,,,,,,,,,,,,,,,
2515,168.0,,,,,,,,,,,,,,,,,,,,
2516,126.0,,,,,,,,,,,,,,,,,,,,
2517,126.0,,,,,,,,,,,,,,,,,,,,
2518,168.0,,,,,,,,,,,,,,,,,,,,
2519,42.0,,,,,,,,,,,,,,,,,,,,
2520,174.0,,,,,,,,,,,,,,,,,,,,
2521,336.0,,,,,,,,,,,,,,,,,,,,
2522,84.0,,,,,,,,,,,,,,,,,,,,
2523,138.0,,,,,,,,,,,,,,,,,,,,
2524,278.0,,,,,,,,,,,,,,,,,,,,
2525,336.0,,,,,,,,,,,,,,,,,,,,
2526,282.0,,,,,,,,,,,,,,,,,,,,
2527,126.0,,,,,,,,,,,,,,,,,,,,
2528,210.0,,,,,,,,,,,,,,,,,,,,
2529,126.0,,,,,,,,,,,,,,,,,,,,
2530,332.0,,,,,,,,,,,,,,,,,,,,
2531,182.0,,,,,,,,,,,,,,,,,,,,
2532,180.0,,,,,,,,,,,,,,,,,,,,
2533,350.0,,,,,,,,,,,,,,,,,,,,
2534,410.0,,,,,,,,,,,,,,,,,,,,
2535,354.0,,,,,,,,,,,,,,,,,,,,
2536,98.0,,,,,,,,,,,,,,,,,,,,
2537,168.0,,,,,,,,,,,,,,,,,,,,
2538,252.0,,,,,,,,,,,,,,,,,,,,
2539,360.0,,,,,,,,,,,,,,,,,,,,
2540,132.0,,,,,,,,,,,,,,,,,,,,
2541,294.0,,,,,,,,,,,,,,,,,,,,
2542,126.0,,,,,,,,,,,,,,,,,,,,
2543,270.0,,,,,,,,,,,,,,,,,,,,
2544,168.0,,,,,,,,,,,,,,,,,,,,
2545,210.0,,,,,,,,,,,,,,,,,,,,
2546,168.0,,,,,,,,,,,,,,,,,,,,
2547,168.0,,,,,,,,,,,,,,,,,,,,
2548,98.0,,,,,,,,,,,,,,,,,,,,
2549,174.0,,,,,,,,,,,,,,,,,,,,
2550,294.0,,,,,,,,,,,,,,,,,,,,
2551,410.0,,,,,,,,,,,,,,,,,,,,
2552,84.0,,,,,,,,,,,,,,,,,,,,
2553,42.0,,,,,,,,,,,,,,,,,,,,
2554,326.0,,,,,,,,,,,,,,,,,,,,
2555,126.0,,,,,,,,,,,,,,,,,,,,
2556,182.0,,,,,,,,,,,,,,,,,,,,
2557,90.0,,,,,,,,,,,,,,,,,,,,
2558,126.0,,,,,,,,,,,,,,,,,,,,
2559,336.0,,,,,,,,,,,,,,,,,,,,
2560,210.0,,,,,,,,,,,,,,,,,,,,
2561,266.0,,,,,,,,,,,,,,,,,,,,
2562,336.0,,,,,,,,,,,,,,,,,,,,
2563,180.0,,,,,,,,,,,,,,,,,,,,
2564,126.0,,,,,,,,,,,,,,,,,,,,
2565,404.0,,,,,,,,,,,,,,,,,,,,
2566,266.0,,,,,,,,,,,,,,,,,,,,
2567,418.0,,,,,,,,,,,,,,,,,,,,
2568,438.0,,,,,,,,,,,,,,,,,,,,
2569,182.0,,,,,,,,,,,,,,,,,,,,
2570,168.0,,,,,,,,,,,,,,,,,,,,
2571,492.0,,,,,,,,,,,,,,,,,,,,
2572,210.0,,,,,,,,,,,,,,,,,,,,
2573,42.0,,,,,,,,,,,,,,,,,,,,
2574,126.0,,,,,,,,,,,,,,,,,,,,
2575,210.0,,,,,,,,,,,,,,,,,,,,
2576,210.0,,,,,,,,,,,,,,,,,,,,
2577,308.0,,,,,,,,,,,,,,,,,,,,
2578,84.0,,,,,,,,,,,,,,,,,,,,
2579,126.0,,,,,,,,,,,,,,,,,,,,
2580,336.0,,,,,,,,,,,,,,,,,,,,
2581,126.0,,,,,,,,,,,,,,,,,,,,
2582,168.0,,,,,,,,,,,,,,,,,,,,
2583,336.0,,,,,,,,,,,,,,,,,,,,
2584,168.0,,,,,,,,,,,,,,,,,,,,
2585,326.0,,,,,,,,,,,,,,,,,,,,
2586,404.0,,,,,,,,,,,,,,,,,,,,
2587,270.0,,,,,,,,,,,,,,,,,,,,
2588,174.0,,,,,,,,,,,,,,,,,,,,
2589,178.0,,,,,,,,,,,,,,,,,,,,
2590,258.0,,,,,,,,,,,,,,,,,,,,
2591,288.0,,,,,,,,,,,,,,,,,,,,
2592,268.0,,,,,,,,,,,,,,,,,,,,
2593,270.0,,,,,,,,,,,,,,,,,,,,
2594,98.0,,,,,,,,,,,,,,,,,,,,
2595,90.0,,,,,,,,,,,,,,,,,,,,
2596,126.0,,,,,,,,,,,,,,,,,,,,
2597,182.0,,,,,,,,,,,,,,,,,,,,
2598,168.0,,,,,,,,,,,,,,,,,,,,
2599,168.0,,,,,,,,,,,,,,,,,,,,
2600,84.0,,,,,,,,,,,,,,,,,,,,
2601,210.0,,,,,,,,,,,,,,,,,,,,
2602,168.0,,,,,,,,,,,,,,,,,,,,
2603,42.0,,,,,,,,,,,,,,,,,,,,
2604,126.0,,,,,,,,,,,,,,,,,,,,
2605,270.0,,,,,,,,,,,,,,,,,,,,
2606,126.0,,,,,,,,,,,,,,,,,,,,
2607,336.0,,,,,,,,,,,,,,,,,,,,
2608,168.0,,,,,,,,,,,,,,,,,,,,
2609,126.0,,,,,,,,,,,,,,,,,,,,
2610,174.0,,,,,,,,,,,,,,,,,,,,
2611,336.0,,,,,,,,,,,,,,,,,,,,
2612,132.0,,,,,,,,,,,,,,,,,,,,
2613,360.0,,,,,,,,,,,,,,,,,,,,
2614,336.0,,,,,,,,,,,,,,,,,,,,
2615,278.0,,,,,,,,,,,,,,,,,,,,
2616,220.0,,,,,,,,,,,,,,,,,,,,
2617,270.0,,,,,,,,,,,,,,,,,,,,
2618,404.0,,,,,,,,,,,,,,,,,,,,
2619,350.0,,,,,,,,,,,,,,,,,,,,
2620,258.0,,,,,,,,,,,,,,,,,,,,
2621,210.0,,,,,,,,,,,,,,,,,,,,
2622,98.0,,,,,,,,,,,,,,,,,,,,
2623,90.0,,,,,,,,,,,,,,,,,,,,
2624,126.0,,,,,,,,,,,,,,,,,,,,
2625,226.0,,,,,,,,,,,,,,,,,,,,
2626,174.0,,,,,,,,,,,,,,,,,,,,
2627,126.0,,,,,,,,,,,,,,,,,,,,
2628,168.0,,,,,,,,,,,,,,,,,,,,
2629,274.0,,,,,,,,,,,,,,,,,,,,
2630,126.0,,,,,,,,,,,,,,,,,,,,
2631,336.0,,,,,,,,,,,,,,,,,,,,
2632,210.0,,,,,,,,,,,,,,,,,,,,
2633,168.0,,,,,,,,,,,,,,,,,,,,
2634,84.0,,,,,,,,,,,,,,,,,,,,
2635,404.0,,,,,,,,,,,,,,,,,,,,
2636,308.0,,,,,,,,,,,,,,,,,,,,
2637,174.0,,,,,,,,,,,,,,,,,,,,
2638,168.0,,,,,,,,,,,,,,,,,,,,
2639,126.0,,,,,,,,,,,,,,,,,,,,
2640,42.0,,,,,,,,,,,,,,,,,,,,
2641,126.0,,,,,,,,,,,,,,,,,,,,
2642,278.0,,,,,,,,,,,,,,,,,,,,
2643,168.0,,,,,,,,,,,,,,,,,,,,
2644,182.0,,,,,,,,,,,,,,,,,,,,
2645,270.0,,,,,,,,,,,,,,,,,,,,
2646,138.0,,,,,,,,,,,,,,,,,,,,
2647,178.0,,,,,,,,,,,,,,,,,,,,
2648,210.0,,,,,,,,,,,,,,,,,,,,
2649,210.0,,,,,,,,,,,,,,,,,,,,
2650,330.0,,,,,,,,,,,,,,,,,,,,
2651,98.0,,,,,,,,,,,,,,,,,,,,
2652,450.0,,,,,,,,,,,,,,,,,,,,
2653,180.0,,,,,,,,,,,,,,,,,,,,
2654,336.0,,,,,,,,,,,,,,,,,,,,
2655,216.0,,,,,,,,,,,,,,,,,,,,
2656,168.0,,,,,,,,,,,,,,,,,,,,
2657,126.0,,,,,,,,,,,,,,,,,,,,
2658,336.0,,,,,,,,,,,,,,,,,,,,
2659,126.0,,,,,,,,,,,,,,,,,,,,
2660,282.0,,,,,,,,,,,,,,,,,,,,
2661,42.0,,,,,,,,,,,,,,,,,,,,
2662,210.0,,,,,,,,,,,,,,,,,,,,
2663,168.0,,,,,,,,,,,,,,,,,,,,
2664,126.0,,,,,,,,,,,,,,,,,,,,
2665,336.0,,,,,,,,,,,,,,,,,,,,
2666,360.0,,,,,,,,,,,,,,,,,,,,
2667,168.0,,,,,,,,,,,,,,,,,,,,
2668,84.0,,,,,,,,,,,,,,,,,,,,
2669,182.0,,,,,,,,,,,,,,,,,,,,
2670,186.0,,,,,,,,,,,,,,,,,,,,
2671,104.0,,,,,,,,,,,,,,,,,,,,
2672,90.0,,,,,,,,,,,,,,,,,,,,
2673,210.0,,,,,,,,,,,,,,,,,,,,
2674,270.0,,,,,,,,,,,,,,,,,,,,
2675,132.0,,,,,,,,,,,,,,,,,,,,
2676,180.0,,,,,,,,,,,,,,,,,,,,
2677,258.0,,,,,,,,,,,,,,,,,,,,
2678,210.0,,,,,,,,,,,,,,,,,,,,
2679,362.0,,,,,,,,,,,,,,,,,,,,
2680,326.0,,,,,,,,,,,,,,,,,,,,
2681,350.0,,,,,,,,,,,,,,,,,,,,
2682,210.0,,,,,,,,,,,,,,,,,,,,
2683,98.0,,,,,,,,,,,,,,,,,,,,
2684,126.0,,,,,,,,,,,,,,,,,,,,
2685,126.0,,,,,,,,,,,,,,,,,,,,
2686,216.0,,,,,,,,,,,,,,,,,,,,
2687,126.0,,,,,,,,,,,,,,,,,,,,
2688,270.0,,,,,,,,,,,,,,,,,,,,
2689,168.0,,,,,,,,,,,,,,,,,,,,
2690,336.0,,,,,,,,,,,,,,,,,,,,
2691,42.0,,,,,,,,,,,,,,,,,,,,
2692,168.0,,,,,,,,,,,,,,,,,,,,
2693,182.0,,,,,,,,,,,,,,,,,,,,
2694,84.0,,,,,,,,,,,,,,,,,,,,
2695,210.0,,,,,,,,,,,,,,,,,,,,
2696,284.0,,,,,,,,,,,,,,,,,,,,
2697,126.0,,,,,,,,,,,,,,,,,,,,
2698,126.0,,,,,,,,,,,,,,,,,,,,
2699,90.0,,,,,,,,,,,,,,,,,,,,
2700,336.0,,,,,,,,,,,,,,,,,,,,
2701,168.0,,,,,,,,,,,,,,,,,,,,
2702,342.0,,,,,,,,,,,,,,,,,,,,
2703,104.0,,,,,,,,,,,,,,,,,,,,
2704,396.0,,,,,,,,,,,,,,,,,,,,
2705,410.0,,,,,,,,,,,,,,,,,,,,
2706,210.0,,,,,,,,,,,,,,,,,,,,
2707,252.0,,,,,,,,,,,,,,,,,,,,
2708,308.0,,,,,,,,,,,,,,,,,,,,
2709,98.0,,,,,,,,,,,,,,,,,,,,
2710,414.0,,,,,,,,,,,,,,,,,,,,
2711,450.0,,,,,,,,,,,,,,,,,,,,
2712,336.0,,,,,,,,,,,,,,,,,,,,
2713,168.0,,,,,,,,,,,,,,,,,,,,
2714,168.0,,,,,,,,,,,,,,,,,,,,
2715,98.0,,,,,,,,,,,,,,,,,,,,
2716,126.0,,,,,,,,,,,,,,,,,,,,
2717,84.0,,,,,,,,,,,,,,,,,,,,
2718,90.0,,,,,,,,,,,,,,,,,,,,
2719,42.0,,,,,,,,,,,,,,,,,,,,
2720,210.0,,,,,,,,,,,,,,,,,,,,
2721,168.0,,,,,,,,,,,,,,,,,,,,
2722,126.0,,,,,,,,,,,,,,,,,,,,
2723,404.0,,,,,,,,,,,,,,,,,,,,
2724,336.0,,,,,,,,,,,,,,,,,,,,
2725,126.0,,,,,,,,,,,,,,,,,,,,
2726,314.0,,,,,,,,,,,,,,,,,,,,
2727,182.0,,,,,,,,,,,,,,,,,,,,
2728,270.0,,,,,,,,,,,,,,,,,,,,
2729,174.0,,,,,,,,,,,,,,,,,,,,
2730,270.0,,,,,,,,,,,,,,,,,,,,
2731,210.0,,,,,,,,,,,,,,,,,,,,
2732,126.0,,,,,,,,,,,,,,,,,,,,
2733,180.0,,,,,,,,,,,,,,,,,,,,
2734,362.0,,,,,,,,,,,,,,,,,,,,
2735,326.0,,,,,,,,,,,,,,,,,,,,
2736,308.0,,,,,,,,,,,,,,,,,,,,
2737,210.0,,,,,,,,,,,,,,,,,,,,
2738,370.0,,,,,,,,,,,,,,,,,,,,
2739,258.0,,,,,,,,,,,,,,,,,,,,
