,"case_2: wcpu 0.1, wodc 0.1, wd 0.8, odcs 0","case_2: wcpu 0.1, wodc 0.2, wd 0.7, odcs 0","case_2: wcpu 0.1, wodc 0.3, wd 0.6, odcs 0","case_2: wcpu 0.1, wodc 0.4, wd 0.5, odcs 0","case_2: wcpu 0.1, wodc 0.5, wd 0.4, odcs 0","case_2: wcpu 0.1, wodc 0.6, wd 0.3, odcs 0","case_2: wcpu 0.1, wodc 0.7, wd 0.2, odcs 0","case_2: wcpu 0.1, wodc 0.8, wd 0.1, odcs 0","case_2: wcpu 0.3, wodc 0.1, wd 0.6, odcs 0","case_2: wcpu 0.3, wodc 0.2, wd 0.5, odcs 0","case_2: wcpu 0.3, wodc 0.3, wd 0.4, odcs 0","case_2: wcpu 0.3, wodc 0.4, wd 0.3, odcs 0","case_2: wcpu 0.3, wodc 0.5, wd 0.2, odcs 0","case_2: wcpu 0.3, wodc 0.6, wd 0.1, odcs 0","case_2: wcpu 0.5, wodc 0.1, wd 0.4, odcs 0","case_2: wcpu 0.5, wodc 0.2, wd 0.3, odcs 0","case_2: wcpu 0.5, wodc 0.3, wd 0.2, odcs 0","case_2: wcpu 0.5, wodc 0.4, wd 0.1, odcs 0","case_2: wcpu 0.7, wodc 0.1, wd 0.2, odcs 0","case_2: wcpu 0.7, wodc 0.2, wd 0.1, odcs 0","case_2: wcpu 0.8, wodc 0.1, wd 0.1, odcs 0"
0,0.0,19.10689337210281,19.10689337210281,55.68205594980975,19.10689337210281,19.10689337210281,19.10689337210281,55.68205594980975,23.506400766370884,55.68205594980975,19.10689337210281,55.68205594980975,19.10689337210281,19.10689337210281,23.506400766370884,55.68205594980975,19.10689337210281,55.68205594980975,55.68205594980975,55.68205594980975,55.68205594980975
1,3.019826188625797,46.27706534369489,46.27706534369489,74.18802377111918,46.27706534369489,46.27706534369489,46.27706534369489,54.6013947454114,12.568579977111256,74.18802377111918,46.27706534369489,26.12159009934816,46.27706534369489,46.27706534369489,12.568579977111256,26.12159009934816,46.27706534369489,54.6013947454114,54.6013947454114,54.6013947454114,54.6013947454114
2,2.91183195432858,26.12159009934816,26.12159009934816,26.12159009934816,26.12159009934816,26.12159009934816,26.12159009934816,164.02495093393298,14.766290915009508,26.12159009934816,26.12159009934816,65.83671180090879,26.12159009934816,26.12159009934816,46.27706534369489,65.83671180090879,26.12159009934816,164.02495093393298,164.02495093393298,164.02495093393298,164.02495093393298
3,14.766290915009508,76.66504481000626,158.05132872140382,54.6013947454114,158.05132872140382,158.05132872140382,116.85208144155683,73.24559264335552,7.636839514970387,54.6013947454114,158.05132872140382,93.5680959483336,158.05132872140382,158.05132872140382,7.636839514970387,93.5680959483336,158.05132872140382,73.24559264335552,73.24559264335552,73.24559264335552,73.24559264335552
4,0.0,67.89059061802394,67.89059061802394,55.81193657197888,98.90252628970322,67.89059061802394,67.89059061802394,70.4964283815864,4.684076296780081,55.81193657197888,67.89059061802394,55.81193657197888,98.90252628970322,67.89059061802394,10.2059905448889,55.81193657197888,67.89059061802394,70.4964283815864,70.4964283815864,70.4964283815864,70.4964283815864
5,7.636839514970387,49.35308779404424,49.35308779404424,73.13557257116545,67.89059061802394,49.35308779404424,49.35308779404424,138.9394437570154,7.214723588625733,73.13557257116545,49.35308779404424,79.40277636580336,67.89059061802394,49.35308779404424,15.386548204894032,79.40277636580336,49.35308779404424,138.9394437570154,138.9394437570154,138.9394437570154,138.9394437570154
6,4.684076296780081,63.683352299039406,63.683352299039406,92.69686779773136,49.35308779404424,63.683352299039406,63.683352299039406,78.31349360766204,30.96310401483121,92.69686779773136,63.683352299039406,106.12814814582468,49.35308779404424,63.683352299039406,67.89059061802394,106.12814814582468,63.683352299039406,78.31349360766204,78.31349360766204,78.31349360766204,78.31349360766204
7,9.609022441666976,115.71495904409474,115.71495904409474,119.85330294937452,70.07718006314518,115.71495904409474,115.71495904409474,72.56126479624668,15.386548204894032,119.85330294937452,115.71495904409474,56.40161547253052,70.07718006314518,115.71495904409474,32.24735151383707,56.40161547253052,115.71495904409474,72.56126479624668,72.56126479624668,72.56126479624668,72.56126479624668
8,15.871740542685414,50.77899556430128,79.49567638536696,53.52875262147118,88.21029694501601,79.49567638536696,50.77899556430128,55.68205594980975,12.920634810148757,53.52875262147118,79.49567638536696,60.108675575477456,88.21029694501601,79.49567638536696,44.21196994661145,60.108675575477456,79.49567638536696,55.68205594980975,55.68205594980975,55.68205594980975,55.68205594980975
9,0.7750411242436831,33.57111191606526,55.68205594980975,46.27706534369489,55.68205594980975,55.68205594980975,33.57111191606526,48.3208493829129,14.234289771021588,46.27706534369489,55.68205594980975,55.68205594980975,55.68205594980975,55.68205594980975,55.27881521206599,55.68205594980975,55.68205594980975,48.3208493829129,48.3208493829129,48.3208493829129,48.3208493829129
10,6.145876795489233,55.68205594980975,59.37417839488462,84.56342247353054,61.795960247793424,59.37417839488462,62.76760173949365,76.66504481000626,16.309933146173606,84.56342247353054,50.12335530711407,48.3208493829129,61.795960247793424,50.12335530711407,50.49321281970752,48.3208493829129,50.12335530711407,76.66504481000626,76.66504481000626,76.66504481000626,76.66504481000626
11,0.0,48.3208493829129,76.66504481000626,76.66504481000626,38.733146854800914,76.66504481000626,110.9715299599428,97.77299102406413,23.48102650802713,76.66504481000626,67.07112033882164,76.66504481000626,38.733146854800914,67.07112033882164,50.77899556430128,76.66504481000626,67.07112033882164,97.77299102406413,97.77299102406413,97.77299102406413,97.77299102406413
12,0.0,76.66504481000626,119.66116421470716,102.96018203661131,9.622699368355027,119.66116421470716,15.640142575301091,7.636839514970387,7.303284211370131,102.96018203661131,9.622699368355027,97.77299102406413,9.622699368355027,9.622699368355027,33.57111191606526,97.77299102406413,9.622699368355027,7.636839514970387,7.636839514970387,7.636839514970387,7.636839514970387
13,6.325499006824784,97.77299102406413,26.12159009934816,26.12159009934816,26.12159009934816,26.12159009934816,7.636839514970387,47.74289166997524,17.021969500118047,26.12159009934816,7.636839514970387,7.636839514970387,26.12159009934816,7.636839514970387,46.27706534369489,7.636839514970387,7.636839514970387,47.74289166997524,47.74289166997524,47.74289166997524,47.74289166997524
14,16.309933146173606,7.636839514970387,33.57111191606526,109.41687187355112,105.04348852864617,33.57111191606526,123.40712205237529,41.651408760998834,21.78474162555651,109.41687187355112,41.651408760998834,47.74289166997524,105.04348852864617,41.651408760998834,48.3208493829129,47.74289166997524,41.651408760998834,41.651408760998834,41.651408760998834,41.651408760998834,41.651408760998834
15,2.531591649934698,47.74289166997524,105.04348852864617,59.07175890889215,40.30364586819421,105.04348852864617,23.506400766370884,45.727156552423104,24.27469551210166,59.07175890889215,115.39482310094172,41.651408760998834,40.30364586819421,115.39482310094172,76.66504481000626,41.651408760998834,115.39482310094172,45.727156552423104,45.727156552423104,45.727156552423104,45.727156552423104
16,4.4122950105657575,41.651408760998834,50.77899556430128,19.10689337210281,42.83748530006115,50.77899556430128,33.57111191606526,56.27063389328144,14.135742940017568,19.10689337210281,69.29545690670408,45.727156552423104,42.83748530006115,69.29545690670408,97.77299102406413,45.727156552423104,69.29545690670408,56.27063389328144,56.27063389328144,56.27063389328144,56.27063389328144
17,2.960144946582118,45.727156552423104,62.14431545641469,56.27063389328144,121.2906397627833,62.14431545641469,44.21196994661145,75.29083614460632,6.6638126733491685,56.27063389328144,47.627004526654666,56.27063389328144,121.2906397627833,47.627004526654666,7.636839514970387,56.27063389328144,47.627004526654666,75.29083614460632,75.29083614460632,75.29083614460632,75.29083614460632
18,23.48102650802713,56.27063389328144,0.0,23.506400766370884,62.06811331822829,0.0,94.21702431366032,23.506400766370884,22.605412277057063,23.506400766370884,99.58074661677767,75.29083614460632,62.06811331822829,99.58074661677767,10.2059905448889,75.29083614460632,99.58074661677767,23.506400766370884,23.506400766370884,23.506400766370884,23.506400766370884
19,7.303284211370131,75.29083614460632,23.506400766370884,26.12159009934816,32.38296954010639,23.506400766370884,80.64226949167164,26.12159009934816,13.778669486766512,26.12159009934816,0.0,18.48749937972313,32.38296954010639,0.0,41.651408760998834,18.48749937972313,0.0,26.12159009934816,26.12159009934816,26.12159009934816,26.12159009934816
20,17.021969500118047,25.02609869838625,63.43914679494088,15.640142575301091,26.12159009934816,63.43914679494088,172.8022743943151,15.640142575301091,14.766290915009508,15.640142575301091,86.72206272990564,86.72206272990564,26.12159009934816,86.72206272990564,45.727156552423104,86.72206272990564,86.72206272990564,15.640142575301091,15.640142575301091,15.640142575301091,15.640142575301091
21,16.677414431009574,23.506400766370884,7.636839514970387,55.68205594980975,15.640142575301091,7.636839514970387,54.49366000681719,55.68205594980975,23.48102650802713,55.68205594980975,7.636839514970387,26.12159009934816,15.640142575301091,7.636839514970387,12.568579977111256,26.12159009934816,7.636839514970387,55.68205594980975,55.68205594980975,55.68205594980975,55.68205594980975
22,14.135742940017568,26.12159009934816,86.55009693035854,41.43624256216621,46.36768587077519,86.55009693035854,55.68205594980975,41.43624256216621,13.487612142348269,41.43624256216621,67.89059061802394,46.27706534369489,46.36768587077519,67.89059061802394,56.27063389328144,46.27706534369489,67.89059061802394,41.43624256216621,41.43624256216621,41.43624256216621,41.43624256216621
23,6.6638126733491685,15.640142575301091,15.640142575301091,105.04348852864617,55.68205594980975,15.640142575301091,105.04348852864617,105.04348852864617,20.529699872170056,105.04348852864617,48.65620405711926,41.43624256216621,55.68205594980975,48.65620405711926,75.29083614460632,41.43624256216621,48.65620405711926,105.04348852864617,105.04348852864617,105.04348852864617,105.04348852864617
24,22.605412277057063,46.27706534369489,74.6223454684951,59.37417839488462,105.04348852864617,74.6223454684951,30.753930117126263,59.37417839488462,28.914310157557708,59.37417839488462,107.19293667145996,53.33357773040799,105.04348852864617,107.19293667145996,18.48749937972313,53.33357773040799,107.19293667145996,59.37417839488462,59.37417839488462,59.37417839488462,59.37417839488462
25,22.085315416350745,68.16777776074922,113.74680783905772,51.04483639634894,65.75486164488264,113.74680783905772,73.97663615657567,51.04483639634894,17.051458953753407,51.04483639634894,109.22544968470824,59.37417839488462,65.75486164488264,109.22544968470824,23.506400766370884,59.37417839488462,109.22544968470824,51.04483639634894,51.04483639634894,51.04483639634894,51.04483639634894
26,13.778669486766512,41.43624256216621,116.66016521821436,110.06977323503214,42.38388692961132,116.66016521821436,77.25302825459161,110.06977323503214,9.622699368355027,110.06977323503214,40.034072295866615,51.04483639634894,42.38388692961132,40.034072295866615,7.636839514970387,51.04483639634894,40.034072295866615,110.06977323503214,110.06977323503214,110.06977323503214,110.06977323503214
27,14.766290915009508,55.804736800347726,101.0208302135421,62.14431545641469,119.66116421470716,101.0208302135421,47.627004526654666,62.14431545641469,7.636839514970387,62.14431545641469,71.06111595901287,110.06977323503214,119.66116421470716,71.06111595901287,15.640142575301091,110.06977323503214,71.06111595901287,62.14431545641469,62.14431545641469,62.14431545641469,62.14431545641469
28,23.48102650802713,35.21104254889525,26.12159009934816,7.636839514970387,48.6186901382393,26.12159009934816,58.22527502133445,65.78357106262237,3.1142432624567684,7.636839514970387,54.4056869621665,62.14431545641469,48.6186901382393,54.4056869621665,44.21196994661145,62.14431545641469,54.4056869621665,65.78357106262237,65.78357106262237,65.78357106262237,65.78357106262237
29,4.4122950105657575,96.53675716614964,55.68205594980975,48.65620405711926,7.636839514970387,55.68205594980975,7.636839514970387,7.636839514970387,10.2059905448889,48.65620405711926,26.12159009934816,26.12159009934816,7.636839514970387,26.12159009934816,46.27706534369489,26.12159009934816,26.12159009934816,7.636839514970387,7.636839514970387,7.636839514970387,7.636839514970387
30,20.529699872170056,69.35290228804767,105.04348852864617,98.87411511241272,55.68205594980975,105.04348852864617,46.27706534369489,48.65620405711926,9.609022441666976,98.87411511241272,55.68205594980975,39.251213451004375,55.68205594980975,55.68205594980975,32.751219967399415,39.251213451004375,55.68205594980975,48.65620405711926,48.65620405711926,48.65620405711926,48.65620405711926
31,10.079404683157694,7.636839514970387,32.38296954010639,23.844210237018928,105.04348852864617,32.38296954010639,83.12112746012652,98.87411511241272,10.10773827919754,23.844210237018928,105.04348852864617,47.16420431417454,105.04348852864617,105.04348852864617,53.33357773040799,47.16420431417454,105.04348852864617,98.87411511241272,98.87411511241272,98.87411511241272,98.87411511241272
32,2.4738065354669185,39.251213451004375,119.66116421470716,23.506400766370884,23.844210237018928,119.66116421470716,65.62061119154673,23.844210237018928,15.738809175555858,23.506400766370884,95.59863150364112,47.32888389967341,23.844210237018928,95.59863150364112,59.37417839488462,47.32888389967341,95.59863150364112,23.844210237018928,23.844210237018928,23.844210237018928,23.844210237018928
33,0.0,47.16420431417454,75.76617031020726,46.74823059712557,76.94310702795576,75.76617031020726,86.72206272990564,65.53859597204774,16.309933146173606,46.74823059712557,119.66116421470716,53.95468779752942,76.94310702795576,119.66116421470716,51.04483639634894,53.95468779752942,119.66116421470716,65.53859597204774,65.53859597204774,65.53859597204774,65.53859597204774
34,0.0,23.844210237018928,95.41332038804656,21.610471285697063,75.76617031020726,95.41332038804656,78.57796741245116,77.72848706977655,24.740517465640632,21.610471285697063,75.76617031020726,51.74402153797591,75.76617031020726,75.76617031020726,54.43941799031994,51.74402153797591,75.76617031020726,77.72848706977655,77.72848706977655,77.72848706977655,77.72848706977655
35,7.636839514970387,47.32888389967341,55.6924973257865,65.75486164488264,105.44397522723466,55.6924973257865,42.83748530006115,21.610471285697063,26.014843621319677,65.75486164488264,95.41332038804656,65.75486164488264,105.44397522723466,95.41332038804656,62.14431545641469,65.75486164488264,95.41332038804656,21.610471285697063,21.610471285697063,21.610471285697063,21.610471285697063
36,0.0,46.74823059712557,15.386548204894032,71.47263380432861,55.6924973257865,15.386548204894032,18.48749937972313,64.69671826199718,12.568579977111256,71.47263380432861,55.6924973257865,18.48749937972313,55.6924973257865,55.6924973257865,40.017238640787774,18.48749937972313,55.6924973257865,64.69671826199718,64.69671826199718,64.69671826199718,64.69671826199718
37,0.0,21.610471285697063,7.636839514970387,29.522143410164144,101.17301138940964,7.636839514970387,66.34336091799776,63.45766893690396,12.91840164854206,29.522143410164144,7.636839514970387,71.47263380432861,101.17301138940964,7.636839514970387,7.636839514970387,71.47263380432861,7.636839514970387,63.45766893690396,63.45766893690396,63.45766893690396,63.45766893690396
38,4.684076296780081,65.75486164488264,70.5985424493975,15.386548204894032,7.636839514970387,70.5985424493975,75.17428746515871,15.386548204894032,9.505558746815316,15.386548204894032,48.65620405711926,15.386548204894032,7.636839514970387,48.65620405711926,60.14312528386342,15.386548204894032,48.65620405711926,15.386548204894032,15.386548204894032,15.386548204894032,15.386548204894032
39,6.695988109199242,18.48749937972313,0.0,42.31127374460837,0.0,0.0,61.36928274431093,7.636839514970387,26.376490684691426,42.31127374460837,17.051458953753407,88.89404347969125,0.0,17.051458953753407,39.251213451004375,88.89404347969125,17.051458953753407,7.636839514970387,7.636839514970387,7.636839514970387,7.636839514970387
40,9.609022441666976,71.47263380432861,4.13082414360465,7.636839514970387,69.03385180187333,4.13082414360465,7.636839514970387,48.65620405711926,18.48749937972313,7.636839514970387,47.74289166997524,7.636839514970387,69.03385180187333,47.74289166997524,47.16420431417454,7.636839514970387,47.74289166997524,48.65620405711926,48.65620405711926,48.65620405711926,48.65620405711926
41,3.019826188625797,15.386548204894032,123.40712205237529,33.57111191606526,110.54454586320816,123.40712205237529,15.640142575301091,0.0,23.506400766370884,33.57111191606526,47.32888389967341,62.76760173949365,110.54454586320816,47.32888389967341,23.844210237018928,62.76760173949365,47.32888389967341,0.0,0.0,0.0,0.0
42,0.5637143564423058,88.89404347969125,41.56314252054269,53.5988712568308,98.60790434285602,41.56314252054269,55.68205594980975,60.108675575477456,8.501662406398019,53.5988712568308,15.62916467405199,0.0,98.60790434285602,15.62916467405199,32.38296954010639,0.0,15.62916467405199,60.108675575477456,60.108675575477456,60.108675575477456,60.108675575477456
43,6.6638126733491685,7.636839514970387,15.62916467405199,69.03385180187333,98.2133469061379,15.62916467405199,47.74289166997524,53.5988712568308,12.920634810148757,69.03385180187333,55.04799239822625,65.31463673216184,98.2133469061379,55.04799239822625,56.64954280343643,65.31463673216184,55.04799239822625,53.5988712568308,53.5988712568308,53.5988712568308,53.5988712568308
44,2.960144946582118,38.24626677598264,110.2366273635571,23.506400766370884,89.72034003841131,110.2366273635571,55.23077908165934,47.74289166997524,7.636839514970387,23.506400766370884,77.37101890303583,56.08980700650153,89.72034003841131,77.37101890303583,21.610471285697063,56.08980700650153,77.37101890303583,47.74289166997524,47.74289166997524,47.74289166997524,47.74289166997524
45,7.030432930415587,49.44989058904419,71.01147689787452,15.62916467405199,66.34336091799776,71.01147689787452,54.62262705272613,58.1267629786228,16.309933146173606,15.62916467405199,44.688165162895686,15.62916467405199,66.34336091799776,44.688165162895686,64.69671826199718,15.62916467405199,44.688165162895686,58.1267629786228,58.1267629786228,58.1267629786228,58.1267629786228
46,16.309933146173606,47.74289166997524,52.563588100802605,98.4080556096208,97.31737922724996,52.563588100802605,45.67294735216797,53.510984776230025,23.794557789246088,98.4080556096208,66.34336091799776,26.91202000829497,97.31737922724996,66.34336091799776,18.48749937972313,26.91202000829497,66.34336091799776,53.510984776230025,53.510984776230025,53.510984776230025,53.510984776230025
47,15.387513335715358,23.506400766370884,115.86078199249242,107.7287564311474,26.12159009934816,115.86078199249242,51.46533773090727,105.00225752987376,4.684076296780081,107.7287564311474,97.31737922724996,96.17880951714608,26.12159009934816,97.31737922724996,30.46416912453509,96.17880951714608,97.31737922724996,105.00225752987376,105.00225752987376,105.00225752987376,105.00225752987376
48,7.303284211370131,15.62916467405199,7.636839514970387,96.34921423897976,47.74289166997524,7.636839514970387,63.27178975914195,44.688165162895686,15.640142575301091,96.34921423897976,7.636839514970387,86.99718152703575,47.74289166997524,7.636839514970387,15.386548204894032,86.99718152703575,7.636839514970387,44.688165162895686,44.688165162895686,44.688165162895686,44.688165162895686
49,19.475475519715715,43.58587892216657,43.47837544167282,82.7570192588163,95.59863150364112,43.47837544167282,76.26226569631828,76.49311350860667,7.303284211370131,82.7570192588163,66.2870605224706,89.28536406916282,95.59863150364112,66.2870605224706,7.636839514970387,89.28536406916282,66.2870605224706,76.49311350860667,76.49311350860667,76.49311350860667,76.49311350860667
50,15.243610465987082,47.45180673964343,74.62678618689708,55.68205594980975,60.6569067411445,74.62678618689708,15.640142575301091,67.23101304436324,12.97284652311857,55.68205594980975,92.55456036875825,53.47395524732382,60.6569067411445,92.55456036875825,39.251213451004375,53.47395524732382,92.55456036875825,67.23101304436324,67.23101304436324,67.23101304436324,67.23101304436324
51,12.91840164854206,56.372600291045366,75.89235487730947,7.636839514970387,39.557783136189656,75.89235487730947,46.27706534369489,55.68205594980975,12.91840164854206,7.636839514970387,69.03385180187333,55.68205594980975,39.557783136189656,69.03385180187333,0.0,55.68205594980975,69.03385180187333,55.68205594980975,55.68205594980975,55.68205594980975,55.68205594980975
52,11.78638552689354,50.817291620721576,50.64186526600535,66.94450992562933,53.06478619990551,50.64186526600535,110.68582720585788,26.12159009934816,14.766290915009508,66.94450992562933,119.30546897003627,7.636839514970387,53.06478619990551,119.30546897003627,33.57111191606526,7.636839514970387,119.30546897003627,26.12159009934816,26.12159009934816,26.12159009934816,26.12159009934816
53,9.505558746815316,49.13352734403381,95.59863150364112,47.74289166997524,82.20620213415702,95.59863150364112,40.73688464120469,111.13005385670331,7.214723588625733,47.74289166997524,49.44989058904419,65.83671180090879,82.20620213415702,49.44989058904419,49.44989058904419,65.83671180090879,49.44989058904419,111.13005385670331,111.13005385670331,111.13005385670331,111.13005385670331
54,0.3875205621218416,56.3549301095844,69.1646429452204,64.43222466761196,97.41322478404182,69.1646429452204,61.36928274431093,65.83671180090879,24.740517465640632,64.43222466761196,99.13663737040557,56.57902815841889,97.41322478404182,99.13663737040557,10.2059905448889,56.57902815841889,99.13663737040557,65.83671180090879,65.83671180090879,65.83671180090879,65.83671180090879
55,0.5637143564423058,15.640142575301091,48.6186901382393,95.59863150364112,112.8384727797367,48.6186901382393,36.673863269668814,76.57797701338738,23.48102650802713,95.59863150364112,44.21196994661145,95.59863150364112,112.8384727797367,44.21196994661145,23.506400766370884,95.59863150364112,44.21196994661145,76.57797701338738,76.57797701338738,76.57797701338738,76.57797701338738
56,6.145876795489233,55.68205594980975,44.21196994661145,45.727156552423104,7.636839514970387,44.21196994661145,48.36121978134052,73.8611866355089,28.48576128802512,45.727156552423104,80.24548941976164,55.23077908165934,7.636839514970387,80.24548941976164,15.62916467405199,55.23077908165934,80.24548941976164,73.8611866355089,73.8611866355089,73.8611866355089,73.8611866355089
57,0.0,26.12159009934816,62.705744182213785,43.58587892216657,81.6481973611856,62.705744182213785,69.82443318040323,77.06318914530605,21.78474162555651,43.58587892216657,111.16739488522995,91.3276360353016,81.6481973611856,111.16739488522995,26.91202000829497,91.3276360353016,111.16739488522995,77.06318914530605,77.06318914530605,77.06318914530605,77.06318914530605
58,3.019826188625797,119.66116421470716,111.16739488522995,65.13625630136968,104.77880448407744,111.16739488522995,19.10689337210281,61.24720684547483,14.217796772632587,65.13625630136968,26.12159009934816,49.59296702203462,104.77880448407744,26.12159009934816,53.541219199551456,49.59296702203462,26.12159009934816,61.24720684547483,61.24720684547483,61.24720684547483,61.24720684547483
59,7.055583487765243,95.41332038804656,26.12159009934816,69.5149670541963,41.651408760998834,26.12159009934816,40.63292871008497,119.66116421470716,14.135742940017568,69.5149670541963,55.68205594980975,30.46416912453509,41.651408760998834,55.68205594980975,62.35782073083728,30.46416912453509,55.68205594980975,119.66116421470716,119.66116421470716,119.66116421470716,119.66116421470716
60,0.0,47.74289166997524,55.68205594980975,26.12159009934816,99.78473049863577,55.68205594980975,62.72872817101457,26.12159009934816,7.636839514970387,26.12159009934816,86.72206272990564,64.18209577480967,99.78473049863577,86.72206272990564,41.40754611124617,64.18209577480967,86.72206272990564,26.12159009934816,26.12159009934816,26.12159009934816,26.12159009934816
61,7.636839514970387,57.3509611117281,86.72206272990564,104.48079560073552,61.15346129137312,86.72206272990564,97.66056777727552,55.68205594980975,14.766290915009508,104.48079560073552,45.59591111512084,119.66116421470716,61.15346129137312,45.59591111512084,12.568579977111256,119.66116421470716,45.59591111512084,55.68205594980975,55.68205594980975,55.68205594980975,55.68205594980975
62,16.309933146173606,32.38296954010639,45.59591111512084,74.25914841101036,54.20052976576,45.59591111512084,7.636839514970387,95.41332038804656,7.303284211370131,74.25914841101036,105.04348852864617,26.12159009934816,54.20052976576,105.04348852864617,58.819512676812224,26.12159009934816,105.04348852864617,95.41332038804656,95.41332038804656,95.41332038804656,95.41332038804656
63,11.103780234469802,45.727156552423104,105.04348852864617,95.41332038804656,53.76817997611121,105.04348852864617,104.48079560073552,32.38296954010639,24.740517465640632,95.41332038804656,51.956752437389326,55.68205594980975,53.76817997611121,51.956752437389326,15.640142575301091,55.68205594980975,51.956752437389326,32.38296954010639,32.38296954010639,32.38296954010639,32.38296954010639
64,4.684076296780081,55.37981497835061,51.956752437389326,32.38296954010639,101.21767640492511,51.956752437389326,63.058223221212,15.640142575301091,12.920634810148757,32.38296954010639,51.12022885676561,95.41332038804656,101.21767640492511,51.12022885676561,46.27706534369489,95.41332038804656,51.12022885676561,15.640142575301091,15.640142575301091,15.640142575301091,15.640142575301091
65,0.0,26.12159009934816,51.12022885676561,94.7513819878774,7.636839514970387,51.12022885676561,23.844210237018928,105.04348852864617,20.529699872170056,94.7513819878774,69.00810321046866,32.38296954010639,7.636839514970387,69.00810321046866,7.636839514970387,32.38296954010639,69.00810321046866,105.04348852864617,105.04348852864617,105.04348852864617,105.04348852864617
66,0.0,46.27706534369489,69.00810321046866,15.640142575301091,19.10689337210281,69.00810321046866,67.23101304436324,72.48555125855775,23.506400766370884,15.640142575301091,7.636839514970387,15.640142575301091,19.10689337210281,7.636839514970387,25.02609869838625,15.640142575301091,7.636839514970387,72.48555125855775,72.48555125855775,72.48555125855775,72.48555125855775
67,7.303284211370131,74.25914841101036,26.12159009934816,84.3366053770239,36.16302183483372,26.12159009934816,55.29478860240378,57.3509611117281,21.78474162555651,84.3366053770239,64.13757244824706,105.04348852864617,36.16302183483372,64.13757244824706,45.9083076323161,105.04348852864617,64.13757244824706,57.3509611117281,57.3509611117281,57.3509611117281,57.3509611117281
68,4.4122950105657575,95.41332038804656,116.85367187584713,57.3509611117281,40.67255415993655,116.85367187584713,93.6233551978321,26.12159009934816,4.684076296780081,57.3509611117281,55.68205594980975,72.48555125855775,40.67255415993655,55.68205594980975,15.917657801172568,72.48555125855775,55.68205594980975,26.12159009934816,26.12159009934816,26.12159009934816,26.12159009934816
69,12.91840164854206,19.10689337210281,117.54602289623506,26.12159009934816,15.640142575301091,117.54602289623506,135.93011939187414,15.640142575301091,7.214723588625733,26.12159009934816,23.844210237018928,57.3509611117281,15.640142575301091,23.844210237018928,42.04233638227957,57.3509611117281,23.844210237018928,15.640142575301091,15.640142575301091,15.640142575301091,15.640142575301091
70,4.159399084249441,32.38296954010639,55.68205594980975,15.640142575301091,46.27706534369489,55.68205594980975,26.12159009934816,55.68205594980975,16.309933146173606,15.640142575301091,158.05132872140382,26.12159009934816,46.27706534369489,158.05132872140382,23.506400766370884,26.12159009934816,158.05132872140382,55.68205594980975,55.68205594980975,55.68205594980975,55.68205594980975
71,14.766290915009508,94.7513819878774,119.66116421470716,55.68205594980975,23.844210237018928,119.66116421470716,38.733146854800914,74.95994922590914,23.48102650802713,55.68205594980975,76.94310702795576,15.640142575301091,23.844210237018928,76.94310702795576,73.8611866355089,15.640142575301091,76.94310702795576,74.95994922590914,74.95994922590914,74.95994922590914,74.95994922590914
72,7.214723588625733,15.640142575301091,105.04348852864617,74.95994922590914,37.46662486596968,105.04348852864617,39.65881134891491,119.66116421470716,20.74919042954226,74.95994922590914,105.04348852864617,55.68205594980975,37.46662486596968,105.04348852864617,44.21196994661145,55.68205594980975,105.04348852864617,119.66116421470716,119.66116421470716,119.66116421470716,119.66116421470716
73,15.387513335715358,74.03569744270874,71.47263380432861,119.66116421470716,67.35171604828075,71.47263380432861,18.48749937972313,105.04348852864617,18.48749937972313,119.66116421470716,71.47263380432861,74.95994922590914,67.35171604828075,71.47263380432861,77.06318914530605,74.95994922590914,71.47263380432861,105.04348852864617,105.04348852864617,105.04348852864617,105.04348852864617
74,23.48102650802713,57.3509611117281,65.75486164488264,105.04348852864617,53.33357773040799,65.75486164488264,9.622699368355027,71.47263380432861,34.5799438137883,105.04348852864617,65.75486164488264,119.66116421470716,53.33357773040799,65.75486164488264,61.24720684547483,119.66116421470716,65.75486164488264,71.47263380432861,71.47263380432861,71.47263380432861,71.47263380432861
75,24.096273283808603,26.12159009934816,7.636839514970387,65.75486164488264,71.47263380432861,7.636839514970387,14.766290915009508,65.75486164488264,10.167804482391144,65.75486164488264,7.636839514970387,105.04348852864617,71.47263380432861,7.636839514970387,47.45180673964343,105.04348852864617,7.636839514970387,65.75486164488264,65.75486164488264,65.75486164488264,65.75486164488264
76,21.78474162555651,18.48749937972313,52.58578771557993,66.34336091799776,65.75486164488264,52.58578771557993,112.67355296403063,63.52974194330727,12.91840164854206,66.34336091799776,52.58578771557993,65.75486164488264,65.75486164488264,52.58578771557993,7.636839514970387,65.75486164488264,52.58578771557993,63.52974194330727,63.52974194330727,63.52974194330727,63.52974194330727
77,17.021969500118047,15.640142575301091,44.31349054230374,63.52974194330727,52.58578771557993,44.31349054230374,23.20825658976362,7.636839514970387,15.386548204894032,63.52974194330727,44.31349054230374,66.34336091799776,52.58578771557993,44.31349054230374,46.27706534369489,66.34336091799776,44.31349054230374,7.636839514970387,7.636839514970387,7.636839514970387,7.636839514970387
78,14.217796772632587,46.27706534369489,13.487612142348269,7.636839514970387,55.72474798826629,13.487612142348269,42.54594292635544,33.57111191606526,26.263991960110943,7.636839514970387,13.487612142348269,63.52974194330727,55.72474798826629,13.487612142348269,49.421353053003656,63.52974194330727,13.487612142348269,33.57111191606526,33.57111191606526,33.57111191606526,33.57111191606526
79,14.135742940017568,74.95994922590914,82.8014217203168,33.57111191606526,127.51232625671732,82.8014217203168,56.72627636413968,52.58578771557993,7.636839514970387,33.57111191606526,69.29934937702626,7.636839514970387,127.51232625671732,69.29934937702626,19.10689337210281,7.636839514970387,69.29934937702626,52.58578771557993,52.58578771557993,52.58578771557993,52.58578771557993
80,2.4738065354669185,119.66116421470716,91.9460453609923,52.58578771557993,35.867128062558265,91.9460453609923,49.27965762458619,3.1142432624567684,14.766290915009508,52.58578771557993,4.530789174910568,33.57111191606526,35.867128062558265,4.530789174910568,23.506400766370884,33.57111191606526,4.530789174910568,3.1142432624567684,3.1142432624567684,3.1142432624567684,3.1142432624567684
81,0.7750411242436831,53.33357773040799,44.21196994661145,3.1142432624567684,44.21196994661145,44.21196994661145,66.04681020854102,51.41951009755359,0.0,3.1142432624567684,28.2290347416918,52.58578771557993,44.21196994661145,28.2290347416918,15.640142575301091,52.58578771557993,28.2290347416918,51.41951009755359,51.41951009755359,51.41951009755359,51.41951009755359
82,4.159399084249441,65.75486164488264,63.3005916014763,51.41951009755359,63.3005916014763,63.3005916014763,7.636839514970387,127.51232625671732,6.6638126733491685,51.41951009755359,44.21196994661145,3.1142432624567684,63.3005916014763,44.21196994661145,53.33357773040799,3.1142432624567684,44.21196994661145,127.51232625671732,127.51232625671732,127.51232625671732,127.51232625671732
83,0.0,66.34336091799776,63.899612890391175,127.51232625671732,63.52974194330727,63.899612890391175,58.51534119614391,35.867128062558265,10.2059905448889,127.51232625671732,63.3005916014763,51.41951009755359,63.52974194330727,63.3005916014763,41.651408760998834,51.41951009755359,63.3005916014763,35.867128062558265,35.867128062558265,35.867128062558265,35.867128062558265
84,7.636839514970387,63.52974194330727,10.051501034884858,35.867128062558265,68.16777776074922,10.051501034884858,30.552970678422465,44.21196994661145,23.506400766370884,35.867128062558265,63.52974194330727,127.51232625671732,68.16777776074922,63.52974194330727,31.486371017247755,127.51232625671732,63.52974194330727,44.21196994661145,44.21196994661145,44.21196994661145,44.21196994661145
85,4.4122950105657575,7.636839514970387,68.37549216998056,44.21196994661145,139.5427957513287,68.37549216998056,158.05132872140382,63.3005916014763,15.62916467405199,44.21196994661145,68.16777776074922,35.867128062558265,139.5427957513287,68.16777776074922,72.48555125855775,35.867128062558265,68.16777776074922,63.3005916014763,63.3005916014763,63.3005916014763,63.3005916014763
86,14.766290915009508,52.58578771557993,61.46117068415941,63.3005916014763,86.71308852554128,61.46117068415941,55.68205594980975,35.21104254889525,16.309933146173606,63.3005916014763,18.48749937972313,44.21196994661145,86.71308852554128,18.48749937972313,57.3509611117281,44.21196994661145,18.48749937972313,35.21104254889525,35.21104254889525,35.21104254889525,35.21104254889525
87,7.303284211370131,44.31349054230374,26.12159009934816,35.21104254889525,7.636839514970387,26.12159009934816,105.04348852864617,68.16777776074922,21.270004543237665,35.21104254889525,10.051501034884858,63.3005916014763,7.636839514970387,10.051501034884858,7.636839514970387,63.3005916014763,10.051501034884858,68.16777776074922,68.16777776074922,68.16777776074922,68.16777776074922
88,15.387513335715358,51.41951009755359,35.867128062558265,68.16777776074922,30.552970678422465,35.867128062558265,76.82491983189165,61.46117068415941,21.78474162555651,68.16777776074922,61.46117068415941,35.21104254889525,30.552970678422465,61.46117068415941,18.48749937972313,35.21104254889525,61.46117068415941,61.46117068415941,61.46117068415941,61.46117068415941,61.46117068415941
89,0.0,127.51232625671732,127.51232625671732,74.3935660606407,39.251213451004375,127.51232625671732,63.52974194330727,26.12159009934816,19.33819485367601,74.3935660606407,26.12159009934816,68.16777776074922,39.251213451004375,26.12159009934816,15.640142575301091,68.16777776074922,26.12159009934816,26.12159009934816,26.12159009934816,26.12159009934816,26.12159009934816
90,20.529699872170056,35.867128062558265,115.67877226005844,26.12159009934816,83.08269636659941,115.67877226005844,68.16777776074922,35.867128062558265,7.214723588625733,26.12159009934816,35.867128062558265,67.98329017447331,83.08269636659941,35.867128062558265,46.27706534369489,67.98329017447331,35.867128062558265,35.867128062558265,35.867128062558265,35.867128062558265,35.867128062558265
91,0.0,44.21196994661145,119.66116421470716,54.64749969233924,38.482196205660166,119.66116421470716,64.02438877738412,127.51232625671732,23.48102650802713,54.64749969233924,127.51232625671732,26.12159009934816,38.482196205660166,127.51232625671732,33.76070194606223,26.12159009934816,127.51232625671732,127.51232625671732,127.51232625671732,127.51232625671732,127.51232625671732
92,3.019826188625797,63.3005916014763,76.66504481000626,72.51673925429027,76.66504481000626,76.66504481000626,26.12159009934816,35.21104254889525,24.740517465640632,72.51673925429027,115.67877226005844,97.454943708045,76.66504481000626,115.67877226005844,44.21196994661145,97.454943708045,115.67877226005844,35.21104254889525,35.21104254889525,35.21104254889525,35.21104254889525
93,2.4738065354669185,63.52974194330727,68.16777776074922,120.58713941216878,19.10689337210281,68.16777776074922,39.251213451004375,33.57111191606526,19.556030934237143,120.58713941216878,119.66116421470716,115.67877226005844,19.10689337210281,119.66116421470716,54.43941799031994,115.67877226005844,119.66116421470716,33.57111191606526,33.57111191606526,33.57111191606526,33.57111191606526
94,0.0,68.16777776074922,7.636839514970387,76.66504481000626,75.17007589725216,7.636839514970387,115.67877226005844,119.66116421470716,12.568579977111256,76.66504481000626,76.66504481000626,79.03857636449828,75.17007589725216,76.66504481000626,53.33357773040799,79.03857636449828,76.66504481000626,119.66116421470716,119.66116421470716,119.66116421470716,119.66116421470716
95,21.78474162555651,74.3935660606407,0.0,78.40277391001808,90.76140129784372,0.0,65.84387390034023,76.66504481000626,13.122125031663854,78.40277391001808,68.16777776074922,104.169668733385,90.76140129784372,68.16777776074922,71.47263380432861,104.169668733385,68.16777776074922,76.66504481000626,76.66504481000626,76.66504481000626,76.66504481000626
96,11.78638552689354,26.12159009934816,57.76302080681033,19.10689337210281,32.34032164710557,57.76302080681033,76.66504481000626,68.16777776074922,12.91840164854206,19.10689337210281,7.636839514970387,76.66504481000626,32.34032164710557,7.636839514970387,65.75486164488264,76.66504481000626,7.636839514970387,68.16777776074922,68.16777776074922,68.16777776074922,68.16777776074922
97,4.684076296780081,54.64749969233924,116.85208144155683,64.43222466761196,7.636839514970387,116.85208144155683,19.10689337210281,119.66116421470716,11.78638552689354,64.43222466761196,19.10689337210281,68.16777776074922,7.636839514970387,19.10689337210281,29.522143410164144,68.16777776074922,19.10689337210281,119.66116421470716,119.66116421470716,119.66116421470716,119.66116421470716
98,7.214723588625733,94.03438163721567,94.57219776688572,119.66116421470716,0.0,94.57219776688572,119.74673737917634,15.62916467405199,28.48576128802512,119.66116421470716,0.0,122.831638778275,0.0,0.0,42.31127374460837,122.831638778275,0.0,15.62916467405199,15.62916467405199,15.62916467405199,15.62916467405199
99,16.309933146173606,95.58063119771587,55.68205594980975,15.62916467405199,55.72474798826629,55.68205594980975,68.16777776074922,26.12159009934816,15.640142575301091,15.62916467405199,116.85208144155683,115.84006011359968,55.72474798826629,116.85208144155683,7.636839514970387,115.84006011359968,116.85208144155683,26.12159009934816,26.12159009934816,26.12159009934816,26.12159009934816
100,0.5637143564423058,76.66504481000626,117.79715648008931,26.12159009934816,98.90252628970322,117.79715648008931,7.636839514970387,127.51232625671732,14.766290915009508,26.12159009934816,98.90252628970322,23.506400766370884,98.90252628970322,98.90252628970322,33.57111191606526,23.506400766370884,98.90252628970322,127.51232625671732,127.51232625671732,127.51232625671732,127.51232625671732
101,23.48102650802713,78.40277391001808,64.05101702790581,127.51232625671732,101.08237529257774,64.05101702790581,47.74289166997524,23.506400766370884,18.3892917291177,127.51232625671732,46.27706534369489,28.84127616986776,101.08237529257774,46.27706534369489,52.58578771557993,28.84127616986776,46.27706534369489,23.506400766370884,23.506400766370884,23.506400766370884,23.506400766370884
102,10.295370231090036,19.10689337210281,26.991188962058967,47.32888389967341,81.6481973611856,26.991188962058967,0.0,35.867128062558265,7.214723588625733,47.32888389967341,59.07175890889215,134.10989986778418,81.6481973611856,59.07175890889215,3.1142432624567684,134.10989986778418,59.07175890889215,35.867128062558265,35.867128062558265,35.867128062558265,35.867128062558265
103,6.145876795489233,64.43222466761196,72.73887993368102,35.867128062558265,55.10105402313767,72.73887993368102,116.85208144155683,61.46117068415941,7.636839514970387,35.867128062558265,62.9205079311398,67.65540225115954,55.10105402313767,62.9205079311398,51.41951009755359,67.65540225115954,62.9205079311398,61.46117068415941,61.46117068415941,61.46117068415941,61.46117068415941
104,16.863005510575263,115.71495904409474,84.19701510080299,61.46117068415941,63.899612890391175,84.19701510080299,67.98111671135746,63.899612890391175,18.48749937972313,61.46117068415941,33.57111191606526,63.899612890391175,63.899612890391175,33.57111191606526,74.30033270283853,63.899612890391175,33.57111191606526,63.899612890391175,63.899612890391175,63.899612890391175,63.899612890391175
105,7.055583487765243,15.62916467405199,105.04348852864617,63.899612890391175,77.09011272962962,105.04348852864617,48.02575070763748,33.57111191606526,12.920634810148757,63.899612890391175,72.10312490072226,43.91634089942677,77.09011272962962,72.10312490072226,35.867128062558265,43.91634089942677,72.10312490072226,33.57111191606526,33.57111191606526,33.57111191606526,33.57111191606526
106,12.91840164854206,26.12159009934816,110.06977323503214,93.91625940424066,7.636839514970387,110.06977323503214,55.68205594980975,39.65881134891491,26.786647336435163,93.91625940424066,55.50991858677303,59.04997582828992,7.636839514970387,55.50991858677303,44.21196994661145,59.04997582828992,55.50991858677303,39.65881134891491,39.65881134891491,39.65881134891491,39.65881134891491
107,0.7750411242436831,19.10689337210281,55.68205594980975,26.12159009934816,110.78166970713032,55.68205594980975,56.87623826490219,7.636839514970387,16.309933146173606,26.12159009934816,26.12159009934816,26.12159009934816,110.78166970713032,26.12159009934816,63.3005916014763,26.12159009934816,26.12159009934816,7.636839514970387,7.636839514970387,7.636839514970387,7.636839514970387
108,19.5387106992408,23.506400766370884,43.64076460021892,105.04348852864617,55.68205594980975,43.64076460021892,71.11852534481389,61.623386823386,4.684076296780081,105.04348852864617,31.486371017247755,97.454943708045,55.68205594980975,31.486371017247755,35.21104254889525,97.454943708045,31.486371017247755,61.623386823386,61.623386823386,61.623386823386,61.623386823386
109,0.0,63.683352299039406,75.76617031020726,120.758785864905,84.30715058531536,75.76617031020726,69.00810321046866,110.78166970713032,12.91840164854206,120.758785864905,105.04348852864617,56.62927643800582,84.30715058531536,105.04348852864617,68.16777776074922,56.62927643800582,105.04348852864617,110.78166970713032,110.78166970713032,110.78166970713032,110.78166970713032
110,7.636839514970387,46.27706534369489,67.58963537258633,55.68205594980975,68.52664986146856,67.58963537258633,38.482196205660166,55.68205594980975,23.506400766370884,55.68205594980975,110.06977323503214,35.684888958281185,68.52664986146856,110.06977323503214,18.48749937972313,35.684888958281185,110.06977323503214,55.68205594980975,55.68205594980975,55.68205594980975,55.68205594980975
111,0.0,55.10105402313767,164.02495093393298,51.12022885676561,57.3509611117281,164.02495093393298,26.12159009934816,103.55323520177146,24.740517465640632,51.12022885676561,55.68205594980975,61.24720684547483,57.3509611117281,55.68205594980975,61.46117068415941,61.24720684547483,55.68205594980975,103.55323520177146,103.55323520177146,103.55323520177146,103.55323520177146
112,14.766290915009508,63.899612890391175,101.17301138940964,57.2563837820508,95.59863150364112,101.17301138940964,61.623386823386,62.77868363237514,7.303284211370131,57.2563837820508,43.64076460021892,65.01975986507237,95.59863150364112,43.64076460021892,7.636839514970387,65.01975986507237,43.64076460021892,62.77868363237514,62.77868363237514,62.77868363237514,62.77868363237514
113,0.0,33.57111191606526,23.844210237018928,65.01975986507237,51.80026935192114,23.844210237018928,104.48079560073552,41.651408760998834,18.73381619939377,65.01975986507237,75.76617031020726,124.55459423617118,51.80026935192114,75.76617031020726,35.867128062558265,124.55459423617118,75.76617031020726,41.651408760998834,41.651408760998834,41.651408760998834,41.651408760998834
114,6.6638126733491685,39.65881134891491,7.636839514970387,57.74920284709328,64.70461376947598,7.636839514970387,93.52258036258335,74.06715345010596,23.14724182166844,57.74920284709328,86.72206272990564,95.37593990769848,64.70461376947598,86.72206272990564,79.65510609398838,95.37593990769848,86.72206272990564,74.06715345010596,74.06715345010596,74.06715345010596,74.06715345010596
115,14.217796772632587,18.48749937972313,63.68491230270351,55.81193657197888,23.844210237018928,63.68491230270351,78.58863914793048,101.17301138940964,18.491824922127453,55.81193657197888,67.58963537258633,55.81193657197888,23.844210237018928,67.58963537258633,35.21104254889525,55.81193657197888,67.58963537258633,101.17301138940964,101.17301138940964,101.17301138940964,101.17301138940964
116,0.0,7.636839514970387,78.9939300029734,23.844210237018928,7.636839514970387,78.9939300029734,95.59863150364112,26.12159009934816,6.6638126733491685,23.844210237018928,23.844210237018928,23.844210237018928,7.636839514970387,23.844210237018928,33.57111191606526,23.844210237018928,23.844210237018928,26.12159009934816,26.12159009934816,26.12159009934816,26.12159009934816
117,4.684076296780081,59.07175890889215,18.48749937972313,7.636839514970387,53.33357773040799,18.48749937972313,81.75677641646215,110.68582720585788,18.297539942569266,7.636839514970387,7.636839514970387,7.636839514970387,53.33357773040799,7.636839514970387,54.43941799031994,7.636839514970387,7.636839514970387,110.68582720585788,110.68582720585788,110.68582720585788,110.68582720585788
118,3.019826188625797,46.27706534369489,46.27706534369489,72.99690185734335,76.94310702795576,46.27706534369489,118.02723019125756,115.07547212795744,18.796005339089724,72.99690185734335,92.830039633564,67.9677700191065,76.94310702795576,92.830039633564,76.66504481000626,67.9677700191065,92.830039633564,115.07547212795744,115.07547212795744,115.07547212795744,115.07547212795744
119,2.4738065354669185,84.30715058531536,56.27063389328144,18.48749937972313,18.48749937972313,56.27063389328144,26.12159009934816,62.49758422031292,21.78474162555651,18.48749937972313,18.48749937972313,25.02609869838625,18.48749937972313,18.48749937972313,44.21196994661145,25.02609869838625,18.48749937972313,62.49758422031292,62.49758422031292,62.49758422031292,62.49758422031292
120,0.3875205621218416,71.80726891311805,97.77299102406413,46.27706534369489,46.27706534369489,97.77299102406413,115.71495904409474,158.05132872140382,7.636839514970387,46.27706534369489,46.27706534369489,46.27706534369489,46.27706534369489,46.27706534369489,12.568579977111256,46.27706534369489,46.27706534369489,158.05132872140382,158.05132872140382,158.05132872140382,158.05132872140382
121,16.309933146173606,32.38296954010639,68.7698287426071,55.10105402313767,62.47424259323312,68.7698287426071,100.0940731321347,63.52974194330727,14.766290915009508,55.10105402313767,76.66504481000626,59.21696516866341,62.47424259323312,76.66504481000626,68.16777776074922,59.21696516866341,76.66504481000626,63.52974194330727,63.52974194330727,63.52974194330727,63.52974194330727
122,7.852483660430585,41.651408760998834,26.12159009934816,158.05132872140382,158.05132872140382,26.12159009934816,49.35308779404424,116.12772437919104,0.0,158.05132872140382,92.08252252370372,158.05132872140382,158.05132872140382,92.08252252370372,50.49321281970752,158.05132872140382,92.08252252370372,116.12772437919104,116.12772437919104,116.12772437919104,116.12772437919104
123,21.78474162555651,74.06715345010596,117.13196969133908,68.16777776074922,68.16777776074922,117.13196969133908,158.05132872140382,66.34336091799776,4.684076296780081,68.16777776074922,74.62462980102664,63.899612890391175,68.16777776074922,74.62462980102664,15.62916467405199,63.899612890391175,74.62462980102664,66.34336091799776,66.34336091799776,66.34336091799776,66.34336091799776
124,4.4122950105657575,55.6924973257865,80.90131111842258,63.52974194330727,63.52974194330727,80.90131111842258,112.81016237985628,26.12159009934816,23.506400766370884,63.52974194330727,52.652508742164585,68.2650348328134,63.52974194330727,52.652508742164585,7.636839514970387,68.2650348328134,52.652508742164585,26.12159009934816,26.12159009934816,26.12159009934816,26.12159009934816
125,22.605412277057063,15.386548204894032,41.56314252054269,63.683352299039406,26.12159009934816,41.56314252054269,67.89059061802394,125.6331577130213,6.6638126733491685,63.683352299039406,76.34424103317485,68.37549216998056,26.12159009934816,76.34424103317485,19.10689337210281,68.37549216998056,76.34424103317485,125.6331577130213,125.6331577130213,125.6331577130213,125.6331577130213
126,0.5637143564423058,31.062824945670524,88.35918630048214,26.12159009934816,98.90252628970322,88.35918630048214,79.49567638536696,90.34408793637876,15.640142575301091,26.12159009934816,26.12159009934816,26.12159009934816,98.90252628970322,26.12159009934816,23.506400766370884,26.12159009934816,26.12159009934816,90.34408793637876,90.34408793637876,90.34408793637876,90.34408793637876
127,7.214723588625733,23.844210237018928,63.20595657167126,117.13196969133908,18.48749937972313,63.20595657167126,55.72474798826629,106.63267245079784,24.740517465640632,117.13196969133908,117.13196969133908,134.62685020185182,18.48749937972313,117.13196969133908,63.683352299039406,134.62685020185182,117.13196969133908,106.63267245079784,106.63267245079784,106.63267245079784,106.63267245079784
128,5.335141565308859,7.636839514970387,100.04254426688742,116.67080780965284,46.27706534369489,100.04254426688742,26.12159009934816,78.61580303741522,19.928059826584818,116.67080780965284,74.2916238571571,90.34408793637876,46.27706534369489,74.2916238571571,46.27706534369489,90.34408793637876,74.2916238571571,78.61580303741522,78.61580303741522,78.61580303741522,78.61580303741522
129,23.48102650802713,72.99690185734335,64.65090168089313,44.33186157590183,47.32888389967341,64.65090168089313,77.09011272962962,104.14323689672646,12.91840164854206,44.33186157590183,41.56314252054269,57.06428232581949,47.32888389967341,41.56314252054269,44.21196994661145,57.06428232581949,41.56314252054269,104.14323689672646,104.14323689672646,104.14323689672646,104.14323689672646
130,15.387513335715358,18.48749937972313,15.62916467405199,56.08980700650153,71.94909321188271,15.62916467405199,92.1287149166434,79.27389107980785,7.214723588625733,56.08980700650153,63.20595657167126,89.74140526380387,71.94909321188271,63.20595657167126,55.10105402313767,89.74140526380387,63.20595657167126,79.27389107980785,79.27389107980785,79.27389107980785,79.27389107980785
131,8.710849854145865,46.27706534369489,65.84906201581491,88.26289808919532,59.07175890889215,65.84906201581491,55.10105402313767,104.9497871815904,23.794557789246088,88.26289808919532,110.393878839183,128.50956047685372,59.07175890889215,110.393878839183,63.899612890391175,128.50956047685372,110.393878839183,104.9497871815904,104.9497871815904,104.9497871815904,104.9497871815904
132,12.91840164854206,52.000989824789166,7.636839514970387,97.26491188214472,66.34336091799776,7.636839514970387,63.899612890391175,65.62214022208867,13.122125031663854,97.26491188214472,54.62262705272613,79.27389107980785,66.34336091799776,54.62262705272613,33.57111191606526,79.27389107980785,54.62262705272613,65.62214022208867,65.62214022208867,65.62214022208867,65.62214022208867
133,6.145876795489233,55.72474798826629,81.6481973611856,57.646740653156144,15.62916467405199,81.6481973611856,104.10309170356278,7.636839514970387,23.48102650802713,57.646740653156144,15.62916467405199,104.9497871815904,15.62916467405199,15.62916467405199,39.65881134891491,104.9497871815904,15.62916467405199,7.636839514970387,7.636839514970387,7.636839514970387,7.636839514970387
134,14.135742940017568,79.36353579076098,91.35338855561236,15.62916467405199,97.31737922724996,91.35338855561236,32.34032164710557,79.82734822945879,28.48576128802512,15.62916467405199,88.40541462220489,65.62214022208867,97.31737922724996,88.40541462220489,25.02609869838625,65.62214022208867,88.40541462220489,79.82734822945879,79.82734822945879,79.82734822945879,79.82734822945879
135,19.5387106992408,62.14431545641469,44.21196994661145,7.636839514970387,81.40241761010579,44.21196994661145,90.5187187351935,69.03385180187333,18.48749937972313,7.636839514970387,52.76737496705047,7.636839514970387,81.40241761010579,52.76737496705047,7.636839514970387,7.636839514970387,52.76737496705047,69.03385180187333,69.03385180187333,69.03385180187333,69.03385180187333
136,0.0,63.683352299039406,116.85208144155683,67.41447288353484,7.636839514970387,116.85208144155683,49.35308779404424,44.21196994661145,15.765179740553917,67.41447288353484,7.636839514970387,79.82734822945879,7.636839514970387,7.636839514970387,39.251213451004375,79.82734822945879,7.636839514970387,44.21196994661145,44.21196994661145,44.21196994661145,44.21196994661145
137,14.766290915009508,7.636839514970387,79.24347823670004,65.18084844166394,62.76760173949365,79.24347823670004,26.12159009934816,158.05132872140382,13.778669486766512,65.18084844166394,55.68205594980975,69.03385180187333,62.76760173949365,55.68205594980975,33.96503215890054,69.03385180187333,55.68205594980975,158.05132872140382,158.05132872140382,158.05132872140382,158.05132872140382
138,0.0,61.537381172304414,77.70509686615647,77.31867637820267,66.34336091799776,77.70509686615647,81.6481973611856,67.89059061802394,16.309933146173606,77.31867637820267,44.21196994661145,44.21196994661145,66.34336091799776,44.21196994661145,77.31631649435825,44.21196994661145,44.21196994661145,67.89059061802394,67.89059061802394,67.89059061802394,67.89059061802394
139,13.122125031663854,25.02609869838625,67.76790129653567,44.21196994661145,65.31463673216184,67.76790129653567,94.68854752847196,72.09080828921572,12.91840164854206,44.21196994661145,55.72474798826629,158.05132872140382,65.31463673216184,55.72474798826629,23.506400766370884,158.05132872140382,55.72474798826629,72.09080828921572,72.09080828921572,72.09080828921572,72.09080828921572
140,7.214723588625733,41.56314252054269,76.66504481000626,55.72474798826629,44.21196994661145,76.66504481000626,14.525500708419337,79.36353579076098,7.636839514970387,55.72474798826629,105.04348852864617,67.89059061802394,44.21196994661145,105.04348852864617,44.21196994661145,67.89059061802394,105.04348852864617,79.36353579076098,79.36353579076098,79.36353579076098,79.36353579076098
141,7.636839514970387,68.28773121361533,7.636839514970387,79.40277636580336,55.72474798826629,7.636839514970387,67.89059061802394,76.66504481000626,20.74919042954226,79.40277636580336,58.92552050029654,72.09080828921572,55.72474798826629,58.92552050029654,26.991188962058967,72.09080828921572,58.92552050029654,76.66504481000626,76.66504481000626,76.66504481000626,76.66504481000626
142,6.145876795489233,43.58587892216657,72.10312490072226,51.409103296452976,87.30937812220878,72.10312490072226,115.71495904409474,7.636839514970387,4.684076296780081,51.409103296452976,72.10312490072226,79.36353579076098,87.30937812220878,72.10312490072226,43.32076003684726,79.36353579076098,72.10312490072226,7.636839514970387,7.636839514970387,7.636839514970387,7.636839514970387
143,4.4122950105657575,44.39379117092759,23.844210237018928,31.062824945670524,31.062824945670524,23.844210237018928,33.57111191606526,23.844210237018928,7.214723588625733,31.062824945670524,31.062824945670524,76.66504481000626,31.062824945670524,31.062824945670524,55.6924973257865,76.66504481000626,31.062824945670524,23.844210237018928,23.844210237018928,23.844210237018928,23.844210237018928
144,0.0,66.2995810478963,42.83748530006115,85.18525062930694,63.52974194330727,42.83748530006115,31.062824945670524,90.27780057868527,13.487612142348269,85.18525062930694,75.19031376525606,26.12159009934816,63.52974194330727,75.19031376525606,78.20191126548805,26.12159009934816,75.19031376525606,90.27780057868527,90.27780057868527,90.27780057868527,90.27780057868527
145,21.78474162555651,59.51773055550526,56.72627636413968,7.636839514970387,76.66504481000626,56.72627636413968,51.04483639634894,58.45439810562077,26.014843621319677,7.636839514970387,76.66504481000626,44.688165162895686,76.66504481000626,76.66504481000626,15.386548204894032,44.688165162895686,76.66504481000626,58.45439810562077,58.45439810562077,58.45439810562077,58.45439810562077
146,16.309933146173606,77.3389518268741,67.35171604828075,23.844210237018928,7.636839514970387,67.35171604828075,158.21431221604635,66.34336091799776,18.48749937972313,23.844210237018928,7.636839514970387,4.684076296780081,7.636839514970387,7.636839514970387,31.062824945670524,4.684076296780081,7.636839514970387,66.34336091799776,66.34336091799776,66.34336091799776,66.34336091799776
147,4.684076296780081,15.62916467405199,94.30436308840324,90.27780057868527,23.844210237018928,94.30436308840324,54.49366000681719,95.27003252322494,9.622699368355027,90.27780057868527,72.10312490072226,69.34298596890551,23.844210237018928,72.10312490072226,7.636839514970387,69.34298596890551,72.10312490072226,95.27003252322494,95.27003252322494,95.27003252322494,95.27003252322494
148,2.4738065354669185,7.636839514970387,63.20595657167126,58.45439810562077,65.75486164488264,63.20595657167126,65.75486164488264,71.65182492739024,14.766290915009508,58.45439810562077,23.844210237018928,66.34336091799776,65.75486164488264,23.844210237018928,43.1345734476781,66.34336091799776,23.844210237018928,71.65182492739024,71.65182492739024,71.65182492739024,71.65182492739024
149,14.3041905096689,67.41447288353484,47.728436915299405,66.34336091799776,76.94310702795576,47.728436915299405,66.34336091799776,115.67877226005844,12.920634810148757,66.34336091799776,56.72627636413968,104.169668733385,76.94310702795576,56.72627636413968,45.46408098147068,104.169668733385,56.72627636413968,115.67877226005844,115.67877226005844,115.67877226005844,115.67877226005844
150,0.3875205621218416,65.18084844166394,26.12159009934816,83.58698583980706,94.30436308840324,26.12159009934816,76.94310702795576,26.12159009934816,3.1142432624567684,83.58698583980706,33.57111191606526,38.49734281137666,94.30436308840324,33.57111191606526,18.48749937972313,38.49734281137666,33.57111191606526,26.12159009934816,26.12159009934816,26.12159009934816,26.12159009934816
151,0.0,77.31867637820267,55.68205594980975,95.27003252322494,63.20595657167126,55.68205594980975,94.30436308840324,48.65620405711926,7.303284211370131,95.27003252322494,76.94310702795576,18.48749937972313,63.20595657167126,76.94310702795576,46.27706534369489,18.48749937972313,76.94310702795576,48.65620405711926,48.65620405711926,48.65620405711926,48.65620405711926
152,12.91840164854206,44.21196994661145,117.54602289623506,71.65182492739024,71.47263380432861,117.54602289623506,63.20595657167126,43.91634089942677,21.78474162555651,71.65182492739024,94.30436308840324,115.67877226005844,71.47263380432861,94.30436308840324,49.61534806897726,115.67877226005844,94.30436308840324,43.91634089942677,43.91634089942677,43.91634089942677,43.91634089942677
153,0.5637143564423058,55.72474798826629,119.66116421470716,115.67877226005844,115.67877226005844,119.66116421470716,115.67877226005844,15.640142575301091,16.58709423727748,115.67877226005844,63.20595657167126,26.12159009934816,115.67877226005844,63.20595657167126,14.525500708419337,26.12159009934816,63.20595657167126,15.640142575301091,15.640142575301091,15.640142575301091,15.640142575301091
154,3.019826188625797,79.40277636580336,105.04348852864617,26.12159009934816,26.12159009934816,105.04348852864617,26.12159009934816,23.506400766370884,20.529699872170056,26.12159009934816,46.87161437084405,48.65620405711926,26.12159009934816,46.87161437084405,32.751219967399415,48.65620405711926,46.87161437084405,23.506400766370884,23.506400766370884,23.506400766370884,23.506400766370884
155,15.387513335715358,51.409103296452976,65.75486164488264,55.68205594980975,55.68205594980975,65.75486164488264,25.02609869838625,107.19293667145996,24.740517465640632,55.68205594980975,26.12159009934816,98.80027145547768,55.68205594980975,26.12159009934816,35.21104254889525,98.80027145547768,26.12159009934816,107.19293667145996,107.19293667145996,107.19293667145996,107.19293667145996
156,7.303284211370131,31.062824945670524,66.34336091799776,117.54602289623506,15.640142575301091,66.34336091799776,19.943282633974327,98.87411511241272,34.5799438137883,15.640142575301091,55.68205594980975,37.205843634878526,15.640142575301091,55.68205594980975,44.21196994661145,37.205843634878526,55.68205594980975,98.87411511241272,98.87411511241272,98.87411511241272,98.87411511241272
157,18.73381619939377,85.18525062930694,115.67877226005844,119.66116421470716,119.66116421470716,115.67877226005844,117.54602289623506,71.94909321188271,23.48102650802713,119.66116421470716,15.640142575301091,107.19293667145996,119.66116421470716,15.640142575301091,12.91840164854206,107.19293667145996,15.640142575301091,71.94909321188271,71.94909321188271,71.94909321188271,71.94909321188271
158,12.854303678485277,70.65471133519648,7.636839514970387,105.04348852864617,47.32888389967341,7.636839514970387,137.43542722548827,66.34336091799776,10.167804482391144,47.32888389967341,119.66116421470716,98.87411511241272,47.32888389967341,119.66116421470716,66.34336091799776,98.87411511241272,119.66116421470716,66.34336091799776,66.34336091799776,66.34336091799776,66.34336091799776
159,11.78638552689354,7.636839514970387,51.41951009755359,65.75486164488264,105.04348852864617,51.41951009755359,49.94744125676835,53.88724467900358,7.636839514970387,105.04348852864617,47.32888389967341,71.94909321188271,105.04348852864617,47.32888389967341,7.636839514970387,71.94909321188271,47.32888389967341,53.88724467900358,53.88724467900358,53.88724467900358,53.88724467900358
160,6.6638126733491685,23.844210237018928,3.1142432624567684,66.34336091799776,65.75486164488264,3.1142432624567684,95.67166204419404,18.48749937972313,6.6638126733491685,65.75486164488264,105.04348852864617,66.34336091799776,65.75486164488264,105.04348852864617,27.053860942978726,66.34336091799776,105.04348852864617,18.48749937972313,18.48749937972313,18.48749937972313,18.48749937972313
161,18.297539942569266,65.75486164488264,55.68205594980975,115.67877226005844,66.34336091799776,55.68205594980975,108.82524923476274,26.12159009934816,14.135742940017568,66.34336091799776,65.75486164488264,53.88724467900358,66.34336091799776,65.75486164488264,41.651408760998834,53.88724467900358,65.75486164488264,26.12159009934816,26.12159009934816,26.12159009934816,26.12159009934816
162,18.796005339089724,66.34336091799776,79.24347823670004,18.48749937972313,88.89404347969125,79.24347823670004,82.93408745619482,51.41951009755359,23.48102650802713,88.89404347969125,66.34336091799776,18.48749937972313,88.89404347969125,66.34336091799776,29.762283269209995,18.48749937972313,66.34336091799776,51.41951009755359,51.41951009755359,51.41951009755359,51.41951009755359
163,21.78474162555651,67.35171604828075,115.39482310094172,26.12159009934816,7.636839514970387,115.39482310094172,18.48749937972313,44.31349054230374,4.684076296780081,18.48749937972313,88.89404347969125,26.12159009934816,7.636839514970387,88.89404347969125,18.48749937972313,26.12159009934816,88.89404347969125,44.31349054230374,44.31349054230374,44.31349054230374,44.31349054230374
164,7.636839514970387,94.30436308840324,44.21196994661145,51.41951009755359,51.41951009755359,44.21196994661145,7.636839514970387,67.89059061802394,17.051458953753407,26.12159009934816,32.34032164710557,51.41951009755359,51.41951009755359,32.34032164710557,23.506400766370884,51.41951009755359,32.34032164710557,67.89059061802394,67.89059061802394,67.89059061802394,67.89059061802394
165,14.766290915009508,63.20595657167126,62.28372262996759,44.31349054230374,3.1142432624567684,62.28372262996759,76.66504481000626,53.33357773040799,3.1142432624567684,51.41951009755359,7.636839514970387,44.31349054230374,3.1142432624567684,7.636839514970387,45.39418639695501,44.31349054230374,7.636839514970387,53.33357773040799,53.33357773040799,53.33357773040799,53.33357773040799
166,0.0,47.23411636516308,67.76790129653567,46.27706534369489,55.68205594980975,67.76790129653567,46.27706534369489,44.39379117092759,9.622699368355027,44.31349054230374,14.525500708419337,67.89059061802394,55.68205594980975,14.525500708419337,56.23054113121483,67.89059061802394,14.525500708419337,44.39379117092759,44.39379117092759,44.39379117092759,44.39379117092759
167,7.303284211370131,35.21104254889525,75.34202067460683,67.89059061802394,79.24347823670004,75.34202067460683,79.24347823670004,56.72627636413968,13.487612142348269,46.27706534369489,55.68205594980975,53.33357773040799,79.24347823670004,55.68205594980975,48.3051608795107,53.33357773040799,55.68205594980975,56.72627636413968,56.72627636413968,56.72627636413968,56.72627636413968
168,0.0,26.12159009934816,147.93491519119652,53.33357773040799,115.39482310094172,147.93491519119652,63.68491230270351,119.66116421470716,8.879516379871745,67.89059061802394,79.24347823670004,79.49567638536696,115.39482310094172,79.24347823670004,30.905834387725463,79.49567638536696,79.24347823670004,119.66116421470716,119.66116421470716,119.66116421470716,119.66116421470716
169,4.684076296780081,25.02609869838625,85.11829629359619,79.49567638536696,44.21196994661145,85.11829629359619,44.21196994661145,79.36353579076098,14.766290915009508,53.33357773040799,115.39482310094172,44.39379117092759,44.21196994661145,115.39482310094172,51.409103296452976,44.39379117092759,115.39482310094172,79.36353579076098,79.36353579076098,79.36353579076098,79.36353579076098
170,0.0,39.251213451004375,55.68205594980975,56.72627636413968,62.28372262996759,55.68205594980975,62.28372262996759,7.636839514970387,9.609022441666976,79.49567638536696,44.21196994661145,56.72627636413968,62.28372262996759,44.21196994661145,47.14930340656577,56.72627636413968,44.21196994661145,7.636839514970387,7.636839514970387,7.636839514970387,7.636839514970387
171,3.019826188625797,43.91634089942677,54.6013947454114,119.66116421470716,67.76790129653567,54.6013947454114,67.76790129653567,23.844210237018928,20.529699872170056,56.72627636413968,62.28372262996759,119.66116421470716,67.76790129653567,62.28372262996759,15.62916467405199,119.66116421470716,62.28372262996759,23.844210237018928,23.844210237018928,23.844210237018928,23.844210237018928
172,6.6638126733491685,15.640142575301091,158.05132872140382,7.636839514970387,75.34202067460683,158.05132872140382,75.34202067460683,85.11829629359619,16.58709423727748,119.66116421470716,67.76790129653567,7.636839514970387,75.34202067460683,67.76790129653567,28.288450116747843,7.636839514970387,67.76790129653567,85.11829629359619,85.11829629359619,85.11829629359619,85.11829629359619
173,4.159399084249441,23.506400766370884,77.13524576262311,23.844210237018928,26.12159009934816,77.13524576262311,7.636839514970387,55.68205594980975,15.738809175555858,7.636839514970387,75.34202067460683,23.844210237018928,26.12159009934816,75.34202067460683,7.636839514970387,23.844210237018928,75.34202067460683,55.68205594980975,55.68205594980975,55.68205594980975,55.68205594980975
174,12.810975872230134,103.9579685377564,92.69686779773136,85.11829629359619,56.40161547253052,92.69686779773136,49.35308779404424,54.6013947454114,15.293328149175698,23.844210237018928,7.636839514970387,85.11829629359619,56.40161547253052,7.636839514970387,12.568579977111256,85.11829629359619,7.636839514970387,54.6013947454114,54.6013947454114,54.6013947454114,54.6013947454114
175,10.718138120340267,59.08535585199724,79.40277636580336,55.68205594980975,55.68205594980975,79.40277636580336,23.844210237018928,74.95994922590914,19.5387106992408,85.11829629359619,23.844210237018928,55.68205594980975,55.68205594980975,23.844210237018928,67.41447288353484,55.68205594980975,23.844210237018928,74.95994922590914,74.95994922590914,74.95994922590914,74.95994922590914
176,0.0,60.29758646908735,26.12159009934816,54.6013947454114,54.6013947454114,26.12159009934816,81.6481973611856,77.13524576262311,18.48749937972313,55.68205594980975,85.11829629359619,54.6013947454114,54.6013947454114,85.11829629359619,10.2059905448889,54.6013947454114,85.11829629359619,77.13524576262311,77.13524576262311,77.13524576262311,77.13524576262311
177,15.387513335715358,66.34336091799776,35.867128062558265,74.95994922590914,119.85330294937452,35.867128062558265,74.95994922590914,15.640142575301091,24.35353746150947,54.6013947454114,55.68205594980975,74.95994922590914,119.85330294937452,55.68205594980975,39.90062379253728,74.95994922590914,55.68205594980975,15.640142575301091,15.640142575301091,15.640142575301091,15.640142575301091
178,4.4122950105657575,49.98101156288729,61.46117068415941,77.13524576262311,37.205843634878526,61.46117068415941,72.99690185734335,92.69686779773136,14.217796772632587,74.95994922590914,54.6013947454114,77.13524576262311,37.205843634878526,54.6013947454114,44.21196994661145,77.13524576262311,54.6013947454114,92.69686779773136,92.69686779773136,92.69686779773136,92.69686779773136
179,12.91840164854206,18.48749937972313,158.05132872140382,15.640142575301091,92.69686779773136,158.05132872140382,15.640142575301091,79.40277636580336,23.794557789246088,77.13524576262311,74.95994922590914,15.640142575301091,92.69686779773136,74.95994922590914,14.525500708419337,15.640142575301091,74.95994922590914,79.40277636580336,79.40277636580336,79.40277636580336,79.40277636580336
180,7.214723588625733,84.2067351693854,127.51232625671732,92.69686779773136,88.45504247211616,127.51232625671732,94.68854752847196,76.66504481000626,23.48102650802713,15.640142575301091,77.13524576262311,92.69686779773136,88.45504247211616,77.13524576262311,61.623386823386,92.69686779773136,77.13524576262311,76.66504481000626,76.66504481000626,76.66504481000626,76.66504481000626
181,11.103780234469802,7.636839514970387,68.37549216998056,79.40277636580336,79.40277636580336,68.37549216998056,67.89059061802394,26.12159009934816,9.622699368355027,92.69686779773136,15.640142575301091,79.40277636580336,79.40277636580336,15.640142575301091,51.409103296452976,79.40277636580336,15.640142575301091,26.12159009934816,26.12159009934816,26.12159009934816,26.12159009934816
182,13.122125031663854,51.41951009755359,119.66116421470716,26.12159009934816,26.12159009934816,119.66116421470716,79.36353579076098,35.867128062558265,7.636839514970387,79.40277636580336,92.69686779773136,26.12159009934816,26.12159009934816,92.69686779773136,48.956321040407865,26.12159009934816,92.69686779773136,35.867128062558265,35.867128062558265,35.867128062558265,35.867128062558265
183,18.73381619939377,15.81390165741783,63.899612890391175,35.867128062558265,35.867128062558265,63.899612890391175,7.636839514970387,58.36110648581092,12.920634810148757,26.12159009934816,79.40277636580336,35.867128062558265,35.867128062558265,79.40277636580336,31.062824945670524,35.867128062558265,79.40277636580336,58.36110648581092,58.36110648581092,58.36110648581092,58.36110648581092
184,6.145876795489233,23.844210237018928,23.844210237018928,58.36110648581092,58.36110648581092,23.844210237018928,35.867128062558265,127.51232625671732,14.766290915009508,35.867128062558265,26.12159009934816,15.640142575301091,58.36110648581092,26.12159009934816,39.97901344027873,15.640142575301091,26.12159009934816,127.51232625671732,127.51232625671732,127.51232625671732,127.51232625671732
185,15.765179740553917,61.623386823386,58.1267629786228,55.72474798826629,158.05132872140382,58.1267629786228,52.58578771557993,62.14431545641469,17.523294244969158,58.36110648581092,35.867128062558265,58.36110648581092,158.05132872140382,35.867128062558265,7.636839514970387,58.36110648581092,35.867128062558265,62.14431545641469,62.14431545641469,62.14431545641469,62.14431545641469
186,2.4738065354669185,53.33357773040799,86.35508618523167,127.51232625671732,127.51232625671732,86.35508618523167,63.3005916014763,50.77899556430128,4.684076296780081,55.72474798826629,64.74178973580894,74.95994922590914,127.51232625671732,64.74178973580894,23.844210237018928,74.95994922590914,64.74178973580894,50.77899556430128,50.77899556430128,50.77899556430128,50.77899556430128
187,1.1274287128846117,44.39379117092759,7.636839514970387,62.14431545641469,62.14431545641469,7.636839514970387,127.52692033192722,119.66116421470716,19.5387106992408,127.51232625671732,127.51232625671732,127.51232625671732,62.14431545641469,127.51232625671732,19.10689337210281,127.51232625671732,127.51232625671732,119.66116421470716,119.66116421470716,119.66116421470716,119.66116421470716
188,0.3875205621218416,71.32873412583075,46.27706534369489,79.49567638536696,79.49567638536696,46.27706534369489,34.186945148988464,33.57111191606526,28.497079038139624,62.14431545641469,116.85367187584713,62.14431545641469,79.49567638536696,116.85367187584713,15.386548204894032,62.14431545641469,116.85367187584713,33.57111191606526,33.57111191606526,33.57111191606526,33.57111191606526
189,13.778669486766512,86.84441923426664,18.48749937972313,119.66116421470716,119.66116421470716,18.48749937972313,127.51232625671732,110.54454586320816,3.1142432624567684,79.49567638536696,119.66116421470716,79.49567638536696,119.66116421470716,119.66116421470716,71.26390922612282,79.49567638536696,119.66116421470716,110.54454586320816,110.54454586320816,110.54454586320816,110.54454586320816
190,16.309933146173606,7.636839514970387,78.50069433004455,31.062824945670524,172.8022743943151,78.50069433004455,42.41725239643994,30.552970678422465,6.6638126733491685,119.66116421470716,71.47263380432861,119.66116421470716,172.8022743943151,71.47263380432861,23.506400766370884,119.66116421470716,71.47263380432861,30.552970678422465,30.552970678422465,30.552970678422465,30.552970678422465
191,12.91840164854206,49.35308779404424,89.0479857163449,110.54454586320816,105.04348852864617,89.0479857163449,36.074999308537386,7.636839514970387,21.78474162555651,31.062824945670524,101.17301138940964,110.54454586320816,105.04348852864617,101.17301138940964,69.34298596890551,110.54454586320816,101.17301138940964,7.636839514970387,7.636839514970387,7.636839514970387,7.636839514970387
192,0.3875205621218416,23.844210237018928,87.1848538245014,30.552970678422465,55.68205594980975,87.1848538245014,63.899612890391175,62.76760173949365,13.487612142348269,110.54454586320816,23.844210237018928,30.552970678422465,55.68205594980975,23.844210237018928,66.34336091799776,30.552970678422465,23.844210237018928,62.76760173949365,62.76760173949365,62.76760173949365,62.76760173949365
193,7.636839514970387,46.27706534369489,63.71602398935895,7.636839514970387,76.8567027451497,63.71602398935895,128.75425793558253,65.31463673216184,7.214723588625733,30.552970678422465,58.1267629786228,7.636839514970387,76.8567027451497,58.1267629786228,51.860220566958574,7.636839514970387,58.1267629786228,65.31463673216184,65.31463673216184,65.31463673216184,65.31463673216184
194,10.295370231090036,74.95994922590914,26.12159009934816,62.76760173949365,59.44132370119859,26.12159009934816,30.552970678422465,88.89404347969125,11.78638552689354,7.636839514970387,86.35508618523167,62.76760173949365,59.44132370119859,86.35508618523167,38.49734281137666,62.76760173949365,86.35508618523167,88.89404347969125,88.89404347969125,88.89404347969125,88.89404347969125
195,2.91183195432858,72.99690185734335,55.68205594980975,65.31463673216184,48.96823937556951,55.68205594980975,7.636839514970387,81.40241761010579,7.303284211370131,62.76760173949365,7.636839514970387,65.31463673216184,48.96823937556951,7.636839514970387,41.43624256216621,65.31463673216184,7.636839514970387,81.40241761010579,81.40241761010579,81.40241761010579,81.40241761010579
196,0.0,15.640142575301091,119.30546897003627,88.89404347969125,62.47424259323312,119.30546897003627,146.99913577432673,105.20877745380388,20.529699872170056,65.31463673216184,46.27706534369489,88.89404347969125,62.47424259323312,46.27706534369489,35.21104254889525,88.89404347969125,46.27706534369489,105.20877745380388,105.20877745380388,105.20877745380388,105.20877745380388
197,4.684076296780081,63.683352299039406,89.28536406916282,81.40241761010579,33.57111191606526,89.28536406916282,103.88700962158822,71.47263380432861,12.568579977111256,88.89404347969125,18.48749937972313,81.40241761010579,33.57111191606526,18.48749937972313,7.636839514970387,81.40241761010579,18.48749937972313,71.47263380432861,71.47263380432861,71.47263380432861,71.47263380432861
198,7.214723588625733,18.48749937972313,103.29572901550384,105.20877745380388,57.36420841373254,103.29572901550384,97.56157319809893,7.636839514970387,18.796005339089724,81.40241761010579,78.50069433004455,105.20877745380388,57.36420841373254,78.50069433004455,18.48749937972313,105.20877745380388,78.50069433004455,7.636839514970387,7.636839514970387,7.636839514970387,7.636839514970387
199,4.4122950105657575,67.89059061802394,94.84448424591626,71.47263380432861,26.12159009934816,94.84448424591626,81.7639179817004,55.68205594980975,20.74919042954226,105.20877745380388,89.0479857163449,71.47263380432861,26.12159009934816,89.0479857163449,39.251213451004375,71.47263380432861,89.0479857163449,55.68205594980975,55.68205594980975,55.68205594980975,55.68205594980975
200,19.475475519715715,79.36353579076098,46.33472901732773,7.636839514970387,55.68205594980975,46.33472901732773,83.67007650462837,62.14431545641469,16.309933146173606,71.47263380432861,87.1848538245014,26.12159009934816,55.68205594980975,87.1848538245014,33.57111191606526,26.12159009934816,87.1848538245014,62.14431545641469,62.14431545641469,62.14431545641469,62.14431545641469
201,6.145876795489233,26.12159009934816,28.733661662674606,55.68205594980975,47.32888389967341,28.733661662674606,26.12159009934816,17.051458953753407,21.78474162555651,7.636839514970387,63.71602398935895,55.68205594980975,47.32888389967341,63.71602398935895,44.21196994661145,55.68205594980975,63.71602398935895,17.051458953753407,17.051458953753407,17.051458953753407,17.051458953753407
202,11.78638552689354,35.867128062558265,53.47395524732382,47.627004526654666,98.90252628970322,53.47395524732382,46.27706534369489,86.72206272990564,15.62916467405199,55.68205594980975,7.636839514970387,47.627004526654666,98.90252628970322,7.636839514970387,15.640142575301091,47.627004526654666,7.636839514970387,86.72206272990564,86.72206272990564,86.72206272990564,86.72206272990564
203,0.0,15.640142575301091,26.12159009934816,17.051458953753407,68.16777776074922,26.12159009934816,32.38296954010639,32.751219967399415,7.636839514970387,47.627004526654666,46.27706534369489,41.56314252054269,68.16777776074922,46.27706534369489,30.760078634405783,41.56314252054269,46.27706534369489,32.751219967399415,32.751219967399415,32.751219967399415,32.751219967399415
204,14.766290915009508,58.36110648581092,46.27706534369489,104.77880448407744,110.78166970713032,46.27706534369489,103.74507447670791,60.88889161609295,12.920634810148757,17.051458953753407,17.051458953753407,103.29572901550384,110.78166970713032,17.051458953753407,23.506400766370884,103.29572901550384,17.051458953753407,60.88889161609295,60.88889161609295,60.88889161609295,60.88889161609295
205,0.0,23.506400766370884,56.10237318548423,74.27578683072412,68.6684741602332,56.10237318548423,59.07175890889215,94.84448424591626,12.568579977111256,104.77880448407744,105.7702721294451,90.18104002061744,68.6684741602332,105.7702721294451,15.788021205950685,90.18104002061744,105.7702721294451,94.84448424591626,94.84448424591626,94.84448424591626,94.84448424591626
206,0.0,127.51232625671732,142.7383984808128,90.18104002061744,15.386548204894032,142.7383984808128,95.41332038804656,43.23466481897923,4.684076296780081,74.27578683072412,85.24526459247438,94.84448424591626,15.386548204894032,85.24526459247438,47.16420431417454,94.84448424591626,85.24526459247438,43.23466481897923,43.23466481897923,43.23466481897923,43.23466481897923
207,7.303284211370131,62.14431545641469,110.68582720585788,94.84448424591626,97.31737922724996,110.68582720585788,18.48749937972313,28.733661662674606,23.794557789246088,90.18104002061744,63.899612890391175,53.24597348430391,97.31737922724996,63.899612890391175,65.75486164488264,53.24597348430391,63.899612890391175,28.733661662674606,28.733661662674606,28.733661662674606,28.733661662674606
208,21.78474162555651,50.77899556430128,46.23684696070036,53.24597348430391,7.636839514970387,46.23684696070036,86.35295662716213,51.04483639634894,14.234289771021588,94.84448424591626,43.1345734476781,38.687748452944405,7.636839514970387,43.1345734476781,66.34336091799776,38.687748452944405,43.1345734476781,51.04483639634894,51.04483639634894,51.04483639634894,51.04483639634894
209,16.58709423727748,119.66116421470716,63.157188483353714,38.687748452944405,46.27706534369489,63.157188483353714,55.6924973257865,7.636839514970387,23.506400766370884,53.24597348430391,18.48749937972313,15.386548204894032,46.27706534369489,18.48749937972313,35.21104254889525,15.386548204894032,18.48749937972313,7.636839514970387,7.636839514970387,7.636839514970387,7.636839514970387
210,3.019826188625797,33.57111191606526,57.3509611117281,7.636839514970387,58.1267629786228,57.3509611117281,15.386548204894032,72.99690185734335,14.766290915009508,38.687748452944405,46.33472901732773,26.12159009934816,58.1267629786228,46.33472901732773,18.48749937972313,26.12159009934816,46.33472901732773,72.99690185734335,72.99690185734335,72.99690185734335,72.99690185734335
211,4.159399084249441,23.506400766370884,76.13656313489018,72.99690185734335,88.69169572828424,76.13656313489018,26.12159009934816,58.38167307478719,7.214723588625733,7.636839514970387,28.733661662674606,104.9497871815904,88.69169572828424,28.733661662674606,84.2067351693854,104.9497871815904,28.733661662674606,58.38167307478719,58.38167307478719,58.38167307478719,58.38167307478719
212,20.529699872170056,30.552970678422465,26.12159009934816,58.38167307478719,100.03328943703036,26.12159009934816,46.27706534369489,23.844210237018928,20.529699872170056,46.27706534369489,101.17301138940964,115.71495904409474,100.03328943703036,101.17301138940964,7.636839514970387,115.71495904409474,101.17301138940964,23.844210237018928,23.844210237018928,23.844210237018928,23.844210237018928
213,15.387513335715358,15.62916467405199,109.41687187355112,23.844210237018928,23.844210237018928,109.41687187355112,115.71495904409474,110.54454586320816,7.303284211370131,72.99690185734335,26.12159009934816,58.38167307478719,23.844210237018928,26.12159009934816,51.41951009755359,58.38167307478719,26.12159009934816,110.54454586320816,110.54454586320816,110.54454586320816,110.54454586320816
214,16.863005510575263,7.636839514970387,67.23101304436324,110.54454586320816,63.683352299039406,67.23101304436324,68.39298174011184,112.81016237985628,23.48102650802713,58.38167307478719,46.27706534369489,112.81016237985628,63.683352299039406,46.27706534369489,15.81390165741783,112.81016237985628,46.27706534369489,112.81016237985628,112.81016237985628,112.81016237985628,112.81016237985628
215,23.48102650802713,48.65620405711926,121.4326763543363,112.81016237985628,79.19007240157681,121.4326763543363,95.59863150364112,100.0940731321347,13.778669486766512,23.844210237018928,56.10237318548423,100.0940731321347,79.19007240157681,56.10237318548423,61.623386823386,100.0940731321347,56.10237318548423,100.0940731321347,100.0940731321347,100.0940731321347,100.0940731321347
216,7.055583487765243,47.74289166997524,55.68205594980975,100.0940731321347,18.48749937972313,55.68205594980975,63.683352299039406,71.47263380432861,30.96310401483121,110.54454586320816,142.7383984808128,71.47263380432861,18.48749937972313,142.7383984808128,53.33357773040799,71.47263380432861,142.7383984808128,71.47263380432861,71.47263380432861,71.47263380432861,71.47263380432861
217,0.5637143564423058,35.21104254889525,82.40459861940015,71.47263380432861,76.93115013831279,82.40459861940015,89.6327319352618,89.67833968250717,14.135742940017568,63.683352299039406,110.68582720585788,116.85367187584713,76.93115013831279,110.68582720585788,44.39379117092759,116.85367187584713,110.68582720585788,89.67833968250717,89.67833968250717,89.67833968250717,89.67833968250717
218,4.159399084249441,65.84387390034023,70.31211185334618,89.67833968250717,26.12159009934816,70.31211185334618,18.48749937972313,26.12159009934816,6.6638126733491685,18.48749937972313,46.23684696070036,26.12159009934816,26.12159009934816,46.23684696070036,71.32873412583075,26.12159009934816,46.23684696070036,26.12159009934816,26.12159009934816,26.12159009934816,26.12159009934816
219,7.636839514970387,41.43624256216621,121.13300427942588,26.12159009934816,98.90252628970322,121.13300427942588,67.58963537258633,9.622699368355027,19.475475519715715,71.47263380432861,63.157188483353714,15.640142575301091,98.90252628970322,63.157188483353714,44.21196994661145,15.640142575301091,63.157188483353714,9.622699368355027,9.622699368355027,9.622699368355027,9.622699368355027
220,6.6638126733491685,40.72926376580647,7.636839514970387,15.640142575301091,37.205843634878526,7.636839514970387,26.12159009934816,55.68205594980975,16.58709423727748,89.67833968250717,57.3509611117281,46.27706534369489,37.205843634878526,57.3509611117281,64.34073019663082,46.27706534369489,57.3509611117281,55.68205594980975,55.68205594980975,55.68205594980975,55.68205594980975
221,2.4738065354669185,54.59586883945621,58.1267629786228,55.68205594980975,55.68205594980975,58.1267629786228,72.89500875256283,38.733146854800914,18.48749937972313,26.12159009934816,76.13656313489018,18.48749937972313,55.68205594980975,76.13656313489018,7.636839514970387,18.48749937972313,76.13656313489018,38.733146854800914,38.733146854800914,38.733146854800914,38.733146854800914
222,0.0,71.47263380432861,39.01284110122778,121.71198718972482,54.4056869621665,39.01284110122778,98.90252628970322,111.81067498341392,7.636839514970387,15.640142575301091,26.12159009934816,121.71198718972482,54.4056869621665,26.12159009934816,62.235323945379896,121.71198718972482,26.12159009934816,111.81067498341392,111.81067498341392,111.81067498341392,111.81067498341392
223,14.135742940017568,26.12159009934816,109.65834253212982,65.72287772953852,67.89059061802394,109.65834253212982,15.640142575301091,63.76997302407794,16.309933146173606,55.68205594980975,109.41687187355112,65.72287772953852,67.89059061802394,109.41687187355112,23.844210237018928,65.72287772953852,109.41687187355112,63.76997302407794,63.76997302407794,63.76997302407794,63.76997302407794
224,23.48102650802713,46.27706534369489,55.68205594980975,61.623386823386,121.13300427942588,55.68205594980975,55.68205594980975,115.39482310094172,18.297539942569266,121.71198718972482,15.640142575301091,61.623386823386,121.13300427942588,15.640142575301091,50.77899556430128,61.623386823386,15.640142575301091,115.39482310094172,115.39482310094172,115.39482310094172,115.39482310094172
225,3.019826188625797,62.14431545641469,76.54815722677341,32.38296954010639,88.45504247211616,76.54815722677341,54.4056869621665,33.57111191606526,13.122125031663854,65.72287772953852,55.68205594980975,32.38296954010639,88.45504247211616,55.68205594980975,39.251213451004375,32.38296954010639,55.68205594980975,33.57111191606526,33.57111191606526,33.57111191606526,33.57111191606526
226,4.684076296780081,23.506400766370884,112.05897530160512,115.39482310094172,55.56193902779135,112.05897530160512,67.89059061802394,71.47263380432861,24.740517465640632,61.623386823386,67.07945491127138,63.68491230270351,55.56193902779135,67.07945491127138,33.76070194606223,63.68491230270351,67.07945491127138,71.47263380432861,71.47263380432861,71.47263380432861,71.47263380432861
227,0.0,32.751219967399415,105.37944237269522,88.20227397411232,7.636839514970387,105.37944237269522,121.13300427942588,35.21104254889525,14.766290915009508,32.38296954010639,61.623386823386,88.20227397411232,7.636839514970387,61.623386823386,61.45161154663359,88.20227397411232,61.623386823386,35.21104254889525,35.21104254889525,35.21104254889525,35.21104254889525
228,0.0,89.9088338008727,69.58600875282224,7.636839514970387,32.34032164710557,69.58600875282224,83.8806384222034,7.636839514970387,17.051458953753407,115.39482310094172,32.38296954010639,7.636839514970387,32.34032164710557,32.38296954010639,15.640142575301091,7.636839514970387,32.38296954010639,7.636839514970387,7.636839514970387,7.636839514970387,7.636839514970387
229,0.0,43.1345734476781,47.32888389967341,32.34032164710557,49.61534806897726,47.32888389967341,7.636839514970387,32.34032164710557,10.228968202597086,88.20227397411232,121.13300427942588,32.34032164710557,49.61534806897726,121.13300427942588,69.34298596890551,32.34032164710557,121.13300427942588,32.34032164710557,32.34032164710557,32.34032164710557,32.34032164710557
230,4.4122950105657575,18.48749937972313,7.636839514970387,23.844210237018928,23.844210237018928,7.636839514970387,71.94909321188271,18.48749937972313,4.684076296780081,7.636839514970387,93.38946498665952,18.48749937972313,23.844210237018928,93.38946498665952,33.57111191606526,18.48749937972313,93.38946498665952,18.48749937972313,18.48749937972313,18.48749937972313,18.48749937972313
231,12.91840164854206,43.23466481897923,62.47424259323312,69.53553104027988,55.72474798826629,62.47424259323312,17.051458953753407,30.552970678422465,9.609022441666976,32.34032164710557,7.636839514970387,23.844210237018928,55.72474798826629,7.636839514970387,18.48749937972313,23.844210237018928,7.636839514970387,30.552970678422465,30.552970678422465,30.552970678422465,30.552970678422465
232,9.614503480772356,28.733661662674606,25.841269620297503,27.22515910338041,12.91840164854206,25.841269620297503,69.8825841049235,27.22515910338041,18.73381619939377,23.844210237018928,23.844210237018928,69.53553104027988,12.91840164854206,23.844210237018928,67.89059061802394,69.53553104027988,23.844210237018928,27.22515910338041,27.22515910338041,27.22515910338041,27.22515910338041
233,7.693774331048773,15.386548204894032,15.640142575301091,48.65620405711926,67.9677700191065,15.640142575301091,158.05132872140382,46.27706534369489,23.506400766370884,69.53553104027988,69.53553104027988,27.22515910338041,67.9677700191065,69.53553104027988,76.66504481000626,27.22515910338041,69.53553104027988,46.27706534369489,46.27706534369489,46.27706534369489,46.27706534369489
234,14.766290915009508,51.04483639634894,55.68205594980975,109.22544968470824,55.68205594980975,55.68205594980975,46.27706534369489,69.42309348118769,15.738809175555858,27.22515910338041,158.05132872140382,39.251213451004375,55.68205594980975,158.05132872140382,7.636839514970387,39.251213451004375,158.05132872140382,69.42309348118769,69.42309348118769,69.42309348118769,69.42309348118769
235,9.609022441666976,7.636839514970387,63.899612890391175,85.07965663403371,94.84448424591626,63.899612890391175,66.34336091799776,63.22415472242065,15.341701342969433,48.65620405711926,39.251213451004375,57.51553888647006,94.84448424591626,39.251213451004375,35.867128062558265,57.51553888647006,39.251213451004375,63.22415472242065,63.22415472242065,63.22415472242065,63.22415472242065
236,20.529699872170056,46.27706534369489,105.04348852864617,98.49643542386048,64.13757244824706,105.04348852864617,66.04985902056067,60.87511109047762,18.491824922127453,109.22544968470824,32.6946266527963,85.07965663403371,64.13757244824706,32.6946266527963,58.36110648581092,85.07965663403371,32.6946266527963,60.87511109047762,60.87511109047762,60.87511109047762,60.87511109047762
237,7.303284211370131,15.62916467405199,93.26013305424152,69.59879748266025,71.47263380432861,93.26013305424152,15.493096159676131,96.42770942882927,18.796005339089724,85.07965663403371,57.25503565808909,98.49643542386048,71.47263380432861,57.25503565808909,79.65510609398838,98.49643542386048,57.25503565808909,96.42770942882927,96.42770942882927,96.42770942882927,96.42770942882927
238,16.58709423727748,72.99690185734335,93.91625940424066,26.12159009934816,56.08980700650153,93.91625940424066,71.95307769086597,69.59879748266025,6.6638126733491685,98.49643542386048,65.1265502058108,69.59879748266025,56.08980700650153,65.1265502058108,62.14431545641469,69.59879748266025,65.1265502058108,69.59879748266025,69.59879748266025,69.59879748266025,69.59879748266025
239,2.960144946582118,58.38167307478719,26.12159009934816,56.72627636413968,7.636839514970387,26.12159009934816,23.506400766370884,26.12159009934816,27.78193696668977,69.59879748266025,71.47263380432861,26.12159009934816,7.636839514970387,71.47263380432861,50.77899556430128,26.12159009934816,71.47263380432861,26.12159009934816,26.12159009934816,26.12159009934816,26.12159009934816
240,9.505558746815316,23.844210237018928,23.506400766370884,31.062824945670524,99.13663737040557,23.506400766370884,7.636839514970387,67.89059061802394,15.386548204894032,26.12159009934816,89.6939936374824,65.75486164488264,99.13663737040557,89.6939936374824,44.21196994661145,65.75486164488264,89.6939936374824,67.89059061802394,67.89059061802394,67.89059061802394,67.89059061802394
241,19.5387106992408,23.506400766370884,39.251213451004375,55.72474798826629,62.47424259323312,39.251213451004375,65.75486164488264,56.72627636413968,7.214723588625733,56.72627636413968,23.506400766370884,31.062824945670524,62.47424259323312,23.506400766370884,54.43941799031994,31.062824945670524,23.506400766370884,56.72627636413968,56.72627636413968,56.72627636413968,56.72627636413968
242,6.145876795489233,63.683352299039406,15.62916467405199,55.68205594980975,25.841269620297503,15.62916467405199,25.841269620297503,31.062824945670524,12.920634810148757,31.062824945670524,26.12159009934816,55.72474798826629,25.841269620297503,26.12159009934816,12.568579977111256,55.72474798826629,26.12159009934816,31.062824945670524,31.062824945670524,31.062824945670524,31.062824945670524
243,14.217796772632587,33.57111191606526,107.19293667145996,105.04348852864617,49.44989058904419,107.19293667145996,33.57111191606526,55.72474798826629,7.636839514970387,55.72474798826629,65.75486164488264,55.68205594980975,49.44989058904419,65.75486164488264,33.57111191606526,55.68205594980975,65.75486164488264,55.72474798826629,55.72474798826629,55.72474798826629,55.72474798826629
244,11.103780234469802,18.48749937972313,19.10689337210281,119.66116421470716,15.640142575301091,19.10689337210281,49.44989058904419,55.68205594980975,24.740517465640632,55.68205594980975,33.57111191606526,105.04348852864617,15.640142575301091,33.57111191606526,23.506400766370884,105.04348852864617,33.57111191606526,55.68205594980975,55.68205594980975,55.68205594980975,55.68205594980975
245,0.3875205621218416,71.47263380432861,57.51553888647006,72.10312490072226,55.68205594980975,57.51553888647006,15.640142575301091,105.04348852864617,21.78474162555651,105.04348852864617,15.640142575301091,119.66116421470716,55.68205594980975,15.640142575301091,30.552970678422465,119.66116421470716,15.640142575301091,105.04348852864617,105.04348852864617,105.04348852864617,105.04348852864617
246,23.48102650802713,35.42089162718143,42.83748530006115,75.51197884818963,105.04348852864617,42.83748530006115,46.27706534369489,119.66116421470716,18.48749937972313,119.66116421470716,67.96796321780818,62.06811331822829,105.04348852864617,67.96796321780818,15.62916467405199,62.06811331822829,67.96796321780818,119.66116421470716,119.66116421470716,119.66116421470716,119.66116421470716
247,0.0,26.12159009934816,62.14431545641469,26.12159009934816,106.23913840960572,62.14431545641469,53.33357773040799,79.49567638536696,14.766290915009508,72.10312490072226,104.67187827811684,68.37549216998056,106.23913840960572,104.67187827811684,7.636839514970387,68.37549216998056,104.67187827811684,79.49567638536696,79.49567638536696,79.49567638536696,79.49567638536696
248,7.636839514970387,15.640142575301091,57.45263797523511,86.72206272990564,7.636839514970387,57.45263797523511,18.48749937972313,26.12159009934816,23.48102650802713,75.51197884818963,112.67355296403063,26.12159009934816,7.636839514970387,112.67355296403063,39.251213451004375,26.12159009934816,112.67355296403063,26.12159009934816,26.12159009934816,26.12159009934816,26.12159009934816
249,6.695988109199242,46.27706534369489,66.67162795479634,48.65620405711926,68.30636578233567,66.67162795479634,93.26013305424152,86.72206272990564,4.684076296780081,26.12159009934816,62.06811331822829,95.59863150364112,68.30636578233567,62.06811331822829,4.684076296780081,95.59863150364112,62.06811331822829,86.72206272990564,86.72206272990564,86.72206272990564,86.72206272990564
250,3.019826188625797,18.48749937972313,26.12159009934816,67.55432657351943,55.68205594980975,26.12159009934816,61.00946531594111,48.65620405711926,3.1142432624567684,86.72206272990564,39.65881134891491,66.97060124332872,55.68205594980975,39.65881134891491,18.48749937972313,66.97060124332872,39.65881134891491,48.65620405711926,48.65620405711926,48.65620405711926,48.65620405711926
251,0.0,121.71198718972482,65.75486164488264,107.19293667145996,58.1267629786228,65.75486164488264,7.636839514970387,67.55432657351943,9.622699368355027,48.65620405711926,26.12159009934816,48.65620405711926,58.1267629786228,26.12159009934816,35.21104254889525,48.65620405711926,26.12159009934816,67.55432657351943,67.55432657351943,67.55432657351943,67.55432657351943
252,14.766290915009508,65.72287772953852,46.27706534369489,109.22544968470824,70.52190211919174,46.27706534369489,23.506400766370884,107.19293667145996,13.487612142348269,67.55432657351943,23.506400766370884,69.4362098908199,70.52190211919174,23.506400766370884,65.84387390034023,69.4362098908199,23.506400766370884,107.19293667145996,107.19293667145996,107.19293667145996,107.19293667145996
253,4.159399084249441,61.623386823386,18.48749937972313,42.83748530006115,78.57796741245116,18.48749937972313,46.27706534369489,109.22544968470824,7.303284211370131,107.19293667145996,48.65620405711926,109.22544968470824,78.57796741245116,48.65620405711926,41.43624256216621,109.22544968470824,48.65620405711926,109.22544968470824,109.22544968470824,109.22544968470824,109.22544968470824
254,0.0,32.38296954010639,55.72474798826629,55.67706387852628,125.254801775219,55.72474798826629,25.841269620297503,42.83748530006115,20.529699872170056,109.22544968470824,15.62916467405199,56.27063389328144,125.254801775219,15.62916467405199,40.72926376580647,56.27063389328144,15.62916467405199,42.83748530006115,42.83748530006115,42.83748530006115,42.83748530006115
255,2.4738065354669185,63.68491230270351,119.66116421470716,57.45263797523511,88.8362168483484,119.66116421470716,63.899612890391175,55.67706387852628,12.91840164854206,42.83748530006115,107.19293667145996,66.87777792992233,88.8362168483484,107.19293667145996,54.59586883945621,66.87777792992233,107.19293667145996,55.67706387852628,55.67706387852628,55.67706387852628,55.67706387852628
256,9.614503480772356,88.20227397411232,53.33357773040799,7.636839514970387,86.66572136863594,53.33357773040799,15.62916467405199,57.45263797523511,10.10773827919754,55.67706387852628,109.22544968470824,63.76752957826006,86.66572136863594,109.22544968470824,71.47263380432861,63.76752957826006,109.22544968470824,57.45263797523511,57.45263797523511,57.45263797523511,57.45263797523511
257,4.684076296780081,7.636839514970387,66.34336091799776,56.84913015181118,26.12159009934816,66.34336091799776,55.10105402313767,26.12159009934816,26.376490684691426,57.45263797523511,42.83748530006115,26.12159009934816,26.12159009934816,42.83748530006115,7.636839514970387,26.12159009934816,42.83748530006115,26.12159009934816,26.12159009934816,26.12159009934816,26.12159009934816
258,19.5387106992408,32.34032164710557,31.062824945670524,35.867128062558265,64.74178973580894,31.062824945670524,19.10689337210281,74.75309840113363,28.914310157557708,7.636839514970387,62.14431545641469,55.713204455065984,64.74178973580894,62.14431545641469,46.27706534369489,55.713204455065984,62.14431545641469,74.75309840113363,74.75309840113363,74.75309840113363,74.75309840113363
259,7.693774331048773,18.48749937972313,63.52974194330727,74.30033270283853,35.867128062558265,63.52974194330727,42.83748530006115,35.867128062558265,26.014843621319677,56.84913015181118,57.45263797523511,35.867128062558265,35.867128062558265,57.45263797523511,62.14431545641469,35.867128062558265,57.45263797523511,35.867128062558265,35.867128062558265,35.867128062558265,35.867128062558265
260,12.91840164854206,23.844210237018928,7.636839514970387,18.48749937972313,127.51232625671732,7.636839514970387,40.30364586819421,74.30033270283853,16.309933146173606,35.867128062558265,66.67162795479634,74.30033270283853,127.51232625671732,66.67162795479634,17.051458953753407,74.30033270283853,66.67162795479634,74.30033270283853,74.30033270283853,74.30033270283853,74.30033270283853
261,0.0,24.004770138738305,32.38296954010639,142.7383984808128,55.72474798826629,32.38296954010639,63.683352299039406,18.48749937972313,7.636839514970387,74.30033270283853,26.12159009934816,18.48749937972313,55.72474798826629,26.12159009934816,23.506400766370884,18.48749937972313,26.12159009934816,18.48749937972313,18.48749937972313,18.48749937972313,18.48749937972313
262,6.6638126733491685,27.22515910338041,35.867128062558265,85.35199291215815,119.66116421470716,35.867128062558265,79.7225369039541,67.58963537258633,30.814063613705617,18.48749937972313,64.74178973580894,74.95994922590914,119.66116421470716,64.74178973580894,32.751219967399415,74.95994922590914,64.74178973580894,67.58963537258633,67.58963537258633,67.58963537258633,67.58963537258633
263,21.78474162555651,39.251213451004375,23.844210237018928,53.285999338275374,66.34336091799776,23.844210237018928,26.12159009934816,142.7383984808128,4.684076296780081,142.7383984808128,35.867128062558265,15.640142575301091,66.34336091799776,35.867128062558265,60.88889161609295,15.640142575301091,35.867128062558265,142.7383984808128,142.7383984808128,142.7383984808128,142.7383984808128
264,4.4122950105657575,57.51553888647006,15.640142575301091,55.78417439763273,31.062824945670524,15.640142575301091,64.74178973580894,119.66116421470716,18.48749937972313,85.35199291215815,74.30033270283853,119.66116421470716,31.062824945670524,74.30033270283853,43.1345734476781,119.66116421470716,74.30033270283853,119.66116421470716,119.66116421470716,119.66116421470716,119.66116421470716
265,7.214723588625733,63.22415472242065,131.18730968519054,62.1254738364999,63.52974194330727,131.18730968519054,35.867128062558265,70.35597468210548,9.609022441666976,53.285999338275374,18.48749937972313,72.10312490072226,63.52974194330727,18.48749937972313,18.48749937972313,72.10312490072226,18.48749937972313,70.35597468210548,70.35597468210548,70.35597468210548,70.35597468210548
266,14.135742940017568,60.87511109047762,95.41332038804656,7.636839514970387,7.636839514970387,95.41332038804656,74.30033270283853,26.12159009934816,12.91840164854206,55.78417439763273,55.72474798826629,75.19031376525606,7.636839514970387,55.72474798826629,43.23466481897923,75.19031376525606,55.72474798826629,26.12159009934816,26.12159009934816,26.12159009934816,26.12159009934816
267,7.303284211370131,62.56649433284354,69.92785200997189,65.75486164488264,32.38296954010639,69.92785200997189,18.48749937972313,65.75486164488264,12.920634810148757,62.1254738364999,119.66116421470716,7.636839514970387,32.38296954010639,119.66116421470716,28.733661662674606,7.636839514970387,119.66116421470716,65.75486164488264,65.75486164488264,65.75486164488264,65.75486164488264
268,20.529699872170056,69.59879748266025,61.00567479485637,47.32888389967341,35.867128062558265,61.00567479485637,120.55800436146431,23.506400766370884,14.766290915009508,7.636839514970387,66.34336091799776,65.75486164488264,35.867128062558265,66.34336091799776,15.386548204894032,65.75486164488264,66.34336091799776,23.506400766370884,23.506400766370884,23.506400766370884,23.506400766370884
269,11.103780234469802,26.12159009934816,69.09261779666252,55.68205594980975,23.844210237018928,69.09261779666252,110.06977323503214,55.68205594980975,23.506400766370884,65.75486164488264,31.062824945670524,47.32888389967341,23.844210237018928,31.062824945670524,51.04483639634894,47.32888389967341,31.062824945670524,55.68205594980975,55.68205594980975,55.68205594980975,55.68205594980975
270,0.3875205621218416,67.89059061802394,26.12159009934816,23.844210237018928,15.640142575301091,26.12159009934816,36.16302183483372,15.640142575301091,23.48102650802713,47.32888389967341,63.52974194330727,55.68205594980975,15.640142575301091,63.52974194330727,7.636839514970387,55.68205594980975,63.52974194330727,15.640142575301091,15.640142575301091,15.640142575301091,15.640142575301091
271,13.778669486766512,56.72627636413968,86.72206272990564,15.640142575301091,131.18730968519054,86.72206272990564,66.34336091799776,71.47263380432861,7.852483660430585,55.68205594980975,7.636839514970387,23.844210237018928,131.18730968519054,7.636839514970387,72.99690185734335,23.844210237018928,7.636839514970387,71.47263380432861,71.47263380432861,71.47263380432861,71.47263380432861
272,16.309933146173606,31.062824945670524,26.991188962058967,71.47263380432861,95.41332038804656,26.991188962058967,40.45735309756712,105.04348852864617,24.740517465640632,23.844210237018928,32.38296954010639,15.640142575301091,95.41332038804656,32.38296954010639,58.38167307478719,15.640142575301091,32.38296954010639,105.04348852864617,105.04348852864617,105.04348852864617,105.04348852864617
273,21.78474162555651,55.72474798826629,97.91808453487693,105.04348852864617,69.92785200997189,97.91808453487693,7.636839514970387,119.66116421470716,17.021969500118047,15.640142575301091,35.867128062558265,71.47263380432861,69.92785200997189,35.867128062558265,23.844210237018928,71.47263380432861,35.867128062558265,119.66116421470716,119.66116421470716,119.66116421470716,119.66116421470716
274,0.3875205621218416,46.27706534369489,48.65620405711926,76.94310702795576,61.00567479485637,48.65620405711926,35.867128062558265,33.57111191606526,22.212197636404,71.47263380432861,23.844210237018928,105.04348852864617,61.00567479485637,23.844210237018928,23.506400766370884,105.04348852864617,23.844210237018928,33.57111191606526,33.57111191606526,33.57111191606526,33.57111191606526
275,7.636839514970387,53.33357773040799,98.87411511241272,89.67833968250717,69.09261779666252,98.87411511241272,23.844210237018928,35.42089162718143,25.75988621150465,105.04348852864617,15.640142575301091,76.94310702795576,69.09261779666252,15.640142575301091,56.23054113121483,76.94310702795576,15.640142575301091,35.42089162718143,35.42089162718143,35.42089162718143,35.42089162718143
276,0.0,18.48749937972313,78.58110907571628,7.636839514970387,26.12159009934816,78.58110907571628,37.205843634878526,7.636839514970387,10.10773827919754,76.94310702795576,131.18730968519054,89.67833968250717,26.12159009934816,131.18730968519054,51.64031985237029,89.67833968250717,131.18730968519054,7.636839514970387,7.636839514970387,7.636839514970387,7.636839514970387
277,4.684076296780081,119.66116421470716,68.32560338224525,99.6633867744499,99.6633867744499,68.32560338224525,131.18730968519054,127.51232625671732,28.914310157557708,89.67833968250717,95.41332038804656,7.636839514970387,99.6633867744499,95.41332038804656,33.57111191606526,7.636839514970387,95.41332038804656,127.51232625671732,127.51232625671732,127.51232625671732,127.51232625671732
278,4.4122950105657575,79.49567638536696,70.1284056617005,25.841269620297503,119.66116421470716,70.1284056617005,60.9731162495838,99.6633867744499,15.62916467405199,7.636839514970387,69.92785200997189,99.6633867744499,119.66116421470716,69.92785200997189,18.48749937972313,99.6633867744499,69.92785200997189,99.6633867744499,99.6633867744499,99.6633867744499,99.6633867744499
279,0.0,26.12159009934816,104.67187827811684,89.3139278836291,76.66504481000626,104.67187827811684,69.09261779666252,25.841269620297503,16.309933146173606,99.6633867744499,61.00567479485637,0.0,76.66504481000626,61.00567479485637,71.47263380432861,0.0,61.00567479485637,25.841269620297503,25.841269620297503,25.841269620297503,25.841269620297503
280,10.295370231090036,32.38296954010639,119.30546897003627,76.66504481000626,46.27706534369489,119.30546897003627,88.45504247211616,93.26013305424152,23.48102650802713,25.841269620297503,69.09261779666252,57.04319771931844,46.27706534369489,69.09261779666252,15.386548204894032,57.04319771931844,69.09261779666252,93.26013305424152,93.26013305424152,93.26013305424152,93.26013305424152
281,6.325499006824784,66.97060124332872,7.636839514970387,63.683352299039406,53.33357773040799,7.636839514970387,67.89059061802394,76.66504481000626,7.636839514970387,89.3139278836291,26.12159009934816,76.66504481000626,53.33357773040799,26.12159009934816,35.42089162718143,76.66504481000626,26.12159009934816,76.66504481000626,76.66504481000626,76.66504481000626,76.66504481000626
282,0.0,39.251213451004375,10.923575426870173,46.27706534369489,75.76617031020726,10.923575426870173,48.33942151240228,35.867128062558265,14.766290915009508,76.66504481000626,86.72206272990564,55.68205594980975,75.76617031020726,86.72206272990564,7.636839514970387,55.68205594980975,86.72206272990564,35.867128062558265,35.867128062558265,35.867128062558265,35.867128062558265
283,0.0,15.62916467405199,82.93450113264343,68.39298174011184,18.48749937972313,82.93450113264343,26.12159009934816,74.75309840113363,12.920634810148757,63.683352299039406,26.991188962058967,105.04348852864617,18.48749937972313,26.991188962058967,9.622699368355027,105.04348852864617,26.991188962058967,74.75309840113363,74.75309840113363,74.75309840113363,74.75309840113363
284,3.019826188625797,69.4362098908199,0.0,18.48749937972313,67.58963537258633,0.0,33.57111191606526,67.58963537258633,12.568579977111256,46.27706534369489,97.91808453487693,26.91202000829497,67.58963537258633,97.91808453487693,46.27706534369489,26.91202000829497,97.91808453487693,67.58963537258633,67.58963537258633,67.58963537258633,67.58963537258633
285,4.159399084249441,57.51553888647006,61.623386823386,67.58963537258633,60.31167784207651,61.623386823386,119.66116421470716,32.38296954010639,16.58709423727748,68.39298174011184,39.251213451004375,75.76617031020726,60.31167784207651,39.251213451004375,38.733146854800914,75.76617031020726,39.251213451004375,32.38296954010639,32.38296954010639,32.38296954010639,32.38296954010639
286,14.766290915009508,18.48749937972313,95.03261543370708,128.9887716979433,23.506400766370884,95.03261543370708,76.66504481000626,26.12159009934816,10.2059905448889,18.48749937972313,47.16420431417454,67.58963537258633,23.506400766370884,47.16420431417454,18.48749937972313,67.58963537258633,47.16420431417454,26.12159009934816,26.12159009934816,26.12159009934816,26.12159009934816
287,7.214723588625733,56.27063389328144,56.72627636413968,32.38296954010639,26.12159009934816,56.72627636413968,55.68205594980975,109.82496944361608,9.609022441666976,67.58963537258633,78.58110907571628,104.67187827811684,26.12159009934816,78.58110907571628,49.19270848802522,104.67187827811684,78.58110907571628,109.82496944361608,109.82496944361608,109.82496944361608,109.82496944361608
288,2.4738065354669185,66.87777792992233,67.41447288353484,7.636839514970387,110.06977323503214,67.41447288353484,105.04348852864617,59.171736336413,12.91840164854206,128.9887716979433,18.48749937972313,32.38296954010639,110.06977323503214,18.48749937972313,63.76997302407794,32.38296954010639,18.48749937972313,59.171736336413,59.171736336413,59.171736336413,59.171736336413
289,20.529699872170056,63.76752957826006,23.506400766370884,87.37014345376285,15.640142575301091,23.506400766370884,65.75486164488264,15.640142575301091,9.622699368355027,32.38296954010639,68.32560338224525,7.636839514970387,15.640142575301091,68.32560338224525,41.651408760998834,7.636839514970387,68.32560338224525,15.640142575301091,15.640142575301091,15.640142575301091,15.640142575301091
290,6.145876795489233,7.636839514970387,26.12159009934816,25.841269620297503,46.27706534369489,26.12159009934816,71.47263380432861,128.63129511373145,7.303284211370131,7.636839514970387,70.1284056617005,86.27252180356501,46.27706534369489,70.1284056617005,63.68491230270351,86.27252180356501,70.1284056617005,128.63129511373145,128.63129511373145,128.63129511373145,128.63129511373145
291,7.303284211370131,41.88407597201197,15.640142575301091,59.171736336413,15.493096159676131,15.640142575301091,35.21104254889525,64.53818566489188,3.1142432624567684,87.37014345376285,105.04348852864617,25.841269620297503,15.493096159676131,105.04348852864617,33.57111191606526,25.841269620297503,105.04348852864617,64.53818566489188,64.53818566489188,64.53818566489188,64.53818566489188
292,18.73381619939377,35.867128062558265,28.84127616986776,15.640142575301091,47.681551366452695,28.84127616986776,26.12159009934816,66.97060124332872,13.487612142348269,25.841269620297503,56.08980700650153,15.640142575301091,47.681551366452695,56.08980700650153,71.47263380432861,15.640142575301091,56.08980700650153,66.97060124332872,66.97060124332872,66.97060124332872,66.97060124332872
293,6.640500162492548,62.628066559720885,98.02803920274675,81.88684249439423,48.75119114999219,98.02803920274675,15.640142575301091,89.90301599811686,24.740517465640632,59.171736336413,7.636839514970387,89.6327319352618,48.75119114999219,7.636839514970387,35.21104254889525,89.6327319352618,7.636839514970387,89.90301599811686,89.90301599811686,89.90301599811686,89.90301599811686
294,18.86868573424546,18.48749937972313,48.82742518902169,66.97060124332872,62.47424259323312,48.82742518902169,61.71762186727048,26.12159009934816,17.021969500118047,15.640142575301091,15.62916467405199,88.02173949776571,62.47424259323312,15.62916467405199,7.636839514970387,88.02173949776571,15.62916467405199,26.12159009934816,26.12159009934816,26.12159009934816,26.12159009934816
295,11.78638552689354,59.64701898531816,103.80280579287772,67.41447288353484,53.47395524732382,103.80280579287772,111.62500079450766,37.205843634878526,22.212197636404,81.88684249439423,106.23913840960572,64.43927754882242,53.47395524732382,106.23913840960572,32.34032164710557,64.43927754882242,106.23913840960572,37.205843634878526,37.205843634878526,37.205843634878526,37.205843634878526
296,6.6638126733491685,15.640142575301091,57.74920284709328,26.12159009934816,104.77880448407744,57.74920284709328,28.84127616986776,132.76526932572568,10.10773827919754,66.97060124332872,25.841269620297503,67.41447288353484,104.77880448407744,25.841269620297503,18.48749937972313,67.41447288353484,25.841269620297503,132.76526932572568,132.76526932572568,132.76526932572568,132.76526932572568
297,16.863005510575263,85.35199291215815,86.0312511501103,67.23101304436324,7.636839514970387,86.0312511501103,74.95994922590914,87.95004065778122,25.75988621150465,67.41447288353484,61.623386823386,26.12159009934816,7.636839514970387,61.623386823386,17.051458953753407,26.12159009934816,61.623386823386,87.95004065778122,87.95004065778122,87.95004065778122,87.95004065778122
298,2.531591649934698,61.90519701928101,72.33977281095444,139.86530835478075,35.867128062558265,72.33977281095444,67.55432657351943,110.34016335040276,28.914310157557708,47.32888389967341,55.68205594980975,37.205843634878526,35.867128062558265,55.68205594980975,69.8825841049235,37.205843634878526,55.68205594980975,110.34016335040276,110.34016335040276,110.34016335040276,110.34016335040276
299,13.240559959204854,73.37056861978802,26.12159009934816,48.42531612999342,23.844210237018928,26.12159009934816,119.51504354207292,117.39686333228552,30.821554544678747,26.12159009934816,95.03261543370708,132.76526932572568,23.844210237018928,95.03261543370708,14.525500708419337,132.76526932572568,95.03261543370708,117.39686333228552,117.39686333228552,117.39686333228552,117.39686333228552
300,16.58709423727748,62.1254738364999,48.65620405711926,121.82294201676557,89.89819181574978,48.65620405711926,95.37465094961138,44.33186157590183,7.636839514970387,15.640142575301091,56.72627636413968,69.39153409784616,89.89819181574978,56.72627636413968,46.27706534369489,69.39153409784616,56.72627636413968,44.33186157590183,44.33186157590183,44.33186157590183,44.33186157590183
301,6.145876795489233,26.12159009934816,65.75486164488264,44.33186157590183,84.60328304965877,65.75486164488264,47.32888389967341,45.62873767767872,7.214723588625733,35.867128062558265,23.506400766370884,98.80027145547768,84.60328304965877,23.506400766370884,69.42309348118769,98.80027145547768,23.506400766370884,45.62873767767872,45.62873767767872,45.62873767767872,45.62873767767872
302,4.4122950105657575,65.75486164488264,86.72206272990564,45.62873767767872,100.51380131893016,86.72206272990564,7.636839514970387,62.02778242427615,12.920634810148757,74.30033270283853,26.12159009934816,117.39686333228552,100.51380131893016,26.12159009934816,51.492172117730085,117.39686333228552,26.12159009934816,62.02778242427615,62.02778242427615,62.02778242427615,62.02778242427615
303,7.636839514970387,23.506400766370884,61.7231444946146,85.99476000724154,93.75628371659472,61.7231444946146,15.640142575301091,76.66504481000626,16.58709423727748,119.66116421470716,15.640142575301091,44.33186157590183,93.75628371659472,15.640142575301091,32.751219967399415,44.33186157590183,15.640142575301091,76.66504481000626,76.66504481000626,76.66504481000626,76.66504481000626
304,18.297539942569266,46.27706534369489,53.5988712568308,81.08140818477935,77.92268802913695,53.5988712568308,35.867128062558265,26.12159009934816,15.386548204894032,18.48749937972313,28.84127616986776,71.47263380432861,77.92268802913695,28.84127616986776,54.4056869621665,71.47263380432861,28.84127616986776,26.12159009934816,26.12159009934816,26.12159009934816,26.12159009934816
305,13.122125031663854,15.640142575301091,98.87411511241272,88.0552532623194,158.21431221604635,98.87411511241272,23.844210237018928,46.33675924068829,12.91840164854206,64.74178973580894,98.02803920274675,50.79430963751349,158.21431221604635,98.02803920274675,72.10312490072226,50.79430963751349,98.02803920274675,46.33675924068829,46.33675924068829,46.33675924068829,46.33675924068829
306,15.387513335715358,71.47263380432861,41.43624256216621,7.636839514970387,81.72774057679156,41.43624256216621,74.30033270283853,42.83748530006115,14.766290915009508,71.47263380432861,48.82742518902169,7.636839514970387,81.72774057679156,48.82742518902169,7.636839514970387,7.636839514970387,48.82742518902169,42.83748530006115,42.83748530006115,42.83748530006115,42.83748530006115
307,14.766290915009508,53.33357773040799,119.64113210237105,23.844210237018928,61.20242044822073,119.64113210237105,76.94310702795576,72.82707985545919,23.48102650802713,89.67833968250717,103.80280579287772,23.844210237018928,61.20242044822073,103.80280579287772,67.89059061802394,23.844210237018928,103.80280579287772,72.82707985545919,72.82707985545919,72.82707985545919,72.82707985545919
308,13.00451678171939,18.48749937972313,7.636839514970387,53.36261113337879,67.96796321780818,7.636839514970387,18.48749937972313,69.93385461359168,6.6638126733491685,88.0552532623194,57.74920284709328,94.68854752847196,67.96796321780818,57.74920284709328,56.72627636413968,94.68854752847196,57.74920284709328,69.93385461359168,69.93385461359168,69.93385461359168,69.93385461359168
309,0.0,119.66116421470716,116.19811865489484,89.61976652930151,120.76139402889658,116.19811865489484,64.74178973580894,120.06165534052204,23.506400766370884,7.636839514970387,86.0312511501103,81.6481973611856,120.76139402889658,86.0312511501103,33.57111191606526,81.6481973611856,86.0312511501103,120.06165534052204,120.06165534052204,120.06165534052204,120.06165534052204
310,0.0,33.57111191606526,15.640142575301091,69.93385461359168,67.76790129653567,15.640142575301091,71.47263380432861,75.89710293380233,4.684076296780081,23.844210237018928,72.33977281095444,83.42769779001344,67.76790129653567,72.33977281095444,31.062824945670524,83.42769779001344,72.33977281095444,75.89710293380233,75.89710293380233,75.89710293380233,75.89710293380233
311,0.0,35.42089162718143,61.02386619459703,103.84488732101444,79.24347823670004,61.02386619459703,89.67833968250717,61.064196460852735,21.78474162555651,53.36261113337879,26.12159009934816,86.72206272990564,79.24347823670004,26.12159009934816,14.525500708419337,86.72206272990564,26.12159009934816,61.064196460852735,61.064196460852735,61.064196460852735,61.064196460852735
312,10.228968202597086,26.12159009934816,23.506400766370884,104.44374652505884,64.98143268834392,23.506400766370884,7.636839514970387,7.636839514970387,20.529699872170056,89.61976652930151,48.65620405711926,88.69169572828424,64.98143268834392,48.65620405711926,46.27706534369489,88.69169572828424,48.65620405711926,7.636839514970387,7.636839514970387,7.636839514970387,7.636839514970387
313,4.684076296780081,99.6633867744499,69.66537069387783,63.18216651231107,26.12159009934816,69.66537069387783,94.05761878336337,109.45413465790875,24.740517465640632,69.93385461359168,65.75486164488264,57.409883644742855,26.12159009934816,65.75486164488264,41.651408760998834,57.409883644742855,65.75486164488264,109.45413465790875,109.45413465790875,109.45413465790875,109.45413465790875
314,9.609022441666976,115.71495904409474,74.2083185952047,7.636839514970387,131.18730968519054,74.2083185952047,30.552970678422465,39.601317508350206,7.303284211370131,103.84488732101444,86.72206272990564,72.90934996663046,131.18730968519054,86.72206272990564,15.493096159676131,72.90934996663046,86.72206272990564,39.601317508350206,39.601317508350206,39.601317508350206,39.601317508350206
315,0.0,76.66504481000626,42.83748530006115,109.45413465790875,102.2192840037389,42.83748530006115,35.867128062558265,36.074999308537386,18.48749937972313,104.44374652505884,49.44989058904419,7.636839514970387,102.2192840037389,49.44989058904419,60.31167784207651,7.636839514970387,49.44989058904419,36.074999308537386,36.074999308537386,36.074999308537386,36.074999308537386
316,0.3875205621218416,63.683352299039406,92.95218343582178,15.640142575301091,15.640142575301091,92.95218343582178,110.54454586320816,86.72206272990564,11.78638552689354,63.18216651231107,98.87411511241272,109.45413465790875,15.640142575301091,98.87411511241272,57.04319771931844,109.45413465790875,98.87411511241272,86.72206272990564,86.72206272990564,86.72206272990564,86.72206272990564
317,18.73381619939377,46.27706534369489,50.83783410734264,60.48511729701438,23.506400766370884,50.83783410734264,98.89175838540996,72.10312490072226,18.796005339089724,7.636839514970387,41.43624256216621,39.601317508350206,23.506400766370884,41.43624256216621,50.77899556430128,39.601317508350206,41.43624256216621,72.10312490072226,72.10312490072226,72.10312490072226,72.10312490072226
318,3.019826188625797,68.39298174011184,26.12159009934816,23.506400766370884,35.867128062558265,26.12159009934816,93.28025970632844,57.31409367246901,20.74919042954226,109.45413465790875,119.64113210237105,15.640142575301091,35.867128062558265,119.64113210237105,7.636839514970387,15.640142575301091,119.64113210237105,57.31409367246901,57.31409367246901,57.31409367246901,57.31409367246901
319,12.810975872230134,18.48749937972313,76.66504481000626,72.10312490072226,62.1254738364999,76.66504481000626,73.14681940542768,42.83748530006115,19.5387106992408,15.640142575301091,65.02721178498403,36.074999308537386,62.1254738364999,65.02721178498403,23.506400766370884,36.074999308537386,65.02721178498403,42.83748530006115,42.83748530006115,42.83748530006115,42.83748530006115
320,2.960144946582118,67.58963537258633,119.66116421470716,77.3333399967003,60.00978771994728,119.66116421470716,75.89710293380233,47.728436915299405,7.636839514970387,60.48511729701438,26.12159009934816,23.506400766370884,60.00978771994728,26.12159009934816,39.251213451004375,23.506400766370884,26.12159009934816,47.728436915299405,47.728436915299405,47.728436915299405,47.728436915299405
321,7.303284211370131,32.38296954010639,55.68205594980975,42.83748530006115,51.733183422064506,55.68205594980975,7.636839514970387,67.96796321780818,18.48749937972313,23.506400766370884,59.49377903590024,72.10312490072226,51.733183422064506,59.49377903590024,67.55432657351943,72.10312490072226,59.49377903590024,67.96796321780818,67.96796321780818,67.96796321780818,67.96796321780818
322,12.854303678485277,26.12159009934816,115.67877226005844,76.6647204207816,47.681551366452695,115.67877226005844,109.45413465790875,26.12159009934816,14.766290915009508,72.10312490072226,105.55428590631716,57.31409367246901,47.681551366452695,105.55428590631716,35.46288408481417,57.31409367246901,105.55428590631716,26.12159009934816,26.12159009934816,26.12159009934816,26.12159009934816
323,2.4738065354669185,109.82496944361608,65.75486164488264,88.21628705071647,68.16777776074922,65.75486164488264,39.601317508350206,18.48749937972313,6.6638126733491685,77.3333399967003,102.2192840037389,42.83748530006115,68.16777776074922,102.2192840037389,15.788021205950685,42.83748530006115,102.2192840037389,18.48749937972313,18.48749937972313,18.48749937972313,18.48749937972313
324,18.796005339089724,19.10689337210281,105.04348852864617,26.12159009934816,26.12159009934816,105.04348852864617,36.074999308537386,37.205843634878526,0.0,42.83748530006115,15.640142575301091,47.728436915299405,26.12159009934816,15.640142575301091,19.10689337210281,47.728436915299405,15.640142575301091,37.205843634878526,37.205843634878526,37.205843634878526,37.205843634878526
325,6.6638126733491685,15.640142575301091,66.34336091799776,76.66504481000626,38.733146854800914,66.34336091799776,86.72206272990564,119.66116421470716,15.640142575301091,76.6647204207816,23.506400766370884,67.96796321780818,38.733146854800914,23.506400766370884,57.51553888647006,67.96796321780818,23.506400766370884,119.66116421470716,119.66116421470716,119.66116421470716,119.66116421470716
326,13.088402014278488,82.5623510266447,7.636839514970387,25.02609869838625,18.48749937972313,7.636839514970387,63.92317829293735,46.27706534369489,21.78474162555651,88.21628705071647,69.66537069387783,26.12159009934816,18.48749937972313,69.66537069387783,42.83748530006115,26.12159009934816,69.66537069387783,46.27706534369489,46.27706534369489,46.27706534369489,46.27706534369489
327,1.1274287128846117,62.34784799744154,30.552970678422465,138.63850434822257,9.622699368355027,30.552970678422465,48.86808173148913,35.21104254889525,4.684076296780081,26.12159009934816,64.27443525852769,76.66504481000626,9.622699368355027,64.27443525852769,40.30364586819421,76.66504481000626,64.27443525852769,35.21104254889525,35.21104254889525,35.21104254889525,35.21104254889525
328,16.58709423727748,62.705744182213785,48.4336345487655,46.27706534369489,119.66116421470716,48.4336345487655,47.681551366452695,65.75486164488264,23.506400766370884,76.66504481000626,42.83748530006115,18.48749937972313,119.66116421470716,42.83748530006115,22.909589403112545,18.48749937972313,42.83748530006115,65.75486164488264,65.75486164488264,65.75486164488264,65.75486164488264
329,3.019826188625797,66.04681020854102,42.83748530006115,63.48030760489464,46.27706534369489,42.83748530006115,64.43927754882242,53.33357773040799,7.214723588625733,25.02609869838625,36.06786509335062,119.66116421470716,46.27706534369489,36.06786509335062,56.09606079350225,119.66116421470716,36.06786509335062,53.33357773040799,53.33357773040799,53.33357773040799,53.33357773040799
330,7.214723588625733,67.41447288353484,103.81557509026676,102.4060825870617,115.67877226005844,103.81557509026676,67.96796321780818,71.47263380432861,19.928059826584818,138.63850434822257,26.12159009934816,46.27706534369489,115.67877226005844,26.12159009934816,15.386548204894032,46.27706534369489,26.12159009934816,71.47263380432861,71.47263380432861,71.47263380432861,71.47263380432861
331,2.4738065354669185,23.506400766370884,86.72206272990564,100.39714388830032,62.47424259323312,86.72206272990564,26.12159009934816,88.45504247211616,12.91840164854206,46.27706534369489,76.66504481000626,46.87161437084405,62.47424259323312,76.66504481000626,7.636839514970387,46.87161437084405,76.66504481000626,88.45504247211616,88.45504247211616,88.45504247211616,88.45504247211616
332,0.0,7.636839514970387,82.47984163188326,48.55078749943973,53.33357773040799,82.47984163188326,76.66504481000626,26.12159009934816,20.529699872170056,63.48030760489464,119.66116421470716,56.72627636413968,53.33357773040799,119.66116421470716,64.74178973580894,56.72627636413968,119.66116421470716,26.12159009934816,26.12159009934816,26.12159009934816,26.12159009934816
333,7.636839514970387,15.640142575301091,81.40241761010579,7.636839514970387,26.12159009934816,81.40241761010579,88.64549595254128,47.74289166997524,24.740517465640632,102.4060825870617,55.68205594980975,53.33357773040799,26.12159009934816,55.68205594980975,35.867128062558265,53.33357773040799,55.68205594980975,47.74289166997524,47.74289166997524,47.74289166997524,47.74289166997524
334,15.387513335715358,35.867128062558265,66.34336091799776,44.21196994661145,47.74289166997524,66.34336091799776,138.4641403749795,110.54454586320816,17.48709492435968,100.39714388830032,115.67877226005844,33.57111191606526,47.74289166997524,115.67877226005844,74.30033270283853,33.57111191606526,115.67877226005844,110.54454586320816,110.54454586320816,110.54454586320816,110.54454586320816
335,0.0,23.844210237018928,36.06786509335062,15.640142575301091,42.83748530006115,36.06786509335062,123.73539371953764,93.91625940424066,19.475475519715715,48.55078749943973,65.75486164488264,72.10312490072226,42.83748530006115,65.75486164488264,18.48749937972313,72.10312490072226,65.75486164488264,93.91625940424066,93.91625940424066,93.91625940424066,93.91625940424066
336,21.78474162555651,66.13256143272316,26.12159009934816,23.506400766370884,86.72206272990564,26.12159009934816,56.3549301095844,69.34298596890551,11.78638552689354,7.636839514970387,105.04348852864617,47.74289166997524,86.72206272990564,105.04348852864617,71.47263380432861,47.74289166997524,105.04348852864617,69.34298596890551,69.34298596890551,69.34298596890551,69.34298596890551
337,6.145876795489233,77.97531613131177,71.47263380432861,39.65881134891491,40.30364586819421,71.47263380432861,57.74920284709328,48.65620405711926,23.48102650802713,44.21196994661145,66.34336091799776,99.12188746972436,40.30364586819421,66.34336091799776,14.525500708419337,99.12188746972436,66.34336091799776,48.65620405711926,48.65620405711926,48.65620405711926,48.65620405711926
338,14.766290915009508,59.5012268169875,107.19293667145996,79.03857636449828,69.34298596890551,107.19293667145996,67.96796321780818,44.688165162895686,21.90382270514933,15.640142575301091,7.636839514970387,15.640142575301091,69.34298596890551,7.636839514970387,47.45180673964343,15.640142575301091,7.636839514970387,44.688165162895686,44.688165162895686,44.688165162895686,44.688165162895686
339,23.48102650802713,18.48749937972313,71.94909321188271,97.454943708045,48.65620405711926,71.94909321188271,26.12159009934816,104.169668733385,16.309933146173606,23.506400766370884,30.552970678422465,47.32888389967341,48.65620405711926,30.552970678422465,41.651408760998834,47.32888389967341,30.552970678422465,104.169668733385,104.169668733385,104.169668733385,104.169668733385
340,4.684076296780081,38.80191466140112,86.72206272990564,71.26390922612282,44.688165162895686,86.72206272990564,110.54454586320816,62.06811331822829,18.48749937972313,39.65881134891491,42.83748530006115,93.91625940424066,44.688165162895686,42.83748530006115,41.43624256216621,93.91625940424066,42.83748530006115,62.06811331822829,62.06811331822829,62.06811331822829,62.06811331822829
341,0.0,70.17648790890817,48.65620405711926,38.94792250899779,94.57827775370995,48.65620405711926,93.91625940424066,26.12159009934816,7.636839514970387,79.03857636449828,66.48234552747743,69.34298596890551,94.57827775370995,66.48234552747743,31.062824945670524,69.34298596890551,66.48234552747743,26.12159009934816,26.12159009934816,26.12159009934816,26.12159009934816
342,0.0,48.18524787631525,98.87411511241272,33.57111191606526,62.06811331822829,98.87411511241272,55.68205594980975,61.66217576991834,7.214723588625733,97.454943708045,15.640142575301091,48.65620405711926,62.06811331822829,15.640142575301091,35.21104254889525,48.65620405711926,15.640142575301091,61.66217576991834,61.66217576991834,61.66217576991834,61.66217576991834
343,0.5637143564423058,76.66504481000626,42.83748530006115,62.06811331822829,26.12159009934816,42.83748530006115,63.899612890391175,62.77868363237514,13.487612142348269,71.26390922612282,23.506400766370884,44.688165162895686,26.12159009934816,23.506400766370884,7.636839514970387,44.688165162895686,23.506400766370884,62.77868363237514,62.77868363237514,62.77868363237514,62.77868363237514
344,13.00451678171939,7.636839514970387,54.74406722345893,26.12159009934816,88.66510076434867,54.74406722345893,105.04348852864617,76.66504481000626,12.91840164854206,38.94792250899779,97.37018463797124,77.76863757291937,88.66510076434867,97.37018463797124,65.75486164488264,77.76863757291937,97.37018463797124,76.66504481000626,76.66504481000626,76.66504481000626,76.66504481000626
345,4.4122950105657575,23.844210237018928,7.636839514970387,120.86790128836218,110.4723953450476,7.636839514970387,62.47424259323312,78.41523735748049,4.684076296780081,33.57111191606526,68.00743560469459,62.06811331822829,110.4723953450476,68.00743560469459,23.506400766370884,62.06811331822829,68.00743560469459,78.41523735748049,78.41523735748049,78.41523735748049,78.41523735748049
346,17.021969500118047,19.10689337210281,61.623386823386,94.3994102648856,72.10312490072226,61.623386823386,119.66116421470716,48.65620405711926,3.1142432624567684,62.06811331822829,61.795960247793424,26.12159009934816,72.10312490072226,61.795960247793424,46.27706534369489,26.12159009934816,61.795960247793424,48.65620405711926,48.65620405711926,48.65620405711926,48.65620405711926
347,4.159399084249441,63.683352299039406,76.66504481000626,87.20594197962723,158.05132872140382,76.66504481000626,26.12159009934816,98.87411511241272,14.766290915009508,26.12159009934816,66.34336091799776,75.51197884818963,158.05132872140382,66.34336091799776,15.640142575301091,75.51197884818963,66.34336091799776,98.87411511241272,98.87411511241272,98.87411511241272,98.87411511241272
348,24.096273283808603,46.27706534369489,81.6481973611856,64.65090168089313,39.251213451004375,81.6481973611856,87.49156848499041,73.42619087590694,9.622699368355027,120.86790128836218,36.06786509335062,55.713204455065984,39.251213451004375,36.06786509335062,43.58587892216657,55.713204455065984,36.06786509335062,73.42619087590694,73.42619087590694,73.42619087590694,73.42619087590694
349,7.303284211370131,83.42769779001344,72.46467904403565,157.5161823209083,60.80827519601556,72.46467904403565,95.59863150364112,66.50932395849529,12.920634810148757,94.3994102648856,26.12159009934816,72.10312490072226,60.80827519601556,26.12159009934816,71.47263380432861,72.10312490072226,26.12159009934816,66.50932395849529,66.50932395849529,66.50932395849529,66.50932395849529
350,12.91840164854206,88.69169572828424,97.77299102406413,48.65620405711926,28.58661517112855,97.77299102406413,39.251213451004375,7.636839514970387,23.794557789246088,87.20594197962723,71.47263380432861,55.72474798826629,28.58661517112855,71.47263380432861,53.33357773040799,55.72474798826629,71.47263380432861,7.636839514970387,7.636839514970387,7.636839514970387,7.636839514970387
351,6.6638126733491685,57.409883644742855,91.35338855561236,98.87411511241272,63.53251998497512,91.35338855561236,100.19867855035923,61.623386823386,20.529699872170056,64.65090168089313,65.75486164488264,119.66116421470716,63.53251998497512,65.75486164488264,18.48749937972313,119.66116421470716,65.75486164488264,61.623386823386,61.623386823386,61.623386823386,61.623386823386
352,13.685713129915136,72.90934996663046,44.21196994661145,7.636839514970387,7.636839514970387,44.21196994661145,108.08267947286308,105.04348852864617,12.974426945130226,157.5161823209083,119.66116421470716,35.867128062558265,7.636839514970387,119.66116421470716,57.04319771931844,35.867128062558265,119.66116421470716,105.04348852864617,105.04348852864617,105.04348852864617,105.04348852864617
353,13.692396515733597,7.636839514970387,55.40549506227969,61.623386823386,79.24347823670004,55.40549506227969,144.5703441209725,55.68205594980975,24.740517465640632,48.65620405711926,47.32888389967341,127.51232625671732,79.24347823670004,47.32888389967341,33.57111191606526,127.51232625671732,47.32888389967341,55.68205594980975,55.68205594980975,55.68205594980975,55.68205594980975
354,0.3875205621218416,109.45413465790875,62.76760173949365,81.6481973611856,77.70509686615647,62.76760173949365,80.28541535842349,72.46467904403565,22.254640950592783,98.87411511241272,55.68205594980975,32.34032164710557,77.70509686615647,55.68205594980975,35.42089162718143,32.34032164710557,55.68205594980975,72.46467904403565,72.46467904403565,72.46467904403565,72.46467904403565
355,16.309933146173606,39.601317508350206,54.49366000681719,72.46467904403565,23.506400766370884,54.49366000681719,7.636839514970387,97.77299102406413,13.778669486766512,7.636839514970387,105.04348852864617,7.636839514970387,23.506400766370884,105.04348852864617,7.636839514970387,7.636839514970387,105.04348852864617,97.77299102406413,97.77299102406413,97.77299102406413,97.77299102406413
356,0.0,15.640142575301091,201.17220888551225,97.77299102406413,111.0357224169239,201.17220888551225,67.89059061802394,44.21196994661145,6.6638126733491685,61.623386823386,15.62916467405199,61.623386823386,111.0357224169239,15.62916467405199,0.0,61.623386823386,15.62916467405199,44.21196994661145,44.21196994661145,44.21196994661145,44.21196994661145
357,7.636839514970387,44.21196994661145,65.31463673216184,91.35338855561236,56.83170515374896,65.31463673216184,55.72474798826629,62.77868363237514,16.309933146173606,81.6481973611856,88.89404347969125,46.27706534369489,56.83170515374896,88.89404347969125,53.09699254870603,46.27706534369489,88.89404347969125,62.77868363237514,62.77868363237514,62.77868363237514,62.77868363237514
358,19.45657986188665,23.506400766370884,115.67877226005844,44.21196994661145,44.21196994661145,115.67877226005844,58.92552050029654,101.17301138940964,23.48102650802713,72.46467904403565,7.636839514970387,72.46467904403565,44.21196994661145,7.636839514970387,76.66504481000626,72.46467904403565,7.636839514970387,101.17301138940964,101.17301138940964,101.17301138940964,101.17301138940964
359,4.684076296780081,72.10312490072226,68.16777776074922,55.40549506227969,65.84906201581491,68.16777776074922,111.0357224169239,7.636839514970387,7.303284211370131,97.77299102406413,61.623386823386,97.77299102406413,65.84906201581491,61.623386823386,26.116584502769488,97.77299102406413,61.623386823386,7.636839514970387,7.636839514970387,7.636839514970387,7.636839514970387
360,2.960144946582118,57.31409367246901,86.99718152703575,101.17301138940964,67.76790129653567,86.99718152703575,56.83170515374896,55.68205594980975,21.78474162555651,91.35338855561236,81.6481973611856,60.34819332617981,67.76790129653567,81.6481973611856,63.683352299039406,60.34819332617981,81.6481973611856,55.68205594980975,55.68205594980975,55.68205594980975,55.68205594980975
361,10.213763986295696,33.57111191606526,103.09971347041918,7.636839514970387,15.386548204894032,103.09971347041918,44.21196994661145,48.956321040407865,7.636839514970387,44.21196994661145,72.46467904403565,44.21196994661145,15.386548204894032,72.46467904403565,46.27706534369489,44.21196994661145,72.46467904403565,48.956321040407865,48.956321040407865,48.956321040407865,48.956321040407865
362,6.145876795489233,46.87161437084405,26.12159009934816,55.68205594980975,7.636839514970387,26.12159009934816,79.36353579076098,23.844210237018928,23.48102650802713,55.40549506227969,95.59863150364112,18.48749937972313,7.636839514970387,95.59863150364112,58.38167307478719,18.48749937972313,95.59863150364112,23.844210237018928,23.844210237018928,23.844210237018928,23.844210237018928
363,0.0,67.96796321780818,65.83671180090879,23.844210237018928,55.68205594980975,65.83671180090879,45.39418639695501,15.640142575301091,12.920634810148757,101.17301138940964,88.20227397411232,55.40549506227969,55.68205594980975,88.20227397411232,18.48749937972313,55.40549506227969,88.20227397411232,15.640142575301091,15.640142575301091,15.640142575301091,15.640142575301091
364,9.609022441666976,26.12159009934816,48.65620405711926,15.640142575301091,23.844210237018928,48.65620405711926,31.062824945670524,76.54821823655432,26.014843621319677,7.636839514970387,91.35338855561236,101.17301138940964,23.844210237018928,91.35338855561236,37.27605787694184,101.17301138940964,91.35338855561236,76.54821823655432,76.54821823655432,76.54821823655432,76.54821823655432
365,4.4122950105657575,38.733146854800914,84.51278012937327,76.54821823655432,67.23101304436324,84.51278012937327,7.636839514970387,33.76070194606223,14.766290915009508,55.68205594980975,44.21196994661145,7.636839514970387,67.23101304436324,44.21196994661145,71.47263380432861,7.636839514970387,44.21196994661145,33.76070194606223,33.76070194606223,33.76070194606223,33.76070194606223
366,0.0,18.48749937972313,76.66504481000626,74.95994922590914,76.54821823655432,76.66504481000626,48.65620405711926,41.627506253319815,4.684076296780081,23.844210237018928,55.40549506227969,55.68205594980975,76.54821823655432,55.40549506227969,31.43858992195704,55.68205594980975,55.40549506227969,41.627506253319815,41.627506253319815,41.627506253319815,41.627506253319815
367,10.228968202597086,98.90252628970322,103.9579685377564,85.18525062930694,56.673412101476046,103.9579685377564,23.844210237018928,83.40966046709845,3.1142432624567684,15.640142575301091,7.636839514970387,23.844210237018928,56.673412101476046,7.636839514970387,32.38296954010639,23.844210237018928,7.636839514970387,83.40966046709845,83.40966046709845,83.40966046709845,83.40966046709845
368,0.0,9.622699368355027,42.83748530006115,83.40966046709845,83.40966046709845,42.83748530006115,76.54821823655432,76.66021630572212,7.214723588625733,76.54821823655432,62.76760173949365,15.640142575301091,83.40966046709845,62.76760173949365,7.636839514970387,15.640142575301091,62.76760173949365,76.66021630572212,76.66021630572212,76.66021630572212,76.66021630572212
369,9.614503480772356,46.27706534369489,79.40277636580336,67.9677700191065,67.9677700191065,79.40277636580336,129.5517398365179,67.9677700191065,28.497079038139624,74.95994922590914,23.844210237018928,76.54821823655432,67.9677700191065,23.844210237018928,44.60322321922886,76.54821823655432,23.844210237018928,67.9677700191065,67.9677700191065,67.9677700191065,67.9677700191065
370,0.0,55.29495011840274,72.49334279334232,79.40277636580336,70.28848381344707,72.49334279334232,54.29109156336454,26.12159009934816,28.914310157557708,85.18525062930694,15.640142575301091,74.95994922590914,70.28848381344707,15.640142575301091,19.10689337210281,74.95994922590914,15.640142575301091,26.12159009934816,26.12159009934816,26.12159009934816,26.12159009934816
371,7.128197594143044,62.9205079311398,93.91625940424066,26.12159009934816,73.13557257116545,93.91625940424066,79.25604722047484,65.83671180090879,21.78474162555651,83.40966046709845,65.31463673216184,85.18525062930694,73.13557257116545,65.31463673216184,59.171736336413,85.18525062930694,65.31463673216184,65.83671180090879,65.83671180090879,65.83671180090879,65.83671180090879
372,3.019826188625797,59.07175890889215,26.12159009934816,46.27706534369489,44.21196994661145,26.12159009934816,66.3005629065763,55.68205594980975,9.622699368355027,67.9677700191065,74.95994922590914,83.40966046709845,44.21196994661145,74.95994922590914,15.640142575301091,83.40966046709845,74.95994922590914,55.68205594980975,55.68205594980975,55.68205594980975,55.68205594980975
373,23.48102650802713,33.57111191606526,110.54454586320816,58.3241908559044,42.01970838986314,110.54454586320816,81.48978253216433,82.53938451619037,13.487612142348269,79.40277636580336,63.52974194330727,67.9677700191065,42.01970838986314,63.52974194330727,44.21196994661145,67.9677700191065,63.52974194330727,82.53938451619037,82.53938451619037,82.53938451619037,82.53938451619037
374,19.556030934237143,72.10312490072226,63.157188483353714,76.66504481000626,7.636839514970387,63.157188483353714,45.16173324618293,76.66504481000626,16.309933146173606,26.12159009934816,68.16777776074922,79.40277636580336,7.636839514970387,68.16777776074922,82.5623510266447,79.40277636580336,68.16777776074922,76.66504481000626,76.66504481000626,76.66504481000626,76.66504481000626
375,7.303284211370131,15.386548204894032,118.5298013914936,59.08535585199724,65.83671180090879,118.5298013914936,76.8567027451497,42.83748530006115,20.529699872170056,46.27706534369489,86.99718152703575,26.12159009934816,65.83671180090879,86.99718152703575,64.53818566489188,26.12159009934816,86.99718152703575,42.83748530006115,42.83748530006115,42.83748530006115,42.83748530006115
376,17.021969500118047,7.636839514970387,87.11042566135063,25.02609869838625,86.72206272990564,87.11042566135063,69.03385180187333,117.6792078280118,12.168520853819318,58.3241908559044,103.09971347041918,65.83671180090879,86.72206272990564,103.09971347041918,66.97060124332872,65.83671180090879,103.09971347041918,117.6792078280118,117.6792078280118,117.6792078280118,117.6792078280118
377,19.33819485367601,47.74289166997524,62.06811331822829,128.02178213242607,55.68205594980975,62.06811331822829,158.21431221604635,79.40277636580336,7.852483660430585,76.66504481000626,26.12159009934816,55.68205594980975,55.68205594980975,26.12159009934816,67.41447288353484,55.68205594980975,26.12159009934816,79.40277636580336,79.40277636580336,79.40277636580336,79.40277636580336
378,6.6638126733491685,25.841269620297503,85.89573739966936,66.34336091799776,82.53938451619037,85.89573739966936,67.71573718803596,57.72337377935027,10.10773827919754,59.08535585199724,65.83671180090879,82.53938451619037,82.53938451619037,65.83671180090879,23.506400766370884,82.53938451619037,65.83671180090879,57.72337377935027,57.72337377935027,57.72337377935027,57.72337377935027
379,2.4738065354669185,23.506400766370884,26.12159009934816,115.67877226005844,76.66021630572212,26.12159009934816,69.66537069387783,26.12159009934816,18.48749937972313,25.02609869838625,55.68205594980975,76.66504481000626,76.66021630572212,55.68205594980975,7.636839514970387,76.66504481000626,55.68205594980975,26.12159009934816,26.12159009934816,26.12159009934816,26.12159009934816
380,19.21947957931243,39.65881134891491,33.57111191606526,58.1267629786228,55.314088565525054,33.57111191606526,75.73536331534288,35.867128062558265,26.376490684691426,128.02178213242607,93.5680959483336,42.83748530006115,55.314088565525054,93.5680959483336,15.640142575301091,42.83748530006115,93.5680959483336,35.867128062558265,35.867128062558265,35.867128062558265,35.867128062558265
381,7.693774331048773,69.34298596890551,120.7168647549734,26.12159009934816,52.50019007597116,120.7168647549734,115.67877226005844,86.72206272990564,13.487612142348269,66.34336091799776,76.66504481000626,117.6792078280118,52.50019007597116,76.66504481000626,35.867128062558265,117.6792078280118,76.66504481000626,86.72206272990564,86.72206272990564,86.72206272990564,86.72206272990564
382,0.3875205621218416,48.65620405711926,9.622699368355027,12.568579977111256,51.423830083580576,9.622699368355027,80.24476741638689,110.06977323503214,7.636839514970387,115.67877226005844,96.53675716614964,79.40277636580336,51.423830083580576,96.53675716614964,23.844210237018928,79.40277636580336,96.53675716614964,110.06977323503214,110.06977323503214,110.06977323503214,110.06977323503214
383,16.309933146173606,44.688165162895686,55.10105402313767,35.867128062558265,26.12159009934816,55.10105402313767,70.81499456295559,127.51232625671732,14.766290915009508,58.1267629786228,42.83748530006115,57.72337377935027,26.12159009934816,42.83748530006115,33.57111191606526,57.72337377935027,42.83748530006115,127.51232625671732,127.51232625671732,127.51232625671732,127.51232625671732
384,3.019826188625797,77.76863757291937,38.733146854800914,110.06977323503214,12.568579977111256,38.733146854800914,26.12159009934816,42.83748530006115,4.684076296780081,26.12159009934816,79.40277636580336,15.62916467405199,12.568579977111256,79.40277636580336,74.30033270283853,15.62916467405199,79.40277636580336,42.83748530006115,42.83748530006115,42.83748530006115,42.83748530006115
385,23.48102650802713,33.57111191606526,46.27706534369489,79.65510609398838,76.66504481000626,46.27706534369489,12.568579977111256,68.16777776074922,16.309933146173606,12.568579977111256,57.72337377935027,26.12159009934816,76.66504481000626,57.72337377935027,76.94310702795576,26.12159009934816,57.72337377935027,68.16777776074922,68.16777776074922,68.16777776074922,68.16777776074922
386,7.636839514970387,62.06811331822829,63.683352299039406,79.0619545311756,35.867128062558265,63.683352299039406,76.66504481000626,61.46117068415941,9.622699368355027,35.867128062558265,93.91625940424066,12.568579977111256,35.867128062558265,93.91625940424066,18.48749937972313,12.568579977111256,93.91625940424066,61.46117068415941,61.46117068415941,61.46117068415941,61.46117068415941
387,14.766290915009508,26.12159009934816,19.10689337210281,68.16777776074922,110.06977323503214,19.10689337210281,28.84127616986776,36.06786509335062,23.48102650802713,110.06977323503214,26.12159009934816,46.51558523072132,110.06977323503214,26.12159009934816,64.74178973580894,46.51558523072132,26.12159009934816,36.06786509335062,36.06786509335062,36.06786509335062,36.06786509335062
388,0.0,18.48749937972313,58.819512676812224,61.46117068415941,62.14431545641469,58.819512676812224,111.62500079450766,62.06811331822829,12.920634810148757,79.65510609398838,110.54454586320816,23.506400766370884,62.14431545641469,110.54454586320816,71.47263380432861,23.506400766370884,110.54454586320816,62.06811331822829,62.06811331822829,62.06811331822829,62.06811331822829
389,16.58709423727748,55.28977315756301,49.44989058904419,36.06786509335062,79.65510609398838,49.44989058904419,62.14431545641469,110.54454586320816,3.1142432624567684,79.0619545311756,108.72734779341825,105.14079707576477,79.65510609398838,108.72734779341825,35.42089162718143,105.14079707576477,108.72734779341825,110.54454586320816,110.54454586320816,110.54454586320816,110.54454586320816
390,2.960144946582118,107.19293667145996,26.12159009934816,53.47395524732382,42.83748530006115,26.12159009934816,67.98283995087073,26.12159009934816,20.529699872170056,68.16777776074922,97.70926393945702,140.421502344103,42.83748530006115,97.70926393945702,7.636839514970387,140.421502344103,97.70926393945702,26.12159009934816,26.12159009934816,26.12159009934816,26.12159009934816
391,0.0,49.35308779404424,70.31211185334618,7.636839514970387,58.36110648581092,70.31211185334618,42.83748530006115,119.66116421470716,7.214723588625733,61.46117068415941,58.38167307478719,68.16777776074922,58.36110648581092,58.38167307478719,19.10689337210281,68.16777776074922,58.38167307478719,119.66116421470716,119.66116421470716,119.66116421470716,119.66116421470716
392,4.684076296780081,66.04681020854102,116.02946035213554,23.844210237018928,26.12159009934816,116.02946035213554,64.55533805281104,65.75486164488264,14.234289771021588,36.06786509335062,62.06811331822829,90.9096351402482,26.12159009934816,62.06811331822829,15.640142575301091,90.9096351402482,62.06811331822829,65.75486164488264,65.75486164488264,65.75486164488264,65.75486164488264
393,6.695988109199242,14.525500708419337,95.59863150364112,93.92446481847804,106.12356806441971,95.59863150364112,81.90631174347327,46.27706534369489,26.014843621319677,53.47395524732382,90.5187187351935,93.16804980585192,106.12356806441971,90.5187187351935,63.683352299039406,93.16804980585192,90.5187187351935,46.27706534369489,46.27706534369489,46.27706534369489,46.27706534369489
394,9.609022441666976,39.251213451004375,66.64069795255644,117.54602289623506,52.000989824789166,66.64069795255644,26.12159009934816,19.10689337210281,7.303284211370131,56.08980700650153,26.12159009934816,53.47395524732382,52.000989824789166,26.12159009934816,43.58587892216657,53.47395524732382,26.12159009934816,19.10689337210281,19.10689337210281,19.10689337210281,19.10689337210281
395,10.228968202597086,58.47157811096535,117.7860111841214,55.68205594980975,70.65471133519648,117.7860111841214,84.0802948469459,53.33357773040799,21.78474162555651,7.636839514970387,33.57111191606526,119.30546897003627,70.65471133519648,33.57111191606526,46.27706534369489,119.30546897003627,33.57111191606526,53.33357773040799,53.33357773040799,53.33357773040799,53.33357773040799
396,0.0,58.68406475714613,77.68284297428902,115.39482310094172,46.27706534369489,77.68284297428902,66.41780890463006,93.91625940424066,12.568579977111256,23.844210237018928,120.7168647549734,7.636839514970387,46.27706534369489,120.7168647549734,58.38167307478719,7.636839514970387,120.7168647549734,93.91625940424066,93.91625940424066,93.91625940424066,93.91625940424066
397,7.303284211370131,32.34032164710557,69.82452055959803,115.74496378920531,63.683352299039406,69.82452055959803,76.66504481000626,76.66504481000626,30.96310401483121,82.07162315202672,9.622699368355027,23.844210237018928,63.683352299039406,9.622699368355027,23.506400766370884,23.844210237018928,9.622699368355027,76.66504481000626,76.66504481000626,76.66504481000626,76.66504481000626
398,0.0,7.636839514970387,7.636839514970387,59.65819440090198,62.14431545641469,7.636839514970387,112.85122994937988,61.02386619459703,10.10773827919754,15.640142575301091,55.10105402313767,82.07162315202672,62.14431545641469,55.10105402313767,42.83748530006115,82.07162315202672,55.10105402313767,61.02386619459703,61.02386619459703,61.02386619459703,61.02386619459703
399,4.4122950105657575,61.623386823386,15.386548204894032,76.66504481000626,19.10689337210281,15.386548204894032,62.14431545641469,7.636839514970387,19.33819485367601,55.68205594980975,38.733146854800914,55.68205594980975,19.10689337210281,38.733146854800914,43.505601569031015,55.68205594980975,38.733146854800914,7.636839514970387,7.636839514970387,7.636839514970387,7.636839514970387
400,15.387513335715358,39.251213451004375,23.844210237018928,44.21196994661145,47.23411636516308,23.844210237018928,42.83748530006115,119.16892902064126,35.33996940893572,115.39482310094172,46.27706534369489,115.39482310094172,47.23411636516308,46.27706534369489,62.06811331822829,115.39482310094172,46.27706534369489,119.16892902064126,119.16892902064126,119.16892902064126,119.16892902064126
401,17.021969500118047,60.57820235601442,23.506400766370884,7.636839514970387,50.77899556430128,23.506400766370884,51.423830083580576,111.0357224169239,23.506400766370884,89.40225465065977,63.683352299039406,89.40225465065977,50.77899556430128,63.683352299039406,40.30364586819421,89.40225465065977,63.683352299039406,111.0357224169239,111.0357224169239,111.0357224169239,111.0357224169239
402,2.4738065354669185,32.38296954010639,79.24347823670004,57.409883644742855,15.640142575301091,79.24347823670004,15.640142575301091,59.69481034756922,17.051458953753407,59.65819440090198,19.10689337210281,59.65819440090198,15.640142575301091,19.10689337210281,7.636839514970387,59.65819440090198,19.10689337210281,59.69481034756922,59.69481034756922,59.69481034756922,59.69481034756922
403,13.00451678171939,88.20227397411232,55.68205594980975,66.18800669064842,26.12159009934816,55.68205594980975,26.12159009934816,58.38167307478719,15.62916467405199,76.66504481000626,58.819512676812224,95.41332038804656,26.12159009934816,58.819512676812224,56.24214110402996,95.41332038804656,58.819512676812224,58.38167307478719,58.38167307478719,58.38167307478719,58.38167307478719
404,6.6638126733491685,44.21196994661145,105.04348852864617,60.16686412660855,33.76070194606223,105.04348852864617,74.95994922590914,42.83748530006115,12.568579977111256,44.21196994661145,49.44989058904419,44.21196994661145,33.76070194606223,49.44989058904419,39.601317508350206,44.21196994661145,49.44989058904419,42.83748530006115,42.83748530006115,42.83748530006115,42.83748530006115
405,25.75988621150465,18.48749937972313,81.77230107936595,111.0357224169239,116.02946035213554,81.77230107936595,46.27706534369489,62.06811331822829,24.740517465640632,7.636839514970387,26.12159009934816,7.636839514970387,116.02946035213554,26.12159009934816,15.640142575301091,7.636839514970387,26.12159009934816,62.06811331822829,62.06811331822829,62.06811331822829,62.06811331822829
406,13.692396515733597,68.28773121361533,92.63790089889666,83.42769779001344,66.64069795255644,92.63790089889666,98.90252628970322,7.636839514970387,7.636839514970387,57.409883644742855,70.31211185334618,81.6481973611856,66.64069795255644,70.31211185334618,36.074999308537386,81.6481973611856,70.31211185334618,7.636839514970387,7.636839514970387,7.636839514970387,7.636839514970387
407,0.5637143564423058,65.84387390034023,67.76790129653567,72.90934996663046,117.7860111841214,67.76790129653567,70.07718006314518,19.10689337210281,14.766290915009508,66.18800669064842,116.02946035213554,50.49321281970752,117.7860111841214,116.02946035213554,23.506400766370884,50.49321281970752,116.02946035213554,19.10689337210281,19.10689337210281,19.10689337210281,19.10689337210281
408,16.46855708347967,15.386548204894032,82.8098008199527,7.636839514970387,78.40277391001808,82.8098008199527,63.899612890391175,15.386548204894032,10.2059905448889,60.16686412660855,95.59863150364112,95.59863150364112,78.40277391001808,95.59863150364112,72.10312490072226,95.59863150364112,95.59863150364112,15.386548204894032,15.386548204894032,15.386548204894032,15.386548204894032
409,0.7750411242436831,7.636839514970387,23.844210237018928,19.10689337210281,78.85310584034093,23.844210237018928,19.10689337210281,23.844210237018928,9.609022441666976,111.0357224169239,66.64069795255644,94.68854752847196,78.85310584034093,66.64069795255644,57.31409367246901,94.68854752847196,66.64069795255644,23.844210237018928,23.844210237018928,23.844210237018928,23.844210237018928
410,19.5387106992408,55.68205594980975,7.636839514970387,15.386548204894032,64.34951523973798,7.636839514970387,77.09011272962962,32.38296954010639,24.096273283808603,83.42769779001344,117.7860111841214,68.39298174011184,64.34951523973798,117.7860111841214,33.88587360924895,68.39298174011184,117.7860111841214,32.38296954010639,32.38296954010639,32.38296954010639,32.38296954010639
411,4.4122950105657575,23.844210237018928,112.85122994937988,23.844210237018928,7.636839514970387,112.85122994937988,55.10105402313767,72.68321931559716,15.738809175555858,72.90934996663046,77.68284297428902,55.6924973257865,7.636839514970387,77.68284297428902,42.83748530006115,55.6924973257865,77.68284297428902,72.68321931559716,72.68321931559716,72.68321931559716,72.68321931559716
412,7.636839514970387,15.640142575301091,32.38296954010639,32.38296954010639,23.844210237018928,32.38296954010639,7.636839514970387,46.27706534369489,12.91840164854206,7.636839514970387,69.82452055959803,7.636839514970387,23.844210237018928,69.82452055959803,47.728436915299405,7.636839514970387,69.82452055959803,46.27706534369489,46.27706534369489,46.27706534369489,46.27706534369489
413,7.214723588625733,76.54821823655432,15.640142575301091,72.68321931559716,110.54454586320816,15.640142575301091,19.10689337210281,63.68491230270351,23.48102650802713,19.10689337210281,7.636839514970387,15.386548204894032,110.54454586320816,7.636839514970387,54.81867603623548,15.386548204894032,7.636839514970387,63.68491230270351,63.68491230270351,63.68491230270351,63.68491230270351
414,0.0,74.95994922590914,68.2650348328134,46.27706534369489,55.68205594980975,68.2650348328134,57.3509611117281,78.9939300029734,17.021969500118047,15.386548204894032,15.386548204894032,23.844210237018928,55.68205594980975,15.386548204894032,7.636839514970387,23.844210237018928,15.386548204894032,78.9939300029734,78.9939300029734,78.9939300029734,78.9939300029734
415,12.91840164854206,83.40966046709845,67.9677700191065,63.68491230270351,105.04348852864617,67.9677700191065,66.3005629065763,84.97055704935082,11.78638552689354,23.844210237018928,23.844210237018928,23.506400766370884,105.04348852864617,23.844210237018928,38.733146854800914,23.506400766370884,23.844210237018928,84.97055704935082,84.97055704935082,84.97055704935082,84.97055704935082
416,0.0,67.9677700191065,95.41332038804656,78.9939300029734,88.89404347969125,95.41332038804656,106.20446150939298,54.72991997454356,19.33819485367601,32.38296954010639,23.506400766370884,60.00945136649232,88.89404347969125,23.506400766370884,18.48749937972313,60.00945136649232,23.506400766370884,54.72991997454356,54.72991997454356,54.72991997454356,54.72991997454356
417,0.0,79.40277636580336,55.6924973257865,84.97055704935082,65.75486164488264,55.6924973257865,23.844210237018928,44.688165162895686,9.505558746815316,72.68321931559716,79.24347823670004,55.68205594980975,65.75486164488264,79.24347823670004,44.21196994661145,55.68205594980975,79.24347823670004,44.688165162895686,44.688165162895686,44.688165162895686,44.688165162895686
418,14.766290915009508,85.11829629359619,7.636839514970387,54.72991997454356,76.94310702795576,7.636839514970387,95.59863150364112,74.95994922590914,6.6638126733491685,46.27706534369489,55.68205594980975,115.39482310094172,76.94310702795576,55.68205594980975,9.622699368355027,115.39482310094172,55.68205594980975,74.95994922590914,74.95994922590914,74.95994922590914,74.95994922590914
419,23.48102650802713,7.636839514970387,71.95307769086597,44.688165162895686,66.34336091799776,71.95307769086597,75.17120444133296,7.636839514970387,19.556030934237143,63.68491230270351,105.04348852864617,31.43858992195704,66.34336091799776,105.04348852864617,54.43941799031994,31.43858992195704,105.04348852864617,7.636839514970387,7.636839514970387,7.636839514970387,7.636839514970387
420,6.6638126733491685,41.651408760998834,17.051458953753407,74.95994922590914,85.57150515518576,17.051458953753407,47.62164779964874,25.841269620297503,16.309933146173606,78.9939300029734,81.77230107936595,69.09261779666252,85.57150515518576,81.77230107936595,46.27706534369489,69.09261779666252,81.77230107936595,25.841269620297503,25.841269620297503,25.841269620297503,25.841269620297503
421,3.019826188625797,54.6031302965163,74.95994922590914,7.636839514970387,26.12159009934816,74.95994922590914,69.22827383398806,47.74289166997524,7.636839514970387,84.97055704935082,92.63790089889666,43.22682214555096,26.12159009934816,92.63790089889666,35.21104254889525,43.22682214555096,92.63790089889666,47.74289166997524,47.74289166997524,47.74289166997524,47.74289166997524
422,0.0,55.68205594980975,15.640142575301091,25.841269620297503,37.205843634878526,15.640142575301091,90.27780057868527,48.65620405711926,10.2059905448889,54.72991997454356,67.76790129653567,63.28975470143602,37.205843634878526,67.76790129653567,65.75486164488264,63.28975470143602,67.76790129653567,48.65620405711926,48.65620405711926,48.65620405711926,48.65620405711926
423,4.684076296780081,58.3241908559044,71.94909321188271,47.74289166997524,114.83533076608904,71.94909321188271,7.636839514970387,69.34298596890551,14.766290915009508,44.688165162895686,23.844210237018928,44.688165162895686,114.83533076608904,23.844210237018928,53.33357773040799,44.688165162895686,23.844210237018928,69.34298596890551,69.34298596890551,69.34298596890551,69.34298596890551
424,0.5637143564423058,76.66504481000626,69.8825841049235,48.65620405711926,81.45657111386666,69.8825841049235,25.841269620297503,15.640142575301091,12.568579977111256,74.95994922590914,110.59368465641516,74.95994922590914,81.45657111386666,110.59368465641516,71.47263380432861,74.95994922590914,110.59368465641516,15.640142575301091,15.640142575301091,15.640142575301091,15.640142575301091
425,4.159399084249441,68.16777776074922,46.27706534369489,69.34298596890551,39.89053324111396,46.27706534369489,65.31463673216184,77.76863757291937,17.051458953753407,7.636839514970387,7.636839514970387,7.636839514970387,39.89053324111396,7.636839514970387,33.57111191606526,7.636839514970387,7.636839514970387,77.76863757291937,77.76863757291937,77.76863757291937,77.76863757291937
426,21.78474162555651,42.83748530006115,66.04985902056067,15.640142575301091,99.9949343670412,66.04985902056067,62.76760173949365,66.34336091799776,23.506400766370884,25.841269620297503,35.867128062558265,25.841269620297503,99.9949343670412,35.867128062558265,7.636839514970387,25.841269620297503,35.867128062558265,66.34336091799776,66.34336091799776,66.34336091799776,66.34336091799776
427,2.4738065354669185,29.22899273712056,15.493096159676131,77.76863757291937,63.71602398935895,15.493096159676131,23.506400766370884,63.52974194330727,15.738809175555858,47.74289166997524,32.38296954010639,47.74289166997524,63.71602398935895,32.38296954010639,10.2059905448889,47.74289166997524,32.38296954010639,63.52974194330727,63.52974194330727,63.52974194330727,63.52974194330727
428,15.387513335715358,47.79767136168149,71.47263380432861,66.34336091799776,67.96796321780818,71.47263380432861,42.83748530006115,26.12159009934816,14.135742940017568,48.65620405711926,15.640142575301091,48.65620405711926,67.96796321780818,15.640142575301091,44.21196994661145,48.65620405711926,15.640142575301091,26.12159009934816,26.12159009934816,26.12159009934816,26.12159009934816
429,7.303284211370131,36.06786509335062,47.32888389967341,63.52974194330727,7.636839514970387,47.32888389967341,15.640142575301091,71.95307769086597,9.609022441666976,69.34298596890551,84.1919207061158,69.34298596890551,7.636839514970387,84.1919207061158,23.506400766370884,69.34298596890551,84.1919207061158,71.95307769086597,71.95307769086597,71.95307769086597,71.95307769086597
430,5.335141565308859,15.62916467405199,55.68205594980975,72.10312490072226,102.27476305355675,55.68205594980975,109.82534851702994,44.31349054230374,14.217796772632587,15.640142575301091,67.9677700191065,15.640142575301091,102.27476305355675,67.9677700191065,39.65881134891491,15.640142575301091,67.9677700191065,44.31349054230374,44.31349054230374,44.31349054230374,44.31349054230374
431,6.145876795489233,53.33357773040799,54.49366000681719,26.12159009934816,48.72695922015328,54.49366000681719,71.47263380432861,9.622699368355027,24.740517465640632,77.76863757291937,102.39513393946896,77.76863757291937,48.72695922015328,102.39513393946896,69.34298596890551,77.76863757291937,102.39513393946896,9.622699368355027,9.622699368355027,9.622699368355027,9.622699368355027
432,8.710849854145865,26.12159009934816,99.26632856457807,38.54909377039628,3.1142432624567684,99.26632856457807,36.06786509335062,13.487612142348269,6.6638126733491685,66.34336091799776,80.28541535842349,66.34336091799776,3.1142432624567684,80.28541535842349,39.251213451004375,66.34336091799776,80.28541535842349,13.487612142348269,13.487612142348269,13.487612142348269,13.487612142348269
433,11.78638552689354,46.27706534369489,105.04348852864617,55.29495011840274,51.41951009755359,105.04348852864617,26.12159009934816,71.94909321188271,9.505558746815316,63.52974194330727,7.636839514970387,63.52974194330727,51.41951009755359,7.636839514970387,44.688165162895686,63.52974194330727,7.636839514970387,71.94909321188271,71.94909321188271,71.94909321188271,71.94909321188271
434,16.863005510575263,18.48749937972313,62.47424259323312,18.48749937972313,75.29734836080165,62.47424259323312,63.52974194330727,98.90252628970322,13.122125031663854,72.10312490072226,43.63437829645395,26.12159009934816,75.29734836080165,43.63437829645395,12.568579977111256,26.12159009934816,43.63437829645395,98.90252628970322,98.90252628970322,98.90252628970322,98.90252628970322
435,10.295370231090036,23.506400766370884,76.94310702795576,70.65471133519648,68.16777776074922,76.94310702795576,44.31349054230374,55.68205594980975,23.48102650802713,26.12159009934816,17.051458953753407,63.52974194330727,68.16777776074922,17.051458953753407,38.94792250899779,63.52974194330727,17.051458953753407,55.68205594980975,55.68205594980975,55.68205594980975,55.68205594980975
436,0.3875205621218416,119.66116421470716,68.16777776074922,62.9205079311398,46.27706534369489,68.16777776074922,9.622699368355027,110.78166970713032,12.91840164854206,38.54909377039628,33.76070194606223,18.48749937972313,46.27706534369489,33.76070194606223,33.57111191606526,18.48749937972313,33.76070194606223,110.78166970713032,110.78166970713032,110.78166970713032,110.78166970713032
437,19.5387106992408,68.16777776074922,88.89404347969125,98.90252628970322,96.36574359837677,88.89404347969125,13.487612142348269,66.34336091799776,22.605412277057063,55.29495011840274,15.640142575301091,74.95994922590914,96.36574359837677,15.640142575301091,62.06811331822829,74.95994922590914,15.640142575301091,66.34336091799776,66.34336091799776,66.34336091799776,66.34336091799776
438,16.309933146173606,62.47424259323312,26.12159009934816,46.27706534369489,43.91634089942677,26.12159009934816,62.47424259323312,23.506400766370884,15.386548204894032,18.48749937972313,71.94909321188271,15.640142575301091,43.91634089942677,71.94909321188271,15.62916467405199,15.640142575301091,71.94909321188271,23.506400766370884,23.506400766370884,23.506400766370884,23.506400766370884
439,0.0,33.57111191606526,81.90631174347327,59.07175890889215,15.493096159676131,81.90631174347327,68.16777776074922,26.12159009934816,28.48576128802512,70.65471133519648,69.8825841049235,65.75486164488264,15.493096159676131,69.8825841049235,7.636839514970387,65.75486164488264,69.8825841049235,26.12159009934816,26.12159009934816,26.12159009934816,26.12159009934816
440,7.636839514970387,35.21104254889525,55.68205594980975,23.506400766370884,119.30546897003627,55.68205594980975,46.27706534369489,73.13557257116545,16.309933146173606,62.9205079311398,46.27706534369489,46.27706534369489,119.30546897003627,46.27706534369489,18.182320058991923,46.27706534369489,46.27706534369489,73.13557257116545,73.13557257116545,73.13557257116545,73.13557257116545
441,6.145876795489233,47.09833925488203,15.640142575301091,7.636839514970387,7.636839514970387,15.640142575301091,60.31167784207651,55.68205594980975,7.636839514970387,98.90252628970322,66.04985902056067,53.33357773040799,7.636839514970387,66.04985902056067,55.40549506227969,53.33357773040799,66.04985902056067,55.68205594980975,55.68205594980975,55.68205594980975,55.68205594980975
442,0.0,23.506400766370884,29.916592284919048,73.13557257116545,35.867128062558265,29.916592284919048,119.66116421470716,15.640142575301091,14.766290915009508,46.27706534369489,33.57111191606526,119.66116421470716,35.867128062558265,33.57111191606526,76.66504481000626,119.66116421470716,33.57111191606526,15.640142575301091,15.640142575301091,15.640142575301091,15.640142575301091
443,4.4122950105657575,7.636839514970387,51.05729134756789,55.68205594980975,23.844210237018928,51.05729134756789,15.493096159676131,59.595840653549416,7.303284211370131,59.07175890889215,15.493096159676131,71.47263380432861,23.844210237018928,15.493096159676131,78.41523735748049,71.47263380432861,15.493096159676131,59.595840653549416,59.595840653549416,59.595840653549416,59.595840653549416
444,14.766290915009508,23.844210237018928,65.31463673216184,23.844210237018928,101.9105488251417,65.31463673216184,86.72206272990564,65.83671180090879,15.62916467405199,23.506400766370884,71.47263380432861,23.506400766370884,101.9105488251417,71.47263380432861,39.251213451004375,23.506400766370884,71.47263380432861,65.83671180090879,65.83671180090879,65.83671180090879,65.83671180090879
445,6.6638126733491685,81.94501273883441,18.37525654148036,15.640142575301091,82.07162315202672,18.37525654148036,26.12159009934816,101.53866287702829,12.91840164854206,7.636839514970387,56.08980700650153,26.12159009934816,82.07162315202672,56.08980700650153,57.173933317023376,26.12159009934816,56.08980700650153,101.53866287702829,101.53866287702829,101.53866287702829,101.53866287702829
446,0.0,15.640142575301091,61.20413884523385,59.595840653549416,131.18730968519054,61.20413884523385,61.623386823386,93.5680959483336,4.684076296780081,73.13557257116545,7.636839514970387,73.13557257116545,131.18730968519054,7.636839514970387,44.21196994661145,73.13557257116545,7.636839514970387,93.5680959483336,93.5680959483336,93.5680959483336,93.5680959483336
447,7.303284211370131,62.47424259323312,55.87374033418845,65.83671180090879,47.83620005929047,55.87374033418845,55.68205594980975,45.30123899332045,21.78474162555651,55.68205594980975,55.68205594980975,55.68205594980975,47.83620005929047,55.68205594980975,52.628630156154735,55.68205594980975,55.68205594980975,45.30123899332045,45.30123899332045,45.30123899332045,45.30123899332045
448,0.0,46.27706534369489,80.61331163063487,58.820605690276885,60.9731162495838,80.61331163063487,115.39482310094172,103.9579685377564,23.48102650802713,23.844210237018928,23.844210237018928,15.640142575301091,60.9731162495838,23.844210237018928,66.50932395849529,15.640142575301091,23.844210237018928,103.9579685377564,103.9579685377564,103.9579685377564,103.9579685377564
449,21.78474162555651,19.10689337210281,32.38296954010639,93.5680959483336,62.76760173949365,32.38296954010639,51.733183422064506,48.65620405711926,12.920634810148757,15.640142575301091,15.640142575301091,59.595840653549416,62.76760173949365,15.640142575301091,23.2980087603922,59.595840653549416,15.640142575301091,48.65620405711926,48.65620405711926,48.65620405711926,48.65620405711926
450,2.4738065354669185,53.33357773040799,61.67264297617176,45.30123899332045,9.622699368355027,61.67264297617176,107.22118971461757,120.83202962415554,23.506400766370884,59.595840653549416,105.04348852864617,65.83671180090879,9.622699368355027,105.04348852864617,7.636839514970387,65.83671180090879,105.04348852864617,120.83202962415554,120.83202962415554,120.83202962415554,120.83202962415554
451,4.684076296780081,39.282254042791095,26.12159009934816,98.02803920274675,67.19475592888891,26.12159009934816,45.30123899332045,65.31463673216184,7.214723588625733,65.83671180090879,79.42756299089955,101.53866287702829,67.19475592888891,79.42756299089955,61.623386823386,101.53866287702829,79.42756299089955,65.31463673216184,65.31463673216184,65.31463673216184,65.31463673216184
452,3.019826188625797,47.99310065088869,95.41332038804656,48.65620405711926,88.87541315322528,95.41332038804656,55.7448038279119,151.04067041118194,20.529699872170056,58.820605690276885,62.47424259323312,93.5680959483336,88.87541315322528,62.47424259323312,46.27706534369489,93.5680959483336,62.47424259323312,151.04067041118194,151.04067041118194,151.04067041118194,151.04067041118194
453,0.7750411242436831,26.12159009934816,47.74289166997524,120.83202962415554,99.83578798485208,47.74289166997524,7.636839514970387,68.16777776074922,29.394414614617208,93.5680959483336,89.92211238331994,45.30123899332045,99.83578798485208,89.92211238331994,72.46467904403565,45.30123899332045,89.92211238331994,68.16777776074922,68.16777776074922,68.16777776074922,68.16777776074922
454,7.214723588625733,41.43624256216621,15.62916467405199,94.9492550624106,120.282414260841,15.62916467405199,55.68205594980975,32.64122110543623,10.10773827919754,45.30123899332045,63.899612890391175,26.12159009934816,120.282414260841,63.899612890391175,32.38296954010639,26.12159009934816,63.899612890391175,32.64122110543623,32.64122110543623,32.64122110543623,32.64122110543623
455,0.5637143564423058,46.27706534369489,53.130647336885,54.6031302965163,65.47230371559189,53.130647336885,61.516802257789394,57.246878003885314,18.48749937972313,26.12159009934816,81.90631174347327,55.68205594980975,65.47230371559189,81.90631174347327,88.20227397411232,55.68205594980975,81.90631174347327,57.246878003885314,57.246878003885314,57.246878003885314,57.246878003885314
456,12.91840164854206,18.48749937972313,55.68205594980975,179.12712611478483,76.8567027451497,55.68205594980975,47.74289166997524,56.672831047682685,20.74919042954226,98.02803920274675,55.68205594980975,37.205843634878526,76.8567027451497,55.68205594980975,60.34819332617981,37.205843634878526,55.68205594980975,56.672831047682685,56.672831047682685,56.672831047682685,56.672831047682685
457,20.529699872170056,106.12356806441971,103.74507447670791,87.23028253949158,115.67877226005844,103.74507447670791,23.844210237018928,41.56314252054269,34.5799438137883,48.65620405711926,134.1486708430625,29.916592284919048,115.67877226005844,134.1486708430625,44.21196994661145,29.916592284919048,134.1486708430625,41.56314252054269,41.56314252054269,41.56314252054269,41.56314252054269
458,14.217796772632587,23.506400766370884,59.01450710166656,92.21314230257906,23.506400766370884,59.01450710166656,66.22009271405322,26.12159009934816,26.014843621319677,37.205843634878526,65.31463673216184,65.31463673216184,23.506400766370884,65.31463673216184,18.48749937972313,65.31463673216184,65.31463673216184,26.12159009934816,26.12159009934816,26.12159009934816,26.12159009934816
459,15.387513335715358,63.683352299039406,26.12159009934816,26.12159009934816,26.629164236818102,26.12159009934816,87.03655796893399,54.6031302965163,16.309933146173606,94.9492550624106,158.01323758460907,101.09443622618286,26.629164236818102,158.01323758460907,55.40549506227969,101.09443622618286,158.01323758460907,54.6031302965163,54.6031302965163,54.6031302965163,54.6031302965163
460,22.605412277057063,39.65881134891491,9.622699368355027,61.46163337195246,122.831638778275,9.622699368355027,53.60356329192022,15.62916467405199,7.636839514970387,54.6031302965163,63.899612890391175,98.67082399905772,122.831638778275,63.899612890391175,15.386548204894032,98.67082399905772,63.899612890391175,15.62916467405199,15.62916467405199,15.62916467405199,15.62916467405199
461,19.475475519715715,58.38167307478719,22.406112640128114,104.9497871815904,46.27706534369489,22.406112640128114,113.26480043424355,55.73160670273752,15.640142575301091,126.75727970266064,55.87374033418845,65.47230371559189,46.27706534369489,55.87374033418845,7.636839514970387,65.47230371559189,55.87374033418845,55.73160670273752,55.73160670273752,55.73160670273752,55.73160670273752
462,14.135742940017568,62.06811331822829,69.6579662706734,55.68205594980975,83.40966046709845,69.6579662706734,58.1267629786228,54.62262705272613,12.920634810148757,87.23028253949158,32.64122110543623,64.79805161650236,83.40966046709845,32.64122110543623,46.27706534369489,64.79805161650236,32.64122110543623,54.62262705272613,54.62262705272613,54.62262705272613,54.62262705272613
463,23.48102650802713,15.386548204894032,38.733146854800914,114.26520677725412,101.09443622618286,38.733146854800914,47.32888389967341,55.68205594980975,14.766290915009508,92.21314230257906,71.91763319961674,51.360951206891286,101.09443622618286,71.91763319961674,43.22682214555096,51.360951206891286,71.91763319961674,55.68205594980975,55.68205594980975,55.68205594980975,55.68205594980975
464,16.309933146173606,7.636839514970387,71.94909321188271,75.98975342949491,28.58661517112855,71.94909321188271,26.12159009934816,108.13827720250856,18.48749937972313,26.12159009934816,47.32888389967341,26.12159009934816,28.58661517112855,47.32888389967341,12.568579977111256,26.12159009934816,47.32888389967341,108.13827720250856,108.13827720250856,108.13827720250856,108.13827720250856
465,4.159399084249441,19.10689337210281,88.13498967216981,68.77343584157592,64.79400397027422,88.13498967216981,54.6031302965163,62.21884761092979,21.78474162555651,61.46163337195246,61.67264297617176,54.6031302965163,64.79400397027422,61.67264297617176,23.844210237018928,54.6031302965163,61.67264297617176,62.21884761092979,62.21884761092979,62.21884761092979,62.21884761092979
466,0.5637143564423058,15.386548204894032,33.57111191606526,70.86893809294874,79.40277636580336,33.57111191606526,15.62916467405199,87.37846480706027,30.84655019315995,104.9497871815904,47.74289166997524,58.1267629786228,79.40277636580336,47.74289166997524,15.640142575301091,58.1267629786228,47.74289166997524,87.37846480706027,87.37846480706027,87.37846480706027,87.37846480706027
467,6.145876795489233,23.844210237018928,57.30950821212036,48.48105865156456,57.72337377935027,57.30950821212036,55.68205594980975,104.77880448407744,4.684076296780081,55.68205594980975,122.831638778275,55.73160670273752,57.72337377935027,122.831638778275,27.77773560707552,55.73160670273752,122.831638778275,104.77880448407744,104.77880448407744,104.77880448407744,104.77880448407744
468,0.3875205621218416,23.506400766370884,71.47263380432861,104.77880448407744,7.636839514970387,71.47263380432861,89.9088338008727,7.636839514970387,20.74919042954226,114.26520677725412,44.31217957663086,55.68205594980975,7.636839514970387,44.31217957663086,33.76070194606223,55.68205594980975,44.31217957663086,7.636839514970387,7.636839514970387,7.636839514970387,7.636839514970387
469,0.0,60.00945136649232,43.63437829645395,26.12159009934816,27.32806949365145,43.63437829645395,40.72926376580647,0.0,7.214723588625733,75.98975342949491,55.68205594980975,86.74885993047798,27.32806949365145,55.68205594980975,31.43858992195704,86.74885993047798,55.68205594980975,0.0,0.0,0.0,0.0
470,7.636839514970387,46.27706534369489,86.72206272990564,19.10689337210281,76.66504481000626,86.72206272990564,62.4421561600513,19.10689337210281,23.506400766370884,68.77343584157592,118.43317394649658,71.97436968523148,76.66504481000626,118.43317394649658,56.10237318548423,71.97436968523148,118.43317394649658,19.10689337210281,19.10689337210281,19.10689337210281,19.10689337210281
471,7.214723588625733,63.68491230270351,26.12159009934816,79.79820334887722,59.08535585199724,26.12159009934816,66.34336091799776,79.79820334887722,16.58709423727748,70.86893809294874,69.66537069387783,62.21884761092979,59.08535585199724,69.66537069387783,35.92184015708577,62.21884761092979,69.66537069387783,79.79820334887722,79.79820334887722,79.79820334887722,79.79820334887722
472,4.4122950105657575,31.43858992195704,39.251213451004375,75.20244914985959,33.57111191606526,39.251213451004375,97.31737922724996,39.251213451004375,24.740517465640632,48.48105865156456,93.41114611113368,61.54543534397031,33.57111191606526,93.41114611113368,67.9677700191065,61.54543534397031,93.41114611113368,39.251213451004375,39.251213451004375,39.251213451004375,39.251213451004375
473,12.91840164854206,69.09261779666252,69.34298596890551,39.251213451004375,105.46056998857576,69.34298596890551,7.636839514970387,80.80754413450047,7.852483660430585,104.77880448407744,7.636839514970387,46.60606357244358,105.46056998857576,7.636839514970387,59.96774492555596,46.60606357244358,7.636839514970387,80.80754413450047,80.80754413450047,80.80754413450047,80.80754413450047
474,4.684076296780081,43.22682214555096,87.28134866060614,80.80754413450047,70.50001166649167,87.28134866060614,83.45556698204392,67.10029527363118,10.10773827919754,26.12159009934816,25.841269620297503,41.56314252054269,70.50001166649167,25.841269620297503,44.21196994661145,41.56314252054269,25.841269620297503,67.10029527363118,67.10029527363118,67.10029527363118,67.10029527363118
475,0.0,63.28975470143602,119.8644626043259,106.46693896877414,61.57253742736141,119.8644626043259,0.0,106.46693896877414,9.798907685703794,19.10689337210281,93.26013305424152,26.12159009934816,61.57253742736141,93.26013305424152,7.636839514970387,26.12159009934816,93.26013305424152,106.46693896877414,106.46693896877414,106.46693896877414,106.46693896877414
476,14.766290915009508,71.26390922612282,19.10689337210281,73.30498124164933,71.47263380432861,19.10689337210281,128.26593233088056,82.5189579636979,17.021969500118047,79.79820334887722,76.66504481000626,19.10689337210281,71.47263380432861,76.66504481000626,17.066229171429974,19.10689337210281,76.66504481000626,82.5189579636979,82.5189579636979,82.5189579636979,82.5189579636979
477,0.0,19.10689337210281,67.76790129653567,86.72206272990564,49.98101156288729,67.76790129653567,76.66504481000626,88.20227397411232,34.5799438137883,75.20244914985959,72.10312490072226,79.79820334887722,49.98101156288729,72.10312490072226,46.27706534369489,79.79820334887722,72.10312490072226,88.20227397411232,88.20227397411232,88.20227397411232,88.20227397411232
478,0.0,74.95994922590914,79.24347823670004,26.12159009934816,56.08980700650153,79.24347823670004,108.82524923476274,95.59863150364112,30.821554544678747,39.251213451004375,56.72627636413968,75.20244914985959,56.08980700650153,56.72627636413968,58.3241908559044,75.20244914985959,56.72627636413968,95.59863150364112,95.59863150364112,95.59863150364112,95.59863150364112
479,11.103780234469802,7.636839514970387,7.636839514970387,39.251213451004375,26.12159009934816,7.636839514970387,55.45623279435182,26.12159009934816,7.636839514970387,80.80754413450047,94.30436308840324,39.251213451004375,26.12159009934816,94.30436308840324,76.66504481000626,39.251213451004375,94.30436308840324,26.12159009934816,26.12159009934816,26.12159009934816,26.12159009934816
480,3.019826188625797,25.841269620297503,41.56314252054269,62.83393305531017,100.13001357272005,41.56314252054269,115.70942741963644,46.27706534369489,10.051501034884858,106.46693896877414,33.57111191606526,80.80754413450047,100.13001357272005,33.57111191606526,32.50961178877009,80.80754413450047,33.57111191606526,46.27706534369489,46.27706534369489,46.27706534369489,46.27706534369489
481,20.529699872170056,39.251213451004375,52.02620226078863,64.28992178731852,15.640142575301091,52.02620226078863,64.94464893839836,41.66780145965768,7.303284211370131,73.30498124164933,63.20595657167126,106.46693896877414,15.640142575301091,63.20595657167126,12.568579977111256,106.46693896877414,63.20595657167126,41.66780145965768,41.66780145965768,41.66780145965768,41.66780145965768
482,15.387513335715358,69.34298596890551,76.00967113342682,52.447641701054046,99.0855447793019,76.00967113342682,26.12159009934816,69.35290228804767,18.48749937972313,86.72206272990564,46.87161437084405,73.30498124164933,99.0855447793019,46.87161437084405,55.314088565525054,73.30498124164933,46.87161437084405,69.35290228804767,69.35290228804767,69.35290228804767,69.35290228804767
483,2.4738065354669185,15.640142575301091,15.640142575301091,119.8644626043259,52.447641701054046,15.640142575301091,46.27706534369489,52.447641701054046,23.48102650802713,26.12159009934816,86.72206272990564,15.386548204894032,52.447641701054046,86.72206272990564,33.57111191606526,15.386548204894032,86.72206272990564,52.447641701054046,52.447641701054046,52.447641701054046,52.447641701054046
484,13.778669486766512,77.76863757291937,81.6481973611856,67.76790129653567,67.41447288353484,81.6481973611856,75.17007589725216,116.02946035213554,12.920634810148757,39.251213451004375,7.636839514970387,86.72206272990564,67.41447288353484,7.636839514970387,66.34336091799776,86.72206272990564,7.636839514970387,116.02946035213554,116.02946035213554,116.02946035213554,116.02946035213554
485,6.6638126733491685,66.34336091799776,61.133219961204176,79.24347823670004,112.11954225051235,61.133219961204176,67.23101304436324,61.623386823386,7.214723588625733,62.83393305531017,97.454943708045,26.12159009934816,112.11954225051235,97.454943708045,35.21104254889525,26.12159009934816,97.454943708045,61.623386823386,61.623386823386,61.623386823386,61.623386823386
486,16.309933146173606,63.52974194330727,96.44957152577616,17.051458953753407,73.13557257116545,96.44957152577616,52.447641701054046,102.63087996388973,3.1142432624567684,64.28992178731852,44.21196994661145,46.27706534369489,73.13557257116545,44.21196994661145,15.62916467405199,46.27706534369489,44.21196994661145,102.63087996388973,102.63087996388973,102.63087996388973,102.63087996388973
487,23.48102650802713,26.12159009934816,75.20244914985959,98.6131334948468,7.636839514970387,75.20244914985959,121.82294201676557,26.12159009934816,4.684076296780081,52.447641701054046,79.03857636449828,52.1113684131929,7.636839514970387,79.03857636449828,7.636839514970387,52.1113684131929,79.03857636449828,26.12159009934816,26.12159009934816,26.12159009934816,26.12159009934816
488,7.303284211370131,63.52974194330727,54.62262705272613,7.636839514970387,23.506400766370884,54.62262705272613,83.44895505758691,47.32888389967341,13.487612142348269,119.8644626043259,87.28134866060614,69.35290228804767,23.506400766370884,87.28134866060614,12.568579977111256,69.35290228804767,87.28134866060614,47.32888389967341,47.32888389967341,47.32888389967341,47.32888389967341
489,21.78474162555651,18.48749937972313,7.636839514970387,47.32888389967341,70.6564046412177,7.636839514970387,55.22475622856162,41.40754611124617,12.91840164854206,67.76790129653567,54.64271637993867,52.447641701054046,70.6564046412177,54.64271637993867,35.867128062558265,52.447641701054046,54.64271637993867,41.40754611124617,41.40754611124617,41.40754611124617,41.40754611124617
490,14.135742940017568,44.31349054230374,19.10689337210281,47.74289166997524,89.2791746936269,19.10689337210281,85.99476000724154,47.74289166997524,21.78474162555651,79.24347823670004,67.76790129653567,121.82294201676557,89.2791746936269,67.76790129653567,36.074999308537386,121.82294201676557,67.76790129653567,47.74289166997524,47.74289166997524,47.74289166997524,47.74289166997524
491,19.5387106992408,9.622699368355027,23.506400766370884,15.640142575301091,54.947829698302144,23.506400766370884,17.051458953753407,77.37101890303583,14.766290915009508,17.051458953753407,79.24347823670004,67.76790129653567,54.947829698302144,79.24347823670004,23.506400766370884,67.76790129653567,79.24347823670004,77.37101890303583,77.37101890303583,77.37101890303583,77.37101890303583
492,3.019826188625797,13.487612142348269,62.06811331822829,38.24626677598264,15.640142575301091,62.06811331822829,55.50991858677303,15.640142575301091,24.740517465640632,98.6131334948468,7.636839514970387,79.24347823670004,15.640142575301091,7.636839514970387,54.43941799031994,79.24347823670004,7.636839514970387,15.640142575301091,15.640142575301091,15.640142575301091,15.640142575301091
493,7.636839514970387,65.75486164488264,17.051458953753407,67.55432657351943,97.454943708045,17.051458953753407,7.636839514970387,48.65620405711926,10.10773827919754,7.636839514970387,41.56314252054269,17.051458953753407,97.454943708045,41.56314252054269,79.65510609398838,17.051458953753407,41.56314252054269,48.65620405711926,48.65620405711926,48.65620405711926,48.65620405711926
494,23.48102650802713,46.27706534369489,33.57111191606526,69.8825841049235,53.54492055589451,33.57111191606526,32.751219967399415,63.899612890391175,30.814063613705617,47.32888389967341,64.90843841212428,98.6131334948468,53.54492055589451,64.90843841212428,42.83748530006115,98.6131334948468,64.90843841212428,63.899612890391175,63.899612890391175,63.899612890391175,63.899612890391175
495,0.3875205621218416,53.33357773040799,15.640142575301091,55.38961106268262,73.28811280749733,15.640142575301091,86.72206272990564,84.067934583006,17.021969500118047,47.74289166997524,89.2791746936269,7.636839514970387,73.28811280749733,89.2791746936269,68.16777776074922,7.636839514970387,89.2791746936269,84.067934583006,84.067934583006,84.067934583006,84.067934583006
496,0.0,119.66116421470716,60.88889161609295,60.928445113780114,57.409883644742855,60.88889161609295,62.9205079311398,105.77915122943551,19.33819485367601,15.640142575301091,58.03339312890754,47.32888389967341,57.409883644742855,58.03339312890754,61.46117068415941,47.32888389967341,58.03339312890754,105.77915122943551,105.77915122943551,105.77915122943551,105.77915122943551
497,0.0,71.47263380432861,46.27706534369489,26.12159009934816,7.636839514970387,46.27706534369489,55.68205594980975,26.12159009934816,35.33996940893572,38.24626677598264,15.640142575301091,47.74289166997524,7.636839514970387,15.640142575301091,36.06786509335062,47.74289166997524,15.640142575301091,26.12159009934816,26.12159009934816,26.12159009934816,26.12159009934816
498,22.254640950592783,23.506400766370884,70.0523146035802,72.10312490072226,64.34951523973798,70.0523146035802,69.8825841049235,72.10312490072226,16.58709423727748,67.55432657351943,97.454943708045,15.640142575301091,64.34951523973798,97.454943708045,62.06811331822829,15.640142575301091,97.454943708045,72.10312490072226,72.10312490072226,72.10312490072226,72.10312490072226
499,14.766290915009508,7.636839514970387,67.30500782903363,116.19811865489484,116.19811865489484,67.30500782903363,110.78166970713032,15.640142575301091,7.636839514970387,69.8825841049235,53.54492055589451,38.24626677598264,116.19811865489484,53.54492055589451,23.506400766370884,38.24626677598264,53.54492055589451,15.640142575301091,15.640142575301091,15.640142575301091,15.640142575301091
500,4.684076296780081,73.13557257116545,48.373431908563965,15.640142575301091,67.23101304436324,48.373431908563965,72.10312490072226,74.95994922590914,20.529699872170056,55.38961106268262,75.20244914985959,67.55432657351943,67.23101304436324,75.20244914985959,7.636839514970387,67.55432657351943,75.20244914985959,74.95994922590914,74.95994922590914,74.95994922590914,74.95994922590914
501,4.159399084249441,55.68205594980975,42.83748530006115,74.95994922590914,66.2995810478963,42.83748530006115,7.636839514970387,98.2133469061379,7.303284211370131,60.928445113780114,54.62262705272613,69.8825841049235,66.2995810478963,54.62262705272613,33.57111191606526,69.8825841049235,54.62262705272613,98.2133469061379,98.2133469061379,98.2133469061379,98.2133469061379
502,0.0,23.844210237018928,55.68205594980975,89.9088338008727,107.7988692519551,55.68205594980975,19.10689337210281,61.9074360220661,23.48102650802713,26.12159009934816,7.636839514970387,55.38961106268262,107.7988692519551,7.636839514970387,54.43941799031994,55.38961106268262,7.636839514970387,61.9074360220661,61.9074360220661,61.9074360220661,61.9074360220661
503,7.214723588625733,15.640142575301091,26.12159009934816,62.4421561600513,61.133219961204176,26.12159009934816,72.90934996663046,84.2265994078387,6.6638126733491685,72.10312490072226,19.10689337210281,60.928445113780114,61.133219961204176,19.10689337210281,65.75486164488264,60.928445113780114,19.10689337210281,84.2265994078387,84.2265994078387,84.2265994078387,84.2265994078387
504,12.91840164854206,59.595840653549416,86.72206272990564,58.27642254829068,73.93702369286721,86.72206272990564,30.552970678422465,67.96796321780818,12.920634810148757,116.19811865489484,47.32888389967341,26.12159009934816,73.93702369286721,47.32888389967341,46.27706534369489,26.12159009934816,47.32888389967341,67.96796321780818,67.96796321780818,67.96796321780818,67.96796321780818
505,21.78474162555651,65.83671180090879,90.9000042323038,84.2265994078387,50.8547158179951,90.9000042323038,51.14407993812507,46.27706534369489,14.217796772632587,15.640142575301091,62.06811331822829,72.10312490072226,50.8547158179951,62.06811331822829,19.10689337210281,72.10312490072226,62.06811331822829,46.27706534369489,46.27706534369489,46.27706534369489,46.27706534369489
506,0.0,58.820605690276885,67.89059061802394,46.27706534369489,23.844210237018928,67.89059061802394,67.23101304436324,26.12159009934816,10.315178283782732,74.95994922590914,17.051458953753407,116.19811865489484,23.844210237018928,17.051458953753407,53.33357773040799,116.19811865489484,17.051458953753407,26.12159009934816,26.12159009934816,26.12159009934816,26.12159009934816
507,4.4122950105657575,93.5680959483336,121.13300427942588,26.12159009934816,55.68205594980975,121.13300427942588,73.06818401069667,61.54309379326074,16.309933146173606,89.9088338008727,15.640142575301091,15.640142575301091,55.68205594980975,15.640142575301091,44.21196994661145,15.640142575301091,15.640142575301091,61.54309379326074,61.54309379326074,61.54309379326074,61.54309379326074
508,16.309933146173606,45.30123899332045,54.4056869621665,61.54309379326074,7.636839514970387,54.4056869621665,74.14661797293327,38.14871091923712,3.1142432624567684,62.4421561600513,60.88889161609295,74.95994922590914,7.636839514970387,60.88889161609295,15.62916467405199,74.95994922590914,60.88889161609295,38.14871091923712,38.14871091923712,38.14871091923712,38.14871091923712
509,20.529699872170056,26.12159009934816,56.4187615722467,38.14871091923712,56.08980700650153,56.4187615722467,77.31631649435825,15.640142575301091,14.766290915009508,58.27642254829068,46.27706534369489,89.9088338008727,56.08980700650153,46.27706534369489,39.65881134891491,89.9088338008727,46.27706534369489,15.640142575301091,15.640142575301091,15.640142575301091,15.640142575301091
510,7.693774331048773,23.506400766370884,7.636839514970387,15.640142575301091,15.640142575301091,7.636839514970387,91.94552427585069,90.97544310108586,13.487612142348269,84.2265994078387,70.0523146035802,62.4421561600513,15.640142575301091,70.0523146035802,36.074999308537386,62.4421561600513,70.0523146035802,90.97544310108586,90.97544310108586,90.97544310108586,90.97544310108586
511,9.614503480772356,103.9579685377564,63.69587836207762,90.97544310108586,79.42756299089955,63.69587836207762,46.27706534369489,105.79357606856018,7.214723588625733,46.27706534369489,67.30500782903363,58.27642254829068,79.42756299089955,67.30500782903363,7.636839514970387,58.27642254829068,67.30500782903363,105.79357606856018,105.79357606856018,105.79357606856018,105.79357606856018
512,7.852483660430585,48.65620405711926,164.38014994500716,105.79357606856018,105.04348852864617,164.38014994500716,26.12159009934816,81.01845756513241,10.2059905448889,26.12159009934816,102.63087996388973,84.2265994078387,105.04348852864617,102.63087996388973,18.48749937972313,84.2265994078387,102.63087996388973,81.01845756513241,81.01845756513241,81.01845756513241,81.01845756513241
513,6.6638126733491685,15.640142575301091,119.93677573906378,81.01845756513241,62.47424259323312,119.93677573906378,102.63087996388973,19.10689337210281,15.493096159676131,61.54309379326074,46.27706534369489,81.6481973611856,62.47424259323312,46.27706534369489,50.49321281970752,81.6481973611856,46.27706534369489,19.10689337210281,19.10689337210281,19.10689337210281,19.10689337210281
514,6.145876795489233,29.916592284919048,44.21196994661145,19.10689337210281,89.92211238331994,44.21196994661145,110.54454586320816,69.00810321046866,24.740517465640632,38.14871091923712,26.12159009934816,26.12159009934816,89.92211238331994,26.12159009934816,23.506400766370884,26.12159009934816,26.12159009934816,69.00810321046866,69.00810321046866,69.00810321046866,69.00810321046866
515,10.213763986295696,65.31463673216184,100.51483470630528,69.00810321046866,63.899612890391175,100.51483470630528,98.90252628970322,26.12159009934816,12.91840164854206,15.640142575301091,41.56314252054269,61.54309379326074,63.899612890391175,41.56314252054269,51.64031985237029,61.54309379326074,41.56314252054269,26.12159009934816,26.12159009934816,26.12159009934816,26.12159009934816
516,2.4738065354669185,38.7359342471733,117.86130350651322,26.12159009934816,26.12159009934816,117.86130350651322,59.07175890889215,98.90252628970322,21.78474162555651,90.97544310108586,15.640142575301091,38.14871091923712,26.12159009934816,15.640142575301091,56.23054113121483,38.14871091923712,15.640142575301091,98.90252628970322,98.90252628970322,98.90252628970322,98.90252628970322
517,10.295370231090036,65.47230371559189,81.16500369602825,103.9579685377564,89.9088338008727,81.16500369602825,68.6684741602332,19.10689337210281,14.135742940017568,105.79357606856018,71.29831879510361,15.640142575301091,89.9088338008727,71.29831879510361,40.30364586819421,15.640142575301091,71.29831879510361,19.10689337210281,19.10689337210281,19.10689337210281,19.10689337210281
518,16.863005510575263,65.94255643490344,55.68205594980975,78.40600575901517,95.60068026751983,55.68205594980975,19.10689337210281,158.05132872140382,22.605412277057063,81.01845756513241,69.82443318040323,90.97544310108586,95.60068026751983,69.82443318040323,58.38167307478719,90.97544310108586,69.82443318040323,158.05132872140382,158.05132872140382,158.05132872140382,158.05132872140382
519,4.4122950105657575,56.672831047682685,40.41181774767532,158.05132872140382,158.05132872140382,40.41181774767532,63.899612890391175,59.07175890889215,19.475475519715715,19.10689337210281,19.10689337210281,105.79357606856018,158.05132872140382,19.10689337210281,42.83748530006115,105.79357606856018,19.10689337210281,59.07175890889215,59.07175890889215,59.07175890889215,59.07175890889215
520,7.636839514970387,41.56314252054269,26.12159009934816,97.454943708045,104.48079560073552,26.12159009934816,26.12159009934816,46.27706534369489,7.636839514970387,69.00810321046866,128.56423905665432,112.02365279456497,104.48079560073552,128.56423905665432,62.06811331822829,112.02365279456497,128.56423905665432,46.27706534369489,46.27706534369489,46.27706534369489,46.27706534369489
521,14.766290915009508,26.12159009934816,65.75331843027787,89.6939936374824,66.34336091799776,65.75331843027787,87.46132157797548,71.95307769086597,23.506400766370884,26.12159009934816,52.78437522843253,69.00810321046866,66.34336091799776,52.78437522843253,15.386548204894032,69.00810321046866,52.78437522843253,71.95307769086597,71.95307769086597,71.95307769086597,71.95307769086597
522,12.91840164854206,61.46163337195246,111.81067498341392,55.804736800347726,68.04684457474967,111.81067498341392,31.062824945670524,68.6684741602332,14.766290915009508,103.9579685377564,95.04403992889858,26.12159009934816,68.04684457474967,95.04403992889858,7.636839514970387,26.12159009934816,95.04403992889858,68.6684741602332,68.6684741602332,68.6684741602332,68.6684741602332
523,4.684076296780081,15.62916467405199,115.39482310094172,68.16777776074922,59.08535585199724,115.39482310094172,55.72474798826629,68.16777776074922,0.0,78.40600575901517,7.636839514970387,98.90252628970322,59.08535585199724,7.636839514970387,19.10689337210281,98.90252628970322,7.636839514970387,68.16777776074922,68.16777776074922,68.16777776074922,68.16777776074922
524,2.4738065354669185,47.14930340656577,85.35199291215815,55.68205594980975,55.68205594980975,85.35199291215815,104.48079560073552,55.68205594980975,10.2059905448889,158.05132872140382,63.69587836207762,158.05132872140382,55.68205594980975,63.69587836207762,15.386548204894032,158.05132872140382,63.69587836207762,55.68205594980975,55.68205594980975,55.68205594980975,55.68205594980975
525,0.0,55.68205594980975,56.27063389328144,158.05132872140382,26.12159009934816,56.27063389328144,106.12814814582468,7.636839514970387,15.62916467405199,97.454943708045,164.38014994500716,110.78166970713032,26.12159009934816,164.38014994500716,65.27383966521441,110.78166970713032,164.38014994500716,7.636839514970387,7.636839514970387,7.636839514970387,7.636839514970387
526,16.309933146173606,103.29572901550384,32.34032164710557,7.636839514970387,47.32888389967341,32.34032164710557,62.06811331822829,77.97898409211054,10.167804482391144,89.6939936374824,119.93677573906378,55.68205594980975,47.32888389967341,119.93677573906378,23.844210237018928,55.68205594980975,119.93677573906378,77.97898409211054,77.97898409211054,77.97898409211054,77.97898409211054
527,0.0,66.9602021425631,26.12159009934816,44.21196994661145,111.81067498341392,26.12159009934816,59.08535585199724,117.33052198978493,19.928059826584818,55.804736800347726,44.21196994661145,71.95307769086597,111.81067498341392,44.21196994661145,23.506400766370884,71.95307769086597,44.21196994661145,117.33052198978493,117.33052198978493,117.33052198978493,117.33052198978493
528,23.48102650802713,68.77343584157592,54.6013947454114,105.04348852864617,47.74289166997524,54.6013947454114,68.37549216998056,74.62220767862709,23.48102650802713,68.16777776074922,100.51483470630528,68.6684741602332,47.74289166997524,100.51483470630528,56.09606079350225,68.6684741602332,100.51483470630528,74.62220767862709,74.62220767862709,74.62220767862709,74.62220767862709
529,10.295370231090036,73.12743744877083,76.66504481000626,61.795960247793424,38.86400006902975,76.66504481000626,46.27706534369489,81.93609402109973,7.214723588625733,55.68205594980975,117.86130350651322,68.16777776074922,38.86400006902975,117.86130350651322,46.27706534369489,68.16777776074922,117.86130350651322,81.93609402109973,81.93609402109973,81.93609402109973,81.93609402109973
530,0.0,23.506400766370884,119.85330294937452,58.92552050029654,69.66537069387783,119.85330294937452,7.636839514970387,58.43983691106609,12.568579977111256,158.05132872140382,81.16500369602825,104.48079560073552,69.66537069387783,81.16500369602825,63.68491230270351,104.48079560073552,81.16500369602825,58.43983691106609,58.43983691106609,58.43983691106609,58.43983691106609
531,6.145876795489233,7.636839514970387,80.64226949167164,66.34336091799776,15.62916467405199,80.64226949167164,19.10689337210281,70.1284056617005,24.740517465640632,7.636839514970387,55.68205594980975,7.636839514970387,15.62916467405199,55.68205594980975,31.43858992195704,7.636839514970387,55.68205594980975,70.1284056617005,70.1284056617005,70.1284056617005,70.1284056617005
532,0.3875205621218416,46.58892875902672,33.57111191606526,63.52974194330727,60.00945136649232,33.57111191606526,47.32888389967341,58.1267629786228,17.021969500118047,44.21196994661145,142.7383984808128,76.66504481000626,60.00945136649232,142.7383984808128,69.09261779666252,76.66504481000626,142.7383984808128,58.1267629786228,58.1267629786228,58.1267629786228,58.1267629786228
533,0.0,131.18730968519054,80.65383535106224,7.636839514970387,88.89404347969125,80.65383535106224,44.21196994661145,7.636839514970387,30.814063613705617,105.04348852864617,26.12159009934816,69.16083683267111,88.89404347969125,26.12159009934816,43.22682214555096,69.16083683267111,26.12159009934816,7.636839514970387,7.636839514970387,7.636839514970387,7.636839514970387
534,3.019826188625797,35.867128062558265,64.90153616019273,23.844210237018928,7.636839514970387,64.90153616019273,53.33357773040799,23.844210237018928,21.78474162555651,61.795960247793424,119.66116421470716,77.60591576334876,7.636839514970387,119.66116421470716,41.43624256216621,77.60591576334876,119.66116421470716,23.844210237018928,23.844210237018928,23.844210237018928,23.844210237018928
535,4.159399084249441,72.10312490072226,56.40161547253052,110.54454586320816,23.844210237018928,56.40161547253052,61.795960247793424,49.35308779404424,12.91840164854206,58.92552050029654,105.04348852864617,100.7856504284722,23.844210237018928,105.04348852864617,44.688165162895686,100.7856504284722,105.04348852864617,49.35308779404424,49.35308779404424,49.35308779404424,49.35308779404424
536,11.78638552689354,46.79529802712396,26.12159009934816,49.35308779404424,91.59829055867412,26.12159009934816,58.92552050029654,69.53553104027988,19.33819485367601,66.34336091799776,85.35199291215815,33.57111191606526,91.59829055867412,85.35199291215815,12.568579977111256,33.57111191606526,85.35199291215815,69.53553104027988,69.53553104027988,69.53553104027988,69.53553104027988
537,20.529699872170056,33.57111191606526,44.31217957663086,72.99690185734335,116.85208144155683,44.31217957663086,66.34336091799776,76.66504481000626,35.33996940893572,63.52974194330727,69.38548706020927,66.34336091799776,116.85208144155683,69.38548706020927,33.76070194606223,66.34336091799776,69.38548706020927,76.66504481000626,76.66504481000626,76.66504481000626,76.66504481000626
538,7.693774331048773,44.21196994661145,12.683710103837011,60.16686412660855,110.56588870097856,12.683710103837011,15.62916467405199,61.46450892055052,16.58709423727748,7.636839514970387,56.27063389328144,53.88724467900358,110.56588870097856,56.27063389328144,7.636839514970387,53.88724467900358,56.27063389328144,61.46450892055052,61.46450892055052,61.46450892055052,61.46450892055052
539,7.214723588625733,57.31409367246901,46.27706534369489,111.0357224169239,83.21049565718211,46.27706534369489,88.89404347969125,98.71028122137828,7.636839514970387,23.844210237018928,26.12159009934816,7.636839514970387,83.21049565718211,26.12159009934816,0.0,7.636839514970387,26.12159009934816,98.71028122137828,98.71028122137828,98.71028122137828,98.71028122137828
540,9.614503480772356,15.386548204894032,110.54454586320816,100.55461530164,56.27063389328144,110.54454586320816,26.12159009934816,54.481993544882144,0.0,110.54454586320816,54.6013947454114,23.844210237018928,56.27063389328144,54.6013947454114,10.2059905448889,23.844210237018928,54.6013947454114,54.481993544882144,54.481993544882144,54.481993544882144,54.481993544882144
541,19.475475519715715,23.506400766370884,82.27614113055328,72.10312490072226,61.46450892055052,82.27614113055328,94.30436308840324,58.68406475714613,7.214723588625733,49.35308779404424,76.66504481000626,49.35308779404424,61.46450892055052,76.66504481000626,26.116584502769488,49.35308779404424,76.66504481000626,58.68406475714613,58.68406475714613,58.68406475714613,58.68406475714613
542,7.303284211370131,26.12159009934816,98.90252628970322,26.12159009934816,98.71028122137828,98.90252628970322,59.37417839488462,66.04681020854102,23.48102650802713,72.99690185734335,119.85330294937452,69.53553104027988,98.71028122137828,119.85330294937452,39.251213451004375,69.53553104027988,119.85330294937452,66.04681020854102,66.04681020854102,66.04681020854102,66.04681020854102
543,21.78474162555651,46.27706534369489,2.4738065354669185,39.251213451004375,7.636839514970387,2.4738065354669185,74.95994922590914,26.12159009934816,14.766290915009508,60.16686412660855,33.57111191606526,76.66504481000626,7.636839514970387,33.57111191606526,62.35782073083728,76.66504481000626,33.57111191606526,26.12159009934816,26.12159009934816,26.12159009934816,26.12159009934816
544,6.6638126733491685,52.1113684131929,65.39012309410836,23.506400766370884,48.65620405711926,65.39012309410836,15.640142575301091,86.72206272990564,12.168520853819318,111.0357224169239,80.65383535106224,61.46450892055052,48.65620405711926,80.65383535106224,15.640142575301091,61.46450892055052,80.65383535106224,86.72206272990564,86.72206272990564,86.72206272990564,86.72206272990564
545,16.863005510575263,69.35290228804767,98.6131334948468,92.97697964729991,86.72206272990564,98.6131334948468,119.66116421470716,95.385586368417,18.48749937972313,100.55461530164,79.40277636580336,98.71028122137828,86.72206272990564,79.40277636580336,38.94792250899779,98.71028122137828,79.40277636580336,95.385586368417,95.385586368417,95.385586368417,95.385586368417
546,3.019826188625797,52.447641701054046,7.636839514970387,75.17007589725216,17.051458953753407,7.636839514970387,62.14431545641469,75.17007589725216,19.556030934237143,72.10312490072226,64.90153616019273,54.481993544882144,17.051458953753407,64.90153616019273,66.34336091799776,54.481993544882144,64.90153616019273,75.17007589725216,75.17007589725216,75.17007589725216,75.17007589725216
547,0.0,121.82294201676557,73.28811280749733,34.151204772867246,46.54387409877263,73.28811280749733,63.20595657167126,34.151204772867246,16.309933146173606,26.12159009934816,56.40161547253052,58.68406475714613,46.54387409877263,56.40161547253052,35.21104254889525,58.68406475714613,56.40161547253052,34.151204772867246,34.151204772867246,34.151204772867246,34.151204772867246
548,0.3875205621218416,67.76790129653567,63.683352299039406,15.640142575301091,22.406112640128114,63.683352299039406,79.49567638536696,15.493096159676131,28.497079038139624,39.251213451004375,26.12159009934816,66.04681020854102,22.406112640128114,26.12159009934816,26.12159009934816,66.04681020854102,26.12159009934816,15.493096159676131,15.493096159676131,15.493096159676131,15.493096159676131
549,15.387513335715358,79.24347823670004,80.14707873836394,15.493096159676131,32.635502028494244,80.14707873836394,26.12159009934816,142.07312047091486,3.1142432624567684,23.506400766370884,12.683710103837011,26.12159009934816,32.635502028494244,12.683710103837011,32.751219967399415,26.12159009934816,12.683710103837011,142.07312047091486,142.07312047091486,142.07312047091486,142.07312047091486
550,7.636839514970387,15.62916467405199,19.10689337210281,54.142304425843065,98.87411511241272,19.10689337210281,39.251213451004375,81.20404094430106,13.487612142348269,92.97697964729991,46.27706534369489,39.251213451004375,98.87411511241272,46.27706534369489,43.63437829645395,39.251213451004375,46.27706534369489,81.20404094430106,81.20404094430106,81.20404094430106,81.20404094430106
551,14.766290915009508,17.051458953753407,23.844210237018928,74.62220767862709,71.94909321188271,23.844210237018928,86.72206272990564,97.01929767821254,4.684076296780081,75.17007589725216,86.72206272990564,23.506400766370884,71.94909321188271,86.72206272990564,18.48749937972313,23.506400766370884,86.72206272990564,97.01929767821254,97.01929767821254,97.01929767821254,97.01929767821254
552,0.0,44.35568543952104,76.66504481000626,71.1259753089474,62.06811331822829,76.66504481000626,107.19293667145996,26.12159009934816,9.622699368355027,34.151204772867246,46.54387409877263,61.66217576991834,62.06811331822829,46.54387409877263,3.1142432624567684,61.66217576991834,46.54387409877263,26.12159009934816,26.12159009934816,26.12159009934816,26.12159009934816
553,4.684076296780081,7.636839514970387,46.27706534369489,68.08693835074024,51.13187295608899,46.27706534369489,71.47263380432861,68.08693835074024,21.78474162555651,15.640142575301091,81.90631174347327,75.17007589725216,51.13187295608899,81.90631174347327,9.622699368355027,75.17007589725216,81.90631174347327,68.08693835074024,68.08693835074024,68.08693835074024,68.08693835074024
554,0.0,32.751219967399415,88.69169572828424,54.49366000681719,26.12159009934816,88.69169572828424,47.96602336479624,19.10689337210281,19.928059826584818,15.493096159676131,82.00054532505325,34.151204772867246,26.12159009934816,82.00054532505325,13.487612142348269,34.151204772867246,82.00054532505325,19.10689337210281,19.10689337210281,19.10689337210281,19.10689337210281
555,7.303284211370131,23.506400766370884,57.409883644742855,158.21431221604635,68.16777776074922,57.409883644742855,15.493096159676131,76.66504481000626,17.021969500118047,54.142304425843065,2.4738065354669185,15.640142575301091,68.16777776074922,2.4738065354669185,71.94909321188271,15.640142575301091,2.4738065354669185,76.66504481000626,76.66504481000626,76.66504481000626,76.66504481000626
556,0.0,47.74289166997524,26.12159009934816,55.68205594980975,67.98329017447331,26.12159009934816,54.142304425843065,46.27706534369489,11.78638552689354,74.62220767862709,50.56588813481755,15.493096159676131,67.98329017447331,50.56588813481755,98.90252628970322,15.493096159676131,50.56588813481755,46.27706534369489,46.27706534369489,46.27706534369489,46.27706534369489
557,6.145876795489233,15.640142575301091,121.71198718972482,115.39482310094172,19.10689337210281,121.71198718972482,71.94909321188271,63.68491230270351,6.6638126733491685,71.1259753089474,62.06811331822829,54.142304425843065,19.10689337210281,62.06811331822829,46.27706534369489,54.142304425843065,62.06811331822829,63.68491230270351,63.68491230270351,63.68491230270351,63.68491230270351
558,9.609022441666976,38.24626677598264,46.27706534369489,73.15646336134624,76.66504481000626,46.27706534369489,54.81205610655643,73.15646336134624,19.33819485367601,7.636839514970387,52.7367463952753,81.20404094430106,76.66504481000626,52.7367463952753,59.07175890889215,81.20404094430106,52.7367463952753,73.15646336134624,73.15646336134624,73.15646336134624,73.15646336134624
559,4.4122950105657575,67.55432657351943,76.66504481000626,78.9939300029734,69.34298596890551,76.66504481000626,26.12159009934816,121.71198718972482,24.096273283808603,68.08693835074024,7.636839514970387,97.01929767821254,69.34298596890551,7.636839514970387,66.34336091799776,97.01929767821254,7.636839514970387,121.71198718972482,121.71198718972482,121.71198718972482,121.71198718972482
560,0.5637143564423058,69.8825841049235,48.05816345027328,78.38897168767542,39.251213451004375,48.05816345027328,65.75486164488264,78.38897168767542,7.636839514970387,23.844210237018928,68.16777776074922,26.12159009934816,39.251213451004375,68.16777776074922,23.506400766370884,26.12159009934816,68.16777776074922,78.38897168767542,78.38897168767542,78.38897168767542,78.38897168767542
561,2.960144946582118,55.38961106268262,19.10689337210281,26.12159009934816,104.169668733385,19.10689337210281,110.54454586320816,26.12159009934816,23.48102650802713,76.66504481000626,67.41447288353484,68.08693835074024,104.169668733385,67.41447288353484,7.636839514970387,68.08693835074024,67.41447288353484,26.12159009934816,26.12159009934816,26.12159009934816,26.12159009934816
562,10.228968202597086,60.928445113780114,82.18334630197175,108.72734779341825,115.67877226005844,82.18334630197175,55.68205594980975,104.169668733385,23.506400766370884,55.68205594980975,62.47424259323312,76.66504481000626,115.67877226005844,62.47424259323312,73.13557257116545,76.66504481000626,62.47424259323312,104.169668733385,104.169668733385,104.169668733385,104.169668733385
563,23.48102650802713,26.12159009934816,43.902832226901154,76.66504481000626,26.12159009934816,43.902832226901154,105.04348852864617,39.251213451004375,14.766290915009508,115.39482310094172,23.844210237018928,55.68205594980975,26.12159009934816,23.844210237018928,46.27706534369489,55.68205594980975,23.844210237018928,39.251213451004375,39.251213451004375,39.251213451004375,39.251213451004375
564,17.021969500118047,66.04681020854102,45.1110038109903,115.67877226005844,108.30801263866478,45.1110038109903,119.66116421470716,76.66504481000626,12.920634810148757,73.15646336134624,76.66504481000626,115.39482310094172,108.30801263866478,76.66504481000626,15.640142575301091,115.39482310094172,76.66504481000626,76.66504481000626,76.66504481000626,76.66504481000626,76.66504481000626
565,11.78638552689354,19.10689337210281,47.39956861938555,67.41447288353484,97.454943708045,47.39956861938555,93.91625940424066,115.67877226005844,15.640142575301091,78.9939300029734,104.67187827811684,73.15646336134624,97.454943708045,104.67187827811684,12.568579977111256,73.15646336134624,104.67187827811684,115.67877226005844,115.67877226005844,115.67877226005844,115.67877226005844
566,19.33819485367601,23.506400766370884,26.12159009934816,58.38167307478719,38.733146854800914,26.12159009934816,62.06811331822829,69.34298596890551,12.91840164854206,78.38897168767542,69.95549577727925,121.71198718972482,38.733146854800914,69.95549577727925,59.595840653549416,121.71198718972482,69.95549577727925,69.34298596890551,69.34298596890551,69.34298596890551,69.34298596890551
567,2.4738065354669185,51.14407993812507,62.05356921186962,19.10689337210281,93.01407819059824,62.05356921186962,7.636839514970387,71.26390922612282,7.214723588625733,26.12159009934816,115.67877226005844,78.38897168767542,93.01407819059824,115.67877226005844,41.651408760998834,78.38897168767542,115.67877226005844,71.26390922612282,71.26390922612282,71.26390922612282,71.26390922612282
568,6.6638126733491685,15.640142575301091,55.68205594980975,51.64031985237029,105.05789900597092,55.68205594980975,69.09261779666252,19.10689337210281,34.5799438137883,108.72734779341825,26.12159009934816,26.12159009934816,105.05789900597092,26.12159009934816,28.299810675822464,26.12159009934816,26.12159009934816,19.10689337210281,19.10689337210281,19.10689337210281,19.10689337210281
569,19.556030934237143,89.9088338008727,121.53434397864142,66.34336091799776,9.622699368355027,121.53434397864142,23.844210237018928,66.34336091799776,4.684076296780081,76.66504481000626,111.81067498341392,115.71495904409474,9.622699368355027,111.81067498341392,38.9206963816396,115.71495904409474,111.81067498341392,66.34336091799776,66.34336091799776,66.34336091799776,66.34336091799776
570,19.21947957931243,62.4421561600513,41.42934042865826,26.12159009934816,101.72610029379396,41.42934042865826,35.867128062558265,7.636839514970387,24.740517465640632,115.67877226005844,81.6481973611856,46.27706534369489,101.72610029379396,81.6481973611856,93.5680959483336,46.27706534369489,81.6481973611856,7.636839514970387,7.636839514970387,7.636839514970387,7.636839514970387
571,16.677414431009574,58.27642254829068,32.34032164710557,57.3509611117281,76.7594263090052,32.34032164710557,131.18730968519054,73.28811280749733,7.303284211370131,67.41447288353484,62.14431545641469,76.66504481000626,76.7594263090052,62.14431545641469,45.30123899332045,76.66504481000626,62.14431545641469,73.28811280749733,73.28811280749733,73.28811280749733,73.28811280749733
572,16.309933146173606,48.956321040407865,103.29572901550384,40.41181774767532,7.636839514970387,103.29572901550384,76.66504481000626,14.525500708419337,20.529699872170056,58.38167307478719,76.66504481000626,35.80579141477383,7.636839514970387,76.66504481000626,7.636839514970387,35.80579141477383,76.66504481000626,14.525500708419337,14.525500708419337,14.525500708419337,14.525500708419337
573,7.636839514970387,44.61322923783708,90.46803986722712,55.68205594980975,73.28811280749733,90.46803986722712,124.19833127088384,81.6481973611856,18.48749937972313,19.10689337210281,51.04483639634894,86.45851210896927,73.28811280749733,51.04483639634894,23.506400766370884,86.45851210896927,51.04483639634894,81.6481973611856,81.6481973611856,81.6481973611856,81.6481973611856
574,4.4122950105657575,40.51455615745728,82.23420902372852,105.04348852864617,14.525500708419337,82.23420902372852,68.30636578233567,88.69169572828424,21.78474162555651,51.64031985237029,113.1885415314043,49.35308779404424,14.525500708419337,113.1885415314043,66.3005629065763,49.35308779404424,113.1885415314043,88.69169572828424,88.69169572828424,88.69169572828424,88.69169572828424
575,4.684076296780081,46.27706534369489,79.31035610894327,119.66116421470716,55.68205594980975,79.31035610894327,72.11379750283545,32.34032164710557,10.10773827919754,66.34336091799776,40.39878900364079,19.10689337210281,55.68205594980975,40.39878900364079,39.251213451004375,19.10689337210281,40.39878900364079,32.34032164710557,32.34032164710557,32.34032164710557,32.34032164710557
576,0.0,26.12159009934816,7.636839514970387,32.34032164710557,105.04348852864617,7.636839514970387,7.636839514970387,23.844210237018928,20.74919042954226,26.12159009934816,33.57111191606526,63.683352299039406,105.04348852864617,33.57111191606526,15.640142575301091,63.683352299039406,33.57111191606526,23.844210237018928,23.844210237018928,23.844210237018928,23.844210237018928
577,0.3875205621218416,32.38296954010639,23.20825658976362,76.13656313489018,70.13421186126084,23.20825658976362,69.00810321046866,94.68854752847196,26.014843621319677,57.3509611117281,26.12159009934816,43.22682214555096,70.13421186126084,26.12159009934816,27.77773560707552,43.22682214555096,26.12159009934816,94.68854752847196,94.68854752847196,94.68854752847196,94.68854752847196
578,14.766290915009508,15.640142575301091,30.552970678422465,72.48555125855775,32.34032164710557,30.552970678422465,25.200339598789704,80.14707873836394,16.309933146173606,40.41181774767532,164.38014994500716,26.12159009934816,32.34032164710557,164.38014994500716,23.844210237018928,26.12159009934816,164.38014994500716,80.14707873836394,80.14707873836394,80.14707873836394,80.14707873836394
579,0.0,90.97544310108586,69.3085026280481,26.12159009934816,44.21196994661145,69.3085026280481,93.14068232917194,57.409883644742855,9.622699368355027,55.68205594980975,74.6223454684951,63.52974194330727,44.21196994661145,74.6223454684951,38.7359342471733,63.52974194330727,74.6223454684951,57.409883644742855,57.409883644742855,57.409883644742855,57.409883644742855
580,0.0,50.93211715542875,50.137422932500186,15.640142575301091,87.52026730845935,50.137422932500186,32.34032164710557,26.12159009934816,7.636839514970387,105.04348852864617,77.37101890303583,68.16777776074922,87.52026730845935,77.37101890303583,68.16777776074922,68.16777776074922,77.37101890303583,26.12159009934816,26.12159009934816,26.12159009934816,26.12159009934816
581,3.019826188625797,70.07718006314518,110.54454586320816,55.68205594980975,57.409883644742855,110.54454586320816,59.0526168517878,15.640142575301091,0.0,119.66116421470716,102.29737798464184,55.72474798826629,57.409883644742855,102.29737798464184,12.568579977111256,55.72474798826629,102.29737798464184,15.640142575301091,15.640142575301091,15.640142575301091,15.640142575301091
582,0.0,57.77416848988207,51.14215262604846,98.90252628970322,7.636839514970387,51.14215262604846,65.71247897328416,55.68205594980975,6.6638126733491685,32.34032164710557,75.05748612961305,81.6481973611856,7.636839514970387,75.05748612961305,32.64122110543623,81.6481973611856,75.05748612961305,55.68205594980975,55.68205594980975,55.68205594980975,55.68205594980975
583,2.960144946582118,19.10689337210281,68.16777776074922,71.47263380432861,30.552970678422465,68.16777776074922,73.71442570668256,98.90252628970322,4.684076296780081,76.13656313489018,81.42820363846961,115.71495904409474,30.552970678422465,81.42820363846961,57.246878003885314,115.71495904409474,81.42820363846961,98.90252628970322,98.90252628970322,98.90252628970322,98.90252628970322
584,1.1274287128846117,56.29903733707754,88.89404347969125,47.32888389967341,48.65620405711926,88.89404347969125,38.182300144545664,23.506400766370884,12.91840164854206,72.48555125855775,82.23420902372852,32.34032164710557,48.65620405711926,82.23420902372852,56.672831047682685,32.34032164710557,82.23420902372852,23.506400766370884,23.506400766370884,23.506400766370884,23.506400766370884
585,14.135742940017568,26.12159009934816,7.636839514970387,71.94909321188271,104.77880448407744,7.636839514970387,118.07908263459468,65.56840996188473,3.1142432624567684,26.12159009934816,23.20825658976362,94.68854752847196,104.77880448407744,23.20825658976362,23.506400766370884,94.68854752847196,23.20825658976362,65.56840996188473,65.56840996188473,65.56840996188473,65.56840996188473
586,9.609022441666976,98.90252628970322,48.65620405711926,110.78166970713032,119.69805160158027,48.65620405711926,7.636839514970387,56.27063389328144,21.78474162555651,15.640142575301091,61.20242044822073,55.10105402313767,119.69805160158027,61.20242044822073,26.12159009934816,55.10105402313767,61.20242044822073,56.27063389328144,56.27063389328144,56.27063389328144,56.27063389328144
587,14.217796772632587,19.10689337210281,30.552970678422465,97.31737922724996,80.41703145305506,30.552970678422465,72.10312490072226,110.78166970713032,11.78638552689354,55.68205594980975,73.68357372922785,26.12159009934816,80.41703145305506,73.68357372922785,25.02609869838625,26.12159009934816,73.68357372922785,110.78166970713032,110.78166970713032,110.78166970713032,110.78166970713032
588,7.303284211370131,31.062824945670524,41.56314252054269,7.636839514970387,65.4976514556391,41.56314252054269,12.920634810148757,48.956321040407865,13.487612142348269,98.90252628970322,14.766290915009508,15.640142575301091,65.4976514556391,14.766290915009508,4.684076296780081,15.640142575301091,14.766290915009508,48.956321040407865,48.956321040407865,48.956321040407865,48.956321040407865
589,15.387513335715358,55.72474798826629,102.3966449547128,28.84127616986776,95.1605948535827,102.3966449547128,35.867128062558265,48.402349187837416,7.214723588625733,71.47263380432861,196.62475752761767,55.68205594980975,95.1605948535827,196.62475752761767,15.62916467405199,55.68205594980975,196.62475752761767,48.402349187837416,48.402349187837416,48.402349187837416,48.402349187837416
590,6.6638126733491685,59.07175890889215,15.62916467405199,30.552970678422465,81.69039053079264,15.62916467405199,15.62916467405199,7.636839514970387,14.766290915009508,47.32888389967341,105.77915122943551,98.90252628970322,81.69039053079264,105.77915122943551,55.73160670273752,98.90252628970322,105.77915122943551,7.636839514970387,7.636839514970387,7.636839514970387,7.636839514970387
591,16.46855708347967,46.27706534369489,84.56729356130428,104.77880448407744,26.12159009934816,84.56729356130428,47.32888389967341,28.84127616986776,24.740517465640632,71.94909321188271,52.58578771557993,71.47263380432861,26.12159009934816,52.58578771557993,54.62262705272613,71.47263380432861,52.58578771557993,28.84127616986776,28.84127616986776,28.84127616986776,28.84127616986776
592,6.145876795489233,71.95307769086597,98.0144879097585,89.93738434519528,110.54454586320816,98.0144879097585,131.18730968519054,30.552970678422465,21.270004543237665,110.78166970713032,68.16777776074922,47.32888389967341,110.54454586320816,68.16777776074922,46.27706534369489,47.32888389967341,68.16777776074922,30.552970678422465,30.552970678422465,30.552970678422465,30.552970678422465
593,13.122125031663854,68.6684741602332,85.47456279882708,107.14695755222476,65.88866572397325,85.47456279882708,15.440254849444186,104.77880448407744,16.309933146173606,97.31737922724996,88.89404347969125,71.94909321188271,65.88866572397325,88.89404347969125,86.74885993047798,71.94909321188271,88.89404347969125,104.77880448407744,104.77880448407744,104.77880448407744,104.77880448407744
594,23.48102650802713,68.16777776074922,58.11824932022306,86.6789682064533,72.10312490072226,58.11824932022306,46.58892875902672,54.62262705272613,23.48102650802713,7.636839514970387,35.867128062558265,110.78166970713032,72.10312490072226,35.867128062558265,35.74990045411703,110.78166970713032,35.867128062558265,54.62262705272613,54.62262705272613,54.62262705272613,54.62262705272613
595,10.228968202597086,46.27706534369489,26.12159009934816,113.29937261243631,141.464803477344,26.12159009934816,57.31409367246901,107.14695755222476,18.48749937972313,28.84127616986776,47.70090872355166,97.31737922724996,141.464803477344,47.70090872355166,62.21884761092979,97.31737922724996,47.70090872355166,107.14695755222476,107.14695755222476,107.14695755222476,107.14695755222476
596,22.605412277057063,7.636839514970387,48.65620405711926,55.29478860240378,90.50549342393792,48.65620405711926,100.55461530164,76.2354012529181,17.021969500118047,30.552970678422465,41.56314252054269,7.636839514970387,90.50549342393792,41.56314252054269,53.87986022213201,7.636839514970387,41.56314252054269,76.2354012529181,76.2354012529181,76.2354012529181,76.2354012529181
597,2.4738065354669185,76.66504481000626,58.63678283027168,7.636839514970387,142.72587293147953,58.63678283027168,7.636839514970387,103.652876162884,19.33819485367601,104.77880448407744,85.02378278623159,28.84127616986776,142.72587293147953,85.02378278623159,23.506400766370884,28.84127616986776,85.02378278623159,103.652876162884,103.652876162884,103.652876162884,103.652876162884
598,23.92819870345732,69.16083683267111,86.72206272990564,55.68205594980975,101.05274608244972,86.72206272990564,104.48079560073552,105.4697957240004,19.556030934237143,89.93738434519528,90.95878583306867,30.552970678422465,101.05274608244972,90.95878583306867,7.636839514970387,30.552970678422465,90.95878583306867,105.4697957240004,105.4697957240004,105.4697957240004,105.4697957240004
599,16.309933146173606,67.30500782903363,62.47847168564663,0.0,7.636839514970387,62.47847168564663,17.051458953753407,55.68205594980975,24.096273283808603,107.14695755222476,92.73515416356544,104.77880448407744,7.636839514970387,92.73515416356544,0.0,104.77880448407744,92.73515416356544,55.68205594980975,55.68205594980975,55.68205594980975,55.68205594980975
600,4.4122950105657575,25.02609869838625,61.623386823386,76.66504481000626,55.68205594980975,61.623386823386,41.56314252054269,73.28061784942686,24.740517465640632,86.6789682064533,124.1681744973703,89.93738434519528,55.68205594980975,124.1681744973703,46.58892875902672,89.93738434519528,124.1681744973703,73.28061784942686,73.28061784942686,73.28061784942686,73.28061784942686
601,7.636839514970387,93.17549198494332,47.74289166997524,105.44397522723466,76.66504481000626,47.74289166997524,74.27578683072412,76.66504481000626,23.506400766370884,113.29937261243631,82.90795242609015,64.65090168089313,76.66504481000626,82.90795242609015,18.48749937972313,64.65090168089313,82.90795242609015,76.66504481000626,76.66504481000626,76.66504481000626,76.66504481000626
602,14.766290915009508,33.57111191606526,31.486371017247755,26.116584502769488,49.421353053003656,31.486371017247755,15.62916467405199,49.421353053003656,7.636839514970387,55.29478860240378,63.43894841515623,107.14695755222476,49.421353053003656,63.43894841515623,46.27706534369489,107.14695755222476,63.43894841515623,49.421353053003656,49.421353053003656,49.421353053003656,49.421353053003656
603,2.4738065354669185,66.34336091799776,90.67399369302916,115.39482310094172,41.651408760998834,90.67399369302916,54.62262705272613,26.116584502769488,20.529699872170056,7.636839514970387,26.12159009934816,76.2354012529181,41.651408760998834,26.12159009934816,72.10312490072226,76.2354012529181,26.12159009934816,26.116584502769488,26.116584502769488,26.116584502769488,26.116584502769488
604,7.303284211370131,53.88724467900358,55.39609609689465,49.19270848802522,115.39482310094172,55.39609609689465,100.35000686717548,115.39482310094172,10.10773827919754,55.68205594980975,55.68205594980975,113.29937261243631,115.39482310094172,55.68205594980975,46.79529802712396,113.29937261243631,55.68205594980975,115.39482310094172,115.39482310094172,115.39482310094172,115.39482310094172
605,13.122125031663854,7.636839514970387,23.506400766370884,68.82791912674644,31.486371017247755,23.506400766370884,71.10289419064189,31.486371017247755,21.78474162555651,0.0,76.66504481000626,7.636839514970387,31.486371017247755,76.66504481000626,33.57111191606526,7.636839514970387,76.66504481000626,31.486371017247755,31.486371017247755,31.486371017247755,31.486371017247755
606,15.387513335715358,23.844210237018928,71.636520248887,59.01450710166656,39.601317508350206,71.636520248887,87.37846480706027,39.601317508350206,0.0,76.66504481000626,79.40277636580336,55.68205594980975,39.601317508350206,79.40277636580336,82.18334630197175,55.68205594980975,79.40277636580336,39.601317508350206,39.601317508350206,39.601317508350206,39.601317508350206
607,0.0,18.48749937972313,26.12159009934816,86.72206272990564,68.82791912674644,26.12159009934816,7.636839514970387,68.82791912674644,12.568579977111256,105.44397522723466,65.83671180090879,70.65471133519648,68.82791912674644,65.83671180090879,29.025757415975228,70.65471133519648,65.83671180090879,68.82791912674644,68.82791912674644,68.82791912674644,68.82791912674644
608,0.3875205621218416,49.35308779404424,48.65620405711926,71.636520248887,59.01450710166656,48.65620405711926,35.867128062558265,59.01450710166656,12.91840164854206,26.116584502769488,40.034072295866615,42.487409588604926,59.01450710166656,40.034072295866615,37.35183799057217,42.487409588604926,40.034072295866615,59.01450710166656,59.01450710166656,59.01450710166656,59.01450710166656
609,12.91840164854206,76.66504481000626,15.640142575301091,7.636839514970387,23.506400766370884,15.640142575301091,25.841269620297503,23.506400766370884,15.640142575301091,115.39482310094172,62.11286178356679,41.651408760998834,23.506400766370884,62.11286178356679,15.386548204894032,41.651408760998834,62.11286178356679,23.506400766370884,23.506400766370884,23.506400766370884,23.506400766370884
610,4.684076296780081,72.99690185734335,103.9579685377564,0.0,62.178431075686326,103.9579685377564,131.18730968519054,71.636520248887,7.214723588625733,49.19270848802522,96.53675716614964,115.39482310094172,62.178431075686326,96.53675716614964,23.506400766370884,115.39482310094172,96.53675716614964,71.636520248887,71.636520248887,71.636520248887,71.636520248887
611,0.0,51.64031985237029,84.51278012937327,48.65620405711926,26.12159009934816,84.51278012937327,117.54602289623506,7.636839514970387,14.766290915009508,68.82791912674644,93.5680959483336,42.872813788484265,26.12159009934816,93.5680959483336,7.636839514970387,42.872813788484265,93.5680959483336,7.636839514970387,7.636839514970387,7.636839514970387,7.636839514970387
612,21.78474162555651,56.23054113121483,65.83671180090879,103.9579685377564,48.65620405711926,65.83671180090879,115.67877226005844,0.0,20.888786777901167,59.01450710166656,23.506400766370884,39.601317508350206,48.65620405711926,23.506400766370884,46.27706534369489,39.601317508350206,23.506400766370884,0.0,0.0,0.0,0.0
613,18.73381619939377,35.80579141477383,43.91634089942677,84.51278012937327,15.640142575301091,43.91634089942677,85.4096438229483,48.65620405711926,10.2059905448889,86.72206272990564,69.72103852645729,68.82791912674644,15.640142575301091,69.72103852645729,44.21196994661145,68.82791912674644,69.72103852645729,48.65620405711926,48.65620405711926,48.65620405711926,48.65620405711926
614,0.0,48.956321040407865,79.40277636580336,65.83671180090879,103.9579685377564,79.40277636580336,64.27443525852769,103.9579685377564,23.48102650802713,71.636520248887,26.12159009934816,59.01450710166656,103.9579685377564,26.12159009934816,27.065343697966583,59.01450710166656,26.12159009934816,103.9579685377564,103.9579685377564,103.9579685377564,103.9579685377564
615,0.0,66.04681020854102,7.636839514970387,43.91634089942677,76.54821823655432,7.636839514970387,69.66537069387783,84.51278012937327,25.75988621150465,7.636839514970387,48.65620405711926,86.72206272990564,76.54821823655432,48.65620405711926,69.35290228804767,86.72206272990564,48.65620405711926,84.51278012937327,84.51278012937327,84.51278012937327,84.51278012937327
616,12.810975872230134,7.636839514970387,62.76760173949365,79.40277636580336,84.5541652854995,62.76760173949365,86.72206272990564,65.83671180090879,28.914310157557708,0.0,15.640142575301091,71.636520248887,84.5541652854995,15.640142575301091,52.447641701054046,71.636520248887,15.640142575301091,65.83671180090879,65.83671180090879,65.83671180090879,65.83671180090879
617,3.019826188625797,39.251213451004375,25.841269620297503,98.87411511241272,43.91634089942677,25.841269620297503,56.866551234894914,43.91634089942677,26.014843621319677,48.65620405711926,134.19586166589022,7.636839514970387,43.91634089942677,134.19586166589022,40.90640192143745,7.636839514970387,134.19586166589022,43.91634089942677,43.91634089942677,43.91634089942677,43.91634089942677
618,0.5637143564423058,23.506400766370884,65.31463673216184,26.12159009934816,79.40277636580336,65.31463673216184,7.636839514970387,79.40277636580336,16.58709423727748,103.9579685377564,65.31463673216184,0.0,79.40277636580336,65.31463673216184,48.956321040407865,0.0,65.31463673216184,79.40277636580336,79.40277636580336,79.40277636580336,79.40277636580336
619,7.214723588625733,41.723089815471866,76.66504481000626,51.74402153797591,105.04348852864617,76.66504481000626,25.841269620297503,15.386548204894032,23.506400766370884,84.51278012937327,80.69175475766832,48.65620405711926,105.04348852864617,80.69175475766832,61.623386823386,48.65620405711926,80.69175475766832,15.386548204894032,15.386548204894032,15.386548204894032,15.386548204894032
620,6.6638126733491685,75.17007589725216,57.3509611117281,48.65620405711926,7.636839514970387,57.3509611117281,55.68205594980975,98.87411511241272,7.636839514970387,65.83671180090879,43.91634089942677,103.9579685377564,7.636839514970387,43.91634089942677,15.62916467405199,103.9579685377564,43.91634089942677,98.87411511241272,98.87411511241272,98.87411511241272,98.87411511241272
621,6.145876795489233,34.151204772867246,49.421353053003656,120.55800436146431,55.68205594980975,49.421353053003656,76.54821823655432,26.12159009934816,14.766290915009508,43.91634089942677,67.89059061802394,84.51278012937327,55.68205594980975,67.89059061802394,39.882306215365325,84.51278012937327,67.89059061802394,26.12159009934816,26.12159009934816,26.12159009934816,26.12159009934816
622,12.854303678485277,15.640142575301091,109.82534851702994,68.16777776074922,23.844210237018928,109.82534851702994,84.28479604539226,51.74402153797591,4.684076296780081,79.40277636580336,7.636839514970387,65.83671180090879,23.844210237018928,7.636839514970387,48.373431908563965,65.83671180090879,7.636839514970387,51.74402153797591,51.74402153797591,51.74402153797591,51.74402153797591
623,11.78638552689354,35.46288408481417,31.486371017247755,44.363296817854405,37.205843634878526,31.486371017247755,83.40966046709845,48.65620405711926,7.214723588625733,98.87411511241272,38.24626677598264,43.91634089942677,37.205843634878526,38.24626677598264,26.12159009934816,43.91634089942677,38.24626677598264,48.65620405711926,48.65620405711926,48.65620405711926,48.65620405711926
624,18.297539942569266,15.493096159676131,97.00849019236044,36.16302183483372,57.3509611117281,97.00849019236044,33.57111191606526,120.55800436146431,12.920634810148757,26.12159009934816,25.841269620297503,79.40277636580336,57.3509611117281,25.841269620297503,32.751219967399415,79.40277636580336,25.841269620297503,120.55800436146431,120.55800436146431,120.55800436146431,120.55800436146431
625,18.796005339089724,54.142304425843065,26.12159009934816,62.47424259323312,49.421353053003656,26.12159009934816,79.40277636580336,44.363296817854405,30.96310401483121,51.74402153797591,47.74289166997524,47.16420431417454,49.421353053003656,47.74289166997524,23.506400766370884,47.16420431417454,47.74289166997524,44.363296817854405,44.363296817854405,44.363296817854405,44.363296817854405
626,16.309933146173606,74.62220767862709,77.40745883013341,40.45735309756712,67.35171604828075,77.40745883013341,26.12159009934816,36.16302183483372,15.62916467405199,48.65620405711926,76.66504481000626,7.636839514970387,67.35171604828075,76.66504481000626,41.40754611124617,7.636839514970387,76.66504481000626,36.16302183483372,36.16302183483372,36.16302183483372,36.16302183483372
627,7.636839514970387,71.1259753089474,83.40966046709845,26.12159009934816,90.32595882000224,83.40966046709845,55.68205594980975,65.75486164488264,10.10773827919754,120.55800436146431,57.3509611117281,21.610471285697063,90.32595882000224,57.3509611117281,10.2059905448889,21.610471285697063,57.3509611117281,65.75486164488264,65.75486164488264,65.75486164488264,65.75486164488264
628,0.0,7.636839514970387,58.1267629786228,60.34906450336695,72.48555125855775,58.1267629786228,65.31463673216184,66.34336091799776,20.529699872170056,68.16777776074922,112.48560485371252,39.251213451004375,72.48555125855775,112.48560485371252,77.37101890303583,39.251213451004375,112.48560485371252,66.34336091799776,66.34336091799776,66.34336091799776,66.34336091799776
629,2.4738065354669185,68.08693835074024,46.27706534369489,15.62916467405199,26.12159009934816,46.27706534369489,120.55800436146431,40.45735309756712,8.879516379871745,44.363296817854405,55.07623183203281,18.48749937972313,26.12159009934816,55.07623183203281,15.640142575301091,18.48749937972313,55.07623183203281,40.45735309756712,40.45735309756712,40.45735309756712,40.45735309756712
630,0.0,19.10689337210281,115.68773291673656,56.08980700650153,104.67187827811684,115.68773291673656,58.63678283027168,26.12159009934816,16.309933146173606,36.16302183483372,122.5506073646196,23.844210237018928,104.67187827811684,122.5506073646196,39.251213451004375,23.844210237018928,122.5506073646196,26.12159009934816,26.12159009934816,26.12159009934816,26.12159009934816
631,2.830579076499756,23.844210237018928,59.81288887912674,57.646740653156144,58.1267629786228,59.81288887912674,101.09443622618286,60.34906450336695,7.303284211370131,62.47424259323312,83.83151060425536,120.55800436146431,58.1267629786228,83.83151060425536,63.899612890391175,120.55800436146431,83.83151060425536,60.34906450336695,60.34906450336695,60.34906450336695,60.34906450336695
632,14.766290915009508,76.66504481000626,60.108675575477456,46.27706534369489,53.47395524732382,60.108675575477456,27.61532055621485,119.30546897003627,21.78474162555651,40.45735309756712,63.20595657167126,37.15683961745056,53.47395524732382,63.20595657167126,12.568579977111256,37.15683961745056,63.20595657167126,119.30546897003627,119.30546897003627,119.30546897003627,119.30546897003627
633,4.4122950105657575,46.27706534369489,77.22808566175242,66.82004880541717,117.67545867490932,77.22808566175242,36.90456354166748,57.646740653156144,18.48749937972313,26.12159009934816,26.12159009934816,36.16302183483372,117.67545867490932,26.12159009934816,84.067934583006,36.16302183483372,26.12159009934816,57.646740653156144,57.646740653156144,57.646740653156144,57.646740653156144
634,6.145876795489233,63.68491230270351,61.20242044822073,18.48749937972313,62.47424259323312,61.20242044822073,56.10237318548423,46.27706534369489,23.48102650802713,60.34906450336695,101.31984986136224,65.75486164488264,62.47424259323312,101.31984986136224,26.12159009934816,65.75486164488264,101.31984986136224,46.27706534369489,46.27706534369489,46.27706534369489,46.27706534369489
635,21.78474162555651,73.15646336134624,58.98804331704568,123.66483256122208,48.96823937556951,58.98804331704568,61.623386823386,66.82004880541717,35.33996940893572,15.62916467405199,15.62916467405199,66.34336091799776,48.96823937556951,15.62916467405199,66.04681020854102,66.34336091799776,15.62916467405199,66.82004880541717,66.82004880541717,66.82004880541717,66.82004880541717
636,0.0,78.9939300029734,28.84127616986776,89.40225465065977,60.108675575477456,28.84127616986776,79.03857636449828,18.48749937972313,19.33819485367601,56.08980700650153,56.08980700650153,40.45735309756712,60.108675575477456,56.08980700650153,19.10689337210281,40.45735309756712,56.08980700650153,18.48749937972313,18.48749937972313,18.48749937972313,18.48749937972313
637,13.584427309904624,78.38897168767542,35.96947627217568,7.636839514970387,67.96796321780818,35.96947627217568,88.0552532623194,123.66483256122208,26.014843621319677,57.646740653156144,52.64539106544917,26.12159009934816,67.96796321780818,52.64539106544917,23.506400766370884,26.12159009934816,52.64539106544917,123.66483256122208,123.66483256122208,123.66483256122208,123.66483256122208
638,7.303284211370131,7.636839514970387,132.96877750359377,17.051458953753407,54.49366000681719,132.96877750359377,26.12159009934816,89.40225465065977,7.636839514970387,46.27706534369489,123.66483256122208,60.34906450336695,54.49366000681719,123.66483256122208,51.14407993812507,60.34906450336695,123.66483256122208,89.40225465065977,89.40225465065977,89.40225465065977,89.40225465065977
639,0.0,66.18800669064842,110.821940980698,33.57111191606526,105.04348852864617,110.821940980698,53.47395524732382,7.636839514970387,12.920634810148757,66.82004880541717,92.26735634123516,15.62916467405199,105.04348852864617,92.26735634123516,15.640142575301091,15.62916467405199,92.26735634123516,7.636839514970387,7.636839514970387,7.636839514970387,7.636839514970387
640,1.6866616882544527,46.27706534369489,78.12578508828344,59.07175890889215,55.68205594980975,78.12578508828344,97.454943708045,17.051458953753407,4.684076296780081,18.48749937972313,72.73887993368102,41.56314252054269,55.68205594980975,72.73887993368102,89.9088338008727,41.56314252054269,72.73887993368102,17.051458953753407,17.051458953753407,17.051458953753407,17.051458953753407
641,14.564940117055428,76.66504481000626,87.74203603264529,46.27706534369489,44.31349054230374,87.74203603264529,117.1486740887492,54.64749969233924,15.640142575301091,123.66483256122208,7.636839514970387,59.996889425548005,44.31349054230374,7.636839514970387,62.4421561600513,59.996889425548005,7.636839514970387,54.64749969233924,54.64749969233924,54.64749969233924,54.64749969233924
642,5.545419653542792,83.42769779001344,87.08408600187025,3.1142432624567684,132.96877750359377,87.08408600187025,67.98329017447331,158.05132872140382,7.055583487765243,89.40225465065977,23.844210237018928,46.27706534369489,132.96877750359377,23.844210237018928,58.27642254829068,46.27706534369489,23.844210237018928,158.05132872140382,158.05132872140382,158.05132872140382,158.05132872140382
643,7.214723588625733,19.10689337210281,26.12159009934816,51.41951009755359,76.94310702795576,26.12159009934816,115.6280732077084,60.88889161609295,14.766290915009508,7.636839514970387,71.47263380432861,82.76036602735253,76.94310702795576,71.47263380432861,48.956321040407865,82.76036602735253,71.47263380432861,60.88889161609295,60.88889161609295,60.88889161609295,60.88889161609295
644,3.019826188625797,63.683352299039406,23.506400766370884,69.8825841049235,65.75486164488264,23.506400766370884,7.636839514970387,62.49758422031292,7.214723588625733,17.051458953753407,105.04348852864617,18.48749937972313,65.75486164488264,105.04348852864617,44.61322923783708,18.48749937972313,105.04348852864617,62.49758422031292,62.49758422031292,62.49758422031292,62.49758422031292
645,0.5637143564423058,44.21196994661145,55.68205594980975,71.94909321188271,63.52974194330727,55.68205594980975,44.21196994661145,19.10689337210281,12.168520853819318,33.57111191606526,55.68205594980975,128.56423905665432,63.52974194330727,55.68205594980975,46.27706534369489,128.56423905665432,55.68205594980975,19.10689337210281,19.10689337210281,19.10689337210281,19.10689337210281
646,16.58709423727748,57.409883644742855,40.034072295866615,19.10689337210281,66.34336091799776,40.034072295866615,104.48079560073552,63.52974194330727,28.497079038139624,59.07175890889215,44.31349054230374,77.7399278331771,66.34336091799776,44.31349054230374,26.12159009934816,77.7399278331771,44.31349054230374,63.52974194330727,63.52974194330727,63.52974194330727,63.52974194330727
647,15.387513335715358,72.90934996663046,105.04348852864617,43.63437829645395,26.12159009934816,105.04348852864617,99.08062567005334,84.0802948469459,23.48102650802713,46.27706534369489,51.41951009755359,7.636839514970387,26.12159009934816,51.41951009755359,61.54309379326074,7.636839514970387,51.41951009755359,84.0802948469459,84.0802948469459,84.0802948469459,84.0802948469459
648,6.6638126733491685,26.12159009934816,55.41527699779541,66.34336091799776,86.72206272990564,55.41527699779541,32.38296954010639,66.34336091799776,23.506400766370884,3.1142432624567684,76.94310702795576,17.051458953753407,86.72206272990564,76.94310702795576,23.506400766370884,17.051458953753407,76.94310702795576,66.34336091799776,66.34336091799776,66.34336091799776,66.34336091799776
649,9.798907685703794,57.3509611117281,62.14431545641469,26.12159009934816,55.68205594980975,62.14431545641469,15.640142575301091,26.12159009934816,17.021969500118047,51.41951009755359,65.75486164488264,59.07175890889215,55.68205594980975,65.75486164488264,15.640142575301091,59.07175890889215,65.75486164488264,26.12159009934816,26.12159009934816,26.12159009934816,26.12159009934816
650,11.78638552689354,40.41181774767532,121.2906397627833,98.90252628970322,105.04348852864617,121.2906397627833,44.810685982118265,98.90252628970322,7.303284211370131,69.8825841049235,64.13757244824706,46.27706534369489,105.04348852864617,64.13757244824706,90.97544310108586,46.27706534369489,64.13757244824706,98.90252628970322,98.90252628970322,98.90252628970322,98.90252628970322
651,17.021969500118047,46.27706534369489,15.386548204894032,110.54454586320816,55.41527699779541,15.386548204894032,61.48810719194939,110.54454586320816,21.78474162555651,71.94909321188271,26.12159009934816,158.05132872140382,55.41527699779541,26.12159009934816,43.04597867399171,158.05132872140382,26.12159009934816,110.54454586320816,110.54454586320816,110.54454586320816,110.54454586320816
652,18.796005339089724,115.71495904409474,56.29114694502081,55.68205594980975,62.14431545641469,56.29114694502081,87.61722442867341,55.68205594980975,18.48749937972313,19.10689337210281,86.72206272990564,69.8825841049235,62.14431545641469,86.72206272990564,31.902273251653885,69.8825841049235,86.72206272990564,55.68205594980975,55.68205594980975,55.68205594980975,55.68205594980975
653,0.7750411242436831,32.34032164710557,26.12159009934816,110.78166970713032,42.83748530006115,26.12159009934816,63.058223221212,110.78166970713032,11.78638552689354,43.63437829645395,55.68205594980975,71.94909321188271,42.83748530006115,55.68205594980975,81.01845756513241,71.94909321188271,55.68205594980975,110.78166970713032,110.78166970713032,110.78166970713032,110.78166970713032
654,24.096273283808603,63.683352299039406,104.48079560073552,68.6684741602332,121.2906397627833,104.48079560073552,26.12159009934816,68.6684741602332,18.16725753409692,66.34336091799776,40.034072295866615,19.10689337210281,121.2906397627833,40.034072295866615,19.10689337210281,19.10689337210281,40.034072295866615,68.6684741602332,68.6684741602332,68.6684741602332,68.6684741602332
655,7.636839514970387,76.13656313489018,76.66504481000626,68.16777776074922,51.901658940804296,76.66504481000626,23.506400766370884,68.16777776074922,21.90382270514933,26.12159009934816,105.04348852864617,71.95307769086597,51.901658940804296,105.04348852864617,69.00810321046866,71.95307769086597,105.04348852864617,68.16777776074922,68.16777776074922,68.16777776074922,68.16777776074922
656,0.3875205621218416,19.10689337210281,130.6610602515436,97.31737922724996,58.1267629786228,130.6610602515436,55.68205594980975,97.31737922724996,24.27469551210166,98.90252628970322,55.41527699779541,66.34336091799776,58.1267629786228,55.41527699779541,7.636839514970387,66.34336091799776,55.41527699779541,97.31737922724996,97.31737922724996,97.31737922724996,97.31737922724996
657,7.303284211370131,65.11236268846233,38.482196205660166,58.1267629786228,26.12159009934816,38.482196205660166,40.034072295866615,58.1267629786228,16.58709423727748,110.54454586320816,62.14431545641469,26.12159009934816,26.12159009934816,62.14431545641469,52.95456586228923,26.12159009934816,62.14431545641469,58.1267629786228,58.1267629786228,58.1267629786228,58.1267629786228
658,3.019826188625797,26.12159009934816,98.74465932722036,7.636839514970387,68.22094138108811,98.74465932722036,105.04348852864617,7.636839514970387,7.636839514970387,55.68205594980975,121.2906397627833,98.90252628970322,68.22094138108811,121.2906397627833,30.552970678422465,98.90252628970322,121.2906397627833,7.636839514970387,7.636839514970387,7.636839514970387,7.636839514970387
659,6.145876795489233,15.640142575301091,114.32559965875016,58.38167307478719,58.86141787841833,114.32559965875016,55.41527699779541,59.49360877309244,12.920634810148757,110.78166970713032,56.29114694502081,110.54454586320816,58.86141787841833,56.29114694502081,19.10689337210281,110.54454586320816,56.29114694502081,59.49360877309244,59.49360877309244,59.49360877309244,59.49360877309244
660,0.0,32.751219967399415,70.1284056617005,17.051458953753407,118.65326479549196,70.1284056617005,62.14431545641469,17.051458953753407,10.167804482391144,68.6684741602332,26.12159009934816,55.68205594980975,118.65326479549196,26.12159009934816,31.062824945670524,55.68205594980975,26.12159009934816,17.051458953753407,17.051458953753407,17.051458953753407,17.051458953753407
661,18.73381619939377,46.27706534369489,55.68205594980975,18.48749937972313,105.26729038358285,55.68205594980975,121.2906397627833,46.27706534369489,17.523294244969158,68.16777776074922,58.38167307478719,110.78166970713032,105.26729038358285,58.38167307478719,14.525500708419337,110.78166970713032,58.38167307478719,46.27706534369489,46.27706534369489,46.27706534369489,46.27706534369489
662,13.778669486766512,98.90252628970322,7.636839514970387,63.108772731863645,59.01445099689081,7.636839514970387,15.386548204894032,18.48749937972313,15.493096159676131,97.31737922724996,81.6481973611856,68.6684741602332,59.01445099689081,81.6481973611856,53.33357773040799,68.6684741602332,81.6481973611856,18.48749937972313,18.48749937972313,18.48749937972313,18.48749937972313
663,0.0,23.506400766370884,25.841269620297503,67.96796321780818,79.19007240157681,25.841269620297503,56.29114694502081,80.39692968877138,21.78474162555651,58.1267629786228,76.66504481000626,68.16777776074922,79.19007240157681,76.66504481000626,46.27706534369489,68.16777776074922,76.66504481000626,80.39692968877138,80.39692968877138,80.39692968877138,80.39692968877138
664,9.609022441666976,68.6684741602332,15.62916467405199,49.44989058904419,59.3225973428892,15.62916467405199,7.636839514970387,49.44989058904419,4.684076296780081,7.636839514970387,115.71495904409474,97.31737922724996,59.3225973428892,115.71495904409474,66.48234552747743,97.31737922724996,115.71495904409474,49.44989058904419,49.44989058904419,49.44989058904419,49.44989058904419
665,10.718138120340267,59.07175890889215,23.506400766370884,58.03414761647606,7.636839514970387,23.506400766370884,67.98329017447331,70.07718006314518,15.640142575301091,58.38167307478719,35.21104254889525,58.1267629786228,7.636839514970387,35.21104254889525,31.43858992195704,58.1267629786228,35.21104254889525,70.07718006314518,70.07718006314518,70.07718006314518,70.07718006314518
666,0.0,68.16777776074922,93.26013305424152,60.108675575477456,104.77880448407744,93.26013305424152,23.844210237018928,58.819512676812224,7.303284211370131,17.051458953753407,94.68854752847196,7.636839514970387,104.77880448407744,94.68854752847196,58.51534119614391,7.636839514970387,94.68854752847196,58.819512676812224,58.819512676812224,58.819512676812224,58.819512676812224
667,14.135742940017568,19.10689337210281,105.04348852864617,69.72408587559016,44.21196994661145,105.04348852864617,39.251213451004375,60.108675575477456,7.214723588625733,18.48749937972313,33.57111191606526,58.38167307478719,44.21196994661145,33.57111191606526,61.61912598208615,58.38167307478719,33.57111191606526,60.108675575477456,60.108675575477456,60.108675575477456,60.108675575477456
668,2.960144946582118,43.63437829645395,59.37417839488462,55.68205594980975,72.31782984111636,59.37417839488462,18.48749937972313,97.454943708045,23.506400766370884,63.108772731863645,66.34336091799776,17.051458953753407,72.31782984111636,66.34336091799776,46.27706534369489,17.051458953753407,66.34336091799776,97.454943708045,97.454943708045,97.454943708045,97.454943708045
669,0.0,7.636839514970387,62.14431545641469,26.12159009934816,15.493096159676131,62.14431545641469,69.34298596890551,7.636839514970387,14.766290915009508,67.96796321780818,55.68205594980975,46.27706534369489,15.493096159676131,55.68205594980975,14.525500708419337,46.27706534369489,55.68205594980975,7.636839514970387,7.636839514970387,7.636839514970387,7.636839514970387
670,4.684076296780081,28.84127616986776,33.57111191606526,15.62916467405199,60.31167784207651,33.57111191606526,86.72206272990564,25.841269620297503,25.75988621150465,49.44989058904419,99.12188746972436,18.48749937972313,60.31167784207651,99.12188746972436,7.636839514970387,18.48749937972313,99.12188746972436,25.841269620297503,25.841269620297503,25.841269620297503,25.841269620297503
671,4.4122950105657575,30.552970678422465,51.04483639634894,47.32888389967341,73.97663615657567,51.04483639634894,61.45161154663359,32.34032164710557,37.35183799057217,58.03414761647606,15.62916467405199,69.8825841049235,73.97663615657567,15.62916467405199,44.21196994661145,69.8825841049235,15.62916467405199,32.34032164710557,32.34032164710557,32.34032164710557,32.34032164710557
672,12.91840164854206,23.506400766370884,49.35308779404424,119.66116421470716,47.627004526654666,49.35308779404424,63.899612890391175,55.72474798826629,17.021969500118047,60.108675575477456,23.506400766370884,49.44989058904419,47.627004526654666,23.506400766370884,53.33357773040799,49.44989058904419,23.506400766370884,55.72474798826629,55.72474798826629,55.72474798826629,55.72474798826629
673,14.766290915009508,15.62916467405199,26.12159009934816,105.04348852864617,44.39379117092759,26.12159009934816,33.57111191606526,77.76863757291937,17.58523162774127,69.72408587559016,93.26013305424152,70.07718006314518,44.39379117092759,93.26013305424152,61.795960247793424,70.07718006314518,93.26013305424152,77.76863757291937,77.76863757291937,77.76863757291937,77.76863757291937
674,15.387513335715358,107.14695755222476,100.0940731321347,56.72627636413968,90.18104002061744,100.0940731321347,39.65881134891491,62.235323945379896,28.914310157557708,55.68205594980975,105.04348852864617,60.108675575477456,90.18104002061744,105.04348852864617,18.48749937972313,60.108675575477456,105.04348852864617,62.235323945379896,62.235323945379896,62.235323945379896,62.235323945379896
675,6.6638126733491685,66.34336091799776,115.71495904409474,19.33819485367601,112.30760588083142,115.71495904409474,55.68205594980975,72.10312490072226,30.821554544678747,26.12159009934816,65.75486164488264,69.72408587559016,112.30760588083142,65.75486164488264,58.92552050029654,69.72408587559016,65.75486164488264,72.10312490072226,72.10312490072226,72.10312490072226,72.10312490072226
676,13.447254248883104,48.94625813724536,112.81016237985628,35.33996940893572,7.636839514970387,112.81016237985628,7.636839514970387,79.03857636449828,16.309933146173606,15.62916467405199,33.57111191606526,55.68205594980975,7.636839514970387,33.57111191606526,33.57111191606526,55.68205594980975,33.57111191606526,79.03857636449828,79.03857636449828,79.03857636449828,79.03857636449828
677,12.810975872230134,59.82530816431866,50.88839029078216,88.89404347969125,47.32888389967341,50.88839029078216,25.841269620297503,75.19031376525606,7.636839514970387,47.32888389967341,66.34336091799776,7.636839514970387,47.32888389967341,66.34336091799776,66.34336091799776,7.636839514970387,66.34336091799776,75.19031376525606,75.19031376525606,75.19031376525606,75.19031376525606
678,9.505558746815316,83.07821214004952,47.14930340656577,26.12159009934816,53.36261113337879,47.14930340656577,37.205843634878526,26.12159009934816,13.487612142348269,119.66116421470716,35.21104254889525,25.841269620297503,53.36261113337879,35.21104254889525,32.34032164710557,25.841269620297503,35.21104254889525,26.12159009934816,26.12159009934816,26.12159009934816,26.12159009934816
679,22.605412277057063,43.91634089942677,101.17301138940964,56.08980700650153,25.02609869838625,101.17301138940964,68.16777776074922,46.27706534369489,20.529699872170056,105.04348852864617,52.000989824789166,86.72206272990564,25.02609869838625,52.000989824789166,35.21104254889525,86.72206272990564,52.000989824789166,46.27706534369489,46.27706534369489,46.27706534369489,46.27706534369489
680,2.4738065354669185,7.636839514970387,62.92902597384331,46.27706534369489,44.21196994661145,62.92902597384331,93.26013305424152,26.629164236818102,18.48749937972313,56.72627636413968,26.12159009934816,93.26013305424152,44.21196994661145,26.12159009934816,7.636839514970387,93.26013305424152,26.12159009934816,26.629164236818102,26.629164236818102,26.629164236818102,26.629164236818102
681,0.5637143564423058,46.27706534369489,26.12159009934816,26.629164236818102,87.30937812220878,26.12159009934816,105.04348852864617,25.02609869838625,12.920634810148757,19.33819485367601,100.0940731321347,105.04348852864617,87.30937812220878,100.0940731321347,23.844210237018928,105.04348852864617,100.0940731321347,25.02609869838625,25.02609869838625,25.02609869838625,25.02609869838625
682,16.58709423727748,0.0,69.68797961001326,25.02609869838625,72.10312490072226,69.68797961001326,62.47424259323312,115.68773291673656,7.303284211370131,35.33996940893572,55.72474798826629,56.72627636413968,72.10312490072226,55.72474798826629,23.506400766370884,56.72627636413968,55.72474798826629,115.68773291673656,115.68773291673656,115.68773291673656,115.68773291673656
683,3.019826188625797,76.66504481000626,71.65182492739024,123.66483256122208,15.386548204894032,71.65182492739024,88.45504247211616,60.108675575477456,9.622699368355027,88.89404347969125,115.71495904409474,72.10312490072226,15.386548204894032,115.71495904409474,18.48749937972313,72.10312490072226,115.71495904409474,60.108675575477456,60.108675575477456,60.108675575477456,60.108675575477456
684,7.636839514970387,105.44397522723466,76.66504481000626,100.13001357272005,100.55461530164,76.66504481000626,35.21104254889525,59.81288887912674,3.1142432624567684,26.12159009934816,112.81016237985628,33.57111191606526,100.55461530164,112.81016237985628,49.35308779404424,33.57111191606526,112.81016237985628,59.81288887912674,59.81288887912674,59.81288887912674,59.81288887912674
685,20.529699872170056,26.116584502769488,132.86475021734634,83.40966046709845,26.12159009934816,132.86475021734634,49.35308779404424,83.40966046709845,7.214723588625733,56.08980700650153,62.14431545641469,46.87161437084405,26.12159009934816,62.14431545641469,21.610471285697063,46.87161437084405,62.14431545641469,83.40966046709845,83.40966046709845,83.40966046709845,83.40966046709845
686,7.303284211370131,18.48749937972313,103.0957334892915,72.73887993368102,18.48749937972313,103.0957334892915,7.636839514970387,72.73887993368102,21.78474162555651,46.27706534369489,31.062824945670524,49.35308779404424,18.48749937972313,31.062824945670524,42.802025426513154,49.35308779404424,31.062824945670524,72.73887993368102,72.73887993368102,72.73887993368102,72.73887993368102
687,23.48102650802713,63.68491230270351,79.40277636580336,15.386548204894032,117.54602289623506,79.40277636580336,23.506400766370884,55.81193657197888,14.766290915009508,26.629164236818102,79.36353579076098,26.12159009934816,117.54602289623506,79.36353579076098,51.64031985237029,26.12159009934816,79.36353579076098,55.81193657197888,55.81193657197888,55.81193657197888,55.81193657197888
688,0.0,49.19270848802522,95.17351849905664,26.12159009934816,38.49734281137666,95.17351849905664,46.27706534369489,7.636839514970387,13.778669486766512,25.02609869838625,26.12159009934816,47.32888389967341,38.49734281137666,26.12159009934816,43.90509993566918,47.32888389967341,26.12159009934816,7.636839514970387,7.636839514970387,7.636839514970387,7.636839514970387
689,6.6638126733491685,68.82791912674644,76.66504481000626,15.640142575301091,61.66217576991834,76.66504481000626,18.48749937972313,15.640142575301091,4.684076296780081,123.66483256122208,100.05281286428324,46.27706534369489,61.66217576991834,100.05281286428324,35.80579141477383,46.27706534369489,100.05281286428324,15.640142575301091,15.640142575301091,15.640142575301091,15.640142575301091
690,0.0,59.01450710166656,26.12159009934816,44.39379117092759,104.8545541969728,26.12159009934816,50.49321281970752,44.21196994661145,19.5387106992408,100.13001357272005,76.66504481000626,18.48749937972313,104.8545541969728,76.66504481000626,48.956321040407865,18.48749937972313,76.66504481000626,44.21196994661145,44.21196994661145,44.21196994661145,44.21196994661145
691,14.217796772632587,23.506400766370884,55.68205594980975,74.95994922590914,114.22668075619625,55.68205594980975,63.683352299039406,63.20595657167126,23.48102650802713,83.40966046709845,135.41057135865674,115.71495904409474,114.22668075619625,135.41057135865674,66.04681020854102,115.71495904409474,135.41057135865674,63.20595657167126,63.20595657167126,63.20595657167126,63.20595657167126
692,0.7750411242436831,71.636520248887,110.06977323503214,56.72627636413968,93.11886573355534,110.06977323503214,38.7359342471733,74.95994922590914,24.740517465640632,72.73887993368102,62.235323945379896,63.683352299039406,93.11886573355534,62.235323945379896,15.386548204894032,63.683352299039406,62.235323945379896,74.95994922590914,74.95994922590914,74.95994922590914,74.95994922590914
693,0.0,7.636839514970387,42.83748530006115,60.31167784207651,85.8354883016523,42.83748530006115,36.074999308537386,56.72627636413968,12.91840164854206,15.386548204894032,67.89059061802394,72.10312490072226,85.8354883016523,67.89059061802394,7.636839514970387,72.10312490072226,67.89059061802394,56.72627636413968,56.72627636413968,56.72627636413968,56.72627636413968
694,16.309933146173606,0.0,105.04348852864617,119.66116421470716,26.12159009934816,105.04348852864617,72.10312490072226,94.30436308840324,14.135742940017568,26.12159009934816,94.30821209688972,15.386548204894032,26.12159009934816,94.30821209688972,39.251213451004375,15.386548204894032,94.30821209688972,94.30436308840324,94.30436308840324,94.30436308840324,94.30436308840324
695,0.0,48.65620405711926,67.89059061802394,15.493096159676131,55.68205594980975,67.89059061802394,15.386548204894032,54.43941799031994,6.6638126733491685,15.640142575301091,89.5508985908274,100.55461530164,55.68205594980975,89.5508985908274,23.506400766370884,100.55461530164,89.5508985908274,54.43941799031994,54.43941799031994,54.43941799031994,54.43941799031994
696,14.766290915009508,103.9579685377564,56.72627636413968,67.89059061802394,142.7383984808128,56.72627636413968,63.02152302884007,67.89059061802394,22.605412277057063,44.39379117092759,76.66504481000626,7.636839514970387,142.7383984808128,76.66504481000626,18.182320058991923,7.636839514970387,76.66504481000626,67.89059061802394,67.89059061802394,67.89059061802394,67.89059061802394
697,4.4122950105657575,84.51278012937327,51.423830083580576,79.49567638536696,76.13656313489018,51.423830083580576,26.12159009934816,79.49567638536696,16.309933146173606,74.95994922590914,26.12159009934816,15.640142575301091,76.13656313489018,26.12159009934816,71.47263380432861,15.640142575301091,26.12159009934816,79.49567638536696,79.49567638536696,79.49567638536696,79.49567638536696
698,7.214723588625733,65.83671180090879,26.12159009934816,26.12159009934816,119.66116421470716,26.12159009934816,63.20595657167126,26.12159009934816,7.636839514970387,56.72627636413968,55.68205594980975,63.20595657167126,119.66116421470716,55.68205594980975,29.522143410164144,63.20595657167126,55.68205594980975,26.12159009934816,26.12159009934816,26.12159009934816,26.12159009934816
699,0.5637143564423058,43.91634089942677,58.45439810562077,56.27063389328144,57.3509611117281,58.45439810562077,158.05132872140382,56.27063389328144,0.0,60.31167784207651,114.96917973046436,74.95994922590914,57.3509611117281,114.96917973046436,44.21196994661145,74.95994922590914,114.96917973046436,56.27063389328144,56.27063389328144,56.27063389328144,56.27063389328144
700,4.684076296780081,79.40277636580336,86.72206272990564,142.7383984808128,105.04348852864617,86.72206272990564,56.72627636413968,142.7383984808128,11.78638552689354,119.66116421470716,35.74990045411703,41.651408760998834,105.04348852864617,35.74990045411703,15.493096159676131,41.651408760998834,35.74990045411703,142.7383984808128,142.7383984808128,142.7383984808128,142.7383984808128
701,2.4738065354669185,15.386548204894032,59.326383731844594,85.35199291215815,72.48555125855775,59.326383731844594,94.30436308840324,85.35199291215815,4.684076296780081,15.493096159676131,105.04348852864617,56.72627636413968,72.48555125855775,105.04348852864617,54.142304425843065,56.72627636413968,105.04348852864617,85.35199291215815,85.35199291215815,85.35199291215815,85.35199291215815
702,15.387513335715358,47.16420431417454,121.61647483698222,119.66116421470716,73.28061784942686,121.61647483698222,119.66116421470716,119.66116421470716,0.0,67.89059061802394,46.60606357244358,94.30436308840324,73.28061784942686,46.60606357244358,61.795960247793424,94.30436308840324,46.60606357244358,119.66116421470716,119.66116421470716,119.66116421470716,119.66116421470716
703,12.91840164854206,26.12159009934816,61.623386823386,94.30436308840324,58.97647317436771,61.623386823386,67.89059061802394,94.30436308840324,7.303284211370131,79.49567638536696,71.32873412583075,57.04319771931844,58.97647317436771,71.32873412583075,46.47470996826252,57.04319771931844,71.32873412583075,94.30436308840324,94.30436308840324,94.30436308840324,94.30436308840324
704,6.145876795489233,51.74402153797591,86.77553001837157,63.20595657167126,158.05132872140382,86.77553001837157,79.49567638536696,63.20595657167126,15.640142575301091,26.12159009934816,61.54543534397031,67.89059061802394,158.05132872140382,61.54543534397031,15.386548204894032,67.89059061802394,61.54543534397031,63.20595657167126,63.20595657167126,63.20595657167126,63.20595657167126
705,21.78474162555651,39.251213451004375,58.68406475714613,69.38548706020927,80.83194043758678,58.68406475714613,76.66504481000626,69.38548706020927,12.91840164854206,56.27063389328144,26.12159009934816,79.49567638536696,80.83194043758678,26.12159009934816,27.823610546089352,79.49567638536696,26.12159009934816,69.38548706020927,69.38548706020927,69.38548706020927,69.38548706020927
706,14.135742940017568,18.48749937972313,54.748982454270745,73.28061784942686,103.15962048931856,54.748982454270745,7.636839514970387,7.636839514970387,23.506400766370884,142.7383984808128,47.74289166997524,26.12159009934816,103.15962048931856,47.74289166997524,7.636839514970387,26.12159009934816,47.74289166997524,7.636839514970387,7.636839514970387,7.636839514970387,7.636839514970387
707,22.605412277057063,15.640142575301091,7.636839514970387,54.6013947454114,145.00702609892224,7.636839514970387,39.251213451004375,0.0,19.475475519715715,85.35199291215815,110.54454586320816,56.27063389328144,145.00702609892224,110.54454586320816,68.16777776074922,56.27063389328144,110.54454586320816,0.0,0.0,0.0,0.0
708,19.475475519715715,37.46662486596968,55.68205594980975,158.05132872140382,93.96114698533974,55.68205594980975,35.46288408481417,47.74289166997524,0.5637143564423058,119.66116421470716,98.90252628970322,142.7383984808128,93.96114698533974,98.90252628970322,44.21196994661145,142.7383984808128,98.90252628970322,47.74289166997524,47.74289166997524,47.74289166997524,47.74289166997524
709,7.636839514970387,68.16777776074922,76.66504481000626,97.07352481251186,65.75858530501039,76.66504481000626,98.28086919895114,54.843356931675565,7.214723588625733,94.30436308840324,55.68205594980975,85.35199291215815,65.75858530501039,55.68205594980975,62.47424259323312,85.35199291215815,55.68205594980975,54.843356931675565,54.843356931675565,54.843356931675565,54.843356931675565
710,3.019826188625797,44.363296817854405,105.44397522723466,103.15962048931856,123.47213841392752,105.44397522723466,53.276407479001904,158.05132872140382,14.766290915009508,63.20595657167126,44.60218124751394,119.66116421470716,123.47213841392752,44.60218124751394,19.10689337210281,119.66116421470716,44.60218124751394,158.05132872140382,158.05132872140382,158.05132872140382,158.05132872140382
711,0.5637143564423058,36.16302183483372,115.39482310094172,145.00702609892224,74.82626726569006,115.39482310094172,19.10689337210281,140.9163472699586,18.16725753409692,69.38548706020927,68.30636578233567,94.30436308840324,74.82626726569006,68.30636578233567,76.66504481000626,94.30436308840324,68.30636578233567,140.9163472699586,140.9163472699586,140.9163472699586,140.9163472699586
712,0.0,62.47424259323312,44.21196994661145,63.00525454324832,26.12159009934816,44.21196994661145,69.73991921135449,137.9046237347847,15.387513335715358,93.26013305424152,65.1265502058108,63.20595657167126,26.12159009934816,65.1265502058108,46.27706534369489,63.20595657167126,65.1265502058108,137.9046237347847,137.9046237347847,137.9046237347847,137.9046237347847
713,14.766290915009508,40.45735309756712,46.58892875902672,91.85395119184186,46.27706534369489,46.58892875902672,67.86151510845632,66.34336091799776,23.48102650802713,99.12188746972436,104.35644311878792,69.38548706020927,46.27706534369489,104.35644311878792,53.33357773040799,69.38548706020927,104.35644311878792,66.34336091799776,66.34336091799776,66.34336091799776,66.34336091799776
714,0.0,26.12159009934816,59.01450710166656,39.251213451004375,128.75425793558253,59.01450710166656,87.42516675252067,93.60022675359868,20.529699872170056,47.74289166997524,26.12159009934816,7.636839514970387,128.75425793558253,26.12159009934816,54.43941799031994,7.636839514970387,26.12159009934816,93.60022675359868,93.60022675359868,93.60022675359868,93.60022675359868
715,0.0,60.34906450336695,69.89911142087259,54.49366000681719,57.31446042376572,69.89911142087259,26.12159009934816,39.251213451004375,18.48749937972313,48.64912536467546,55.68205594980975,0.0,57.31446042376572,55.68205594980975,33.57111191606526,0.0,55.68205594980975,39.251213451004375,39.251213451004375,39.251213451004375,39.251213451004375
716,4.684076296780081,15.62916467405199,7.636839514970387,196.62475752761767,22.598893176490783,7.636839514970387,58.97647317436771,54.49366000681719,21.78474162555651,53.06478619990551,76.66504481000626,54.6013947454114,22.598893176490783,76.66504481000626,35.21104254889525,54.6013947454114,76.66504481000626,54.49366000681719,54.49366000681719,54.49366000681719,54.49366000681719
717,0.3875205621218416,23.506400766370884,23.844210237018928,71.26390922612282,59.07175890889215,23.844210237018928,15.640142575301091,67.98329017447331,6.6638126733491685,158.05132872140382,105.44397522723466,158.05132872140382,59.07175890889215,105.44397522723466,7.636839514970387,158.05132872140382,105.44397522723466,67.98329017447331,67.98329017447331,67.98329017447331,67.98329017447331
718,7.055583487765243,69.5629084999407,22.94049995821676,28.58661517112855,75.50816032685336,22.94049995821676,33.76070194606223,28.58661517112855,21.90382270514933,45.727156552423104,115.39482310094172,97.07352481251186,75.50816032685336,115.39482310094172,38.94792250899779,97.07352481251186,115.39482310094172,28.58661517112855,28.58661517112855,28.58661517112855,28.58661517112855
719,10.213763986295696,46.27706534369489,12.97284652311857,52.30586211197406,7.636839514970387,12.97284652311857,129.37674175597357,201.17220888551225,16.58709423727748,68.30636578233567,111.81067498341392,103.15962048931856,7.636839514970387,111.81067498341392,39.251213451004375,103.15962048931856,111.81067498341392,201.17220888551225,201.17220888551225,201.17220888551225,201.17220888551225
720,0.0,44.13366214798205,4.684076296780081,62.06811331822829,11.400608063291688,4.684076296780081,48.65620405711926,115.6280732077084,7.636839514970387,74.47503895096156,59.01450710166656,145.00702609892224,11.400608063291688,59.01450710166656,76.66504481000626,145.00702609892224,59.01450710166656,115.6280732077084,115.6280732077084,115.6280732077084,115.6280732077084
721,4.4122950105657575,64.37027129255009,116.85208144155683,74.9506192654265,12.97284652311857,116.85208144155683,102.34625045825344,77.13770913378958,12.920634810148757,7.636839514970387,69.89911142087259,63.00525454324832,12.97284652311857,69.89911142087259,31.43858992195704,63.00525454324832,69.89911142087259,77.13770913378958,77.13770913378958,77.13770913378958,77.13770913378958
722,23.48102650802713,42.83748530006115,46.27706534369489,93.91625940424066,49.044399053719786,46.27706534369489,98.34806608410032,53.47395524732382,35.42089162718143,39.251213451004375,7.636839514970387,91.85395119184186,49.044399053719786,7.636839514970387,69.34298596890551,91.85395119184186,7.636839514970387,53.47395524732382,53.47395524732382,53.47395524732382,53.47395524732382
723,7.214723588625733,18.48749937972313,76.90983570765285,22.94049995821676,73.34275540536741,76.90983570765285,32.90337714846729,74.9506192654265,7.214723588625733,23.844210237018928,23.844210237018928,7.636839514970387,73.34275540536741,23.844210237018928,71.26390922612282,7.636839514970387,23.844210237018928,74.9506192654265,74.9506192654265,74.9506192654265,74.9506192654265
724,2.91183195432858,101.09443622618286,87.1848538245014,133.1967434969449,116.85208144155683,87.1848538245014,80.38420398555594,7.636839514970387,23.48102650802713,110.54454586320816,47.65403610707976,39.251213451004375,116.85208144155683,47.65403610707976,19.10689337210281,39.251213451004375,47.65403610707976,7.636839514970387,7.636839514970387,7.636839514970387,7.636839514970387
725,15.387513335715358,7.636839514970387,61.53417395155786,15.395582732425623,122.65063047892248,61.53417395155786,56.288564283941774,15.395582732425623,13.122125031663854,71.26390922612282,199.1862531140646,23.844210237018928,122.65063047892248,199.1862531140646,44.21196994661145,23.844210237018928,199.1862531140646,15.395582732425623,15.395582732425623,15.395582732425623,15.395582732425623
726,7.303284211370131,17.051458953753407,18.48749937972313,116.85208144155683,136.48484831397042,18.48749937972313,26.12159009934816,63.52974194330727,13.487612142348269,28.58661517112855,15.395582732425623,110.54454586320816,136.48484831397042,15.395582732425623,43.22682214555096,110.54454586320816,15.395582732425623,63.52974194330727,63.52974194330727,63.52974194330727,63.52974194330727
727,17.021969500118047,54.64749969233924,73.72849674562812,46.27706534369489,148.4909726719951,73.72849674562812,46.27706534369489,158.05132872140382,25.75988621150465,52.30586211197406,64.41000721808135,71.26390922612282,148.4909726719951,64.41000721808135,59.96774492555596,71.26390922612282,64.41000721808135,158.05132872140382,158.05132872140382,158.05132872140382,158.05132872140382
728,6.145876795489233,55.72474798826629,15.493096159676131,64.41000721808135,57.74920284709328,15.493096159676131,53.276407479001904,46.27706534369489,4.684076296780081,62.06811331822829,74.07117291037237,28.58661517112855,57.74920284709328,74.07117291037237,7.636839514970387,28.58661517112855,74.07117291037237,46.27706534369489,46.27706534369489,46.27706534369489,46.27706534369489
729,27.053860942978726,31.062824945670524,218.46809928851343,54.17126360173505,15.640142575301091,218.46809928851343,86.72206272990564,37.71821113230429,3.1142432624567684,74.9506192654265,115.07547212795744,52.30586211197406,15.640142575301091,115.07547212795744,31.43858992195704,52.30586211197406,115.07547212795744,37.71821113230429,37.71821113230429,37.71821113230429,37.71821113230429
730,21.78474162555651,60.88889161609295,46.27706534369489,43.58587892216657,26.12159009934816,46.27706534369489,51.12022885676561,48.06786071046918,21.78474162555651,93.91625940424066,116.9124455843569,62.06811331822829,26.12159009934816,116.9124455843569,61.61912598208615,62.06811331822829,116.9124455843569,48.06786071046918,48.06786071046918,48.06786071046918,48.06786071046918
731,12.91840164854206,62.49758422031292,158.05132872140382,25.02609869838625,65.71737171583085,158.05132872140382,22.598893176490783,43.58587892216657,14.766290915009508,7.636839514970387,73.72849674562812,74.9506192654265,65.71737171583085,73.72849674562812,14.525500708419337,74.9506192654265,73.72849674562812,43.58587892216657,43.58587892216657,43.58587892216657,43.58587892216657
732,19.33819485367601,19.10689337210281,72.10312490072226,69.04975603797925,23.2980087603922,72.10312490072226,53.33357773040799,25.02609869838625,10.10773827919754,22.94049995821676,26.12159009934816,93.91625940424066,23.2980087603922,26.12159009934816,46.27706534369489,93.91625940424066,26.12159009934816,25.02609869838625,25.02609869838625,25.02609869838625,25.02609869838625
733,19.556030934237143,63.52974194330727,82.95004587551082,73.72849674562812,85.39825507011551,82.95004587551082,106.16548917435132,64.79805161650236,30.96310401483121,12.97284652311857,15.493096159676131,7.636839514970387,85.39825507011551,15.493096159676131,72.99690185734335,7.636839514970387,15.493096159676131,64.79805161650236,64.79805161650236,64.79805161650236,64.79805161650236
734,16.58709423727748,84.0802948469459,82.72063427192182,26.12159009934816,46.27706534369489,82.72063427192182,57.74920284709328,57.74920284709328,14.234289771021588,15.395582732425623,46.27706534369489,18.37525654148036,46.27706534369489,46.27706534369489,18.48749937972313,18.37525654148036,46.27706534369489,57.74920284709328,57.74920284709328,57.74920284709328,57.74920284709328
735,0.3875205621218416,66.34336091799776,88.44582280662273,100.4428491673065,38.14871091923712,88.44582280662273,7.636839514970387,83.08269636659941,7.303284211370131,116.85208144155683,86.72206272990564,15.395582732425623,38.14871091923712,86.72206272990564,32.34032164710557,15.395582732425623,86.72206272990564,83.08269636659941,83.08269636659941,83.08269636659941,83.08269636659941
736,7.636839514970387,26.12159009934816,7.636839514970387,110.54454586320816,99.90615914480594,7.636839514970387,65.01975986507237,26.12159009934816,15.493096159676131,46.27706534369489,54.62262705272613,51.360951206891286,99.90615914480594,54.62262705272613,23.844210237018928,51.360951206891286,54.62262705272613,26.12159009934816,26.12159009934816,26.12159009934816,26.12159009934816
737,0.0,98.90252628970322,105.04348852864617,114.26629451354133,81.98175061225531,105.04348852864617,58.1267629786228,77.31631649435825,28.914310157557708,64.41000721808135,53.87986022213201,134.1486708430625,81.98175061225531,53.87986022213201,63.683352299039406,134.1486708430625,53.87986022213201,77.31631649435825,77.31631649435825,77.31631649435825,77.31631649435825
738,7.214723588625733,19.10689337210281,12.920634810148757,119.64035593060817,70.1284056617005,12.920634810148757,45.814862228925215,39.251213451004375,10.051501034884858,54.17126360173505,70.66301241437206,37.71821113230429,70.1284056617005,70.66301241437206,55.10105402313767,37.71821113230429,70.66301241437206,39.251213451004375,39.251213451004375,39.251213451004375,39.251213451004375
739,3.019826188625797,23.506400766370884,23.506400766370884,65.39012309410836,7.636839514970387,23.506400766370884,61.1935518432826,95.59863150364112,16.309933146173606,43.58587892216657,107.11869049917114,38.47646973079417,7.636839514970387,107.11869049917114,43.22682214555096,38.47646973079417,107.11869049917114,95.59863150364112,95.59863150364112,95.59863150364112,95.59863150364112
740,0.0,46.27706534369489,55.68205594980975,39.22965834050745,23.844210237018928,55.68205594980975,73.55009717877377,19.10689337210281,7.636839514970387,25.02609869838625,35.74990045411703,43.58587892216657,23.844210237018928,35.74990045411703,26.12159009934816,43.58587892216657,35.74990045411703,19.10689337210281,19.10689337210281,19.10689337210281,19.10689337210281
741,18.73381619939377,59.07175890889215,23.194619541596705,91.47668535234166,116.85367187584713,23.194619541596705,93.61300078021132,80.68375046786704,20.74919042954226,69.04975603797925,66.16341641954304,115.07547212795744,116.85367187584713,66.16341641954304,15.640142575301091,115.07547212795744,66.16341641954304,80.68375046786704,80.68375046786704,80.68375046786704,80.68375046786704
742,14.766290915009508,43.22682214555096,91.64760789783628,7.636839514970387,112.85122994937988,91.64760789783628,25.02609869838625,122.74779537764368,12.920634810148757,73.72849674562812,7.636839514970387,112.66074116288,112.85122994937988,7.636839514970387,46.27706534369489,112.66074116288,7.636839514970387,122.74779537764368,122.74779537764368,122.74779537764368,122.74779537764368
743,9.614503480772356,68.6684741602332,70.1886796623129,17.051458953753407,68.2650348328134,70.1886796623129,70.1284056617005,51.4079101986635,20.529699872170056,26.12159009934816,105.04348852864617,57.74920284709328,68.2650348328134,105.04348852864617,98.90252628970322,57.74920284709328,105.04348852864617,51.4079101986635,51.4079101986635,51.4079101986635,51.4079101986635
744,6.145876795489233,61.61912598208615,51.45911937613373,47.32888389967341,76.66504481000626,51.45911937613373,87.58849155834494,7.636839514970387,14.766290915009508,100.4428491673065,12.920634810148757,26.12159009934816,76.66504481000626,12.920634810148757,23.506400766370884,26.12159009934816,12.920634810148757,7.636839514970387,7.636839514970387,7.636839514970387,7.636839514970387
745,19.556030934237143,15.386548204894032,75.17007589725216,89.67833968250717,67.9677700191065,75.17007589725216,85.79312152412392,23.844210237018928,9.609022441666976,110.54454586320816,23.506400766370884,92.87396051641116,67.9677700191065,23.506400766370884,65.56840996188473,92.87396051641116,23.506400766370884,23.844210237018928,23.844210237018928,23.844210237018928,23.844210237018928
746,16.309933146173606,39.86192566951571,15.386548204894032,112.85122994937988,72.79849215462806,15.386548204894032,7.636839514970387,47.32888389967341,34.5799438137883,114.26629451354133,55.68205594980975,46.27706534369489,72.79849215462806,55.68205594980975,56.27063389328144,46.27706534369489,55.68205594980975,47.32888389967341,47.32888389967341,47.32888389967341,47.32888389967341
747,12.91840164854206,15.62916467405199,26.12159009934816,84.0802948469459,71.47263380432861,26.12159009934816,77.31631649435825,89.67833968250717,4.684076296780081,119.64035593060817,23.194619541596705,86.72206272990564,71.47263380432861,23.194619541596705,59.07175890889215,86.72206272990564,23.194619541596705,89.67833968250717,89.67833968250717,89.67833968250717,89.67833968250717
748,0.0,7.636839514970387,68.16777776074922,60.88889161609295,7.636839514970387,68.16777776074922,97.454943708045,112.85122994937988,31.611398973535888,65.39012309410836,91.64760789783628,45.1110038109903,7.636839514970387,91.64760789783628,19.10689337210281,45.1110038109903,91.64760789783628,112.85122994937988,112.85122994937988,112.85122994937988,112.85122994937988
749,4.4122950105657575,59.49360877309244,67.98329017447331,72.79849215462806,15.640142575301091,67.98329017447331,95.59863150364112,68.2650348328134,23.506400766370884,39.22965834050745,70.1886796623129,87.52382493746612,15.640142575301091,70.1886796623129,48.956321040407865,87.52382493746612,70.1886796623129,68.2650348328134,68.2650348328134,68.2650348328134,68.2650348328134
750,4.684076296780081,17.051458953753407,110.54454586320816,71.47263380432861,30.552970678422465,110.54454586320816,41.651408760998834,67.9677700191065,16.58709423727748,91.47668535234166,51.45911937613373,19.10689337210281,30.552970678422465,51.45911937613373,48.402349187837416,19.10689337210281,51.45911937613373,67.9677700191065,67.9677700191065,67.9677700191065,67.9677700191065
751,0.0,46.27706534369489,39.251213451004375,15.386548204894032,61.795960247793424,39.251213451004375,53.718498243695606,72.79849215462806,39.90062379253728,7.636839514970387,75.17007589725216,121.82294201676557,61.795960247793424,75.17007589725216,7.636839514970387,121.82294201676557,75.17007589725216,72.79849215462806,72.79849215462806,72.79849215462806,72.79849215462806
752,7.693774331048773,18.48749937972313,97.31737922724996,7.636839514970387,47.32888389967341,97.31737922724996,71.3258343817118,71.47263380432861,7.303284211370131,17.051458953753407,15.386548204894032,73.72849674562812,47.32888389967341,15.386548204894032,39.251213451004375,73.72849674562812,15.386548204894032,71.47263380432861,71.47263380432861,71.47263380432861,71.47263380432861
753,21.78474162555651,23.506400766370884,72.96379468712863,19.10689337210281,55.68205594980975,72.96379468712863,64.34951523973798,15.386548204894032,26.263991960110943,47.32888389967341,26.12159009934816,26.12159009934816,55.68205594980975,26.12159009934816,30.552970678422465,26.12159009934816,26.12159009934816,15.386548204894032,15.386548204894032,15.386548204894032,15.386548204894032
754,2.91183195432858,80.39692968877138,83.58854561997718,30.552970678422465,71.47263380432861,83.58854561997718,7.636839514970387,7.636839514970387,18.48749937972313,89.67833968250717,68.16777776074922,25.02609869838625,71.47263380432861,68.16777776074922,23.506400766370884,25.02609869838625,68.16777776074922,7.636839514970387,7.636839514970387,7.636839514970387,7.636839514970387
755,12.810975872230134,49.44989058904419,25.02609869838625,73.22225058591033,105.04348852864617,25.02609869838625,94.84448424591626,19.10689337210281,28.288450116747843,112.85122994937988,64.02438877738412,110.54454586320816,105.04348852864617,64.02438877738412,19.10689337210281,110.54454586320816,64.02438877738412,19.10689337210281,19.10689337210281,19.10689337210281,19.10689337210281
756,13.122125031663854,70.07718006314518,26.12159009934816,86.72206272990564,76.82491983189165,26.12159009934816,39.01284110122778,30.552970678422465,10.10773827919754,84.0802948469459,62.4421561600513,89.67833968250717,76.82491983189165,62.4421561600513,15.62916467405199,89.67833968250717,62.4421561600513,30.552970678422465,30.552970678422465,30.552970678422465,30.552970678422465
757,7.852483660430585,58.819512676812224,44.31349054230374,46.27706534369489,89.67833968250717,44.31349054230374,23.506400766370884,73.22225058591033,15.386548204894032,60.88889161609295,110.54454586320816,46.27706534369489,89.67833968250717,110.54454586320816,57.173933317023376,46.27706534369489,110.54454586320816,73.22225058591033,73.22225058591033,73.22225058591033,73.22225058591033
758,10.718138120340267,33.57111191606526,14.068814562904343,53.33357773040799,7.636839514970387,14.068814562904343,55.68205594980975,86.72206272990564,7.636839514970387,72.79849215462806,46.27706534369489,84.0802948469459,7.636839514970387,46.27706534369489,40.034072295866615,84.0802948469459,46.27706534369489,86.72206272990564,86.72206272990564,86.72206272990564,86.72206272990564
759,11.78638552689354,46.27706534369489,51.41951009755359,85.26192189333732,23.844210237018928,51.41951009755359,114.59714301124522,46.27706534369489,24.740517465640632,71.47263380432861,97.31737922724996,89.9088338008727,23.844210237018928,97.31737922724996,66.34336091799776,89.9088338008727,97.31737922724996,46.27706534369489,46.27706534369489,46.27706534369489,46.27706534369489
760,6.6638126733491685,7.636839514970387,90.31697358933052,77.49564501327391,50.642311765907074,90.31697358933052,79.46699571902013,53.33357773040799,13.487612142348269,15.386548204894032,89.9088338008727,62.49758422031292,50.642311765907074,89.9088338008727,54.19256868591723,62.49758422031292,89.9088338008727,53.33357773040799,53.33357773040799,53.33357773040799,53.33357773040799
761,19.33819485367601,19.10689337210281,53.36261113337879,79.24347823670004,14.068814562904343,53.36261113337879,73.59188959384174,85.26192189333732,14.766290915009508,7.636839514970387,25.02609869838625,71.47263380432861,14.068814562904343,25.02609869838625,58.38167307478719,71.47263380432861,25.02609869838625,85.26192189333732,85.26192189333732,85.26192189333732,85.26192189333732
762,7.636839514970387,25.841269620297503,123.54463999128896,26.12159009934816,51.41951009755359,123.54463999128896,75.17007589725216,77.49564501327391,12.568579977111256,19.10689337210281,26.12159009934816,7.636839514970387,51.41951009755359,26.12159009934816,65.41785520239988,7.636839514970387,26.12159009934816,77.49564501327391,77.49564501327391,77.49564501327391,77.49564501327391
763,23.48102650802713,15.62916467405199,12.568579977111256,91.72256490657858,86.46470244385037,12.568579977111256,15.386548204894032,79.24347823670004,12.920634810148757,30.552970678422465,3.1142432624567684,19.10689337210281,86.46470244385037,3.1142432624567684,7.636839514970387,19.10689337210281,3.1142432624567684,79.24347823670004,79.24347823670004,79.24347823670004,79.24347823670004
764,3.019826188625797,23.506400766370884,75.89710293380233,86.72206272990564,53.36261113337879,75.89710293380233,7.636839514970387,26.12159009934816,9.622699368355027,73.22225058591033,51.60571568799068,30.552970678422465,53.36261113337879,51.60571568799068,46.27706534369489,30.552970678422465,51.60571568799068,26.12159009934816,26.12159009934816,26.12159009934816,26.12159009934816
765,4.159399084249441,93.26013305424152,85.18525062930694,43.1345734476781,89.90130409922095,85.18525062930694,30.552970678422465,91.72256490657858,10.2059905448889,86.72206272990564,51.41951009755359,73.22225058591033,89.90130409922095,51.41951009755359,0.0,73.22225058591033,51.41951009755359,91.72256490657858,91.72256490657858,91.72256490657858,91.72256490657858
766,14.766290915009508,53.33357773040799,26.12159009934816,19.10689337210281,12.568579977111256,26.12159009934816,61.795960247793424,86.72206272990564,3.1142432624567684,46.27706534369489,90.31697358933052,86.72206272990564,12.568579977111256,90.31697358933052,76.66504481000626,86.72206272990564,90.31697358933052,86.72206272990564,86.72206272990564,86.72206272990564,86.72206272990564
767,0.0,56.72627636413968,54.62262705272613,44.39379117092759,79.58795714332003,54.62262705272613,86.72206272990564,43.1345734476781,30.821554544678747,53.33357773040799,62.76760173949365,46.27706534369489,79.58795714332003,62.76760173949365,49.421353053003656,46.27706534369489,62.76760173949365,43.1345734476781,43.1345734476781,43.1345734476781,43.1345734476781
768,0.0,72.10312490072226,104.77880448407744,141.98834411477503,75.49593340189223,104.77880448407744,55.68205594980975,19.10689337210281,7.852483660430585,85.26192189333732,123.54463999128896,53.33357773040799,75.49593340189223,123.54463999128896,26.116584502769488,53.33357773040799,123.54463999128896,19.10689337210281,19.10689337210281,19.10689337210281,19.10689337210281
769,0.0,33.57111191606526,25.02609869838625,85.47383288921871,69.55592687062027,25.02609869838625,71.47263380432861,44.39379117092759,16.309933146173606,77.49564501327391,33.57111191606526,85.26192189333732,69.55592687062027,33.57111191606526,18.48749937972313,85.26192189333732,33.57111191606526,44.39379117092759,44.39379117092759,44.39379117092759,44.39379117092759
770,12.91840164854206,46.87161437084405,129.4867296526696,117.20644820716842,26.12159009934816,129.4867296526696,105.04348852864617,141.98834411477503,12.91840164854206,79.24347823670004,75.89710293380233,77.49564501327391,26.12159009934816,75.89710293380233,63.68491230270351,77.49564501327391,75.89710293380233,141.98834411477503,141.98834411477503,141.98834411477503,141.98834411477503
771,0.3875205621218416,26.12159009934816,86.51445784367553,69.55592687062027,104.77880448407744,86.51445784367553,76.82491983189165,85.47383288921871,7.214723588625733,26.12159009934816,56.866551234894914,79.24347823670004,104.77880448407744,56.866551234894914,31.486371017247755,79.24347823670004,56.866551234894914,85.47383288921871,85.47383288921871,85.47383288921871,85.47383288921871
772,0.0,23.506400766370884,67.10029527363118,26.12159009934816,99.14053689514814,67.10029527363118,33.57111191606526,117.20644820716842,19.33819485367601,89.6327319352618,69.55592687062027,26.12159009934816,99.14053689514814,69.55592687062027,39.601317508350206,26.12159009934816,69.55592687062027,117.20644820716842,117.20644820716842,117.20644820716842,117.20644820716842
773,4.4122950105657575,46.27706534369489,48.542596694847,99.14053689514814,48.09763749535846,48.542596694847,35.42089162718143,69.55592687062027,23.48102650802713,15.640142575301091,26.12159009934816,89.6327319352618,48.09763749535846,26.12159009934816,68.82791912674644,89.6327319352618,26.12159009934816,69.55592687062027,69.55592687062027,69.55592687062027,69.55592687062027
774,7.852483660430585,11.542579372216242,67.96796321780818,76.66504481000626,80.65346641543805,67.96796321780818,7.636839514970387,79.0619545311756,21.78474162555651,110.68582720585788,57.762709503746855,15.640142575301091,80.65346641543805,57.762709503746855,59.01450710166656,15.640142575301091,57.762709503746855,79.0619545311756,79.0619545311756,79.0619545311756,79.0619545311756
775,7.214723588625733,18.48749937972313,42.34419296577107,80.65346641543805,58.11824932022306,42.34419296577107,17.051458953753407,26.12159009934816,17.021969500118047,72.50889288563755,41.56314252054269,110.68582720585788,58.11824932022306,41.56314252054269,23.506400766370884,110.68582720585788,41.56314252054269,26.12159009934816,26.12159009934816,26.12159009934816,26.12159009934816
776,16.863005510575263,116.8125806942926,26.12159009934816,33.57111191606526,51.716784281645545,26.12159009934816,158.05132872140382,89.54914591547312,10.167804482391144,32.38296954010639,99.14053689514814,84.76446207319599,51.716784281645545,99.14053689514814,61.38365386633732,84.76446207319599,99.14053689514814,89.54914591547312,89.54914591547312,89.54914591547312,89.54914591547312
777,4.684076296780081,70.4964283815864,102.2192840037389,79.40277636580336,74.62678618689708,102.2192840037389,54.11508024303312,67.23101304436324,35.33996940893572,19.10689337210281,15.640142575301091,32.38296954010639,74.62678618689708,15.640142575301091,7.636839514970387,32.38296954010639,15.640142575301091,67.23101304436324,67.23101304436324,67.23101304436324,67.23101304436324
778,15.387513335715358,57.02325701643642,44.15441308547058,56.40161547253052,26.12159009934816,44.15441308547058,98.98936414274864,80.65346641543805,7.303284211370131,62.98082989841229,48.09763749535846,19.10689337210281,26.12159009934816,48.09763749535846,12.568579977111256,19.10689337210281,48.09763749535846,80.65346641543805,80.65346641543805,80.65346641543805,80.65346641543805
779,2.4738065354669185,58.351118302681485,55.68205594980975,74.62678618689708,112.11954225051235,55.68205594980975,65.31327284457265,79.40277636580336,10.167804482391144,54.10884848231638,80.65346641543805,62.98082989841229,112.11954225051235,80.65346641543805,0.0,62.98082989841229,80.65346641543805,79.40277636580336,79.40277636580336,79.40277636580336,79.40277636580336
780,20.529699872170056,76.66021630572212,14.431083634588362,38.733146854800914,119.30546897003627,14.431083634588362,75.47528613369266,57.046449991809816,3.1142432624567684,67.58963537258633,51.716784281645545,64.43927754882242,119.30546897003627,51.716784281645545,39.251213451004375,64.43927754882242,51.716784281645545,57.046449991809816,57.046449991809816,57.046449991809816,57.046449991809816
781,6.145876795489233,15.386548204894032,64.53818566489188,26.12159009934816,74.4985282070859,64.53818566489188,73.38572606729274,74.62678618689708,7.636839514970387,69.55592687062027,74.62678618689708,54.10884848231638,74.4985282070859,74.62678618689708,69.6579662706734,54.10884848231638,74.62678618689708,74.62678618689708,74.62678618689708,74.62678618689708,74.62678618689708
782,21.78474162555651,26.12159009934816,54.6013947454114,99.1359568137432,74.62678618689708,54.6013947454114,96.59257713826209,26.12159009934816,4.684076296780081,26.12159009934816,42.34419296577107,69.55592687062027,74.62678618689708,42.34419296577107,24.11224939400153,69.55592687062027,42.34419296577107,26.12159009934816,26.12159009934816,26.12159009934816,26.12159009934816
783,6.6638126733491685,18.48749937972313,59.5157882675816,9.622699368355027,80.65346641543805,59.5157882675816,76.54821823655432,106.12356806441971,9.622699368355027,99.14053689514814,26.12159009934816,26.12159009934816,80.65346641543805,26.12159009934816,80.0045735858712,26.12159009934816,26.12159009934816,106.12356806441971,106.12356806441971,106.12356806441971,106.12356806441971
784,11.78638552689354,15.640142575301091,25.807158221306004,47.96788266706484,97.75937345183534,25.807158221306004,7.636839514970387,47.96788266706484,20.529699872170056,76.66504481000626,102.2192840037389,99.14053689514814,97.75937345183534,102.2192840037389,28.299810675822464,99.14053689514814,102.2192840037389,47.96788266706484,47.96788266706484,47.96788266706484,47.96788266706484
785,10.295370231090036,44.39379117092759,52.01835189632328,65.11236268846233,67.55432657351943,52.01835189632328,41.56314252054269,48.00662640825516,14.766290915009508,80.65346641543805,40.50892070292849,67.23101304436324,67.55432657351943,40.50892070292849,33.57111191606526,67.23101304436324,40.50892070292849,48.00662640825516,48.00662640825516,48.00662640825516,48.00662640825516
786,0.5637143564423058,74.95994922590914,61.57253742736141,50.137422932500186,47.74289166997524,61.57253742736141,99.52017242586214,55.68205594980975,12.920634810148757,33.57111191606526,18.48749937972313,95.80939334625108,47.74289166997524,18.48749937972313,79.40277636580336,95.80939334625108,18.48749937972313,55.68205594980975,55.68205594980975,55.68205594980975,55.68205594980975
787,19.475475519715715,56.72627636413968,76.66504481000626,22.850815102445317,76.66504481000626,76.66504481000626,23.844210237018928,86.72206272990564,24.35353746150947,79.40277636580336,46.27706534369489,80.65346641543805,76.66504481000626,46.27706534369489,15.386548204894032,80.65346641543805,46.27706534369489,86.72206272990564,86.72206272990564,86.72206272990564,86.72206272990564
788,16.309933146173606,53.33357773040799,7.636839514970387,82.64551508180286,26.12159009934816,7.636839514970387,98.31396277662796,47.74289166997524,13.487612142348269,56.40161547253052,14.431083634588362,58.11824932022306,26.12159009934816,14.431083634588362,47.16420431417454,58.11824932022306,14.431083634588362,47.74289166997524,47.74289166997524,47.74289166997524,47.74289166997524
789,0.0,119.66116421470716,36.49296696236463,37.48406089037342,95.385586368417,36.49296696236463,15.640142575301091,55.27881521206599,9.609022441666976,74.62678618689708,44.80999928634244,72.46986166213122,95.385586368417,44.80999928634244,7.636839514970387,72.46986166213122,44.80999928634244,55.27881521206599,55.27881521206599,55.27881521206599,55.27881521206599
790,7.636839514970387,67.89059061802394,88.13498967216981,57.3509611117281,137.9046237347847,88.13498967216981,55.68205594980975,37.48406089037342,25.75988621150465,38.733146854800914,73.44790007851341,74.62678618689708,137.9046237347847,73.44790007851341,21.610471285697063,74.62678618689708,73.44790007851341,37.48406089037342,37.48406089037342,37.48406089037342,37.48406089037342
791,3.019826188625797,79.49567638536696,71.94909321188271,76.66504481000626,54.70153263291091,71.94909321188271,77.92268802913695,57.3509611117281,8.879516379871745,26.12159009934816,94.60538347331382,42.34419296577107,54.70153263291091,94.60538347331382,39.251213451004375,42.34419296577107,94.60538347331382,57.3509611117281,57.3509611117281,57.3509611117281,57.3509611117281
792,7.303284211370131,26.12159009934816,57.30950821212036,7.636839514970387,57.409883644742855,57.30950821212036,75.37656497427228,76.66504481000626,23.48102650802713,99.1359568137432,34.186945148988464,26.12159009934816,57.409883644742855,34.186945148988464,18.48749937972313,26.12159009934816,34.186945148988464,76.66504481000626,76.66504481000626,76.66504481000626,76.66504481000626
793,9.614503480772356,40.41181774767532,43.22682214555096,23.844210237018928,73.65453630352484,43.22682214555096,26.12159009934816,26.12159009934816,18.48749937972313,9.622699368355027,61.57253742736141,115.71495904409474,73.65453630352484,61.57253742736141,23.844210237018928,115.71495904409474,61.57253742736141,26.12159009934816,26.12159009934816,26.12159009934816,26.12159009934816
794,0.0,76.13656313489018,59.96774492555596,24.004770138738305,72.90934996663046,59.96774492555596,120.758785864905,61.66217576991834,27.999967038764385,47.96788266706484,76.66504481000626,95.41332038804656,72.90934996663046,76.66504481000626,18.23142362832679,95.41332038804656,76.66504481000626,61.66217576991834,61.66217576991834,61.66217576991834,61.66217576991834
795,6.6638126733491685,119.66116421470716,50.11479205206535,88.13498967216981,41.43624256216621,50.11479205206535,105.04348852864617,88.13498967216981,28.914310157557708,65.11236268846233,7.636839514970387,48.00662640825516,41.43624256216621,7.636839514970387,37.15683961745056,48.00662640825516,7.636839514970387,88.13498967216981,88.13498967216981,88.13498967216981,88.13498967216981
796,4.684076296780081,94.30436308840324,48.64912536467546,71.80726891311805,26.12159009934816,48.64912536467546,15.640142575301091,71.80726891311805,26.263991960110943,50.137422932500186,36.49296696236463,55.68205594980975,26.12159009934816,36.49296696236463,36.16302183483372,55.68205594980975,36.49296696236463,71.80726891311805,71.80726891311805,71.80726891311805,71.80726891311805
797,12.91840164854206,63.20595657167126,26.12159009934816,57.30950821212036,76.54821823655432,26.12159009934816,51.12022885676561,57.30950821212036,16.309933146173606,22.850815102445317,88.13498967216981,23.307652408323865,76.54821823655432,88.13498967216981,65.75486164488264,23.307652408323865,88.13498967216981,57.30950821212036,57.30950821212036,57.30950821212036,57.30950821212036
798,0.0,75.76617031020726,47.74289166997524,57.409883644742855,79.40277636580336,47.74289166997524,55.68205594980975,57.409883644742855,15.62916467405199,82.64551508180286,71.94909321188271,47.74289166997524,79.40277636580336,71.94909321188271,66.34336091799776,47.74289166997524,71.94909321188271,57.409883644742855,57.409883644742855,57.409883644742855,57.409883644742855
799,0.0,55.6924973257865,55.68205594980975,73.65453630352484,55.68205594980975,55.68205594980975,23.506400766370884,73.65453630352484,7.636839514970387,37.48406089037342,57.30950821212036,55.27881521206599,55.68205594980975,57.30950821212036,32.34032164710557,55.27881521206599,57.30950821212036,73.65453630352484,73.65453630352484,73.65453630352484,73.65453630352484
800,7.693774331048773,31.062824945670524,119.66116421470716,72.90934996663046,86.72206272990564,119.66116421470716,46.563730613229886,72.90934996663046,12.568579977111256,57.3509611117281,43.22682214555096,57.3509611117281,86.72206272990564,43.22682214555096,40.45735309756712,57.3509611117281,43.22682214555096,72.90934996663046,72.90934996663046,72.90934996663046,72.90934996663046
801,21.78474162555651,26.12159009934816,50.16741315879404,58.1267629786228,101.09443622618286,50.16741315879404,69.00810321046866,58.1267629786228,12.920634810148757,76.66504481000626,59.96774492555596,76.66504481000626,101.09443622618286,59.96774492555596,7.636839514970387,76.66504481000626,59.96774492555596,58.1267629786228,58.1267629786228,58.1267629786228,58.1267629786228
802,11.78638552689354,119.66116421470716,60.108675575477456,56.72627636413968,83.40966046709845,60.108675575477456,38.482196205660166,56.72627636413968,25.75988621150465,7.636839514970387,50.11479205206535,7.636839514970387,83.40966046709845,50.11479205206535,60.34906450336695,7.636839514970387,50.11479205206535,56.72627636413968,56.72627636413968,56.72627636413968,56.72627636413968
803,4.4122950105657575,47.74289166997524,45.727156552423104,7.636839514970387,56.40161547253052,45.727156552423104,26.12159009934816,7.636839514970387,14.766290915009508,23.844210237018928,48.64912536467546,23.844210237018928,56.40161547253052,48.64912536467546,15.62916467405199,23.844210237018928,48.64912536467546,7.636839514970387,7.636839514970387,7.636839514970387,7.636839514970387
804,7.214723588625733,39.6205400839325,62.06811331822829,67.89059061802394,7.636839514970387,62.06811331822829,107.19293667145996,25.841269620297503,4.684076296780081,24.004770138738305,26.12159009934816,45.14503866995629,7.636839514970387,26.12159009934816,23.506400766370884,45.14503866995629,26.12159009934816,25.841269620297503,25.841269620297503,25.841269620297503,25.841269620297503
805,7.718285066132156,53.06478619990551,39.65881134891491,55.68205594980975,23.506400766370884,39.65881134891491,88.13498967216981,67.89059061802394,7.303284211370131,88.13498967216981,47.74289166997524,58.83260634670151,23.506400766370884,47.74289166997524,57.646740653156144,58.83260634670151,47.74289166997524,67.89059061802394,67.89059061802394,67.89059061802394,67.89059061802394
806,14.766290915009508,55.72474798826629,64.9145285537564,57.04319771931844,56.09606079350225,64.9145285537564,71.94909321188271,55.68205594980975,23.506400766370884,71.80726891311805,55.68205594980975,71.80726891311805,56.09606079350225,55.68205594980975,43.58587892216657,71.80726891311805,55.68205594980975,55.68205594980975,55.68205594980975,55.68205594980975,55.68205594980975
807,16.309933146173606,31.062824945670524,55.68205594980975,60.108675575477456,46.27706534369489,55.68205594980975,86.72206272990564,93.26013305424152,21.78474162555651,57.30950821212036,110.54454586320816,91.6857138764986,46.27706534369489,110.54454586320816,46.27706534369489,91.6857138764986,110.54454586320816,93.26013305424152,93.26013305424152,93.26013305424152,93.26013305424152
808,6.296434248243552,67.89059061802394,105.44397522723466,105.04348852864617,18.48749937972313,105.44397522723466,57.30950821212036,60.108675575477456,7.214723588625733,57.409883644742855,119.66116421470716,57.409883644742855,18.48749937972313,119.66116421470716,66.82004880541717,57.409883644742855,119.66116421470716,60.108675575477456,60.108675575477456,60.108675575477456,60.108675575477456
809,23.48102650802713,45.727156552423104,61.00567479485637,41.651408760998834,39.601317508350206,61.00567479485637,41.43624256216621,105.04348852864617,28.497079038139624,73.65453630352484,45.727156552423104,73.65453630352484,39.601317508350206,45.727156552423104,18.48749937972313,73.65453630352484,45.727156552423104,105.04348852864617,105.04348852864617,105.04348852864617,105.04348852864617
810,6.145876795489233,79.36353579076098,49.19270848802522,50.77899556430128,63.68491230270351,49.19270848802522,66.34336091799776,50.77899556430128,17.523294244969158,72.90934996663046,62.06811331822829,72.90934996663046,63.68491230270351,62.06811331822829,43.47837544167282,72.90934996663046,62.06811331822829,50.77899556430128,50.77899556430128,50.77899556430128,50.77899556430128
811,2.4738065354669185,7.636839514970387,115.39482310094172,7.636839514970387,43.58587892216657,115.39482310094172,53.88724467900358,7.636839514970387,17.021969500118047,58.1267629786228,93.91625940424066,7.636839514970387,43.58587892216657,93.91625940424066,45.30123899332045,7.636839514970387,93.91625940424066,7.636839514970387,7.636839514970387,7.636839514970387,7.636839514970387
812,19.33819485367601,39.251213451004375,43.58587892216657,69.09056568951037,42.83748530006115,43.58587892216657,158.05132872140382,45.92275506526145,23.48102650802713,56.72627636413968,7.636839514970387,76.54821823655432,42.83748530006115,7.636839514970387,48.86808173148913,76.54821823655432,7.636839514970387,45.92275506526145,45.92275506526145,45.92275506526145,45.92275506526145
813,19.556030934237143,23.844210237018928,209.3860257513637,55.032229359246976,62.14431545641469,209.3860257513637,7.636839514970387,55.68205594980975,28.914310157557708,7.636839514970387,64.9145285537564,25.841269620297503,62.14431545641469,64.9145285537564,7.636839514970387,25.841269620297503,64.9145285537564,55.68205594980975,55.68205594980975,55.68205594980975,55.68205594980975
814,0.7750411242436831,32.38296954010639,55.68205594980975,66.92884076464198,15.386548204894032,55.68205594980975,51.60571568799068,39.65881134891491,10.10773827919754,67.89059061802394,55.68205594980975,79.40277636580336,15.386548204894032,55.68205594980975,17.051458953753407,79.40277636580336,55.68205594980975,39.65881134891491,39.65881134891491,39.65881134891491,39.65881134891491
815,19.5387106992408,81.27521789144745,99.26632856457807,67.55432657351943,51.901658940804296,99.26632856457807,25.841269620297503,66.92884076464198,30.821554544678747,55.68205594980975,105.44397522723466,55.68205594980975,51.901658940804296,105.44397522723466,33.57111191606526,55.68205594980975,105.44397522723466,66.92884076464198,66.92884076464198,66.92884076464198,66.92884076464198
816,15.387513335715358,28.58661517112855,74.95994922590914,127.31024631155115,66.73758502946434,74.95994922590914,75.89710293380233,67.55432657351943,16.309933146173606,57.04319771931844,61.00567479485637,84.28479604539226,66.73758502946434,61.00567479485637,43.1345734476781,84.28479604539226,61.00567479485637,67.55432657351943,67.55432657351943,67.55432657351943,67.55432657351943
817,3.019826188625797,62.83393305531017,115.39482310094172,90.9719539927634,55.68205594980975,115.39482310094172,62.76760173949365,115.39482310094172,21.90382270514933,60.108675575477456,49.19270848802522,76.66504481000626,55.68205594980975,49.19270848802522,46.27706534369489,76.66504481000626,49.19270848802522,115.39482310094172,115.39482310094172,115.39482310094172,115.39482310094172
818,7.636839514970387,15.640142575301091,54.49366000681719,55.81193657197888,26.12159009934816,54.49366000681719,97.14360883082334,43.58587892216657,23.506400766370884,105.04348852864617,115.39482310094172,83.40966046709845,26.12159009934816,115.39482310094172,14.525500708419337,83.40966046709845,115.39482310094172,43.58587892216657,43.58587892216657,43.58587892216657,43.58587892216657
819,0.3875205621218416,95.41332038804656,69.09261779666252,60.79331053104873,15.640142575301091,69.09261779666252,90.31697358933052,51.409103296452976,7.636839514970387,41.651408760998834,43.58587892216657,33.57111191606526,15.640142575301091,43.58587892216657,60.88889161609295,33.57111191606526,43.58587892216657,51.409103296452976,51.409103296452976,51.409103296452976,51.409103296452976
820,0.0,61.45161154663359,67.89059061802394,55.68205594980975,59.64701898531816,67.89059061802394,85.11829629359619,55.81193657197888,16.309933146173606,50.77899556430128,101.17301138940964,56.40161547253052,59.64701898531816,101.17301138940964,49.61534806897726,56.40161547253052,101.17301138940964,55.81193657197888,55.81193657197888,55.81193657197888,55.81193657197888
821,6.6638126733491685,55.6924973257865,53.04910978043364,26.12159009934816,105.04348852864617,53.04910978043364,7.636839514970387,46.27706534369489,15.386548204894032,7.636839514970387,55.68205594980975,104.77880448407744,105.04348852864617,55.68205594980975,19.10689337210281,104.77880448407744,55.68205594980975,46.27706534369489,46.27706534369489,46.27706534369489,46.27706534369489
822,21.78474162555651,7.636839514970387,79.36353579076098,15.640142575301091,85.35199291215815,79.36353579076098,119.30546897003627,26.12159009934816,12.920634810148757,69.09056568951037,7.636839514970387,73.28061784942686,85.35199291215815,7.636839514970387,35.21104254889525,73.28061784942686,7.636839514970387,26.12159009934816,26.12159009934816,26.12159009934816,26.12159009934816
823,0.0,32.34032164710557,7.636839514970387,129.36038194847262,119.66116421470716,7.636839514970387,68.07673680841934,19.10689337210281,6.6638126733491685,55.032229359246976,67.23101304436324,58.59652301436633,119.66116421470716,67.23101304436324,28.733661662674606,58.59652301436633,67.23101304436324,19.10689337210281,19.10689337210281,19.10689337210281,19.10689337210281
824,12.91840164854206,18.37525654148036,46.27706534369489,23.506400766370884,61.623386823386,46.27706534369489,48.65620405711926,67.23101304436324,20.529699872170056,66.92884076464198,115.39482310094172,55.68205594980975,61.623386823386,115.39482310094172,66.34336091799776,55.68205594980975,115.39482310094172,67.23101304436324,67.23101304436324,67.23101304436324,67.23101304436324
825,0.5637143564423058,65.31463673216184,30.552970678422465,90.79655690801566,63.27578553486368,30.552970678422465,36.49296696236463,63.68491230270351,12.91840164854206,67.55432657351943,23.844210237018928,53.55154888105776,63.27578553486368,23.844210237018928,32.34032164710557,53.55154888105776,23.844210237018928,63.68491230270351,63.68491230270351,63.68491230270351,63.68491230270351
826,0.0,35.92184015708577,10.051501034884858,120.758785864905,112.85122994937988,10.051501034884858,67.55432657351943,53.36662261946076,21.78474162555651,127.31024631155115,121.4326763543363,77.7399278331771,112.85122994937988,121.4326763543363,7.636839514970387,77.7399278331771,121.4326763543363,53.36662261946076,53.36662261946076,53.36662261946076,53.36662261946076
827,7.214723588625733,51.360951206891286,3.1142432624567684,52.652508742164585,23.844210237018928,3.1142432624567684,109.22544968470824,102.2192840037389,23.48102650802713,90.9719539927634,78.9939300029734,115.39482310094172,23.844210237018928,78.9939300029734,19.10689337210281,115.39482310094172,78.9939300029734,102.2192840037389,102.2192840037389,102.2192840037389,102.2192840037389
828,4.4122950105657575,31.82209010992501,15.493096159676131,80.07684085868868,32.34032164710557,15.493096159676131,64.54282822504432,72.8743605486495,7.214723588625733,55.81193657197888,70.31211185334618,36.612140424403776,32.34032164710557,70.31211185334618,23.506400766370884,36.612140424403776,70.31211185334618,72.8743605486495,72.8743605486495,72.8743605486495,72.8743605486495
829,14.766290915009508,55.68205594980975,13.487612142348269,121.5766278059778,22.910518544911167,13.487612142348269,100.53671698606664,61.623386823386,17.48709492435968,60.79331053104873,75.34202067460683,74.19512874371459,22.910518544911167,75.34202067460683,46.27706534369489,74.19512874371459,75.34202067460683,61.623386823386,61.623386823386,61.623386823386,61.623386823386
830,0.0,38.47646973079417,84.19680398039951,26.12159009934816,18.23142362832679,84.19680398039951,70.4071945620388,61.86757754068779,14.766290915009508,55.68205594980975,61.45161154663359,46.27706534369489,18.23142362832679,61.45161154663359,53.33357773040799,46.27706534369489,61.45161154663359,61.86757754068779,61.86757754068779,61.86757754068779,61.86757754068779
831,7.303284211370131,43.58587892216657,98.16368289400371,24.17128152112439,46.60606357244358,98.16368289400371,46.27706534369489,121.5766278059778,12.568579977111256,26.12159009934816,39.251213451004375,26.12159009934816,46.60606357244358,39.251213451004375,43.22682214555096,26.12159009934816,39.251213451004375,121.5766278059778,121.5766278059778,121.5766278059778,121.5766278059778
832,11.78638552689354,56.10237318548423,79.16321798650193,10.051501034884858,31.0965728213221,79.16321798650193,7.636839514970387,26.12159009934816,10.2059905448889,15.640142575301091,54.49366000681719,19.10689337210281,31.0965728213221,54.49366000681719,44.21196994661145,19.10689337210281,54.49366000681719,26.12159009934816,26.12159009934816,26.12159009934816,26.12159009934816
833,4.684076296780081,66.34336091799776,51.77008009901783,58.45439810562077,73.78121553920978,51.77008009901783,95.59863150364112,10.051501034884858,24.740517465640632,129.36038194847262,107.66994280612224,37.205843634878526,73.78121553920978,107.66994280612224,58.51534119614391,37.205843634878526,107.66994280612224,10.051501034884858,10.051501034884858,10.051501034884858,10.051501034884858
834,14.3041905096689,15.640142575301091,61.24720684547483,30.722824060705527,63.6090644417075,61.24720684547483,23.844210237018928,30.722824060705527,25.59166540360865,23.506400766370884,14.525500708419337,63.68491230270351,63.6090644417075,14.525500708419337,61.61912598208615,63.68491230270351,14.525500708419337,30.722824060705527,30.722824060705527,30.722824060705527,30.722824060705527
835,2.4738065354669185,26.12159009934816,60.00945136649232,13.487612142348269,72.51673925429027,60.00945136649232,64.2686565055244,13.487612142348269,7.303284211370131,90.79655690801566,23.2980087603922,54.28663173889978,72.51673925429027,23.2980087603922,58.92552050029654,54.28663173889978,23.2980087603922,13.487612142348269,13.487612142348269,13.487612142348269,13.487612142348269
836,13.447254248883104,78.85310584034093,76.8567027451497,36.90456354166748,83.43410894127304,76.8567027451497,80.58124263111173,85.37288048229208,10.213763986295696,120.758785864905,69.34298596890551,111.81067498341392,83.43410894127304,69.34298596890551,15.386548204894032,111.81067498341392,69.34298596890551,85.37288048229208,85.37288048229208,85.37288048229208,85.37288048229208
837,6.145876795489233,77.25889638057116,38.86400006902975,75.44780541634263,26.12159009934816,38.86400006902975,73.31140316538415,75.44780541634263,7.303284211370131,52.652508742164585,33.57111191606526,81.87511951810986,26.12159009934816,33.57111191606526,31.43858992195704,81.87511951810986,33.57111191606526,75.44780541634263,75.44780541634263,75.44780541634263,75.44780541634263
838,10.718138120340267,46.27706534369489,196.62475752761767,46.1978912564641,110.54454586320816,196.62475752761767,25.02609869838625,58.36055290379326,8.879516379871745,80.07684085868868,35.42089162718143,61.623386823386,110.54454586320816,35.42089162718143,15.62916467405199,61.623386823386,35.42089162718143,58.36055290379326,58.36055290379326,58.36055290379326,58.36055290379326
839,18.73381619939377,32.38296954010639,55.68205594980975,54.62262705272613,39.251213451004375,55.68205594980975,69.35290228804767,54.62262705272613,7.636839514970387,121.5766278059778,71.26390922612282,61.86757754068779,39.251213451004375,71.26390922612282,7.636839514970387,61.86757754068779,71.26390922612282,54.62262705272613,54.62262705272613,54.62262705272613,54.62262705272613
840,25.75988621150465,69.5149670541963,69.66537069387783,29.50963807153421,65.39012309410836,69.66537069387783,7.636839514970387,125.31208776458084,12.920634810148757,26.12159009934816,71.47263380432861,105.9938427216151,65.39012309410836,71.47263380432861,59.49360877309244,105.9938427216151,71.47263380432861,125.31208776458084,125.31208776458084,125.31208776458084,125.31208776458084
841,13.692396515733597,19.10689337210281,47.74289166997524,85.74728890411497,84.067934583006,47.74289166997524,48.65620405711926,83.43410894127304,14.766290915009508,24.17128152112439,60.00945136649232,26.12159009934816,84.067934583006,60.00945136649232,17.051458953753407,26.12159009934816,60.00945136649232,83.43410894127304,83.43410894127304,83.43410894127304,83.43410894127304
842,16.58709423727748,116.02946035213554,46.58892875902672,26.12159009934816,98.6131334948468,46.58892875902672,23.844210237018928,26.12159009934816,4.684076296780081,10.051501034884858,76.8567027451497,46.27706534369489,98.6131334948468,76.8567027451497,46.27706534369489,46.27706534369489,76.8567027451497,26.12159009934816,26.12159009934816,26.12159009934816,26.12159009934816
843,3.019826188625797,64.34951523973798,88.89404347969125,95.59863150364112,19.10689337210281,88.89404347969125,76.54821823655432,47.32888389967341,18.48749937972313,58.45439810562077,38.86400006902975,10.051501034884858,19.10689337210281,38.86400006902975,18.48749937972313,10.051501034884858,38.86400006902975,47.32888389967341,47.32888389967341,47.32888389967341,47.32888389967341
844,7.636839514970387,7.636839514970387,26.12159009934816,39.251213451004375,70.50650461977693,26.12159009934816,66.3005629065763,39.251213451004375,18.16725753409692,30.722824060705527,196.62475752761767,27.77773560707552,70.50650461977693,196.62475752761767,23.506400766370884,27.77773560707552,196.62475752761767,39.251213451004375,39.251213451004375,39.251213451004375,39.251213451004375
845,0.0,25.02609869838625,73.13557257116545,59.01450710166656,26.12159009934816,73.13557257116545,30.722824060705527,15.640142575301091,21.78474162555651,13.487612142348269,55.68205594980975,38.733146854800914,26.12159009934816,55.68205594980975,80.39692968877138,38.733146854800914,55.68205594980975,15.640142575301091,15.640142575301091,15.640142575301091,15.640142575301091
846,2.4738065354669185,30.552970678422465,76.66504481000626,84.30715058531536,23.506400766370884,76.66504481000626,51.41951009755359,65.39012309410836,23.506400766370884,36.90456354166748,69.66537069387783,31.0965728213221,23.506400766370884,69.66537069387783,49.44989058904419,31.0965728213221,69.66537069387783,65.39012309410836,65.39012309410836,65.39012309410836,65.39012309410836
847,14.766290915009508,23.506400766370884,65.18084844166394,19.10689337210281,67.89059061802394,65.18084844166394,64.16908922352451,84.067934583006,20.529699872170056,75.44780541634263,47.74289166997524,45.93314882241042,67.89059061802394,47.74289166997524,70.07718006314518,45.93314882241042,47.74289166997524,84.067934583006,84.067934583006,84.067934583006,84.067934583006
848,0.0,35.42089162718143,80.65383535106224,76.21818208334051,15.640142575301091,80.65383535106224,42.53173085803133,98.6131334948468,7.214723588625733,46.1978912564641,46.58892875902672,12.568579977111256,15.640142575301091,46.58892875902672,58.819512676812224,12.568579977111256,46.58892875902672,98.6131334948468,98.6131334948468,98.6131334948468,98.6131334948468
849,6.640500162492548,46.27706534369489,45.504926123594565,119.0960832977474,97.70926393945702,45.504926123594565,84.5541652854995,19.10689337210281,16.309933146173606,54.62262705272613,88.89404347969125,56.63084228072952,97.70926393945702,88.89404347969125,33.57111191606526,56.63084228072952,88.89404347969125,19.10689337210281,19.10689337210281,19.10689337210281,19.10689337210281
850,4.684076296780081,68.2650348328134,112.865691698698,7.636839514970387,50.77899556430128,112.865691698698,57.762709503746855,70.50650461977693,7.055583487765243,29.50963807153421,26.12159009934816,60.35407760696111,50.77899556430128,26.12159009934816,39.251213451004375,60.35407760696111,26.12159009934816,70.50650461977693,70.50650461977693,70.50650461977693,70.50650461977693
851,7.214723588625733,41.43624256216621,48.956321040407865,47.32888389967341,108.72734779341825,48.956321040407865,79.52071836828296,26.12159009934816,30.96310401483121,85.74728890411497,110.54454586320816,48.48105865156456,108.72734779341825,110.54454586320816,7.636839514970387,48.48105865156456,110.54454586320816,26.12159009934816,26.12159009934816,26.12159009934816,26.12159009934816
852,0.0,62.49758422031292,67.96796321780818,15.62916467405199,49.35308779404424,67.96796321780818,7.636839514970387,23.506400766370884,19.475475519715715,26.12159009934816,81.6481973611856,85.74728890411497,49.35308779404424,81.6481973611856,26.116584502769488,85.74728890411497,81.6481973611856,23.506400766370884,23.506400766370884,23.506400766370884,23.506400766370884
853,27.35048265306952,57.08314419034554,7.636839514970387,25.841269620297503,33.57111191606526,7.636839514970387,47.32888389967341,15.62916467405199,23.48102650802713,95.59863150364112,68.06176497328788,7.636839514970387,33.57111191606526,68.06176497328788,0.0,7.636839514970387,68.06176497328788,15.62916467405199,15.62916467405199,15.62916467405199,15.62916467405199
854,0.3875205621218416,71.47263380432861,0.0,55.68205594980975,90.5187187351935,0.0,23.844210237018928,81.6481973611856,11.78638552689354,39.251213451004375,105.6298250304592,44.21196994661145,90.5187187351935,105.6298250304592,15.62916467405199,44.21196994661145,105.6298250304592,81.6481973611856,81.6481973611856,81.6481973611856,81.6481973611856
855,0.0,15.386548204894032,19.10689337210281,63.76997302407794,7.636839514970387,19.10689337210281,39.251213451004375,79.39191888113415,21.90382270514933,59.01450710166656,89.67833968250717,95.59863150364112,7.636839514970387,89.67833968250717,46.79529802712396,95.59863150364112,89.67833968250717,79.39191888113415,79.39191888113415,79.39191888113415,79.39191888113415
856,4.4122950105657575,7.636839514970387,74.95994922590914,115.39482310094172,17.051458953753407,74.95994922590914,15.640142575301091,113.1885415314043,15.386548204894032,84.30715058531536,47.80889935857093,97.454943708045,17.051458953753407,47.80889935857093,23.506400766370884,97.454943708045,47.80889935857093,113.1885415314043,113.1885415314043,113.1885415314043,113.1885415314043
857,4.159399084249441,19.10689337210281,15.640142575301091,89.67833968250717,19.10689337210281,15.640142575301091,57.54732748595277,75.17007589725216,16.309933146173606,19.10689337210281,119.85330294937452,59.01450710166656,19.10689337210281,119.85330294937452,28.58661517112855,59.01450710166656,119.85330294937452,75.17007589725216,75.17007589725216,75.17007589725216,75.17007589725216
858,10.295370231090036,30.552970678422465,64.5776314446965,71.47263380432861,74.95994922590914,64.5776314446965,93.91625940424066,107.11869049917114,7.636839514970387,76.21818208334051,26.12159009934816,84.30715058531536,74.95994922590914,26.12159009934816,48.5393134886728,84.30715058531536,26.12159009934816,107.11869049917114,107.11869049917114,107.11869049917114,107.11869049917114
859,6.6638126733491685,73.22225058591033,89.9088338008727,85.4096438229483,15.640142575301091,89.9088338008727,19.10689337210281,69.5435029349368,12.568579977111256,119.0960832977474,19.10689337210281,85.91377247893328,15.640142575301091,19.10689337210281,62.235323945379896,85.91377247893328,19.10689337210281,69.5435029349368,69.5435029349368,69.5435029349368,69.5435029349368
860,20.529699872170056,15.62916467405199,59.08535585199724,26.12159009934816,64.5776314446965,59.08535585199724,67.55432657351943,7.636839514970387,15.386548204894032,7.636839514970387,117.54602289623506,43.32076003684726,64.5776314446965,117.54602289623506,72.10312490072226,43.32076003684726,117.54602289623506,7.636839514970387,7.636839514970387,7.636839514970387,7.636839514970387
861,8.879516379871745,23.506400766370884,62.98082989841229,26.38217338574702,60.88889161609295,62.98082989841229,62.47847168564663,17.051458953753407,7.214723588625733,47.32888389967341,64.5776314446965,7.636839514970387,60.88889161609295,64.5776314446965,33.57111191606526,7.636839514970387,64.5776314446965,17.051458953753407,17.051458953753407,17.051458953753407,17.051458953753407
862,16.309933146173606,46.27706534369489,71.47263380432861,12.568579977111256,59.08535585199724,71.47263380432861,26.12159009934816,26.38217338574702,7.303284211370131,15.62916467405199,100.878311562623,58.1267629786228,59.08535585199724,100.878311562623,55.84876781724193,58.1267629786228,100.878311562623,26.38217338574702,26.38217338574702,26.38217338574702,26.38217338574702
863,7.303284211370131,53.33357773040799,68.04684457474967,44.31349054230374,66.34336091799776,68.04684457474967,47.32888389967341,12.568579977111256,12.920634810148757,25.841269620297503,59.08535585199724,25.841269620297503,66.34336091799776,59.08535585199724,35.659579882152734,25.841269620297503,59.08535585199724,12.568579977111256,12.568579977111256,12.568579977111256,12.568579977111256
864,21.78474162555651,85.26192189333732,26.12159009934816,51.41951009755359,62.98082989841229,26.12159009934816,15.62916467405199,74.95994922590914,23.506400766370884,55.68205594980975,62.98082989841229,81.6481973611856,62.98082989841229,62.98082989841229,7.636839514970387,81.6481973611856,62.98082989841229,74.95994922590914,74.95994922590914,74.95994922590914,74.95994922590914
865,6.145876795489233,77.49564501327391,15.640142575301091,88.79282510498244,68.04684457474967,15.640142575301091,63.899612890391175,15.640142575301091,6.6638126733491685,63.76997302407794,71.47263380432861,87.8240641052733,68.04684457474967,71.47263380432861,23.506400766370884,87.8240641052733,71.47263380432861,15.640142575301091,15.640142575301091,15.640142575301091,15.640142575301091
866,18.73381619939377,79.24347823670004,69.66537069387783,89.9088338008727,26.12159009934816,69.66537069387783,69.03385180187333,88.79282510498244,30.84655019315995,115.39482310094172,109.06371143170934,59.01445099689081,26.12159009934816,109.06371143170934,39.251213451004375,59.01445099689081,109.06371143170934,88.79282510498244,88.79282510498244,88.79282510498244,88.79282510498244
867,10.213763986295696,7.636839514970387,60.00945136649232,69.5629084999407,15.640142575301091,60.00945136649232,93.91625940424066,60.88889161609295,10.2059905448889,89.67833968250717,26.12159009934816,117.10995018497208,15.640142575301091,26.12159009934816,4.684076296780081,117.10995018497208,26.12159009934816,60.88889161609295,60.88889161609295,60.88889161609295,60.88889161609295
868,16.863005510575263,15.640142575301091,47.32888389967341,62.98082989841229,69.66537069387783,47.32888389967341,118.5298013914936,69.5629084999407,9.798907685703794,71.47263380432861,15.640142575301091,89.53530138493834,69.66537069387783,15.640142575301091,18.48749937972313,89.53530138493834,15.640142575301091,69.5629084999407,69.5629084999407,69.5629084999407,69.5629084999407
869,16.019725390081923,62.49758422031292,115.39482310094172,95.02649777305238,60.00945136649232,115.39482310094172,80.24548941976164,62.98082989841229,18.16725753409692,85.4096438229483,69.66537069387783,126.46652986292584,60.00945136649232,69.66537069387783,69.34298596890551,126.46652986292584,69.66537069387783,62.98082989841229,62.98082989841229,62.98082989841229,62.98082989841229
870,4.4122950105657575,66.34336091799776,55.68205594980975,26.12159009934816,47.32888389967341,55.68205594980975,92.55456036875825,95.02649777305238,14.766290915009508,26.12159009934816,60.00945136649232,7.636839514970387,47.32888389967341,60.00945136649232,38.94792250899779,7.636839514970387,60.00945136649232,95.02649777305238,95.02649777305238,95.02649777305238,95.02649777305238
871,7.636839514970387,23.506400766370884,88.89404347969125,15.640142575301091,115.39482310094172,88.89404347969125,29.50963807153421,26.12159009934816,24.740517465640632,26.38217338574702,47.32888389967341,23.844210237018928,115.39482310094172,47.32888389967341,44.21196994661145,23.844210237018928,47.32888389967341,26.12159009934816,26.12159009934816,26.12159009934816,26.12159009934816
872,0.0,19.10689337210281,111.81067498341392,75.50816032685336,55.68205594980975,111.81067498341392,163.1035460554054,15.640142575301091,20.529699872170056,12.568579977111256,115.39482310094172,158.05132872140382,55.68205594980975,115.39482310094172,48.956321040407865,158.05132872140382,115.39482310094172,15.640142575301091,15.640142575301091,15.640142575301091,15.640142575301091
873,2.91183195432858,54.79430269623404,26.12159009934816,98.01216885748676,88.89404347969125,26.12159009934816,19.10689337210281,57.74920284709328,19.5387106992408,44.31349054230374,55.68205594980975,66.64069795255644,88.89404347969125,55.68205594980975,66.04681020854102,66.64069795255644,55.68205594980975,57.74920284709328,57.74920284709328,57.74920284709328,57.74920284709328
874,4.684076296780081,62.98082989841229,67.96796321780818,122.7829590303622,111.81067498341392,67.96796321780818,158.05132872140382,86.89640499383425,21.78474162555651,51.41951009755359,88.89404347969125,59.08535585199724,111.81067498341392,88.89404347969125,15.386548204894032,59.08535585199724,88.89404347969125,86.89640499383425,86.89640499383425,86.89640499383425,86.89640499383425
875,0.0,51.9443366695845,112.67355296403063,69.03385180187333,26.12159009934816,112.67355296403063,114.85743329728072,23.506400766370884,11.78638552689354,88.79282510498244,111.81067498341392,117.7860111841214,26.12159009934816,111.81067498341392,35.80579141477383,117.7860111841214,111.81067498341392,23.506400766370884,23.506400766370884,23.506400766370884,23.506400766370884
876,0.0,106.02685265192947,76.66504481000626,67.41265629511486,18.48749937972313,76.66504481000626,14.766290915009508,53.276407479001904,21.90382270514933,89.9088338008727,26.12159009934816,64.13757244824706,18.48749937972313,26.12159009934816,7.636839514970387,64.13757244824706,26.12159009934816,53.276407479001904,53.276407479001904,53.276407479001904,53.276407479001904
877,7.852483660430585,43.74282997109866,65.75486164488264,65.53859597204774,94.57827775370995,65.75486164488264,59.08535585199724,101.5076470144895,23.48102650802713,69.5629084999407,67.96796321780818,63.41009095907325,94.57827775370995,67.96796321780818,18.48749937972313,63.41009095907325,67.96796321780818,101.5076470144895,101.5076470144895,101.5076470144895,101.5076470144895
878,7.055583487765243,69.55592687062027,104.67187827811684,79.82734822945879,39.251213451004375,104.67187827811684,101.41250093624312,109.56279141876752,12.568579977111256,62.98082989841229,112.67355296403063,71.47263380432861,39.251213451004375,112.67355296403063,15.640142575301091,71.47263380432861,112.67355296403063,109.56279141876752,109.56279141876752,109.56279141876752,109.56279141876752
879,14.766290915009508,26.12159009934816,50.11277596700517,26.12159009934816,67.23101304436324,50.11277596700517,71.47263380432861,129.69221554554943,14.969276871922196,95.02649777305238,76.66504481000626,26.12159009934816,67.23101304436324,76.66504481000626,44.21196994661145,26.12159009934816,76.66504481000626,129.69221554554943,129.69221554554943,129.69221554554943,129.69221554554943
880,7.214723588625733,23.506400766370884,49.44989058904419,74.62678618689708,71.26390922612282,49.44989058904419,26.12159009934816,26.12159009934816,3.1142432624567684,26.12159009934816,65.75486164488264,15.640142575301091,71.26390922612282,65.75486164488264,44.39379117092759,15.640142575301091,65.75486164488264,26.12159009934816,26.12159009934816,26.12159009934816,26.12159009934816
881,12.91840164854206,99.14053689514814,43.22682214555096,99.14053689514814,61.65429983522041,43.22682214555096,69.66537069387783,106.12814814582468,7.636839514970387,15.640142575301091,104.67187827811684,75.50816032685336,61.65429983522041,104.67187827811684,33.57111191606526,75.50816032685336,104.67187827811684,106.12814814582468,106.12814814582468,106.12814814582468,106.12814814582468
882,23.48102650802713,15.640142575301091,53.33357773040799,158.05132872140382,79.0619545311756,53.33357773040799,60.00945136649232,46.27706534369489,0.0,75.50816032685336,50.11277596700517,98.01216885748676,79.0619545311756,50.11277596700517,33.76070194606223,98.01216885748676,50.11277596700517,46.27706534369489,46.27706534369489,46.27706534369489,46.27706534369489
883,0.0,80.65346641543805,26.12159009934816,56.43827275515212,49.44989058904419,26.12159009934816,110.54454586320816,158.05132872140382,4.684076296780081,98.01216885748676,49.44989058904419,122.7829590303622,49.44989058904419,49.44989058904419,56.72627636413968,122.7829590303622,49.44989058904419,158.05132872140382,158.05132872140382,158.05132872140382,158.05132872140382
884,3.019826188625797,33.57111191606526,65.75486164488264,59.08535585199724,69.34298596890551,65.75486164488264,115.39482310094172,77.25889638057116,26.116584502769488,122.7829590303622,43.22682214555096,69.03385180187333,69.34298596890551,43.22682214555096,53.33357773040799,69.03385180187333,43.22682214555096,77.25889638057116,77.25889638057116,77.25889638057116,77.25889638057116
885,4.159399084249441,79.40277636580336,76.66504481000626,89.72614613700678,26.12159009934816,76.66504481000626,55.68205594980975,59.08535585199724,14.766290915009508,69.03385180187333,53.33357773040799,67.41265629511486,26.12159009934816,53.33357773040799,54.43941799031994,67.41265629511486,53.33357773040799,59.08535585199724,59.08535585199724,59.08535585199724,59.08535585199724
886,17.021969500118047,56.40161547253052,46.27706534369489,19.10689337210281,78.04417253663439,46.27706534369489,88.89404347969125,89.72614613700678,10.50197070730017,67.41265629511486,26.12159009934816,65.53859597204774,78.04417253663439,26.12159009934816,67.89059061802394,65.53859597204774,26.12159009934816,89.72614613700678,89.72614613700678,89.72614613700678,89.72614613700678
887,14.217796772632587,74.62678618689708,42.83748530006115,49.44989058904419,76.66504481000626,42.83748530006115,111.81067498341392,19.10689337210281,13.487612142348269,65.53859597204774,65.75486164488264,79.82734822945879,76.66504481000626,65.75486164488264,50.77899556430128,79.82734822945879,65.75486164488264,19.10689337210281,19.10689337210281,19.10689337210281,19.10689337210281
888,15.387513335715358,76.66504481000626,18.48749937972313,53.33357773040799,46.27706534369489,18.48749937972313,26.12159009934816,49.44989058904419,9.622699368355027,79.82734822945879,76.66504481000626,26.12159009934816,46.27706534369489,76.66504481000626,44.21196994661145,26.12159009934816,76.66504481000626,49.44989058904419,49.44989058904419,49.44989058904419,49.44989058904419
889,21.78474162555651,26.12159009934816,110.06977323503214,26.12159009934816,86.57064983011081,110.06977323503214,115.07547212795744,53.33357773040799,12.91840164854206,26.12159009934816,46.27706534369489,74.62678618689708,86.57064983011081,46.27706534369489,7.636839514970387,74.62678618689708,46.27706534369489,53.33357773040799,53.33357773040799,53.33357773040799,53.33357773040799
890,6.145876795489233,108.72734779341825,71.47263380432861,59.37417839488462,25.02609869838625,71.47263380432861,106.12814814582468,26.12159009934816,33.91879067076095,74.62678618689708,42.83748530006115,99.14053689514814,25.02609869838625,42.83748530006115,56.27063389328144,99.14053689514814,42.83748530006115,26.12159009934816,26.12159009934816,26.12159009934816,26.12159009934816
891,14.135742940017568,12.568579977111256,36.06572614646073,62.14431545641469,55.44806477768313,36.06572614646073,113.95613792028678,62.47424259323312,20.529699872170056,99.14053689514814,18.48749937972313,158.05132872140382,55.44806477768313,18.48749937972313,40.41181774767532,158.05132872140382,18.48749937972313,62.47424259323312,62.47424259323312,62.47424259323312,62.47424259323312
892,11.103780234469802,105.44397522723466,26.12159009934816,76.66504481000626,119.93374441281637,26.12159009934816,76.66504481000626,158.05132872140382,19.33819485367601,158.05132872140382,110.06977323503214,56.43827275515212,119.93374441281637,110.06977323503214,85.35199291215815,56.43827275515212,110.06977323503214,158.05132872140382,158.05132872140382,158.05132872140382,158.05132872140382
893,0.5637143564423058,48.00662640825516,64.34951523973798,46.27706534369489,70.31211185334618,64.34951523973798,59.08535585199724,46.27706534369489,10.10773827919754,56.43827275515212,71.47263380432861,59.08535585199724,70.31211185334618,71.47263380432861,54.43941799031994,59.08535585199724,71.47263380432861,46.27706534369489,46.27706534369489,46.27706534369489,46.27706534369489
894,0.3875205621218416,14.766290915009508,67.23101304436324,42.83748530006115,80.28711369799483,67.23101304436324,50.11277596700517,18.48749937972313,35.33996940893572,59.08535585199724,36.06572614646073,89.72614613700678,80.28711369799483,36.06572614646073,19.10689337210281,89.72614613700678,36.06572614646073,18.48749937972313,18.48749937972313,18.48749937972313,18.48749937972313
895,24.27469551210166,10.2059905448889,67.96796321780818,18.48749937972313,26.12159009934816,67.96796321780818,49.44989058904419,119.66116421470716,26.263991960110943,89.72614613700678,26.12159009934816,19.10689337210281,26.12159009934816,26.12159009934816,53.33357773040799,19.10689337210281,26.12159009934816,119.66116421470716,119.66116421470716,119.66116421470716,119.66116421470716
896,16.58709423727748,22.850815102445317,25.02609869838625,110.06977323503214,70.1284056617005,25.02609869838625,43.22682214555096,63.899612890391175,16.309933146173606,19.10689337210281,66.34336091799776,49.44989058904419,70.1284056617005,66.34336091799776,44.39379117092759,49.44989058904419,66.34336091799776,63.899612890391175,63.899612890391175,63.899612890391175,63.899612890391175
897,7.693774331048773,43.23578276539687,88.80681982465605,51.423830083580576,47.47275582091248,88.80681982465605,105.04348852864617,68.37549216998056,19.33819485367601,49.44989058904419,117.54602289623506,101.08533819461424,47.47275582091248,117.54602289623506,69.38548706020927,101.08533819461424,117.54602289623506,68.37549216998056,68.37549216998056,68.37549216998056,68.37549216998056
898,7.636839514970387,57.3509611117281,86.24095753780331,7.636839514970387,99.9949343670412,86.24095753780331,56.72627636413968,76.66504481000626,7.636839514970387,53.33357773040799,112.85122994937988,26.12159009934816,99.9949343670412,112.85122994937988,31.062824945670524,26.12159009934816,112.85122994937988,76.66504481000626,76.66504481000626,76.66504481000626,76.66504481000626
899,0.3875205621218416,76.66504481000626,109.3203883490929,70.1284056617005,37.205843634878526,109.3203883490929,54.49366000681719,7.636839514970387,7.303284211370131,26.12159009934816,100.878311562623,80.64226949167164,37.205843634878526,100.878311562623,7.636839514970387,80.64226949167164,100.878311562623,7.636839514970387,7.636839514970387,7.636839514970387,7.636839514970387
900,3.9146280024549545,7.636839514970387,82.95245983917275,31.902273251653885,11.542579372216242,82.95245983917275,158.21431221604635,73.72849674562812,20.529699872170056,59.37417839488462,84.0802948469459,120.55800436146431,11.542579372216242,84.0802948469459,54.43941799031994,120.55800436146431,84.0802948469459,73.72849674562812,73.72849674562812,73.72849674562812,73.72849674562812
901,0.0,23.844210237018928,7.636839514970387,39.01284110122778,67.96796321780818,7.636839514970387,55.68205594980975,45.1110038109903,19.5387106992408,62.14431545641469,104.54660880026692,46.27706534369489,67.96796321780818,104.54660880026692,0.0,46.27706534369489,104.54660880026692,45.1110038109903,45.1110038109903,45.1110038109903,45.1110038109903
902,0.0,24.004770138738305,63.20595657167126,25.02609869838625,18.48749937972313,63.20595657167126,76.94310702795576,18.48749937972313,7.214723588625733,76.66504481000626,72.79849215462806,38.86455960934009,18.48749937972313,72.79849215462806,10.2059905448889,38.86455960934009,72.79849215462806,18.48749937972313,18.48749937972313,18.48749937972313,18.48749937972313
903,7.055583487765243,47.16420431417454,48.72695922015328,39.251213451004375,109.82496944361608,48.72695922015328,48.956321040407865,44.21196994661145,12.920634810148757,46.27706534369489,7.636839514970387,18.48749937972313,109.82496944361608,7.636839514970387,48.64912536467546,18.48749937972313,7.636839514970387,44.21196994661145,44.21196994661145,44.21196994661145,44.21196994661145
904,4.4122950105657575,71.80726891311805,15.386548204894032,86.72206272990564,7.636839514970387,15.386548204894032,61.623386823386,46.27706534369489,18.48749937972313,42.83748530006115,63.20595657167126,114.20811714031193,7.636839514970387,63.20595657167126,44.39379117092759,114.20811714031193,63.20595657167126,46.27706534369489,46.27706534369489,46.27706534369489,46.27706534369489
905,6.325499006824784,38.49734281137666,132.78548363156503,88.2393938607895,63.20595657167126,132.78548363156503,39.882306215365325,74.27255576654062,3.1142432624567684,18.48749937972313,30.552970678422465,94.86185883293965,63.20595657167126,30.552970678422465,15.640142575301091,94.86185883293965,30.552970678422465,74.27255576654062,74.27255576654062,74.27255576654062,74.27255576654062
906,2.4738065354669185,22.598893176490783,23.506400766370884,73.93702369286721,91.25809809820058,23.506400766370884,26.12159009934816,86.35508618523167,4.684076296780081,110.06977323503214,15.386548204894032,76.66504481000626,91.25809809820058,15.386548204894032,33.76070194606223,76.66504481000626,15.386548204894032,86.35508618523167,86.35508618523167,86.35508618523167,86.35508618523167
907,9.798907685703794,57.409883644742855,67.89059061802394,93.97559379733688,116.94273112183755,67.89059061802394,47.09833925488203,76.90983570765285,9.622699368355027,51.423830083580576,110.393878839183,7.636839514970387,116.94273112183755,110.393878839183,12.568579977111256,7.636839514970387,110.393878839183,76.90983570765285,76.90983570765285,76.90983570765285,76.90983570765285
908,21.78474162555651,73.65453630352484,43.91634089942677,7.636839514970387,23.506400766370884,43.91634089942677,74.62462980102664,63.20595657167126,13.487612142348269,7.636839514970387,41.56314252054269,70.1284056617005,23.506400766370884,41.56314252054269,32.751219967399415,70.1284056617005,41.56314252054269,63.20595657167126,63.20595657167126,63.20595657167126,63.20595657167126
909,1.6866616882544527,72.90934996663046,73.90050275971117,63.20595657167126,15.640142575301091,73.90050275971117,15.640142575301091,69.66229087102606,23.48102650802713,70.1284056617005,102.45418078950816,31.902273251653885,15.640142575301091,102.45418078950816,45.727156552423104,31.902273251653885,102.45418078950816,69.66229087102606,69.66229087102606,69.66229087102606,69.66229087102606
910,0.0,7.636839514970387,107.93841803468456,23.844210237018928,76.3828833262732,107.93841803468456,18.48749937972313,51.956752437389326,14.766290915009508,31.902273251653885,46.60606357244358,39.01284110122778,76.3828833262732,46.60606357244358,29.025757415975228,39.01284110122778,46.60606357244358,51.956752437389326,51.956752437389326,51.956752437389326,51.956752437389326
911,13.00451678171939,76.54821823655432,26.12159009934816,104.6556976606988,49.44989058904419,26.12159009934816,95.41332038804656,107.30226160773964,16.309933146173606,39.01284110122778,82.86802427169792,25.02609869838625,49.44989058904419,82.86802427169792,66.34336091799776,25.02609869838625,82.86802427169792,107.30226160773964,107.30226160773964,107.30226160773964,107.30226160773964
912,7.303284211370131,25.841269620297503,63.76997302407794,104.77880448407744,33.57111191606526,63.76997302407794,46.27706534369489,172.8022743943151,24.740517465640632,25.02609869838625,55.362289743275575,39.251213451004375,33.57111191606526,55.362289743275575,35.21104254889525,39.251213451004375,55.362289743275575,172.8022743943151,172.8022743943151,172.8022743943151,172.8022743943151
913,0.0,79.40277636580336,55.68205594980975,46.60606357244358,90.96144186959263,55.68205594980975,32.38296954010639,73.24559264335552,21.78474162555651,39.251213451004375,72.58844078433208,88.2393938607895,90.96144186959263,72.58844078433208,7.636839514970387,88.2393938607895,72.58844078433208,73.24559264335552,73.24559264335552,73.24559264335552,73.24559264335552
914,12.810975872230134,55.68205594980975,47.32888389967341,86.97102964745893,7.636839514970387,47.32888389967341,119.85330294937452,89.1389908383102,12.91840164854206,86.72206272990564,55.68205594980975,73.93702369286721,7.636839514970387,55.68205594980975,39.251213451004375,73.93702369286721,55.68205594980975,89.1389908383102,89.1389908383102,89.1389908383102,89.1389908383102
915,7.214723588625733,84.28479604539226,111.81067498341392,95.04403992889858,63.76997302407794,111.81067498341392,65.29818331670373,104.65827633437416,11.78638552689354,88.2393938607895,124.34614706646168,93.97559379733688,63.76997302407794,124.34614706646168,23.844210237018928,93.97559379733688,124.34614706646168,104.65827633437416,104.65827633437416,104.65827633437416,104.65827633437416
916,3.019826188625797,76.66504481000626,15.62916467405199,65.72287772953852,55.68205594980975,15.62916467405199,7.636839514970387,26.12159009934816,6.6638126733491685,73.93702369286721,165.3292370828459,7.636839514970387,55.68205594980975,165.3292370828459,23.506400766370884,7.636839514970387,165.3292370828459,26.12159009934816,26.12159009934816,26.12159009934816,26.12159009934816
917,14.766290915009508,83.40966046709845,115.39482310094172,103.9579685377564,86.72206272990564,115.39482310094172,63.20595657167126,60.36104468553762,19.556030934237143,93.97559379733688,115.39482310094172,63.20595657167126,86.72206272990564,115.39482310094172,71.26390922612282,63.20595657167126,115.39482310094172,60.36104468553762,60.36104468553762,60.36104468553762,60.36104468553762
918,5.585045100152804,33.57111191606526,89.67833968250717,26.12159009934816,75.81825284327329,89.67833968250717,23.844210237018928,18.48749937972313,23.506400766370884,7.636839514970387,53.52875262147118,23.844210237018928,75.81825284327329,53.52875262147118,28.58661517112855,23.844210237018928,53.52875262147118,18.48749937972313,18.48749937972313,18.48749937972313,18.48749937972313
919,15.291044274267604,56.40161547253052,71.47263380432861,85.71410448486544,25.841269620297503,71.47263380432861,94.30436308840324,35.867128062558265,7.636839514970387,63.20595657167126,43.088721242884894,104.6556976606988,25.841269620297503,43.088721242884894,15.640142575301091,104.6556976606988,43.088721242884894,35.867128062558265,35.867128062558265,35.867128062558265,35.867128062558265
920,9.606329408819,7.636839514970387,7.636839514970387,105.82537805668936,115.39482310094172,7.636839514970387,65.75486164488264,23.506400766370884,26.376490684691426,23.844210237018928,75.17007589725216,41.56314252054269,115.39482310094172,75.17007589725216,33.57111191606526,41.56314252054269,75.17007589725216,23.506400766370884,23.506400766370884,23.506400766370884,23.506400766370884
921,10.718138120340267,23.506400766370884,95.59863150364112,23.506400766370884,40.67255415993655,95.59863150364112,86.72206272990564,102.2192840037389,14.766290915009508,104.6556976606988,26.12159009934816,46.60606357244358,40.67255415993655,26.12159009934816,52.30586211197406,46.60606357244358,26.12159009934816,102.2192840037389,102.2192840037389,102.2192840037389,102.2192840037389
922,6.695988109199242,45.5714980996711,46.27706534369489,15.62916467405199,40.034072295866615,46.27706534369489,61.00946531594111,15.62916467405199,15.640142575301091,104.77880448407744,32.38296954010639,86.97102964745893,40.034072295866615,32.38296954010639,62.06811331822829,86.97102964745893,32.38296954010639,15.62916467405199,15.62916467405199,15.62916467405199,15.62916467405199
923,13.447254248883104,46.27706534369489,17.051458953753407,66.2900456883762,71.47263380432861,17.051458953753407,76.94310702795576,44.91047388167002,18.48749937972313,46.60606357244358,15.640142575301091,95.04403992889858,71.47263380432861,15.640142575301091,74.9506192654265,95.04403992889858,15.640142575301091,44.91047388167002,44.91047388167002,44.91047388167002,44.91047388167002
924,19.556030934237143,18.48749937972313,74.7251322919282,46.21000734456353,7.636839514970387,74.7251322919282,49.44989058904419,77.97531613131177,0.0,86.97102964745893,55.68205594980975,15.62916467405199,7.636839514970387,55.68205594980975,39.65881134891491,15.62916467405199,55.68205594980975,77.97531613131177,77.97531613131177,77.97531613131177,77.97531613131177
925,16.309933146173606,41.43624256216621,57.3509611117281,40.034072295866615,73.24559264335552,57.3509611117281,33.57111191606526,40.034072295866615,7.214723588625733,95.04403992889858,103.74507447670791,65.72287772953852,73.24559264335552,103.74507447670791,7.636839514970387,65.72287772953852,103.74507447670791,40.034072295866615,40.034072295866615,40.034072295866615,40.034072295866615
926,0.3875205621218416,67.55432657351943,19.10689337210281,71.47263380432861,86.7498719247089,19.10689337210281,26.12159009934816,67.55432657351943,33.40167904657325,65.72287772953852,57.3509611117281,7.636839514970387,86.7498719247089,57.3509611117281,33.57111191606526,7.636839514970387,57.3509611117281,67.55432657351943,67.55432657351943,67.55432657351943,67.55432657351943
927,2.4738065354669185,63.68491230270351,59.07175890889215,26.12159009934816,65.83671180090879,59.07175890889215,63.76997302407794,7.636839514970387,19.928059826584818,103.9579685377564,110.78166970713032,68.0349569161133,65.83671180090879,110.78166970713032,32.34032164710557,68.0349569161133,110.78166970713032,7.636839514970387,7.636839514970387,7.636839514970387,7.636839514970387
928,7.636839514970387,43.58587892216657,95.41332038804656,95.59863150364112,23.506400766370884,95.41332038804656,46.27706534369489,65.31463673216184,23.48102650802713,26.12159009934816,95.41332038804656,35.867128062558265,23.506400766370884,95.41332038804656,15.395582732425623,35.867128062558265,95.41332038804656,65.31463673216184,65.31463673216184,65.31463673216184,65.31463673216184
929,0.0,39.22732887880316,83.0723375755126,39.251213451004375,15.640142575301091,83.0723375755126,23.506400766370884,95.59863150364112,4.684076296780081,85.71410448486544,83.0723375755126,23.506400766370884,15.640142575301091,83.0723375755126,35.21104254889525,23.506400766370884,83.0723375755126,95.59863150364112,95.59863150364112,95.59863150364112,95.59863150364112
930,4.4122950105657575,56.38782312632801,7.636839514970387,65.84387390034023,55.68205594980975,7.636839514970387,102.2192840037389,62.76760173949365,26.786647336435163,105.82537805668936,7.636839514970387,75.81825284327329,55.68205594980975,7.636839514970387,14.525500708419337,75.81825284327329,7.636839514970387,62.76760173949365,62.76760173949365,62.76760173949365,62.76760173949365
931,20.529699872170056,15.386548204894032,39.01284110122778,57.3509611117281,17.051458953753407,39.01284110122778,15.62916467405199,44.21196994661145,30.96310401483121,23.506400766370884,80.94677537447069,15.62916467405199,17.051458953753407,80.94677537447069,46.27706534369489,15.62916467405199,80.94677537447069,44.21196994661145,44.21196994661145,44.21196994661145,44.21196994661145
932,6.145876795489233,46.27706534369489,63.91907451083336,19.10689337210281,78.45960007081652,63.91907451083336,63.68491230270351,57.3509611117281,8.879516379871745,15.62916467405199,23.844210237018928,25.841269620297503,78.45960007081652,23.844210237018928,37.71821113230429,25.841269620297503,23.844210237018928,57.3509611117281,57.3509611117281,57.3509611117281,57.3509611117281
933,0.0,26.12159009934816,15.640142575301091,95.41332038804656,53.276407479001904,15.640142575301091,19.10689337210281,95.41332038804656,18.3892917291177,66.2900456883762,81.49081957301996,40.67255415993655,53.276407479001904,81.49081957301996,48.06786071046918,40.67255415993655,81.49081957301996,95.41332038804656,95.41332038804656,95.41332038804656,95.41332038804656
934,7.303284211370131,19.10689337210281,81.89688143803492,119.74673737917634,52.88636955869353,81.89688143803492,40.67255415993655,87.30937812220878,10.167804482391144,46.21000734456353,83.40966046709845,131.18730968519054,52.88636955869353,83.40966046709845,43.58587892216657,131.18730968519054,83.40966046709845,87.30937812220878,87.30937812220878,87.30937812220878,87.30937812220878
935,3.019826188625797,15.640142575301091,48.65620405711926,74.03569744270874,7.636839514970387,48.65620405711926,40.034072295866615,88.13310722378094,25.047221924044425,40.034072295866615,15.640142575301091,40.034072295866615,7.636839514970387,15.640142575301091,25.02609869838625,40.034072295866615,15.640142575301091,88.13310722378094,88.13310722378094,88.13310722378094,88.13310722378094
936,0.0,63.68491230270351,56.08980700650153,121.53434397864142,58.37637903943146,56.08980700650153,71.47263380432861,121.53434397864142,16.309933146173606,71.47263380432861,55.68205594980975,71.47263380432861,58.37637903943146,55.68205594980975,64.79805161650236,71.47263380432861,55.68205594980975,121.53434397864142,121.53434397864142,121.53434397864142,121.53434397864142
937,0.0,23.506400766370884,96.38254603422136,7.636839514970387,23.844210237018928,96.38254603422136,69.62989913916442,7.636839514970387,7.636839514970387,26.12159009934816,56.08980700650153,26.12159009934816,23.844210237018928,56.08980700650153,57.74920284709328,26.12159009934816,56.08980700650153,7.636839514970387,7.636839514970387,7.636839514970387,7.636839514970387
938,7.214723588625733,53.36662261946076,67.55432657351943,39.01284110122778,76.54821823655432,67.55432657351943,181.6788431680506,39.01284110122778,7.214723588625733,95.59863150364112,97.75937345183534,47.74289166997524,76.54821823655432,97.75937345183534,69.34298596890551,47.74289166997524,97.75937345183534,39.01284110122778,39.01284110122778,39.01284110122778,39.01284110122778
939,21.78474162555651,102.2192840037389,108.8445191845685,115.16880315669516,83.40966046709845,108.8445191845685,101.79433566718986,115.16880315669516,14.766290915009508,39.251213451004375,67.55432657351943,95.59863150364112,83.40966046709845,67.55432657351943,7.636839514970387,95.59863150364112,67.55432657351943,115.16880315669516,115.16880315669516,115.16880315669516,115.16880315669516
940,14.766290915009508,36.64989131753505,46.27706534369489,67.23101304436324,55.68205594980975,46.27706534369489,49.20914025416579,15.640142575301091,9.622699368355027,65.84387390034023,46.27706534369489,48.65620405711926,55.68205594980975,46.27706534369489,71.26390922612282,48.65620405711926,46.27706534369489,15.640142575301091,15.640142575301091,15.640142575301091,15.640142575301091
941,13.778669486766512,61.623386823386,26.12159009934816,55.68205594980975,86.72206272990564,26.12159009934816,61.20242044822073,55.68205594980975,28.285800633831208,57.3509611117281,26.12159009934816,88.9104827700107,86.72206272990564,26.12159009934816,44.21196994661145,88.9104827700107,26.12159009934816,55.68205594980975,55.68205594980975,55.68205594980975,55.68205594980975
942,4.684076296780081,61.86757754068779,19.10689337210281,92.72711163224818,41.88957993189659,19.10689337210281,76.49041110229192,41.56314252054269,3.1142432624567684,19.10689337210281,19.10689337210281,77.37101890303583,41.88957993189659,19.10689337210281,39.251213451004375,77.37101890303583,19.10689337210281,41.56314252054269,41.56314252054269,41.56314252054269,41.56314252054269
943,19.5387106992408,105.9938427216151,63.683352299039406,98.60014614167476,42.83748530006115,63.683352299039406,82.08122027334015,72.33759060119942,10.2059905448889,95.41332038804656,63.683352299039406,57.3509611117281,42.83748530006115,63.683352299039406,15.62916467405199,57.3509611117281,63.683352299039406,72.33759060119942,72.33759060119942,72.33759060119942,72.33759060119942
944,23.48102650802713,26.12159009934816,115.71495904409474,62.25191523181827,28.914310157557708,115.71495904409474,100.5043939140058,50.88839029078216,12.920634810148757,119.74673737917634,115.71495904409474,95.41332038804656,28.914310157557708,115.71495904409474,23.506400766370884,95.41332038804656,115.71495904409474,50.88839029078216,50.88839029078216,50.88839029078216,50.88839029078216
945,15.387513335715358,46.27706534369489,158.05132872140382,35.867128062558265,36.37329230868573,158.05132872140382,7.636839514970387,62.25191523181827,21.78474162555651,74.03569744270874,76.66504481000626,55.8114095265256,36.37329230868573,76.66504481000626,33.57111191606526,55.8114095265256,76.66504481000626,62.25191523181827,62.25191523181827,62.25191523181827,62.25191523181827
946,12.91840164854206,25.02609869838625,55.10105402313767,26.12159009934816,35.867128062558265,55.10105402313767,67.9677700191065,55.68205594980975,13.487612142348269,121.53434397864142,55.10105402313767,121.53434397864142,35.867128062558265,55.10105402313767,19.10689337210281,121.53434397864142,55.10105402313767,55.68205594980975,55.68205594980975,55.68205594980975,55.68205594980975
947,14.135742940017568,10.051501034884858,68.16777776074922,119.66116421470716,26.12159009934816,68.16777776074922,23.844210237018928,26.12159009934816,12.97284652311857,7.636839514970387,68.16777776074922,7.636839514970387,26.12159009934816,68.16777776074922,38.94792250899779,7.636839514970387,68.16777776074922,26.12159009934816,26.12159009934816,26.12159009934816,26.12159009934816
948,6.6638126733491685,6.820166182364225,63.52974194330727,158.05132872140382,119.66116421470716,63.52974194330727,68.2650348328134,119.66116421470716,24.740517465640632,39.01284110122778,115.67877226005844,39.01284110122778,119.66116421470716,115.67877226005844,62.06811331822829,39.01284110122778,115.67877226005844,119.66116421470716,119.66116421470716,119.66116421470716,119.66116421470716
949,22.605412277057063,13.487612142348269,,127.51232625671732,76.66504481000626,,112.85122994937988,105.04348852864617,12.568579977111256,115.16880315669516,,115.16880315669516,76.66504481000626,,39.65881134891491,115.16880315669516,,105.04348852864617,105.04348852864617,105.04348852864617,105.04348852864617
950,1.1274287128846117,31.0965728213221,,61.46117068415941,127.51232625671732,,110.54454586320816,62.47424259323312,7.303284211370131,67.23101304436324,,67.23101304436324,127.51232625671732,,7.636839514970387,67.23101304436324,,62.47424259323312,62.47424259323312,62.47424259323312,62.47424259323312
951,16.309933146173606,63.48030760489464,,68.16777776074922,61.46117068415941,,88.89404347969125,68.16777776074922,18.062254419072787,55.68205594980975,,55.68205594980975,61.46117068415941,,18.48749937972313,55.68205594980975,,68.16777776074922,68.16777776074922,68.16777776074922,68.16777776074922
952,7.636839514970387,55.9434893198692,,63.52974194330727,68.16777776074922,,72.79849215462806,101.17301138940964,11.400608063291688,92.72711163224818,,92.72711163224818,68.16777776074922,,23.844210237018928,92.72711163224818,,101.17301138940964,101.17301138940964,101.17301138940964,101.17301138940964
953,0.0,72.51673925429027,,,115.67877226005844,,71.47263380432861,115.67877226005844,15.291044274267604,98.60014614167476,,98.60014614167476,115.67877226005844,,23.506400766370884,98.60014614167476,,115.67877226005844,115.67877226005844,115.67877226005844,115.67877226005844
954,2.4738065354669185,54.62262705272613,,,,,35.867128062558265,,35.33996940893572,62.25191523181827,,62.25191523181827,,,35.42089162718143,62.25191523181827,,,,,
955,0.0,85.74728890411497,,,,,26.12159009934816,,35.21104254889525,35.867128062558265,,35.867128062558265,,,28.84127616986776,35.867128062558265,,,,,
956,14.135742940017568,7.636839514970387,,,,,119.66116421470716,,16.309933146173606,26.12159009934816,,26.12159009934816,,,18.08387119345678,26.12159009934816,,,,,
957,4.684076296780081,44.21196994661145,,,,,76.66504481000626,,23.506400766370884,119.66116421470716,,119.66116421470716,,,58.37637903943146,119.66116421470716,,,,,
958,0.0,32.38296954010639,,,,,105.44397522723466,,7.636839514970387,158.05132872140382,,76.66504481000626,,,42.12834224048627,76.66504481000626,,,,,
959,7.303284211370131,39.251213451004375,,,,,127.51232625671732,,18.48749937972313,127.51232625671732,,127.51232625671732,,,41.43624256216621,127.51232625671732,,,,,
960,4.159399084249441,15.640142575301091,,,,,71.47247934948412,,4.684076296780081,61.46117068415941,,61.46117068415941,,,62.49758422031292,61.46117068415941,,,,,
961,4.4122950105657575,59.01450710166656,,,,,57.3509611117281,,9.609022441666976,68.16777776074922,,68.16777776074922,,,71.47263380432861,68.16777776074922,,,,,
962,17.021969500118047,84.30715058531536,,,,,,,24.740517465640632,63.52974194330727,,115.67877226005844,,,15.386548204894032,115.67877226005844,,,,,
963,0.0,19.10689337210281,,,,,,,15.62916467405199,,,,,,7.636839514970387,,,,,,
964,12.91840164854206,76.21818208334051,,,,,,,17.051458953753407,,,,,,19.10689337210281,,,,,,
965,3.019826188625797,43.32076003684726,,,,,,,19.33819485367601,,,,,,30.552970678422465,,,,,,
966,24.27469551210166,7.636839514970387,,,,,,,14.766290915009508,,,,,,52.76737496705047,,,,,,
967,0.5637143564423058,23.506400766370884,,,,,,,15.738809175555858,,,,,,15.62916467405199,,,,,,
968,7.214723588625733,15.62916467405199,,,,,,,10.228968202597086,,,,,,23.506400766370884,,,,,,
969,14.766290915009508,25.841269620297503,,,,,,,23.48102650802713,,,,,,46.27706534369489,,,,,,
970,11.103780234469802,46.27706534369489,,,,,,,17.021969500118047,,,,,,53.33357773040799,,,,,,
971,15.387513335715358,79.39191888113415,,,,,,,11.78638552689354,,,,,,66.48234552747743,,,,,,
972,23.48102650802713,82.18334630197175,,,,,,,6.6638126733491685,,,,,,58.68406475714613,,,,,,
973,6.145876795489233,75.17007589725216,,,,,,,19.556030934237143,,,,,,61.623386823386,,,,,,
974,21.78474162555651,80.7176593387055,,,,,,,16.46855708347967,,,,,,39.882306215365325,,,,,,
975,14.217796772632587,18.48749937972313,,,,,,,19.5387106992408,,,,,,7.636839514970387,,,,,,
976,6.6638126733491685,69.5435029349368,,,,,,,16.309933146173606,,,,,,25.75988621150465,,,,,,
977,0.3875205621218416,7.636839514970387,,,,,,,23.506400766370884,,,,,,38.47646973079417,,,,,,
978,16.58709423727748,23.844210237018928,,,,,,,7.636839514970387,,,,,,53.46899893956996,,,,,,
979,7.636839514970387,19.10689337210281,,,,,,,4.684076296780081,,,,,,23.506400766370884,,,,,,
980,0.0,33.76070194606223,,,,,,,21.78474162555651,,,,,,41.651408760998834,,,,,,
981,0.0,15.640142575301091,,,,,,,12.568579977111256,,,,,,19.10689337210281,,,,,,
982,6.145876795489233,56.43827275515212,,,,,,,14.234289771021588,,,,,,62.98082989841229,,,,,,
983,9.609022441666976,59.08535585199724,,,,,,,12.920634810148757,,,,,,46.54387409877263,,,,,,
984,18.73381619939377,62.06811331822829,,,,,,,7.214723588625733,,,,,,28.914310157557708,,,,,,
985,13.122125031663854,62.98082989841229,,,,,,,14.766290915009508,,,,,,54.10884848231638,,,,,,
986,0.0,39.65881134891491,,,,,,,19.33819485367601,,,,,,15.62916467405199,,,,,,
987,4.4122950105657575,63.41009095907325,,,,,,,15.228007570269584,,,,,,38.43095013030726,,,,,,
988,22.605412277057063,33.57111191606526,,,,,,,31.66068895645454,,,,,,21.43957204928139,,,,,,
989,4.684076296780081,26.12159009934816,,,,,,,23.06742795452609,,,,,,7.636839514970387,,,,,,
990,2.960144946582118,15.640142575301091,,,,,,,7.303284211370131,,,,,,23.506400766370884,,,,,,
991,0.0,62.06811331822829,,,,,,,34.325407930928414,,,,,,33.91879067076095,,,,,,
992,3.019826188625797,19.10689337210281,,,,,,,21.03662888823293,,,,,,15.640142575301091,,,,,,
993,14.766290915009508,83.13502242781286,,,,,,,25.805842777230097,,,,,,12.568579977111256,,,,,,
994,7.693774331048773,23.506400766370884,,,,,,,15.386548204894032,,,,,,44.21196994661145,,,,,,
995,10.10773827919754,59.08535585199724,,,,,,,16.309933146173606,,,,,,80.65346641543805,,,,,,
996,9.614503480772356,64.5776314446965,,,,,,,8.879516379871745,,,,,,33.57111191606526,,,,,,
997,11.484623569477822,33.57111191606526,,,,,,,23.506400766370884,,,,,,79.40277636580336,,,,,,
998,13.778669486766512,44.35568543952104,,,,,,,7.636839514970387,,,,,,56.40161547253052,,,,,,
999,7.303284211370131,74.10403402368006,,,,,,,14.766290915009508,,,,,,74.62678618689708,,,,,,
1000,19.21947957931243,26.12159009934816,,,,,,,19.928059826584818,,,,,,7.636839514970387,,,,,,
1001,9.255277865995977,32.34032164710557,,,,,,,34.5799438137883,,,,,,50.49321281970752,,,,,,
1002,9.511414773452652,106.12814814582468,,,,,,,0.0,,,,,,15.640142575301091,,,,,,
1003,10.228968202597086,46.27706534369489,,,,,,,4.684076296780081,,,,,,12.568579977111256,,,,,,
1004,2.4738065354669185,55.72474798826629,,,,,,,10.10773827919754,,,,,,47.96788266706484,,,,,,
1005,0.3875205621218416,77.25889638057116,,,,,,,7.214723588625733,,,,,,36.074999308537386,,,,,,
1006,16.309933146173606,59.08535585199724,,,,,,,23.48102650802713,,,,,,48.00662640825516,,,,,,
1007,7.636839514970387,89.72614613700678,,,,,,,30.96310401483121,,,,,,46.27706534369489,,,,,,
1008,2.960144946582118,19.10689337210281,,,,,,,5.085452638951843,,,,,,23.506400766370884,,,,,,
1009,10.295370231090036,49.44989058904419,,,,,,,20.529699872170056,,,,,,10.2059905448889,,,,,,
1010,2.4738065354669185,53.33357773040799,,,,,,,21.78474162555651,,,,,,55.27881521206599,,,,,,
1011,0.0,26.12159009934816,,,,,,,6.968515835140117,,,,,,37.48406089037342,,,,,,
1012,15.387513335715358,59.37417839488462,,,,,,,20.74919042954226,,,,,,57.3509611117281,,,,,,
1013,0.0,62.14431545641469,,,,,,,15.62916467405199,,,,,,76.66504481000626,,,,,,
1014,20.529699872170056,18.23142362832679,,,,,,,26.014843621319677,,,,,,7.636839514970387,,,,,,
1015,0.0,46.27706534369489,,,,,,,16.309933146173606,,,,,,19.10689337210281,,,,,,
1016,4.4122950105657575,38.86455960934009,,,,,,,17.051458953753407,,,,,,18.182320058991923,,,,,,
1017,14.766290915009508,18.48749937972313,,,,,,,21.284242444485383,,,,,,47.16420431417454,,,,,,
1018,9.609022441666976,110.06977323503214,,,,,,,24.35353746150947,,,,,,71.80726891311805,,,,,,
1019,16.863005510575263,31.062824945670524,,,,,,,7.636839514970387,,,,,,35.46288408481417,,,,,,
1020,4.684076296780081,51.423830083580576,,,,,,,23.506400766370884,,,,,,38.49734281137666,,,,,,
1021,0.0,76.66504481000626,,,,,,,23.48102650802713,,,,,,57.409883644742855,,,,,,
1022,9.505558746815316,7.636839514970387,,,,,,,4.684076296780081,,,,,,65.93258826056908,,,,,,
1023,3.019826188625797,70.1284056617005,,,,,,,14.234289771021588,,,,,,72.90934996663046,,,,,,
1024,4.159399084249441,63.683352299039406,,,,,,,22.40196379709434,,,,,,15.62916467405199,,,,,,
1025,12.91840164854206,31.902273251653885,,,,,,,15.640142575301091,,,,,,56.72627636413968,,,,,,
1026,16.58709423727748,23.844210237018928,,,,,,,14.766290915009508,,,,,,7.636839514970387,,,,,,
1027,7.303284211370131,18.48749937972313,,,,,,,9.609022441666976,,,,,,0.0,,,,,,
1028,19.5387106992408,46.27706534369489,,,,,,,12.568579977111256,,,,,,67.89059061802394,,,,,,
1029,6.145876795489233,59.5012268169875,,,,,,,15.738809175555858,,,,,,46.27706534369489,,,,,,
1030,23.48102650802713,61.05478754153159,,,,,,,13.122125031663854,,,,,,23.506400766370884,,,,,,
1031,11.78638552689354,52.06835331460994,,,,,,,14.217796772632587,,,,,,57.04319771931844,,,,,,
1032,6.6638126733491685,7.636839514970387,,,,,,,14.135742940017568,,,,,,33.57111191606526,,,,,,
1033,0.5637143564423058,63.20595657167126,,,,,,,6.6638126733491685,,,,,,53.33357773040799,,,,,,
1034,0.7750411242436831,23.844210237018928,,,,,,,22.605412277057063,,,,,,26.116584502769488,,,,,,
1035,7.636839514970387,15.386548204894032,,,,,,,16.309933146173606,,,,,,18.48749937972313,,,,,,
1036,15.387513335715358,30.753930117126263,,,,,,,14.234289771021588,,,,,,50.77899556430128,,,,,,
1037,4.4122950105657575,104.6556976606988,,,,,,,7.636839514970387,,,,,,7.636839514970387,,,,,,
1038,14.766290915009508,23.506400766370884,,,,,,,17.48709492435968,,,,,,23.506400766370884,,,,,,
1039,0.0,46.60606357244358,,,,,,,12.568579977111256,,,,,,45.92275506526145,,,,,,
1040,0.0,69.40253902329839,,,,,,,21.90382270514933,,,,,,46.27706534369489,,,,,,
1041,4.684076296780081,63.08827492961561,,,,,,,13.122125031663854,,,,,,39.65881134891491,,,,,,
1042,0.0,65.72287772953852,,,,,,,17.051458953753407,,,,,,18.48749937972313,,,,,,
1043,0.0,7.636839514970387,,,,,,,6.6638126733491685,,,,,,41.43624256216621,,,,,,
1044,24.096273283808603,25.02609869838625,,,,,,,4.684076296780081,,,,,,67.55432657351943,,,,,,
1045,16.309933146173606,39.251213451004375,,,,,,,9.622699368355027,,,,,,63.68491230270351,,,,,,
1046,3.019826188625797,41.56314252054269,,,,,,,3.1142432624567684,,,,,,43.58587892216657,,,,,,
1047,0.3875205621218416,75.20244914985959,,,,,,,13.487612142348269,,,,,,51.409103296452976,,,,,,
1048,0.5637143564423058,15.62916467405199,,,,,,,9.609022441666976,,,,,,15.386548204894032,,,,,,
1049,12.91840164854206,35.46288408481417,,,,,,,15.738809175555858,,,,,,46.27706534369489,,,,,,
1050,7.214723588625733,38.21632462685996,,,,,,,14.766290915009508,,,,,,7.636839514970387,,,,,,
1051,19.33819485367601,96.7843107183447,,,,,,,11.78638552689354,,,,,,15.640142575301091,,,,,,
1052,7.303284211370131,69.24561645164084,,,,,,,15.293328149175698,,,,,,63.68491230270351,,,,,,
1053,6.695988109199242,67.79577226550184,,,,,,,23.48102650802713,,,,,,23.506400766370884,,,,,,
1054,23.48102650802713,7.636839514970387,,,,,,,24.35353746150947,,,,,,53.36662261946076,,,,,,
1055,21.78474162555651,47.74289166997524,,,,,,,28.88152352557747,,,,,,36.074999308537386,,,,,,
1056,17.021969500118047,32.38296954010639,,,,,,,16.309933146173606,,,,,,46.58892875902672,,,,,,
1057,11.78638552689354,48.65620405711926,,,,,,,13.447254248883104,,,,,,18.48749937972313,,,,,,
1058,7.055583487765243,58.858708662272,,,,,,,17.051458953753407,,,,,,36.64989131753505,,,,,,
1059,2.4738065354669185,57.3509611117281,,,,,,,14.766290915009508,,,,,,61.623386823386,,,,,,
1060,19.556030934237143,95.41332038804656,,,,,,,7.636839514970387,,,,,,61.86757754068779,,,,,,
1061,7.303284211370131,53.285999338275374,,,,,,,10.2059905448889,,,,,,104.00813718181725,,,,,,
1062,2.4738065354669185,47.03904381227534,,,,,,,23.506400766370884,,,,,,26.12159009934816,,,,,,
1063,0.0,47.45995337948162,,,,,,,9.609022441666976,,,,,,26.882879656093365,,,,,,
1064,0.0,15.386548204894032,,,,,,,15.640142575301091,,,,,,32.34032164710557,,,,,,
1065,7.636839514970387,69.82443318040323,,,,,,,24.708418839876856,,,,,,18.23142362832679,,,,,,
1066,4.684076296780081,7.636839514970387,,,,,,,22.470978112376265,,,,,,63.48030760489464,,,,,,
1067,0.0,67.9677700191065,,,,,,,16.309933146173606,,,,,,19.10689337210281,,,,,,
1068,3.019826188625797,23.844210237018928,,,,,,,6.6638126733491685,,,,,,55.422699807777306,,,,,,
1069,20.529699872170056,36.673863269668814,,,,,,,10.718138120340267,,,,,,58.36055290379326,,,,,,
1070,14.766290915009508,15.640142575301091,,,,,,,24.740517465640632,,,,,,54.62262705272613,,,,,,
1071,0.0,18.48749937972313,,,,,,,18.73381619939377,,,,,,74.62678618689708,,,,,,
1072,15.871740542685414,46.27706534369489,,,,,,,12.568579977111256,,,,,,83.43410894127304,,,,,,
1073,0.7750411242436831,41.56314252054269,,,,,,,16.117769759274832,,,,,,26.12159009934816,,,,,,
1074,19.556030934237143,48.36121978134052,,,,,,,14.135742940017568,,,,,,32.38296954010639,,,,,,
1075,4.4122950105657575,50.88839029078216,,,,,,,22.605412277057063,,,,,,39.251213451004375,,,,,,
1076,9.609022441666976,62.25191523181827,,,,,,,13.778669486766512,,,,,,15.640142575301091,,,,,,
1077,2.960144946582118,46.27706534369489,,,,,,,7.636839514970387,,,,,,46.36768587077519,,,,,,
1078,19.33819485367601,26.12159009934816,,,,,,,15.738809175555858,,,,,,54.72991997454356,,,,,,
1079,6.325499006824784,19.10689337210281,,,,,,,17.051458953753407,,,,,,84.067934583006,,,,,,
1080,23.48102650802713,47.23411636516308,,,,,,,9.622699368355027,,,,,,36.35756304706067,,,,,,
1081,6.145876795489233,110.06977323503214,,,,,,,16.309933146173606,,,,,,19.10689337210281,,,,,,
1082,13.00451678171939,70.65471133519648,,,,,,,20.529699872170056,,,,,,70.50650461977693,,,,,,
1083,15.293328149175698,53.33357773040799,,,,,,,9.609022441666976,,,,,,7.636839514970387,,,,,,
1084,6.6638126733491685,62.47424259323312,,,,,,,11.78638552689354,,,,,,23.506400766370884,,,,,,
1085,2.531591649934698,68.16777776074922,,,,,,,12.568579977111256,,,,,,15.62916467405199,,,,,,
1086,19.5387106992408,35.21104254889525,,,,,,,13.487612142348269,,,,,,46.27706534369489,,,,,,
1087,16.309933146173606,,,,,,,,3.1142432624567684,,,,,,63.76997302407794,,,,,,
1088,0.3875205621218416,,,,,,,,24.740517465640632,,,,,,63.68491230270351,,,,,,
1089,7.636839514970387,,,,,,,,14.766290915009508,,,,,,44.21196994661145,,,,,,
1090,0.0,,,,,,,,21.90382270514933,,,,,,35.42089162718143,,,,,,
1091,0.0,,,,,,,,10.2059905448889,,,,,,71.47263380432861,,,,,,
1092,4.4122950105657575,,,,,,,,17.48709492435968,,,,,,46.58892875902672,,,,,,
1093,22.605412277057063,,,,,,,,12.91840164854206,,,,,,18.48749937972313,,,,,,
1094,14.766290915009508,,,,,,,,9.505558746815316,,,,,,33.57111191606526,,,,,,
1095,4.684076296780081,,,,,,,,19.5387106992408,,,,,,7.636839514970387,,,,,,
1096,0.0,,,,,,,,23.48102650802713,,,,,,17.051458953753407,,,,,,
1097,6.145876795489233,,,,,,,,6.6638126733491685,,,,,,10.2059905448889,,,,,,
1098,7.303284211370131,,,,,,,,14.766290915009508,,,,,,12.568579977111256,,,,,,
1099,0.0,,,,,,,,3.1142432624567684,,,,,,33.76070194606223,,,,,,
1100,3.019826188625797,,,,,,,,12.920634810148757,,,,,,15.640142575301091,,,,,,
1101,14.217796772632587,,,,,,,,7.636839514970387,,,,,,64.5776314446965,,,,,,
1102,21.78474162555651,,,,,,,,13.487612142348269,,,,,,60.88889161609295,,,,,,
1103,7.693774331048773,,,,,,,,12.568579977111256,,,,,,32.50961178877009,,,,,,
1104,7.214723588625733,,,,,,,,7.214723588625733,,,,,,62.06811331822829,,,,,,
1105,12.91840164854206,,,,,,,,16.309933146173606,,,,,,62.98082989841229,,,,,,
1106,12.810975872230134,,,,,,,,9.622699368355027,,,,,,44.35568543952104,,,,,,
1107,9.614503480772356,,,,,,,,21.78474162555651,,,,,,33.57111191606526,,,,,,
1108,10.718138120340267,,,,,,,,10.2059905448889,,,,,,7.636839514970387,,,,,,
1109,13.447254248883104,,,,,,,,7.303284211370131,,,,,,15.640142575301091,,,,,,
1110,18.73381619939377,,,,,,,,24.740517465640632,,,,,,65.39012309410836,,,,,,
1111,14.135742940017568,,,,,,,,23.48102650802713,,,,,,19.10689337210281,,,,,,
1112,2.4738065354669185,,,,,,,,17.021969500118047,,,,,,23.506400766370884,,,,,,
1113,6.6638126733491685,,,,,,,,12.91840164854206,,,,,,36.074999308537386,,,,,,
1114,16.309933146173606,,,,,,,,11.78638552689354,,,,,,42.83748530006115,,,,,,
1115,21.90382270514933,,,,,,,,6.6638126733491685,,,,,,33.91879067076095,,,,,,
1116,3.019826188625797,,,,,,,,18.16725753409692,,,,,,60.94655710261334,,,,,,
1117,7.636839514970387,,,,,,,,21.90382270514933,,,,,,45.28252967307055,,,,,,
1118,16.309933146173606,,,,,,,,24.096273283808603,,,,,,45.92626577642344,,,,,,
1119,0.0,,,,,,,,14.766290915009508,,,,,,74.10403402368006,,,,,,
1120,0.0,,,,,,,,7.636839514970387,,,,,,7.636839514970387,,,,,,
1121,6.6638126733491685,,,,,,,,24.740517465640632,,,,,,32.34032164710557,,,,,,
1122,20.529699872170056,,,,,,,,12.920634810148757,,,,,,40.90640192143745,,,,,,
1123,12.91840164854206,,,,,,,,23.506400766370884,,,,,,46.27706534369489,,,,,,
1124,21.78474162555651,,,,,,,,10.2059905448889,,,,,,14.525500708419337,,,,,,
1125,0.5637143564423058,,,,,,,,23.48102650802713,,,,,,77.25889638057116,,,,,,
1126,0.0,,,,,,,,7.214723588625733,,,,,,59.08535585199724,,,,,,
1127,23.48102650802713,,,,,,,,21.78474162555651,,,,,,50.11277596700517,,,,,,
1128,4.4122950105657575,,,,,,,,6.6638126733491685,,,,,,19.10689337210281,,,,,,
1129,0.0,,,,,,,,7.303284211370131,,,,,,44.21196994661145,,,,,,
1130,7.214723588625733,,,,,,,,11.78638552689354,,,,,,49.44989058904419,,,,,,
1131,17.48709492435968,,,,,,,,12.568579977111256,,,,,,43.22682214555096,,,,,,
1132,14.766290915009508,,,,,,,,28.48576128802512,,,,,,53.33357773040799,,,,,,
1133,11.78638552689354,,,,,,,,13.122125031663854,,,,,,7.636839514970387,,,,,,
1134,4.684076296780081,,,,,,,,12.91840164854206,,,,,,33.57111191606526,,,,,,
1135,15.387513335715358,,,,,,,,19.33819485367601,,,,,,44.21196994661145,,,,,,
1136,7.303284211370131,,,,,,,,19.556030934237143,,,,,,62.47424259323312,,,,,,
1137,6.695988109199242,,,,,,,,15.386548204894032,,,,,,14.525500708419337,,,,,,
1138,2.4738065354669185,,,,,,,,16.309933146173606,,,,,,46.27706534369489,,,,,,
1139,0.3875205621218416,,,,,,,,7.636839514970387,,,,,,18.48749937972313,,,,,,
1140,19.475475519715715,,,,,,,,14.766290915009508,,,,,,54.43941799031994,,,,,,
1141,4.4122950105657575,,,,,,,,23.506400766370884,,,,,,63.899612890391175,,,,,,
1142,7.303284211370131,,,,,,,,17.051458953753407,,,,,,31.062824945670524,,,,,,
1143,6.325499006824784,,,,,,,,17.070941355285147,,,,,,39.65881134891491,,,,,,
1144,0.0,,,,,,,,9.609022441666976,,,,,,7.636839514970387,,,,,,
1145,0.0,,,,,,,,35.33996940893572,,,,,,53.47395524732382,,,,,,
1146,7.636839514970387,,,,,,,,10.2059905448889,,,,,,33.57111191606526,,,,,,
1147,0.0,,,,,,,,10.167804482391144,,,,,,15.640142575301091,,,,,,
1148,0.0,,,,,,,,15.640142575301091,,,,,,18.48749937972313,,,,,,
1149,14.766290915009508,,,,,,,,15.738809175555858,,,,,,44.21196994661145,,,,,,
1150,4.684076296780081,,,,,,,,16.309933146173606,,,,,,46.27706534369489,,,,,,
1151,6.145876795489233,,,,,,,,19.33819485367601,,,,,,23.506400766370884,,,,,,
1152,10.295370231090036,,,,,,,,15.493096159676131,,,,,,58.57776189559971,,,,,,
1153,21.78474162555651,,,,,,,,24.740517465640632,,,,,,86.35508618523167,,,,,,
1154,2.531591649934698,,,,,,,,23.48102650802713,,,,,,45.309625734782536,,,,,,
1155,3.019826188625797,,,,,,,,10.228968202597086,,,,,,39.65881134891491,,,,,,
1156,20.529699872170056,,,,,,,,19.21947957931243,,,,,,7.636839514970387,,,,,,
1157,7.214723588625733,,,,,,,,23.21678253261354,,,,,,44.39379117092759,,,,,,
1158,16.309933146173606,,,,,,,,7.636839514970387,,,,,,23.844210237018928,,,,,,
1159,4.159399084249441,,,,,,,,16.58709423727748,,,,,,30.753930117126263,,,,,,
1160,7.055583487765243,,,,,,,,7.303284211370131,,,,,,63.68491230270351,,,,,,
1161,18.86868573424546,,,,,,,,20.529699872170056,,,,,,18.48749937972313,,,,,,
1162,13.240559959204854,,,,,,,,3.1142432624567684,,,,,,23.506400766370884,,,,,,
1163,18.73381619939377,,,,,,,,23.48102650802713,,,,,,46.60606357244358,,,,,,
1164,6.640500162492548,,,,,,,,12.568579977111256,,,,,,69.40253902329839,,,,,,
1165,11.78638552689354,,,,,,,,9.622699368355027,,,,,,63.08827492961561,,,,,,
1166,2.4738065354669185,,,,,,,,12.920634810148757,,,,,,15.62916467405199,,,,,,
1167,16.863005510575263,,,,,,,,13.487612142348269,,,,,,65.72287772953852,,,,,,
1168,0.7750411242436831,,,,,,,,7.214723588625733,,,,,,7.636839514970387,,,,,,
1169,4.4122950105657575,,,,,,,,14.766290915009508,,,,,,60.36104468553762,,,,,,
1170,16.309933146173606,,,,,,,,10.2059905448889,,,,,,18.48749937972313,,,,,,
1171,7.636839514970387,,,,,,,,24.740517465640632,,,,,,35.867128062558265,,,,,,
1172,0.0,,,,,,,,21.78474162555651,,,,,,23.506400766370884,,,,,,
1173,0.7750411242436831,,,,,,,,20.74919042954226,,,,,,39.601317508350206,,,,,,
1174,0.0,,,,,,,,11.78638552689354,,,,,,15.62916467405199,,,,,,
1175,7.214723588625733,,,,,,,,12.91840164854206,,,,,,41.651408760998834,,,,,,
1176,13.122125031663854,,,,,,,,6.6638126733491685,,,,,,44.91047388167002,,,,,,
1177,7.303284211370131,,,,,,,,18.796005339089724,,,,,,77.97531613131177,,,,,,
1178,0.0,,,,,,,,19.5387106992408,,,,,,40.034072295866615,,,,,,
1179,0.0,,,,,,,,7.636839514970387,,,,,,67.55432657351943,,,,,,
1180,3.019826188625797,,,,,,,,21.78474162555651,,,,,,7.636839514970387,,,,,,
1181,10.10773827919754,,,,,,,,4.684076296780081,,,,,,10.2059905448889,,,,,,
1182,12.810975872230134,,,,,,,,0.0,,,,,,23.506400766370884,,,,,,
1183,0.5637143564423058,,,,,,,,18.48749937972313,,,,,,15.640142575301091,,,,,,
1184,4.684076296780081,,,,,,,,3.1142432624567684,,,,,,39.251213451004375,,,,,,
1185,4.159399084249441,,,,,,,,14.766290915009508,,,,,,44.21196994661145,,,,,,
1186,12.91840164854206,,,,,,,,0.0,,,,,,65.84387390034023,,,,,,
1187,11.103780234469802,,,,,,,,13.487612142348269,,,,,,57.3509611117281,,,,,,
1188,14.766290915009508,,,,,,,,19.5387106992408,,,,,,26.991188962058967,,,,,,
1189,12.743131698214146,,,,,,,,16.58709423727748,,,,,,12.568579977111256,,,,,,
1190,15.387513335715358,,,,,,,,9.622699368355027,,,,,,45.07120196163176,,,,,,
1191,14.217796772632587,,,,,,,,11.78638552689354,,,,,,47.03904381227534,,,,,,
1192,6.145876795489233,,,,,,,,7.214723588625733,,,,,,47.45995337948162,,,,,,
1193,18.73381619939377,,,,,,,,23.48102650802713,,,,,,69.82443318040323,,,,,,
1194,10.718138120340267,,,,,,,,24.740517465640632,,,,,,7.636839514970387,,,,,,
1195,21.78474162555651,,,,,,,,20.529699872170056,,,,,,17.051458953753407,,,,,,
1196,2.4738065354669185,,,,,,,,7.303284211370131,,,,,,52.489123283801376,,,,,,
1197,0.7750411242436831,,,,,,,,6.6638126733491685,,,,,,15.640142575301091,,,,,,
1198,23.48102650802713,,,,,,,,12.91840164854206,,,,,,18.48749937972313,,,,,,
1199,0.0,,,,,,,,18.16725753409692,,,,,,46.27706534369489,,,,,,
1200,9.614503480772356,,,,,,,,21.90382270514933,,,,,,23.506400766370884,,,,,,
1201,0.0,,,,,,,,10.2059905448889,,,,,,52.88636955869353,,,,,,
1202,7.636839514970387,,,,,,,,7.636839514970387,,,,,,29.917988122354576,,,,,,
1203,0.0,,,,,,,,19.5387106992408,,,,,,30.905834387725463,,,,,,
1204,4.684076296780081,,,,,,,,3.1142432624567684,,,,,,32.55303606463369,,,,,,
1205,7.214723588625733,,,,,,,,14.766290915009508,,,,,,62.25191523181827,,,,,,
1206,14.766290915009508,,,,,,,,24.740517465640632,,,,,,39.251213451004375,,,,,,
1207,3.019826188625797,,,,,,,,21.78474162555651,,,,,,7.636839514970387,,,,,,
1208,7.693774331048773,,,,,,,,12.91840164854206,,,,,,19.10689337210281,,,,,,
1209,4.4122950105657575,,,,,,,,6.6638126733491685,,,,,,69.34298596890551,,,,,,
1210,0.0,,,,,,,,12.920634810148757,,,,,,44.21196994661145,,,,,,
1211,7.303284211370131,,,,,,,,13.487612142348269,,,,,,38.94792250899779,,,,,,
1212,12.91840164854206,,,,,,,,20.529699872170056,,,,,,14.525500708419337,,,,,,
1213,21.78474162555651,,,,,,,,7.214723588625733,,,,,,67.98329017447331,,,,,,
1214,20.529699872170056,,,,,,,,9.622699368355027,,,,,,68.16777776074922,,,,,,
1215,6.145876795489233,,,,,,,,14.135742940017568,,,,,,33.57111191606526,,,,,,
1216,11.78638552689354,,,,,,,,23.794557789246088,,,,,,31.062824945670524,,,,,,
1217,19.33819485367601,,,,,,,,12.568579977111256,,,,,,35.21104254889525,,,,,,
1218,6.6638126733491685,,,,,,,,7.303284211370131,,,,,,,,,,,,
1219,19.556030934237143,,,,,,,,23.48102650802713,,,,,,,,,,,,
1220,2.4738065354669185,,,,,,,,14.217796772632587,,,,,,,,,,,,
1221,19.5387106992408,,,,,,,,16.58709423727748,,,,,,,,,,,,
1222,16.309933146173606,,,,,,,,7.636839514970387,,,,,,,,,,,,
1223,19.33819485367601,,,,,,,,17.051458953753407,,,,,,,,,,,,
1224,7.636839514970387,,,,,,,,9.609022441666976,,,,,,,,,,,,
1225,0.5637143564423058,,,,,,,,15.640142575301091,,,,,,,,,,,,
1226,7.303284211370131,,,,,,,,14.766290915009508,,,,,,,,,,,,
1227,19.5387106992408,,,,,,,,15.738809175555858,,,,,,,,,,,,
1228,0.0,,,,,,,,18.796005339089724,,,,,,,,,,,,
1229,3.019826188625797,,,,,,,,23.506400766370884,,,,,,,,,,,,
1230,9.609022441666976,,,,,,,,23.48102650802713,,,,,,,,,,,,
1231,0.0,,,,,,,,16.46855708347967,,,,,,,,,,,,
1232,6.145876795489233,,,,,,,,17.021969500118047,,,,,,,,,,,,
1233,0.0,,,,,,,,10.2059905448889,,,,,,,,,,,,
1234,4.684076296780081,,,,,,,,24.740517465640632,,,,,,,,,,,,
1235,0.0,,,,,,,,12.568579977111256,,,,,,,,,,,,
1236,4.4122950105657575,,,,,,,,10.228968202597086,,,,,,,,,,,,
1237,23.48102650802713,,,,,,,,11.78638552689354,,,,,,,,,,,,
1238,2.960144946582118,,,,,,,,20.74919042954226,,,,,,,,,,,,
1239,14.766290915009508,,,,,,,,6.6638126733491685,,,,,,,,,,,,
1240,16.309933146173606,,,,,,,,19.5387106992408,,,,,,,,,,,,
1241,15.387513335715358,,,,,,,,16.309933146173606,,,,,,,,,,,,
1242,10.228968202597086,,,,,,,,7.636839514970387,,,,,,,,,,,,
1243,11.78638552689354,,,,,,,,14.766290915009508,,,,,,,,,,,,
1244,17.021969500118047,,,,,,,,12.920634810148757,,,,,,,,,,,,
1245,6.6638126733491685,,,,,,,,23.506400766370884,,,,,,,,,,,,
1246,2.4738065354669185,,,,,,,,16.309933146173606,,,,,,,,,,,,
1247,19.556030934237143,,,,,,,,12.568579977111256,,,,,,,,,,,,
1248,16.46855708347967,,,,,,,,4.684076296780081,,,,,,,,,,,,
1249,0.3875205621218416,,,,,,,,15.62916467405199,,,,,,,,,,,,
1250,3.019826188625797,,,,,,,,19.60490728418248,,,,,,,,,,,,
1251,7.636839514970387,,,,,,,,10.167804482391144,,,,,,,,,,,,
1252,10.295370231090036,,,,,,,,25.75988621150465,,,,,,,,,,,,
1253,14.766290915009508,,,,,,,,14.234289771021588,,,,,,,,,,,,
1254,0.0,,,,,,,,13.122125031663854,,,,,,,,,,,,
1255,0.0,,,,,,,,7.303284211370131,,,,,,,,,,,,
1256,4.159399084249441,,,,,,,,30.96310401483121,,,,,,,,,,,,
1257,6.145876795489233,,,,,,,,35.21104254889525,,,,,,,,,,,,
1258,2.531591649934698,,,,,,,,23.48102650802713,,,,,,,,,,,,
1259,16.863005510575263,,,,,,,,28.914310157557708,,,,,,,,,,,,
1260,0.0,,,,,,,,12.687924289407269,,,,,,,,,,,,
1261,7.303284211370131,,,,,,,,7.636839514970387,,,,,,,,,,,,
1262,0.0,,,,,,,,16.309933146173606,,,,,,,,,,,,
1263,4.4122950105657575,,,,,,,,12.568579977111256,,,,,,,,,,,,
1264,11.78638552689354,,,,,,,,3.1142432624567684,,,,,,,,,,,,
1265,7.214723588625733,,,,,,,,9.798907685703794,,,,,,,,,,,,
1266,12.91963930356711,,,,,,,,14.766290915009508,,,,,,,,,,,,
1267,23.48102650802713,,,,,,,,0.0,,,,,,,,,,,,
1268,4.684076296780081,,,,,,,,13.487612142348269,,,,,,,,,,,,
1269,21.78474162555651,,,,,,,,33.03141494935996,,,,,,,,,,,,
1270,2.4738065354669185,,,,,,,,19.928059826584818,,,,,,,,,,,,
1271,18.86868573424546,,,,,,,,9.622699368355027,,,,,,,,,,,,
1272,6.325499006824784,,,,,,,,20.74919042954226,,,,,,,,,,,,
1273,13.122125031663854,,,,,,,,30.69694538204601,,,,,,,,,,,,
1274,11.035025493061228,,,,,,,,10.2059905448889,,,,,,,,,,,,
1275,7.055583487765243,,,,,,,,7.214723588625733,,,,,,,,,,,,
1276,0.7750411242436831,,,,,,,,24.740517465640632,,,,,,,,,,,,
1277,16.309933146173606,,,,,,,,13.122125031663854,,,,,,,,,,,,
1278,7.636839514970387,,,,,,,,21.78474162555651,,,,,,,,,,,,
1279,0.0,,,,,,,,39.6650179534141,,,,,,,,,,,,
1280,3.019826188625797,,,,,,,,10.167804482391144,,,,,,,,,,,,
1281,7.214723588625733,,,,,,,,23.506400766370884,,,,,,,,,,,,
1282,14.766290915009508,,,,,,,,7.636839514970387,,,,,,,,,,,,
1283,0.0,,,,,,,,12.568579977111256,,,,,,,,,,,,
1284,0.0,,,,,,,,19.928059826584818,,,,,,,,,,,,
1285,4.684076296780081,,,,,,,,20.529699872170056,,,,,,,,,,,,
1286,0.0,,,,,,,,0.0,,,,,,,,,,,,
1287,21.78474162555651,,,,,,,,14.766290915009508,,,,,,,,,,,,
1288,4.4122950105657575,,,,,,,,7.214723588625733,,,,,,,,,,,,
1289,4.159399084249441,,,,,,,,30.96310401483121,,,,,,,,,,,,
1290,10.295370231090036,,,,,,,,4.684076296780081,,,,,,,,,,,,
1291,6.296434248243552,,,,,,,,14.234289771021588,,,,,,,,,,,,
1292,15.387513335715358,,,,,,,,21.78474162555651,,,,,,,,,,,,
1293,2.91183195432858,,,,,,,,23.48102650802713,,,,,,,,,,,,
1294,7.718285066132156,,,,,,,,10.10773827919754,,,,,,,,,,,,
1295,7.303284211370131,,,,,,,,26.376490684691426,,,,,,,,,,,,
1296,23.48102650802713,,,,,,,,28.914310157557708,,,,,,,,,,,,
1297,6.145876795489233,,,,,,,,15.386548204894032,,,,,,,,,,,,
1298,13.00451678171939,,,,,,,,26.014843621319677,,,,,,,,,,,,
1299,12.91840164854206,,,,,,,,16.58709423727748,,,,,,,,,,,,
1300,6.6638126733491685,,,,,,,,24.740517465640632,,,,,,,,,,,,
1301,0.5637143564423058,,,,,,,,7.636839514970387,,,,,,,,,,,,
1302,16.863005510575263,,,,,,,,7.214723588625733,,,,,,,,,,,,
1303,0.3875205621218416,,,,,,,,14.766290915009508,,,,,,,,,,,,
1304,19.5387106992408,,,,,,,,18.48749937972313,,,,,,,,,,,,
1305,16.309933146173606,,,,,,,,12.920634810148757,,,,,,,,,,,,
1306,3.019826188625797,,,,,,,,9.622699368355027,,,,,,,,,,,,
1307,7.636839514970387,,,,,,,,4.684076296780081,,,,,,,,,,,,
1308,6.145876795489233,,,,,,,,3.1142432624567684,,,,,,,,,,,,
1309,0.0,,,,,,,,13.487612142348269,,,,,,,,,,,,
1310,0.0,,,,,,,,7.303284211370131,,,,,,,,,,,,
1311,4.684076296780081,,,,,,,,21.78474162555651,,,,,,,,,,,,
1312,9.609022441666976,,,,,,,,13.122125031663854,,,,,,,,,,,,
1313,4.4122950105657575,,,,,,,,23.48102650802713,,,,,,,,,,,,
1314,0.0,,,,,,,,12.91840164854206,,,,,,,,,,,,
1315,15.387513335715358,,,,,,,,11.78638552689354,,,,,,,,,,,,
1316,0.3875205621218416,,,,,,,,6.6638126733491685,,,,,,,,,,,,
1317,0.0,,,,,,,,18.16725753409692,,,,,,,,,,,,
1318,22.605412277057063,,,,,,,,21.90382270514933,,,,,,,,,,,,
1319,14.766290915009508,,,,,,,,28.48576128802512,,,,,,,,,,,,
1320,2.960144946582118,,,,,,,,16.309933146173606,,,,,,,,,,,,
1321,12.91840164854206,,,,,,,,7.636839514970387,,,,,,,,,,,,
1322,14.217796772632587,,,,,,,,12.920634810148757,,,,,,,,,,,,
1323,7.303284211370131,,,,,,,,24.740517465640632,,,,,,,,,,,,
1324,23.48102650802713,,,,,,,,15.62916467405199,,,,,,,,,,,,
1325,17.021969500118047,,,,,,,,7.214723588625733,,,,,,,,,,,,
1326,14.135742940017568,,,,,,,,23.506400766370884,,,,,,,,,,,,
1327,9.505558746815316,,,,,,,,7.055583487765243,,,,,,,,,,,,
1328,2.4738065354669185,,,,,,,,4.684076296780081,,,,,,,,,,,,
1329,6.6638126733491685,,,,,,,,14.766290915009508,,,,,,,,,,,,
1330,0.5637143564423058,,,,,,,,14.217796772632587,,,,,,,,,,,,
1331,24.096273283808603,,,,,,,,18.514678048366548,,,,,,,,,,,,
1332,16.309933146173606,,,,,,,,7.303284211370131,,,,,,,,,,,,
1333,3.019826188625797,,,,,,,,18.48749937972313,,,,,,,,,,,,
1334,7.636839514970387,,,,,,,,21.78474162555651,,,,,,,,,,,,
1335,0.0,,,,,,,,22.64370993483948,,,,,,,,,,,,
1336,0.0,,,,,,,,13.122125031663854,,,,,,,,,,,,
1337,1.6866616882544527,,,,,,,,14.135742940017568,,,,,,,,,,,,
1338,14.472943482932685,,,,,,,,22.605412277057063,,,,,,,,,,,,
1339,6.325499006824784,,,,,,,,28.48576128802512,,,,,,,,,,,,
1340,0.0,,,,,,,,16.309933146173606,,,,,,,,,,,,
1341,3.9146280024549545,,,,,,,,7.636839514970387,,,,,,,,,,,,
1342,7.214723588625733,,,,,,,,10.2059905448889,,,,,,,,,,,,
1343,11.78638552689354,,,,,,,,17.051458953753407,,,,,,,,,,,,
1344,0.3875205621218416,,,,,,,,6.6638126733491685,,,,,,,,,,,,
1345,0.0,,,,,,,,19.556030934237143,,,,,,,,,,,,
1346,6.145876795489233,,,,,,,,24.740517465640632,,,,,,,,,,,,
1347,14.766290915009508,,,,,,,,11.78638552689354,,,,,,,,,,,,
1348,4.4122950105657575,,,,,,,,14.766290915009508,,,,,,,,,,,,
1349,5.585045100152804,,,,,,,,3.1142432624567684,,,,,,,,,,,,
1350,15.291044274267604,,,,,,,,13.487612142348269,,,,,,,,,,,,
1351,16.677414431009574,,,,,,,,9.609022441666976,,,,,,,,,,,,
1352,6.6638126733491685,,,,,,,,20.529699872170056,,,,,,,,,,,,
1353,17.021969500118047,,,,,,,,9.622699368355027,,,,,,,,,,,,
1354,8.762535575714049,,,,,,,,15.738809175555858,,,,,,,,,,,,
1355,7.303284211370131,,,,,,,,23.48102650802713,,,,,,,,,,,,
1356,13.584427309904624,,,,,,,,12.568579977111256,,,,,,,,,,,,
1357,2.4738065354669185,,,,,,,,19.5387106992408,,,,,,,,,,,,
1358,2.531591649934698,,,,,,,,12.91840164854206,,,,,,,,,,,,
1359,19.556030934237143,,,,,,,,9.505558746815316,,,,,,,,,,,,
1360,12.8345458173897,,,,,,,,19.33819485367601,,,,,,,,,,,,
1361,16.309933146173606,,,,,,,,16.58709423727748,,,,,,,,,,,,
1362,9.614503480772356,,,,,,,,7.636839514970387,,,,,,,,,,,,
1363,3.019826188625797,,,,,,,,10.10773827919754,,,,,,,,,,,,
1364,7.636839514970387,,,,,,,,15.738809175555858,,,,,,,,,,,,
1365,14.766290915009508,,,,,,,,17.051458953753407,,,,,,,,,,,,
1366,16.863005510575263,,,,,,,,10.2059905448889,,,,,,,,,,,,
1367,13.122125031663854,,,,,,,,12.568579977111256,,,,,,,,,,,,
1368,0.0,,,,,,,,23.506400766370884,,,,,,,,,,,,
1369,4.684076296780081,,,,,,,,9.609022441666976,,,,,,,,,,,,
1370,6.6638126733491685,,,,,,,,14.766290915009508,,,,,,,,,,,,
1371,7.214723588625733,,,,,,,,13.122125031663854,,,,,,,,,,,,
1372,0.0,,,,,,,,24.740517465640632,,,,,,,,,,,,
1373,0.0,,,,,,,,26.376490684691426,,,,,,,,,,,,
1374,7.303284211370131,,,,,,,,23.48102650802713,,,,,,,,,,,,
1375,0.0,,,,,,,,12.91840164854206,,,,,,,,,,,,
1376,7.693774331048773,,,,,,,,28.914310157557708,,,,,,,,,,,,
1377,23.48102650802713,,,,,,,,9.505558746815316,,,,,,,,,,,,
1378,4.4122950105657575,,,,,,,,15.386548204894032,,,,,,,,,,,,
1379,8.019453039724247,,,,,,,,35.21104254889525,,,,,,,,,,,,
1380,5.085452638951843,,,,,,,,16.309933146173606,,,,,,,,,,,,
1381,21.78474162555651,,,,,,,,11.78638552689354,,,,,,,,,,,,
1382,4.159399084249441,,,,,,,,15.62916467405199,,,,,,,,,,,,
1383,6.968515835140117,,,,,,,,7.636839514970387,,,,,,,,,,,,
1384,12.91840164854206,,,,,,,,23.48102650802713,,,,,,,,,,,,
1385,11.78638552689354,,,,,,,,17.051458953753407,,,,,,,,,,,,
1386,10.295370231090036,,,,,,,,14.766290915009508,,,,,,,,,,,,
1387,0.3875205621218416,,,,,,,,18.48749937972313,,,,,,,,,,,,
1388,12.124018472046014,,,,,,,,4.684076296780081,,,,,,,,,,,,
1389,16.309933146173606,,,,,,,,19.556030934237143,,,,,,,,,,,,
1390,0.0,,,,,,,,23.506400766370884,,,,,,,,,,,,
1391,12.124018472046014,,,,,,,,15.738809175555858,,,,,,,,,,,,
1392,0.3875205621218416,,,,,,,,9.609022441666976,,,,,,,,,,,,
1393,7.636839514970387,,,,,,,,16.309933146173606,,,,,,,,,,,,
1394,3.019826188625797,,,,,,,,20.529699872170056,,,,,,,,,,,,
1395,23.48102650802713,,,,,,,,24.740517465640632,,,,,,,,,,,,
1396,0.0,,,,,,,,9.505558746815316,,,,,,,,,,,,
1397,4.684076296780081,,,,,,,,12.91840164854206,,,,,,,,,,,,
1398,0.0,,,,,,,,6.6638126733491685,,,,,,,,,,,,
1399,0.5637143564423058,,,,,,,,19.33819485367601,,,,,,,,,,,,
1400,0.0,,,,,,,,19.475475519715715,,,,,,,,,,,,
1401,4.4122950105657575,,,,,,,,14.766290915009508,,,,,,,,,,,,
1402,14.766290915009508,,,,,,,,7.636839514970387,,,,,,,,,,,,
1403,7.303284211370131,,,,,,,,0.0,,,,,,,,,,,,
1404,7.214723588625733,,,,,,,,15.62916467405199,,,,,,,,,,,,
1405,8.019453039724247,,,,,,,,23.506400766370884,,,,,,,,,,,,
1406,2.960144946582118,,,,,,,,7.214723588625733,,,,,,,,,,,,
1407,12.51578002712012,,,,,,,,20.888786777901167,,,,,,,,,,,,
1408,15.387513335715358,,,,,,,,21.78474162555651,,,,,,,,,,,,
1409,13.122125031663854,,,,,,,,4.684076296780081,,,,,,,,,,,,
1410,6.145876795489233,,,,,,,,24.740517465640632,,,,,,,,,,,,
1411,14.217796772632587,,,,,,,,20.529699872170056,,,,,,,,,,,,
1412,12.91840164854206,,,,,,,,23.48102650802713,,,,,,,,,,,,
1413,14.135742940017568,,,,,,,,19.33819485367601,,,,,,,,,,,,
1414,6.6638126733491685,,,,,,,,18.48749937972313,,,,,,,,,,,,
1415,2.4738065354669185,,,,,,,,11.78638552689354,,,,,,,,,,,,
1416,22.605412277057063,,,,,,,,12.91840164854206,,,,,,,,,,,,
1417,16.309933146173606,,,,,,,,6.6638126733491685,,,,,,,,,,,,
1418,9.614503480772356,,,,,,,,19.556030934237143,,,,,,,,,,,,
1419,0.3875205621218416,,,,,,,,19.5387106992408,,,,,,,,,,,,
1420,7.636839514970387,,,,,,,,16.309933146173606,,,,,,,,,,,,
1421,12.91840164854206,,,,,,,,23.48102650802713,,,,,,,,,,,,
1422,17.48709492435968,,,,,,,,0.0,,,,,,,,,,,,
1423,2.91183195432858,,,,,,,,7.636839514970387,,,,,,,,,,,,
1424,3.019826188625797,,,,,,,,23.506400766370884,,,,,,,,,,,,
1425,0.0,,,,,,,,24.740517465640632,,,,,,,,,,,,
1426,21.90382270514933,,,,,,,,20.529699872170056,,,,,,,,,,,,
1427,13.122125031663854,,,,,,,,14.766290915009508,,,,,,,,,,,,
1428,10.718138120340267,,,,,,,,4.684076296780081,,,,,,,,,,,,
1429,0.0,,,,,,,,18.48749937972313,,,,,,,,,,,,
1430,6.6638126733491685,,,,,,,,7.214723588625733,,,,,,,,,,,,
1431,4.684076296780081,,,,,,,,26.014843621319677,,,,,,,,,,,,
1432,0.0,,,,,,,,21.78474162555651,,,,,,,,,,,,
1433,0.0,,,,,,,,10.10773827919754,,,,,,,,,,,,
1434,4.4122950105657575,,,,,,,,19.928059826584818,,,,,,,,,,,,
1435,6.145876795489233,,,,,,,,12.91840164854206,,,,,,,,,,,,
1436,9.609022441666976,,,,,,,,28.914310157557708,,,,,,,,,,,,
1437,2.960144946582118,,,,,,,,25.75988621150465,,,,,,,,,,,,
1438,14.766290915009508,,,,,,,,15.386548204894032,,,,,,,,,,,,
1439,11.78638552689354,,,,,,,,16.58709423727748,,,,,,,,,,,,
1440,7.303284211370131,,,,,,,,7.636839514970387,,,,,,,,,,,,
1441,9.505558746815316,,,,,,,,18.48749937972313,,,,,,,,,,,,
1442,18.73381619939377,,,,,,,,13.122125031663854,,,,,,,,,,,,
1443,12.810975872230134,,,,,,,,9.622699368355027,,,,,,,,,,,,
1444,7.693774331048773,,,,,,,,0.0,,,,,,,,,,,,
1445,16.309933146173606,,,,,,,,4.684076296780081,,,,,,,,,,,,
1446,0.3875205621218416,,,,,,,,10.10773827919754,,,,,,,,,,,,
1447,13.447254248883104,,,,,,,,3.1142432624567684,,,,,,,,,,,,
1448,0.0,,,,,,,,13.487612142348269,,,,,,,,,,,,
1449,0.0,,,,,,,,7.214723588625733,,,,,,,,,,,,
1450,14.766290915009508,,,,,,,,19.928059826584818,,,,,,,,,,,,
1451,7.636839514970387,,,,,,,,14.766290915009508,,,,,,,,,,,,
1452,0.0,,,,,,,,16.309933146173606,,,,,,,,,,,,
1453,4.4122950105657575,,,,,,,,23.48102650802713,,,,,,,,,,,,
1454,6.695988109199242,,,,,,,,24.740517465640632,,,,,,,,,,,,
1455,4.684076296780081,,,,,,,,21.78474162555651,,,,,,,,,,,,
1456,3.019826188625797,,,,,,,,12.91840164854206,,,,,,,,,,,,
1457,9.609022441666976,,,,,,,,20.74919042954226,,,,,,,,,,,,
1458,0.0,,,,,,,,34.5799438137883,,,,,,,,,,,,
1459,0.5637143564423058,,,,,,,,35.42089162718143,,,,,,,,,,,,
1460,2.960144946582118,,,,,,,,7.303284211370131,,,,,,,,,,,,
1461,9.505558746815316,,,,,,,,7.636839514970387,,,,,,,,,,,,
1462,7.303284211370131,,,,,,,,14.766290915009508,,,,,,,,,,,,
1463,6.6638126733491685,,,,,,,,7.214723588625733,,,,,,,,,,,,
1464,10.718138120340267,,,,,,,,12.920634810148757,,,,,,,,,,,,
1465,15.387513335715358,,,,,,,,10.2059905448889,,,,,,,,,,,,
1466,18.73381619939377,,,,,,,,23.506400766370884,,,,,,,,,,,,
1467,2.91183195432858,,,,,,,,21.78474162555651,,,,,,,,,,,,
1468,12.91840164854206,,,,,,,,17.021969500118047,,,,,,,,,,,,
1469,14.135742940017568,,,,,,,,12.568579977111256,,,,,,,,,,,,
1470,12.810975872230134,,,,,,,,24.740517465640632,,,,,,,,,,,,
1471,22.605412277057063,,,,,,,,20.74919042954226,,,,,,,,,,,,
1472,13.778669486766512,,,,,,,,24.096273283808603,,,,,,,,,,,,
1473,16.58709423727748,,,,,,,,23.48102650802713,,,,,,,,,,,,
1474,0.5637143564423058,,,,,,,,12.91840164854206,,,,,,,,,,,,
1475,3.019826188625797,,,,,,,,11.78638552689354,,,,,,,,,,,,
1476,12.810975872230134,,,,,,,,6.6638126733491685,,,,,,,,,,,,
1477,7.636839514970387,,,,,,,,18.796005339089724,,,,,,,,,,,,
1478,2.960144946582118,,,,,,,,15.386548204894032,,,,,,,,,,,,
1479,0.0,,,,,,,,16.58709423727748,,,,,,,,,,,,
1480,0.0,,,,,,,,12.91840164854206,,,,,,,,,,,,
1481,0.0,,,,,,,,7.636839514970387,,,,,,,,,,,,
1482,6.145876795489233,,,,,,,,21.78474162555651,,,,,,,,,,,,
1483,9.609022441666976,,,,,,,,0.0,,,,,,,,,,,,
1484,14.135742940017568,,,,,,,,10.2059905448889,,,,,,,,,,,,
1485,2.91183195432858,,,,,,,,23.48102650802713,,,,,,,,,,,,
1486,0.7750411242436831,,,,,,,,9.622699368355027,,,,,,,,,,,,
1487,4.4122950105657575,,,,,,,,3.1142432624567684,,,,,,,,,,,,
1488,0.0,,,,,,,,13.487612142348269,,,,,,,,,,,,
1489,15.387513335715358,,,,,,,,7.214723588625733,,,,,,,,,,,,
1490,7.852483660430585,,,,,,,,14.766290915009508,,,,,,,,,,,,
1491,14.766290915009508,,,,,,,,12.568579977111256,,,,,,,,,,,,
1492,4.684076296780081,,,,,,,,26.376490684691426,,,,,,,,,,,,
1493,22.605412277057063,,,,,,,,24.740517465640632,,,,,,,,,,,,
1494,12.91840164854206,,,,,,,,28.914310157557708,,,,,,,,,,,,
1495,9.505558746815316,,,,,,,,20.888786777901167,,,,,,,,,,,,
1496,18.73381619939377,,,,,,,,17.021969500118047,,,,,,,,,,,,
1497,10.718138120340267,,,,,,,,10.10773827919754,,,,,,,,,,,,
1498,13.447254248883104,,,,,,,,30.821554544678747,,,,,,,,,,,,
1499,6.6638126733491685,,,,,,,,16.309933146173606,,,,,,,,,,,,
1500,13.778669486766512,,,,,,,,7.636839514970387,,,,,,,,,,,,
1501,16.58709423727748,,,,,,,,14.766290915009508,,,,,,,,,,,,
1502,0.5637143564423058,,,,,,,,12.920634810148757,,,,,,,,,,,,
1503,14.766290915009508,,,,,,,,30.96310401483121,,,,,,,,,,,,
1504,0.0,,,,,,,,23.506400766370884,,,,,,,,,,,,
1505,0.0,,,,,,,,4.684076296780081,,,,,,,,,,,,
1506,7.636839514970387,,,,,,,,23.48102650802713,,,,,,,,,,,,
1507,0.0,,,,,,,,7.214723588625733,,,,,,,,,,,,
1508,4.4122950105657575,,,,,,,,8.879516379871745,,,,,,,,,,,,
1509,2.91183195432858,,,,,,,,22.598893176490783,,,,,,,,,,,,
1510,2.960144946582118,,,,,,,,7.303284211370131,,,,,,,,,,,,
1511,9.609022441666976,,,,,,,,20.529699872170056,,,,,,,,,,,,
1512,16.309933146173606,,,,,,,,6.6638126733491685,,,,,,,,,,,,
1513,20.529699872170056,,,,,,,,21.78474162555651,,,,,,,,,,,,
1514,0.0,,,,,,,,14.135742940017568,,,,,,,,,,,,
1515,3.019826188625797,,,,,,,,23.794557789246088,,,,,,,,,,,,
1516,17.48709492435968,,,,,,,,13.778669486766512,,,,,,,,,,,,
1517,4.684076296780081,,,,,,,,15.386548204894032,,,,,,,,,,,,
1518,7.303284211370131,,,,,,,,19.475475519715715,,,,,,,,,,,,
1519,15.387513335715358,,,,,,,,16.309933146173606,,,,,,,,,,,,
1520,23.48102650802713,,,,,,,,7.636839514970387,,,,,,,,,,,,
1521,6.145876795489233,,,,,,,,13.487612142348269,,,,,,,,,,,,
1522,12.91840164854206,,,,,,,,12.920634810148757,,,,,,,,,,,,
1523,11.78638552689354,,,,,,,,7.214723588625733,,,,,,,,,,,,
1524,9.505558746815316,,,,,,,,7.956682457443317,,,,,,,,,,,,
1525,6.6638126733491685,,,,,,,,12.97284652311857,,,,,,,,,,,,
1526,21.90382270514933,,,,,,,,4.684076296780081,,,,,,,,,,,,
1527,0.3875205621218416,,,,,,,,28.48576128802512,,,,,,,,,,,,
1528,19.5387106992408,,,,,,,,3.1142432624567684,,,,,,,,,,,,
1529,0.3875205621218416,,,,,,,,9.622699368355027,,,,,,,,,,,,
1530,14.766290915009508,,,,,,,,14.766290915009508,,,,,,,,,,,,
1531,7.636839514970387,,,,,,,,37.71821113230429,,,,,,,,,,,,
1532,15.387513335715358,,,,,,,,21.78474162555651,,,,,,,,,,,,
1533,0.0,,,,,,,,24.740517465640632,,,,,,,,,,,,
1534,3.019826188625797,,,,,,,,7.852483660430585,,,,,,,,,,,,
1535,0.0,,,,,,,,18.48749937972313,,,,,,,,,,,,
1536,4.684076296780081,,,,,,,,13.00451678171939,,,,,,,,,,,,
1537,6.145876795489233,,,,,,,,18.062254419072787,,,,,,,,,,,,
1538,23.48102650802713,,,,,,,,39.88690058066009,,,,,,,,,,,,
1539,0.0,,,,,,,,16.309933146173606,,,,,,,,,,,,
1540,7.214723588625733,,,,,,,,12.920634810148757,,,,,,,,,,,,
1541,0.0,,,,,,,,15.640142575301091,,,,,,,,,,,,
1542,4.4122950105657575,,,,,,,,7.636839514970387,,,,,,,,,,,,
1543,8.019453039724247,,,,,,,,23.48102650802713,,,,,,,,,,,,
1544,21.78474162555651,,,,,,,,7.303284211370131,,,,,,,,,,,,
1545,6.6638126733491685,,,,,,,,10.2059905448889,,,,,,,,,,,,
1546,7.303284211370131,,,,,,,,14.766290915009508,,,,,,,,,,,,
1547,14.135742940017568,,,,,,,,7.214723588625733,,,,,,,,,,,,
1548,13.122125031663854,,,,,,,,23.506400766370884,,,,,,,,,,,,
1549,12.91840164854206,,,,,,,,10.10773827919754,,,,,,,,,,,,
1550,2.4738065354669185,,,,,,,,20.529699872170056,,,,,,,,,,,,
1551,0.5637143564423058,,,,,,,,17.48709492435968,,,,,,,,,,,,
1552,22.605412277057063,,,,,,,,24.740517465640632,,,,,,,,,,,,
1553,13.778669486766512,,,,,,,,12.568579977111256,,,,,,,,,,,,
1554,12.124018472046014,,,,,,,,21.78474162555651,,,,,,,,,,,,
1555,16.309933146173606,,,,,,,,12.91840164854206,,,,,,,,,,,,
1556,0.5637143564423058,,,,,,,,35.49087737181309,,,,,,,,,,,,
1557,7.636839514970387,,,,,,,,30.252763343053157,,,,,,,,,,,,
1558,14.766290915009508,,,,,,,,16.309933146173606,,,,,,,,,,,,
1559,3.019826188625797,,,,,,,,9.609022441666976,,,,,,,,,,,,
1560,0.0,,,,,,,,7.636839514970387,,,,,,,,,,,,
1561,17.070941355285147,,,,,,,,24.740517465640632,,,,,,,,,,,,
1562,0.0,,,,,,,,17.051458953753407,,,,,,,,,,,,
1563,9.609022441666976,,,,,,,,10.10773827919754,,,,,,,,,,,,
1564,19.556030934237143,,,,,,,,10.2059905448889,,,,,,,,,,,,
1565,0.3875205621218416,,,,,,,,23.506400766370884,,,,,,,,,,,,
1566,4.684076296780081,,,,,,,,19.33819485367601,,,,,,,,,,,,
1567,7.055583487765243,,,,,,,,26.014843621319677,,,,,,,,,,,,
1568,0.0,,,,,,,,14.766290915009508,,,,,,,,,,,,
1569,0.0,,,,,,,,12.91840164854206,,,,,,,,,,,,
1570,4.4122950105657575,,,,,,,,15.738809175555858,,,,,,,,,,,,
1571,2.960144946582118,,,,,,,,16.309933146173606,,,,,,,,,,,,
1572,16.309933146173606,,,,,,,,12.568579977111256,,,,,,,,,,,,
1573,7.303284211370131,,,,,,,,20.529699872170056,,,,,,,,,,,,
1574,19.33819485367601,,,,,,,,23.48102650802713,,,,,,,,,,,,
1575,2.4738065354669185,,,,,,,,9.505558746815316,,,,,,,,,,,,
1576,15.387513335715358,,,,,,,,35.33996940893572,,,,,,,,,,,,
1577,6.145876795489233,,,,,,,,15.386548204894032,,,,,,,,,,,,
1578,23.48102650802713,,,,,,,,7.636839514970387,,,,,,,,,,,,
1579,10.228968202597086,,,,,,,,10.2059905448889,,,,,,,,,,,,
1580,11.78638552689354,,,,,,,,12.568579977111256,,,,,,,,,,,,
1581,19.21947957931243,,,,,,,,17.051458953753407,,,,,,,,,,,,
1582,16.677414431009574,,,,,,,,23.48102650802713,,,,,,,,,,,,
1583,7.636839514970387,,,,,,,,15.62916467405199,,,,,,,,,,,,
1584,0.0,,,,,,,,23.506400766370884,,,,,,,,,,,,
1585,16.58709423727748,,,,,,,,14.766290915009508,,,,,,,,,,,,
1586,7.303284211370131,,,,,,,,12.91840164854206,,,,,,,,,,,,
1587,20.529699872170056,,,,,,,,16.309933146173606,,,,,,,,,,,,
1588,0.0,,,,,,,,15.738809175555858,,,,,,,,,,,,
1589,23.48102650802713,,,,,,,,9.609022441666976,,,,,,,,,,,,
1590,2.91183195432858,,,,,,,,34.5799438137883,,,,,,,,,,,,
1591,0.0,,,,,,,,24.740517465640632,,,,,,,,,,,,
1592,0.0,,,,,,,,20.529699872170056,,,,,,,,,,,,
1593,3.019826188625797,,,,,,,,9.505558746815316,,,,,,,,,,,,
1594,4.4122950105657575,,,,,,,,20.74919042954226,,,,,,,,,,,,
1595,4.159399084249441,,,,,,,,10.10773827919754,,,,,,,,,,,,
1596,7.214723588625733,,,,,,,,26.014843621319677,,,,,,,,,,,,
1597,14.766290915009508,,,,,,,,7.636839514970387,,,,,,,,,,,,
1598,4.684076296780081,,,,,,,,24.872341986611065,,,,,,,,,,,,
1599,15.387513335715358,,,,,,,,16.309933146173606,,,,,,,,,,,,
1600,21.78474162555651,,,,,,,,25.75988621150465,,,,,,,,,,,,
1601,10.295370231090036,,,,,,,,0.0,,,,,,,,,,,,
1602,11.78638552689354,,,,,,,,10.2059905448889,,,,,,,,,,,,
1603,6.695988109199242,,,,,,,,14.766290915009508,,,,,,,,,,,,
1604,12.91840164854206,,,,,,,,7.214723588625733,,,,,,,,,,,,
1605,6.6638126733491685,,,,,,,,15.640142575301091,,,,,,,,,,,,
1606,16.863005510575263,,,,,,,,21.78474162555651,,,,,,,,,,,,
1607,1.1274287128846117,,,,,,,,33.4923351733518,,,,,,,,,,,,
1608,0.7750411242436831,,,,,,,,23.506400766370884,,,,,,,,,,,,
1609,19.5387106992408,,,,,,,,10.10773827919754,,,,,,,,,,,,
1610,7.636839514970387,,,,,,,,19.928059826584818,,,,,,,,,,,,
1611,21.78474162555651,,,,,,,,24.740517465640632,,,,,,,,,,,,
1612,4.684076296780081,,,,,,,,12.568579977111256,,,,,,,,,,,,
1613,0.0,,,,,,,,20.529699872170056,,,,,,,,,,,,
1614,6.145876795489233,,,,,,,,25.047221924044425,,,,,,,,,,,,
1615,0.0,,,,,,,,12.91840164854206,,,,,,,,,,,,
1616,14.766290915009508,,,,,,,,10.2059905448889,,,,,,,,,,,,
1617,0.0,,,,,,,,7.636839514970387,,,,,,,,,,,,
1618,4.4122950105657575,,,,,,,,23.506400766370884,,,,,,,,,,,,
1619,19.5387106992408,,,,,,,,12.91840164854206,,,,,,,,,,,,
1620,0.5637143564423058,,,,,,,,0.0,,,,,,,,,,,,
1621,16.58709423727748,,,,,,,,21.78474162555651,,,,,,,,,,,,
1622,0.0,,,,,,,,15.640142575301091,,,,,,,,,,,,
1623,4.159399084249441,,,,,,,,7.214723588625733,,,,,,,,,,,,
1624,3.019826188625797,,,,,,,,19.928059826584818,,,,,,,,,,,,
1625,11.78638552689354,,,,,,,,14.766290915009508,,,,,,,,,,,,
1626,7.214723588625733,,,,,,,,12.568579977111256,,,,,,,,,,,,
1627,23.48102650802713,,,,,,,,10.213763986295696,,,,,,,,,,,,
1628,15.387513335715358,,,,,,,,24.740517465640632,,,,,,,,,,,,
1629,20.529699872170056,,,,,,,,20.529699872170056,,,,,,,,,,,,
1630,7.303284211370131,,,,,,,,23.48102650802713,,,,,,,,,,,,
1631,6.6638126733491685,,,,,,,,6.6638126733491685,,,,,,,,,,,,
1632,12.91840164854206,,,,,,,,20.74919042954226,,,,,,,,,,,,
1633,2.4738065354669185,,,,,,,,18.796005339089724,,,,,,,,,,,,
1634,13.685713129915136,,,,,,,,22.254640950592783,,,,,,,,,,,,
1635,13.692396515733597,,,,,,,,16.309933146173606,,,,,,,,,,,,
1636,0.3875205621218416,,,,,,,,4.4122950105657575,,,,,,,,,,,,
1637,4.684076296780081,,,,,,,,7.636839514970387,,,,,,,,,,,,
1638,7.636839514970387,,,,,,,,21.78474162555651,,,,,,,,,,,,
1639,19.5387106992408,,,,,,,,12.920634810148757,,,,,,,,,,,,
1640,0.0,,,,,,,,9.622699368355027,,,,,,,,,,,,
1641,14.766290915009508,,,,,,,,12.568579977111256,,,,,,,,,,,,
1642,15.387513335715358,,,,,,,,12.91840164854206,,,,,,,,,,,,
1643,0.0,,,,,,,,7.303284211370131,,,,,,,,,,,,
1644,21.78474162555651,,,,,,,,20.74919042954226,,,,,,,,,,,,
1645,12.91840164854206,,,,,,,,7.214723588625733,,,,,,,,,,,,
1646,6.145876795489233,,,,,,,,23.48102650802713,,,,,,,,,,,,
1647,0.3875205621218416,,,,,,,,14.766290915009508,,,,,,,,,,,,
1648,6.6638126733491685,,,,,,,,14.431083634588362,,,,,,,,,,,,
1649,0.0,,,,,,,,10.2059905448889,,,,,,,,,,,,
1650,4.4122950105657575,,,,,,,,16.309933146173606,,,,,,,,,,,,
1651,20.529699872170056,,,,,,,,29.394414614617208,,,,,,,,,,,,
1652,7.214723588625733,,,,,,,,20.529699872170056,,,,,,,,,,,,
1653,3.019826188625797,,,,,,,,18.796005339089724,,,,,,,,,,,,
1654,0.0,,,,,,,,11.78638552689354,,,,,,,,,,,,
1655,0.5637143564423058,,,,,,,,6.6638126733491685,,,,,,,,,,,,
1656,11.78638552689354,,,,,,,,19.5387106992408,,,,,,,,,,,,
1657,19.556030934237143,,,,,,,,4.684076296780081,,,,,,,,,,,,
1658,7.303284211370131,,,,,,,,13.487612142348269,,,,,,,,,,,,
1659,23.48102650802713,,,,,,,,7.636839514970387,,,,,,,,,,,,
1660,2.4738065354669185,,,,,,,,9.622699368355027,,,,,,,,,,,,
1661,19.33819485367601,,,,,,,,14.766290915009508,,,,,,,,,,,,
1662,16.58709423727748,,,,,,,,17.051458953753407,,,,,,,,,,,,
1663,2.4738065354669185,,,,,,,,3.1142432624567684,,,,,,,,,,,,
1664,4.4122950105657575,,,,,,,,9.609022441666976,,,,,,,,,,,,
1665,7.636839514970387,,,,,,,,24.740517465640632,,,,,,,,,,,,
1666,0.0,,,,,,,,23.48102650802713,,,,,,,,,,,,
1667,9.609022441666976,,,,,,,,17.021969500118047,,,,,,,,,,,,
1668,0.0,,,,,,,,14.135742940017568,,,,,,,,,,,,
1669,0.0,,,,,,,,15.738809175555858,,,,,,,,,,,,
1670,0.0,,,,,,,,6.6638126733491685,,,,,,,,,,,,
1671,14.766290915009508,,,,,,,,22.605412277057063,,,,,,,,,,,,
1672,0.3875205621218416,,,,,,,,16.677414431009574,,,,,,,,,,,,
1673,2.960144946582118,,,,,,,,22.598893176490783,,,,,,,,,,,,
1674,16.863005510575263,,,,,,,,14.217796772632587,,,,,,,,,,,,
1675,3.019826188625797,,,,,,,,10.228968202597086,,,,,,,,,,,,
1676,23.48102650802713,,,,,,,,19.21947957931243,,,,,,,,,,,,
1677,16.46855708347967,,,,,,,,16.58709423727748,,,,,,,,,,,,
1678,17.021969500118047,,,,,,,,15.62916467405199,,,,,,,,,,,,
1679,4.684076296780081,,,,,,,,23.48102650802713,,,,,,,,,,,,
1680,4.159399084249441,,,,,,,,7.636839514970387,,,,,,,,,,,,
1681,15.387513335715358,,,,,,,,10.2059905448889,,,,,,,,,,,,
1682,7.303284211370131,,,,,,,,0.0,,,,,,,,,,,,
1683,6.145876795489233,,,,,,,,26.376490684691426,,,,,,,,,,,,
1684,10.228968202597086,,,,,,,,7.214723588625733,,,,,,,,,,,,
1685,11.78638552689354,,,,,,,,20.529699872170056,,,,,,,,,,,,
1686,10.295370231090036,,,,,,,,14.766290915009508,,,,,,,,,,,,
1687,6.6638126733491685,,,,,,,,23.506400766370884,,,,,,,,,,,,
1688,0.5637143564423058,,,,,,,,21.78474162555651,,,,,,,,,,,,
1689,19.5387106992408,,,,,,,,12.91840164854206,,,,,,,,,,,,
1690,16.309933146173606,,,,,,,,16.58709423727748,,,,,,,,,,,,
1691,7.636839514970387,,,,,,,,10.10773827919754,,,,,,,,,,,,
1692,0.0,,,,,,,,24.740517465640632,,,,,,,,,,,,
1693,14.766290915009508,,,,,,,,19.928059826584818,,,,,,,,,,,,
1694,6.145876795489233,,,,,,,,28.914310157557708,,,,,,,,,,,,
1695,0.0,,,,,,,,12.568579977111256,,,,,,,,,,,,
1696,3.019826188625797,,,,,,,,26.014843621319677,,,,,,,,,,,,
1697,16.309933146173606,,,,,,,,7.636839514970387,,,,,,,,,,,,
1698,0.0,,,,,,,,15.738809175555858,,,,,,,,,,,,
1699,4.684076296780081,,,,,,,,4.13082414360465,,,,,,,,,,,,
1700,14.217796772632587,,,,,,,,23.506400766370884,,,,,,,,,,,,
1701,0.0,,,,,,,,20.74919042954226,,,,,,,,,,,,
1702,0.3875205621218416,,,,,,,,0.0,,,,,,,,,,,,
1703,2.531591649934698,,,,,,,,30.84655019315995,,,,,,,,,,,,
1704,4.4122950105657575,,,,,,,,14.766290915009508,,,,,,,,,,,,
1705,19.60490728418248,,,,,,,,10.2059905448889,,,,,,,,,,,,
1706,22.605412277057063,,,,,,,,16.46855708347967,,,,,,,,,,,,
1707,6.325499006824784,,,,,,,,7.109474239758823,,,,,,,,,,,,
1708,13.122125031663854,,,,,,,,9.609022441666976,,,,,,,,,,,,
1709,7.303284211370131,,,,,,,,24.740517465640632,,,,,,,,,,,,
1710,18.86868573424546,,,,,,,,10.167804482391144,,,,,,,,,,,,
1711,23.48102650802713,,,,,,,,12.568579977111256,,,,,,,,,,,,
1712,14.135742940017568,,,,,,,,17.021969500118047,,,,,,,,,,,,
1713,12.687924289407269,,,,,,,,34.5799438137883,,,,,,,,,,,,
1714,11.035025493061228,,,,,,,,15.386548204894032,,,,,,,,,,,,
1715,6.6638126733491685,,,,,,,,26.263991960110943,,,,,,,,,,,,
1716,2.4738065354669185,,,,,,,,16.58709423727748,,,,,,,,,,,,
1717,12.124018472046014,,,,,,,,23.48102650802713,,,,,,,,,,,,
1718,7.636839514970387,,,,,,,,14.766290915009508,,,,,,,,,,,,
1719,16.309933146173606,,,,,,,,7.636839514970387,,,,,,,,,,,,
1720,3.6852041766061694,,,,,,,,12.568579977111256,,,,,,,,,,,,
1721,0.0,,,,,,,,15.640142575301091,,,,,,,,,,,,
1722,9.798907685703794,,,,,,,,10.2059905448889,,,,,,,,,,,,
1723,14.766290915009508,,,,,,,,24.740517465640632,,,,,,,,,,,,
1724,0.0,,,,,,,,23.506400766370884,,,,,,,,,,,,
1725,4.4122950105657575,,,,,,,,12.920634810148757,,,,,,,,,,,,
1726,0.0,,,,,,,,16.309933146173606,,,,,,,,,,,,
1727,6.145876795489233,,,,,,,,7.214723588625733,,,,,,,,,,,,
1728,0.0,,,,,,,,13.122125031663854,,,,,,,,,,,,
1729,3.019826188625797,,,,,,,,11.78638552689354,,,,,,,,,,,,
1730,0.0,,,,,,,,12.91840164854206,,,,,,,,,,,,
1731,0.5637143564423058,,,,,,,,7.303284211370131,,,,,,,,,,,,
1732,14.564940117055428,,,,,,,,21.78474162555651,,,,,,,,,,,,
1733,18.796005339089724,,,,,,,,6.6638126733491685,,,,,,,,,,,,
1734,1.6866616882544527,,,,,,,,20.74919042954226,,,,,,,,,,,,
1735,7.214723588625733,,,,,,,,18.796005339089724,,,,,,,,,,,,
1736,2.830579076499756,,,,,,,,28.48576128802512,,,,,,,,,,,,
1737,12.810975872230134,,,,,,,,21.78474162555651,,,,,,,,,,,,
1738,2.4738065354669185,,,,,,,,7.636839514970387,,,,,,,,,,,,
1739,5.545419653542792,,,,,,,,24.740517465640632,,,,,,,,,,,,
1740,15.387513335715358,,,,,,,,14.766290915009508,,,,,,,,,,,,
1741,13.122125031663854,,,,,,,,12.920634810148757,,,,,,,,,,,,
1742,21.78474162555651,,,,,,,,10.051501034884858,,,,,,,,,,,,
1743,9.606329408819,,,,,,,,10.2059905448889,,,,,,,,,,,,
1744,10.718138120340267,,,,,,,,7.303284211370131,,,,,,,,,,,,
1745,11.78638552689354,,,,,,,,7.214723588625733,,,,,,,,,,,,
1746,7.055583487765243,,,,,,,,3.1142432624567684,,,,,,,,,,,,
1747,0.7750411242436831,,,,,,,,13.487612142348269,,,,,,,,,,,,
1748,3.019826188625797,,,,,,,,6.6638126733491685,,,,,,,,,,,,
1749,13.007798373366883,,,,,,,,20.529699872170056,,,,,,,,,,,,
1750,7.636839514970387,,,,,,,,19.475475519715715,,,,,,,,,,,,
1751,2.91183195432858,,,,,,,,23.48102650802713,,,,,,,,,,,,
1752,0.3875205621218416,,,,,,,,12.568579977111256,,,,,,,,,,,,
1753,20.529699872170056,,,,,,,,14.135742940017568,,,,,,,,,,,,
1754,0.0,,,,,,,,12.91840164854206,,,,,,,,,,,,
1755,14.766290915009508,,,,,,,,22.605412277057063,,,,,,,,,,,,
1756,2.531591649934698,,,,,,,,13.778669486766512,,,,,,,,,,,,
1757,0.0,,,,,,,,16.309933146173606,,,,,,,,,,,,
1758,0.0,,,,,,,,15.62916467405199,,,,,,,,,,,,
1759,4.4122950105657575,,,,,,,,36.59653340068326,,,,,,,,,,,,
1760,7.303284211370131,,,,,,,,7.636839514970387,,,,,,,,,,,,
1761,0.0,,,,,,,,13.122125031663854,,,,,,,,,,,,
1762,7.214723588625733,,,,,,,,15.387513335715358,,,,,,,,,,,,
1763,16.863005510575263,,,,,,,,23.506400766370884,,,,,,,,,,,,
1764,18.86868573424546,,,,,,,,17.051458953753407,,,,,,,,,,,,
1765,4.684076296780081,,,,,,,,9.609022441666976,,,,,,,,,,,,
1766,6.325499006824784,,,,,,,,14.766290915009508,,,,,,,,,,,,
1767,21.78474162555651,,,,,,,,10.2059905448889,,,,,,,,,,,,
1768,4.159399084249441,,,,,,,,15.738809175555858,,,,,,,,,,,,
1769,6.145876795489233,,,,,,,,27.823610546089352,,,,,,,,,,,,
1770,6.640500162492548,,,,,,,,12.568579977111256,,,,,,,,,,,,
1771,18.73381619939377,,,,,,,,34.5799438137883,,,,,,,,,,,,
1772,11.78638552689354,,,,,,,,10.167804482391144,,,,,,,,,,,,
1773,6.6638126733491685,,,,,,,,20.74919042954226,,,,,,,,,,,,
1774,10.295370231090036,,,,,,,,11.30085417447208,,,,,,,,,,,,
1775,16.58709423727748,,,,,,,,23.15416852284057,,,,,,,,,,,,
1776,15.387513335715358,,,,,,,,16.309933146173606,,,,,,,,,,,,
1777,7.636839514970387,,,,,,,,7.636839514970387,,,,,,,,,,,,
1778,7.214723588625733,,,,,,,,23.506400766370884,,,,,,,,,,,,
1779,14.766290915009508,,,,,,,,15.62916467405199,,,,,,,,,,,,
1780,6.145876795489233,,,,,,,,0.0,,,,,,,,,,,,
1781,3.019826188625797,,,,,,,,14.766290915009508,,,,,,,,,,,,
1782,0.0,,,,,,,,30.84655019315995,,,,,,,,,,,,
1783,0.0,,,,,,,,7.214723588625733,,,,,,,,,,,,
1784,0.0,,,,,,,,4.684076296780081,,,,,,,,,,,,
1785,4.684076296780081,,,,,,,,24.740517465640632,,,,,,,,,,,,
1786,5.335141565308859,,,,,,,,20.888786777901167,,,,,,,,,,,,
1787,0.0,,,,,,,,28.88152352557747,,,,,,,,,,,,
1788,0.5637143564423058,,,,,,,,21.78474162555651,,,,,,,,,,,,
1789,4.4122950105657575,,,,,,,,18.48749937972313,,,,,,,,,,,,
1790,7.303284211370131,,,,,,,,13.122125031663854,,,,,,,,,,,,
1791,4.159399084249441,,,,,,,,9.798907685703794,,,,,,,,,,,,
1792,21.78474162555651,,,,,,,,14.135742940017568,,,,,,,,,,,,
1793,8.710849854145865,,,,,,,,22.605412277057063,,,,,,,,,,,,
1794,2.91183195432858,,,,,,,,6.6638126733491685,,,,,,,,,,,,
1795,23.48102650802713,,,,,,,,13.778669486766512,,,,,,,,,,,,
1796,12.91840164854206,,,,,,,,16.309933146173606,,,,,,,,,,,,
1797,11.78638552689354,,,,,,,,7.636839514970387,,,,,,,,,,,,
1798,6.6638126733491685,,,,,,,,16.309933146173606,,,,,,,,,,,,
1799,10.295370231090036,,,,,,,,12.920634810148757,,,,,,,,,,,,
1800,16.863005510575263,,,,,,,,7.303284211370131,,,,,,,,,,,,
1801,0.3875205621218416,,,,,,,,4.684076296780081,,,,,,,,,,,,
1802,19.5387106992408,,,,,,,,12.568579977111256,,,,,,,,,,,,
1803,16.309933146173606,,,,,,,,3.1142432624567684,,,,,,,,,,,,
1804,2.3017774891219216,,,,,,,,9.622699368355027,,,,,,,,,,,,
1805,4.4122950105657575,,,,,,,,7.214723588625733,,,,,,,,,,,,
1806,0.0,,,,,,,,13.487612142348269,,,,,,,,,,,,
1807,7.636839514970387,,,,,,,,17.021969500118047,,,,,,,,,,,,
1808,0.0,,,,,,,,30.96310401483121,,,,,,,,,,,,
1809,0.0,,,,,,,,14.766290915009508,,,,,,,,,,,,
1810,0.0,,,,,,,,23.48102650802713,,,,,,,,,,,,
1811,15.387513335715358,,,,,,,,19.33819485367601,,,,,,,,,,,,
1812,13.685713129915136,,,,,,,,14.234289771021588,,,,,,,,,,,,
1813,0.3875205621218416,,,,,,,,30.814063613705617,,,,,,,,,,,,
1814,7.214723588625733,,,,,,,,21.78474162555651,,,,,,,,,,,,
1815,8.019453039724247,,,,,,,,10.10773827919754,,,,,,,,,,,,
1816,3.019826188625797,,,,,,,,35.33996940893572,,,,,,,,,,,,
1817,7.055583487765243,,,,,,,,7.636839514970387,,,,,,,,,,,,
1818,4.684076296780081,,,,,,,,15.640142575301091,,,,,,,,,,,,
1819,14.766290915009508,,,,,,,,24.830674252248286,,,,,,,,,,,,
1820,12.124018472046014,,,,,,,,7.214723588625733,,,,,,,,,,,,
1821,2.4738065354669185,,,,,,,,12.568579977111256,,,,,,,,,,,,
1822,15.336268648239104,,,,,,,,4.684076296780081,,,,,,,,,,,,
1823,4.159399084249441,,,,,,,,12.920634810148757,,,,,,,,,,,,
1824,7.303284211370131,,,,,,,,23.506400766370884,,,,,,,,,,,,
1825,6.145876795489233,,,,,,,,24.080135924006942,,,,,,,,,,,,
1826,21.78474162555651,,,,,,,,14.766290915009508,,,,,,,,,,,,
1827,22.64370993483948,,,,,,,,14.234289771021588,,,,,,,,,,,,
1828,13.122125031663854,,,,,,,,7.303284211370131,,,,,,,,,,,,
1829,11.78638552689354,,,,,,,,20.554868444323525,,,,,,,,,,,,
1830,13.692396515733597,,,,,,,,23.48102650802713,,,,,,,,,,,,
1831,16.309933146173606,,,,,,,,21.78474162555651,,,,,,,,,,,,
1832,7.636839514970387,,,,,,,,30.96310401483121,,,,,,,,,,,,
1833,4.684076296780081,,,,,,,,17.48709492435968,,,,,,,,,,,,
1834,0.0,,,,,,,,27.053860942978726,,,,,,,,,,,,
1835,6.6638126733491685,,,,,,,,16.58709423727748,,,,,,,,,,,,
1836,6.145876795489233,,,,,,,,6.6638126733491685,,,,,,,,,,,,
1837,19.556030934237143,,,,,,,,7.636839514970387,,,,,,,,,,,,
1838,0.0,,,,,,,,0.0,,,,,,,,,,,,
1839,7.303284211370131,,,,,,,,7.214723588625733,,,,,,,,,,,,
1840,15.387513335715358,,,,,,,,16.309933146173606,,,,,,,,,,,,
1841,11.78638552689354,,,,,,,,14.234289771021588,,,,,,,,,,,,
1842,0.5637143564423058,,,,,,,,21.78474162555651,,,,,,,,,,,,
1843,14.766290915009508,,,,,,,,14.766290915009508,,,,,,,,,,,,
1844,0.0,,,,,,,,23.794557789246088,,,,,,,,,,,,
1845,4.4122950105657575,,,,,,,,3.1142432624567684,,,,,,,,,,,,
1846,9.609022441666976,,,,,,,,4.684076296780081,,,,,,,,,,,,
1847,20.529699872170056,,,,,,,,9.622699368355027,,,,,,,,,,,,
1848,3.019826188625797,,,,,,,,30.96310401483121,,,,,,,,,,,,
1849,0.0,,,,,,,,13.487612142348269,,,,,,,,,,,,
1850,2.960144946582118,,,,,,,,14.135742940017568,,,,,,,,,,,,
1851,23.48102650802713,,,,,,,,19.928059826584818,,,,,,,,,,,,
1852,2.91183195432858,,,,,,,,23.48102650802713,,,,,,,,,,,,
1853,19.5387106992408,,,,,,,,24.27469551210166,,,,,,,,,,,,
1854,12.91840164854206,,,,,,,,12.568579977111256,,,,,,,,,,,,
1855,9.505558746815316,,,,,,,,17.021969500118047,,,,,,,,,,,,
1856,19.33819485367601,,,,,,,,14.217796772632587,,,,,,,,,,,,
1857,0.3875205621218416,,,,,,,,9.622699368355027,,,,,,,,,,,,
1858,16.58709423727748,,,,,,,,24.740517465640632,,,,,,,,,,,,
1859,0.3875205621218416,,,,,,,,7.636839514970387,,,,,,,,,,,,
1860,7.636839514970387,,,,,,,,10.10773827919754,,,,,,,,,,,,
1861,6.6638126733491685,,,,,,,,7.303284211370131,,,,,,,,,,,,
1862,2.960144946582118,,,,,,,,7.214723588625733,,,,,,,,,,,,
1863,6.145876795489233,,,,,,,,23.48102650802713,,,,,,,,,,,,
1864,0.0,,,,,,,,12.920634810148757,,,,,,,,,,,,
1865,4.684076296780081,,,,,,,,12.91840164854206,,,,,,,,,,,,
1866,0.0,,,,,,,,13.487612142348269,,,,,,,,,,,,
1867,4.4122950105657575,,,,,,,,3.1142432624567684,,,,,,,,,,,,
1868,2.91183195432858,,,,,,,,14.766290915009508,,,,,,,,,,,,
1869,0.0,,,,,,,,4.684076296780081,,,,,,,,,,,,
1870,0.0,,,,,,,,17.021969500118047,,,,,,,,,,,,
1871,3.019826188625797,,,,,,,,18.48749937972313,,,,,,,,,,,,
1872,5.335141565308859,,,,,,,,21.78474162555651,,,,,,,,,,,,
1873,9.609022441666976,,,,,,,,20.74919042954226,,,,,,,,,,,,
1874,14.766290915009508,,,,,,,,34.5799438137883,,,,,,,,,,,,
1875,8.710849854145865,,,,,,,,30.814063613705617,,,,,,,,,,,,
1876,15.387513335715358,,,,,,,,16.309933146173606,,,,,,,,,,,,
1877,13.685713129915136,,,,,,,,7.636839514970387,,,,,,,,,,,,
1878,11.78638552689354,,,,,,,,21.90382270514933,,,,,,,,,,,,
1879,4.159399084249441,,,,,,,,6.6638126733491685,,,,,,,,,,,,
1880,7.303284211370131,,,,,,,,4.684076296780081,,,,,,,,,,,,
1881,23.48102650802713,,,,,,,,13.122125031663854,,,,,,,,,,,,
1882,12.91840164854206,,,,,,,,11.78638552689354,,,,,,,,,,,,
1883,13.692396515733597,,,,,,,,12.920634810148757,,,,,,,,,,,,
1884,9.505558746815316,,,,,,,,16.309933146173606,,,,,,,,,,,,
1885,0.5637143564423058,,,,,,,,18.48749937972313,,,,,,,,,,,,
1886,19.5387106992408,,,,,,,,7.303284211370131,,,,,,,,,,,,
1887,16.309933146173606,,,,,,,,14.766290915009508,,,,,,,,,,,,
1888,14.135742940017568,,,,,,,,23.506400766370884,,,,,,,,,,,,
1889,0.3875205621218416,,,,,,,,12.91840164854206,,,,,,,,,,,,
1890,7.636839514970387,,,,,,,,21.78474162555651,,,,,,,,,,,,
1891,23.48102650802713,,,,,,,,24.740517465640632,,,,,,,,,,,,
1892,0.0,,,,,,,,7.214723588625733,,,,,,,,,,,,
1893,14.766290915009508,,,,,,,,17.48709492435968,,,,,,,,,,,,
1894,6.145876795489233,,,,,,,,18.73381619939377,,,,,,,,,,,,
1895,0.0,,,,,,,,10.718138120340267,,,,,,,,,,,,
1896,4.4122950105657575,,,,,,,,14.3041905096689,,,,,,,,,,,,
1897,4.684076296780081,,,,,,,,15.62916467405199,,,,,,,,,,,,
1898,0.0,,,,,,,,7.636839514970387,,,,,,,,,,,,
1899,0.0,,,,,,,,10.2059905448889,,,,,,,,,,,,
1900,0.5637143564423058,,,,,,,,12.920634810148757,,,,,,,,,,,,
1901,3.019826188625797,,,,,,,,12.568579977111256,,,,,,,,,,,,
1902,2.960144946582118,,,,,,,,7.303284211370131,,,,,,,,,,,,
1903,9.609022441666976,,,,,,,,24.740517465640632,,,,,,,,,,,,
1904,16.309933146173606,,,,,,,,16.309933146173606,,,,,,,,,,,,
1905,17.070941355285147,,,,,,,,23.506400766370884,,,,,,,,,,,,
1906,15.387513335715358,,,,,,,,7.214723588625733,,,,,,,,,,,,
1907,14.217796772632587,,,,,,,,14.766290915009508,,,,,,,,,,,,
1908,9.505558746815316,,,,,,,,13.778669486766512,,,,,,,,,,,,
1909,12.91840164854206,,,,,,,,23.794557789246088,,,,,,,,,,,,
1910,7.303284211370131,,,,,,,,9.798907685703794,,,,,,,,,,,,
1911,12.91963930356711,,,,,,,,21.78474162555651,,,,,,,,,,,,
1912,6.6638126733491685,,,,,,,,17.021969500118047,,,,,,,,,,,,
1913,5.051616694635486,,,,,,,,14.135742940017568,,,,,,,,,,,,
1914,2.4738065354669185,,,,,,,,6.6638126733491685,,,,,,,,,,,,
1915,22.605412277057063,,,,,,,,15.62916467405199,,,,,,,,,,,,
1916,4.4122950105657575,,,,,,,,30.84655019315995,,,,,,,,,,,,
1917,14.766290915009508,,,,,,,,24.096273283808603,,,,,,,,,,,,
1918,7.636839514970387,,,,,,,,7.214723588625733,,,,,,,,,,,,
1919,0.0,,,,,,,,7.636839514970387,,,,,,,,,,,,
1920,0.3875205621218416,,,,,,,,30.84655019315995,,,,,,,,,,,,
1921,19.475475519715715,,,,,,,,18.48749937972313,,,,,,,,,,,,
1922,3.019826188625797,,,,,,,,14.766290915009508,,,,,,,,,,,,
1923,7.214723588625733,,,,,,,,23.506400766370884,,,,,,,,,,,,
1924,0.0,,,,,,,,21.78474162555651,,,,,,,,,,,,
1925,0.0,,,,,,,,15.62916467405199,,,,,,,,,,,,
1926,6.695988109199242,,,,,,,,0.0,,,,,,,,,,,,
1927,7.303284211370131,,,,,,,,25.37758507530136,,,,,,,,,,,,
1928,0.0,,,,,,,,4.684076296780081,,,,,,,,,,,,
1929,21.78474162555651,,,,,,,,19.928059826584818,,,,,,,,,,,,
1930,4.684076296780081,,,,,,,,35.42089162718143,,,,,,,,,,,,
1931,2.4738065354669185,,,,,,,,12.168520853819318,,,,,,,,,,,,
1932,15.387513335715358,,,,,,,,10.10773827919754,,,,,,,,,,,,
1933,20.529699872170056,,,,,,,,13.122125031663854,,,,,,,,,,,,
1934,23.48102650802713,,,,,,,,19.33819485367601,,,,,,,,,,,,
1935,19.33819485367601,,,,,,,,35.33996940893572,,,,,,,,,,,,
1936,11.78638552689354,,,,,,,,16.309933146173606,,,,,,,,,,,,
1937,12.91840164854206,,,,,,,,9.609022441666976,,,,,,,,,,,,
1938,6.6638126733491685,,,,,,,,7.636839514970387,,,,,,,,,,,,
1939,19.556030934237143,,,,,,,,16.58709423727748,,,,,,,,,,,,
1940,0.5637143564423058,,,,,,,,23.794557789246088,,,,,,,,,,,,
1941,16.309933146173606,,,,,,,,10.2059905448889,,,,,,,,,,,,
1942,23.48102650802713,,,,,,,,23.506400766370884,,,,,,,,,,,,
1943,0.0,,,,,,,,15.640142575301091,,,,,,,,,,,,
1944,7.636839514970387,,,,,,,,14.766290915009508,,,,,,,,,,,,
1945,3.019826188625797,,,,,,,,14.217796772632587,,,,,,,,,,,,
1946,15.387513335715358,,,,,,,,17.051458953753407,,,,,,,,,,,,
1947,20.529699872170056,,,,,,,,22.32342602826597,,,,,,,,,,,,
1948,14.766290915009508,,,,,,,,15.738809175555858,,,,,,,,,,,,
1949,4.684076296780081,,,,,,,,6.6638126733491685,,,,,,,,,,,,
1950,6.145876795489233,,,,,,,,12.568579977111256,,,,,,,,,,,,
1951,7.214723588625733,,,,,,,,24.740517465640632,,,,,,,,,,,,
1952,0.0,,,,,,,,13.885264645874624,,,,,,,,,,,,
1953,0.5637143564423058,,,,,,,,13.122125031663854,,,,,,,,,,,,
1954,0.0,,,,,,,,33.4923351733518,,,,,,,,,,,,
1955,4.4122950105657575,,,,,,,,10.228968202597086,,,,,,,,,,,,
1956,0.0,,,,,,,,14.135742940017568,,,,,,,,,,,,
1957,21.78474162555651,,,,,,,,9.609022441666976,,,,,,,,,,,,
1958,6.6638126733491685,,,,,,,,24.740517465640632,,,,,,,,,,,,
1959,7.303284211370131,,,,,,,,12.568579977111256,,,,,,,,,,,,
1960,12.91840164854206,,,,,,,,16.309933146173606,,,,,,,,,,,,
1961,11.78638552689354,,,,,,,,7.636839514970387,,,,,,,,,,,,
1962,13.692396515733597,,,,,,,,17.051458953753407,,,,,,,,,,,,
1963,25.75988621150465,,,,,,,,10.2059905448889,,,,,,,,,,,,
1964,2.4738065354669185,,,,,,,,10.228968202597086,,,,,,,,,,,,
1965,0.7750411242436831,,,,,,,,15.640142575301091,,,,,,,,,,,,
1966,19.5387106992408,,,,,,,,14.766290915009508,,,,,,,,,,,,
1967,16.58709423727748,,,,,,,,23.506400766370884,,,,,,,,,,,,
1968,3.019826188625797,,,,,,,,16.46855708347967,,,,,,,,,,,,
1969,7.636839514970387,,,,,,,,15.738809175555858,,,,,,,,,,,,
1970,6.145876795489233,,,,,,,,19.5387106992408,,,,,,,,,,,,
1971,13.122125031663854,,,,,,,,23.48102650802713,,,,,,,,,,,,
1972,0.0,,,,,,,,6.6638126733491685,,,,,,,,,,,,
1973,0.0,,,,,,,,17.021969500118047,,,,,,,,,,,,
1974,7.303284211370131,,,,,,,,13.00451678171939,,,,,,,,,,,,
1975,0.0,,,,,,,,19.33819485367601,,,,,,,,,,,,
1976,4.684076296780081,,,,,,,,19.556030934237143,,,,,,,,,,,,
1977,6.6638126733491685,,,,,,,,14.766290915009508,,,,,,,,,,,,
1978,0.0,,,,,,,,7.636839514970387,,,,,,,,,,,,
1979,0.5637143564423058,,,,,,,,12.568579977111256,,,,,,,,,,,,
1980,12.854303678485277,,,,,,,,14.217796772632587,,,,,,,,,,,,
1981,4.4122950105657575,,,,,,,,12.920634810148757,,,,,,,,,,,,
1982,7.214723588625733,,,,,,,,10.2059905448889,,,,,,,,,,,,
1983,14.766290915009508,,,,,,,,7.303284211370131,,,,,,,,,,,,
1984,16.309933146173606,,,,,,,,9.622699368355027,,,,,,,,,,,,
1985,18.73381619939377,,,,,,,,21.78474162555651,,,,,,,,,,,,
1986,15.387513335715358,,,,,,,,16.58709423727748,,,,,,,,,,,,
1987,21.78474162555651,,,,,,,,3.1142432624567684,,,,,,,,,,,,
1988,13.00451678171939,,,,,,,,21.557600432922023,,,,,,,,,,,,
1989,12.91840164854206,,,,,,,,13.487612142348269,,,,,,,,,,,,
1990,12.810975872230134,,,,,,,,24.740517465640632,,,,,,,,,,,,
1991,2.4738065354669185,,,,,,,,7.214723588625733,,,,,,,,,,,,
1992,18.297539942569266,,,,,,,,14.817614641745038,,,,,,,,,,,,
1993,18.796005339089724,,,,,,,,13.122125031663854,,,,,,,,,,,,
1994,0.3875205621218416,,,,,,,,23.48102650802713,,,,,,,,,,,,
1995,7.303284211370131,,,,,,,,12.91840164854206,,,,,,,,,,,,
1996,4.4122950105657575,,,,,,,,10.10773827919754,,,,,,,,,,,,
1997,7.636839514970387,,,,,,,,28.48576128802512,,,,,,,,,,,,
1998,6.145876795489233,,,,,,,,,,,,,,,,,,,,
1999,14.766290915009508,,,,,,,,,,,,,,,,,,,,
2000,0.0,,,,,,,,,,,,,,,,,,,,
2001,0.0,,,,,,,,,,,,,,,,,,,,
2002,7.214723588625733,,,,,,,,,,,,,,,,,,,,
2003,0.0,,,,,,,,,,,,,,,,,,,,
2004,4.159399084249441,,,,,,,,,,,,,,,,,,,,
2005,0.0,,,,,,,,,,,,,,,,,,,,
2006,4.684076296780081,,,,,,,,,,,,,,,,,,,,
2007,0.5637143564423058,,,,,,,,,,,,,,,,,,,,
2008,3.019826188625797,,,,,,,,,,,,,,,,,,,,
2009,21.78474162555651,,,,,,,,,,,,,,,,,,,,
2010,17.021969500118047,,,,,,,,,,,,,,,,,,,,
2011,16.309933146173606,,,,,,,,,,,,,,,,,,,,
2012,2.91183195432858,,,,,,,,,,,,,,,,,,,,
2013,15.387513335715358,,,,,,,,,,,,,,,,,,,,
2014,10.295370231090036,,,,,,,,,,,,,,,,,,,,
2015,24.096273283808603,,,,,,,,,,,,,,,,,,,,
2016,23.48102650802713,,,,,,,,,,,,,,,,,,,,
2017,12.91840164854206,,,,,,,,,,,,,,,,,,,,
2018,11.78638552689354,,,,,,,,,,,,,,,,,,,,
2019,6.6638126733491685,,,,,,,,,,,,,,,,,,,,
2020,16.863005510575263,,,,,,,,,,,,,,,,,,,,
2021,0.7750411242436831,,,,,,,,,,,,,,,,,,,,
2022,12.91840164854206,,,,,,,,,,,,,,,,,,,,
2023,7.636839514970387,,,,,,,,,,,,,,,,,,,,
2024,21.78474162555651,,,,,,,,,,,,,,,,,,,,
2025,4.159399084249441,,,,,,,,,,,,,,,,,,,,
2026,0.0,,,,,,,,,,,,,,,,,,,,
2027,4.684076296780081,,,,,,,,,,,,,,,,,,,,
2028,3.019826188625797,,,,,,,,,,,,,,,,,,,,
2029,23.48102650802713,,,,,,,,,,,,,,,,,,,,
2030,0.0,,,,,,,,,,,,,,,,,,,,
2031,0.0,,,,,,,,,,,,,,,,,,,,
2032,0.0,,,,,,,,,,,,,,,,,,,,
2033,0.7750411242436831,,,,,,,,,,,,,,,,,,,,
2034,4.4122950105657575,,,,,,,,,,,,,,,,,,,,
2035,7.214723588625733,,,,,,,,,,,,,,,,,,,,
2036,0.5637143564423058,,,,,,,,,,,,,,,,,,,,
2037,14.766290915009508,,,,,,,,,,,,,,,,,,,,
2038,13.00451678171939,,,,,,,,,,,,,,,,,,,,
2039,2.91183195432858,,,,,,,,,,,,,,,,,,,,
2040,10.295370231090036,,,,,,,,,,,,,,,,,,,,
2041,15.387513335715358,,,,,,,,,,,,,,,,,,,,
2042,7.303284211370131,,,,,,,,,,,,,,,,,,,,
2043,6.145876795489233,,,,,,,,,,,,,,,,,,,,
2044,17.021969500118047,,,,,,,,,,,,,,,,,,,,
2045,6.6638126733491685,,,,,,,,,,,,,,,,,,,,
2046,16.863005510575263,,,,,,,,,,,,,,,,,,,,
2047,24.096273283808603,,,,,,,,,,,,,,,,,,,,
2048,16.309933146173606,,,,,,,,,,,,,,,,,,,,
2049,0.3875205621218416,,,,,,,,,,,,,,,,,,,,
2050,7.636839514970387,,,,,,,,,,,,,,,,,,,,
2051,14.766290915009508,,,,,,,,,,,,,,,,,,,,
2052,0.0,,,,,,,,,,,,,,,,,,,,
2053,18.86868573424546,,,,,,,,,,,,,,,,,,,,
2054,3.019826188625797,,,,,,,,,,,,,,,,,,,,
2055,17.48709492435968,,,,,,,,,,,,,,,,,,,,
2056,4.684076296780081,,,,,,,,,,,,,,,,,,,,
2057,18.73381619939377,,,,,,,,,,,,,,,,,,,,
2058,0.0,,,,,,,,,,,,,,,,,,,,
2059,7.214723588625733,,,,,,,,,,,,,,,,,,,,
2060,6.325499006824784,,,,,,,,,,,,,,,,,,,,
2061,6.695988109199242,,,,,,,,,,,,,,,,,,,,
2062,2.531591649934698,,,,,,,,,,,,,,,,,,,,
2063,0.0,,,,,,,,,,,,,,,,,,,,
2064,0.0,,,,,,,,,,,,,,,,,,,,
2065,4.4122950105657575,,,,,,,,,,,,,,,,,,,,
2066,2.4738065354669185,,,,,,,,,,,,,,,,,,,,
2067,7.303284211370131,,,,,,,,,,,,,,,,,,,,
2068,20.529699872170056,,,,,,,,,,,,,,,,,,,,
2069,6.6638126733491685,,,,,,,,,,,,,,,,,,,,
2070,6.640500162492548,,,,,,,,,,,,,,,,,,,,
2071,21.78474162555651,,,,,,,,,,,,,,,,,,,,
2072,11.78638552689354,,,,,,,,,,,,,,,,,,,,
2073,21.90382270514933,,,,,,,,,,,,,,,,,,,,
2074,13.240559959204854,,,,,,,,,,,,,,,,,,,,
2075,16.309933146173606,,,,,,,,,,,,,,,,,,,,
2076,7.636839514970387,,,,,,,,,,,,,,,,,,,,
2077,4.4122950105657575,,,,,,,,,,,,,,,,,,,,
2078,0.0,,,,,,,,,,,,,,,,,,,,
2079,2.4738065354669185,,,,,,,,,,,,,,,,,,,,
2080,7.214723588625733,,,,,,,,,,,,,,,,,,,,
2081,6.6638126733491685,,,,,,,,,,,,,,,,,,,,
2082,0.3875205621218416,,,,,,,,,,,,,,,,,,,,
2083,6.296434248243552,,,,,,,,,,,,,,,,,,,,
2084,0.0,,,,,,,,,,,,,,,,,,,,
2085,4.684076296780081,,,,,,,,,,,,,,,,,,,,
2086,3.019826188625797,,,,,,,,,,,,,,,,,,,,
2087,17.258580837124644,,,,,,,,,,,,,,,,,,,,
2088,0.5637143564423058,,,,,,,,,,,,,,,,,,,,
2089,19.5387106992408,,,,,,,,,,,,,,,,,,,,
2090,0.0,,,,,,,,,,,,,,,,,,,,
2091,0.0,,,,,,,,,,,,,,,,,,,,
2092,14.766290915009508,,,,,,,,,,,,,,,,,,,,
2093,3.9146280024549545,,,,,,,,,,,,,,,,,,,,
2094,21.78474162555651,,,,,,,,,,,,,,,,,,,,
2095,15.387513335715358,,,,,,,,,,,,,,,,,,,,
2096,7.852483660430585,,,,,,,,,,,,,,,,,,,,
2097,7.718285066132156,,,,,,,,,,,,,,,,,,,,
2098,6.145876795489233,,,,,,,,,,,,,,,,,,,,
2099,13.00451678171939,,,,,,,,,,,,,,,,,,,,
2100,12.91840164854206,,,,,,,,,,,,,,,,,,,,
2101,13.439944344951272,,,,,,,,,,,,,,,,,,,,
2102,21.90382270514933,,,,,,,,,,,,,,,,,,,,
2103,16.309933146173606,,,,,,,,,,,,,,,,,,,,
2104,0.0,,,,,,,,,,,,,,,,,,,,
2105,7.693774331048773,,,,,,,,,,,,,,,,,,,,
2106,0.0,,,,,,,,,,,,,,,,,,,,
2107,7.636839514970387,,,,,,,,,,,,,,,,,,,,
2108,6.695988109199242,,,,,,,,,,,,,,,,,,,,
2109,23.48102650802713,,,,,,,,,,,,,,,,,,,,
2110,0.0,,,,,,,,,,,,,,,,,,,,
2111,4.4122950105657575,,,,,,,,,,,,,,,,,,,,
2112,2.4738065354669185,,,,,,,,,,,,,,,,,,,,
2113,9.614503480772356,,,,,,,,,,,,,,,,,,,,
2114,7.303284211370131,,,,,,,,,,,,,,,,,,,,
2115,4.684076296780081,,,,,,,,,,,,,,,,,,,,
2116,14.766290915009508,,,,,,,,,,,,,,,,,,,,
2117,7.214723588625733,,,,,,,,,,,,,,,,,,,,
2118,0.3875205621218416,,,,,,,,,,,,,,,,,,,,
2119,0.0,,,,,,,,,,,,,,,,,,,,
2120,3.019826188625797,,,,,,,,,,,,,,,,,,,,
2121,10.10773827919754,,,,,,,,,,,,,,,,,,,,
2122,20.529699872170056,,,,,,,,,,,,,,,,,,,,
2123,22.605412277057063,,,,,,,,,,,,,,,,,,,,
2124,12.743131698214146,,,,,,,,,,,,,,,,,,,,
2125,21.78474162555651,,,,,,,,,,,,,,,,,,,,
2126,12.91840164854206,,,,,,,,,,,,,,,,,,,,
2127,14.217796772632587,,,,,,,,,,,,,,,,,,,,
2128,19.475475519715715,,,,,,,,,,,,,,,,,,,,
2129,16.309933146173606,,,,,,,,,,,,,,,,,,,,
2130,0.3875205621218416,,,,,,,,,,,,,,,,,,,,
2131,7.214723588625733,,,,,,,,,,,,,,,,,,,,
2132,7.636839514970387,,,,,,,,,,,,,,,,,,,,
2133,6.145876795489233,,,,,,,,,,,,,,,,,,,,
2134,0.0,,,,,,,,,,,,,,,,,,,,
2135,15.387513335715358,,,,,,,,,,,,,,,,,,,,
2136,0.0,,,,,,,,,,,,,,,,,,,,
2137,0.0,,,,,,,,,,,,,,,,,,,,
2138,6.6638126733491685,,,,,,,,,,,,,,,,,,,,
2139,4.684076296780081,,,,,,,,,,,,,,,,,,,,
2140,3.019826188625797,,,,,,,,,,,,,,,,,,,,
2141,19.33819485367601,,,,,,,,,,,,,,,,,,,,
2142,19.475475519715715,,,,,,,,,,,,,,,,,,,,
2143,14.766290915009508,,,,,,,,,,,,,,,,,,,,
2144,12.91840164854206,,,,,,,,,,,,,,,,,,,,
2145,0.0,,,,,,,,,,,,,,,,,,,,
2146,4.4122950105657575,,,,,,,,,,,,,,,,,,,,
2147,21.78474162555651,,,,,,,,,,,,,,,,,,,,
2148,16.309933146173606,,,,,,,,,,,,,,,,,,,,
2149,20.529699872170056,,,,,,,,,,,,,,,,,,,,
2150,7.303284211370131,,,,,,,,,,,,,,,,,,,,
2151,23.48102650802713,,,,,,,,,,,,,,,,,,,,
2152,11.78638552689354,,,,,,,,,,,,,,,,,,,,
2153,2.4738065354669185,,,,,,,,,,,,,,,,,,,,
2154,0.5637143564423058,,,,,,,,,,,,,,,,,,,,
2155,19.556030934237143,,,,,,,,,,,,,,,,,,,,
2156,0.0,,,,,,,,,,,,,,,,,,,,
2157,7.636839514970387,,,,,,,,,,,,,,,,,,,,
2158,4.684076296780081,,,,,,,,,,,,,,,,,,,,
2159,0.0,,,,,,,,,,,,,,,,,,,,
2160,4.159399084249441,,,,,,,,,,,,,,,,,,,,
2161,0.0,,,,,,,,,,,,,,,,,,,,
2162,7.303284211370131,,,,,,,,,,,,,,,,,,,,
2163,2.91183195432858,,,,,,,,,,,,,,,,,,,,
2164,4.4122950105657575,,,,,,,,,,,,,,,,,,,,
2165,0.0,,,,,,,,,,,,,,,,,,,,
2166,23.48102650802713,,,,,,,,,,,,,,,,,,,,
2167,6.695988109199242,,,,,,,,,,,,,,,,,,,,
2168,0.3875205621218416,,,,,,,,,,,,,,,,,,,,
2169,3.019826188625797,,,,,,,,,,,,,,,,,,,,
2170,14.766290915009508,,,,,,,,,,,,,,,,,,,,
2171,12.91840164854206,,,,,,,,,,,,,,,,,,,,
2172,16.309933146173606,,,,,,,,,,,,,,,,,,,,
2173,2.960144946582118,,,,,,,,,,,,,,,,,,,,
2174,9.609022441666976,,,,,,,,,,,,,,,,,,,,
2175,16.863005510575263,,,,,,,,,,,,,,,,,,,,
2176,15.387513335715358,,,,,,,,,,,,,,,,,,,,
2177,20.529699872170056,,,,,,,,,,,,,,,,,,,,
2178,9.505558746815316,,,,,,,,,,,,,,,,,,,,
2179,10.213763986295696,,,,,,,,,,,,,,,,,,,,
2180,10.295370231090036,,,,,,,,,,,,,,,,,,,,
2181,6.6638126733491685,,,,,,,,,,,,,,,,,,,,
2182,0.5637143564423058,,,,,,,,,,,,,,,,,,,,
2183,22.254640950592783,,,,,,,,,,,,,,,,,,,,
2184,7.636839514970387,,,,,,,,,,,,,,,,,,,,
2185,0.0,,,,,,,,,,,,,,,,,,,,
2186,0.0,,,,,,,,,,,,,,,,,,,,
2187,16.309933146173606,,,,,,,,,,,,,,,,,,,,
2188,25.75988621150465,,,,,,,,,,,,,,,,,,,,
2189,0.0,,,,,,,,,,,,,,,,,,,,
2190,4.684076296780081,,,,,,,,,,,,,,,,,,,,
2191,4.4122950105657575,,,,,,,,,,,,,,,,,,,,
2192,6.145876795489233,,,,,,,,,,,,,,,,,,,,
2193,14.766290915009508,,,,,,,,,,,,,,,,,,,,
2194,7.214723588625733,,,,,,,,,,,,,,,,,,,,
2195,0.0,,,,,,,,,,,,,,,,,,,,
2196,21.78474162555651,,,,,,,,,,,,,,,,,,,,
2197,23.48102650802713,,,,,,,,,,,,,,,,,,,,
2198,3.019826188625797,,,,,,,,,,,,,,,,,,,,
2199,6.6638126733491685,,,,,,,,,,,,,,,,,,,,
2200,15.387513335715358,,,,,,,,,,,,,,,,,,,,
2201,2.91183195432858,,,,,,,,,,,,,,,,,,,,
2202,7.303284211370131,,,,,,,,,,,,,,,,,,,,
2203,20.529699872170056,,,,,,,,,,,,,,,,,,,,
2204,13.692396515733597,,,,,,,,,,,,,,,,,,,,
2205,12.91840164854206,,,,,,,,,,,,,,,,,,,,
2206,11.78638552689354,,,,,,,,,,,,,,,,,,,,
2207,0.5637143564423058,,,,,,,,,,,,,,,,,,,,
2208,0.3875205621218416,,,,,,,,,,,,,,,,,,,,
2209,19.5387106992408,,,,,,,,,,,,,,,,,,,,
2210,4.684076296780081,,,,,,,,,,,,,,,,,,,,
2211,7.636839514970387,,,,,,,,,,,,,,,,,,,,
2212,3.019826188625797,,,,,,,,,,,,,,,,,,,,
2213,12.91840164854206,,,,,,,,,,,,,,,,,,,,
2214,0.3875205621218416,,,,,,,,,,,,,,,,,,,,
2215,6.145876795489233,,,,,,,,,,,,,,,,,,,,
2216,0.0,,,,,,,,,,,,,,,,,,,,
2217,10.718138120340267,,,,,,,,,,,,,,,,,,,,
2218,0.0,,,,,,,,,,,,,,,,,,,,
2219,21.78474162555651,,,,,,,,,,,,,,,,,,,,
2220,4.4122950105657575,,,,,,,,,,,,,,,,,,,,
2221,0.0,,,,,,,,,,,,,,,,,,,,
2222,0.0,,,,,,,,,,,,,,,,,,,,
2223,7.214723588625733,,,,,,,,,,,,,,,,,,,,
2224,14.766290915009508,,,,,,,,,,,,,,,,,,,,
2225,12.810975872230134,,,,,,,,,,,,,,,,,,,,
2226,0.5637143564423058,,,,,,,,,,,,,,,,,,,,
2227,15.765179740553917,,,,,,,,,,,,,,,,,,,,
2228,4.159399084249441,,,,,,,,,,,,,,,,,,,,
2229,15.387513335715358,,,,,,,,,,,,,,,,,,,,
2230,7.303284211370131,,,,,,,,,,,,,,,,,,,,
2231,13.122125031663854,,,,,,,,,,,,,,,,,,,,
2232,18.73381619939377,,,,,,,,,,,,,,,,,,,,
2233,6.6638126733491685,,,,,,,,,,,,,,,,,,,,
2234,11.103780234469802,,,,,,,,,,,,,,,,,,,,
2235,2.4738065354669185,,,,,,,,,,,,,,,,,,,,
2236,13.778669486766512,,,,,,,,,,,,,,,,,,,,
2237,16.309933146173606,,,,,,,,,,,,,,,,,,,,
2238,4.4122950105657575,,,,,,,,,,,,,,,,,,,,
2239,7.636839514970387,,,,,,,,,,,,,,,,,,,,
2240,21.78474162555651,,,,,,,,,,,,,,,,,,,,
2241,0.0,,,,,,,,,,,,,,,,,,,,
2242,0.0,,,,,,,,,,,,,,,,,,,,
2243,0.0,,,,,,,,,,,,,,,,,,,,
2244,12.91840164854206,,,,,,,,,,,,,,,,,,,,
2245,7.303284211370131,,,,,,,,,,,,,,,,,,,,
2246,11.103780234469802,,,,,,,,,,,,,,,,,,,,
2247,0.0,,,,,,,,,,,,,,,,,,,,
2248,7.214723588625733,,,,,,,,,,,,,,,,,,,,
2249,23.48102650802713,,,,,,,,,,,,,,,,,,,,
2250,14.766290915009508,,,,,,,,,,,,,,,,,,,,
2251,3.019826188625797,,,,,,,,,,,,,,,,,,,,
2252,0.3875205621218416,,,,,,,,,,,,,,,,,,,,
2253,2.531591649934698,,,,,,,,,,,,,,,,,,,,
2254,4.159399084249441,,,,,,,,,,,,,,,,,,,,
2255,4.684076296780081,,,,,,,,,,,,,,,,,,,,
2256,16.309933146173606,,,,,,,,,,,,,,,,,,,,
2257,1.5136107339377856,,,,,,,,,,,,,,,,,,,,
2258,20.529699872170056,,,,,,,,,,,,,,,,,,,,
2259,6.325499006824784,,,,,,,,,,,,,,,,,,,,
2260,6.695988109199242,,,,,,,,,,,,,,,,,,,,
2261,14.135742940017568,,,,,,,,,,,,,,,,,,,,
2262,6.6638126733491685,,,,,,,,,,,,,,,,,,,,
2263,2.4738065354669185,,,,,,,,,,,,,,,,,,,,
2264,13.778669486766512,,,,,,,,,,,,,,,,,,,,
2265,19.5387106992408,,,,,,,,,,,,,,,,,,,,
2266,7.303284211370131,,,,,,,,,,,,,,,,,,,,
2267,4.684076296780081,,,,,,,,,,,,,,,,,,,,
2268,4.4122950105657575,,,,,,,,,,,,,,,,,,,,
2269,7.636839514970387,,,,,,,,,,,,,,,,,,,,
2270,0.0,,,,,,,,,,,,,,,,,,,,
2271,0.0,,,,,,,,,,,,,,,,,,,,
2272,14.766290915009508,,,,,,,,,,,,,,,,,,,,
2273,0.0,,,,,,,,,,,,,,,,,,,,
2274,0.0,,,,,,,,,,,,,,,,,,,,
2275,9.609022441666976,,,,,,,,,,,,,,,,,,,,
2276,15.387513335715358,,,,,,,,,,,,,,,,,,,,
2277,23.48102650802713,,,,,,,,,,,,,,,,,,,,
2278,17.021969500118047,,,,,,,,,,,,,,,,,,,,
2279,14.135742940017568,,,,,,,,,,,,,,,,,,,,
2280,3.019826188625797,,,,,,,,,,,,,,,,,,,,
2281,0.3875205621218416,,,,,,,,,,,,,,,,,,,,
2282,2.960144946582118,,,,,,,,,,,,,,,,,,,,
2283,6.6638126733491685,,,,,,,,,,,,,,,,,,,,
2284,16.309933146173606,,,,,,,,,,,,,,,,,,,,
2285,22.605412277057063,,,,,,,,,,,,,,,,,,,,
2286,16.677414431009574,,,,,,,,,,,,,,,,,,,,
2287,6.695988109199242,,,,,,,,,,,,,,,,,,,,
2288,14.217796772632587,,,,,,,,,,,,,,,,,,,,
2289,10.228968202597086,,,,,,,,,,,,,,,,,,,,
2290,2.4738065354669185,,,,,,,,,,,,,,,,,,,,
2291,0.5637143564423058,,,,,,,,,,,,,,,,,,,,
2292,19.21947957931243,,,,,,,,,,,,,,,,,,,,
2293,0.3875205621218416,,,,,,,,,,,,,,,,,,,,
2294,23.48102650802713,,,,,,,,,,,,,,,,,,,,
2295,2.4738065354669185,,,,,,,,,,,,,,,,,,,,
2296,0.0,,,,,,,,,,,,,,,,,,,,
2297,0.0,,,,,,,,,,,,,,,,,,,,
2298,7.636839514970387,,,,,,,,,,,,,,,,,,,,
2299,4.684076296780081,,,,,,,,,,,,,,,,,,,,
2300,0.0,,,,,,,,,,,,,,,,,,,,
2301,13.685713129915136,,,,,,,,,,,,,,,,,,,,
2302,7.214723588625733,,,,,,,,,,,,,,,,,,,,
2303,20.529699872170056,,,,,,,,,,,,,,,,,,,,
2304,14.766290915009508,,,,,,,,,,,,,,,,,,,,
2305,3.019826188625797,,,,,,,,,,,,,,,,,,,,
2306,0.0,,,,,,,,,,,,,,,,,,,,
2307,21.78474162555651,,,,,,,,,,,,,,,,,,,,
2308,4.4122950105657575,,,,,,,,,,,,,,,,,,,,
2309,12.91840164854206,,,,,,,,,,,,,,,,,,,,
2310,4.159399084249441,,,,,,,,,,,,,,,,,,,,
2311,16.58709423727748,,,,,,,,,,,,,,,,,,,,
2312,6.6638126733491685,,,,,,,,,,,,,,,,,,,,
2313,15.387513335715358,,,,,,,,,,,,,,,,,,,,
2314,7.303284211370131,,,,,,,,,,,,,,,,,,,,
2315,13.692396515733597,,,,,,,,,,,,,,,,,,,,
2316,6.145876795489233,,,,,,,,,,,,,,,,,,,,
2317,11.78638552689354,,,,,,,,,,,,,,,,,,,,
2318,0.5637143564423058,,,,,,,,,,,,,,,,,,,,
2319,19.475475519715715,,,,,,,,,,,,,,,,,,,,
2320,7.636839514970387,,,,,,,,,,,,,,,,,,,,
2321,2.960144946582118,,,,,,,,,,,,,,,,,,,,
2322,2.830579076499756,,,,,,,,,,,,,,,,,,,,
2323,2.4738065354669185,,,,,,,,,,,,,,,,,,,,
2324,0.0,,,,,,,,,,,,,,,,,,,,
2325,3.019826188625797,,,,,,,,,,,,,,,,,,,,
2326,20.19224037220459,,,,,,,,,,,,,,,,,,,,
2327,0.0,,,,,,,,,,,,,,,,,,,,
2328,13.584427309904624,,,,,,,,,,,,,,,,,,,,
2329,14.766290915009508,,,,,,,,,,,,,,,,,,,,
2330,0.0,,,,,,,,,,,,,,,,,,,,
2331,16.677414431009574,,,,,,,,,,,,,,,,,,,,
2332,1.6866616882544527,,,,,,,,,,,,,,,,,,,,
2333,0.0,,,,,,,,,,,,,,,,,,,,
2334,19.21947957931243,,,,,,,,,,,,,,,,,,,,
2335,0.3875205621218416,,,,,,,,,,,,,,,,,,,,
2336,4.4122950105657575,,,,,,,,,,,,,,,,,,,,
2337,7.109474239758823,,,,,,,,,,,,,,,,,,,,
2338,9.609022441666976,,,,,,,,,,,,,,,,,,,,
2339,11.78638552689354,,,,,,,,,,,,,,,,,,,,
2340,15.387513335715358,,,,,,,,,,,,,,,,,,,,
2341,7.055583487765243,,,,,,,,,,,,,,,,,,,,
2342,13.692396515733597,,,,,,,,,,,,,,,,,,,,
2343,7.852483660430585,,,,,,,,,,,,,,,,,,,,
2344,5.545419653542792,,,,,,,,,,,,,,,,,,,,
2345,6.695988109199242,,,,,,,,,,,,,,,,,,,,
2346,17.021969500118047,,,,,,,,,,,,,,,,,,,,
2347,0.5637143564423058,,,,,,,,,,,,,,,,,,,,
2348,16.58709423727748,,,,,,,,,,,,,,,,,,,,
2349,23.48102650802713,,,,,,,,,,,,,,,,,,,,
2350,4.4122950105657575,,,,,,,,,,,,,,,,,,,,
2351,14.766290915009508,,,,,,,,,,,,,,,,,,,,
2352,7.636839514970387,,,,,,,,,,,,,,,,,,,,
2353,0.0,,,,,,,,,,,,,,,,,,,,
2354,0.0,,,,,,,,,,,,,,,,,,,,
2355,0.0,,,,,,,,,,,,,,,,,,,,
2356,4.684076296780081,,,,,,,,,,,,,,,,,,,,
2357,15.387513335715358,,,,,,,,,,,,,,,,,,,,
2358,3.019826188625797,,,,,,,,,,,,,,,,,,,,
2359,0.3875205621218416,,,,,,,,,,,,,,,,,,,,
2360,0.0,,,,,,,,,,,,,,,,,,,,
2361,16.309933146173606,,,,,,,,,,,,,,,,,,,,
2362,7.214723588625733,,,,,,,,,,,,,,,,,,,,
2363,2.4738065354669185,,,,,,,,,,,,,,,,,,,,
2364,4.159399084249441,,,,,,,,,,,,,,,,,,,,
2365,11.78638552689354,,,,,,,,,,,,,,,,,,,,
2366,12.91840164854206,,,,,,,,,,,,,,,,,,,,
2367,7.303284211370131,,,,,,,,,,,,,,,,,,,,
2368,21.78474162555651,,,,,,,,,,,,,,,,,,,,
2369,6.145876795489233,,,,,,,,,,,,,,,,,,,,
2370,17.021969500118047,,,,,,,,,,,,,,,,,,,,
2371,6.6638126733491685,,,,,,,,,,,,,,,,,,,,
2372,13.692396515733597,,,,,,,,,,,,,,,,,,,,
2373,13.685713129915136,,,,,,,,,,,,,,,,,,,,
2374,0.5637143564423058,,,,,,,,,,,,,,,,,,,,
2375,24.096273283808603,,,,,,,,,,,,,,,,,,,,
2376,21.78474162555651,,,,,,,,,,,,,,,,,,,,
2377,3.019826188625797,,,,,,,,,,,,,,,,,,,,
2378,7.636839514970387,,,,,,,,,,,,,,,,,,,,
2379,15.387513335715358,,,,,,,,,,,,,,,,,,,,
2380,14.766290915009508,,,,,,,,,,,,,,,,,,,,
2381,0.0,,,,,,,,,,,,,,,,,,,,
2382,6.145876795489233,,,,,,,,,,,,,,,,,,,,
2383,0.3875205621218416,,,,,,,,,,,,,,,,,,,,
2384,0.0,,,,,,,,,,,,,,,,,,,,
2385,4.684076296780081,,,,,,,,,,,,,,,,,,,,
2386,7.214723588625733,,,,,,,,,,,,,,,,,,,,
2387,0.0,,,,,,,,,,,,,,,,,,,,
2388,2.4738065354669185,,,,,,,,,,,,,,,,,,,,
2389,0.0,,,,,,,,,,,,,,,,,,,,
2390,0.5637143564423058,,,,,,,,,,,,,,,,,,,,
2391,4.4122950105657575,,,,,,,,,,,,,,,,,,,,
2392,6.6638126733491685,,,,,,,,,,,,,,,,,,,,
2393,20.529699872170056,,,,,,,,,,,,,,,,,,,,
2394,19.475475519715715,,,,,,,,,,,,,,,,,,,,
2395,7.852483660430585,,,,,,,,,,,,,,,,,,,,
2396,23.48102650802713,,,,,,,,,,,,,,,,,,,,
2397,14.135742940017568,,,,,,,,,,,,,,,,,,,,
2398,12.91840164854206,,,,,,,,,,,,,,,,,,,,
2399,22.605412277057063,,,,,,,,,,,,,,,,,,,,
2400,13.778669486766512,,,,,,,,,,,,,,,,,,,,
2401,16.309933146173606,,,,,,,,,,,,,,,,,,,,
2402,0.3875205621218416,,,,,,,,,,,,,,,,,,,,
2403,13.584427309904624,,,,,,,,,,,,,,,,,,,,
2404,7.636839514970387,,,,,,,,,,,,,,,,,,,,
2405,7.303284211370131,,,,,,,,,,,,,,,,,,,,
2406,2.4738065354669185,,,,,,,,,,,,,,,,,,,,
2407,0.0,,,,,,,,,,,,,,,,,,,,
2408,13.122125031663854,,,,,,,,,,,,,,,,,,,,
2409,3.019826188625797,,,,,,,,,,,,,,,,,,,,
2410,0.0,,,,,,,,,,,,,,,,,,,,
2411,0.0,,,,,,,,,,,,,,,,,,,,
2412,6.6638126733491685,,,,,,,,,,,,,,,,,,,,
2413,9.609022441666976,,,,,,,,,,,,,,,,,,,,
2414,14.766290915009508,,,,,,,,,,,,,,,,,,,,
2415,4.4122950105657575,,,,,,,,,,,,,,,,,,,,
2416,0.0,,,,,,,,,,,,,,,,,,,,
2417,5.585045100152804,,,,,,,,,,,,,,,,,,,,
2418,1.6866616882544527,,,,,,,,,,,,,,,,,,,,
2419,2.960144946582118,,,,,,,,,,,,,,,,,,,,
2420,5.545419653542792,,,,,,,,,,,,,,,,,,,,
2421,6.325499006824784,,,,,,,,,,,,,,,,,,,,
2422,21.284242444485383,,,,,,,,,,,,,,,,,,,,
2423,6.145876795489233,,,,,,,,,,,,,,,,,,,,
2424,8.762535575714049,,,,,,,,,,,,,,,,,,,,
2425,18.796005339089724,,,,,,,,,,,,,,,,,,,,
2426,11.78638552689354,,,,,,,,,,,,,,,,,,,,
2427,14.564940117055428,,,,,,,,,,,,,,,,,,,,
2428,2.531591649934698,,,,,,,,,,,,,,,,,,,,
2429,22.085315416350745,,,,,,,,,,,,,,,,,,,,
2430,16.309933146173606,,,,,,,,,,,,,,,,,,,,
2431,7.636839514970387,,,,,,,,,,,,,,,,,,,,
2432,3.019826188625797,,,,,,,,,,,,,,,,,,,,
2433,0.3875205621218416,,,,,,,,,,,,,,,,,,,,
2434,0.0,,,,,,,,,,,,,,,,,,,,
2435,0.0,,,,,,,,,,,,,,,,,,,,
2436,14.766290915009508,,,,,,,,,,,,,,,,,,,,
2437,0.0,,,,,,,,,,,,,,,,,,,,
2438,13.584427309904624,,,,,,,,,,,,,,,,,,,,
2439,0.0,,,,,,,,,,,,,,,,,,,,
2440,0.5637143564423058,,,,,,,,,,,,,,,,,,,,
2441,4.4122950105657575,,,,,,,,,,,,,,,,,,,,
2442,7.214723588625733,,,,,,,,,,,,,,,,,,,,
2443,4.684076296780081,,,,,,,,,,,,,,,,,,,,
2444,20.529699872170056,,,,,,,,,,,,,,,,,,,,
2445,2.4738065354669185,,,,,,,,,,,,,,,,,,,,
2446,15.387513335715358,,,,,,,,,,,,,,,,,,,,
2447,7.303284211370131,,,,,,,,,,,,,,,,,,,,
2448,19.475475519715715,,,,,,,,,,,,,,,,,,,,
2449,21.78474162555651,,,,,,,,,,,,,,,,,,,,
2450,6.145876795489233,,,,,,,,,,,,,,,,,,,,
2451,9.798907685703794,,,,,,,,,,,,,,,,,,,,
2452,9.59647798162202,,,,,,,,,,,,,,,,,,,,
2453,14.135742940017568,,,,,,,,,,,,,,,,,,,,
2454,20.53682012856528,,,,,,,,,,,,,,,,,,,,
2455,6.6638126733491685,,,,,,,,,,,,,,,,,,,,
2456,13.778669486766512,,,,,,,,,,,,,,,,,,,,
2457,16.309933146173606,,,,,,,,,,,,,,,,,,,,
2458,3.019826188625797,,,,,,,,,,,,,,,,,,,,
2459,7.636839514970387,,,,,,,,,,,,,,,,,,,,
2460,16.309933146173606,,,,,,,,,,,,,,,,,,,,
2461,0.0,,,,,,,,,,,,,,,,,,,,
2462,7.303284211370131,,,,,,,,,,,,,,,,,,,,
2463,0.0,,,,,,,,,,,,,,,,,,,,
2464,4.684076296780081,,,,,,,,,,,,,,,,,,,,
2465,11.78638552689354,,,,,,,,,,,,,,,,,,,,
2466,0.0,,,,,,,,,,,,,,,,,,,,
2467,0.0,,,,,,,,,,,,,,,,,,,,
2468,9.609022441666976,,,,,,,,,,,,,,,,,,,,
2469,10.718138120340267,,,,,,,,,,,,,,,,,,,,
2470,4.4122950105657575,,,,,,,,,,,,,,,,,,,,
2471,24.35353746150947,,,,,,,,,,,,,,,,,,,,
2472,14.766290915009508,,,,,,,,,,,,,,,,,,,,
2473,2.960144946582118,,,,,,,,,,,,,,,,,,,,
2474,18.73381619939377,,,,,,,,,,,,,,,,,,,,
2475,19.33819485367601,,,,,,,,,,,,,,,,,,,,
2476,8.879516379871745,,,,,,,,,,,,,,,,,,,,
2477,6.145876795489233,,,,,,,,,,,,,,,,,,,,
2478,13.122125031663854,,,,,,,,,,,,,,,,,,,,
2479,6.6638126733491685,,,,,,,,,,,,,,,,,,,,
2480,12.810975872230134,,,,,,,,,,,,,,,,,,,,
2481,2.4738065354669185,,,,,,,,,,,,,,,,,,,,
2482,19.556030934237143,,,,,,,,,,,,,,,,,,,,
2483,15.954237851316806,,,,,,,,,,,,,,,,,,,,
2484,0.3875205621218416,,,,,,,,,,,,,,,,,,,,
2485,0.0,,,,,,,,,,,,,,,,,,,,
2486,7.636839514970387,,,,,,,,,,,,,,,,,,,,
2487,6.145876795489233,,,,,,,,,,,,,,,,,,,,
2488,0.0,,,,,,,,,,,,,,,,,,,,
2489,10.213763986295696,,,,,,,,,,,,,,,,,,,,
2490,5.585045100152804,,,,,,,,,,,,,,,,,,,,
2491,0.0,,,,,,,,,,,,,,,,,,,,
2492,4.4122950105657575,,,,,,,,,,,,,,,,,,,,
2493,21.90382270514933,,,,,,,,,,,,,,,,,,,,
2494,13.584427309904624,,,,,,,,,,,,,,,,,,,,
2495,7.214723588625733,,,,,,,,,,,,,,,,,,,,
2496,1.6866616882544527,,,,,,,,,,,,,,,,,,,,
2497,0.0,,,,,,,,,,,,,,,,,,,,
2498,0.3875205621218416,,,,,,,,,,,,,,,,,,,,
2499,3.019826188625797,,,,,,,,,,,,,,,,,,,,
2500,14.766290915009508,,,,,,,,,,,,,,,,,,,,
2501,3.9146280024549545,,,,,,,,,,,,,,,,,,,,
2502,12.8345458173897,,,,,,,,,,,,,,,,,,,,
2503,6.325499006824784,,,,,,,,,,,,,,,,,,,,
2504,7.303284211370131,,,,,,,,,,,,,,,,,,,,
2505,17.021969500118047,,,,,,,,,,,,,,,,,,,,
2506,14.472943482932685,,,,,,,,,,,,,,,,,,,,
2507,8.762535575714049,,,,,,,,,,,,,,,,,,,,
2508,6.6638126733491685,,,,,,,,,,,,,,,,,,,,
2509,13.439944344951272,,,,,,,,,,,,,,,,,,,,
2510,2.4738065354669185,,,,,,,,,,,,,,,,,,,,
2511,2.531591649934698,,,,,,,,,,,,,,,,,,,,
2512,19.45657986188665,,,,,,,,,,,,,,,,,,,,
2513,16.58709423727748,,,,,,,,,,,,,,,,,,,,
2514,6.6638126733491685,,,,,,,,,,,,,,,,,,,,
2515,7.636839514970387,,,,,,,,,,,,,,,,,,,,
2516,0.3875205621218416,,,,,,,,,,,,,,,,,,,,
2517,6.145876795489233,,,,,,,,,,,,,,,,,,,,
2518,3.019826188625797,,,,,,,,,,,,,,,,,,,,
2519,0.0,,,,,,,,,,,,,,,,,,,,
2520,7.214723588625733,,,,,,,,,,,,,,,,,,,,
2521,16.309933146173606,,,,,,,,,,,,,,,,,,,,
2522,0.0,,,,,,,,,,,,,,,,,,,,
2523,6.325499006824784,,,,,,,,,,,,,,,,,,,,
2524,14.472943482932685,,,,,,,,,,,,,,,,,,,,
2525,14.766290915009508,,,,,,,,,,,,,,,,,,,,
2526,11.103780234469802,,,,,,,,,,,,,,,,,,,,
2527,0.0,,,,,,,,,,,,,,,,,,,,
2528,4.684076296780081,,,,,,,,,,,,,,,,,,,,
2529,0.0,,,,,,,,,,,,,,,,,,,,
2530,15.871740542685414,,,,,,,,,,,,,,,,,,,,
2531,4.4122950105657575,,,,,,,,,,,,,,,,,,,,
2532,4.159399084249441,,,,,,,,,,,,,,,,,,,,
2533,14.135742940017568,,,,,,,,,,,,,,,,,,,,
2534,23.48102650802713,,,,,,,,,,,,,,,,,,,,
2535,16.677414431009574,,,,,,,,,,,,,,,,,,,,
2536,2.91183195432858,,,,,,,,,,,,,,,,,,,,
2537,7.303284211370131,,,,,,,,,,,,,,,,,,,,
2538,17.021969500118047,,,,,,,,,,,,,,,,,,,,
2539,14.217796772632587,,,,,,,,,,,,,,,,,,,,
2540,2.531591649934698,,,,,,,,,,,,,,,,,,,,
2541,12.8345458173897,,,,,,,,,,,,,,,,,,,,
2542,0.0,,,,,,,,,,,,,,,,,,,,
2543,15.387513335715358,,,,,,,,,,,,,,,,,,,,
2544,7.636839514970387,,,,,,,,,,,,,,,,,,,,
2545,6.6638126733491685,,,,,,,,,,,,,,,,,,,,
2546,7.303284211370131,,,,,,,,,,,,,,,,,,,,
2547,3.019826188625797,,,,,,,,,,,,,,,,,,,,
2548,2.4738065354669185,,,,,,,,,,,,,,,,,,,,
2549,7.214723588625733,,,,,,,,,,,,,,,,,,,,
2550,20.529699872170056,,,,,,,,,,,,,,,,,,,,
2551,23.48102650802713,,,,,,,,,,,,,,,,,,,,
2552,0.0,,,,,,,,,,,,,,,,,,,,
2553,0.0,,,,,,,,,,,,,,,,,,,,
2554,12.91840164854206,,,,,,,,,,,,,,,,,,,,
2555,0.3875205621218416,,,,,,,,,,,,,,,,,,,,
2556,4.4122950105657575,,,,,,,,,,,,,,,,,,,,
2557,0.5637143564423058,,,,,,,,,,,,,,,,,,,,
2558,0.0,,,,,,,,,,,,,,,,,,,,
2559,14.766290915009508,,,,,,,,,,,,,,,,,,,,
2560,4.684076296780081,,,,,,,,,,,,,,,,,,,,
2561,10.213763986295696,,,,,,,,,,,,,,,,,,,,
2562,16.58709423727748,,,,,,,,,,,,,,,,,,,,
2563,4.159399084249441,,,,,,,,,,,,,,,,,,,,
2564,6.145876795489233,,,,,,,,,,,,,,,,,,,,
2565,21.78474162555651,,,,,,,,,,,,,,,,,,,,
2566,10.295370231090036,,,,,,,,,,,,,,,,,,,,
2567,16.863005510575263,,,,,,,,,,,,,,,,,,,,
2568,22.254640950592783,,,,,,,,,,,,,,,,,,,,
2569,4.4122950105657575,,,,,,,,,,,,,,,,,,,,
2570,7.636839514970387,,,,,,,,,,,,,,,,,,,,
2571,21.90382270514933,,,,,,,,,,,,,,,,,,,,
2572,6.6638126733491685,,,,,,,,,,,,,,,,,,,,
2573,0.0,,,,,,,,,,,,,,,,,,,,
2574,0.0,,,,,,,,,,,,,,,,,,,,
2575,4.684076296780081,,,,,,,,,,,,,,,,,,,,
2576,13.122125031663854,,,,,,,,,,,,,,,,,,,,
2577,11.78638552689354,,,,,,,,,,,,,,,,,,,,
2578,0.0,,,,,,,,,,,,,,,,,,,,
2579,0.0,,,,,,,,,,,,,,,,,,,,
2580,16.309933146173606,,,,,,,,,,,,,,,,,,,,
2581,6.145876795489233,,,,,,,,,,,,,,,,,,,,
2582,7.303284211370131,,,,,,,,,,,,,,,,,,,,
2583,14.766290915009508,,,,,,,,,,,,,,,,,,,,
2584,3.019826188625797,,,,,,,,,,,,,,,,,,,,
2585,12.91840164854206,,,,,,,,,,,,,,,,,,,,
2586,21.78474162555651,,,,,,,,,,,,,,,,,,,,
2587,15.387513335715358,,,,,,,,,,,,,,,,,,,,
2588,7.214723588625733,,,,,,,,,,,,,,,,,,,,
2589,3.9146280024549545,,,,,,,,,,,,,,,,,,,,
2590,12.810975872230134,,,,,,,,,,,,,,,,,,,,
2591,13.439944344951272,,,,,,,,,,,,,,,,,,,,
2592,12.511370528491298,,,,,,,,,,,,,,,,,,,,
2593,10.718138120340267,,,,,,,,,,,,,,,,,,,,
2594,2.4738065354669185,,,,,,,,,,,,,,,,,,,,
2595,0.5637143564423058,,,,,,,,,,,,,,,,,,,,
2596,0.3875205621218416,,,,,,,,,,,,,,,,,,,,
2597,4.4122950105657575,,,,,,,,,,,,,,,,,,,,
2598,7.636839514970387,,,,,,,,,,,,,,,,,,,,
2599,1.6866616882544527,,,,,,,,,,,,,,,,,,,,
2600,0.0,,,,,,,,,,,,,,,,,,,,
2601,13.122125031663854,,,,,,,,,,,,,,,,,,,,
2602,7.303284211370131,,,,,,,,,,,,,,,,,,,,
2603,0.0,,,,,,,,,,,,,,,,,,,,
2604,0.0,,,,,,,,,,,,,,,,,,,,
2605,15.387513335715358,,,,,,,,,,,,,,,,,,,,
2606,6.145876795489233,,,,,,,,,,,,,,,,,,,,
2607,16.309933146173606,,,,,,,,,,,,,,,,,,,,
2608,3.019826188625797,,,,,,,,,,,,,,,,,,,,
2609,0.0,,,,,,,,,,,,,,,,,,,,
2610,7.214723588625733,,,,,,,,,,,,,,,,,,,,
2611,14.766290915009508,,,,,,,,,,,,,,,,,,,,
2612,2.830579076499756,,,,,,,,,,,,,,,,,,,,
2613,13.778669486766512,,,,,,,,,,,,,,,,,,,,
2614,17.610307476759257,,,,,,,,,,,,,,,,,,,,
2615,9.798907685703794,,,,,,,,,,,,,,,,,,,,
2616,5.545419653542792,,,,,,,,,,,,,,,,,,,,
2617,10.718138120340267,,,,,,,,,,,,,,,,,,,,
2618,21.78474162555651,,,,,,,,,,,,,,,,,,,,
2619,14.135742940017568,,,,,,,,,,,,,,,,,,,,
2620,12.810975872230134,,,,,,,,,,,,,,,,,,,,
2621,6.6638126733491685,,,,,,,,,,,,,,,,,,,,
2622,2.4738065354669185,,,,,,,,,,,,,,,,,,,,
2623,0.5637143564423058,,,,,,,,,,,,,,,,,,,,
2624,0.3875205621218416,,,,,,,,,,,,,,,,,,,,
2625,9.606329408819,,,,,,,,,,,,,,,,,,,,
2626,7.214723588625733,,,,,,,,,,,,,,,,,,,,
2627,0.0,,,,,,,,,,,,,,,,,,,,
2628,7.636839514970387,,,,,,,,,,,,,,,,,,,,
2629,13.584427309904624,,,,,,,,,,,,,,,,,,,,
2630,6.145876795489233,,,,,,,,,,,,,,,,,,,,
2631,14.766290915009508,,,,,,,,,,,,,,,,,,,,
2632,8.019453039724247,,,,,,,,,,,,,,,,,,,,
2633,3.019826188625797,,,,,,,,,,,,,,,,,,,,
2634,0.0,,,,,,,,,,,,,,,,,,,,
2635,21.78474162555651,,,,,,,,,,,,,,,,,,,,
2636,11.78638552689354,,,,,,,,,,,,,,,,,,,,
2637,5.585045100152804,,,,,,,,,,,,,,,,,,,,
2638,7.303284211370131,,,,,,,,,,,,,,,,,,,,
2639,0.3875205621218416,,,,,,,,,,,,,,,,,,,,
2640,0.0,,,,,,,,,,,,,,,,,,,,
2641,0.0,,,,,,,,,,,,,,,,,,,,
2642,9.798907685703794,,,,,,,,,,,,,,,,,,,,
2643,1.6866616882544527,,,,,,,,,,,,,,,,,,,,
2644,4.4122950105657575,,,,,,,,,,,,,,,,,,,,
2645,12.124018472046014,,,,,,,,,,,,,,,,,,,,
2646,6.325499006824784,,,,,,,,,,,,,,,,,,,,
2647,3.9146280024549545,,,,,,,,,,,,,,,,,,,,
2648,6.6638126733491685,,,,,,,,,,,,,,,,,,,,
2649,13.122125031663854,,,,,,,,,,,,,,,,,,,,
2650,15.291044274267604,,,,,,,,,,,,,,,,,,,,
2651,2.4738065354669185,,,,,,,,,,,,,,,,,,,,
2652,19.556030934237143,,,,,,,,,,,,,,,,,,,,
2653,7.693774331048773,,,,,,,,,,,,,,,,,,,,
2654,16.309933146173606,,,,,,,,,,,,,,,,,,,,
2655,9.609022441666976,,,,,,,,,,,,,,,,,,,,
2656,7.636839514970387,,,,,,,,,,,,,,,,,,,,
2657,6.145876795489233,,,,,,,,,,,,,,,,,,,,
2658,16.58709423727748,,,,,,,,,,,,,,,,,,,,
2659,0.0,,,,,,,,,,,,,,,,,,,,
2660,11.103780234469802,,,,,,,,,,,,,,,,,,,,
2661,0.0,,,,,,,,,,,,,,,,,,,,
2662,4.684076296780081,,,,,,,,,,,,,,,,,,,,
2663,3.019826188625797,,,,,,,,,,,,,,,,,,,,
2664,0.0,,,,,,,,,,,,,,,,,,,,
2665,14.766290915009508,,,,,,,,,,,,,,,,,,,,
2666,14.217796772632587,,,,,,,,,,,,,,,,,,,,
2667,7.303284211370131,,,,,,,,,,,,,,,,,,,,
2668,0.0,,,,,,,,,,,,,,,,,,,,
2669,4.4122950105657575,,,,,,,,,,,,,,,,,,,,
2670,6.7678802015118205,,,,,,,,,,,,,,,,,,,,
2671,2.960144946582118,,,,,,,,,,,,,,,,,,,,
2672,0.5637143564423058,,,,,,,,,,,,,,,,,,,,
2673,6.6638126733491685,,,,,,,,,,,,,,,,,,,,
2674,15.387513335715358,,,,,,,,,,,,,,,,,,,,
2675,3.2432547405948977,,,,,,,,,,,,,,,,,,,,
2676,4.159399084249441,,,,,,,,,,,,,,,,,,,,
2677,9.505558746815316,,,,,,,,,,,,,,,,,,,,
2678,13.122125031663854,,,,,,,,,,,,,,,,,,,,
2679,18.73381619939377,,,,,,,,,,,,,,,,,,,,
2680,12.91840164854206,,,,,,,,,,,,,,,,,,,,
2681,14.135742940017568,,,,,,,,,,,,,,,,,,,,
2682,8.019453039724247,,,,,,,,,,,,,,,,,,,,
2683,2.4738065354669185,,,,,,,,,,,,,,,,,,,,
2684,0.7750411242436831,,,,,,,,,,,,,,,,,,,,
2685,0.0,,,,,,,,,,,,,,,,,,,,
2686,9.609022441666976,,,,,,,,,,,,,,,,,,,,
2687,0.3875205621218416,,,,,,,,,,,,,,,,,,,,
2688,15.387513335715358,,,,,,,,,,,,,,,,,,,,
2689,7.303284211370131,,,,,,,,,,,,,,,,,,,,
2690,16.309933146173606,,,,,,,,,,,,,,,,,,,,
2691,0.0,,,,,,,,,,,,,,,,,,,,
2692,7.636839514970387,,,,,,,,,,,,,,,,,,,,
2693,4.4122950105657575,,,,,,,,,,,,,,,,,,,,
2694,0.0,,,,,,,,,,,,,,,,,,,,
2695,4.684076296780081,,,,,,,,,,,,,,,,,,,,
2696,10.228968202597086,,,,,,,,,,,,,,,,,,,,
2697,0.0,,,,,,,,,,,,,,,,,,,,
2698,6.145876795489233,,,,,,,,,,,,,,,,,,,,
2699,0.5637143564423058,,,,,,,,,,,,,,,,,,,,
2700,14.766290915009508,,,,,,,,,,,,,,,,,,,,
2701,3.019826188625797,,,,,,,,,,,,,,,,,,,,
2702,16.46855708347967,,,,,,,,,,,,,,,,,,,,
2703,2.960144946582118,,,,,,,,,,,,,,,,,,,,
2704,19.5387106992408,,,,,,,,,,,,,,,,,,,,
2705,23.48102650802713,,,,,,,,,,,,,,,,,,,,
2706,6.6638126733491685,,,,,,,,,,,,,,,,,,,,
2707,17.021969500118047,,,,,,,,,,,,,,,,,,,,
2708,13.00451678171939,,,,,,,,,,,,,,,,,,,,
2709,2.4738065354669185,,,,,,,,,,,,,,,,,,,,
2710,19.33819485367601,,,,,,,,,,,,,,,,,,,,
2711,19.556030934237143,,,,,,,,,,,,,,,,,,,,
2712,14.766290915009508,,,,,,,,,,,,,,,,,,,,
2713,7.636839514970387,,,,,,,,,,,,,,,,,,,,
2714,3.019826188625797,,,,,,,,,,,,,,,,,,,,
2715,2.91183195432858,,,,,,,,,,,,,,,,,,,,
2716,0.3875205621218416,,,,,,,,,,,,,,,,,,,,
2717,0.0,,,,,,,,,,,,,,,,,,,,
2718,0.5637143564423058,,,,,,,,,,,,,,,,,,,,
2719,0.0,,,,,,,,,,,,,,,,,,,,
2720,4.684076296780081,,,,,,,,,,,,,,,,,,,,
2721,7.303284211370131,,,,,,,,,,,,,,,,,,,,
2722,0.0,,,,,,,,,,,,,,,,,,,,
2723,21.78474162555651,,,,,,,,,,,,,,,,,,,,
2724,16.58709423727748,,,,,,,,,,,,,,,,,,,,
2725,0.0,,,,,,,,,,,,,,,,,,,,
2726,13.685713129915136,,,,,,,,,,,,,,,,,,,,
2727,4.4122950105657575,,,,,,,,,,,,,,,,,,,,
2728,15.387513335715358,,,,,,,,,,,,,,,,,,,,
2729,7.214723588625733,,,,,,,,,,,,,,,,,,,,
2730,10.718138120340267,,,,,,,,,,,,,,,,,,,,
2731,13.122125031663854,,,,,,,,,,,,,,,,,,,,
2732,6.145876795489233,,,,,,,,,,,,,,,,,,,,
2733,4.159399084249441,,,,,,,,,,,,,,,,,,,,
2734,18.73381619939377,,,,,,,,,,,,,,,,,,,,
2735,12.91840164854206,,,,,,,,,,,,,,,,,,,,
2736,11.78638552689354,,,,,,,,,,,,,,,,,,,,
2737,6.6638126733491685,,,,,,,,,,,,,,,,,,,,
2738,13.692396515733597,,,,,,,,,,,,,,,,,,,,
2739,12.810975872230134,,,,,,,,,,,,,,,,,,,,
