,odc_locations,fiberlength
0,"(-3.02806, -59.98861)",47.82938631303317
1,"(-3.04194, -59.92889)",48.74367286129842
2,"(-3.08167, -60.01361)",72.09128877161109
3,"(-3.10917, -60.0125)",66.68458406440378
4,"(-3.10306, -60.05083)",116.19547323300017
5,"(-3.09722, -59.99333)",41.51222616661489
6,"(-3.13611, -60.02028)",38.81318079329868
