,odc_locations,capacities
0,"(-3.13361, -60.02083)",630
1,"(-3.1225, -60.00556)",504
2,"(-3.08429, -60.07579)",462
3,"(-3.04194, -59.92889)",546
4,"(-3.08583, -60.01)",924
5,"(-3.10361, -60.02444)",894
