,odc_locations,capacities
0,"(-3.02806, -59.98861)",294
1,"(-3.1225, -60.00556)",588
2,"(-3.04194, -59.92889)",378
3,"(-3.08028, -60.0575)",588
4,"(-3.0875, -60.03222)",432
5,"(-3.08583, -60.01)",714
6,"(-3.11778, -60.0225)",966
