,odc_locations,fiberlength
0,"(-3.02806, -59.98861)",47.82938631303317
1,"(-3.1225, -60.00556)",70.0058857505842
2,"(-3.04194, -59.92889)",48.74367286129842
3,"(-3.08028, -60.0575)",83.24204062319164
4,"(-3.0875, -60.03222)",41.91324613610473
5,"(-3.08583, -60.01)",76.09814277494503
6,"(-3.11778, -60.0225)",102.62487406343452
