,odc_locations,fiberlength
0,"(-3.13361, -60.02083)",43.442297389556025
1,"(-3.02806, -59.98861)",47.82938631303317
2,"(-3.02139, -59.94583)",64.87952352921799
3,"(-3.0875, -60.04028)",132.9629985231199
4,"(-3.08583, -60.01)",129.05656230373293
5,"(-3.11778, -60.0225)",91.02901970626004
