,odc_locations,capacities
0,"(-3.02139, -59.94583)",168
1,"(-3.05444, -59.98361)",294
2,"(-3.10611, -60.0175)",588
3,"(-3.04194, -59.92889)",252
4,"(-3.09222, -60.04556)",978
5,"(-3.13056, -60.02111)",840
6,"(-3.10028, -60.00639)",840
