,odc_locations,fiberlength
0,"(-3.02139, -59.94583)",22.909285786287
1,"(-3.05444, -59.98361)",54.89771300153518
2,"(-3.10611, -60.0175)",43.289042813507976
3,"(-3.04194, -59.92889)",20.874353289938036
4,"(-3.09222, -60.04556)",147.34869683662637
5,"(-3.13056, -60.02111)",63.287655178346185
6,"(-3.10028, -60.00639)",114.7453830874696
