,odc_locations,capacities
0,"(-3.02806, -59.98861)",294
1,"(-3.0875, -60.04028)",852
2,"(-3.04194, -59.92889)",378
3,"(-3.08167, -60.01361)",588
4,"(-3.12611, -60.02361)",924
5,"(-3.10917, -60.0125)",924
