,odc_locations,fiberlength
0,"(-3.0875, -60.04028)",153.1978460850833
1,"(-3.12861, -60.01306)",63.976096496776925
2,"(-3.04194, -59.92889)",48.74367286129842
3,"(-3.11417, -60.01056)",98.04704138659636
4,"(-3.03469, -59.9938)",50.40504360600297
5,"(-3.08778, -60.01694)",85.13001709093294
