,odc_locations,fiberlength
0,"(-5.77833, -35.20194)",254.0576166396449
1,"(-5.831416, -35.204944)",171.59485507348643
2,"(-5.8775, -35.17722)",52.21538999993051
