,odc_locations,fiberlength
0,"(-5.78611, -35.20722)",235.89981647984268
1,"(-5.846722, -35.215472)",211.2406672792255
2,"(-5.81833, -35.19861)",81.75172361907883
