,odc_locations,capacities
0,"(-3.09417, -59.99083)",714
1,"(-3.0875, -60.04028)",516
2,"(-3.10611, -60.0175)",756
3,"(-3.04194, -59.92889)",546
4,"(-3.10306, -60.05083)",588
5,"(-3.13056, -60.02111)",840
