,odc_locations,fiberlength
0,"(-5.87167, -35.18111)",45.613352428889534
1,"(-5.78389, -35.19944)",265.7827537650611
2,"(-5.831416, -35.204944)",162.82526406731722
