,odc_locations,capacities
0,"(-5.87556, -35.18)",504
1,"(-5.77944, -35.19778)",840
2,"(-5.82417, -35.21333)",971
