,odc_locations,capacities
0,"(-3.06472, -60.04361)",516
1,"(-2.97417, -59.99028)",126
2,"(-3.10611, -60.0175)",882
3,"(-3.04194, -59.92889)",420
4,"(-3.08667, -59.99583)",714
5,"(-3.11889, -60.04917)",504
6,"(-3.13056, -60.02111)",798
