,odc_locations,fiberlength
0,"(-3.13361, -60.02083)",54.37339230180777
1,"(-3.10889, -60.00111)",65.88367305497513
2,"(-3.0875, -60.04028)",40.30954741525575
3,"(-3.04194, -59.92889)",48.74367286129842
4,"(-3.08667, -59.99583)",34.10628875612089
5,"(-3.03469, -59.9938)",50.40504360600297
6,"(-3.08167, -60.01361)",39.14150211558442
7,"(-3.10306, -60.05083)",79.65620748634485
