,odc_locations,capacities
0,"(-5.735797, -35.254392)",336
1,"(-5.834028, -35.207972)",840
2,"(-5.78389, -35.19944)",719
3,"(-5.8775, -35.17722)",420
