,odc_locations,fiberlength
0,"(-3.02806, -59.98861)",47.82938631303317
1,"(-3.02139, -59.94583)",1.2901944394476468
2,"(-3.0875, -60.04028)",34.088405213155305
3,"(-3.11028, -59.99111)",58.208808162354096
4,"(-3.04194, -59.92889)",20.874353289938036
5,"(-3.08583, -60.01)",99.15082280499361
6,"(-3.0975, -60.05056)",87.44275328113143
7,"(-3.13611, -60.02028)",75.66861939892601
