,odc_locations,fiberlength
0,"(-2.97417, -59.99028)",0.0
1,"(-3.10611, -60.0175)",47.581822167263724
2,"(-3.04194, -59.92889)",48.74367286129842
3,"(-3.08583, -60.02361)",80.05646888854294
4,"(-3.12917, -60.02667)",65.99057754830982
5,"(-3.10759, -60.05268)",91.74572647119659
6,"(-3.03469, -59.9938)",30.182467416172052
7,"(-3.09722, -59.99333)",62.1495884743605
