,odc_locations,fiberlength
0,"(-5.80944, -35.20083)",122.25609993221943
1,"(-5.77833, -35.20194)",221.88486647592447
2,"(-5.86139, -35.19278)",138.21511127843414
