,odc_locations,fiberlength
0,"(-5.829694, -35.212)",171.31178217601504
1,"(-5.87556, -35.18)",46.65603539442971
2,"(-5.77944, -35.19778)",262.7258576121495
