,odc_locations,capacities
0,"(-5.86139, -35.19278)",588
1,"(-5.78389, -35.19944)",924
2,"(-5.82611, -35.20667)",803
