,odc_locations,capacities
0,"(-3.09194, -60.06889)",504
1,"(-3.04194, -59.92889)",252
2,"(-3.08583, -60.02361)",768
3,"(-3.11778, -60.0225)",756
4,"(-3.09722, -59.99333)",714
5,"(-3.01778, -59.94722)",336
6,"(-3.13278, -60.02361)",630
