,odc_locations,fiberlength
0,"(-3.09194, -60.06889)",57.42679317472403
1,"(-3.04194, -59.92889)",20.874353289938036
2,"(-3.08583, -60.02361)",97.2484148589383
3,"(-3.11778, -60.0225)",83.17193606430789
4,"(-3.09722, -59.99333)",96.63329184691075
5,"(-3.01778, -59.94722)",79.14200766703007
6,"(-3.13278, -60.02361)",37.55186396664145
