,odc_locations,capacities
0,"(-5.87167, -35.18111)",462
1,"(-5.78389, -35.19944)",966
2,"(-5.831416, -35.204944)",887
