,odc_locations,fiberlength
0,"(-3.13361, -60.02083)",58.323299074436626
1,"(-3.08429, -60.07579)",99.98957690792983
2,"(-2.97417, -59.99028)",11.676904845294505
3,"(-3.05111, -59.99306)",219.04586542706798
4,"(-3.09694, -60.01528)",136.0582367593483
5,"(-3.09722, -59.99333)",48.308989649961134
6,"(-3.117444, -60.011722)",33.057854783796145
