,odc_locations,capacities
0,"(-3.02806, -59.98861)",672
1,"(-3.0875, -60.04028)",936
2,"(-3.08583, -60.01)",546
3,"(-3.13611, -60.02028)",924
4,"(-3.10028, -60.00639)",882
