,odc_locations,fiberlength
0,"(-3.0875, -60.04028)",153.1978460850833
1,"(-3.04194, -59.92889)",119.14190419359639
2,"(-3.11417, -60.01056)",105.67269027574281
3,"(-3.08167, -60.01361)",134.23762750246902
4,"(-3.126208, -60.015944)",62.540943568885275
