,odc_locations,capacities
0,"(-5.87167, -35.18111)",504
1,"(-5.77833, -35.20194)",840
2,"(-5.82417, -35.21333)",971
