,odc_locations,capacities
0,"(-3.02806, -59.98861)",294
1,"(-3.09417, -59.99083)",882
2,"(-3.1225, -60.00556)",588
3,"(-3.02139, -59.94583)",336
4,"(-3.08778, -60.05694)",936
5,"(-3.12611, -60.02361)",924
