,odc_locations,capacities
0,"(-3.02806, -59.98861)",294
1,"(-3.02139, -59.94583)",126
2,"(-3.08942, -60.00514)",882
3,"(-3.0875, -60.04028)",936
4,"(-3.04194, -59.92889)",252
5,"(-3.10028, -60.02028)",504
6,"(-3.13278, -60.02361)",966
