,odc_locations,fiberlength
0,"(-3.02806, -59.98861)",47.82938631303317
1,"(-3.02139, -59.94583)",1.2901944394476468
2,"(-3.08942, -60.00514)",116.93900982253474
3,"(-3.0875, -60.04028)",148.24162659173376
4,"(-3.04194, -59.92889)",20.874353289938036
5,"(-3.10028, -60.02028)",39.58459621756661
6,"(-3.13278, -60.02361)",89.33637853412458
