,odc_locations,capacities
0,"(-3.13361, -60.02083)",840
1,"(-3.06472, -60.04361)",84
2,"(-3.02139, -59.94583)",588
3,"(-3.12444, -59.9975)",294
4,"(-3.09639, -60.00111)",924
5,"(-3.09222, -60.04556)",726
6,"(-3.0875, -60.03222)",504
