,odc_locations,fiberlength
0,"(-3.13361, -60.02083)",62.74395673059655
1,"(-3.06472, -60.04361)",0.0
2,"(-3.02139, -59.94583)",143.72462522773745
3,"(-3.12444, -59.9975)",24.411684599110643
4,"(-3.09639, -60.00111)",124.2894512603307
5,"(-3.09222, -60.04556)",106.92684871162179
6,"(-3.0875, -60.03222)",54.89460440633296
