,odc_locations,capacities
0,"(-3.02806, -59.98861)",294
1,"(-3.09417, -59.99083)",462
2,"(-3.02139, -59.94583)",336
3,"(-3.12861, -60.01306)",924
4,"(-3.08167, -60.01361)",504
5,"(-3.105, -60.01333)",546
6,"(-3.0975, -60.05056)",894
