,odc_locations,fiberlength
0,"(-3.02806, -59.98861)",47.82938631303317
1,"(-3.09417, -59.99083)",60.02417980648568
2,"(-3.02139, -59.94583)",47.89813984654272
3,"(-3.12861, -60.01306)",76.49504256305521
4,"(-3.08167, -60.01361)",43.902960257031374
5,"(-3.105, -60.01333)",37.16363557495601
6,"(-3.0975, -60.05056)",131.6447785356655
