,odc_locations,capacities
0,"(-5.735797, -35.254392)",336
1,"(-5.86944, -35.19056)",462
2,"(-5.78389, -35.19944)",588
3,"(-5.82611, -35.20667)",929
