,odc_locations,fiberlength
0,"(-3.10889, -60.00111)",82.62526721277077
1,"(-3.11444, -60.04806)",28.43204529719705
2,"(-3.0875, -60.04028)",101.11276285122618
3,"(-3.04194, -59.92889)",48.74367286129842
4,"(-3.03469, -59.9938)",50.40504360600297
5,"(-3.08167, -60.01361)",54.016347068301016
6,"(-3.126208, -60.015944)",75.73578318016722
