,odc_locations,fiberlength
0,"(-3.09472, -60.03556)",181.95935279364457
1,"(-3.02139, -59.94583)",96.86656653158438
2,"(-3.04194, -59.92889)",20.874353289938036
3,"(-3.10028, -60.02028)",93.98904854900914
4,"(-3.10611, -59.99306)",82.25356728683585
5,"(-3.13056, -60.02111)",69.2115299605323
