,odc_locations,fiberlength
0,"(-3.13361, -60.02083)",35.09096995202164
1,"(-3.06472, -60.04361)",0.0
2,"(-3.04194, -59.92889)",20.874353289938036
3,"(-3.08167, -60.01361)",111.87304637253114
4,"(-3.09222, -60.04556)",120.7116925355179
5,"(-3.11361, -60.01583)",114.3983271282788
6,"(-3.01778, -59.94722)",79.14200766703007
