,odc_locations,capacities
0,"(-3.13361, -60.02083)",798
1,"(-3.10361, -59.95667)",84
2,"(-3.0875, -60.04028)",390
3,"(-3.10611, -60.0175)",714
4,"(-3.04194, -59.92889)",336
5,"(-3.08028, -60.0575)",336
6,"(-3.03469, -59.9938)",294
7,"(-3.09722, -59.99333)",630
8,"(-3.0975, -60.05056)",378
