,odc_locations,capacities
0,"(-3.04194, -59.92889)",252
1,"(-3.08583, -60.02361)",810
2,"(-3.10759, -60.05268)",714
3,"(-3.09639, -60.00111)",882
4,"(-3.01778, -59.94722)",336
5,"(-3.13278, -60.02361)",966
