,odc_locations,fiberlength
0,"(-3.04194, -59.92889)",20.874353289938036
1,"(-3.08583, -60.02361)",103.16911877814385
2,"(-3.10759, -60.05268)",98.24256490119564
3,"(-3.09639, -60.00111)",123.01026367964423
4,"(-3.01778, -59.94722)",79.14200766703007
5,"(-3.13278, -60.02361)",86.30424850079997
