,odc_locations,capacities
0,"(-3.10889, -60.00111)",714
1,"(-3.11444, -60.04806)",336
2,"(-3.0875, -60.04028)",684
3,"(-3.04194, -59.92889)",378
4,"(-3.03469, -59.9938)",294
5,"(-3.08167, -60.01361)",588
6,"(-3.126208, -60.015944)",966
