,odc_locations,capacities
0,"(-3.02806, -59.98861)",294
1,"(-3.06472, -60.04361)",474
2,"(-3.08429, -60.07579)",504
3,"(-3.02139, -59.94583)",126
4,"(-3.04194, -59.92889)",252
5,"(-3.1025, -59.99806)",966
6,"(-3.12278, -60.01333)",672
7,"(-3.13056, -60.02111)",672
