,odc_locations,capacities
0,"(-3.06472, -60.04361)",810
1,"(-3.02139, -59.94583)",588
2,"(-3.09639, -60.00111)",966
3,"(-3.13639, -60.02472)",630
4,"(-3.11361, -60.01583)",966
