,odc_locations,fiberlength
0,"(-3.06472, -60.04361)",186.5290945630328
1,"(-3.02139, -59.94583)",143.72462522773745
2,"(-3.09639, -60.00111)",135.90015351900013
3,"(-3.13639, -60.02472)",53.083302435838625
4,"(-3.11361, -60.01583)",112.59340172462302
