,odc_locations,fiberlength
0,"(-3.09417, -59.99083)",63.624813030322194
1,"(-2.97417, -59.99028)",11.676904845294505
2,"(-3.02139, -59.94583)",42.98130371193153
3,"(-3.0875, -60.04028)",132.9629985231199
4,"(-3.04194, -59.92889)",20.874353289938036
5,"(-3.08583, -60.01)",66.37398370492127
6,"(-3.11778, -60.0225)",66.3378053875417
7,"(-3.13056, -60.02111)",49.702272465870536
