,odc_locations,capacities
0,"(-3.09417, -59.99083)",462
1,"(-2.97417, -59.99028)",84
2,"(-3.02139, -59.94583)",252
3,"(-3.0875, -60.04028)",894
4,"(-3.04194, -59.92889)",252
5,"(-3.105, -60.01333)",588
6,"(-3.08583, -60.01)",462
7,"(-3.13056, -60.02111)",966
