,odc_locations,fiberlength
0,"(-3.02139, -59.94583)",143.72462522773745
1,"(-3.10611, -60.0175)",157.81460060640586
2,"(-3.07889, -60.07028)",103.47810829527137
3,"(-3.12278, -60.01333)",86.0108451021437
4,"(-3.09722, -59.99333)",119.81440244693853
