,odc_locations,capacities
0,"(-5.735797, -35.254392)",336
1,"(-5.86944, -35.19056)",504
2,"(-5.829694, -35.212)",803
3,"(-5.78389, -35.19944)",672
