,odc_locations,fiberlength
0,"(-5.86944, -35.19056)",140.62154216417125
1,"(-5.80944, -35.20083)",122.25609993221943
2,"(-5.77944, -35.19778)",231.60977921123163
