,odc_locations,capacities
0,"(-5.77944, -35.19778)",924
1,"(-5.831416, -35.204944)",929
2,"(-5.8775, -35.17722)",462
