,odc_locations,fiberlength
0,"(-5.86944, -35.19056)",64.04268423469006
1,"(-5.77833, -35.20194)",237.56396156436267
2,"(-5.82417, -35.21333)",167.55033198415057
