,odc_locations,capacities
0,"(-3.02806, -59.98861)",294
1,"(-3.09417, -59.99083)",588
2,"(-3.06472, -60.04361)",810
3,"(-3.02139, -59.94583)",336
4,"(-3.12861, -60.01306)",966
5,"(-3.105, -60.01333)",966
