,odc_locations,fiberlength
0,"(-5.87167, -35.18111)",45.613352428889534
1,"(-5.78389, -35.19944)",257.78930768410896
2,"(-5.82611, -35.20667)",166.08624862615508
