,odc_locations,capacities
0,"(-3.02806, -59.98861)",294
1,"(-3.02139, -59.94583)",126
2,"(-3.09528, -60.05361)",936
3,"(-3.10611, -60.0175)",714
4,"(-3.04194, -59.92889)",252
5,"(-3.1025, -59.99806)",714
6,"(-3.126208, -60.015944)",924
