,odc_locations,fiberlength
0,"(-3.02806, -59.98861)",47.82938631303317
1,"(-3.02139, -59.94583)",1.2901944394476468
2,"(-3.09528, -60.05361)",137.37611801661697
3,"(-3.10611, -60.0175)",85.28920273331653
4,"(-3.04194, -59.92889)",20.874353289938036
5,"(-3.1025, -59.99806)",83.40706860721858
6,"(-3.126208, -60.015944)",71.30311297324103
