,odc_locations,fiberlength
0,"(-5.735797, -35.254392)",56.52004531466572
1,"(-5.80944, -35.20083)",131.24126997997647
2,"(-5.87167, -35.18111)",55.71600884918924
3,"(-5.82417, -35.21333)",110.71324182171833
