,odc_locations,capacities
0,"(-3.02806, -59.98861)",294
1,"(-3.06472, -60.04361)",168
2,"(-3.0875, -60.04028)",810
3,"(-3.04194, -59.92889)",378
4,"(-3.08167, -60.01361)",420
5,"(-3.09639, -60.00111)",924
6,"(-3.13611, -60.02028)",966
