,odc_locations,fiberlength
0,"(-3.13361, -60.02083)",87.15272388657654
1,"(-3.07222, -59.94861)",43.75388650045456
2,"(-3.0875, -60.04028)",142.31596189539772
3,"(-3.04194, -59.92889)",107.092838783192
4,"(-3.08778, -60.01694)",83.94403857916772
5,"(-3.10028, -60.00639)",89.55370312786992
