,odc_locations,capacities
0,"(-5.76194, -35.27972)",336
1,"(-5.80366, -35.20402)",761
2,"(-5.82611, -35.20667)",756
3,"(-5.8775, -35.17722)",462
