,odc_locations,fiberlength
0,"(-3.10611, -60.0175)",83.07397510451827
1,"(-3.07778, -60.00778)",138.70347857244556
2,"(-3.12861, -60.01306)",76.25267412628237
3,"(-3.04194, -59.92889)",119.14190419359639
4,"(-3.0975, -60.05056)",138.56134317021238
