,odc_locations,capacities
0,"(-5.78389, -35.19944)",924
1,"(-5.82611, -35.20667)",929
2,"(-5.8775, -35.17722)",462
