,odc_locations,capacities
0,"(-3.02139, -59.94583)",336
1,"(-3.09528, -60.05361)",810
2,"(-3.04194, -59.92889)",252
3,"(-3.08167, -60.01361)",588
4,"(-3.12611, -60.02361)",924
5,"(-3.10361, -60.02444)",504
6,"(-3.10611, -59.99306)",546
