,odc_locations,fiberlength
0,"(-3.0875, -60.04028)",152.39191933662752
1,"(-3.05111, -59.99306)",258.73883388854847
2,"(-3.13639, -60.02472)",63.65047758490602
3,"(-3.10361, -60.02444)",85.36294480571826
4,"(-3.09722, -59.99333)",90.60805648405565
