,odc_locations,fiberlength
0,"(-3.13361, -60.02083)",45.731462958400485
1,"(-3.10361, -59.95667)",10.809934016403759
2,"(-3.0875, -60.04028)",142.31596189539772
3,"(-3.04194, -59.92889)",127.51829494369508
4,"(-3.08583, -60.01)",135.6659750742531
5,"(-3.11361, -60.01583)",81.98238798636548
