,odc_locations,capacities
0,"(-3.06472, -60.04361)",168
1,"(-3.02139, -59.94583)",336
2,"(-3.0875, -60.04028)",852
3,"(-3.04194, -59.92889)",252
4,"(-3.08167, -60.01361)",672
5,"(-3.10611, -59.99306)",840
6,"(-3.13861, -60.02167)",840
