,odc_locations,capacities
0,"(-5.735797, -35.254392)",336
1,"(-5.78333, -35.19389)",546
2,"(-5.87167, -35.18111)",462
3,"(-5.82611, -35.20667)",971
