,odc_locations,capacities
0,"(-2.97417, -59.99028)",42
1,"(-3.02139, -59.94583)",126
2,"(-3.0875, -60.04028)",684
3,"(-3.09778, -60.00667)",882
4,"(-3.09194, -60.06889)",378
5,"(-3.02917, -59.97694)",252
6,"(-3.04194, -59.92889)",252
7,"(-3.11361, -60.01583)",672
8,"(-3.13056, -60.02111)",672
