,odc_locations,fiberlength
0,"(-2.97417, -59.99028)",0.0
1,"(-3.02139, -59.94583)",1.2901944394476468
2,"(-3.0875, -60.04028)",89.47206382664669
3,"(-3.09778, -60.00667)",106.14261729150115
4,"(-3.09194, -60.06889)",38.76786298654917
5,"(-3.02917, -59.97694)",35.72986514336001
6,"(-3.04194, -59.92889)",20.874353289938036
7,"(-3.11361, -60.01583)",55.850240415756645
8,"(-3.13056, -60.02111)",45.866394589282365
