,odc_locations,capacities
0,"(-5.82083, -35.215)",845
1,"(-5.87167, -35.18111)",504
2,"(-5.78389, -35.19944)",966
