,odc_locations,capacities
0,"(-3.0875, -60.04028)",894
1,"(-3.04194, -59.92889)",504
2,"(-3.11417, -60.01056)",924
3,"(-3.08167, -60.01361)",840
4,"(-3.12639, -60.02)",798
