,odc_locations,fiberlength
0,"(-3.0875, -60.04028)",142.31596189539772
1,"(-3.04194, -59.92889)",119.14190419359639
2,"(-3.11417, -60.01056)",110.93302606995678
3,"(-3.08167, -60.01361)",134.23762750246902
4,"(-3.12639, -60.02)",61.863883493701195
