,odc_locations,fiberlength
0,"(-3.06472, -60.04361)",29.36750237768475
1,"(-3.10361, -59.95667)",10.809934016403759
2,"(-3.04194, -59.92889)",36.69460745089405
3,"(-3.11417, -60.01056)",73.86941755363
4,"(-3.03469, -59.9938)",50.40504360600297
5,"(-3.08778, -60.01694)",96.06937795336069
6,"(-3.10306, -60.05083)",78.13993252123181
7,"(-3.12111, -60.01889)",74.05931771069498
