,odc_locations,capacities
0,"(-3.02806, -59.98861)",294
1,"(-3.04194, -59.92889)",378
2,"(-3.12917, -60.02667)",966
3,"(-3.1025, -59.99806)",966
4,"(-3.0875, -60.03222)",684
5,"(-3.10306, -60.05083)",672
