,odc_locations,fiberlength
0,"(-3.08942, -60.00514)",143.13002806045913
1,"(-3.11444, -60.04806)",11.120587856989362
2,"(-3.10611, -60.0175)",15.788079575372134
3,"(-3.04194, -59.92889)",139.56736035409952
4,"(-3.11417, -60.01056)",60.67913635886534
5,"(-3.13861, -60.02167)",34.63106014569856
6,"(-3.0975, -60.05056)",118.44438261797066
