,odc_locations,capacities
0,"(-3.10361, -59.95667)",84
1,"(-3.09528, -60.05361)",810
2,"(-3.12861, -60.01306)",966
3,"(-3.04194, -59.92889)",210
4,"(-3.05111, -59.99306)",294
5,"(-3.10028, -60.02028)",840
6,"(-3.1025, -59.99806)",588
7,"(-3.01778, -59.94722)",168
