,odc_locations,fiberlength
0,"(-3.10361, -59.95667)",10.809934016403759
1,"(-3.09528, -60.05361)",115.40573681010821
2,"(-3.12861, -60.01306)",81.3834548543923
3,"(-3.04194, -59.92889)",8.825287879533652
4,"(-3.05111, -59.99306)",48.572515313050665
5,"(-3.10028, -60.02028)",94.82211051809134
6,"(-3.1025, -59.99806)",53.919450122074934
7,"(-3.01778, -59.94722)",23.010735728705352
