,odc_locations,capacities
0,"(-5.78972, -35.20222)",966
1,"(-5.87556, -35.18)",462
2,"(-5.82611, -35.20667)",887
