,odc_locations,fiberlength
0,"(-3.02806, -59.98861)",29.8438964510587
1,"(-2.97417, -59.99028)",0.0
2,"(-3.02139, -59.94583)",64.87952352921799
3,"(-3.08942, -60.00514)",117.10807072849072
4,"(-3.11639, -60.03528)",129.09563600895814
5,"(-3.13444, -60.02944)",89.10545942993747
6,"(-3.07889, -60.02472)",149.90497649625408
