,odc_locations,capacities
0,"(-3.102419, -60.061689)",588
1,"(-3.09417, -59.99083)",630
2,"(-2.97417, -59.99028)",84
3,"(-3.05444, -59.98361)",210
4,"(-3.0875, -60.04028)",600
5,"(-3.04194, -59.92889)",378
6,"(-3.11417, -60.01056)",798
7,"(-3.13056, -60.02111)",672
