,odc_locations,fiberlength
0,"(-5.750972, -35.255888)",53.79674390235305
1,"(-5.87167, -35.18111)",45.613352428889534
2,"(-5.77944, -35.19778)",59.751373502133625
3,"(-5.831416, -35.204944)",171.59485507348643
