,odc_locations,capacities
0,"(-3.09194, -60.06889)",810
1,"(-3.00917, -59.99083)",210
2,"(-3.12861, -60.01306)",798
3,"(-3.04194, -59.92889)",378
4,"(-3.10917, -60.0125)",798
5,"(-3.08583, -60.01)",966
