,odc_locations,fiberlength
0,"(-3.09194, -60.06889)",149.7558708115445
1,"(-3.00917, -59.99083)",34.71113832448385
2,"(-3.12861, -60.01306)",63.976096496776925
3,"(-3.04194, -59.92889)",48.74367286129842
4,"(-3.10917, -60.0125)",91.15459367047517
5,"(-3.08583, -60.01)",130.26699876257865
