,odc_locations,capacities
0,"(-2.97417, -59.99028)",84
1,"(-3.02139, -59.94583)",252
2,"(-3.0875, -60.04028)",348
3,"(-3.04194, -59.92889)",252
4,"(-3.105, -60.01333)",756
5,"(-3.08583, -60.01)",756
6,"(-3.10306, -60.05083)",588
7,"(-3.13056, -60.02111)",924
