,odc_locations,fiberlength
0,"(-3.03914, -59.93611)",49.64221421959957
1,"(-3.02806, -59.98861)",47.82938631303317
2,"(-3.11778, -60.01806)",56.95044412820709
3,"(-3.0875, -60.04028)",142.31596189539772
4,"(-3.08167, -60.01361)",47.42273654513654
5,"(-3.10611, -59.99306)",57.83443683180634
6,"(-3.13278, -60.02361)",37.05420868015546
