,odc_locations,fiberlength
0,"(-3.13361, -60.02083)",33.310455365761
1,"(-3.1225, -60.00556)",58.72059541039905
2,"(-3.08429, -60.07579)",69.15270990008385
3,"(-3.04194, -59.92889)",139.56736035409952
4,"(-3.08583, -60.01)",134.26021474803713
5,"(-3.10361, -60.02444)",129.60093718451043
