,odc_locations,fiberlength
0,"(-5.834028, -35.207972)",101.98448351195958
1,"(-5.750972, -35.255888)",53.79674390235305
2,"(-5.862861, -35.1805)",65.28635858308127
3,"(-5.80556, -35.20972)",131.89438365058098
