,odc_locations,fiberlength
0,"(-5.823889, -35.202278)",173.21857820142588
1,"(-5.87167, -35.18111)",45.613352428889534
2,"(-5.78389, -35.19944)",52.84297058549928
3,"(-5.762419, -35.274222)",65.18079059346346
