,odc_locations,fiberlength
0,"(-3.02806, -59.98861)",29.8438964510587
1,"(-3.08429, -60.07579)",8.923631569556731
2,"(-2.97417, -59.99028)",0.0
3,"(-3.04194, -59.92889)",48.74367286129842
4,"(-3.10759, -60.05268)",25.693967955311592
5,"(-3.09222, -60.04556)",22.0734935600439
6,"(-3.0875, -60.03222)",101.33319113209231
7,"(-3.10611, -59.99306)",100.67711381571688
8,"(-3.13056, -60.02111)",75.82250324447301
