,odc_locations,fiberlength
0,"(-5.86944, -35.19056)",45.961881570426826
1,"(-5.77944, -35.19778)",254.3852407022963
2,"(-5.82611, -35.20667)",173.62668827723016
