,odc_locations,capacities
0,"(-3.09417, -60.02306)",714
1,"(-3.02139, -59.94583)",336
2,"(-3.04194, -59.92889)",252
3,"(-3.09639, -60.00111)",882
4,"(-3.0975, -60.05056)",852
5,"(-3.13611, -60.02028)",924
