,odc_locations,fiberlength
0,"(-3.09417, -60.02306)",74.94479714435107
1,"(-3.02139, -59.94583)",80.1352961379671
2,"(-3.04194, -59.92889)",20.874353289938036
3,"(-3.09639, -60.00111)",122.87437494398259
4,"(-3.0975, -60.05056)",126.56297782067473
5,"(-3.13611, -60.02028)",83.22833670313312
