,odc_locations,fiberlength
0,"(-5.78611, -35.20722)",257.1411508591139
1,"(-5.86944, -35.19056)",45.961881570426826
2,"(-5.82611, -35.20667)",159.1567566076315
