,odc_locations,capacities
0,"(-3.02806, -59.98861)",294
1,"(-3.0875, -60.04028)",978
2,"(-3.04194, -59.92889)",378
3,"(-3.08167, -60.01361)",546
4,"(-3.1025, -59.99806)",882
5,"(-3.13611, -60.02028)",882
