,odc_locations,fiberlength
0,"(-3.09417, -59.99083)",70.19049592259942
1,"(-2.97417, -59.99028)",11.676904845294505
2,"(-3.02139, -59.94583)",1.2901944394476468
3,"(-3.05444, -59.98361)",39.606005219356476
4,"(-3.10611, -60.0175)",82.15123446622611
5,"(-3.04194, -59.92889)",20.874353289938036
6,"(-3.09222, -60.04556)",147.34869683662637
7,"(-3.13056, -60.02111)",63.287655178346185
