,odc_locations,capacities
0,"(-2.97417, -59.99028)",126
1,"(-3.11444, -60.04806)",630
2,"(-3.11639, -60.03528)",210
3,"(-3.04194, -59.92889)",420
4,"(-3.08583, -60.02361)",810
5,"(-3.09722, -59.99333)",798
6,"(-3.13056, -60.02111)",966
