,odc_locations,fiberlength
0,"(-3.02806, -59.98861)",47.82938631303317
1,"(-3.1225, -60.00556)",99.34509286905985
2,"(-3.0875, -60.04028)",149.84719533599758
3,"(-3.04194, -59.92889)",48.74367286129842
4,"(-3.08167, -60.01361)",99.34023493465246
5,"(-3.13278, -60.02361)",52.56454941272818
