,odc_locations,fiberlength
0,"(-3.08429, -60.07579)",8.923631569556731
1,"(-3.10611, -60.0175)",78.44562694620092
2,"(-3.04194, -59.92889)",161.32474512840525
3,"(-3.1025, -59.99806)",117.36976366535204
4,"(-3.0975, -60.05056)",101.82198201061738
5,"(-3.12111, -60.01889)",89.59131556103652
