,odc_locations,fiberlength
0,"(-5.750972, -35.255888)",53.79674390235305
1,"(-5.829694, -35.212)",151.50106104224608
2,"(-5.87556, -35.18)",46.65603539442971
3,"(-5.78389, -35.19944)",71.820826874656
