,odc_locations,fiberlength
0,"(-5.86139, -35.19278)",77.5372174881424
1,"(-5.78389, -35.19944)",257.78930768410896
2,"(-5.82611, -35.20667)",141.57442512530065
