,odc_locations,fiberlength
0,"(-3.10611, -60.0175)",65.32709706024797
1,"(-3.12861, -60.01306)",35.593568144543845
2,"(-3.04194, -59.92889)",20.874353289938036
3,"(-3.08583, -60.01)",130.71331285097799
4,"(-3.10306, -60.05083)",135.39655062341262
5,"(-3.01778, -59.94722)",79.14200766703007
6,"(-3.13056, -60.02111)",25.62802583896358
