,odc_locations,fiberlength
0,"(-3.09417, -59.99083)",117.90989201599204
1,"(-3.0875, -60.04028)",63.293915358995015
2,"(-3.10611, -60.0175)",64.86881494765805
3,"(-3.04194, -59.92889)",139.56736035409952
4,"(-3.10306, -60.05083)",72.82969180971483
5,"(-3.13056, -60.02111)",63.287655178346185
