,odc_locations,capacities
0,"(-5.86944, -35.19056)",504
1,"(-5.829694, -35.212)",887
2,"(-5.77944, -35.19778)",924
