,odc_locations,capacities
0,"(-3.02139, -59.94583)",588
1,"(-3.0875, -60.04028)",390
2,"(-3.08778, -60.05694)",504
3,"(-3.11417, -60.01056)",966
4,"(-3.08778, -60.01694)",840
5,"(-3.13278, -60.02361)",672
