,odc_locations,fiberlength
0,"(-3.02139, -59.94583)",80.1352961379671
1,"(-3.09528, -60.05361)",115.40573681010821
2,"(-3.04194, -59.92889)",20.874353289938036
3,"(-3.08167, -60.01361)",69.34296037679475
4,"(-3.12611, -60.02361)",75.86814530915596
5,"(-3.10361, -60.02444)",41.92368397689449
6,"(-3.10611, -59.99306)",57.83443683180634
