,odc_locations,capacities
0,"(-3.13361, -60.02083)",630
1,"(-3.02806, -59.98861)",294
2,"(-3.02139, -59.94583)",126
3,"(-3.07222, -59.94861)",84
4,"(-3.09528, -60.05361)",630
5,"(-3.0875, -60.04028)",516
6,"(-3.04194, -59.92889)",210
7,"(-3.09639, -60.00111)",756
8,"(-3.117444, -60.011722)",714
