,odc_locations,capacities
0,"(-5.735797, -35.254392)",336
1,"(-5.834028, -35.207972)",798
2,"(-5.78972, -35.20222)",719
3,"(-5.87556, -35.18)",462
