,odc_locations,fiberlength
0,"(-5.735797, -35.254392)",56.52004531466572
1,"(-5.86944, -35.19056)",64.04268423469006
2,"(-5.78972, -35.20222)",69.46760991259794
3,"(-5.82417, -35.21333)",134.5062616422172
