,odc_locations,capacities
0,"(-5.77833, -35.20194)",882
1,"(-5.86139, -35.19278)",588
2,"(-5.82611, -35.20667)",845
