,odc_locations,fiberlength
0,"(-5.77833, -35.20194)",245.579762716892
1,"(-5.86139, -35.19278)",77.5372174881424
2,"(-5.82611, -35.20667)",149.11486477637564
