,odc_locations,capacities
0,"(-3.13361, -60.02083)",630
1,"(-3.02806, -59.98861)",294
2,"(-3.02139, -59.94583)",126
3,"(-3.09528, -60.05361)",630
4,"(-3.0875, -60.04028)",306
5,"(-3.04194, -59.92889)",252
6,"(-3.11417, -60.01056)",966
7,"(-3.08778, -60.01694)",756
