,odc_locations,capacities
0,"(-3.0875, -60.04028)",516
1,"(-3.04194, -59.92889)",504
2,"(-3.10759, -60.05268)",504
3,"(-3.08167, -60.01361)",714
4,"(-3.1025, -59.99806)",756
5,"(-3.13056, -60.02111)",966
