,odc_locations,capacities
0,"(-3.11778, -60.01806)",966
1,"(-3.12861, -60.01306)",756
2,"(-3.04194, -59.92889)",462
3,"(-3.08028, -60.0575)",810
4,"(-3.07778, -59.99944)",966
