,odc_locations,fiberlength
0,"(-3.11778, -60.01806)",121.67697884820798
1,"(-3.12861, -60.01306)",65.72253132923981
2,"(-3.04194, -59.92889)",95.79156953584845
3,"(-3.08028, -60.0575)",133.18867361846287
4,"(-3.07778, -59.99944)",186.21930355202053
