,odc_locations,fiberlength
0,"(-5.735797, -35.254392)",56.52004531466572
1,"(-5.79833, -35.20417)",91.41792871303358
2,"(-5.87556, -35.18)",46.65603539442971
3,"(-5.82611, -35.20667)",133.8593511955388
