,odc_locations,capacities
0,"(-3.03914, -59.93611)",378
1,"(-3.02806, -59.98861)",294
2,"(-3.11778, -60.01806)",714
3,"(-3.0875, -60.04028)",894
4,"(-3.08167, -60.01361)",546
5,"(-3.10611, -59.99306)",546
6,"(-3.13278, -60.02361)",588
