,odc_locations,fiberlength
0,"(-3.09528, -60.05361)",121.42106084971977
1,"(-3.00917, -59.99083)",34.71113832448385
2,"(-3.12861, -60.01306)",63.976096496776925
3,"(-3.04194, -59.92889)",48.74367286129842
4,"(-3.10917, -60.0125)",91.15459367047517
5,"(-3.08583, -60.01)",121.25127512322712
