,odc_locations,fiberlength
0,"(-5.735797, -35.254392)",56.52004531466572
1,"(-5.855281, -35.262503)",8.821659591852272
2,"(-5.78611, -35.20722)",167.51895339400772
3,"(-5.86139, -35.19278)",152.39579745301597
