,odc_locations,capacities
0,"(-5.834028, -35.207972)",630
1,"(-5.750972, -35.255888)",336
2,"(-5.862861, -35.1805)",504
3,"(-5.80556, -35.20972)",845
