,odc_locations,fiberlength
0,"(-3.13361, -60.02083)",73.73060671766635
1,"(-3.06472, -60.04361)",0.0
2,"(-3.04194, -59.92889)",48.74367286129842
3,"(-3.08028, -60.0575)",44.385216281663475
4,"(-3.03469, -59.9938)",50.40504360600297
5,"(-3.08778, -60.01694)",78.35823024473697
6,"(-3.1025, -59.99806)",77.96759495374104
7,"(-3.10306, -60.05083)",43.197424716577686
