,"case_1: wcpu 0, wodc 0.1, wd 0.9, odcs 0","case_1: wcpu 0, wodc 0.2, wd 0.8, odcs 0","case_1: wcpu 0, wodc 0.3, wd 0.7, odcs 0","case_1: wcpu 0, wodc 0.4, wd 0.6, odcs 0","case_1: wcpu 0, wodc 0.5, wd 0.5, odcs 0","case_1: wcpu 0, wodc 0.6, wd 0.4, odcs 0","case_1: wcpu 0, wodc 0.7, wd 0.3, odcs 0","case_1: wcpu 0, wodc 0.8, wd 0.2, odcs 0","case_1: wcpu 0, wodc 0.9, wd 0.1, odcs 0"
0,3.9146280024549545,23.506400766370884,19.10689337210281,55.68205594980975,19.10689337210281,19.10689337210281,19.10689337210281,55.68205594980975,35.867128062558265
1,0.0,12.568579977111256,46.27706534369489,26.12159009934816,46.27706534369489,46.27706534369489,46.27706534369489,54.6013947454114,26.12159009934816
2,0.0,46.27706534369489,26.12159009934816,65.83671180090879,26.12159009934816,26.12159009934816,7.636839514970387,164.02495093393298,127.51232625671732
3,3.019826188625797,7.636839514970387,158.05132872140382,93.5680959483336,158.05132872140382,158.05132872140382,31.062824945670524,73.24559264335552,76.66504481000626
4,2.91183195432858,10.2059905448889,67.89059061802394,55.81193657197888,67.89059061802394,67.89059061802394,23.844210237018928,70.4964283815864,64.74178973580894
5,7.128197594143044,15.386548204894032,49.35308779404424,79.40277636580336,49.35308779404424,49.35308779404424,55.72474798826629,138.9394437570154,119.66116421470716
6,0.0,67.89059061802394,63.683352299039406,106.12814814582468,63.683352299039406,63.683352299039406,67.89059061802394,78.31349360766204,71.47263380432861
7,0.0,32.24735151383707,115.71495904409474,56.40161547253052,115.71495904409474,115.71495904409474,49.35308779404424,72.56126479624668,115.67877226005844
8,1.6866616882544527,44.21196994661145,79.49567638536696,60.108675575477456,79.49567638536696,79.49567638536696,63.683352299039406,55.68205594980975,55.68205594980975
9,9.609022441666976,55.27881521206599,55.68205594980975,55.68205594980975,55.68205594980975,55.68205594980975,72.99690185734335,48.3208493829129,76.66504481000626
10,8.762535575714049,50.49321281970752,38.733146854800914,48.3208493829129,61.795960247793424,50.12335530711407,79.49567638536696,76.66504481000626,99.12188746972436
11,0.7750411242436831,50.77899556430128,112.1205962100498,76.66504481000626,38.733146854800914,67.07112033882164,55.68205594980975,97.77299102406413,54.6013947454114
12,6.145876795489233,33.57111191606526,9.622699368355027,97.77299102406413,9.622699368355027,9.622699368355027,106.12814814582468,7.636839514970387,52.82955891656064
13,0.0,46.27706534369489,26.12159009934816,7.636839514970387,26.12159009934816,7.636839514970387,26.12159009934816,47.74289166997524,74.12845697280223
14,0.0,48.3208493829129,30.753930117126263,47.74289166997524,105.04348852864617,41.651408760998834,93.5680959483336,41.651408760998834,59.339120959952425
15,6.325499006824784,76.66504481000626,115.39482310094172,41.651408760998834,40.30364586819421,115.39482310094172,65.83671180090879,45.727156552423104,100.26602768844177
16,16.309933146173606,97.77299102406413,69.29545690670408,45.727156552423104,42.83748530006115,69.29545690670408,86.72206272990564,56.27063389328144,70.1284056617005
17,2.531591649934698,7.636839514970387,47.627004526654666,56.27063389328144,121.2906397627833,47.627004526654666,33.57111191606526,75.29083614460632,23.506400766370884
18,4.4122950105657575,10.2059905448889,58.22527502133445,75.29083614460632,62.06811331822829,99.58074661677767,56.40161547253052,23.506400766370884,7.636839514970387
19,2.960144946582118,41.651408760998834,0.0,18.48749937972313,32.38296954010639,0.0,80.64226949167164,26.12159009934816,15.640142575301091
20,9.090397936405322,45.727156552423104,23.506400766370884,86.72206272990564,7.636839514970387,86.72206272990564,23.506400766370884,15.640142575301091,91.25809809820058
21,0.0,12.568579977111256,89.47439920786218,26.12159009934816,15.640142575301091,7.636839514970387,30.552970678422465,55.68205594980975,55.68205594980975
22,3.5108347418449326,56.27063389328144,7.636839514970387,46.27706534369489,44.21196994661145,67.89059061802394,7.636839514970387,41.43624256216621,32.751219967399415
23,2.6969037837477474,75.29083614460632,86.55009693035854,41.43624256216621,73.41798591317412,48.65620405711926,15.640142575301091,105.04348852864617,117.33052198978493
24,5.585045100152804,18.48749937972313,15.640142575301091,53.33357773040799,81.6481973611856,107.19293667145996,49.20914025416579,59.37417839488462,72.19728416245316
25,7.303284211370131,23.506400766370884,48.65620405711926,59.37417839488462,94.68854752847196,109.22544968470824,80.98901919980905,51.04483639634894,90.15125876815704
26,17.021969500118047,7.636839514970387,122.25564830666907,51.04483639634894,87.5461950943139,40.034072295866615,25.48676341967242,110.06977323503214,62.14431545641469
27,10.44249887049872,15.640142575301091,112.58996666351526,110.06977323503214,60.39452502601839,71.06111595901287,85.90068742415943,62.14431545641469,26.12159009934816
28,14.217796772632587,44.21196994661145,101.0208302135421,62.14431545641469,60.6569067411445,54.4056869621665,107.2420760847896,65.78357106262237,55.68205594980975
29,14.135742940017568,46.27706534369489,7.636839514970387,26.12159009934816,55.68205594980975,26.12159009934816,47.627004526654666,7.636839514970387,105.04348852864617
30,6.6638126733491685,32.751219967399415,55.68205594980975,39.251213451004375,105.04348852864617,55.68205594980975,52.57936887759537,48.65620405711926,86.72206272990564
31,22.085315416350745,53.33357773040799,105.04348852864617,47.16420431417454,54.49366000681719,105.04348852864617,7.636839514970387,98.87411511241272,119.66116421470716
32,9.606329408819,59.37417839488462,23.844210237018928,47.32888389967341,76.94310702795576,95.59863150364112,46.27706534369489,23.844210237018928,68.16777776074922
33,7.128197594143044,51.04483639634894,95.59863150364112,53.95468779752942,75.76617031020726,119.66116421470716,36.074999308537386,65.53859597204774,62.47424259323312
34,12.511370528491298,54.43941799031994,76.94310702795576,51.74402153797591,105.44397522723466,75.76617031020726,53.33357773040799,77.72848706977655,29.522143410164144
35,4.4122950105657575,62.14431545641469,75.76617031020726,65.75486164488264,55.6924973257865,95.41332038804656,86.72206272990564,21.610471285697063,42.31127374460837
36,0.0,40.017238640787774,95.41332038804656,18.48749937972313,177.2890412595925,55.6924973257865,54.43941799031994,64.69671826199718,7.636839514970387
37,20.529699872170056,7.636839514970387,55.6924973257865,71.47263380432861,73.28061784942686,7.636839514970387,65.75486164488264,63.45766893690396,55.68205594980975
38,10.079404683157694,60.14312528386342,7.636839514970387,15.386548204894032,69.03385180187333,48.65620405711926,42.83748530006115,15.386548204894032,0.0
39,2.4738065354669185,39.251213451004375,55.68205594980975,88.89404347969125,110.54454586320816,17.051458953753407,18.48749937972313,7.636839514970387,65.31463673216184
40,0.0,47.16420431417454,0.0,7.636839514970387,98.60790434285602,47.74289166997524,66.34336091799776,48.65620405711926,41.56314252054269
41,0.0,23.844210237018928,4.13082414360465,62.76760173949365,98.2133469061379,47.32888389967341,36.06786509335062,0.0,15.62916467405199
42,0.0,32.38296954010639,47.32888389967341,0.0,89.72034003841131,15.62916467405199,74.42480282541366,60.108675575477456,103.29572901550384
43,0.0,56.64954280343643,15.62916467405199,65.31463673216184,66.34336091799776,55.04799239822625,26.12159009934816,53.5988712568308,54.62262705272613
44,0.0,21.610471285697063,69.8825841049235,56.08980700650153,97.31737922724996,77.37101890303583,15.640142575301091,47.74289166997524,36.90456354166748
45,4.684076296780081,64.69671826199718,71.94909321188271,15.62916467405199,26.12159009934816,44.688165162895686,48.65620405711926,58.1267629786228,81.87171998988654
46,6.695988109199242,18.48749937972313,110.78166970713032,26.91202000829497,47.74289166997524,66.34336091799776,47.74289166997524,53.510984776230025,87.37846480706027
47,9.609022441666976,30.46416912453509,66.34336091799776,96.17880951714608,95.59863150364112,97.31737922724996,54.62262705272613,105.00225752987376,14.766290915009508
48,0.0,15.386548204894032,97.31737922724996,86.99718152703575,60.6569067411445,7.636839514970387,120.86790128836218,44.688165162895686,7.636839514970387
49,3.019826188625797,7.636839514970387,7.636839514970387,89.28536406916282,53.91862660755206,66.2870605224706,77.29367398467849,76.49311350860667,18.48749937972313
50,0.5637143564423058,39.251213451004375,54.6974680532108,53.47395524732382,78.24524193237727,92.55456036875825,39.557783136189656,67.23101304436324,61.49146285123407
51,6.6638126733491685,0.0,92.55456036875825,55.68205594980975,97.41322478404182,69.03385180187333,91.72221677216638,55.68205594980975,22.850815102445317
52,2.960144946582118,33.57111191606526,92.0470560954134,7.636839514970387,98.72371335257756,119.30546897003627,15.640142575301091,26.12159009934816,90.64922791103508
53,3.9146280024549545,49.44989058904419,110.54454586320816,65.83671180090879,60.87013106420943,49.44989058904419,46.27706534369489,111.13005385670331,58.1267629786228
54,2.6969037837477474,10.2059905448889,94.66787706353242,56.57902815841889,7.636839514970387,99.13663737040557,101.09443622618286,65.83671180090879,30.282181019343238
55,16.309933146173606,23.506400766370884,49.44989058904419,95.59863150364112,81.6481973611856,44.21196994661145,39.01131711146799,76.57797701338738,95.3092608501636
56,15.387513335715358,15.62916467405199,44.21196994661145,55.23077908165934,104.77880448407744,80.24548941976164,40.73688464120469,73.8611866355089,44.21196994661145
57,7.303284211370131,26.91202000829497,98.80152805911617,91.3276360353016,41.651408760998834,111.16739488522995,37.46662486596968,77.06318914530605,113.26480043424355
58,3.5108347418449326,53.541219199551456,107.22118971461757,49.59296702203462,99.78473049863577,26.12159009934816,83.40966046709845,61.24720684547483,26.12159009934816
59,15.243610465987082,62.35782073083728,26.12159009934816,30.46416912453509,61.15346129137312,55.68205594980975,57.72337377935027,119.66116421470716,54.64749969233924
60,12.91840164854206,41.40754611124617,81.6481973611856,64.18209577480967,54.20052976576,86.72206272990564,12.568579977111256,26.12159009934816,19.10689337210281
61,11.78638552689354,12.568579977111256,86.72206272990564,119.66116421470716,53.76817997611121,45.59591111512084,38.86455960934009,55.68205594980975,23.506400766370884
62,9.505558746815316,58.819512676812224,45.59591111512084,26.12159009934816,101.21767640492511,105.04348852864617,79.40277636580336,95.41332038804656,33.57111191606526
63,0.3875205621218416,15.640142575301091,51.956752437389326,55.68205594980975,7.636839514970387,51.956752437389326,97.66056777727552,32.38296954010639,89.9088338008727
64,13.007798373366883,46.27706534369489,94.68854752847196,95.41332038804656,19.10689337210281,51.12022885676561,7.636839514970387,15.640142575301091,15.640142575301091
65,0.5637143564423058,7.636839514970387,43.74704028667015,32.38296954010639,36.16302183483372,69.00810321046866,104.48079560073552,105.04348852864617,84.0802948469459
66,0.0,25.02609869838625,69.00810321046866,15.640142575301091,40.67255415993655,7.636839514970387,63.058223221212,72.48555125855775,67.89059061802394
67,2.960144946582118,45.9083076323161,26.12159009934816,105.04348852864617,15.640142575301091,64.13757244824706,23.844210237018928,57.3509611117281,53.46899893956996
68,6.145876795489233,15.917657801172568,64.13757244824706,72.48555125855775,46.27706534369489,55.68205594980975,104.77880448407744,26.12159009934816,50.77899556430128
69,0.0,42.04233638227957,15.640142575301091,57.3509611117281,23.844210237018928,23.844210237018928,55.29478860240378,15.640142575301091,76.60158203343215
70,3.019826188625797,23.506400766370884,55.68205594980975,26.12159009934816,37.46662486596968,158.05132872140382,93.6233551978321,55.68205594980975,7.636839514970387
71,7.055583487765243,73.8611866355089,74.95994922590914,15.640142575301091,67.35171604828075,76.94310702795576,67.10029527363118,74.95994922590914,72.173139807598
72,0.0,44.21196994661145,119.66116421470716,55.68205594980975,53.33357773040799,105.04348852864617,7.636839514970387,119.66116421470716,55.68205594980975
73,0.0,77.06318914530605,105.04348852864617,74.95994922590914,71.47263380432861,71.47263380432861,38.733146854800914,105.04348852864617,23.844210237018928
74,16.309933146173606,61.24720684547483,71.47263380432861,119.66116421470716,65.75486164488264,65.75486164488264,30.814063613705617,71.47263380432861,107.88769809943253
75,9.090397936405322,47.45180673964343,65.75486164488264,105.04348852864617,7.636839514970387,7.636839514970387,18.48749937972313,65.75486164488264,128.75425793558253
76,1.6866616882544527,7.636839514970387,7.636839514970387,65.75486164488264,52.58578771557993,52.58578771557993,9.622699368355027,63.52974194330727,75.03974181275562
77,0.0,46.27706534369489,33.57111191606526,66.34336091799776,55.72474798826629,44.31349054230374,46.27706534369489,7.636839514970387,80.45603013478676
78,0.0,49.421353053003656,52.58578771557993,63.52974194330727,127.51232625671732,13.487612142348269,23.844210237018928,33.57111191606526,94.37410496659744
79,7.303284211370131,19.10689337210281,3.1142432624567684,7.636839514970387,35.867128062558265,69.29934937702626,67.35171604828075,52.58578771557993,26.12159009934816
80,4.4122950105657575,23.506400766370884,13.487612142348269,33.57111191606526,44.21196994661145,4.530789174910568,53.33357773040799,3.1142432624567684,51.14215262604846
81,6.296434248243552,15.640142575301091,57.92193106670656,52.58578771557993,63.3005916014763,28.2290347416918,71.47263380432861,51.41951009755359,74.95994922590914
82,0.0,53.33357773040799,63.38942373768011,3.1142432624567684,63.52974194330727,44.21196994661145,65.75486164488264,127.51232625671732,15.640142575301091
83,2.6969037837477474,41.651408760998834,44.21196994661145,51.41951009755359,68.16777776074922,63.3005916014763,17.021969500118047,35.867128062558265,89.90301599811686
84,7.128197594143044,31.486371017247755,55.78417439763273,127.51232625671732,32.34032164710557,63.52974194330727,10.167804482391144,44.21196994661145,124.11679686335395
85,7.214723588625733,72.48555125855775,63.899612890391175,35.867128062558265,86.71308852554128,68.16777776074922,7.636839514970387,63.3005916014763,63.52974194330727
86,2.830579076499756,57.3509611117281,10.051501034884858,44.21196994661145,7.636839514970387,18.48749937972313,33.57111191606526,35.21104254889525,68.16777776074922
87,2.91183195432858,7.636839514970387,39.65881134891491,63.3005916014763,30.552970678422465,10.051501034884858,52.58578771557993,68.16777776074922,62.47424259323312
88,11.776284414393407,18.48749937972313,26.228200727275592,35.21104254889525,39.251213451004375,61.46117068415941,30.552970678422465,61.46117068415941,26.12159009934816
89,3.9146280024549545,15.640142575301091,67.98329017447331,68.16777776074922,83.08269636659941,26.12159009934816,116.85208144155683,26.12159009934816,115.67877226005844
90,13.007798373366883,46.27706534369489,26.12159009934816,67.98329017447331,38.482196205660166,35.867128062558265,127.51232625671732,35.867128062558265,112.67355296403063
91,7.718285066132156,33.76070194606223,39.251213451004375,26.12159009934816,76.66504481000626,127.51232625671732,35.867128062558265,127.51232625671732,76.66504481000626
92,3.5108347418449326,44.21196994661145,115.67877226005844,97.454943708045,19.10689337210281,115.67877226005844,81.1999909330714,35.21104254889525,104.67187827811684
93,5.203981884496304,54.43941799031994,69.34298596890551,115.67877226005844,75.17007589725216,119.66116421470716,35.21104254889525,33.57111191606526,68.16777776074922
94,14.217796772632587,53.33357773040799,104.169668733385,79.03857636449828,90.76140129784372,76.66504481000626,68.16777776074922,119.66116421470716,67.96796321780818
95,8.762535575714049,71.47263380432861,76.66504481000626,104.169668733385,7.636839514970387,68.16777776074922,64.02438877738412,76.66504481000626,7.636839514970387
96,14.135742940017568,65.75486164488264,19.10689337210281,76.66504481000626,111.0357224169239,7.636839514970387,26.12159009934816,68.16777776074922,76.13656313489018
97,6.487951430822992,29.522143410164144,68.16777776074922,68.16777776074922,0.0,19.10689337210281,39.251213451004375,119.66116421470716,142.7383984808128
98,9.606329408819,42.31127374460837,7.636839514970387,122.831638778275,116.85208144155683,0.0,115.67877226005844,15.62916467405199,102.29466605759964
99,0.7750411242436831,7.636839514970387,19.10689337210281,115.84006011359968,72.86916562590001,116.85208144155683,65.84387390034023,26.12159009934816,57.496564469318486
100,4.159399084249441,33.57111191606526,0.0,23.506400766370884,66.23115453992897,98.90252628970322,76.66504481000626,127.51232625671732,81.6481973611856
101,0.0,52.58578771557993,116.85208144155683,28.84127616986776,56.87623826490219,46.27706534369489,19.10689337210281,23.506400766370884,44.21196994661145
102,0.0,3.1142432624567684,98.90252628970322,134.10989986778418,71.11852534481389,59.07175890889215,119.74673737917634,35.867128062558265,58.92552050029654
103,4.4122950105657575,51.41951009755359,46.27706534369489,67.65540225115954,69.00810321046866,62.9205079311398,68.16777776074922,61.46117068415941,54.65548706657078
104,7.128197594143044,74.30033270283853,59.07175890889215,63.899612890391175,38.482196205660166,33.57111191606526,7.636839514970387,63.899612890391175,26.12159009934816
105,7.303284211370131,35.867128062558265,62.14431545641469,43.91634089942677,7.636839514970387,72.10312490072226,0.0,33.57111191606526,105.04348852864617
106,15.387513335715358,44.21196994661145,65.56840996188473,59.04997582828992,110.78166970713032,55.50991858677303,116.85208144155683,39.65881134891491,106.16548917435132
107,0.0,63.3005916014763,33.57111191606526,26.12159009934816,55.68205594980975,26.12159009934816,107.39084902776342,7.636839514970387,55.68205594980975
108,20.529699872170056,35.21104254889525,59.49361612395034,97.454943708045,84.30715058531536,31.486371017247755,66.23115453992897,61.623386823386,51.12022885676561
109,0.0,68.16777776074922,26.12159009934816,56.62927643800582,68.52664986146856,105.04348852864617,81.6481973611856,110.78166970713032,69.00810321046866
110,3.019826188625797,18.48749937972313,105.04348852864617,35.684888958281185,57.3509611117281,110.06977323503214,56.87623826490219,55.68205594980975,86.72206272990564
111,2.4738065354669185,61.46117068415941,119.66116421470716,61.24720684547483,95.59863150364112,55.68205594980975,71.11852534481389,103.55323520177146,45.59591111512084
112,0.0,7.636839514970387,55.68205594980975,65.01975986507237,51.80026935192114,43.64076460021892,69.00810321046866,62.77868363237514,53.276407479001904
113,12.51578002712012,35.867128062558265,89.6327319352618,124.55459423617118,64.70461376947598,75.76617031020726,38.482196205660166,41.651408760998834,31.062824945670524
114,11.78638552689354,79.65510609398838,75.76617031020726,95.37593990769848,23.844210237018928,86.72206272990564,26.12159009934816,74.06715345010596,26.12159009934816
115,4.684076296780081,35.21104254889525,95.59863150364112,55.81193657197888,7.636839514970387,67.58963537258633,61.623386823386,101.17301138940964,119.85330294937452
116,0.0,33.57111191606526,67.58963537258633,23.844210237018928,72.99690185734335,23.844210237018928,31.486371017247755,26.12159009934816,46.27706534369489
117,0.0,54.43941799031994,86.72206272990564,7.636839514970387,100.0940731321347,7.636839514970387,105.04348852864617,110.68582720585788,55.72474798826629
118,7.214723588625733,76.66504481000626,26.12159009934816,67.9677700191065,55.10105402313767,92.830039633564,110.06977323503214,115.07547212795744,52.447641701054046
119,16.309933146173606,44.21196994661145,77.65047115023442,25.02609869838625,158.05132872140382,18.48749937972313,55.68205594980975,62.49758422031292,97.78880682492398
120,0.5637143564423058,12.568579977111256,90.79655690801566,46.27706534369489,68.16777776074922,46.27706534369489,15.640142575301091,158.05132872140382,79.40277636580336
121,2.960144946582118,68.16777776074922,120.758785864905,59.21696516866341,63.52974194330727,76.66504481000626,58.63678283027168,63.52974194330727,85.11829629359619
122,18.73381619939377,50.49321281970752,18.48749937972313,158.05132872140382,112.81016237985628,92.08252252370372,66.73758502946434,116.12772437919104,26.12159009934816
123,10.295370231090036,15.62916467405199,46.27706534369489,63.899612890391175,26.12159009934816,74.62462980102664,23.506400766370884,66.34336091799776,51.492172117730085
124,6.145876795489233,7.636839514970387,52.652508742164585,68.2650348328134,61.13253849500226,52.652508742164585,26.12159009934816,26.12159009934816,104.98715827919774
125,3.854482903543415,19.10689337210281,80.07684085868868,68.37549216998056,98.90252628970322,76.34424103317485,115.71495904409474,125.6331577130213,105.55428590631716
126,16.863005510575263,23.506400766370884,26.12159009934816,26.12159009934816,64.08325443725957,26.12159009934816,100.0940731321347,90.34408793637876,58.24381816987516
127,7.055583487765243,63.683352299039406,123.21660168083356,134.62685020185182,23.506400766370884,117.13196969133908,49.35308779404424,106.63267245079784,59.49377903590024
128,12.91840164854206,46.27706534369489,74.2916238571571,90.34408793637876,32.751219967399415,74.2916238571571,158.05132872140382,78.61580303741522,72.10312490072226
129,0.7750411242436831,44.21196994661145,41.56314252054269,57.06428232581949,77.4008883217752,41.56314252054269,112.81016237985628,104.14323689672646,58.1267629786228
130,13.007798373366883,55.10105402313767,117.7860111841214,89.74140526380387,74.13959554804978,63.20595657167126,67.89059061802394,79.27389107980785,58.67067085420187
131,0.0,63.899612890391175,96.5955511179221,128.50956047685372,79.3286155580024,110.393878839183,79.49567638536696,104.9497871815904,56.72627636413968
132,0.0,33.57111191606526,54.62262705272613,79.27389107980785,15.62916467405199,54.62262705272613,55.72474798826629,65.62214022208867,55.68205594980975
133,0.0,39.65881134891491,15.62916467405199,104.9497871815904,7.636839514970387,15.62916467405199,26.12159009934816,7.636839514970387,44.21196994661145
134,7.128197594143044,25.02609869838625,63.01103079845774,65.62214022208867,55.68205594980975,88.40541462220489,77.09011272962962,79.82734822945879,55.72474798826629
135,0.0,7.636839514970387,45.39418639695501,7.636839514970387,54.6013947454114,52.76737496705047,92.1287149166434,69.03385180187333,105.04348852864617
136,6.6638126733491685,39.251213451004375,7.636839514970387,79.82734822945879,89.36170882487178,7.636839514970387,55.10105402313767,44.21196994661145,54.43941799031994
137,0.0,33.96503215890054,81.6481973611856,69.03385180187333,44.21196994661145,55.68205594980975,63.899612890391175,158.05132872140382,72.10312490072226
138,4.684076296780081,77.31631649435825,91.35338855561236,44.21196994661145,55.72474798826629,44.21196994661145,104.10309170356278,67.89059061802394,139.27583930762464
139,3.019826188625797,23.506400766370884,44.21196994661145,158.05132872140382,79.40277636580336,55.72474798826629,32.34032164710557,72.09080828921572,75.19031376525606
140,2.4738065354669185,44.21196994661145,55.72474798826629,67.89059061802394,58.92552050029654,105.04348852864617,90.5187187351935,79.36353579076098,7.636839514970387
141,0.0,26.991188962058967,67.89059061802394,72.09080828921572,31.062824945670524,58.92552050029654,7.636839514970387,76.66504481000626,23.844210237018928
142,0.3875205621218416,43.32076003684726,58.92552050029654,79.36353579076098,85.18525062930694,72.10312490072226,55.68205594980975,7.636839514970387,55.81193657197888
143,16.309933146173606,55.6924973257865,31.062824945670524,76.66504481000626,76.66504481000626,31.062824945670524,54.6013947454114,23.844210237018928,60.108675575477456
144,2.960144946582118,78.20191126548805,79.36353579076098,26.12159009934816,7.636839514970387,75.19031376525606,92.69686779773136,90.27780057868527,95.0515077568109
145,7.852483660430585,15.386548204894032,76.66504481000626,44.688165162895686,23.844210237018928,76.66504481000626,44.21196994661145,58.45439810562077,99.50724561575828
146,12.51578002712012,31.062824945670524,7.636839514970387,4.684076296780081,65.75486164488264,7.636839514970387,55.72474798826629,66.34336091799776,23.2980087603922
147,4.4122950105657575,7.636839514970387,23.844210237018928,69.34298596890551,76.94310702795576,72.10312490072226,79.40277636580336,95.27003252322494,75.47528613369266
148,0.0,43.1345734476781,65.75486164488264,66.34336091799776,94.30436308840324,23.844210237018928,54.63155672498729,71.65182492739024,45.06702667288072
149,3.5108347418449326,45.46408098147068,76.94310702795576,104.169668733385,63.20595657167126,56.72627636413968,31.062824945670524,115.67877226005844,92.55456036875825
150,0.5637143564423058,18.48749937972313,94.30436308840324,38.49734281137666,71.47263380432861,33.57111191606526,85.18525062930694,26.12159009934816,7.636839514970387
151,7.214723588625733,46.27706534369489,63.20595657167126,18.48749937972313,115.67877226005844,76.94310702795576,158.21431221604635,48.65620405711926,55.68205594980975
152,5.335141565308859,49.61534806897726,71.47263380432861,115.67877226005844,26.12159009934816,94.30436308840324,54.49366000681719,43.91634089942677,44.21196994661145
153,18.73381619939377,14.525500708419337,115.67877226005844,26.12159009934816,55.68205594980975,63.20595657167126,65.75486164488264,15.640142575301091,15.640142575301091
154,15.387513335715358,32.751219967399415,7.636839514970387,48.65620405711926,15.640142575301091,46.87161437084405,66.34336091799776,23.506400766370884,54.43941799031994
155,16.863005510575263,35.21104254889525,25.02609869838625,98.80027145547768,119.66116421470716,26.12159009934816,76.94310702795576,107.19293667145996,47.32888389967341
156,4.159399084249441,44.21196994661145,61.1935518432826,37.205843634878526,47.32888389967341,55.68205594980975,94.30436308840324,98.87411511241272,105.04348852864617
157,8.710849854145865,12.91840164854206,62.93127333430808,107.19293667145996,105.04348852864617,15.640142575301091,63.20595657167126,71.94909321188271,65.75486164488264
158,12.91840164854206,66.34336091799776,15.640142575301091,98.87411511241272,65.75486164488264,119.66116421470716,115.67877226005844,66.34336091799776,66.34336091799776
159,6.145876795489233,7.636839514970387,47.32888389967341,71.94909321188271,66.34336091799776,47.32888389967341,26.12159009934816,53.88724467900358,88.89404347969125
160,11.78638552689354,27.053860942978726,101.56371337305448,66.34336091799776,88.89404347969125,105.04348852864617,55.68205594980975,18.48749937972313,18.48749937972313
161,10.295370231090036,41.651408760998834,66.34336091799776,53.88724467900358,18.48749937972313,65.75486164488264,93.36612676171109,26.12159009934816,26.12159009934816
162,13.007798373366883,29.762283269209995,98.2091426168695,18.48749937972313,26.12159009934816,66.34336091799776,37.205843634878526,51.41951009755359,142.7383984808128
163,0.0,18.48749937972313,86.46830548286236,26.12159009934816,51.41951009755359,88.89404347969125,120.758785864905,44.31349054230374,46.27706534369489
164,7.128197594143044,23.506400766370884,32.34032164710557,51.41951009755359,44.31349054230374,32.34032164710557,57.2563837820508,67.89059061802394,61.623386823386
165,0.0,45.39418639695501,26.12159009934816,44.31349054230374,46.27706534369489,7.636839514970387,105.04348852864617,53.33357773040799,63.68491230270351
166,13.122125031663854,56.23054113121483,55.72474798826629,67.89059061802394,67.89059061802394,14.525500708419337,51.12022885676561,44.39379117092759,85.35199291215815
167,9.609022441666976,48.3051608795107,55.68205594980975,53.33357773040799,63.68491230270351,55.68205594980975,57.74920284709328,56.72627636413968,111.81067498341392
168,0.0,30.905834387725463,67.89059061802394,79.49567638536696,111.81067498341392,79.24347823670004,18.48749937972313,119.66116421470716,61.86757754068779
169,6.145876795489233,51.409103296452976,115.39482310094172,44.39379117092759,53.04910978043364,115.39482310094172,26.12159009934816,79.36353579076098,26.12159009934816
170,4.4122950105657575,47.14930340656577,111.81067498341392,56.72627636413968,79.36353579076098,44.21196994661145,51.41951009755359,7.636839514970387,49.35308779404424
171,0.0,15.62916467405199,53.04910978043364,119.66116421470716,7.636839514970387,62.28372262996759,29.00056030171276,23.844210237018928,50.77899556430128
172,16.309933146173606,28.288450116747843,79.36353579076098,7.636839514970387,49.35308779404424,67.76790129653567,46.27706534369489,85.11829629359619,46.27706534369489
173,3.2432547405948977,7.636839514970387,7.636839514970387,23.844210237018928,23.844210237018928,75.34202067460683,61.623386823386,55.68205594980975,28.58661517112855
174,4.684076296780081,12.568579977111256,23.844210237018928,85.11829629359619,81.6481973611856,7.636839514970387,63.68491230270351,54.6013947454114,115.71495904409474
175,0.0,67.41447288353484,85.11829629359619,55.68205594980975,74.95994922590914,23.844210237018928,85.35199291215815,74.95994922590914,76.66504481000626
176,4.159399084249441,10.2059905448889,55.68205594980975,54.6013947454114,72.99690185734335,85.11829629359619,111.81067498341392,77.13524576262311,57.38231936351517
177,2.4738065354669185,39.90062379253728,54.6013947454114,74.95994922590914,15.640142575301091,55.68205594980975,61.86757754068779,15.640142575301091,33.57111191606526
178,8.019453039724247,44.21196994661145,74.95994922590914,77.13524576262311,94.68854752847196,54.6013947454114,7.636839514970387,92.69686779773136,67.89059061802394
179,0.3875205621218416,14.525500708419337,77.13524576262311,15.640142575301091,67.89059061802394,74.95994922590914,63.95554555573534,79.40277636580336,26.12159009934816
180,0.0,61.623386823386,15.640142575301091,92.69686779773136,79.36353579076098,77.13524576262311,23.844210237018928,76.66504481000626,35.867128062558265
181,12.91840164854206,51.409103296452976,92.69686779773136,79.40277636580336,7.636839514970387,15.640142575301091,81.6481973611856,26.12159009934816,61.46117068415941
182,0.0,48.956321040407865,79.40277636580336,26.12159009934816,35.867128062558265,92.69686779773136,82.89821406365421,35.867128062558265,55.72474798826629
183,0.5637143564423058,31.062824945670524,76.66504481000626,35.867128062558265,58.36110648581092,79.40277636580336,9.622699368355027,58.36110648581092,127.51232625671732
184,3.019826188625797,39.97901344027873,26.12159009934816,15.640142575301091,158.05132872140382,26.12159009934816,38.733146854800914,127.51232625671732,68.37549216998056
185,2.960144946582118,7.636839514970387,35.867128062558265,58.36110648581092,127.51232625671732,35.867128062558265,94.68854752847196,62.14431545641469,119.66116421470716
186,15.387513335715358,23.844210237018928,64.74178973580894,74.95994922590914,62.14431545641469,64.74178973580894,97.77299102406413,50.77899556430128,63.899612890391175
187,7.303284211370131,19.10689337210281,127.51232625671732,127.51232625671732,79.49567638536696,127.51232625671732,61.623386823386,119.66116421470716,31.062824945670524
188,18.73381619939377,15.386548204894032,116.85367187584713,62.14431545641469,44.21196994661145,116.85367187584713,7.636839514970387,33.57111191606526,110.54454586320816
189,6.7678802015118205,71.26390922612282,119.66116421470716,79.49567638536696,54.43941799031994,119.66116421470716,35.867128062558265,110.54454586320816,26.12159009934816
190,11.78638552689354,23.506400766370884,71.47263380432861,119.66116421470716,101.36437288277186,71.47263380432861,79.05691276419607,30.552970678422465,46.27706534369489
191,9.505558746815316,69.34298596890551,110.54454586320816,110.54454586320816,105.04348852864617,101.17301138940964,127.52692033192722,7.636839514970387,25.02609869838625
192,6.6638126733491685,66.34336091799776,23.844210237018928,30.552970678422465,26.12159009934816,23.844210237018928,39.58740771980033,62.76760173949365,89.9088338008727
193,10.295370231090036,51.860220566958574,105.04348852864617,7.636839514970387,55.68205594980975,58.1267629786228,134.60196646032566,65.31463673216184,84.0802948469459
194,16.863005510575263,38.49734281137666,7.636839514970387,62.76760173949365,106.16548917435132,86.35508618523167,62.14431545641469,88.89404347969125,62.49758422031292
195,12.51578002712012,41.43624256216621,55.68205594980975,65.31463673216184,72.3868775087162,7.636839514970387,79.36180928428057,81.40241761010579,71.47263380432861
196,0.0,35.21104254889525,88.89404347969125,88.89404347969125,102.25828727948227,46.27706534369489,91.30447836257122,105.20877745380388,89.67833968250717
197,7.128197594143044,7.636839514970387,76.94310702795576,81.40241761010579,75.17007589725216,18.48749937972313,86.72206272990564,71.47263380432861,7.636839514970387
198,6.695988109199242,18.48749937972313,65.75486164488264,105.20877745380388,7.636839514970387,78.50069433004455,115.39482310094172,7.636839514970387,55.68205594980975
199,0.0,39.251213451004375,71.47263380432861,71.47263380432861,55.68205594980975,89.0479857163449,26.12159009934816,55.68205594980975,17.051458953753407
200,7.303284211370131,33.57111191606526,7.636839514970387,26.12159009934816,17.051458953753407,87.1848538245014,55.68205594980975,62.14431545641469,47.32888389967341
201,0.0,44.21196994661145,46.27706534369489,55.68205594980975,47.32888389967341,63.71602398935895,69.5435029349368,17.051458953753407,69.8825841049235
202,4.684076296780081,15.640142575301091,17.051458953753407,47.627004526654666,69.8825841049235,7.636839514970387,122.64762242454056,86.72206272990564,68.16777776074922
203,0.0,30.760078634405783,119.30546897003627,41.56314252054269,68.16777776074922,46.27706534369489,75.17007589725216,32.751219967399415,110.78166970713032
204,3.019826188625797,23.506400766370884,89.28536406916282,103.29572901550384,110.78166970713032,17.051458953753407,88.62366656445096,60.88889161609295,68.6684741602332
205,0.0,15.788021205950685,88.11202750655933,90.18104002061744,68.6684741602332,105.7702721294451,7.636839514970387,94.84448424591626,15.386548204894032
206,6.6638126733491685,47.16420431417454,59.07175890889215,94.84448424591626,15.386548204894032,85.24526459247438,46.27706534369489,43.23466481897923,97.31737922724996
207,4.159399084249441,65.75486164488264,18.48749937972313,53.24597348430391,97.31737922724996,63.899612890391175,17.051458953753407,28.733661662674606,26.12159009934816
208,12.810975872230134,66.34336091799776,73.06102891018796,38.687748452944405,26.12159009934816,43.1345734476781,119.30546897003627,51.04483639634894,55.68205594980975
209,2.960144946582118,35.21104254889525,53.47395524732382,15.386548204894032,46.27706534369489,18.48749937972313,95.03261543370708,7.636839514970387,65.83671180090879
210,10.718138120340267,18.48749937972313,26.12159009934816,26.12159009934816,58.1267629786228,46.33472901732773,88.11202750655933,72.99690185734335,33.76070194606223
211,0.0,84.2067351693854,112.85122994937988,104.9497871815904,115.71495904409474,28.733661662674606,59.07175890889215,58.38167307478719,106.12814814582468
212,0.0,7.636839514970387,68.2650348328134,115.71495904409474,52.000989824789166,101.17301138940964,18.48749937972313,23.844210237018928,15.640142575301091
213,15.387513335715358,51.41951009755359,142.7383984808128,58.38167307478719,63.683352299039406,26.12159009934816,67.31306268109455,110.54454586320816,56.866551234894914
214,4.4122950105657575,15.81390165741783,110.68582720585788,112.81016237985628,60.108675575477456,46.27706534369489,62.1254738364999,112.81016237985628,93.5680959483336
215,12.91840164854206,61.623386823386,79.52918176830319,100.0940731321347,18.48749937972313,56.10237318548423,26.12159009934816,100.0940731321347,33.57111191606526
216,7.214723588625733,53.33357773040799,57.3509611117281,71.47263380432861,62.14431545641469,142.7383984808128,81.6481973611856,71.47263380432861,79.40277636580336
217,10.295370231090036,44.39379117092759,76.13656313489018,116.85367187584713,50.77899556430128,110.68582720585788,115.71495904409474,89.67833968250717,26.12159009934816
218,13.122125031663854,71.32873412583075,26.12159009934816,26.12159009934816,26.12159009934816,46.23684696070036,68.39298174011184,26.12159009934816,47.62164779964874
219,18.73381619939377,44.21196994661145,90.9000042323038,15.640142575301091,104.98715827919774,63.157188483353714,95.59863150364112,9.622699368355027,70.55475320673987
220,13.00451678171939,64.34073019663082,37.205843634878526,46.27706534369489,35.867128062558265,57.3509611117281,94.68854752847196,55.68205594980975,122.20637295590326
221,2.4738065354669185,7.636839514970387,55.68205594980975,18.48749937972313,58.67067085420187,76.13656313489018,89.6327319352618,38.733146854800914,86.72206272990564
222,16.863005510575263,62.235323945379896,98.87366009862107,121.71198718972482,67.89059061802394,26.12159009934816,67.58963537258633,111.81067498341392,76.66955559625993
223,1.1274287128846117,23.844210237018928,65.1265502058108,65.72287772953852,131.18730968519054,109.41687187355112,26.12159009934816,63.76997302407794,19.10689337210281
224,0.3875205621218416,50.77899556430128,121.13300427942588,61.623386823386,86.72206272990564,15.640142575301091,72.89500875256283,115.39482310094172,105.72518503641422
225,16.309933146173606,39.251213451004375,71.47263380432861,32.38296954010639,33.57111191606526,55.68205594980975,98.90252628970322,33.57111191606526,70.69968752118133
226,12.91840164854206,33.76070194606223,44.97445572900953,63.68491230270351,55.56193902779135,67.07945491127138,15.640142575301091,71.47263380432861,7.636839514970387
227,0.3875205621218416,61.45161154663359,7.636839514970387,88.20227397411232,26.12159009934816,61.623386823386,55.68205594980975,35.21104254889525,23.844210237018928
228,0.0,15.640142575301091,65.75486164488264,7.636839514970387,32.34032164710557,32.38296954010639,54.4056869621665,7.636839514970387,60.37063357156667
229,10.295370231090036,69.34298596890551,23.844210237018928,32.34032164710557,25.02609869838625,121.13300427942588,67.89059061802394,32.34032164710557,120.55800436146431
230,0.0,33.57111191606526,158.05132872140382,18.48749937972313,53.46899893956996,93.38946498665952,121.13300427942588,18.48749937972313,49.07869716835916
231,2.91183195432858,18.48749937972313,76.94310702795576,23.844210237018928,55.72474798826629,7.636839514970387,83.8806384222034,30.552970678422465,48.65620405711926
232,0.0,67.89059061802394,55.68205594980975,69.53553104027988,68.2650348328134,23.844210237018928,7.636839514970387,27.22515910338041,64.41000721808135
233,4.684076296780081,76.66504481000626,105.04348852864617,27.22515910338041,110.68582720585788,69.53553104027988,65.75486164488264,46.27706534369489,73.72849674562812
234,7.214723588625733,7.636839514970387,64.13757244824706,39.251213451004375,46.27706534369489,158.05132872140382,23.844210237018928,69.42309348118769,105.88960188537166
235,13.122125031663854,35.867128062558265,71.47263380432861,57.51553888647006,75.51197884818963,39.251213451004375,158.05132872140382,63.22415472242065,61.47049861463744
236,2.960144946582118,58.36110648581092,47.32888389967341,85.07965663403371,72.10312490072226,32.6946266527963,76.94310702795576,60.87511109047762,104.77880448407744
237,4.4122950105657575,79.65510609398838,26.12159009934816,98.49643542386048,26.12159009934816,57.25503565808909,46.27706534369489,96.42770942882927,26.12159009934816
238,5.8891029115351605,62.14431545641469,62.47424259323312,69.59879748266025,65.75486164488264,65.1265502058108,66.34336091799776,69.59879748266025,53.437502477801885
239,0.0,50.77899556430128,15.640142575301091,26.12159009934816,88.45504247211616,71.47263380432861,60.31167784207651,26.12159009934816,67.96796321780818
240,6.145876795489233,44.21196994661145,55.68205594980975,65.75486164488264,49.44989058904419,89.6939936374824,15.493096159676131,67.89059061802394,52.89727749865094
241,11.78638552689354,54.43941799031994,63.899612890391175,31.062824945670524,37.205843634878526,23.506400766370884,63.52974194330727,56.72627636413968,18.48749937972313
242,0.0,12.568579977111256,105.04348852864617,55.72474798826629,55.68205594980975,26.12159009934816,23.506400766370884,31.062824945670524,122.70147558353383
243,7.128197594143044,33.57111191606526,119.66116421470716,55.68205594980975,105.04348852864617,65.75486164488264,26.12159009934816,55.72474798826629,85.73519139004026
244,0.0,23.506400766370884,93.91625940424066,105.04348852864617,119.66116421470716,33.57111191606526,65.75486164488264,55.68205594980975,76.4437409731828
245,0.0,30.552970678422465,26.12159009934816,119.66116421470716,61.00946531594111,15.640142575301091,33.57111191606526,105.04348852864617,26.12159009934816
246,7.303284211370131,15.62916467405199,23.506400766370884,62.06811331822829,26.12159009934816,67.96796321780818,49.44989058904419,119.66116421470716,39.251213451004375
247,12.51578002712012,7.636839514970387,48.65620405711926,68.37549216998056,48.65620405711926,104.67187827811684,15.640142575301091,79.49567638536696,76.66504481000626
248,16.58709423727748,39.251213451004375,15.62916467405199,26.12159009934816,58.1267629786228,112.67355296403063,55.68205594980975,26.12159009934816,59.595840653549416
249,3.019826188625797,4.684076296780081,107.19293667145996,95.59863150364112,107.19293667145996,62.06811331822829,105.04348852864617,86.72206272990564,103.9579685377564
250,4.159399084249441,18.48749937972313,109.22544968470824,66.97060124332872,109.22544968470824,39.65881134891491,119.66116421470716,48.65620405711926,77.40745883013341
251,3.5108347418449326,35.21104254889525,42.83748530006115,48.65620405711926,79.0619545311756,26.12159009934816,61.00946531594111,67.55432657351943,47.681551366452695
252,15.387513335715358,65.84387390034023,69.66537069387783,69.4362098908199,66.79724809391266,23.506400766370884,7.636839514970387,107.19293667145996,90.315830075618
253,16.863005510575263,41.43624256216621,61.36602854822518,109.22544968470824,62.14431545641469,48.65620405711926,41.56314252054269,109.22544968470824,77.22808566175242
254,8.019453039724247,40.72926376580647,50.83783410734264,56.27063389328144,57.45263797523511,15.62916467405199,81.6481973611856,42.83748530006115,26.12159009934816
255,18.73381619939377,54.59586883945621,26.12159009934816,66.87777792992233,26.12159009934816,107.19293667145996,25.841269620297503,55.67706387852628,71.26390922612282
256,7.055583487765243,71.47263380432861,81.90746559072467,63.76752957826006,59.08535585199724,109.22544968470824,15.62916467405199,57.45263797523511,39.251213451004375
257,0.5637143564423058,7.636839514970387,106.63267245079784,26.12159009934816,46.27706534369489,42.83748530006115,43.52144904764858,26.12159009934816,18.48749937972313
258,4.159399084249441,46.27706534369489,119.93374441281637,55.713204455065984,25.02609869838625,62.14431545641469,52.000989824789166,74.75309840113363,76.66504481000626
259,0.0,62.14431545641469,94.5412740993026,35.867128062558265,55.72474798826629,57.45263797523511,46.09416437341631,35.867128062558265,69.34298596890551
260,6.6638126733491685,17.051458953753407,103.03385459650708,74.30033270283853,106.12814814582468,66.67162795479634,94.68854752847196,74.30033270283853,104.169668733385
261,2.4738065354669185,23.506400766370884,51.4079101986635,18.48749937972313,69.35290228804767,26.12159009934816,89.3139278836291,18.48749937972313,66.34336091799776
262,0.0,32.751219967399415,101.17301138940964,74.95994922590914,66.34336091799776,64.74178973580894,47.627004526654666,67.58963537258633,115.67877226005844
263,14.135742940017568,60.88889161609295,7.636839514970387,15.640142575301091,31.062824945670524,35.867128062558265,26.12159009934816,142.7383984808128,26.12159009934816
264,14.859639253960342,43.1345734476781,32.38296954010639,119.66116421470716,63.52974194330727,74.30033270283853,64.74178973580894,119.66116421470716,69.0966645173219
265,3.019826188625797,18.48749937972313,35.867128062558265,72.10312490072226,7.636839514970387,18.48749937972313,14.766290915009508,70.35597468210548,104.52875109968193
266,0.0,43.23466481897923,23.844210237018928,75.19031376525606,32.38296954010639,55.72474798826629,52.56715767555672,26.12159009934816,112.56591342219716
267,1.6866616882544527,28.733661662674606,15.640142575301091,7.636839514970387,35.867128062558265,119.66116421470716,18.48749937972313,65.75486164488264,67.58963537258633
268,0.0,15.386548204894032,131.18730968519054,65.75486164488264,23.844210237018928,66.34336091799776,22.850815102445317,23.506400766370884,113.95613792028678
269,0.0,51.04483639634894,95.41332038804656,47.32888389967341,15.640142575301091,31.062824945670524,55.72474798826629,55.68205594980975,115.07547212795744
270,0.0,7.636839514970387,69.92785200997189,55.68205594980975,131.18730968519054,63.52974194330727,112.67355296403063,15.640142575301091,106.12814814582468
271,4.4122950105657575,72.99690185734335,61.00567479485637,23.844210237018928,95.41332038804656,7.636839514970387,66.34336091799776,71.47263380432861,7.636839514970387
272,12.91840164854206,58.38167307478719,69.09261779666252,15.640142575301091,69.92785200997189,32.38296954010639,31.062824945670524,105.04348852864617,105.77915122943551
273,6.325499006824784,23.844210237018928,7.636839514970387,71.47263380432861,61.00567479485637,35.867128062558265,63.52974194330727,119.66116421470716,23.844210237018928
274,3.5108347418449326,23.506400766370884,86.72206272990564,105.04348852864617,69.09261779666252,23.844210237018928,7.636839514970387,33.57111191606526,79.85680798359012
275,2.531591649934698,56.23054113121483,0.0,76.94310702795576,26.12159009934816,15.640142575301091,35.867128062558265,35.42089162718143,76.66504481000626
276,0.0,51.64031985237029,26.991188962058967,89.67833968250717,99.6633867744499,131.18730968519054,23.844210237018928,7.636839514970387,14.766290915009508
277,7.128197594143044,33.57111191606526,97.91808453487693,7.636839514970387,119.66116421470716,95.41332038804656,37.205843634878526,127.51232625671732,22.850815102445317
278,9.609022441666976,18.48749937972313,48.65620405711926,99.6633867744499,76.66504481000626,69.92785200997189,131.18730968519054,99.6633867744499,89.8185388599732
279,20.529699872170056,71.47263380432861,98.87411511241272,0.0,46.27706534369489,61.00567479485637,60.9731162495838,25.841269620297503,70.31566221675708
280,7.303284211370131,15.386548204894032,78.58110907571628,57.04319771931844,53.33357773040799,69.09261779666252,69.09261779666252,93.26013305424152,69.59879748266025
281,16.58709423727748,35.42089162718143,68.32560338224525,76.66504481000626,75.76617031020726,26.12159009934816,88.45504247211616,76.66504481000626,42.54594292635544
282,2.960144946582118,7.636839514970387,70.1284056617005,55.68205594980975,18.48749937972313,86.72206272990564,67.89059061802394,35.867128062558265,47.32888389967341
283,9.505558746815316,9.622699368355027,115.39482310094172,105.04348852864617,67.58963537258633,26.991188962058967,48.33942151240228,74.75309840113363,7.636839514970387
284,13.007798373366883,46.27706534369489,119.30546897003627,26.91202000829497,60.31167784207651,97.91808453487693,7.636839514970387,67.58963537258633,15.62916467405199
285,6.145876795489233,38.733146854800914,7.636839514970387,75.76617031020726,23.506400766370884,39.251213451004375,99.6633867744499,32.38296954010639,86.27252180356501
286,8.110912639880349,18.48749937972313,98.38864917831248,67.58963537258633,26.12159009934816,47.16420431417454,25.841269620297503,26.12159009934816,88.89404347969125
287,14.217796772632587,49.19270848802522,25.841269620297503,104.67187827811684,110.06977323503214,78.58110907571628,93.26013305424152,109.82496944361608,25.841269620297503
288,11.103780234469802,63.76997302407794,61.623386823386,32.38296954010639,15.640142575301091,18.48749937972313,76.66504481000626,59.171736336413,18.48749937972313
289,0.3875205621218416,41.651408760998834,55.7448038279119,7.636839514970387,46.27706534369489,68.32560338224525,55.68205594980975,15.640142575301091,65.75486164488264
290,18.73381619939377,63.68491230270351,55.68205594980975,86.27252180356501,15.493096159676131,70.1284056617005,105.04348852864617,128.63129511373145,66.34336091799776
291,0.0,33.57111191606526,92.26735634123516,25.841269620297503,42.83748530006115,105.04348852864617,75.76617031020726,64.53818566489188,67.41447288353484
292,0.0,71.47263380432861,86.72206272990564,15.640142575301091,65.75486164488264,56.08980700650153,67.58963537258633,66.97060124332872,7.636839514970387
293,6.695988109199242,35.21104254889525,26.12159009934816,89.6327319352618,62.06811331822829,7.636839514970387,105.04348852864617,89.90301599811686,37.205843634878526
294,3.019826188625797,7.636839514970387,28.84127616986776,88.02173949776571,40.30364586819421,15.62916467405199,26.12159009934816,26.12159009934816,55.68205594980975
295,0.0,32.34032164710557,111.62500079450766,64.43927754882242,80.24782181002139,106.23913840960572,67.23101304436324,37.205843634878526,76.54821823655432
296,7.128197594143044,18.48749937972313,43.91634089942677,67.41447288353484,32.38296954010639,25.841269620297503,55.68205594980975,132.76526932572568,23.844210237018928
297,4.159399084249441,17.051458953753407,115.84006011359968,26.12159009934816,26.12159009934816,61.623386823386,63.899612890391175,87.95004065778122,95.0838500774463
298,0.0,69.8825841049235,62.06811331822829,37.205843634878526,15.640142575301091,55.68205594980975,79.0619545311756,110.34016335040276,83.66256389004738
299,2.4738065354669185,14.525500708419337,70.93602130280907,132.76526932572568,35.867128062558265,95.03261543370708,58.51534119614391,117.39686333228552,99.52017242586214
300,6.325499006824784,46.27706534369489,59.04997582828992,69.39153409784616,69.98786162157388,56.72627636413968,121.2906397627833,44.33186157590183,48.39404086285455
301,4.684076296780081,69.42309348118769,7.636839514970387,98.80027145547768,77.97531613131177,23.506400766370884,40.30364586819421,45.62873767767872,58.522936131964414
302,13.007798373366883,51.492172117730085,30.552970678422465,117.39686333228552,121.71198718972482,26.12159009934816,86.72206272990564,62.02778242427615,70.65471133519648
303,2.531591649934698,32.751219967399415,55.68205594980975,44.33186157590183,18.48749937972313,15.640142575301091,7.636839514970387,76.66504481000626,26.12159009934816
304,0.0,54.4056869621665,58.51534119614391,71.47263380432861,69.59879748266025,28.84127616986776,35.867128062558265,26.12159009934816,94.68854752847196
305,12.91840164854206,72.10312490072226,119.30546897003627,50.79430963751349,158.21431221604635,98.02803920274675,48.72695922015328,46.33675924068829,81.6481973611856
306,2.960144946582118,7.636839514970387,90.03037641598814,7.636839514970387,61.20242044822073,48.82742518902169,99.38719202947632,42.83748530006115,58.38167307478719
307,0.0,67.89059061802394,49.44989058904419,23.844210237018928,91.6857138764986,103.80280579287772,67.89059061802394,72.82707985545919,49.44989058904419
308,6.6638126733491685,56.72627636413968,105.04348852864617,94.68854752847196,81.04163422051754,57.74920284709328,103.46100711308816,69.93385461359168,47.23411636516308
309,0.0,33.57111191606526,99.13663737040557,81.6481973611856,106.60053991244044,86.0312511501103,18.48749937972313,120.06165534052204,106.12356806441971
310,4.4122950105657575,31.062824945670524,26.12159009934816,83.42769779001344,77.49564501327391,72.33977281095444,52.611747617233966,75.89710293380233,61.00946531594111
311,7.718285066132156,14.525500708419337,131.18730968519054,86.72206272990564,79.24347823670004,26.12159009934816,85.22611835416274,61.064196460852735,7.636839514970387
312,9.609022441666976,46.27706534369489,102.2192840037389,88.69169572828424,65.16871494636607,48.65620405711926,7.636839514970387,7.636839514970387,55.923614964595785
313,1.5136107339377856,41.651408760998834,86.72206272990564,57.409883644742855,109.45413465790875,65.75486164488264,30.552970678422465,109.45413465790875,25.841269620297503
314,11.78638552689354,15.493096159676131,69.66537069387783,72.90934996663046,39.601317508350206,86.72206272990564,55.68205594980975,39.601317508350206,83.86088080923386
315,6.296434248243552,60.31167784207651,35.867128062558265,7.636839514970387,99.26632856457807,49.44989058904419,61.795960247793424,36.074999308537386,86.72206272990564
316,7.303284211370131,57.04319771931844,64.27443525852769,109.45413465790875,68.71973210707563,98.87411511241272,110.54454586320816,86.72206272990564,57.74920284709328
317,3.854482903543415,50.77899556430128,42.83748530006115,39.601317508350206,23.506400766370884,41.43624256216621,88.89404347969125,72.10312490072226,74.62462980102664
318,16.863005510575263,7.636839514970387,36.06786509335062,15.640142575301091,62.1254738364999,119.64113210237105,76.82491983189165,57.31409367246901,46.27706534369489
319,9.505558746815316,23.506400766370884,26.12159009934816,36.074999308537386,60.00978771994728,65.02721178498403,105.04348852864617,42.83748530006115,19.10689337210281
320,10.295370231090036,39.251213451004375,76.66504481000626,23.506400766370884,51.733183422064506,26.12159009934816,66.34336091799776,47.728436915299405,42.83748530006115
321,0.3875205621218416,67.55432657351943,18.48749937972313,72.10312490072226,47.681551366452695,59.49377903590024,7.636839514970387,67.96796321780818,36.06786509335062
322,16.309933146173606,35.46288408481417,119.66116421470716,57.31409367246901,67.96796321780818,105.55428590631716,109.45413465790875,26.12159009934816,26.12159009934816
323,9.920624395986012,15.788021205950685,46.27706534369489,42.83748530006115,26.12159009934816,102.2192840037389,39.601317508350206,18.48749937972313,76.66504481000626
324,0.3875205621218416,19.10689337210281,115.67877226005844,47.728436915299405,38.733146854800914,15.640142575301091,36.074999308537386,37.205843634878526,18.48749937972313
325,0.0,57.51553888647006,65.75486164488264,67.96796321780818,18.48749937972313,23.506400766370884,86.72206272990564,119.66116421470716,119.66116421470716
326,0.0,42.83748530006115,53.33357773040799,26.12159009934816,9.622699368355027,69.66537069387783,63.92317829293735,46.27706534369489,46.27706534369489
327,0.0,40.30364586819421,66.34336091799776,76.66504481000626,119.66116421470716,64.27443525852769,48.86808173148913,35.21104254889525,35.21104254889525
328,4.684076296780081,22.909589403112545,26.12159009934816,18.48749937972313,46.27706534369489,42.83748530006115,47.681551366452695,65.75486164488264,65.75486164488264
329,4.4122950105657575,56.09606079350225,47.74289166997524,119.66116421470716,115.67877226005844,36.06786509335062,64.43927754882242,53.33357773040799,53.33357773040799
330,0.0,15.386548204894032,124.11679686335395,46.27706534369489,65.75486164488264,26.12159009934816,67.96796321780818,71.47263380432861,33.57111191606526
331,10.295370231090036,7.636839514970387,15.640142575301091,46.87161437084405,53.33357773040799,76.66504481000626,26.12159009934816,88.45504247211616,66.34336091799776
332,6.325499006824784,64.74178973580894,47.32888389967341,56.72627636413968,71.47263380432861,119.66116421470716,76.66504481000626,26.12159009934816,7.636839514970387
333,0.0,35.867128062558265,45.35554630189378,53.33357773040799,26.12159009934816,55.68205594980975,88.64549595254128,47.74289166997524,17.632335868273714
334,0.0,74.30033270283853,44.69022396758625,33.57111191606526,76.66504481000626,115.67877226005844,138.4641403749795,110.54454586320816,65.31463673216184
335,0.0,18.48749937972313,66.34336091799776,72.10312490072226,42.83748530006115,65.75486164488264,123.73539371953764,93.91625940424066,0.0
336,3.019826188625797,71.47263380432861,88.89404347969125,47.74289166997524,40.30364586819421,105.04348852864617,56.3549301095844,69.34298596890551,100.8337063526241
337,2.960144946582118,14.525500708419337,67.41447288353484,99.12188746972436,79.03857636449828,66.34336091799776,57.74920284709328,48.65620405711926,91.02445645471076
338,4.159399084249441,47.45180673964343,26.12159009934816,15.640142575301091,97.454943708045,7.636839514970387,67.96796321780818,44.688165162895686,15.640142575301091
339,7.128197594143044,41.651408760998834,61.66217576991834,47.32888389967341,71.26390922612282,30.552970678422465,26.12159009934816,104.169668733385,32.38296954010639
340,4.819758292294901,41.43624256216621,62.77868363237514,93.91625940424066,94.57827775370995,42.83748530006115,47.32888389967341,62.06811331822829,62.76760173949365
341,7.214723588625733,31.062824945670524,54.62262705272613,69.34298596890551,62.06811331822829,66.48234552747743,93.91625940424066,26.12159009934816,95.41332038804656
342,2.4738065354669185,35.21104254889525,144.46066223980557,48.65620405711926,26.12159009934816,15.640142575301091,55.68205594980975,61.66217576991834,59.01450710166656
343,20.529699872170056,7.636839514970387,48.65620405711926,44.688165162895686,103.9579685377564,23.506400766370884,105.04348852864617,62.77868363237514,26.12159009934816
344,6.145876795489233,65.75486164488264,98.87411511241272,77.76863757291937,53.46899893956996,97.37018463797124,65.75486164488264,76.66504481000626,46.79529802712396
345,7.303284211370131,23.506400766370884,75.22560152817917,62.06811331822829,72.10312490072226,68.00743560469459,119.66116421470716,78.41523735748049,49.35308779404424
346,18.73381619939377,46.27706534369489,63.27178975914195,26.12159009934816,158.05132872140382,61.795960247793424,62.06811331822829,48.65620405711926,70.65471133519648
347,3.5108347418449326,15.640142575301091,7.636839514970387,75.51197884818963,39.251213451004375,66.34336091799776,15.62916467405199,98.87411511241272,72.10312490072226
348,15.12577892370374,43.58587892216657,61.623386823386,55.713204455065984,28.58661517112855,36.06786509335062,26.12159009934816,73.42619087590694,106.12356806441971
349,11.78638552689354,71.47263380432861,81.6481973611856,72.10312490072226,69.40953965121444,26.12159009934816,87.49156848499041,66.50932395849529,47.23411636516308
350,6.6638126733491685,53.33357773040799,72.46467904403565,55.72474798826629,91.89647628623052,71.47263380432861,95.59863150364112,7.636839514970387,46.27706534369489
351,16.863005510575263,18.48749937972313,95.59863150364112,119.66116421470716,7.636839514970387,65.75486164488264,39.251213451004375,61.623386823386,63.683352299039406
352,2.531591649934698,57.04319771931844,88.20227397411232,35.867128062558265,37.78481194666956,119.66116421470716,100.19867855035923,105.04348852864617,23.2980087603922
353,10.986151826760612,33.57111191606526,91.35338855561236,127.51232625671732,99.29876373895554,47.32888389967341,108.08267947286308,55.68205594980975,7.636839514970387
354,16.58709423727748,35.42089162718143,44.21196994661145,32.34032164710557,81.6481973611856,55.68205594980975,144.5703441209725,72.46467904403565,67.89059061802394
355,6.145876795489233,7.636839514970387,55.40549506227969,7.636839514970387,92.4914650000013,105.04348852864617,80.28541535842349,97.77299102406413,76.66504481000626
356,4.4122950105657575,0.0,7.636839514970387,61.623386823386,41.56314252054269,15.62916467405199,7.636839514970387,44.21196994661145,39.251213451004375
357,0.0,53.09699254870603,62.76760173949365,46.27706534369489,91.35338855561236,88.89404347969125,67.89059061802394,62.77868363237514,42.83748530006115
358,10.295370231090036,76.66504481000626,23.844210237018928,72.46467904403565,44.21196994661145,7.636839514970387,55.72474798826629,101.17301138940964,53.43556678928736
359,13.122125031663854,26.116584502769488,15.640142575301091,97.77299102406413,55.40549506227969,61.623386823386,58.92552050029654,7.636839514970387,70.57786107091262
360,15.387513335715358,63.683352299039406,65.31463673216184,60.34819332617981,15.386548204894032,81.6481973611856,111.0357224169239,55.68205594980975,18.48749937972313
361,7.128197594143044,46.27706534369489,74.95994922590914,44.21196994661145,7.636839514970387,72.46467904403565,56.83170515374896,48.956321040407865,62.235323945379896
362,13.00451678171939,58.38167307478719,63.52974194330727,18.48749937972313,55.68205594980975,95.59863150364112,44.21196994661145,23.844210237018928,111.98742276794202
363,0.0,18.48749937972313,68.16777776074922,55.40549506227969,77.76246277665877,88.20227397411232,79.36353579076098,15.640142575301091,26.12159009934816
364,0.0,37.27605787694184,86.99718152703575,101.17301138940964,23.844210237018928,91.35338855561236,45.39418639695501,76.54821823655432,55.68205594980975
365,0.0,71.47263380432861,103.09971347041918,7.636839514970387,67.23101304436324,44.21196994661145,31.062824945670524,33.76070194606223,83.49196167151567
366,0.0,31.43858992195704,44.21196994661145,55.68205594980975,81.49081957301996,55.40549506227969,62.76760173949365,41.627506253319815,67.23101304436324
367,10.228968202597086,32.38296954010639,7.636839514970387,23.844210237018928,50.23355809659745,7.636839514970387,54.49366000681719,83.40966046709845,76.54821823655432
368,4.684076296780081,7.636839514970387,15.395582732425623,15.640142575301091,83.40966046709845,62.76760173949365,99.26632856457807,76.66021630572212,45.8007282788247
369,0.5637143564423058,44.60322321922886,53.36261113337879,76.54821823655432,67.9677700191065,23.844210237018928,51.60571568799068,67.9677700191065,83.40966046709845
370,9.609022441666976,19.10689337210281,76.66504481000626,74.95994922590914,71.48357569953941,15.640142575301091,81.28877044951247,26.12159009934816,110.68582720585788
371,0.0,59.171736336413,81.40241761010579,85.18525062930694,76.8567027451497,65.31463673216184,96.12114892004982,65.83671180090879,73.13557257116545
372,0.0,15.640142575301091,25.02609869838625,83.40966046709845,65.83671180090879,74.95994922590914,86.46470244385037,55.68205594980975,76.8567027451497
373,0.3875205621218416,44.21196994661145,87.30937812220878,67.9677700191065,172.8022743943151,63.52974194330727,89.90130409922095,82.53938451619037,65.83671180090879
374,18.73381619939377,82.5623510266447,66.34336091799776,79.40277636580336,55.68205594980975,68.16777776074922,63.69587836207762,76.66504481000626,190.85901614848697
375,3.019826188625797,64.53818566489188,115.67877226005844,26.12159009934816,82.53938451619037,86.99718152703575,7.636839514970387,42.83748530006115,55.68205594980975
376,4.159399084249441,66.97060124332872,26.12159009934816,65.83671180090879,55.314088565525054,103.09971347041918,199.03678326980065,117.6792078280118,87.0513254067225
377,12.810975872230134,67.41447288353484,96.9712631036481,55.68205594980975,79.40277636580336,26.12159009934816,90.42153799424686,79.40277636580336,77.92268802913695
378,2.960144946582118,23.506400766370884,95.59863150364112,82.53938451619037,33.57111191606526,65.83671180090879,76.66504481000626,57.72337377935027,88.8800330652298
379,7.303284211370131,7.636839514970387,104.10309170356278,76.66504481000626,56.866551234894914,55.68205594980975,70.03312990393198,26.12159009934816,84.60328304965877
380,10.718138120340267,15.640142575301091,95.41332038804656,42.83748530006115,91.79335555411596,93.5680959483336,122.930804757685,35.867128062558265,58.1267629786228
381,2.4738065354669185,35.867128062558265,72.78553649006659,117.6792078280118,7.636839514970387,76.66504481000626,69.66537069387783,86.72206272990564,26.12159009934816
382,16.863005510575263,23.844210237018928,55.6924973257865,79.40277636580336,12.568579977111256,96.53675716614964,113.25303426322958,110.06977323503214,118.4057439092119
383,6.6638126733491685,33.57111191606526,90.5187187351935,57.72337377935027,76.66504481000626,42.83748530006115,7.636839514970387,127.51232625671732,83.86789578867737
384,13.088402014278488,74.30033270283853,26.12159009934816,15.62916467405199,35.867128062558265,79.40277636580336,12.568579977111256,42.83748530006115,115.61472519221516
385,16.58709423727748,76.94310702795576,33.57111191606526,26.12159009934816,78.59162159846561,57.72337377935027,76.66504481000626,68.16777776074922,91.72256490657858
386,3.019826188625797,18.48749937972313,120.7168647549734,12.568579977111256,62.14431545641469,93.91625940424066,35.867128062558265,61.46117068415941,91.08813645067
387,0.0,64.74178973580894,9.622699368355027,46.51558523072132,86.74474629759675,26.12159009934816,41.651408760998834,36.06786509335062,134.57701993393763
388,7.214723588625733,71.47263380432861,55.10105402313767,23.506400766370884,52.611747617233966,110.54454586320816,79.65510609398838,62.06811331822829,7.636839514970387
389,0.0,35.42089162718143,38.733146854800914,105.14079707576477,79.05691276419607,108.72734779341825,53.276407479001904,110.54454586320816,23.844210237018928
390,7.718285066132156,7.636839514970387,46.27706534369489,140.421502344103,7.636839514970387,97.70926393945702,97.9736236048308,26.12159009934816,86.01782832263912
391,2.4738065354669185,19.10689337210281,63.683352299039406,68.16777776074922,50.49321281970752,58.38167307478719,69.5850309336176,119.66116421470716,88.0552532623194
392,0.0,15.640142575301091,19.10689337210281,90.9096351402482,49.35308779404424,62.06811331822829,91.08813645067,65.75486164488264,46.27706534369489
393,0.0,63.683352299039406,58.819512676812224,93.16804980585192,70.65471133519648,90.5187187351935,89.9088338008727,46.27706534369489,63.71544450737719
394,15.387513335715358,43.58587892216657,49.44989058904419,53.47395524732382,72.10312490072226,26.12159009934816,26.12159009934816,19.10689337210281,19.10689337210281
395,0.0,46.27706534369489,85.35199291215815,119.30546897003627,81.6481973611856,33.57111191606526,84.0802948469459,53.33357773040799,95.83045486226791
396,3.5108347418449326,58.38167307478719,26.12159009934816,7.636839514970387,94.68854752847196,120.7168647549734,66.41780890463006,93.91625940424066,113.64432598796208
397,6.296434248243552,23.506400766370884,142.7383984808128,23.844210237018928,44.21196994661145,9.622699368355027,70.65471133519648,76.66504481000626,49.44989058904419
398,12.51578002712012,42.83748530006115,61.623386823386,82.07162315202672,38.54909377039628,55.10105402313767,112.85122994937988,61.02386619459703,26.12159009934816
399,6.145876795489233,43.505601569031015,104.169668733385,55.68205594980975,46.79529802712396,38.733146854800914,62.14431545641469,7.636839514970387,158.05132872140382
400,7.128197594143044,62.06811331822829,79.03857636449828,115.39482310094172,67.23101304436324,46.27706534369489,38.54909377039628,119.16892902064126,55.68205594980975
401,18.73381619939377,40.30364586819421,93.30252409708577,89.40225465065977,26.12159009934816,63.683352299039406,50.77899556430128,111.0357224169239,47.74289166997524
402,4.684076296780081,7.636839514970387,72.24663261070454,59.65819440090198,116.02946035213554,19.10689337210281,26.12159009934816,59.69481034756922,67.89059061802394
403,0.0,56.24214110402996,7.636839514970387,95.41332038804656,66.64069795255644,58.819512676812224,158.05132872140382,58.38167307478719,119.66116421470716
404,0.0,39.601317508350206,15.386548204894032,44.21196994661145,117.7860111841214,49.44989058904419,46.27706534369489,42.83748530006115,45.727156552423104
405,0.5637143564423058,15.640142575301091,23.844210237018928,7.636839514970387,118.5111109829154,26.12159009934816,98.90252628970322,62.06811331822829,79.49567638536696
406,13.00451678171939,36.074999308537386,23.506400766370884,81.6481973611856,78.85310584034093,70.31211185334618,70.07718006314518,7.636839514970387,39.6205400839325
407,4.4122950105657575,23.506400766370884,79.24347823670004,50.49321281970752,64.34951523973798,116.02946035213554,63.899612890391175,19.10689337210281,7.636839514970387
408,2.960144946582118,72.10312490072226,55.68205594980975,95.59863150364112,26.12159009934816,95.59863150364112,19.10689337210281,15.386548204894032,19.10689337210281
409,4.159399084249441,57.31409367246901,105.04348852864617,94.68854752847196,127.51232625671732,66.64069795255644,77.09011272962962,23.844210237018928,55.81193657197888
410,13.007798373366883,33.88587360924895,81.77230107936595,68.39298174011184,101.17301138940964,117.7860111841214,55.10105402313767,32.38296954010639,73.28811280749733
411,7.852483660430585,42.83748530006115,92.63790089889666,55.6924973257865,35.867128062558265,77.68284297428902,7.636839514970387,72.68321931559716,44.39379117092759
412,12.91840164854206,47.728436915299405,67.76790129653567,7.636839514970387,115.67877226005844,69.82452055959803,19.10689337210281,46.27706534369489,23.844210237018928
413,6.6638126733491685,54.81867603623548,74.75309840113363,15.386548204894032,64.74178973580894,7.636839514970387,57.3509611117281,63.68491230270351,53.33357773040799
414,13.685713129915136,7.636839514970387,23.844210237018928,23.844210237018928,119.66116421470716,15.386548204894032,95.41332038804656,78.9939300029734,87.52026730845935
415,13.692396515733597,38.733146854800914,127.51232625671732,23.506400766370884,66.34336091799776,23.844210237018928,23.844210237018928,84.97055704935082,92.63790089889666
416,0.3875205621218416,18.48749937972313,7.636839514970387,60.00945136649232,26.12159009934816,23.506400766370884,95.59863150364112,54.72991997454356,91.94552427585069
417,16.309933146173606,44.21196994661145,35.867128062558265,55.68205594980975,69.55592687062027,79.24347823670004,46.27706534369489,44.688165162895686,17.051458953753407
418,0.0,9.622699368355027,23.506400766370884,115.39482310094172,41.56314252054269,55.68205594980975,53.33357773040799,74.95994922590914,117.20418659494948
419,0.0,54.43941799031994,15.640142575301091,31.43858992195704,15.640142575301091,105.04348852864617,72.48555125855775,7.636839514970387,7.636839514970387
420,4.684076296780081,46.27706534369489,76.94310702795576,69.09261779666252,97.22428079542466,81.77230107936595,76.94310702795576,25.841269620297503,35.867128062558265
421,2.960144946582118,35.21104254889525,45.07120196163176,43.22682214555096,129.4867296526696,92.63790089889666,7.636839514970387,47.74289166997524,76.66504481000626
422,7.593290041285638,65.75486164488264,26.991188962058967,63.28975470143602,90.29631710672297,67.76790129653567,25.841269620297503,48.65620405711926,84.19753833902232
423,4.159399084249441,53.33357773040799,55.6924973257865,44.688165162895686,66.69694837492312,23.844210237018928,44.745477061449606,69.34298596890551,95.68742286291048
424,6.145876795489233,71.47263380432861,7.636839514970387,74.95994922590914,74.62678618689708,110.59368465641516,48.65620405711926,15.640142575301091,67.20832809976996
425,0.0,33.57111191606526,71.95307769086597,7.636839514970387,7.636839514970387,7.636839514970387,23.506400766370884,77.76863757291937,104.16227705553116
426,7.214723588625733,7.636839514970387,17.051458953753407,25.841269620297503,102.27476305355675,35.867128062558265,134.17162280462108,66.34336091799776,7.636839514970387
427,4.4122950105657575,10.2059905448889,44.31349054230374,47.74289166997524,48.72695922015328,32.38296954010639,74.80752860669166,63.52974194330727,71.95307769086597
428,0.0,44.21196994661145,9.622699368355027,48.65620405711926,33.76070194606223,15.640142575301091,15.640142575301091,26.12159009934816,17.051458953753407
429,0.0,23.506400766370884,13.487612142348269,69.34298596890551,15.640142575301091,84.1919207061158,47.686081770358186,71.95307769086597,44.31349054230374
430,12.91840164854206,39.65881134891491,68.6684741602332,15.640142575301091,75.29734836080165,67.9677700191065,79.3286155580024,44.31349054230374,9.622699368355027
431,0.0,69.34298596890551,69.8825841049235,77.76863757291937,68.16777776074922,102.39513393946896,72.22635388395369,9.622699368355027,13.487612142348269
432,6.325499006824784,39.251213451004375,68.16777776074922,66.34336091799776,46.27706534369489,80.28541535842349,7.636839514970387,13.487612142348269,68.6684741602332
433,0.0,44.688165162895686,46.27706534369489,63.52974194330727,96.36574359837677,7.636839514970387,35.21104254889525,71.94909321188271,69.8825841049235
434,9.966855128621503,12.568579977111256,66.04985902056067,26.12159009934816,43.91634089942677,43.63437829645395,23.844210237018928,98.90252628970322,68.16777776074922
435,7.128197594143044,38.94792250899779,15.493096159676131,63.52974194330727,15.493096159676131,17.051458953753407,3.1142432624567684,55.68205594980975,46.27706534369489
436,3.019826188625797,33.57111191606526,23.506400766370884,18.48749937972313,172.8022743943151,33.76070194606223,9.622699368355027,110.78166970713032,59.07175890889215
437,6.445508333543157,62.06811331822829,26.12159009934816,74.95994922590914,54.49366000681719,15.640142575301091,13.487612142348269,66.34336091799776,22.598893176490783
438,18.73381619939377,15.62916467405199,55.68205594980975,15.640142575301091,65.46387334555789,71.94909321188271,65.75486164488264,23.506400766370884,86.72206272990564
439,16.863005510575263,7.636839514970387,15.640142575301091,65.75486164488264,65.26351129303644,69.8825841049235,55.68205594980975,26.12159009934816,26.12159009934816
440,10.295370231090036,18.182320058991923,105.04348852864617,46.27706534369489,129.92825225627686,46.27706534369489,105.04348852864617,73.13557257116545,55.68205594980975
441,13.122125031663854,55.40549506227969,38.893390071728895,53.33357773040799,76.93115013831279,66.04985902056067,76.94310702795576,55.68205594980975,71.47263380432861
442,1.5136107339377856,76.66504481000626,62.47424259323312,119.66116421470716,77.45593574431727,33.57111191606526,33.57111191606526,15.640142575301091,105.04348852864617
443,10.223734809396772,78.41523735748049,115.0716789459108,71.47263380432861,78.62490157965578,15.493096159676131,71.47263380432861,59.595840653549416,65.75486164488264
444,7.303284211370131,39.251213451004375,63.899612890391175,23.506400766370884,7.636839514970387,71.47263380432861,86.72206272990564,65.83671180090879,119.66116421470716
445,9.255277865995977,57.173933317023376,45.30123899332045,26.12159009934816,55.68205594980975,56.08980700650153,26.12159009934816,101.53866287702829,35.42089162718143
446,6.6638126733491685,44.21196994661145,26.12159009934816,73.13557257116545,9.622699368355027,7.636839514970387,55.68205594980975,93.5680959483336,36.78209264488718
447,2.4738065354669185,52.628630156154735,81.90631174347327,55.68205594980975,69.10821686026762,55.68205594980975,115.39482310094172,45.30123899332045,7.636839514970387
448,2.531591649934698,66.50932395849529,55.68205594980975,15.640142575301091,47.74289166997524,23.844210237018928,107.11869049917114,103.9579685377564,46.27706534369489
449,0.3875205621218416,23.2980087603922,15.640142575301091,59.595840653549416,23.844210237018928,15.640142575301091,87.41527844041991,48.65620405711926,15.640142575301091
450,16.309933146173606,7.636839514970387,51.05729134756789,65.83671180090879,90.98276313954642,105.04348852864617,76.93115013831279,120.83202962415554,101.95179331510856
451,3.019826188625797,61.623386823386,65.31463673216184,101.53866287702829,38.733146854800914,79.42756299089955,77.45593574431727,65.31463673216184,61.36928274431093
452,18.73381619939377,46.27706534369489,18.37525654148036,93.5680959483336,61.53417395155786,62.47424259323312,26.12159009934816,151.04067041118194,4.684076296780081
453,0.0,72.46467904403565,63.899612890391175,45.30123899332045,53.60356329192022,89.92211238331994,95.59863150364112,68.16777776074922,87.4566356118503
454,6.445508333543157,32.38296954010639,55.87374033418845,26.12159009934816,73.15646336134624,63.899612890391175,55.68205594980975,32.64122110543623,105.6710124990083
455,7.128197594143044,88.20227397411232,32.64122110543623,55.68205594980975,23.506400766370884,81.90631174347327,56.60838837069608,57.246878003885314,76.28029242451251
456,0.0,60.34819332617981,71.91763319961674,37.205843634878526,26.12159009934816,55.68205594980975,65.31463673216184,56.672831047682685,18.48749937972313
457,2.91183195432858,44.21196994661145,95.59863150364112,29.916592284919048,15.395582732425623,134.1486708430625,120.58713941216878,41.56314252054269,58.77340852219016
458,16.58709423727748,18.48749937972313,61.67264297617176,65.31463673216184,127.54640417199182,65.31463673216184,53.60356329192022,26.12159009934816,47.32888389967341
459,2.960144946582118,55.40549506227969,26.12159009934816,101.09443622618286,15.62916467405199,158.01323758460907,64.2686565055244,54.6031302965163,7.636839514970387
460,0.0,15.386548204894032,95.41332038804656,98.67082399905772,93.73587160443024,63.899612890391175,69.04975603797925,15.62916467405199,0.0
461,4.684076296780081,7.636839514970387,47.74289166997524,65.47230371559189,39.251213451004375,55.87374033418845,47.32888389967341,55.73160670273752,4.684076296780081
462,6.695988109199242,46.27706534369489,53.130647336885,64.79805161650236,28.58661517112855,32.64122110543623,17.066229171429974,54.62262705272613,15.62916467405199
463,11.78638552689354,43.22682214555096,55.68205594980975,51.360951206891286,42.83748530006115,71.91763319961674,122.831638778275,55.68205594980975,39.251213451004375
464,9.609022441666976,12.568579977111256,103.74507447670791,26.12159009934816,69.66537069387783,47.32888389967341,46.27706534369489,108.13827720250856,84.067934583006
465,0.0,23.844210237018928,59.01450710166656,54.6031302965163,50.83783410734264,61.67264297617176,109.43948145766606,62.21884761092979,98.39296024215622
466,12.91840164854206,15.640142575301091,7.636839514970387,58.1267629786228,7.636839514970387,47.74289166997524,12.568579977111256,87.37846480706027,28.58661517112855
467,0.0,27.77773560707552,0.0,55.73160670273752,76.88149727138018,122.831638778275,40.72926376580647,104.77880448407744,44.688165162895686
468,0.0,33.76070194606223,22.406112640128114,55.68205594980975,0.0,44.31217957663086,62.4421561600513,7.636839514970387,70.86196598944049
469,7.303284211370131,31.43858992195704,69.6579662706734,86.74885993047798,128.26593233088056,55.68205594980975,66.34336091799776,0.0,71.47263380432861
470,0.0,56.10237318548423,76.66504481000626,71.97436968523148,76.66504481000626,118.43317394649658,97.31737922724996,19.10689337210281,7.636839514970387
471,4.4122950105657575,35.92184015708577,71.94909321188271,62.21884761092979,108.82524923476274,69.66537069387783,7.636839514970387,79.79820334887722,25.841269620297503
472,15.387513335715358,67.9677700191065,88.13498967216981,61.54543534397031,115.70942741963644,93.41114611113368,83.45556698204392,39.251213451004375,89.62842919166991
473,13.447254248883104,59.96774492555596,33.57111191606526,46.60606357244358,53.276407479001904,7.636839514970387,0.0,80.80754413450047,104.48079560073552
474,13.685713129915136,44.21196994661145,57.30950821212036,41.56314252054269,70.81463370186165,25.841269620297503,128.26593233088056,67.10029527363118,76.66504481000626
475,4.159399084249441,7.636839514970387,71.47263380432861,26.12159009934816,56.08980700650153,93.26013305424152,76.66504481000626,106.46693896877414,69.59879748266025
476,3.5108347418449326,17.066229171429974,43.63437829645395,19.10689337210281,26.12159009934816,76.66504481000626,108.82524923476274,82.5189579636979,64.65922833294539
477,6.884815190933876,46.27706534369489,23.506400766370884,79.79820334887722,100.13001357272005,72.10312490072226,55.45623279435182,88.20227397411232,89.8185388599732
478,6.6638126733491685,58.3241908559044,26.12159009934816,75.20244914985959,15.640142575301091,56.72627636413968,115.70942741963644,95.59863150364112,87.46132157797548
479,13.692396515733597,76.66504481000626,97.454943708045,39.251213451004375,99.0855447793019,94.30436308840324,64.94464893839836,26.12159009934816,104.77880448407744
480,0.5637143564423058,32.50961178877009,15.640142575301091,80.80754413450047,52.447641701054046,33.57111191606526,41.56314252054269,46.27706534369489,26.12159009934816
481,0.7750411242436831,12.568579977111256,79.03857636449828,106.46693896877414,67.41447288353484,63.20595657167126,26.12159009934816,41.66780145965768,39.251213451004375
482,10.446087394108435,55.314088565525054,87.28134866060614,73.30498124164933,112.11954225051235,46.87161437084405,97.454943708045,69.35290228804767,62.83393305531017
483,4.4122950105657575,33.57111191606526,119.8644626043259,15.386548204894032,73.13557257116545,86.72206272990564,15.640142575301091,52.447641701054046,54.62262705272613
484,0.0,66.34336091799776,67.76790129653567,86.72206272990564,26.12159009934816,7.636839514970387,72.1740620812394,116.02946035213554,53.846354833783295
485,7.214723588625733,35.21104254889525,79.24347823670004,26.12159009934816,89.9727487218384,97.454943708045,118.1437965235006,61.623386823386,52.447641701054046
486,0.0,15.62916467405199,7.636839514970387,46.27706534369489,67.23101304436324,44.21196994661145,89.14753530431923,102.63087996388973,122.04808058418142
487,0.0,7.636839514970387,59.39939083088407,52.1113684131929,112.85122994937988,79.03857636449828,95.04403992889858,26.12159009934816,87.37846480706027
488,16.58709423727748,12.568579977111256,87.39722423728077,69.35290228804767,73.28811280749733,87.28134866060614,46.60606357244358,47.32888389967341,26.12159009934816
489,12.91840164854206,35.867128062558265,104.52875109968193,52.447641701054046,95.58063119771587,54.64271637993867,17.051458953753407,41.40754611124617,32.38296954010639
490,0.0,36.074999308537386,55.68205594980975,121.82294201676557,94.03438163721567,67.76790129653567,101.05274608244972,47.74289166997524,83.0723375755126
491,0.0,23.506400766370884,61.133219961204176,67.76790129653567,97.90266480418168,79.24347823670004,7.636839514970387,77.37101890303583,15.640142575301091
492,0.0,54.43941799031994,110.78166970713032,79.24347823670004,26.12159009934816,7.636839514970387,110.54454586320816,15.640142575301091,55.68205594980975
493,7.128197594143044,79.65510609398838,97.4300364843885,17.051458953753407,19.10689337210281,41.56314252054269,63.769906873885134,48.65620405711926,57.3509611117281
494,18.73381619939377,42.83748530006115,54.62262705272613,98.6131334948468,64.34951523973798,64.90843841212428,112.85122994937988,63.899612890391175,103.74507447670791
495,6.6638126733491685,68.16777776074922,26.12159009934816,7.636839514970387,116.02946035213554,89.2791746936269,60.88889161609295,84.067934583006,110.78166970713032
496,3.019826188625797,61.46117068415941,19.10689337210281,47.32888389967341,62.98082989841229,58.03339312890754,84.0802948469459,105.77915122943551,95.41332038804656
497,0.0,36.06786509335062,47.32888389967341,47.74289166997524,67.23101304436324,15.640142575301091,72.10312490072226,26.12159009934816,7.636839514970387
498,4.684076296780081,62.06811331822829,62.06811331822829,15.640142575301091,118.5111109829154,97.454943708045,7.636839514970387,72.10312490072226,64.34951523973798
499,3.5108347418449326,23.506400766370884,15.640142575301091,38.24626677598264,78.85310584034093,53.54492055589451,62.06811331822829,15.640142575301091,30.552970678422465
500,0.5637143564423058,7.636839514970387,89.9088338008727,67.55432657351943,56.43827275515212,75.20244914985959,67.31437501975408,74.95994922590914,116.19811865489484
501,2.960144946582118,33.57111191606526,46.27706534369489,69.8825841049235,23.844210237018928,54.62262705272613,23.844210237018928,98.2133469061379,67.23101304436324
502,4.159399084249441,54.43941799031994,70.0523146035802,55.38961106268262,55.68205594980975,7.636839514970387,116.19811865489484,61.9074360220661,77.97892931817773
503,12.51578002712012,65.75486164488264,67.30500782903363,60.928445113780114,7.636839514970387,19.10689337210281,15.640142575301091,84.2265994078387,74.14661797293327
504,2.4738065354669185,46.27706534369489,102.63087996388973,26.12159009934816,119.30546897003627,47.32888389967341,74.95994922590914,67.96796321780818,102.71464217241476
505,15.387513335715358,19.10689337210281,42.83748530006115,72.10312490072226,79.42756299089955,62.06811331822829,55.44806477768313,46.27706534369489,77.31631649435825
506,7.303284211370131,53.33357773040799,46.27706534369489,116.19811865489484,105.04348852864617,17.051458953753407,67.30500782903363,26.12159009934816,48.65620405711926
507,5.335141565308859,44.21196994661145,26.12159009934816,15.640142575301091,62.47424259323312,15.640142575301091,68.37549216998056,61.54309379326074,26.12159009934816
508,6.145876795489233,15.62916467405199,23.506400766370884,74.95994922590914,89.92211238331994,60.88889161609295,17.051458953753407,38.14871091923712,47.74289166997524
509,8.710849854145865,39.65881134891491,15.640142575301091,89.9088338008727,63.899612890391175,46.27706534369489,55.68205594980975,15.640142575301091,66.84836415621513
510,11.78638552689354,36.074999308537386,90.9000042323038,62.4421561600513,26.12159009934816,70.0523146035802,7.636839514970387,90.97544310108586,104.77880448407744
511,16.863005510575263,7.636839514970387,67.89059061802394,58.27642254829068,103.29572901550384,67.30500782903363,102.63087996388973,105.79357606856018,58.97935961708134
512,10.295370231090036,18.48749937972313,69.42309348118769,84.2265994078387,93.14402641366488,102.63087996388973,110.54454586320816,81.01845756513241,118.1437965235006
513,0.3875205621218416,50.49321281970752,19.10689337210281,81.6481973611856,158.05132872140382,46.27706534369489,69.8825841049235,19.10689337210281,83.3858339769162
514,13.007798373366883,23.506400766370884,54.4056869621665,26.12159009934816,95.15196742600496,26.12159009934816,110.78166970713032,69.00810321046866,53.55154888105776
515,0.0,51.64031985237029,56.4187615722467,61.54309379326074,35.867128062558265,41.56314252054269,68.6684741602332,26.12159009934816,7.636839514970387
516,0.0,56.23054113121483,7.636839514970387,38.14871091923712,57.646740653156144,15.640142575301091,63.899612890391175,98.90252628970322,92.86684494937518
517,6.145876795489233,40.30364586819421,63.69587836207762,15.640142575301091,100.51380131893016,71.29831879510361,26.12159009934816,19.10689337210281,31.062824945670524
518,0.0,58.38167307478719,164.38014994500716,90.97544310108586,69.34298596890551,69.82443318040323,87.46132157797548,158.05132872140382,78.94397032263932
519,4.4122950105657575,42.83748530006115,119.93677573906378,105.79357606856018,48.65620405711926,19.10689337210281,31.062824945670524,59.07175890889215,55.72474798826629
520,7.128197594143044,62.06811331822829,41.651408760998834,112.02365279456497,26.12159009934816,128.56423905665432,55.72474798826629,46.27706534369489,55.68205594980975
521,6.6638126733491685,15.386548204894032,103.34099180687592,69.00810321046866,47.32888389967341,52.78437522843253,104.48079560073552,71.95307769086597,41.651408760998834
522,0.0,7.636839514970387,117.86130350651322,26.12159009934816,104.169668733385,95.04403992889858,106.12814814582468,68.6684741602332,61.46163337195246
523,7.303284211370131,19.10689337210281,81.16500369602825,98.90252628970322,47.74289166997524,7.636839514970387,62.06811331822829,68.16777776074922,73.96903908559045
524,0.0,15.386548204894032,55.68205594980975,158.05132872140382,44.688165162895686,63.69587836207762,59.08535585199724,55.68205594980975,68.58182610656674
525,0.0,65.27383966521441,116.85208144155683,110.78166970713032,66.34336091799776,164.38014994500716,68.37549216998056,7.636839514970387,111.98742276794202
526,9.920624395986012,23.844210237018928,7.636839514970387,55.68205594980975,15.62916467405199,119.93677573906378,46.27706534369489,77.97898409211054,48.65620405711926
527,2.4738065354669185,23.506400766370884,80.61502579836038,71.95307769086597,88.89404347969125,44.21196994661145,26.12159009934816,117.33052198978493,7.636839514970387
528,6.325499006824784,56.09606079350225,44.21196994661145,68.6684741602332,7.636839514970387,100.51483470630528,19.10689337210281,74.62220767862709,58.24381816987516
529,4.684076296780081,46.27706534369489,115.39482310094172,68.16777776074922,23.844210237018928,117.86130350651322,47.32888389967341,81.93609402109973,47.74289166997524
530,3.019826188625797,63.68491230270351,65.387917439102,104.48079560073552,91.59829055867412,81.16500369602825,119.66116421470716,58.43983691106609,61.57253742736141
531,0.7750411242436831,31.43858992195704,70.50164081404965,7.636839514970387,116.85208144155683,55.68205594980975,53.33357773040799,70.1284056617005,44.688165162895686
532,0.0,69.09261779666252,67.76790129653567,76.66504481000626,110.56588870097856,142.7383984808128,65.75486164488264,58.1267629786228,66.34336091799776
533,2.960144946582118,43.22682214555096,26.12159009934816,69.16083683267111,83.21049565718211,26.12159009934816,66.34336091799776,7.636839514970387,58.1267629786228
534,4.159399084249441,41.43624256216621,54.6013947454114,77.60591576334876,56.27063389328144,119.66116421470716,15.62916467405199,23.844210237018928,53.88724467900358
535,7.214723588625733,44.688165162895686,76.66504481000626,100.7856504284722,61.46450892055052,105.04348852864617,88.89404347969125,49.35308779404424,26.12159009934816
536,13.122125031663854,12.568579977111256,119.85330294937452,33.57111191606526,98.71028122137828,85.35199291215815,7.636839514970387,69.53553104027988,58.38167307478719
537,2.531591649934698,33.76070194606223,33.57111191606526,66.34336091799776,7.636839514970387,69.38548706020927,66.60344758648026,76.66504481000626,107.19293667145996
538,8.019453039724247,7.636839514970387,80.65383535106224,53.88724467900358,39.251213451004375,56.27063389328144,129.5517398365179,61.46450892055052,76.66504481000626
539,14.217796772632587,0.0,79.40277636580336,7.636839514970387,23.506400766370884,26.12159009934816,60.39452502601839,98.71028122137828,43.91634089942677
540,3.854482903543415,10.2059905448889,64.90153616019273,23.844210237018928,23.844210237018928,54.6013947454114,56.27063389328144,54.481993544882144,61.46450892055052
541,5.8891029115351605,26.116584502769488,56.40161547253052,49.35308779404424,69.53553104027988,76.66504481000626,44.21196994661145,58.68406475714613,98.71028122137828
542,14.135742940017568,39.251213451004375,26.12159009934816,69.53553104027988,15.640142575301091,119.85330294937452,60.16686412660855,66.04681020854102,62.06811331822829
543,18.73381619939377,62.35782073083728,12.683710103837011,76.66504481000626,47.16420431417454,33.57111191606526,111.0357224169239,26.12159009934816,59.04997582828992
544,10.842724225160316,15.640142575301091,46.27706534369489,61.46450892055052,18.48749937972313,80.65383535106224,84.2067351693854,86.72206272990564,7.636839514970387
545,11.103780234469802,38.94792250899779,86.72206272990564,98.71028122137828,71.94909321188271,79.40277636580336,26.12159009934816,95.385586368417,55.68205594980975
546,6.861752869662314,66.34336091799776,46.54387409877263,54.481993544882144,43.91634089942677,64.90153616019273,39.251213451004375,75.17007589725216,23.506400766370884
547,16.309933146173606,35.21104254889525,81.90631174347327,58.68406475714613,62.06811331822829,56.40161547253052,47.32888389967341,34.151204772867246,48.72695922015328
548,0.0,26.12159009934816,82.00054532505325,66.04681020854102,59.04997582828992,26.12159009934816,107.19293667145996,15.493096159676131,69.37100742660482
549,4.159399084249441,32.751219967399415,2.4738065354669185,26.12159009934816,26.12159009934816,12.683710103837011,71.47263380432861,142.07312047091486,15.640142575301091
550,0.5637143564423058,43.63437829645395,50.56588813481755,39.251213451004375,68.16777776074922,46.27706534369489,15.640142575301091,81.20404094430106,141.09755428494637
551,6.145876795489233,18.48749937972313,62.06811331822829,23.506400766370884,62.47424259323312,86.72206272990564,15.493096159676131,97.01929767821254,78.57796741245116
552,0.3875205621218416,3.1142432624567684,52.7367463952753,61.66217576991834,76.66504481000626,46.54387409877263,64.4936389981386,26.12159009934816,62.06811331822829
553,2.960144946582118,9.622699368355027,26.12159009934816,75.17007589725216,55.68205594980975,81.90631174347327,69.21220157039279,68.08693835074024,82.78677786697531
554,8.710849854145865,13.487612142348269,68.16777776074922,34.151204772867246,105.04348852864617,82.00054532505325,114.23792441023896,19.10689337210281,26.12159009934816
555,0.0,71.94909321188271,62.47424259323312,15.640142575301091,119.66116421470716,2.4738065354669185,26.12159009934816,76.66504481000626,63.899612890391175
556,0.0,98.90252628970322,19.10689337210281,15.493096159676131,115.67877226005844,50.56588813481755,71.26390922612282,46.27706534369489,62.47424259323312
557,7.214723588625733,46.27706534369489,76.66504481000626,54.142304425843065,26.12159009934816,62.06811331822829,19.10689337210281,63.68491230270351,86.72206272990564
558,4.4122950105657575,59.07175890889215,46.27706534369489,81.20404094430106,108.30801263866478,52.7367463952753,110.54454586320816,73.15646336134624,55.68205594980975
559,12.91840164854206,66.34336091799776,53.33357773040799,97.01929767821254,97.454943708045,7.636839514970387,72.96379468712863,121.71198718972482,41.43624256216621
560,0.0,23.506400766370884,119.66116421470716,26.12159009934816,38.733146854800914,68.16777776074922,39.251213451004375,78.38897168767542,105.04348852864617
561,4.684076296780081,7.636839514970387,115.67877226005844,68.08693835074024,93.01407819059824,67.41447288353484,102.63087996388973,26.12159009934816,110.06977323503214
562,0.0,73.13557257116545,26.12159009934816,76.66504481000626,105.05789900597092,62.47424259323312,62.06811331822829,104.169668733385,39.65881134891491
563,7.128197594143044,46.27706534369489,108.30801263866478,55.68205594980975,9.622699368355027,23.844210237018928,90.54125101849772,39.251213451004375,26.12159009934816
564,0.0,15.640142575301091,39.251213451004375,115.39482310094172,101.72610029379396,76.66504481000626,7.636839514970387,76.66504481000626,108.30801263866478
565,0.0,12.568579977111256,38.733146854800914,73.15646336134624,76.7594263090052,104.67187827811684,104.19545743389313,115.67877226005844,97.454943708045
566,11.103780234469802,59.595840653549416,105.78731842640266,121.71198718972482,7.636839514970387,69.95549577727925,23.844210237018928,69.34298596890551,76.66504481000626
567,3.019826188625797,41.651408760998834,95.36230861037816,78.38897168767542,73.28811280749733,115.67877226005844,109.45413465790875,71.26390922612282,93.01407819059824
568,15.387513335715358,28.299810675822464,9.622699368355027,26.12159009934816,14.525500708419337,26.12159009934816,50.12335530711407,19.10689337210281,105.05789900597092
569,5.335141565308859,38.9206963816396,19.10689337210281,115.71495904409474,35.867128062558265,111.81067498341392,67.41447288353484,66.34336091799776,101.72610029379396
570,2.4738065354669185,93.5680959483336,63.48793389011262,46.27706534369489,72.73799159025936,81.6481973611856,9.622699368355027,7.636839514970387,76.7594263090052
571,13.778669486766512,45.30123899332045,92.70934974487793,76.66504481000626,32.34032164710557,62.14431545641469,68.5811861513015,73.28811280749733,26.12159009934816
572,6.6638126733491685,7.636839514970387,26.12159009934816,35.80579141477383,43.58587892216657,76.66504481000626,89.51667712680432,14.525500708419337,61.86757754068779
573,16.309933146173606,23.506400766370884,71.95307769086597,86.45851210896927,127.51232625671732,51.04483639634894,64.51525472600999,81.6481973611856,40.41181774767532
574,18.73381619939377,66.3005629065763,68.16777776074922,49.35308779404424,86.50719539938572,113.1885415314043,7.636839514970387,88.69169572828424,104.6556976606988
575,7.303284211370131,39.251213451004375,55.72474798826629,19.10689337210281,57.409883644742855,40.39878900364079,73.28811280749733,32.34032164710557,111.81067498341392
576,12.51578002712012,15.640142575301091,55.68205594980975,63.683352299039406,7.636839514970387,33.57111191606526,3.1142432624567684,23.844210237018928,32.34032164710557
577,3.5108347418449326,27.77773560707552,110.78166970713032,43.22682214555096,23.844210237018928,26.12159009934816,104.67187827811684,94.68854752847196,85.35199291215815
578,14.135742940017568,23.844210237018928,32.34032164710557,26.12159009934816,55.68205594980975,164.38014994500716,10.051501034884858,80.14707873836394,63.20595657167126
579,13.007798373366883,38.7359342471733,98.90252628970322,63.52974194330727,71.47263380432861,74.6223454684951,13.487612142348269,57.409883644742855,62.1254738364999
580,2.960144946582118,68.16777776074922,68.6684741602332,68.16777776074922,110.54454586320816,77.37101890303583,53.285999338275374,26.12159009934816,7.636839514970387
581,3.019826188625797,12.568579977111256,7.636839514970387,55.72474798826629,65.75486164488264,102.29737798464184,78.97021681500374,15.640142575301091,39.251213451004375
582,0.0,32.64122110543623,23.20825658976362,81.6481973611856,105.04348852864617,75.05748612961305,70.1886796623129,55.68205594980975,15.62916467405199
583,0.0,57.246878003885314,30.552970678422465,115.71495904409474,76.94310702795576,81.42820363846961,57.409883644742855,98.90252628970322,23.506400766370884
584,14.859639253960342,56.672831047682685,73.68357372922785,32.34032164710557,88.89404347969125,82.23420902372852,60.79331053104873,23.506400766370884,62.235323945379896
585,0.3875205621218416,23.506400766370884,14.766290915009508,94.68854752847196,26.12159009934816,23.20825658976362,7.636839514970387,65.56840996188473,61.57253742736141
586,0.0,26.12159009934816,110.54454586320816,55.10105402313767,48.65620405711926,61.20242044822073,54.62262705272613,56.27063389328144,18.48749937972313
587,0.0,25.02609869838625,105.77915122943551,26.12159009934816,95.59863150364112,73.68357372922785,12.920634810148757,110.78166970713032,67.89059061802394
588,16.019725390081923,4.684076296780081,52.58578771557993,15.640142575301091,65.88866572397325,14.766290915009508,67.10029527363118,48.956321040407865,33.57111191606526
589,0.0,15.62916467405199,68.16777776074922,55.68205594980975,65.83671180090879,196.62475752761767,35.867128062558265,48.402349187837416,111.98742276794202
590,7.128197594143044,55.73160670273752,88.89404347969125,98.90252628970322,76.66021630572212,105.77915122943551,15.62916467405199,7.636839514970387,69.72103852645729
591,1.6866616882544527,54.62262705272613,7.636839514970387,71.47263380432861,76.23432153661653,52.58578771557993,41.56314252054269,28.84127616986776,26.12159009934816
592,4.159399084249441,46.27706534369489,28.84127616986776,47.32888389967341,40.51455615745728,68.16777776074922,77.54270220960228,30.552970678422465,104.48079560073552
593,0.0,86.74885993047798,30.552970678422465,71.94909321188271,39.13157328310255,88.89404347969125,32.20021386501112,104.77880448407744,95.58063119771587
594,9.609022441666976,35.74990045411703,41.56314252054269,110.78166970713032,44.59642547936465,35.867128062558265,15.440254849444186,54.62262705272613,58.1267629786228
595,12.91840164854206,62.21884761092979,15.62916467405199,97.31737922724996,26.12159009934816,47.70090872355166,76.93512151654818,107.14695755222476,100.35000686717548
596,0.0,53.87986022213201,108.12663172688062,7.636839514970387,55.68205594980975,41.56314252054269,79.6070045666422,76.2354012529181,109.3203883490929
597,4.4122950105657575,23.506400766370884,103.80280579287772,28.84127616986776,76.66504481000626,85.02378278623159,7.636839514970387,103.652876162884,88.1968955046008
598,16.309933146173606,7.636839514970387,78.6790992476626,30.552970678422465,105.44397522723466,90.95878583306867,104.48079560073552,105.4697957240004,79.24347823670004
599,20.529699872170056,0.0,92.97103550926568,104.77880448407744,115.39482310094172,92.73515416356544,17.051458953753407,55.68205594980975,7.636839514970387
600,3.854482903543415,46.58892875902672,63.43894841515623,89.93738434519528,111.81067498341392,124.1681744973703,138.78670780387768,73.28061784942686,67.76790129653567
601,6.325499006824784,18.48749937972313,91.260523963267,64.65090168089313,68.82791912674644,82.90795242609015,91.25201929912583,76.66504481000626,35.867128062558265
602,7.852483660430585,46.27706534369489,7.636839514970387,107.14695755222476,59.01450710166656,63.43894841515623,38.9175730377272,49.421353053003656,25.841269620297503
603,6.6638126733491685,72.10312490072226,62.76760173949365,76.2354012529181,23.506400766370884,26.12159009934816,83.07899755979919,26.116584502769488,76.66504481000626
604,6.145876795489233,46.79529802712396,42.34419296577107,113.29937261243631,62.178431075686326,55.68205594980975,100.35000686717548,115.39482310094172,131.18730968519054
605,8.110912639880349,33.57111191606526,58.63678283027168,7.636839514970387,26.12159009934816,76.66504481000626,77.75332855106561,31.486371017247755,101.1044376938892
606,10.213763986295696,82.18334630197175,41.651408760998834,55.68205594980975,48.65620405711926,79.40277636580336,7.636839514970387,39.601317508350206,79.6070045666422
607,9.505558746815316,29.025757415975228,14.431083634588362,70.65471133519648,15.640142575301091,65.83671180090879,35.867128062558265,68.82791912674644,77.64981155506848
608,2.4738065354669185,37.35183799057217,61.623386823386,42.487409588604926,103.9579685377564,40.034072295866615,0.0,59.01450710166656,86.72206272990564
609,10.295370231090036,15.386548204894032,65.31463673216184,41.651408760998834,76.54821823655432,62.11286178356679,26.116584502769488,23.506400766370884,62.178431075686326
610,16.863005510575263,23.506400766370884,31.486371017247755,115.39482310094172,84.5541652854995,96.53675716614964,131.18730968519054,71.636520248887,26.12159009934816
611,3.565061090792638,7.636839514970387,73.60841318210687,42.872813788484265,43.91634089942677,93.5680959483336,110.54454586320816,7.636839514970387,48.65620405711926
612,4.4122950105657575,46.27706534369489,23.506400766370884,39.601317508350206,79.40277636580336,23.506400766370884,88.89404347969125,0.0,103.9579685377564
613,0.0,44.21196994661145,69.72103852645729,68.82791912674644,53.33357773040799,69.72103852645729,49.19270848802522,48.65620405711926,76.54821823655432
614,7.128197594143044,27.065343697966583,26.12159009934816,59.01450710166656,26.12159009934816,26.12159009934816,64.27443525852769,103.9579685377564,84.5541652854995
615,4.684076296780081,69.35290228804767,48.65620405711926,86.72206272990564,46.27706534369489,48.65620405711926,69.66537069387783,84.51278012937327,43.91634089942677
616,2.4738065354669185,52.447641701054046,15.640142575301091,71.636520248887,18.48749937972313,15.640142575301091,86.72206272990564,65.83671180090879,79.40277636580336
617,0.0,40.90640192143745,107.19293667145996,7.636839514970387,15.640142575301091,134.19586166589022,51.04483639634894,43.91634089942677,53.33357773040799
618,13.122125031663854,48.956321040407865,98.87411511241272,0.0,37.46662486596968,65.31463673216184,7.636839514970387,79.40277636580336,7.636839514970387
619,16.309933146173606,61.623386823386,62.9205079311398,48.65620405711926,110.06977323503214,80.69175475766832,25.841269620297503,15.386548204894032,46.27706534369489
620,0.0,15.62916467405199,43.91634089942677,103.9579685377564,36.16302183483372,43.91634089942677,62.76760173949365,98.87411511241272,18.48749937972313
621,18.73381619939377,39.882306215365325,67.89059061802394,84.51278012937327,44.91047388167002,67.89059061802394,83.10810843583425,26.12159009934816,86.72206272990564
622,0.0,48.373431908563965,7.636839514970387,65.83671180090879,65.75486164488264,7.636839514970387,72.173139807598,51.74402153797591,10.923575426870173
623,11.103780234469802,26.12159009934816,53.36261113337879,43.91634089942677,62.06811331822829,38.24626677598264,92.1144769925865,48.65620405711926,0.0
624,0.0,32.751219967399415,25.02609869838625,79.40277636580336,7.636839514970387,25.841269620297503,33.57111191606526,120.55800436146431,49.421353053003656
625,6.145876795489233,23.506400766370884,25.841269620297503,47.16420431417454,105.04348852864617,47.74289166997524,79.40277636580336,44.363296817854405,67.35171604828075
626,0.3875205621218416,41.40754611124617,15.395582732425623,7.636839514970387,104.9497871815904,76.66504481000626,7.636839514970387,36.16302183483372,31.486371017247755
627,0.0,10.2059905448889,120.55800436146431,21.610471285697063,53.47395524732382,57.3509611117281,62.76760173949365,65.75486164488264,75.76617031020726
628,0.0,77.37101890303583,58.63678283027168,39.251213451004375,55.68205594980975,112.48560485371252,23.844210237018928,66.34336091799776,55.6924973257865
629,3.019826188625797,15.640142575301091,109.82534851702994,18.48749937972313,44.21196994661145,55.07623183203281,65.31463673216184,40.45735309756712,26.12159009934816
630,2.960144946582118,39.251213451004375,27.61532055621485,23.844210237018928,79.27126501213547,122.5506073646196,76.66504481000626,26.12159009934816,105.04348852864617
631,4.159399084249441,63.899612890391175,56.27063389328144,120.55800436146431,62.47424259323312,83.83151060425536,103.09971347041918,60.34906450336695,15.62916467405199
632,14.135742940017568,12.568579977111256,93.90842599401192,37.15683961745056,115.6280732077084,63.20595657167126,39.65881134891491,119.30546897003627,23.506400766370884
633,13.778669486766512,84.067934583006,128.03486861518206,36.16302183483372,7.636839514970387,26.12159009934816,90.27780057868527,57.646740653156144,55.68205594980975
634,2.531591649934698,26.12159009934816,26.12159009934816,65.75486164488264,23.844210237018928,101.31984986136224,33.57111191606526,46.27706534369489,110.06977323503214
635,4.819758292294901,66.04681020854102,54.10884848231638,66.34336091799776,86.35508618523167,15.62916467405199,62.06811331822829,66.82004880541717,62.47424259323312
636,7.214723588625733,19.10689337210281,119.30546897003627,40.45735309756712,46.27706534369489,56.08980700650153,69.34298596890551,18.48749937972313,40.034072295866615
637,6.325499006824784,23.506400766370884,53.47395524732382,26.12159009934816,158.05132872140382,52.64539106544917,88.0552532623194,123.66483256122208,68.16777776074922
638,5.8891029115351605,51.14407993812507,123.66483256122208,60.34906450336695,81.08145093323553,123.66483256122208,26.12159009934816,89.40225465065977,40.45735309756712
639,7.303284211370131,15.640142575301091,59.21696516866341,15.62916467405199,19.10689337210281,92.26735634123516,53.47395524732382,7.636839514970387,26.12159009934816
640,9.920624395986012,89.9088338008727,89.28536406916282,41.56314252054269,45.309625734782536,72.73887993368102,39.251213451004375,17.051458953753407,105.04348852864617
641,3.5108347418449326,62.4421561600513,7.636839514970387,59.996889425548005,63.52974194330727,7.636839514970387,18.48749937972313,54.64749969233924,55.68205594980975
642,15.12577892370374,58.27642254829068,23.844210237018928,46.27706534369489,57.74920284709328,23.844210237018928,117.1486740887492,158.05132872140382,40.41181774767532
643,6.6638126733491685,48.956321040407865,71.47263380432861,82.76036602735253,7.636839514970387,71.47263380432861,67.98329017447331,60.88889161609295,85.35199291215815
644,6.16472166329292,44.61322923783708,105.04348852864617,18.48749937972313,104.77880448407744,105.04348852864617,115.6280732077084,62.49758422031292,31.062824945670524
645,0.0,46.27706534369489,55.68205594980975,128.56423905665432,55.68205594980975,55.68205594980975,7.636839514970387,19.10689337210281,61.623386823386
646,3.019826188625797,26.12159009934816,44.31349054230374,77.7399278331771,105.04348852864617,44.31349054230374,44.21196994661145,63.52974194330727,119.66116421470716
647,0.0,61.54309379326074,51.41951009755359,7.636839514970387,41.651408760998834,51.41951009755359,104.48079560073552,84.0802948469459,66.73758502946434
648,0.3875205621218416,23.506400766370884,76.94310702795576,17.051458953753407,85.26692464783824,76.94310702795576,99.08062567005334,66.34336091799776,57.45263797523511
649,15.387513335715358,15.640142575301091,65.75486164488264,59.07175890889215,47.627004526654666,65.75486164488264,32.38296954010639,26.12159009934816,26.12159009934816
650,0.0,90.97544310108586,64.13757244824706,46.27706534369489,62.5241068259213,64.13757244824706,15.640142575301091,98.90252628970322,43.91634089942677
651,7.128197594143044,43.04597867399171,26.12159009934816,158.05132872140382,95.31762210057197,26.12159009934816,44.810685982118265,110.54454586320816,86.72206272990564
652,0.0,31.902273251653885,19.10689337210281,69.8825841049235,58.1267629786228,86.72206272990564,61.48810719194939,55.68205594980975,107.19293667145996
653,4.684076296780081,81.01845756513241,86.72206272990564,71.94909321188271,26.12159009934816,55.68205594980975,87.61722442867341,110.78166970713032,48.65620405711926
654,0.0,19.10689337210281,46.27706534369489,19.10689337210281,68.22094138108811,40.034072295866615,63.058223221212,68.6684741602332,109.22544968470824
655,7.303284211370131,69.00810321046866,40.034072295866615,71.95307769086597,58.86141787841833,105.04348852864617,26.12159009934816,68.16777776074922,62.14431545641469
656,0.0,7.636839514970387,53.33357773040799,66.34336091799776,64.94464893839836,55.41527699779541,23.506400766370884,97.31737922724996,65.814805410341
657,6.145876795489233,52.95456586228923,55.41527699779541,26.12159009934816,118.65326479549196,62.14431545641469,55.68205594980975,58.1267629786228,15.62916467405199
658,9.609022441666976,30.552970678422465,62.14431545641469,98.90252628970322,105.26729038358285,121.2906397627833,40.034072295866615,7.636839514970387,7.636839514970387
659,4.4122950105657575,19.10689337210281,121.2906397627833,110.54454586320816,71.64856747040253,56.29114694502081,105.04348852864617,59.49360877309244,23.844210237018928
660,0.0,31.062824945670524,56.29114694502081,55.68205594980975,54.63288060418707,26.12159009934816,55.41527699779541,17.051458953753407,73.73047521767683
661,13.007798373366883,14.525500708419337,26.12159009934816,110.78166970713032,76.66504481000626,58.38167307478719,62.14431545641469,46.27706534369489,64.94464893839836
662,0.5637143564423058,53.33357773040799,104.48079560073552,68.6684741602332,7.636839514970387,81.6481973611856,121.2906397627833,18.48749937972313,23.506400766370884
663,2.960144946582118,46.27706534369489,76.66504481000626,68.16777776074922,25.841269620297503,76.66504481000626,15.386548204894032,80.39692968877138,109.49103206740224
664,4.159399084249441,66.48234552747743,130.6610602515436,97.31737922724996,93.26013305424152,115.71495904409474,56.29114694502081,49.44989058904419,123.08064968791876
665,10.295370231090036,31.43858992195704,38.482196205660166,58.1267629786228,15.493096159676131,35.21104254889525,7.636839514970387,70.07718006314518,45.1110038109903
666,8.710849854145865,58.51534119614391,98.74465932722036,7.636839514970387,60.31167784207651,94.68854752847196,75.29734836080165,58.819512676812224,88.72806671138603
667,5.335141565308859,61.61912598208615,114.32559965875016,58.38167307478719,65.75486164488264,33.57111191606526,48.72695922015328,60.108675575477456,46.27706534369489
668,12.91840164854206,46.27706534369489,70.1284056617005,17.051458953753407,44.39379117092759,66.34336091799776,46.27706534369489,97.454943708045,7.636839514970387
669,18.73381619939377,14.525500708419337,55.68205594980975,46.27706534369489,66.34336091799776,55.68205594980975,18.48749937972313,7.636839514970387,25.841269620297503
670,3.5108347418449326,7.636839514970387,7.636839514970387,18.48749937972313,115.67877226005844,99.12188746972436,86.72206272990564,25.841269620297503,86.72206272990564
671,11.78638552689354,44.21196994661145,25.841269620297503,69.8825841049235,7.636839514970387,15.62916467405199,89.38764348670824,32.34032164710557,22.598893176490783
672,9.505558746815316,53.33357773040799,15.62916467405199,49.44989058904419,86.72206272990564,23.506400766370884,63.899612890391175,55.72474798826629,93.26013305424152
673,2.4738065354669185,61.795960247793424,23.506400766370884,70.07718006314518,46.27706534369489,93.26013305424152,43.91634089942677,77.76863757291937,53.33357773040799
674,6.6638126733491685,18.48749937972313,93.26013305424152,60.108675575477456,18.48749937972313,105.04348852864617,108.7329767880656,62.235323945379896,56.72627636413968
675,16.863005510575263,58.92552050029654,105.04348852864617,69.72408587559016,102.25086461445903,65.75486164488264,55.68205594980975,72.10312490072226,33.57111191606526
676,16.309933146173606,33.57111191606526,59.37417839488462,55.68205594980975,44.21196994661145,33.57111191606526,7.636839514970387,79.03857636449828,67.89059061802394
677,0.0,66.34336091799776,62.14431545641469,7.636839514970387,49.60964604586124,66.34336091799776,25.841269620297503,75.19031376525606,51.04483639634894
678,4.4122950105657575,32.34032164710557,33.57111191606526,25.841269620297503,63.904240330171575,35.21104254889525,110.54454586320816,26.12159009934816,112.30760588083142
679,4.684076296780081,35.21104254889525,51.04483639634894,86.72206272990564,58.351118302681485,52.000989824789166,93.26013305424152,46.27706534369489,7.636839514970387
680,0.0,7.636839514970387,112.30760588083142,93.26013305424152,76.66021630572212,26.12159009934816,105.04348852864617,26.629164236818102,110.54454586320816
681,0.3875205621218416,23.844210237018928,7.636839514970387,105.04348852864617,95.59863150364112,100.0940731321347,56.72627636413968,25.02609869838625,53.36261113337879
682,7.128197594143044,23.506400766370884,47.32888389967341,56.72627636413968,7.636839514970387,55.72474798826629,72.10312490072226,115.68773291673656,25.02609869838625
683,0.0,18.48749937972313,25.02609869838625,72.10312490072226,63.20595657167126,115.71495904409474,100.55461530164,60.108675575477456,41.651408760998834
684,3.5108347418449326,49.35308779404424,30.552970678422465,33.57111191606526,41.651408760998834,112.81016237985628,49.35308779404424,59.81288887912674,90.13553522277944
685,0.0,21.610471285697063,56.23054113121483,46.87161437084405,65.14039742024384,62.14431545641469,7.636839514970387,83.40966046709845,72.10312490072226
686,0.0,42.802025426513154,97.5066248246544,49.35308779404424,81.77230107936595,31.062824945670524,46.27706534369489,72.73887993368102,100.55461530164
687,0.0,51.64031985237029,72.10312490072226,26.12159009934816,94.30436308840324,79.36353579076098,18.48749937972313,55.81193657197888,7.636839514970387
688,3.019826188625797,43.90509993566918,15.386548204894032,47.32888389967341,72.73799159025936,26.12159009934816,50.49321281970752,7.636839514970387,54.79430269623404
689,0.0,35.80579141477383,100.55461530164,46.27706534369489,79.24347823670004,100.05281286428324,63.683352299039406,15.640142575301091,127.52692033192722
690,3.9146280024549545,48.956321040407865,26.12159009934816,18.48749937972313,26.12159009934816,76.66504481000626,72.04111767785125,44.21196994661145,39.58740771980033
691,2.960144946582118,66.04681020854102,63.20595657167126,115.71495904409474,56.27063389328144,135.41057135865674,36.074999308537386,63.20595657167126,104.48079560073552
692,14.135742940017568,15.386548204894032,70.65471133519648,63.683352299039406,55.68205594980975,62.235323945379896,72.10312490072226,74.95994922590914,63.899612890391175
693,5.8891029115351605,7.636839514970387,56.72627636413968,72.10312490072226,142.7383984808128,67.89059061802394,55.81193657197888,56.72627636413968,74.32529671169925
694,9.609022441666976,39.251213451004375,94.30436308840324,15.386548204894032,85.35199291215815,94.30821209688972,63.02152302884007,94.30436308840324,100.7856504284722
695,14.217796772632587,23.506400766370884,47.23411636516308,100.55461530164,119.66116421470716,89.5508985908274,26.12159009934816,54.43941799031994,61.808416875814935
696,7.303284211370131,18.182320058991923,110.06977323503214,7.636839514970387,105.04348852864617,76.66504481000626,63.20595657167126,67.89059061802394,61.02386619459703
697,15.387513335715358,71.47263380432861,67.89059061802394,15.640142575301091,69.38548706020927,26.12159009934816,158.05132872140382,79.49567638536696,76.66504481000626
698,6.6638126733491685,29.522143410164144,50.77899556430128,63.20595657167126,26.12159009934816,55.68205594980975,56.72627636413968,26.12159009934816,7.636839514970387
699,9.505558746815316,44.21196994661145,76.66504481000626,74.95994922590914,58.97647317436771,114.96917973046436,94.30436308840324,56.27063389328144,80.64226949167164
700,6.145876795489233,15.493096159676131,26.12159009934816,41.651408760998834,158.05132872140382,35.74990045411703,119.66116421470716,142.7383984808128,55.68205594980975
701,13.122125031663854,54.142304425843065,62.76760173949365,56.72627636413968,80.83194043758678,105.04348852864617,67.89059061802394,85.35199291215815,42.83748530006115
702,12.511370528491298,61.795960247793424,51.60571568799068,94.30436308840324,103.15962048931856,46.60606357244358,79.49567638536696,119.66116421470716,121.53434397864142
703,12.91840164854206,46.47470996826252,113.95324901161398,57.04319771931844,145.00702609892224,71.32873412583075,76.66504481000626,94.30436308840324,63.03525362014168
704,8.019453039724247,15.386548204894032,90.31697358933052,67.89059061802394,82.23420902372852,61.54543534397031,7.636839514970387,63.20595657167126,93.261779550083
705,18.55826169764866,27.823610546089352,42.83748530006115,79.49567638536696,87.05875101416925,26.12159009934816,55.68205594980975,69.38548706020927,26.12159009934816
706,2.4738065354669185,7.636839514970387,75.89710293380233,26.12159009934816,123.47213841392752,47.74289166997524,66.94450992562933,7.636839514970387,119.66116421470716
707,0.5637143564423058,68.16777776074922,57.046449991809816,56.27063389328144,74.82626726569006,110.54454586320816,41.651408760998834,0.0,47.74289166997524
708,16.309933146173606,44.21196994661145,26.12159009934816,142.7383984808128,26.12159009934816,98.90252628970322,105.04348852864617,47.74289166997524,48.64912536467546
709,4.4122950105657575,62.47424259323312,121.71198718972482,85.35199291215815,46.27706534369489,55.68205594980975,70.31211185334618,54.843356931675565,15.640142575301091
710,0.0,19.10689337210281,47.74289166997524,119.66116421470716,128.75425793558253,44.60218124751394,86.57064983011081,158.05132872140382,74.95994922590914
711,7.128197594143044,76.66504481000626,53.06478619990551,94.30436308840324,57.31446042376572,68.30636578233567,76.49402635248339,140.9163472699586,55.68205594980975
712,2.4738065354669185,46.27706534369489,84.2067351693854,63.20595657167126,22.598893176490783,65.1265502058108,26.12159009934816,137.9046237347847,45.727156552423104
713,7.303284211370131,53.33357773040799,129.5517398365179,69.38548706020927,59.07175890889215,104.35644311878792,54.6013947454114,66.34336091799776,68.30636578233567
714,13.122125031663854,54.43941799031994,61.623386823386,7.636839514970387,75.50816032685336,26.12159009934816,15.640142575301091,93.60022675359868,74.47503895096156
715,15.387513335715358,33.57111191606526,38.86400006902975,0.0,7.636839514970387,55.68205594980975,74.95994922590914,39.251213451004375,85.06343165200124
716,0.0,35.21104254889525,65.72287772953852,54.6013947454114,88.45504247211616,76.66504481000626,97.07352481251186,54.49366000681719,7.636839514970387
717,0.3875205621218416,7.636839514970387,26.12159009934816,158.05132872140382,15.395582732425623,105.44397522723466,69.4362098908199,67.98329017447331,55.68205594980975
718,12.91840164854206,38.94792250899779,55.68205594980975,97.07352481251186,90.27780057868527,115.39482310094172,48.65620405711926,28.58661517112855,76.66504481000626
719,4.684076296780081,39.251213451004375,76.66504481000626,103.15962048931856,35.21104254889525,111.81067498341392,46.6601855003272,201.17220888551225,51.956752437389326
720,0.0,76.66504481000626,115.39482310094172,145.00702609892224,37.205843634878526,59.01450710166656,63.00525454324832,115.6280732077084,121.53434397864142
721,12.51578002712012,31.43858992195704,121.71198718972482,63.00525454324832,53.36261113337879,69.89911142087259,91.85395119184186,77.13770913378958,61.02386619459703
722,18.73381619939377,69.34298596890551,94.5412740993026,91.85395119184186,44.21196994661145,7.636839514970387,26.12159009934816,53.47395524732382,83.29374937425725
723,0.0,71.26390922612282,54.72991997454356,7.636839514970387,80.59602443278338,23.844210237018928,46.27706534369489,74.9506192654265,57.74920284709328
724,0.0,19.10689337210281,73.44124989729877,39.251213451004375,25.02609869838625,47.65403610707976,124.9525602353208,7.636839514970387,7.636839514970387
725,0.0,44.21196994661145,7.636839514970387,23.844210237018928,66.34336091799776,199.1862531140646,86.72206272990564,15.395582732425623,45.1110038109903
726,12.810975872230134,43.22682214555096,23.844210237018928,110.54454586320816,15.640142575301091,15.395582732425623,78.57796741245116,63.52974194330727,4.684076296780081
727,3.019826188625797,59.96774492555596,45.1110038109903,71.26390922612282,26.12159009934816,64.41000721808135,22.598893176490783,158.05132872140382,116.85208144155683
728,0.0,7.636839514970387,15.395582732425623,28.58661517112855,59.08535585199724,74.07117291037237,93.16804980585192,46.27706534369489,46.27706534369489
729,0.5637143564423058,31.43858992195704,116.85208144155683,52.30586211197406,23.2980087603922,115.07547212795744,114.48542120811727,37.71821113230429,44.21196994661145
730,2.960144946582118,61.61912598208615,46.27706534369489,62.06811331822829,85.39825507011551,116.9124455843569,66.34336091799776,48.06786071046918,64.41000721808135
731,4.159399084249441,14.525500708419337,64.41000721808135,74.9506192654265,46.27706534369489,73.72849674562812,65.01975986507237,43.58587892216657,61.15887485241156
732,7.214723588625733,46.27706534369489,83.66256389004738,93.91625940424066,47.32888389967341,26.12159009934816,165.3292370828459,25.02609869838625,35.5281522696932
733,6.6638126733491685,72.99690185734335,25.02609869838625,7.636839514970387,89.9088338008727,15.493096159676131,45.814862228925215,64.79805161650236,18.48749937972313
734,6.145876795489233,18.48749937972313,69.04975603797925,18.37525654148036,93.41114611113368,46.27706534369489,61.1935518432826,57.74920284709328,22.31395884054967
735,10.718138120340267,32.34032164710557,73.72849674562812,15.395582732425623,66.34336091799776,86.72206272990564,73.55009717877377,83.08269636659941,73.72849674562812
736,11.78638552689354,23.844210237018928,7.636839514970387,51.360951206891286,7.636839514970387,54.62262705272613,93.61300078021132,26.12159009934816,17.051458953753407
737,10.295370231090036,63.683352299039406,15.493096159676131,134.1486708430625,105.04348852864617,53.87986022213201,25.02609869838625,77.31631649435825,7.636839514970387
738,16.863005510575263,55.10105402313767,91.25809809820058,37.71821113230429,23.844210237018928,70.66301241437206,70.1284056617005,39.251213451004375,95.14444737759648
739,16.309933146173606,43.22682214555096,46.27706534369489,38.47646973079417,33.57111191606526,107.11869049917114,87.58849155834494,95.59863150364112,136.31337789803553
740,0.0,26.12159009934816,158.05132872140382,43.58587892216657,35.42089162718143,35.74990045411703,15.640142575301091,19.10689337210281,95.59863150364112
741,2.6969037837477474,15.640142575301091,72.10312490072226,115.07547212795744,55.68205594980975,66.16341641954304,26.12159009934816,80.68375046786704,59.786877639876295
742,2.960144946582118,46.27706534369489,82.95004587551082,112.66074116288,76.66504481000626,7.636839514970387,131.18730968519054,122.74779537764368,87.52382493746612
743,0.0,98.90252628970322,80.2405786259483,57.74920284709328,76.94310702795576,105.04348852864617,35.867128062558265,51.4079101986635,70.63113369978629
744,2.4738065354669185,23.506400766370884,90.88539685852172,26.12159009934816,65.75486164488264,12.920634810148757,47.32888389967341,7.636839514970387,46.598796871461786
745,0.0,65.56840996188473,7.636839514970387,92.87396051641116,71.47263380432861,23.506400766370884,111.81067498341392,23.844210237018928,7.636839514970387
746,2.830579076499756,56.27063389328144,105.04348852864617,46.27706534369489,26.12159009934816,55.68205594980975,64.27443525852769,47.32888389967341,105.04348852864617
747,7.128197594143044,59.07175890889215,12.920634810148757,86.72206272990564,37.205843634878526,23.194619541596705,65.39012309410836,89.67833968250717,12.920634810148757
748,4.4122950105657575,19.10689337210281,86.72206272990564,45.1110038109903,61.795960247793424,91.64760789783628,93.91625940424066,112.85122994937988,116.85367187584713
749,6.145876795489233,48.956321040407865,55.68205594980975,87.52382493746612,93.21161008512637,70.1886796623129,7.636839514970387,68.2650348328134,55.68205594980975
750,12.51578002712012,48.402349187837416,23.194619541596705,19.10689337210281,55.68205594980975,51.45911937613373,30.552970678422465,67.9677700191065,13.494499125487897
751,0.0,7.636839514970387,91.64760789783628,121.82294201676557,71.47263380432861,75.17007589725216,110.54454586320816,72.79849215462806,76.66504481000626
752,0.0,39.251213451004375,70.1886796623129,73.72849674562812,105.04348852864617,15.386548204894032,89.67833968250717,71.47263380432861,57.04319771931844
753,9.606329408819,30.552970678422465,51.45911937613373,26.12159009934816,121.2906397627833,26.12159009934816,112.85122994937988,15.386548204894032,65.75486164488264
754,0.0,23.506400766370884,75.17007589725216,25.02609869838625,35.42089162718143,68.16777776074922,68.2650348328134,7.636839514970387,71.47263380432861
755,13.00451678171939,19.10689337210281,26.12159009934816,110.54454586320816,7.636839514970387,64.02438877738412,72.79849215462806,19.10689337210281,7.636839514970387
756,1.6866616882544527,15.62916467405199,68.16777776074922,89.67833968250717,23.844210237018928,62.4421561600513,67.4257184947598,30.552970678422465,15.640142575301091
757,0.0,57.173933317023376,64.02438877738412,46.27706534369489,50.642311765907074,110.54454586320816,71.47263380432861,73.22225058591033,69.16083683267111
758,8.281987933025556,40.034072295866615,62.4421561600513,84.0802948469459,14.068814562904343,46.27706534369489,7.636839514970387,86.72206272990564,61.61912598208615
759,3.9146280024549545,66.34336091799776,110.54454586320816,89.9088338008727,51.41951009755359,97.31737922724996,23.844210237018928,46.27706534369489,74.32529671169925
760,7.214723588625733,54.19256868591723,46.27706534369489,62.49758422031292,86.46470244385037,89.9088338008727,15.62916467405199,53.33357773040799,100.7856504284722
761,3.019826188625797,58.38167307478719,97.31737922724996,71.47263380432861,53.36261113337879,25.02609869838625,23.506400766370884,85.26192189333732,23.506400766370884
762,16.58709423727748,65.41785520239988,89.9088338008727,7.636839514970387,89.90130409922095,26.12159009934816,48.65620405711926,77.49564501327391,104.48079560073552
763,15.387513335715358,7.636839514970387,25.02609869838625,19.10689337210281,12.568579977111256,3.1142432624567684,55.319574016119816,79.24347823670004,50.11479205206535
764,20.529699872170056,46.27706534369489,26.12159009934816,30.552970678422465,79.58795714332003,51.60571568799068,75.17007589725216,26.12159009934816,43.22682214555096
765,7.852483660430585,0.0,44.31349054230374,73.22225058591033,75.49593340189223,51.41951009755359,109.22544968470824,91.72256490657858,7.636839514970387
766,6.6638126733491685,76.66504481000626,51.60571568799068,86.72206272990564,69.55592687062027,90.31697358933052,70.46616022829646,86.72206272990564,23.844210237018928
767,3.5108347418449326,49.421353053003656,51.41951009755359,46.27706534369489,26.12159009934816,62.76760173949365,31.902273251653885,43.1345734476781,158.05132872140382
768,9.798907685703794,26.116584502769488,90.31697358933052,53.33357773040799,104.77880448407744,123.54463999128896,64.43155642402401,19.10689337210281,65.31463673216184
769,16.863005510575263,18.48749937972313,62.76760173949365,85.26192189333732,99.14053689514814,33.57111191606526,7.636839514970387,44.39379117092759,62.76760173949365
770,1.1274287128846117,63.68491230270351,123.54463999128896,77.49564501327391,48.09763749535846,75.89710293380233,17.051458953753407,141.98834411477503,103.09971347041918
771,0.7750411242436831,31.486371017247755,75.89710293380233,79.24347823670004,80.65346641543805,56.866551234894914,74.95994922590914,85.47383288921871,81.2492152979423
772,13.007798373366883,39.601317508350206,85.18525062930694,26.12159009934816,58.11824932022306,69.55592687062027,79.3286155580024,117.20644820716842,67.89059061802394
773,0.0,68.82791912674644,69.55592687062027,89.6327319352618,51.716784281645545,26.12159009934816,15.640142575301091,69.55592687062027,79.36353579076098
774,0.3875205621218416,59.01450710166656,26.12159009934816,15.640142575301091,74.62678618689708,57.762709503746855,54.11508024303312,79.0619545311756,69.55592687062027
775,0.0,23.506400766370884,57.762709503746855,110.68582720585788,42.34419296577107,41.56314252054269,87.73634670609404,26.12159009934816,26.12159009934816
776,7.303284211370131,61.38365386633732,104.77880448407744,84.76446207319599,26.12159009934816,99.14053689514814,65.31327284457265,89.54914591547312,104.77880448407744
777,3.019826188625797,7.636839514970387,99.14053689514814,32.38296954010639,112.11954225051235,15.640142575301091,81.01202860380205,67.23101304436324,129.4867296526696
778,6.145876795489233,12.568579977111256,48.09763749535846,19.10689337210281,47.01448987471901,48.09763749535846,96.59257713826209,80.65346641543805,77.92268802913695
779,0.0,0.0,80.65346641543805,62.98082989841229,74.4985282070859,80.65346641543805,47.74289166997524,79.40277636580336,90.29631710672297
780,18.73381619939377,39.251213451004375,51.716784281645545,64.43927754882242,74.62678618689708,51.716784281645545,7.636839514970387,57.046449991809816,84.60328304965877
781,0.0,69.6579662706734,74.62678618689708,54.10884848231638,80.65346641543805,74.62678618689708,23.844210237018928,74.62678618689708,74.62678618689708
782,7.214723588625733,24.11224939400153,42.34419296577107,69.55592687062027,97.75937345183534,42.34419296577107,87.89352024347423,26.12159009934816,26.12159009934816
783,10.718138120340267,80.0045735858712,26.12159009934816,26.12159009934816,67.55432657351943,26.12159009934816,67.23101304436324,106.12356806441971,96.53675716614964
784,0.0,28.299810675822464,102.2192840037389,99.14053689514814,58.45439810562077,102.2192840037389,48.65620405711926,47.96788266706484,79.40277636580336
785,0.0,33.57111191606526,44.15441308547058,67.23101304436324,76.66504481000626,40.50892070292849,68.87053923081373,48.00662640825516,55.68205594980975
786,11.78638552689354,79.40277636580336,18.48749937972313,95.80939334625108,26.12159009934816,18.48749937972313,62.47847168564663,55.68205594980975,86.72206272990564
787,2.960144946582118,15.386548204894032,46.27706534369489,80.65346641543805,82.73517142933903,46.27706534369489,135.93011939187414,86.72206272990564,65.83671180090879
788,0.0,47.16420431417454,14.431083634588362,58.11824932022306,89.57851573964665,14.431083634588362,55.29478860240378,47.74289166997524,46.54387409877263
789,4.684076296780081,7.636839514970387,64.53818566489188,72.46986166213122,59.326383731844594,44.80999928634244,26.12159009934816,55.27881521206599,93.5680959483336
790,4.4122950105657575,21.610471285697063,94.60538347331382,74.62678618689708,57.409883644742855,73.44790007851341,120.758785864905,37.48406089037342,60.0864588163069
791,12.91840164854206,39.251213451004375,25.807158221306004,42.34419296577107,73.65453630352484,94.60538347331382,105.04348852864617,57.3509611117281,26.12159009934816
792,12.51578002712012,18.48749937972313,52.01835189632328,26.12159009934816,72.90934996663046,34.186945148988464,51.12022885676561,76.66504481000626,51.10610427711484
793,7.128197594143044,23.844210237018928,61.57253742736141,115.71495904409474,41.43624256216621,61.57253742736141,55.68205594980975,26.12159009934816,51.74402153797591
794,15.387513335715358,18.23142362832679,76.66504481000626,95.41332038804656,26.12159009934816,76.66504481000626,86.72206272990564,61.66217576991834,23.506400766370884
795,10.295370231090036,37.15683961745056,7.636839514970387,48.00662640825516,76.54821823655432,7.636839514970387,46.563730613229886,88.13498967216981,15.62916467405199
796,6.6638126733491685,36.16302183483372,36.49296696236463,55.68205594980975,79.40277636580336,36.49296696236463,69.00810321046866,71.80726891311805,91.08889530088295
797,4.159399084249441,65.75486164488264,88.13498967216981,23.307652408323865,55.68205594980975,88.13498967216981,38.482196205660166,57.30950821212036,98.71028122137828
798,13.447254248883104,66.34336091799776,71.94909321188271,47.74289166997524,86.72206272990564,71.94909321188271,7.636839514970387,57.409883644742855,68.80963916009118
799,12.810975872230134,32.34032164710557,57.30950821212036,55.27881521206599,101.09443622618286,57.30950821212036,23.844210237018928,73.65453630352484,73.44790007851341
800,2.4738065354669185,40.45735309756712,55.28977315756301,57.3509611117281,83.40966046709845,43.22682214555096,103.25894163877852,72.90934996663046,47.99310065088869
801,0.5637143564423058,7.636839514970387,43.22682214555096,76.66504481000626,56.40161547253052,59.96774492555596,177.05967541919597,58.1267629786228,62.49758422031292
802,16.863005510575263,60.34906450336695,55.6924973257865,7.636839514970387,7.636839514970387,50.11479205206535,86.72206272990564,56.72627636413968,26.12159009934816
803,16.58709423727748,15.62916467405199,48.64912536467546,23.844210237018928,88.1266076471023,48.64912536467546,84.90701283073265,7.636839514970387,94.68311640117336
804,3.019826188625797,23.506400766370884,26.12159009934816,45.14503866995629,48.65620405711926,26.12159009934816,52.95456586228923,25.841269620297503,53.940811791028935
805,0.0,57.646740653156144,47.74289166997524,58.83260634670151,36.49296696236463,47.74289166997524,71.48357569953941,67.89059061802394,39.251213451004375
806,7.303284211370131,43.58587892216657,55.68205594980975,71.80726891311805,56.41795152532904,55.68205594980975,73.18798183110387,55.68205594980975,86.72206272990564
807,11.103780234469802,46.27706534369489,110.54454586320816,91.6857138764986,109.22544968470824,110.54454586320816,41.43624256216621,93.26013305424152,69.40953965121444
808,18.73381619939377,66.82004880541717,119.66116421470716,57.409883644742855,105.61283201475226,119.66116421470716,26.12159009934816,60.108675575477456,25.02609869838625
809,0.0,18.48749937972313,45.727156552423104,73.65453630352484,64.54282822504432,45.727156552423104,51.60571568799068,105.04348852864617,62.06811331822829
810,6.6638126733491685,43.47837544167282,62.06811331822829,72.90934996663046,101.17301138940964,62.06811331822829,75.89710293380233,50.77899556430128,47.95470558106691
811,0.0,45.30123899332045,93.91625940424066,7.636839514970387,66.73758502946434,93.91625940424066,62.76760173949365,7.636839514970387,7.636839514970387
812,0.0,48.86808173148913,7.636839514970387,76.54821823655432,55.68205594980975,7.636839514970387,23.506400766370884,45.92275506526145,48.65620405711926
813,0.0,7.636839514970387,64.9145285537564,25.841269620297503,26.12159009934816,64.9145285537564,113.95324901161398,55.68205594980975,66.92884076464198
814,14.217796772632587,17.051458953753407,55.68205594980975,79.40277636580336,15.640142575301091,55.68205594980975,90.31697358933052,39.65881134891491,87.36212116001342
815,0.7750411242436831,33.57111191606526,105.44397522723466,55.68205594980975,105.04348852864617,105.44397522723466,15.386548204894032,66.92884076464198,18.182320058991923
816,0.0,43.1345734476781,61.00567479485637,84.28479604539226,23.506400766370884,61.00567479485637,56.40161547253052,67.55432657351943,132.6663772092754
817,16.309933146173606,46.27706534369489,49.19270848802522,76.66504481000626,53.36662261946076,49.19270848802522,7.636839514970387,115.39482310094172,46.5630611381149
818,0.0,14.525500708419337,115.39482310094172,83.40966046709845,110.06977323503214,115.39482310094172,86.72206272990564,43.58587892216657,63.69587836207762
819,7.128197594143044,60.88889161609295,43.58587892216657,33.57111191606526,36.64989131753505,43.58587892216657,68.07673680841934,51.409103296452976,48.26230061922859
820,4.4122950105657575,49.61534806897726,101.17301138940964,56.40161547253052,61.623386823386,101.17301138940964,48.65620405711926,55.81193657197888,55.81193657197888
821,3.5108347418449326,19.10689337210281,55.68205594980975,104.77880448407744,85.8461818699029,55.68205594980975,36.49296696236463,46.27706534369489,55.68205594980975
822,7.214723588625733,35.21104254889525,7.636839514970387,73.28061784942686,7.636839514970387,7.636839514970387,67.55432657351943,26.12159009934816,7.636839514970387
823,0.5637143564423058,28.733661662674606,67.23101304436324,58.59652301436633,112.85122994937988,67.23101304436324,109.22544968470824,19.10689337210281,15.640142575301091
824,4.684076296780081,66.34336091799776,115.39482310094172,55.68205594980975,23.844210237018928,115.39482310094172,54.84270780893552,67.23101304436324,115.39482310094172
825,2.960144946582118,32.34032164710557,23.844210237018928,53.55154888105776,144.46066223980557,23.844210237018928,45.6376119204131,63.68491230270351,23.506400766370884
826,13.122125031663854,7.636839514970387,91.46171090969844,77.7399278331771,73.78121553920978,121.4326763543363,47.681551366452695,53.36662261946076,30.552970678422465
827,8.019453039724247,19.10689337210281,87.78453222485626,115.39482310094172,75.44780541634263,78.9939300029734,69.82452055959803,102.2192840037389,76.0629143906425
828,2.4738065354669185,23.506400766370884,79.24347823670004,36.612140424403776,72.51673925429027,70.31211185334618,46.27706534369489,72.8743605486495,83.8164061795164
829,15.387513335715358,46.27706534369489,88.18166863030349,74.19512874371459,54.62262705272613,75.34202067460683,181.6788431680506,61.623386823386,59.339120959952425
830,4.159399084249441,53.33357773040799,76.94310702795576,46.27706534369489,83.43410894127304,61.45161154663359,54.49366000681719,61.86757754068779,97.75553289845152
831,12.91840164854206,43.22682214555096,7.636839514970387,26.12159009934816,26.12159009934816,39.251213451004375,77.68284297428902,121.5766278059778,83.66256389004738
832,6.145876795489233,44.21196994661145,35.867128062558265,19.10689337210281,110.54454586320816,54.49366000681719,73.31140316538415,26.12159009934816,7.636839514970387
833,12.51578002712012,58.51534119614391,23.844210237018928,37.205843634878526,39.251213451004375,107.66994280612224,25.02609869838625,10.051501034884858,23.844210237018928
834,14.135742940017568,61.61912598208615,32.34032164710557,63.68491230270351,65.39012309410836,14.525500708419337,69.35290228804767,30.722824060705527,3.1142432624567684
835,5.8891029115351605,58.92552050029654,55.72474798826629,54.28663173889978,100.26538467270416,23.2980087603922,70.31211185334618,13.487612142348269,51.41951009755359
836,0.0,15.386548204894032,15.493096159676131,111.81067498341392,93.91625940424066,69.34298596890551,85.8461818699029,85.37288048229208,81.28567744906844
837,3.5108347418449326,31.43858992195704,75.51197884818963,81.87511951810986,19.10689337210281,33.57111191606526,55.68205594980975,75.44780541634263,59.49377903590024
838,3.019826188625797,15.62916467405199,79.65510609398838,61.623386823386,62.47847168564663,35.42089162718143,54.49366000681719,58.36055290379326,65.94557662875246
839,0.5637143564423058,7.636839514970387,55.713204455065984,61.86757754068779,26.12159009934816,71.26390922612282,85.38112219390155,54.62262705272613,32.7487834596165
840,0.0,59.49360877309244,72.10312490072226,105.9938427216151,47.32888389967341,71.47263380432861,76.54821823655432,125.31208776458084,51.45911937613373
841,7.128197594143044,17.051458953753407,60.00945136649232,26.12159009934816,15.640142575301091,60.00945136649232,30.722824060705527,83.43410894127304,75.17007589725216
842,0.0,46.27706534369489,7.636839514970387,46.27706534369489,97.70926393945702,76.8567027451497,13.487612142348269,26.12159009934816,76.57756417827045
843,0.0,18.48749937972313,44.21196994661145,10.051501034884858,89.67833968250717,38.86400006902975,75.44780541634263,47.32888389967341,26.12159009934816
844,13.088402014278488,23.506400766370884,38.86400006902975,27.77773560707552,71.47263380432861,196.62475752761767,99.52017242586214,39.251213451004375,23.506400766370884
845,0.0,80.39692968877138,110.54454586320816,38.733146854800914,108.72734779341825,55.68205594980975,72.63353189154181,15.640142575301091,39.43330146561496
846,4.684076296780081,49.44989058904419,55.68205594980975,31.0965728213221,58.38167307478719,69.66537069387783,79.52071836828296,65.39012309410836,39.251213451004375
847,0.0,70.07718006314518,69.66537069387783,45.93314882241042,90.5187187351935,47.74289166997524,26.12159009934816,84.067934583006,15.640142575301091
848,0.3875205621218416,58.819512676812224,47.74289166997524,12.568579977111256,26.12159009934816,46.58892875902672,47.32888389967341,98.6131334948468,53.47395524732382
849,0.0,33.57111191606526,46.58892875902672,56.63084228072952,19.10689337210281,88.89404347969125,97.454943708045,19.10689337210281,19.10689337210281
850,10.295370231090036,39.251213451004375,88.89404347969125,60.35407760696111,158.05132872140382,26.12159009934816,15.640142575301091,70.50650461977693,29.522143410164144
851,2.960144946582118,7.636839514970387,26.12159009934816,48.48105865156456,64.5776314446965,110.54454586320816,100.26538467270416,26.12159009934816,76.21818208334051
852,4.4122950105657575,26.116584502769488,47.32888389967341,85.74728890411497,89.9088338008727,81.6481973611856,93.91625940424066,23.506400766370884,127.64327935030532
853,4.159399084249441,0.0,15.640142575301091,7.636839514970387,59.08535585199724,68.06176497328788,67.55432657351943,15.62916467405199,7.636839514970387
854,18.73381619939377,15.62916467405199,74.0666492101217,44.21196994661145,62.98082989841229,105.6298250304592,72.1740620812394,81.6481973611856,79.24347823670004
855,9.609022441666976,46.79529802712396,108.65054144144425,95.59863150364112,71.47263380432861,89.67833968250717,26.12159009934816,79.39191888113415,59.51575680127232
856,2.91183195432858,23.506400766370884,89.67833968250717,97.454943708045,68.04684457474967,47.80889935857093,47.32888389967341,113.1885415314043,25.841269620297503
857,15.387513335715358,28.58661517112855,112.865691698698,59.01450710166656,26.12159009934816,119.85330294937452,15.62916467405199,75.17007589725216,14.766290915009508
858,7.303284211370131,48.5393134886728,44.85215288194801,84.30715058531536,95.41332038804656,26.12159009934816,93.65448745796392,107.11869049917114,88.18166863030349
859,6.145876795489233,62.235323945379896,90.5187187351935,85.91377247893328,59.01450710166656,19.10689337210281,67.55432657351943,69.5435029349368,76.66504481000626
860,5.8891029115351605,72.10312490072226,7.636839514970387,43.32076003684726,68.82791912674644,117.54602289623506,69.03385180187333,7.636839514970387,52.89727749865094
861,13.122125031663854,33.57111191606526,0.0,7.636839514970387,95.59863150364112,64.5776314446965,93.91625940424066,17.051458953753407,100.7911256853077
862,10.228968202597086,55.84876781724193,19.10689337210281,58.1267629786228,115.39482310094172,100.878311562623,110.67931216020038,26.38217338574702,18.48749937972313
863,11.78638552689354,35.659579882152734,117.54602289623506,25.841269620297503,55.68205594980975,59.08535585199724,80.24476741638689,12.568579977111256,22.850815102445317
864,8.019453039724247,7.636839514970387,69.32695804435214,81.6481973611856,111.81067498341392,62.98082989841229,7.636839514970387,74.95994922590914,26.12159009934816
865,6.6638126733491685,23.506400766370884,138.63850434822257,87.8240641052733,26.12159009934816,71.47263380432861,29.50963807153421,15.640142575301091,37.205843634878526
866,16.863005510575263,39.251213451004375,77.75332855106561,59.01445099689081,18.48749937972313,109.06371143170934,17.051458953753407,88.79282510498244,35.867128062558265
867,16.58709423727748,4.684076296780081,48.55078749943973,117.10995018497208,104.169668733385,26.12159009934816,19.10689337210281,60.88889161609295,104.98715827919774
868,0.3875205621218416,18.48749937972313,62.98082989841229,89.53530138493834,39.251213451004375,15.640142575301091,76.66504481000626,69.5629084999407,61.9074360220661
869,0.0,69.34298596890551,102.4060825870617,126.46652986292584,74.95994922590914,69.66537069387783,69.32695804435214,62.98082989841229,72.10312490072226
870,0.0,38.94792250899779,26.12159009934816,7.636839514970387,15.640142575301091,60.00945136649232,14.766290915009508,95.02649777305238,127.51232625671732
871,0.0,44.21196994661145,15.640142575301091,23.844210237018928,71.26390922612282,47.32888389967341,102.84475079038306,26.12159009934816,55.50991858677303
872,7.214723588625733,48.956321040407865,95.41332038804656,158.05132872140382,89.72614613700678,115.39482310094172,77.75332855106561,15.640142575301091,88.45504247211616
873,3.019826188625797,66.04681020854102,59.01450710166656,66.64069795255644,49.44989058904419,55.68205594980975,48.55078749943973,57.74920284709328,26.12159009934816
874,0.0,15.386548204894032,68.82791912674644,59.08535585199724,69.34298596890551,88.89404347969125,102.4060825870617,86.89640499383425,15.640142575301091
875,18.73381619939377,35.80579141477383,32.38296954010639,117.7860111841214,26.12159009934816,111.81067498341392,26.12159009934816,23.506400766370884,65.39012309410836
876,7.128197594143044,7.636839514970387,115.39482310094172,64.13757244824706,78.04417253663439,26.12159009934816,69.66537069387783,53.276407479001904,64.27443525852769
877,6.325499006824784,18.48749937972313,55.68205594980975,63.41009095907325,76.66504481000626,67.96796321780818,60.00945136649232,101.5076470144895,47.32888389967341
878,6.145876795489233,15.640142575301091,111.81067498341392,71.47263380432861,46.27706534369489,112.67355296403063,110.54454586320816,109.56279141876752,35.867128062558265
879,0.0,44.21196994661145,26.12159009934816,26.12159009934816,86.57064983011081,76.66504481000626,115.39482310094172,129.69221554554943,131.18730968519054
880,16.863005510575263,44.39379117092759,67.96796321780818,15.640142575301091,25.02609869838625,65.75486164488264,55.68205594980975,26.12159009934816,111.81067498341392
881,16.309933146173606,33.57111191606526,112.67355296403063,75.50816032685336,55.44806477768313,104.67187827811684,88.89404347969125,106.12814814582468,93.91625940424066
882,2.960144946582118,33.76070194606223,76.66504481000626,98.01216885748676,119.93374441281637,50.11277596700517,111.81067498341392,46.27706534369489,26.12159009934816
883,12.91840164854206,56.72627636413968,65.75486164488264,122.7829590303622,70.31211185334618,49.44989058904419,26.12159009934816,158.05132872140382,119.10941458581424
884,0.0,53.33357773040799,104.67187827811684,69.03385180187333,80.28711369799483,43.22682214555096,25.02609869838625,77.25889638057116,109.10980209905026
885,4.4122950105657575,54.43941799031994,50.11277596700517,67.41265629511486,26.12159009934816,53.33357773040799,106.12814814582468,59.08535585199724,28.84127616986776
886,4.684076296780081,67.89059061802394,49.44989058904419,65.53859597204774,70.1284056617005,26.12159009934816,46.27706534369489,89.72614613700678,64.68783536876037
887,0.0,50.77899556430128,43.22682214555096,79.82734822945879,47.47275582091248,65.75486164488264,69.35290228804767,19.10689337210281,76.66504481000626
888,2.531591649934698,44.21196994661145,53.33357773040799,26.12159009934816,99.9949343670412,76.66504481000626,76.66504481000626,49.44989058904419,91.57737814278336
889,12.51578002712012,7.636839514970387,26.12159009934816,74.62678618689708,37.205843634878526,46.27706534369489,59.08535585199724,53.33357773040799,12.568579977111256
890,2.91183195432858,56.27063389328144,65.75486164488264,99.14053689514814,11.542579372216242,42.83748530006115,50.11277596700517,26.12159009934816,22.26840148678008
891,13.447254248883104,40.41181774767532,76.66504481000626,158.05132872140382,67.96796321780818,18.48749937972313,49.44989058904419,62.47424259323312,52.95456586228923
892,12.810975872230134,85.35199291215815,46.27706534369489,56.43827275515212,18.48749937972313,110.06977323503214,43.22682214555096,158.05132872140382,105.04348852864617
893,1.5136107339377856,54.43941799031994,18.48749937972313,59.08535585199724,109.82496944361608,71.47263380432861,115.39482310094172,46.27706534369489,26.12159009934816
894,10.295370231090036,19.10689337210281,119.66116421470716,89.72614613700678,26.12159009934816,36.06572614646073,7.636839514970387,18.48749937972313,110.54454586320816
895,4.159399084249441,53.33357773040799,71.47263380432861,19.10689337210281,63.20595657167126,26.12159009934816,23.844210237018928,119.66116421470716,65.75486164488264
896,7.852483660430585,44.39379117092759,116.85367187584713,49.44989058904419,104.6556976606988,66.34336091799776,76.66504481000626,63.899612890391175,55.68205594980975
897,10.718138120340267,69.38548706020927,26.12159009934816,101.08533819461424,23.506400766370884,117.54602289623506,55.68205594980975,68.37549216998056,119.66116421470716
898,11.78638552689354,31.062824945670524,64.34951523973798,26.12159009934816,15.640142575301091,112.85122994937988,78.9939300029734,76.66504481000626,71.47263380432861
899,6.6638126733491685,7.636839514970387,67.23101304436324,80.64226949167164,67.89059061802394,100.878311562623,67.76790129653567,7.636839514970387,89.67833968250717
900,0.0,54.43941799031994,67.96796321780818,120.55800436146431,50.77899556430128,84.0802948469459,79.24347823670004,73.72849674562812,62.06811331822829
901,18.73381619939377,0.0,25.02609869838625,46.27706534369489,111.81067498341392,104.54660880026692,81.04059890657317,45.1110038109903,99.26632856457807
902,3.019826188625797,10.2059905448889,88.80681982465605,38.86455960934009,33.57111191606526,72.79849215462806,7.636839514970387,18.48749937972313,54.49366000681719
903,4.159399084249441,48.64912536467546,86.24095753780331,18.48749937972313,53.04910978043364,7.636839514970387,46.598796871461786,44.21196994661145,115.07547212795744
904,7.128197594143044,44.39379117092759,109.3203883490929,114.20811714031193,7.636839514970387,63.20595657167126,62.88493374119365,46.27706534369489,47.32888389967341
905,0.0,15.640142575301091,82.95245983917275,94.86185883293965,63.76997302407794,30.552970678422465,15.640142575301091,74.27255576654062,116.12772437919104
906,0.0,33.76070194606223,7.636839514970387,76.66504481000626,18.48749937972313,15.386548204894032,47.74289166997524,86.35508618523167,67.9677700191065
907,0.0,12.568579977111256,63.20595657167126,7.636839514970387,46.27706534369489,110.393878839183,55.68205594980975,76.90983570765285,62.49758422031292
908,12.91840164854206,32.751219967399415,23.844210237018928,70.1284056617005,86.72206272990564,41.56314252054269,32.38296954010639,63.20595657167126,93.91625940424066
909,9.505558746815316,45.727156552423104,104.6556976606988,31.902273251653885,75.81825284327329,102.45418078950816,41.651408760998834,69.66229087102606,7.636839514970387
910,6.325499006824784,29.025757415975228,86.72206272990564,39.01284110122778,25.841269620297503,46.60606357244358,64.41000721808135,51.956752437389326,63.20595657167126
911,3.854482903543415,66.34336091799776,46.60606357244358,25.02609869838625,63.68491230270351,82.86802427169792,58.80272532323594,107.30226160773964,12.920634810148757
912,0.3875205621218416,35.21104254889525,78.9939300029734,39.251213451004375,40.67255415993655,55.362289743275575,80.53125396672712,172.8022743943151,62.48638300103327
913,0.0,7.636839514970387,58.59674286769905,88.2393938607895,40.034072295866615,72.58844078433208,7.636839514970387,73.24559264335552,106.59139654954204
914,0.0,39.251213451004375,30.12718631021688,73.93702369286721,71.47263380432861,55.68205594980975,93.30252409708577,89.1389908383102,69.54938213170824
915,4.4122950105657575,23.844210237018928,65.72287772953852,93.97559379733688,7.636839514970387,124.34614706646168,30.552970678422465,104.65827633437416,86.72206272990564
916,0.0,23.506400766370884,7.636839514970387,7.636839514970387,72.66566649054272,165.3292370828459,86.71308852554128,26.12159009934816,33.57111191606526
917,2.960144946582118,71.26390922612282,76.47376735521433,63.20595657167126,113.16225605080848,115.39482310094172,86.72206272990564,60.36104468553762,72.10312490072226
918,9.609022441666976,28.58661517112855,97.454943708045,23.844210237018928,65.83671180090879,53.52875262147118,90.76140129784372,18.48749937972313,85.97803674265215
919,16.863005510575263,15.640142575301091,67.89059061802394,104.6556976606988,23.506400766370884,43.088721242884894,76.15437233559236,35.867128062558265,7.636839514970387
920,4.684076296780081,33.57111191606526,61.57253742736141,41.56314252054269,15.640142575301091,75.17007589725216,46.02370113683445,23.506400766370884,35.867128062558265
921,2.4738065354669185,52.30586211197406,58.1267629786228,46.60606357244358,55.68205594980975,26.12159009934816,92.77828676219218,102.2192840037389,86.72206272990564
922,1.5136107339377856,62.06811331822829,66.15241357463336,86.97102964745893,30.552970678422465,32.38296954010639,7.636839514970387,15.62916467405199,101.40325401804807
923,7.303284211370131,74.9506192654265,60.108675575477456,95.04403992889858,36.64989131753505,15.640142575301091,63.76997302407794,44.91047388167002,94.48392546804632
924,13.122125031663854,39.65881134891491,114.81849888027584,15.62916467405199,57.630758829654326,55.68205594980975,55.68205594980975,77.97531613131177,55.72143118998454
925,6.145876795489233,7.636839514970387,7.636839514970387,65.72287772953852,51.88128715499785,103.74507447670791,47.32888389967341,40.034072295866615,110.59368465641516
926,6.6638126733491685,33.57111191606526,90.14758166977116,7.636839514970387,67.9677700191065,57.3509611117281,85.4096438229483,67.55432657351943,58.416986179519
927,11.78638552689354,32.34032164710557,95.59863150364112,68.0349569161133,54.49366000681719,110.78166970713032,15.62916467405199,7.636839514970387,71.45585105827418
928,8.019453039724247,15.395582732425623,46.27706534369489,35.867128062558265,68.2650348328134,95.41332038804656,25.841269620297503,65.31463673216184,7.636839514970387
929,10.295370231090036,35.21104254889525,17.051458953753407,23.506400766370884,112.85122994937988,83.0723375755126,115.39482310094172,95.59863150364112,65.31463673216184
930,2.531591649934698,14.525500708419337,60.88889161609295,75.81825284327329,172.8022743943151,7.636839514970387,89.67833968250717,62.76760173949365,95.59863150364112
931,5.8891029115351605,46.27706534369489,57.3509611117281,15.62916467405199,46.87161437084405,80.94677537447069,71.47263380432861,44.21196994661145,62.76760173949365
932,16.309933146173606,37.71821113230429,19.10689337210281,25.841269620297503,63.769906873885134,23.844210237018928,26.12159009934816,57.3509611117281,61.48810719194939
933,0.0,48.06786071046918,95.41332038804656,40.67255415993655,33.57111191606526,81.49081957301996,61.623386823386,95.41332038804656,44.21196994661145
934,0.0,43.58587892216657,65.81604546567239,131.18730968519054,72.10312490072226,83.40966046709845,95.59863150364112,87.30937812220878,99.08062567005334
935,0.0,25.02609869838625,7.636839514970387,40.034072295866615,35.867128062558265,15.640142575301091,97.454943708045,88.13310722378094,87.30937812220878
936,3.019826188625797,64.79805161650236,39.01284110122778,71.47263380432861,26.12159009934816,55.68205594980975,119.0960832977474,121.53434397864142,91.41372627543048
937,7.303284211370131,57.74920284709328,70.77931313737443,26.12159009934816,119.66116421470716,56.08980700650153,92.77828676219218,7.636839514970387,7.636839514970387
938,0.0,69.34298596890551,15.640142575301091,47.74289166997524,76.66504481000626,97.75937345183534,93.52258036258335,39.01284110122778,67.9677700191065
939,4.159399084249441,7.636839514970387,48.65620405711926,95.59863150364112,127.51232625671732,67.55432657351943,68.28773121361533,115.16880315669516,23.844210237018928
940,6.6638126733491685,71.26390922612282,56.08980700650153,48.65620405711926,61.46117068415941,46.27706534369489,19.10689337210281,15.640142575301091,76.54821823655432
941,10.295370231090036,44.21196994661145,96.38254603422136,88.9104827700107,68.16777776074922,26.12159009934816,7.636839514970387,55.68205594980975,83.40966046709845
942,4.684076296780081,39.251213451004375,67.55432657351943,77.37101890303583,115.67877226005844,19.10689337210281,51.860220566958574,41.56314252054269,55.68205594980975
943,12.91840164854206,15.62916467405199,108.8445191845685,57.3509611117281,,63.683352299039406,23.844210237018928,72.33759060119942,104.77880448407744
944,0.0,23.506400766370884,76.83824954585297,95.41332038804656,,115.71495904409474,69.34298596890551,50.88839029078216,48.36121978134052
945,0.0,33.57111191606526,46.27706534369489,55.8114095265256,,76.66504481000626,39.251213451004375,62.25191523181827,46.31220184307227
946,0.5637143564423058,19.10689337210281,26.12159009934816,121.53434397864142,,55.10105402313767,86.72206272990564,55.68205594980975,66.12495856191157
947,0.0,38.94792250899779,19.10689337210281,7.636839514970387,,68.16777776074922,36.06786509335062,26.12159009934816,26.12159009934816
948,12.51578002712012,62.06811331822829,63.683352299039406,39.01284110122778,,115.67877226005844,67.98329017447331,119.66116421470716,113.59952816149226
949,11.78638552689354,39.65881134891491,115.71495904409474,115.16880315669516,,,42.83748530006115,105.04348852864617,76.66504481000626
950,4.4122950105657575,7.636839514970387,158.05132872140382,67.23101304436324,,,68.16777776074922,62.47424259323312,111.68736505107582
951,7.214723588625733,18.48749937972313,55.10105402313767,55.68205594980975,,,55.68205594980975,68.16777776074922,86.98859010730033
952,2.960144946582118,23.844210237018928,68.16777776074922,92.72711163224818,,,26.12159009934816,101.17301138940964,73.15646336134624
953,7.718285066132156,23.506400766370884,63.52974194330727,98.60014614167476,,,119.66116421470716,115.67877226005844,71.47494649520216
954,7.128197594143044,35.42089162718143,,62.25191523181827,,,76.66504481000626,,67.96796321780818
955,15.387513335715358,28.84127616986776,,35.867128062558265,,,105.04348852864617,,
956,3.5108347418449326,18.08387119345678,,26.12159009934816,,,62.47424259323312,,
957,16.309933146173606,58.37637903943146,,119.66116421470716,,,68.16777776074922,,
958,6.296434248243552,42.12834224048627,,76.66504481000626,,,115.67877226005844,,
959,18.73381619939377,41.43624256216621,,127.51232625671732,,,,,
960,6.145876795489233,62.49758422031292,,61.46117068415941,,,,,
961,2.4738065354669185,71.47263380432861,,68.16777776074922,,,,,
962,16.863005510575263,15.386548204894032,,115.67877226005844,,,,,
963,0.7750411242436831,7.636839514970387,,,,,,,
964,13.007798373366883,19.10689337210281,,,,,,,
965,15.387513335715358,30.552970678422465,,,,,,,
966,3.019826188625797,52.76737496705047,,,,,,,
967,0.0,15.62916467405199,,,,,,,
968,2.960144946582118,23.506400766370884,,,,,,,
969,0.3875205621218416,46.27706534369489,,,,,,,
970,0.0,53.33357773040799,,,,,,,
971,6.6638126733491685,66.48234552747743,,,,,,,
972,12.51578002712012,58.68406475714613,,,,,,,
973,0.0,61.623386823386,,,,,,,
974,12.91840164854206,39.882306215365325,,,,,,,
975,0.0,7.636839514970387,,,,,,,
976,0.0,25.75988621150465,,,,,,,
977,13.685713129915136,38.47646973079417,,,,,,,
978,0.5637143564423058,53.46899893956996,,,,,,,
979,0.0,23.506400766370884,,,,,,,
980,7.214723588625733,41.651408760998834,,,,,,,
981,4.4122950105657575,19.10689337210281,,,,,,,
982,7.128197594143044,62.98082989841229,,,,,,,
983,0.0,46.54387409877263,,,,,,,
984,7.303284211370131,28.914310157557708,,,,,,,
985,11.78638552689354,54.10884848231638,,,,,,,
986,4.159399084249441,15.62916467405199,,,,,,,
987,4.684076296780081,38.43095013030726,,,,,,,
988,8.019453039724247,21.43957204928139,,,,,,,
989,3.5108347418449326,7.636839514970387,,,,,,,
990,2.4738065354669185,23.506400766370884,,,,,,,
991,13.447254248883104,33.91879067076095,,,,,,,
992,6.145876795489233,15.640142575301091,,,,,,,
993,18.73381619939377,12.568579977111256,,,,,,,
994,13.692396515733597,44.21196994661145,,,,,,,
995,5.8891029115351605,80.65346641543805,,,,,,,
996,16.58709423727748,33.57111191606526,,,,,,,
997,0.0,79.40277636580336,,,,,,,
998,3.019826188625797,56.40161547253052,,,,,,,
999,0.0,74.62678618689708,,,,,,,
1000,3.9146280024549545,7.636839514970387,,,,,,,
1001,3.565061090792638,50.49321281970752,,,,,,,
1002,14.217796772632587,15.640142575301091,,,,,,,
1003,0.0,12.568579977111256,,,,,,,
1004,2.4738065354669185,47.96788266706484,,,,,,,
1005,7.128197594143044,36.074999308537386,,,,,,,
1006,0.0,48.00662640825516,,,,,,,
1007,3.5108347418449326,46.27706534369489,,,,,,,
1008,1.6866616882544527,23.506400766370884,,,,,,,
1009,7.214723588625733,10.2059905448889,,,,,,,
1010,0.0,55.27881521206599,,,,,,,
1011,2.960144946582118,37.48406089037342,,,,,,,
1012,8.762535575714049,57.3509611117281,,,,,,,
1013,0.0,76.66504481000626,,,,,,,
1014,0.3875205621218416,7.636839514970387,,,,,,,
1015,0.0,19.10689337210281,,,,,,,
1016,4.4122950105657575,18.182320058991923,,,,,,,
1017,2.6969037837477474,47.16420431417454,,,,,,,
1018,13.122125031663854,71.80726891311805,,,,,,,
1019,9.606329408819,35.46288408481417,,,,,,,
1020,9.090397936405322,38.49734281137666,,,,,,,
1021,6.6638126733491685,57.409883644742855,,,,,,,
1022,6.325499006824784,65.93258826056908,,,,,,,
1023,16.309933146173606,72.90934996663046,,,,,,,
1024,7.303284211370131,15.62916467405199,,,,,,,
1025,5.203981884496304,56.72627636413968,,,,,,,
1026,6.145876795489233,7.636839514970387,,,,,,,
1027,12.974426945130226,0.0,,,,,,,
1028,5.585045100152804,67.89059061802394,,,,,,,
1029,8.224537340900735,46.27706534369489,,,,,,,
1030,6.487951430822992,23.506400766370884,,,,,,,
1031,8.668268342412228,57.04319771931844,,,,,,,
1032,4.4122950105657575,33.57111191606526,,,,,,,
1033,0.0,53.33357773040799,,,,,,,
1034,0.0,26.116584502769488,,,,,,,
1035,0.0,18.48749937972313,,,,,,,
1036,2.91183195432858,50.77899556430128,,,,,,,
1037,4.684076296780081,7.636839514970387,,,,,,,
1038,0.0,23.506400766370884,,,,,,,
1039,0.0,45.92275506526145,,,,,,,
1040,7.055583487765243,46.27706534369489,,,,,,,
1041,7.128197594143044,39.65881134891491,,,,,,,
1042,0.0,18.48749937972313,,,,,,,
1043,7.214723588625733,41.43624256216621,,,,,,,
1044,12.91840164854206,67.55432657351943,,,,,,,
1045,18.73381619939377,63.68491230270351,,,,,,,
1046,2.960144946582118,43.58587892216657,,,,,,,
1047,0.0,51.409103296452976,,,,,,,
1048,3.019826188625797,15.386548204894032,,,,,,,
1049,8.019453039724247,46.27706534369489,,,,,,,
1050,4.159399084249441,7.636839514970387,,,,,,,
1051,14.217796772632587,15.640142575301091,,,,,,,
1052,15.387513335715358,63.68491230270351,,,,,,,
1053,7.303284211370131,23.506400766370884,,,,,,,
1054,13.122125031663854,53.36662261946076,,,,,,,
1055,12.51578002712012,36.074999308537386,,,,,,,
1056,3.5108347418449326,46.58892875902672,,,,,,,
1057,6.145876795489233,18.48749937972313,,,,,,,
1058,14.135742940017568,36.64989131753505,,,,,,,
1059,11.103780234469802,61.623386823386,,,,,,,
1060,0.5637143564423058,61.86757754068779,,,,,,,
1061,0.3875205621218416,104.00813718181725,,,,,,,
1062,5.8891029115351605,26.12159009934816,,,,,,,
1063,16.58709423727748,26.882879656093365,,,,,,,
1064,2.531591649934698,32.34032164710557,,,,,,,
1065,0.0,18.23142362832679,,,,,,,
1066,0.3875205621218416,63.48030760489464,,,,,,,
1067,3.9146280024549545,19.10689337210281,,,,,,,
1068,0.0,55.422699807777306,,,,,,,
1069,0.0,58.36055290379326,,,,,,,
1070,7.055583487765243,54.62262705272613,,,,,,,
1071,4.4122950105657575,74.62678618689708,,,,,,,
1072,6.325499006824784,83.43410894127304,,,,,,,
1073,2.4738065354669185,26.12159009934816,,,,,,,
1074,9.798907685703794,32.38296954010639,,,,,,,
1075,12.51578002712012,39.251213451004375,,,,,,,
1076,1.6866616882544527,15.640142575301091,,,,,,,
1077,0.0,46.36768587077519,,,,,,,
1078,0.0,54.72991997454356,,,,,,,
1079,7.303284211370131,84.067934583006,,,,,,,
1080,0.0,36.35756304706067,,,,,,,
1081,0.0,19.10689337210281,,,,,,,
1082,12.810975872230134,70.50650461977693,,,,,,,
1083,2.960144946582118,7.636839514970387,,,,,,,
1084,7.214723588625733,23.506400766370884,,,,,,,
1085,3.019826188625797,15.62916467405199,,,,,,,
1086,1.5136107339377856,46.27706534369489,,,,,,,
1087,7.128197594143044,63.76997302407794,,,,,,,
1088,2.830579076499756,63.68491230270351,,,,,,,
1089,15.291044274267604,44.21196994661145,,,,,,,
1090,13.122125031663854,35.42089162718143,,,,,,,
1091,9.606329408819,71.47263380432861,,,,,,,
1092,10.718138120340267,46.58892875902672,,,,,,,
1093,6.695988109199242,18.48749937972313,,,,,,,
1094,11.78638552689354,33.57111191606526,,,,,,,
1095,19.556030934237143,7.636839514970387,,,,,,,
1096,16.309933146173606,17.051458953753407,,,,,,,
1097,0.3875205621218416,10.2059905448889,,,,,,,
1098,0.0,12.568579977111256,,,,,,,
1099,0.0,33.76070194606223,,,,,,,
1100,2.4738065354669185,15.640142575301091,,,,,,,
1101,0.0,64.5776314446965,,,,,,,
1102,0.0,60.88889161609295,,,,,,,
1103,4.4122950105657575,32.50961178877009,,,,,,,
1104,2.6969037837477474,62.06811331822829,,,,,,,
1105,6.145876795489233,62.98082989841229,,,,,,,
1106,2.960144946582118,44.35568543952104,,,,,,,
1107,0.0,33.57111191606526,,,,,,,
1108,7.303284211370131,7.636839514970387,,,,,,,
1109,3.019826188625797,15.640142575301091,,,,,,,
1110,13.122125031663854,65.39012309410836,,,,,,,
1111,0.0,19.10689337210281,,,,,,,
1112,0.0,23.506400766370884,,,,,,,
1113,9.609022441666976,36.074999308537386,,,,,,,
1114,7.128197594143044,42.83748530006115,,,,,,,
1115,9.794584524921442,33.91879067076095,,,,,,,
1116,8.019453039724247,60.94655710261334,,,,,,,
1117,4.684076296780081,45.28252967307055,,,,,,,
1118,12.511370528491298,45.92626577642344,,,,,,,
1119,15.387513335715358,74.10403402368006,,,,,,,
1120,3.9146280024549545,7.636839514970387,,,,,,,
1121,12.91840164854206,32.34032164710557,,,,,,,
1122,3.5108347418449326,40.90640192143745,,,,,,,
1123,13.432489571630004,46.27706534369489,,,,,,,
1124,14.135742940017568,14.525500708419337,,,,,,,
1125,9.505558746815316,77.25889638057116,,,,,,,
1126,6.6638126733491685,59.08535585199724,,,,,,,
1127,1.1274287128846117,50.11277596700517,,,,,,,
1128,5.8891029115351605,19.10689337210281,,,,,,,
1129,16.309933146173606,44.21196994661145,,,,,,,
1130,0.0,49.44989058904419,,,,,,,
1131,0.0,43.22682214555096,,,,,,,
1132,2.960144946582118,53.33357773040799,,,,,,,
1133,2.4738065354669185,7.636839514970387,,,,,,,
1134,0.0,33.57111191606526,,,,,,,
1135,11.78638552689354,44.21196994661145,,,,,,,
1136,4.684076296780081,62.47424259323312,,,,,,,
1137,0.0,14.525500708419337,,,,,,,
1138,16.309933146173606,46.27706534369489,,,,,,,
1139,0.0,18.48749937972313,,,,,,,
1140,7.303284211370131,54.43941799031994,,,,,,,
1141,4.159399084249441,63.899612890391175,,,,,,,
1142,4.4122950105657575,31.062824945670524,,,,,,,
1143,10.718138120340267,39.65881134891491,,,,,,,
1144,0.0,7.636839514970387,,,,,,,
1145,12.91840164854206,53.47395524732382,,,,,,,
1146,3.019826188625797,33.57111191606526,,,,,,,
1147,0.0,15.640142575301091,,,,,,,
1148,0.5637143564423058,18.48749937972313,,,,,,,
1149,7.214723588625733,44.21196994661145,,,,,,,
1150,7.128197594143044,46.27706534369489,,,,,,,
1151,12.810975872230134,23.506400766370884,,,,,,,
1152,7.713437335644703,58.57776189559971,,,,,,,
1153,15.387513335715358,86.35508618523167,,,,,,,
1154,18.73381619939377,45.309625734782536,,,,,,,
1155,6.145876795489233,39.65881134891491,,,,,,,
1156,13.122125031663854,7.636839514970387,,,,,,,
1157,12.51578002712012,44.39379117092759,,,,,,,
1158,6.6638126733491685,23.844210237018928,,,,,,,
1159,2.49640595455169,30.753930117126263,,,,,,,
1160,11.35572508447991,63.68491230270351,,,,,,,
1161,0.3875205621218416,18.48749937972313,,,,,,,
1162,0.0,23.506400766370884,,,,,,,
1163,0.0,46.60606357244358,,,,,,,
1164,0.0,69.40253902329839,,,,,,,
1165,6.145876795489233,63.08827492961561,,,,,,,
1166,9.609022441666976,15.62916467405199,,,,,,,
1167,12.511370528491298,65.72287772953852,,,,,,,
1168,13.122125031663854,7.636839514970387,,,,,,,
1169,0.0,60.36104468553762,,,,,,,
1170,10.353953000120168,18.48749937972313,,,,,,,
1171,4.4122950105657575,35.867128062558265,,,,,,,
1172,18.55826169764866,23.506400766370884,,,,,,,
1173,0.0,39.601317508350206,,,,,,,
1174,4.684076296780081,15.62916467405199,,,,,,,
1175,2.960144946582118,41.651408760998834,,,,,,,
1176,0.0,44.91047388167002,,,,,,,
1177,0.0,77.97531613131177,,,,,,,
1178,3.019826188625797,40.034072295866615,,,,,,,
1179,7.128197594143044,67.55432657351943,,,,,,,
1180,2.531591649934698,7.636839514970387,,,,,,,
1181,6.6638126733491685,10.2059905448889,,,,,,,
1182,3.9146280024549545,23.506400766370884,,,,,,,
1183,15.871740542685414,15.640142575301091,,,,,,,
1184,6.325499006824784,39.251213451004375,,,,,,,
1185,7.930515543732072,44.21196994661145,,,,,,,
1186,13.778669486766512,65.84387390034023,,,,,,,
1187,7.303284211370131,57.3509611117281,,,,,,,
1188,6.7678802015118205,26.991188962058967,,,,,,,
1189,15.293328149175698,12.568579977111256,,,,,,,
1190,8.019453039724247,45.07120196163176,,,,,,,
1191,2.4738065354669185,47.03904381227534,,,,,,,
1192,0.3875205621218416,47.45995337948162,,,,,,,
1193,16.309933146173606,69.82443318040323,,,,,,,
1194,0.0,7.636839514970387,,,,,,,
1195,2.960144946582118,17.051458953753407,,,,,,,
1196,10.295370231090036,52.489123283801376,,,,,,,
1197,0.0,15.640142575301091,,,,,,,
1198,2.4738065354669185,18.48749937972313,,,,,,,
1199,0.0,46.27706534369489,,,,,,,
1200,15.387513335715358,23.506400766370884,,,,,,,
1201,0.0,52.88636955869353,,,,,,,
1202,0.0,29.917988122354576,,,,,,,
1203,4.4122950105657575,30.905834387725463,,,,,,,
1204,7.128197594143044,32.55303606463369,,,,,,,
1205,9.609022441666976,62.25191523181827,,,,,,,
1206,0.0,39.251213451004375,,,,,,,
1207,16.863005510575263,7.636839514970387,,,,,,,
1208,4.684076296780081,19.10689337210281,,,,,,,
1209,0.0,69.34298596890551,,,,,,,
1210,9.505558746815316,44.21196994661145,,,,,,,
1211,3.019826188625797,38.94792250899779,,,,,,,
1212,7.593290041285638,14.525500708419337,,,,,,,
1213,7.930515543732072,67.98329017447331,,,,,,,
1214,4.159399084249441,68.16777776074922,,,,,,,
1215,12.91840164854206,33.57111191606526,,,,,,,
1216,7.303284211370131,31.062824945670524,,,,,,,
1217,6.145876795489233,35.21104254889525,,,,,,,
1218,13.122125031663854,,,,,,,,
1219,6.7678802015118205,,,,,,,,
1220,18.73381619939377,,,,,,,,
1221,8.019453039724247,,,,,,,,
1222,6.6638126733491685,,,,,,,,
1223,0.5637143564423058,,,,,,,,
1224,0.7750411242436831,,,,,,,,
1225,16.309933146173606,,,,,,,,
1226,0.0,,,,,,,,
1227,4.159399084249441,,,,,,,,
1228,15.387513335715358,,,,,,,,
1229,4.4122950105657575,,,,,,,,
1230,2.960144946582118,,,,,,,,
1231,7.128197594143044,,,,,,,,
1232,0.0,,,,,,,,
1233,0.0,,,,,,,,
1234,4.684076296780081,,,,,,,,
1235,0.0,,,,,,,,
1236,0.0,,,,,,,,
1237,6.268516788811107,,,,,,,,
1238,0.0,,,,,,,,
1239,7.852483660430585,,,,,,,,
1240,16.309933146173606,,,,,,,,
1241,9.505558746815316,,,,,,,,
1242,3.019826188625797,,,,,,,,
1243,0.3875205621218416,,,,,,,,
1244,0.0,,,,,,,,
1245,0.5637143564423058,,,,,,,,
1246,12.91840164854206,,,,,,,,
1247,8.019453039724247,,,,,,,,
1248,9.609022441666976,,,,,,,,
1249,6.695988109199242,,,,,,,,
1250,18.73381619939377,,,,,,,,
1251,3.5108347418449326,,,,,,,,
1252,13.447254248883104,,,,,,,,
1253,11.78638552689354,,,,,,,,
1254,7.055583487765243,,,,,,,,
1255,2.4738065354669185,,,,,,,,
1256,10.295370231090036,,,,,,,,
1257,16.863005510575263,,,,,,,,
1258,0.0,,,,,,,,
1259,7.303284211370131,,,,,,,,
1260,2.4738065354669185,,,,,,,,
1261,0.0,,,,,,,,
1262,7.055583487765243,,,,,,,,
1263,0.0,,,,,,,,
1264,0.0,,,,,,,,
1265,1.6866616882544527,,,,,,,,
1266,0.0,,,,,,,,
1267,3.019826188625797,,,,,,,,
1268,20.529699872170056,,,,,,,,
1269,2.6969037837477474,,,,,,,,
1270,7.128197594143044,,,,,,,,
1271,0.0,,,,,,,,
1272,8.762535575714049,,,,,,,,
1273,0.7750411242436831,,,,,,,,
1274,0.0,,,,,,,,
1275,3.9146280024549545,,,,,,,,
1276,16.863005510575263,,,,,,,,
1277,4.4122950105657575,,,,,,,,
1278,9.609022441666976,,,,,,,,
1279,2.960144946582118,,,,,,,,
1280,6.325499006824784,,,,,,,,
1281,3.5108347418449326,,,,,,,,
1282,6.145876795489233,,,,,,,,
1283,13.00451678171939,,,,,,,,
1284,5.585045100152804,,,,,,,,
1285,15.293328149175698,,,,,,,,
1286,8.281987933025556,,,,,,,,
1287,2.531591649934698,,,,,,,,
1288,9.606329408819,,,,,,,,
1289,13.007798373366883,,,,,,,,
1290,16.309933146173606,,,,,,,,
1291,0.3875205621218416,,,,,,,,
1292,0.0,,,,,,,,
1293,2.960144946582118,,,,,,,,
1294,0.0,,,,,,,,
1295,0.0,,,,,,,,
1296,4.4122950105657575,,,,,,,,
1297,7.128197594143044,,,,,,,,
1298,1.6866616882544527,,,,,,,,
1299,0.0,,,,,,,,
1300,6.145876795489233,,,,,,,,
1301,0.0,,,,,,,,
1302,7.303284211370131,,,,,,,,
1303,0.0,,,,,,,,
1304,3.019826188625797,,,,,,,,
1305,0.0,,,,,,,,
1306,12.51578002712012,,,,,,,,
1307,2.531591649934698,,,,,,,,
1308,7.214723588625733,,,,,,,,
1309,8.584615112068182,,,,,,,,
1310,4.159399084249441,,,,,,,,
1311,12.91840164854206,,,,,,,,
1312,12.810975872230134,,,,,,,,
1313,6.325499006824784,,,,,,,,
1314,10.718138120340267,,,,,,,,
1315,13.447254248883104,,,,,,,,
1316,14.859639253960342,,,,,,,,
1317,11.78638552689354,,,,,,,,
1318,2.4738065354669185,,,,,,,,
1319,13.685713129915136,,,,,,,,
1320,13.692396515733597,,,,,,,,
1321,6.6638126733491685,,,,,,,,
1322,16.309933146173606,,,,,,,,
1323,2.960144946582118,,,,,,,,
1324,11.35572508447991,,,,,,,,
1325,3.019826188625797,,,,,,,,
1326,0.0,,,,,,,,
1327,16.309933146173606,,,,,,,,
1328,0.0,,,,,,,,
1329,0.0,,,,,,,,
1330,0.0,,,,,,,,
1331,6.6638126733491685,,,,,,,,
1332,0.0,,,,,,,,
1333,12.91840164854206,,,,,,,,
1334,12.51578002712012,,,,,,,,
1335,0.5637143564423058,,,,,,,,
1336,0.0,,,,,,,,
1337,18.73381619939377,,,,,,,,
1338,4.4122950105657575,,,,,,,,
1339,0.0,,,,,,,,
1340,7.214723588625733,,,,,,,,
1341,13.122125031663854,,,,,,,,
1342,7.128197594143044,,,,,,,,
1343,8.019453039724247,,,,,,,,
1344,2.49640595455169,,,,,,,,
1345,4.684076296780081,,,,,,,,
1346,4.159399084249441,,,,,,,,
1347,15.387513335715358,,,,,,,,
1348,9.436380634036354,,,,,,,,
1349,7.303284211370131,,,,,,,,
1350,3.5108347418449326,,,,,,,,
1351,6.695988109199242,,,,,,,,
1352,10.213763986295696,,,,,,,,
1353,2.4738065354669185,,,,,,,,
1354,7.713437335644703,,,,,,,,
1355,0.3875205621218416,,,,,,,,
1356,4.4122950105657575,,,,,,,,
1357,0.0,,,,,,,,
1358,0.0,,,,,,,,
1359,7.303284211370131,,,,,,,,
1360,6.325499006824784,,,,,,,,
1361,0.0,,,,,,,,
1362,0.0,,,,,,,,
1363,0.0,,,,,,,,
1364,0.0,,,,,,,,
1365,0.0,,,,,,,,
1366,7.128197594143044,,,,,,,,
1367,4.684076296780081,,,,,,,,
1368,6.145876795489233,,,,,,,,
1369,10.295370231090036,,,,,,,,
1370,2.531591649934698,,,,,,,,
1371,3.019826188625797,,,,,,,,
1372,9.609022441666976,,,,,,,,
1373,16.309933146173606,,,,,,,,
1374,4.159399084249441,,,,,,,,
1375,7.055583487765243,,,,,,,,
1376,2.960144946582118,,,,,,,,
1377,1.5136107339377856,,,,,,,,
1378,13.122125031663854,,,,,,,,
1379,5.8891029115351605,,,,,,,,
1380,9.505558746815316,,,,,,,,
1381,18.73381619939377,,,,,,,,
1382,3.5108347418449326,,,,,,,,
1383,12.91840164854206,,,,,,,,
1384,11.78638552689354,,,,,,,,
1385,8.019453039724247,,,,,,,,
1386,2.4738065354669185,,,,,,,,
1387,16.863005510575263,,,,,,,,
1388,0.7750411242436831,,,,,,,,
1389,4.4122950105657575,,,,,,,,
1390,16.309933146173606,,,,,,,,
1391,0.0,,,,,,,,
1392,2.960144946582118,,,,,,,,
1393,0.0,,,,,,,,
1394,0.7750411242436831,,,,,,,,
1395,0.0,,,,,,,,
1396,7.214723588625733,,,,,,,,
1397,13.122125031663854,,,,,,,,
1398,0.0,,,,,,,,
1399,6.695988109199242,,,,,,,,
1400,7.303284211370131,,,,,,,,
1401,0.0,,,,,,,,
1402,0.0,,,,,,,,
1403,0.0,,,,,,,,
1404,3.019826188625797,,,,,,,,
1405,6.6638126733491685,,,,,,,,
1406,12.810975872230134,,,,,,,,
1407,0.5637143564423058,,,,,,,,
1408,4.684076296780081,,,,,,,,
1409,4.159399084249441,,,,,,,,
1410,12.91840164854206,,,,,,,,
1411,11.103780234469802,,,,,,,,
1412,7.128197594143044,,,,,,,,
1413,15.387513335715358,,,,,,,,
1414,14.217796772632587,,,,,,,,
1415,18.73381619939377,,,,,,,,
1416,10.718138120340267,,,,,,,,
1417,12.51578002712012,,,,,,,,
1418,14.135742940017568,,,,,,,,
1419,2.4738065354669185,,,,,,,,
1420,0.7750411242436831,,,,,,,,
1421,0.0,,,,,,,,
1422,0.0,,,,,,,,
1423,18.73381619939377,,,,,,,,
1424,0.0,,,,,,,,
1425,2.91183195432858,,,,,,,,
1426,6.325499006824784,,,,,,,,
1427,0.0,,,,,,,,
1428,0.0,,,,,,,,
1429,2.960144946582118,,,,,,,,
1430,0.0,,,,,,,,
1431,4.684076296780081,,,,,,,,
1432,9.609022441666976,,,,,,,,
1433,1.5136107339377856,,,,,,,,
1434,7.128197594143044,,,,,,,,
1435,3.019826188625797,,,,,,,,
1436,2.531591649934698,,,,,,,,
1437,4.4122950105657575,,,,,,,,
1438,0.0,,,,,,,,
1439,7.303284211370131,,,,,,,,
1440,3.5108347418449326,,,,,,,,
1441,12.91840164854206,,,,,,,,
1442,10.295370231090036,,,,,,,,
1443,6.296434248243552,,,,,,,,
1444,4.159399084249441,,,,,,,,
1445,6.145876795489233,,,,,,,,
1446,7.718285066132156,,,,,,,,
1447,11.78638552689354,,,,,,,,
1448,9.505558746815316,,,,,,,,
1449,6.6638126733491685,,,,,,,,
1450,16.863005510575263,,,,,,,,
1451,13.007798373366883,,,,,,,,
1452,16.309933146173606,,,,,,,,
1453,0.0,,,,,,,,
1454,0.5637143564423058,,,,,,,,
1455,7.303284211370131,,,,,,,,
1456,13.007798373366883,,,,,,,,
1457,0.0,,,,,,,,
1458,3.019826188625797,,,,,,,,
1459,0.0,,,,,,,,
1460,9.609022441666976,,,,,,,,
1461,0.0,,,,,,,,
1462,0.0,,,,,,,,
1463,4.684076296780081,,,,,,,,
1464,0.0,,,,,,,,
1465,4.4122950105657575,,,,,,,,
1466,18.73381619939377,,,,,,,,
1467,0.0,,,,,,,,
1468,2.960144946582118,,,,,,,,
1469,3.5108347418449326,,,,,,,,
1470,7.128197594143044,,,,,,,,
1471,10.295370231090036,,,,,,,,
1472,4.159399084249441,,,,,,,,
1473,16.309933146173606,,,,,,,,
1474,15.387513335715358,,,,,,,,
1475,6.695988109199242,,,,,,,,
1476,10.228968202597086,,,,,,,,
1477,11.78638552689354,,,,,,,,
1478,17.021969500118047,,,,,,,,
1479,6.6638126733491685,,,,,,,,
1480,2.4738065354669185,,,,,,,,
1481,16.863005510575263,,,,,,,,
1482,16.46855708347967,,,,,,,,
1483,0.3875205621218416,,,,,,,,
1484,3.019826188625797,,,,,,,,
1485,0.0,,,,,,,,
1486,11.672330831850658,,,,,,,,
1487,7.128197594143044,,,,,,,,
1488,0.0,,,,,,,,
1489,0.0,,,,,,,,
1490,2.960144946582118,,,,,,,,
1491,2.6969037837477474,,,,,,,,
1492,6.145876795489233,,,,,,,,
1493,2.531591649934698,,,,,,,,
1494,16.58709423727748,,,,,,,,
1495,0.0,,,,,,,,
1496,0.0,,,,,,,,
1497,3.9146280024549545,,,,,,,,
1498,7.303284211370131,,,,,,,,
1499,0.0,,,,,,,,
1500,0.0,,,,,,,,
1501,4.4122950105657575,,,,,,,,
1502,11.78638552689354,,,,,,,,
1503,9.609022441666976,,,,,,,,
1504,5.585045100152804,,,,,,,,
1505,10.154380211095184,,,,,,,,
1506,1.6866616882544527,,,,,,,,
1507,2.4738065354669185,,,,,,,,
1508,8.762535575714049,,,,,,,,
1509,6.325499006824784,,,,,,,,
1510,13.122125031663854,,,,,,,,
1511,16.28012135738287,,,,,,,,
1512,15.293328149175698,,,,,,,,
1513,8.019453039724247,,,,,,,,
1514,7.055583487765243,,,,,,,,
1515,13.692396515733597,,,,,,,,
1516,0.7750411242436831,,,,,,,,
1517,0.0,,,,,,,,
1518,2.960144946582118,,,,,,,,
1519,0.0,,,,,,,,
1520,0.0,,,,,,,,
1521,3.019826188625797,,,,,,,,
1522,7.214723588625733,,,,,,,,
1523,7.128197594143044,,,,,,,,
1524,0.0,,,,,,,,
1525,0.0,,,,,,,,
1526,3.9146280024549545,,,,,,,,
1527,0.0,,,,,,,,
1528,4.684076296780081,,,,,,,,
1529,0.0,,,,,,,,
1530,12.51578002712012,,,,,,,,
1531,4.4122950105657575,,,,,,,,
1532,2.6969037837477474,,,,,,,,
1533,8.281987933025556,,,,,,,,
1534,6.296434248243552,,,,,,,,
1535,15.387513335715358,,,,,,,,
1536,16.58709423727748,,,,,,,,
1537,7.718285066132156,,,,,,,,
1538,7.303284211370131,,,,,,,,
1539,12.511370528491298,,,,,,,,
1540,6.145876795489233,,,,,,,,
1541,3.5108347418449326,,,,,,,,
1542,13.00451678171939,,,,,,,,
1543,12.91840164854206,,,,,,,,
1544,2.4738065354669185,,,,,,,,
1545,6.6638126733491685,,,,,,,,
1546,0.5637143564423058,,,,,,,,
1547,16.863005510575263,,,,,,,,
1548,0.3875205621218416,,,,,,,,
1549,13.007798373366883,,,,,,,,
1550,3.019826188625797,,,,,,,,
1551,0.0,,,,,,,,
1552,6.145876795489233,,,,,,,,
1553,0.0,,,,,,,,
1554,0.0,,,,,,,,
1555,0.0,,,,,,,,
1556,4.684076296780081,,,,,,,,
1557,9.609022441666976,,,,,,,,
1558,0.0,,,,,,,,
1559,4.4122950105657575,,,,,,,,
1560,0.0,,,,,,,,
1561,15.387513335715358,,,,,,,,
1562,0.3875205621218416,,,,,,,,
1563,0.0,,,,,,,,
1564,7.128197594143044,,,,,,,,
1565,2.960144946582118,,,,,,,,
1566,12.91840164854206,,,,,,,,
1567,4.159399084249441,,,,,,,,
1568,6.445508333543157,,,,,,,,
1569,7.303284211370131,,,,,,,,
1570,3.5108347418449326,,,,,,,,
1571,18.73381619939377,,,,,,,,
1572,13.447254248883104,,,,,,,,
1573,11.78638552689354,,,,,,,,
1574,6.884815190933876,,,,,,,,
1575,2.4738065354669185,,,,,,,,
1576,6.6638126733491685,,,,,,,,
1577,10.295370231090036,,,,,,,,
1578,0.5637143564423058,,,,,,,,
1579,16.863005510575263,,,,,,,,
1580,10.446087394108435,,,,,,,,
1581,16.309933146173606,,,,,,,,
1582,3.019826188625797,,,,,,,,
1583,0.0,,,,,,,,
1584,0.0,,,,,,,,
1585,3.5108347418449326,,,,,,,,
1586,0.0,,,,,,,,
1587,0.0,,,,,,,,
1588,1.6866616882544527,,,,,,,,
1589,5.203981884496304,,,,,,,,
1590,2.91183195432858,,,,,,,,
1591,6.325499006824784,,,,,,,,
1592,0.0,,,,,,,,
1593,0.0,,,,,,,,
1594,3.9146280024549545,,,,,,,,
1595,7.214723588625733,,,,,,,,
1596,11.78638552689354,,,,,,,,
1597,0.3875205621218416,,,,,,,,
1598,0.0,,,,,,,,
1599,6.145876795489233,,,,,,,,
1600,2.960144946582118,,,,,,,,
1601,7.128197594143044,,,,,,,,
1602,4.4122950105657575,,,,,,,,
1603,5.585045100152804,,,,,,,,
1604,13.122125031663854,,,,,,,,
1605,8.019453039724247,,,,,,,,
1606,5.8891029115351605,,,,,,,,
1607,2.6969037837477474,,,,,,,,
1608,6.6638126733491685,,,,,,,,
1609,8.762535575714049,,,,,,,,
1610,7.303284211370131,,,,,,,,
1611,9.606329408819,,,,,,,,
1612,8.281987933025556,,,,,,,,
1613,2.531591649934698,,,,,,,,
1614,16.863005510575263,,,,,,,,
1615,6.487951430822992,,,,,,,,
1616,16.309933146173606,,,,,,,,
1617,6.325499006824784,,,,,,,,
1618,3.019826188625797,,,,,,,,
1619,0.0,,,,,,,,
1620,7.128197594143044,,,,,,,,
1621,16.863005510575263,,,,,,,,
1622,13.122125031663854,,,,,,,,
1623,0.0,,,,,,,,
1624,4.684076296780081,,,,,,,,
1625,6.6638126733491685,,,,,,,,
1626,2.960144946582118,,,,,,,,
1627,7.214723588625733,,,,,,,,
1628,0.0,,,,,,,,
1629,0.0,,,,,,,,
1630,7.303284211370131,,,,,,,,
1631,0.0,,,,,,,,
1632,2.531591649934698,,,,,,,,
1633,0.0,,,,,,,,
1634,18.73381619939377,,,,,,,,
1635,4.4122950105657575,,,,,,,,
1636,0.0,,,,,,,,
1637,8.019453039724247,,,,,,,,
1638,0.0,,,,,,,,
1639,1.5136107339377856,,,,,,,,
1640,12.51578002712012,,,,,,,,
1641,4.159399084249441,,,,,,,,
1642,1.6105354702474004,,,,,,,,
1643,3.854482903543415,,,,,,,,
1644,2.91183195432858,,,,,,,,
1645,12.91840164854206,,,,,,,,
1646,11.78638552689354,,,,,,,,
1647,10.295370231090036,,,,,,,,
1648,0.3875205621218416,,,,,,,,
1649,5.8891029115351605,,,,,,,,
1650,16.309933146173606,,,,,,,,
1651,0.0,,,,,,,,
1652,5.8891029115351605,,,,,,,,
1653,0.3875205621218416,,,,,,,,
1654,0.0,,,,,,,,
1655,0.0,,,,,,,,
1656,3.019826188625797,,,,,,,,
1657,18.73381619939377,,,,,,,,
1658,0.0,,,,,,,,
1659,4.684076296780081,,,,,,,,
1660,4.159399084249441,,,,,,,,
1661,0.0,,,,,,,,
1662,0.0,,,,,,,,
1663,0.5637143564423058,,,,,,,,
1664,0.0,,,,,,,,
1665,4.4122950105657575,,,,,,,,
1666,7.128197594143044,,,,,,,,
1667,7.303284211370131,,,,,,,,
1668,7.214723588625733,,,,,,,,
1669,8.019453039724247,,,,,,,,
1670,2.960144946582118,,,,,,,,
1671,12.51578002712012,,,,,,,,
1672,11.103780234469802,,,,,,,,
1673,15.387513335715358,,,,,,,,
1674,13.122125031663854,,,,,,,,
1675,6.145876795489233,,,,,,,,
1676,3.5108347418449326,,,,,,,,
1677,14.217796772632587,,,,,,,,
1678,12.91840164854206,,,,,,,,
1679,14.135742940017568,,,,,,,,
1680,6.6638126733491685,,,,,,,,
1681,2.4738065354669185,,,,,,,,
1682,16.309933146173606,,,,,,,,
1683,6.325499006824784,,,,,,,,
1684,0.3875205621218416,,,,,,,,
1685,0.0,,,,,,,,
1686,2.91183195432858,,,,,,,,
1687,3.019826188625797,,,,,,,,
1688,0.0,,,,,,,,
1689,11.35572508447991,,,,,,,,
1690,13.122125031663854,,,,,,,,
1691,0.0,,,,,,,,
1692,0.0,,,,,,,,
1693,6.6638126733491685,,,,,,,,
1694,4.684076296780081,,,,,,,,
1695,0.0,,,,,,,,
1696,0.0,,,,,,,,
1697,4.4122950105657575,,,,,,,,
1698,6.145876795489233,,,,,,,,
1699,9.609022441666976,,,,,,,,
1700,0.0,,,,,,,,
1701,8.019453039724247,,,,,,,,
1702,2.960144946582118,,,,,,,,
1703,7.128197594143044,,,,,,,,
1704,11.78638552689354,,,,,,,,
1705,4.159399084249441,,,,,,,,
1706,7.303284211370131,,,,,,,,
1707,15.293328149175698,,,,,,,,
1708,3.5108347418449326,,,,,,,,
1709,18.73381619939377,,,,,,,,
1710,15.871740542685414,,,,,,,,
1711,7.713437335644703,,,,,,,,
1712,2.49640595455169,,,,,,,,
1713,2.531591649934698,,,,,,,,
1714,5.8891029115351605,,,,,,,,
1715,16.309933146173606,,,,,,,,
1716,4.159399084249441,,,,,,,,
1717,0.3875205621218416,,,,,,,,
1718,0.0,,,,,,,,
1719,13.447254248883104,,,,,,,,
1720,0.0,,,,,,,,
1721,0.0,,,,,,,,
1722,7.128197594143044,,,,,,,,
1723,0.0,,,,,,,,
1724,0.0,,,,,,,,
1725,4.4122950105657575,,,,,,,,
1726,0.0,,,,,,,,
1727,4.684076296780081,,,,,,,,
1728,3.019826188625797,,,,,,,,
1729,9.609022441666976,,,,,,,,
1730,0.0,,,,,,,,
1731,0.5637143564423058,,,,,,,,
1732,2.960144946582118,,,,,,,,
1733,9.505558746815316,,,,,,,,
1734,10.295370231090036,,,,,,,,
1735,16.309933146173606,,,,,,,,
1736,7.303284211370131,,,,,,,,
1737,6.6638126733491685,,,,,,,,
1738,10.718138120340267,,,,,,,,
1739,15.387513335715358,,,,,,,,
1740,18.73381619939377,,,,,,,,
1741,6.145876795489233,,,,,,,,
1742,2.91183195432858,,,,,,,,
1743,12.91840164854206,,,,,,,,
1744,16.863005510575263,,,,,,,,
1745,11.78638552689354,,,,,,,,
1746,12.810975872230134,,,,,,,,
1747,0.5637143564423058,,,,,,,,
1748,3.019826188625797,,,,,,,,
1749,12.810975872230134,,,,,,,,
1750,0.0,,,,,,,,
1751,2.960144946582118,,,,,,,,
1752,0.0,,,,,,,,
1753,0.0,,,,,,,,
1754,0.0,,,,,,,,
1755,0.0,,,,,,,,
1756,16.309933146173606,,,,,,,,
1757,4.159399084249441,,,,,,,,
1758,6.145876795489233,,,,,,,,
1759,9.609022441666976,,,,,,,,
1760,11.78638552689354,,,,,,,,
1761,0.0,,,,,,,,
1762,2.91183195432858,,,,,,,,
1763,4.4122950105657575,,,,,,,,
1764,0.0,,,,,,,,
1765,15.387513335715358,,,,,,,,
1766,13.122125031663854,,,,,,,,
1767,7.128197594143044,,,,,,,,
1768,11.35572508447991,,,,,,,,
1769,4.684076296780081,,,,,,,,
1770,12.91840164854206,,,,,,,,
1771,7.303284211370131,,,,,,,,
1772,9.505558746815316,,,,,,,,
1773,18.73381619939377,,,,,,,,
1774,10.718138120340267,,,,,,,,
1775,6.6638126733491685,,,,,,,,
1776,7.713437335644703,,,,,,,,
1777,2.49640595455169,,,,,,,,
1778,0.3875205621218416,,,,,,,,
1779,0.5637143564423058,,,,,,,,
1780,0.0,,,,,,,,
1781,7.128197594143044,,,,,,,,
1782,0.0,,,,,,,,
1783,0.0,,,,,,,,
1784,0.0,,,,,,,,
1785,0.0,,,,,,,,
1786,2.49640595455169,,,,,,,,
1787,4.4122950105657575,,,,,,,,
1788,2.91183195432858,,,,,,,,
1789,2.960144946582118,,,,,,,,
1790,9.609022441666976,,,,,,,,
1791,16.309933146173606,,,,,,,,
1792,0.0,,,,,,,,
1793,0.0,,,,,,,,
1794,3.019826188625797,,,,,,,,
1795,4.684076296780081,,,,,,,,
1796,7.303284211370131,,,,,,,,
1797,15.387513335715358,,,,,,,,
1798,4.159399084249441,,,,,,,,
1799,3.2432547405948977,,,,,,,,
1800,18.73381619939377,,,,,,,,
1801,6.7678802015118205,,,,,,,,
1802,6.145876795489233,,,,,,,,
1803,13.447254248883104,,,,,,,,
1804,12.91840164854206,,,,,,,,
1805,11.78638552689354,,,,,,,,
1806,9.505558746815316,,,,,,,,
1807,8.019453039724247,,,,,,,,
1808,6.6638126733491685,,,,,,,,
1809,7.713437335644703,,,,,,,,
1810,11.35572508447991,,,,,,,,
1811,0.3875205621218416,,,,,,,,
1812,0.3875205621218416,,,,,,,,
1813,7.128197594143044,,,,,,,,
1814,0.0,,,,,,,,
1815,0.0,,,,,,,,
1816,3.019826188625797,,,,,,,,
1817,3.5108347418449326,,,,,,,,
1818,0.0,,,,,,,,
1819,4.684076296780081,,,,,,,,
1820,6.145876795489233,,,,,,,,
1821,18.73381619939377,,,,,,,,
1822,0.0,,,,,,,,
1823,0.0,,,,,,,,
1824,0.0,,,,,,,,
1825,7.214723588625733,,,,,,,,
1826,0.0,,,,,,,,
1827,2.960144946582118,,,,,,,,
1828,4.4122950105657575,,,,,,,,
1829,8.019453039724247,,,,,,,,
1830,12.51578002712012,,,,,,,,
1831,4.159399084249441,,,,,,,,
1832,6.6638126733491685,,,,,,,,
1833,7.303284211370131,,,,,,,,
1834,11.78638552689354,,,,,,,,
1835,1.5136107339377856,,,,,,,,
1836,6.325499006824784,,,,,,,,
1837,10.295370231090036,,,,,,,,
1838,13.122125031663854,,,,,,,,
1839,12.91840164854206,,,,,,,,
1840,2.4738065354669185,,,,,,,,
1841,2.531591649934698,,,,,,,,
1842,16.863005510575263,,,,,,,,
1843,5.8891029115351605,,,,,,,,
1844,16.309933146173606,,,,,,,,
1845,0.5637143564423058,,,,,,,,
1846,0.0,,,,,,,,
1847,7.128197594143044,,,,,,,,
1848,3.019826188625797,,,,,,,,
1849,0.0,,,,,,,,
1850,0.0,,,,,,,,
1851,9.609022441666976,,,,,,,,
1852,16.863005510575263,,,,,,,,
1853,0.3875205621218416,,,,,,,,
1854,0.0,,,,,,,,
1855,4.684076296780081,,,,,,,,
1856,7.055583487765243,,,,,,,,
1857,0.0,,,,,,,,
1858,0.0,,,,,,,,
1859,0.0,,,,,,,,
1860,4.4122950105657575,,,,,,,,
1861,2.960144946582118,,,,,,,,
1862,16.309933146173606,,,,,,,,
1863,12.810975872230134,,,,,,,,
1864,10.718138120340267,,,,,,,,
1865,7.303284211370131,,,,,,,,
1866,2.4738065354669185,,,,,,,,
1867,4.159399084249441,,,,,,,,
1868,13.122125031663854,,,,,,,,
1869,15.387513335715358,,,,,,,,
1870,6.145876795489233,,,,,,,,
1871,18.73381619939377,,,,,,,,
1872,12.91840164854206,,,,,,,,
1873,11.78638552689354,,,,,,,,
1874,9.505558746815316,,,,,,,,
1875,10.295370231090036,,,,,,,,
1876,0.0,,,,,,,,
1877,0.0,,,,,,,,
1878,16.58709423727748,,,,,,,,
1879,7.303284211370131,,,,,,,,
1880,20.529699872170056,,,,,,,,
1881,0.0,,,,,,,,
1882,18.73381619939377,,,,,,,,
1883,2.91183195432858,,,,,,,,
1884,0.0,,,,,,,,
1885,0.0,,,,,,,,
1886,0.0,,,,,,,,
1887,0.0,,,,,,,,
1888,3.019826188625797,,,,,,,,
1889,2.960144946582118,,,,,,,,
1890,4.4122950105657575,,,,,,,,
1891,4.159399084249441,,,,,,,,
1892,7.214723588625733,,,,,,,,
1893,7.128197594143044,,,,,,,,
1894,4.684076296780081,,,,,,,,
1895,15.387513335715358,,,,,,,,
1896,12.51578002712012,,,,,,,,
1897,10.295370231090036,,,,,,,,
1898,11.78638552689354,,,,,,,,
1899,6.695988109199242,,,,,,,,
1900,3.5108347418449326,,,,,,,,
1901,12.91840164854206,,,,,,,,
1902,6.6638126733491685,,,,,,,,
1903,16.863005510575263,,,,,,,,
1904,1.1274287128846117,,,,,,,,
1905,0.7750411242436831,,,,,,,,
1906,13.007798373366883,,,,,,,,
1907,0.0,,,,,,,,
1908,12.51578002712012,,,,,,,,
1909,4.684076296780081,,,,,,,,
1910,0.0,,,,,,,,
1911,6.145876795489233,,,,,,,,
1912,0.0,,,,,,,,
1913,7.128197594143044,,,,,,,,
1914,0.0,,,,,,,,
1915,6.325499006824784,,,,,,,,
1916,4.4122950105657575,,,,,,,,
1917,13.007798373366883,,,,,,,,
1918,0.0,,,,,,,,
1919,2.531591649934698,,,,,,,,
1920,16.58709423727748,,,,,,,,
1921,0.0,,,,,,,,
1922,4.159399084249441,,,,,,,,
1923,0.0,,,,,,,,
1924,3.5108347418449326,,,,,,,,
1925,3.019826188625797,,,,,,,,
1926,11.78638552689354,,,,,,,,
1927,7.214723588625733,,,,,,,,
1928,18.73381619939377,,,,,,,,
1929,2.960144946582118,,,,,,,,
1930,1.5136107339377856,,,,,,,,
1931,6.296434248243552,,,,,,,,
1932,7.303284211370131,,,,,,,,
1933,7.718285066132156,,,,,,,,
1934,6.6638126733491685,,,,,,,,
1935,12.91840164854206,,,,,,,,
1936,2.4738065354669185,,,,,,,,
1937,13.685713129915136,,,,,,,,
1938,13.692396515733597,,,,,,,,
1939,0.3875205621218416,,,,,,,,
1940,4.684076296780081,,,,,,,,
1941,0.0,,,,,,,,
1942,0.0,,,,,,,,
1943,7.128197594143044,,,,,,,,
1944,15.387513335715358,,,,,,,,
1945,0.0,,,,,,,,
1946,12.51578002712012,,,,,,,,
1947,12.91840164854206,,,,,,,,
1948,0.0,,,,,,,,
1949,6.145876795489233,,,,,,,,
1950,0.3875205621218416,,,,,,,,
1951,6.6638126733491685,,,,,,,,
1952,0.0,,,,,,,,
1953,4.4122950105657575,,,,,,,,
1954,7.214723588625733,,,,,,,,
1955,3.019826188625797,,,,,,,,
1956,0.0,,,,,,,,
1957,0.0,,,,,,,,
1958,0.5637143564423058,,,,,,,,
1959,13.778669486766512,,,,,,,,
1960,14.135742940017568,,,,,,,,
1961,2.960144946582118,,,,,,,,
1962,3.5108347418449326,,,,,,,,
1963,11.103780234469802,,,,,,,,
1964,4.159399084249441,,,,,,,,
1965,13.447254248883104,,,,,,,,
1966,7.303284211370131,,,,,,,,
1967,18.73381619939377,,,,,,,,
1968,8.019453039724247,,,,,,,,
1969,2.4738065354669185,,,,,,,,
1970,5.8891029115351605,,,,,,,,
1971,16.58709423727748,,,,,,,,
1972,2.4738065354669185,,,,,,,,
1973,4.4122950105657575,,,,,,,,
1974,0.0,,,,,,,,
1975,0.0,,,,,,,,
1976,3.5108347418449326,,,,,,,,
1977,9.609022441666976,,,,,,,,
1978,0.0,,,,,,,,
1979,0.0,,,,,,,,
1980,0.0,,,,,,,,
1981,0.0,,,,,,,,
1982,7.128197594143044,,,,,,,,
1983,0.0,,,,,,,,
1984,0.3875205621218416,,,,,,,,
1985,2.960144946582118,,,,,,,,
1986,16.863005510575263,,,,,,,,
1987,3.019826188625797,,,,,,,,
1988,18.73381619939377,,,,,,,,
1989,16.46855708347967,,,,,,,,
1990,17.021969500118047,,,,,,,,
1991,4.684076296780081,,,,,,,,
1992,4.159399084249441,,,,,,,,
1993,15.387513335715358,,,,,,,,
1994,7.303284211370131,,,,,,,,
1995,6.145876795489233,,,,,,,,
1996,10.228968202597086,,,,,,,,
1997,11.78638552689354,,,,,,,,
1998,10.295370231090036,,,,,,,,
1999,6.6638126733491685,,,,,,,,
2000,0.5637143564423058,,,,,,,,
2001,13.007798373366883,,,,,,,,
2002,16.309933146173606,,,,,,,,
2003,0.0,,,,,,,,
2004,0.0,,,,,,,,
2005,7.128197594143044,,,,,,,,
2006,6.145876795489233,,,,,,,,
2007,0.0,,,,,,,,
2008,3.019826188625797,,,,,,,,
2009,2.960144946582118,,,,,,,,
2010,16.309933146173606,,,,,,,,
2011,0.0,,,,,,,,
2012,3.5108347418449326,,,,,,,,
2013,0.0,,,,,,,,
2014,1.6866616882544527,,,,,,,,
2015,14.217796772632587,,,,,,,,
2016,0.0,,,,,,,,
2017,2.6969037837477474,,,,,,,,
2018,9.606329408819,,,,,,,,
2019,0.0,,,,,,,,
2020,0.3875205621218416,,,,,,,,
2021,2.651787210089544,,,,,,,,
2022,5.335141565308859,,,,,,,,
2023,2.531591649934698,,,,,,,,
2024,4.4122950105657575,,,,,,,,
2025,3.9146280024549545,,,,,,,,
2026,7.740790054611985,,,,,,,,
2027,6.325499006824784,,,,,,,,
2028,8.710849854145865,,,,,,,,
2029,7.303284211370131,,,,,,,,
2030,8.016573956732374,,,,,,,,
2031,10.88739373018822,,,,,,,,
2032,5.585045100152804,,,,,,,,
2033,14.135742940017568,,,,,,,,
2034,2.970380720416271,,,,,,,,
2035,6.6638126733491685,,,,,,,,
2036,9.090397936405322,,,,,,,,
2037,2.4738065354669185,,,,,,,,
2038,4.819758292294901,,,,,,,,
2039,0.0,,,,,,,,
2040,16.309933146173606,,,,,,,,
2041,3.6852041766061694,,,,,,,,
2042,0.0,,,,,,,,
2043,9.798907685703794,,,,,,,,
2044,7.128197594143044,,,,,,,,
2045,0.0,,,,,,,,
2046,4.4122950105657575,,,,,,,,
2047,3.2432547405948977,,,,,,,,
2048,0.0,,,,,,,,
2049,6.145876795489233,,,,,,,,
2050,0.0,,,,,,,,
2051,7.204265657039547,,,,,,,,
2052,0.0,,,,,,,,
2053,3.019826188625797,,,,,,,,
2054,0.0,,,,,,,,
2055,0.5637143564423058,,,,,,,,
2056,0.0,,,,,,,,
2057,8.281987933025556,,,,,,,,
2058,16.863005510575263,,,,,,,,
2059,3.5108347418449326,,,,,,,,
2060,1.6866616882544527,,,,,,,,
2061,7.214723588625733,,,,,,,,
2062,2.830579076499756,,,,,,,,
2063,2.960144946582118,,,,,,,,
2064,2.4738065354669185,,,,,,,,
2065,3.9146280024549545,,,,,,,,
2066,15.387513335715358,,,,,,,,
2067,13.122125031663854,,,,,,,,
2068,12.51578002712012,,,,,,,,
2069,9.606329408819,,,,,,,,
2070,11.78638552689354,,,,,,,,
2071,7.055583487765243,,,,,,,,
2072,8.019453039724247,,,,,,,,
2073,0.7750411242436831,,,,,,,,
2074,3.019826188625797,,,,,,,,
2075,13.007798373366883,,,,,,,,
2076,0.0,,,,,,,,
2077,2.91183195432858,,,,,,,,
2078,0.3875205621218416,,,,,,,,
2079,0.0,,,,,,,,
2080,7.128197594143044,,,,,,,,
2081,0.0,,,,,,,,
2082,2.531591649934698,,,,,,,,
2083,2.960144946582118,,,,,,,,
2084,0.0,,,,,,,,
2085,0.0,,,,,,,,
2086,4.4122950105657575,,,,,,,,
2087,7.303284211370131,,,,,,,,
2088,0.0,,,,,,,,
2089,0.0,,,,,,,,
2090,7.214723588625733,,,,,,,,
2091,16.863005510575263,,,,,,,,
2092,15.871740542685414,,,,,,,,
2093,6.296434248243552,,,,,,,,
2094,7.718285066132156,,,,,,,,
2095,4.684076296780081,,,,,,,,
2096,6.325499006824784,,,,,,,,
2097,5.203981884496304,,,,,,,,
2098,4.159399084249441,,,,,,,,
2099,6.145876795489233,,,,,,,,
2100,3.5108347418449326,,,,,,,,
2101,18.73381619939377,,,,,,,,
2102,11.78638552689354,,,,,,,,
2103,6.6638126733491685,,,,,,,,
2104,10.295370231090036,,,,,,,,
2105,6.487951430822992,,,,,,,,
2106,16.58709423727748,,,,,,,,
2107,15.387513335715358,,,,,,,,
2108,0.0,,,,,,,,
2109,7.214723588625733,,,,,,,,
2110,7.128197594143044,,,,,,,,
2111,6.145876795489233,,,,,,,,
2112,3.019826188625797,,,,,,,,
2113,0.0,,,,,,,,
2114,0.0,,,,,,,,
2115,0.0,,,,,,,,
2116,0.0,,,,,,,,
2117,4.684076296780081,,,,,,,,
2118,5.335141565308859,,,,,,,,
2119,2.960144946582118,,,,,,,,
2120,3.5108347418449326,,,,,,,,
2121,0.0,,,,,,,,
2122,0.0,,,,,,,,
2123,0.5637143564423058,,,,,,,,
2124,4.4122950105657575,,,,,,,,
2125,7.303284211370131,,,,,,,,
2126,4.159399084249441,,,,,,,,
2127,12.51578002712012,,,,,,,,
2128,8.710849854145865,,,,,,,,
2129,2.91183195432858,,,,,,,,
2130,18.73381619939377,,,,,,,,
2131,12.91840164854206,,,,,,,,
2132,11.78638552689354,,,,,,,,
2133,6.6638126733491685,,,,,,,,
2134,10.295370231090036,,,,,,,,
2135,16.863005510575263,,,,,,,,
2136,0.3875205621218416,,,,,,,,
2137,13.007798373366883,,,,,,,,
2138,16.309933146173606,,,,,,,,
2139,0.5637143564423058,,,,,,,,
2140,4.4122950105657575,,,,,,,,
2141,0.0,,,,,,,,
2142,0.0,,,,,,,,
2143,0.0,,,,,,,,
2144,0.0,,,,,,,,
2145,0.0,,,,,,,,
2146,12.91840164854206,,,,,,,,
2147,15.387513335715358,,,,,,,,
2148,6.7678802015118205,,,,,,,,
2149,13.685713129915136,,,,,,,,
2150,0.0,,,,,,,,
2151,0.3875205621218416,,,,,,,,
2152,7.214723588625733,,,,,,,,
2153,3.2432547405948977,,,,,,,,
2154,2.960144946582118,,,,,,,,
2155,8.019453039724247,,,,,,,,
2156,3.019826188625797,,,,,,,,
2157,0.0,,,,,,,,
2158,7.055583487765243,,,,,,,,
2159,4.684076296780081,,,,,,,,
2160,7.128197594143044,,,,,,,,
2161,2.4738065354669185,,,,,,,,
2162,4.159399084249441,,,,,,,,
2163,7.303284211370131,,,,,,,,
2164,6.145876795489233,,,,,,,,
2165,12.51578002712012,,,,,,,,
2166,18.73381619939377,,,,,,,,
2167,13.122125031663854,,,,,,,,
2168,11.78638552689354,,,,,,,,
2169,13.692396515733597,,,,,,,,
2170,16.309933146173606,,,,,,,,
2171,4.159399084249441,,,,,,,,
2172,0.0,,,,,,,,
2173,4.684076296780081,,,,,,,,
2174,0.0,,,,,,,,
2175,6.6638126733491685,,,,,,,,
2176,6.145876795489233,,,,,,,,
2177,16.863005510575263,,,,,,,,
2178,0.0,,,,,,,,
2179,7.303284211370131,,,,,,,,
2180,15.387513335715358,,,,,,,,
2181,11.78638552689354,,,,,,,,
2182,0.0,,,,,,,,
2183,0.5637143564423058,,,,,,,,
2184,7.128197594143044,,,,,,,,
2185,0.0,,,,,,,,
2186,4.4122950105657575,,,,,,,,
2187,0.0,,,,,,,,
2188,10.295370231090036,,,,,,,,
2189,7.214723588625733,,,,,,,,
2190,20.529699872170056,,,,,,,,
2191,3.019826188625797,,,,,,,,
2192,0.0,,,,,,,,
2193,12.51578002712012,,,,,,,,
2194,2.960144946582118,,,,,,,,
2195,18.73381619939377,,,,,,,,
2196,2.91183195432858,,,,,,,,
2197,13.007798373366883,,,,,,,,
2198,3.5108347418449326,,,,,,,,
2199,12.91840164854206,,,,,,,,
2200,0.3875205621218416,,,,,,,,
2201,16.58709423727748,,,,,,,,
2202,0.3875205621218416,,,,,,,,
2203,0.0,,,,,,,,
2204,6.6638126733491685,,,,,,,,
2205,2.960144946582118,,,,,,,,
2206,6.145876795489233,,,,,,,,
2207,0.0,,,,,,,,
2208,4.684076296780081,,,,,,,,
2209,0.0,,,,,,,,
2210,4.4122950105657575,,,,,,,,
2211,0.0,,,,,,,,
2212,2.91183195432858,,,,,,,,
2213,0.0,,,,,,,,
2214,0.0,,,,,,,,
2215,0.0,,,,,,,,
2216,3.019826188625797,,,,,,,,
2217,5.335141565308859,,,,,,,,
2218,9.609022441666976,,,,,,,,
2219,7.128197594143044,,,,,,,,
2220,8.710849854145865,,,,,,,,
2221,15.387513335715358,,,,,,,,
2222,13.685713129915136,,,,,,,,
2223,11.78638552689354,,,,,,,,
2224,4.159399084249441,,,,,,,,
2225,7.303284211370131,,,,,,,,
2226,18.73381619939377,,,,,,,,
2227,3.5108347418449326,,,,,,,,
2228,12.91840164854206,,,,,,,,
2229,13.692396515733597,,,,,,,,
2230,9.505558746815316,,,,,,,,
2231,0.5637143564423058,,,,,,,,
2232,13.007798373366883,,,,,,,,
2233,16.309933146173606,,,,,,,,
2234,14.135742940017568,,,,,,,,
2235,0.3875205621218416,,,,,,,,
2236,0.0,,,,,,,,
2237,18.73381619939377,,,,,,,,
2238,0.0,,,,,,,,
2239,7.128197594143044,,,,,,,,
2240,6.145876795489233,,,,,,,,
2241,0.0,,,,,,,,
2242,6.7678802015118205,,,,,,,,
2243,4.4122950105657575,,,,,,,,
2244,4.684076296780081,,,,,,,,
2245,0.0,,,,,,,,
2246,0.0,,,,,,,,
2247,0.0,,,,,,,,
2248,0.5637143564423058,,,,,,,,
2249,3.019826188625797,,,,,,,,
2250,0.0,,,,,,,,
2251,2.960144946582118,,,,,,,,
2252,4.159399084249441,,,,,,,,
2253,11.103780234469802,,,,,,,,
2254,9.609022441666976,,,,,,,,
2255,16.309933146173606,,,,,,,,
2256,17.070941355285147,,,,,,,,
2257,3.2432547405948977,,,,,,,,
2258,15.387513335715358,,,,,,,,
2259,14.217796772632587,,,,,,,,
2260,9.505558746815316,,,,,,,,
2261,12.91840164854206,,,,,,,,
2262,7.303284211370131,,,,,,,,
2263,6.6638126733491685,,,,,,,,
2264,5.051616694635486,,,,,,,,
2265,2.4738065354669185,,,,,,,,
2266,4.4122950105657575,,,,,,,,
2267,7.128197594143044,,,,,,,,
2268,0.0,,,,,,,,
2269,0.0,,,,,,,,
2270,0.3875205621218416,,,,,,,,
2271,5.8891029115351605,,,,,,,,
2272,3.019826188625797,,,,,,,,
2273,2.960144946582118,,,,,,,,
2274,0.0,,,,,,,,
2275,7.214723588625733,,,,,,,,
2276,0.0,,,,,,,,
2277,0.0,,,,,,,,
2278,7.303284211370131,,,,,,,,
2279,0.0,,,,,,,,
2280,13.122125031663854,,,,,,,,
2281,0.0,,,,,,,,
2282,3.5108347418449326,,,,,,,,
2283,12.51578002712012,,,,,,,,
2284,8.019453039724247,,,,,,,,
2285,3.9146280024549545,,,,,,,,
2286,4.684076296780081,,,,,,,,
2287,2.4738065354669185,,,,,,,,
2288,15.387513335715358,,,,,,,,
2289,12.511370528491298,,,,,,,,
2290,15.291044274267604,,,,,,,,
2291,6.145876795489233,,,,,,,,
2292,11.78638552689354,,,,,,,,
2293,12.91840164854206,,,,,,,,
2294,6.6638126733491685,,,,,,,,
2295,19.556030934237143,,,,,,,,
2296,0.5637143564423058,,,,,,,,
2297,16.309933146173606,,,,,,,,
2298,12.511370528491298,,,,,,,,
2299,0.0,,,,,,,,
2300,0.0,,,,,,,,
2301,21.90382270514933,,,,,,,,
2302,3.019826188625797,,,,,,,,
2303,15.387513335715358,,,,,,,,
2304,20.529699872170056,,,,,,,,
2305,7.128197594143044,,,,,,,,
2306,4.684076296780081,,,,,,,,
2307,6.145876795489233,,,,,,,,
2308,9.609022441666976,,,,,,,,
2309,2.960144946582118,,,,,,,,
2310,0.0,,,,,,,,
2311,0.0,,,,,,,,
2312,0.5637143564423058,,,,,,,,
2313,0.0,,,,,,,,
2314,0.0,,,,,,,,
2315,4.4122950105657575,,,,,,,,
2316,0.0,,,,,,,,
2317,3.5108347418449326,,,,,,,,
2318,6.6638126733491685,,,,,,,,
2319,3.9146280024549545,,,,,,,,
2320,7.303284211370131,,,,,,,,
2321,9.505558746815316,,,,,,,,
2322,12.91840164854206,,,,,,,,
2323,11.78638552689354,,,,,,,,
2324,13.439944344951272,,,,,,,,
2325,2.4738065354669185,,,,,,,,
2326,0.7750411242436831,,,,,,,,
2327,13.007798373366883,,,,,,,,
2328,16.58709423727748,,,,,,,,
2329,3.019826188625797,,,,,,,,
2330,0.0,,,,,,,,
2331,6.145876795489233,,,,,,,,
2332,13.122125031663854,,,,,,,,
2333,0.0,,,,,,,,
2334,0.0,,,,,,,,
2335,7.303284211370131,,,,,,,,
2336,0.0,,,,,,,,
2337,4.684076296780081,,,,,,,,
2338,6.6638126733491685,,,,,,,,
2339,0.0,,,,,,,,
2340,0.0,,,,,,,,
2341,0.5637143564423058,,,,,,,,
2342,10.718138120340267,,,,,,,,
2343,4.4122950105657575,,,,,,,,
2344,7.214723588625733,,,,,,,,
2345,0.0,,,,,,,,
2346,2.960144946582118,,,,,,,,
2347,7.128197594143044,,,,,,,,
2348,16.309933146173606,,,,,,,,
2349,18.73381619939377,,,,,,,,
2350,4.159399084249441,,,,,,,,
2351,15.387513335715358,,,,,,,,
2352,12.51578002712012,,,,,,,,
2353,13.00451678171939,,,,,,,,
2354,12.91840164854206,,,,,,,,
2355,12.810975872230134,,,,,,,,
2356,2.4738065354669185,,,,,,,,
2357,10.295370231090036,,,,,,,,
2358,16.863005510575263,,,,,,,,
2359,0.3875205621218416,,,,,,,,
2360,7.303284211370131,,,,,,,,
2361,4.4122950105657575,,,,,,,,
2362,0.0,,,,,,,,
2363,6.145876795489233,,,,,,,,
2364,7.128197594143044,,,,,,,,
2365,0.0,,,,,,,,
2366,0.0,,,,,,,,
2367,9.609022441666976,,,,,,,,
2368,0.0,,,,,,,,
2369,0.0,,,,,,,,
2370,3.2432547405948977,,,,,,,,
2371,4.159399084249441,,,,,,,,
2372,0.0,,,,,,,,
2373,4.684076296780081,,,,,,,,
2374,2.960144946582118,,,,,,,,
2375,0.5637143564423058,,,,,,,,
2376,3.019826188625797,,,,,,,,
2377,8.019453039724247,,,,,,,,
2378,0.0,,,,,,,,
2379,13.447254248883104,,,,,,,,
2380,16.309933146173606,,,,,,,,
2381,2.91183195432858,,,,,,,,
2382,15.387513335715358,,,,,,,,
2383,13.685713129915136,,,,,,,,
2384,6.7678802015118205,,,,,,,,
2385,13.692396515733597,,,,,,,,
2386,18.73381619939377,,,,,,,,
2387,12.91840164854206,,,,,,,,
2388,11.78638552689354,,,,,,,,
2389,9.505558746815316,,,,,,,,
2390,6.6638126733491685,,,,,,,,
2391,0.7750411242436831,,,,,,,,
2392,12.91840164854206,,,,,,,,
2393,0.0,,,,,,,,
2394,0.0,,,,,,,,
2395,12.51578002712012,,,,,,,,
2396,4.159399084249441,,,,,,,,
2397,0.0,,,,,,,,
2398,4.684076296780081,,,,,,,,
2399,3.019826188625797,,,,,,,,
2400,18.73381619939377,,,,,,,,
2401,0.0,,,,,,,,
2402,0.0,,,,,,,,
2403,0.0,,,,,,,,
2404,0.0,,,,,,,,
2405,0.7750411242436831,,,,,,,,
2406,4.4122950105657575,,,,,,,,
2407,2.960144946582118,,,,,,,,
2408,7.214723588625733,,,,,,,,
2409,0.5637143564423058,,,,,,,,
2410,7.128197594143044,,,,,,,,
2411,7.593290041285638,,,,,,,,
2412,2.91183195432858,,,,,,,,
2413,13.685713129915136,,,,,,,,
2414,7.930515543732072,,,,,,,,
2415,15.387513335715358,,,,,,,,
2416,13.692396515733597,,,,,,,,
2417,7.303284211370131,,,,,,,,
2418,6.145876795489233,,,,,,,,
2419,6.7678802015118205,,,,,,,,
2420,13.447254248883104,,,,,,,,
2421,6.6638126733491685,,,,,,,,
2422,8.019453039724247,,,,,,,,
2423,16.309933146173606,,,,,,,,
2424,2.960144946582118,,,,,,,,
2425,0.3875205621218416,,,,,,,,
2426,0.0,,,,,,,,
2427,7.128197594143044,,,,,,,,
2428,0.0,,,,,,,,
2429,15.871740542685414,,,,,,,,
2430,3.019826188625797,,,,,,,,
2431,4.684076296780081,,,,,,,,
2432,18.73381619939377,,,,,,,,
2433,0.0,,,,,,,,
2434,7.214723588625733,,,,,,,,
2435,0.0,,,,,,,,
2436,6.325499006824784,,,,,,,,
2437,6.695988109199242,,,,,,,,
2438,2.531591649934698,,,,,,,,
2439,0.0,,,,,,,,
2440,0.0,,,,,,,,
2441,4.4122950105657575,,,,,,,,
2442,0.0,,,,,,,,
2443,13.122125031663854,,,,,,,,
2444,2.4738065354669185,,,,,,,,
2445,7.303284211370131,,,,,,,,
2446,4.159399084249441,,,,,,,,
2447,6.487951430822992,,,,,,,,
2448,6.6638126733491685,,,,,,,,
2449,3.5108347418449326,,,,,,,,
2450,5.203981884496304,,,,,,,,
2451,11.78638552689354,,,,,,,,
2452,8.019453039724247,,,,,,,,
2453,7.713437335644703,,,,,,,,
2454,20.31900962000898,,,,,,,,
2455,5.8891029115351605,,,,,,,,
2456,16.309933146173606,,,,,,,,
2457,0.0,,,,,,,,
2458,4.4122950105657575,,,,,,,,
2459,0.0,,,,,,,,
2460,2.4738065354669185,,,,,,,,
2461,7.214723588625733,,,,,,,,
2462,6.6638126733491685,,,,,,,,
2463,0.3875205621218416,,,,,,,,
2464,6.296434248243552,,,,,,,,
2465,0.0,,,,,,,,
2466,4.684076296780081,,,,,,,,
2467,3.019826188625797,,,,,,,,
2468,2.960144946582118,,,,,,,,
2469,12.511370528491298,,,,,,,,
2470,0.5637143564423058,,,,,,,,
2471,5.700055037580222,,,,,,,,
2472,0.0,,,,,,,,
2473,13.007798373366883,,,,,,,,
2474,0.0,,,,,,,,
2475,0.0,,,,,,,,
2476,0.0,,,,,,,,
2477,7.128197594143044,,,,,,,,
2478,2.6969037837477474,,,,,,,,
2479,3.9146280024549545,,,,,,,,
2480,12.51578002712012,,,,,,,,
2481,15.387513335715358,,,,,,,,
2482,7.852483660430585,,,,,,,,
2483,7.718285066132156,,,,,,,,
2484,3.5108347418449326,,,,,,,,
2485,6.145876795489233,,,,,,,,
2486,13.00451678171939,,,,,,,,
2487,12.91840164854206,,,,,,,,
2488,2.49640595455169,,,,,,,,
2489,11.35572508447991,,,,,,,,
2490,16.309933146173606,,,,,,,,
2491,0.0,,,,,,,,
2492,2.531591649934698,,,,,,,,
2493,0.0,,,,,,,,
2494,0.0,,,,,,,,
2495,6.695988109199242,,,,,,,,
2496,18.73381619939377,,,,,,,,
2497,0.0,,,,,,,,
2498,4.4122950105657575,,,,,,,,
2499,2.4738065354669185,,,,,,,,
2500,6.325499006824784,,,,,,,,
2501,7.303284211370131,,,,,,,,
2502,0.0,,,,,,,,
2503,4.684076296780081,,,,,,,,
2504,9.505558746815316,,,,,,,,
2505,7.128197594143044,,,,,,,,
2506,9.609022441666976,,,,,,,,
2507,16.58709423727748,,,,,,,,
2508,0.3875205621218416,,,,,,,,
2509,0.0,,,,,,,,
2510,0.0,,,,,,,,
2511,3.019826188625797,,,,,,,,
2512,10.10773827919754,,,,,,,,
2513,3.5108347418449326,,,,,,,,
2514,20.529699872170056,,,,,,,,
2515,2.960144946582118,,,,,,,,
2516,4.159399084249441,,,,,,,,
2517,12.743131698214146,,,,,,,,
2518,1.5136107339377856,,,,,,,,
2519,12.91840164854206,,,,,,,,
2520,14.217796772632587,,,,,,,,
2521,11.103780234469802,,,,,,,,
2522,13.240559959204854,,,,,,,,
2523,0.0,,,,,,,,
2524,0.3875205621218416,,,,,,,,
2525,9.609022441666976,,,,,,,,
2526,0.0,,,,,,,,
2527,6.145876795489233,,,,,,,,
2528,0.0,,,,,,,,
2529,15.387513335715358,,,,,,,,
2530,0.0,,,,,,,,
2531,0.0,,,,,,,,
2532,6.6638126733491685,,,,,,,,
2533,4.684076296780081,,,,,,,,
2534,3.019826188625797,,,,,,,,
2535,10.44249887049872,,,,,,,,
2536,7.128197594143044,,,,,,,,
2537,0.0,,,,,,,,
2538,12.91840164854206,,,,,,,,
2539,0.0,,,,,,,,
2540,4.4122950105657575,,,,,,,,
2541,2.960144946582118,,,,,,,,
2542,3.5108347418449326,,,,,,,,
2543,4.159399084249441,,,,,,,,
2544,16.309933146173606,,,,,,,,
2545,6.445508333543157,,,,,,,,
2546,7.303284211370131,,,,,,,,
2547,13.122125031663854,,,,,,,,
2548,18.73381619939377,,,,,,,,
2549,6.884815190933876,,,,,,,,
2550,11.78638552689354,,,,,,,,
2551,2.4738065354669185,,,,,,,,
2552,10.295370231090036,,,,,,,,
2553,0.5637143564423058,,,,,,,,
2554,16.863005510575263,,,,,,,,
2555,0.0,,,,,,,,
2556,0.0,,,,,,,,
2557,4.684076296780081,,,,,,,,
2558,0.0,,,,,,,,
2559,4.159399084249441,,,,,,,,
2560,0.0,,,,,,,,
2561,7.303284211370131,,,,,,,,
2562,2.91183195432858,,,,,,,,
2563,13.447254248883104,,,,,,,,
2564,4.4122950105657575,,,,,,,,
2565,0.0,,,,,,,,
2566,18.73381619939377,,,,,,,,
2567,0.0,,,,,,,,
2568,0.0,,,,,,,,
2569,6.695988109199242,,,,,,,,
2570,0.3875205621218416,,,,,,,,
2571,3.019826188625797,,,,,,,,
2572,7.128197594143044,,,,,,,,
2573,12.91840164854206,,,,,,,,
2574,16.309933146173606,,,,,,,,
2575,2.960144946582118,,,,,,,,
2576,9.609022441666976,,,,,,,,
2577,16.863005510575263,,,,,,,,
2578,7.930515543732072,,,,,,,,
2579,15.387513335715358,,,,,,,,
2580,9.505558746815316,,,,,,,,
2581,6.7678802015118205,,,,,,,,
2582,7.593290041285638,,,,,,,,
2583,10.295370231090036,,,,,,,,
2584,6.6638126733491685,,,,,,,,
2585,8.019453039724247,,,,,,,,
2586,0.5637143564423058,,,,,,,,
2587,0.0,,,,,,,,
2588,0.0,,,,,,,,
2589,3.2432547405948977,,,,,,,,
2590,0.0,,,,,,,,
2591,16.309933146173606,,,,,,,,
2592,0.0,,,,,,,,
2593,4.684076296780081,,,,,,,,
2594,4.4122950105657575,,,,,,,,
2595,0.0,,,,,,,,
2596,6.145876795489233,,,,,,,,
2597,7.128197594143044,,,,,,,,
2598,9.609022441666976,,,,,,,,
2599,0.0,,,,,,,,
2600,2.960144946582118,,,,,,,,
2601,5.051616694635486,,,,,,,,
2602,0.0,,,,,,,,
2603,18.73381619939377,,,,,,,,
2604,3.019826188625797,,,,,,,,
2605,6.6638126733491685,,,,,,,,
2606,15.387513335715358,,,,,,,,
2607,4.159399084249441,,,,,,,,
2608,2.91183195432858,,,,,,,,
2609,6.7678802015118205,,,,,,,,
2610,7.303284211370131,,,,,,,,
2611,17.070941355285147,,,,,,,,
2612,9.505558746815316,,,,,,,,
2613,13.692396515733597,,,,,,,,
2614,12.91840164854206,,,,,,,,
2615,11.78638552689354,,,,,,,,
2616,13.685713129915136,,,,,,,,
2617,0.5637143564423058,,,,,,,,
2618,0.3875205621218416,,,,,,,,
2619,4.684076296780081,,,,,,,,
2620,0.0,,,,,,,,
2621,3.019826188625797,,,,,,,,
2622,12.91840164854206,,,,,,,,
2623,0.3875205621218416,,,,,,,,
2624,6.145876795489233,,,,,,,,
2625,0.0,,,,,,,,
2626,10.718138120340267,,,,,,,,
2627,0.0,,,,,,,,
2628,0.0,,,,,,,,
2629,0.0,,,,,,,,
2630,2.960144946582118,,,,,,,,
2631,12.51578002712012,,,,,,,,
2632,4.4122950105657575,,,,,,,,
2633,0.0,,,,,,,,
2634,0.0,,,,,,,,
2635,7.214723588625733,,,,,,,,
2636,7.128197594143044,,,,,,,,
2637,12.810975872230134,,,,,,,,
2638,0.5637143564423058,,,,,,,,
2639,15.765179740553917,,,,,,,,
2640,4.159399084249441,,,,,,,,
2641,15.387513335715358,,,,,,,,
2642,7.303284211370131,,,,,,,,
2643,13.122125031663854,,,,,,,,
2644,18.73381619939377,,,,,,,,
2645,6.6638126733491685,,,,,,,,
2646,11.103780234469802,,,,,,,,
2647,2.4738065354669185,,,,,,,,
2648,13.778669486766512,,,,,,,,
2649,16.309933146173606,,,,,,,,
2650,0.0,,,,,,,,
2651,4.4122950105657575,,,,,,,,
2652,0.0,,,,,,,,
2653,12.51578002712012,,,,,,,,
2654,0.0,,,,,,,,
2655,0.0,,,,,,,,
2656,0.0,,,,,,,,
2657,12.91840164854206,,,,,,,,
2658,8.710849854145865,,,,,,,,
2659,7.303284211370131,,,,,,,,
2660,0.0,,,,,,,,
2661,11.103780234469802,,,,,,,,
2662,0.0,,,,,,,,
2663,7.214723588625733,,,,,,,,
2664,18.73381619939377,,,,,,,,
2665,7.128197594143044,,,,,,,,
2666,3.019826188625797,,,,,,,,
2667,0.3875205621218416,,,,,,,,
2668,2.531591649934698,,,,,,,,
2669,3.5108347418449326,,,,,,,,
2670,4.159399084249441,,,,,,,,
2671,4.684076296780081,,,,,,,,
2672,16.309933146173606,,,,,,,,
2673,5.335141565308859,,,,,,,,
2674,1.5136107339377856,,,,,,,,
2675,2.960144946582118,,,,,,,,
2676,6.325499006824784,,,,,,,,
2677,6.695988109199242,,,,,,,,
2678,14.135742940017568,,,,,,,,
2679,6.6638126733491685,,,,,,,,
2680,2.4738065354669185,,,,,,,,
2681,13.778669486766512,,,,,,,,
2682,13.007798373366883,,,,,,,,
2683,7.303284211370131,,,,,,,,
2684,4.684076296780081,,,,,,,,
2685,4.4122950105657575,,,,,,,,
2686,0.0,,,,,,,,
2687,4.159399084249441,,,,,,,,
2688,0.0,,,,,,,,
2689,0.0,,,,,,,,
2690,7.128197594143044,,,,,,,,
2691,0.0,,,,,,,,
2692,0.0,,,,,,,,
2693,9.609022441666976,,,,,,,,
2694,0.0,,,,,,,,
2695,15.387513335715358,,,,,,,,
2696,18.73381619939377,,,,,,,,
2697,0.0,,,,,,,,
2698,11.78638552689354,,,,,,,,
2699,3.019826188625797,,,,,,,,
2700,0.3875205621218416,,,,,,,,
2701,2.960144946582118,,,,,,,,
2702,6.6638126733491685,,,,,,,,
2703,6.445508333543157,,,,,,,,
2704,10.44249887049872,,,,,,,,
2705,6.695988109199242,,,,,,,,
2706,13.122125031663854,,,,,,,,
2707,3.5108347418449326,,,,,,,,
2708,12.91840164854206,,,,,,,,
2709,6.884815190933876,,,,,,,,
2710,2.4738065354669185,,,,,,,,
2711,13.685713129915136,,,,,,,,
2712,13.692396515733597,,,,,,,,
2713,0.5637143564423058,,,,,,,,
2714,16.58709423727748,,,,,,,,
2715,0.3875205621218416,,,,,,,,
2716,0.0,,,,,,,,
2717,18.73381619939377,,,,,,,,
2718,2.4738065354669185,,,,,,,,
2719,0.0,,,,,,,,
2720,0.0,,,,,,,,
2721,0.0,,,,,,,,
2722,4.684076296780081,,,,,,,,
2723,0.0,,,,,,,,
2724,13.685713129915136,,,,,,,,
2725,7.214723588625733,,,,,,,,
2726,20.529699872170056,,,,,,,,
2727,7.128197594143044,,,,,,,,
2728,3.019826188625797,,,,,,,,
2729,0.0,,,,,,,,
2730,0.0,,,,,,,,
2731,12.51578002712012,,,,,,,,
2732,4.4122950105657575,,,,,,,,
2733,12.91840164854206,,,,,,,,
2734,4.159399084249441,,,,,,,,
2735,16.58709423727748,,,,,,,,
2736,2.960144946582118,,,,,,,,
2737,6.6638126733491685,,,,,,,,
2738,15.387513335715358,,,,,,,,
2739,7.303284211370131,,,,,,,,
2740,13.692396515733597,,,,,,,,
2741,3.5108347418449326,,,,,,,,
2742,6.145876795489233,,,,,,,,
2743,11.78638552689354,,,,,,,,
2744,0.5637143564423058,,,,,,,,
2745,13.240559959204854,,,,,,,,
2746,0.0,,,,,,,,
2747,2.960144946582118,,,,,,,,
2748,2.830579076499756,,,,,,,,
2749,2.4738065354669185,,,,,,,,
2750,0.0,,,,,,,,
2751,3.019826188625797,,,,,,,,
2752,9.090397936405322,,,,,,,,
2753,8.710849854145865,,,,,,,,
2754,0.0,,,,,,,,
2755,9.606329408819,,,,,,,,
2756,7.128197594143044,,,,,,,,
2757,0.0,,,,,,,,
2758,1.6866616882544527,,,,,,,,
2759,0.0,,,,,,,,
2760,6.145876795489233,,,,,,,,
2761,0.0,,,,,,,,
2762,0.3875205621218416,,,,,,,,
2763,0.0,,,,,,,,
2764,4.4122950105657575,,,,,,,,
2765,14.217796772632587,,,,,,,,
2766,9.798907685703794,,,,,,,,
2767,7.214723588625733,,,,,,,,
2768,12.51578002712012,,,,,,,,
2769,14.135742940017568,,,,,,,,
2770,15.387513335715358,,,,,,,,
2771,2.6969037837477474,,,,,,,,
2772,7.055583487765243,,,,,,,,
2773,5.335141565308859,,,,,,,,
2774,7.852483660430585,,,,,,,,
2775,3.9146280024549545,,,,,,,,
2776,3.5108347418449326,,,,,,,,
2777,0.5637143564423058,,,,,,,,
2778,13.007798373366883,,,,,,,,
2779,16.58709423727748,,,,,,,,
2780,18.73381619939377,,,,,,,,
2781,4.4122950105657575,,,,,,,,
2782,7.128197594143044,,,,,,,,
2783,2.960144946582118,,,,,,,,
2784,0.0,,,,,,,,
2785,0.0,,,,,,,,
2786,0.0,,,,,,,,
2787,0.0,,,,,,,,
2788,4.684076296780081,,,,,,,,
2789,15.387513335715358,,,,,,,,
2790,3.019826188625797,,,,,,,,
2791,0.0,,,,,,,,
2792,0.3875205621218416,,,,,,,,
2793,0.0,,,,,,,,
2794,0.0,,,,,,,,
2795,9.505558746815316,,,,,,,,
2796,16.309933146173606,,,,,,,,
2797,9.609022441666976,,,,,,,,
2798,3.2432547405948977,,,,,,,,
2799,13.122125031663854,,,,,,,,
2800,2.4738065354669185,,,,,,,,
2801,4.159399084249441,,,,,,,,
2802,11.78638552689354,,,,,,,,
2803,12.91840164854206,,,,,,,,
2804,7.303284211370131,,,,,,,,
2805,6.7678802015118205,,,,,,,,
2806,6.145876795489233,,,,,,,,
2807,6.6638126733491685,,,,,,,,
2808,13.692396515733597,,,,,,,,
2809,8.019453039724247,,,,,,,,
2810,13.685713129915136,,,,,,,,
2811,0.5637143564423058,,,,,,,,
2812,12.51578002712012,,,,,,,,
2813,3.019826188625797,,,,,,,,
2814,0.0,,,,,,,,
2815,15.387513335715358,,,,,,,,
2816,7.128197594143044,,,,,,,,
2817,0.0,,,,,,,,
2818,6.145876795489233,,,,,,,,
2819,13.122125031663854,,,,,,,,
2820,0.3875205621218416,,,,,,,,
2821,0.0,,,,,,,,
2822,4.684076296780081,,,,,,,,
2823,7.303284211370131,,,,,,,,
2824,7.214723588625733,,,,,,,,
2825,0.0,,,,,,,,
2826,0.0,,,,,,,,
2827,2.4738065354669185,,,,,,,,
2828,8.019453039724247,,,,,,,,
2829,0.0,,,,,,,,
2830,0.5637143564423058,,,,,,,,
2831,4.4122950105657575,,,,,,,,
2832,2.960144946582118,,,,,,,,
2833,0.0,,,,,,,,
2834,6.6638126733491685,,,,,,,,
2835,3.9146280024549545,,,,,,,,
2836,5.8891029115351605,,,,,,,,
2837,12.511370528491298,,,,,,,,
2838,3.5108347418449326,,,,,,,,
2839,14.135742940017568,,,,,,,,
2840,12.91840164854206,,,,,,,,
2841,18.55826169764866,,,,,,,,
2842,13.778669486766512,,,,,,,,
2843,16.309933146173606,,,,,,,,
2844,0.3875205621218416,,,,,,,,
2845,9.606329408819,,,,,,,,
2846,0.0,,,,,,,,
2847,7.303284211370131,,,,,,,,
2848,2.4738065354669185,,,,,,,,
2849,0.0,,,,,,,,
2850,13.122125031663854,,,,,,,,
2851,3.019826188625797,,,,,,,,
2852,0.0,,,,,,,,
2853,0.0,,,,,,,,
2854,0.0,,,,,,,,
2855,6.6638126733491685,,,,,,,,
2856,9.609022441666976,,,,,,,,
2857,7.128197594143044,,,,,,,,
2858,4.4122950105657575,,,,,,,,
2859,0.0,,,,,,,,
2860,0.0,,,,,,,,
2861,5.585045100152804,,,,,,,,
2862,2.6969037837477474,,,,,,,,
2863,1.6866616882544527,,,,,,,,
2864,2.960144946582118,,,,,,,,
2865,3.9146280024549545,,,,,,,,
2866,3.5108347418449326,,,,,,,,
2867,6.325499006824784,,,,,,,,
2868,5.8891029115351605,,,,,,,,
2869,6.145876795489233,,,,,,,,
2870,8.762535575714049,,,,,,,,
2871,16.863005510575263,,,,,,,,
2872,11.78638552689354,,,,,,,,
2873,8.019453039724247,,,,,,,,
2874,8.281987933025556,,,,,,,,
2875,2.531591649934698,,,,,,,,
2876,15.954237851316806,,,,,,,,
2877,16.309933146173606,,,,,,,,
2878,0.0,,,,,,,,
2879,3.019826188625797,,,,,,,,
2880,2.960144946582118,,,,,,,,
2881,2.830579076499756,,,,,,,,
2882,0.3875205621218416,,,,,,,,
2883,0.0,,,,,,,,
2884,0.0,,,,,,,,
2885,9.505558746815316,,,,,,,,
2886,0.0,,,,,,,,
2887,7.128197594143044,,,,,,,,
2888,0.0,,,,,,,,
2889,9.606329408819,,,,,,,,
2890,0.0,,,,,,,,
2891,0.5637143564423058,,,,,,,,
2892,3.9146280024549545,,,,,,,,
2893,0.0,,,,,,,,
2894,4.4122950105657575,,,,,,,,
2895,9.609022441666976,,,,,,,,
2896,1.6866616882544527,,,,,,,,
2897,3.5108347418449326,,,,,,,,
2898,8.019453039724247,,,,,,,,
2899,2.4738065354669185,,,,,,,,
2900,15.387513335715358,,,,,,,,
2901,7.303284211370131,,,,,,,,
2902,5.8891029115351605,,,,,,,,
2903,6.145876795489233,,,,,,,,
2904,13.122125031663854,,,,,,,,
2905,9.798907685703794,,,,,,,,
2906,14.135742940017568,,,,,,,,
2907,18.55826169764866,,,,,,,,
2908,6.6638126733491685,,,,,,,,
2909,13.778669486766512,,,,,,,,
2910,16.309933146173606,,,,,,,,
2911,3.9146280024549545,,,,,,,,
2912,3.019826188625797,,,,,,,,
2913,0.0,,,,,,,,
2914,16.309933146173606,,,,,,,,
2915,0.0,,,,,,,,
2916,7.303284211370131,,,,,,,,
2917,0.0,,,,,,,,
2918,1.6866616882544527,,,,,,,,
2919,0.0,,,,,,,,
2920,11.78638552689354,,,,,,,,
2921,0.0,,,,,,,,
2922,0.0,,,,,,,,
2923,3.565061090792638,,,,,,,,
2924,0.0,,,,,,,,
2925,7.214723588625733,,,,,,,,
2926,10.718138120340267,,,,,,,,
2927,4.4122950105657575,,,,,,,,
2928,13.045590274257473,,,,,,,,
2929,7.128197594143044,,,,,,,,
2930,2.960144946582118,,,,,,,,
2931,6.487951430822992,,,,,,,,
2932,2.6969037837477474,,,,,,,,
2933,6.586321483439975,,,,,,,,
2934,6.325499006824784,,,,,,,,
2935,6.145876795489233,,,,,,,,
2936,13.122125031663854,,,,,,,,
2937,5.203981884496304,,,,,,,,
2938,5.585045100152804,,,,,,,,
2939,6.6638126733491685,,,,,,,,
2940,12.810975872230134,,,,,,,,
2941,8.281987933025556,,,,,,,,
2942,2.4738065354669185,,,,,,,,
2943,16.863005510575263,,,,,,,,
2944,0.3875205621218416,,,,,,,,
2945,0.0,,,,,,,,
2946,0.0,,,,,,,,
2947,6.145876795489233,,,,,,,,
2948,0.0,,,,,,,,
2949,10.213763986295696,,,,,,,,
2950,5.585045100152804,,,,,,,,
2951,0.0,,,,,,,,
2952,4.4122950105657575,,,,,,,,
2953,11.35572508447991,,,,,,,,
2954,9.606329408819,,,,,,,,
2955,7.214723588625733,,,,,,,,
2956,0.0,,,,,,,,
2957,2.960144946582118,,,,,,,,
2958,1.6866616882544527,,,,,,,,
2959,0.0,,,,,,,,
2960,5.700055037580222,,,,,,,,
2961,0.3875205621218416,,,,,,,,
2962,2.49640595455169,,,,,,,,
2963,0.0,,,,,,,,
2964,3.019826188625797,,,,,,,,
2965,8.224537340900735,,,,,,,,
2966,7.128197594143044,,,,,,,,
2967,3.9146280024549545,,,,,,,,
2968,13.122125031663854,,,,,,,,
2969,6.487951430822992,,,,,,,,
2970,2.6969037837477474,,,,,,,,
2971,6.325499006824784,,,,,,,,
2972,7.303284211370131,,,,,,,,
2973,3.5108347418449326,,,,,,,,
2974,5.203981884496304,,,,,,,,
2975,8.762535575714049,,,,,,,,
2976,6.6638126733491685,,,,,,,,
2977,2.4738065354669185,,,,,,,,
2978,2.531591649934698,,,,,,,,
2979,8.668268342412228,,,,,,,,
2980,16.58709423727748,,,,,,,,
2981,6.6638126733491685,,,,,,,,
2982,0.0,,,,,,,,
2983,0.3875205621218416,,,,,,,,
2984,6.145876795489233,,,,,,,,
2985,3.019826188625797,,,,,,,,
2986,0.0,,,,,,,,
2987,7.214723588625733,,,,,,,,
2988,16.309933146173606,,,,,,,,
2989,0.0,,,,,,,,
2990,6.325499006824784,,,,,,,,
2991,5.203981884496304,,,,,,,,
2992,0.0,,,,,,,,
2993,7.128197594143044,,,,,,,,
2994,11.103780234469802,,,,,,,,
2995,0.0,,,,,,,,
2996,4.684076296780081,,,,,,,,
2997,0.0,,,,,,,,
2998,15.871740542685414,,,,,,,,
2999,0.0,,,,,,,,
3000,6.296434248243552,,,,,,,,
3001,4.4122950105657575,,,,,,,,
3002,4.159399084249441,,,,,,,,
3003,14.135742940017568,,,,,,,,
3004,2.960144946582118,,,,,,,,
3005,18.73381619939377,,,,,,,,
3006,7.718285066132156,,,,,,,,
3007,10.44249887049872,,,,,,,,
3008,2.91183195432858,,,,,,,,
3009,7.303284211370131,,,,,,,,
3010,3.5108347418449326,,,,,,,,
3011,14.217796772632587,,,,,,,,
3012,2.531591649934698,,,,,,,,
3013,9.1009703052661,,,,,,,,
3014,0.0,,,,,,,,
3015,15.387513335715358,,,,,,,,
3016,0.0,,,,,,,,
3017,6.6638126733491685,,,,,,,,
3018,0.0,,,,,,,,
3019,7.303284211370131,,,,,,,,
3020,3.019826188625797,,,,,,,,
3021,2.4738065354669185,,,,,,,,
3022,7.214723588625733,,,,,,,,
3023,18.73381619939377,,,,,,,,
3024,0.0,,,,,,,,
3025,0.0,,,,,,,,
3026,0.0,,,,,,,,
3027,12.91840164854206,,,,,,,,
3028,0.3875205621218416,,,,,,,,
3029,4.4122950105657575,,,,,,,,
3030,0.5637143564423058,,,,,,,,
3031,0.0,,,,,,,,
3032,7.128197594143044,,,,,,,,
3033,4.684076296780081,,,,,,,,
3034,3.5108347418449326,,,,,,,,
3035,10.213763986295696,,,,,,,,
3036,2.960144946582118,,,,,,,,
3037,16.58709423727748,,,,,,,,
3038,13.447254248883104,,,,,,,,
3039,4.159399084249441,,,,,,,,
3040,6.145876795489233,,,,,,,,
3041,12.51578002712012,,,,,,,,
3042,8.019453039724247,,,,,,,,
3043,10.295370231090036,,,,,,,,
3044,16.863005510575263,,,,,,,,
3045,8.668268342412228,,,,,,,,
3046,4.4122950105657575,,,,,,,,
3047,0.0,,,,,,,,
3048,11.35572508447991,,,,,,,,
3049,6.6638126733491685,,,,,,,,
3050,0.0,,,,,,,,
3051,0.0,,,,,,,,
3052,4.684076296780081,,,,,,,,
3053,13.122125031663854,,,,,,,,
3054,11.78638552689354,,,,,,,,
3055,0.0,,,,,,,,
3056,0.0,,,,,,,,
3057,0.0,,,,,,,,
3058,16.309933146173606,,,,,,,,
3059,6.145876795489233,,,,,,,,
3060,7.303284211370131,,,,,,,,
3061,3.2432547405948977,,,,,,,,
3062,0.0,,,,,,,,
3063,4.159399084249441,,,,,,,,
3064,7.128197594143044,,,,,,,,
3065,3.019826188625797,,,,,,,,
3066,2.960144946582118,,,,,,,,
3067,12.91840164854206,,,,,,,,
3068,12.51578002712012,,,,,,,,
3069,15.387513335715358,,,,,,,,
3070,7.214723588625733,,,,,,,,
3071,18.73381619939377,,,,,,,,
3072,6.7678802015118205,,,,,,,,
3073,8.019453039724247,,,,,,,,
3074,2.4738065354669185,,,,,,,,
3075,7.713437335644703,,,,,,,,
3076,0.5637143564423058,,,,,,,,
3077,2.49640595455169,,,,,,,,
3078,0.3875205621218416,,,,,,,,
3079,4.4122950105657575,,,,,,,,
3080,0.0,,,,,,,,
3081,1.6866616882544527,,,,,,,,
3082,0.0,,,,,,,,
3083,13.122125031663854,,,,,,,,
3084,7.303284211370131,,,,,,,,
3085,0.0,,,,,,,,
3086,0.0,,,,,,,,
3087,15.387513335715358,,,,,,,,
3088,0.0,,,,,,,,
3089,6.145876795489233,,,,,,,,
3090,16.309933146173606,,,,,,,,
3091,0.0,,,,,,,,
3092,3.019826188625797,,,,,,,,
3093,0.0,,,,,,,,
3094,7.214723588625733,,,,,,,,
3095,2.960144946582118,,,,,,,,
3096,7.128197594143044,,,,,,,,
3097,2.830579076499756,,,,,,,,
3098,13.778669486766512,,,,,,,,
3099,9.090397936405322,,,,,,,,
3100,2.6969037837477474,,,,,,,,
3101,9.798907685703794,,,,,,,,
3102,3.9146280024549545,,,,,,,,
3103,10.718138120340267,,,,,,,,
3104,12.51578002712012,,,,,,,,
3105,14.135742940017568,,,,,,,,
3106,12.810975872230134,,,,,,,,
3107,6.6638126733491685,,,,,,,,
3108,2.4738065354669185,,,,,,,,
3109,0.5637143564423058,,,,,,,,
3110,0.3875205621218416,,,,,,,,
3111,9.606329408819,,,,,,,,
3112,7.214723588625733,,,,,,,,
3113,0.0,,,,,,,,
3114,0.0,,,,,,,,
3115,9.606329408819,,,,,,,,
3116,6.145876795489233,,,,,,,,
3117,7.128197594143044,,,,,,,,
3118,8.019453039724247,,,,,,,,
3119,3.019826188625797,,,,,,,,
3120,0.0,,,,,,,,
3121,8.281987933025556,,,,,,,,
3122,1.5136107339377856,,,,,,,,
3123,12.51578002712012,,,,,,,,
3124,11.78638552689354,,,,,,,,
3125,2.830579076499756,,,,,,,,
3126,7.303284211370131,,,,,,,,
3127,0.3875205621218416,,,,,,,,
3128,0.0,,,,,,,,
3129,0.0,,,,,,,,
3130,0.0,,,,,,,,
3131,0.0,,,,,,,,
3132,9.798907685703794,,,,,,,,
3133,1.6866616882544527,,,,,,,,
3134,3.5108347418449326,,,,,,,,
3135,4.4122950105657575,,,,,,,,
3136,2.960144946582118,,,,,,,,
3137,2.6969037837477474,,,,,,,,
3138,5.8891029115351605,,,,,,,,
3139,6.325499006824784,,,,,,,,
3140,3.9146280024549545,,,,,,,,
3141,6.6638126733491685,,,,,,,,
3142,13.122125031663854,,,,,,,,
3143,2.4738065354669185,,,,,,,,
3144,16.863005510575263,,,,,,,,
3145,2.531591649934698,,,,,,,,
3146,16.309933146173606,,,,,,,,
3147,9.609022441666976,,,,,,,,
3148,0.0,,,,,,,,
3149,6.145876795489233,,,,,,,,
3150,16.58709423727748,,,,,,,,
3151,0.0,,,,,,,,
3152,11.103780234469802,,,,,,,,
3153,0.0,,,,,,,,
3154,4.684076296780081,,,,,,,,
3155,3.019826188625797,,,,,,,,
3156,0.0,,,,,,,,
3157,0.0,,,,,,,,
3158,7.128197594143044,,,,,,,,
3159,14.217796772632587,,,,,,,,
3160,7.303284211370131,,,,,,,,
3161,0.0,,,,,,,,
3162,4.4122950105657575,,,,,,,,
3163,6.7678802015118205,,,,,,,,
3164,0.0,,,,,,,,
3165,2.960144946582118,,,,,,,,
3166,0.5637143564423058,,,,,,,,
3167,6.6638126733491685,,,,,,,,
3168,2.91183195432858,,,,,,,,
3169,15.387513335715358,,,,,,,,
3170,3.2432547405948977,,,,,,,,
3171,4.159399084249441,,,,,,,,
3172,9.505558746815316,,,,,,,,
3173,13.122125031663854,,,,,,,,
3174,18.73381619939377,,,,,,,,
3175,12.91840164854206,,,,,,,,
3176,14.135742940017568,,,,,,,,
3177,8.019453039724247,,,,,,,,
3178,0.7750411242436831,,,,,,,,
3179,0.0,,,,,,,,
3180,3.5108347418449326,,,,,,,,
3181,0.0,,,,,,,,
3182,0.0,,,,,,,,
3183,9.609022441666976,,,,,,,,
3184,0.3875205621218416,,,,,,,,
3185,15.387513335715358,,,,,,,,
3186,5.335141565308859,,,,,,,,
3187,7.303284211370131,,,,,,,,
3188,16.309933146173606,,,,,,,,
3189,0.0,,,,,,,,
3190,0.0,,,,,,,,
3191,4.4122950105657575,,,,,,,,
3192,0.0,,,,,,,,
3193,4.684076296780081,,,,,,,,
3194,10.295370231090036,,,,,,,,
3195,12.91840164854206,,,,,,,,
3196,0.0,,,,,,,,
3197,6.145876795489233,,,,,,,,
3198,0.5637143564423058,,,,,,,,
3199,7.128197594143044,,,,,,,,
3200,3.019826188625797,,,,,,,,
3201,2.960144946582118,,,,,,,,
3202,8.710849854145865,,,,,,,,
3203,13.007798373366883,,,,,,,,
3204,18.73381619939377,,,,,,,,
3205,6.6638126733491685,,,,,,,,
3206,4.159399084249441,,,,,,,,
3207,13.00451678171939,,,,,,,,
3208,9.505558746815316,,,,,,,,
3209,2.4738065354669185,,,,,,,,
3210,16.863005510575263,,,,,,,,
3211,7.128197594143044,,,,,,,,
3212,0.0,,,,,,,,
3213,3.019826188625797,,,,,,,,
3214,2.91183195432858,,,,,,,,
3215,0.3875205621218416,,,,,,,,
3216,0.0,,,,,,,,
3217,0.5637143564423058,,,,,,,,
3218,0.0,,,,,,,,
3219,2.960144946582118,,,,,,,,
3220,4.684076296780081,,,,,,,,
3221,0.0,,,,,,,,
3222,7.303284211370131,,,,,,,,
3223,0.0,,,,,,,,
3224,12.51578002712012,,,,,,,,
3225,0.0,,,,,,,,
3226,11.103780234469802,,,,,,,,
3227,0.0,,,,,,,,
3228,4.4122950105657575,,,,,,,,
3229,15.387513335715358,,,,,,,,
3230,7.214723588625733,,,,,,,,
3231,6.7678802015118205,,,,,,,,
3232,5.4907079253112325,,,,,,,,
3233,9.511414773452652,,,,,,,,
3234,13.122125031663854,,,,,,,,
3235,6.145876795489233,,,,,,,,
3236,4.159399084249441,,,,,,,,
3237,18.73381619939377,,,,,,,,
3238,12.91840164854206,,,,,,,,
3239,10.10773827919754,,,,,,,,
3240,8.224537340900735,,,,,,,,
3241,13.778669486766512,,,,,,,,
3242,16.309933146173606,,,,,,,,
