,odc_locations,capacities
0,"(-5.87167, -35.18111)",462
1,"(-5.77833, -35.20194)",882
2,"(-5.82611, -35.20667)",971
