,odc_locations,fiberlength
0,"(-5.735797, -35.254392)",56.52004531466572
1,"(-5.834028, -35.207972)",140.35465465432054
2,"(-5.78389, -35.19944)",94.58233683862474
3,"(-5.8775, -35.17722)",42.98533484205836
