,odc_locations,fiberlength
0,"(-3.13361, -60.02083)",58.323299074436626
1,"(-2.97417, -59.99028)",11.676904845294505
2,"(-3.04194, -59.92889)",48.74367286129842
3,"(-3.05111, -59.99306)",34.56226191813572
4,"(-3.08028, -60.0575)",154.10694092584185
5,"(-3.09722, -59.99333)",115.89136250185562
6,"(-3.117444, -60.011722)",74.65774569709548
