,odc_locations,fiberlength
0,"(-3.02806, -59.98861)",47.82938631303317
1,"(-3.09417, -59.99083)",138.38744892196456
2,"(-3.1225, -60.00556)",56.74639433775075
3,"(-3.02139, -59.94583)",47.89813984654272
4,"(-3.08778, -60.05694)",148.58695617803323
5,"(-3.12611, -60.02361)",93.90847362961456
