,odc_locations,capacities
0,"(-5.750972, -35.255888)",336
1,"(-5.829694, -35.212)",845
2,"(-5.87556, -35.18)",462
3,"(-5.78389, -35.19944)",672
