,odc_locations,capacities
0,"(-3.09417, -59.99083)",588
1,"(-2.97417, -59.99028)",84
2,"(-3.02139, -59.94583)",126
3,"(-3.05444, -59.98361)",252
4,"(-3.10611, -60.0175)",840
5,"(-3.04194, -59.92889)",252
6,"(-3.09222, -60.04556)",978
7,"(-3.13056, -60.02111)",840
