,odc_locations,fiberlength
0,"(-5.78389, -35.19944)",257.78930768410896
1,"(-5.82611, -35.20667)",166.08624862615508
2,"(-5.8775, -35.17722)",52.21538999993051
