,odc_locations,fiberlength
0,"(-5.86944, -35.19056)",72.7164875285738
1,"(-5.82083, -35.215)",137.5751096038708
2,"(-5.78972, -35.20222)",271.0072737397792
