,odc_locations,capacities
0,"(-3.13361, -60.02083)",924
1,"(-3.06472, -60.04361)",84
2,"(-3.04194, -59.92889)",378
3,"(-3.08028, -60.0575)",306
4,"(-3.03469, -59.9938)",294
5,"(-3.08778, -60.01694)",756
6,"(-3.1025, -59.99806)",714
7,"(-3.10306, -60.05083)",504
