,odc_locations,fiberlength
0,"(-3.13361, -60.02083)",68.98797818780807
1,"(-3.0875, -60.04028)",142.31596189539772
2,"(-3.10611, -60.0175)",118.0275432686267
3,"(-3.04194, -59.92889)",119.14190419359639
4,"(-3.08167, -60.01361)",125.96800484054744
