,odc_locations,capacities
0,"(-3.0875, -60.04028)",852
1,"(-3.11028, -59.99111)",504
2,"(-3.04194, -59.92889)",504
3,"(-3.08167, -60.01361)",672
4,"(-3.10861, -60.02361)",672
5,"(-3.13389, -60.01667)",756
