,odc_locations,fiberlength
0,"(-3.0875, -60.04028)",57.07277315689457
1,"(-3.10611, -60.0175)",42.40347047596796
2,"(-3.04194, -59.92889)",20.874353289938036
3,"(-3.03469, -59.9938)",50.40504360600297
4,"(-3.09722, -59.99333)",76.9538527312012
5,"(-3.0975, -60.05056)",79.3425851321251
6,"(-3.01778, -59.94722)",2.5803888788952936
7,"(-3.12639, -60.02)",76.83973222745436
