,odc_locations,fiberlength
0,"(-3.13361, -60.02083)",81.22484232567942
1,"(-3.09528, -60.05361)",78.52704092846142
2,"(-3.04194, -59.92889)",119.14190419359639
3,"(-3.08639, -59.98639)",96.36682123039522
4,"(-3.0875, -60.03222)",108.22819118263678
5,"(-3.10611, -59.99306)",54.426054160843094
