,odc_locations,fiberlength
0,"(-3.02139, -59.94583)",143.72462522773745
1,"(-3.0875, -60.04028)",97.34437582091935
2,"(-3.10611, -60.0175)",54.77761917358498
3,"(-3.07889, -60.07028)",35.59320584842982
4,"(-3.09722, -59.99333)",106.96915360418353
5,"(-3.13056, -60.02111)",73.4124505760021
