,odc_locations,capacities
0,"(-3.13361, -60.02083)",840
1,"(-3.04194, -59.92889)",252
2,"(-3.08667, -59.99583)",672
3,"(-3.105, -60.01333)",924
4,"(-3.0975, -60.05056)",936
5,"(-3.01778, -59.94722)",336
