,odc_locations,fiberlength
0,"(-3.0875, -60.04028)",69.66799662955353
1,"(-3.04194, -59.92889)",119.14190419359639
2,"(-3.10759, -60.05268)",51.70118869633886
3,"(-3.08167, -60.01361)",110.37927316163304
4,"(-3.1025, -59.99806)",84.55399320693768
5,"(-3.13056, -60.02111)",75.82250324447301
