,odc_locations,capacities
0,"(-5.76194, -35.27972)",378
1,"(-5.790444, -35.191194)",971
2,"(-5.86139, -35.19278)",966
