,odc_locations,fiberlength
0,"(-5.735797, -35.254392)",56.52004531466572
1,"(-5.80944, -35.20083)",122.25609993221943
2,"(-5.86139, -35.19278)",138.21511127843414
3,"(-5.78389, -35.19944)",27.17258078120348
