,odc_locations,capacities
0,"(-3.02806, -59.98861)",294
1,"(-3.10889, -60.00111)",798
2,"(-3.08778, -60.05694)",852
3,"(-3.04194, -59.92889)",252
4,"(-3.08583, -60.01)",798
5,"(-3.01778, -59.94722)",126
6,"(-3.13611, -60.02028)",840
