,odc_locations,capacities
0,"(-5.86944, -35.19056)",588
1,"(-5.81639, -35.21056)",887
2,"(-5.78389, -35.19944)",840
