,odc_locations,capacities
0,"(-5.750972, -35.255888)",336
1,"(-5.87167, -35.18111)",504
2,"(-5.829694, -35.212)",756
3,"(-5.78972, -35.20222)",719
