,odc_locations,fiberlength
0,"(-3.13361, -60.02083)",49.99615774389483
1,"(-3.06472, -60.04361)",98.66254594089737
2,"(-2.97417, -59.99028)",29.662394707268973
3,"(-3.10611, -60.0175)",98.43237342232268
4,"(-3.11028, -59.99111)",71.21131006938202
5,"(-3.04194, -59.92889)",84.00588501294835
6,"(-3.10306, -60.05083)",84.96644819786184
