,odc_locations,capacities
0,"(-5.834028, -35.207972)",798
1,"(-5.750972, -35.255888)",336
2,"(-5.87167, -35.18111)",462
3,"(-5.78389, -35.19944)",719
