,odc_locations,fiberlength
0,"(-5.834028, -35.207972)",131.14918004593693
1,"(-5.750972, -35.255888)",53.79674390235305
2,"(-5.87167, -35.18111)",45.613352428889534
3,"(-5.78389, -35.19944)",94.58233683862474
