,odc_locations,fiberlength
0,"(-3.02806, -59.98861)",29.8438964510587
1,"(-2.97417, -59.99028)",0.0
2,"(-3.11778, -60.01806)",70.24522763322064
3,"(-3.08083, -60.03306)",96.64153809499268
4,"(-3.04194, -59.92889)",48.74367286129842
5,"(-3.10759, -60.05268)",76.84598408216497
6,"(-3.10611, -59.99306)",80.94048306614798
7,"(-3.13611, -60.02028)",22.31973957836566
