,odc_locations,capacities
0,"(-5.735797, -35.254392)",336
1,"(-5.80944, -35.20083)",803
2,"(-5.86139, -35.19278)",756
3,"(-5.78389, -35.19944)",420
