,odc_locations,fiberlength
0,"(-5.87167, -35.18111)",55.71600884918924
1,"(-5.77833, -35.20194)",237.56396156436267
2,"(-5.82417, -35.21333)",176.53122196032223
