,odc_locations,fiberlength
0,"(-5.78611, -35.20722)",257.1411508591139
1,"(-5.87167, -35.18111)",45.613352428889534
2,"(-5.82611, -35.20667)",159.1567566076315
