,odc_locations,capacities
0,"(-5.860083, -35.198833)",630
1,"(-5.77944, -35.19778)",882
2,"(-5.82611, -35.20667)",803
