,odc_locations,fiberlength
0,"(-5.860083, -35.198833)",93.80274230821335
1,"(-5.77944, -35.19778)",254.3852407022963
2,"(-5.82611, -35.20667)",141.6442888607323
