,odc_locations,fiberlength
0,"(-5.86944, -35.19056)",45.961881570426826
1,"(-5.750972, -35.255888)",53.79674390235305
2,"(-5.78389, -35.19944)",60.83641666645137
3,"(-5.831416, -35.204944)",162.82526406731722
