,odc_locations,capacities
0,"(-3.03914, -59.93611)",378
1,"(-3.02917, -59.97694)",294
2,"(-3.12611, -60.02361)",840
3,"(-3.08778, -60.01694)",672
4,"(-3.10917, -60.0125)",588
5,"(-3.10306, -60.05083)",768
6,"(-3.09722, -59.99333)",420
