,odc_locations,capacities
0,"(-3.13361, -60.02083)",798
1,"(-3.10889, -60.00111)",672
2,"(-3.0875, -60.04028)",390
3,"(-3.04194, -59.92889)",378
4,"(-3.08667, -59.99583)",336
5,"(-3.03469, -59.9938)",294
6,"(-3.08167, -60.01361)",462
7,"(-3.10306, -60.05083)",630
