,odc_locations,capacities
0,"(-5.735797, -35.254392)",336
1,"(-5.834028, -35.207972)",756
2,"(-5.86944, -35.19056)",462
3,"(-5.79833, -35.20417)",761
