,odc_locations,fiberlength
0,"(-5.735797, -35.254392)",56.52004531466572
1,"(-5.834028, -35.207972)",123.0868770502943
2,"(-5.86944, -35.19056)",45.961881570426826
3,"(-5.79833, -35.20417)",98.04368474984547
