,odc_locations,capacities
0,"(-5.735797, -35.254392)",336
1,"(-5.77944, -35.19778)",546
2,"(-5.82611, -35.20667)",971
3,"(-5.8775, -35.17722)",462
