,odc_locations,capacities
0,"(-3.02806, -59.98861)",252
1,"(-2.97417, -59.99028)",42
2,"(-3.02139, -59.94583)",378
3,"(-3.11444, -60.04806)",462
4,"(-3.10028, -60.02028)",768
5,"(-3.07889, -60.07028)",336
6,"(-3.09639, -60.00111)",798
7,"(-3.13056, -60.02111)",924
