,odc_locations,capacities
0,"(-3.09417, -59.99083)",672
1,"(-3.02139, -59.94583)",336
2,"(-3.08083, -60.03306)",474
3,"(-3.04194, -59.92889)",252
4,"(-3.10028, -60.02028)",588
5,"(-3.10306, -60.05083)",714
6,"(-3.13389, -60.01667)",924
