,odc_locations,fiberlength
0,"(-3.09417, -59.99083)",97.06475724141788
1,"(-3.02139, -59.94583)",80.1352961379671
2,"(-3.08083, -60.03306)",55.1118859637033
3,"(-3.04194, -59.92889)",20.874353289938036
4,"(-3.10028, -60.02028)",47.70697337565841
5,"(-3.10306, -60.05083)",91.59303018946753
6,"(-3.13389, -60.01667)",77.24873705236536
