,odc_locations,capacities
0,"(-5.81639, -35.21056)",971
1,"(-5.87556, -35.18)",504
2,"(-5.78389, -35.19944)",840
