,odc_locations,fiberlength
0,"(-5.81639, -35.21056)",181.95598671157782
1,"(-5.87556, -35.18)",58.068090865571605
2,"(-5.78389, -35.19944)",244.24473130859022
