,odc_locations,fiberlength
0,"(-3.06472, -60.04361)",0.0
1,"(-3.07778, -60.00778)",87.05975746610244
2,"(-3.04194, -59.92889)",119.14190419359639
3,"(-3.09639, -60.00111)",120.94936916651798
4,"(-3.09222, -60.04556)",128.70718290098714
5,"(-3.13611, -60.02028)",91.48891703285501
