,odc_locations,fiberlength
0,"(-3.09417, -59.99083)",57.63840726546065
1,"(-2.97417, -59.99028)",11.676904845294505
2,"(-3.02139, -59.94583)",42.98130371193153
3,"(-3.0875, -60.04028)",142.31596189539772
4,"(-3.04194, -59.92889)",20.874353289938036
5,"(-3.105, -60.01333)",41.3491766414534
6,"(-3.08583, -60.01)",48.0020843389232
7,"(-3.13056, -60.02111)",82.08332031365161
