,odc_locations,capacities
0,"(-3.02806, -59.98861)",294
1,"(-3.1225, -60.00556)",798
2,"(-3.0875, -60.04028)",936
3,"(-3.04194, -59.92889)",378
4,"(-3.08167, -60.01361)",840
5,"(-3.13278, -60.02361)",714
