,odc_locations,capacities
0,"(-3.02806, -59.98861)",252
1,"(-2.97417, -59.99028)",42
2,"(-3.02139, -59.94583)",378
3,"(-3.0875, -60.04028)",936
4,"(-3.07778, -60.00778)",462
5,"(-3.08583, -60.02361)",168
6,"(-3.10028, -60.02028)",882
7,"(-3.13611, -60.02028)",840
