,odc_locations,fiberlength
0,"(-3.02806, -59.98861)",29.8438964510587
1,"(-2.97417, -59.99028)",0.0
2,"(-3.02139, -59.94583)",64.87952352921799
3,"(-3.0875, -60.04028)",153.1978460850833
4,"(-3.07778, -60.00778)",64.32382138138998
5,"(-3.08583, -60.02361)",8.322242393668208
6,"(-3.10028, -60.02028)",103.48335131101327
7,"(-3.13611, -60.02028)",75.82202228589883
