,odc_locations,capacities
0,"(-2.97417, -59.99028)",84
1,"(-3.02139, -59.94583)",210
2,"(-3.07778, -60.00778)",966
3,"(-3.08778, -60.05694)",852
4,"(-3.04194, -59.92889)",252
5,"(-3.12917, -60.02667)",924
6,"(-3.12833, -60.00361)",672
