,odc_locations,capacities
0,"(-5.87167, -35.18111)",504
1,"(-5.829694, -35.212)",887
2,"(-5.77944, -35.19778)",924
