,odc_locations,capacities
0,"(-5.735797, -35.254392)",336
1,"(-5.86944, -35.19056)",756
2,"(-5.80944, -35.20083)",803
3,"(-5.77944, -35.19778)",420
