,odc_locations,fiberlength
0,"(-3.02139, -59.94583)",1.2901944394476468
1,"(-3.05444, -59.98361)",10.749483359007893
2,"(-3.10889, -60.00111)",116.77160673857762
3,"(-3.09528, -60.05361)",137.37611801661697
4,"(-3.07778, -60.00778)",56.915986352012425
5,"(-3.00917, -59.99083)",26.140756577229933
6,"(-3.04194, -59.92889)",20.874353289938036
7,"(-3.13611, -60.02028)",69.43041089130713
