,odc_locations,fiberlength
0,"(-3.08942, -60.00514)",91.07941764302022
1,"(-3.10889, -60.00111)",80.36726930624692
2,"(-3.0875, -60.04028)",103.13333785367576
3,"(-3.00917, -59.99083)",34.71113832448385
4,"(-3.04194, -59.92889)",48.74367286129842
5,"(-3.12917, -60.02667)",86.89537601929369
6,"(-3.07611, -60.07889)",21.664256508881397
