,odc_locations,capacities
0,"(-5.86944, -35.19056)",462
1,"(-5.750972, -35.255888)",336
2,"(-5.78972, -35.20222)",719
3,"(-5.831416, -35.204944)",798
