,odc_locations,fiberlength
0,"(-3.13361, -60.02083)",86.76200771924175
1,"(-3.04194, -59.92889)",48.74367286129842
2,"(-3.05111, -59.99306)",65.42231423584045
3,"(-3.10028, -60.02028)",69.15132683173299
4,"(-3.08583, -60.01)",104.52125263825808
5,"(-3.10306, -60.05083)",136.42552914919622
