,odc_locations,capacities
0,"(-3.03914, -59.93611)",378
1,"(-3.13361, -60.02083)",672
2,"(-3.02806, -59.98861)",252
3,"(-3.06472, -60.04361)",642
4,"(-2.97417, -59.99028)",42
5,"(-3.09778, -60.00667)",630
6,"(-3.08167, -60.01361)",504
7,"(-3.11361, -60.01583)",840
