,odc_locations,fiberlength
0,"(-3.03914, -59.93611)",49.64221421959957
1,"(-3.13361, -60.02083)",45.731462958400485
2,"(-3.02806, -59.98861)",29.8438964510587
3,"(-3.06472, -60.04361)",151.9834632511802
4,"(-2.97417, -59.99028)",0.0
5,"(-3.09778, -60.00667)",72.01082201887532
6,"(-3.08167, -60.01361)",47.325289454906866
7,"(-3.11361, -60.01583)",101.13276224405571
