,odc_locations,capacities
0,"(-3.11028, -59.99111)",882
1,"(-3.08083, -60.03306)",894
2,"(-3.04194, -59.92889)",546
3,"(-3.0975, -60.05056)",672
4,"(-3.13278, -60.02361)",966
