,odc_locations,fiberlength
0,"(-3.11028, -59.99111)",128.88814362164035
1,"(-3.08083, -60.03306)",162.2248345835628
2,"(-3.04194, -59.92889)",139.56736035409952
3,"(-3.0975, -60.05056)",81.76665942781938
4,"(-3.13278, -60.02361)",85.02287822156488
