,odc_locations,capacities
0,"(-5.82083, -35.215)",887
1,"(-5.86139, -35.19278)",588
2,"(-5.77944, -35.19778)",840
