,odc_locations,capacities
0,"(-2.97417, -59.99028)",168
1,"(-3.0875, -60.04028)",474
2,"(-3.04194, -59.92889)",420
3,"(-3.10028, -60.02028)",420
4,"(-3.09639, -60.00111)",798
5,"(-3.12278, -60.01333)",588
6,"(-3.10306, -60.05083)",630
7,"(-3.13611, -60.02028)",462
