,odc_locations,fiberlength
0,"(-3.13361, -60.02083)",26.133583565880553
1,"(-3.06472, -60.04361)",6.421093527620199
2,"(-3.11778, -60.01806)",67.31951376710838
3,"(-3.11028, -59.99111)",58.074496638003964
4,"(-3.08778, -60.05694)",101.4190711250642
5,"(-3.00917, -59.99083)",34.71113832448385
6,"(-3.04194, -59.92889)",48.74367286129842
7,"(-3.08167, -60.01361)",85.55383014459457
