,odc_locations,capacities
0,"(-3.06472, -60.04361)",252
1,"(-3.02139, -59.94583)",336
2,"(-3.09528, -60.05361)",810
3,"(-3.00917, -59.99083)",210
4,"(-3.08667, -59.99583)",630
5,"(-3.105, -60.01333)",798
6,"(-3.13056, -60.02111)",924
