,odc_locations,fiberlength
0,"(-3.13361, -60.02083)",43.70288221105235
1,"(-3.02917, -59.97694)",54.60754430301773
2,"(-3.04194, -59.92889)",48.74367286129842
3,"(-3.07778, -59.99944)",91.54751778181623
4,"(-3.10917, -60.0125)",96.92548810667822
5,"(-3.10306, -60.05083)",159.7964723400539
