,odc_locations,capacities
0,"(-3.02806, -59.98861)",294
1,"(-3.04194, -59.92889)",378
2,"(-3.11417, -60.01056)",966
3,"(-3.08583, -60.01)",798
4,"(-3.0975, -60.05056)",894
5,"(-3.13278, -60.02361)",630
