,odc_locations,fiberlength
0,"(-3.02806, -59.98861)",47.82938631303317
1,"(-3.04194, -59.92889)",48.74367286129842
2,"(-3.11417, -60.01056)",108.04327582510427
3,"(-3.08583, -60.01)",87.27334015785202
4,"(-3.0975, -60.05056)",130.5050842061156
5,"(-3.13278, -60.02361)",37.435161538799235
