,odc_locations,fiberlength
0,"(-3.04194, -59.92889)",139.56736035409952
1,"(-3.12917, -60.02667)",65.99057754830982
2,"(-3.105, -60.01333)",107.58322131505118
3,"(-3.10306, -60.05083)",152.96995666342391
4,"(-3.09722, -59.99333)",124.82171513303601
