,odc_locations,fiberlength
0,"(-5.8846, -35.1819)",49.75784199150565
1,"(-5.78389, -35.19944)",265.7827537650611
2,"(-5.831416, -35.204944)",172.60079979466613
