,odc_locations,fiberlength
0,"(-3.11028, -59.99111)",54.31383162138795
1,"(-3.04194, -59.92889)",20.874353289938036
2,"(-3.105, -60.01333)",123.31818676583063
3,"(-3.0975, -60.05056)",138.56134317021238
4,"(-3.01778, -59.94722)",115.25015305200584
5,"(-3.12639, -60.02)",69.31706177882948
