,odc_locations,capacities
0,"(-3.10611, -60.0175)",840
1,"(-3.07778, -60.00778)",630
2,"(-3.12861, -60.01306)",882
3,"(-3.04194, -59.92889)",378
4,"(-3.03469, -59.9938)",294
5,"(-3.0975, -60.05056)",936
