,odc_locations,fiberlength
0,"(-3.10611, -60.0175)",83.07397510451827
1,"(-3.07778, -60.00778)",84.46257931487644
2,"(-3.12861, -60.01306)",76.25267412628237
3,"(-3.04194, -59.92889)",48.74367286129842
4,"(-3.03469, -59.9938)",50.40504360600297
5,"(-3.0975, -60.05056)",138.56134317021238
