,odc_locations,fiberlength
0,"(-2.97417, -59.99028)",0.0
1,"(-3.02139, -59.94583)",1.2901944394476468
2,"(-3.0875, -60.04028)",142.31596189539772
3,"(-3.04194, -59.92889)",20.874353289938036
4,"(-3.03469, -59.9938)",30.182467416172052
5,"(-3.08583, -60.01)",109.94591853964147
6,"(-3.11361, -60.01583)",88.36043967736516
7,"(-3.13278, -60.02361)",40.41967393223612
