,odc_locations,capacities
0,"(-3.09417, -59.99083)",630
1,"(-3.06472, -60.04361)",378
2,"(-2.97417, -59.99028)",42
3,"(-3.04194, -59.92889)",378
4,"(-3.03469, -59.9938)",252
5,"(-3.10917, -60.0125)",924
6,"(-3.10306, -60.05083)",726
7,"(-3.13611, -60.02028)",630
