,odc_locations,capacities
0,"(-3.09472, -60.03556)",978
1,"(-3.02139, -59.94583)",378
2,"(-3.04194, -59.92889)",252
3,"(-3.10028, -60.02028)",840
4,"(-3.10611, -59.99306)",588
5,"(-3.13056, -60.02111)",924
