,odc_locations,capacities
0,"(-3.09417, -59.99083)",756
1,"(-3.10611, -60.0175)",882
2,"(-3.08778, -60.05694)",852
3,"(-3.04194, -59.92889)",546
4,"(-3.126208, -60.015944)",924
