,odc_locations,fiberlength
0,"(-5.78611, -35.20722)",65.7960070323856
1,"(-5.86944, -35.19056)",45.961881570426826
2,"(-5.750972, -35.255888)",53.79674390235305
3,"(-5.831416, -35.204944)",162.82526406731722
