,odc_locations,fiberlength
0,"(-5.855281, -35.262503)",8.821659591852272
1,"(-5.750972, -35.255888)",53.79674390235305
2,"(-5.845472, -35.200694)",162.7025757526355
3,"(-5.80366, -35.20402)",138.25090369256876
