,odc_locations,fiberlength
0,"(-5.86139, -35.19278)",77.5372174881424
1,"(-5.77944, -35.19778)",254.3852407022963
2,"(-5.82611, -35.20667)",149.11486477637564
