,odc_locations,capacities
0,"(-3.02806, -59.98861)",294
1,"(-3.09417, -59.99083)",504
2,"(-3.07556, -60.01972)",462
3,"(-3.02139, -59.94583)",126
4,"(-3.10611, -60.0175)",672
5,"(-3.04194, -59.92889)",252
6,"(-3.09222, -60.04556)",810
7,"(-3.13056, -60.02111)",840
