,odc_locations,fiberlength
0,"(-3.02806, -59.98861)",47.82938631303317
1,"(-3.09417, -59.99083)",55.36576929692138
2,"(-3.07556, -60.01972)",47.394431079731326
3,"(-3.02139, -59.94583)",1.2901944394476468
4,"(-3.10611, -60.0175)",50.49622229718566
5,"(-3.04194, -59.92889)",20.874353289938036
6,"(-3.09222, -60.04556)",115.07490820745937
7,"(-3.13056, -60.02111)",63.287655178346185
