,odc_locations,fiberlength
0,"(-3.02806, -59.98861)",47.82938631303317
1,"(-3.06472, -60.04361)",22.41410850113269
2,"(-3.0875, -60.04028)",121.56168626314346
3,"(-3.04194, -59.92889)",48.74367286129842
4,"(-3.08167, -60.01361)",32.31896307550064
5,"(-3.09639, -60.00111)",113.60045676803347
6,"(-3.13611, -60.02028)",91.48891703285501
