,odc_locations,fiberlength
0,"(-5.87167, -35.18111)",55.71600884918924
1,"(-5.829694, -35.212)",160.51684382435215
2,"(-5.77944, -35.19778)",262.7258576121495
