,odc_locations,fiberlength
0,"(-5.77833, -35.20194)",216.5705121301201
1,"(-5.86139, -35.19278)",138.21511127843414
2,"(-5.80366, -35.20402)",142.00563455405472
