,odc_locations,capacities
0,"(-5.80944, -35.20083)",761
1,"(-5.750972, -35.255888)",336
2,"(-5.860083, -35.198833)",798
3,"(-5.78389, -35.19944)",420
