,odc_locations,fiberlength
0,"(-5.80944, -35.20083)",95.76508118752818
1,"(-5.750972, -35.255888)",53.79674390235305
2,"(-5.860083, -35.198833)",165.14462447416892
3,"(-5.78389, -35.19944)",27.17258078120348
