,odc_locations,fiberlength
0,"(-5.735797, -35.254392)",56.52004531466572
1,"(-5.78611, -35.20722)",65.7960070323856
2,"(-5.831416, -35.204944)",162.82526406731722
3,"(-5.8775, -35.17722)",52.21538999993051
