,odc_locations,capacities
0,"(-5.735797, -35.254392)",336
1,"(-5.87167, -35.18111)",462
2,"(-5.77944, -35.19778)",546
3,"(-5.82611, -35.20667)",971
