,odc_locations,capacities
0,"(-5.78611, -35.20722)",966
1,"(-5.86944, -35.19056)",462
2,"(-5.831416, -35.204944)",887
