,odc_locations,fiberlength
0,"(-5.78611, -35.20722)",257.1411508591139
1,"(-5.86944, -35.19056)",45.961881570426826
2,"(-5.831416, -35.204944)",162.82526406731722
