,odc_locations,fiberlength
0,"(-3.13361, -60.02083)",36.58510855999946
1,"(-3.02806, -59.98861)",47.82938631303317
2,"(-3.02139, -59.94583)",1.2901944394476468
3,"(-3.09528, -60.05361)",75.65787541331179
4,"(-3.0875, -60.04028)",26.557171772555495
5,"(-3.04194, -59.92889)",20.874353289938036
6,"(-3.11417, -60.01056)",110.44731816725124
7,"(-3.08778, -60.01694)",85.13001709093294
