,odc_locations,fiberlength
0,"(-3.0875, -60.04028)",142.31596189539772
1,"(-3.10611, -60.0175)",80.00133497628198
2,"(-3.04194, -59.92889)",139.56736035409952
3,"(-3.08583, -60.01)",133.32323247418137
4,"(-3.13056, -60.02111)",73.4124505760021
