,odc_locations,capacities
0,"(-5.87167, -35.18111)",462
1,"(-5.78389, -35.19944)",924
2,"(-5.82611, -35.20667)",929
