,odc_locations,capacities
0,"(-5.735797, -35.254392)",336
1,"(-5.79833, -35.20417)",719
2,"(-5.87556, -35.18)",462
3,"(-5.82611, -35.20667)",798
