,odc_locations,fiberlength
0,"(-5.735797, -35.254392)",56.52004531466572
1,"(-5.86944, -35.19056)",140.62154216417125
2,"(-5.80944, -35.20083)",122.25609993221943
3,"(-5.77944, -35.19778)",28.635295101215732
