,odc_locations,capacities
0,"(-5.855281, -35.262503)",126
1,"(-5.77833, -35.20194)",924
2,"(-5.829694, -35.212)",803
3,"(-5.87556, -35.18)",462
