,odc_locations,capacities
0,"(-5.823889, -35.202278)",929
1,"(-5.87167, -35.18111)",462
2,"(-5.78389, -35.19944)",588
3,"(-5.762419, -35.274222)",336
