,odc_locations,capacities
0,"(-3.02139, -59.94583)",336
1,"(-3.12861, -60.01306)",966
2,"(-3.04194, -59.92889)",252
3,"(-3.08167, -60.01361)",756
4,"(-3.105, -60.01333)",840
5,"(-3.10306, -60.05083)",810
