,odc_locations,fiberlength
0,"(-3.02139, -59.94583)",80.1352961379671
1,"(-3.12861, -60.01306)",85.02024484841304
2,"(-3.04194, -59.92889)",20.874353289938036
3,"(-3.08167, -60.01361)",108.00638606257368
4,"(-3.105, -60.01333)",96.0181331915461
5,"(-3.10306, -60.05083)",116.19547323300017
