,odc_locations,capacities
0,"(-5.78611, -35.20722)",966
1,"(-5.87556, -35.18)",462
2,"(-5.82611, -35.20667)",887
