Status.state,NomeEntidade,NumFistel,NumServico,NumAto,NumEstacao,EnderecoEstacao,EndComplemento,SiglaUf,CodMunicipio,DesignacaoEmissao,Tecnologia,tipoTecnologia,meioAcesso,FreqTxMHz,FreqRxMHz,Azimute,CodTipoClasseEstacao,ClassInfraFisica,CompartilhamentoInfraFisica,CodTipoAntena,CodEquipamentoAntena,GanhoAntena,FrenteCostaAntena,AnguloMeiaPotenciaAntena,AnguloElevacao,Polarizacao,AlturaAntena,CodEquipamentoTransmissor,PotenciaTransmissorWatts,Latitude,Longitude,CodDebitoTFI,DataLicenciamento,DataPrimeiroLicenciamento,NumRede,_id,DataValidade,NumFistelAssociado,NomeEntidadeAssociado,Municipio.NomeMunicipio
"LIC-LIC-01","TIM S A","50409314250","010","105812021","659026775","Avenida Independencia","-","RS","4314902","10M0G7W","NR","SA-NSA","","3550","3550","20","FB","Rooftop","não","760","116672103257","25","25","65","-1","X","26.2","116672103257","200","-30.029","-51.21575","G","2023-10-16","2002-09-18","","4d5c019fd0b34","2031-03-11","","","Porto Alegre"
"LIC-LIC-01","TIM S A","50409314250","010","105812021","659026775","Avenida Independencia","-","RS","4314902","10M0G7W","NR","SA-NSA","","3550","3550","150","FB","Rooftop","não","760","116672103257","25","25","65","-1","X","26.2","116672103257","200","-30.029","-51.21575","G","2023-10-16","2002-09-18","","4d5c019fd0b35","2031-03-11","","","Porto Alegre"
"LIC-LIC-01","TIM S A","50409314250","010","105812021","659026775","Avenida Independencia","-","RS","4314902","10M0G7W","NR","SA-NSA","","3550","3550","220","FB","Rooftop","não","760","116672103257","25","25","65","-1","X","26.2","116672103257","200","-30.029","-51.21575","G","2023-10-16","2002-09-18","","4d5c019fd0b36","2031-03-11","","","Porto Alegre"
"LIC-LIC-01","TIM S A","50409314250","010","105812021","683503839","Rua Marques Do Herval","-","RS","4314902","10M0G7W","NR","SA-NSA","","3550","3550","0","FB","Rooftop","não","760","116672103257","25","25","65","0","X","40","116672103257","200","-30.021661","-51.201261","G","2023-10-16","2003-06-23","","4d5c01a005c79","2031-03-11","","","Porto Alegre"
"LIC-LIC-01","TIM S A","50409314250","010","105812021","683503839","Rua Marques Do Herval","-","RS","4314902","10M0G7W","NR","SA-NSA","","3550","3550","120","FB","Rooftop","não","760","116672103257","25","25","65","0","X","40","116672103257","200","-30.021661","-51.201261","G","2023-10-16","2003-06-23","","4d5c01a005c7a","2031-03-11","","","Porto Alegre"
"LIC-LIC-01","TIM S A","50409314250","010","105812021","683503839","Rua Marques Do Herval","-","RS","4314902","10M0G7W","NR","SA-NSA","","3550","3550","250","FB","","NA","760","116672103257","25","25","65","-1","X","40","116672103257","200","-30.021661","-51.201261","G","2023-10-16","2003-06-23","","4d5c01a005c7b","2031-03-11","","","Porto Alegre"
"LIC-LIC-01","TIM S A","50409314250","010","105812021","683598414","AVENIDA PRAIA DE BELAS","PORTO ALEGRE","RS","4314902","100MG7W","NR","SA-NSA","","3550","3550","0","FB","","NA","167","168242103257","25","25","65","-4","X","40","116672103257","0.25","-30.049936","-51.228603","E","2023-08-30","2003-09-15","","4d5c01a007df8","2031-03-11","","","Porto Alegre"
"LIC-LIC-01","TIM S A","50409314250","010","105812021","687415420","Rua Coronel Camisao","-","RS","4314902","100MG7W","NR","SA-NSA","","3550","3550","90","FB","","NA","760","116672103257","25","25","65","0","X","43","116672103257","200","-30.014417","-51.186194","G","2024-10-02","2005-09-06","","4d5c01a080a6f","2041-12-08","","","Porto Alegre"
"LIC-LIC-01","TIM S A","50409314250","010","105812021","687415420","Rua Coronel Camisao","-","RS","4314902","100MG7W","NR","SA-NSA","","3550","3550","0","FB","","NA","760","116672103257","25","25","65","0","X","43","116672103257","200","-30.014417","-51.186194","G","2024-10-02","2005-09-06","","4d5c01a080a72","2041-12-08","","","Porto Alegre"
"LIC-LIC-01","TIM S A","50409314250","010","105812021","687415420","Rua Coronel Camisao","-","RS","4314902","100MG7W","NR","SA-NSA","","3550","3550","240","FB","","NA","760","116672103257","25","25","65","0","X","43","116672103257","200","-30.014417","-51.186194","G","2024-10-02","2005-09-06","","4d5c01a080a7b","2041-12-08","","","Porto Alegre"
"LIC-LIC-01","TIM S A","50409314250","010","105812021","688407323","Rua Duque De Caxias","-","RS","4314902","10M0G7W","NR","SA-NSA","","3550","3550","185","FB","","NA","760","116672103257","25","25","65","-2","X","47.25","116652103257","200","-30.032833","-51.231722","G","2023-10-16","2006-05-29","","4d5c01a09ac1a","2031-03-11","","","Porto Alegre"
"LIC-LIC-01","TIM S A","50409314250","010","105812021","688407323","Rua Duque De Caxias","-","RS","4314902","10M0G7W","NR","SA-NSA","","3550","3550","240","FB","","NA","760","116672103257","25","25","65","-2","X","47.25","116652103257","200","-30.032833","-51.231722","G","2023-10-16","2006-05-29","","4d5c01a09ac1b","2031-03-11","","","Porto Alegre"
"LIC-LIC-01","TIM S A","50409314250","010","105812021","688407323","Rua Duque De Caxias","-","RS","4314902","10M0G7W","NR","SA-NSA","","3550","3550","310","FB","","NA","760","116672103257","25","25","65","-2","X","47.25","116652103257","200","-30.032833","-51.231722","G","2023-10-16","2006-05-29","","4d5c01a09ac1c","2031-03-11","","","Porto Alegre"
"LIC-LIC-01","TIM S A","50409314250","010","105812021","688737862","Avenida Doutor Nilo Pecanha","-","RS","4314902","10M0G7W","NR","SA-NSA","","3550","3550","80","FB","","NA","760","116652103257","25","25","65","-7","X","65","116652103257","200","-30.02833","-51.16306","G","2023-10-16","2006-10-23","","4d5c01a0a1b97","2031-03-11","","","Porto Alegre"
"LIC-LIC-01","TIM S A","50409314250","010","105812021","688737862","Avenida Doutor Nilo Pecanha","-","RS","4314902","10M0G7W","NR","SA-NSA","","3550","3550","160","FB","","NA","760","116652103257","25","25","65","-7","X","65","116652103257","200","-30.02833","-51.16306","G","2023-10-16","2006-10-23","","4d5c01a0a1b98","2031-03-11","","","Porto Alegre"
"LIC-LIC-01","TIM S A","50409314250","010","105812021","688737862","Avenida Doutor Nilo Pecanha","-","RS","4314902","10M0G7W","NR","SA-NSA","","3550","3550","15","FB","","NA","760","116652103257","25","25","65","-7","X","65","116652103257","200","-30.02833","-51.16306","G","2023-10-16","2006-10-23","","4d5c01a0a1ba9","2031-03-11","","","Porto Alegre"
"LIC-LIC-01","TIM S A","50409314250","010","105812021","689896204","Rua Visconde De Pelotas","-","RS","4314902","10M0G7W","NR","SA-NSA","","3550","3550","60","FB","","NA","760","116672103257","25","25","65","-1","X","26,2","116672103257","200","-30.008056","-51.171972","G","2023-10-16","2007-12-26","","4d5c01a0b7bec","2031-03-11","","","Porto Alegre"
"LIC-LIC-01","TIM S A","50409314250","010","105812021","689918143","Avenida Independencia","-","RS","4314902","10M0G7W","NR","SA-NSA","","3550","3550","90","FB","Rooftop","não","760","116672103257","25","25","65","-2","X","48","116672103257","200","-30.030306","-51.213056","G","2023-10-26","2008-01-25","","4d5c01a0b8a32","2031-03-11","","","Porto Alegre"
"LIC-LIC-01","TIM S A","50409314250","010","105812021","689918143","Avenida Independencia","-","RS","4314902","10M0G7W","NR","SA-NSA","","3550","3550","150","FB","Rooftop","não","760","116672103257","25","25","65","-2","X","48","116672103257","200","-30.030306","-51.213056","G","2023-10-26","2008-01-25","","4d5c01a0b8a33","2031-03-11","","","Porto Alegre"
"LIC-LIC-01","TIM S A","50409314250","010","105812021","689918143","Avenida Independencia","-","RS","4314902","10M0G7W","NR","SA-NSA","","3550","3550","260","FB","Rooftop","não","760","116672103257","25","25","65","-2","X","48","116672103257","200","-30.030306","-51.213056","G","2023-10-26","2008-01-25","","4d5c01a0b8a34","2031-03-11","","","Porto Alegre"
"LIC-LIC-01","TIM S A","50409314250","010","105812021","683573888","Rua Jari","-","RS","4314902","100MG7W","NR","SA-NSA","","3550","3550","100","FB","Greenfield","não","760","116672103257","25","25","65","-2","X","53","116672103257","200","-30.015389","-51.1685","G","2024-09-05","2003-07-21","","5a4bddf1dfb36","2041-12-08","","","Porto Alegre"
"LIC-LIC-01","TIM S A","50409314250","010","105812021","674612175","Rua Duque De Caxias","Esq. Floriano Peixoto.","RS","4314902","10M0G7W","NR","SA-NSA","","3550","3550","40","FB","Rooftop","não","760","116672103257","25","25","65","-2","X","57","116672103257","200","-30.033861","-51.227389","G","2023-10-26","2002-09-18","","5b476969f1cd4","2031-03-11","","","Porto Alegre"
"LIC-LIC-01","TIM S A","50409314250","010","105812021","674612175","Rua Duque De Caxias","Esq. Floriano Peixoto.","RS","4314902","10M0G7W","NR","SA-NSA","","3550","3550","160","FB","Rooftop","não","760","116672103257","25","25","65","-2","X","57","116672103257","200","-30.033861","-51.227389","G","2023-10-26","2002-09-18","","5b476969f249f","2031-03-11","","","Porto Alegre"
"LIC-LIC-01","TIM S A","50409314250","010","105812021","674612175","Rua Duque De Caxias","Esq. Floriano Peixoto.","RS","4314902","10M0G7W","NR","SA-NSA","","3550","3550","275","FB","Rooftop","não","760","116672103257","25","25","65","-1","X","49","116672103257","200","-30.033861","-51.227389","G","2023-10-26","2002-09-18","","5b476969f2c3f","2031-03-11","","","Porto Alegre"
"LIC-LIC-01","TIM S A","50409314250","010","105812021","665601786","Rua Pinto Bandeira","-","RS","4314902","10M0G7W","NR","SA-NSA","","3550","3550","90","FB","Rooftop","não","760","116672103257","25","25","65","-2","X","43","116672103257","200","-30.027472","-51.222806","G","2023-10-16","2002-09-18","","5b47696b1237b","2031-03-11","","","Porto Alegre"
"LIC-LIC-01","TIM S A","50409314250","010","105812021","665601786","Rua Pinto Bandeira","-","RS","4314902","10M0G7W","NR","SA-NSA","","3550","3550","150","FB","Rooftop","não","760","116672103257","25","25","65","-2","X","43","116672103257","200","-30.027472","-51.222806","G","2023-10-16","2002-09-18","","5b47696b12b6c","2031-03-11","","","Porto Alegre"
"LIC-LIC-01","TIM S A","50409314250","010","105812021","665601786","Rua Pinto Bandeira","-","RS","4314902","10M0G7W","NR","SA-NSA","","3550","3550","235","FB","Rooftop","não","760","116672103257","25","25","65","-2","X","43","116672103257","200","-30.027472","-51.222806","G","2023-10-16","2002-09-18","","5b47696b13352","2031-03-11","","","Porto Alegre"
"LIC-LIC-01","TELEFONICA BRASIL S.A.","50409146366","010","97432014","379966620","RUA MARQUES DO HERVAL","","RS","4314902","10M0G7W","NR","","","788","733","170","FB","Greenfield","não","760","021221203701","13.8","33","70.36","0","X","48","021741703257","40","-30.02028","-51.20389","G","2023-07-13","1999-11-08","","5fe1f9fc51ef4","2029-12-08","","","Porto Alegre"
"LIC-LIC-01","TELEFONICA BRASIL S.A.","50409146366","010","97432014","379966620","RUA MARQUES DO HERVAL","","RS","4314902","10M0G7W","NR","","","788","733","50","FB","Greenfield","não","760","021221203701","13.8","33","70.36","0","X","48","021741703257","40","-30.02028","-51.20389","G","2023-07-13","1999-11-08","","5fe1f9fc52e66","2029-12-08","","","Porto Alegre"
"LIC-LIC-01","TELEFONICA BRASIL S.A.","50409146366","010","97432014","379966620","RUA MARQUES DO HERVAL","","RS","4314902","10M0G7W","NR","","","788","733","300","FB","Greenfield","não","760","021221203701","13.8","33","70.36","0","X","48","021741703257","40","-30.02028","-51.20389","G","2023-07-13","1999-11-08","","5fe1f9fc5335e","2029-12-08","","","Porto Alegre"
"LIC-LIC-01","TELEFONICA BRASIL S.A.","50409146366","010","97432014","436298570","Rua Quintino Bocaiuva","","RS","4314902","10M0G7W","NR","","","788","733","240","FB","Greenfield","não","760","021221203701","13.8","33","70.36","0","X","35","021741703257","40","-30.02556","-51.19778","G","2023-07-13","1999-11-08","","5fe1f9fc6c6dc","2029-12-08","","","Porto Alegre"
"LIC-LIC-01","TELEFONICA BRASIL S.A.","50409146366","010","97432014","436298570","Rua Quintino Bocaiuva","","RS","4314902","10M0G7W","NR","","","788","733","330","FB","Greenfield","não","760","021221203701","13.8","33","70.36","0","X","35","021741703257","40","-30.02556","-51.19778","G","2023-07-13","1999-11-08","","5fe1f9fc6d997","2029-12-08","","","Porto Alegre"
"LIC-LIC-01","TELEFONICA BRASIL S.A.","50409146366","010","97432014","436298570","Rua Quintino Bocaiuva","","RS","4314902","10M0G7W","NR","","","788","733","130","FB","Greenfield","não","760","021221203701","13.8","33","70.36","0","X","35","021741703257","40","-30.02556","-51.19778","G","2023-07-13","1999-11-08","","5fe1f9fc6de69","2029-12-08","","","Porto Alegre"
"LIC-LIC-01","TELEFONICA BRASIL S.A.","50409146366","010","97432014","536417997","Av. Protasio Alves","","RS","4314902","10M0G7W","NR","","","788","733","220","FB","Greenfield","não","760","002000703518","13.6","23","70","0","X","35","021741703257","40","-30.03944","-51.17222","G","2023-08-01","2000-12-11","","5fe1f9fc79d3f","2029-12-08","","","Porto Alegre"
"LIC-LIC-01","TELEFONICA BRASIL S.A.","50409146366","010","97432014","536417997","Av. Protasio Alves","","RS","4314902","10M0G7W","NR","","","788","733","340","FB","Greenfield","não","760","002000703518","13.6","23","70","0","X","35","021741703257","40","-30.03944","-51.17222","G","2023-08-01","2000-12-11","","5fe1f9fc7a956","2029-12-08","","","Porto Alegre"
"LIC-LIC-01","TELEFONICA BRASIL S.A.","50409146366","010","97432014","536417997","Av. Protasio Alves","","RS","4314902","10M0G7W","NR","","","788","733","100","FB","Greenfield","não","760","002000703518","13.6","23","70","0","X","35","021741703257","40","-30.03944","-51.17222","G","2023-08-01","2000-12-11","","5fe1f9fc7ae71","2029-12-08","","","Porto Alegre"
"LIC-LIC-01","TELEFONICA BRASIL S.A.","50409146366","010","97432014","536418004","RUA 24 DE OUTUBRO    340 - ED. MAXIMUS (ANTENAS NA LAJE DE COBERTURA)","PROPRIO","RS","4314902","10M0G7W","NR","SA-NSA","","788","733","120","FB","Greenfield","não","760","002000703518","13.6","23","70","0","X","45","021741703257","40","-30.02709","-51.20425","G","2024-10-09","2001-01-31","","5fe1f9fc85fc3","2029-12-08","","","Porto Alegre"
"LIC-LIC-01","TELEFONICA BRASIL S.A.","50409146366","010","97432014","536418004","RUA 24 DE OUTUBRO    340 - ED. MAXIMUS (ANTENAS NA LAJE DE COBERTURA)","PROPRIO","RS","4314902","10M0G7W","NR","SA-NSA","","788","733","250","FB","Greenfield","não","760","002000703518","13.6","23","70","0","X","45","021741703257","40","-30.02709","-51.20425","G","2024-10-09","2001-01-31","","5fe1f9fc86702","2029-12-08","","","Porto Alegre"
"LIC-LIC-01","TELEFONICA BRASIL S.A.","50409146366","010","97432014","536418004","RUA 24 DE OUTUBRO    340 - ED. MAXIMUS (ANTENAS NA LAJE DE COBERTURA)","PROPRIO","RS","4314902","10M0G7W","NR","SA-NSA","","788","733","20","FB","Greenfield","não","760","002000703518","13.6","23","70","-4","X","45","021741703257","40","-30.02709","-51.20425","G","2024-10-09","2001-01-31","","5fe1f9fc86c81","2029-12-08","","","Porto Alegre"
"LIC-LIC-01","TELEFONICA BRASIL S.A.","50409146366","010","97432014","699802261","Rua Carlos Von Koseritz","","RS","4314902","10M0G7W","NR","","","788","733","10","FB","Greenfield","não","760","021521203257","12.8","30","68","0","X","37","021741703257","40","-30.01972","-51.1875","G","2023-08-16","2014-03-13","","5fe1f9fc9f591","2029-12-08","","","Porto Alegre"
"LIC-LIC-01","TELEFONICA BRASIL S.A.","50409146366","010","97432014","699802261","Rua Carlos Von Koseritz","","RS","4314902","10M0G7W","NR","","","788","733","170","FB","Greenfield","não","760","021521203257","12.8","30","68","0","X","37","021741703257","40","-30.01972","-51.1875","G","2023-08-16","2014-03-13","","5fe1f9fc9fe2e","2029-12-08","","","Porto Alegre"
"LIC-LIC-01","TELEFONICA BRASIL S.A.","50409146366","010","97432014","699802261","Rua Carlos Von Koseritz","","RS","4314902","10M0G7W","NR","","","788","733","280","FB","Greenfield","não","760","021521203257","12.8","30","68","0","X","37","021741703257","40","-30.01972","-51.1875","G","2023-08-16","2014-03-13","","5fe1f9fca02b6","2029-12-08","","","Porto Alegre"
"LIC-LIC-01","TELEFONICA BRASIL S.A.","50409146366","010","97432014","699802270","RUA CORONEL CAMISAO    245","","RS","4314902","10M0G7W","NR","SA-NSA","","788","733","200","FB","Greenfield","não","760","043061703257","16.9","29","28","0","X","44","021741703257","40","-30.01464","-51.18614","G","2024-10-10","2014-03-13","","5fe1f9fcab02d","2029-12-08","","","Porto Alegre"
"LIC-LIC-01","TELEFONICA BRASIL S.A.","50409146366","010","97432014","699802270","RUA CORONEL CAMISAO    245","","RS","4314902","10M0G7W","NR","SA-NSA","","788","733","310","FB","Greenfield","não","760","043061703257","16.9","29","28","0","X","44","021741703257","40","-30.01464","-51.18614","G","2024-10-10","2014-03-13","","5fe1f9fcab49e","2029-12-08","","","Porto Alegre"
"LIC-LIC-01","TELEFONICA BRASIL S.A.","50409146366","010","97432014","699802270","RUA CORONEL CAMISAO    245","","RS","4314902","10M0G7W","NR","SA-NSA","","788","733","70","FB","Greenfield","não","760","043061703257","16.9","29","28","0","X","44","021741703257","40","-30.01464","-51.18614","G","2024-10-10","2014-03-13","","5fe1f9fcab8da","2029-12-08","","","Porto Alegre"
"LIC-LIC-01","TELEFONICA BRASIL S.A.","50409146366","010","97432014","699802296","Rua Furriel Luiz Antônio de Vargas","","RS","4314902","10M0G7W","NR","","","788","733","360","FB","Greenfield","não","760","021521203257","12.8","30","68","0","X","54","021741703257","40","-30.02722","-51.18222","G","2023-08-16","2014-03-13","","5fe1f9fcb68b9","2029-12-08","","","Porto Alegre"
"LIC-LIC-01","TELEFONICA BRASIL S.A.","50409146366","010","97432014","699802296","Rua Furriel Luiz Antônio de Vargas","","RS","4314902","10M0G7W","NR","","","788","733","100","FB","Greenfield","não","760","021521203257","12.8","30","68","0","X","54","021741703257","40","-30.02722","-51.18222","G","2023-08-16","2014-03-13","","5fe1f9fcb7340","2029-12-08","","","Porto Alegre"
"LIC-LIC-01","TELEFONICA BRASIL S.A.","50409146366","010","97432014","699802296","Rua Furriel Luiz Antônio de Vargas","","RS","4314902","10M0G7W","NR","","","788","733","250","FB","Greenfield","não","760","021521203257","12.8","30","68","0","X","54","021741703257","40","-30.02722","-51.18222","G","2023-08-16","2014-03-13","","5fe1f9fcb77c9","2029-12-08","","","Porto Alegre"
"LIC-LIC-01","TELEFONICA BRASIL S.A.","50409146366","010","97432014","699802300","Rua Gonçalo de Carvalho","","RS","4314902","10M0G7W","NR","","","788","733","320","FB","Greenfield","não","760","024731703257","12.8","30","68","0","X","31","021741703257","40","-30.02736","-51.21017","G","2023-08-16","2014-03-13","","5fe1f9fcc2404","2029-12-08","","","Porto Alegre"
"LIC-LIC-01","TELEFONICA BRASIL S.A.","50409146366","010","97432014","699802300","Rua Gonçalo de Carvalho","","RS","4314902","10M0G7W","NR","","","788","733","220","FB","Greenfield","não","760","024731703257","12.8","30","68","0","X","31","021741703257","40","-30.02736","-51.21017","G","2023-08-16","2014-03-13","","5fe1f9fcc2c34","2029-12-08","","","Porto Alegre"
"LIC-LIC-01","TELEFONICA BRASIL S.A.","50409146366","010","97432014","699802300","Rua Gonçalo de Carvalho","","RS","4314902","10M0G7W","NR","","","788","733","100","FB","Greenfield","não","760","024731703257","12.8","30","68","0","X","31","021741703257","40","-30.02736","-51.21017","G","2023-08-16","2014-03-13","","5fe1f9fcc302d","2029-12-08","","","Porto Alegre"
"LIC-LIC-01","TELEFONICA BRASIL S.A.","50409146366","010","97432014","699802466","Avenida Osvaldo Aranha","","RS","4314902","10M0G7W","NR","","","788","733","0","FB","Greenfield","não","760","021521203257","12.8","30","68","0","X","50","021741703257","40","-30.0325","-51.21694","G","2023-08-16","2014-03-13","","5fe1f9fcd9ef4","2029-12-08","","","Porto Alegre"
"LIC-LIC-01","TELEFONICA BRASIL S.A.","50409146366","010","97432014","699802466","Avenida Osvaldo Aranha","","RS","4314902","10M0G7W","NR","","","788","733","100","FB","Greenfield","não","760","021521203257","12.8","30","68","0","X","50","021741703257","40","-30.0325","-51.21694","G","2023-08-16","2014-03-13","","5fe1f9fcda9d5","2029-12-08","","","Porto Alegre"
"LIC-LIC-01","TELEFONICA BRASIL S.A.","50409146366","010","97432014","699802466","Avenida Osvaldo Aranha","","RS","4314902","10M0G7W","NR","","","788","733","250","FB","Greenfield","não","760","021521203257","12.8","30","68","0","X","50","021741703257","40","-30.0325","-51.21694","G","2023-08-16","2014-03-13","","5fe1f9fcdae50","2029-12-08","","","Porto Alegre"
"LIC-LIC-01","TIM S A","50409314250","010","105812021","689850336","Rua Luiz Afonso","-","RS","4314902","10M0G7W","NR","SA-NSA","","3550","3550","145","FB","Rooftop","NA","760","116672103257","25","25","65","-3","X","20","116672103257","200","-30.03875","-51.220556","G","2023-10-26","2007-12-07","","602167c4c32c3","2031-03-11","","","Porto Alegre"
"LIC-LIC-01","TIM S A","50409314250","010","105812021","689850336","Rua Luiz Afonso","-","RS","4314902","10M0G7W","NR","SA-NSA","","3550","3550","230","FB","Rooftop","NA","760","116672103257","25","25","65","-1","X","20","116672103257","200","-30.03875","-51.220556","G","2023-10-26","2007-12-07","","602167c4c39a7","2031-03-11","","","Porto Alegre"
"LIC-LIC-01","TIM S A","50409314250","010","105812021","689850336","Rua Luiz Afonso","-","RS","4314902","10M0G7W","NR","SA-NSA","","3550","3550","325","FB","Rooftop","NA","760","116672103257","25","25","65","-3","X","20","116672103257","200","-30.03875","-51.220556","G","2023-10-26","2007-12-07","","602167c4c4078","2031-03-11","","","Porto Alegre"
"LIC-LIC-01","TIM S A","50409314250","010","105812021","684581787","Avenida Baltazar De Oliveira Garcia","-","RS","4314902","100MG7W","NR","SA-NSA","","3550","3550","55","FB","","","760","116672103257","25","25","65","0","X","48.3","116672103257","200","-30.014639","-51.116639","G","2024-09-05","2004-07-15","","3771324827e776c3","2041-12-08","","","Porto Alegre"
"LIC-LIC-01","TIM S A","50409314250","010","105812021","684581787","Avenida Baltazar De Oliveira Garcia","-","RS","4314902","100MG7W","NR","SA-NSA","","3550","3550","130","FB","","","760","116672103257","25","25","65","0","X","48.3","116672103257","200","-30.014639","-51.116639","G","2024-09-05","2004-07-15","","3771324827e776c4","2041-12-08","","","Porto Alegre"
"LIC-LIC-01","TIM S A","50409314250","010","105812021","684581787","Avenida Baltazar De Oliveira Garcia","-","RS","4314902","100MG7W","NR","SA-NSA","","3550","3550","210","FB","","","760","116672103257","25","25","65","0","X","48.3","116672103257","200","-30.014639","-51.116639","G","2024-09-05","2004-07-15","","3771324827e776c5","2041-12-08","","","Porto Alegre"
"LIC-LIC-01","CLARO S.A.","50409889580","010","105752021","684705303","R MARQUÊS DO HERVAL","","RS","4314902","100MG7W","NR","SA-NSA","","3350","3350","245","FB","","","760","","23","25","13.5","-2","X","46","072212102519","200","-30.0219","-51.2013","G","2023-11-17","2004-09-24","","f578f5f8667076f7","2032-12-22","","","Porto Alegre"
"LIC-LIC-01","CLARO S.A.","50409889580","010","105752021","684705303","R MARQUÊS DO HERVAL","","RS","4314902","100MG7W","NR","SA-NSA","","3350","3350","330","FB","","","760","","23","25","13.5","-2","X","47.5","072212102519","200","-30.0219","-51.2013","G","2023-11-17","2004-09-24","","f578f5f8667076f8","2032-12-22","","","Porto Alegre"
"LIC-LIC-01","CLARO S.A.","50409889580","010","105752021","684705303","R MARQUÊS DO HERVAL","","RS","4314902","100MG7W","NR","SA-NSA","","3350","3350","90","FB","","","760","","23","25","13.5","-2","X","47.5","072212102519","200","-30.0219","-51.2013","G","2023-11-17","2004-09-24","","f578f5f8667076f9","2032-12-22","","","Porto Alegre"
"LIC-LIC-01","CLARO S.A.","50409889580","010","105752021","405604653","R VINTE QUATRO DE OUTUBRO","","RS","4314902","100MG7W","NR","SA-NSA","","3350","3350","140","FB","","","760","","23","25","13.5","-3","X","43","072212102519","200","-30.0274","-51.2038","G","2024-08-28","2004-01-06","","f578f5f866707735","2041-12-08","","","Porto Alegre"
"LIC-LIC-01","CLARO S.A.","50409889580","010","105752021","405604653","R VINTE QUATRO DE OUTUBRO","","RS","4314902","100MG7W","NR","SA-NSA","","3350","3350","255","FB","","","760","","23","25","13.5","-3","X","43.5","072212102519","200","-30.0274","-51.2038","G","2024-08-28","2004-01-06","","f578f5f866707736","2041-12-08","","","Porto Alegre"
"LIC-LIC-01","CLARO S.A.","50409889580","010","105752021","405604653","R VINTE QUATRO DE OUTUBRO","","RS","4314902","100MG7W","NR","SA-NSA","","3350","3350","30","FB","","","760","","23","25","13.5","-5","X","43","072212102519","200","-30.0274","-51.2038","G","2024-08-28","2004-01-06","","f578f5f866707737","2041-12-08","","","Porto Alegre"
"LIC-LIC-01","CLARO S.A.","50409889580","010","105752021","699838274","R LUCIANA DE ABREU","","RS","4314902","100MG7W","NR","SA-NSA","","3350","3350","0","FB","","","760","","23","25","13.5","-3","X","26.5","072212102519","200","-30.02318","-51.20545","G","2023-11-17","2021-11-17","","f578f5f866707765","2032-12-22","","","Porto Alegre"
"LIC-LIC-01","CLARO S.A.","50409889580","010","105752021","699838274","R LUCIANA DE ABREU","","RS","4314902","100MG7W","NR","SA-NSA","","3350","3350","130","FB","","","760","","23","25","13.5","-3","X","28.5","072212102519","200","-30.02318","-51.20545","G","2023-11-17","2021-11-17","","f578f5f866707766","2032-12-22","","","Porto Alegre"
"LIC-LIC-01","CLARO S.A.","50409889580","010","105752021","699838274","R LUCIANA DE ABREU","","RS","4314902","100MG7W","NR","SA-NSA","","3350","3350","230","FB","","","760","","23","25","13.5","-3","X","26.5","072212102519","200","-30.02318","-51.20545","G","2023-11-17","2021-11-17","","f578f5f866707767","2032-12-22","","","Porto Alegre"
"LIC-LIC-01","CLARO S.A.","50409889580","010","105752021","405605897","RUA DOUTOR FREIRE ALEMÃO","","RS","4314902","100MG7W","NR","SA-NSA","","3350","3350","20","FB","","","760","","23","25","13.5","0","X","39.1","072212102519","200","-30.0238","-51.1923","G","2023-11-10","2021-11-17","","f578f5f86670779b","2041-12-08","","","Porto Alegre"
"LIC-LIC-01","CLARO S.A.","50409889580","010","105752021","405605897","RUA DOUTOR FREIRE ALEMÃO","","RS","4314902","100MG7W","NR","SA-NSA","","3350","3350","130","FB","","","760","","23","25","13.5","0","X","39.1","072212102519","200","-30.0238","-51.1923","G","2023-11-10","2021-11-17","","f578f5f86670779c","2041-12-08","","","Porto Alegre"
"LIC-LIC-01","CLARO S.A.","50409889580","010","105752021","405605897","RUA DOUTOR FREIRE ALEMÃO","","RS","4314902","100MG7W","NR","SA-NSA","","3350","3350","230","FB","","","760","","23","25","13.5","0","X","39.1","072212102519","200","-30.0238","-51.1923","G","2023-11-10","2021-11-17","","f578f5f86670779d","2041-12-08","","","Porto Alegre"
"LIC-LIC-01","CLARO S.A.","50409889580","010","105752021","684923319","PRAÇA ALBERTO RAMOS","","RS","4314902","100MG7W","NR","SA-NSA","","3350","3350","20","FB","","","760","","23","25","13.5","-7","X","35","072212102519","200","-30.0209","-51.1833","G","2023-11-10","2004-12-28","","f578f5f8667077ce","2041-12-08","","","Porto Alegre"
"LIC-LIC-01","CLARO S.A.","50409889580","010","105752021","684923319","PRAÇA ALBERTO RAMOS","","RS","4314902","100MG7W","NR","SA-NSA","","3350","3350","105","FB","","","760","","23","25","13.5","-7","X","35","072212102519","200","-30.0209","-51.1833","G","2023-11-10","2004-12-28","","f578f5f8667077cf","2041-12-08","","","Porto Alegre"
"LIC-LIC-01","CLARO S.A.","50409889580","010","105752021","684923319","PRAÇA ALBERTO RAMOS","","RS","4314902","100MG7W","NR","SA-NSA","","3350","3350","230","FB","","","760","","23","25","13.5","-6","X","35","072212102519","200","-30.0209","-51.1833","G","2023-11-10","2004-12-28","","f578f5f8667077d0","2041-12-08","","","Porto Alegre"
"LIC-LIC-01","CLARO S.A.","50409889580","010","105752021","684715015","RUA CABRAL","","RS","4314902","100MG7W","NR","SA-NSA","","3350","3350","0","FB","","","760","","23","25","13.5","0","X","27","072212102519","200","-30.0343","-51.2","G","2023-11-10","2021-11-10","","f578f5f866707807","2041-12-08","","","Porto Alegre"
"LIC-LIC-01","CLARO S.A.","50409889580","010","105752021","684715015","RUA CABRAL","","RS","4314902","100MG7W","NR","SA-NSA","","3350","3350","130","FB","","","760","","23","25","13.5","0","X","31.5","072212102519","200","-30.0343","-51.2","G","2023-11-10","2021-11-10","","f578f5f866707808","2041-12-08","","","Porto Alegre"
"LIC-LIC-01","CLARO S.A.","50409889580","010","105752021","684715015","RUA CABRAL","","RS","4314902","100MG7W","NR","SA-NSA","","3350","3350","310","FB","","","760","","23","25","13.5","0","X","27","072212102519","200","-30.0343","-51.2","G","2023-11-10","2021-11-10","","f578f5f866707809","2041-12-08","","","Porto Alegre"
"LIC-LIC-01","CLARO S.A.","50409889580","010","105752021","684745372","AVENIDA MARILAND","","RS","4314902","100MG7W","NR","SA-NSA","","3350","3350","30","FB","","","760","","23","25","13.5","0","X","28.5","072212102519","200","-30.0299","-51.1932","G","2023-11-10","2004-09-24","","f578f5f866707837","2041-12-08","","","Porto Alegre"
"LIC-LIC-01","CLARO S.A.","50409889580","010","105752021","684745372","AVENIDA MARILAND","","RS","4314902","100MG7W","NR","SA-NSA","","3350","3350","160","FB","","","760","","24.9","25","13.5","0","X","28.5","102792102519","204","-30.0299","-51.1932","G","2023-11-10","2004-09-24","","f578f5f866707838","2041-12-08","","","Porto Alegre"
"LIC-LIC-01","CLARO S.A.","50409889580","010","105752021","684745372","AVENIDA MARILAND","","RS","4314902","100MG7W","NR","SA-NSA","","3350","3350","300","FB","","","760","","23","25","13.5","0","X","28.5","072212102519","200","-30.0299","-51.1932","G","2023-11-10","2004-09-24","","f578f5f866707839","2041-12-08","","","Porto Alegre"
"LIC-LIC-01","CLARO S.A.","50409889580","010","105752021","684175096","AV CARLOS GOMES","","RS","4314902","100MG7W","NR","SA-NSA","","3350","3350","60","FB","","","760","","23","25","13.5","-4","X","33","072212102519","200","-30.0304","-51.1811","G","2024-03-15","2004-02-13","","f578f5f866707864","2041-12-08","","","Porto Alegre"
"LIC-LIC-01","CLARO S.A.","50409889580","010","105752021","684175096","AV CARLOS GOMES","","RS","4314902","100MG7W","NR","SA-NSA","","3350","3350","130","FB","","","760","","23","25","13.5","-2","X","37","072212102519","200","-30.0304","-51.1811","G","2024-03-15","2004-02-13","","f578f5f866707865","2041-12-08","","","Porto Alegre"
"LIC-LIC-01","CLARO S.A.","50409889580","010","105752021","684175096","AV CARLOS GOMES","","RS","4314902","100MG7W","NR","SA-NSA","","3350","3350","230","FB","","","760","","24.9","25","13.5","0","X","37","102792102519","204","-30.0304","-51.1811","G","2024-03-15","2004-02-13","","f578f5f866707866","2041-12-08","","","Porto Alegre"
"LIC-LIC-01","CLARO S.A.","50409889580","010","105752021","684714868","RUA CASEMIRO DE ABREU","","RS","4314902","100MG7W","NR","SA-NSA","","3350","3350","40","FB","","","760","","24.9","25","13.5","-2","X","34","102792102519","204","-30.0339","-51.1897","G","2023-11-10","2021-11-10","","f578f5f8667078bf","2041-12-08","","","Porto Alegre"
"LIC-LIC-01","CLARO S.A.","50409889580","010","105752021","684714868","RUA CASEMIRO DE ABREU","","RS","4314902","100MG7W","NR","SA-NSA","","3350","3350","120","FB","","","760","","24.9","25","13.5","-2","X","34","102792102519","204","-30.0339","-51.1897","G","2023-11-10","2021-11-10","","f578f5f8667078c0","2041-12-08","","","Porto Alegre"
"LIC-LIC-01","CLARO S.A.","50409889580","010","105752021","684714868","RUA CASEMIRO DE ABREU","","RS","4314902","100MG7W","NR","SA-NSA","","3350","3350","210","FB","","","760","","24.9","25","13.5","-2","X","34","102792102519","204","-30.0339","-51.1897","G","2023-11-10","2021-11-10","","f578f5f8667078c1","2041-12-08","","","Porto Alegre"
"LIC-LIC-01","CLARO S.A.","50409889580","010","105752021","405605943","RUA PASSO DA PÁTRIA","DE FRENTE AO Nº 540","RS","4314902","100MG7W","NR","SA-NSA","","3350","3350","40","FB","","","760","","23","25","13.5","-2","X","38","072212102519","200","-30.03786","-51.18997","G","2023-11-10","1999-05-25","","f578f5f8667078e9","2041-12-08","","","Porto Alegre"
"LIC-LIC-01","CLARO S.A.","50409889580","010","105752021","405605943","RUA PASSO DA PÁTRIA","DE FRENTE AO Nº 540","RS","4314902","100MG7W","NR","SA-NSA","","3350","3350","120","FB","","","760","","23","25","13.5","-2","X","42","072212102519","200","-30.03786","-51.18997","G","2023-11-10","1999-05-25","","f578f5f8667078ea","2041-12-08","","","Porto Alegre"
"LIC-LIC-01","CLARO S.A.","50409889580","010","105752021","405605943","RUA PASSO DA PÁTRIA","DE FRENTE AO Nº 540","RS","4314902","100MG7W","NR","SA-NSA","","3350","3350","260","FB","","","760","","23","25","13.5","-2","X","42","072212102519","200","-30.03786","-51.18997","G","2023-11-10","1999-05-25","","f578f5f8667078eb","2041-12-08","","","Porto Alegre"
"LIC-LIC-01","CLARO S.A.","50409889580","010","105752021","405605951","AVENIDA CARLOS GOMES","","RS","4314902","100MG7W","NR","SA-NSA","","3350","3350","20","FB","","","760","","23","25","13.5","-5","X","38","072212102519","200","-30.03584","-51.17711","G","2023-11-10","2021-11-10","","f578f5f86670791f","2041-12-08","","","Porto Alegre"
"LIC-LIC-01","CLARO S.A.","50409889580","010","105752021","405605951","AVENIDA CARLOS GOMES","","RS","4314902","100MG7W","NR","SA-NSA","","3350","3350","160","FB","","","760","","23","25","13.5","-6","X","38","072212102519","200","-30.03584","-51.17711","G","2023-11-10","2021-11-10","","f578f5f866707920","2041-12-08","","","Porto Alegre"
"LIC-LIC-01","CLARO S.A.","50409889580","010","105752021","405605951","AVENIDA CARLOS GOMES","","RS","4314902","100MG7W","NR","SA-NSA","","3350","3350","300","FB","","","760","","23","25","13.5","-5","X","38","072212102519","200","-30.03584","-51.17711","G","2023-11-10","2021-11-10","","f578f5f866707921","2041-12-08","","","Porto Alegre"
"LIC-LIC-01","CLARO S.A.","50409889580","010","105752021","684924200","AV PROTÁSIO ALVES","","RS","4314902","100MG7W","NR","SA-NSA","","3350","3350","110","FB","","","760","","23","25","13.5","-2","X","36.5","072212102519","200","-30.0411","-51.1684","G","2023-11-10","2004-12-28","","f578f5f866707946","2032-12-22","","","Porto Alegre"
"LIC-LIC-01","CLARO S.A.","50409889580","010","105752021","684924200","AV PROTÁSIO ALVES","","RS","4314902","100MG7W","NR","SA-NSA","","3350","3350","290","FB","","","760","","23","25","13.5","0","X","36.5","072212102519","200","-30.0411","-51.1684","G","2023-11-10","2004-12-28","","f578f5f866707947","2032-12-22","","","Porto Alegre"
"LIC-LIC-01","CLARO S.A.","50409889580","010","105752021","684924200","AV PROTÁSIO ALVES","","RS","4314902","100MG7W","NR","SA-NSA","","3350","3350","30","FB","","","760","","23","25","13.5","0","X","36.5","072212102519","200","-30.0411","-51.1684","G","2023-11-10","2004-12-28","","f578f5f866707948","2032-12-22","","","Porto Alegre"
"LIC-LIC-01","CLARO S.A.","50409889580","010","105752021","684756021","AV PROTASIO ALVES","","RS","4314902","100MG7W","NR","SA-NSA","","3350","3350","40","FB","","","760","","23","25","13.5","-3","X","32","072212102519","200","-30.0427","-51.17951","G","2024-06-05","2021-11-10","","f578f5f86670796e","2041-12-08","","","Porto Alegre"
"LIC-LIC-01","CLARO S.A.","50409889580","010","105752021","684756021","AV PROTASIO ALVES","","RS","4314902","100MG7W","NR","SA-NSA","","3350","3350","145","FB","","","760","","23","25","13.5","-3","X","32","072212102519","200","-30.0427","-51.17951","G","2024-06-05","2021-11-10","","f578f5f86670796f","2041-12-08","","","Porto Alegre"
"LIC-LIC-01","CLARO S.A.","50409889580","010","105752021","684756021","AV PROTASIO ALVES","","RS","4314902","100MG7W","NR","SA-NSA","","3350","3350","280","FB","","","760","","23","25","13.5","-3","X","32","072212102519","200","-30.0427","-51.17951","G","2024-06-05","2021-11-10","","f578f5f866707970","2041-12-08","","","Porto Alegre"
"LIC-LIC-01","CLARO S.A.","50409889580","010","105752021","690969627","RUA FELICÍSSIMO DE AZEVEDO","","RS","4314902","100MG7W","NR","SA-NSA","","3350","3350","15","FB","","","760","","23","25","13.5","-1","X","35","072212102519","200","-30.0199","-51.1882","G","2023-11-10","2008-12-05","","f578f5f8667079a8","2041-12-08","","","Porto Alegre"
"LIC-LIC-01","CLARO S.A.","50409889580","010","105752021","690969627","RUA FELICÍSSIMO DE AZEVEDO","","RS","4314902","100MG7W","NR","SA-NSA","","3350","3350","145","FB","","","760","","23","25","13.5","0","X","35","072212102519","200","-30.0199","-51.1882","G","2023-11-10","2008-12-05","","f578f5f8667079a9","2041-12-08","","","Porto Alegre"
"LIC-LIC-01","CLARO S.A.","50409889580","010","105752021","690969627","RUA FELICÍSSIMO DE AZEVEDO","","RS","4314902","100MG7W","NR","SA-NSA","","3350","3350","260","FB","","","760","","23","25","13.5","0","X","35","072212102519","200","-30.0199","-51.1882","G","2023-11-10","2008-12-05","","f578f5f8667079aa","2041-12-08","","","Porto Alegre"
"LIC-LIC-01","CLARO S.A.","50409889580","010","105752021","690761376","AVENIDA ENCANTADO","","RS","4314902","100MG7W","NR","SA-NSA","","3350","3350","70","FB","","","760","","23","25","13.5","-1","X","34","072212102519","200","-30.03811","-51.1818","G","2023-11-10","2008-11-04","","f578f5f8667079e4","2041-12-08","","","Porto Alegre"
"LIC-LIC-01","CLARO S.A.","50409889580","010","105752021","690761376","AVENIDA ENCANTADO","","RS","4314902","100MG7W","NR","SA-NSA","","3350","3350","190","FB","","","760","","23","25","13.5","-2","X","34","072212102519","200","-30.03811","-51.1818","G","2023-11-10","2008-11-04","","f578f5f8667079e5","2041-12-08","","","Porto Alegre"
"LIC-LIC-01","CLARO S.A.","50409889580","010","105752021","690761376","AVENIDA ENCANTADO","","RS","4314902","100MG7W","NR","SA-NSA","","3350","3350","310","FB","","","760","","23","25","13.5","-2","X","34","072212102519","200","-30.03811","-51.1818","G","2023-11-10","2008-11-04","","f578f5f8667079e6","2041-12-08","","","Porto Alegre"
"LIC-LIC-01","CLARO S.A.","50409889580","010","105752021","690851294","RUA QUINTINO BOCAÍUVA","","RS","4314902","100MG7W","NR","SA-NSA","","3350","3350","0","FB","","","760","","23","25","13.5","-2","X","33","072212102519","200","-30.0257","-51.1976","G","2023-11-10","2008-11-26","","f578f5f866707a17","2041-12-08","","","Porto Alegre"
"LIC-LIC-01","CLARO S.A.","50409889580","010","105752021","690851294","RUA QUINTINO BOCAÍUVA","","RS","4314902","100MG7W","NR","SA-NSA","","3350","3350","125","FB","","","760","","23","25","13.5","0","X","40","072212102519","200","-30.0257","-51.1976","G","2023-11-10","2008-11-26","","f578f5f866707a18","2041-12-08","","","Porto Alegre"
"LIC-LIC-01","CLARO S.A.","50409889580","010","105752021","689809182","R COMENDADOR RHEINGANTZ","","RS","4314902","100MG7W","NR","SA-NSA","","3350","3350","340","FB","","","760","","23","25","13.5","0","X","29.8","072212102519","200","-30.0267","-51.18651","G","2024-06-18","2007-11-14","","f578f5f866707a3f","2041-12-08","","","Porto Alegre"
"LIC-LIC-01","CLARO S.A.","50409889580","010","105752021","689809182","R COMENDADOR RHEINGANTZ","","RS","4314902","100MG7W","NR","SA-NSA","","3350","3350","100","FB","","","760","","24.9","25","13.5","0","X","29.8","102792102519","204","-30.0267","-51.18651","G","2024-06-18","2007-11-14","","f578f5f866707a40","2041-12-08","","","Porto Alegre"
"LIC-LIC-01","CLARO S.A.","50409889580","010","105752021","689809182","R COMENDADOR RHEINGANTZ","","RS","4314902","100MG7W","NR","SA-NSA","","3350","3350","220","FB","","","760","","23","25","13.5","0","X","29.8","072212102519","200","-30.0267","-51.18651","G","2024-06-18","2007-11-14","","f578f5f866707a41","2041-12-08","","","Porto Alegre"
"LIC-LIC-01","CLARO S.A.","50409889580","010","105752021","690761449","AVENIDA CARLOS GOMES","","RS","4314902","100MG7W","NR","SA-NSA","","3350","3350","0","FB","","","760","","24.9","25","13.5","-5","X","38.5","102792102519","204","-30.0271","-51.1825","G","2023-11-10","2021-11-17","","f578f5f866707a81","2041-12-08","","","Porto Alegre"
"LIC-LIC-01","CLARO S.A.","50409889580","010","105752021","690761449","AVENIDA CARLOS GOMES","","RS","4314902","100MG7W","NR","SA-NSA","","3350","3350","80","FB","","","760","","23","25","13.5","-5","X","35.5","072212102519","200","-30.0271","-51.1825","G","2023-11-10","2021-11-17","","f578f5f866707a82","2041-12-08","","","Porto Alegre"
"LIC-LIC-01","CLARO S.A.","50409889580","010","105752021","690761449","AVENIDA CARLOS GOMES","","RS","4314902","100MG7W","NR","SA-NSA","","3350","3350","200","FB","","","760","","23","25","13.5","-4","X","35.5","072212102519","200","-30.0271","-51.1825","G","2023-11-10","2021-11-17","","f578f5f866707a83","2041-12-08","","","Porto Alegre"
"LIC-LIC-01","CLARO S.A.","50409889580","010","105752021","405605900","RUA ANITA GARIBALDI","COND. VIVENDAS DOS SALGUEIROS","RS","4314902","100MG7W","NR","SA-NSA","","3350","3350","30","FB","","","760","","23","25","13.5","-2","X","36","072212102519","200","-30.0219","-51.1722","G","2023-11-10","2021-11-17","","f578f5f866707ab1","2041-12-08","","","Porto Alegre"
"LIC-LIC-01","CLARO S.A.","50409889580","010","105752021","405605900","RUA ANITA GARIBALDI","COND. VIVENDAS DOS SALGUEIROS","RS","4314902","100MG7W","NR","SA-NSA","","3350","3350","200","FB","","","760","","23","25","13.5","-3","X","36","072212102519","200","-30.0219","-51.1722","G","2023-11-10","2021-11-17","","f578f5f866707ab2","2041-12-08","","","Porto Alegre"
"LIC-LIC-01","CLARO S.A.","50409889580","010","105752021","405605900","RUA ANITA GARIBALDI","COND. VIVENDAS DOS SALGUEIROS","RS","4314902","100MG7W","NR","SA-NSA","","3350","3350","280","FB","","","760","","23","25","13.5","-2","X","36","072212102519","200","-30.0219","-51.1722","G","2023-11-10","2021-11-17","","f578f5f866707ab3","2041-12-08","","","Porto Alegre"
"LIC-LIC-01","CLARO S.A.","50409889580","010","105752021","1005528656","R ALMIRANTE ABREU","","RS","4314902","100MG7W","NR","SA-NSA","","3350","3350","30","FB","","","760","","23","25","13.5","-3","X","38","072212102519","200","-30.03124","-51.19816","G","2024-04-17","2017-12-29","","f578f5f866707ada","2041-12-08","","","Porto Alegre"
"LIC-LIC-01","CLARO S.A.","50409889580","010","105752021","1005215453","R CORONEL LUCAS DE OLIVEIRA","","RS","4314902","100MG7W","NR","SA-NSA","","3350","3350","10","FB","","","760","","23","25","13.5","-2","X","45","072212102519","200","-30.03718","-51.19411","G","2023-11-10","2017-10-02","","f578f5f866707b05","2032-12-22","","","Porto Alegre"
"LIC-LIC-01","CLARO S.A.","50409889580","010","105752021","1005215453","R CORONEL LUCAS DE OLIVEIRA","","RS","4314902","100MG7W","NR","SA-NSA","","3350","3350","180","FB","","","760","","23","25","13.5","-2","X","45","072212102519","200","-30.03718","-51.19411","G","2023-11-10","2017-10-02","","f578f5f866707b06","2032-12-22","","","Porto Alegre"
"LIC-LIC-01","CLARO S.A.","50409889580","010","105752021","1005215453","R CORONEL LUCAS DE OLIVEIRA","","RS","4314902","100MG7W","NR","SA-NSA","","3350","3350","270","FB","","","760","","23","25","13.5","-2","X","45","072212102519","200","-30.03718","-51.19411","G","2023-11-10","2017-10-02","","f578f5f866707b07","2032-12-22","","","Porto Alegre"
"LIC-LIC-01","CLARO S.A.","50409889580","010","105752021","405605803","AV PARANÁ","","RS","4314902","100MG7W","NR","SA-NSA","","3350","3350","160","FB","","","760","","23","25","13.5","-2","X","36","072212102519","200","-30.01646","-51.19836","G","2023-11-17","2004-01-06","","f578f5f866707b35","2032-12-22","","","Porto Alegre"
"LIC-LIC-01","CLARO S.A.","50409889580","010","105752021","405605803","AV PARANÁ","","RS","4314902","100MG7W","NR","SA-NSA","","3350","3350","250","FB","","","760","","23","25","13.5","-2","X","36","072212102519","200","-30.01646","-51.19836","G","2023-11-17","2004-01-06","","f578f5f866707b36","2032-12-22","","","Porto Alegre"
"LIC-LIC-01","CLARO S.A.","50409889580","010","105752021","405605803","AV PARANÁ","","RS","4314902","100MG7W","NR","SA-NSA","","3350","3350","30","FB","","","760","","23","25","13.5","-2","X","36","072212102519","200","-30.01646","-51.19836","G","2023-11-17","2004-01-06","","f578f5f866707b37","2032-12-22","","","Porto Alegre"
"LIC-LIC-01","CLARO S.A.","50409889580","010","105752021","405605870","R DOM PEDRO II","","RS","4314902","100MG7W","NR","SA-NSA","","3350","3350","15","FB","","","760","","23","25","13.5","-3","X","35.5","072212102519","200","-30.01491","-51.18728","G","2024-04-04","2004-02-13","","f578f5f866707b68","2041-12-08","","","Porto Alegre"
"LIC-LIC-01","CLARO S.A.","50409889580","010","105752021","405605870","R DOM PEDRO II","","RS","4314902","100MG7W","NR","SA-NSA","","3350","3350","150","FB","","","760","","23","25","13.5","-2","X","35.5","072212102519","200","-30.01491","-51.18728","G","2024-04-04","2004-02-13","","f578f5f866707b69","2041-12-08","","","Porto Alegre"
"LIC-LIC-01","CLARO S.A.","50409889580","010","105752021","405605870","R DOM PEDRO II","","RS","4314902","100MG7W","NR","SA-NSA","","3350","3350","280","FB","","","760","","23","25","13.5","-3","X","35.5","072212102519","200","-30.01491","-51.18728","G","2024-04-04","2004-02-13","","f578f5f866707b6a","2041-12-08","","","Porto Alegre"
"LIC-LIC-01","CLARO S.A.","50409889580","010","105752021","1005528672","RUA LUIZ VOELCKER","","RS","4314902","100MG7W","NR","SA-NSA","","3350","3350","165","FB","","","760","","23","25","13.5","-1","X","28.5","072212102519","200","-30.03465","-51.16549","G","2023-11-17","2017-12-29","","f578f5f866707b8d","2041-12-08","","","Porto Alegre"
"LIC-LIC-01","CLARO S.A.","50409889580","010","105752021","1005528672","RUA LUIZ VOELCKER","","RS","4314902","100MG7W","NR","SA-NSA","","3350","3350","280","FB","","","760","","23","25","13.5","-2","X","28.5","072212102519","200","-30.03465","-51.16549","G","2023-11-17","2017-12-29","","f578f5f866707b8e","2041-12-08","","","Porto Alegre"
"LIC-LIC-01","CLARO S.A.","50409889580","010","105752021","1009470784","AVENIDA DOUTOR NILO PECANHA","","RS","4314902","100MG7W","NR","SA-NSA","","3350","3350","30","FB","","","760","","23","25","13.5","0","X","58","072212102519","200","-30.02836","-51.16279","G","2023-11-17","2021-11-17","","f578f5f866707bb9","2041-12-08","","","Porto Alegre"
"LIC-LIC-01","CLARO S.A.","50409889580","010","105752021","1009470784","AVENIDA DOUTOR NILO PECANHA","","RS","4314902","100MG7W","NR","SA-NSA","","3350","3350","110","FB","","","760","","23","25","13.5","-2","X","58","072212102519","200","-30.02836","-51.16279","G","2023-11-17","2021-11-17","","f578f5f866707bba","2041-12-08","","","Porto Alegre"
"LIC-LIC-01","CLARO S.A.","50409889580","010","105752021","1009470784","AVENIDA DOUTOR NILO PECANHA","","RS","4314902","100MG7W","NR","SA-NSA","","3350","3350","180","FB","","","760","","23","25","13.5","0","X","58","072212102519","200","-30.02836","-51.16279","G","2023-11-17","2021-11-17","","f578f5f866707bbb","2041-12-08","","","Porto Alegre"
"LIC-LIC-01","CLARO S.A.","50409889580","010","105752021","1005589884","R RUA LUZITANA","","RS","4314902","100MG7W","NR","SA-NSA","","3350","3350","180","FB","","","760","","23","25","13.5","0","X","24","072212102519","200","-30.01372","-51.18386","G","2023-11-17","2021-11-10","","f578f5f866707be4","2032-12-22","","","Porto Alegre"
"LIC-LIC-01","CLARO S.A.","50409889580","010","105752021","1005589884","R RUA LUZITANA","","RS","4314902","100MG7W","NR","SA-NSA","","3350","3350","300","FB","","","760","","23","25","13.5","0","X","24","072212102519","200","-30.01372","-51.18386","G","2023-11-17","2021-11-10","","f578f5f866707be5","2032-12-22","","","Porto Alegre"
"LIC-LIC-01","CLARO S.A.","50409889580","010","105752021","1007726870","R GUTEMBERG","EV CELLPOSTE","RS","4314902","100MG7W","NR","SA-NSA","","3350","3350","210","FB","","","760","","23","25","13.5","0","X","18","072212102519","200","-30.04","-51.17317","G","2023-11-17","2018-12-04","","f578f5f866707c0a","2032-12-22","","","Porto Alegre"
"LIC-LIC-01","CLARO S.A.","50409889580","010","105752021","1007726870","R GUTEMBERG","EV CELLPOSTE","RS","4314902","100MG7W","NR","SA-NSA","","3350","3350","340","FB","","","760","","23","25","13.5","0","X","18","072212102519","200","-30.04","-51.17317","G","2023-11-17","2018-12-04","","f578f5f866707c0b","2032-12-22","","","Porto Alegre"
"LIC-LIC-01","CLARO S.A.","50409889580","010","105752021","1007726870","R GUTEMBERG","EV CELLPOSTE","RS","4314902","100MG7W","NR","SA-NSA","","3350","3350","90","FB","","","760","","23","25","13.5","0","X","18","072212102519","200","-30.04","-51.17317","G","2023-11-17","2018-12-04","","f578f5f866707c0c","2032-12-22","","","Porto Alegre"
"LIC-LIC-01","CLARO S.A.","50409889580","010","105752021","1005528680","RUA CIPÓ","","RS","4314902","100MG7W","NR","SA-NSA","","3350","3350","120","FB","","","760","","23","25","13.5","-1","X","30","072212102519","200","-30.02025","-51.16206","G","2023-11-17","2017-12-29","","f578f5f866707c34","2041-12-08","","","Porto Alegre"
"LIC-LIC-01","CLARO S.A.","50409889580","010","105752021","1005528680","RUA CIPÓ","","RS","4314902","100MG7W","NR","SA-NSA","","3350","3350","180","FB","","","760","","23","25","13.5","0","X","30","072212102519","200","-30.02025","-51.16206","G","2023-11-17","2017-12-29","","f578f5f866707c35","2041-12-08","","","Porto Alegre"
"LIC-LIC-01","CLARO S.A.","50409889580","010","105752021","688207448","AV WENCESLAU ESCOBAR","","RS","4314902","100MG7W","NR","SA-NSA","","3350","3350","160","FB","","","760","","23","25","13.5","0","X","16.8","072212102519","200","-30.1061","-51.2546","G","2024-04-18","2006-03-23","","f578f5f866707c5e","2041-12-08","","","Porto Alegre"
"LIC-LIC-01","CLARO S.A.","50409889580","010","105752021","688207448","AV WENCESLAU ESCOBAR","","RS","4314902","100MG7W","NR","SA-NSA","","3350","3350","330","FB","","","760","","23","25","13.5","0","X","16.8","072212102519","200","-30.1061","-51.2546","G","2024-04-18","2006-03-23","","f578f5f866707c5f","2041-12-08","","","Porto Alegre"
"LIC-LIC-01","CLARO S.A.","50409889580","010","105752021","688207448","AV WENCESLAU ESCOBAR","","RS","4314902","100MG7W","NR","SA-NSA","","3350","3350","40","FB","","","760","","23","25","13.5","0","X","16.8","072212102519","200","-30.1061","-51.2546","G","2024-04-18","2006-03-23","","f578f5f866707c60","2041-12-08","","","Porto Alegre"
"LIC-LIC-01","CLARO S.A.","50409889580","010","105752021","684924625","R PADRE JOÃO  BATISTA REUS","ESQUINA AV. WENCENLAU ESCOBAR","RS","4314902","100MG7W","NR","SA-NSA","","3350","3350","0","FB","","","760","","23","25","13.5","-1","X","16.5","072212102519","200","-30.1169","-51.2537","G","2024-04-04","2021-11-10","","f578f5f866707cb0","2041-12-08","","","Porto Alegre"
"LIC-LIC-01","CLARO S.A.","50409889580","010","105752021","684924625","R PADRE JOÃO  BATISTA REUS","ESQUINA AV. WENCENLAU ESCOBAR","RS","4314902","100MG7W","NR","SA-NSA","","3350","3350","150","FB","","","760","","23","25","13.5","-1","X","16.5","072212102519","200","-30.1169","-51.2537","G","2024-04-04","2021-11-10","","f578f5f866707cb1","2041-12-08","","","Porto Alegre"
"LIC-LIC-01","CLARO S.A.","50409889580","010","105752021","684924625","R PADRE JOÃO  BATISTA REUS","ESQUINA AV. WENCENLAU ESCOBAR","RS","4314902","100MG7W","NR","SA-NSA","","3350","3350","250","FB","","","760","","23","25","13.5","-1","X","16","072212102519","200","-30.1169","-51.2537","G","2024-04-04","2021-11-10","","f578f5f866707cb2","2041-12-08","","","Porto Alegre"
"LIC-LIC-01","CLARO S.A.","50409889580","010","105752021","688205933","R DOUTOR PEREIRA NETO","","RS","4314902","100MG7W","NR","SA-NSA","","3350","3350","110","FB","","","760","","23","25","13.5","0","X","23.5","072212102519","200","-30.1091","-51.2436","G","2023-11-10","2006-03-23","","f578f5f866707cd7","2032-12-22","","","Porto Alegre"
"LIC-LIC-01","CLARO S.A.","50409889580","010","105752021","688205933","R DOUTOR PEREIRA NETO","","RS","4314902","100MG7W","NR","SA-NSA","","3350","3350","240","FB","","","760","","23","25","13.5","0","X","23.5","072212102519","200","-30.1091","-51.2436","G","2023-11-10","2006-03-23","","f578f5f866707cd8","2032-12-22","","","Porto Alegre"
"LIC-LIC-01","CLARO S.A.","50409889580","010","105752021","688205933","R DOUTOR PEREIRA NETO","","RS","4314902","100MG7W","NR","SA-NSA","","3350","3350","30","FB","","","760","","23","25","13.5","0","X","23.5","072212102519","200","-30.1091","-51.2436","G","2023-11-10","2006-03-23","","f578f5f866707cd9","2032-12-22","","","Porto Alegre"
"LIC-LIC-01","CLARO S.A.","50409889580","010","105752021","1005878134","AV WENCESLAU ESCOBAR","","RS","4314902","100MG7W","NR","SA-NSA","","3350","3350","190","FB","","","760","","23","25","13.5","0","X","19.5","072212102519","200","-30.11196","-51.2556","G","2023-11-17","2021-11-10","","f578f5f866707cfe","2032-12-22","","","Porto Alegre"
"LIC-LIC-01","CLARO S.A.","50409889580","010","105752021","1005878134","AV WENCESLAU ESCOBAR","","RS","4314902","100MG7W","NR","SA-NSA","","3350","3350","350","FB","","","760","","23","25","13.5","0","X","19.5","072212102519","200","-30.11196","-51.2556","G","2023-11-17","2021-11-10","","f578f5f866707cff","2032-12-22","","","Porto Alegre"
"LIC-LIC-01","CLARO S.A.","50409889580","010","105752021","1005878134","AV WENCESLAU ESCOBAR","","RS","4314902","100MG7W","NR","SA-NSA","","3350","3350","60","FB","","","760","","23","25","13.5","0","X","19.5","072212102519","200","-30.11196","-51.2556","G","2023-11-17","2021-11-10","","f578f5f866707d00","2032-12-22","","","Porto Alegre"
"LIC-LIC-01","CLARO S.A.","50409889580","010","105752021","1006107158","PC ARAE","","RS","4314902","100MG7W","NR","SA-NSA","","3350","3350","145","FB","","","760","","23","25","13.5","-4","X","25.5","072212102519","200","-30.0995","-51.25396","G","2023-11-17","2021-11-10","","f578f5f866707d25","2032-12-22","","","Porto Alegre"
"LIC-LIC-01","CLARO S.A.","50409889580","010","105752021","1006107158","PC ARAE","","RS","4314902","100MG7W","NR","SA-NSA","","3350","3350","270","FB","","","760","","23","25","13.5","-4","X","25.5","072212102519","200","-30.0995","-51.25396","G","2023-11-17","2021-11-10","","f578f5f866707d26","2032-12-22","","","Porto Alegre"
"LIC-LIC-01","CLARO S.A.","50409889580","010","105752021","1006107158","PC ARAE","","RS","4314902","100MG7W","NR","SA-NSA","","3350","3350","40","FB","","","760","","23","25","13.5","-4","X","25.5","072212102519","200","-30.0995","-51.25396","G","2023-11-17","2021-11-10","","f578f5f866707d27","2032-12-22","","","Porto Alegre"
"LIC-LIC-01","TELEFONICA BRASIL S.A.","50409146366","010","105802021","3769895","Rua Silva So","","RS","4314902","100MG7W","NR","SA-NSA","","3450","3450","30","FB","","","760","1900-03-03","25","25","105","0","X","30","116652103257","200","-30.04083","-51.20333","G","2023-07-13","1999-10-05","","0d05f5f8617473c5","2041-12-08","","","Porto Alegre"
"LIC-LIC-01","TELEFONICA BRASIL S.A.","50409146366","010","105802021","3769895","Rua Silva So","","RS","4314902","100MG7W","NR","SA-NSA","","3450","3450","110","FB","","","760","1900-03-03","25","25","105","0","X","30","116652103257","200","-30.04083","-51.20333","G","2023-07-13","1999-10-05","","0d05f5f8617473c6","2041-12-08","","","Porto Alegre"
"LIC-LIC-01","TELEFONICA BRASIL S.A.","50409146366","010","105802021","3769895","Rua Silva So","","RS","4314902","100MG7W","NR","SA-NSA","","3450","3450","240","FB","","","760","1900-03-03","25","25","105","0","X","30","116652103257","200","-30.04083","-51.20333","G","2023-07-13","1999-10-05","","0d05f5f8617473c7","2041-12-08","","","Porto Alegre"
"LIC-LIC-01","TELEFONICA BRASIL S.A.","50409146366","010","105802021","536417997","Av. Protasio Alves","","RS","4314902","100MG7W","NR","SA-NSA","","3450","3450","220","FB","","","760","1900-03-03","25","25","105","0","X","35","116652103257","200","-30.03944","-51.17222","G","2023-08-01","2000-12-11","","0d05f5f8617473c8","2041-12-08","","","Porto Alegre"
"LIC-LIC-01","TELEFONICA BRASIL S.A.","50409146366","010","105802021","536417997","Av. Protasio Alves","","RS","4314902","100MG7W","NR","SA-NSA","","3450","3450","340","FB","","","760","1900-03-03","25","25","105","0","X","35","116652103257","200","-30.03944","-51.17222","G","2023-08-01","2000-12-11","","0d05f5f8617473c9","2041-12-08","","","Porto Alegre"
"LIC-LIC-01","TELEFONICA BRASIL S.A.","50409146366","010","105802021","536417997","Av. Protasio Alves","","RS","4314902","100MG7W","NR","SA-NSA","","3450","3450","100","FB","","","760","1900-03-03","25","25","105","0","X","35","116652103257","200","-30.03944","-51.17222","G","2023-08-01","2000-12-11","","0d05f5f8617473ca","2041-12-08","","","Porto Alegre"
"LIC-LIC-01","TELEFONICA BRASIL S.A.","50409146366","010","105802021","699802261","Rua Carlos Von Koseritz","","RS","4314902","100MG7W","NR","SA-NSA","","3450","3450","10","FB","","","760","1900-03-04","25","25","105","0","X","37","116652103257","200","-30.01972","-51.1875","G","2023-08-16","2014-03-13","","212cf5f8584612b0","2041-12-08","","","Porto Alegre"
"LIC-LIC-01","TELEFONICA BRASIL S.A.","50409146366","010","105802021","699802261","Rua Carlos Von Koseritz","","RS","4314902","100MG7W","NR","SA-NSA","","3450","3450","170","FB","","","760","1900-03-04","25","25","105","0","X","37","116652103257","200","-30.01972","-51.1875","G","2023-08-16","2014-03-13","","212cf5f8584612b1","2041-12-08","","","Porto Alegre"
"LIC-LIC-01","TELEFONICA BRASIL S.A.","50409146366","010","105802021","699802261","Rua Carlos Von Koseritz","","RS","4314902","100MG7W","NR","SA-NSA","","3450","3450","280","FB","","","760","1900-03-04","25","25","105","0","X","37","116652103257","200","-30.01972","-51.1875","G","2023-08-16","2014-03-13","","212cf5f8584612b2","2041-12-08","","","Porto Alegre"
"LIC-LIC-01","TELEFONICA BRASIL S.A.","50409146366","010","105802021","436298570","Rua Quintino Bocaiuva","","RS","4314902","100MG7W","NR","SA-NSA","","3450","3450","240","FB","","","760","1900-03-21","25","25","105","0","X","35","116652103257","200","-30.02556","-51.19778","G","2023-07-13","1999-11-08","","8629f5f8424caf62","2041-12-08","","","Porto Alegre"
"LIC-LIC-01","TELEFONICA BRASIL S.A.","50409146366","010","105802021","436298570","Rua Quintino Bocaiuva","","RS","4314902","100MG7W","NR","SA-NSA","","3450","3450","330","FB","","","760","1900-03-21","25","25","105","0","X","35","116652103257","200","-30.02556","-51.19778","G","2023-07-13","1999-11-08","","8629f5f8424caf63","2041-12-08","","","Porto Alegre"
"LIC-LIC-01","TELEFONICA BRASIL S.A.","50409146366","010","105802021","436298570","Rua Quintino Bocaiuva","","RS","4314902","100MG7W","NR","SA-NSA","","3450","3450","130","FB","","","760","1900-03-21","25","25","105","0","X","35","116652103257","200","-30.02556","-51.19778","G","2023-07-13","1999-11-08","","8629f5f8424caf64","2041-12-08","","","Porto Alegre"
"LIC-LIC-01","TELEFONICA BRASIL S.A.","50409146366","010","105802021","3769828","Av. Carlos Gomes","","RS","4314902","100MG7W","NR","SA-NSA","","3450","3450","150","FB","","","760","1900-03-21","25","25","105","0","X","26.5","116652103257","200","-30.02861","-51.18111","G","2023-07-19","1999-04-27","","8629f5f8424caf65","2041-12-08","","","Porto Alegre"
"LIC-LIC-01","TELEFONICA BRASIL S.A.","50409146366","010","105802021","3769828","Av. Carlos Gomes","","RS","4314902","100MG7W","NR","SA-NSA","","3450","3450","20","FB","","","760","1900-03-21","25","25","105","0","X","28.3","116652103257","200","-30.02861","-51.18111","G","2023-07-19","1999-04-27","","8629f5f8424caf66","2041-12-08","","","Porto Alegre"
"LIC-LIC-01","TELEFONICA BRASIL S.A.","50409146366","010","105802021","3769828","Av. Carlos Gomes","","RS","4314902","100MG7W","NR","SA-NSA","","3450","3450","250","FB","","","760","1900-03-21","25","25","105","0","X","26.3","116652103257","200","-30.02861","-51.18111","G","2023-07-19","1999-04-27","","8629f5f8424caf67","2041-12-08","","","Porto Alegre"
"LIC-LIC-01","TELEFONICA BRASIL S.A.","50409146366","010","105802021","359992323","RUA BERNARDO PIRES","","RS","4314902","100MG7W","NR","SA-NSA","","3450","3450","140","FB","","","760","1900-03-21","25","25","105","0","X","30","116652103257","200","-30.04639","-51.20333","G","2023-07-11","1999-10-05","","8629f5f8424caf68","2041-12-08","","","Porto Alegre"
"LIC-LIC-01","TELEFONICA BRASIL S.A.","50409146366","010","105802021","359992323","RUA BERNARDO PIRES","","RS","4314902","100MG7W","NR","SA-NSA","","3450","3450","260","FB","","","760","1900-03-21","25","25","105","0","X","30","116652103257","200","-30.04639","-51.20333","G","2023-07-11","1999-10-05","","8629f5f8424caf69","2041-12-08","","","Porto Alegre"
"LIC-LIC-01","TELEFONICA BRASIL S.A.","50409146366","010","105802021","359992323","RUA BERNARDO PIRES","","RS","4314902","100MG7W","NR","SA-NSA","","3450","3450","20","FB","","","760","1900-03-21","25","25","105","0","X","30","116652103257","200","-30.04639","-51.20333","G","2023-07-11","1999-10-05","","8629f5f8424caf6a","2041-12-08","","","Porto Alegre"
"LIC-LIC-01","TELEFONICA BRASIL S.A.","50409146366","010","105802021","699802270","RUA CORONEL CAMISAO    245","","RS","4314902","100MG7W","NR","SA-NSA","","3450","3450","200","FB","","","760","116652103257","25","25","105","0","X","44","116652103257","200","-30.01464","-51.18614","G","2024-10-10","2014-03-13","","8629f5f8424caf6b","2041-12-08","","","Porto Alegre"
"LIC-LIC-01","TELEFONICA BRASIL S.A.","50409146366","010","105802021","699802270","RUA CORONEL CAMISAO    245","","RS","4314902","100MG7W","NR","SA-NSA","","3450","3450","310","FB","","","760","116652103257","25","25","105","0","X","44","116652103257","200","-30.01464","-51.18614","G","2024-10-10","2014-03-13","","8629f5f8424caf6c","2041-12-08","","","Porto Alegre"
"LIC-LIC-01","TELEFONICA BRASIL S.A.","50409146366","010","105802021","699802270","RUA CORONEL CAMISAO    245","","RS","4314902","100MG7W","NR","SA-NSA","","3450","3450","70","FB","","","760","116652103257","25","25","105","0","X","44","116652103257","200","-30.01464","-51.18614","G","2024-10-10","2014-03-13","","8629f5f8424caf6d","2041-12-08","","","Porto Alegre"
"LIC-LIC-01","TELEFONICA BRASIL S.A.","50409146366","010","105802021","699805783","RUA DEMETRIO RIBEIRO","RBR-NÃO","RS","4314902","100MG7W","NR","SA-NSA","","3450","3450","0","FB","","","760","021521203257","25","25","105","0","X","34","013911303257","200","-30.03583","-51.23806","G","2024-06-20","2014-03-13","699805783","8629f5f8424caf6e","2041-12-08","","","Porto Alegre"
"LIC-LIC-01","TELEFONICA BRASIL S.A.","50409146366","010","105802021","699805783","RUA DEMETRIO RIBEIRO","RBR-NÃO","RS","4314902","100MG7W","NR","SA-NSA","","3450","3450","200","FB","","","760","021521203257","25","25","105","0","X","34","013911303257","200","-30.03583","-51.23806","G","2024-06-20","2014-03-13","699805783","8629f5f8424caf6f","2041-12-08","","","Porto Alegre"
"LIC-LIC-01","TELEFONICA BRASIL S.A.","50409146366","010","105802021","699805783","RUA DEMETRIO RIBEIRO","RBR-NÃO","RS","4314902","100MG7W","NR","SA-NSA","","3450","3450","100","FB","","","760","021521203257","25","25","105","0","X","34","013911303257","200","-30.03583","-51.23806","G","2024-06-20","2014-03-13","699805783","8629f5f8424caf70","2041-12-08","","","Porto Alegre"
"LIC-LIC-01","TELEFONICA BRASIL S.A.","50409146366","010","105802021","3770095","Rua Eudoro Berlink","","RS","4314902","100MG7W","NR","SA-NSA","","3450","3450","360","FB","","","760","1901-03-13","25","25","105","0","X","30","116652103257","200","-30.02444","-51.19056","G","2023-07-13","1999-10-05","","4455f5f814310452","2041-12-08","","","Porto Alegre"
"LIC-LIC-01","TELEFONICA BRASIL S.A.","50409146366","010","105802021","3770095","Rua Eudoro Berlink","","RS","4314902","100MG7W","NR","SA-NSA","","3450","3450","120","FB","","","760","1901-03-13","25","25","105","0","X","30","116652103257","200","-30.02444","-51.19056","G","2023-07-13","1999-10-05","","4455f5f814310453","2041-12-08","","","Porto Alegre"
"LIC-LIC-01","TELEFONICA BRASIL S.A.","50409146366","010","105802021","3770095","Rua Eudoro Berlink","","RS","4314902","100MG7W","NR","SA-NSA","","3450","3450","220","FB","","","760","1901-03-13","25","25","105","0","X","30","116652103257","200","-30.02444","-51.19056","G","2023-07-13","1999-10-05","","4455f5f814310454","2041-12-08","","","Porto Alegre"
"LIC-LIC-01","TELEFONICA BRASIL S.A.","50409146366","010","48412023","3770095","Rua Eudoro Berlink","","RS","4314902","10M0G7W","NR","NSA","","2160","1970","210","FB","","","760","000650501705","13.4","27","73.7","0","X","30","011060703257","49.1","-30.02444","-51.19056","G","2023-07-13","1999-10-05","","4455f5f814310455","2038-04-30","","","Porto Alegre"
"LIC-LIC-01","TELEFONICA BRASIL S.A.","50409146366","010","48412023","3770095","Rua Eudoro Berlink","","RS","4314902","10M0G7W","NR","NSA","","2160","1970","210","FB","","","760","000650501705","13.4","27","73.7","0","X","30","011060703257","49.1","-30.02444","-51.19056","G","2023-07-13","1999-10-05","","4455f5f814310456","2038-04-30","","","Porto Alegre"
"LIC-LIC-01","TELEFONICA BRASIL S.A.","50409146366","010","48412023","3770095","Rua Eudoro Berlink","","RS","4314902","10M0G7W","NR","NSA","","2160","1970","210","FB","","","760","000650501705","13.4","27","73.7","0","X","30","011060703257","49.1","-30.02444","-51.19056","G","2023-07-13","1999-10-05","","4455f5f814310457","2038-04-30","","","Porto Alegre"
"LIC-LIC-01","TELEFONICA BRASIL S.A.","50409146366","010","105802021","3770141","Rua Gen. Souza Doca","","RS","4314902","100MG7W","NR","SA-NSA","","3450","3450","10","FB","","","760","1901-03-13","25","25","105","0","X","30","116652103257","200","-30.04556","-51.18639","G","2023-07-13","1999-10-05","","4455f5f81431045f","2041-12-08","","","Porto Alegre"
"LIC-LIC-01","TELEFONICA BRASIL S.A.","50409146366","010","105802021","3770141","Rua Gen. Souza Doca","","RS","4314902","100MG7W","NR","SA-NSA","","3450","3450","110","FB","","","760","1901-03-13","25","25","105","0","X","30","116652103257","200","-30.04556","-51.18639","G","2023-07-13","1999-10-05","","4455f5f814310460","2041-12-08","","","Porto Alegre"
"LIC-LIC-01","TELEFONICA BRASIL S.A.","50409146366","010","105802021","3770141","Rua Gen. Souza Doca","","RS","4314902","100MG7W","NR","SA-NSA","","3450","3450","250","FB","","","760","1901-03-13","25","25","105","0","X","30","116652103257","200","-30.04556","-51.18639","G","2023-07-13","1999-10-05","","4455f5f814310461","2041-12-08","","","Porto Alegre"
"LIC-LIC-01","TELEFONICA BRASIL S.A.","50409146366","010","48412023","3770141","Rua Gen. Souza Doca","","RS","4314902","10M0G7W","NR","NSA","","2160","1970","110","FB","","","760","000650501705","13.4","27","73.7","0","X","30","011060703257","49.1","-30.04556","-51.18639","G","2023-07-13","1999-10-05","","4455f5f814310462","2038-04-30","","","Porto Alegre"
"LIC-LIC-01","TELEFONICA BRASIL S.A.","50409146366","010","48412023","3770141","Rua Gen. Souza Doca","","RS","4314902","10M0G7W","NR","NSA","","2160","1970","10","FB","","","760","000650501705","13.4","27","73.7","0","X","30","022451003257","78","-30.04556","-51.18639","G","2023-07-13","1999-10-05","","4455f5f814310463","2038-04-30","","","Porto Alegre"
"LIC-LIC-01","TELEFONICA BRASIL S.A.","50409146366","010","48412023","3770141","Rua Gen. Souza Doca","","RS","4314902","10M0G7W","NR","NSA","","2160","1970","250","FB","","","760","000650501705","13.4","27","73.7","0","X","30","022451003257","78","-30.04556","-51.18639","G","2023-07-13","1999-10-05","","4455f5f814310464","2038-04-30","","","Porto Alegre"
"LIC-LIC-01","TELEFONICA BRASIL S.A.","50409146366","010","48412023","5186196","AVENIDA  INDEPENDENCIA","","RS","4314902","10M0G7W","NR","NSA","","2160","1970","320","FB","","","760","002000703518","16.4","23","55","0","X","19","011060703257","49.1","-30.02861","-51.21944","G","2023-10-30","1999-10-05","","4455f5f81431046d","2038-04-30","","","Porto Alegre"
"LIC-LIC-01","TELEFONICA BRASIL S.A.","50409146366","010","48412023","5186196","AVENIDA  INDEPENDENCIA","","RS","4314902","10M0G7W","NR","NSA","","2160","1970","240","FB","","","760","002000703518","16.4","23","55","0","X","19","011060703257","49.1","-30.02861","-51.21944","G","2023-10-30","1999-10-05","","4455f5f81431046e","2038-04-30","","","Porto Alegre"
"LIC-LIC-01","TELEFONICA BRASIL S.A.","50409146366","010","48412023","5186196","AVENIDA  INDEPENDENCIA","","RS","4314902","10M0G7W","NR","NSA","","2160","1970","140","FB","","","760","002000703518","16.4","23","55","0","X","19","011060703257","49.1","-30.02861","-51.21944","G","2023-10-30","1999-10-05","","4455f5f814310477","2038-04-30","","","Porto Alegre"
"LIC-LIC-01","TELEFONICA BRASIL S.A.","50409146366","010","105802021","5186196","AVENIDA  INDEPENDENCIA","","RS","4314902","100MG7W","NR","SA-NSA","","3450","3450","315","FB","","","760","1901-03-13","25","25","105","0","X","19","116652103257","200","-30.02861","-51.21944","G","2023-10-30","1999-10-05","","4455f5f81431047d","2041-12-08","","","Porto Alegre"
"LIC-LIC-01","TELEFONICA BRASIL S.A.","50409146366","010","105802021","5186196","AVENIDA  INDEPENDENCIA","","RS","4314902","100MG7W","NR","SA-NSA","","3450","3450","145","FB","","","760","1901-03-13","25","25","105","0","X","19","116652103257","200","-30.02861","-51.21944","G","2023-10-30","1999-10-05","","4455f5f81431047e","2041-12-08","","","Porto Alegre"
"LIC-LIC-01","TELEFONICA BRASIL S.A.","50409146366","010","105802021","5186196","AVENIDA  INDEPENDENCIA","","RS","4314902","100MG7W","NR","SA-NSA","","3450","3450","240","FB","","","760","1901-03-13","25","25","105","0","X","19","116652103257","200","-30.02861","-51.21944","G","2023-10-30","1999-10-05","","4455f5f81431047f","2041-12-08","","","Porto Alegre"
"LIC-LIC-01","TELEFONICA BRASIL S.A.","50409146366","010","48412023","403010500","Rua Francisco Ferrer","","RS","4314902","10M0G7W","NR","NSA","","2160","1970","360","FB","","","760","002000703518","16.4","23","55","0","X","35","011060703257","49.1","-30.03389","-51.20667","G","2023-07-13","1999-11-08","","4455f5f814310490","2038-04-30","","","Porto Alegre"
"LIC-LIC-01","TELEFONICA BRASIL S.A.","50409146366","010","48412023","403010500","Rua Francisco Ferrer","","RS","4314902","10M0G7W","NR","NSA","","2160","1970","255","FB","","","760","002000703518","16.4","23","55","0","X","35","011060703257","49.1","-30.03389","-51.20667","G","2023-07-13","1999-11-08","","4455f5f814310491","2038-04-30","","","Porto Alegre"
"LIC-LIC-01","TELEFONICA BRASIL S.A.","50409146366","010","48412023","403010500","Rua Francisco Ferrer","","RS","4314902","10M0G7W","NR","NSA","","2160","1970","100","FB","","","760","002000703518","16.4","23","55","0","X","35","022451003257","78","-30.03389","-51.20667","G","2023-07-13","1999-11-08","","4455f5f814310492","2038-04-30","","","Porto Alegre"
"LIC-LIC-01","TELEFONICA BRASIL S.A.","50409146366","010","105802021","403010500","Rua Francisco Ferrer","","RS","4314902","100MG7W","NR","SA-NSA","","3450","3450","100","FB","","","760","1901-03-13","25","25","105","0","X","35","116652103257","200","-30.03389","-51.20667","G","2023-07-13","1999-11-08","","4455f5f814310493","2041-12-08","","","Porto Alegre"
"LIC-LIC-01","TELEFONICA BRASIL S.A.","50409146366","010","105802021","403010500","Rua Francisco Ferrer","","RS","4314902","100MG7W","NR","SA-NSA","","3450","3450","255","FB","","","760","1901-03-13","25","25","105","0","X","35","116652103257","200","-30.03389","-51.20667","G","2023-07-13","1999-11-08","","4455f5f814310494","2041-12-08","","","Porto Alegre"
"LIC-LIC-01","TELEFONICA BRASIL S.A.","50409146366","010","105802021","403010500","Rua Francisco Ferrer","","RS","4314902","100MG7W","NR","SA-NSA","","3450","3450","360","FB","","","760","1901-03-13","25","25","105","0","X","35","116652103257","200","-30.03389","-51.20667","G","2023-07-13","1999-11-08","","4455f5f814310495","2041-12-08","","","Porto Alegre"
"LIC-LIC-01","TELEFONICA BRASIL S.A.","50409146366","010","48412023","436298287","RUA SURUPÁ    224","TORRESUR","RS","4314902","10M0G7W","NR","SA-NSA","","2160","1970","30","FB","","","760","002000703518","16.4","23","55","0","X","25","011060703257","49.1","-30.05225","-51.181769","G","2024-09-24","1999-11-08","","4455f5f814310499","2038-04-30","","","Porto Alegre"
"LIC-LIC-01","TELEFONICA BRASIL S.A.","50409146366","010","48412023","436298287","RUA SURUPÁ    224","TORRESUR","RS","4314902","10M0G7W","NR","SA-NSA","","2160","1970","135","FB","","","760","002000703518","16.4","23","55","0","X","25","011060703257","49.1","-30.05225","-51.181769","G","2024-09-24","1999-11-08","","4455f5f81431049a","2038-04-30","","","Porto Alegre"
"LIC-LIC-01","TELEFONICA BRASIL S.A.","50409146366","010","48412023","436298287","RUA SURUPÁ    224","TORRESUR","RS","4314902","10M0G7W","NR","SA-NSA","","2160","1970","260","FB","","","760","002000703518","16.4","23","55","0","X","25","011060703257","49.1","-30.05225","-51.181769","G","2024-09-24","1999-11-08","","4455f5f81431049b","2038-04-30","","","Porto Alegre"
"LIC-LIC-01","TELEFONICA BRASIL S.A.","50409146366","010","105802021","436298287","RUA SURUPÁ    224","TORRESUR","RS","4314902","100MG7W","NR","SA-NSA","","3450","3450","30","FB","","","760","116652103257","25","25","105","0","X","25","116652103257","200","-30.05225","-51.181769","G","2024-09-24","1999-11-08","","4455f5f81431049c","2041-12-08","","","Porto Alegre"
"LIC-LIC-01","TELEFONICA BRASIL S.A.","50409146366","010","105802021","436298287","RUA SURUPÁ    224","TORRESUR","RS","4314902","100MG7W","NR","SA-NSA","","3450","3450","260","FB","","","760","116652103257","25","25","105","0","X","25","116652103257","200","-30.05225","-51.181769","G","2024-09-24","1999-11-08","","4455f5f81431049d","2041-12-08","","","Porto Alegre"
"LIC-LIC-01","TELEFONICA BRASIL S.A.","50409146366","010","105802021","436298287","RUA SURUPÁ    224","TORRESUR","RS","4314902","100MG7W","NR","SA-NSA","","3450","3450","135","FB","","","760","116652103257","25","25","105","0","X","25","116652103257","200","-30.05225","-51.181769","G","2024-09-24","1999-11-08","","4455f5f81431049e","2041-12-08","","","Porto Alegre"
"LIC-LIC-01","TELEFONICA BRASIL S.A.","50409146366","010","105802021","436298520","RUA DR. FREIRE ALEMAO","","RS","4314902","100MG7W","NR","SA-NSA","","3450","3450","320","FB","","","760","1901-03-13","25","25","105","0","X","25","116652103257","200","-30.02944","-51.19139","G","2023-08-16","1999-11-08","","4455f5f8143104a2","2041-12-08","","","Porto Alegre"
"LIC-LIC-01","TELEFONICA BRASIL S.A.","50409146366","010","105802021","436298520","RUA DR. FREIRE ALEMAO","","RS","4314902","100MG7W","NR","SA-NSA","","3450","3450","225","FB","","","760","1901-03-13","25","25","105","0","X","25","116652103257","200","-30.02944","-51.19139","G","2023-08-16","1999-11-08","","4455f5f8143104a3","2041-12-08","","","Porto Alegre"
"LIC-LIC-01","TELEFONICA BRASIL S.A.","50409146366","010","105802021","436298520","RUA DR. FREIRE ALEMAO","","RS","4314902","100MG7W","NR","SA-NSA","","3450","3450","130","FB","","","760","1901-03-13","25","25","105","0","X","25","116652103257","200","-30.02944","-51.19139","G","2023-08-16","1999-11-08","","4455f5f8143104a4","2041-12-08","","","Porto Alegre"
"LIC-LIC-01","TELEFONICA BRASIL S.A.","50409146366","010","48412023","436298520","RUA DR. FREIRE ALEMAO","","RS","4314902","10M0G7W","NR","NSA","","2160","1970","130","FB","","","760","002000703518","16.4","23","55","0","X","25","011060703257","49.1","-30.02944","-51.19139","G","2023-08-16","1999-11-08","","4455f5f8143104a5","2038-04-30","","","Porto Alegre"
"LIC-LIC-01","TELEFONICA BRASIL S.A.","50409146366","010","48412023","436298520","RUA DR. FREIRE ALEMAO","","RS","4314902","10M0G7W","NR","NSA","","2160","1970","320","FB","","","760","002000703518","16.4","23","55","0","X","25","011060703257","49.1","-30.02944","-51.19139","G","2023-08-16","1999-11-08","","4455f5f8143104a6","2038-04-30","","","Porto Alegre"
"LIC-LIC-01","TELEFONICA BRASIL S.A.","50409146366","010","48412023","436298520","RUA DR. FREIRE ALEMAO","","RS","4314902","10M0G7W","NR","NSA","","2160","1970","225","FB","","","760","002000703518","16.4","23","55","0","X","25","011060703257","49.1","-30.02944","-51.19139","G","2023-08-16","1999-11-08","","4455f5f8143104a7","2038-04-30","","","Porto Alegre"
"LIC-LIC-01","TELEFONICA BRASIL S.A.","50409146366","010","48412023","441094392","Rua Julio de Castilhos","","RS","4314902","10M0G7W","NR","NSA","","2160","1970","50","FB","","","760","002000703518","16.4","23","55","0","X","40","011060703257","49.1","-30.02333","-51.22083","G","2023-08-16","1999-11-08","","4455f5f8143104ae","2038-04-30","","","Porto Alegre"
"LIC-LIC-01","TELEFONICA BRASIL S.A.","50409146366","010","48412023","441094392","Rua Julio de Castilhos","","RS","4314902","10M0G7W","NR","NSA","","2160","1970","140","FB","","","760","002000703518","16.4","23","55","0","X","40","011060703257","49.1","-30.02333","-51.22083","G","2023-08-16","1999-11-08","","4455f5f8143104af","2038-04-30","","","Porto Alegre"
"LIC-LIC-01","TELEFONICA BRASIL S.A.","50409146366","010","48412023","441094392","Rua Julio de Castilhos","","RS","4314902","10M0G7W","NR","NSA","","2160","1970","240","FB","","","760","002000703518","16.4","23","55","0","X","40","011060703257","49.1","-30.02333","-51.22083","G","2023-08-16","1999-11-08","","4455f5f8143104b0","2038-04-30","","","Porto Alegre"
"LIC-LIC-01","TELEFONICA BRASIL S.A.","50409146366","010","105802021","441094392","Rua Julio de Castilhos","","RS","4314902","100MG7W","NR","SA-NSA","","3450","3450","50","FB","","","760","1901-03-13","25","25","105","0","X","41","116652103257","200","-30.02333","-51.22083","G","2023-08-16","1999-11-08","","4455f5f8143104b1","2041-12-08","","","Porto Alegre"
"LIC-LIC-01","TELEFONICA BRASIL S.A.","50409146366","010","105802021","441094392","Rua Julio de Castilhos","","RS","4314902","100MG7W","NR","SA-NSA","","3450","3450","140","FB","","","760","1901-03-13","25","25","105","0","X","16","116652103257","200","-30.02333","-51.22083","G","2023-08-16","1999-11-08","","4455f5f8143104b2","2041-12-08","","","Porto Alegre"
"LIC-LIC-01","TELEFONICA BRASIL S.A.","50409146366","010","105802021","441094392","Rua Julio de Castilhos","","RS","4314902","100MG7W","NR","SA-NSA","","3450","3450","240","FB","","","760","1901-03-13","25","25","105","0","X","41","116652103257","200","-30.02333","-51.22083","G","2023-08-16","1999-11-08","","4455f5f8143104b3","2041-12-08","","","Porto Alegre"
"LIC-LIC-01","TELEFONICA BRASIL S.A.","50409146366","010","48412023","441095259","Largo Visconde do Cairu","","RS","4314902","10M0G7W","NR","NSA","","2160","1970","220","FB","","","760","021521203257","12.8","30","68","2","X","35","022451003257","78","-30.02639","-51.22722","G","2023-08-16","1999-11-08","","4455f5f8143104b4","2038-04-30","","","Porto Alegre"
"LIC-LIC-01","TELEFONICA BRASIL S.A.","50409146366","010","48412023","441095259","Largo Visconde do Cairu","","RS","4314902","10M0G7W","NR","NSA","","2160","1970","135","FB","","","760","021521203257","12.8","30","68","0","X","35","022451003257","78","-30.02639","-51.22722","G","2023-08-16","1999-11-08","","4455f5f8143104b5","2038-04-30","","","Porto Alegre"
"LIC-LIC-01","TELEFONICA BRASIL S.A.","50409146366","010","105802021","441095259","Largo Visconde do Cairu","","RS","4314902","100MG7W","NR","SA-NSA","","3450","3450","135","FB","","","760","1901-03-13","25","25","105","0","X","35","116652103257","200","-30.02639","-51.22722","G","2023-08-16","1999-11-08","","4455f5f8143104b8","2041-12-08","","","Porto Alegre"
"LIC-LIC-01","TELEFONICA BRASIL S.A.","50409146366","010","105802021","441095259","Largo Visconde do Cairu","","RS","4314902","100MG7W","NR","SA-NSA","","3450","3450","220","FB","","","760","1901-03-13","25","25","105","2","X","35","116652103257","200","-30.02639","-51.22722","G","2023-08-16","1999-11-08","","4455f5f8143104b9","2041-12-08","","","Porto Alegre"
"LIC-LIC-01","TELEFONICA BRASIL S.A.","50409146366","010","48412023","441583652","Avenida Lima e Silva","","RS","4314902","10M0G7W","NR","NSA","","2160","1970","120","FB","","","760","002000703518","16.4","23","55","0","X","28","011060703257","49.1","-30.04556","-51.21417","G","2023-07-11","1999-11-08","","4455f5f8143104cc","2038-04-30","","","Porto Alegre"
"LIC-LIC-01","TELEFONICA BRASIL S.A.","50409146366","010","48412023","441583652","Avenida Lima e Silva","","RS","4314902","10M0G7W","NR","NSA","","2160","1970","360","FB","","","760","002000703518","16.4","23","55","0","X","28","011060703257","49.1","-30.04556","-51.21417","G","2023-07-11","1999-11-08","","4455f5f8143104cd","2038-04-30","","","Porto Alegre"
"LIC-LIC-01","TELEFONICA BRASIL S.A.","50409146366","010","48412023","441583652","Avenida Lima e Silva","","RS","4314902","10M0G7W","NR","NSA","","2160","1970","240","FB","","","760","002000703518","16.4","23","55","0","X","28","011060703257","49.1","-30.04556","-51.21417","G","2023-07-11","1999-11-08","","4455f5f8143104ce","2038-04-30","","","Porto Alegre"
"LIC-LIC-01","TELEFONICA BRASIL S.A.","50409146366","010","105802021","441583652","Avenida Lima e Silva","","RS","4314902","100MG7W","NR","SA-NSA","","3450","3450","25","FB","","","760","1901-03-13","25","25","105","0","X","30","116652103257","200","-30.04556","-51.21417","G","2023-07-11","1999-11-08","","4455f5f8143104cf","2041-12-08","","","Porto Alegre"
"LIC-LIC-01","TELEFONICA BRASIL S.A.","50409146366","010","105802021","441583652","Avenida Lima e Silva","","RS","4314902","100MG7W","NR","SA-NSA","","3450","3450","115","FB","","","760","1901-03-13","25","25","105","0","X","30","116652103257","200","-30.04556","-51.21417","G","2023-07-11","1999-11-08","","4455f5f8143104d0","2041-12-08","","","Porto Alegre"
"LIC-LIC-01","TELEFONICA BRASIL S.A.","50409146366","010","105802021","441583652","Avenida Lima e Silva","","RS","4314902","100MG7W","NR","SA-NSA","","3450","3450","215","FB","","","760","1901-03-13","25","25","105","0","X","30","116652103257","200","-30.04556","-51.21417","G","2023-07-11","1999-11-08","","4455f5f8143104d1","2041-12-08","","","Porto Alegre"
"LIC-LIC-01","TELEFONICA BRASIL S.A.","50409146366","010","48412023","441584926","Rua Siqueira Campos","","RS","4314902","10M0G7W","NR","NSA","","2160","1970","70","FB","","","760","002000703518","16.4","23","55","0","X","65","083071803257","46","-30.02778","-51.22972","G","2023-10-30","1999-11-08","","4455f5f8143104d5","2038-04-30","","","Porto Alegre"
"LIC-LIC-01","TELEFONICA BRASIL S.A.","50409146366","010","48412023","441584926","Rua Siqueira Campos","","RS","4314902","10M0G7W","NR","NSA","","2160","1970","150","FB","","","760","002000703518","16.4","23","55","0","X","65","083071803257","46","-30.02778","-51.22972","G","2023-10-30","1999-11-08","","4455f5f8143104d6","2038-04-30","","","Porto Alegre"
"LIC-LIC-01","TELEFONICA BRASIL S.A.","50409146366","010","48412023","441584926","Rua Siqueira Campos","","RS","4314902","10M0G7W","NR","NSA","","2160","1970","240","FB","","","760","002000703518","16.4","23","55","2","X","65","083071803257","46","-30.02778","-51.22972","G","2023-10-30","1999-11-08","","4455f5f8143104d7","2038-04-30","","","Porto Alegre"
"LIC-LIC-01","TELEFONICA BRASIL S.A.","50409146366","010","105802021","441584926","Rua Siqueira Campos","","RS","4314902","100MG7W","NR","SA-NSA","","3450","3450","150","FB","","","760","1901-03-13","25","25","105","0","X","65","116652103257","200","-30.02778","-51.22972","G","2023-10-30","1999-11-08","","4455f5f8143104d8","2041-12-08","","","Porto Alegre"
"LIC-LIC-01","TELEFONICA BRASIL S.A.","50409146366","010","105802021","441584926","Rua Siqueira Campos","","RS","4314902","100MG7W","NR","SA-NSA","","3450","3450","70","FB","","","760","1901-03-13","25","25","105","0","X","65","116652103257","200","-30.02778","-51.22972","G","2023-10-30","1999-11-08","","4455f5f8143104d9","2041-12-08","","","Porto Alegre"
"LIC-LIC-01","TELEFONICA BRASIL S.A.","50409146366","010","105802021","441584926","Rua Siqueira Campos","","RS","4314902","100MG7W","NR","SA-NSA","","3450","3450","240","FB","","","760","1901-03-13","25","25","105","0","X","65","116652103257","200","-30.02778","-51.22972","G","2023-10-30","1999-11-08","","4455f5f8143104da","2041-12-08","","","Porto Alegre"
"LIC-LIC-01","TELEFONICA BRASIL S.A.","50409146366","010","105802021","441626114","RUA CORONEL VICENTE    408 APARTAMENTO 1601","PROPRIO","RS","4314902","100MG7W","NR","SA-NSA","","3450","3450","125","FB","","","760","116652103257","25","25","105","0","X","55","116652103257","200","-30.02706","-51.22056","G","2024-09-24","1999-11-08","","4455f5f8143104e1","2041-12-08","","","Porto Alegre"
"LIC-LIC-01","TELEFONICA BRASIL S.A.","50409146366","010","105802021","441626114","RUA CORONEL VICENTE    408 APARTAMENTO 1601","PROPRIO","RS","4314902","100MG7W","NR","SA-NSA","","3450","3450","315","FB","","","760","116652103257","25","25","105","-2","X","55","116652103257","200","-30.02706","-51.22056","G","2024-09-24","1999-11-08","","4455f5f8143104e2","2041-12-08","","","Porto Alegre"
"LIC-LIC-01","TELEFONICA BRASIL S.A.","50409146366","010","105802021","441626114","RUA CORONEL VICENTE    408 APARTAMENTO 1601","PROPRIO","RS","4314902","100MG7W","NR","SA-NSA","","3450","3450","245","FB","","","760","116652103257","25","25","105","-2","X","55","116652103257","200","-30.02706","-51.22056","G","2024-09-24","1999-11-08","","4455f5f8143104e3","2041-12-08","","","Porto Alegre"
"LIC-LIC-01","TELEFONICA BRASIL S.A.","50409146366","010","48412023","441626114","RUA CORONEL VICENTE    408 APARTAMENTO 1601","PROPRIO","RS","4314902","10M0G7W","NR","SA-NSA","","2160","1970","125","FB","","","760","021521203257","12.8","30","68","0","X","55","083071803257","46","-30.02706","-51.22056","G","2024-09-24","1999-11-08","","4455f5f8143104e4","2038-04-30","","","Porto Alegre"
"LIC-LIC-01","TELEFONICA BRASIL S.A.","50409146366","010","48412023","441626114","RUA CORONEL VICENTE    408 APARTAMENTO 1601","PROPRIO","RS","4314902","10M0G7W","NR","SA-NSA","","2160","1970","315","FB","","","760","021521203257","12.8","30","68","-2","X","55","083071803257","46","-30.02706","-51.22056","G","2024-09-24","1999-11-08","","4455f5f8143104e5","2038-04-30","","","Porto Alegre"
"LIC-LIC-01","TELEFONICA BRASIL S.A.","50409146366","010","48412023","441626114","RUA CORONEL VICENTE    408 APARTAMENTO 1601","PROPRIO","RS","4314902","10M0G7W","NR","SA-NSA","","2160","1970","245","FB","","","760","021521203257","12.8","30","68","-2","X","55","083071803257","46","-30.02706","-51.22056","G","2024-09-24","1999-11-08","","4455f5f8143104e6","2038-04-30","","","Porto Alegre"
"LIC-LIC-01","TELEFONICA BRASIL S.A.","50409146366","010","48412023","536418004","RUA 24 DE OUTUBRO    340 - ED. MAXIMUS (ANTENAS NA LAJE DE COBERTURA)","PROPRIO","RS","4314902","10M0G7W","NR","SA-NSA","","2160","1970","360","FB","","","760","002000703518","16.4","23","55","0","X","45","011060703257","49.1","-30.02709","-51.20425","G","2024-10-09","2001-01-31","","4455f5f8143104e9","2038-04-30","","","Porto Alegre"
"LIC-LIC-01","TELEFONICA BRASIL S.A.","50409146366","010","48412023","536418004","RUA 24 DE OUTUBRO    340 - ED. MAXIMUS (ANTENAS NA LAJE DE COBERTURA)","PROPRIO","RS","4314902","10M0G7W","NR","SA-NSA","","2160","1970","120","FB","","","760","002000703518","16.4","23","55","0","X","45","011060703257","49.1","-30.02709","-51.20425","G","2024-10-09","2001-01-31","","4455f5f8143104ea","2038-04-30","","","Porto Alegre"
"LIC-LIC-01","TELEFONICA BRASIL S.A.","50409146366","010","48412023","536418004","RUA 24 DE OUTUBRO    340 - ED. MAXIMUS (ANTENAS NA LAJE DE COBERTURA)","PROPRIO","RS","4314902","10M0G7W","NR","SA-NSA","","2160","1970","250","FB","","","760","002000703518","16.4","23","55","0","X","45","011060703257","49.1","-30.02709","-51.20425","G","2024-10-09","2001-01-31","","4455f5f8143104eb","2038-04-30","","","Porto Alegre"
"LIC-LIC-01","TELEFONICA BRASIL S.A.","50409146366","010","105802021","536418004","RUA 24 DE OUTUBRO    340 - ED. MAXIMUS (ANTENAS NA LAJE DE COBERTURA)","PROPRIO","RS","4314902","100MG7W","NR","SA-NSA","","3450","3450","120","FB","","","760","116652103257","25","25","105","0","X","45","116652103257","200","-30.02709","-51.20425","G","2024-10-09","2001-01-31","","4455f5f8143104f0","2041-12-08","","","Porto Alegre"
"LIC-LIC-01","TELEFONICA BRASIL S.A.","50409146366","010","105802021","536418004","RUA 24 DE OUTUBRO    340 - ED. MAXIMUS (ANTENAS NA LAJE DE COBERTURA)","PROPRIO","RS","4314902","100MG7W","NR","SA-NSA","","3450","3450","250","FB","","","760","116652103257","25","25","105","0","X","45","116652103257","200","-30.02709","-51.20425","G","2024-10-09","2001-01-31","","4455f5f8143104f1","2041-12-08","","","Porto Alegre"
"LIC-LIC-01","TELEFONICA BRASIL S.A.","50409146366","010","105802021","536418004","RUA 24 DE OUTUBRO    340 - ED. MAXIMUS (ANTENAS NA LAJE DE COBERTURA)","PROPRIO","RS","4314902","100MG7W","NR","SA-NSA","","3450","3450","20","FB","","","760","116652103257","25","25","105","-4","X","45","116652103257","200","-30.02709","-51.20425","G","2024-10-09","2001-01-31","","4455f5f8143104f2","2041-12-08","","","Porto Alegre"
"LIC-LIC-01","TELEFONICA BRASIL S.A.","50409146366","010","105802021","688888127","AVENIDA  JOSE BONIFACIO","","RS","4314902","100MG7W","NR","SA-NSA","","3450","3450","10","FB","","","760","1901-03-13","25","25","105","0","X","35","116652103257","200","-30.03861","-51.21361","G","2023-08-07","2006-12-06","","4455f5f8143104f9","2041-12-08","","","Porto Alegre"
"LIC-LIC-01","TELEFONICA BRASIL S.A.","50409146366","010","105802021","688888127","AVENIDA  JOSE BONIFACIO","","RS","4314902","100MG7W","NR","SA-NSA","","3450","3450","90","FB","","","760","1901-03-13","25","25","105","0","X","35","116652103257","200","-30.03861","-51.21361","G","2023-08-07","2006-12-06","","4455f5f8143104fa","2041-12-08","","","Porto Alegre"
"LIC-LIC-01","TELEFONICA BRASIL S.A.","50409146366","010","105802021","688888127","AVENIDA  JOSE BONIFACIO","","RS","4314902","100MG7W","NR","SA-NSA","","3450","3450","280","FB","","","760","1901-03-13","25","25","105","0","X","35","116652103257","200","-30.03861","-51.21361","G","2023-08-07","2006-12-06","","4455f5f8143104fb","2041-12-08","","","Porto Alegre"
"LIC-LIC-01","TELEFONICA BRASIL S.A.","50409146366","010","48412023","688888127","AVENIDA  JOSE BONIFACIO","","RS","4314902","10M0G7W","NR","NSA","","2160","1970","10","FB","","","760","002000703518","13.6","23","70","0","X","35","083071803257","46","-30.03861","-51.21361","G","2023-08-07","2006-12-06","","4455f5f8143104fc","2038-04-30","","","Porto Alegre"
"LIC-LIC-01","TELEFONICA BRASIL S.A.","50409146366","010","48412023","688888127","AVENIDA  JOSE BONIFACIO","","RS","4314902","10M0G7W","NR","NSA","","2160","1970","90","FB","","","760","002000703518","13.6","23","70","0","X","35","083071803257","46","-30.03861","-51.21361","G","2023-08-07","2006-12-06","","4455f5f8143104fd","2038-04-30","","","Porto Alegre"
"LIC-LIC-01","TELEFONICA BRASIL S.A.","50409146366","010","48412023","688888127","AVENIDA  JOSE BONIFACIO","","RS","4314902","10M0G7W","NR","NSA","","2160","1970","280","FB","","","760","002000703518","13.6","23","70","0","X","35","083071803257","46","-30.03861","-51.21361","G","2023-08-07","2006-12-06","","4455f5f8143104fe","2038-04-30","","","Porto Alegre"
"LIC-LIC-01","TELEFONICA BRASIL S.A.","50409146366","010","105802021","699802172","AVENIDA SENADOR SALGADO FILHO    320","","RS","4314902","100MG7W","NR","SA-NSA","","3450","3450","300","FB","","","760","116652103257","25","25","105","0","X","62","116652103257","200","-30.03085","-51.22447","G","2024-10-10","2014-03-13","","4455f5f8143104ff","2041-12-08","","","Porto Alegre"
"LIC-LIC-01","TELEFONICA BRASIL S.A.","50409146366","010","105802021","699802172","AVENIDA SENADOR SALGADO FILHO    320","","RS","4314902","100MG7W","NR","SA-NSA","","3450","3450","40","FB","","","760","116652103257","25","25","105","0","X","62","116652103257","200","-30.03085","-51.22447","G","2024-10-10","2014-03-13","","4455f5f814310500","2041-12-08","","","Porto Alegre"
"LIC-LIC-01","TELEFONICA BRASIL S.A.","50409146366","010","105802021","699802172","AVENIDA SENADOR SALGADO FILHO    320","","RS","4314902","100MG7W","NR","SA-NSA","","3450","3450","120","FB","","","760","116652103257","25","25","105","0","X","62","116652103257","200","-30.03085","-51.22447","G","2024-10-10","2014-03-13","","4455f5f814310501","2041-12-08","","","Porto Alegre"
"LIC-LIC-01","TELEFONICA BRASIL S.A.","50409146366","010","48412023","699802172","AVENIDA SENADOR SALGADO FILHO    320","","RS","4314902","10M0G7W","NR","SA-NSA","","2160","1970","300","FB","","","760","021521203257","12.8","30","68","0","X","62","083071803257","46","-30.03085","-51.22447","G","2024-10-10","2014-03-13","","4455f5f814310502","2038-04-30","","","Porto Alegre"
"LIC-LIC-01","TELEFONICA BRASIL S.A.","50409146366","010","48412023","699802172","AVENIDA SENADOR SALGADO FILHO    320","","RS","4314902","10M0G7W","NR","SA-NSA","","2160","1970","40","FB","","","760","021521203257","12.8","30","68","0","X","62","083071803257","46","-30.03085","-51.22447","G","2024-10-10","2014-03-13","","4455f5f814310503","2038-04-30","","","Porto Alegre"
"LIC-LIC-01","TELEFONICA BRASIL S.A.","50409146366","010","48412023","699802172","AVENIDA SENADOR SALGADO FILHO    320","","RS","4314902","10M0G7W","NR","SA-NSA","","2160","1970","120","FB","","","760","021521203257","12.8","30","68","0","X","62","083071803257","46","-30.03085","-51.22447","G","2024-10-10","2014-03-13","","4455f5f814310504","2038-04-30","","","Porto Alegre"
"LIC-LIC-01","TELEFONICA BRASIL S.A.","50409146366","010","105802021","699802237","RUA JOSÉ DO PATROCÍNIO","RBR-NÃO","RS","4314902","100MG7W","NR","SA-NSA","","3450","3450","110","FB","","","760","116652103257","25","25","105","0","X","48","116652103257","200","-30.04094","-51.22072","G","2024-06-20","2014-03-13","699802237","4455f5f814310505","2041-12-08","","","Porto Alegre"
"LIC-LIC-01","TELEFONICA BRASIL S.A.","50409146366","010","105802021","699802237","RUA JOSÉ DO PATROCÍNIO","RBR-NÃO","RS","4314902","100MG7W","NR","SA-NSA","","3450","3450","330","FB","","","760","116652103257","25","25","105","0","X","48","116652103257","200","-30.04094","-51.22072","G","2024-06-20","2014-03-13","699802237","4455f5f814310506","2041-12-08","","","Porto Alegre"
"LIC-LIC-01","TELEFONICA BRASIL S.A.","50409146366","010","105802021","699802237","RUA JOSÉ DO PATROCÍNIO","RBR-NÃO","RS","4314902","100MG7W","NR","SA-NSA","","3450","3450","230","FB","","","760","116652103257","25","25","105","0","X","48","116652103257","200","-30.04094","-51.22072","G","2024-06-20","2014-03-13","699802237","4455f5f814310507","2041-12-08","","","Porto Alegre"
"LIC-LIC-01","TELEFONICA BRASIL S.A.","50409146366","010","48412023","699802253","PRAÇA RUI BARBOSA    N°: 220","PRÓPRIO","RS","4314902","10M0G7W","NR","SA-NSA","","2160","1970","280","FB","","","760","021521203257","12.8","30","68","0","X","38","013911303257","85.7","-30.02667","-51.22397","G","2024-10-10","2014-03-13","","4455f5f81431050f","2038-04-30","","","Porto Alegre"
"LIC-LIC-01","TELEFONICA BRASIL S.A.","50409146366","010","48412023","699802253","PRAÇA RUI BARBOSA    N°: 220","PRÓPRIO","RS","4314902","10M0G7W","NR","SA-NSA","","2160","1970","60","FB","","","760","021521203257","12.8","30","68","0","X","38","013911303257","85.7","-30.02667","-51.22397","G","2024-10-10","2014-03-13","","4455f5f814310511","2038-04-30","","","Porto Alegre"
"LIC-LIC-01","TELEFONICA BRASIL S.A.","50409146366","010","48412023","699802253","PRAÇA RUI BARBOSA    N°: 220","PRÓPRIO","RS","4314902","10M0G7W","NR","SA-NSA","","2160","1970","170","FB","","","760","021521203257","12.8","30","68","0","X","38","013911303257","85.7","-30.02667","-51.22397","G","2024-10-10","2014-03-13","","4455f5f814310512","2038-04-30","","","Porto Alegre"
"LIC-LIC-01","TELEFONICA BRASIL S.A.","50409146366","010","105802021","699802253","PRAÇA RUI BARBOSA    N°: 220","PRÓPRIO","RS","4314902","100MG7W","NR","SA-NSA","","3450","3450","60","FB","","","760","116652103257","25","25","105","0","X","38","116652103257","200","-30.02667","-51.22397","G","2024-10-10","2014-03-13","","4455f5f814310514","2041-12-08","","","Porto Alegre"
"LIC-LIC-01","TELEFONICA BRASIL S.A.","50409146366","010","105802021","699802253","PRAÇA RUI BARBOSA    N°: 220","PRÓPRIO","RS","4314902","100MG7W","NR","SA-NSA","","3450","3450","170","FB","","","760","116652103257","25","25","105","0","X","38","116652103257","200","-30.02667","-51.22397","G","2024-10-10","2014-03-13","","4455f5f814310515","2041-12-08","","","Porto Alegre"
"LIC-LIC-01","TELEFONICA BRASIL S.A.","50409146366","010","105802021","699802253","PRAÇA RUI BARBOSA    N°: 220","PRÓPRIO","RS","4314902","100MG7W","NR","SA-NSA","","3450","3450","280","FB","","","760","116652103257","25","25","105","0","X","38","116652103257","200","-30.02667","-51.22397","G","2024-10-10","2014-03-13","","4455f5f814310516","2041-12-08","","","Porto Alegre"
"LIC-LIC-01","TELEFONICA BRASIL S.A.","50409146366","010","105802021","699802300","Rua Gonçalo de Carvalho","","RS","4314902","100MG7W","NR","SA-NSA","","3450","3450","320","FB","","","760","1901-03-13","25","25","105","0","X","31","116652103257","200","-30.02736","-51.21017","G","2023-08-16","2014-03-13","","4455f5f814310517","2041-12-08","","","Porto Alegre"
"LIC-LIC-01","TELEFONICA BRASIL S.A.","50409146366","010","105802021","699802300","Rua Gonçalo de Carvalho","","RS","4314902","100MG7W","NR","SA-NSA","","3450","3450","220","FB","","","760","1901-03-13","25","25","105","0","X","31","116652103257","200","-30.02736","-51.21017","G","2023-08-16","2014-03-13","","4455f5f814310518","2041-12-08","","","Porto Alegre"
"LIC-LIC-01","TELEFONICA BRASIL S.A.","50409146366","010","105802021","699802300","Rua Gonçalo de Carvalho","","RS","4314902","100MG7W","NR","SA-NSA","","3450","3450","100","FB","","","760","1901-03-13","25","25","105","0","X","31","116652103257","200","-30.02736","-51.21017","G","2023-08-16","2014-03-13","","4455f5f814310519","2041-12-08","","","Porto Alegre"
"LIC-LIC-01","TELEFONICA BRASIL S.A.","50409146366","010","48412023","699802300","Rua Gonçalo de Carvalho","","RS","4314902","10M0G7W","NR","NSA","","2160","1970","320","FB","","","760","024731703257","12.8","30","68","0","X","31","083071803257","46","-30.02736","-51.21017","G","2023-08-16","2014-03-13","","4455f5f81431051a","2038-04-30","","","Porto Alegre"
"LIC-LIC-01","TELEFONICA BRASIL S.A.","50409146366","010","48412023","699802300","Rua Gonçalo de Carvalho","","RS","4314902","10M0G7W","NR","NSA","","2160","1970","100","FB","","","760","024731703257","12.8","30","68","0","X","31","083071803257","46","-30.02736","-51.21017","G","2023-08-16","2014-03-13","","4455f5f81431051c","2038-04-30","","","Porto Alegre"
"LIC-LIC-01","TELEFONICA BRASIL S.A.","50409146366","010","48412023","699802385","RUA DONA LAURA    320 (CENTRO EMPRESARIAL LA DEFENSE)","PROPRIO","RS","4314902","10M0G7W","NR","SA-NSA","","2160","1970","320","FB","","","760","021521203257","12.8","30","67","0","X","45","013911303257","85.7","-30.02931","-51.20226","G","2024-10-10","2014-03-13","","4455f5f81431051d","2038-04-30","","","Porto Alegre"
"LIC-LIC-01","TELEFONICA BRASIL S.A.","50409146366","010","48412023","699802385","RUA DONA LAURA    320 (CENTRO EMPRESARIAL LA DEFENSE)","PROPRIO","RS","4314902","10M0G7W","NR","SA-NSA","","2160","1970","130","FB","","","760","021521203257","12.8","30","67","0","X","45","013911303257","85.7","-30.02931","-51.20226","G","2024-10-10","2014-03-13","","4455f5f81431051e","2038-04-30","","","Porto Alegre"
"LIC-LIC-01","TELEFONICA BRASIL S.A.","50409146366","010","48412023","699802385","RUA DONA LAURA    320 (CENTRO EMPRESARIAL LA DEFENSE)","PROPRIO","RS","4314902","10M0G7W","NR","SA-NSA","","2160","1970","220","FB","","","760","021521203257","12.8","30","67","0","X","45","013911303257","85.7","-30.02931","-51.20226","G","2024-10-10","2014-03-13","","4455f5f81431051f","2038-04-30","","","Porto Alegre"
"LIC-LIC-01","TELEFONICA BRASIL S.A.","50409146366","010","105802021","699802385","RUA DONA LAURA    320 (CENTRO EMPRESARIAL LA DEFENSE)","PROPRIO","RS","4314902","100MG7W","NR","SA-NSA","","3450","3450","320","FB","","","760","116652103257","25","25","105","0","X","45","116652103257","200","-30.02931","-51.20226","G","2024-10-10","2014-03-13","","4455f5f814310520","2041-12-08","","","Porto Alegre"
"LIC-LIC-01","TELEFONICA BRASIL S.A.","50409146366","010","105802021","699802385","RUA DONA LAURA    320 (CENTRO EMPRESARIAL LA DEFENSE)","PROPRIO","RS","4314902","100MG7W","NR","SA-NSA","","3450","3450","130","FB","","","760","116652103257","25","25","105","0","X","45","116652103257","200","-30.02931","-51.20226","G","2024-10-10","2014-03-13","","4455f5f814310521","2041-12-08","","","Porto Alegre"
"LIC-LIC-01","TELEFONICA BRASIL S.A.","50409146366","010","105802021","699802385","RUA DONA LAURA    320 (CENTRO EMPRESARIAL LA DEFENSE)","PROPRIO","RS","4314902","100MG7W","NR","SA-NSA","","3450","3450","220","FB","","","760","116652103257","25","25","105","0","X","45","116652103257","200","-30.02931","-51.20226","G","2024-10-10","2014-03-13","","4455f5f814310522","2041-12-08","","","Porto Alegre"
"LIC-LIC-01","TELEFONICA BRASIL S.A.","50409146366","010","48412023","699802466","Avenida Osvaldo Aranha","","RS","4314902","10M0G7W","NR","NSA","","2160","1970","360","FB","","","760","021521203257","12.8","30","68","0","X","50","013911303257","85.7","-30.0325","-51.21694","G","2023-08-16","2014-03-13","","4455f5f814310523","2038-04-30","","","Porto Alegre"
"LIC-LIC-01","TELEFONICA BRASIL S.A.","50409146366","010","48412023","699802466","Avenida Osvaldo Aranha","","RS","4314902","10M0G7W","NR","NSA","","2160","1970","100","FB","","","760","021521203257","12.8","30","68","0","X","50","013911303257","85.7","-30.0325","-51.21694","G","2023-08-16","2014-03-13","","4455f5f814310524","2038-04-30","","","Porto Alegre"
"LIC-LIC-01","TELEFONICA BRASIL S.A.","50409146366","010","48412023","699802466","Avenida Osvaldo Aranha","","RS","4314902","10M0G7W","NR","NSA","","2160","1970","250","FB","","","760","021521203257","12.8","30","68","0","X","50","013911303257","85.7","-30.0325","-51.21694","G","2023-08-16","2014-03-13","","4455f5f814310525","2038-04-30","","","Porto Alegre"
"LIC-LIC-01","TELEFONICA BRASIL S.A.","50409146366","010","105802021","699802466","Avenida Osvaldo Aranha","","RS","4314902","100MG7W","NR","SA-NSA","","3450","3450","360","FB","","","760","1901-03-13","25","25","105","0","X","50","116652103257","200","-30.0325","-51.21694","G","2023-08-16","2014-03-13","","4455f5f814310526","2041-12-08","","","Porto Alegre"
"LIC-LIC-01","TELEFONICA BRASIL S.A.","50409146366","010","105802021","699802466","Avenida Osvaldo Aranha","","RS","4314902","100MG7W","NR","SA-NSA","","3450","3450","100","FB","","","760","1901-03-13","25","25","105","0","X","50","116652103257","200","-30.0325","-51.21694","G","2023-08-16","2014-03-13","","4455f5f814310527","2041-12-08","","","Porto Alegre"
"LIC-LIC-01","TELEFONICA BRASIL S.A.","50409146366","010","105802021","699802466","Avenida Osvaldo Aranha","","RS","4314902","100MG7W","NR","SA-NSA","","3450","3450","250","FB","","","760","1901-03-13","25","25","105","0","X","50","116652103257","200","-30.0325","-51.21694","G","2023-08-16","2014-03-13","","4455f5f814310528","2041-12-08","","","Porto Alegre"
"LIC-LIC-01","TELEFONICA BRASIL S.A.","50409146366","010","48412023","699873762","Rua Engenheiro Veríssimo de Matos","","RS","4314902","10M0G7W","NR","NSA","","2160","1970","240","FB","","","760","021521203257","12.8","30","68","0","X","52","013911303257","85.7","-30.03194","-51.19278","G","2023-08-07","2014-04-02","","4455f5f814310529","2038-04-30","","","Porto Alegre"
"LIC-LIC-01","TELEFONICA BRASIL S.A.","50409146366","010","48412023","699873762","Rua Engenheiro Veríssimo de Matos","","RS","4314902","10M0G7W","NR","NSA","","2160","1970","340","FB","","","760","021521203257","12.8","30","68","0","X","52","013911303257","85.7","-30.03194","-51.19278","G","2023-08-07","2014-04-02","","4455f5f81431052a","2038-04-30","","","Porto Alegre"
"LIC-LIC-01","TELEFONICA BRASIL S.A.","50409146366","010","48412023","699873762","Rua Engenheiro Veríssimo de Matos","","RS","4314902","10M0G7W","NR","NSA","","2160","1970","90","FB","","","760","021521203257","12.8","30","68","0","X","52","013911303257","85.7","-30.03194","-51.19278","G","2023-08-07","2014-04-02","","4455f5f81431052b","2038-04-30","","","Porto Alegre"
"LIC-LIC-01","TELEFONICA BRASIL S.A.","50409146366","010","105802021","699873762","Rua Engenheiro Veríssimo de Matos","","RS","4314902","100MG7W","NR","SA-NSA","","3450","3450","90","FB","","","760","1901-03-13","25","25","105","0","X","52","116652103257","200","-30.03194","-51.19278","G","2023-08-07","2014-04-02","","4455f5f81431052c","2041-12-08","","","Porto Alegre"
"LIC-LIC-01","TELEFONICA BRASIL S.A.","50409146366","010","105802021","699873762","Rua Engenheiro Veríssimo de Matos","","RS","4314902","100MG7W","NR","SA-NSA","","3450","3450","340","FB","","","760","1901-03-13","25","25","105","0","X","52","116652103257","200","-30.03194","-51.19278","G","2023-08-07","2014-04-02","","4455f5f81431052d","2041-12-08","","","Porto Alegre"
"LIC-LIC-01","TELEFONICA BRASIL S.A.","50409146366","010","105802021","699873762","Rua Engenheiro Veríssimo de Matos","","RS","4314902","100MG7W","NR","SA-NSA","","3450","3450","240","FB","","","760","1901-03-13","25","25","105","0","X","52","116652103257","200","-30.03194","-51.19278","G","2023-08-07","2014-04-02","","4455f5f81431052e","2041-12-08","","","Porto Alegre"
"LIC-LIC-01","TELEFONICA BRASIL S.A.","50409146366","010","105802021","699873940","Rua Felipe Camarão","","RS","4314902","100MG7W","NR","SA-NSA","","3450","3450","40","FB","","","760","1901-03-13","25","25","105","0","X","43","116652103257","200","-30.03583","-51.20972","G","2023-08-16","2014-04-02","","4455f5f81431052f","2041-12-08","","","Porto Alegre"
"LIC-LIC-01","TELEFONICA BRASIL S.A.","50409146366","010","105802021","699873940","Rua Felipe Camarão","","RS","4314902","100MG7W","NR","SA-NSA","","3450","3450","300","FB","","","760","1901-03-13","25","25","105","0","X","43","116652103257","200","-30.03583","-51.20972","G","2023-08-16","2014-04-02","","4455f5f814310530","2041-12-08","","","Porto Alegre"
"LIC-LIC-01","TELEFONICA BRASIL S.A.","50409146366","010","105802021","699873940","Rua Felipe Camarão","","RS","4314902","100MG7W","NR","SA-NSA","","3450","3450","160","FB","","","760","1901-03-13","25","25","105","0","X","43","116652103257","200","-30.03583","-51.20972","G","2023-08-16","2014-04-02","","4455f5f814310531","2041-12-08","","","Porto Alegre"
"LIC-LIC-01","TELEFONICA BRASIL S.A.","50409146366","010","48412023","699873940","Rua Felipe Camarão","","RS","4314902","10M0G7W","NR","NSA","","2160","1970","40","FB","","","760","021521203257","12.8","30","68","0","X","43","083071803257","46","-30.03583","-51.20972","G","2023-08-16","2014-04-02","","4455f5f814310532","2038-04-30","","","Porto Alegre"
"LIC-LIC-01","TELEFONICA BRASIL S.A.","50409146366","010","48412023","699873940","Rua Felipe Camarão","","RS","4314902","10M0G7W","NR","NSA","","2160","1970","300","FB","","","760","021521203257","12.8","30","68","0","X","43","083071803257","46","-30.03583","-51.20972","G","2023-08-16","2014-04-02","","4455f5f814310533","2038-04-30","","","Porto Alegre"
"LIC-LIC-01","TELEFONICA BRASIL S.A.","50409146366","010","48412023","699873940","Rua Felipe Camarão","","RS","4314902","10M0G7W","NR","NSA","","2160","1970","160","FB","","","760","021521203257","12.8","30","68","0","X","43","083071803257","46","-30.03583","-51.20972","G","2023-08-16","2014-04-02","","4455f5f814310534","2038-04-30","","","Porto Alegre"
"LIC-LIC-01","TELEFONICA BRASIL S.A.","50409146366","010","48412023","1001572359","RUA ALMIRANTE ABREU    299 (COND. ED. ORION)","PROPRIO","RS","4314902","10M0G7W","NR","SA-NSA","","2160","1970","100","FB","","","760","021521203257","14,70","27","64","0","X","47","036161403257","49","-30.03202","-51.19818","G","2024-10-10","2015-05-06","","4455f5f814310535","2038-04-30","","","Porto Alegre"
"LIC-LIC-01","TELEFONICA BRASIL S.A.","50409146366","010","48412023","1001572359","RUA ALMIRANTE ABREU    299 (COND. ED. ORION)","PROPRIO","RS","4314902","10M0G7W","NR","SA-NSA","","2160","1970","360","FB","","","760","021521203257","14,70","27","64","0","X","47","036161403257","49","-30.03202","-51.19818","G","2024-10-10","2015-05-06","","4455f5f814310536","2038-04-30","","","Porto Alegre"
"LIC-LIC-01","TELEFONICA BRASIL S.A.","50409146366","010","48412023","1001572359","RUA ALMIRANTE ABREU    299 (COND. ED. ORION)","PROPRIO","RS","4314902","10M0G7W","NR","SA-NSA","","2160","1970","220","FB","","","760","021521203257","14,70","27","64","0","X","47","036161403257","49","-30.03202","-51.19818","G","2024-10-10","2015-05-06","","4455f5f814310537","2038-04-30","","","Porto Alegre"
"LIC-LIC-01","TELEFONICA BRASIL S.A.","50409146366","010","105802021","1001572359","RUA ALMIRANTE ABREU    299 (COND. ED. ORION)","PROPRIO","RS","4314902","100MG7W","NR","SA-NSA","","3450","3450","360","FB","","","760","116652103257","25","25","105","0","X","47","116652103257","200","-30.03202","-51.19818","G","2024-10-10","2015-05-06","","4455f5f814310538","2041-12-08","","","Porto Alegre"
"LIC-LIC-01","TELEFONICA BRASIL S.A.","50409146366","010","105802021","1001572359","RUA ALMIRANTE ABREU    299 (COND. ED. ORION)","PROPRIO","RS","4314902","100MG7W","NR","SA-NSA","","3450","3450","100","FB","","","760","116652103257","25","25","105","0","X","47","116652103257","200","-30.03202","-51.19818","G","2024-10-10","2015-05-06","","4455f5f814310539","2041-12-08","","","Porto Alegre"
"LIC-LIC-01","TELEFONICA BRASIL S.A.","50409146366","010","105802021","1001572359","RUA ALMIRANTE ABREU    299 (COND. ED. ORION)","PROPRIO","RS","4314902","100MG7W","NR","SA-NSA","","3450","3450","220","FB","","","760","116652103257","25","25","105","0","X","47","116652103257","200","-30.03202","-51.19818","G","2024-10-10","2015-05-06","","4455f5f81431053a","2041-12-08","","","Porto Alegre"
"LIC-LIC-01","TIM S A","50409314250","010","105812021","659026767","Avenida Borges De Medeiros","","RS","4314902","100MG7W","NR","SA-NSA","","3550","3550","60","FB","","","760","116672103257","25","25","65","-1","X","35","116672103257","200","-30.036833","-51.228556","G","2024-03-15","2002-09-18","","fe0ff5f81a8dd38c","2041-12-08","","","Porto Alegre"
"LIC-LIC-01","TIM S A","50409314250","010","105812021","659026767","Avenida Borges De Medeiros","","RS","4314902","100MG7W","NR","SA-NSA","","3550","3550","150","FB","","","760","116672103257","25","25","65","-1","X","35","116672103257","200","-30.036833","-51.228556","G","2024-03-15","2002-09-18","","fe0ff5f81a8dd38d","2041-12-08","","","Porto Alegre"
"LIC-LIC-01","TIM S A","50409314250","010","105812021","659026767","Avenida Borges De Medeiros","","RS","4314902","100MG7W","NR","SA-NSA","","3550","3550","300","FB","","","760","116672103257","25","25","65","-1","X","35","116672103257","200","-30.036833","-51.228556","G","2024-03-15","2002-09-18","","fe0ff5f81a8dd38e","2041-12-08","","","Porto Alegre"
"LIC-LIC-01","TIM S A","50409314250","010","105812021","665601980","Rua Quintino Bandeira","-","RS","4314902","100MG7W","NR","SA-NSA","","3550","3550","0","FB","","","760","116672103257","25","25","65","-2","X","42","116672103257","200","-30.012583","-51.204417","G","2024-08-27","2002-09-18","","fe0ff5f81a8dd3b6","2041-12-08","","","Porto Alegre"
"LIC-LIC-01","TIM S A","50409314250","010","105812021","665601980","Rua Quintino Bandeira","-","RS","4314902","100MG7W","NR","SA-NSA","","3550","3550","105","FB","","","760","116672103257","25","25","65","-2","X","42","116672103257","200","-30.012583","-51.204417","G","2024-08-27","2002-09-18","","fe0ff5f81a8dd3b7","2041-12-08","","","Porto Alegre"
"LIC-LIC-01","TIM S A","50409314250","010","105812021","665601980","Rua Quintino Bandeira","-","RS","4314902","100MG7W","NR","SA-NSA","","3550","3550","255","FB","","","760","116672103257","25","25","65","-2","X","42","116672103257","200","-30.012583","-51.204417","G","2024-08-27","2002-09-18","","fe0ff5f81a8dd3b8","2041-12-08","","","Porto Alegre"
"LIC-LIC-01","TIM S A","50409314250","010","105812021","686893271","Avenida Cavalhada","-","RS","4314902","100MG7W","NR","SA-NSA","","3550","3550","20","FB","","","760","116672103257","25","25","65","-1","X","16","116672103257","200","-30.119889","-51.224889","G","2024-10-11","2005-06-10","","fe0ff5f81a8dd3dd","2041-12-08","","","Porto Alegre"
"LIC-LIC-01","TIM S A","50409314250","010","105812021","686893271","Avenida Cavalhada","-","RS","4314902","100MG7W","NR","SA-NSA","","3550","3550","90","FB","","","760","116672103257","25","25","65","-1","X","16","116672103257","200","-30.119889","-51.224889","G","2024-10-11","2005-06-10","","fe0ff5f81a8dd3de","2041-12-08","","","Porto Alegre"
"LIC-LIC-01","TIM S A","50409314250","010","105812021","686893271","Avenida Cavalhada","-","RS","4314902","100MG7W","NR","SA-NSA","","3550","3550","140","FB","","","760","116672103257","25","25","65","-1","X","16","116672103257","200","-30.119889","-51.224889","G","2024-10-11","2005-06-10","","fe0ff5f81a8dd3df","2041-12-08","","","Porto Alegre"
"LIC-LIC-01","TIM S A","50409314250","010","105812021","684134535","Rua Eng Vespucio De Abreu","-","RS","4314902","100MG7W","NR","SA-NSA","","3550","3550","60","FB","","","760","116672103257","25","25","65","-2","X","45","116672103257","200","-30.041472","-51.211167","G","2024-10-02","2003-12-18","","fe0ff5f81a8dd401","2041-12-08","","","Porto Alegre"
"LIC-LIC-01","TIM S A","50409314250","010","105812021","684134535","Rua Eng Vespucio De Abreu","-","RS","4314902","100MG7W","NR","SA-NSA","","3550","3550","220","FB","","","760","116672103257","25","25","65","-2","X","45","116672103257","200","-30.041472","-51.211167","G","2024-10-02","2003-12-18","","fe0ff5f81a8dd402","2041-12-08","","","Porto Alegre"
"LIC-LIC-01","TIM S A","50409314250","010","105812021","684134535","Rua Eng Vespucio De Abreu","-","RS","4314902","100MG7W","NR","SA-NSA","","3550","3550","330","FB","","","760","116672103257","25","25","65","-2","X","45","116672103257","200","-30.041472","-51.211167","G","2024-10-02","2003-12-18","","fe0ff5f81a8dd403","2041-12-08","","","Porto Alegre"
"LIC-LIC-01","TIM S A","50409314250","010","105812021","683243470","Rua Benno Mentz","-","RS","4314902","100MG7W","NR","SA-NSA","","3550","3550","30","FB","","","760","116672103257","25","25","65","-2","X","33","116672103257","200","-30.022","-51.146861","G","2024-09-05","2003-02-24","","fe0ff5f81a8dd449","2041-12-08","","","Porto Alegre"
"LIC-LIC-01","TIM S A","50409314250","010","105812021","683243470","Rua Benno Mentz","-","RS","4314902","100MG7W","NR","SA-NSA","","3550","3550","180","FB","","","760","116672103257","25","25","65","-1","X","33","116672103257","200","-30.022","-51.146861","G","2024-09-05","2003-02-24","","fe0ff5f81a8dd44a","2041-12-08","","","Porto Alegre"
"LIC-LIC-01","TIM S A","50409314250","010","105812021","683243470","Rua Benno Mentz","-","RS","4314902","100MG7W","NR","SA-NSA","","3550","3550","300","FB","","","760","116672103257","25","25","65","0","X","33","116672103257","200","-30.022","-51.146861","G","2024-09-05","2003-02-24","","fe0ff5f81a8dd44b","2041-12-08","","","Porto Alegre"
"LIC-LIC-01","TIM S A","50409314250","010","105812021","689896204","Rua Visconde De Pelotas","-","RS","4314902","10M0G7W","NR","SA-NSA","","3550","3550","160","FB","","","760","116672103257","25","25","65","-1","X","26,2","116672103257","200","-30.008056","-51.171972","G","2023-10-16","2007-12-26","","fe0ff5f81a8dd468","2031-03-11","","","Porto Alegre"
"LIC-LIC-01","TIM S A","50409314250","010","105812021","689896204","Rua Visconde De Pelotas","-","RS","4314902","10M0G7W","NR","SA-NSA","","3550","3550","290","FB","","","760","116672103257","25","25","65","-1","X","26,2","116672103257","200","-30.008056","-51.171972","G","2023-10-16","2007-12-26","","fe0ff5f81a8dd469","2031-03-11","","","Porto Alegre"
"LIC-LIC-01","TIM S A","50409314250","010","105812021","665601514","Rua Dos Andradas","-","RS","4314902","100MG7W","NR","SA-NSA","","3550","3550","50","FB","","","760","116672103257","25","25","65","-2","X","56","116672103257","200","-30.033472","-51.238083","G","2024-08-27","2002-09-18","","fe0ff5f81a8dd48e","2041-12-08","","","Porto Alegre"
"LIC-LIC-01","TIM S A","50409314250","010","105812021","665601514","Rua Dos Andradas","-","RS","4314902","100MG7W","NR","SA-NSA","","3550","3550","140","FB","","","760","116672103257","25","25","65","-2","X","56","116672103257","200","-30.033472","-51.238083","G","2024-08-27","2002-09-18","","fe0ff5f81a8dd48f","2041-12-08","","","Porto Alegre"
"LIC-LIC-01","TIM S A","50409314250","010","105812021","665601514","Rua Dos Andradas","-","RS","4314902","100MG7W","NR","SA-NSA","","3550","3550","260","FB","","","760","116672103257","25","25","65","-2","X","56","116672103257","200","-30.033472","-51.238083","G","2024-08-27","2002-09-18","","fe0ff5f81a8dd490","2041-12-08","","","Porto Alegre"
"LIC-LIC-01","TIM S A","50409314250","010","105812021","665601689","Rua Avai","-","RS","4314902","100MG7W","NR","SA-NSA","","3550","3550","60","FB","","","760","116672103257","25","25","65","-1","X","28","116672103257","200","-30.034139","-51.223472","G","2024-08-27","2002-09-18","","fe0ff5f81a8dd4b2","2041-12-08","","","Porto Alegre"
"LIC-LIC-01","TIM S A","50409314250","010","105812021","665601689","Rua Avai","-","RS","4314902","100MG7W","NR","SA-NSA","","3550","3550","160","FB","","","760","116672103257","25","25","65","-1","X","28","116672103257","200","-30.034139","-51.223472","G","2024-08-27","2002-09-18","","fe0ff5f81a8dd4b3","2041-12-08","","","Porto Alegre"
"LIC-LIC-01","TIM S A","50409314250","010","105812021","665601689","Rua Avai","-","RS","4314902","100MG7W","NR","SA-NSA","","3550","3550","270","FB","","","760","116672103257","25","25","65","-1","X","28","116672103257","200","-30.034139","-51.223472","G","2024-08-27","2002-09-18","","fe0ff5f81a8dd4b4","2041-12-08","","","Porto Alegre"
"LIC-LIC-01","TIM S A","50409314250","010","105812021","689956010","Rua Cipo","-","RS","4314902","100MG7W","NR","SA-NSA","","3550","3550","40","FB","","","760","116672103257","25","25","65","-2","X","28","116672103257","200","-30.020583","-51.163194","G","2024-10-11","2008-01-25","","fe0ff5f81a8dd55a","2041-12-08","","","Porto Alegre"
"LIC-LIC-01","TIM S A","50409314250","010","105812021","689956010","Rua Cipo","-","RS","4314902","100MG7W","NR","SA-NSA","","3550","3550","110","FB","","","760","116672103257","25","25","65","-2","X","28","116672103257","200","-30.020583","-51.163194","G","2024-10-11","2008-01-25","","fe0ff5f81a8dd55b","2041-12-08","","","Porto Alegre"
"LIC-LIC-01","TIM S A","50409314250","010","105812021","689956010","Rua Cipo","-","RS","4314902","100MG7W","NR","SA-NSA","","3550","3550","315","FB","","","760","116672103257","25","25","65","-2","X","28","116672103257","200","-30.020583","-51.163194","G","2024-10-11","2008-01-25","","fe0ff5f81a8dd55c","2041-12-08","","","Porto Alegre"
"LIC-LIC-01","TIM S A","50409314250","010","105812021","659026872","Rua Sao Carlos","-","RS","4314902","100MG7W","NR","SA-NSA","","3550","3550","40","FB","","","760","116672103257","25","25","65","-2","X","48","116672103257","200","-30.020972","-51.210028","G","2024-08-27","2002-09-18","","fe0ff5f81a8dd57e","2041-12-08","","","Porto Alegre"
"LIC-LIC-01","TIM S A","50409314250","010","105812021","659026872","Rua Sao Carlos","-","RS","4314902","100MG7W","NR","SA-NSA","","3550","3550","170","FB","","","760","116672103257","25","25","65","-1","X","48","116672103257","200","-30.020972","-51.210028","G","2024-08-27","2002-09-18","","fe0ff5f81a8dd57f","2041-12-08","","","Porto Alegre"
"LIC-LIC-01","TIM S A","50409314250","010","105812021","659026872","Rua Sao Carlos","-","RS","4314902","100MG7W","NR","SA-NSA","","3550","3550","280","FB","","","760","116672103257","25","25","65","-2","X","48","116672103257","200","-30.020972","-51.210028","G","2024-08-27","2002-09-18","","fe0ff5f81a8dd580","2041-12-08","","","Porto Alegre"
"LIC-LIC-01","TIM S A","50409314250","010","105812021","684134551","Rua 24 De Outubro","-","RS","4314902","10M0G7W","NR","SA-NSA","","3550","3550","55","FB","","","760","116672103257","25","25","65","-4","X","48.3","116672103257","200","-30.021961","-51.192414","G","2023-10-16","2003-12-18","","fe0ff5f81a8dd59f","2031-03-11","","","Porto Alegre"
"LIC-LIC-01","TIM S A","50409314250","010","105812021","684134551","Rua 24 De Outubro","-","RS","4314902","10M0G7W","NR","SA-NSA","","3550","3550","130","FB","","","760","116672103257","25","25","65","-2","X","48.3","116672103257","200","-30.021961","-51.192414","G","2023-10-16","2003-12-18","","fe0ff5f81a8dd5a0","2031-03-11","","","Porto Alegre"
"LIC-LIC-01","TIM S A","50409314250","010","105812021","684134551","Rua 24 De Outubro","-","RS","4314902","10M0G7W","NR","SA-NSA","","3550","3550","210","FB","","","760","116672103257","25","25","65","-1","X","48.3","116672103257","200","-30.021961","-51.192414","G","2023-10-16","2003-12-18","","fe0ff5f81a8dd5a1","2031-03-11","","","Porto Alegre"
"LIC-LIC-01","TIM S A","50409314250","010","105812021","690996756","Rua Santa Rosa De Lima","-","RS","4314902","100MG7W","NR","SA-NSA","","3550","3550","90","FB","","","760","116672103257","25","25","65","-5","X","25","116672103257","200","-29.992944","-51.096917","G","2024-10-11","2008-12-18","","fe0ff5f81a8dd5e7","2041-12-08","","","Porto Alegre"
"LIC-LIC-01","TIM S A","50409314250","010","105812021","690996756","Rua Santa Rosa De Lima","-","RS","4314902","100MG7W","NR","SA-NSA","","3550","3550","200","FB","","","760","116672103257","25","25","65","-5","X","25","116672103257","200","-29.992944","-51.096917","G","2024-10-11","2008-12-18","","fe0ff5f81a8dd5e8","2041-12-08","","","Porto Alegre"
"LIC-LIC-01","TIM S A","50409314250","010","105812021","690996756","Rua Santa Rosa De Lima","-","RS","4314902","100MG7W","NR","SA-NSA","","3550","3550","290","FB","","","760","116672103257","25","25","65","-5","X","25","116672103257","200","-29.992944","-51.096917","G","2024-10-11","2008-12-18","","fe0ff5f81a8dd5e9","2041-12-08","","","Porto Alegre"
"LIC-LIC-01","TIM S A","50409314250","010","105812021","689873050","Rua Doutor Joao Dutra","-","RS","4314902","100MG7W","NR","SA-NSA","","3550","3550","30","FB","","","760","116672103257","25","25","65","-1","X","45","116672103257","200","-30.045278","-51.193917","G","2024-10-11","2007-12-07","","fe0ff5f81a8dd608","2041-12-08","","","Porto Alegre"
"LIC-LIC-01","TIM S A","50409314250","010","105812021","689873050","Rua Doutor Joao Dutra","-","RS","4314902","100MG7W","NR","SA-NSA","","3550","3550","150","FB","","","760","116672103257","25","25","65","-1","X","45","116672103257","200","-30.045278","-51.193917","G","2024-10-11","2007-12-07","","fe0ff5f81a8dd609","2041-12-08","","","Porto Alegre"
"LIC-LIC-01","TIM S A","50409314250","010","105812021","689873050","Rua Doutor Joao Dutra","-","RS","4314902","100MG7W","NR","SA-NSA","","3550","3550","290","FB","","","760","116672103257","25","25","65","-1","X","45","116672103257","200","-30.045278","-51.193917","G","2024-10-11","2007-12-07","","fe0ff5f81a8dd60a","2041-12-08","","","Porto Alegre"
"LIC-LIC-01","TIM S A","50409314250","010","105812021","674612264","Praça Julio De Castilhos","-","RS","4314902","10M0G7W","NR","SA-NSA","","3550","3550","330","FB","","","760","116672103257","25","25","65","-2","X","51","116672103257","200","-30.028778","-51.208139","G","2023-10-16","2002-09-18","","fe0ff5f81a8dd629","2031-03-11","","","Porto Alegre"
"LIC-LIC-01","TIM S A","50409314250","010","105812021","674612264","Praça Julio De Castilhos","-","RS","4314902","10M0G7W","NR","SA-NSA","","3550","3550","60","FB","","","760","116672103257","25","25","65","-2","X","51","116672103257","200","-30.028778","-51.208139","G","2023-10-16","2002-09-18","","fe0ff5f81a8dd62a","2031-03-11","","","Porto Alegre"
"LIC-LIC-01","TIM S A","50409314250","010","105812021","674612264","Praça Julio De Castilhos","-","RS","4314902","10M0G7W","NR","SA-NSA","","3550","3550","210","FB","","","760","116672103257","25","25","65","-2","X","51","116672103257","200","-30.028778","-51.208139","G","2023-10-16","2002-09-18","","fe0ff5f81a8dd62b","2031-03-11","","","Porto Alegre"
"LIC-LIC-01","TIM S A","50409314250","010","105812021","674612205","Avenida Salgado Filho","0","RS","4314902","100MG7W","NR","SA-NSA","","3550","3550","30","FB","","","760","116672103257","25","25","65","-2","X","62","116672103257","200","-30.030833","-51.224417","G","2024-08-27","2002-09-18","","fe0ff5f81a9039e1","2041-12-08","","","Porto Alegre"
"LIC-LIC-01","TIM S A","50409314250","010","105812021","674612205","Avenida Salgado Filho","0","RS","4314902","100MG7W","NR","SA-NSA","","3550","3550","150","FB","","","760","116672103257","25","25","65","-4","X","62","116672103257","200","-30.030833","-51.224417","G","2024-08-27","2002-09-18","","fe0ff5f81a9039e2","2041-12-08","","","Porto Alegre"
"LIC-LIC-01","TIM S A","50409314250","010","105812021","674612205","Avenida Salgado Filho","0","RS","4314902","100MG7W","NR","SA-NSA","","3550","3550","270","FB","","","760","116672103257","25","25","65","-2","X","59","116672103257","200","-30.030833","-51.224417","G","2024-08-27","2002-09-18","","fe0ff5f81a9039e3","2041-12-08","","","Porto Alegre"
"LIC-LIC-01","TIM S A","50409314250","010","105812021","674612248","Praça 15 De Novembro","-","RS","4314902","10M0G7W","NR","SA-NSA","","3550","3550","60","FB","","","760","116672103257","25","25","65","-2","X","68","116672103257","200","-30.028472","-51.227806","G","2023-10-16","2002-09-18","","fe0ff5f81a903a02","2031-03-11","","","Porto Alegre"
"LIC-LIC-01","TIM S A","50409314250","010","105812021","674612248","Praça 15 De Novembro","-","RS","4314902","10M0G7W","NR","SA-NSA","","3550","3550","160","FB","","","760","116672103257","25","25","65","-2","X","68","116672103257","200","-30.028472","-51.227806","G","2023-10-16","2002-09-18","","fe0ff5f81a903a03","2031-03-11","","","Porto Alegre"
"LIC-LIC-01","TIM S A","50409314250","010","105812021","674612248","Praça 15 De Novembro","-","RS","4314902","10M0G7W","NR","SA-NSA","","3550","3550","310","FB","","","760","116672103257","25","25","65","-2","X","63","116672103257","200","-30.028472","-51.227806","G","2023-10-16","2002-09-18","","fe0ff5f81a903a04","2031-03-11","","","Porto Alegre"
"LIC-LIC-01","TIM S A","50409314250","010","105812021","684581779","Rua Caldas Junior","-","RS","4314902","10M0G7W","NR","SA-NSA","","3550","3550","50","FB","","","760","116672103257","25","25","65","-1","X","47","116672103257","200","-30.028444","-51.232278","G","2023-10-16","2004-07-15","","fe0ff5f81a903a23","2031-03-11","","","Porto Alegre"
"LIC-LIC-01","TIM S A","50409314250","010","105812021","684581779","Rua Caldas Junior","-","RS","4314902","10M0G7W","NR","SA-NSA","","3550","3550","150","FB","","","760","116672103257","25","25","65","-1","X","47","116672103257","200","-30.028444","-51.232278","G","2023-10-16","2004-07-15","","fe0ff5f81a903a24","2031-03-11","","","Porto Alegre"
"LIC-LIC-01","TIM S A","50409314250","010","105812021","684581779","Rua Caldas Junior","-","RS","4314902","10M0G7W","NR","SA-NSA","","3550","3550","210","FB","","","760","116672103257","25","25","65","-1","X","47","116672103257","200","-30.028444","-51.232278","G","2023-10-16","2004-07-15","","fe0ff5f81a903a25","2031-03-11","","","Porto Alegre"
"LIC-LIC-01","TIM S A","50409314250","010","105812021","683573888","Rua Jari","-","RS","4314902","100MG7W","NR","SA-NSA","","3550","3550","240","FB","","","760","116672103257","25","25","65","-2","X","54.8","116672103257","200","-30.015389","-51.1685","G","2024-09-05","2003-07-21","","fe0ff5f81a903a48","2041-12-08","","","Porto Alegre"
"LIC-LIC-01","TIM S A","50409314250","010","105812021","683573888","Rua Jari","-","RS","4314902","100MG7W","NR","SA-NSA","","3550","3550","320","FB","","","760","116672103257","25","25","65","-2","X","54.8","116672103257","200","-30.015389","-51.1685","G","2024-09-05","2003-07-21","","fe0ff5f81a903a49","2041-12-08","","","Porto Alegre"
"LIC-LIC-01","TIM S A","50409314250","010","105812021","674612272","Rua Florencio Farias","-","RS","4314902","100MG7W","NR","SA-NSA","","3550","3550","70","FB","","","760","116672103257","25","25","65","-1","X","57","116672103257","200","-30.028889","-51.202806","G","2024-08-27","2005-09-27","","fe0ff5f81a903aae","2041-12-08","","","Porto Alegre"
"LIC-LIC-01","TIM S A","50409314250","010","105812021","674612272","Rua Florencio Farias","-","RS","4314902","100MG7W","NR","SA-NSA","","3550","3550","180","FB","","","760","116672103257","25","25","65","-1","X","57","116672103257","200","-30.028889","-51.202806","G","2024-08-27","2005-09-27","","fe0ff5f81a903aaf","2041-12-08","","","Porto Alegre"
"LIC-LIC-01","TIM S A","50409314250","010","105812021","674612272","Rua Florencio Farias","-","RS","4314902","100MG7W","NR","SA-NSA","","3550","3550","310","FB","","","760","116672103257","25","25","65","-1","X","57","116672103257","200","-30.028889","-51.202806","G","2024-08-27","2005-09-27","","fe0ff5f81a903ab0","2041-12-08","","","Porto Alegre"
"LIC-LIC-01","TIM S A","50409314250","010","105812021","688797229","Rua Silverio","-","RS","4314902","10M0G7W","NR","SA-NSA","","3550","3550","340","FB","","","760","116672103257","25","25","65","0","X","26.5","116672103257","200","-30.062944","-51.229389","G","2023-10-16","2006-12-15","","fe0ff5f81a903acf","2031-03-11","","","Porto Alegre"
"LIC-LIC-01","TIM S A","50409314250","010","105812021","688797229","Rua Silverio","-","RS","4314902","10M0G7W","NR","SA-NSA","","3550","3550","60","FB","","","760","116672103257","25","25","65","0","X","26.5","116672103257","200","-30.062944","-51.229389","G","2023-10-16","2006-12-15","","fe0ff5f81a903ad0","2031-03-11","","","Porto Alegre"
"LIC-LIC-01","TIM S A","50409314250","010","105812021","688797229","Rua Silverio","-","RS","4314902","10M0G7W","NR","SA-NSA","","3550","3550","200","FB","","","760","116672103257","25","25","65","0","X","26.5","116672103257","200","-30.062944","-51.229389","G","2023-10-16","2006-12-15","","fe0ff5f81a903ad1","2031-03-11","","","Porto Alegre"
"LIC-LIC-01","TIM S A","50409314250","010","105812021","665601646","Rua 4 Jacos","-","RS","4314902","100MG7W","NR","SA-NSA","","3550","3550","30","FB","","","760","116652103257","25","25","65","-1","X","30","116652103257","200","-30.044639","-51.221833","G","2024-08-27","2002-09-18","","fe0ff5f81a903af0","2041-12-08","","","Porto Alegre"
"LIC-LIC-01","TIM S A","50409314250","010","105812021","665601646","Rua 4 Jacos","-","RS","4314902","100MG7W","NR","SA-NSA","","3550","3550","140","FB","","","760","116652103257","25","25","65","-1","X","30","116652103257","200","-30.044639","-51.221833","G","2024-08-27","2002-09-18","","fe0ff5f81a903af1","2041-12-08","","","Porto Alegre"
"LIC-LIC-01","TIM S A","50409314250","010","105812021","665601646","Rua 4 Jacos","-","RS","4314902","100MG7W","NR","SA-NSA","","3550","3550","270","FB","","","760","116652103257","25","25","65","-1","X","30","116652103257","200","-30.044639","-51.221833","G","2024-08-27","2002-09-18","","fe0ff5f81a903af2","2041-12-08","","","Porto Alegre"
"LIC-LIC-01","TIM S A","50409314250","010","105812021","665714289","Rua Visconde Do Herval","-","RS","4314902","100MG7W","NR","SA-NSA","","3550","3550","20","FB","","","760","116652103257","25","25","65","0","X","30","116652103257","200","-30.05375","-51.216556","G","2024-08-27","2002-09-18","","fe0ff5f81a903b11","2041-12-08","","","Porto Alegre"
"LIC-LIC-01","TIM S A","50409314250","010","105812021","665714289","Rua Visconde Do Herval","-","RS","4314902","100MG7W","NR","SA-NSA","","3550","3550","150","FB","","","760","116652103257","25","25","65","0","X","30","116652103257","200","-30.05375","-51.216556","G","2024-08-27","2002-09-18","","fe0ff5f81a903b12","2041-12-08","","","Porto Alegre"
"LIC-LIC-01","TIM S A","50409314250","010","105812021","665714289","Rua Visconde Do Herval","-","RS","4314902","100MG7W","NR","SA-NSA","","3550","3550","230","FB","","","760","116652103257","25","25","65","0","X","30","116652103257","200","-30.05375","-51.216556","G","2024-08-27","2002-09-18","","fe0ff5f81a903b13","2041-12-08","","","Porto Alegre"
"LIC-LIC-01","TIM S A","50409314250","010","105812021","682860794","Rua Alberto Rangel","-","RS","4314902","100MG7W","NR","SA-NSA","","3550","3550","30","FB","","","760","116672103257","25","25","65","-3","X","36.5","116672103257","200","-30.010361","-51.097861","G","2024-09-05","2002-11-20","","fe0ff5f81a903bb4","2041-12-08","","","Porto Alegre"
"LIC-LIC-01","TIM S A","50409314250","010","105812021","682860794","Rua Alberto Rangel","-","RS","4314902","100MG7W","NR","SA-NSA","","3550","3550","130","FB","","","760","116672103257","25","25","65","-3","X","36.5","116672103257","200","-30.010361","-51.097861","G","2024-09-05","2002-11-20","","fe0ff5f81a903bb5","2041-12-08","","","Porto Alegre"
"LIC-LIC-01","TIM S A","50409314250","010","105812021","682860794","Rua Alberto Rangel","-","RS","4314902","100MG7W","NR","SA-NSA","","3550","3550","260","FB","","","760","116672103257","25","25","65","-4","X","36.5","116672103257","200","-30.010361","-51.097861","G","2024-09-05","2002-11-20","","fe0ff5f81a903bb6","2041-12-08","","","Porto Alegre"
"LIC-LIC-01","TIM S A","50409314250","010","105812021","674614488","Rua Sao Manoel","-","RS","4314902","10M0G7W","NR","SA-NSA","","3550","3550","30","FB","","","760","116672103257","25","25","65","-3","X","36.5","116672103257","200","-30.045083","-51.20444","G","2023-10-16","2002-09-18","","fe0ff5f81a903bd8","2031-03-11","","","Porto Alegre"
"LIC-LIC-01","TIM S A","50409314250","010","105812021","674614488","Rua Sao Manoel","-","RS","4314902","10M0G7W","NR","SA-NSA","","3550","3550","130","FB","","","760","116672103257","25","25","65","-3","X","36.5","116672103257","200","-30.045083","-51.20444","G","2023-10-16","2002-09-18","","fe0ff5f81a903bd9","2031-03-11","","","Porto Alegre"
"LIC-LIC-01","TIM S A","50409314250","010","105812021","674614488","Rua Sao Manoel","-","RS","4314902","10M0G7W","NR","SA-NSA","","3550","3550","260","FB","","","760","116672103257","25","25","65","-4","X","36.5","116672103257","200","-30.045083","-51.20444","G","2023-10-16","2002-09-18","","fe0ff5f81a903bda","2031-03-11","","","Porto Alegre"
"LIC-LIC-01","TIM S A","50409314250","010","105812021","659026724","Avenida Bento Gonçalves","-","RS","4314902","100MG7W","NR","SA-NSA","","3550","3550","35","FB","","","760","116672103257","25","25","65","0","X","28","116672103257","200","-30.056722","-51.198056","G","2024-08-27","2002-09-18","","fe0ff5f81a903bfc","2041-12-08","","","Porto Alegre"
"LIC-LIC-01","TIM S A","50409314250","010","105812021","659026724","Avenida Bento Gonçalves","-","RS","4314902","100MG7W","NR","SA-NSA","","3550","3550","150","FB","","","760","116672103257","25","25","65","-1","X","28","116672103257","200","-30.056722","-51.198056","G","2024-08-27","2002-09-18","","fe0ff5f81a903bfd","2041-12-08","","","Porto Alegre"
"LIC-LIC-01","TIM S A","50409314250","010","105812021","659026724","Avenida Bento Gonçalves","-","RS","4314902","100MG7W","NR","SA-NSA","","3550","3550","300","FB","","","760","116672103257","25","25","65","-1","X","28","116672103257","200","-30.056722","-51.198056","G","2024-08-27","2002-09-18","","fe0ff5f81a903bfe","2041-12-08","","","Porto Alegre"
"LIC-LIC-01","TIM S A","50409314250","010","105812021","683775502","Rua Fernando Abbott","-","RS","4314902","100MG7W","NR","SA-NSA","","3550","3550","350","FB","","","760","116672103257","25","25","65","-5","X","28","116672103257","200","-30.008222","-51.159722","G","2024-09-05","2003-09-29","","fe0ff5f81a903c20","2041-12-08","","","Porto Alegre"
"LIC-LIC-01","TIM S A","50409314250","010","105812021","683775502","Rua Fernando Abbott","-","RS","4314902","100MG7W","NR","SA-NSA","","3550","3550","140","FB","","","760","116672103257","25","25","65","-5","X","28","116672103257","200","-30.008222","-51.159722","G","2024-09-05","2003-09-29","","fe0ff5f81a903c21","2041-12-08","","","Porto Alegre"
"LIC-LIC-01","TIM S A","50409314250","010","105812021","683775502","Rua Fernando Abbott","-","RS","4314902","100MG7W","NR","SA-NSA","","3550","3550","260","FB","","","760","116672103257","25","25","65","-5","X","28","116672103257","200","-30.008222","-51.159722","G","2024-09-05","2003-09-29","","fe0ff5f81a903c22","2041-12-08","","","Porto Alegre"
"LIC-LIC-01","TIM S A","50409314250","010","105812021","684403846","Rua Guilherme Schell","-","RS","4314902","100MG7W","NR","SA-NSA","","3550","3550","30","FB","","","760","116672103257","25","25","65","-3","X","36.5","116672103257","200","-30.054972","-51.207167","G","2024-09-05","2008-04-17","","fe0ff5f81a903c95","2041-12-08","","","Porto Alegre"
"LIC-LIC-01","TIM S A","50409314250","010","105812021","684403846","Rua Guilherme Schell","-","RS","4314902","100MG7W","NR","SA-NSA","","3550","3550","130","FB","","","760","116672103257","25","25","65","-3","X","36.5","116672103257","200","-30.054972","-51.207167","G","2024-09-05","2008-04-17","","fe0ff5f81a903c96","2041-12-08","","","Porto Alegre"
"LIC-LIC-01","TIM S A","50409314250","010","105812021","684403846","Rua Guilherme Schell","-","RS","4314902","100MG7W","NR","SA-NSA","","3550","3550","260","FB","","","760","116672103257","25","25","65","-4","X","36.5","116672103257","200","-30.054972","-51.207167","G","2024-09-05","2008-04-17","","fe0ff5f81a903c97","2041-12-08","","","Porto Alegre"
"LIC-LIC-01","TIM S A","50409314250","010","105812021","691049971","Avenida Diario De Noticias","-","RS","4314902","100MG7W","NR","SA-NSA","","3550","3550","0","FB","","","760","116672103257","25","25","65","-4","X","4","116672103257","0.25","-30.085489","-51.246128","E","2024-10-11","2009-02-09","","fe0ff5f81add5ed1","2041-12-08","","","Porto Alegre"
"LIC-LIC-01","TIM S A","50409314250","010","105812021","691049971","Avenida Diario De Noticias","-","RS","4314902","100MG7W","NR","SA-NSA","","3550","3550","120","FB","","","760","116672103257","25","25","65","-4","X","4","116672103257","0.25","-30.085489","-51.246128","E","2024-10-11","2009-02-09","","fe0ff5f81add5ed2","2041-12-08","","","Porto Alegre"
"LIC-LIC-01","TIM S A","50409314250","010","105812021","691049971","Avenida Diario De Noticias","-","RS","4314902","100MG7W","NR","SA-NSA","","3550","3550","240","FB","","","760","116672103257","25","25","65","-4","X","4","116672103257","0.25","-30.085489","-51.246128","E","2024-10-11","2009-02-09","","fe0ff5f81add5ed3","2041-12-08","","","Porto Alegre"
"LIC-LIC-01","TIM S A","50409314250","010","105812021","688743781","Rua Ouro Preto","-","RS","4314902","100MG7W","NR","SA-NSA","","3550","3550","30","FB","","","760","116672103257","25","25","65","0","X","18","116672103257","200","-30.002556","-51.154611","G","2024-10-11","2006-10-23","","fe0ff5f81add5ef5","2041-12-08","","","Porto Alegre"
"LIC-LIC-01","TIM S A","50409314250","010","105812021","688743781","Rua Ouro Preto","-","RS","4314902","100MG7W","NR","SA-NSA","","3550","3550","120","FB","","","760","116672103257","25","25","65","0","X","18","116672103257","200","-30.002556","-51.154611","G","2024-10-11","2006-10-23","","fe0ff5f81add5ef6","2041-12-08","","","Porto Alegre"
"LIC-LIC-01","TIM S A","50409314250","010","105812021","688743781","Rua Ouro Preto","-","RS","4314902","100MG7W","NR","SA-NSA","","3550","3550","270","FB","","","760","116672103257","25","25","65","0","X","18","116672103257","200","-30.002556","-51.154611","G","2024-10-11","2006-10-23","","fe0ff5f81add5ef7","2041-12-08","","","Porto Alegre"
"LIC-LIC-01","TIM S A","50409314250","010","105812021","684134608","Avenida Farrapos","-","RS","4314902","100MG7W","NR","SA-NSA","","3550","3550","10","FB","","","760","116672103257","25","25","65","-2","X","33.5","116672103257","200","-30.000444","-51.199083","G","2024-10-11","2003-12-18","","fe0ff5f81add5f19","2041-12-08","","","Porto Alegre"
"LIC-LIC-01","TIM S A","50409314250","010","105812021","684134608","Avenida Farrapos","-","RS","4314902","100MG7W","NR","SA-NSA","","3550","3550","145","FB","","","760","116672103257","25","25","65","-2","X","33.5","116672103257","200","-30.000444","-51.199083","G","2024-10-11","2003-12-18","","fe0ff5f81add5f1a","2041-12-08","","","Porto Alegre"
"LIC-LIC-01","TIM S A","50409314250","010","105812021","684134608","Avenida Farrapos","-","RS","4314902","100MG7W","NR","SA-NSA","","3550","3550","230","FB","","","760","116672103257","25","25","65","-2","X","33.5","116672103257","200","-30.000444","-51.199083","G","2024-10-11","2003-12-18","","fe0ff5f81add5f1b","2041-12-08","","","Porto Alegre"
"LIC-LIC-01","TIM S A","50409314250","010","105812021","674657691","Avenida Assis Brasil","-","RS","4314902","100MG7W","NR","SA-NSA","","3550","3550","10","FB","","","760","116672103257","25","25","65","-1","X","21.5","116672103257","200","-29.996472","-51.130444","G","2024-10-11","2002-09-18","","fe0ff5f81add5f3d","2041-12-08","","","Porto Alegre"
"LIC-LIC-01","TIM S A","50409314250","010","105812021","674657691","Avenida Assis Brasil","-","RS","4314902","100MG7W","NR","SA-NSA","","3550","3550","75","FB","","","760","116672103257","25","25","65","0","X","21.5","116672103257","200","-29.996472","-51.130444","G","2024-10-11","2002-09-18","","fe0ff5f81add5f3e","2041-12-08","","","Porto Alegre"
"LIC-LIC-01","TIM S A","50409314250","010","105812021","674657691","Avenida Assis Brasil","-","RS","4314902","100MG7W","NR","SA-NSA","","3550","3550","240","FB","","","760","116672103257","25","25","65","0","X","21.5","116672103257","200","-29.996472","-51.130444","G","2024-10-11","2002-09-18","","fe0ff5f81add5f3f","2041-12-08","","","Porto Alegre"
"LIC-LIC-01","TIM S A","50409314250","010","105812021","1014055706","AVENIDA PRAIA DE BELAS","0","RS","4314902","100MG7W","NR","SA-NSA","","3550","3550","0","FB","","","760","116672103257","25","25","65","-4","X","4","116672103257","0.25","-30.049972","-51.228639","E","2023-09-05","2022-07-28","","c973f5f81e301466","2038-04-30","","","Porto Alegre"
"LIC-LIC-01","TIM S A","50409314250","010","105812021","1014055706","AVENIDA PRAIA DE BELAS","0","RS","4314902","100MG7W","NR","SA-NSA","","3550","3550","120","FB","","","760","116672103257","25","25","65","-4","X","4","116672103257","0.25","-30.049972","-51.228639","E","2023-09-05","2022-07-28","","c973f5f81e301467","2038-04-30","","","Porto Alegre"
"LIC-LIC-01","TIM S A","50409314250","010","105812021","1014055706","AVENIDA PRAIA DE BELAS","0","RS","4314902","100MG7W","NR","SA-NSA","","3550","3550","240","FB","","","760","116672103257","25","25","65","-4","X","4","116672103257","0.25","-30.049972","-51.228639","E","2023-09-05","2022-07-28","","c973f5f81e301468","2038-04-30","","","Porto Alegre"
"LIC-LIC-01","TIM S A","50409314250","010","105812021","1013199798","Rua Onze De Agosto","","RS","4314902","100MG7W","NR","SA-NSA","","3550","3550","90","FB","","","760","30922202519","24.4","25","65","0","X","34","30922202519","200","-30.00661","-51.18706","G","2024-08-16","2022-06-21","","9f1962a8fde4e614","2041-12-08","","","Porto Alegre"
"LIC-LIC-01","TIM S A","50409314250","010","105812021","1013199798","Rua Onze De Agosto","","RS","4314902","100MG7W","NR","SA-NSA","","3550","3550","220","FB","","","760","30922202519","24.4","25","65","0","X","34","30922202519","200","-30.00661","-51.18706","G","2024-08-16","2022-06-21","","9f1962a8fde4e615","2041-12-08","","","Porto Alegre"
"LIC-LIC-01","TIM S A","50409314250","010","105812021","1013199798","Rua Onze De Agosto","","RS","4314902","100MG7W","NR","SA-NSA","","3550","3550","300","FB","","","760","30922202519","24.4","25","65","0","X","34","30922202519","200","-30.00661","-51.18706","G","2024-08-16","2022-06-21","","9f1962a8fde4e616","2041-12-08","","","Porto Alegre"
"LIC-LIC-01","TELEFONICA BRASIL S.A.","50409146366","010","105802021","5185386","Rua 7 de Setembro","","RS","4314902","100MG7W","NR","SA-NSA","","3450","3450","135","FB","","","760","1900-03-03","25","25","105","0","X","51","116652103257","200","-30.02972","-51.23361","G","2023-10-30","1999-10-05","","1253f5f800d21add","2041-12-08","","","Porto Alegre"
"LIC-LIC-01","TELEFONICA BRASIL S.A.","50409146366","010","105802021","5185386","Rua 7 de Setembro","","RS","4314902","100MG7W","NR","SA-NSA","","3450","3450","220","FB","","","760","1900-03-03","25","25","105","0","X","51","116652103257","200","-30.02972","-51.23361","G","2023-10-30","1999-10-05","","1253f5f800d21ade","2041-12-08","","","Porto Alegre"
"LIC-LIC-01","TELEFONICA BRASIL S.A.","50409146366","010","105802021","5185386","Rua 7 de Setembro","","RS","4314902","100MG7W","NR","SA-NSA","","3450","3450","45","FB","","","760","1900-03-03","25","25","105","0","X","51","116652103257","200","-30.02972","-51.23361","G","2023-10-30","1999-10-05","","1253f5f800d21adf","2041-12-08","","","Porto Alegre"
"LIC-LIC-01","TELEFONICA BRASIL S.A.","50409146366","010","105802021","1000732700","RUA MARIANTE","RBR-NÃO","RS","4314902","100MG7W","NR","SA-NSA","","3450","3450","30","FB","","","760","1900-03-03","25","25","105","0","X","40","116652103257","200","-30.03722","-51.20417","G","2023-09-27","2021-09-09","","1253f5f800d21ae0","2041-12-08","","","Porto Alegre"
"LIC-LIC-01","TELEFONICA BRASIL S.A.","50409146366","010","105802021","1000732700","RUA MARIANTE","RBR-NÃO","RS","4314902","100MG7W","NR","SA-NSA","","3450","3450","120","FB","","","760","1900-03-03","25","25","105","0","X","40","116652103257","200","-30.03722","-51.20417","G","2023-09-27","2021-09-09","","1253f5f800d21ae1","2041-12-08","","","Porto Alegre"
"LIC-LIC-01","TELEFONICA BRASIL S.A.","50409146366","010","105802021","1000732700","RUA MARIANTE","RBR-NÃO","RS","4314902","100MG7W","NR","SA-NSA","","3450","3450","250","FB","","","760","1900-03-03","25","25","105","0","X","40","116652103257","200","-30.03722","-51.20417","G","2023-09-27","2021-09-09","","1253f5f800d21ae2","2041-12-08","","","Porto Alegre"
"LIC-LIC-01","TELEFONICA BRASIL S.A.","50409146366","010","105802021","688836410","RUA GENERAL NETTO","","RS","4314902","100MG7W","NR","SA-NSA","","3450","3450","60","FB","","","760","1900-03-03","25","25","105","0","X","24","116652103257","200","-30.02417","-51.20889","G","2023-08-02","2006-11-30","","1253f5f800d21ae3","2041-12-08","","","Porto Alegre"
"LIC-LIC-01","TELEFONICA BRASIL S.A.","50409146366","010","105802021","688836410","RUA GENERAL NETTO","","RS","4314902","100MG7W","NR","SA-NSA","","3450","3450","165","FB","","","760","1900-03-03","25","25","105","0","X","24","116652103257","200","-30.02417","-51.20889","G","2023-08-02","2006-11-30","","1253f5f800d21ae4","2041-12-08","","","Porto Alegre"
"LIC-LIC-01","TELEFONICA BRASIL S.A.","50409146366","010","105802021","688836410","RUA GENERAL NETTO","","RS","4314902","100MG7W","NR","SA-NSA","","3450","3450","240","FB","","","760","1900-03-03","25","25","105","2","X","24","116652103257","200","-30.02417","-51.20889","G","2023-08-02","2006-11-30","","1253f5f800d21ae5","2041-12-08","","","Porto Alegre"
"LIC-LIC-01","TELEFONICA BRASIL S.A.","50409146366","010","105802021","5186315","Rua Laurindo","","RS","4314902","100MG7W","NR","SA-NSA","","3450","3450","140","FB","","","760","1900-03-03","25","25","105","0","X","30","116652103257","200","-30.04194","-51.21056","G","2023-07-13","1999-10-05","","1253f5f800d21ae6","2041-12-08","","","Porto Alegre"
"LIC-LIC-01","TELEFONICA BRASIL S.A.","50409146366","010","105802021","5186315","Rua Laurindo","","RS","4314902","100MG7W","NR","SA-NSA","","3450","3450","260","FB","","","760","1900-03-03","25","25","105","0","X","30","116652103257","200","-30.04194","-51.21056","G","2023-07-13","1999-10-05","","1253f5f800d21ae7","2041-12-08","","","Porto Alegre"
"LIC-LIC-01","TELEFONICA BRASIL S.A.","50409146366","010","105802021","5186315","Rua Laurindo","","RS","4314902","100MG7W","NR","SA-NSA","","3450","3450","30","FB","","","760","1900-03-03","25","25","105","0","X","30","116652103257","200","-30.04194","-51.21056","G","2023-07-13","1999-10-05","","1253f5f800d21ae8","2041-12-08","","","Porto Alegre"
"LIC-LIC-01","TELEFONICA BRASIL S.A.","50409146366","010","105802021","699802296","Rua Furriel Luiz Antônio de Vargas","","RS","4314902","100MG7W","NR","SA-NSA","","3450","3450","360","FB","","","760","1900-03-03","25","25","105","0","X","54","116652103257","200","-30.02722","-51.18222","G","2023-08-16","2014-03-13","","1253f5f800d21aec","2041-12-08","","","Porto Alegre"
"LIC-LIC-01","TELEFONICA BRASIL S.A.","50409146366","010","105802021","699802296","Rua Furriel Luiz Antônio de Vargas","","RS","4314902","100MG7W","NR","SA-NSA","","3450","3450","100","FB","","","760","1900-03-03","25","25","105","0","X","54","116652103257","200","-30.02722","-51.18222","G","2023-08-16","2014-03-13","","1253f5f800d21aed","2041-12-08","","","Porto Alegre"
"LIC-LIC-01","TELEFONICA BRASIL S.A.","50409146366","010","105802021","699802296","Rua Furriel Luiz Antônio de Vargas","","RS","4314902","100MG7W","NR","SA-NSA","","3450","3450","250","FB","","","760","1900-03-03","25","25","105","0","X","54","116652103257","200","-30.02722","-51.18222","G","2023-08-16","2014-03-13","","1253f5f800d21aee","2041-12-08","","","Porto Alegre"
"LIC-LIC-01","CLARO S.A.","50409889580","010","105752021","442016409","R GILBERTO LASTE","BIT","RS","4314902","10M0G7W","NR","","","2325","2325","245","FB","","","760","102722102519","25","25","65","0","X","16","102722102519","100","-30.0698","-51.2252","G","2023-10-20","1999-09-17","","f578f5f866813c7b","2041-12-08","","","Porto Alegre"
"LIC-LIC-01","CLARO S.A.","50409889580","010","48372023","442016409","R GILBERTO LASTE","BIT","RS","4314902","10M0G7W","NR","","","2130","1940","290","FB","","","760","011471500324","15.81","26","65","0","X","14","027191702519","60","-30.0698","-51.2252","G","2023-10-20","1999-09-17","","f578f5f866813c7c","2041-12-08","","","Porto Alegre"
"LIC-LIC-01","CLARO S.A.","50409889580","010","34672011","442016409","R GILBERTO LASTE","BIT","RS","4314902","10M0G7W","NR","","","2140","1950","290","FB","","","760","011471500324","15.81","26","65","0","X","14","027191702519","60","-30.0698","-51.2252","G","2023-10-20","1999-09-17","","f578f5f866813c7d","2041-12-08","","","Porto Alegre"
"LIC-LIC-01","TELEFONICA BRASIL S.A.","50409146366","010","105802021","441094325","RUA ENGENHEIRO AFONSO CAVALCANTI    100","BRT- TORRE PROPRIA","RS","4314902","100MG7W","NR","SA-NSA","","3450","3450","310","FB","","","760","116652103257","25","25","105","0","X","49","116652103257","200","-30.03443","-51.19102","G","2024-09-24","1999-11-08","","464af5f848189f43","2041-12-08","","","Porto Alegre"
"LIC-LIC-01","TELEFONICA BRASIL S.A.","50409146366","010","105802021","441094325","RUA ENGENHEIRO AFONSO CAVALCANTI    100","BRT- TORRE PROPRIA","RS","4314902","100MG7W","NR","SA-NSA","","3450","3450","80","FB","","","760","116652103257","25","25","105","0","X","49","116652103257","200","-30.03443","-51.19102","G","2024-09-24","1999-11-08","","464af5f848189f44","2041-12-08","","","Porto Alegre"
"LIC-LIC-01","TELEFONICA BRASIL S.A.","50409146366","010","105802021","441094325","RUA ENGENHEIRO AFONSO CAVALCANTI    100","BRT- TORRE PROPRIA","RS","4314902","100MG7W","NR","SA-NSA","","3450","3450","210","FB","","","760","116652103257","25","25","105","-2","X","49","116652103257","200","-30.03443","-51.19102","G","2024-09-24","1999-11-08","","464af5f848189f45","2041-12-08","","","Porto Alegre"
"LIC-LIC-01","TELEFONICA BRASIL S.A.","50409146366","010","105802021","691319227","AVENIDA PLÍNIO BRASIL MILANO    935","COND. ED. ILHA DA PÁSCOA","RS","4314902","100MG7W","NR","SA-NSA","","3450","3450","320","FB","","","760","116652103257","25","25","105","0","X","33","116652103257","200","-30.02133","-51.18184","G","2024-10-09","2009-04-22","","464af5f848189f46","2041-12-08","","","Porto Alegre"
"LIC-LIC-01","TELEFONICA BRASIL S.A.","50409146366","010","105802021","691319227","AVENIDA PLÍNIO BRASIL MILANO    935","COND. ED. ILHA DA PÁSCOA","RS","4314902","100MG7W","NR","SA-NSA","","3450","3450","70","FB","","","760","116652103257","25","25","105","0","X","33","116652103257","200","-30.02133","-51.18184","G","2024-10-09","2009-04-22","","464af5f848189f47","2041-12-08","","","Porto Alegre"
"LIC-LIC-01","TELEFONICA BRASIL S.A.","50409146366","010","105802021","691319227","AVENIDA PLÍNIO BRASIL MILANO    935","COND. ED. ILHA DA PÁSCOA","RS","4314902","100MG7W","NR","SA-NSA","","3450","3450","180","FB","","","760","116652103257","25","25","105","0","X","33","116652103257","200","-30.02133","-51.18184","G","2024-10-09","2009-04-22","","464af5f848189f48","2041-12-08","","","Porto Alegre"
"LIC-LIC-01","TELEFONICA BRASIL S.A.","50409146366","010","105802021","534605230","RUA CORONEL GENUÍNO    342 APARTAMENTO 2004 CONDOMÍNIO EDIFÍCIO MARCELO","PROPRIO","RS","4314902","100MG7W","NR","SA-NSA","","3450","3450","160","FB","","","760","116652103257","25","25","105","-4","X","64","116652103257","200","-30.03682","-51.22772","G","2024-10-09","2000-09-06","","d5c1a5f85820ef1f","2041-12-08","","","Porto Alegre"
"LIC-LIC-01","TELEFONICA BRASIL S.A.","50409146366","010","105802021","534605230","RUA CORONEL GENUÍNO    342 APARTAMENTO 2004 CONDOMÍNIO EDIFÍCIO MARCELO","PROPRIO","RS","4314902","100MG7W","NR","SA-NSA","","3450","3450","35","FB","","","760","116652103257","25","25","105","-2","X","64","116652103257","200","-30.03682","-51.22772","G","2024-10-09","2000-09-06","","d5c1a5f85820ef20","2041-12-08","","","Porto Alegre"
"LIC-LIC-01","TELEFONICA BRASIL S.A.","50409146366","010","105802021","534605230","RUA CORONEL GENUÍNO    342 APARTAMENTO 2004 CONDOMÍNIO EDIFÍCIO MARCELO","PROPRIO","RS","4314902","100MG7W","NR","SA-NSA","","3450","3450","310","FB","","","760","116652103257","25","25","105","0","X","64","116652103257","200","-30.03682","-51.22772","G","2024-10-09","2000-09-06","","d5c1a5f85820ef21","2041-12-08","","","Porto Alegre"
"LIC-LIC-01","TELEFONICA BRASIL S.A.","50409146366","010","105802021","1000094283","AVENIDA PROTÁSIO ALVES","RBR-NÃO","RS","4314902","100MG7W","NR","SA-NSA","","3450","3450","320","FB","","","760","1900-03-03","25","25","105","0","X","30","116652103257","200","-30.04278","-51.18889","G","2023-09-27","2014-05-22","","d5c1a5f85820ef22","2041-12-08","","","Porto Alegre"
"LIC-LIC-01","TELEFONICA BRASIL S.A.","50409146366","010","105802021","1000094283","AVENIDA PROTÁSIO ALVES","RBR-NÃO","RS","4314902","100MG7W","NR","SA-NSA","","3450","3450","60","FB","","","760","1900-03-03","25","25","105","0","X","30","116652103257","200","-30.04278","-51.18889","G","2023-09-27","2014-05-22","","d5c1a5f85820ef23","2041-12-08","","","Porto Alegre"
"LIC-LIC-01","TELEFONICA BRASIL S.A.","50409146366","010","105802021","1000094283","AVENIDA PROTÁSIO ALVES","RBR-NÃO","RS","4314902","100MG7W","NR","SA-NSA","","3450","3450","220","FB","","","760","1900-03-03","25","25","105","0","X","30","116652103257","200","-30.04278","-51.18889","G","2023-09-27","2014-05-22","","d5c1a5f85820ef24","2041-12-08","","","Porto Alegre"
"LIC-LIC-01","TELEFONICA BRASIL S.A.","50409146366","010","105802021","3769836","RUA BAGE","","RS","4314902","100MG7W","NR","SA-NSA","","3450","3450","100","FB","","","760","116652103257","25","25","105","0","X","60","116652103257","200","-30.03833","-51.18028","G","2023-07-19","2004-12-30","","4872c5f82db6e46e","2041-12-08","","","Porto Alegre"
"LIC-LIC-01","TELEFONICA BRASIL S.A.","50409146366","010","105802021","3769836","RUA BAGE","","RS","4314902","100MG7W","NR","SA-NSA","","3450","3450","220","FB","","","760","116652103257","25","25","105","4","X","60","116652103257","200","-30.03833","-51.18028","G","2023-07-19","2004-12-30","","4872c5f82db6e46f","2041-12-08","","","Porto Alegre"
"LIC-LIC-01","TELEFONICA BRASIL S.A.","50409146366","010","105802021","3769836","RUA BAGE","","RS","4314902","100MG7W","NR","SA-NSA","","3450","3450","10","FB","","","760","116652103257","25","25","105","0","X","60","116652103257","200","-30.03833","-51.18028","G","2023-07-19","2004-12-30","","4872c5f82db6e470","2041-12-08","","","Porto Alegre"
"LIC-LIC-01","TELEFONICA BRASIL S.A.","50409146366","010","105802021","5186170","Av. Independencia","","RS","4314902","100MG7W","NR","SA-NSA","","3450","3450","60","FB","","","760","116652103257","25","25","105","2","X","60","116652103257","200","-30.03","-51.21278","G","2023-10-30","1999-10-05","","4872c5f82db6e48b","2041-12-08","","","Porto Alegre"
"LIC-LIC-01","TELEFONICA BRASIL S.A.","50409146366","010","105802021","5186170","Av. Independencia","","RS","4314902","100MG7W","NR","SA-NSA","","3450","3450","210","FB","","","760","116652103257","25","25","105","2","X","60","116652103257","200","-30.03","-51.21278","G","2023-10-30","1999-10-05","","4872c5f82db6e48c","2041-12-08","","","Porto Alegre"
"LIC-LIC-01","TELEFONICA BRASIL S.A.","50409146366","010","105802021","5186170","Av. Independencia","","RS","4314902","100MG7W","NR","SA-NSA","","3450","3450","310","FB","","","760","116652103257","25","25","105","2","X","60","116652103257","200","-30.03","-51.21278","G","2023-10-30","1999-10-05","","4872c5f82db6e48d","2041-12-08","","","Porto Alegre"
"LIC-LIC-01","TELEFONICA BRASIL S.A.","50409146366","010","105802021","5186285","Av. Borges de Medeiros","","RS","4314902","100MG7W","NR","SA-NSA","","3450","3450","250","FB","","","760","116652103257","25","25","105","2","X","65","116652103257","200","-30.03083","-51.22667","G","2023-10-30","1999-10-05","","4872c5f82db6e48e","2041-12-08","","","Porto Alegre"
"LIC-LIC-01","TELEFONICA BRASIL S.A.","50409146366","010","105802021","5186285","Av. Borges de Medeiros","","RS","4314902","100MG7W","NR","SA-NSA","","3450","3450","360","FB","","","760","116652103257","25","25","105","2","X","65","116652103257","200","-30.03083","-51.22667","G","2023-10-30","1999-10-05","","4872c5f82db6e48f","2041-12-08","","","Porto Alegre"
"LIC-LIC-01","TELEFONICA BRASIL S.A.","50409146366","010","105802021","5186285","Av. Borges de Medeiros","","RS","4314902","100MG7W","NR","SA-NSA","","3450","3450","130","FB","","","760","116652103257","25","25","105","4","X","65","116652103257","200","-30.03083","-51.22667","G","2023-10-30","1999-10-05","","4872c5f82db6e490","2041-12-08","","","Porto Alegre"
"LIC-LIC-01","TELEFONICA BRASIL S.A.","50409146366","010","105802021","5186331","Av. Borges de Medeiros","","RS","4314902","100MG7W","NR","SA-NSA","","3450","3450","330","FB","","","760","116652103257","25","25","105","0","X","62","116652103257","200","-30.045","-51.22917","G","2023-10-30","1999-10-05","","4872c5f82db6e491","2041-12-08","","","Porto Alegre"
"LIC-LIC-01","TELEFONICA BRASIL S.A.","50409146366","010","105802021","5186331","Av. Borges de Medeiros","","RS","4314902","100MG7W","NR","SA-NSA","","3450","3450","220","FB","","","760","116652103257","25","25","105","2","X","62","116652103257","200","-30.045","-51.22917","G","2023-10-30","1999-10-05","","4872c5f82db6e492","2041-12-08","","","Porto Alegre"
"LIC-LIC-01","TELEFONICA BRASIL S.A.","50409146366","010","105802021","5186331","Av. Borges de Medeiros","","RS","4314902","100MG7W","NR","SA-NSA","","3450","3450","100","FB","","","760","116652103257","25","25","105","2","X","62","116652103257","200","-30.045","-51.22917","G","2023-10-30","1999-10-05","","4872c5f82db6e493","2041-12-08","","","Porto Alegre"
"LIC-LIC-01","TELEFONICA BRASIL S.A.","50409146366","010","105802021","379966620","RUA MARQUES DO HERVAL","","RS","4314902","100MG7W","NR","SA-NSA","","3450","3450","170","FB","","","760","116652103257","25","25","105","0","X","48","116652103257","200","-30.02028","-51.20389","G","2023-07-13","1999-11-08","","4872c5f82db6e494","2041-12-08","","","Porto Alegre"
"LIC-LIC-01","TELEFONICA BRASIL S.A.","50409146366","010","105802021","379966620","RUA MARQUES DO HERVAL","","RS","4314902","100MG7W","NR","SA-NSA","","3450","3450","50","FB","","","760","116652103257","25","25","105","0","X","48","116652103257","200","-30.02028","-51.20389","G","2023-07-13","1999-11-08","","4872c5f82db6e495","2041-12-08","","","Porto Alegre"
"LIC-LIC-01","TELEFONICA BRASIL S.A.","50409146366","010","105802021","379966620","RUA MARQUES DO HERVAL","","RS","4314902","100MG7W","NR","SA-NSA","","3450","3450","300","FB","","","760","116652103257","25","25","105","0","X","48","116652103257","200","-30.02028","-51.20389","G","2023-07-13","1999-11-08","","4872c5f82db6e496","2041-12-08","","","Porto Alegre"
"LIC-LIC-01","TELEFONICA BRASIL S.A.","50409146366","010","105802021","441625665","Avenida Nova Yorque","","RS","4314902","100MG7W","NR","SA-NSA","","3450","3450","360","FB","","","760","116652103257","25","25","105","0","X","28","116652103257","200","-30.02139","-51.19444","G","2023-07-11","1999-11-08","","4872c5f82db6e497","2041-12-08","","","Porto Alegre"
"LIC-LIC-01","TELEFONICA BRASIL S.A.","50409146366","010","105802021","441625665","Avenida Nova Yorque","","RS","4314902","100MG7W","NR","SA-NSA","","3450","3450","90","FB","","","760","116652103257","25","25","105","0","X","28","116652103257","200","-30.02139","-51.19444","G","2023-07-11","1999-11-08","","4872c5f82db6e498","2041-12-08","","","Porto Alegre"
"LIC-LIC-01","TELEFONICA BRASIL S.A.","50409146366","010","105802021","441625665","Avenida Nova Yorque","","RS","4314902","100MG7W","NR","SA-NSA","","3450","3450","240","FB","","","760","116652103257","25","25","105","0","X","28","116652103257","200","-30.02139","-51.19444","G","2023-07-11","1999-11-08","","4872c5f82db6e499","2041-12-08","","","Porto Alegre"
"LIC-LIC-01","TELEFONICA BRASIL S.A.","50409146366","010","105802021","688836437","RUA  ERNESTO ALVES","","RS","4314902","100MG7W","NR","SA-NSA","","3450","3450","30","FB","","","760","116652103257","25","25","105","0","X","42","116652103257","200","-30.02417","-51.21444","G","2024-06-12","2006-11-30","","4872c5f82db6e49a","2041-12-08","","","Porto Alegre"
"LIC-LIC-01","TELEFONICA BRASIL S.A.","50409146366","010","105802021","688836437","RUA  ERNESTO ALVES","","RS","4314902","100MG7W","NR","SA-NSA","","3450","3450","150","FB","","","760","116652103257","25","25","105","0","X","42","116652103257","200","-30.02417","-51.21444","G","2024-06-12","2006-11-30","","4872c5f82db6e49b","2041-12-08","","","Porto Alegre"
"LIC-LIC-01","TELEFONICA BRASIL S.A.","50409146366","010","105802021","688836437","RUA  ERNESTO ALVES","","RS","4314902","100MG7W","NR","SA-NSA","","3450","3450","270","FB","","","760","116652103257","25","25","105","0","X","42","116652103257","200","-30.02417","-51.21444","G","2024-06-12","2006-11-30","","4872c5f82db6e49c","2041-12-08","","","Porto Alegre"
"LIC-LIC-01","TELEFONICA BRASIL S.A.","50409146366","010","105802021","691512299","AVENIDA  GETULIO VARGAS","","RS","4314902","100MG7W","NR","SA-NSA","","3450","3450","350","FB","","","760","116652103257","25","25","105","0","X","30","116652103257","200","-30.04861","-51.22111","G","2023-10-30","2009-08-07","","4872c5f82db6e49d","2041-12-08","","","Porto Alegre"
"LIC-LIC-01","TELEFONICA BRASIL S.A.","50409146366","010","105802021","691512299","AVENIDA  GETULIO VARGAS","","RS","4314902","100MG7W","NR","SA-NSA","","3450","3450","140","FB","","","760","116652103257","25","25","105","0","X","30","116652103257","200","-30.04861","-51.22111","G","2023-10-30","2009-08-07","","4872c5f82db6e49e","2041-12-08","","","Porto Alegre"
"LIC-LIC-01","TELEFONICA BRASIL S.A.","50409146366","010","105802021","691512299","AVENIDA  GETULIO VARGAS","","RS","4314902","100MG7W","NR","SA-NSA","","3450","3450","250","FB","","","760","116652103257","25","25","105","0","X","30","116652103257","200","-30.04861","-51.22111","G","2023-10-30","2009-08-07","","4872c5f82db6e49f","2041-12-08","","","Porto Alegre"
"LIC-LIC-01","TELEFONICA BRASIL S.A.","50409146366","010","105802021","699802318","Avenida Doutor Nilo Peçanha","","RS","4314902","100MG7W","NR","SA-NSA","","3450","3450","230","FB","","","760","116652103257","25","25","105","0","X","58","116652103257","200","-30.02833","-51.16278","G","2024-01-23","2014-03-13","","4872c5f82db6e4a0","2041-12-08","","","Porto Alegre"
"LIC-LIC-01","TELEFONICA BRASIL S.A.","50409146366","010","105802021","699802318","Avenida Doutor Nilo Peçanha","","RS","4314902","100MG7W","NR","SA-NSA","","3450","3450","30","FB","","","760","116652103257","25","25","105","0","X","58","116652103257","200","-30.02833","-51.16278","G","2024-01-23","2014-03-13","","4872c5f82db6e4a1","2041-12-08","","","Porto Alegre"
"LIC-LIC-01","TELEFONICA BRASIL S.A.","50409146366","010","105802021","699802318","Avenida Doutor Nilo Peçanha","","RS","4314902","100MG7W","NR","SA-NSA","","3450","3450","120","FB","","","760","116652103257","25","25","105","0","X","58","116652103257","200","-30.02833","-51.16278","G","2024-01-23","2014-03-13","","4872c5f82db6e4a2","2041-12-08","","","Porto Alegre"
"LIC-LIC-01","TELEFONICA BRASIL S.A.","50409146366","010","105802021","699874041","RUA AFONSO TAUNAY","","RS","4314902","100MG7W","NR","SA-NSA","","3450","3450","210","FB","","","760","116652103257","25","25","105","0","X","39","116652103257","200","-30.02167","-51.17167","G","2023-08-08","2014-04-02","","4872c5f82db6e4a3","2041-12-08","","","Porto Alegre"
"LIC-LIC-01","TELEFONICA BRASIL S.A.","50409146366","010","105802021","699874041","RUA AFONSO TAUNAY","","RS","4314902","100MG7W","NR","SA-NSA","","3450","3450","320","FB","","","760","116652103257","25","25","105","0","X","39","116652103257","200","-30.02167","-51.17167","G","2023-08-08","2014-04-02","","4872c5f82db6e4a4","2041-12-08","","","Porto Alegre"
"LIC-LIC-01","TELEFONICA BRASIL S.A.","50409146366","010","105802021","699874041","RUA AFONSO TAUNAY","","RS","4314902","100MG7W","NR","SA-NSA","","3450","3450","60","FB","","","760","116652103257","25","25","105","0","X","39","116652103257","200","-30.02167","-51.17167","G","2023-08-08","2014-04-02","","4872c5f82db6e4a5","2041-12-08","","","Porto Alegre"
"LIC-LIC-01","TELEFONICA BRASIL S.A.","50409146366","010","105802021","699874068","DÁRIO PEDERNEIRAS","","RS","4314902","100MG7W","NR","SA-NSA","","3450","3450","20","FB","","","760","116652103257","25","25","105","0","X","48","116652103257","200","-30.04917","-51.19417","G","2023-08-16","2014-04-02","","4872c5f82db6e4a6","2041-12-08","","","Porto Alegre"
"LIC-LIC-01","TELEFONICA BRASIL S.A.","50409146366","010","105802021","699874068","DÁRIO PEDERNEIRAS","","RS","4314902","100MG7W","NR","SA-NSA","","3450","3450","140","FB","","","760","116652103257","25","25","105","0","X","48","116652103257","200","-30.04917","-51.19417","G","2023-08-16","2014-04-02","","4872c5f82db6e4a7","2041-12-08","","","Porto Alegre"
"LIC-LIC-01","TELEFONICA BRASIL S.A.","50409146366","010","105802021","699874068","DÁRIO PEDERNEIRAS","","RS","4314902","100MG7W","NR","SA-NSA","","3450","3450","270","FB","","","760","116652103257","25","25","105","0","X","48","116652103257","200","-30.04917","-51.19417","G","2023-08-16","2014-04-02","","4872c5f82db6e4a8","2041-12-08","","","Porto Alegre"
"LIC-LIC-01","TELEFONICA BRASIL S.A.","50409146366","010","105802021","699874114","Rua Duque de Caxias","","RS","4314902","100MG7W","NR","SA-NSA","","3450","3450","250","FB","","","760","116652103257","25","25","105","0","X","50","116652103257","200","-30.03306","-51.23111","G","2023-08-16","2014-10-30","","4872c5f82db6e4a9","2041-12-08","","","Porto Alegre"
"LIC-LIC-01","TELEFONICA BRASIL S.A.","50409146366","010","105802021","699874114","Rua Duque de Caxias","","RS","4314902","100MG7W","NR","SA-NSA","","3450","3450","350","FB","","","760","116652103257","25","25","105","0","X","50","116652103257","200","-30.03306","-51.23111","G","2023-08-16","2014-10-30","","4872c5f82db6e4aa","2041-12-08","","","Porto Alegre"
"LIC-LIC-01","TELEFONICA BRASIL S.A.","50409146366","010","105802021","699874114","Rua Duque de Caxias","","RS","4314902","100MG7W","NR","SA-NSA","","3450","3450","100","FB","","","760","116652103257","25","25","105","0","X","50","116652103257","200","-30.03306","-51.23111","G","2023-08-16","2014-10-30","","4872c5f82db6e4ab","2041-12-08","","","Porto Alegre"
"LIC-LIC-01","TELEFONICA BRASIL S.A.","50409146366","010","105802021","699874130","Rua Santa Cecília","","RS","4314902","100MG7W","NR","SA-NSA","","3450","3450","100","FB","","","760","116652103257","25","25","105","0","X","49","116652103257","200","-30.03889","-51.1975","G","2023-08-07","2014-04-02","","4872c5f82db6e4ac","2041-12-08","","","Porto Alegre"
"LIC-LIC-01","TELEFONICA BRASIL S.A.","50409146366","010","105802021","699874130","Rua Santa Cecília","","RS","4314902","100MG7W","NR","SA-NSA","","3450","3450","210","FB","","","760","116652103257","25","25","105","0","X","49","116652103257","200","-30.03889","-51.1975","G","2023-08-07","2014-04-02","","4872c5f82db6e4ad","2041-12-08","","","Porto Alegre"
"LIC-LIC-01","TELEFONICA BRASIL S.A.","50409146366","010","105802021","699874130","Rua Santa Cecília","","RS","4314902","100MG7W","NR","SA-NSA","","3450","3450","360","FB","","","760","116652103257","25","25","105","0","X","49","116652103257","200","-30.03889","-51.1975","G","2023-08-07","2014-04-02","","4872c5f82db6e4ae","2041-12-08","","","Porto Alegre"
"LIC-LIC-01","TELEFONICA BRASIL S.A.","50409146366","010","105802021","1008990350","AVENIDA CARLOS GOMES","RBR-NÃO","RS","4314902","100MG7W","NR","SA-NSA","","3450","3450","60","FB","","","760","116652103257","23.5","25","65","0","X","39","116652103257","200","-30.03444","-51.17722","G","2023-09-27","2019-08-26","","4872c5f82db6e4af","2041-12-08","","","Porto Alegre"
"LIC-LIC-01","TELEFONICA BRASIL S.A.","50409146366","010","105802021","1008990350","AVENIDA CARLOS GOMES","RBR-NÃO","RS","4314902","100MG7W","NR","SA-NSA","","3450","3450","150","FB","","","760","116652103257","23.5","25","65","0","X","39","116652103257","200","-30.03444","-51.17722","G","2023-09-27","2019-08-26","","4872c5f82db6e4b0","2041-12-08","","","Porto Alegre"
"LIC-LIC-01","TELEFONICA BRASIL S.A.","50409146366","010","105802021","1008990350","AVENIDA CARLOS GOMES","RBR-NÃO","RS","4314902","100MG7W","NR","SA-NSA","","3450","3450","300","FB","","","760","116652103257","23.5","25","65","0","X","39","116652103257","200","-30.03444","-51.17722","G","2023-09-27","2019-08-26","","4872c5f82db6e4b1","2041-12-08","","","Porto Alegre"
"LIC-LIC-01","TELEFONICA BRASIL S.A.","50409146366","010","105802021","3769917","Av. Guido Mondim","","RS","4314902","100MG7W","NR","SA-NSA","","3450","3450","360","FB","","","760","116652103257","25","25","105","0","X","30","116652103257","200","-30.01028","-51.19806","G","2023-07-13","1999-10-05","","af8bc5f86150601d","2041-12-08","","","Porto Alegre"
"LIC-LIC-01","TELEFONICA BRASIL S.A.","50409146366","010","105802021","3769917","Av. Guido Mondim","","RS","4314902","100MG7W","NR","SA-NSA","","3450","3450","110","FB","","","760","116652103257","25","25","105","0","X","30","116652103257","200","-30.01028","-51.19806","G","2023-07-13","1999-10-05","","af8bc5f86150601e","2041-12-08","","","Porto Alegre"
"LIC-LIC-01","TELEFONICA BRASIL S.A.","50409146366","010","105802021","3769917","Av. Guido Mondim","","RS","4314902","100MG7W","NR","SA-NSA","","3450","3450","240","FB","","","760","116652103257","25","25","105","0","X","30","116652103257","200","-30.01028","-51.19806","G","2023-07-13","1999-10-05","","af8bc5f86150601f","2041-12-08","","","Porto Alegre"
"LIC-LIC-01","TELEFONICA BRASIL S.A.","50409146366","010","105802021","441529879","Rua Chile","","RS","4314902","100MG7W","NR","SA-NSA","","3450","3450","345","FB","","","760","116652103257","25","25","105","0","X","30","116652103257","200","-30.05417","-51.18972","G","2023-07-11","1999-11-08","","af8bc5f861506020","2041-12-08","","","Porto Alegre"
"LIC-LIC-01","TELEFONICA BRASIL S.A.","50409146366","010","105802021","441529879","Rua Chile","","RS","4314902","100MG7W","NR","SA-NSA","","3450","3450","240","FB","","","760","116652103257","25","25","105","0","X","30","116652103257","200","-30.05417","-51.18972","G","2023-07-11","1999-11-08","","af8bc5f861506021","2041-12-08","","","Porto Alegre"
"LIC-LIC-01","TELEFONICA BRASIL S.A.","50409146366","010","105802021","441529879","Rua Chile","","RS","4314902","100MG7W","NR","SA-NSA","","3450","3450","110","FB","","","760","116652103257","25","25","105","0","X","30","116652103257","200","-30.05417","-51.18972","G","2023-07-11","1999-11-08","","af8bc5f861506022","2041-12-08","","","Porto Alegre"
"LIC-LIC-01","TELEFONICA BRASIL S.A.","50409146366","010","105802021","682876623","RUA CALDAS JUNIOR","","RS","4314902","100MG7W","NR","SA-NSA","","3450","3450","40","FB","","","760","116652103257","25","25","105","0","X","30","116652103257","200","-30.02917","-51.23222","G","2023-10-30","2002-12-26","","af8bc5f861506023","2041-12-08","","","Porto Alegre"
"LIC-LIC-01","TELEFONICA BRASIL S.A.","50409146366","010","105802021","682876623","RUA CALDAS JUNIOR","","RS","4314902","100MG7W","NR","SA-NSA","","3450","3450","130","FB","","","760","116652103257","25","25","105","0","X","30","116652103257","200","-30.02917","-51.23222","G","2023-10-30","2002-12-26","","af8bc5f861506024","2041-12-08","","","Porto Alegre"
"LIC-LIC-01","TELEFONICA BRASIL S.A.","50409146366","010","105802021","699873991","Rua da República","","RS","4314902","100MG7W","NR","SA-NSA","","3450","3450","240","FB","","","760","116652103257","25","25","105","0","X","50","116652103257","200","-30.03944","-51.22472","G","2023-08-16","2014-04-02","","af8bc5f861506025","2041-12-08","","","Porto Alegre"
"LIC-LIC-01","TELEFONICA BRASIL S.A.","50409146366","010","105802021","699873991","Rua da República","","RS","4314902","100MG7W","NR","SA-NSA","","3450","3450","10","FB","","","760","116652103257","25","25","105","0","X","50","116652103257","200","-30.03944","-51.22472","G","2023-08-16","2014-04-02","","af8bc5f861506026","2041-12-08","","","Porto Alegre"
"LIC-LIC-01","TELEFONICA BRASIL S.A.","50409146366","010","105802021","699873991","Rua da República","","RS","4314902","100MG7W","NR","SA-NSA","","3450","3450","120","FB","","","760","116652103257","25","25","105","0","X","50","116652103257","200","-30.03944","-51.22472","G","2023-08-16","2014-04-02","","af8bc5f861506027","2041-12-08","","","Porto Alegre"
"LIC-LIC-01","TELEFONICA BRASIL S.A.","50409146366","010","105802021","699873886","Avenida Assis Brasil","","RS","4314902","100MG7W","NR","SA-NSA","","3450","3450","110","FB","","","760","116652103257","25","25","105","0","X","33","116652103257","200","-30.01167","-51.16917","G","2023-08-16","2014-04-02","","af8bc5f861506028","2041-12-08","","","Porto Alegre"
"LIC-LIC-01","TELEFONICA BRASIL S.A.","50409146366","010","105802021","699873886","Avenida Assis Brasil","","RS","4314902","100MG7W","NR","SA-NSA","","3450","3450","20","FB","","","760","116652103257","25","25","105","0","X","33","116652103257","200","-30.01167","-51.16917","G","2023-08-16","2014-04-02","","af8bc5f861506029","2041-12-08","","","Porto Alegre"
"LIC-LIC-01","TELEFONICA BRASIL S.A.","50409146366","010","105802021","699873886","Avenida Assis Brasil","","RS","4314902","100MG7W","NR","SA-NSA","","3450","3450","220","FB","","","760","116652103257","25","25","105","0","X","33","116652103257","200","-30.01167","-51.16917","G","2023-08-16","2014-04-02","","af8bc5f86150602a","2041-12-08","","","Porto Alegre"
"LIC-LIC-01","TELEFONICA BRASIL S.A.","50409146366","010","105802021","699802210","Avenida Independência","","RS","4314902","100MG7W","NR","SA-NSA","","3450","3450","10","FB","","","760","116652103257","25","25","105","0","X","49","116652103257","200","-30.02944","-51.21528","G","2023-08-16","2014-03-13","","af8bc5f86150602b","2041-12-08","","","Porto Alegre"
"LIC-LIC-01","TELEFONICA BRASIL S.A.","50409146366","010","105802021","699802210","Avenida Independência","","RS","4314902","100MG7W","NR","SA-NSA","","3450","3450","150","FB","","","760","116652103257","25","25","105","0","X","49","116652103257","200","-30.02944","-51.21528","G","2023-08-16","2014-03-13","","af8bc5f86150602c","2041-12-08","","","Porto Alegre"
"LIC-LIC-01","TELEFONICA BRASIL S.A.","50409146366","010","105802021","699802210","Avenida Independência","","RS","4314902","100MG7W","NR","SA-NSA","","3450","3450","250","FB","","","760","116652103257","25","25","105","0","X","49","116652103257","200","-30.02944","-51.21528","G","2023-08-16","2014-03-13","","af8bc5f86150602d","2041-12-08","","","Porto Alegre"
"LIC-LIC-01","TELEFONICA BRASIL S.A.","50409146366","010","105802021","699873959","Rua Gomes Jardim","","RS","4314902","100MG7W","NR","SA-NSA","","3450","3450","340","FB","","","760","116652103257","25","25","105","0","X","30","116652103257","200","-30.04694","-51.20639","G","2023-08-08","2014-04-02","","af8bc5f86150602e","2041-12-08","","","Porto Alegre"
"LIC-LIC-01","TELEFONICA BRASIL S.A.","50409146366","010","105802021","699873959","Rua Gomes Jardim","","RS","4314902","100MG7W","NR","SA-NSA","","3450","3450","95","FB","","","760","116652103257","25","25","105","0","X","30","116652103257","200","-30.04694","-51.20639","G","2023-08-08","2014-04-02","","af8bc5f86150602f","2041-12-08","","","Porto Alegre"
"LIC-LIC-01","TELEFONICA BRASIL S.A.","50409146366","010","105802021","699873959","Rua Gomes Jardim","","RS","4314902","100MG7W","NR","SA-NSA","","3450","3450","190","FB","","","760","116652103257","25","25","105","0","X","30","116652103257","200","-30.04694","-51.20639","G","2023-08-08","2014-04-02","","af8bc5f861506030","2041-12-08","","","Porto Alegre"
"LIC-LIC-01","CLARO S.A.","50409889580","010","105752021","1014286902","R GILBERTO LASTE","BIT","RS","4314902","100MG7W","NR","SA-NSA","","3350","3350","200","FB","","","760","","23","25","13.5","0","X","15","072212102519","200","-30.0698","-51.2252","G","2023-06-27","2022-09-28","","3580c5f85abdd246","2032-12-22","","","Porto Alegre"
"LIC-LIC-01","CLARO S.A.","50409889580","010","105752021","1014286902","R GILBERTO LASTE","BIT","RS","4314902","100MG7W","NR","SA-NSA","","3350","3350","275","FB","","","760","","23","25","13.5","0","X","15","072212102519","200","-30.0698","-51.2252","G","2023-06-27","2022-09-28","","3580c5f85abdd247","2032-12-22","","","Porto Alegre"
"LIC-LIC-01","CLARO S.A.","50409889580","010","105752021","1014286902","R GILBERTO LASTE","BIT","RS","4314902","50M0G7W","NR","SA-NSA","","2325","2325","200","FB","","","760","102722102519","25","25","65","0","X","15","102722102519","100","-30.0698","-51.2252","G","2023-06-27","2022-09-28","","3580c5f85abdd248","2032-12-22","","","Porto Alegre"
"LIC-LIC-01","CLARO S.A.","50409889580","010","105752021","1014286902","R GILBERTO LASTE","BIT","RS","4314902","50M0G7W","NR","SA-NSA","","2325","2325","275","FB","","","760","102722102519","25","25","65","0","X","15","102722102519","100","-30.0698","-51.2252","G","2023-06-27","2022-09-28","","3580c5f85abdd249","2032-12-22","","","Porto Alegre"
"LIC-LIC-01","CLARO S.A.","50409889580","010","48372023","1014286902","R GILBERTO LASTE","BIT","RS","4314902","5M00G7W","NR","SA-NSA","","2130","1940","200","FB","","","760","044181403519","16.34","29","72.61","0","X","13","027191702519","60","-30.0698","-51.2252","G","2023-06-27","2022-09-28","","3580c5f85abdd24a","2032-12-22","","","Porto Alegre"
"LIC-LIC-01","CLARO S.A.","50409889580","010","34672011","1014286902","R GILBERTO LASTE","BIT","RS","4314902","5M00G7W","NR","SA-NSA","","2140","1950","200","FB","","","760","044181403519","16.34","29","72.61","0","X","13","027191702519","60","-30.0698","-51.2252","G","2023-06-27","2022-09-28","","3580c5f85abdd24b","2032-12-22","","","Porto Alegre"
"LIC-LIC-01","CLARO S.A.","50409889580","010","48372023","1014286902","R GILBERTO LASTE","BIT","RS","4314902","5M00G7W","NR","SA-NSA","","2130","1940","275","FB","","","760","044181403519","16.34","29","72.61","0","X","13","027191702519","60","-30.0698","-51.2252","G","2023-06-27","2022-09-28","","3580c5f85abdd24c","2032-12-22","","","Porto Alegre"
"LIC-LIC-01","CLARO S.A.","50409889580","010","34672011","1014286902","R GILBERTO LASTE","BIT","RS","4314902","5M00G7W","NR","SA-NSA","","2140","1950","275","FB","","","760","044181403519","16.34","29","72.61","0","X","13","027191702519","60","-30.0698","-51.2252","G","2023-06-27","2022-09-28","","3580c5f85abdd24d","2032-12-22","","","Porto Alegre"
"LIC-LIC-01","CLARO S.A.","50409889580","010","105752021","690997108","AV DIÁRIO DE NOTÍCIAS","BARRA SHOPPING SUL","RS","4314902","50M0G7W","NR","SA-NSA","","2325","2325","0","FB","","","168","","4","10","360","0","V","3","132072102519","50","-30.0855","-51.2463","G","2023-10-20","2009-02-26","","8d95d5f8a3268510","2041-12-08","","","Porto Alegre"
"LIC-LIC-01","CLARO S.A.","50409889580","010","105752021","405604815","R JOÃO ALFREDO","","RS","4314902","100MG7W","NR","SA-NSA","","3350","3350","130","FB","","","760","","24.9","25","13.5","-2","X","29.5","102792102519","204","-30.0409","-51.22507","G","2023-11-10","2003-04-23","","8d95d5f8a334ce2a","2032-12-22","","","Porto Alegre"
"LIC-LIC-01","CLARO S.A.","50409889580","010","105752021","405604815","R JOÃO ALFREDO","","RS","4314902","100MG7W","NR","SA-NSA","","3350","3350","250","FB","","","760","","24.9","25","13.5","-2","X","29.5","102792102519","204","-30.0409","-51.22507","G","2023-11-10","2003-04-23","","8d95d5f8a334ce2b","2032-12-22","","","Porto Alegre"
"LIC-LIC-01","CLARO S.A.","50409889580","010","105752021","405604815","R JOÃO ALFREDO","","RS","4314902","50M0G7W","NR","SA-NSA","","2325","2325","0","FB","","","760","003692202519","24","25","70","-2","X","28.5","003692202519","50","-30.0409","-51.22507","G","2023-11-10","2003-04-23","","8d95d5f8a334ce2c","2032-12-22","","","Porto Alegre"
"LIC-LIC-01","CLARO S.A.","50409889580","010","105752021","405604815","R JOÃO ALFREDO","","RS","4314902","50M0G7W","NR","SA-NSA","","2325","2325","130","FB","","","760","003692202519","24","25","70","-2","X","28.5","003692202519","50","-30.0409","-51.22507","G","2023-11-10","2003-04-23","","8d95d5f8a334ce2d","2032-12-22","","","Porto Alegre"
"LIC-LIC-01","CLARO S.A.","50409889580","010","105752021","405604815","R JOÃO ALFREDO","","RS","4314902","50M0G7W","NR","SA-NSA","","2325","2325","250","FB","","","760","003692202519","24","25","70","-2","X","28.5","003692202519","50","-30.0409","-51.22507","G","2023-11-10","2003-04-23","","8d95d5f8a334ce2e","2032-12-22","","","Porto Alegre"
"LIC-LIC-01","CLARO S.A.","50409889580","010","105752021","684744813","AV BORGES DE MEDEIROS","COND. ED. PREMIUM FLAT e OFFICE","RS","4314902","100MG7W","NR","SA-NSA","","3350","3350","210","FB","","","760","","24.9","25","13.5","-3","X","67","102792102519","204","-30.04552","-51.22966","G","2023-11-16","2004-09-24","","8d95d5f8a334ce4a","2032-12-22","","","Porto Alegre"
"LIC-LIC-01","CLARO S.A.","50409889580","010","105752021","684744813","AV BORGES DE MEDEIROS","COND. ED. PREMIUM FLAT e OFFICE","RS","4314902","100MG7W","NR","SA-NSA","","3350","3350","310","FB","","","760","","24.9","25","13.5","-3","X","67","102792102519","204","-30.04552","-51.22966","G","2023-11-16","2004-09-24","","8d95d5f8a334ce4b","2032-12-22","","","Porto Alegre"
"LIC-LIC-01","CLARO S.A.","50409889580","010","105752021","684744813","AV BORGES DE MEDEIROS","COND. ED. PREMIUM FLAT e OFFICE","RS","4314902","100MG7W","NR","SA-NSA","","3350","3350","50","FB","","","760","","24.9","25","13.5","-3","X","67","102792102519","204","-30.04552","-51.22966","G","2023-11-16","2004-09-24","","8d95d5f8a334ce4c","2032-12-22","","","Porto Alegre"
"LIC-LIC-01","CLARO S.A.","50409889580","010","105752021","405604513","RUA GASPAR MARTINS","","RS","4314902","100MG7W","NR","SA-NSA","","3350","3350","30","FB","","","760","","24.9","25","13.5","-3","X","31","102792102519","204","-30.01981","-51.21306","G","2024-04-04","2004-02-13","","378dd5f8bd934610","2041-12-08","","","Porto Alegre"
"LIC-LIC-01","CLARO S.A.","50409889580","010","105752021","405604513","RUA GASPAR MARTINS","","RS","4314902","100MG7W","NR","SA-NSA","","3350","3350","130","FB","","","760","","24.9","25","13.5","-2","X","31","102792102519","204","-30.01981","-51.21306","G","2024-04-04","2004-02-13","","378dd5f8bd934612","2041-12-08","","","Porto Alegre"
"LIC-LIC-01","CLARO S.A.","50409889580","010","105752021","688199240","AV BENJAMIM CONSTANT","","RS","4314902","100MG7W","NR","SA-NSA","","3350","3350","0","FB","","","760","","24.9","25","13.5","-1","X","31","102792102519","204","-30.00684","-51.18976","G","2024-09-20","2006-03-23","","5f1ad5f8dbf77eb1","2041-12-08","","","Porto Alegre"
"LIC-LIC-01","CLARO S.A.","50409889580","010","105752021","688199240","AV BENJAMIM CONSTANT","","RS","4314902","100MG7W","NR","SA-NSA","","3350","3350","110","FB","","","760","","24.9","25","13.5","-1","X","31","102792102519","204","-30.00684","-51.18976","G","2024-09-20","2006-03-23","","5f1ad5f8dbf77eb2","2041-12-08","","","Porto Alegre"
"LIC-LIC-01","CLARO S.A.","50409889580","010","105752021","688199240","AV BENJAMIM CONSTANT","","RS","4314902","100MG7W","NR","SA-NSA","","3350","3350","240","FB","","","760","","24.9","25","13.5","-1","X","31","102792102519","204","-30.00684","-51.18976","G","2024-09-20","2006-03-23","","5f1ad5f8dbf77eb3","2041-12-08","","","Porto Alegre"
"LIC-LIC-01","CLARO S.A.","50409889580","010","105752021","1014430612","AV MAUÁ","EMPREENDIMENTO EMBARCADERO","RS","4314902","100MG7W","NR","SA-NSA","","3350","3350","50","FB","","","760","212712202519","24.4","25","65","0","X","23.45","212712202519","229","-30.03187","-51.24003","G","2024-10-22","2022-10-26","","f49c15f81574b9b8","2041-12-08","","","Porto Alegre"
"LIC-LIC-01","CLARO S.A.","50409889580","010","105752021","1014430612","AV MAUÁ","EMPREENDIMENTO EMBARCADERO","RS","4314902","100MG7W","NR","SA-NSA","","3350","3350","120","FB","","","760","212712202519","24.4","25","65","0","X","23.45","212712202519","229","-30.03187","-51.24003","G","2024-10-22","2022-10-26","","f49c15f81574b9b9","2041-12-08","","","Porto Alegre"
"LIC-LIC-01","CLARO S.A.","50409889580","010","105752021","1014430612","AV MAUÁ","EMPREENDIMENTO EMBARCADERO","RS","4314902","100MG7W","NR","SA-NSA","","3350","3350","200","FB","","","760","212712202519","24.4","25","65","0","X","23.45","212712202519","229","-30.03187","-51.24003","G","2024-10-22","2022-10-26","","f49c15f81574b9ba","2041-12-08","","","Porto Alegre"
"LIC-LIC-01","TELEFONICA BRASIL S.A.","50409146366","010","105802021","5186250","Rua Riachuelo","","RS","4314902","100MG7W","NR","SA-NSA","","3450","3450","60","FB","","","760","116652103257","25","25","105","0","X","27","116652103257","200","-30.03333","-51.2375","G","2023-07-13","1999-10-05","","6a8c15f8141cc321","2041-12-08","","","Porto Alegre"
"LIC-LIC-01","TELEFONICA BRASIL S.A.","50409146366","010","105802021","5186250","Rua Riachuelo","","RS","4314902","100MG7W","NR","SA-NSA","","3450","3450","170","FB","","","760","116652103257","25","25","105","0","X","27","116652103257","200","-30.03333","-51.2375","G","2023-07-13","1999-10-05","","6a8c15f8141cc322","2041-12-08","","","Porto Alegre"
"LIC-LIC-01","TELEFONICA BRASIL S.A.","50409146366","010","105802021","5186250","Rua Riachuelo","","RS","4314902","100MG7W","NR","SA-NSA","","3450","3450","280","FB","","","760","116652103257","25","25","105","0","X","27","116652103257","200","-30.03333","-51.2375","G","2023-07-13","1999-10-05","","6a8c15f8141cc323","2041-12-08","","","Porto Alegre"
"LIC-LIC-01","TELEFONICA BRASIL S.A.","50409146366","010","105802021","359992315","Avenida Borges de Medeiros","","RS","4314902","100MG7W","NR","SA-NSA","","3450","3450","360","FB","","","760","116652103257","25","25","105","0","X","75","116652103257","200","-30.05472","-51.22944","G","2023-10-30","1999-10-05","","6a8c15f8141cc324","2041-12-08","","","Porto Alegre"
"LIC-LIC-01","TELEFONICA BRASIL S.A.","50409146366","010","105802021","359992315","Avenida Borges de Medeiros","","RS","4314902","100MG7W","NR","SA-NSA","","3450","3450","110","FB","","","760","116652103257","25","25","105","0","X","75","116652103257","200","-30.05472","-51.22944","G","2023-10-30","1999-10-05","","6a8c15f8141cc325","2041-12-08","","","Porto Alegre"
"LIC-LIC-01","TELEFONICA BRASIL S.A.","50409146366","010","105802021","359992315","Avenida Borges de Medeiros","","RS","4314902","100MG7W","NR","SA-NSA","","3450","3450","210","FB","","","760","116652103257","25","25","105","0","X","75","116652103257","200","-30.05472","-51.22944","G","2023-10-30","1999-10-05","","6a8c15f8141cc326","2041-12-08","","","Porto Alegre"
"LIC-LIC-01","TELEFONICA BRASIL S.A.","50409146366","010","105802021","699873975","Rua Luciana de Abreu","","RS","4314902","100MG7W","NR","SA-NSA","","3450","3450","90","FB","","","760","116652103257","25","25","105","0","X","28","116652103257","200","-30.02306","-51.20528","G","2023-08-16","2014-04-02","","6a8c15f8141cc327","2041-12-08","","","Porto Alegre"
"LIC-LIC-01","TELEFONICA BRASIL S.A.","50409146366","010","105802021","699873975","Rua Luciana de Abreu","","RS","4314902","100MG7W","NR","SA-NSA","","3450","3450","210","FB","","","760","116652103257","25","25","105","0","X","28","116652103257","200","-30.02306","-51.20528","G","2023-08-16","2014-04-02","","6a8c15f8141cc328","2041-12-08","","","Porto Alegre"
"LIC-LIC-01","TELEFONICA BRASIL S.A.","50409146366","010","105802021","699873975","Rua Luciana de Abreu","","RS","4314902","100MG7W","NR","SA-NSA","","3450","3450","320","FB","","","760","116652103257","25","25","105","0","X","28","116652103257","200","-30.02306","-51.20528","G","2023-08-16","2014-04-02","","6a8c15f8141cc329","2041-12-08","","","Porto Alegre"
"LIC-LIC-01","TELEFONICA BRASIL S.A.","50409146366","010","105802021","699802245","RUA CORREA LIMA","","RS","4314902","100MG7W","NR","SA-NSA","","3450","3450","160","FB","","","760","116652103257","25","25","105","0","X","34","116652103257","200","-30.06528","-51.22361","G","2023-10-30","2014-03-13","","6a8c15f8141cc32a","2041-12-08","","","Porto Alegre"
"LIC-LIC-01","TELEFONICA BRASIL S.A.","50409146366","010","105802021","699802245","RUA CORREA LIMA","","RS","4314902","100MG7W","NR","SA-NSA","","3450","3450","260","FB","","","760","116652103257","25","25","105","0","X","34","116652103257","200","-30.06528","-51.22361","G","2023-10-30","2014-03-13","","6a8c15f8141cc32b","2041-12-08","","","Porto Alegre"
"LIC-LIC-01","TELEFONICA BRASIL S.A.","50409146366","010","105802021","699802245","RUA CORREA LIMA","","RS","4314902","100MG7W","NR","SA-NSA","","3450","3450","55","FB","","","760","116652103257","25","25","105","0","X","34","116652103257","200","-30.06528","-51.22361","G","2023-10-30","2014-03-13","","6a8c15f8141cc32c","2041-12-08","","","Porto Alegre"
"LIC-LIC-01","TELEFONICA BRASIL S.A.","50409146366","010","105802021","3770087","Av. Brino","","RS","4314902","100MG7W","NR","SA-NSA","","3450","3450","330","FB","","","760","116652103257","25","25","105","0","X","30","116652103257","200","-30.00778","-51.18028","G","2023-07-13","1999-10-05","","6a8c15f8141cc32d","2041-12-08","","","Porto Alegre"
"LIC-LIC-01","TELEFONICA BRASIL S.A.","50409146366","010","105802021","3770087","Av. Brino","","RS","4314902","100MG7W","NR","SA-NSA","","3450","3450","130","FB","","","760","116652103257","25","25","105","0","X","30","116652103257","200","-30.00778","-51.18028","G","2023-07-13","1999-10-05","","6a8c15f8141cc32e","2041-12-08","","","Porto Alegre"
"LIC-LIC-01","TELEFONICA BRASIL S.A.","50409146366","010","105802021","3770087","Av. Brino","","RS","4314902","100MG7W","NR","SA-NSA","","3450","3450","240","FB","","","760","116652103257","25","25","105","0","X","30","116652103257","200","-30.00778","-51.18028","G","2023-07-13","1999-10-05","","6a8c15f8141cc32f","2041-12-08","","","Porto Alegre"
"LIC-LIC-01","TELEFONICA BRASIL S.A.","50409146366","010","105802021","699873983","Avenida Protásio Alves","","RS","4314902","100MG7W","NR","SA-NSA","","3450","3450","50","FB","","","760","116652103257","25","25","105","0","X","30","116652103257","200","-30.0425","-51.17972","G","2023-08-16","2014-04-02","","6a8c15f8141cc330","2041-12-08","","","Porto Alegre"
"LIC-LIC-01","TELEFONICA BRASIL S.A.","50409146366","010","105802021","699873983","Avenida Protásio Alves","","RS","4314902","100MG7W","NR","SA-NSA","","3450","3450","180","FB","","","760","116652103257","25","25","105","0","X","30","116652103257","200","-30.0425","-51.17972","G","2023-08-16","2014-04-02","","6a8c15f8141cc331","2041-12-08","","","Porto Alegre"
"LIC-LIC-01","TELEFONICA BRASIL S.A.","50409146366","010","105802021","699873983","Avenida Protásio Alves","","RS","4314902","100MG7W","NR","SA-NSA","","3450","3450","290","FB","","","760","116652103257","25","25","105","0","X","30","116652103257","200","-30.0425","-51.17972","G","2023-08-16","2014-04-02","","6a8c15f8141cc332","2041-12-08","","","Porto Alegre"
"LIC-LIC-01","TELEFONICA BRASIL S.A.","50409146366","010","105802021","1008990385","RUA DOUTOR JOÃO DUTRA","RBR-NÃO","RS","4314902","100MG7W","NR","SA-NSA","","3450","3450","30","FB","","","760","116652103257","23.5","25","65","0","X","40","116652103257","200","-30.04528","-51.19389","G","2023-09-27","2019-08-26","","6a8c15f8141cc333","2041-12-08","","","Porto Alegre"
"LIC-LIC-01","TELEFONICA BRASIL S.A.","50409146366","010","105802021","1008990385","RUA DOUTOR JOÃO DUTRA","RBR-NÃO","RS","4314902","100MG7W","NR","SA-NSA","","3450","3450","130","FB","","","760","116652103257","23.5","25","65","0","X","40","116652103257","200","-30.04528","-51.19389","G","2023-09-27","2019-08-26","","6a8c15f8141cc334","2041-12-08","","","Porto Alegre"
"LIC-LIC-01","TELEFONICA BRASIL S.A.","50409146366","010","105802021","1008990385","RUA DOUTOR JOÃO DUTRA","RBR-NÃO","RS","4314902","100MG7W","NR","SA-NSA","","3450","3450","240","FB","","","760","116652103257","23.5","25","65","0","X","40","116652103257","200","-30.04528","-51.19389","G","2023-09-27","2019-08-26","","6a8c15f8141cc335","2041-12-08","","","Porto Alegre"
"LIC-LIC-01","TELEFONICA BRASIL S.A.","50409146366","010","105802021","698718097","Rua Jari","","RS","4314902","100MG7W","NR","SA-NSA","","3450","3450","100","FB","","","760","116652103257","25","25","105","0","X","56","116652103257","200","-30.01528","-51.16833","G","2023-08-16","2013-04-18","","6a8c15f8141cc336","2041-12-08","","","Porto Alegre"
"LIC-LIC-01","TELEFONICA BRASIL S.A.","50409146366","010","105802021","698718097","Rua Jari","","RS","4314902","100MG7W","NR","SA-NSA","","3450","3450","360","FB","","","760","116652103257","25","25","105","0","X","56","116652103257","200","-30.01528","-51.16833","G","2023-08-16","2013-04-18","","6a8c15f8141cc337","2041-12-08","","","Porto Alegre"
"LIC-LIC-01","TELEFONICA BRASIL S.A.","50409146366","010","105802021","698718097","Rua Jari","","RS","4314902","100MG7W","NR","SA-NSA","","3450","3450","250","FB","","","760","116652103257","25","25","105","0","X","56","116652103257","200","-30.01528","-51.16833","G","2023-08-16","2013-04-18","","6a8c15f8141cc338","2041-12-08","","","Porto Alegre"
"LIC-LIC-01","TELEFONICA BRASIL S.A.","50409146366","010","105802021","1012964725","RUA MARTINS DE LIMA","","RS","4314902","100MG7W","NR","SA-NSA","","3450","3450","340","FB","","","760","116652103257","25","25","105","0","X","28","116652103257","200","-30.061919","-51.170089","G","2023-08-07","2022-03-28","","6a8c15f8141cc339","2041-12-08","","","Porto Alegre"
"LIC-LIC-01","TELEFONICA BRASIL S.A.","50409146366","010","105802021","1012964725","RUA MARTINS DE LIMA","","RS","4314902","100MG7W","NR","SA-NSA","","3450","3450","110","FB","","","760","116652103257","25","25","105","0","X","28","116652103257","200","-30.061919","-51.170089","G","2023-08-07","2022-03-28","","6a8c15f8141cc33a","2041-12-08","","","Porto Alegre"
"LIC-LIC-01","TELEFONICA BRASIL S.A.","50409146366","010","105802021","1012964725","RUA MARTINS DE LIMA","","RS","4314902","100MG7W","NR","SA-NSA","","3450","3450","200","FB","","","760","116652103257","25","25","105","0","X","28","116652103257","200","-30.061919","-51.170089","G","2023-08-07","2022-03-28","","6a8c15f8141cc33b","2041-12-08","","","Porto Alegre"
"LIC-LIC-01","CLARO S.A.","50409889580","010","105752021","698580800","AV PRINCESA ISABEL","","RS","4314902","100MG7W","NR","SA-NSA","","3350","3350","30","FB","","","760","","24.9","25","13.5","0","X","51","102792102519","204","-30.05092","-51.21235","G","2023-11-17","2013-02-15","","6015d5f805d7e8e2","2032-12-22","","","Porto Alegre"
"LIC-LIC-01","CLARO S.A.","50409889580","010","105752021","698580800","AV PRINCESA ISABEL","","RS","4314902","100MG7W","NR","SA-NSA","","3350","3350","150","FB","","","760","","24.9","25","13.5","0","X","51","102792102519","204","-30.05092","-51.21235","G","2023-11-17","2013-02-15","","6015d5f805d7e8e3","2032-12-22","","","Porto Alegre"
"LIC-LIC-01","CLARO S.A.","50409889580","010","105752021","698580800","AV PRINCESA ISABEL","","RS","4314902","100MG7W","NR","SA-NSA","","3350","3350","250","FB","","","760","","24.9","25","13.5","0","X","51","102792102519","204","-30.05092","-51.21235","G","2023-11-17","2013-02-15","","6015d5f805d7e8e4","2032-12-22","","","Porto Alegre"
"LIC-LIC-01","CLARO S.A.","50409889580","010","105752021","405604696","R MARCÍLIO DIAS","","RS","4314902","100MG7W","NR","SA-NSA","","3350","3350","10","FB","","","760","","24.9","25","13.5","-4","X","38","102792102519","204","-30.04913","-51.22648","G","2023-11-16","1999-01-01","","6015d5f805d7e921","2032-12-22","","","Porto Alegre"
"LIC-LIC-01","CLARO S.A.","50409889580","010","105752021","405604696","R MARCÍLIO DIAS","","RS","4314902","100MG7W","NR","SA-NSA","","3350","3350","200","FB","","","760","","24.9","25","13.5","-3","X","38","102792102519","204","-30.04913","-51.22648","G","2023-11-16","1999-01-01","","6015d5f805d7e923","2032-12-22","","","Porto Alegre"
"LIC-LIC-01","CLARO S.A.","50409889580","010","105752021","405604696","R MARCÍLIO DIAS","","RS","4314902","50M0G7W","NR","SA-NSA","","2325","2325","120","FB","","","760","003692202519","24","25","70","-6","X","37.5","003692202519","50","-30.04913","-51.22648","G","2023-11-16","1999-01-01","","6015d5f805d7e925","2032-12-22","","","Porto Alegre"
"LIC-LIC-01","CLARO S.A.","50409889580","010","105752021","405604696","R MARCÍLIO DIAS","","RS","4314902","50M0G7W","NR","SA-NSA","","2325","2325","200","FB","","","760","003692202519","24","25","70","-4","X","37.5","003692202519","50","-30.04913","-51.22648","G","2023-11-16","1999-01-01","","6015d5f805d7e926","2032-12-22","","","Porto Alegre"
"LIC-LIC-01","CLARO S.A.","50409889580","010","105752021","684874113","R BENTO FIGUEIREDO","","RS","4314902","100MG7W","NR","SA-NSA","","3350","3350","50","FB","","","760","","24.9","25","13.5","-4","X","44","102792102519","204","-30.0349","-51.2086","G","2024-06-05","2004-10-18","","6015d5f805d7e95a","2041-12-08","","","Porto Alegre"
"LIC-LIC-01","CLARO S.A.","50409889580","010","105752021","684874113","R BENTO FIGUEIREDO","","RS","4314902","100MG7W","NR","SA-NSA","","3350","3350","150","FB","","","760","","24.9","25","13.5","-1","X","44","102792102519","204","-30.0349","-51.2086","G","2024-06-05","2004-10-18","","6015d5f805d7e95b","2041-12-08","","","Porto Alegre"
"LIC-LIC-01","CLARO S.A.","50409889580","010","105752021","684874113","R BENTO FIGUEIREDO","","RS","4314902","100MG7W","NR","SA-NSA","","3350","3350","260","FB","","","760","","24.9","25","13.5","0","X","44","102792102519","204","-30.0349","-51.2086","G","2024-06-05","2004-10-18","","6015d5f805d7e95c","2041-12-08","","","Porto Alegre"
"LIC-LIC-01","CLARO S.A.","50409889580","010","105752021","684874113","R BENTO FIGUEIREDO","","RS","4314902","50M0G7W","NR","SA-NSA","","2325","2325","50","FB","","","760","003692202519","24","25","70","0","X","42","003692202519","50","-30.0349","-51.2086","G","2024-06-05","2004-10-18","","6015d5f805d7e95d","2041-12-08","","","Porto Alegre"
"LIC-LIC-01","CLARO S.A.","50409889580","010","105752021","684874113","R BENTO FIGUEIREDO","","RS","4314902","50M0G7W","NR","SA-NSA","","2325","2325","150","FB","","","760","003692202519","24","25","70","-5","X","42","003692202519","50","-30.0349","-51.2086","G","2024-06-05","2004-10-18","","6015d5f805d7e95e","2041-12-08","","","Porto Alegre"
"LIC-LIC-01","CLARO S.A.","50409889580","010","105752021","684874113","R BENTO FIGUEIREDO","","RS","4314902","50M0G7W","NR","SA-NSA","","2325","2325","260","FB","","","760","003692202519","24","25","70","-2","X","42","003692202519","50","-30.0349","-51.2086","G","2024-06-05","2004-10-18","","6015d5f805d7e95f","2041-12-08","","","Porto Alegre"
"LIC-LIC-01","CLARO S.A.","50409889580","010","105752021","684714965","RUA GONÇALVES DIAS","","RS","4314902","100MG7W","NR","SA-NSA","","3350","3350","0","FB","","","760","","24.9","25","13.5","0","X","30.5","102792102519","204","-30.0569","-51.2208","G","2023-11-17","2004-09-24","","6015d5f805d7e982","2041-12-08","","","Porto Alegre"
"LIC-LIC-01","CLARO S.A.","50409889580","010","105752021","684714965","RUA GONÇALVES DIAS","","RS","4314902","100MG7W","NR","SA-NSA","","3350","3350","140","FB","","","760","","24.9","25","13.5","0","X","30.5","102792102519","204","-30.0569","-51.2208","G","2023-11-17","2004-09-24","","6015d5f805d7e983","2041-12-08","","","Porto Alegre"
"LIC-LIC-01","CLARO S.A.","50409889580","010","105752021","684714965","RUA GONÇALVES DIAS","","RS","4314902","100MG7W","NR","SA-NSA","","3350","3350","260","FB","","","760","","24.9","25","13.5","0","X","30.5","102792102519","204","-30.0569","-51.2208","G","2023-11-17","2004-09-24","","6015d5f805d7e984","2041-12-08","","","Porto Alegre"
"LIC-LIC-01","CLARO S.A.","50409889580","010","105752021","405604637","R CASTRO ALVES","","RS","4314902","100MG7W","NR","SA-NSA","","3350","3350","0","FB","","","760","","24.9","25","13.5","-3","X","30","102792102519","204","-30.0304","-51.2107","G","2023-11-17","2004-02-13","","6015d5f805d7e985","2032-12-22","","","Porto Alegre"
"LIC-LIC-01","CLARO S.A.","50409889580","010","105752021","405604637","R CASTRO ALVES","","RS","4314902","100MG7W","NR","SA-NSA","","3350","3350","120","FB","","","760","","24.9","25","13.5","-4","X","28","102792102519","204","-30.0304","-51.2107","G","2023-11-17","2004-02-13","","6015d5f805d7e986","2032-12-22","","","Porto Alegre"
"LIC-LIC-01","CLARO S.A.","50409889580","010","105752021","405604637","R CASTRO ALVES","","RS","4314902","100MG7W","NR","SA-NSA","","3350","3350","230","FB","","","760","","24.9","25","13.5","-4","X","26","102792102519","204","-30.0304","-51.2107","G","2023-11-17","2004-02-13","","6015d5f805d7e987","2032-12-22","","","Porto Alegre"
"LIC-LIC-01","CLARO S.A.","50409889580","010","105752021","405604637","R CASTRO ALVES","","RS","4314902","50M0G7W","NR","SA-NSA","","2325","2325","0","FB","","","760","003692202519","24","25","70","-3","X","29","003692202519","50","-30.0304","-51.2107","G","2023-11-17","2004-02-13","","6015d5f805d7e988","2032-12-22","","","Porto Alegre"
"LIC-LIC-01","CLARO S.A.","50409889580","010","105752021","405604637","R CASTRO ALVES","","RS","4314902","50M0G7W","NR","SA-NSA","","2325","2325","120","FB","","","760","003692202519","24","25","70","-4","X","27","003692202519","50","-30.0304","-51.2107","G","2023-11-17","2004-02-13","","6015d5f805d7e989","2032-12-22","","","Porto Alegre"
"LIC-LIC-01","CLARO S.A.","50409889580","010","105752021","405604637","R CASTRO ALVES","","RS","4314902","50M0G7W","NR","SA-NSA","","2325","2325","230","FB","","","760","003692202519","24","25","70","-4","X","25","003692202519","50","-30.0304","-51.2107","G","2023-11-17","2004-02-13","","6015d5f805d7e98a","2032-12-22","","","Porto Alegre"
"LIC-LIC-01","CLARO S.A.","50409889580","010","105752021","405605358","R BARÃO DO CERRO LARGO","","RS","4314902","100MG7W","NR","SA-NSA","","3350","3350","15","FB","","","760","","24.9","25","13.5","-2","X","39","102792102519","204","-30.06261","-51.2287","G","2024-05-14","2004-01-06","","6015d5f805d7e9eb","2041-12-08","","","Porto Alegre"
"LIC-LIC-01","CLARO S.A.","50409889580","010","105752021","405605358","R BARÃO DO CERRO LARGO","","RS","4314902","100MG7W","NR","SA-NSA","","3350","3350","120","FB","","","760","","24.9","25","13.5","-2","X","39","102792102519","204","-30.06261","-51.2287","G","2024-05-14","2004-01-06","","6015d5f805d7e9ec","2041-12-08","","","Porto Alegre"
"LIC-LIC-01","CLARO S.A.","50409889580","010","105752021","687538157","R DEZESSETE DE JUNHO","0","RS","4314902","100MG7W","NR","SA-NSA","","3350","3350","20","FB","","","760","","24.9","25","13.5","-3","X","33","102792102519","204","-30.0474","-51.2197","G","2023-11-22","2005-11-18","","6015d5f805d7ea15","2032-12-22","","","Porto Alegre"
"LIC-LIC-01","CLARO S.A.","50409889580","010","105752021","687538157","R DEZESSETE DE JUNHO","0","RS","4314902","100MG7W","NR","SA-NSA","","3350","3350","120","FB","","","760","","24.9","25","13.5","-2","X","32","102792102519","204","-30.0474","-51.2197","G","2023-11-22","2005-11-18","","6015d5f805d7ea16","2032-12-22","","","Porto Alegre"
"LIC-LIC-01","CLARO S.A.","50409889580","010","105752021","687538157","R DEZESSETE DE JUNHO","0","RS","4314902","100MG7W","NR","SA-NSA","","3350","3350","240","FB","","","760","","24.9","25","13.5","-2","X","33","102792102519","204","-30.0474","-51.2197","G","2023-11-22","2005-11-18","","6015d5f805d7ea17","2032-12-22","","","Porto Alegre"
"LIC-LIC-01","CLARO S.A.","50409889580","010","105752021","688205763","RUA EÇA DE QUEIROS","","RS","4314902","100MG7W","NR","SA-NSA","","3350","3350","20","FB","","","760","","24.9","25","13.5","0","X","27","102792102519","204","-30.042","-51.192","G","2023-11-10","2006-03-23","","6015d5f805d7ea5d","2041-12-08","","","Porto Alegre"
"LIC-LIC-01","CLARO S.A.","50409889580","010","105752021","688205763","RUA EÇA DE QUEIROS","","RS","4314902","100MG7W","NR","SA-NSA","","3350","3350","150","FB","","","760","","24.9","25","13.5","0","X","27","102792102519","204","-30.042","-51.192","G","2023-11-10","2006-03-23","","6015d5f805d7ea5e","2041-12-08","","","Porto Alegre"
"LIC-LIC-01","CLARO S.A.","50409889580","010","105752021","688205763","RUA EÇA DE QUEIROS","","RS","4314902","100MG7W","NR","SA-NSA","","3350","3350","255","FB","","","760","","24.9","25","13.5","0","X","27","102792102519","204","-30.042","-51.192","G","2023-11-10","2006-03-23","","6015d5f805d7ea5f","2041-12-08","","","Porto Alegre"
"LIC-LIC-01","CLARO S.A.","50409889580","010","105752021","688205763","RUA EÇA DE QUEIROS","","RS","4314902","50M0G7W","NR","SA-NSA","","2325","2325","20","FB","","","760","003692202519","24","25","70","0","X","25.5","003692202519","50","-30.042","-51.192","G","2023-11-10","2006-03-23","","6015d5f805d7ea60","2041-12-08","","","Porto Alegre"
"LIC-LIC-01","CLARO S.A.","50409889580","010","105752021","688205763","RUA EÇA DE QUEIROS","","RS","4314902","50M0G7W","NR","SA-NSA","","2325","2325","150","FB","","","760","003692202519","24","25","70","0","X","25.5","003692202519","50","-30.042","-51.192","G","2023-11-10","2006-03-23","","6015d5f805d7ea61","2041-12-08","","","Porto Alegre"
"LIC-LIC-01","CLARO S.A.","50409889580","010","105752021","688205763","RUA EÇA DE QUEIROS","","RS","4314902","50M0G7W","NR","SA-NSA","","2325","2325","255","FB","","","760","003692202519","24","25","70","0","X","25.5","003692202519","50","-30.042","-51.192","G","2023-11-10","2006-03-23","","6015d5f805d7ea62","2041-12-08","","","Porto Alegre"
"LIC-LIC-01","CLARO S.A.","50409889580","010","105752021","405604300","R DOS ANDRADAS","","RS","4314902","100MG7W","NR","SA-NSA","","3350","3350","30","FB","","","760","","24.9","25","13.5","0","X","55.5","102792102519","204","-30.0296","-51.2271","G","2024-10-15","2004-01-06","","6a8c15f80eeaa712","2041-12-08","","","Porto Alegre"
"LIC-LIC-01","CLARO S.A.","50409889580","010","105752021","405604300","R DOS ANDRADAS","","RS","4314902","100MG7W","NR","SA-NSA","","3350","3350","140","FB","","","760","","24.9","25","13.5","0","X","56","102792102519","204","-30.0296","-51.2271","G","2024-10-15","2004-01-06","","6a8c15f80eeaa713","2041-12-08","","","Porto Alegre"
"LIC-LIC-01","CLARO S.A.","50409889580","010","105752021","405604300","R DOS ANDRADAS","","RS","4314902","100MG7W","NR","SA-NSA","","3350","3350","210","FB","","","760","","24.9","25","13.5","0","X","56","102792102519","204","-30.0296","-51.2271","G","2024-10-15","2004-01-06","","6a8c15f80eeaa714","2041-12-08","","","Porto Alegre"
"LIC-LIC-01","CLARO S.A.","50409889580","010","105752021","688205879","AV ASSIS BRASIL","CENTRO PROFISSIONAL LUXOR","RS","4314902","100MG7W","NR","SA-NSA","","3350","3350","20","FB","","","760","","23","25","13.5","0","X","26.5","072212102519","200","-30.00817","-51.18171","G","2023-11-10","2006-03-23","","6a8c15f80eeaa751","2032-12-22","","","Porto Alegre"
"LIC-LIC-01","CLARO S.A.","50409889580","010","105752021","688205879","AV ASSIS BRASIL","CENTRO PROFISSIONAL LUXOR","RS","4314902","100MG7W","NR","SA-NSA","","3350","3350","140","FB","","","760","","23","25","13.5","0","X","24.4","072212102519","200","-30.00817","-51.18171","G","2023-11-10","2006-03-23","","6a8c15f80eeaa752","2032-12-22","","","Porto Alegre"
"LIC-LIC-01","CLARO S.A.","50409889580","010","105752021","688205879","AV ASSIS BRASIL","CENTRO PROFISSIONAL LUXOR","RS","4314902","100MG7W","NR","SA-NSA","","3350","3350","240","FB","","","760","","23","25","13.5","0","X","24.4","072212102519","200","-30.00817","-51.18171","G","2023-11-10","2006-03-23","","6a8c15f80eeaa753","2032-12-22","","","Porto Alegre"
"LIC-LIC-01","CLARO S.A.","50409889580","010","105752021","684705257","AV SIQUEIRA CAMPOS","","RS","4314902","100MG7W","NR","SA-NSA","","3350","3350","55","FB","","","760","","24.9","25","13.5","0","X","58","102792102519","204","-30.02841","-51.22986","G","2023-11-16","2004-09-24","","6a8c15f80eeaa754","2032-12-22","","","Porto Alegre"
"LIC-LIC-01","CLARO S.A.","50409889580","010","105752021","684705257","AV SIQUEIRA CAMPOS","","RS","4314902","100MG7W","NR","SA-NSA","","3350","3350","140","FB","","","760","","24.9","25","13.5","0","X","58","102792102519","204","-30.02841","-51.22986","G","2023-11-16","2004-09-24","","6a8c15f80eeaa755","2032-12-22","","","Porto Alegre"
"LIC-LIC-01","CLARO S.A.","50409889580","010","105752021","684705257","AV SIQUEIRA CAMPOS","","RS","4314902","100MG7W","NR","SA-NSA","","3350","3350","250","FB","","","760","","24.9","25","13.5","0","X","58","102792102519","204","-30.02841","-51.22986","G","2023-11-16","2004-09-24","","6a8c15f80eeaa756","2032-12-22","","","Porto Alegre"
"LIC-LIC-01","CLARO S.A.","50409889580","010","105752021","699958865","R DEMÉTRIO RIBEIRO","","RS","4314902","100MG7W","NR","SA-NSA","","3350","3350","60","FB","","","760","","24.9","25","13.5","-4","X","54","102792102519","204","-30.03577","-51.22773","G","2023-11-16","2014-05-12","","6a8c15f80eeaa7a5","2032-12-22","","","Porto Alegre"
"LIC-LIC-01","CLARO S.A.","50409889580","010","105752021","699958865","R DEMÉTRIO RIBEIRO","","RS","4314902","100MG7W","NR","SA-NSA","","3350","3350","200","FB","","","760","","24.9","25","13.5","-3","X","51","102792102519","204","-30.03577","-51.22773","G","2023-11-16","2014-05-12","","6a8c15f80eeaa7a6","2032-12-22","","","Porto Alegre"
"LIC-LIC-01","CLARO S.A.","50409889580","010","105752021","699958865","R DEMÉTRIO RIBEIRO","","RS","4314902","100MG7W","NR","SA-NSA","","3350","3350","330","FB","","","760","","24.9","25","13.5","-3","X","54","102792102519","204","-30.03577","-51.22773","G","2023-11-16","2014-05-12","","6a8c15f80eeaa7a7","2032-12-22","","","Porto Alegre"
"LIC-LIC-01","CLARO S.A.","50409889580","010","105752021","699958865","R DEMÉTRIO RIBEIRO","","RS","4314902","50M0G7W","NR","SA-NSA","","2325","2325","60","FB","","","760","003692202519","24","25","70","-4","X","53","003692202519","50","-30.03577","-51.22773","G","2023-11-16","2014-05-12","","6a8c15f80eeaa7a8","2032-12-22","","","Porto Alegre"
"LIC-LIC-01","CLARO S.A.","50409889580","010","105752021","699958865","R DEMÉTRIO RIBEIRO","","RS","4314902","50M0G7W","NR","SA-NSA","","2325","2325","200","FB","","","760","003692202519","24","25","70","-3","X","50","003692202519","50","-30.03577","-51.22773","G","2023-11-16","2014-05-12","","6a8c15f80eeaa7a9","2032-12-22","","","Porto Alegre"
"LIC-LIC-01","CLARO S.A.","50409889580","010","105752021","699958865","R DEMÉTRIO RIBEIRO","","RS","4314902","50M0G7W","NR","SA-NSA","","2325","2325","300","FB","","","760","003692202519","24","25","70","-3","X","53","003692202519","50","-30.03577","-51.22773","G","2023-11-16","2014-05-12","","6a8c15f80eeaa7aa","2032-12-22","","","Porto Alegre"
"LIC-LIC-01","CLARO S.A.","50409889580","010","105752021","1005878118","TV TRAVESSA UNIVERSINA ARAÚJO NUNES","","RS","4314902","100MG7W","NR","SA-NSA","","3350","3350","80","FB","","","760","","24.9","25","13.5","-4","X","21","102792102519","204","-30.04489","-51.17136","G","2023-11-10","2018-03-07","","6a8c15f80eeaa7de","2032-12-22","","","Porto Alegre"
"LIC-LIC-01","CLARO S.A.","50409889580","010","105752021","1005878118","TV TRAVESSA UNIVERSINA ARAÚJO NUNES","","RS","4314902","100MG7W","NR","SA-NSA","","3350","3350","175","FB","","","760","","24.9","25","13.5","-4","X","21","102792102519","204","-30.04489","-51.17136","G","2023-11-10","2018-03-07","","6a8c15f80eeaa7df","2032-12-22","","","Porto Alegre"
"LIC-LIC-01","CLARO S.A.","50409889580","010","105752021","1005878118","TV TRAVESSA UNIVERSINA ARAÚJO NUNES","","RS","4314902","100MG7W","NR","SA-NSA","","3350","3350","300","FB","","","760","","24.9","25","13.5","-2","X","21","102792102519","204","-30.04489","-51.17136","G","2023-11-10","2018-03-07","","6a8c15f80eeaa7e0","2032-12-22","","","Porto Alegre"
"LIC-LIC-01","CLARO S.A.","50409889580","010","105752021","1005878118","TV TRAVESSA UNIVERSINA ARAÚJO NUNES","","RS","4314902","50M0G7W","NR","SA-NSA","","2325","2325","80","FB","","","760","003692202519","24","25","70","-4","X","20","003692202519","50","-30.04489","-51.17136","G","2023-11-10","2018-03-07","","6a8c15f80eeaa7e1","2032-12-22","","","Porto Alegre"
"LIC-LIC-01","CLARO S.A.","50409889580","010","105752021","1005878118","TV TRAVESSA UNIVERSINA ARAÚJO NUNES","","RS","4314902","50M0G7W","NR","SA-NSA","","2325","2325","175","FB","","","760","003692202519","24","25","70","-4","X","20","003692202519","50","-30.04489","-51.17136","G","2023-11-10","2018-03-07","","6a8c15f80eeaa7e2","2032-12-22","","","Porto Alegre"
"LIC-LIC-01","CLARO S.A.","50409889580","010","105752021","1005878118","TV TRAVESSA UNIVERSINA ARAÚJO NUNES","","RS","4314902","50M0G7W","NR","SA-NSA","","2325","2325","300","FB","","","760","003692202519","24","25","70","-2","X","20","003692202519","50","-30.04489","-51.17136","G","2023-11-10","2018-03-07","","6a8c15f80eeaa7e3","2032-12-22","","","Porto Alegre"
"LIC-LIC-01","CLARO S.A.","50409889580","010","105752021","1007372840","RUA VISCONDE DO HERVAL","","RS","4314902","100MG7W","NR","SA-NSA","","3350","3350","0","FB","","","760","","24.9","25","13.5","-3","X","30","102792102519","204","-30.0535","-51.21653","G","2024-06-10","2018-10-24","","6a8c15f80eeaa82d","2041-12-08","","","Porto Alegre"
"LIC-LIC-01","CLARO S.A.","50409889580","010","105752021","1007372840","RUA VISCONDE DO HERVAL","","RS","4314902","100MG7W","NR","SA-NSA","","3350","3350","140","FB","","","760","","24.9","25","13.5","-3","X","30","102792102519","204","-30.0535","-51.21653","G","2024-06-10","2018-10-24","","6a8c15f80eeaa82e","2041-12-08","","","Porto Alegre"
"LIC-LIC-01","CLARO S.A.","50409889580","010","105752021","1007372840","RUA VISCONDE DO HERVAL","","RS","4314902","50M0G7W","NR","SA-NSA","","2325","2325","0","FB","","","760","003692202519","24","25","70","-4","X","30","003692202519","50","-30.0535","-51.21653","G","2024-06-10","2018-10-24","","6a8c15f80eeaa82f","2041-12-08","","","Porto Alegre"
"LIC-LIC-01","CLARO S.A.","50409889580","010","105752021","1007372840","RUA VISCONDE DO HERVAL","","RS","4314902","50M0G7W","NR","SA-NSA","","2325","2325","140","FB","","","760","003692202519","24","25","70","-4","X","30","003692202519","50","-30.0535","-51.21653","G","2024-06-10","2018-10-24","","6a8c15f80eeaa830","2041-12-08","","","Porto Alegre"
"LIC-LIC-01","CLARO S.A.","50409889580","010","105752021","1007372840","RUA VISCONDE DO HERVAL","","RS","4314902","50M0G7W","NR","SA-NSA","","2325","2325","260","FB","","","760","003692202519","24","25","70","-4","X","30","003692202519","50","-30.0535","-51.21653","G","2024-06-10","2018-10-24","","6a8c15f80eeaa831","2041-12-08","","","Porto Alegre"
"LIC-LIC-01","CLARO S.A.","50409889580","010","105752021","405604572","R AVAÍ","","RS","4314902","100MG7W","NR","SA-NSA","","3350","3350","245","FB","","","760","","24.9","25","13.5","-2","X","49","102792102519","204","-30.0337","-51.2227","G","2023-11-16","2004-01-06","","f26415f83d5860ea","2032-12-22","","","Porto Alegre"
"LIC-LIC-01","CLARO S.A.","50409889580","010","105752021","689892454","R LUIZ AFONSO","","RS","4314902","100MG7W","NR","SA-NSA","","3350","3350","340","FB","","","760","","24.9","25","13.5","0","X","33","102792102519","204","-30.03885","-51.22052","G","2023-11-17","2008-03-04","","f26415f83d586100","2032-12-22","","","Porto Alegre"
"LIC-LIC-01","CLARO S.A.","50409889580","010","105752021","689892454","R LUIZ AFONSO","","RS","4314902","100MG7W","NR","SA-NSA","","3350","3350","70","FB","","","760","","24.9","25","13.5","0","X","33","102792102519","204","-30.03885","-51.22052","G","2023-11-17","2008-03-04","","f26415f83d586101","2032-12-22","","","Porto Alegre"
"LIC-LIC-01","CLARO S.A.","50409889580","010","105752021","689892454","R LUIZ AFONSO","","RS","4314902","100MG7W","NR","SA-NSA","","3350","3350","230","FB","","","760","","24.9","25","13.5","0","X","33","102792102519","204","-30.03885","-51.22052","G","2023-11-17","2008-03-04","","f26415f83d586102","2032-12-22","","","Porto Alegre"
"LIC-LIC-01","CLARO S.A.","50409889580","010","105752021","689892454","R LUIZ AFONSO","","RS","4314902","50M0G7W","NR","SA-NSA","","2325","2325","340","FB","","","760","003692202519","24","25","70","0","X","32","003692202519","50","-30.03885","-51.22052","G","2023-11-17","2008-03-04","","f26415f83d586103","2032-12-22","","","Porto Alegre"
"LIC-LIC-01","CLARO S.A.","50409889580","010","105752021","689892454","R LUIZ AFONSO","","RS","4314902","50M0G7W","NR","SA-NSA","","2325","2325","70","FB","","","760","003692202519","24","25","70","0","X","32","003692202519","50","-30.03885","-51.22052","G","2023-11-17","2008-03-04","","f26415f83d586104","2032-12-22","","","Porto Alegre"
"LIC-LIC-01","CLARO S.A.","50409889580","010","105752021","689892454","R LUIZ AFONSO","","RS","4314902","50M0G7W","NR","SA-NSA","","2325","2325","230","FB","","","760","003692202519","24","25","70","0","X","32","003692202519","50","-30.03885","-51.22052","G","2023-11-17","2008-03-04","","f26415f83d586105","2032-12-22","","","Porto Alegre"
"LIC-LIC-01","TIM S A","50409314250","010","105812021","674613619","Avenida Getulio Vargas","-","RS","4314902","100MG7W","NR","SA-NSA","","3550","3550","350","FB","","","760","116672103257","25","25","65","0","X","35","116672103257","200","-30.0585","-51.222778","G","2024-08-27","2002-09-18","","6a8c15f81540f6b9","2041-12-08","","","Porto Alegre"
"LIC-LIC-01","TIM S A","50409314250","010","105812021","674613619","Avenida Getulio Vargas","-","RS","4314902","100MG7W","NR","SA-NSA","","3550","3550","150","FB","","","760","116672103257","25","25","65","0","X","35","116672103257","200","-30.0585","-51.222778","G","2024-08-27","2002-09-18","","6a8c15f81540f6ba","2041-12-08","","","Porto Alegre"
"LIC-LIC-01","TIM S A","50409314250","010","105812021","674613619","Avenida Getulio Vargas","-","RS","4314902","100MG7W","NR","SA-NSA","","3550","3550","250","FB","","","760","116672103257","25","25","65","-1","X","35","116672103257","200","-30.0585","-51.222778","G","2024-08-27","2002-09-18","","6a8c15f81540f6bb","2041-12-08","","","Porto Alegre"
"LIC-LIC-01","CLARO S.A.","50409889580","010","105752021","689892241","R VOLUNTÁRIOS DA PÁTRIA","","RS","4314902","100MG7W","NR","SA-NSA","","3350","3350","20","FB","","","760","","24.9","25","13.5","0","X","28","102792102519","204","-30.00634","-51.20838","G","2023-11-17","2008-03-04","","f26415f857420562","2032-12-22","","","Porto Alegre"
"LIC-LIC-01","CLARO S.A.","50409889580","010","105752021","689892241","R VOLUNTÁRIOS DA PÁTRIA","","RS","4314902","100MG7W","NR","SA-NSA","","3350","3350","135","FB","","","760","","24.9","25","13.5","0","X","28","102792102519","204","-30.00634","-51.20838","G","2023-11-17","2008-03-04","","f26415f857420563","2032-12-22","","","Porto Alegre"
"LIC-LIC-01","CLARO S.A.","50409889580","010","105752021","689892241","R VOLUNTÁRIOS DA PÁTRIA","","RS","4314902","100MG7W","NR","SA-NSA","","3350","3350","220","FB","","","760","","24.9","25","13.5","0","X","28","102792102519","204","-30.00634","-51.20838","G","2023-11-17","2008-03-04","","f26415f857420564","2032-12-22","","","Porto Alegre"
"LIC-LIC-01","CLARO S.A.","50409889580","010","105752021","506241475","AVENIDA BALTAZAR DE OLIVEIRA GARCIA","","RS","4314902","100MG7W","NR","SA-NSA","","3350","3350","30","FB","","","760","","23","25","13.5","0","X","28","072212102519","200","-30.01082","-51.13273","G","2023-11-10","2007-03-26","","f26415f857420598","2032-12-22","","","Porto Alegre"
"LIC-LIC-01","CLARO S.A.","50409889580","010","105752021","506241475","AVENIDA BALTAZAR DE OLIVEIRA GARCIA","","RS","4314902","100MG7W","NR","SA-NSA","","3350","3350","120","FB","","","760","","23","25","13.5","0","X","28","072212102519","200","-30.01082","-51.13273","G","2023-11-10","2007-03-26","","f26415f857420599","2032-12-22","","","Porto Alegre"
"LIC-LIC-01","CLARO S.A.","50409889580","010","105752021","506241475","AVENIDA BALTAZAR DE OLIVEIRA GARCIA","","RS","4314902","100MG7W","NR","SA-NSA","","3350","3350","280","FB","","","760","","23","25","13.5","0","X","28","072212102519","200","-30.01082","-51.13273","G","2023-11-10","2007-03-26","","f26415f85742059a","2032-12-22","","","Porto Alegre"
"LIC-LIC-01","CLARO S.A.","50409889580","010","105752021","405605919","R ARTUR FABIÃO CARNEIRO","","RS","4314902","100MG7W","NR","SA-NSA","","3350","3350","120","FB","","","760","","24.9","25","13.5","-4","X","35.5","102792102519","204","-30.0192","-51.166","G","2024-04-04","2004-01-06","","f26415f8574205a7","2041-12-08","","","Porto Alegre"
"LIC-LIC-01","CLARO S.A.","50409889580","010","105752021","405605919","R ARTUR FABIÃO CARNEIRO","","RS","4314902","100MG7W","NR","SA-NSA","","3350","3350","270","FB","","","760","","24.9","25","13.5","-3","X","35.5","102792102519","204","-30.0192","-51.166","G","2024-04-04","2004-01-06","","f26415f8574205a8","2041-12-08","","","Porto Alegre"
"LIC-LIC-01","CLARO S.A.","50409889580","010","105752021","405605919","R ARTUR FABIÃO CARNEIRO","","RS","4314902","100MG7W","NR","SA-NSA","","3350","3350","30","FB","","","760","","24.9","25","13.5","-2","X","35.5","102792102519","204","-30.0192","-51.166","G","2024-04-04","2004-01-06","","f26415f8574205a9","2041-12-08","","","Porto Alegre"
"LIC-LIC-01","CLARO S.A.","50409889580","010","105752021","405605919","R ARTUR FABIÃO CARNEIRO","","RS","4314902","50M0G7W","NR","SA-NSA","","2325","2325","120","FB","","","760","003692202519","24","25","70","-5","X","33.5","003692202519","50","-30.0192","-51.166","G","2024-04-04","2004-01-06","","f26415f8574205aa","2041-12-08","","","Porto Alegre"
"LIC-LIC-01","CLARO S.A.","50409889580","010","105752021","405605919","R ARTUR FABIÃO CARNEIRO","","RS","4314902","50M0G7W","NR","SA-NSA","","2325","2325","270","FB","","","760","003692202519","24","25","70","-5","X","33.5","003692202519","50","-30.0192","-51.166","G","2024-04-04","2004-01-06","","f26415f8574205ab","2041-12-08","","","Porto Alegre"
"LIC-LIC-01","CLARO S.A.","50409889580","010","105752021","405605919","R ARTUR FABIÃO CARNEIRO","","RS","4314902","50M0G7W","NR","SA-NSA","","2325","2325","30","FB","","","760","003692202519","24","25","70","-3","X","33.5","003692202519","50","-30.0192","-51.166","G","2024-04-04","2004-01-06","","f26415f8574205ac","2041-12-08","","","Porto Alegre"
"LIC-LIC-01","CLARO S.A.","50409889580","010","105752021","686178483","AV ASSIS BRASIL","COND. ED. CENTRO PROFISSIONAL MANHATTAN","RS","4314902","100MG7W","NR","SA-NSA","","3350","3350","0","FB","","","760","","23","25","13.5","-3","X","29.5","072212102519","200","-29.9964","-51.1304","G","2024-10-22","2005-03-04","","f26415f8574205e0","2041-12-08","","","Porto Alegre"
"LIC-LIC-01","CLARO S.A.","50409889580","010","105752021","686178483","AV ASSIS BRASIL","COND. ED. CENTRO PROFISSIONAL MANHATTAN","RS","4314902","100MG7W","NR","SA-NSA","","3350","3350","140","FB","","","760","","23","25","13.5","-2","X","29.5","072212102519","200","-29.9964","-51.1304","G","2024-10-22","2005-03-04","","f26415f8574205e1","2041-12-08","","","Porto Alegre"
"LIC-LIC-01","CLARO S.A.","50409889580","010","105752021","686178483","AV ASSIS BRASIL","COND. ED. CENTRO PROFISSIONAL MANHATTAN","RS","4314902","100MG7W","NR","SA-NSA","","3350","3350","260","FB","","","760","","23","25","13.5","-2","X","29.5","072212102519","200","-29.9964","-51.1304","G","2024-10-22","2005-03-04","","f26415f8574205e2","2041-12-08","","","Porto Alegre"
"LIC-LIC-01","CLARO S.A.","50409889580","010","105752021","405606001","AVENIDA JOSÉ GERTUM","","RS","4314902","100MG7W","NR","SA-NSA","","3350","3350","20","FB","","","760","","24.9","25","13.5","-2","X","29","102792102519","204","-30.0373","-51.16063","G","2023-11-17","2003-04-23","","f26415f8574205f5","2041-12-08","","","Porto Alegre"
"LIC-LIC-01","CLARO S.A.","50409889580","010","105752021","405606001","AVENIDA JOSÉ GERTUM","","RS","4314902","100MG7W","NR","SA-NSA","","3350","3350","140","FB","","","760","","24.9","25","13.5","-1","X","29","102792102519","204","-30.0373","-51.16063","G","2023-11-17","2003-04-23","","f26415f8574205f6","2041-12-08","","","Porto Alegre"
"LIC-LIC-01","CLARO S.A.","50409889580","010","105752021","405606001","AVENIDA JOSÉ GERTUM","","RS","4314902","100MG7W","NR","SA-NSA","","3350","3350","270","FB","","","760","","24.9","25","13.5","-2","X","29","102792102519","204","-30.0373","-51.16063","G","2023-11-17","2003-04-23","","f26415f8574205f7","2041-12-08","","","Porto Alegre"
"LIC-LIC-01","CLARO S.A.","50409889580","010","105752021","405606001","AVENIDA JOSÉ GERTUM","","RS","4314902","50M0G7W","NR","SA-NSA","","2325","2325","20","FB","","","760","003692202519","24","25","70","-3","X","27","003692202519","50","-30.0373","-51.16063","G","2023-11-17","2003-04-23","","f26415f8574205f8","2041-12-08","","","Porto Alegre"
"LIC-LIC-01","CLARO S.A.","50409889580","010","105752021","405606001","AVENIDA JOSÉ GERTUM","","RS","4314902","50M0G7W","NR","SA-NSA","","2325","2325","140","FB","","","760","003692202519","24","25","70","-2","X","27","003692202519","50","-30.0373","-51.16063","G","2023-11-17","2003-04-23","","f26415f8574205f9","2041-12-08","","","Porto Alegre"
"LIC-LIC-01","CLARO S.A.","50409889580","010","105752021","405606001","AVENIDA JOSÉ GERTUM","","RS","4314902","50M0G7W","NR","SA-NSA","","2325","2325","270","FB","","","760","003692202519","24","25","70","-3","X","27","003692202519","50","-30.0373","-51.16063","G","2023-11-17","2003-04-23","","f26415f8574205fa","2041-12-08","","","Porto Alegre"
"LIC-LIC-01","CLARO S.A.","50409889580","010","105752021","405605722","R BUTUI","","RS","4314902","100MG7W","NR","SA-NSA","","3350","3350","80","FB","","","760","","23","25","13.5","0","X","33","072212102519","200","-30.08636","-51.24052","G","2023-11-10","2004-01-06","","f26415f857420625","2032-12-22","","","Porto Alegre"
"LIC-LIC-01","CLARO S.A.","50409889580","010","105752021","405605722","R BUTUI","","RS","4314902","100MG7W","NR","SA-NSA","","3350","3350","190","FB","","","760","","23","25","13.5","0","X","33","072212102519","200","-30.08636","-51.24052","G","2023-11-10","2004-01-06","","f26415f857420626","2032-12-22","","","Porto Alegre"
"LIC-LIC-01","CLARO S.A.","50409889580","010","105752021","405605722","R BUTUI","","RS","4314902","100MG7W","NR","SA-NSA","","3350","3350","285","FB","","","760","","23","25","13.5","0","X","33","072212102519","200","-30.08636","-51.24052","G","2023-11-10","2004-01-06","","f26415f857420627","2032-12-22","","","Porto Alegre"
"LIC-LIC-01","CLARO S.A.","50409889580","010","105752021","405605986","R LIVRAMENTO","","RS","4314902","100MG7W","NR","SA-NSA","","3350","3350","20","FB","","","760","","24.9","25","13.5","0","X","36","102792102519","204","-30.0467","-51.1991","G","2023-11-17","2004-01-06","","963c65f88afd09ed","2032-12-22","","","Porto Alegre"
"LIC-LIC-01","CLARO S.A.","50409889580","010","105752021","405605986","R LIVRAMENTO","","RS","4314902","100MG7W","NR","SA-NSA","","3350","3350","150","FB","","","760","","24.9","25","13.5","0","X","36","102792102519","204","-30.0467","-51.1991","G","2023-11-17","2004-01-06","","963c65f88afd09ee","2032-12-22","","","Porto Alegre"
"LIC-LIC-01","CLARO S.A.","50409889580","010","105752021","405605986","R LIVRAMENTO","","RS","4314902","50M0G7W","NR","SA-NSA","","2325","2325","20","FB","","","760","003692202519","24","25","70","0","X","34","003692202519","50","-30.0467","-51.1991","G","2023-11-17","2004-01-06","","963c65f88afd09f0","2032-12-22","","","Porto Alegre"
"LIC-LIC-01","CLARO S.A.","50409889580","010","105752021","405605986","R LIVRAMENTO","","RS","4314902","50M0G7W","NR","SA-NSA","","2325","2325","150","FB","","","760","003692202519","24","25","70","0","X","34","003692202519","50","-30.0467","-51.1991","G","2023-11-17","2004-01-06","","963c65f88afd09f1","2032-12-22","","","Porto Alegre"
"LIC-LIC-01","CLARO S.A.","50409889580","010","105752021","690207409","AV PROTÁSIO ALVES","","RS","4314902","100MG7W","NR","SA-NSA","","3350","3350","0","FB","","","760","","24.9","25","13.5","0","X","36","102792102519","204","-30.04036","-51.19718","G","2023-11-17","2008-04-07","","963c65f88afd0a08","2032-12-22","","","Porto Alegre"
"LIC-LIC-01","CLARO S.A.","50409889580","010","105752021","690207409","AV PROTÁSIO ALVES","","RS","4314902","100MG7W","NR","SA-NSA","","3350","3350","140","FB","","","760","","24.9","25","13.5","0","X","36","102792102519","204","-30.04036","-51.19718","G","2023-11-17","2008-04-07","","963c65f88afd0a09","2032-12-22","","","Porto Alegre"
"LIC-LIC-01","CLARO S.A.","50409889580","010","105752021","690207409","AV PROTÁSIO ALVES","","RS","4314902","100MG7W","NR","SA-NSA","","3350","3350","260","FB","","","760","","24.9","25","13.5","0","X","36","102792102519","204","-30.04036","-51.19718","G","2023-11-17","2008-04-07","","963c65f88afd0a0a","2032-12-22","","","Porto Alegre"
"LIC-LIC-01","CLARO S.A.","50409889580","010","105752021","690207409","AV PROTÁSIO ALVES","","RS","4314902","50M0G7W","NR","SA-NSA","","2325","2325","0","FB","","","760","003692202519","24","25","70","0","X","34","003692202519","50","-30.04036","-51.19718","G","2023-11-17","2008-04-07","","963c65f88afd0a0b","2032-12-22","","","Porto Alegre"
"LIC-LIC-01","CLARO S.A.","50409889580","010","105752021","690207409","AV PROTÁSIO ALVES","","RS","4314902","50M0G7W","NR","SA-NSA","","2325","2325","140","FB","","","760","003692202519","24","25","70","0","X","34","003692202519","50","-30.04036","-51.19718","G","2023-11-17","2008-04-07","","963c65f88afd0a0c","2032-12-22","","","Porto Alegre"
"LIC-LIC-01","CLARO S.A.","50409889580","010","105752021","690207409","AV PROTÁSIO ALVES","","RS","4314902","50M0G7W","NR","SA-NSA","","2325","2325","260","FB","","","760","003692202519","24","25","70","0","X","34","003692202519","50","-30.04036","-51.19718","G","2023-11-17","2008-04-07","","963c65f88afd0a0d","2032-12-22","","","Porto Alegre"
"LIC-LIC-01","CLARO S.A.","50409889580","010","105752021","405604947","R SÃO MANOEL","","RS","4314902","100MG7W","NR","SA-NSA","","3350","3350","40","FB","","","760","","24.9","25","13.5","0","X","33","102792102519","204","-30.03886","-51.20479","G","2023-11-10","2004-01-06","","963c65f88afd0a2f","2032-12-22","","","Porto Alegre"
"LIC-LIC-01","CLARO S.A.","50409889580","010","105752021","405604947","R SÃO MANOEL","","RS","4314902","100MG7W","NR","SA-NSA","","3350","3350","150","FB","","","760","","24.9","25","13.5","0","X","33","102792102519","204","-30.03886","-51.20479","G","2023-11-10","2004-01-06","","963c65f88afd0a30","2032-12-22","","","Porto Alegre"
"LIC-LIC-01","CLARO S.A.","50409889580","010","105752021","405604947","R SÃO MANOEL","","RS","4314902","100MG7W","NR","SA-NSA","","3350","3350","290","FB","","","760","","24.9","25","13.5","0","X","33","102792102519","204","-30.03886","-51.20479","G","2023-11-10","2004-01-06","","963c65f88afd0a31","2032-12-22","","","Porto Alegre"
"LIC-LIC-01","CLARO S.A.","50409889580","010","105752021","405604947","R SÃO MANOEL","","RS","4314902","50M0G7W","NR","SA-NSA","","2325","2325","40","FB","","","760","003692202519","24","25","70","0","X","32","003692202519","50","-30.03886","-51.20479","G","2023-11-10","2004-01-06","","963c65f88afd0a32","2032-12-22","","","Porto Alegre"
"LIC-LIC-01","CLARO S.A.","50409889580","010","105752021","405604947","R SÃO MANOEL","","RS","4314902","50M0G7W","NR","SA-NSA","","2325","2325","150","FB","","","760","003692202519","24","25","70","0","X","32","003692202519","50","-30.03886","-51.20479","G","2023-11-10","2004-01-06","","963c65f88afd0a33","2032-12-22","","","Porto Alegre"
"LIC-LIC-01","CLARO S.A.","50409889580","010","105752021","405604947","R SÃO MANOEL","","RS","4314902","50M0G7W","NR","SA-NSA","","2325","2325","290","FB","","","760","003692202519","24","25","70","0","X","32","003692202519","50","-30.03886","-51.20479","G","2023-11-10","2004-01-06","","963c65f88afd0a34","2032-12-22","","","Porto Alegre"
"LIC-LIC-01","CLARO S.A.","50409889580","010","105752021","405605994","R ALVARES MACHADO","","RS","4314902","100MG7W","NR","SA-NSA","","3350","3350","0","FB","","","760","","24.9","25","13.5","-5","X","39","102792102519","204","-30.0457","-51.1868","G","2024-07-04","1999-01-01","","963c65f88afd0a41","2041-12-08","","","Porto Alegre"
"LIC-LIC-01","CLARO S.A.","50409889580","010","105752021","405605994","R ALVARES MACHADO","","RS","4314902","100MG7W","NR","SA-NSA","","3350","3350","120","FB","","","760","","24.9","25","13.5","-5","X","39","102792102519","204","-30.0457","-51.1868","G","2024-07-04","1999-01-01","","963c65f88afd0a43","2041-12-08","","","Porto Alegre"
"LIC-LIC-01","CLARO S.A.","50409889580","010","105752021","405605994","R ALVARES MACHADO","","RS","4314902","50M0G7W","NR","SA-NSA","","2325","2325","0","FB","","","760","003692202519","24","25","70","-5","X","38","003692202519","50","-30.0457","-51.1868","G","2024-07-04","1999-01-01","","963c65f88afd0a44","2041-12-08","","","Porto Alegre"
"LIC-LIC-01","CLARO S.A.","50409889580","010","105752021","405605994","R ALVARES MACHADO","","RS","4314902","50M0G7W","NR","SA-NSA","","2325","2325","120","FB","","","760","003692202519","24","25","70","-5","X","38","003692202519","50","-30.0457","-51.1868","G","2024-07-04","1999-01-01","","963c65f88afd0a46","2041-12-08","","","Porto Alegre"
"LIC-LIC-01","CLARO S.A.","50409889580","010","105752021","1005313170","AV GETÚLIO VARGAS","","RS","4314902","100MG7W","NR","SA-NSA","","3350","3350","215","FB","","","760","","23","25","13.5","-2","X","40","072212102519","200","-30.05986","-51.22346","G","2023-11-17","2017-10-09","","963c65f88afd0a81","2032-12-22","","","Porto Alegre"
"LIC-LIC-01","CLARO S.A.","50409889580","010","105752021","689714076","R DEMÉTRIO RIBEIRO","","RS","4314902","100MG7W","NR","SA-NSA","","3350","3350","70","FB","","","760","","24.9","25","13.5","0","X","30.5","102792102519","204","-30.0355","-51.2384","G","2023-11-16","2007-11-14","","963c65f88afd0ab2","2032-12-22","","","Porto Alegre"
"LIC-LIC-01","CLARO S.A.","50409889580","010","105752021","689714076","R DEMÉTRIO RIBEIRO","","RS","4314902","100MG7W","NR","SA-NSA","","3350","3350","190","FB","","","760","","24.9","25","13.5","0","X","30.5","102792102519","204","-30.0355","-51.2384","G","2023-11-16","2007-11-14","","963c65f88afd0ab3","2032-12-22","","","Porto Alegre"
"LIC-LIC-01","CLARO S.A.","50409889580","010","105752021","689714076","R DEMÉTRIO RIBEIRO","","RS","4314902","100MG7W","NR","SA-NSA","","3350","3350","290","FB","","","760","","24.9","25","13.5","0","X","30.5","102792102519","204","-30.0355","-51.2384","G","2023-11-16","2007-11-14","","963c65f88afd0ab4","2032-12-22","","","Porto Alegre"
"LIC-LIC-01","CLARO S.A.","50409889580","010","105752021","687281369","R CARLOS SILVEIRA MARTINS PACHECO","","RS","4314902","100MG7W","NR","SA-NSA","","3350","3350","30","FB","","","760","","24.9","25","13.5","0","X","41","102792102519","204","-30.01119","-51.15962","G","2023-11-10","2005-07-21","","963c65f88afd0b1b","2032-12-22","","","Porto Alegre"
"LIC-LIC-01","CLARO S.A.","50409889580","010","105752021","687281369","R CARLOS SILVEIRA MARTINS PACHECO","","RS","4314902","100MG7W","NR","SA-NSA","","3350","3350","120","FB","","","760","","24.9","25","13.5","0","X","41","102792102519","204","-30.01119","-51.15962","G","2023-11-10","2005-07-21","","963c65f88afd0b1c","2032-12-22","","","Porto Alegre"
"LIC-LIC-01","CLARO S.A.","50409889580","010","105752021","687281369","R CARLOS SILVEIRA MARTINS PACHECO","","RS","4314902","100MG7W","NR","SA-NSA","","3350","3350","180","FB","","","760","","24.9","25","13.5","0","X","41","102792102519","204","-30.01119","-51.15962","G","2023-11-10","2005-07-21","","963c65f88afd0b1d","2032-12-22","","","Porto Alegre"
"LIC-LIC-01","CLARO S.A.","50409889580","010","105752021","405604408","R ERNESTO ALVES","","RS","4314902","100MG7W","NR","SA-NSA","","3350","3350","45","FB","","","760","","24.9","25","13.5","-3","X","33","102792102519","204","-30.0255","-51.2145","G","2023-11-16","2004-02-13","","963c65f88afd0b30","2032-12-22","","","Porto Alegre"
"LIC-LIC-01","CLARO S.A.","50409889580","010","105752021","405604408","R ERNESTO ALVES","","RS","4314902","100MG7W","NR","SA-NSA","","3350","3350","150","FB","","","760","","24.9","25","13.5","-3","X","33","102792102519","204","-30.0255","-51.2145","G","2023-11-16","2004-02-13","","963c65f88afd0b31","2032-12-22","","","Porto Alegre"
"LIC-LIC-01","CLARO S.A.","50409889580","010","105752021","405604408","R ERNESTO ALVES","","RS","4314902","100MG7W","NR","SA-NSA","","3350","3350","240","FB","","","760","","24.9","25","13.5","-3","X","33","102792102519","204","-30.0255","-51.2145","G","2023-11-16","2004-02-13","","963c65f88afd0b32","2032-12-22","","","Porto Alegre"
"LIC-LIC-01","CLARO S.A.","50409889580","010","105752021","405604408","R ERNESTO ALVES","","RS","4314902","50M0G7W","NR","SA-NSA","","2325","2325","45","FB","","","760","003692202519","24","25","70","-3","X","32","003692202519","50","-30.0255","-51.2145","G","2023-11-16","2004-02-13","","963c65f88afd0b33","2032-12-22","","","Porto Alegre"
"LIC-LIC-01","CLARO S.A.","50409889580","010","105752021","405604408","R ERNESTO ALVES","","RS","4314902","50M0G7W","NR","SA-NSA","","2325","2325","150","FB","","","760","003692202519","24","25","70","-3","X","32","003692202519","50","-30.0255","-51.2145","G","2023-11-16","2004-02-13","","963c65f88afd0b34","2032-12-22","","","Porto Alegre"
"LIC-LIC-01","CLARO S.A.","50409889580","010","105752021","405604530","R DEMÉTRIO RIBEIRO","","RS","4314902","100MG7W","NR","SA-NSA","","3350","3350","35","FB","","","760","","24.9","25","13.5","0","X","39","102792102519","204","-30.036","-51.2333","G","2024-07-04","2004-01-06","","963c65f88afd0b57","2041-12-08","","","Porto Alegre"
"LIC-LIC-01","CLARO S.A.","50409889580","010","105752021","405604530","R DEMÉTRIO RIBEIRO","","RS","4314902","100MG7W","NR","SA-NSA","","3350","3350","170","FB","","","760","","24.9","25","13.5","-2","X","39","102792102519","204","-30.036","-51.2333","G","2024-07-04","2004-01-06","","963c65f88afd0b58","2041-12-08","","","Porto Alegre"
"LIC-LIC-01","CLARO S.A.","50409889580","010","105752021","405604530","R DEMÉTRIO RIBEIRO","","RS","4314902","100MG7W","NR","SA-NSA","","3350","3350","240","FB","","","760","","24.9","25","13.5","-1","X","39","102792102519","204","-30.036","-51.2333","G","2024-07-04","2004-01-06","","963c65f88afd0b59","2041-12-08","","","Porto Alegre"
"LIC-LIC-01","CLARO S.A.","50409889580","010","105752021","405604874","R OLAVO BILAC","","RS","4314902","100MG7W","NR","SA-NSA","","3350","3350","330","FB","","","760","","24.9","25","13.5","-3","X","32.4","102792102519","204","-30.04356","-51.21839","G","2024-05-14","2004-01-06","","963c65f8a4d102df","2041-12-08","","","Porto Alegre"
"LIC-LIC-01","CLARO S.A.","50409889580","010","105752021","405604874","R OLAVO BILAC","","RS","4314902","100MG7W","NR","SA-NSA","","3350","3350","100","FB","","","760","","24.9","25","13.5","-3","X","32.4","102792102519","204","-30.04356","-51.21839","G","2024-05-14","2004-01-06","","963c65f8a4d102e0","2041-12-08","","","Porto Alegre"
"LIC-LIC-01","CLARO S.A.","50409889580","010","105752021","405604874","R OLAVO BILAC","","RS","4314902","100MG7W","NR","SA-NSA","","3350","3350","240","FB","","","760","","24.9","25","13.5","-3","X","32.4","102792102519","204","-30.04356","-51.21839","G","2024-05-14","2004-01-06","","963c65f8a4d102e1","2041-12-08","","","Porto Alegre"
"LIC-LIC-01","CLARO S.A.","50409889580","010","105752021","405604874","R OLAVO BILAC","","RS","4314902","50M0G7W","NR","SA-NSA","","2325","2325","330","FB","","","760","003692202519","24","25","70","-3","X","31.5","003692202519","50","-30.04356","-51.21839","G","2024-05-14","2004-01-06","","963c65f8a4d102e2","2041-12-08","","","Porto Alegre"
"LIC-LIC-01","CLARO S.A.","50409889580","010","105752021","405604874","R OLAVO BILAC","","RS","4314902","50M0G7W","NR","SA-NSA","","2325","2325","100","FB","","","760","003692202519","24","25","70","-3","X","31.5","003692202519","50","-30.04356","-51.21839","G","2024-05-14","2004-01-06","","963c65f8a4d102e3","2041-12-08","","","Porto Alegre"
"LIC-LIC-01","CLARO S.A.","50409889580","010","105752021","405604874","R OLAVO BILAC","","RS","4314902","50M0G7W","NR","SA-NSA","","2325","2325","240","FB","","","760","003692202519","24","25","70","-3","X","31.5","003692202519","50","-30.04356","-51.21839","G","2024-05-14","2004-01-06","","963c65f8a4d102e4","2041-12-08","","","Porto Alegre"
"LIC-LIC-01","CLARO S.A.","50409889580","010","105752021","690761520","R DARIO PEDERNEIRAS","","RS","4314902","100MG7W","NR","SA-NSA","","3350","3350","15","FB","","","760","","24.9","25","13.5","-2","X","49","102792102519","204","-30.04893","-51.19413","G","2023-11-17","2008-11-04","","963c65f8a4d10300","2032-12-22","","","Porto Alegre"
"LIC-LIC-01","CLARO S.A.","50409889580","010","105752021","690761520","R DARIO PEDERNEIRAS","","RS","4314902","100MG7W","NR","SA-NSA","","3350","3350","130","FB","","","760","","24.9","25","13.5","-4","X","49","102792102519","204","-30.04893","-51.19413","G","2023-11-17","2008-11-04","","963c65f8a4d10301","2032-12-22","","","Porto Alegre"
"LIC-LIC-01","CLARO S.A.","50409889580","010","105752021","690761520","R DARIO PEDERNEIRAS","","RS","4314902","100MG7W","NR","SA-NSA","","3350","3350","240","FB","","","760","","24.9","25","13.5","-2","X","49","102792102519","204","-30.04893","-51.19413","G","2023-11-17","2008-11-04","","963c65f8a4d10302","2032-12-22","","","Porto Alegre"
"LIC-LIC-01","CLARO S.A.","50409889580","010","105752021","690761520","R DARIO PEDERNEIRAS","","RS","4314902","50M0G7W","NR","SA-NSA","","2325","2325","15","FB","","","760","003692202519","24","25","70","-2","X","48","003692202519","50","-30.04893","-51.19413","G","2023-11-17","2008-11-04","","963c65f8a4d10303","2032-12-22","","","Porto Alegre"
"LIC-LIC-01","CLARO S.A.","50409889580","010","105752021","690761520","R DARIO PEDERNEIRAS","","RS","4314902","50M0G7W","NR","SA-NSA","","2325","2325","130","FB","","","760","003692202519","24","25","70","-4","X","48","003692202519","50","-30.04893","-51.19413","G","2023-11-17","2008-11-04","","963c65f8a4d10304","2032-12-22","","","Porto Alegre"
"LIC-LIC-01","CLARO S.A.","50409889580","010","105752021","690761520","R DARIO PEDERNEIRAS","","RS","4314902","50M0G7W","NR","SA-NSA","","2325","2325","240","FB","","","760","003692202519","24","25","70","-2","X","48","003692202519","50","-30.04893","-51.19413","G","2023-11-17","2008-11-04","","963c65f8a4d10305","2032-12-22","","","Porto Alegre"
"LIC-LIC-01","CLARO S.A.","50409889580","010","105752021","696493594","R VIGÁRIO JOSÉ INÁCIO","","RS","4314902","100MG7W","NR","SA-NSA","","3350","3350","50","FB","","","760","","24.9","25","13.5","-5","X","60","102792102519","204","-30.03066","-51.22599","G","2023-11-16","2012-01-27","","963c65f8a4d1031b","2032-12-22","","","Porto Alegre"
"LIC-LIC-01","CLARO S.A.","50409889580","010","105752021","696493594","R VIGÁRIO JOSÉ INÁCIO","","RS","4314902","100MG7W","NR","SA-NSA","","3350","3350","140","FB","","","760","","24.9","25","13.5","-4","X","60","102792102519","204","-30.03066","-51.22599","G","2023-11-16","2012-01-27","","963c65f8a4d1031c","2032-12-22","","","Porto Alegre"
"LIC-LIC-01","CLARO S.A.","50409889580","010","105752021","696493594","R VIGÁRIO JOSÉ INÁCIO","","RS","4314902","100MG7W","NR","SA-NSA","","3350","3350","275","FB","","","760","","24.9","25","13.5","-4","X","60","102792102519","204","-30.03066","-51.22599","G","2023-11-16","2012-01-27","","963c65f8a4d1031d","2032-12-22","","","Porto Alegre"
"LIC-LIC-01","CLARO S.A.","50409889580","010","105752021","1005878100","RUA DR. NAPOLEÃO LAUREANO","","RS","4314902","100MG7W","NR","SA-NSA","","3350","3350","190","FB","","","760","","23","25","13.5","-1","X","26","072212102519","200","-30.01567","-51.17553","G","2023-11-10","2018-03-07","","963c65f8a4d1036d","2041-12-08","","","Porto Alegre"
"LIC-LIC-01","CLARO S.A.","50409889580","010","105752021","1005878100","RUA DR. NAPOLEÃO LAUREANO","","RS","4314902","100MG7W","NR","SA-NSA","","3350","3350","300","FB","","","760","","23","25","13.5","-3","X","26","072212102519","200","-30.01567","-51.17553","G","2023-11-10","2018-03-07","","963c65f8a4d1036e","2041-12-08","","","Porto Alegre"
"LIC-LIC-01","CLARO S.A.","50409889580","010","105752021","405606117","R VIEIRA DE CASTRO","AO LADO IMÓVEL 158","RS","4314902","100MG7W","NR","SA-NSA","","3350","3350","10","FB","","","760","","24.9","25","13.5","-4","X","40.5","102792102519","204","-30.03916","-51.21172","G","2023-10-26","1999-01-01","","963c65f8a4d10372","2028-04-15","","","Porto Alegre"
"LIC-LIC-01","CLARO S.A.","50409889580","010","105752021","405606117","R VIEIRA DE CASTRO","AO LADO IMÓVEL 158","RS","4314902","100MG7W","NR","SA-NSA","","3350","3350","150","FB","","","760","","24.9","25","13.5","-3","X","40.5","102792102519","204","-30.03916","-51.21172","G","2023-10-26","1999-01-01","","963c65f8a4d10373","2028-04-15","","","Porto Alegre"
"LIC-LIC-01","CLARO S.A.","50409889580","010","105752021","405606117","R VIEIRA DE CASTRO","AO LADO IMÓVEL 158","RS","4314902","100MG7W","NR","SA-NSA","","3350","3350","250","FB","","","760","","24.9","25","13.5","-3","X","40.5","102792102519","204","-30.03916","-51.21172","G","2023-10-26","1999-01-01","","963c65f8a4d10374","2028-04-15","","","Porto Alegre"
"LIC-LIC-01","CLARO S.A.","50409889580","010","105752021","405604351","R CORONEL VICENTE","COND. ED. COLÚMBIA","RS","4314902","100MG7W","NR","SA-NSA","","3350","3350","20","FB","","","760","","24.9","25","13.5","-3","X","39.5","102792102519","204","-30.02838","-51.22107","G","2024-06-05","2004-01-06","","8e8d95f8c8df3bdc","2041-12-08","","","Porto Alegre"
"LIC-LIC-01","CLARO S.A.","50409889580","010","105752021","405604351","R CORONEL VICENTE","COND. ED. COLÚMBIA","RS","4314902","100MG7W","NR","SA-NSA","","3350","3350","120","FB","","","760","","24.9","25","13.5","-2","X","39.5","102792102519","204","-30.02838","-51.22107","G","2024-06-05","2004-01-06","","8e8d95f8c8df3bdd","2041-12-08","","","Porto Alegre"
"LIC-LIC-01","CLARO S.A.","50409889580","010","105752021","405604351","R CORONEL VICENTE","COND. ED. COLÚMBIA","RS","4314902","100MG7W","NR","SA-NSA","","3350","3350","245","FB","","","760","","24.9","25","13.5","-3","X","39.5","102792102519","204","-30.02838","-51.22107","G","2024-06-05","2004-01-06","","8e8d95f8c8df3bde","2041-12-08","","","Porto Alegre"
"LIC-LIC-01","CLARO S.A.","50409889580","010","105752021","405604351","R CORONEL VICENTE","COND. ED. COLÚMBIA","RS","4314902","50M0G7W","NR","SA-NSA","","2325","2325","20","FB","","","760","003692202519","24","25","70","-4","X","38.5","003692202519","50","-30.02838","-51.22107","G","2024-06-05","2004-01-06","","8e8d95f8c8df3bdf","2041-12-08","","","Porto Alegre"
"LIC-LIC-01","CLARO S.A.","50409889580","010","105752021","405604351","R CORONEL VICENTE","COND. ED. COLÚMBIA","RS","4314902","50M0G7W","NR","SA-NSA","","2325","2325","120","FB","","","760","003692202519","24","25","70","-3","X","38.5","003692202519","50","-30.02838","-51.22107","G","2024-06-05","2004-01-06","","8e8d95f8c8df3be0","2041-12-08","","","Porto Alegre"
"LIC-LIC-01","CLARO S.A.","50409889580","010","105752021","405604351","R CORONEL VICENTE","COND. ED. COLÚMBIA","RS","4314902","50M0G7W","NR","SA-NSA","","2325","2325","245","FB","","","760","003692202519","24","25","70","-3","X","38.5","003692202519","50","-30.02838","-51.22107","G","2024-06-05","2004-01-06","","8e8d95f8c8df3be1","2041-12-08","","","Porto Alegre"
"LIC-LIC-01","CLARO S.A.","50409889580","010","105752021","405604629","R GARIBALDI","","RS","4314902","100MG7W","NR","SA-NSA","","3350","3350","10","FB","","","760","","24.9","25","13.5","-2","X","35","102792102519","204","-30.03113","-51.21545","G","2023-11-17","2008-11-04","","8e8d95f8c8df3c09","2032-12-22","","","Porto Alegre"
"LIC-LIC-01","CLARO S.A.","50409889580","010","105752021","405604629","R GARIBALDI","","RS","4314902","100MG7W","NR","SA-NSA","","3350","3350","120","FB","","","760","","24.9","25","13.5","-2","X","35","102792102519","204","-30.03113","-51.21545","G","2023-11-17","2008-11-04","","8e8d95f8c8df3c0a","2032-12-22","","","Porto Alegre"
"LIC-LIC-01","CLARO S.A.","50409889580","010","105752021","405604629","R GARIBALDI","","RS","4314902","100MG7W","NR","SA-NSA","","3350","3350","230","FB","","","760","","24.9","25","13.5","-2","X","35","102792102519","204","-30.03113","-51.21545","G","2023-11-17","2008-11-04","","8e8d95f8c8df3c0b","2032-12-22","","","Porto Alegre"
"LIC-LIC-01","CLARO S.A.","50409889580","010","105752021","405604629","R GARIBALDI","","RS","4314902","50M0G7W","NR","SA-NSA","","2325","2325","10","FB","","","760","003692202519","24","25","70","-2","X","34","003692202519","50","-30.03113","-51.21545","G","2023-11-17","2008-11-04","","8e8d95f8c8df3c0c","2032-12-22","","","Porto Alegre"
"LIC-LIC-01","CLARO S.A.","50409889580","010","105752021","405604629","R GARIBALDI","","RS","4314902","50M0G7W","NR","SA-NSA","","2325","2325","120","FB","","","760","003692202519","24","25","70","-2","X","34","003692202519","50","-30.03113","-51.21545","G","2023-11-17","2008-11-04","","8e8d95f8c8df3c0d","2032-12-22","","","Porto Alegre"
"LIC-LIC-01","CLARO S.A.","50409889580","010","105752021","405604629","R GARIBALDI","","RS","4314902","50M0G7W","NR","SA-NSA","","2325","2325","230","FB","","","760","003692202519","24","25","70","-2","X","34","003692202519","50","-30.03113","-51.21545","G","2023-11-17","2008-11-04","","8e8d95f8c8df3c0e","2032-12-22","","","Porto Alegre"
"LIC-LIC-01","CLARO S.A.","50409889580","010","105752021","696729121","PC RUI BARBOSA","","RS","4314902","100MG7W","NR","SA-NSA","","3350","3350","40","FB","","","760","","24.9","25","13.5","0","X","41.5","102792102519","204","-30.02669","-51.22397","G","2023-11-16","2012-04-11","","afac15f82ad67b1d","2032-12-22","","","Porto Alegre"
"LIC-LIC-01","CLARO S.A.","50409889580","010","105752021","696729121","PC RUI BARBOSA","","RS","4314902","100MG7W","NR","SA-NSA","","3350","3350","140","FB","","","760","","24.9","25","13.5","0","X","41.5","102792102519","204","-30.02669","-51.22397","G","2023-11-16","2012-04-11","","afac15f82ad67b1e","2032-12-22","","","Porto Alegre"
"LIC-LIC-01","CLARO S.A.","50409889580","010","105752021","696729121","PC RUI BARBOSA","","RS","4314902","100MG7W","NR","SA-NSA","","3350","3350","240","FB","","","760","","24.9","25","13.5","0","X","41.5","102792102519","204","-30.02669","-51.22397","G","2023-11-16","2012-04-11","","afac15f82ad67b1f","2032-12-22","","","Porto Alegre"
"LIC-LIC-01","CLARO S.A.","50409889580","010","105752021","696729121","PC RUI BARBOSA","","RS","4314902","50M0G7W","NR","SA-NSA","","2325","2325","40","FB","","","760","003692202519","24","25","70","0","X","40.5","003692202519","50","-30.02669","-51.22397","G","2023-11-16","2012-04-11","","afac15f82ad67b20","2032-12-22","","","Porto Alegre"
"LIC-LIC-01","CLARO S.A.","50409889580","010","105752021","696729121","PC RUI BARBOSA","","RS","4314902","50M0G7W","NR","SA-NSA","","2325","2325","140","FB","","","760","003692202519","24","25","70","0","X","40.5","003692202519","50","-30.02669","-51.22397","G","2023-11-16","2012-04-11","","afac15f82ad67b21","2032-12-22","","","Porto Alegre"
"LIC-LIC-01","CLARO S.A.","50409889580","010","105752021","696729121","PC RUI BARBOSA","","RS","4314902","50M0G7W","NR","SA-NSA","","2325","2325","240","FB","","","760","003692202519","24","25","70","0","X","40.5","003692202519","50","-30.02669","-51.22397","G","2023-11-16","2012-04-11","","afac15f82ad67b22","2032-12-22","","","Porto Alegre"
"LIC-LIC-01","CLARO S.A.","50409889580","010","105752021","686178408","R ANTÔNIO RIBEIRO","COND ED QUARTA AVENIDA","RS","4314902","100MG7W","NR","SA-NSA","","3350","3350","180","FB","","","760","","23","25","13.5","0","X","20","072212102519","200","-30.0577","-51.1966","G","2023-11-10","2005-03-04","","cd9e05f814791ea4","2032-12-22","","","Porto Alegre"
"LIC-LIC-01","CLARO S.A.","50409889580","010","105752021","686178408","R ANTÔNIO RIBEIRO","COND ED QUARTA AVENIDA","RS","4314902","100MG7W","NR","SA-NSA","","3350","3350","330","FB","","","760","","23","25","13.5","0","X","20","072212102519","200","-30.0577","-51.1966","G","2023-11-10","2005-03-04","","cd9e05f814791ea5","2032-12-22","","","Porto Alegre"
"LIC-LIC-01","CLARO S.A.","50409889580","010","105752021","686178408","R ANTÔNIO RIBEIRO","COND ED QUARTA AVENIDA","RS","4314902","100MG7W","NR","SA-NSA","","3350","3350","75","FB","","","760","","23","25","13.5","0","X","20","072212102519","200","-30.0577","-51.1966","G","2023-11-10","2005-03-04","","cd9e05f814791ea6","2032-12-22","","","Porto Alegre"
"LIC-LIC-01","CLARO S.A.","50409889580","010","105752021","1008386674","R ALFREDO SCHUETT","TRÊS FIGUIERAS TÊNIS CLUBE","RS","4314902","100MG7W","NR","SA-NSA","","3350","3350","30","FB","","","760","","24.9","25","13.5","0","X","17.5","102792102519","204","-30.03389","-51.16884","G","2024-08-21","2021-11-17","","cd9e05f814791ec8","2041-12-08","","","Porto Alegre"
"LIC-LIC-01","CLARO S.A.","50409889580","010","105752021","1008386674","R ALFREDO SCHUETT","TRÊS FIGUIERAS TÊNIS CLUBE","RS","4314902","100MG7W","NR","SA-NSA","","3350","3350","170","FB","","","760","","24.9","25","13.5","0","X","17.5","102792102519","204","-30.03389","-51.16884","G","2024-08-21","2021-11-17","","cd9e05f814791ec9","2041-12-08","","","Porto Alegre"
"LIC-LIC-01","CLARO S.A.","50409889580","010","105752021","1008386674","R ALFREDO SCHUETT","TRÊS FIGUIERAS TÊNIS CLUBE","RS","4314902","100MG7W","NR","SA-NSA","","3350","3350","275","FB","","","760","","24.9","25","13.5","0","X","17.5","102792102519","204","-30.03389","-51.16884","G","2024-08-21","2021-11-17","","cd9e05f814791eca","2041-12-08","","","Porto Alegre"
"LIC-LIC-01","CLARO S.A.","50409889580","010","105752021","405605811","AV PARÁ","","RS","4314902","100MG7W","NR","SA-NSA","","3350","3350","20","FB","","","760","","23","25","13.5","0","X","33","072212102519","200","-30.00769","-51.1979","G","2023-11-17","2004-01-06","","cd9e05f814791edd","2032-12-22","","","Porto Alegre"
"LIC-LIC-01","CLARO S.A.","50409889580","010","105752021","405605811","AV PARÁ","","RS","4314902","100MG7W","NR","SA-NSA","","3350","3350","135","FB","","","760","","23","25","13.5","0","X","33","072212102519","200","-30.00769","-51.1979","G","2023-11-17","2004-01-06","","cd9e05f814791ede","2032-12-22","","","Porto Alegre"
"LIC-LIC-01","CLARO S.A.","50409889580","010","105752021","405605811","AV PARÁ","","RS","4314902","100MG7W","NR","SA-NSA","","3350","3350","240","FB","","","760","","23","25","13.5","0","X","33","072212102519","200","-30.00769","-51.1979","G","2023-11-17","2004-01-06","","cd9e05f814791edf","2032-12-22","","","Porto Alegre"
"LIC-LIC-01","CLARO S.A.","50409889580","010","105752021","405605978","AVENIDA ENGENHEIRO ARY DE ABREU LIMA","","RS","4314902","100MG7W","NR","SA-NSA","","3350","3350","10","FB","","","760","","23","25","13.5","-3","X","36","072212102519","200","-30.026","-51.15365","G","2024-05-27","2004-01-06","","cd9e05f814791f25","2041-12-08","","","Porto Alegre"
"LIC-LIC-01","CLARO S.A.","50409889580","010","105752021","405605978","AVENIDA ENGENHEIRO ARY DE ABREU LIMA","","RS","4314902","100MG7W","NR","SA-NSA","","3350","3350","120","FB","","","760","","23","25","13.5","-3","X","36","072212102519","200","-30.026","-51.15365","G","2024-05-27","2004-01-06","","cd9e05f814791f26","2041-12-08","","","Porto Alegre"
"LIC-LIC-01","CLARO S.A.","50409889580","010","105752021","405605978","AVENIDA ENGENHEIRO ARY DE ABREU LIMA","","RS","4314902","100MG7W","NR","SA-NSA","","3350","3350","240","FB","","","760","","23","25","13.5","-2","X","36","072212102519","200","-30.026","-51.15365","G","2024-05-27","2004-01-06","","cd9e05f814791f27","2041-12-08","","","Porto Alegre"
"LIC-LIC-01","TIM S A","50409314250","010","105812021","682860743","Rua Martin Felix Berta","-","RS","4314902","100MG7W","NR","SA-NSA","","3550","3550","90","FB","","","760","116672103257","25","25","65","0","X","50","116672103257","200","-30.034056","-51.113611","G","2024-08-20","2002-11-20","","aadc95f8f607eaac","2041-12-08","","","Porto Alegre"
"LIC-LIC-01","TIM S A","50409314250","010","105812021","682860743","Rua Martin Felix Berta","-","RS","4314902","100MG7W","NR","SA-NSA","","3550","3550","260","FB","","","760","116672103257","25","25","65","-1","X","50","116672103257","200","-30.034056","-51.113611","G","2024-08-20","2002-11-20","","aadc95f8f607eaad","2041-12-08","","","Porto Alegre"
"LIC-LIC-01","TIM S A","50409314250","010","105812021","682860743","Rua Martin Felix Berta","-","RS","4314902","100MG7W","NR","SA-NSA","","3550","3550","330","FB","","","760","116672103257","25","25","65","0","X","50","116672103257","200","-30.034056","-51.113611","G","2024-08-20","2002-11-20","","aadc95f8f607eaae","2041-12-08","","","Porto Alegre"
"LIC-LIC-01","TIM S A","50409314250","010","105812021","1002793499","Rua Taveira Júnior","-","RS","4314902","100MG7W","NR","SA-NSA","","3550","3550","20","FB","","","760","168242103257","23.8","25","65","-2","X","32","168242103257","200","-30.089778","-51.209583","G","2024-08-20","2016-04-19","","ab6725f8286629ba","2041-12-08","","","Porto Alegre"
"LIC-LIC-01","TIM S A","50409314250","010","105812021","1002793499","Rua Taveira Júnior","-","RS","4314902","100MG7W","NR","SA-NSA","","3550","3550","130","FB","","","760","168242103257","23.8","25","65","-2","X","32","168242103257","200","-30.089778","-51.209583","G","2024-08-20","2016-04-19","","ab6725f8286629bb","2041-12-08","","","Porto Alegre"
"LIC-LIC-01","TIM S A","50409314250","010","105812021","1002793499","Rua Taveira Júnior","-","RS","4314902","100MG7W","NR","SA-NSA","","3550","3550","250","FB","","","760","168242103257","23.8","25","65","-2","X","32","168242103257","200","-30.089778","-51.209583","G","2024-08-20","2016-04-19","","ab6725f8286629bc","2041-12-08","","","Porto Alegre"
"LIC-LIC-01","TIM S A","50409314250","010","105812021","665602073","Rua Cel Lucas De Oliveira","-","RS","4314902","100MG7W","NR","SA-NSA","","3550","3550","15","FB","","","760","116672103257","25","25","65","0","X","49.5","116672103257","200","-30.03125","-51.194833","G","2024-08-27","2002-09-18","","ab6725f8286629db","2041-12-08","","","Porto Alegre"
"LIC-LIC-01","TIM S A","50409314250","010","105812021","665602073","Rua Cel Lucas De Oliveira","-","RS","4314902","100MG7W","NR","SA-NSA","","3550","3550","150","FB","","","760","116672103257","25","25","65","0","X","49.5","116672103257","200","-30.03125","-51.194833","G","2024-08-27","2002-09-18","","ab6725f8286629dc","2041-12-08","","","Porto Alegre"
"LIC-LIC-01","TIM S A","50409314250","010","105812021","665602073","Rua Cel Lucas De Oliveira","-","RS","4314902","100MG7W","NR","SA-NSA","","3550","3550","260","FB","","","760","116672103257","25","25","65","0","X","49.5","116672103257","200","-30.03125","-51.194833","G","2024-08-27","2002-09-18","","ab6725f8286629dd","2041-12-08","","","Porto Alegre"
"LIC-LIC-01","TIM S A","50409314250","010","105812021","689955740","Avenida Protasio Alves","-","RS","4314902","100MG7W","NR","SA-NSA","","3550","3550","90","FB","","","760","116672103257","25","25","65","0","X","27","116672103257","200","-30.038361","-51.175833","G","2024-10-11","2008-01-25","","ab6725f8286629fc","2041-12-08","","","Porto Alegre"
"LIC-LIC-01","TIM S A","50409314250","010","105812021","689955740","Avenida Protasio Alves","-","RS","4314902","100MG7W","NR","SA-NSA","","3550","3550","190","FB","","","760","116672103257","25","25","65","0","X","27","116672103257","200","-30.038361","-51.175833","G","2024-10-11","2008-01-25","","ab6725f8286629fd","2041-12-08","","","Porto Alegre"
"LIC-LIC-01","TIM S A","50409314250","010","105812021","689955740","Avenida Protasio Alves","-","RS","4314902","100MG7W","NR","SA-NSA","","3550","3550","290","FB","","","760","116672103257","25","25","65","0","X","27","116672103257","200","-30.038361","-51.175833","G","2024-10-11","2008-01-25","","ab6725f8286629fe","2041-12-08","","","Porto Alegre"
"LIC-LIC-01","TIM S A","50409314250","010","105812021","688118461","Rua Afonso Taunay","-","RS","4314902","100MG7W","NR","SA-NSA","","3550","3550","80","FB","","","760","116672103257","25","25","65","-1","X","40","116672103257","200","-30.020639","-51.173917","G","2024-10-11","2006-02-03","","ab6725f828662a17","2041-12-08","","","Porto Alegre"
"LIC-LIC-01","TIM S A","50409314250","010","105812021","688118461","Rua Afonso Taunay","-","RS","4314902","100MG7W","NR","SA-NSA","","3550","3550","170","FB","","","760","116672103257","25","25","65","-1","X","40","116672103257","200","-30.020639","-51.173917","G","2024-10-11","2006-02-03","","ab6725f828662a18","2041-12-08","","","Porto Alegre"
"LIC-LIC-01","TIM S A","50409314250","010","105812021","688118461","Rua Afonso Taunay","-","RS","4314902","100MG7W","NR","SA-NSA","","3550","3550","250","FB","","","760","116672103257","25","25","65","-1","X","40","116672103257","200","-30.020639","-51.173917","G","2024-10-11","2006-02-03","","ab6725f828662a19","2041-12-08","","","Porto Alegre"
"LIC-LIC-01","TIM S A","50409314250","010","105812021","665714033","Rua Felicissimo De Azevedo","-","RS","4314902","10M0G7W","NR","SA-NSA","","3550","3550","50","FB","","","760","116652103257","25","25","65","0","X","36.6","116652103257","200","-30.017694","-51.188056","G","2023-10-16","2002-09-18","","ab6725f828662a35","2031-03-11","","","Porto Alegre"
"LIC-LIC-01","TIM S A","50409314250","010","105812021","665714033","Rua Felicissimo De Azevedo","-","RS","4314902","10M0G7W","NR","SA-NSA","","3550","3550","150","FB","","","760","116652103257","25","25","65","0","X","36.6","116652103257","200","-30.017694","-51.188056","G","2023-10-16","2002-09-18","","ab6725f828662a36","2031-03-11","","","Porto Alegre"
"LIC-LIC-01","TIM S A","50409314250","010","105812021","665714033","Rua Felicissimo De Azevedo","-","RS","4314902","10M0G7W","NR","SA-NSA","","3550","3550","270","FB","","","760","116652103257","25","25","65","0","X","36.6","116652103257","200","-30.017694","-51.188056","G","2023-10-16","2002-09-18","","ab6725f828662a37","2031-03-11","","","Porto Alegre"
"LIC-LIC-01","TIM S A","50409314250","010","105812021","689918330","Rua Lindomar Dos Reis","-","RS","4314902","100MG7W","NR","SA-NSA","","3550","3550","90","FB","","","760","116652103257","25","25","65","-7","X","44","116652103257","200","-30.020694","-51.133056","G","2024-10-11","2008-01-25","","ab6725f828662a53","2041-12-08","","","Porto Alegre"
"LIC-LIC-01","TIM S A","50409314250","010","105812021","689918330","Rua Lindomar Dos Reis","-","RS","4314902","100MG7W","NR","SA-NSA","","3550","3550","210","FB","","","760","116652103257","25","25","65","-7","X","44","116652103257","200","-30.020694","-51.133056","G","2024-10-11","2008-01-25","","ab6725f828662a54","2041-12-08","","","Porto Alegre"
"LIC-LIC-01","TIM S A","50409314250","010","105812021","689918330","Rua Lindomar Dos Reis","-","RS","4314902","100MG7W","NR","SA-NSA","","3550","3550","330","FB","","","760","116652103257","25","25","65","-7","X","44","116652103257","200","-30.020694","-51.133056","G","2024-10-11","2008-01-25","","ab6725f828662a55","2041-12-08","","","Porto Alegre"
"LIC-LIC-01","TIM S A","50409314250","010","105812021","674613651","Rua Caldre Fiao","-","RS","4314902","100MG7W","NR","SA-NSA","","3550","3550","350","FB","","","760","116652103257","25","25","65","-3","X","21.5","116652103257","200","-30.065222","-51.200139","G","2024-08-27","2002-09-18","","ab6725f828662a71","2041-12-08","","","Porto Alegre"
"LIC-LIC-01","TIM S A","50409314250","010","105812021","674613651","Rua Caldre Fiao","-","RS","4314902","100MG7W","NR","SA-NSA","","3550","3550","110","FB","","","760","116652103257","25","25","65","-1","X","21.5","116652103257","200","-30.065222","-51.200139","G","2024-08-27","2002-09-18","","ab6725f828662a72","2041-12-08","","","Porto Alegre"
"LIC-LIC-01","TIM S A","50409314250","010","105812021","674613651","Rua Caldre Fiao","-","RS","4314902","100MG7W","NR","SA-NSA","","3550","3550","220","FB","","","760","116652103257","25","25","65","-2","X","21.5","116652103257","200","-30.065222","-51.200139","G","2024-08-27","2002-09-18","","ab6725f828662a73","2041-12-08","","","Porto Alegre"
"LIC-LIC-01","TIM S A","50409314250","010","105812021","683775510","Avenida Assis Brasil","-","RS","4314902","100MG7W","NR","SA-NSA","","3550","3550","50","FB","","","760","116652103257","25","25","65","0","X","31.5","116652103257","200","-30.008167","-51.181778","G","2024-09-05","2003-09-29","","ab6725f828662a92","2041-12-08","","","Porto Alegre"
"LIC-LIC-01","TIM S A","50409314250","010","105812021","683775510","Avenida Assis Brasil","-","RS","4314902","100MG7W","NR","SA-NSA","","3550","3550","170","FB","","","760","116652103257","25","25","65","0","X","31.5","116652103257","200","-30.008167","-51.181778","G","2024-09-05","2003-09-29","","ab6725f828662a93","2041-12-08","","","Porto Alegre"
"LIC-LIC-01","TIM S A","50409314250","010","105812021","683775510","Avenida Assis Brasil","-","RS","4314902","100MG7W","NR","SA-NSA","","3550","3550","310","FB","","","760","116652103257","25","25","65","0","X","31.5","116652103257","200","-30.008167","-51.181778","G","2024-09-05","2003-09-29","","ab6725f828662a94","2041-12-08","","","Porto Alegre"
"LIC-LIC-01","TIM S A","50409314250","010","105812021","659026856","Rua Luiz Manoel Gonzaga","-","RS","4314902","100MG7W","NR","SA-NSA","","3550","3550","30","FB","","","760","116652103257","25","25","65","0","X","36.2","116652103257","200","-30.034472","-51.177389","G","2024-10-02","2002-09-18","","ab6725f828662ab0","2041-12-08","","","Porto Alegre"
"LIC-LIC-01","TIM S A","50409314250","010","105812021","659026856","Rua Luiz Manoel Gonzaga","-","RS","4314902","100MG7W","NR","SA-NSA","","3550","3550","170","FB","","","760","116652103257","25","25","65","0","X","39.2","116652103257","200","-30.034472","-51.177389","G","2024-10-02","2002-09-18","","ab6725f828662ab1","2041-12-08","","","Porto Alegre"
"LIC-LIC-01","TIM S A","50409314250","010","105812021","659026856","Rua Luiz Manoel Gonzaga","-","RS","4314902","100MG7W","NR","SA-NSA","","3550","3550","270","FB","","","760","116652103257","25","25","65","0","X","39.2","116652103257","200","-30.034472","-51.177389","G","2024-10-02","2002-09-18","","ab6725f828662ab2","2041-12-08","","","Porto Alegre"
"LIC-LIC-01","TIM S A","50409314250","010","105812021","687415497","Rua Buarque De Macedo","-","RS","4314902","100MG7W","NR","SA-NSA","","3550","3550","80","FB","","","760","116672103257","25","25","65","0","X","25","116672103257","200","-30.013583","-51.195583","G","2024-10-11","2005-09-06","","ab6725f828662ace","2041-12-08","","","Porto Alegre"
"LIC-LIC-01","TIM S A","50409314250","010","105812021","687415497","Rua Buarque De Macedo","-","RS","4314902","100MG7W","NR","SA-NSA","","3550","3550","200","FB","","","760","116672103257","25","25","65","0","X","25","116672103257","200","-30.013583","-51.195583","G","2024-10-11","2005-09-06","","ab6725f828662acf","2041-12-08","","","Porto Alegre"
"LIC-LIC-01","TIM S A","50409314250","010","105812021","687415497","Rua Buarque De Macedo","-","RS","4314902","100MG7W","NR","SA-NSA","","3550","3550","300","FB","","","760","116672103257","25","25","65","0","X","25","116672103257","200","-30.013583","-51.195583","G","2024-10-11","2005-09-06","","ab6725f828662ad0","2041-12-08","","","Porto Alegre"
"LIC-LIC-01","TIM S A","50409314250","010","105812021","674613392","Avenida Protasio Alves","-","RS","4314902","100MG7W","NR","SA-NSA","","3550","3550","30","FB","","","760","116672103257","25","25","65","-1","X","14.6","116672103257","200","-30.0425","-51.146861","G","2024-08-27","2002-06-25","","ab6725f828662aec","2041-12-08","","","Porto Alegre"
"LIC-LIC-01","TIM S A","50409314250","010","105812021","674613392","Avenida Protasio Alves","-","RS","4314902","100MG7W","NR","SA-NSA","","3550","3550","150","FB","","","760","116672103257","25","25","65","0","X","14.6","116672103257","200","-30.0425","-51.146861","G","2024-08-27","2002-06-25","","ab6725f828662aed","2041-12-08","","","Porto Alegre"
"LIC-LIC-01","TIM S A","50409314250","010","105812021","674613392","Avenida Protasio Alves","-","RS","4314902","100MG7W","NR","SA-NSA","","3550","3550","280","FB","","","760","116672103257","25","25","65","0","X","14.6","116672103257","200","-30.0425","-51.146861","G","2024-08-27","2002-06-25","","ab6725f828662aee","2041-12-08","","","Porto Alegre"
"LIC-LIC-01","TIM S A","50409314250","010","105812021","674613490","Rua Aldrovando Leao","-","RS","4314902","100MG7W","NR","SA-NSA","","3550","3550","30","FB","","","760","116672103257","25","25","65","0","X","26","116672103257","200","-30.036778","-51.149139","G","2024-08-27","2002-09-18","","ab6725f828662b25","2041-12-08","","","Porto Alegre"
"LIC-LIC-01","TIM S A","50409314250","010","105812021","674613490","Rua Aldrovando Leao","-","RS","4314902","100MG7W","NR","SA-NSA","","3550","3550","120","FB","","","760","116672103257","25","25","65","0","X","26","116672103257","200","-30.036778","-51.149139","G","2024-08-27","2002-09-18","","ab6725f828662b26","2041-12-08","","","Porto Alegre"
"LIC-LIC-01","TIM S A","50409314250","010","105812021","674613490","Rua Aldrovando Leao","-","RS","4314902","100MG7W","NR","SA-NSA","","3550","3550","285","FB","","","760","116672103257","25","25","65","0","X","26","116672103257","200","-30.036778","-51.149139","G","2024-08-27","2002-09-18","","ab6725f828662b27","2041-12-08","","","Porto Alegre"
"LIC-LIC-01","TIM S A","50409314250","010","105812021","683776649","Estrada Da Embratel","-","RS","4314902","100MG7W","NR","SA-NSA","","3550","3550","30","FB","","","760","116672103257","25","25","65","0","X","48.2","116672103257","200","-30.079833","-51.183944","G","2024-09-05","2003-09-29","","ab6725f828662b68","2041-12-08","","","Porto Alegre"
"LIC-LIC-01","TIM S A","50409314250","010","105812021","683776649","Estrada Da Embratel","-","RS","4314902","100MG7W","NR","SA-NSA","","3550","3550","160","FB","","","760","116672103257","25","25","65","0","X","57.8","116672103257","200","-30.079833","-51.183944","G","2024-09-05","2003-09-29","","ab6725f828662b69","2041-12-08","","","Porto Alegre"
"LIC-LIC-01","TIM S A","50409314250","010","105812021","683776649","Estrada Da Embratel","-","RS","4314902","100MG7W","NR","SA-NSA","","3550","3550","270","FB","","","760","116672103257","25","25","65","0","X","57.4","116672103257","200","-30.079833","-51.183944","G","2024-09-05","2003-09-29","","ab6725f828662b6a","2041-12-08","","","Porto Alegre"
"LIC-LIC-01","TIM S A","50409314250","010","105812021","1007883925","Avenida Das Industrias","-","RS","4314902","100MG7W","NR","SA-NSA","","3550","3550","40","FB","","","760","116672103257","25","25","65","-1","X","36","116672103257","200","-29.9877","-51.170731","G","2024-10-11","2019-07-19","","ab6725f82870aef8","2041-12-08","","","Porto Alegre"
"LIC-LIC-01","TIM S A","50409314250","010","105812021","1007883925","Avenida Das Industrias","-","RS","4314902","100MG7W","NR","SA-NSA","","3550","3550","130","FB","","","760","116672103257","25","25","65","-1","X","36","116672103257","200","-29.9877","-51.170731","G","2024-10-11","2019-07-19","","ab6725f82870aef9","2041-12-08","","","Porto Alegre"
"LIC-LIC-01","TIM S A","50409314250","010","105812021","1007883925","Avenida Das Industrias","-","RS","4314902","100MG7W","NR","SA-NSA","","3550","3550","310","FB","","","760","116672103257","25","25","65","-1","X","36","116672103257","200","-29.9877","-51.170731","G","2024-10-11","2019-07-19","","ab6725f82870aefa","2041-12-08","","","Porto Alegre"
"LIC-LIC-01","TIM S A","50409314250","010","105812021","683775529","Rua Dr Alberto Albertini","Bairro Sao Sebastiao.","RS","4314902","100MG7W","NR","SA-NSA","","3550","3550","40","FB","","","760","116672103257","25","25","65","0","X","24","116672103257","200","-30.003389","-51.144833","G","2024-10-11","2003-09-29","","ab6725f82870af19","2041-12-08","","","Porto Alegre"
"LIC-LIC-01","TIM S A","50409314250","010","105812021","683775529","Rua Dr Alberto Albertini","Bairro Sao Sebastiao.","RS","4314902","100MG7W","NR","SA-NSA","","3550","3550","155","FB","","","760","116672103257","25","25","65","0","X","24","116672103257","200","-30.003389","-51.144833","G","2024-10-11","2003-09-29","","ab6725f82870af1a","2041-12-08","","","Porto Alegre"
"LIC-LIC-01","TIM S A","50409314250","010","105812021","683775529","Rua Dr Alberto Albertini","Bairro Sao Sebastiao.","RS","4314902","100MG7W","NR","SA-NSA","","3550","3550","300","FB","","","760","116672103257","25","25","65","0","X","24","116672103257","200","-30.003389","-51.144833","G","2024-10-11","2003-09-29","","ab6725f82870af1b","2041-12-08","","","Porto Alegre"
"LIC-LIC-01","CLARO S.A.","50409889580","010","105752021","1012569869","AV MAUA","CASA_SHOW/EVENTOS : EMBARCADERO","RS","4314902","100MG7W","NR","SA-NSA","","3350","3350","0","FB","","","168","","1","20","1","0","V","2.5","127432102519","0.25","-30.03167","-51.24036","E","2023-11-17","2021-11-03","","762525f83312b1c3","2041-12-08","","","Porto Alegre"
"LIC-LIC-01","TIM S A","50409314250","010","105812021","671088580","Avenida: Praia De Belas","-","RS","4314902","10M0G7W","NR","SA-NSA","","3550","3550","75","FB","","","760","116652103257","25","25","65","0","X","33","116652103257","200","-30.050139","-51.229028","G","2023-10-16","2002-09-18","","762525f85094d20f","2031-03-11","","","Porto Alegre"
"LIC-LIC-01","TIM S A","50409314250","010","105812021","671088580","Avenida: Praia De Belas","-","RS","4314902","10M0G7W","NR","SA-NSA","","3550","3550","190","FB","","","760","116652103257","25","25","65","0","X","33","116652103257","200","-30.050139","-51.229028","G","2023-10-16","2002-09-18","","762525f85094d210","2031-03-11","","","Porto Alegre"
"LIC-LIC-01","TIM S A","50409314250","010","105812021","671088580","Avenida: Praia De Belas","-","RS","4314902","10M0G7W","NR","SA-NSA","","3550","3550","330","FB","","","760","116652103257","25","25","65","0","X","33","116652103257","200","-30.050139","-51.229028","G","2023-10-16","2002-09-18","","762525f85094d211","2031-03-11","","","Porto Alegre"
"LIC-LIC-01","TIM S A","50409314250","010","105812021","682860700","Avenida Protasio Alves","-","RS","4314902","100MG7W","NR","SA-NSA","","3550","3550","0","FB","","","760","116652103257","25","25","65","0","X","27","116652103257","200","-30.040389","-51.197278","G","2024-09-05","2002-11-20","","762525f85094d22d","2041-12-08","","","Porto Alegre"
"LIC-LIC-01","TIM S A","50409314250","010","105812021","682860700","Avenida Protasio Alves","-","RS","4314902","100MG7W","NR","SA-NSA","","3550","3550","150","FB","","","760","116652103257","25","25","65","0","X","27","116652103257","200","-30.040389","-51.197278","G","2024-09-05","2002-11-20","","762525f85094d22e","2041-12-08","","","Porto Alegre"
"LIC-LIC-01","TIM S A","50409314250","010","105812021","682860700","Avenida Protasio Alves","-","RS","4314902","100MG7W","NR","SA-NSA","","3550","3550","270","FB","","","760","116652103257","25","25","65","0","X","27","116652103257","200","-30.040389","-51.197278","G","2024-09-05","2002-11-20","","762525f85094d22f","2041-12-08","","","Porto Alegre"
"LIC-LIC-01","TIM S A","50409314250","010","105812021","682984280","Rua Ramiro Barcelos","-","RS","4314902","100MG7W","NR","SA-NSA","","3550","3550","30","FB","","","760","116652103257","25","25","65","0","X","51","116652103257","200","-30.034","-51.208056","G","2024-09-05","2002-12-30","","762525f85094d24e","2041-12-08","","","Porto Alegre"
"LIC-LIC-01","TIM S A","50409314250","010","105812021","682984280","Rua Ramiro Barcelos","-","RS","4314902","100MG7W","NR","SA-NSA","","3550","3550","160","FB","","","760","116652103257","25","25","65","0","X","51","116652103257","200","-30.034","-51.208056","G","2024-09-05","2002-12-30","","762525f85094d24f","2041-12-08","","","Porto Alegre"
"LIC-LIC-01","TIM S A","50409314250","010","105812021","682984280","Rua Ramiro Barcelos","-","RS","4314902","100MG7W","NR","SA-NSA","","3550","3550","270","FB","","","760","116652103257","25","25","65","0","X","51","116652103257","200","-30.034","-51.208056","G","2024-09-05","2002-12-30","","762525f85094d250","2041-12-08","","","Porto Alegre"
"LIC-LIC-01","TIM S A","50409314250","010","105812021","674612140","Rua General Camara","-","RS","4314902","100MG7W","NR","SA-NSA","","3550","3550","10","FB","","","760","116652103257","25","25","65","0","X","55.9","116652103257","200","-30.031028","-51.230222","G","2024-10-02","2002-09-18","","762525f85094d27e","2041-12-08","","","Porto Alegre"
"LIC-LIC-01","TIM S A","50409314250","010","105812021","674612140","Rua General Camara","-","RS","4314902","100MG7W","NR","SA-NSA","","3550","3550","180","FB","","","760","116652103257","25","25","65","0","X","55.9","116652103257","200","-30.031028","-51.230222","G","2024-10-02","2002-09-18","","762525f85094d27f","2041-12-08","","","Porto Alegre"
"LIC-LIC-01","TIM S A","50409314250","010","105812021","674612140","Rua General Camara","-","RS","4314902","100MG7W","NR","SA-NSA","","3550","3550","310","FB","","","760","116652103257","25","25","65","0","X","55.9","116652103257","200","-30.031028","-51.230222","G","2024-10-02","2002-09-18","","762525f85094d280","2041-12-08","","","Porto Alegre"
"LIC-LIC-01","TIM S A","50409314250","010","105812021","665714220","Alameda Coelho Neto","-","RS","4314902","100MG7W","NR","SA-NSA","","3550","3550","50","FB","","","760","116652103257","25","25","65","-1","X","36","116652103257","200","-30.027972","-51.180917","G","2024-08-27","2002-09-18","","762525f85094d299","2041-12-08","","","Porto Alegre"
"LIC-LIC-01","TIM S A","50409314250","010","105812021","665714220","Alameda Coelho Neto","-","RS","4314902","100MG7W","NR","SA-NSA","","3550","3550","220","FB","","","760","116652103257","25","25","65","-1","X","36","116652103257","200","-30.027972","-51.180917","G","2024-08-27","2002-09-18","","762525f85094d29a","2041-12-08","","","Porto Alegre"
"LIC-LIC-01","TIM S A","50409314250","010","105812021","665714220","Alameda Coelho Neto","-","RS","4314902","100MG7W","NR","SA-NSA","","3550","3550","320","FB","","","760","116652103257","25","25","65","-1","X","36","116652103257","200","-30.027972","-51.180917","G","2024-08-27","2002-09-18","","762525f85094d29b","2041-12-08","","","Porto Alegre"
"LIC-LIC-01","TIM S A","50409314250","010","105812021","682860735","Avenida Benjamin Constant","-","RS","4314902","100MG7W","NR","SA-NSA","","3550","3550","30","FB","","","760","116652103257","25","25","65","0","X","24","116652103257","200","-30.008417","-51.191917","G","2024-09-05","2002-11-20","","762525f85094d2da","2041-12-08","","","Porto Alegre"
"LIC-LIC-01","TIM S A","50409314250","010","105812021","682860735","Avenida Benjamin Constant","-","RS","4314902","100MG7W","NR","SA-NSA","","3550","3550","170","FB","","","760","116652103257","25","25","65","0","X","24","116652103257","200","-30.008417","-51.191917","G","2024-09-05","2002-11-20","","762525f85094d2db","2041-12-08","","","Porto Alegre"
"LIC-LIC-01","TIM S A","50409314250","010","105812021","682860735","Avenida Benjamin Constant","-","RS","4314902","100MG7W","NR","SA-NSA","","3550","3550","270","FB","","","760","116652103257","25","25","65","0","X","24","116652103257","200","-30.008417","-51.191917","G","2024-09-05","2002-11-20","","762525f85094d2dc","2041-12-08","","","Porto Alegre"
"LIC-LIC-01","TIM S A","50409314250","010","105812021","665606036","Rua Felipe De Oliveira","-","RS","4314902","100MG7W","NR","SA-NSA","","3550","3550","0","FB","","","760","116652103257","25","25","65","-1","X","41","116652103257","200","-30.044778","-51.187167","G","2024-08-27","2002-09-18","","762525f85094d2f8","2041-12-08","","","Porto Alegre"
"LIC-LIC-01","TIM S A","50409314250","010","105812021","665606036","Rua Felipe De Oliveira","-","RS","4314902","100MG7W","NR","SA-NSA","","3550","3550","150","FB","","","760","116652103257","25","25","65","-1","X","41","116652103257","200","-30.044778","-51.187167","G","2024-08-27","2002-09-18","","762525f85094d2f9","2041-12-08","","","Porto Alegre"
"LIC-LIC-01","TIM S A","50409314250","010","105812021","665606036","Rua Felipe De Oliveira","-","RS","4314902","100MG7W","NR","SA-NSA","","3550","3550","260","FB","","","760","116652103257","25","25","65","-1","X","41","116652103257","200","-30.044778","-51.187167","G","2024-08-27","2002-09-18","","762525f85094d2fa","2041-12-08","","","Porto Alegre"
"LIC-LIC-01","TIM S A","50409314250","010","105812021","687434823","Avenida Cristóvão Colombo","-","RS","4314902","10M0G7W","NR","SA-NSA","","3550","3550","0","FB","","","760","116672103257","25","25","65","0","X","11","116672103257","200","-30.026258","-51.212149","G","2023-10-16","2005-09-27","","762525f85094d313","2031-03-11","","","Porto Alegre"
"LIC-LIC-01","TIM S A","50409314250","010","105812021","687434823","Avenida Cristóvão Colombo","-","RS","4314902","10M0G7W","NR","SA-NSA","","3550","3550","120","FB","","","760","116672103257","25","25","65","0","X","11","116672103257","200","-30.026258","-51.212149","G","2023-10-16","2005-09-27","","762525f85094d314","2031-03-11","","","Porto Alegre"
"LIC-LIC-01","TIM S A","50409314250","010","105812021","687434823","Avenida Cristóvão Colombo","-","RS","4314902","10M0G7W","NR","SA-NSA","","3550","3550","240","FB","","","760","116672103257","25","25","65","0","X","11","116672103257","200","-30.026258","-51.212149","G","2023-10-16","2005-09-27","","762525f85094d315","2031-03-11","","","Porto Alegre"
"LIC-LIC-01","TIM S A","50409314250","010","105812021","674612477","RUA ERNESTO NEUGEBAUER","","RS","4314902","100MG7W","NR","SA-NSA","","3550","3550","30","FB","","","760","116672103257","25","25","65","-4","X","44","116672103257","200","-29.984421","-51.181774","G","2024-11-22","2002-09-18","","762525f85094d349","2041-12-08","","","Porto Alegre"
"LIC-LIC-01","TIM S A","50409314250","010","105812021","674612477","RUA ERNESTO NEUGEBAUER","","RS","4314902","100MG7W","NR","SA-NSA","","3550","3550","140","FB","","","760","116672103257","25","25","65","-4","X","44","116672103257","200","-29.984421","-51.181774","G","2024-11-22","2002-09-18","","762525f85094d34a","2041-12-08","","","Porto Alegre"
"LIC-LIC-01","TIM S A","50409314250","010","105812021","674612477","RUA ERNESTO NEUGEBAUER","","RS","4314902","100MG7W","NR","SA-NSA","","3550","3550","325","FB","","","760","116672103257","25","25","65","-4","X","44","116672103257","200","-29.984421","-51.181774","G","2024-11-22","2002-09-18","","762525f85094d34b","2041-12-08","","","Porto Alegre"
"LIC-LIC-01","TIM S A","50409314250","010","105812021","1013199860","Rua Dos Andradas 1001","-","RS","4314902","10M0G7W","NR","NSA","","2370","2370","0","FB","","","167","","8","0","0","0","X","3.5","116652103257","40","-30.03069","-51.23089","G","2024-04-26","2022-06-21","","305645f89a868aaf","2041-12-08","","","Porto Alegre"
"LIC-LIC-01","TIM S A","50409314250","010","105812021","1013199895","Avenida Ipiranga 5200","-","RS","4314902","10M0G7W","NR","NSA","","2370","2370","0","FB","","","167","","8","0","0","0","X","3.5","116652103257","40","-30.05497","-51.18753","G","2024-04-26","2022-06-21","","305645f89a868ab6","2041-12-08","","","Porto Alegre"
"LIC-LIC-01","TIM S A","50409314250","010","105812021","1013199909","Avenida Assis Brasil 164","-","RS","4314902","10M0G7W","NR","NSA","","2370","2370","0","FB","","","167","","8","0","0","0","X","3.5","116652103257","40","-30.00628","-51.18447","G","2024-04-26","2022-06-21","","305645f89a868abd","2041-12-08","","","Porto Alegre"
"LIC-LIC-01","TIM S A","50409314250","010","105812021","1013199917","AVENIDA ASSIS BRASIL 2611 BOURBON SHOPPING WALLIG","","RS","4314902","10M0G7W","NR","NSA","","2370","2370","0","FB","","","167","056001603518","8","0","0","0","X","3.5","116652103257","40","-30.011752","-51.160611","G","2024-10-25","2022-06-21","","305645f89a868ac4","2041-12-08","","","Porto Alegre"
"LIC-LIC-01","CLARO S.A.","50409889580","010","105752021","535724489","R DOUTOR FLORES","","RS","4314902","100MG7W","NR","SA-NSA","","3350","3350","190","FB","","","760","","24.9","25","13.5","-4","X","38","102792102519","204","-30.02877","-51.22446","G","2024-04-04","2000-10-02","","6ae915f881d929ae","2041-12-08","","","Porto Alegre"
"LIC-LIC-01","CLARO S.A.","50409889580","010","105752021","535724489","R DOUTOR FLORES","","RS","4314902","100MG7W","NR","SA-NSA","","3350","3350","270","FB","","","760","","24.9","25","13.5","-3","X","38","102792102519","204","-30.02877","-51.22446","G","2024-04-04","2000-10-02","","6ae915f881d929af","2041-12-08","","","Porto Alegre"
"LIC-LIC-01","CLARO S.A.","50409889580","010","105752021","535724489","R DOUTOR FLORES","","RS","4314902","100MG7W","NR","SA-NSA","","3350","3350","40","FB","","","760","","24.9","25","13.5","-3","X","38","102792102519","204","-30.02877","-51.22446","G","2024-04-04","2000-10-02","","6ae915f881d929b0","2041-12-08","","","Porto Alegre"
"LIC-LIC-01","CLARO S.A.","50409889580","010","105752021","535724489","R DOUTOR FLORES","","RS","4314902","50M0G7W","NR","SA-NSA","","2325","2325","190","FB","","","760","003692202519","24","25","70","-5","X","37","003692202519","50","-30.02877","-51.22446","G","2024-04-04","2000-10-02","","6ae915f881d929b1","2041-12-08","","","Porto Alegre"
"LIC-LIC-01","CLARO S.A.","50409889580","010","105752021","535724489","R DOUTOR FLORES","","RS","4314902","50M0G7W","NR","SA-NSA","","2325","2325","270","FB","","","760","003692202519","24","25","70","-6","X","37","003692202519","50","-30.02877","-51.22446","G","2024-04-04","2000-10-02","","6ae915f881d929b2","2041-12-08","","","Porto Alegre"
"LIC-LIC-01","CLARO S.A.","50409889580","010","105752021","535724489","R DOUTOR FLORES","","RS","4314902","50M0G7W","NR","SA-NSA","","2325","2325","40","FB","","","760","003692202519","24","25","70","-6","X","37","003692202519","50","-30.02877","-51.22446","G","2024-04-04","2000-10-02","","6ae915f881d929b3","2041-12-08","","","Porto Alegre"
"LIC-LIC-01","CLARO S.A.","50409889580","010","105752021","690823916","AV GUILHERME SCHELL","","RS","4314902","100MG7W","NR","SA-NSA","","3350","3350","20","FB","","","760","","23","25","13.5","0","X","35.6","072212102519","200","-30.05492","-51.20709","G","2023-11-10","2008-11-10","","6ae915f881d929ff","2032-12-22","","","Porto Alegre"
"LIC-LIC-01","CLARO S.A.","50409889580","010","105752021","690823916","AV GUILHERME SCHELL","","RS","4314902","100MG7W","NR","SA-NSA","","3350","3350","150","FB","","","760","","23","25","13.5","0","X","35.6","072212102519","200","-30.05492","-51.20709","G","2023-11-10","2008-11-10","","6ae915f881d92a00","2032-12-22","","","Porto Alegre"
"LIC-LIC-01","CLARO S.A.","50409889580","010","105752021","690823916","AV GUILHERME SCHELL","","RS","4314902","100MG7W","NR","SA-NSA","","3350","3350","260","FB","","","760","","23","25","13.5","0","X","35.6","072212102519","200","-30.05492","-51.20709","G","2023-11-10","2008-11-10","","6ae915f881d92a01","2032-12-22","","","Porto Alegre"
"LIC-LIC-01","CLARO S.A.","50409889580","010","105752021","535745060","R PROFESSOR ABÍLIO AZAMBUJA","","RS","4314902","100MG7W","NR","SA-NSA","","3350","3350","0","FB","","","760","","24.9","25","13.5","0","X","30","102792102519","204","-30.0478","-51.1657","G","2023-11-10","2000-10-02","","ab6725f828b75c8a","2032-12-22","","","Porto Alegre"
"LIC-LIC-01","CLARO S.A.","50409889580","010","105752021","535745060","R PROFESSOR ABÍLIO AZAMBUJA","","RS","4314902","100MG7W","NR","SA-NSA","","3350","3350","130","FB","","","760","","24.9","25","13.5","0","X","30","102792102519","204","-30.0478","-51.1657","G","2023-11-10","2000-10-02","","ab6725f828b75c8b","2032-12-22","","","Porto Alegre"
"LIC-LIC-01","CLARO S.A.","50409889580","010","105752021","535745060","R PROFESSOR ABÍLIO AZAMBUJA","","RS","4314902","100MG7W","NR","SA-NSA","","3350","3350","240","FB","","","760","","24.9","25","13.5","0","X","30","102792102519","204","-30.0478","-51.1657","G","2023-11-10","2000-10-02","","ab6725f828b75c8c","2032-12-22","","","Porto Alegre"
"LIC-LIC-01","CLARO S.A.","50409889580","010","105752021","535745060","R PROFESSOR ABÍLIO AZAMBUJA","","RS","4314902","50M0G7W","NR","SA-NSA","","2325","2325","0","FB","","","760","003692202519","24","25","70","0","X","29","003692202519","50","-30.0478","-51.1657","G","2023-11-10","2000-10-02","","ab6725f828b75c8d","2032-12-22","","","Porto Alegre"
"LIC-LIC-01","CLARO S.A.","50409889580","010","105752021","535745060","R PROFESSOR ABÍLIO AZAMBUJA","","RS","4314902","50M0G7W","NR","SA-NSA","","2325","2325","130","FB","","","760","003692202519","24","25","70","0","X","29","003692202519","50","-30.0478","-51.1657","G","2023-11-10","2000-10-02","","ab6725f828b75c8e","2032-12-22","","","Porto Alegre"
"LIC-LIC-01","CLARO S.A.","50409889580","010","105752021","535745060","R PROFESSOR ABÍLIO AZAMBUJA","","RS","4314902","50M0G7W","NR","SA-NSA","","2325","2325","240","FB","","","760","003692202519","24","25","70","0","X","29","003692202519","50","-30.0478","-51.1657","G","2023-11-10","2000-10-02","","ab6725f828b75c8f","2032-12-22","","","Porto Alegre"
"LIC-LIC-01","CLARO S.A.","50409889580","010","105752021","1005494158","R FELIZARDO","","RS","4314902","100MG7W","NR","SA-NSA","","3350","3350","30","FB","","","760","","24.9","25","13.5","-2","X","26.6","102792102519","204","-30.0516","-51.18294","G","2023-11-10","2017-12-19","","305645f898dcbab1","2032-12-22","","","Porto Alegre"
"LIC-LIC-01","CLARO S.A.","50409889580","010","105752021","1005494158","R FELIZARDO","","RS","4314902","100MG7W","NR","SA-NSA","","3350","3350","200","FB","","","760","","24.9","25","13.5","-3","X","26.6","102792102519","204","-30.0516","-51.18294","G","2023-11-10","2017-12-19","","305645f898dcbab2","2032-12-22","","","Porto Alegre"
"LIC-LIC-01","CLARO S.A.","50409889580","010","105752021","1005494158","R FELIZARDO","","RS","4314902","100MG7W","NR","SA-NSA","","3350","3350","280","FB","","","760","","24.9","25","13.5","-3","X","26.6","102792102519","204","-30.0516","-51.18294","G","2023-11-10","2017-12-19","","305645f898dcbab3","2032-12-22","","","Porto Alegre"
"LIC-LIC-01","CLARO S.A.","50409889580","010","105752021","1005494158","R FELIZARDO","","RS","4314902","50M0G7W","NR","SA-NSA","","2325","2325","30","FB","","","760","003692202519","24","25","70","-2","X","25.6","003692202519","50","-30.0516","-51.18294","G","2023-11-10","2017-12-19","","305645f898dcbab4","2032-12-22","","","Porto Alegre"
"LIC-LIC-01","CLARO S.A.","50409889580","010","105752021","1005494158","R FELIZARDO","","RS","4314902","50M0G7W","NR","SA-NSA","","2325","2325","200","FB","","","760","003692202519","24","25","70","-3","X","25.6","003692202519","50","-30.0516","-51.18294","G","2023-11-10","2017-12-19","","305645f898dcbab5","2032-12-22","","","Porto Alegre"
"LIC-LIC-01","CLARO S.A.","50409889580","010","105752021","1005494158","R FELIZARDO","","RS","4314902","50M0G7W","NR","SA-NSA","","2325","2325","280","FB","","","760","003692202519","24","25","70","-3","X","25.6","003692202519","50","-30.0516","-51.18294","G","2023-11-10","2017-12-19","","305645f898dcbab6","2032-12-22","","","Porto Alegre"
"LIC-LIC-01","CLARO S.A.","50409889580","010","105752021","405605471","AV DOUTOR CARLOS BARBOSA","","RS","4314902","100MG7W","NR","SA-NSA","","3350","3350","30","FB","","","760","","23","25","13.5","-2","X","39","072212102519","200","-30.0587","-51.2124","G","2023-11-10","2004-02-13","","305645f898dcbad8","2032-12-22","","","Porto Alegre"
"LIC-LIC-01","CLARO S.A.","50409889580","010","105752021","405605471","AV DOUTOR CARLOS BARBOSA","","RS","4314902","100MG7W","NR","SA-NSA","","3350","3350","120","FB","","","760","","23","25","13.5","-2","X","39","072212102519","200","-30.0587","-51.2124","G","2023-11-10","2004-02-13","","305645f898dcbad9","2032-12-22","","","Porto Alegre"
"LIC-LIC-01","CLARO S.A.","50409889580","010","105752021","405605471","AV DOUTOR CARLOS BARBOSA","","RS","4314902","100MG7W","NR","SA-NSA","","3350","3350","260","FB","","","760","","23","25","13.5","-2","X","39","072212102519","200","-30.0587","-51.2124","G","2023-11-10","2004-02-13","","305645f898dcbada","2032-12-22","","","Porto Alegre"
"LIC-LIC-01","CLARO S.A.","50409889580","010","105752021","405606079","AV BENTO GONÇALVES","ACESSO PELA PELA RUA CAPITÃO PEDRO WERLANG, 1067","RS","4314902","100MG7W","NR","SA-NSA","","3350","3350","20","FB","","","760","","23","25","13.5","-4","X","38.5","072212102519","200","-30.0649","-51.1522","G","2023-11-10","2003-04-23","","305645f898dcbaff","2032-12-22","","","Porto Alegre"
"LIC-LIC-01","CLARO S.A.","50409889580","010","105752021","405606079","AV BENTO GONÇALVES","ACESSO PELA PELA RUA CAPITÃO PEDRO WERLANG, 1067","RS","4314902","100MG7W","NR","SA-NSA","","3350","3350","150","FB","","","760","","23","25","13.5","-1","X","38.5","072212102519","200","-30.0649","-51.1522","G","2023-11-10","2003-04-23","","305645f898dcbb00","2032-12-22","","","Porto Alegre"
"LIC-LIC-01","CLARO S.A.","50409889580","010","105752021","405606079","AV BENTO GONÇALVES","ACESSO PELA PELA RUA CAPITÃO PEDRO WERLANG, 1067","RS","4314902","100MG7W","NR","SA-NSA","","3350","3350","280","FB","","","760","","23","25","13.5","-1","X","38.5","072212102519","200","-30.0649","-51.1522","G","2023-11-10","2003-04-23","","305645f898dcbb01","2032-12-22","","","Porto Alegre"
"LIC-LIC-01","CLARO S.A.","50409889580","010","105752021","1005173564","R UM","(ESQUINA RUA NOVE)","RS","4314902","100MG7W","NR","SA-NSA","","3350","3350","50","FB","","","760","","23","25","13.5","-1","X","30","072212102519","200","-30.05147","-51.15125","G","2023-11-10","2005-03-04","","305645f898dcbb09","2032-12-22","","","Porto Alegre"
"LIC-LIC-01","CLARO S.A.","50409889580","010","105752021","1005173564","R UM","(ESQUINA RUA NOVE)","RS","4314902","100MG7W","NR","SA-NSA","","3350","3350","180","FB","","","760","","23","25","13.5","-3","X","30","072212102519","200","-30.05147","-51.15125","G","2023-11-10","2005-03-04","","305645f898dcbb0a","2032-12-22","","","Porto Alegre"
"LIC-LIC-01","CLARO S.A.","50409889580","010","105752021","1005173564","R UM","(ESQUINA RUA NOVE)","RS","4314902","100MG7W","NR","SA-NSA","","3350","3350","310","FB","","","760","","23","25","13.5","-3","X","30","072212102519","200","-30.05147","-51.15125","G","2023-11-10","2005-03-04","","305645f898dcbb0b","2032-12-22","","","Porto Alegre"
"LIC-LIC-01","CLARO S.A.","50409889580","010","105752021","1012044570","AV DELEGADO ELY CORRÊA PRADO","","RS","4314902","100MG7W","NR","SA-NSA","","3350","3350","30","FB","","","760","","23","25","13.5","-3","X","50","072212102519","200","-30.03761","-51.1041","G","2023-06-27","2021-06-18","","305645f898dcbb2d","2032-12-22","","","Porto Alegre"
"LIC-LIC-01","CLARO S.A.","50409889580","010","105752021","1012044570","AV DELEGADO ELY CORRÊA PRADO","","RS","4314902","100MG7W","NR","SA-NSA","","3350","3350","220","FB","","","760","","23","25","13.5","-3","X","50","072212102519","200","-30.03761","-51.1041","G","2023-06-27","2021-06-18","","305645f898dcbb2f","2032-12-22","","","Porto Alegre"
"LIC-LIC-01","CLARO S.A.","50409889580","010","105752021","405606052","RUA VIDAL DE NEGREIROS","","RS","4314902","100MG7W","NR","SA-NSA","","3350","3350","100","FB","","","760","","23","25","13.5","-1","X","41","072212102519","200","-30.0628","-51.1687","G","2024-05-27","2004-01-06","","305645f898dcbb36","2041-12-08","","","Porto Alegre"
"LIC-LIC-01","CLARO S.A.","50409889580","010","105752021","405606052","RUA VIDAL DE NEGREIROS","","RS","4314902","100MG7W","NR","SA-NSA","","3350","3350","210","FB","","","760","","23","25","13.5","-1","X","41","072212102519","200","-30.0628","-51.1687","G","2024-05-27","2004-01-06","","305645f898dcbb37","2041-12-08","","","Porto Alegre"
"LIC-LIC-01","CLARO S.A.","50409889580","010","105752021","405606052","RUA VIDAL DE NEGREIROS","","RS","4314902","100MG7W","NR","SA-NSA","","3350","3350","330","FB","","","760","","23","25","13.5","-1","X","41","072212102519","200","-30.0628","-51.1687","G","2024-05-27","2004-01-06","","305645f898dcbb38","2041-12-08","","","Porto Alegre"
"LIC-LIC-01","CLARO S.A.","50409889580","010","105752021","1007372858","R RIACHUELO","","RS","4314902","100MG7W","NR","SA-NSA","","3350","3350","60","FB","","","760","","24.9","25","13.5","-2","X","32","102792102519","204","-30.03348","-51.23773","G","2023-11-16","2018-10-24","","305645f898dcbb5d","2032-12-22","","","Porto Alegre"
"LIC-LIC-01","CLARO S.A.","50409889580","010","105752021","1007372858","R RIACHUELO","","RS","4314902","100MG7W","NR","SA-NSA","","3350","3350","120","FB","","","760","","24.9","25","13.5","-3","X","32","102792102519","204","-30.03348","-51.23773","G","2023-11-16","2018-10-24","","305645f898dcbb5e","2032-12-22","","","Porto Alegre"
"LIC-LIC-01","CLARO S.A.","50409889580","010","105752021","1007372858","R RIACHUELO","","RS","4314902","100MG7W","NR","SA-NSA","","3350","3350","275","FB","","","760","","24.9","25","13.5","-2","X","32","102792102519","204","-30.03348","-51.23773","G","2023-11-16","2018-10-24","","305645f898dcbb5f","2032-12-22","","","Porto Alegre"
"LIC-LIC-01","CLARO S.A.","50409889580","010","105752021","696493780","R ALBION","","RS","4314902","100MG7W","NR","SA-NSA","","3350","3350","270","FB","","","760","","23","25","13.5","-1","X","25","072212102519","200","-30.05648","-51.16534","G","2023-11-10","2012-01-27","","305645f898dcbb81","2032-12-22","","","Porto Alegre"
"LIC-LIC-01","CLARO S.A.","50409889580","010","105752021","696493780","R ALBION","","RS","4314902","100MG7W","NR","SA-NSA","","3350","3350","160","FB","","","760","","23","25","13.5","-5","X","25","072212102519","200","-30.05648","-51.16534","G","2023-11-10","2012-01-27","","305645f898dcbb82","2032-12-22","","","Porto Alegre"
"LIC-LIC-01","CLARO S.A.","50409889580","010","105752021","687272963","AV SATURNINO DE BRITO","","RS","4314902","100MG7W","NR","SA-NSA","","3350","3350","20","FB","","","760","","23","25","13.5","-5","X","22","072212102519","200","-30.041","-51.1543","G","2023-11-17","2005-07-21","","305645f898fce1b3","2032-12-22","","","Porto Alegre"
"LIC-LIC-01","CLARO S.A.","50409889580","010","105752021","687272963","AV SATURNINO DE BRITO","","RS","4314902","100MG7W","NR","SA-NSA","","3350","3350","150","FB","","","760","","23","25","13.5","-6","X","19","072212102519","200","-30.041","-51.1543","G","2023-11-17","2005-07-21","","305645f898fce1b4","2032-12-22","","","Porto Alegre"
"LIC-LIC-01","CLARO S.A.","50409889580","010","105752021","687272963","AV SATURNINO DE BRITO","","RS","4314902","100MG7W","NR","SA-NSA","","3350","3350","290","FB","","","760","","23","25","13.5","-6","X","16","072212102519","200","-30.041","-51.1543","G","2023-11-17","2005-07-21","","305645f898fce1b5","2032-12-22","","","Porto Alegre"
"LIC-LIC-01","CLARO S.A.","50409889580","010","105752021","1005313145","R RUA NOVE DE JUNHO","AO LADO IMÓVEL Nº 730","RS","4314902","100MG7W","NR","SA-NSA","","3350","3350","250","FB","","","760","","23","25","13.5","-4","X","23","072212102519","200","-30.06869","-51.16153","G","2023-11-10","2017-10-10","","305645f898fce1b7","2032-12-22","","","Porto Alegre"
"LIC-LIC-01","CLARO S.A.","50409889580","010","105752021","1005313145","R RUA NOVE DE JUNHO","AO LADO IMÓVEL Nº 730","RS","4314902","100MG7W","NR","SA-NSA","","3350","3350","340","FB","","","760","","23","25","13.5","-5","X","23","072212102519","200","-30.06869","-51.16153","G","2023-11-10","2017-10-10","","305645f898fce1b8","2032-12-22","","","Porto Alegre"
"LIC-LIC-01","CLARO S.A.","50409889580","010","105752021","689809212","AV BORGES DE MEDEIROS","","RS","4314902","100MG7W","NR","SA-NSA","","3350","3350","340","FB","","","760","","24.9","25","13.5","0","X","75","102792102519","204","-30.0551","-51.2299","G","2023-11-17","2008-03-04","","f1c145f8c20e6b26","2032-12-22","","","Porto Alegre"
"LIC-LIC-01","CLARO S.A.","50409889580","010","105752021","689809212","AV BORGES DE MEDEIROS","","RS","4314902","100MG7W","NR","SA-NSA","","3350","3350","100","FB","","","760","","24.9","25","13.5","-2","X","75","102792102519","204","-30.0551","-51.2299","G","2023-11-17","2008-03-04","","f1c145f8c20e6b27","2032-12-22","","","Porto Alegre"
"LIC-LIC-01","CLARO S.A.","50409889580","010","105752021","689809212","AV BORGES DE MEDEIROS","","RS","4314902","100MG7W","NR","SA-NSA","","3350","3350","205","FB","","","760","","24.9","25","13.5","-2","X","77.5","102792102519","204","-30.0551","-51.2299","G","2023-11-17","2008-03-04","","f1c145f8c20e6b28","2032-12-22","","","Porto Alegre"
"LIC-LIC-01","CLARO S.A.","50409889580","010","105752021","405606036","R BARÃO DO AMAZONAS","","RS","4314902","100MG7W","NR","SA-NSA","","3350","3350","30","FB","","","760","","24.9","25","13.5","-3","X","32","102792102519","204","-30.05414","-51.18911","G","2024-04-04","2004-01-06","","f1c145f8c20e6b3b","2041-12-08","","","Porto Alegre"
"LIC-LIC-01","CLARO S.A.","50409889580","010","105752021","405606036","R BARÃO DO AMAZONAS","","RS","4314902","100MG7W","NR","SA-NSA","","3350","3350","150","FB","","","760","","24.9","25","13.5","-5","X","32","102792102519","204","-30.05414","-51.18911","G","2024-04-04","2004-01-06","","f1c145f8c20e6b3c","2041-12-08","","","Porto Alegre"
"LIC-LIC-01","CLARO S.A.","50409889580","010","105752021","405606036","R BARÃO DO AMAZONAS","","RS","4314902","100MG7W","NR","SA-NSA","","3350","3350","280","FB","","","760","","24.9","25","13.5","-5","X","32","102792102519","204","-30.05414","-51.18911","G","2024-04-04","2004-01-06","","f1c145f8c20e6b3d","2041-12-08","","","Porto Alegre"
"LIC-LIC-01","CLARO S.A.","50409889580","010","105752021","405606036","R BARÃO DO AMAZONAS","","RS","4314902","50M0G7W","NR","SA-NSA","","2325","2325","30","FB","","","760","003692202519","24","25","70","-3","X","31","003692202519","50","-30.05414","-51.18911","G","2024-04-04","2004-01-06","","f1c145f8c20e6b3e","2041-12-08","","","Porto Alegre"
"LIC-LIC-01","CLARO S.A.","50409889580","010","105752021","405606036","R BARÃO DO AMAZONAS","","RS","4314902","50M0G7W","NR","SA-NSA","","2325","2325","150","FB","","","760","003692202519","24","25","70","-5","X","31","003692202519","50","-30.05414","-51.18911","G","2024-04-04","2004-01-06","","f1c145f8c20e6b3f","2041-12-08","","","Porto Alegre"
"LIC-LIC-01","CLARO S.A.","50409889580","010","105752021","405606036","R BARÃO DO AMAZONAS","","RS","4314902","50M0G7W","NR","SA-NSA","","2325","2325","280","FB","","","760","003692202519","24","25","70","-5","X","31","003692202519","50","-30.05414","-51.18911","G","2024-04-04","2004-01-06","","f1c145f8c20e6b40","2041-12-08","","","Porto Alegre"
"LIC-LIC-01","CLARO S.A.","50409889580","010","105752021","1005160233","R DO BOSQUE","AO LADO N° 65","RS","4314902","100MG7W","NR","SA-NSA","","3350","3350","85","FB","","","760","","23","25","13.5","-2","X","29.5","072212102519","200","-29.98761","-51.09535","G","2023-11-17","2017-09-15","","a6ad45f81ef269c7","2032-12-22","","","Porto Alegre"
"LIC-LIC-01","CLARO S.A.","50409889580","010","105752021","1005160233","R DO BOSQUE","AO LADO N° 65","RS","4314902","100MG7W","NR","SA-NSA","","3350","3350","180","FB","","","760","","23","25","13.5","-5","X","29.5","072212102519","200","-29.98761","-51.09535","G","2023-11-17","2017-09-15","","a6ad45f81ef269c8","2032-12-22","","","Porto Alegre"
"LIC-LIC-01","CLARO S.A.","50409889580","010","105752021","1005160233","R DO BOSQUE","AO LADO N° 65","RS","4314902","100MG7W","NR","SA-NSA","","3350","3350","245","FB","","","760","","23","25","13.5","-3","X","29.5","072212102519","200","-29.98761","-51.09535","G","2023-11-17","2017-09-15","","a6ad45f81ef269c9","2032-12-22","","","Porto Alegre"
"LIC-LIC-01","CLARO S.A.","50409889580","010","105752021","1005313153","R ANTONIO DE CARVALHO","","RS","4314902","100MG7W","NR","SA-NSA","","3350","3350","15","FB","","","760","","23","25","13.5","-1","X","18.3","072212102519","200","-30.05502","-51.14714","G","2023-11-10","2017-10-09","","a6ad45f81ef269e8","2032-12-22","","","Porto Alegre"
"LIC-LIC-01","CLARO S.A.","50409889580","010","105752021","1005313153","R ANTONIO DE CARVALHO","","RS","4314902","100MG7W","NR","SA-NSA","","3350","3350","120","FB","","","760","","23","25","13.5","0","X","18.3","072212102519","200","-30.05502","-51.14714","G","2023-11-10","2017-10-09","","a6ad45f81ef269e9","2032-12-22","","","Porto Alegre"
"LIC-LIC-01","CLARO S.A.","50409889580","010","105752021","1005313153","R ANTONIO DE CARVALHO","","RS","4314902","100MG7W","NR","SA-NSA","","3350","3350","215","FB","","","760","","23","25","13.5","0","X","18.3","072212102519","200","-30.05502","-51.14714","G","2023-11-10","2017-10-09","","a6ad45f81ef269ea","2032-12-22","","","Porto Alegre"
"LIC-LIC-01","CLARO S.A.","50409889580","010","105752021","1005528702","AV FARIA LOBATO","","RS","4314902","100MG7W","NR","SA-NSA","","3350","3350","90","FB","","","760","","23","25","13.5","-1","X","14.5","072212102519","200","-29.98503","-51.1352","G","2023-11-17","2017-12-29","","a6ad45f81ef26a0f","2032-12-22","","","Porto Alegre"
"LIC-LIC-01","CLARO S.A.","50409889580","010","105752021","1005528702","AV FARIA LOBATO","","RS","4314902","100MG7W","NR","SA-NSA","","3350","3350","180","FB","","","760","","23","25","13.5","-1","X","14.5","072212102519","200","-29.98503","-51.1352","G","2023-11-17","2017-12-29","","a6ad45f81ef26a10","2032-12-22","","","Porto Alegre"
"LIC-LIC-01","CLARO S.A.","50409889580","010","105752021","1005528702","AV FARIA LOBATO","","RS","4314902","100MG7W","NR","SA-NSA","","3350","3350","340","FB","","","760","","23","25","13.5","-1","X","14.5","072212102519","200","-29.98503","-51.1352","G","2023-11-17","2017-12-29","","a6ad45f81ef26a11","2032-12-22","","","Porto Alegre"
"LIC-LIC-01","CLARO S.A.","50409889580","010","105752021","1006617270","AV BELÉM VELHO","ACESSO PELA RUA KANAZAWA","RS","4314902","100MG7W","NR","SA-NSA","","3350","3350","60","FB","","","760","","23","25","13.5","-3","X","19","072212102519","200","-30.11806","-51.19077","G","2023-11-10","2018-05-14","","a6ad45f81ef26a36","2032-12-22","","","Porto Alegre"
"LIC-LIC-01","CLARO S.A.","50409889580","010","105752021","1006617270","AV BELÉM VELHO","ACESSO PELA RUA KANAZAWA","RS","4314902","100MG7W","NR","SA-NSA","","3350","3350","345","FB","","","760","","23","25","13.5","-5","X","19","072212102519","200","-30.11806","-51.19077","G","2023-11-10","2018-05-14","","a6ad45f81ef26a38","2032-12-22","","","Porto Alegre"
"LIC-LIC-01","CLARO S.A.","50409889580","010","105752021","1007078623","R CORONEL FREDERICO CARLOS GOMES","","RS","4314902","100MG7W","NR","SA-NSA","","3350","3350","25","FB","","","760","","23","25","13.5","-2","X","50","072212102519","200","-30.11985","-51.2047","G","2023-11-10","2018-09-03","","a6ad45f81ef26a57","2032-12-22","","","Porto Alegre"
"LIC-LIC-01","CLARO S.A.","50409889580","010","105752021","1007078623","R CORONEL FREDERICO CARLOS GOMES","","RS","4314902","100MG7W","NR","SA-NSA","","3350","3350","110","FB","","","760","","23","25","13.5","-3","X","50","072212102519","200","-30.11985","-51.2047","G","2023-11-10","2018-09-03","","a6ad45f81ef26a58","2032-12-22","","","Porto Alegre"
"LIC-LIC-01","CLARO S.A.","50409889580","010","105752021","1007078623","R CORONEL FREDERICO CARLOS GOMES","","RS","4314902","100MG7W","NR","SA-NSA","","3350","3350","270","FB","","","760","","23","25","13.5","-3","X","50","072212102519","200","-30.11985","-51.2047","G","2023-11-10","2018-09-03","","a6ad45f81ef26a59","2032-12-22","","","Porto Alegre"
"LIC-LIC-01","CLARO S.A.","50409889580","010","105752021","684924234","AV CAIRÚ","ESQUINA COM A RUA SANTOS DUMOND - N°S 2085 E 2095","RS","4314902","100MG7W","NR","SA-NSA","","3350","3350","40","FB","","","760","","23","25","13.5","-2","X","25.5","072212102519","200","-30.0033","-51.2035","G","2024-04-01","2004-12-28","","a6ad45f81ef26a7e","2041-12-08","","","Porto Alegre"
"LIC-LIC-01","CLARO S.A.","50409889580","010","105752021","684924234","AV CAIRÚ","ESQUINA COM A RUA SANTOS DUMOND - N°S 2085 E 2095","RS","4314902","100MG7W","NR","SA-NSA","","3350","3350","140","FB","","","760","","23","25","13.5","-5","X","25.5","072212102519","200","-30.0033","-51.2035","G","2024-04-01","2004-12-28","","a6ad45f81ef26a7f","2041-12-08","","","Porto Alegre"
"LIC-LIC-01","CLARO S.A.","50409889580","010","105752021","684924234","AV CAIRÚ","ESQUINA COM A RUA SANTOS DUMOND - N°S 2085 E 2095","RS","4314902","100MG7W","NR","SA-NSA","","3350","3350","270","FB","","","760","","23","25","13.5","-1","X","25.5","072212102519","200","-30.0033","-51.2035","G","2024-04-01","2004-12-28","","a6ad45f81ef26a80","2041-12-08","","","Porto Alegre"
"LIC-LIC-01","CLARO S.A.","50409889580","010","105752021","686178505","AV DAS INDUSTRIAS","","RS","4314902","100MG7W","NR","SA-NSA","","3350","3350","30","FB","","","760","","23","25","13.5","0","X","23","072212102519","200","-29.98492","-51.15948","G","2023-11-10","2005-03-04","","a6ad45f81ef26aa2","2032-12-22","","","Porto Alegre"
"LIC-LIC-01","CLARO S.A.","50409889580","010","105752021","686178505","AV DAS INDUSTRIAS","","RS","4314902","100MG7W","NR","SA-NSA","","3350","3350","150","FB","","","760","","23","25","13.5","0","X","23","072212102519","200","-29.98492","-51.15948","G","2023-11-10","2005-03-04","","a6ad45f81ef26aa3","2032-12-22","","","Porto Alegre"
"LIC-LIC-01","CLARO S.A.","50409889580","010","105752021","686178505","AV DAS INDUSTRIAS","","RS","4314902","100MG7W","NR","SA-NSA","","3350","3350","260","FB","","","760","","23","25","13.5","0","X","23","072212102519","200","-29.98492","-51.15948","G","2023-11-10","2005-03-04","","a6ad45f81ef26aa4","2032-12-22","","","Porto Alegre"
"LIC-LIC-01","CLARO S.A.","50409889580","010","105752021","690760477","AVENIDA JOÃO VINTE E TRÊS","","RS","4314902","100MG7W","NR","SA-NSA","","3350","3350","40","FB","","","760","","23","25","13.5","-4","X","25.5","072212102519","200","-30.00686","-51.14514","G","2023-11-17","2008-11-04","","a6ad45f81ef26ac6","2041-12-08","","","Porto Alegre"
"LIC-LIC-01","CLARO S.A.","50409889580","010","105752021","690760477","AVENIDA JOÃO VINTE E TRÊS","","RS","4314902","100MG7W","NR","SA-NSA","","3350","3350","130","FB","","","760","","23","25","13.5","-4","X","25.5","072212102519","200","-30.00686","-51.14514","G","2023-11-17","2008-11-04","","a6ad45f81ef26ac7","2041-12-08","","","Porto Alegre"
"LIC-LIC-01","CLARO S.A.","50409889580","010","105752021","690760477","AVENIDA JOÃO VINTE E TRÊS","","RS","4314902","100MG7W","NR","SA-NSA","","3350","3350","270","FB","","","760","","23","25","13.5","-4","X","25.5","072212102519","200","-30.00686","-51.14514","G","2023-11-17","2008-11-04","","a6ad45f81ef26ac8","2041-12-08","","","Porto Alegre"
"LIC-LIC-01","CLARO S.A.","50409889580","010","105752021","1014739818","R DOS PESCADORES","","RS","4314902","100MG7W","NR","SA-NSA","","3350","3350","280","FB","","","760","","23","25","13.5","0","X","26","072212102519","200","-29.9909","-51.26604","G","2024-10-14","2023-03-02","","a6ad45f81ef26ae1","2041-12-08","","","Porto Alegre"
"LIC-LIC-01","CLARO S.A.","50409889580","010","105752021","1014739818","R DOS PESCADORES","","RS","4314902","100MG7W","NR","SA-NSA","","3350","3350","70","FB","","","760","","23","25","13.5","0","X","26","072212102519","200","-29.9909","-51.26604","G","2024-10-14","2023-03-02","","a6ad45f81ef26ae2","2041-12-08","","","Porto Alegre"
"LIC-LIC-01","CLARO S.A.","50409889580","010","105752021","1014739818","R DOS PESCADORES","","RS","4314902","100MG7W","NR","SA-NSA","","3350","3350","180","FB","","","760","","23","25","13.5","0","X","26","072212102519","200","-29.9909","-51.26604","G","2024-10-14","2023-03-02","","a6ad45f81ef26ae3","2041-12-08","","","Porto Alegre"
"LIC-LIC-01","CLARO S.A.","50409889580","010","105752021","684705311","PC MARECHAL DEODORO","","RS","4314902","100MG7W","NR","SA-NSA","","3350","3350","35","FB","","","760","","24.9","25","13.5","-4","X","47","102792102519","204","-30.0327","-51.22924","G","2023-11-16","2004-09-24","","305645f89e911247","2032-12-22","","","Porto Alegre"
"LIC-LIC-01","CLARO S.A.","50409889580","010","105752021","684705311","PC MARECHAL DEODORO","","RS","4314902","100MG7W","NR","SA-NSA","","3350","3350","140","FB","","","760","","24.9","25","13.5","-4","X","47","102792102519","204","-30.0327","-51.22924","G","2023-11-16","2004-09-24","","305645f89e911248","2032-12-22","","","Porto Alegre"
"LIC-LIC-01","CLARO S.A.","50409889580","010","105752021","684705311","PC MARECHAL DEODORO","","RS","4314902","100MG7W","NR","SA-NSA","","3350","3350","270","FB","","","760","","24.9","25","13.5","-4","X","47","102792102519","204","-30.0327","-51.22924","G","2023-11-16","2004-09-24","","305645f89e911249","2032-12-22","","","Porto Alegre"
"LIC-LIC-01","CLARO S.A.","50409889580","010","105752021","684705311","PC MARECHAL DEODORO","","RS","4314902","50M0G7W","NR","SA-NSA","","2325","2325","35","FB","","","760","003692202519","24","25","70","-4","X","46","003692202519","50","-30.0327","-51.22924","G","2023-11-16","2004-09-24","","305645f89e91124a","2032-12-22","","","Porto Alegre"
"LIC-LIC-01","CLARO S.A.","50409889580","010","105752021","684705311","PC MARECHAL DEODORO","","RS","4314902","50M0G7W","NR","SA-NSA","","2325","2325","140","FB","","","760","003692202519","24","25","70","-4","X","46","003692202519","50","-30.0327","-51.22924","G","2023-11-16","2004-09-24","","305645f89e91124b","2032-12-22","","","Porto Alegre"
"LIC-LIC-01","CLARO S.A.","50409889580","010","105752021","684705311","PC MARECHAL DEODORO","","RS","4314902","50M0G7W","NR","SA-NSA","","2325","2325","270","FB","","","760","003692202519","24","25","70","-4","X","46","003692202519","50","-30.0327","-51.22924","G","2023-11-16","2004-09-24","","305645f89e91124c","2032-12-22","","","Porto Alegre"
"LIC-LIC-01","CLARO S.A.","50409889580","010","105752021","1006637793","AV ALBERTO BINS","","RS","4314902","100MG7W","NR","SA-NSA","","3350","3350","30","FB","","","760","","24.9","25","13.5","-1","X","37","102792102519","204","-30.02777","-51.21986","G","2023-11-16","2018-05-14","","305645f89e911266","2032-12-22","","","Porto Alegre"
"LIC-LIC-01","CLARO S.A.","50409889580","010","105752021","1006637793","AV ALBERTO BINS","","RS","4314902","100MG7W","NR","SA-NSA","","3350","3350","120","FB","","","760","","24.9","25","13.5","0","X","37","102792102519","204","-30.02777","-51.21986","G","2023-11-16","2018-05-14","","305645f89e911267","2032-12-22","","","Porto Alegre"
"LIC-LIC-01","CLARO S.A.","50409889580","010","105752021","1006637793","AV ALBERTO BINS","","RS","4314902","100MG7W","NR","SA-NSA","","3350","3350","170","FB","","","760","","24.9","25","13.5","-1","X","37","102792102519","204","-30.02777","-51.21986","G","2023-11-16","2018-05-14","","305645f89e911268","2032-12-22","","","Porto Alegre"
"LIC-LIC-01","CLARO S.A.","50409889580","010","105752021","1006637793","AV ALBERTO BINS","","RS","4314902","50M0G7W","NR","SA-NSA","","2325","2325","30","FB","","","760","003692202519","24","25","70","-5","X","36.5","003692202519","50","-30.02777","-51.21986","G","2023-11-16","2018-05-14","","305645f89e911269","2032-12-22","","","Porto Alegre"
"LIC-LIC-01","CLARO S.A.","50409889580","010","105752021","1006637793","AV ALBERTO BINS","","RS","4314902","50M0G7W","NR","SA-NSA","","2325","2325","120","FB","","","760","003692202519","24","25","70","-1","X","36.5","003692202519","50","-30.02777","-51.21986","G","2023-11-16","2018-05-14","","305645f89e91126a","2032-12-22","","","Porto Alegre"
"LIC-LIC-01","CLARO S.A.","50409889580","010","105752021","1006637793","AV ALBERTO BINS","","RS","4314902","50M0G7W","NR","SA-NSA","","2325","2325","170","FB","","","760","003692202519","24","25","70","0","X","36.5","003692202519","50","-30.02777","-51.21986","G","2023-11-16","2018-05-14","","305645f89e91126b","2032-12-22","","","Porto Alegre"
"LIC-LIC-01","CLARO S.A.","50409889580","010","105752021","405606044","R PEDRO VELHO","","RS","4314902","100MG7W","NR","SA-NSA","","3350","3350","40","FB","","","760","","23","25","13.5","-5","X","34.5","072212102519","200","-30.0656","-51.1927","G","2023-11-10","2004-02-13","","305645f89e911272","2032-12-22","","","Porto Alegre"
"LIC-LIC-01","CLARO S.A.","50409889580","010","105752021","405606044","R PEDRO VELHO","","RS","4314902","100MG7W","NR","SA-NSA","","3350","3350","130","FB","","","760","","23","25","13.5","-5","X","34.5","072212102519","200","-30.0656","-51.1927","G","2023-11-10","2004-02-13","","305645f89e911273","2032-12-22","","","Porto Alegre"
"LIC-LIC-01","CLARO S.A.","50409889580","010","105752021","405606044","R PEDRO VELHO","","RS","4314902","100MG7W","NR","SA-NSA","","3350","3350","240","FB","","","760","","23","25","13.5","-5","X","36.5","072212102519","200","-30.0656","-51.1927","G","2023-11-10","2004-02-13","","305645f89e911274","2032-12-22","","","Porto Alegre"
"LIC-LIC-01","CLARO S.A.","50409889580","010","105752021","690761350","R SARMENTO LEITE","","RS","4314902","100MG7W","NR","SA-NSA","","3350","3350","25","FB","","","760","","24.9","25","13.5","-4","X","47","102792102519","204","-30.03194","-51.22007","G","2023-11-16","2008-11-04","","305645f89e91129a","2032-12-22","","","Porto Alegre"
"LIC-LIC-01","CLARO S.A.","50409889580","010","105752021","690761350","R SARMENTO LEITE","","RS","4314902","100MG7W","NR","SA-NSA","","3350","3350","300","FB","","","760","","24.9","25","13.5","-3","X","47","102792102519","204","-30.03194","-51.22007","G","2023-11-16","2008-11-04","","305645f89e91129b","2032-12-22","","","Porto Alegre"
"LIC-LIC-01","CLARO S.A.","50409889580","010","105752021","695828681","AV JÚLIO DE CASTILHOS","","RS","4314902","100MG7W","NR","SA-NSA","","3350","3350","60","FB","","","760","","24.9","25","13.5","-5","X","53","102792102519","204","-30.02616","-51.22633","G","2023-11-16","2011-08-16","","305645f89e9112b2","2032-12-22","","","Porto Alegre"
"LIC-LIC-01","CLARO S.A.","50409889580","010","105752021","695828681","AV JÚLIO DE CASTILHOS","","RS","4314902","100MG7W","NR","SA-NSA","","3350","3350","125","FB","","","760","","24.9","25","13.5","-5","X","53","102792102519","204","-30.02616","-51.22633","G","2023-11-16","2011-08-16","","305645f89e9112b3","2032-12-22","","","Porto Alegre"
"LIC-LIC-01","CLARO S.A.","50409889580","010","105752021","695828681","AV JÚLIO DE CASTILHOS","","RS","4314902","100MG7W","NR","SA-NSA","","3350","3350","220","FB","","","760","","24.9","25","13.5","-4","X","53","102792102519","204","-30.02616","-51.22633","G","2023-11-16","2011-08-16","","305645f89e9112b4","2032-12-22","","","Porto Alegre"
"LIC-LIC-01","CLARO S.A.","50409889580","010","105752021","695828681","AV JÚLIO DE CASTILHOS","","RS","4314902","50M0G7W","NR","SA-NSA","","2325","2325","60","FB","","","760","003692202519","24","25","70","-7","X","52.5","003692202519","50","-30.02616","-51.22633","G","2023-11-16","2011-08-16","","305645f89e9112b5","2032-12-22","","","Porto Alegre"
"LIC-LIC-01","CLARO S.A.","50409889580","010","105752021","695828681","AV JÚLIO DE CASTILHOS","","RS","4314902","50M0G7W","NR","SA-NSA","","2325","2325","125","FB","","","760","003692202519","24","25","70","-6","X","52.5","003692202519","50","-30.02616","-51.22633","G","2023-11-16","2011-08-16","","305645f89e9112b6","2032-12-22","","","Porto Alegre"
"LIC-LIC-01","CLARO S.A.","50409889580","010","105752021","695828681","AV JÚLIO DE CASTILHOS","","RS","4314902","50M0G7W","NR","SA-NSA","","2325","2325","220","FB","","","760","003692202519","24","25","70","-5","X","52.5","003692202519","50","-30.02616","-51.22633","G","2023-11-16","2011-08-16","","305645f89e9112b7","2032-12-22","","","Porto Alegre"
"LIC-LIC-01","CLARO S.A.","50409889580","010","105752021","1003508399","R MARTIN FELIX BERTA","","RS","4314902","100MG7W","NR","SA-NSA","","3350","3350","120","FB","","","760","","23","25","13.5","0","X","36","072212102519","200","-30.03403","-51.11354","G","2023-06-27","2017-02-06","","52c445f8c31d8cf6","2032-12-22","","","Porto Alegre"
"LIC-LIC-01","CLARO S.A.","50409889580","010","105752021","1003508399","R MARTIN FELIX BERTA","","RS","4314902","100MG7W","NR","SA-NSA","","3350","3350","240","FB","","","760","","23","25","13.5","-3","X","36","072212102519","200","-30.03403","-51.11354","G","2023-06-27","2017-02-06","","52c445f8c31d8cf7","2032-12-22","","","Porto Alegre"
"LIC-LIC-01","CLARO S.A.","50409889580","010","105752021","1003508399","R MARTIN FELIX BERTA","","RS","4314902","100MG7W","NR","SA-NSA","","3350","3350","320","FB","","","760","","23","25","13.5","-5","X","36","072212102519","200","-30.03403","-51.11354","G","2023-06-27","2017-02-06","","52c445f8c31d8cf8","2032-12-22","","","Porto Alegre"
"LIC-LIC-01","CLARO S.A.","50409889580","010","105752021","697686329","AV DOS ESTADOS","HOTEL DEVILLE","RS","4314902","100MG7W","NR","SA-NSA","","3350","3350","130","FB","","","760","","23","25","13.5","-1","X","33","072212102519","200","-29.98074","-51.17793","G","2023-11-10","2012-09-14","","52c445f8c31d8d17","2032-12-22","","","Porto Alegre"
"LIC-LIC-01","CLARO S.A.","50409889580","010","105752021","697686329","AV DOS ESTADOS","HOTEL DEVILLE","RS","4314902","100MG7W","NR","SA-NSA","","3350","3350","200","FB","","","760","","23","25","13.5","-1","X","33","072212102519","200","-29.98074","-51.17793","G","2023-11-10","2012-09-14","","52c445f8c31d8d18","2032-12-22","","","Porto Alegre"
"LIC-LIC-01","CLARO S.A.","50409889580","010","105752021","697686329","AV DOS ESTADOS","HOTEL DEVILLE","RS","4314902","100MG7W","NR","SA-NSA","","3350","3350","0","FB","","","760","","23","25","13.5","-6","X","33","072212102519","200","-29.98074","-51.17793","G","2023-11-10","2012-09-14","","52c445f8c31d8d19","2032-12-22","","","Porto Alegre"
"LIC-LIC-01","CLARO S.A.","50409889580","010","105752021","692862587","RUA OLIVEIRA LOPES","","RS","4314902","100MG7W","NR","SA-NSA","","3350","3350","70","FB","","","760","","23","25","13.5","0","X","16","072212102519","200","-29.98029","-51.12941","G","2023-11-10","2010-10-19","","52c445f8c31d8d4a","2032-12-22","","","Porto Alegre"
"LIC-LIC-01","CLARO S.A.","50409889580","010","105752021","692862587","RUA OLIVEIRA LOPES","","RS","4314902","100MG7W","NR","SA-NSA","","3350","3350","130","FB","","","760","","23","25","13.5","0","X","16","072212102519","200","-29.98029","-51.12941","G","2023-11-10","2010-10-19","","52c445f8c31d8d4b","2032-12-22","","","Porto Alegre"
"LIC-LIC-01","CLARO S.A.","50409889580","010","105752021","692862587","RUA OLIVEIRA LOPES","","RS","4314902","100MG7W","NR","SA-NSA","","3350","3350","270","FB","","","760","","23","25","13.5","0","X","16","072212102519","200","-29.98029","-51.12941","G","2023-11-10","2010-10-19","","52c445f8c31d8d4c","2032-12-22","","","Porto Alegre"
"LIC-LIC-01","CLARO S.A.","50409889580","010","105752021","687276608","RUA LINDOMAR DOS REIS","","RS","4314902","100MG7W","NR","SA-NSA","","3350","3350","0","FB","","","760","","23","25","13.5","-3","X","35","072212102519","200","-30.02078","-51.13302","G","2023-11-10","2005-07-21","","52c445f8c31d8d65","2032-12-22","","","Porto Alegre"
"LIC-LIC-01","CLARO S.A.","50409889580","010","105752021","687276608","RUA LINDOMAR DOS REIS","","RS","4314902","100MG7W","NR","SA-NSA","","3350","3350","130","FB","","","760","","23","25","13.5","-3","X","35","072212102519","200","-30.02078","-51.13302","G","2023-11-10","2005-07-21","","52c445f8c31d8d66","2032-12-22","","","Porto Alegre"
"LIC-LIC-01","CLARO S.A.","50409889580","010","105752021","687276608","RUA LINDOMAR DOS REIS","","RS","4314902","100MG7W","NR","SA-NSA","","3350","3350","240","FB","","","760","","23","25","13.5","-2","X","35","072212102519","200","-30.02078","-51.13302","G","2023-11-10","2005-07-21","","52c445f8c31d8d67","2032-12-22","","","Porto Alegre"
"LIC-LIC-01","CLARO S.A.","50409889580","010","105752021","1005528591","AV SILVA PAES","ESQUINA PROF CLEMANTE PINTO","RS","4314902","100MG7W","NR","SA-NSA","","3350","3350","60","FB","","","760","","23","25","13.5","0","X","26","072212102519","200","-30.06959","-51.21303","G","2023-11-17","2017-12-29","","52c445f8c31d8d9b","2032-12-22","","","Porto Alegre"
"LIC-LIC-01","CLARO S.A.","50409889580","010","105752021","1005528591","AV SILVA PAES","ESQUINA PROF CLEMANTE PINTO","RS","4314902","100MG7W","NR","SA-NSA","","3350","3350","175","FB","","","760","","23","25","13.5","0","X","26","072212102519","200","-30.06959","-51.21303","G","2023-11-17","2017-12-29","","52c445f8c31d8d9c","2032-12-22","","","Porto Alegre"
"LIC-LIC-01","CLARO S.A.","50409889580","010","105752021","1005528591","AV SILVA PAES","ESQUINA PROF CLEMANTE PINTO","RS","4314902","100MG7W","NR","SA-NSA","","3350","3350","335","FB","","","760","","23","25","13.5","0","X","26","072212102519","200","-30.06959","-51.21303","G","2023-11-17","2017-12-29","","52c445f8c31d8d9d","2032-12-22","","","Porto Alegre"
"LIC-LIC-01","CLARO S.A.","50409889580","010","105752021","422348031","AV AMIR DOMINGUES","","RS","4314902","100MG7W","NR","SA-NSA","","3350","3350","90","FB","","","760","","23","25","13.5","-11","X","51","072212102519","200","-30.07978","-51.18381","G","2023-11-10","2002-10-29","","52c445f8c31d8daa","2032-12-22","","","Porto Alegre"
"LIC-LIC-01","CLARO S.A.","50409889580","010","105752021","422348031","AV AMIR DOMINGUES","","RS","4314902","100MG7W","NR","SA-NSA","","3350","3350","175","FB","","","760","","23","25","13.5","-12","X","51","072212102519","200","-30.07978","-51.18381","G","2023-11-10","2002-10-29","","52c445f8c31d8dab","2032-12-22","","","Porto Alegre"
"LIC-LIC-01","CLARO S.A.","50409889580","010","105752021","684760070","AV MAUÁ","","RS","4314902","100MG7W","NR","SA-NSA","","3350","3350","60","FB","","","760","","24.9","25","13.5","0","X","41","102792102519","204","-30.024","-51.2213","G","2023-11-16","2004-09-24","","52c445f8c31d8dbe","2032-12-22","","","Porto Alegre"
"LIC-LIC-01","CLARO S.A.","50409889580","010","105752021","684760070","AV MAUÁ","","RS","4314902","100MG7W","NR","SA-NSA","","3350","3350","130","FB","","","760","","24.9","25","13.5","0","X","41","102792102519","204","-30.024","-51.2213","G","2023-11-16","2004-09-24","","52c445f8c31d8dbf","2032-12-22","","","Porto Alegre"
"LIC-LIC-01","CLARO S.A.","50409889580","010","105752021","684760070","AV MAUÁ","","RS","4314902","100MG7W","NR","SA-NSA","","3350","3350","230","FB","","","760","","24.9","25","13.5","0","X","40","102792102519","204","-30.024","-51.2213","G","2023-11-16","2004-09-24","","52c445f8c31d8dc0","2032-12-22","","","Porto Alegre"
"LIC-LIC-01","CLARO S.A.","50409889580","010","105752021","684760070","AV MAUÁ","","RS","4314902","50M0G7W","NR","SA-NSA","","2325","2325","60","FB","","","760","003692202519","24","25","70","0","X","40","003692202519","50","-30.024","-51.2213","G","2023-11-16","2004-09-24","","52c445f8c31d8dc1","2032-12-22","","","Porto Alegre"
"LIC-LIC-01","CLARO S.A.","50409889580","010","105752021","684760070","AV MAUÁ","","RS","4314902","50M0G7W","NR","SA-NSA","","2325","2325","130","FB","","","760","003692202519","24","25","70","0","X","40","003692202519","50","-30.024","-51.2213","G","2023-11-16","2004-09-24","","52c445f8c31d8dc2","2032-12-22","","","Porto Alegre"
"LIC-LIC-01","CLARO S.A.","50409889580","010","105752021","684760070","AV MAUÁ","","RS","4314902","50M0G7W","NR","SA-NSA","","2325","2325","230","FB","","","760","003692202519","24","25","70","0","X","40","003692202519","50","-30.024","-51.2213","G","2023-11-16","2004-09-24","","52c445f8c31d8dc3","2032-12-22","","","Porto Alegre"
"LIC-LIC-01","CLARO S.A.","50409889580","010","105752021","1006710652","RUA BERNARDINO SILVEIRA AMORIM","","RS","4314902","100MG7W","NR","SA-NSA","","3350","3350","80","FB","","","760","","23","25","13.5","0","X","50","072212102519","200","-29.99469","-51.10685","G","2023-11-10","2018-05-28","","52c445f8c8ac977b","2032-12-22","","","Porto Alegre"
"LIC-LIC-01","CLARO S.A.","50409889580","010","105752021","1006710652","RUA BERNARDINO SILVEIRA AMORIM","","RS","4314902","100MG7W","NR","SA-NSA","","3350","3350","200","FB","","","760","","23","25","13.5","0","X","50","072212102519","200","-29.99469","-51.10685","G","2023-11-10","2018-05-28","","52c445f8c8ac977c","2032-12-22","","","Porto Alegre"
"LIC-LIC-01","CLARO S.A.","50409889580","010","105752021","1006710652","RUA BERNARDINO SILVEIRA AMORIM","","RS","4314902","100MG7W","NR","SA-NSA","","3350","3350","330","FB","","","760","","23","25","13.5","0","X","50","072212102519","200","-29.99469","-51.10685","G","2023-11-10","2018-05-28","","52c445f8c8ac977d","2032-12-22","","","Porto Alegre"
"LIC-LIC-01","CLARO S.A.","50409889580","010","105752021","1005589868","R FREDERICO MENTZ","","RS","4314902","100MG7W","NR","SA-NSA","","3350","3350","15","FB","","","760","","23","25","13.5","0","X","15","072212102519","200","-29.98909","-51.19999","G","2024-10-22","2018-01-09","","52c445f8c8ac97be","2041-12-08","","","Porto Alegre"
"LIC-LIC-01","CLARO S.A.","50409889580","010","105752021","1005589868","R FREDERICO MENTZ","","RS","4314902","100MG7W","NR","SA-NSA","","3350","3350","115","FB","","","760","","23","25","13.5","-2","X","15","072212102519","200","-29.98909","-51.19999","G","2024-10-22","2018-01-09","","52c445f8c8ac97bf","2041-12-08","","","Porto Alegre"
"LIC-LIC-01","CLARO S.A.","50409889580","010","105752021","1005589868","R FREDERICO MENTZ","","RS","4314902","100MG7W","NR","SA-NSA","","3350","3350","195","FB","","","760","","23","25","13.5","0","X","15","072212102519","200","-29.98909","-51.19999","G","2024-10-22","2018-01-09","","52c445f8c8ac97c0","2041-12-08","","","Porto Alegre"
"LIC-LIC-01","CLARO S.A.","50409889580","010","105752021","688728766","R ALBERTO RANGEL","","RS","4314902","100MG7W","NR","SA-NSA","","3350","3350","330","FB","","","760","","23","25","13.5","0","X","40","072212102519","200","-30.01027","-51.09784","G","2023-11-10","2006-11-03","","52c445f8c8ac97c1","2032-12-22","","","Porto Alegre"
"LIC-LIC-01","CLARO S.A.","50409889580","010","105752021","688728766","R ALBERTO RANGEL","","RS","4314902","100MG7W","NR","SA-NSA","","3350","3350","90","FB","","","760","","23","25","13.5","-1","X","40","072212102519","200","-30.01027","-51.09784","G","2023-11-10","2006-11-03","","52c445f8c8ac97c2","2032-12-22","","","Porto Alegre"
"LIC-LIC-01","CLARO S.A.","50409889580","010","105752021","688728766","R ALBERTO RANGEL","","RS","4314902","100MG7W","NR","SA-NSA","","3350","3350","190","FB","","","760","","23","25","13.5","-1","X","40","072212102519","200","-30.01027","-51.09784","G","2023-11-10","2006-11-03","","52c445f8c8ac97c3","2032-12-22","","","Porto Alegre"
"LIC-LIC-01","CLARO S.A.","50409889580","010","105752021","688172512","R QUINTINO BANDEIRA","","RS","4314902","100MG7W","NR","SA-NSA","","3350","3350","55","FB","","","760","","23","25","13.5","-2","X","40","072212102519","200","-30.01243","-51.20444","G","2023-11-17","2006-03-23","","52c445f8c8ac97f7","2032-12-22","","","Porto Alegre"
"LIC-LIC-01","CLARO S.A.","50409889580","010","105752021","688172512","R QUINTINO BANDEIRA","","RS","4314902","100MG7W","NR","SA-NSA","","3350","3350","135","FB","","","760","","23","25","13.5","-2","X","40","072212102519","200","-30.01243","-51.20444","G","2023-11-17","2006-03-23","","52c445f8c8ac97f8","2032-12-22","","","Porto Alegre"
"LIC-LIC-01","CLARO S.A.","50409889580","010","105752021","688172512","R QUINTINO BANDEIRA","","RS","4314902","100MG7W","NR","SA-NSA","","3350","3350","230","FB","","","760","","23","25","13.5","-2","X","40","072212102519","200","-30.01243","-51.20444","G","2023-11-17","2006-03-23","","52c445f8c8ac97f9","2032-12-22","","","Porto Alegre"
"LIC-LIC-01","CLARO S.A.","50409889580","010","105752021","1005528664","AV ENGENHEIRO ALEXANDRE MARTINS DA ROSA","","RS","4314902","100MG7W","NR","SA-NSA","","3350","3350","50","FB","","","760","","23","25","13.5","-2","X","18.5","072212102519","200","-29.97767","-51.18431","G","2023-11-10","2017-12-29","","52c445f8c8ac980c","2032-12-22","","","Porto Alegre"
"LIC-LIC-01","CLARO S.A.","50409889580","010","105752021","1005528664","AV ENGENHEIRO ALEXANDRE MARTINS DA ROSA","","RS","4314902","100MG7W","NR","SA-NSA","","3350","3350","180","FB","","","760","","23","25","13.5","0","X","18.5","072212102519","200","-29.97767","-51.18431","G","2023-11-10","2017-12-29","","52c445f8c8ac980d","2032-12-22","","","Porto Alegre"
"LIC-LIC-01","CLARO S.A.","50409889580","010","105752021","1005528664","AV ENGENHEIRO ALEXANDRE MARTINS DA ROSA","","RS","4314902","100MG7W","NR","SA-NSA","","3350","3350","280","FB","","","760","","23","25","13.5","0","X","18.5","072212102519","200","-29.97767","-51.18431","G","2023-11-10","2017-12-29","","52c445f8c8ac980e","2032-12-22","","","Porto Alegre"
"LIC-LIC-01","CLARO S.A.","50409889580","010","105752021","1005215488","RUA SATURNINO DE BRITTO","","RS","4314902","100MG7W","NR","SA-NSA","","3350","3350","30","FB","","","760","","23","25","13.5","-6","X","21","072212102519","200","-30.03666","-51.15314","G","2023-11-17","2017-10-05","","52c445f8c8ac984e","2041-12-08","","","Porto Alegre"
"LIC-LIC-01","CLARO S.A.","50409889580","010","105752021","1005215488","RUA SATURNINO DE BRITTO","","RS","4314902","100MG7W","NR","SA-NSA","","3350","3350","170","FB","","","760","","23","25","13.5","-4","X","21","072212102519","200","-30.03666","-51.15314","G","2023-11-17","2017-10-05","","52c445f8c8ac9850","2041-12-08","","","Porto Alegre"
"LIC-LIC-01","CLARO S.A.","50409889580","010","105752021","684715562","AV PADRE CACIQUE","GIGANTINHO","RS","4314902","100MG7W","NR","SA-NSA","","3350","3350","20","FB","","","760","","23","25","13.5","0","X","47","072212102519","200","-30.06465","-51.23403","G","2023-11-17","2004-09-24","","52c445f8c8ac9863","2032-12-22","","","Porto Alegre"
"LIC-LIC-01","CLARO S.A.","50409889580","010","105752021","684715562","AV PADRE CACIQUE","GIGANTINHO","RS","4314902","100MG7W","NR","SA-NSA","","3350","3350","180","FB","","","760","","23","25","13.5","-3","X","47","072212102519","200","-30.06465","-51.23403","G","2023-11-17","2004-09-24","","52c445f8c8ac9864","2032-12-22","","","Porto Alegre"
"LIC-LIC-01","CLARO S.A.","50409889580","010","105752021","684715562","AV PADRE CACIQUE","GIGANTINHO","RS","4314902","100MG7W","NR","SA-NSA","","3350","3350","310","FB","","","760","","23","25","13.5","-3","X","47","072212102519","200","-30.06465","-51.23403","G","2023-11-17","2004-09-24","","52c445f8c8ac9865","2032-12-22","","","Porto Alegre"
"LIC-LIC-01","CLARO S.A.","50409889580","010","105752021","686873734","ESTRADA MARTIM FÉLIX BERTA","","RS","4314902","100MG7W","NR","SA-NSA","","3350","3350","45","FB","","","760","","23","25","13.5","0","X","22.5","072212102519","200","-30.0287","-51.1072","G","2023-11-10","2005-07-21","","52c445f8c8ac9878","2032-12-22","","","Porto Alegre"
"LIC-LIC-01","CLARO S.A.","50409889580","010","105752021","686873734","ESTRADA MARTIM FÉLIX BERTA","","RS","4314902","100MG7W","NR","SA-NSA","","3350","3350","170","FB","","","760","","23","25","13.5","0","X","22.5","072212102519","200","-30.0287","-51.1072","G","2023-11-10","2005-07-21","","52c445f8c8ac9879","2032-12-22","","","Porto Alegre"
"LIC-LIC-01","CLARO S.A.","50409889580","010","105752021","686873734","ESTRADA MARTIM FÉLIX BERTA","","RS","4314902","100MG7W","NR","SA-NSA","","3350","3350","250","FB","","","760","","23","25","13.5","0","X","22.5","072212102519","200","-30.0287","-51.1072","G","2023-11-10","2005-07-21","","52c445f8c8ac987a","2032-12-22","","","Porto Alegre"
"LIC-LIC-01","TELEFONICA BRASIL S.A.","50409146366","010","105802021","1014770928","AVENIDA CRISTÓVAO COLOMBO","","RS","4314902","100MG7W","NR","SA-NSA","","3450","3450","20","FB","","","760","116652103257","25","25","105","0","X","30","116652103257","200","-30.017619","-51.198389","G","2023-08-07","2023-03-13","","0f1845f8196c7cd9","2041-12-08","","","Porto Alegre"
"LIC-LIC-01","TELEFONICA BRASIL S.A.","50409146366","010","105802021","1014770928","AVENIDA CRISTÓVAO COLOMBO","","RS","4314902","100MG7W","NR","SA-NSA","","3450","3450","110","FB","","","760","116652103257","25","25","105","0","X","30","116652103257","200","-30.017619","-51.198389","G","2023-08-07","2023-03-13","","0f1845f8196c7cda","2041-12-08","","","Porto Alegre"
"LIC-LIC-01","TELEFONICA BRASIL S.A.","50409146366","010","105802021","1014770928","AVENIDA CRISTÓVAO COLOMBO","","RS","4314902","100MG7W","NR","SA-NSA","","3450","3450","240","FB","","","760","116652103257","25","25","105","0","X","30","116652103257","200","-30.017619","-51.198389","G","2023-08-07","2023-03-13","","0f1845f8196c7cdb","2041-12-08","","","Porto Alegre"
"LIC-LIC-01","CLARO S.A.","50409889580","010","105752021","405605862","R PIRAJÚ","","RS","4314902","100MG7W","NR","SA-NSA","","3350","3350","40","FB","","","760","","23","25","13.5","-3","X","41","072212102519","200","-30.00372","-51.17374","G","2024-10-22","2019-07-01","","0f1845f819ad004a","2041-12-08","","","Porto Alegre"
"LIC-LIC-01","CLARO S.A.","50409889580","010","105752021","405605862","R PIRAJÚ","","RS","4314902","100MG7W","NR","SA-NSA","","3350","3350","130","FB","","","760","","23","25","13.5","-3","X","41","072212102519","200","-30.00372","-51.17374","G","2024-10-22","2019-07-01","","0f1845f819ad004b","2041-12-08","","","Porto Alegre"
"LIC-LIC-01","CLARO S.A.","50409889580","010","105752021","405605862","R PIRAJÚ","","RS","4314902","100MG7W","NR","SA-NSA","","3350","3350","220","FB","","","760","","23","25","13.5","-3","X","41","072212102519","200","-30.00372","-51.17374","G","2024-10-22","2019-07-01","","0f1845f819ad004c","2041-12-08","","","Porto Alegre"
"LIC-LIC-01","CLARO S.A.","50409889580","010","105752021","688184359","AV PROFESSOR OSCAR PEREIRA","","RS","4314902","100MG7W","NR","SA-NSA","","3350","3350","10","FB","","","760","","23","25","13.5","0","X","21","072212102519","200","-30.0629","-51.2058","G","2023-11-10","2005-03-04","","0f1845f819ad0077","2032-12-22","","","Porto Alegre"
"LIC-LIC-01","CLARO S.A.","50409889580","010","105752021","688184359","AV PROFESSOR OSCAR PEREIRA","","RS","4314902","100MG7W","NR","SA-NSA","","3350","3350","135","FB","","","760","","23","25","13.5","0","X","21","072212102519","200","-30.0629","-51.2058","G","2023-11-10","2005-03-04","","0f1845f819ad0078","2032-12-22","","","Porto Alegre"
"LIC-LIC-01","CLARO S.A.","50409889580","010","105752021","1005313161","R SÃO LUÍS","DE FRENTE 473","RS","4314902","100MG7W","NR","SA-NSA","","3350","3350","0","FB","","","760","","24.9","25","13.5","0","X","41","102792102519","204","-30.04713","-51.20441","G","2023-11-10","2017-10-09","","0f1845f819ad0080","2032-12-22","","","Porto Alegre"
"LIC-LIC-01","CLARO S.A.","50409889580","010","105752021","1005313161","R SÃO LUÍS","DE FRENTE 473","RS","4314902","100MG7W","NR","SA-NSA","","3350","3350","170","FB","","","760","","24.9","25","13.5","0","X","41","102792102519","204","-30.04713","-51.20441","G","2023-11-10","2017-10-09","","0f1845f819ad0081","2032-12-22","","","Porto Alegre"
"LIC-LIC-01","CLARO S.A.","50409889580","010","105752021","1005313161","R SÃO LUÍS","DE FRENTE 473","RS","4314902","100MG7W","NR","SA-NSA","","3350","3350","280","FB","","","760","","24.9","25","13.5","0","X","41","102792102519","204","-30.04713","-51.20441","G","2023-11-10","2017-10-09","","0f1845f819ad0082","2032-12-22","","","Porto Alegre"
"LIC-LIC-01","CLARO S.A.","50409889580","010","105752021","1008802490","AV VEIGA","","RS","4314902","100MG7W","NR","SA-NSA","","3350","3350","135","FB","","","760","","23","25","13.5","-4","X","41","072212102519","200","-30.06671","-51.18359","G","2023-11-10","2019-07-09","","0f1845f819ad00a9","2032-12-22","","","Porto Alegre"
"LIC-LIC-01","CLARO S.A.","50409889580","010","105752021","1008802490","AV VEIGA","","RS","4314902","100MG7W","NR","SA-NSA","","3350","3350","20","FB","","","760","","23","25","13.5","-4","X","41","072212102519","200","-30.06671","-51.18359","G","2023-11-10","2019-07-09","","0f1845f819ad00aa","2032-12-22","","","Porto Alegre"
"LIC-LIC-01","CLARO S.A.","50409889580","010","105752021","1011758331","R CIPÓ","","RS","4314902","100MG7W","NR","SA-NSA","","3350","3350","50","FB","","","760","","23","25","13.5","-2","X","37","072212102519","200","-30.0206","-51.15535","G","2024-04-01","2021-02-23","","0f1845f819ad00cf","2041-12-08","","","Porto Alegre"
"LIC-LIC-01","CLARO S.A.","50409889580","010","105752021","1011758331","R CIPÓ","","RS","4314902","100MG7W","NR","SA-NSA","","3350","3350","220","FB","","","760","","23","25","13.5","-2","X","37","072212102519","200","-30.0206","-51.15535","G","2024-04-01","2021-02-23","","0f1845f819ad00d0","2041-12-08","","","Porto Alegre"
"LIC-LIC-01","CLARO S.A.","50409889580","010","105752021","1011758331","R CIPÓ","","RS","4314902","100MG7W","NR","SA-NSA","","3350","3350","340","FB","","","760","","23","25","13.5","-1","X","37","072212102519","200","-30.0206","-51.15535","G","2024-04-01","2021-02-23","","0f1845f819ad00d1","2041-12-08","","","Porto Alegre"
"LIC-LIC-01","CLARO S.A.","50409889580","010","105752021","506241378","AVENIDA EDU LAS-CASAS","","RS","4314902","100MG7W","NR","SA-NSA","","3350","3350","20","FB","","","760","","23","25","13.5","-5","X","27","072212102519","200","-30.00831","-51.10921","G","2023-11-10","2000-03-10","","0f1845f819ad00e4","2032-12-22","","","Porto Alegre"
"LIC-LIC-01","CLARO S.A.","50409889580","010","105752021","506241378","AVENIDA EDU LAS-CASAS","","RS","4314902","100MG7W","NR","SA-NSA","","3350","3350","140","FB","","","760","","23","25","13.5","-5","X","27","072212102519","200","-30.00831","-51.10921","G","2023-11-10","2000-03-10","","0f1845f819ad00e5","2032-12-22","","","Porto Alegre"
"LIC-LIC-01","CLARO S.A.","50409889580","010","105752021","506241378","AVENIDA EDU LAS-CASAS","","RS","4314902","100MG7W","NR","SA-NSA","","3350","3350","250","FB","","","760","","23","25","13.5","-3","X","35","072212102519","200","-30.00831","-51.10921","G","2023-11-10","2000-03-10","","0f1845f819ad00e6","2032-12-22","","","Porto Alegre"
"LIC-LIC-01","CLARO S.A.","50409889580","010","105752021","683917552","AVENIDA MÃE APOLINÁRIA MATIAS BATISTA","","RS","4314902","100MG7W","NR","SA-NSA","","3350","3350","10","FB","","","760","","23","25","13.5","-2","X","48","072212102519","200","-30.0447","-51.1356","G","2023-11-17","2004-01-06","","0f1845f819ad00ff","2041-12-08","","","Porto Alegre"
"LIC-LIC-01","CLARO S.A.","50409889580","010","105752021","683917552","AVENIDA MÃE APOLINÁRIA MATIAS BATISTA","","RS","4314902","100MG7W","NR","SA-NSA","","3350","3350","130","FB","","","760","","23","25","13.5","-1","X","48","072212102519","200","-30.0447","-51.1356","G","2023-11-17","2004-01-06","","0f1845f819ad0100","2041-12-08","","","Porto Alegre"
"LIC-LIC-01","CLARO S.A.","50409889580","010","105752021","683917552","AVENIDA MÃE APOLINÁRIA MATIAS BATISTA","","RS","4314902","100MG7W","NR","SA-NSA","","3350","3350","230","FB","","","760","","23","25","13.5","-8","X","48","072212102519","200","-30.0447","-51.1356","G","2023-11-17","2004-01-06","","0f1845f819ad0101","2041-12-08","","","Porto Alegre"
"LIC-LIC-01","CLARO S.A.","50409889580","010","105752021","1008690551","AV ASSIS BRASIL","","RS","4314902","100MG7W","NR","SA-NSA","","3350","3350","340","FB","","","760","212712202519","24.4","25","65","-3","X","34","212712202519","229","-30.01139","-51.1694","G","2023-11-10","2019-07-01","","0f1845f819ad0126","2032-12-22","","","Porto Alegre"
"LIC-LIC-01","CLARO S.A.","50409889580","010","105752021","1008690551","AV ASSIS BRASIL","","RS","4314902","100MG7W","NR","SA-NSA","","3350","3350","160","FB","","","760","212712202519","24.4","25","65","-5","X","34","212712202519","229","-30.01139","-51.1694","G","2023-11-10","2019-07-01","","0f1845f819ad0127","2032-12-22","","","Porto Alegre"
"LIC-LIC-01","CLARO S.A.","50409889580","010","105752021","1008690551","AV ASSIS BRASIL","","RS","4314902","100MG7W","NR","SA-NSA","","3350","3350","270","FB","","","760","212712202519","24.4","25","65","-6","X","34","212712202519","229","-30.01139","-51.1694","G","2023-11-10","2019-07-01","","0f1845f819ad0128","2032-12-22","","","Porto Alegre"
"LIC-LIC-01","CLARO S.A.","50409889580","010","105752021","405605935","AV PASTOR ERNESTO SCHLIEPER","","RS","4314902","100MG7W","NR","SA-NSA","","3350","3350","30","FB","","","760","","23","25","13.5","-4","X","30","072212102519","200","-29.9993","-51.1467","G","2024-10-22","2004-01-06","","a6ad45f83370609d","2041-12-08","","","Porto Alegre"
"LIC-LIC-01","CLARO S.A.","50409889580","010","105752021","405605935","AV PASTOR ERNESTO SCHLIEPER","","RS","4314902","100MG7W","NR","SA-NSA","","3350","3350","260","FB","","","760","","23","25","13.5","-4","X","30","072212102519","200","-29.9993","-51.1467","G","2024-10-22","2004-01-06","","a6ad45f83370609f","2041-12-08","","","Porto Alegre"
"LIC-LIC-01","CLARO S.A.","50409889580","010","105752021","405606028","R PADRE ANTÔNIO VIEIRA","","RS","4314902","100MG7W","NR","SA-NSA","","3350","3350","20","FB","","","760","","23","25","13.5","0","X","30","072212102519","200","-30.0598","-51.2021","G","2023-11-10","1999-04-01","","52c445f8c30bacc0","2032-12-22","","","Porto Alegre"
"LIC-LIC-01","CLARO S.A.","50409889580","010","105752021","405606028","R PADRE ANTÔNIO VIEIRA","","RS","4314902","100MG7W","NR","SA-NSA","","3350","3350","140","FB","","","760","","23","25","13.5","0","X","30","072212102519","200","-30.0598","-51.2021","G","2023-11-10","1999-04-01","","52c445f8c30bacc1","2032-12-22","","","Porto Alegre"
"LIC-LIC-01","CLARO S.A.","50409889580","010","105752021","405606028","R PADRE ANTÔNIO VIEIRA","","RS","4314902","100MG7W","NR","SA-NSA","","3350","3350","280","FB","","","760","","23","25","13.5","0","X","30","072212102519","200","-30.0598","-51.2021","G","2023-11-10","1999-04-01","","52c445f8c30bacc2","2032-12-22","","","Porto Alegre"
"LIC-LIC-01","CLARO S.A.","50409889580","010","105752021","1006822400","RUA LUIZ CAETANO ANTINOLFI","","RS","4314902","100MG7W","NR","SA-NSA","","3350","3350","40","FB","","","760","","23","25","13.5","-2","X","51","072212102519","200","-30.01985","-51.12427","G","2023-11-10","2018-06-07","","a6ad45f83884ef72","2032-12-22","","","Porto Alegre"
"LIC-LIC-01","CLARO S.A.","50409889580","010","105752021","1006822400","RUA LUIZ CAETANO ANTINOLFI","","RS","4314902","100MG7W","NR","SA-NSA","","3350","3350","180","FB","","","760","","23","25","13.5","-2","X","51","072212102519","200","-30.01985","-51.12427","G","2023-11-10","2018-06-07","","a6ad45f83884ef73","2032-12-22","","","Porto Alegre"
"LIC-LIC-01","CLARO S.A.","50409889580","010","105752021","1006822400","RUA LUIZ CAETANO ANTINOLFI","","RS","4314902","100MG7W","NR","SA-NSA","","3350","3350","310","FB","","","760","","23","25","13.5","0","X","51","072212102519","200","-30.01985","-51.12427","G","2023-11-10","2018-06-07","","a6ad45f83884ef74","2032-12-22","","","Porto Alegre"
"LIC-LIC-01","CLARO S.A.","50409889580","010","105752021","1001063942","R SIMÃO KAPPEL","ROOS COMÉRCIO E EXPORTAÇÃO LTDA","RS","4314902","100MG7W","NR","SA-NSA","","3350","3350","250","FB","","","760","","23","25","13.5","-1","X","19","072212102519","200","-29.99606","-51.19939","G","2024-10-22","2015-02-26","","a6ad45f83884ef99","2041-12-08","","","Porto Alegre"
"LIC-LIC-01","CLARO S.A.","50409889580","010","105752021","1001063942","R SIMÃO KAPPEL","ROOS COMÉRCIO E EXPORTAÇÃO LTDA","RS","4314902","100MG7W","NR","SA-NSA","","3350","3350","130","FB","","","760","","23","25","13.5","-2","X","19","072212102519","200","-29.99606","-51.19939","G","2024-10-22","2015-02-26","","a6ad45f83884ef9a","2041-12-08","","","Porto Alegre"
"LIC-LIC-01","CLARO S.A.","50409889580","010","105752021","1001063942","R SIMÃO KAPPEL","ROOS COMÉRCIO E EXPORTAÇÃO LTDA","RS","4314902","100MG7W","NR","SA-NSA","","3350","3350","30","FB","","","760","","23","25","13.5","-2","X","19","072212102519","200","-29.99606","-51.19939","G","2024-10-22","2015-02-26","","a6ad45f83884ef9b","2041-12-08","","","Porto Alegre"
"LIC-LIC-01","CLARO S.A.","50409889580","010","105752021","692860223","AVENIDA BALTAZAR DE OLIVEIRA GARCIA","","RS","4314902","100MG7W","NR","SA-NSA","","3350","3350","60","FB","","","760","","23","25","13.5","-5","X","28","072212102519","200","-30.01679","-51.10532","G","2023-11-10","2010-10-19","","805e45f85b8798b5","2032-12-22","","","Porto Alegre"
"LIC-LIC-01","CLARO S.A.","50409889580","010","105752021","692860223","AVENIDA BALTAZAR DE OLIVEIRA GARCIA","","RS","4314902","100MG7W","NR","SA-NSA","","3350","3350","180","FB","","","760","","23","25","13.5","-5","X","28","072212102519","200","-30.01679","-51.10532","G","2023-11-10","2010-10-19","","805e45f85b8798b6","2032-12-22","","","Porto Alegre"
"LIC-LIC-01","CLARO S.A.","50409889580","010","105752021","692860223","AVENIDA BALTAZAR DE OLIVEIRA GARCIA","","RS","4314902","100MG7W","NR","SA-NSA","","3350","3350","315","FB","","","760","","23","25","13.5","-4","X","28","072212102519","200","-30.01679","-51.10532","G","2023-11-10","2010-10-19","","805e45f85b8798b7","2032-12-22","","","Porto Alegre"
"LIC-LIC-01","CLARO S.A.","50409889580","010","105752021","405605587","R PROFESSOR MANOEL LOBATO","AO LADO DA IGREJA DE JESUS CRISTO DOS SANTOS DOS ÚLTIMOS DIAS","RS","4314902","100MG7W","NR","SA-NSA","","3350","3350","20","FB","","","760","","23","25","13.5","-2","X","40","072212102519","200","-30.0721","-51.2184","G","2023-11-17","2009-02-26","","805e45f85b8798e8","2032-12-22","","","Porto Alegre"
"LIC-LIC-01","CLARO S.A.","50409889580","010","105752021","405605587","R PROFESSOR MANOEL LOBATO","AO LADO DA IGREJA DE JESUS CRISTO DOS SANTOS DOS ÚLTIMOS DIAS","RS","4314902","100MG7W","NR","SA-NSA","","3350","3350","140","FB","","","760","","23","25","13.5","-2","X","40","072212102519","200","-30.0721","-51.2184","G","2023-11-17","2009-02-26","","805e45f85b8798e9","2032-12-22","","","Porto Alegre"
"LIC-LIC-01","CLARO S.A.","50409889580","010","105752021","405605587","R PROFESSOR MANOEL LOBATO","AO LADO DA IGREJA DE JESUS CRISTO DOS SANTOS DOS ÚLTIMOS DIAS","RS","4314902","100MG7W","NR","SA-NSA","","3350","3350","260","FB","","","760","","23","25","13.5","-2","X","40","072212102519","200","-30.0721","-51.2184","G","2023-11-17","2009-02-26","","805e45f85b8798ea","2032-12-22","","","Porto Alegre"
"LIC-LIC-01","CLARO S.A.","50409889580","010","105752021","1004738380","R COMANDAÍ","LOTES 1 E 2 - QUADRA 32","RS","4314902","100MG7W","NR","SA-NSA","","3350","3350","50","FB","","","760","","23","25","13.5","-3","X","26","072212102519","200","-30.08989","-51.23466","G","2023-11-17","2017-07-31","","805e45f85b87990c","2032-12-22","","","Porto Alegre"
"LIC-LIC-01","CLARO S.A.","50409889580","010","105752021","1004738380","R COMANDAÍ","LOTES 1 E 2 - QUADRA 32","RS","4314902","100MG7W","NR","SA-NSA","","3350","3350","150","FB","","","760","","23","25","13.5","-3","X","26","072212102519","200","-30.08989","-51.23466","G","2023-11-17","2017-07-31","","805e45f85b87990d","2032-12-22","","","Porto Alegre"
"LIC-LIC-01","CLARO S.A.","50409889580","010","105752021","1004738380","R COMANDAÍ","LOTES 1 E 2 - QUADRA 32","RS","4314902","100MG7W","NR","SA-NSA","","3350","3350","250","FB","","","760","","23","25","13.5","-4","X","26","072212102519","200","-30.08989","-51.23466","G","2023-11-17","2017-07-31","","805e45f85b87990e","2032-12-22","","","Porto Alegre"
"LIC-LIC-01","CLARO S.A.","50409889580","010","105752021","686879953","R DONA INOCÊNCIA","","RS","4314902","100MG7W","NR","SA-NSA","","3350","3350","70","FB","","","760","","23","25","13.5","-3","X","20","072212102519","200","-30.0563","-51.1788","G","2024-04-17","2005-07-21","","805e45f85b879921","2041-12-08","","","Porto Alegre"
"LIC-LIC-01","CLARO S.A.","50409889580","010","105752021","686879953","R DONA INOCÊNCIA","","RS","4314902","100MG7W","NR","SA-NSA","","3350","3350","220","FB","","","760","","23","25","13.5","-5","X","20","072212102519","200","-30.0563","-51.1788","G","2024-04-17","2005-07-21","","805e45f85b879922","2041-12-08","","","Porto Alegre"
"LIC-LIC-01","CLARO S.A.","50409889580","010","105752021","686879953","R DONA INOCÊNCIA","","RS","4314902","100MG7W","NR","SA-NSA","","3350","3350","320","FB","","","760","","23","25","13.5","-5","X","20","072212102519","200","-30.0563","-51.1788","G","2024-04-17","2005-07-21","","805e45f85b879923","2041-12-08","","","Porto Alegre"
"LIC-LIC-01","CLARO S.A.","50409889580","010","105752021","692414843","AV LUIZ MOSCHETTI","","RS","4314902","100MG7W","NR","SA-NSA","","3350","3350","0","FB","","","760","","23","25","13.5","0","X","21","072212102519","200","-30.07244","-51.17594","G","2023-11-10","2010-06-24","","805e45f85b879957","2032-12-22","","","Porto Alegre"
"LIC-LIC-01","CLARO S.A.","50409889580","010","105752021","692414843","AV LUIZ MOSCHETTI","","RS","4314902","100MG7W","NR","SA-NSA","","3350","3350","120","FB","","","760","","23","25","13.5","0","X","21","072212102519","200","-30.07244","-51.17594","G","2023-11-10","2010-06-24","","805e45f85b879958","2032-12-22","","","Porto Alegre"
"LIC-LIC-01","CLARO S.A.","50409889580","010","105752021","692414843","AV LUIZ MOSCHETTI","","RS","4314902","100MG7W","NR","SA-NSA","","3350","3350","250","FB","","","760","","23","25","13.5","0","X","21","072212102519","200","-30.07244","-51.17594","G","2023-11-10","2010-06-24","","805e45f85b879959","2032-12-22","","","Porto Alegre"
"LIC-LIC-01","CLARO S.A.","50409889580","010","105752021","1005160225","AV PLÍNIO KROEFF","","RS","4314902","100MG7W","NR","SA-NSA","","3350","3350","350","FB","","","760","","23","25","13.5","0","X","16.5","072212102519","200","-29.99824","-51.11492","G","2023-06-27","2017-09-15","","805e45f85b87996f","2032-12-22","","","Porto Alegre"
"LIC-LIC-01","CLARO S.A.","50409889580","010","105752021","1005160225","AV PLÍNIO KROEFF","","RS","4314902","100MG7W","NR","SA-NSA","","3350","3350","60","FB","","","760","","23","25","13.5","0","X","16.5","072212102519","200","-29.99824","-51.11492","G","2023-06-27","2017-09-15","","805e45f85b879970","2032-12-22","","","Porto Alegre"
"LIC-LIC-01","CLARO S.A.","50409889580","010","105752021","1005160225","AV PLÍNIO KROEFF","","RS","4314902","100MG7W","NR","SA-NSA","","3350","3350","235","FB","","","760","","23","25","13.5","0","X","16.5","072212102519","200","-29.99824","-51.11492","G","2023-06-27","2017-09-15","","805e45f85b879971","2032-12-22","","","Porto Alegre"
"LIC-LIC-01","CLARO S.A.","50409889580","010","105752021","1005528699","R FERNANDO ABOTT","","RS","4314902","100MG7W","NR","SA-NSA","","3350","3350","10","FB","","","760","","23","25","13.5","-4","X","33","072212102519","200","-30.00612","-51.16378","G","2023-11-10","2017-12-29","","805e45f85b879994","2032-12-22","","","Porto Alegre"
"LIC-LIC-01","CLARO S.A.","50409889580","010","105752021","1005528699","R FERNANDO ABOTT","","RS","4314902","100MG7W","NR","SA-NSA","","3350","3350","125","FB","","","760","","23","25","13.5","-5","X","33","072212102519","200","-30.00612","-51.16378","G","2023-11-10","2017-12-29","","805e45f85b879995","2032-12-22","","","Porto Alegre"
"LIC-LIC-01","CLARO S.A.","50409889580","010","105752021","1005528699","R FERNANDO ABOTT","","RS","4314902","100MG7W","NR","SA-NSA","","3350","3350","280","FB","","","760","","23","25","13.5","-4","X","33","072212102519","200","-30.00612","-51.16378","G","2023-11-10","2017-12-29","","805e45f85b879996","2032-12-22","","","Porto Alegre"
"LIC-LIC-01","CLARO S.A.","50409889580","010","105752021","617715599","AVENIDA JOÃO WALLIG","SHOPPING IGUATEMI","RS","4314902","100MG7W","NR","SA-NSA","","3350","3350","0","FB","","","168","","1","20","1","0","V","5","127432102519","0.25","-30.0254","-51.1624","E","2023-11-17","2001-07-27","","805e45f85b8799b8","2041-12-08","","","Porto Alegre"
"LIC-LIC-01","CLARO S.A.","50409889580","010","105752021","405606010","R CORONEL JOÃO PACHECO DE FREITAS","","RS","4314902","100MG7W","NR","SA-NSA","","3350","3350","340","FB","","","760","","23","25","13.5","-2","X","41","072212102519","200","-30.03077","-51.13586","G","2023-11-17","1999-10-06","","805e45f85b8799da","2032-12-22","","","Porto Alegre"
"LIC-LIC-01","CLARO S.A.","50409889580","010","105752021","405606010","R CORONEL JOÃO PACHECO DE FREITAS","","RS","4314902","100MG7W","NR","SA-NSA","","3350","3350","120","FB","","","760","","23","25","13.5","-5","X","41","072212102519","200","-30.03077","-51.13586","G","2023-11-17","1999-10-06","","805e45f85b8799db","2032-12-22","","","Porto Alegre"
"LIC-LIC-01","CLARO S.A.","50409889580","010","105752021","405606010","R CORONEL JOÃO PACHECO DE FREITAS","","RS","4314902","100MG7W","NR","SA-NSA","","3350","3350","240","FB","","","760","","23","25","13.5","-2","X","41","072212102519","200","-30.03077","-51.13586","G","2023-11-17","1999-10-06","","805e45f85b8799dc","2032-12-22","","","Porto Alegre"
"LIC-LIC-01","CLARO S.A.","50409889580","010","105752021","405605889","R ITARARÉ","","RS","4314902","100MG7W","NR","SA-NSA","","3350","3350","30","FB","","","760","","23","25","13.5","-5","X","37","072212102519","200","-30.00964","-51.16502","G","2023-11-17","1999-10-06","","99a745f87af40b23","2032-12-22","","","Porto Alegre"
"LIC-LIC-01","CLARO S.A.","50409889580","010","105752021","405605889","R ITARARÉ","","RS","4314902","100MG7W","NR","SA-NSA","","3350","3350","140","FB","","","760","","23","25","13.5","-3","X","37","072212102519","200","-30.00964","-51.16502","G","2023-11-17","1999-10-06","","99a745f87af40b24","2032-12-22","","","Porto Alegre"
"LIC-LIC-01","CLARO S.A.","50409889580","010","105752021","405606060","AV ENGENHEIRO LUDOLFO BOHEL","","RS","4314902","100MG7W","NR","SA-NSA","","3350","3350","0","FB","","","760","","23","25","13.5","-1","X","31","072212102519","200","-30.08428","-51.19805","G","2023-11-10","2004-01-06","","99a745f87af40b2c","2032-12-22","","","Porto Alegre"
"LIC-LIC-01","CLARO S.A.","50409889580","010","105752021","405606060","AV ENGENHEIRO LUDOLFO BOHEL","","RS","4314902","100MG7W","NR","SA-NSA","","3350","3350","110","FB","","","760","","23","25","13.5","-2","X","31","072212102519","200","-30.08428","-51.19805","G","2023-11-10","2004-01-06","","99a745f87af40b2d","2032-12-22","","","Porto Alegre"
"LIC-LIC-01","CLARO S.A.","50409889580","010","105752021","405606060","AV ENGENHEIRO LUDOLFO BOHEL","","RS","4314902","100MG7W","NR","SA-NSA","","3350","3350","290","FB","","","760","","23","25","13.5","-1","X","31","072212102519","200","-30.08428","-51.19805","G","2023-11-10","2004-01-06","","99a745f87af40b2e","2032-12-22","","","Porto Alegre"
"LIC-LIC-01","CLARO S.A.","50409889580","010","105752021","696500841","AV RICARDO LEONIDAS RIBAS","","RS","4314902","100MG7W","NR","SA-NSA","","3350","3350","80","FB","","","760","","23","25","13.5","-2","X","19.5","072212102519","200","-30.14732","-51.13405","G","2023-11-17","2012-01-27","","99a745f87af40b73","2032-12-22","","","Porto Alegre"
"LIC-LIC-01","CLARO S.A.","50409889580","010","105752021","696500841","AV RICARDO LEONIDAS RIBAS","","RS","4314902","100MG7W","NR","SA-NSA","","3350","3350","200","FB","","","760","","23","25","13.5","-2","X","19.5","072212102519","200","-30.14732","-51.13405","G","2023-11-17","2012-01-27","","99a745f87af40b74","2032-12-22","","","Porto Alegre"
"LIC-LIC-01","CLARO S.A.","50409889580","010","105752021","696500841","AV RICARDO LEONIDAS RIBAS","","RS","4314902","100MG7W","NR","SA-NSA","","3350","3350","270","FB","","","760","","23","25","13.5","-2","X","19.5","072212102519","200","-30.14732","-51.13405","G","2023-11-17","2012-01-27","","99a745f87af40b75","2032-12-22","","","Porto Alegre"
"LIC-LIC-01","CLARO S.A.","50409889580","010","105752021","1005313218","R CALDRE E FIÃO","","RS","4314902","100MG7W","NR","SA-NSA","","3350","3350","60","FB","","","760","","23","25","13.5","-1","X","15","072212102519","200","-30.06526","-51.19875","G","2023-11-10","2017-10-09","","99a745f87af40bac","2032-12-22","","","Porto Alegre"
"LIC-LIC-01","CLARO S.A.","50409889580","010","105752021","1005313218","R CALDRE E FIÃO","","RS","4314902","100MG7W","NR","SA-NSA","","3350","3350","180","FB","","","760","","23","25","13.5","-2","X","15","072212102519","200","-30.06526","-51.19875","G","2023-11-10","2017-10-09","","99a745f87af40bad","2032-12-22","","","Porto Alegre"
"LIC-LIC-01","CLARO S.A.","50409889580","010","105752021","1005313218","R CALDRE E FIÃO","","RS","4314902","100MG7W","NR","SA-NSA","","3350","3350","280","FB","","","760","","23","25","13.5","-1","X","15","072212102519","200","-30.06526","-51.19875","G","2023-11-10","2017-10-09","","99a745f87af40bae","2032-12-22","","","Porto Alegre"
"LIC-LIC-01","CLARO S.A.","50409889580","010","105752021","683705261","R PROFESSOR JOÃO SOUZA RIBEIRO","ESQUINA RUA PAULO HECKER-PRÓXIMO AO MAXXI ATACADO-PARALELA AV. A.J.RENNER","RS","4314902","100MG7W","NR","SA-NSA","","3350","3350","330","FB","","","760","","23","25","13.5","0","X","28","072212102519","200","-29.98364","-51.1916","G","2023-11-17","2004-02-13","","5ae855f89a5a5723","2032-12-22","","","Porto Alegre"
"LIC-LIC-01","CLARO S.A.","50409889580","010","105752021","683705261","R PROFESSOR JOÃO SOUZA RIBEIRO","ESQUINA RUA PAULO HECKER-PRÓXIMO AO MAXXI ATACADO-PARALELA AV. A.J.RENNER","RS","4314902","100MG7W","NR","SA-NSA","","3350","3350","130","FB","","","760","","23","25","13.5","-7","X","28","072212102519","200","-29.98364","-51.1916","G","2023-11-17","2004-02-13","","5ae855f89a5a5724","2032-12-22","","","Porto Alegre"
"LIC-LIC-01","CLARO S.A.","50409889580","010","105752021","683705261","R PROFESSOR JOÃO SOUZA RIBEIRO","ESQUINA RUA PAULO HECKER-PRÓXIMO AO MAXXI ATACADO-PARALELA AV. A.J.RENNER","RS","4314902","100MG7W","NR","SA-NSA","","3350","3350","220","FB","","","760","","23","25","13.5","-6","X","28","072212102519","200","-29.98364","-51.1916","G","2023-11-17","2004-02-13","","5ae855f89a5a5725","2032-12-22","","","Porto Alegre"
"LIC-LIC-01","CLARO S.A.","50409889580","010","105752021","535725086","RUA JOÃO SILVEIRA DIAS","","RS","4314902","100MG7W","NR","SA-NSA","","3350","3350","70","FB","","","760","","23","25","13.5","-3","X","21","072212102519","200","-30.02136","-51.11696","G","2023-11-10","2000-10-02","","5ae855f89a5a5750","2032-12-22","","","Porto Alegre"
"LIC-LIC-01","CLARO S.A.","50409889580","010","105752021","535725086","RUA JOÃO SILVEIRA DIAS","","RS","4314902","100MG7W","NR","SA-NSA","","3350","3350","180","FB","","","760","","23","25","13.5","-3","X","21","072212102519","200","-30.02136","-51.11696","G","2023-11-10","2000-10-02","","5ae855f89a5a5751","2032-12-22","","","Porto Alegre"
"LIC-LIC-01","CLARO S.A.","50409889580","010","105752021","535725086","RUA JOÃO SILVEIRA DIAS","","RS","4314902","100MG7W","NR","SA-NSA","","3350","3350","290","FB","","","760","","23","25","13.5","-3","X","21","072212102519","200","-30.02136","-51.11696","G","2023-11-10","2000-10-02","","5ae855f89a5a5752","2032-12-22","","","Porto Alegre"
"LIC-LIC-01","CLARO S.A.","50409889580","010","105752021","1011745418","AV CRUZEIRO DO SUL","","RS","4314902","100MG7W","NR","SA-NSA","","3350","3350","30","FB","","","760","","23","25","13.5","-2","X","49","072212102519","200","-30.08192","-51.22941","G","2023-11-10","2021-02-19","","5ae855f89a5a5765","2032-12-22","","","Porto Alegre"
"LIC-LIC-01","CLARO S.A.","50409889580","010","105752021","1011745418","AV CRUZEIRO DO SUL","","RS","4314902","100MG7W","NR","SA-NSA","","3350","3350","120","FB","","","760","","23","25","13.5","-4","X","49","072212102519","200","-30.08192","-51.22941","G","2023-11-10","2021-02-19","","5ae855f89a5a5766","2032-12-22","","","Porto Alegre"
"LIC-LIC-01","CLARO S.A.","50409889580","010","105752021","1011745418","AV CRUZEIRO DO SUL","","RS","4314902","100MG7W","NR","SA-NSA","","3350","3350","250","FB","","","760","","23","25","13.5","-1","X","49","072212102519","200","-30.08192","-51.22941","G","2023-11-10","2021-02-19","","5ae855f89a5a5767","2032-12-22","","","Porto Alegre"
"LIC-LIC-01","CLARO S.A.","50409889580","010","105752021","695765558","R JERÔNIMO COELHO","","RS","4314902","100MG7W","NR","SA-NSA","","3350","3350","40","FB","","","760","","24.9","25","13.5","-1","X","24","102792102519","204","-30.03247","-51.22588","G","2023-11-16","2011-08-11","","5ae855f89a5a578e","2032-12-22","","","Porto Alegre"
"LIC-LIC-01","CLARO S.A.","50409889580","010","105752021","695765558","R JERÔNIMO COELHO","","RS","4314902","100MG7W","NR","SA-NSA","","3350","3350","130","FB","","","760","","24.9","25","13.5","-3","X","31","102792102519","204","-30.03247","-51.22588","G","2023-11-16","2011-08-11","","5ae855f89a5a578f","2032-12-22","","","Porto Alegre"
"LIC-LIC-01","CLARO S.A.","50409889580","010","105752021","695765558","R JERÔNIMO COELHO","","RS","4314902","100MG7W","NR","SA-NSA","","3350","3350","280","FB","","","760","","24.9","25","13.5","-1","X","24","102792102519","204","-30.03247","-51.22588","G","2023-11-16","2011-08-11","","5ae855f89a5a5790","2032-12-22","","","Porto Alegre"
"LIC-LIC-01","CLARO S.A.","50409889580","010","105752021","695765558","R JERÔNIMO COELHO","","RS","4314902","50M0G7W","NR","SA-NSA","","2325","2325","40","FB","","","760","003692202519","24","25","70","-1","X","23","003692202519","50","-30.03247","-51.22588","G","2023-11-16","2011-08-11","","5ae855f89a5a5791","2032-12-22","","","Porto Alegre"
"LIC-LIC-01","CLARO S.A.","50409889580","010","105752021","695765558","R JERÔNIMO COELHO","","RS","4314902","50M0G7W","NR","SA-NSA","","2325","2325","130","FB","","","760","003692202519","24","25","70","-3","X","30","003692202519","50","-30.03247","-51.22588","G","2023-11-16","2011-08-11","","5ae855f89a5a5792","2032-12-22","","","Porto Alegre"
"LIC-LIC-01","CLARO S.A.","50409889580","010","105752021","695765558","R JERÔNIMO COELHO","","RS","4314902","50M0G7W","NR","SA-NSA","","2325","2325","280","FB","","","760","003692202519","24","25","70","-1","X","23","003692202519","50","-30.03247","-51.22588","G","2023-11-16","2011-08-11","","5ae855f89a5a5793","2032-12-22","","","Porto Alegre"
"LIC-LIC-01","CLARO S.A.","50409889580","010","105752021","1007224344","AV IPIRANGA","","RS","4314902","100MG7W","NR","SA-NSA","","3350","3350","340","FB","","","760","","23","25","13.5","-1","X","27","072212102519","200","-30.05661","-51.15822","G","2023-11-10","2005-03-29","","5ae855f89a5a57c1","2032-12-22","","","Porto Alegre"
"LIC-LIC-01","CLARO S.A.","50409889580","010","105752021","1007224344","AV IPIRANGA","","RS","4314902","100MG7W","NR","SA-NSA","","3350","3350","90","FB","","","760","","23","25","13.5","-1","X","27","072212102519","200","-30.05661","-51.15822","G","2023-11-10","2005-03-29","","5ae855f89a5a57c2","2032-12-22","","","Porto Alegre"
"LIC-LIC-01","CLARO S.A.","50409889580","010","105752021","1007224344","AV IPIRANGA","","RS","4314902","100MG7W","NR","SA-NSA","","3350","3350","0","FB","","","760","","23","25","13.5","0","X","26","072212102519","200","-30.05661","-51.15822","G","2023-11-10","2005-03-29","","5ae855f89a5a57c3","2032-12-22","","","Porto Alegre"
"LIC-LIC-01","CLARO S.A.","50409889580","010","105752021","679413383","RUA JARBAS SIQUEIRA PEREIRA","","RS","4314902","100MG7W","NR","SA-NSA","","3350","3350","30","FB","","","760","","23","25","13.5","-2","X","33","072212102519","200","-30.0427","-51.1465","G","2023-11-17","2002-08-13","","5ae855f89a5a57ca","2041-12-08","","","Porto Alegre"
"LIC-LIC-01","CLARO S.A.","50409889580","010","105752021","679413383","RUA JARBAS SIQUEIRA PEREIRA","","RS","4314902","100MG7W","NR","SA-NSA","","3350","3350","120","FB","","","760","","23","25","13.5","-1","X","33","072212102519","200","-30.0427","-51.1465","G","2023-11-17","2002-08-13","","5ae855f89a5a57cb","2041-12-08","","","Porto Alegre"
"LIC-LIC-01","CLARO S.A.","50409889580","010","105752021","679413383","RUA JARBAS SIQUEIRA PEREIRA","","RS","4314902","100MG7W","NR","SA-NSA","","3350","3350","210","FB","","","760","","23","25","13.5","-2","X","33","072212102519","200","-30.0427","-51.1465","G","2023-11-17","2002-08-13","","5ae855f89a5a57cc","2041-12-08","","","Porto Alegre"
"LIC-LIC-01","CLARO S.A.","50409889580","010","105752021","686215117","RUA NICOLAU FAILLACE","","RS","4314902","100MG7W","NR","SA-NSA","","3350","3350","340","FB","","","760","","23","25","13.5","0","X","20","072212102519","200","-30.01678","-51.14258","G","2023-11-17","2005-03-29","","5ae855f89a5a57f1","2041-12-08","","","Porto Alegre"
"LIC-LIC-01","CLARO S.A.","50409889580","010","105752021","686215117","RUA NICOLAU FAILLACE","","RS","4314902","100MG7W","NR","SA-NSA","","3350","3350","100","FB","","","760","","23","25","13.5","-1","X","20","072212102519","200","-30.01678","-51.14258","G","2023-11-17","2005-03-29","","5ae855f89a5a57f2","2041-12-08","","","Porto Alegre"
"LIC-LIC-01","CLARO S.A.","50409889580","010","105752021","686215117","RUA NICOLAU FAILLACE","","RS","4314902","100MG7W","NR","SA-NSA","","3350","3350","270","FB","","","760","","23","25","13.5","0","X","20","072212102519","200","-30.01678","-51.14258","G","2023-11-17","2005-03-29","","5ae855f89a5a57f3","2041-12-08","","","Porto Alegre"
"LIC-LIC-01","CLARO S.A.","50409889580","010","105752021","1004738398","RUA ADAIL LOPES DA CUNHA","LOTE 12, AO LADO DO Nº 74","RS","4314902","100MG7W","NR","SA-NSA","","3350","3350","20","FB","","","760","","23","25","13.5","-1","X","21","072212102519","200","-30.0023","-51.10041","G","2023-11-10","2017-07-31","","346655f8add3ae46","2032-12-22","","","Porto Alegre"
"LIC-LIC-01","CLARO S.A.","50409889580","010","105752021","1004738398","RUA ADAIL LOPES DA CUNHA","LOTE 12, AO LADO DO Nº 74","RS","4314902","100MG7W","NR","SA-NSA","","3350","3350","150","FB","","","760","","23","25","13.5","-1","X","21","072212102519","200","-30.0023","-51.10041","G","2023-11-10","2017-07-31","","346655f8add3ae47","2032-12-22","","","Porto Alegre"
"LIC-LIC-01","CLARO S.A.","50409889580","010","105752021","1004738398","RUA ADAIL LOPES DA CUNHA","LOTE 12, AO LADO DO Nº 74","RS","4314902","100MG7W","NR","SA-NSA","","3350","3350","300","FB","","","760","","23","25","13.5","-1","X","21","072212102519","200","-30.0023","-51.10041","G","2023-11-10","2017-07-31","","346655f8add3ae48","2032-12-22","","","Porto Alegre"
"LIC-LIC-01","CLARO S.A.","50409889580","010","105752021","1006710660","EST DOS BARCELOS","","RS","4314902","100MG7W","NR","SA-NSA","","3350","3350","130","FB","","","760","","23","25","13.5","-4","X","26","072212102519","200","-30.08602","-51.18483","G","2023-11-10","2018-05-28","","346655f8add3ae6d","2032-12-22","","","Porto Alegre"
"LIC-LIC-01","CLARO S.A.","50409889580","010","105752021","1006710660","EST DOS BARCELOS","","RS","4314902","100MG7W","NR","SA-NSA","","3350","3350","230","FB","","","760","","23","25","13.5","-3","X","26","072212102519","200","-30.08602","-51.18483","G","2023-11-10","2018-05-28","","346655f8add3ae6e","2032-12-22","","","Porto Alegre"
"LIC-LIC-01","CLARO S.A.","50409889580","010","105752021","1006710660","EST DOS BARCELOS","","RS","4314902","100MG7W","NR","SA-NSA","","3350","3350","300","FB","","","760","","23","25","13.5","-7","X","26","072212102519","200","-30.08602","-51.18483","G","2023-11-10","2018-05-28","","346655f8add3ae6f","2032-12-22","","","Porto Alegre"
"LIC-LIC-01","CLARO S.A.","50409889580","010","105752021","1004738371","R ORFANOTRÓFIO","","RS","4314902","100MG7W","NR","SA-NSA","","3350","3350","140","FB","","","760","","23","25","13.5","-3","X","21","072212102519","200","-30.08236","-51.22298","G","2023-11-17","2017-07-31","","813275f8eca48aa8","2032-12-22","","","Porto Alegre"
"LIC-LIC-01","CLARO S.A.","50409889580","010","105752021","1004738371","R ORFANOTRÓFIO","","RS","4314902","100MG7W","NR","SA-NSA","","3350","3350","230","FB","","","760","","23","25","13.5","-4","X","21","072212102519","200","-30.08236","-51.22298","G","2023-11-17","2017-07-31","","813275f8eca48aa9","2032-12-22","","","Porto Alegre"
"LIC-LIC-01","CLARO S.A.","50409889580","010","105752021","1004738371","R ORFANOTRÓFIO","","RS","4314902","100MG7W","NR","SA-NSA","","3350","3350","30","FB","","","760","","23","25","13.5","0","X","21","072212102519","200","-30.08236","-51.22298","G","2023-11-17","2017-07-31","","813275f8eca48aaa","2032-12-22","","","Porto Alegre"
"LIC-LIC-01","CLARO S.A.","50409889580","010","105752021","405605749","R MÁRCIO DIAS","","RS","4314902","100MG7W","NR","SA-NSA","","3350","3350","130","FB","","","760","","23","25","13.5","-2","X","38","072212102519","200","-30.0926","-51.2251","G","2023-11-10","2004-01-06","","0e1375f809ad6b1c","2032-12-22","","","Porto Alegre"
"LIC-LIC-01","CLARO S.A.","50409889580","010","105752021","405605749","R MÁRCIO DIAS","","RS","4314902","100MG7W","NR","SA-NSA","","3350","3350","15","FB","","","760","","23","25","13.5","-2","X","38","072212102519","200","-30.0926","-51.2251","G","2023-11-10","2004-01-06","","0e1375f809ad6b1d","2032-12-22","","","Porto Alegre"
"LIC-LIC-01","CLARO S.A.","50409889580","010","105752021","405605749","R MÁRCIO DIAS","","RS","4314902","100MG7W","NR","SA-NSA","","3350","3350","240","FB","","","760","","23","25","13.5","-2","X","38","072212102519","200","-30.0926","-51.2251","G","2023-11-10","2004-01-06","","0e1375f809ad6b1e","2032-12-22","","","Porto Alegre"
"LIC-LIC-01","CLARO S.A.","50409889580","010","105752021","1007173570","AV DA SERRARIA","","RS","4314902","100MG7W","NR","SA-NSA","","3350","3350","155","FB","","","760","","23","25","13.5","-2","X","50","072212102519","200","-30.15635","-51.2199","G","2023-11-10","2018-09-03","","0e1375f809ad6b3a","2032-12-22","","","Porto Alegre"
"LIC-LIC-01","CLARO S.A.","50409889580","010","105752021","1007173570","AV DA SERRARIA","","RS","4314902","100MG7W","NR","SA-NSA","","3350","3350","225","FB","","","760","","23","25","13.5","-3","X","50","072212102519","200","-30.15635","-51.2199","G","2023-11-10","2018-09-03","","0e1375f809ad6b3b","2032-12-22","","","Porto Alegre"
"LIC-LIC-01","CLARO S.A.","50409889580","010","105752021","1007173570","AV DA SERRARIA","","RS","4314902","100MG7W","NR","SA-NSA","","3350","3350","70","FB","","","760","","23","25","13.5","-2","X","50","072212102519","200","-30.15635","-51.2199","G","2023-11-10","2018-09-03","","0e1375f809ad6b3c","2032-12-22","","","Porto Alegre"
"LIC-LIC-01","CLARO S.A.","50409889580","010","105752021","692655492","R PATAGONIA","AO LADO NÚMERO 45","RS","4314902","100MG7W","NR","SA-NSA","","3350","3350","5","FB","","","760","","24.9","25","13.5","-3","X","18.5","102792102519","204","-30.04425","-51.15848","G","2023-11-10","2010-09-01","","9d9775f823b60787","2032-12-22","","","Porto Alegre"
"LIC-LIC-01","CLARO S.A.","50409889580","010","105752021","692655492","R PATAGONIA","AO LADO NÚMERO 45","RS","4314902","100MG7W","NR","SA-NSA","","3350","3350","110","FB","","","760","","24.9","25","13.5","-1","X","18.5","102792102519","204","-30.04425","-51.15848","G","2023-11-10","2010-09-01","","9d9775f823b60788","2032-12-22","","","Porto Alegre"
"LIC-LIC-01","CLARO S.A.","50409889580","010","105752021","692655492","R PATAGONIA","AO LADO NÚMERO 45","RS","4314902","100MG7W","NR","SA-NSA","","3350","3350","75","FB","","","760","","24.9","25","13.5","-5","X","18.5","102792102519","204","-30.04425","-51.15848","G","2023-11-10","2010-09-01","","9d9775f823b60789","2032-12-22","","","Porto Alegre"
"LIC-LIC-01","CLARO S.A.","50409889580","010","105752021","692655492","R PATAGONIA","AO LADO NÚMERO 45","RS","4314902","50M0G7W","NR","SA-NSA","","2325","2325","5","FB","","","760","003692202519","24","25","70","-4","X","17.5","003692202519","50","-30.04425","-51.15848","G","2023-11-10","2010-09-01","","9d9775f823b6078a","2032-12-22","","","Porto Alegre"
"LIC-LIC-01","CLARO S.A.","50409889580","010","105752021","692655492","R PATAGONIA","AO LADO NÚMERO 45","RS","4314902","50M0G7W","NR","SA-NSA","","2325","2325","110","FB","","","760","003692202519","24","25","70","-2","X","17.5","003692202519","50","-30.04425","-51.15848","G","2023-11-10","2010-09-01","","9d9775f823b6078b","2032-12-22","","","Porto Alegre"
"LIC-LIC-01","CLARO S.A.","50409889580","010","105752021","692655492","R PATAGONIA","AO LADO NÚMERO 45","RS","4314902","50M0G7W","NR","SA-NSA","","2325","2325","75","FB","","","760","003692202519","24","25","70","-5","X","17.5","003692202519","50","-30.04425","-51.15848","G","2023-11-10","2010-09-01","","9d9775f823b6078c","2032-12-22","","","Porto Alegre"
"LIC-LIC-01","CLARO S.A.","50409889580","010","105752021","405606087","AV ASSIS BRASIL","","RS","4314902","100MG7W","NR","SA-NSA","","3350","3350","90","FB","","","760","","23","25","13.5","-2","X","41","072212102519","200","-29.98773","-51.12426","G","2023-11-10","2004-01-06","","9d9775f823b607b4","2032-12-22","","","Porto Alegre"
"LIC-LIC-01","CLARO S.A.","50409889580","010","105752021","405606087","AV ASSIS BRASIL","","RS","4314902","100MG7W","NR","SA-NSA","","3350","3350","150","FB","","","760","","23","25","13.5","-3","X","41","072212102519","200","-29.98773","-51.12426","G","2023-11-10","2004-01-06","","9d9775f823b607b5","2032-12-22","","","Porto Alegre"
"LIC-LIC-01","CLARO S.A.","50409889580","010","105752021","405606087","AV ASSIS BRASIL","","RS","4314902","100MG7W","NR","SA-NSA","","3350","3350","300","FB","","","760","","23","25","13.5","-3","X","41","072212102519","200","-29.98773","-51.12426","G","2023-11-10","2004-01-06","","9d9775f823b607b6","2032-12-22","","","Porto Alegre"
"LIC-LIC-01","TELEFONICA BRASIL S.A.","50409146366","010","105802021","683823191","RUA ARTHUR ROCHA","RBR-NÃO","RS","4314902","100MG7W","NR","SA-NSA","","3450","3450","270","FB","","","760","116652103257","25","25","105","0","X","35","116652103257","200","-30.02972","-51.1875","G","2024-06-20","2003-12-22","683823191","200875f804c971d4","2041-12-08","","","Porto Alegre"
"LIC-LIC-01","TELEFONICA BRASIL S.A.","50409146366","010","105802021","683823191","RUA ARTHUR ROCHA","RBR-NÃO","RS","4314902","100MG7W","NR","SA-NSA","","3450","3450","330","FB","","","760","116652103257","25","25","105","0","X","35","116652103257","200","-30.02972","-51.1875","G","2024-06-20","2003-12-22","683823191","200875f804c971d5","2041-12-08","","","Porto Alegre"
"LIC-LIC-01","TELEFONICA BRASIL S.A.","50409146366","010","105802021","683823191","RUA ARTHUR ROCHA","RBR-NÃO","RS","4314902","100MG7W","NR","SA-NSA","","3450","3450","160","FB","","","760","116652103257","25","25","105","0","X","35","116652103257","200","-30.02972","-51.1875","G","2024-06-20","2003-12-22","683823191","200875f804c971d6","2041-12-08","","","Porto Alegre"
"LIC-LIC-01","CLARO S.A.","50409889580","010","105752021","689809166","AV ENGENHEIRO LUDOLFO BOEHL","","RS","4314902","100MG7W","NR","SA-NSA","","3350","3350","150","FB","","","760","","23","25","13.5","-1","X","31","072212102519","200","-30.08123","-51.21012","G","2023-11-17","2007-11-14","","630d55f8d336a4c2","2032-12-22","","","Porto Alegre"
"LIC-LIC-01","CLARO S.A.","50409889580","010","105752021","689809166","AV ENGENHEIRO LUDOLFO BOEHL","","RS","4314902","100MG7W","NR","SA-NSA","","3350","3350","295","FB","","","760","","23","25","13.5","-3","X","31","072212102519","200","-30.08123","-51.21012","G","2023-11-17","2007-11-14","","630d55f8d336a4c3","2032-12-22","","","Porto Alegre"
"LIC-LIC-01","CLARO S.A.","50409889580","010","105752021","689809166","AV ENGENHEIRO LUDOLFO BOEHL","","RS","4314902","100MG7W","NR","SA-NSA","","3350","3350","30","FB","","","760","","23","25","13.5","-6","X","31","072212102519","200","-30.08123","-51.21012","G","2023-11-17","2007-11-14","","630d55f8d336a4c4","2032-12-22","","","Porto Alegre"
"LIC-LIC-01","CLARO S.A.","50409889580","010","105752021","405603517","R DOS ANDRADAS","","RS","4314902","100MG7W","NR","SA-NSA","","3350","3350","140","FB","","","760","","24.9","25","13.5","-8","X","83","102792102519","204","-30.031","-51.2323","G","2024-07-16","2004-01-06","","1ded75f8066df362","2041-12-08","","","Porto Alegre"
"LIC-LIC-01","CLARO S.A.","50409889580","010","105752021","405603517","R DOS ANDRADAS","","RS","4314902","100MG7W","NR","SA-NSA","","3350","3350","230","FB","","","760","","24.9","25","13.5","-8","X","82","102792102519","204","-30.031","-51.2323","G","2024-07-16","2004-01-06","","1ded75f8066df363","2041-12-08","","","Porto Alegre"
"LIC-LIC-01","CLARO S.A.","50409889580","010","105752021","405603517","R DOS ANDRADAS","","RS","4314902","100MG7W","NR","SA-NSA","","3350","3350","45","FB","","","760","","24.9","25","13.5","-5","X","86","102792102519","204","-30.031","-51.2323","G","2024-07-16","2004-01-06","","1ded75f8066df364","2041-12-08","","","Porto Alegre"
"LIC-LIC-01","CLARO S.A.","50409889580","010","105752021","536395322","EST DO VAREJÃO","","RS","4314902","100MG7W","NR","SA-NSA","","3350","3350","0","FB","","","760","","23","25","13.5","-1","X","51","072212102519","200","-30.2206","-51.0981","G","2023-11-10","2007-01-22","","1ded75f8066df3a7","2032-12-22","","","Porto Alegre"
"LIC-LIC-01","CLARO S.A.","50409889580","010","105752021","536395322","EST DO VAREJÃO","","RS","4314902","100MG7W","NR","SA-NSA","","3350","3350","160","FB","","","760","","23","25","13.5","-2","X","51","072212102519","200","-30.2206","-51.0981","G","2023-11-10","2007-01-22","","1ded75f8066df3a8","2032-12-22","","","Porto Alegre"
"LIC-LIC-01","CLARO S.A.","50409889580","010","105752021","536395322","EST DO VAREJÃO","","RS","4314902","100MG7W","NR","SA-NSA","","3350","3350","270","FB","","","760","","23","25","13.5","-1","X","51","072212102519","200","-30.2206","-51.0981","G","2023-11-10","2007-01-22","","1ded75f8066df3a9","2032-12-22","","","Porto Alegre"
"LIC-LIC-01","CLARO S.A.","50409889580","010","105752021","1006617261","R SÃO FRANCISCO","","RS","4314902","100MG7W","NR","SA-NSA","","3350","3350","135","FB","","","760","","23","25","13.5","-5","X","45","072212102519","200","-30.09665","-51.13904","G","2023-11-10","2018-05-14","","1ded75f8066df3cb","2032-12-22","","","Porto Alegre"
"LIC-LIC-01","CLARO S.A.","50409889580","010","105752021","1006617261","R SÃO FRANCISCO","","RS","4314902","100MG7W","NR","SA-NSA","","3350","3350","225","FB","","","760","","23","25","13.5","-2","X","45","072212102519","200","-30.09665","-51.13904","G","2023-11-10","2018-05-14","","1ded75f8066df3cc","2032-12-22","","","Porto Alegre"
"LIC-LIC-01","CLARO S.A.","50409889580","010","105752021","1006617261","R SÃO FRANCISCO","","RS","4314902","100MG7W","NR","SA-NSA","","3350","3350","290","FB","","","760","","23","25","13.5","-1","X","45","072212102519","200","-30.09665","-51.13904","G","2023-11-10","2018-05-14","","1ded75f8066df3cd","2032-12-22","","","Porto Alegre"
"LIC-LIC-01","CLARO S.A.","50409889580","010","105752021","1006688843","AVENIDA NESTOR VALDMAN","AO LADO IMÓVEL Nº 89","RS","4314902","100MG7W","NR","SA-NSA","","3350","3350","60","FB","","","760","","23","25","13.5","-2","X","25.5","072212102519","200","-30.02705","-51.13835","G","2023-11-17","2018-05-28","","e88775f82890c03d","2041-12-08","","","Porto Alegre"
"LIC-LIC-01","CLARO S.A.","50409889580","010","105752021","1006688843","AVENIDA NESTOR VALDMAN","AO LADO IMÓVEL Nº 89","RS","4314902","100MG7W","NR","SA-NSA","","3350","3350","220","FB","","","760","","23","25","13.5","-2","X","25.5","072212102519","200","-30.02705","-51.13835","G","2023-11-17","2018-05-28","","e88775f82890c03e","2041-12-08","","","Porto Alegre"
"LIC-LIC-01","CLARO S.A.","50409889580","010","105752021","1006688843","AVENIDA NESTOR VALDMAN","AO LADO IMÓVEL Nº 89","RS","4314902","100MG7W","NR","SA-NSA","","3350","3350","300","FB","","","760","","23","25","13.5","-2","X","25.5","072212102519","200","-30.02705","-51.13835","G","2023-11-17","2018-05-28","","e88775f82890c03f","2041-12-08","","","Porto Alegre"
"LIC-LIC-01","CLARO S.A.","50409889580","010","105752021","1005313137","AVENIDA BENNO MENTZ","","RS","4314902","100MG7W","NR","SA-NSA","","3350","3350","80","FB","","","760","","23","25","13.5","0","X","31","072212102519","200","-30.022","-51.14686","G","2023-11-17","2017-11-27","","e88775f82890c058","2041-12-08","","","Porto Alegre"
"LIC-LIC-01","CLARO S.A.","50409889580","010","105752021","1005313137","AVENIDA BENNO MENTZ","","RS","4314902","100MG7W","NR","SA-NSA","","3350","3350","230","FB","","","760","","23","25","13.5","0","X","31","072212102519","200","-30.022","-51.14686","G","2023-11-17","2017-11-27","","e88775f82890c059","2041-12-08","","","Porto Alegre"
"LIC-LIC-01","CLARO S.A.","50409889580","010","105752021","1005313137","AVENIDA BENNO MENTZ","","RS","4314902","100MG7W","NR","SA-NSA","","3350","3350","320","FB","","","760","","23","25","13.5","-2","X","33","072212102519","200","-30.022","-51.14686","G","2023-11-17","2017-11-27","","e88775f82890c05a","2041-12-08","","","Porto Alegre"
"LIC-LIC-01","CLARO S.A.","50409889580","010","105752021","1001089739","R SANTUÁRIO","LOCAL CHAMADO SANTUÁRIO MÃE DE DEUS","RS","4314902","100MG7W","NR","SA-NSA","","3350","3350","110","FB","","","760","","23","25","13.5","-5","X","26","072212102519","200","-30.09989","-51.182","G","2023-11-10","2015-03-03","","e88775f82890c070","2032-12-22","","","Porto Alegre"
"LIC-LIC-01","CLARO S.A.","50409889580","010","105752021","1001089739","R SANTUÁRIO","LOCAL CHAMADO SANTUÁRIO MÃE DE DEUS","RS","4314902","100MG7W","NR","SA-NSA","","3350","3350","260","FB","","","760","","23","25","13.5","-4","X","19","072212102519","200","-30.09989","-51.182","G","2023-11-10","2015-03-03","","e88775f82890c071","2032-12-22","","","Porto Alegre"
"LIC-LIC-01","CLARO S.A.","50409889580","010","105752021","1001089739","R SANTUÁRIO","LOCAL CHAMADO SANTUÁRIO MÃE DE DEUS","RS","4314902","100MG7W","NR","SA-NSA","","3350","3350","350","FB","","","760","","23","25","13.5","-3","X","21","072212102519","200","-30.09989","-51.182","G","2023-11-10","2015-03-03","","e88775f82890c072","2032-12-22","","","Porto Alegre"
"LIC-LIC-01","CLARO S.A.","50409889580","010","105752021","688205810","AVENIDA ASSIS BRASIL","","RS","4314902","100MG7W","NR","SA-NSA","","3350","3350","100","FB","","","760","","23","25","13.5","-1","X","22","072212102519","200","-29.9786","-51.1116","G","2023-11-10","2006-03-23","","3b1b75f851b9911f","2032-12-22","","","Porto Alegre"
"LIC-LIC-01","CLARO S.A.","50409889580","010","105752021","688205810","AVENIDA ASSIS BRASIL","","RS","4314902","100MG7W","NR","SA-NSA","","3350","3350","180","FB","","","760","","23","25","13.5","-2","X","22","072212102519","200","-29.9786","-51.1116","G","2023-11-10","2006-03-23","","3b1b75f851b99120","2032-12-22","","","Porto Alegre"
"LIC-LIC-01","CLARO S.A.","50409889580","010","105752021","688205810","AVENIDA ASSIS BRASIL","","RS","4314902","100MG7W","NR","SA-NSA","","3350","3350","250","FB","","","760","","23","25","13.5","-4","X","22","072212102519","200","-29.9786","-51.1116","G","2023-11-10","2006-03-23","","3b1b75f851b99121","2032-12-22","","","Porto Alegre"
"LIC-LIC-01","CLARO S.A.","50409889580","010","105752021","689809239","AV FERNANDO FERRARI","","RS","4314902","100MG7W","NR","SA-NSA","","3350","3350","60","FB","","","760","","23","25","13.5","-1","X","35","072212102519","200","-29.97826","-51.16796","G","2023-11-10","2007-11-13","","3b1b75f851b9913d","2032-12-22","","","Porto Alegre"
"LIC-LIC-01","CLARO S.A.","50409889580","010","105752021","689809239","AV FERNANDO FERRARI","","RS","4314902","100MG7W","NR","SA-NSA","","3350","3350","180","FB","","","760","","23","25","13.5","-2","X","35","072212102519","200","-29.97826","-51.16796","G","2023-11-10","2007-11-13","","3b1b75f851b9913e","2032-12-22","","","Porto Alegre"
"LIC-LIC-01","CLARO S.A.","50409889580","010","105752021","689809239","AV FERNANDO FERRARI","","RS","4314902","100MG7W","NR","SA-NSA","","3350","3350","310","FB","","","760","","23","25","13.5","-2","X","35","072212102519","200","-29.97826","-51.16796","G","2023-11-10","2007-11-13","","3b1b75f851b9913f","2032-12-22","","","Porto Alegre"
"LIC-LIC-01","CLARO S.A.","50409889580","010","105752021","1000396360","R 18 DE NOVEMBRO","AO LADO DO N° 650","RS","4314902","100MG7W","NR","SA-NSA","","3350","3350","20","FB","","","760","","23","25","13.5","0","X","22","072212102519","200","-29.99905","-51.18977","G","2024-10-22","2014-08-12","","3b1b75f8574938fc","2041-12-08","","","Porto Alegre"
"LIC-LIC-01","CLARO S.A.","50409889580","010","105752021","1000396360","R 18 DE NOVEMBRO","AO LADO DO N° 650","RS","4314902","100MG7W","NR","SA-NSA","","3350","3350","140","FB","","","760","","23","25","13.5","0","X","22","072212102519","200","-29.99905","-51.18977","G","2024-10-22","2014-08-12","","3b1b75f8574938fd","2041-12-08","","","Porto Alegre"
"LIC-LIC-01","CLARO S.A.","50409889580","010","105752021","1000396360","R 18 DE NOVEMBRO","AO LADO DO N° 650","RS","4314902","100MG7W","NR","SA-NSA","","3350","3350","240","FB","","","760","","23","25","13.5","0","X","22","072212102519","200","-29.99905","-51.18977","G","2024-10-22","2014-08-12","","3b1b75f8574938fe","2041-12-08","","","Porto Alegre"
"LIC-LIC-01","CLARO S.A.","50409889580","010","105752021","1005313226","AV JUCA BATISTA","","RS","4314902","100MG7W","NR","SA-NSA","","3350","3350","90","FB","","","760","","23","25","13.5","0","X","17","072212102519","200","-30.14705","-51.20825","G","2023-11-10","2017-10-09","","3b1b75f8575372ed","2032-12-22","","","Porto Alegre"
"LIC-LIC-01","CLARO S.A.","50409889580","010","105752021","1005313226","AV JUCA BATISTA","","RS","4314902","100MG7W","NR","SA-NSA","","3350","3350","225","FB","","","760","","23","25","13.5","0","X","17","072212102519","200","-30.14705","-51.20825","G","2023-11-10","2017-10-09","","3b1b75f8575372ee","2032-12-22","","","Porto Alegre"
"LIC-LIC-01","CLARO S.A.","50409889580","010","105752021","1005313226","AV JUCA BATISTA","","RS","4314902","100MG7W","NR","SA-NSA","","3350","3350","315","FB","","","760","","23","25","13.5","0","X","17","072212102519","200","-30.14705","-51.20825","G","2023-11-10","2017-10-09","","3b1b75f8575372ef","2032-12-22","","","Porto Alegre"
"LIC-LIC-01","CLARO S.A.","50409889580","010","105752021","1005494131","TRAVESSA COLÔNIA","","RS","4314902","100MG7W","NR","SA-NSA","","3350","3350","25","FB","","","760","","23","25","13.5","-2","X","33","072212102519","200","-30.00507","-51.14944","G","2023-11-17","2017-12-19","","b50175f80f4beec7","2041-12-08","","","Porto Alegre"
"LIC-LIC-01","CLARO S.A.","50409889580","010","105752021","1005494131","TRAVESSA COLÔNIA","","RS","4314902","100MG7W","NR","SA-NSA","","3350","3350","190","FB","","","760","","23","25","13.5","-4","X","33","072212102519","200","-30.00507","-51.14944","G","2023-11-17","2017-12-19","","b50175f80f4beec8","2041-12-08","","","Porto Alegre"
"LIC-LIC-01","CLARO S.A.","50409889580","010","105752021","1005494131","TRAVESSA COLÔNIA","","RS","4314902","100MG7W","NR","SA-NSA","","3350","3350","280","FB","","","760","","23","25","13.5","-1","X","33","072212102519","200","-30.00507","-51.14944","G","2023-11-17","2017-12-19","","b50175f80f4beec9","2041-12-08","","","Porto Alegre"
"LIC-LIC-01","CLARO S.A.","50409889580","010","105752021","688207430","R SÃO JOAQUIM","","RS","4314902","100MG7W","NR","SA-NSA","","3350","3350","50","FB","","","760","","23","25","13.5","0","X","20","072212102519","200","-30.0728","-51.2064","G","2023-11-10","2009-02-26","","b50175f80f4beeeb","2032-12-22","","","Porto Alegre"
"LIC-LIC-01","CLARO S.A.","50409889580","010","105752021","688207430","R SÃO JOAQUIM","","RS","4314902","100MG7W","NR","SA-NSA","","3350","3350","160","FB","","","760","","23","25","13.5","0","X","20","072212102519","200","-30.0728","-51.2064","G","2023-11-10","2009-02-26","","b50175f80f4beeec","2032-12-22","","","Porto Alegre"
"LIC-LIC-01","CLARO S.A.","50409889580","010","105752021","688207430","R SÃO JOAQUIM","","RS","4314902","100MG7W","NR","SA-NSA","","3350","3350","290","FB","","","760","","23","25","13.5","0","X","20","072212102519","200","-30.0728","-51.2064","G","2023-11-10","2009-02-26","","b50175f80f4beeed","2032-12-22","","","Porto Alegre"
"LIC-LIC-01","CLARO S.A.","50409889580","010","105752021","1006617253","EST JORGE PEREIRA NUNES","ACESSO RUA LATERAL","RS","4314902","100MG7W","NR","SA-NSA","","3350","3350","40","FB","","","760","","23","25","13.5","-4","X","51","072212102519","200","-30.1317","-51.19053","G","2023-11-10","2018-05-14","","b50175f80f4beeee","2032-12-22","","","Porto Alegre"
"LIC-LIC-01","CLARO S.A.","50409889580","010","105752021","1006617253","EST JORGE PEREIRA NUNES","ACESSO RUA LATERAL","RS","4314902","100MG7W","NR","SA-NSA","","3350","3350","245","FB","","","760","","23","25","13.5","-5","X","51","072212102519","200","-30.1317","-51.19053","G","2023-11-10","2018-05-14","","b50175f80f4beeef","2032-12-22","","","Porto Alegre"
"LIC-LIC-01","CLARO S.A.","50409889580","010","105752021","1006617253","EST JORGE PEREIRA NUNES","ACESSO RUA LATERAL","RS","4314902","100MG7W","NR","SA-NSA","","3350","3350","320","FB","","","760","","23","25","13.5","-3","X","51","072212102519","200","-30.1317","-51.19053","G","2023-11-10","2018-05-14","","b50175f80f4beef0","2032-12-22","","","Porto Alegre"
"LIC-LIC-01","CLARO S.A.","50409889580","010","105752021","1005313102","AV CAÍ","","RS","4314902","100MG7W","NR","SA-NSA","","3350","3350","260","FB","","","760","","23","25","13.5","-3","X","26","072212102519","200","-30.07948","-51.23992","G","2023-11-10","2021-11-10","","b50175f80f4bef12","2032-12-22","","","Porto Alegre"
"LIC-LIC-01","CLARO S.A.","50409889580","010","105752021","1005313102","AV CAÍ","","RS","4314902","100MG7W","NR","SA-NSA","","3350","3350","0","FB","","","760","","23","25","13.5","-5","X","26","072212102519","200","-30.07948","-51.23992","G","2023-11-10","2021-11-10","","b50175f80f4bef13","2032-12-22","","","Porto Alegre"
"LIC-LIC-01","CLARO S.A.","50409889580","010","105752021","1005313102","AV CAÍ","","RS","4314902","100MG7W","NR","SA-NSA","","3350","3350","130","FB","","","760","","23","25","13.5","-3","X","26","072212102519","200","-30.07948","-51.23992","G","2023-11-10","2021-11-10","","b50175f80f4bef14","2032-12-22","","","Porto Alegre"
"LIC-LIC-01","CLARO S.A.","50409889580","010","105752021","1012044588","EST FRANCISCA DE OLIVEIRA VIEIRA","","RS","4314902","100MG7W","NR","SA-NSA","","3350","3350","30","FB","","","760","","23","25","13.5","-3","X","35","072212102519","200","-30.18798","-51.15913","G","2023-10-10","2021-06-18","","b50175f80f4bef36","2032-12-22","","","Porto Alegre"
"LIC-LIC-01","CLARO S.A.","50409889580","010","105752021","1012044588","EST FRANCISCA DE OLIVEIRA VIEIRA","","RS","4314902","100MG7W","NR","SA-NSA","","3350","3350","150","FB","","","760","","23","25","13.5","-2","X","35","072212102519","200","-30.18798","-51.15913","G","2023-10-10","2021-06-18","","b50175f80f4bef37","2032-12-22","","","Porto Alegre"
"LIC-LIC-01","CLARO S.A.","50409889580","010","105752021","1012044588","EST FRANCISCA DE OLIVEIRA VIEIRA","","RS","4314902","100MG7W","NR","SA-NSA","","3350","3350","240","FB","","","760","","23","25","13.5","-2","X","35","072212102519","200","-30.18798","-51.15913","G","2023-10-10","2021-06-18","","b50175f80f4bef38","2032-12-22","","","Porto Alegre"
"LIC-LIC-01","TELEFONICA BRASIL S.A.","50409146366","010","105802021","436298309","Rua Jaragua","","RS","4314902","100MG7W","NR","SA-NSA","","3450","3450","120","FB","","","760","116652103257","25","25","105","0","X","21","116652103257","200","-30.03611","-51.19056","G","2024-02-07","1999-11-08","","0e8a85f80122dfc3","2041-12-08","","","Porto Alegre"
"LIC-LIC-01","TELEFONICA BRASIL S.A.","50409146366","010","105802021","5185394","Av. Carlos Barbosa","","RS","4314902","100MG7W","NR","SA-NSA","","3450","3450","20","FB","","","760","1900-03-01","25","25","105","0","X","31","116652103257","200","-30.06472","-51.21139","G","2023-06-12","1999-10-05","","0e8a85f80122dfc7","2041-12-08","","","Porto Alegre"
"LIC-LIC-01","TELEFONICA BRASIL S.A.","50409146366","010","105802021","5185394","Av. Carlos Barbosa","","RS","4314902","100MG7W","NR","SA-NSA","","3450","3450","220","FB","","","760","1900-03-01","25","25","105","0","X","31","116652103257","200","-30.06472","-51.21139","G","2023-06-12","1999-10-05","","0e8a85f80122dfc8","2041-12-08","","","Porto Alegre"
"LIC-LIC-01","TELEFONICA BRASIL S.A.","50409146366","010","105802021","563110","AV. GETÚLIO VARGAS    1415 (CRT)","BRT- TORRE PROPRIA","RS","4314902","100MG7W","NR","SA-NSA","","3450","3450","150","FB","","","760","116652103257","25","25","105","0","X","37.5","116652103257","200","-30.05733","-51.22317","G","2024-09-24","2001-01-29","","0e8a85f80122dfc9","2041-12-08","","","Porto Alegre"
"LIC-LIC-01","TELEFONICA BRASIL S.A.","50409146366","010","105802021","5186331","Av. Borges de Medeiros","","RS","4314902","100MG7W","NR","SA-NSA","","3450","3450","120","FB","","","760","1900-03-01","25","25","105","0","X","62","116652103257","200","-30.045","-51.22917","G","2023-10-30","1999-10-05","","0e8a85f80122dfcc","2041-12-08","","","Porto Alegre"
"LIC-LIC-01","TELEFONICA BRASIL S.A.","50409146366","010","105802021","3770125","AV.GOETHE","","RS","4314902","100MG7W","NR","SA-NSA","","3450","3450","310","FB","","","760","116652103257","25","25","105","0","X","30","116652103257","200","-30.03028","-51.20194","G","2024-02-07","1999-10-05","","0e8a85f80122dfcd","2041-12-08","","","Porto Alegre"
"LIC-LIC-01","TELEFONICA BRASIL S.A.","50409146366","010","105802021","3770125","AV.GOETHE","","RS","4314902","100MG7W","NR","SA-NSA","","3450","3450","190","FB","","","760","116652103257","25","25","105","0","X","30","116652103257","200","-30.03028","-51.20194","G","2024-02-07","1999-10-05","","0e8a85f80122dfce","2041-12-08","","","Porto Alegre"
"LIC-LIC-01","TELEFONICA BRASIL S.A.","50409146366","010","105802021","699802393","Avenida da Azenha","","RS","4314902","100MG7W","NR","SA-NSA","","3450","3450","100","FB","","","760","1900-03-01","25","25","105","0","X","27","116652103257","200","-30.05833","-51.21556","G","2023-06-12","2014-03-13","","0e8a85f80122dfcf","2041-12-08","","","Porto Alegre"
"LIC-LIC-01","TELEFONICA BRASIL S.A.","50409146366","010","105802021","5185262","PRAÇA ARAE    110","TORRESUR","RS","4314902","100MG7W","NR","SA-NSA","","3450","3450","150","FB","","","760","116652103257","25","25","105","0","X","35.5","116652103257","200","-30.09949","-51.25394","G","2024-09-24","1999-10-05","","0e8a85f80122dfd2","2041-12-08","","","Porto Alegre"
"LIC-LIC-01","CLARO S.A.","50409889580","010","105752021","1005494115","R CORONEL MASSOT","CONDOMÍNIO COM DUAS ENTRADAS","RS","4314902","100MG7W","NR","SA-NSA","","3350","3350","350","FB","","","760","","23","25","13.5","-1","X","19","072212102519","200","-30.09735","-51.23369","G","2023-11-10","2017-12-19","","3fa785f810a4922d","2032-12-22","","","Porto Alegre"
"LIC-LIC-01","CLARO S.A.","50409889580","010","105752021","1005494115","R CORONEL MASSOT","CONDOMÍNIO COM DUAS ENTRADAS","RS","4314902","100MG7W","NR","SA-NSA","","3350","3350","110","FB","","","760","","23","25","13.5","-1","X","19","072212102519","200","-30.09735","-51.23369","G","2023-11-10","2017-12-19","","3fa785f810a4922e","2032-12-22","","","Porto Alegre"
"LIC-LIC-01","CLARO S.A.","50409889580","010","105752021","1005494115","R CORONEL MASSOT","CONDOMÍNIO COM DUAS ENTRADAS","RS","4314902","100MG7W","NR","SA-NSA","","3350","3350","250","FB","","","760","","23","25","13.5","-1","X","19","072212102519","200","-30.09735","-51.23369","G","2023-11-10","2017-12-19","","3fa785f810a4922f","2032-12-22","","","Porto Alegre"
"LIC-LIC-01","CLARO S.A.","50409889580","010","105752021","688184359","AV PROFESSOR OSCAR PEREIRA","","RS","4314902","100MG7W","NR","SA-NSA","","3350","3350","240","FB","","","760","","23","25","13.5","0","X","21","072212102519","200","-30.0629","-51.2058","G","2023-11-10","2005-03-04","","317d95f84cfb81dd","2032-12-22","","","Porto Alegre"
"LIC-LIC-01","CLARO S.A.","50409889580","010","105752021","1005215488","RUA SATURNINO DE BRITTO","","RS","4314902","100MG7W","NR","SA-NSA","","3350","3350","300","FB","","","760","","23","25","13.5","-4","X","21","072212102519","200","-30.03666","-51.15314","G","2023-11-17","2017-10-05","","7bbb95f805aca7b9","2041-12-08","","","Porto Alegre"
"LIC-LIC-01","CLARO S.A.","50409889580","010","105752021","1005313145","R RUA NOVE DE JUNHO","AO LADO IMÓVEL Nº 730","RS","4314902","100MG7W","NR","SA-NSA","","3350","3350","150","FB","","","760","","23","25","13.5","-1","X","23","072212102519","200","-30.06869","-51.16153","G","2023-11-10","2017-10-10","","7bbb95f805aca7d4","2032-12-22","","","Porto Alegre"
"LIC-LIC-01","CLARO S.A.","50409889580","010","105752021","1005313170","AV GETÚLIO VARGAS","","RS","4314902","100MG7W","NR","SA-NSA","","3350","3350","100","FB","","","760","","23","25","13.5","-2","X","40","072212102519","200","-30.05986","-51.22346","G","2023-11-17","2017-10-09","","7bbb95f805aca807","2032-12-22","","","Porto Alegre"
"LIC-LIC-01","CLARO S.A.","50409889580","010","105752021","1005313170","AV GETÚLIO VARGAS","","RS","4314902","100MG7W","NR","SA-NSA","","3350","3350","330","FB","","","760","","23","25","13.5","-2","X","40","072212102519","200","-30.05986","-51.22346","G","2023-11-17","2017-10-09","","7bbb95f805aca809","2032-12-22","","","Porto Alegre"
"LIC-LIC-01","CLARO S.A.","50409889580","010","105752021","1005528656","R ALMIRANTE ABREU","","RS","4314902","100MG7W","NR","SA-NSA","","3350","3350","140","FB","","","760","","23","25","13.5","-2","X","38","072212102519","200","-30.03124","-51.19816","G","2024-04-17","2017-12-29","","7bbb95f805aca89a","2041-12-08","","","Porto Alegre"
"LIC-LIC-01","CLARO S.A.","50409889580","010","105752021","1005528656","R ALMIRANTE ABREU","","RS","4314902","100MG7W","NR","SA-NSA","","3350","3350","300","FB","","","760","","23","25","13.5","-3","X","38","072212102519","200","-30.03124","-51.19816","G","2024-04-17","2017-12-29","","7bbb95f805aca89b","2041-12-08","","","Porto Alegre"
"LIC-LIC-01","CLARO S.A.","50409889580","010","105752021","1006617270","AV BELÉM VELHO","ACESSO PELA RUA KANAZAWA","RS","4314902","100MG7W","NR","SA-NSA","","3350","3350","260","FB","","","760","","23","25","13.5","-5","X","19","072212102519","200","-30.11806","-51.19077","G","2023-11-10","2018-05-14","","7bbb95f805aca9fb","2032-12-22","","","Porto Alegre"
"LIC-LIC-01","CLARO S.A.","50409889580","010","105752021","1007372840","RUA VISCONDE DO HERVAL","","RS","4314902","100MG7W","NR","SA-NSA","","3350","3350","260","FB","","","760","","24.9","25","13.5","-3","X","30","102792102519","204","-30.0535","-51.21653","G","2024-06-10","2018-10-24","","7bbb95f805acab3e","2041-12-08","","","Porto Alegre"
"LIC-LIC-01","CLARO S.A.","50409889580","010","105752021","1012044570","AV DELEGADO ELY CORRÊA PRADO","","RS","4314902","100MG7W","NR","SA-NSA","","3350","3350","110","FB","","","760","","23","25","13.5","-4","X","50","072212102519","200","-30.03761","-51.1041","G","2023-06-27","2021-06-18","","7bbb95f805acac85","2032-12-22","","","Porto Alegre"
"LIC-LIC-01","CLARO S.A.","50409889580","010","105752021","405604408","R ERNESTO ALVES","","RS","4314902","50M0G7W","NR","SA-NSA","","2325","2325","240","FB","","","760","003692202519","24","25","70","-3","X","32","003692202519","50","-30.0255","-51.2145","G","2023-11-16","2004-02-13","","7bbb95f805acad6e","2032-12-22","","","Porto Alegre"
"LIC-LIC-01","CLARO S.A.","50409889580","010","105752021","405604572","R AVAÍ","","RS","4314902","100MG7W","NR","SA-NSA","","3350","3350","120","FB","","","760","","24.9","25","13.5","-2","X","49","102792102519","204","-30.0337","-51.2227","G","2023-11-16","2004-01-06","","7bbb95f805acadac","2032-12-22","","","Porto Alegre"
"LIC-LIC-01","CLARO S.A.","50409889580","010","105752021","405604572","R AVAÍ","","RS","4314902","100MG7W","NR","SA-NSA","","3350","3350","15","FB","","","760","","24.9","25","13.5","-3","X","49","102792102519","204","-30.0337","-51.2227","G","2023-11-16","2004-01-06","","7bbb95f805acadad","2032-12-22","","","Porto Alegre"
"LIC-LIC-01","CLARO S.A.","50409889580","010","105752021","405604696","R MARCÍLIO DIAS","","RS","4314902","50M0G7W","NR","SA-NSA","","2325","2325","10","FB","","","760","003692202519","24","25","70","-4","X","37.5","003692202519","50","-30.04913","-51.22648","G","2023-11-16","1999-01-01","","7bbb95f805acadeb","2032-12-22","","","Porto Alegre"
"LIC-LIC-01","CLARO S.A.","50409889580","010","105752021","405604696","R MARCÍLIO DIAS","","RS","4314902","100MG7W","NR","SA-NSA","","3350","3350","120","FB","","","760","","24.9","25","13.5","-5","X","38","102792102519","204","-30.04913","-51.22648","G","2023-11-16","1999-01-01","","7bbb95f805acadef","2032-12-22","","","Porto Alegre"
"LIC-LIC-01","CLARO S.A.","50409889580","010","105752021","405604815","R JOÃO ALFREDO","","RS","4314902","100MG7W","NR","SA-NSA","","3350","3350","0","FB","","","760","","24.9","25","13.5","-2","X","29.5","102792102519","204","-30.0409","-51.22507","G","2023-11-10","2003-04-23","","7bbb95f805acae1b","2032-12-22","","","Porto Alegre"
"LIC-LIC-01","CLARO S.A.","50409889580","010","105752021","405605358","R BARÃO DO CERRO LARGO","","RS","4314902","100MG7W","NR","SA-NSA","","3350","3350","235","FB","","","760","","24.9","25","13.5","-2","X","39","102792102519","204","-30.06261","-51.2287","G","2024-05-14","2004-01-06","","7bbb95f805acae7a","2041-12-08","","","Porto Alegre"
"LIC-LIC-01","CLARO S.A.","50409889580","010","105752021","405605889","R ITARARÉ","","RS","4314902","100MG7W","NR","SA-NSA","","3350","3350","240","FB","","","760","","23","25","13.5","-3","X","37","072212102519","200","-30.00964","-51.16502","G","2023-11-17","1999-10-06","","7bbb95f805acaf21","2032-12-22","","","Porto Alegre"
"LIC-LIC-01","CLARO S.A.","50409889580","010","105752021","405605935","AV PASTOR ERNESTO SCHLIEPER","","RS","4314902","100MG7W","NR","SA-NSA","","3350","3350","140","FB","","","760","","23","25","13.5","-2","X","30","072212102519","200","-29.9993","-51.1467","G","2024-10-22","2004-01-06","","7bbb95f805acafb0","2041-12-08","","","Porto Alegre"
"LIC-LIC-01","CLARO S.A.","50409889580","010","105752021","405605986","R LIVRAMENTO","","RS","4314902","50M0G7W","NR","SA-NSA","","2325","2325","260","FB","","","760","003692202519","24","25","70","0","X","34","003692202519","50","-30.0467","-51.1991","G","2023-11-17","2004-01-06","","7bbb95f805acb02d","2032-12-22","","","Porto Alegre"
"LIC-LIC-01","CLARO S.A.","50409889580","010","105752021","405605986","R LIVRAMENTO","","RS","4314902","100MG7W","NR","SA-NSA","","3350","3350","260","FB","","","760","","24.9","25","13.5","0","X","36","102792102519","204","-30.0467","-51.1991","G","2023-11-17","2004-01-06","","7bbb95f805acb030","2032-12-22","","","Porto Alegre"
"LIC-LIC-01","CLARO S.A.","50409889580","010","105752021","405605994","R ALVARES MACHADO","","RS","4314902","50M0G7W","NR","SA-NSA","","2325","2325","240","FB","","","760","003692202519","24","25","70","-5","X","38","003692202519","50","-30.0457","-51.1868","G","2024-07-04","1999-01-01","","7bbb95f805acb04d","2041-12-08","","","Porto Alegre"
"LIC-LIC-01","CLARO S.A.","50409889580","010","105752021","405605994","R ALVARES MACHADO","","RS","4314902","100MG7W","NR","SA-NSA","","3350","3350","240","FB","","","760","","24.9","25","13.5","-5","X","39","102792102519","204","-30.0457","-51.1868","G","2024-07-04","1999-01-01","","7bbb95f805acb050","2041-12-08","","","Porto Alegre"
"LIC-LIC-01","CLARO S.A.","50409889580","010","105752021","690851294","RUA QUINTINO BOCAÍUVA","","RS","4314902","100MG7W","NR","SA-NSA","","3350","3350","255","FB","","","760","","23","25","13.5","-2","X","40","072212102519","200","-30.0257","-51.1976","G","2023-11-10","2008-11-26","","5de895f800365b1c","2041-12-08","","","Porto Alegre"
"LIC-LIC-01","CLARO S.A.","50409889580","010","105752021","696493780","R ALBION","","RS","4314902","100MG7W","NR","SA-NSA","","3350","3350","40","FB","","","760","","23","25","13.5","-4","X","24.5","072212102519","200","-30.05648","-51.16534","G","2023-11-10","2012-01-27","","5de895f800365fa6","2032-12-22","","","Porto Alegre"
"LIC-LIC-01","CLARO S.A.","50409889580","010","105752021","405605781","R DA GÁVEA","","RS","4314902","100MG7W","NR","SA-NSA","","3350","3350","50","FB","","","760","212712202519","24.4","25","65","-1","X","43.5","212712202519","229","-30.13295","-51.22773","G","2023-11-10","2004-01-06","","b1ee85f825b13145","2032-12-22","","","Porto Alegre"
"LIC-LIC-01","CLARO S.A.","50409889580","010","105752021","405605781","R DA GÁVEA","","RS","4314902","100MG7W","NR","SA-NSA","","3350","3350","170","FB","","","760","212712202519","24.4","25","65","-1","X","43.5","212712202519","229","-30.13295","-51.22773","G","2023-11-10","2004-01-06","","b1ee85f825b13146","2032-12-22","","","Porto Alegre"
"LIC-LIC-01","CLARO S.A.","50409889580","010","105752021","405605781","R DA GÁVEA","","RS","4314902","100MG7W","NR","SA-NSA","","3350","3350","285","FB","","","760","212712202519","24.4","25","65","-1","X","43.5","212712202519","229","-30.13295","-51.22773","G","2023-11-10","2004-01-06","","b1ee85f825b13147","2032-12-22","","","Porto Alegre"
"LIC-LIC-01","CLARO S.A.","50409889580","010","105752021","686131193","R MATA COELHO","PRÉDIO ESQUINA AV. NONOAI","RS","4314902","100MG7W","NR","SA-NSA","","3350","3350","0","FB","","","760","","23","25","13.5","-4","X","23.5","072212102519","200","-30.0857","-51.2155","G","2023-11-10","2005-03-04","","b1ee85f825bad92b","2032-12-22","","","Porto Alegre"
"LIC-LIC-01","CLARO S.A.","50409889580","010","105752021","686131193","R MATA COELHO","PRÉDIO ESQUINA AV. NONOAI","RS","4314902","100MG7W","NR","SA-NSA","","3350","3350","150","FB","","","760","","23","25","13.5","-1","X","23.5","072212102519","200","-30.0857","-51.2155","G","2023-11-10","2005-03-04","","b1ee85f825bad92c","2032-12-22","","","Porto Alegre"
"LIC-LIC-01","CLARO S.A.","50409889580","010","105752021","686131193","R MATA COELHO","PRÉDIO ESQUINA AV. NONOAI","RS","4314902","100MG7W","NR","SA-NSA","","3350","3350","240","FB","","","760","","23","25","13.5","-1","X","23.5","072212102519","200","-30.0857","-51.2155","G","2023-11-10","2005-03-04","","b1ee85f825bad92d","2032-12-22","","","Porto Alegre"
"LIC-LIC-01","CLARO S.A.","50409889580","010","105752021","405605773","EST JOÃO SALAMONI","","RS","4314902","100MG7W","NR","SA-NSA","","3350","3350","330","FB","","","760","","23","25","13.5","-4","X","41","072212102519","200","-30.113","-51.2226","G","2023-11-10","2004-01-06","","b1ee85f825bad949","2032-12-22","","","Porto Alegre"
"LIC-LIC-01","CLARO S.A.","50409889580","010","105752021","405605773","EST JOÃO SALAMONI","","RS","4314902","100MG7W","NR","SA-NSA","","3350","3350","140","FB","","","760","","23","25","13.5","-1","X","41","072212102519","200","-30.113","-51.2226","G","2023-11-10","2004-01-06","","b1ee85f825bad94a","2032-12-22","","","Porto Alegre"
"LIC-LIC-01","CLARO S.A.","50409889580","010","105752021","405605773","EST JOÃO SALAMONI","","RS","4314902","100MG7W","NR","SA-NSA","","3350","3350","250","FB","","","760","","23","25","13.5","-1","X","41","072212102519","200","-30.113","-51.2226","G","2023-11-10","2004-01-06","","b1ee85f825bad94b","2032-12-22","","","Porto Alegre"
"LIC-LIC-01","CLARO S.A.","50409889580","010","105752021","700027742","R DEROCY GIÁCOMO DA SILVA","","RS","4314902","100MG7W","NR","SA-NSA","","3350","3350","120","FB","","","760","","23","25","13.5","-2","X","20","072212102519","200","-30.12614","-51.21115","G","2023-11-10","2006-11-03","","b1ee85f825bad972","2032-12-22","","","Porto Alegre"
"LIC-LIC-01","CLARO S.A.","50409889580","010","105752021","700027742","R DEROCY GIÁCOMO DA SILVA","","RS","4314902","100MG7W","NR","SA-NSA","","3350","3350","240","FB","","","760","","23","25","13.5","-2","X","20","072212102519","200","-30.12614","-51.21115","G","2023-11-10","2006-11-03","","b1ee85f825bad973","2032-12-22","","","Porto Alegre"
"LIC-LIC-01","CLARO S.A.","50409889580","010","105752021","700027742","R DEROCY GIÁCOMO DA SILVA","","RS","4314902","100MG7W","NR","SA-NSA","","3350","3350","340","FB","","","760","","23","25","13.5","-1","X","20","072212102519","200","-30.12614","-51.21115","G","2023-11-10","2006-11-03","","b1ee85f825bad974","2032-12-22","","","Porto Alegre"
"LIC-LIC-01","CLARO S.A.","50409889580","010","105752021","688172580","AV GUAÍBA","","RS","4314902","100MG7W","NR","SA-NSA","","3350","3350","90","FB","","","760","212712202519","24.4","25","65","-1","X","14","212712202519","229","-30.10109","-51.26567","G","2023-11-10","2006-03-23","","b1ee85f825bad989","2032-12-22","","","Porto Alegre"
"LIC-LIC-01","CLARO S.A.","50409889580","010","105752021","688172580","AV GUAÍBA","","RS","4314902","50M0G7W","NR","SA-NSA","","2325","2325","90","FB","","","760","003692202519","24","25","70","-1","X","13","003692202519","50","-30.10109","-51.26567","G","2023-11-10","2006-03-23","","b1ee85f825bad98a","2032-12-22","","","Porto Alegre"
"LIC-LIC-01","CLARO S.A.","50409889580","010","105752021","688205615","R VOLUNTÁRIOS DA PÁTRIA","","RS","4314902","100MG7W","NR","SA-NSA","","3350","3350","85","FB","","","760","212712202519","24.4","25","65","-2","X","10","212712202519","229","-30.02681","-51.22473","G","2023-11-16","2006-03-23","","b1ee85f825bad99f","2032-12-22","","","Porto Alegre"
"LIC-LIC-01","CLARO S.A.","50409889580","010","105752021","688205615","R VOLUNTÁRIOS DA PÁTRIA","","RS","4314902","100MG7W","NR","SA-NSA","","3350","3350","240","FB","","","760","212712202519","24.4","25","65","-2","X","10","212712202519","229","-30.02681","-51.22473","G","2023-11-16","2006-03-23","","b1ee85f825bad9a0","2032-12-22","","","Porto Alegre"
"LIC-LIC-01","CLARO S.A.","50409889580","010","105752021","688205615","R VOLUNTÁRIOS DA PÁTRIA","","RS","4314902","50M0G7W","NR","SA-NSA","","2325","2325","85","FB","","","760","003692202519","24","25","70","-2","X","9","003692202519","50","-30.02681","-51.22473","G","2023-11-16","2006-03-23","","b1ee85f825bad9a1","2032-12-22","","","Porto Alegre"
"LIC-LIC-01","CLARO S.A.","50409889580","010","105752021","688205615","R VOLUNTÁRIOS DA PÁTRIA","","RS","4314902","50M0G7W","NR","SA-NSA","","2325","2325","240","FB","","","760","003692202519","24","25","70","-2","X","9","003692202519","50","-30.02681","-51.22473","G","2023-11-16","2006-03-23","","b1ee85f825bad9a2","2032-12-22","","","Porto Alegre"
"LIC-LIC-01","CLARO S.A.","50409889580","010","105752021","637090390","AV TÚLIO DE ROSE","BOURBON COUNTRY","RS","4314902","50M0G7W","NR","SA-NSA","","2325","2325","0","FB","","","168","","4","0","360","0","V","3","132072102519","50","-30.0221","-51.1621","G","2025-01-16","2002-05-20","","6f0295f803750759","2041-12-08","","","Porto Alegre"
"LIC-LIC-01","CLARO S.A.","50409889580","010","105752021","1012131197","AV FARRAPOS","","RS","4314902","100MG7W","NR","SA-NSA","","3350","3350","100","FB","","","760","","23","25","13.5","-2","X","30","072212102519","200","-30.00042","-51.19918","G","2024-10-22","2021-07-19","","c32785f82e4ebbe9","2041-12-08","","","Porto Alegre"
"LIC-LIC-01","CLARO S.A.","50409889580","010","105752021","1012131197","AV FARRAPOS","","RS","4314902","100MG7W","NR","SA-NSA","","3350","3350","190","FB","","","760","","23","25","13.5","-2","X","30","072212102519","200","-30.00042","-51.19918","G","2024-10-22","2021-07-19","","c32785f82e4ebbea","2041-12-08","","","Porto Alegre"
"LIC-LIC-01","CLARO S.A.","50409889580","010","105752021","1012131197","AV FARRAPOS","","RS","4314902","100MG7W","NR","SA-NSA","","3350","3350","320","FB","","","760","","23","25","13.5","-2","X","30","072212102519","200","-30.00042","-51.19918","G","2024-10-22","2021-07-19","","c32785f82e4ebbeb","2041-12-08","","","Porto Alegre"
"LIC-LIC-01","CLARO S.A.","50409889580","010","105752021","688206018","AV CEL. MARCOS","","RS","4314902","100MG7W","NR","SA-NSA","","3350","3350","70","FB","","","760","212712202519","24.4","25","65","-3","X","16","212712202519","229","-30.12302","-51.25446","G","2023-11-17","2006-03-23","","466185f8347924a6","2032-12-22","","","Porto Alegre"
"LIC-LIC-01","CLARO S.A.","50409889580","010","105752021","688206018","AV CEL. MARCOS","","RS","4314902","100MG7W","NR","SA-NSA","","3350","3350","325","FB","","","760","212712202519","24.4","25","65","-2","X","16","212712202519","229","-30.12302","-51.25446","G","2023-11-17","2006-03-23","","466185f8347924a7","2032-12-22","","","Porto Alegre"
"LIC-LIC-01","CLARO S.A.","50409889580","010","105752021","688206018","AV CEL. MARCOS","","RS","4314902","50M0G7W","NR","SA-NSA","","2325","2325","70","FB","","","760","003692202519","24","25","70","-2","X","15","003692202519","50","-30.12302","-51.25446","G","2023-11-17","2006-03-23","","466185f8347924a8","2032-12-22","","","Porto Alegre"
"LIC-LIC-01","CLARO S.A.","50409889580","010","105752021","688206018","AV CEL. MARCOS","","RS","4314902","50M0G7W","NR","SA-NSA","","2325","2325","325","FB","","","760","003692202519","24","25","70","-2","X","15","003692202519","50","-30.12302","-51.25446","G","2023-11-17","2006-03-23","","466185f8347924a9","2032-12-22","","","Porto Alegre"
"LIC-LIC-01","CLARO S.A.","50409889580","010","105752021","696850001","R BENTO SILVA NUNES","ACESSO PELA ESTRADA COSTA DA GAMA","RS","4314902","100MG7W","NR","SA-NSA","","3350","3350","110","FB","","","760","","23","25","13.5","-2","X","42","072212102519","200","-30.15188","-51.15835","G","2023-11-17","2012-04-19","","466185f8347924bf","2032-12-22","","","Porto Alegre"
"LIC-LIC-01","CLARO S.A.","50409889580","010","105752021","696850001","R BENTO SILVA NUNES","ACESSO PELA ESTRADA COSTA DA GAMA","RS","4314902","100MG7W","NR","SA-NSA","","3350","3350","210","FB","","","760","","23","25","13.5","-2","X","42","072212102519","200","-30.15188","-51.15835","G","2023-11-17","2012-04-19","","466185f8347924c0","2032-12-22","","","Porto Alegre"
"LIC-LIC-01","CLARO S.A.","50409889580","010","105752021","696850001","R BENTO SILVA NUNES","ACESSO PELA ESTRADA COSTA DA GAMA","RS","4314902","100MG7W","NR","SA-NSA","","3350","3350","330","FB","","","760","","23","25","13.5","-2","X","42","072212102519","200","-30.15188","-51.15835","G","2023-11-17","2012-04-19","","466185f8347924c1","2032-12-22","","","Porto Alegre"
"LIC-LIC-01","CLARO S.A.","50409889580","010","105752021","1006617237","R PADRE JOÃO BATISTA RÉUS","","RS","4314902","100MG7W","NR","SA-NSA","","3350","3350","5","FB","","","760","212712202519","24.4","25","65","-4","X","49.5","212712202519","229","-30.11123","-51.23784","G","2023-11-17","2018-05-14","","466185f8347924ce","2032-12-22","","","Porto Alegre"
"LIC-LIC-01","CLARO S.A.","50409889580","010","105752021","1006617237","R PADRE JOÃO BATISTA RÉUS","","RS","4314902","100MG7W","NR","SA-NSA","","3350","3350","90","FB","","","760","212712202519","24.4","25","65","-3","X","49.5","212712202519","229","-30.11123","-51.23784","G","2023-11-17","2018-05-14","","466185f8347924cf","2032-12-22","","","Porto Alegre"
"LIC-LIC-01","CLARO S.A.","50409889580","010","105752021","1006617237","R PADRE JOÃO BATISTA RÉUS","","RS","4314902","100MG7W","NR","SA-NSA","","3350","3350","245","FB","","","760","212712202519","24.4","25","65","-4","X","49.5","212712202519","229","-30.11123","-51.23784","G","2023-11-17","2018-05-14","","466185f8347924d0","2032-12-22","","","Porto Alegre"
"LIC-LIC-01","CLARO S.A.","50409889580","010","105752021","1006617237","R PADRE JOÃO BATISTA RÉUS","","RS","4314902","50M0G7W","NR","SA-NSA","","2325","2325","5","FB","","","760","003692202519","24","25","70","-4","X","48","003692202519","50","-30.11123","-51.23784","G","2023-11-17","2018-05-14","","466185f8347924d1","2032-12-22","","","Porto Alegre"
"LIC-LIC-01","CLARO S.A.","50409889580","010","105752021","1006617237","R PADRE JOÃO BATISTA RÉUS","","RS","4314902","50M0G7W","NR","SA-NSA","","2325","2325","90","FB","","","760","003692202519","24","25","70","-3","X","48","003692202519","50","-30.11123","-51.23784","G","2023-11-17","2018-05-14","","466185f8347924d2","2032-12-22","","","Porto Alegre"
"LIC-LIC-01","CLARO S.A.","50409889580","010","105752021","1006617237","R PADRE JOÃO BATISTA RÉUS","","RS","4314902","50M0G7W","NR","SA-NSA","","2325","2325","245","FB","","","760","003692202519","24","25","70","-4","X","48","003692202519","50","-30.11123","-51.23784","G","2023-11-17","2018-05-14","","466185f8347924d3","2032-12-22","","","Porto Alegre"
"LIC-LIC-01","CLARO S.A.","50409889580","010","105752021","536395080","R GILBERTO LASTE","","RS","4314902","50M0G7W","NR","SA-NSA","","2325","2325","0","FB","","","168","","4","10","360","0","V","3","132072102519","50","-30.0698","-51.2252","G","2023-11-17","2000-12-11","","466185f83a256090","2032-12-22","","","Porto Alegre"
"LIC-LIC-01","CLARO S.A.","50409889580","010","105752021","536395080","R GILBERTO LASTE","","RS","4314902","100MG7W","NR","SA-NSA","","3350","3350","240","FB","","","760","","23","25","13.5","-4","X","22","072212102519","200","-30.0698","-51.2252","G","2023-11-17","2000-12-11","","466185f83a256091","2032-12-22","","","Porto Alegre"
"LIC-LIC-01","CLARO S.A.","50409889580","010","105752021","536395080","R GILBERTO LASTE","","RS","4314902","100MG7W","NR","SA-NSA","","3350","3350","30","FB","","","760","","23","25","13.5","-7","X","15","072212102519","200","-30.0698","-51.2252","G","2023-11-17","2000-12-11","","466185f83a256092","2032-12-22","","","Porto Alegre"
"LIC-LIC-01","CLARO S.A.","50409889580","010","105752021","1006403334","EST CHAPEU DO SOL","","RS","4314902","100MG7W","NR","SA-NSA","","3350","3350","110","FB","","","760","","23","25","13.5","-1","X","39","072212102519","200","-30.17879","-51.17295","G","2023-11-17","2018-04-24","","466185f83a2560b1","2032-12-22","","","Porto Alegre"
"LIC-LIC-01","CLARO S.A.","50409889580","010","105752021","1006403334","EST CHAPEU DO SOL","","RS","4314902","100MG7W","NR","SA-NSA","","3350","3350","180","FB","","","760","","23","25","13.5","-1","X","39","072212102519","200","-30.17879","-51.17295","G","2023-11-17","2018-04-24","","466185f83a2560b2","2032-12-22","","","Porto Alegre"
"LIC-LIC-01","CLARO S.A.","50409889580","010","105752021","1006403334","EST CHAPEU DO SOL","","RS","4314902","100MG7W","NR","SA-NSA","","3350","3350","300","FB","","","760","","23","25","13.5","-1","X","39","072212102519","200","-30.17879","-51.17295","G","2023-11-17","2018-04-24","","466185f83a2560b3","2032-12-22","","","Porto Alegre"
"LIC-LIC-01","CLARO S.A.","50409889580","010","105752021","1005313129","AV EDGAR PIRES DE CASTRO","","RS","4314902","100MG7W","NR","SA-NSA","","3350","3350","125","FB","","","760","","23","25","13.5","-4","X","35.5","072212102519","200","-30.18563","-51.13835","G","2023-11-17","2017-10-10","","466185f83a2560d8","2032-12-22","","","Porto Alegre"
"LIC-LIC-01","CLARO S.A.","50409889580","010","105752021","1005313129","AV EDGAR PIRES DE CASTRO","","RS","4314902","100MG7W","NR","SA-NSA","","3350","3350","210","FB","","","760","","23","25","13.5","-3","X","35.5","072212102519","200","-30.18563","-51.13835","G","2023-11-17","2017-10-10","","466185f83a2560d9","2032-12-22","","","Porto Alegre"
"LIC-LIC-01","CLARO S.A.","50409889580","010","105752021","1005313129","AV EDGAR PIRES DE CASTRO","","RS","4314902","100MG7W","NR","SA-NSA","","3350","3350","340","FB","","","760","","23","25","13.5","-4","X","35.5","072212102519","200","-30.18563","-51.13835","G","2023-11-17","2017-10-10","","466185f83a2560da","2032-12-22","","","Porto Alegre"
"LIC-LIC-01","CLARO S.A.","50409889580","010","105752021","1007173561","EST RETIRO DA PONTA GROSSA","","RS","4314902","100MG7W","NR","SA-NSA","","3350","3350","115","FB","","","760","","23","25","13.5","-4","X","40","072212102519","200","-30.18447","-51.21043","G","2023-11-17","2018-09-03","","466185f83a2560ff","2032-12-22","","","Porto Alegre"
"LIC-LIC-01","CLARO S.A.","50409889580","010","105752021","1007173561","EST RETIRO DA PONTA GROSSA","","RS","4314902","100MG7W","NR","SA-NSA","","3350","3350","265","FB","","","760","","23","25","13.5","-4","X","40","072212102519","200","-30.18447","-51.21043","G","2023-11-17","2018-09-03","","466185f83a256100","2032-12-22","","","Porto Alegre"
"LIC-LIC-01","CLARO S.A.","50409889580","010","105752021","1007173561","EST RETIRO DA PONTA GROSSA","","RS","4314902","100MG7W","NR","SA-NSA","","3350","3350","345","FB","","","760","","23","25","13.5","-4","X","40","072212102519","200","-30.18447","-51.21043","G","2023-11-17","2018-09-03","","466185f83a256101","2032-12-22","","","Porto Alegre"
"LIC-LIC-01","CLARO S.A.","50409889580","010","105752021","1005332735","AV EDGAR PIRES DE CASTRO","BAIRRO ABERTA DOS MORROS","RS","4314902","100MG7W","NR","SA-NSA","","3350","3350","200","FB","","","760","","23","25","13.5","-3","X","47","072212102519","200","-30.1564","-51.17188","G","2023-11-10","2017-10-02","","466185f83a25611a","2032-12-22","","","Porto Alegre"
"LIC-LIC-01","CLARO S.A.","50409889580","010","105752021","1005332735","AV EDGAR PIRES DE CASTRO","BAIRRO ABERTA DOS MORROS","RS","4314902","100MG7W","NR","SA-NSA","","3350","3350","340","FB","","","760","","23","25","13.5","-3","X","47","072212102519","200","-30.1564","-51.17188","G","2023-11-10","2017-10-02","","466185f83a25611b","2032-12-22","","","Porto Alegre"
"LIC-LIC-01","CLARO S.A.","50409889580","010","105752021","1005332735","AV EDGAR PIRES DE CASTRO","BAIRRO ABERTA DOS MORROS","RS","4314902","100MG7W","NR","SA-NSA","","3350","3350","70","FB","","","760","","23","25","13.5","-4","X","47","072212102519","200","-30.1564","-51.17188","G","2023-11-10","2017-10-02","","466185f83a25611c","2032-12-22","","","Porto Alegre"
"LIC-LIC-01","CLARO S.A.","50409889580","010","105752021","1007413821","EST JOÃO DE OLIVEIRA REMIÃO","EM FRENTE AO Nº 2001","RS","4314902","100MG7W","NR","SA-NSA","","3350","3350","145","FB","","","760","","23","25","13.5","-3","X","34","072212102519","200","-30.09297","-51.12928","G","2023-11-10","2018-11-01","","466185f83a25613b","2032-12-22","","","Porto Alegre"
"LIC-LIC-01","CLARO S.A.","50409889580","010","105752021","1007413821","EST JOÃO DE OLIVEIRA REMIÃO","EM FRENTE AO Nº 2001","RS","4314902","100MG7W","NR","SA-NSA","","3350","3350","260","FB","","","760","","23","25","13.5","-3","X","34","072212102519","200","-30.09297","-51.12928","G","2023-11-10","2018-11-01","","466185f83a25613c","2032-12-22","","","Porto Alegre"
"LIC-LIC-01","CLARO S.A.","50409889580","010","105752021","1007413821","EST JOÃO DE OLIVEIRA REMIÃO","EM FRENTE AO Nº 2001","RS","4314902","100MG7W","NR","SA-NSA","","3350","3350","55","FB","","","760","","23","25","13.5","-2","X","34","072212102519","200","-30.09297","-51.12928","G","2023-11-10","2018-11-01","","466185f83a25613d","2032-12-22","","","Porto Alegre"
"LIC-LIC-01","CLARO S.A.","50409889580","010","105752021","1006617288","EST ESTRADA JOÃO DE OLIVEIRA REMIÃO","AO LADO DO Nº 748","RS","4314902","100MG7W","NR","SA-NSA","","3350","3350","185","FB","","","760","","23","25","13.5","-3","X","60.5","072212102519","200","-30.08335","-51.13163","G","2023-11-10","2018-05-14","","466185f83a256162","2032-12-22","","","Porto Alegre"
"LIC-LIC-01","CLARO S.A.","50409889580","010","105752021","1006617288","EST ESTRADA JOÃO DE OLIVEIRA REMIÃO","AO LADO DO Nº 748","RS","4314902","100MG7W","NR","SA-NSA","","3350","3350","330","FB","","","760","","23","25","13.5","-2","X","60.5","072212102519","200","-30.08335","-51.13163","G","2023-11-10","2018-05-14","","466185f83a256163","2032-12-22","","","Porto Alegre"
"LIC-LIC-01","CLARO S.A.","50409889580","010","105752021","1006617288","EST ESTRADA JOÃO DE OLIVEIRA REMIÃO","AO LADO DO Nº 748","RS","4314902","100MG7W","NR","SA-NSA","","3350","3350","90","FB","","","760","","23","25","13.5","-1","X","60.5","072212102519","200","-30.08335","-51.13163","G","2023-11-10","2018-05-14","","466185f83a256164","2032-12-22","","","Porto Alegre"
"LIC-LIC-01","CLARO S.A.","50409889580","010","105752021","1006617296","R CORONEL DASTRO DUTRA","","RS","4314902","100MG7W","NR","SA-NSA","","3350","3350","240","FB","","","760","","23","25","13.5","-6","X","54","072212102519","200","-30.1432","-51.13832","G","2023-11-10","2018-05-14","","466185f83a256183","2032-12-22","","","Porto Alegre"
"LIC-LIC-01","CLARO S.A.","50409889580","010","105752021","1006617296","R CORONEL DASTRO DUTRA","","RS","4314902","100MG7W","NR","SA-NSA","","3350","3350","350","FB","","","760","","23","25","13.5","-4","X","54","072212102519","200","-30.1432","-51.13832","G","2023-11-10","2018-05-14","","466185f83a256184","2032-12-22","","","Porto Alegre"
"LIC-LIC-01","CLARO S.A.","50409889580","010","105752021","1006617296","R CORONEL DASTRO DUTRA","","RS","4314902","100MG7W","NR","SA-NSA","","3350","3350","70","FB","","","760","","23","25","13.5","-6","X","54","072212102519","200","-30.1432","-51.13832","G","2023-11-10","2018-05-14","","466185f83a256185","2032-12-22","","","Porto Alegre"
"LIC-LIC-01","CLARO S.A.","50409889580","010","105752021","698154690","AV MANOEL ELIAS","","RS","4314902","100MG7W","NR","SA-NSA","","3350","3350","350","FB","","","760","","23","25","13.5","-3","X","30","072212102519","200","-30.03686","-51.12188","G","2023-11-17","2012-12-20","","abeb95f84ed1bdab","2032-12-22","","","Porto Alegre"
"LIC-LIC-01","CLARO S.A.","50409889580","010","105752021","698154690","AV MANOEL ELIAS","","RS","4314902","100MG7W","NR","SA-NSA","","3350","3350","90","FB","","","760","","23","25","13.5","-1","X","30","072212102519","200","-30.03686","-51.12188","G","2023-11-17","2012-12-20","","abeb95f84ed1bdac","2032-12-22","","","Porto Alegre"
"LIC-LIC-01","CLARO S.A.","50409889580","010","105752021","698154690","AV MANOEL ELIAS","","RS","4314902","100MG7W","NR","SA-NSA","","3350","3350","215","FB","","","760","","23","25","13.5","-1","X","30","072212102519","200","-30.03686","-51.12188","G","2023-11-17","2012-12-20","","abeb95f84ed1bdad","2032-12-22","","","Porto Alegre"
"LIC-LIC-01","CLARO S.A.","50409889580","010","105752021","1009411630","ESTRADA ANTONIO SEVERINO","CELLPOSTE - ESCOLA MARISTA","RS","4314902","100MG7W","NR","SA-NSA","","3350","3350","350","FB","","","760","","23","25","13.5","-3","X","17","072212102519","200","-30.02384","-51.09517","G","2023-11-10","2019-10-29","","abeb95f84ed1bdb4","2032-12-22","","","Porto Alegre"
"LIC-LIC-01","CLARO S.A.","50409889580","010","105752021","1009411630","ESTRADA ANTONIO SEVERINO","CELLPOSTE - ESCOLA MARISTA","RS","4314902","100MG7W","NR","SA-NSA","","3350","3350","110","FB","","","760","","23","25","13.5","-3","X","17","072212102519","200","-30.02384","-51.09517","G","2023-11-10","2019-10-29","","abeb95f84ed1bdb5","2032-12-22","","","Porto Alegre"
"LIC-LIC-01","CLARO S.A.","50409889580","010","105752021","1009411630","ESTRADA ANTONIO SEVERINO","CELLPOSTE - ESCOLA MARISTA","RS","4314902","100MG7W","NR","SA-NSA","","3350","3350","250","FB","","","760","","23","25","13.5","-3","X","17","072212102519","200","-30.02384","-51.09517","G","2023-11-10","2019-10-29","","abeb95f84ed1bdb6","2032-12-22","","","Porto Alegre"
"LIC-LIC-01","CLARO S.A.","50409889580","010","105752021","688172660","AV DA CAVALHADA","","RS","4314902","100MG7W","NR","SA-NSA","","3350","3350","20","FB","","","760","","23","25","13.5","-5","X","20","072212102519","200","-30.12032","-51.22499","G","2023-11-17","2006-03-23","","abeb95f84ed1bde1","2032-12-22","","","Porto Alegre"
"LIC-LIC-01","CLARO S.A.","50409889580","010","105752021","688172660","AV DA CAVALHADA","","RS","4314902","100MG7W","NR","SA-NSA","","3350","3350","125","FB","","","760","","23","25","13.5","-5","X","20","072212102519","200","-30.12032","-51.22499","G","2023-11-17","2006-03-23","","abeb95f84ed1bde2","2032-12-22","","","Porto Alegre"
"LIC-LIC-01","CLARO S.A.","50409889580","010","105752021","688172660","AV DA CAVALHADA","","RS","4314902","100MG7W","NR","SA-NSA","","3350","3350","215","FB","","","760","","23","25","13.5","-3","X","20","072212102519","200","-30.12032","-51.22499","G","2023-11-17","2006-03-23","","abeb95f84ed1bde3","2032-12-22","","","Porto Alegre"
"LIC-LIC-01","CLARO S.A.","50409889580","010","105752021","696720108","R CORONEL APARICIO BORGES","FUNDOS DA IGREJA","RS","4314902","100MG7W","NR","SA-NSA","","3350","3350","20","FB","","","760","","23","25","13.5","-4","X","26.5","072212102519","200","-30.07367","-51.19526","G","2023-11-10","2012-04-11","","fef895f853ba51f8","2032-12-22","","","Porto Alegre"
"LIC-LIC-01","CLARO S.A.","50409889580","010","105752021","696720108","R CORONEL APARICIO BORGES","FUNDOS DA IGREJA","RS","4314902","100MG7W","NR","SA-NSA","","3350","3350","160","FB","","","760","","23","25","13.5","0","X","26.5","072212102519","200","-30.07367","-51.19526","G","2023-11-10","2012-04-11","","fef895f853ba51f9","2032-12-22","","","Porto Alegre"
"LIC-LIC-01","CLARO S.A.","50409889580","010","105752021","696720108","R CORONEL APARICIO BORGES","FUNDOS DA IGREJA","RS","4314902","100MG7W","NR","SA-NSA","","3350","3350","250","FB","","","760","","23","25","13.5","-2","X","26.5","072212102519","200","-30.07367","-51.19526","G","2023-11-10","2012-04-11","","fef895f853ba51fa","2032-12-22","","","Porto Alegre"
"LIC-LIC-01","CLARO S.A.","50409889580","010","105752021","688170188","AV OTTO NIEMEYER","","RS","4314902","100MG7W","NR","SA-NSA","","3350","3350","70","FB","","","760","","23","25","13.5","0","X","18.5","072212102519","200","-30.1022","-51.2322","G","2023-11-10","2006-03-23","","e97195f8061ba1f0","2032-12-22","","","Porto Alegre"
"LIC-LIC-01","CLARO S.A.","50409889580","010","105752021","688170188","AV OTTO NIEMEYER","","RS","4314902","100MG7W","NR","SA-NSA","","3350","3350","190","FB","","","760","","23","25","13.5","0","X","18.5","072212102519","200","-30.1022","-51.2322","G","2023-11-10","2006-03-23","","e97195f8061ba1f1","2032-12-22","","","Porto Alegre"
"LIC-LIC-01","CLARO S.A.","50409889580","010","105752021","688170188","AV OTTO NIEMEYER","","RS","4314902","100MG7W","NR","SA-NSA","","3350","3350","290","FB","","","760","","23","25","13.5","0","X","18.5","072212102519","200","-30.1022","-51.2322","G","2023-11-10","2006-03-23","","e97195f8061ba1f2","2032-12-22","","","Porto Alegre"
"LIC-LIC-01","CLARO S.A.","50409889580","010","105752021","687287928","R CORRÊA LIMA","","RS","4314902","100MG7W","NR","SA-NSA","","3350","3350","45","FB","","","760","","23","25","13.5","-5","X","31.7","072212102519","200","-30.072","-51.2317","G","2023-11-17","2005-07-21","","e97195f8061ba208","2032-12-22","","","Porto Alegre"
"LIC-LIC-01","CLARO S.A.","50409889580","010","105752021","687287928","R CORRÊA LIMA","","RS","4314902","100MG7W","NR","SA-NSA","","3350","3350","170","FB","","","760","","23","25","13.5","-4","X","31.7","072212102519","200","-30.072","-51.2317","G","2023-11-17","2005-07-21","","e97195f8061ba209","2032-12-22","","","Porto Alegre"
"LIC-LIC-01","CLARO S.A.","50409889580","010","105752021","687287928","R CORRÊA LIMA","","RS","4314902","100MG7W","NR","SA-NSA","","3350","3350","310","FB","","","760","","23","25","13.5","-6","X","31.7","072212102519","200","-30.072","-51.2317","G","2023-11-17","2005-07-21","","e97195f8061ba20a","2032-12-22","","","Porto Alegre"
"LIC-LIC-01","CLARO S.A.","50409889580","010","105752021","523074670","R ZEPPELIN","AO LADO Nº 185","RS","4314902","100MG7W","NR","SA-NSA","","3350","3350","170","FB","","","760","","23","25","13.5","-5","X","42","072212102519","200","-30.1261","-51.1007","G","2023-11-10","2000-06-01","","e97195f80b571bae","2032-12-22","","","Porto Alegre"
"LIC-LIC-01","CLARO S.A.","50409889580","010","105752021","523074670","R ZEPPELIN","AO LADO Nº 185","RS","4314902","100MG7W","NR","SA-NSA","","3350","3350","20","FB","","","760","","23","25","13.5","-5","X","42","072212102519","200","-30.1261","-51.1007","G","2023-11-10","2000-06-01","","e97195f80b571baf","2032-12-22","","","Porto Alegre"
"LIC-LIC-01","CLARO S.A.","50409889580","010","105752021","523074670","R ZEPPELIN","AO LADO Nº 185","RS","4314902","100MG7W","NR","SA-NSA","","3350","3350","250","FB","","","760","","23","25","13.5","-3","X","42","072212102519","200","-30.1261","-51.1007","G","2023-11-10","2000-06-01","","e97195f80b571bb0","2032-12-22","","","Porto Alegre"
"LIC-LIC-01","CLARO S.A.","50409889580","010","105752021","684715600","R AMAPÁ","ENTRADA PELA RUA ALBERTO BALESTRIN","RS","4314902","100MG7W","NR","SA-NSA","","3350","3350","160","FB","","","760","","23","25","13.5","-6","X","34","072212102519","200","-30.107","-51.22028","G","2023-11-10","2004-09-24","","e97195f80b571bcf","2032-12-22","","","Porto Alegre"
"LIC-LIC-01","CLARO S.A.","50409889580","010","105752021","684715600","R AMAPÁ","ENTRADA PELA RUA ALBERTO BALESTRIN","RS","4314902","100MG7W","NR","SA-NSA","","3350","3350","290","FB","","","760","","23","25","13.5","-2","X","34","072212102519","200","-30.107","-51.22028","G","2023-11-10","2004-09-24","","e97195f80b571bd0","2032-12-22","","","Porto Alegre"
"LIC-LIC-01","CLARO S.A.","50409889580","010","105752021","684715600","R AMAPÁ","ENTRADA PELA RUA ALBERTO BALESTRIN","RS","4314902","100MG7W","NR","SA-NSA","","3350","3350","50","FB","","","760","","23","25","13.5","-1","X","34","072212102519","200","-30.107","-51.22028","G","2023-11-10","2004-09-24","","e97195f80b571bd1","2032-12-22","","","Porto Alegre"
"LIC-LIC-01","CLARO S.A.","50409889580","010","105752021","1005494123","AV CORONEL MARCOS","","RS","4314902","50M0G7W","NR","SA-NSA","","2325","2325","145","FB","","","760","003692202519","24","25","70","-4","X","25","003692202519","50","-30.12325","-51.2455","G","2023-11-10","2017-12-19","","e97195f80b571be4","2032-12-22","","","Porto Alegre"
"LIC-LIC-01","CLARO S.A.","50409889580","010","105752021","1005494123","AV CORONEL MARCOS","","RS","4314902","50M0G7W","NR","SA-NSA","","2325","2325","265","FB","","","760","003692202519","24","25","70","-4","X","25","003692202519","50","-30.12325","-51.2455","G","2023-11-10","2017-12-19","","e97195f80b571be5","2032-12-22","","","Porto Alegre"
"LIC-LIC-01","CLARO S.A.","50409889580","010","105752021","1005494123","AV CORONEL MARCOS","","RS","4314902","100MG7W","NR","SA-NSA","","3350","3350","145","FB","","","760","212712202519","24.4","25","65","-4","X","26","212712202519","229","-30.12325","-51.2455","G","2023-11-10","2017-12-19","","e97195f80b571be6","2032-12-22","","","Porto Alegre"
"LIC-LIC-01","CLARO S.A.","50409889580","010","105752021","1005494123","AV CORONEL MARCOS","","RS","4314902","100MG7W","NR","SA-NSA","","3350","3350","265","FB","","","760","212712202519","24.4","25","65","-4","X","26","212712202519","229","-30.12325","-51.2455","G","2023-11-10","2017-12-19","","e97195f80b571be7","2032-12-22","","","Porto Alegre"
"LIC-LIC-01","TIM S A","50409314250","010","105812021","674613511","Avenida Baltazar De Oliveira Garcia","-","RS","4314902","100MG7W","NR","SA-NSA","","3550","3550","30","FB","","","760","116672103257","25","25","65","0","X","29.5","116672103257","200","-30.010778","-51.132694","G","2024-08-27","2002-09-18","","213495f83a614ecc","2041-12-08","","","Porto Alegre"
"LIC-LIC-01","TIM S A","50409314250","010","105812021","674613511","Avenida Baltazar De Oliveira Garcia","-","RS","4314902","100MG7W","NR","SA-NSA","","3550","3550","150","FB","","","760","116672103257","25","25","65","0","X","29.5","116672103257","200","-30.010778","-51.132694","G","2024-08-27","2002-09-18","","213495f83a614ecd","2041-12-08","","","Porto Alegre"
"LIC-LIC-01","TIM S A","50409314250","010","105812021","674613511","Avenida Baltazar De Oliveira Garcia","-","RS","4314902","100MG7W","NR","SA-NSA","","3550","3550","270","FB","","","760","116672103257","25","25","65","0","X","29.5","116672103257","200","-30.010778","-51.132694","G","2024-08-27","2002-09-18","","213495f83a614ece","2041-12-08","","","Porto Alegre"
"LIC-LIC-01","TIM S A","50409314250","010","105812021","687416191","Avenida Ipiranga","-","RS","4314902","100MG7W","NR","SA-NSA","","3550","3550","15","FB","","","760","116672103257","25","25","65","-3","X","48","116672103257","200","-30.057944","-51.172444","G","2024-10-11","2005-09-06","","213495f83a614f8d","2041-12-08","","","Porto Alegre"
"LIC-LIC-01","TIM S A","50409314250","010","105812021","687416191","Avenida Ipiranga","-","RS","4314902","100MG7W","NR","SA-NSA","","3550","3550","195","FB","","","760","116672103257","25","25","65","-3","X","48","116672103257","200","-30.057944","-51.172444","G","2024-10-11","2005-09-06","","213495f83a614f8e","2041-12-08","","","Porto Alegre"
"LIC-LIC-01","TIM S A","50409314250","010","105812021","687416191","Avenida Ipiranga","-","RS","4314902","100MG7W","NR","SA-NSA","","3550","3550","270","FB","","","760","116672103257","25","25","65","-3","X","48","116672103257","200","-30.057944","-51.172444","G","2024-10-11","2005-09-06","","213495f83a614f8f","2041-12-08","","","Porto Alegre"
"LIC-LIC-01","CLARO S.A.","50409889580","010","105752021","568686039","AV JOSÉ LUTZEMBERGER","","RS","4314902","100MG7W","NR","SA-NSA","","3350","3350","65","FB","","","760","","23","25","13.5","-4","X","29","072212102519","200","-29.9762","-51.1746","G","2023-11-17","2001-01-10","","e4e495f82f35950e","2032-12-22","","","Porto Alegre"
"LIC-LIC-01","CLARO S.A.","50409889580","010","105752021","568686039","AV JOSÉ LUTZEMBERGER","","RS","4314902","100MG7W","NR","SA-NSA","","3350","3350","170","FB","","","760","","23","25","13.5","-4","X","29","072212102519","200","-29.9762","-51.1746","G","2023-11-17","2001-01-10","","e4e495f82f35950f","2032-12-22","","","Porto Alegre"
"LIC-LIC-01","CLARO S.A.","50409889580","010","105752021","568686039","AV JOSÉ LUTZEMBERGER","","RS","4314902","100MG7W","NR","SA-NSA","","3350","3350","310","FB","","","760","","23","25","13.5","-2","X","29","072212102519","200","-29.9762","-51.1746","G","2023-11-17","2001-01-10","","e4e495f82f359510","2032-12-22","","","Porto Alegre"
"LIC-LIC-01","CLARO S.A.","50409889580","010","105752021","689145292","R MERIDIONAL","","RS","4314902","100MG7W","NR","SA-NSA","","3350","3350","60","FB","","","760","","23","25","13.5","-5","X","48","072212102519","200","-30.15716","-51.13791","G","2023-11-10","2007-04-30","","e4e495f82f359550","2032-12-22","","","Porto Alegre"
"LIC-LIC-01","CLARO S.A.","50409889580","010","105752021","689145292","R MERIDIONAL","","RS","4314902","100MG7W","NR","SA-NSA","","3350","3350","200","FB","","","760","","23","25","13.5","-5","X","48","072212102519","200","-30.15716","-51.13791","G","2023-11-10","2007-04-30","","e4e495f82f359551","2032-12-22","","","Porto Alegre"
"LIC-LIC-01","CLARO S.A.","50409889580","010","105752021","689145292","R MERIDIONAL","","RS","4314902","100MG7W","NR","SA-NSA","","3350","3350","330","FB","","","760","","23","25","13.5","-5","X","48","072212102519","200","-30.15716","-51.13791","G","2023-11-10","2007-04-30","","e4e495f82f359552","2032-12-22","","","Porto Alegre"
"LIC-LIC-01","CLARO S.A.","50409889580","010","105752021","687276462","R FILIPINAS","","RS","4314902","100MG7W","NR","SA-NSA","","3350","3350","20","FB","","","760","","23","25","13.5","-1","X","33","072212102519","200","-29.9995","-51.1535","G","2024-10-22","2005-07-21","","e4e495f82f359559","2041-12-08","","","Porto Alegre"
"LIC-LIC-01","CLARO S.A.","50409889580","010","105752021","687276462","R FILIPINAS","","RS","4314902","100MG7W","NR","SA-NSA","","3350","3350","150","FB","","","760","","23","25","13.5","-2","X","33","072212102519","200","-29.9995","-51.1535","G","2024-10-22","2005-07-21","","e4e495f82f35955a","2041-12-08","","","Porto Alegre"
"LIC-LIC-01","CLARO S.A.","50409889580","010","105752021","687276462","R FILIPINAS","","RS","4314902","100MG7W","NR","SA-NSA","","3350","3350","250","FB","","","760","","23","25","13.5","-1","X","33","072212102519","200","-29.9995","-51.1535","G","2024-10-22","2005-07-21","","e4e495f82f35955b","2041-12-08","","","Porto Alegre"
"LIC-LIC-01","CLARO S.A.","50409889580","010","105752021","679413650","R DOS CARIJÓS","","RS","4314902","100MG7W","NR","SA-NSA","","3350","3350","15","FB","","","760","","23","25","13.5","-2","X","33.5","072212102519","200","-30.1489","-51.2219","G","2023-11-10","2002-08-13","","e4e495f82f3595b5","2032-12-22","","","Porto Alegre"
"LIC-LIC-01","CLARO S.A.","50409889580","010","105752021","679413650","R DOS CARIJÓS","","RS","4314902","100MG7W","NR","SA-NSA","","3350","3350","95","FB","","","760","","23","25","13.5","-2","X","33.5","072212102519","200","-30.1489","-51.2219","G","2023-11-10","2002-08-13","","e4e495f82f3595b6","2032-12-22","","","Porto Alegre"
"LIC-LIC-01","CLARO S.A.","50409889580","010","105752021","679413650","R DOS CARIJÓS","","RS","4314902","100MG7W","NR","SA-NSA","","3350","3350","185","FB","","","760","","23","25","13.5","-6","X","33.5","072212102519","200","-30.1489","-51.2219","G","2023-11-10","2002-08-13","","e4e495f82f3595b7","2032-12-22","","","Porto Alegre"
"LIC-LIC-01","CLARO S.A.","50409889580","010","105752021","695379771","EST JOÃO DE OLIVEIRA REMIÃO","","RS","4314902","100MG7W","NR","SA-NSA","","3350","3350","0","FB","","","760","","23","25","13.5","-6","X","29.5","072212102519","200","-30.12055","-51.10884","G","2023-11-10","2011-04-20","","e4e495f82f3595e2","2032-12-22","","","Porto Alegre"
"LIC-LIC-01","CLARO S.A.","50409889580","010","105752021","695379771","EST JOÃO DE OLIVEIRA REMIÃO","","RS","4314902","100MG7W","NR","SA-NSA","","3350","3350","130","FB","","","760","","23","25","13.5","-6","X","29.5","072212102519","200","-30.12055","-51.10884","G","2023-11-10","2011-04-20","","e4e495f82f3595e3","2032-12-22","","","Porto Alegre"
"LIC-LIC-01","CLARO S.A.","50409889580","010","105752021","695379771","EST JOÃO DE OLIVEIRA REMIÃO","","RS","4314902","100MG7W","NR","SA-NSA","","3350","3350","270","FB","","","760","","23","25","13.5","-6","X","29.5","072212102519","200","-30.12055","-51.10884","G","2023-11-10","2011-04-20","","e4e495f82f3595e4","2032-12-22","","","Porto Alegre"
"LIC-LIC-01","CLARO S.A.","50409889580","010","105752021","405604653","R VINTE QUATRO DE OUTUBRO","","RS","4314902","50M0G7W","NR","SA-NSA","","2325","2325","0","FB","","","760","","4","10","360","0","V","3","132072102519","50","-30.0274","-51.2038","G","2024-08-28","2004-01-06","","5de895f80119d9e8","2041-12-08","","","Porto Alegre"
"LIC-LIC-01","CLARO S.A.","50409889580","010","105752021","695313894","AV BENTO GONÇALVES","","RS","4314902","100MG7W","NR","SA-NSA","","3350","3350","150","FB","","","760","","23","25","13.5","-2","X","20","072212102519","200","-30.06256","-51.1758","G","2023-11-10","2011-03-31","","7bbb95f8066a952e","2032-12-22","","","Porto Alegre"
"LIC-LIC-01","CLARO S.A.","50409889580","010","105752021","695313894","AV BENTO GONÇALVES","","RS","4314902","100MG7W","NR","SA-NSA","","3350","3350","250","FB","","","760","","23","25","13.5","-3","X","20","072212102519","200","-30.06256","-51.1758","G","2023-11-10","2011-03-31","","7bbb95f8066a952f","2032-12-22","","","Porto Alegre"
"LIC-LIC-01","CLARO S.A.","50409889580","010","105752021","695313894","AV BENTO GONÇALVES","","RS","4314902","100MG7W","NR","SA-NSA","","3350","3350","30","FB","","","760","","23","25","13.5","-3","X","20","072212102519","200","-30.06256","-51.1758","G","2023-11-10","2011-03-31","","7bbb95f8066a9530","2032-12-22","","","Porto Alegre"
"LIC-LIC-01","CLARO S.A.","50409889580","010","105752021","687484650","R PORTO CALVO","DE FRENTE AO 212","RS","4314902","50M0G7W","NR","SA-NSA","","2325","2325","160","FB","","","760","003692202519","24","25","70","-3","X","34","003692202519","50","-30.13","-51.2345","G","2023-11-10","2005-09-29","","7bbb95f8066a9551","2032-12-22","","","Porto Alegre"
"LIC-LIC-01","CLARO S.A.","50409889580","010","105752021","687484650","R PORTO CALVO","DE FRENTE AO 212","RS","4314902","50M0G7W","NR","SA-NSA","","2325","2325","280","FB","","","760","003692202519","24","25","70","-3","X","34","003692202519","50","-30.13","-51.2345","G","2023-11-10","2005-09-29","","7bbb95f8066a9552","2032-12-22","","","Porto Alegre"
"LIC-LIC-01","CLARO S.A.","50409889580","010","105752021","687484650","R PORTO CALVO","DE FRENTE AO 212","RS","4314902","50M0G7W","NR","SA-NSA","","2325","2325","30","FB","","","760","003692202519","24","25","70","-3","X","34","003692202519","50","-30.13","-51.2345","G","2023-11-10","2005-09-29","","7bbb95f8066a9553","2032-12-22","","","Porto Alegre"
"LIC-LIC-01","CLARO S.A.","50409889580","010","105752021","687484650","R PORTO CALVO","DE FRENTE AO 212","RS","4314902","100MG7W","NR","SA-NSA","","3350","3350","160","FB","","","760","212712202519","24.4","25","65","-4","X","35","212712202519","229","-30.13","-51.2345","G","2023-11-10","2005-09-29","","7bbb95f8066a9554","2032-12-22","","","Porto Alegre"
"LIC-LIC-01","CLARO S.A.","50409889580","010","105752021","687484650","R PORTO CALVO","DE FRENTE AO 212","RS","4314902","100MG7W","NR","SA-NSA","","3350","3350","280","FB","","","760","212712202519","24.4","25","65","-4","X","35","212712202519","229","-30.13","-51.2345","G","2023-11-10","2005-09-29","","7bbb95f8066a9555","2032-12-22","","","Porto Alegre"
"LIC-LIC-01","CLARO S.A.","50409889580","010","105752021","687484650","R PORTO CALVO","DE FRENTE AO 212","RS","4314902","100MG7W","NR","SA-NSA","","3350","3350","30","FB","","","760","212712202519","24.4","25","65","-3","X","35","212712202519","229","-30.13","-51.2345","G","2023-11-10","2005-09-29","","7bbb95f8066a9556","2032-12-22","","","Porto Alegre"
"LIC-LIC-01","CLARO S.A.","50409889580","010","105752021","689809190","R DORIVAL CASTILHOS MACHADO","","RS","4314902","100MG7W","NR","SA-NSA","","3350","3350","140","FB","","","760","","23","25","13.5","-3","X","35","072212102519","200","-30.16158","-51.19305","G","2023-11-10","2007-11-13","","7bbb95f8066a9575","2032-12-22","","","Porto Alegre"
"LIC-LIC-01","CLARO S.A.","50409889580","010","105752021","689809190","R DORIVAL CASTILHOS MACHADO","","RS","4314902","100MG7W","NR","SA-NSA","","3350","3350","310","FB","","","760","","23","25","13.5","-3","X","35","072212102519","200","-30.16158","-51.19305","G","2023-11-10","2007-11-13","","7bbb95f8066a9576","2032-12-22","","","Porto Alegre"
"LIC-LIC-01","CLARO S.A.","50409889580","010","105752021","689809190","R DORIVAL CASTILHOS MACHADO","","RS","4314902","100MG7W","NR","SA-NSA","","3350","3350","60","FB","","","760","","23","25","13.5","-3","X","35","072212102519","200","-30.16158","-51.19305","G","2023-11-10","2007-11-13","","7bbb95f8066a9577","2032-12-22","","","Porto Alegre"
"LIC-LIC-01","TIM S A","50409314250","010","105812021","659026783","Rua Rádio E Tv Gaúcha 189","-","RS","4314902","100MG7W","NR","SA-NSA","","3550","3550","50","FB","","","760","168242103257","23.8","25","65","0","X","76","168242103257","200","-30.071222","-51.230222","G","2024-08-27","2002-09-18","","578695f8008ed6d6","2041-12-08","","","Porto Alegre"
"LIC-LIC-01","TIM S A","50409314250","010","105812021","659026783","Rua Rádio E Tv Gaúcha 189","-","RS","4314902","100MG7W","NR","SA-NSA","","3550","3550","150","FB","","","760","168242103257","23.8","25","65","0","X","78","168242103257","200","-30.071222","-51.230222","G","2024-08-27","2002-09-18","","578695f8008ed6d7","2041-12-08","","","Porto Alegre"
"LIC-LIC-01","TIM S A","50409314250","010","105812021","659026783","Rua Rádio E Tv Gaúcha 189","-","RS","4314902","100MG7W","NR","SA-NSA","","3550","3550","250","FB","","","760","168242103257","23.8","25","65","0","X","78","168242103257","200","-30.071222","-51.230222","G","2024-08-27","2002-09-18","","578695f8008ed6d8","2041-12-08","","","Porto Alegre"
"LIC-LIC-01","TIM S A","50409314250","010","105812021","684134578","Rua Cel João Pacheco De Freitas 525","-","RS","4314902","100MG7W","NR","SA-NSA","","3550","3550","20","FB","","","760","168242103257","23.8","25","65","0","X","36","168242103257","200","-30.03056","-51.13556","G","2024-09-05","2010-12-08","","578695f8008ed846","2041-12-08","","","Porto Alegre"
"LIC-LIC-01","TIM S A","50409314250","010","105812021","684134578","Rua Cel João Pacheco De Freitas 525","-","RS","4314902","100MG7W","NR","SA-NSA","","3550","3550","140","FB","","","760","168242103257","23.8","25","65","0","X","36","168242103257","200","-30.03056","-51.13556","G","2024-09-05","2010-12-08","","578695f8008ed847","2041-12-08","","","Porto Alegre"
"LIC-LIC-01","TIM S A","50409314250","010","105812021","684134578","Rua Cel João Pacheco De Freitas 525","-","RS","4314902","100MG7W","NR","SA-NSA","","3550","3550","235","FB","","","760","168242103257","23.8","25","65","0","X","36","168242103257","200","-30.03056","-51.13556","G","2024-09-05","2010-12-08","","578695f8008ed848","2041-12-08","","","Porto Alegre"
"LIC-LIC-01","TELEFONICA BRASIL S.A.","50409146366","010","105802021","699873843","AVENIDA SILVA PAES","","RS","4314902","100MG7W","NR","SA-NSA","","3450","3450","100","FB","","","760","1900-03-21","25","25","10.5","0","X","28","116652103257","200","-30.06961","-51.21301","G","2024-06-04","2014-04-02","","18e685f8293a0fca","2041-12-08","","","Porto Alegre"
"LIC-LIC-01","TELEFONICA BRASIL S.A.","50409146366","010","105802021","699873843","AVENIDA SILVA PAES","","RS","4314902","100MG7W","NR","SA-NSA","","3450","3450","240","FB","","","760","1900-03-21","25","25","10.5","0","X","28","116652103257","200","-30.06961","-51.21301","G","2024-06-04","2014-04-02","","18e685f8293a0fcb","2041-12-08","","","Porto Alegre"
"LIC-LIC-01","TELEFONICA BRASIL S.A.","50409146366","010","105802021","699873843","AVENIDA SILVA PAES","","RS","4314902","100MG7W","NR","SA-NSA","","3450","3450","330","FB","","","760","1901-03-13","25","25","10.5","0","X","28","116652103257","200","-30.06961","-51.21301","G","2024-06-04","2014-04-02","","18e685f8293a0fcc","2041-12-08","","","Porto Alegre"
"LIC-LIC-01","CLARO S.A.","50409889580","010","105752021","1000202698","R GILBERTO LASTE","BIT","RS","4314902","100MG7W","NR","SA-NSA","","3350","3350","20","FB","","","760","","23","25","13.5","0","X","18","072212102519","200","-30.0698","-51.2252","G","2023-07-25","2014-06-05","","5b5695f802da0929","2041-12-08","","","Porto Alegre"
"LIC-LIC-01","CLARO S.A.","50409889580","010","105752021","1000202698","R GILBERTO LASTE","BIT","RS","4314902","100MG7W","NR","SA-NSA","","3350","3350","200","FB","","","760","","23","25","13.5","0","X","18","072212102519","200","-30.0698","-51.2252","G","2023-07-25","2014-06-05","","5b5695f802da092a","2041-12-08","","","Porto Alegre"
"LIC-LIC-01","CLARO S.A.","50409889580","010","105752021","1000202698","R GILBERTO LASTE","BIT","RS","4314902","100MG7W","NR","SA-NSA","","3350","3350","290","FB","","","760","","23","25","13.5","0","X","18","072212102519","200","-30.0698","-51.2252","G","2023-07-25","2014-06-05","","5b5695f802da092b","2041-12-08","","","Porto Alegre"
"LIC-LIC-01","CLARO S.A.","50409889580","010","105752021","1000202698","R GILBERTO LASTE","BIT","RS","4314902","50M0G7W","NR","SA-NSA","","2325","2325","20","FB","","","760","102722102519","25","25","65","0","X","18","102722102519","50","-30.0698","-51.2252","G","2023-07-25","2014-06-05","","5b5695f802da092c","2041-12-08","","","Porto Alegre"
"LIC-LIC-01","CLARO S.A.","50409889580","010","105752021","1000202698","R GILBERTO LASTE","BIT","RS","4314902","50M0G7W","NR","SA-NSA","","2325","2325","200","FB","","","760","102722102519","25","25","65","0","X","18","102722102519","50","-30.0698","-51.2252","G","2023-07-25","2014-06-05","","5b5695f802da092d","2041-12-08","","","Porto Alegre"
"LIC-LIC-01","CLARO S.A.","50409889580","010","105752021","1000202698","R GILBERTO LASTE","BIT","RS","4314902","50M0G7W","NR","SA-NSA","","2325","2325","290","FB","","","760","102722102519","25","25","65","0","X","18","102722102519","50","-30.0698","-51.2252","G","2023-07-25","2014-06-05","","5b5695f802da092e","2041-12-08","","","Porto Alegre"
"LIC-LIC-01","CLARO S.A.","50409889580","010","105752021","1006617229","R CARVALHO DE FREITAS","","RS","4314902","100MG7W","NR","SA-NSA","","3350","3350","340","FB","","","760","","23","25","13.5","-1","X","40","072212102519","200","-30.07941","-51.20311","G","2023-11-17","2018-05-14","","ea1a95f803733011","2032-12-22","","","Porto Alegre"
"LIC-LIC-01","CLARO S.A.","50409889580","010","105752021","1006617229","R CARVALHO DE FREITAS","","RS","4314902","100MG7W","NR","SA-NSA","","3350","3350","80","FB","","","760","","23","25","13.5","-3","X","40","072212102519","200","-30.07941","-51.20311","G","2023-11-17","2018-05-14","","ea1a95f803733012","2032-12-22","","","Porto Alegre"
"LIC-LIC-01","CLARO S.A.","50409889580","010","105752021","1006617229","R CARVALHO DE FREITAS","","RS","4314902","100MG7W","NR","SA-NSA","","3350","3350","230","FB","","","760","","23","25","13.5","-3","X","40","072212102519","200","-30.07941","-51.20311","G","2023-11-17","2018-05-14","","ea1a95f803733013","2032-12-22","","","Porto Alegre"
"LIC-LIC-01","CLARO S.A.","50409889580","010","105752021","1006617245","R PROFESSOR CARLOS DE PAULA COUTO","","RS","4314902","100MG7W","NR","SA-NSA","","3350","3350","70","FB","","","760","212712202519","24.4","25","65","0","X","16.5","212712202519","229","-30.12508","-51.23011","G","2023-11-10","2018-05-14","","ea1a95f80373302c","2032-12-22","","","Porto Alegre"
"LIC-LIC-01","CLARO S.A.","50409889580","010","105752021","1006617245","R PROFESSOR CARLOS DE PAULA COUTO","","RS","4314902","100MG7W","NR","SA-NSA","","3350","3350","170","FB","","","760","212712202519","24.4","25","65","-1","X","16.5","212712202519","229","-30.12508","-51.23011","G","2023-11-10","2018-05-14","","ea1a95f80373302d","2032-12-22","","","Porto Alegre"
"LIC-LIC-01","CLARO S.A.","50409889580","010","105752021","1006617245","R PROFESSOR CARLOS DE PAULA COUTO","","RS","4314902","100MG7W","NR","SA-NSA","","3350","3350","325","FB","","","760","212712202519","24.4","25","65","0","X","16.5","212712202519","229","-30.12508","-51.23011","G","2023-11-10","2018-05-14","","ea1a95f80373302e","2032-12-22","","","Porto Alegre"
"LIC-LIC-01","CLARO S.A.","50409889580","010","105752021","1006617245","R PROFESSOR CARLOS DE PAULA COUTO","","RS","4314902","50M0G7W","NR","SA-NSA","","2325","2325","70","FB","","","760","003692202519","24","25","70","0","X","15.5","003692202519","50","-30.12508","-51.23011","G","2023-11-10","2018-05-14","","ea1a95f80373302f","2032-12-22","","","Porto Alegre"
"LIC-LIC-01","CLARO S.A.","50409889580","010","105752021","1006617245","R PROFESSOR CARLOS DE PAULA COUTO","","RS","4314902","50M0G7W","NR","SA-NSA","","2325","2325","170","FB","","","760","003692202519","24","25","70","-1","X","15.5","003692202519","50","-30.12508","-51.23011","G","2023-11-10","2018-05-14","","ea1a95f803733030","2032-12-22","","","Porto Alegre"
"LIC-LIC-01","CLARO S.A.","50409889580","010","105752021","1006617245","R PROFESSOR CARLOS DE PAULA COUTO","","RS","4314902","50M0G7W","NR","SA-NSA","","2325","2325","325","FB","","","760","003692202519","24","25","70","0","X","15.5","003692202519","50","-30.12508","-51.23011","G","2023-11-10","2018-05-14","","ea1a95f803733031","2032-12-22","","","Porto Alegre"
"LIC-LIC-01","CLARO S.A.","50409889580","010","105752021","1008554933","EST ARMANDO INÁCIO DA SILVEIRA","S NR","RS","4314902","100MG7W","NR","SA-NSA","","3350","3350","45","FB","","","760","","23","25","13.5","-1","X","33","072212102519","200","-30.22836","-51.05603","G","2023-11-17","2019-05-23","","63c595f82a7946f5","2032-12-22","","","Porto Alegre"
"LIC-LIC-01","CLARO S.A.","50409889580","010","105752021","1008554933","EST ARMANDO INÁCIO DA SILVEIRA","S NR","RS","4314902","100MG7W","NR","SA-NSA","","3350","3350","145","FB","","","760","","23","25","13.5","-1","X","31","072212102519","200","-30.22836","-51.05603","G","2023-11-17","2019-05-23","","63c595f82a7946f6","2032-12-22","","","Porto Alegre"
"LIC-LIC-01","CLARO S.A.","50409889580","010","105752021","1008554933","EST ARMANDO INÁCIO DA SILVEIRA","S NR","RS","4314902","100MG7W","NR","SA-NSA","","3350","3350","280","FB","","","760","","23","25","13.5","-2","X","31","072212102519","200","-30.22836","-51.05603","G","2023-11-17","2019-05-23","","63c595f82a7946f7","2032-12-22","","","Porto Alegre"
"LIC-LIC-01","TIM S A","50409314250","010","105812021","687637104","RUA GRACILIANO RAMOS","EM AQUISIÇÃO","RS","4314902","100MG7W","NR","SA-NSA","","3550","3550","30","FB","","","760","116672103257","25","25","65","-4","X","25","116672103257","200","-30.051397","-51.166094","G","2024-12-04","2005-11-22","","a6edc5f80421b359","2041-12-08","","","Porto Alegre"
"LIC-LIC-01","TIM S A","50409314250","010","105812021","687637104","RUA GRACILIANO RAMOS","EM AQUISIÇÃO","RS","4314902","100MG7W","NR","SA-NSA","","3550","3550","110","FB","","","760","116672103257","25","25","65","-4","X","25","116672103257","200","-30.051397","-51.166094","G","2024-12-04","2005-11-22","","a6edc5f80421b35a","2041-12-08","","","Porto Alegre"
"LIC-LIC-01","TIM S A","50409314250","010","105812021","687637104","RUA GRACILIANO RAMOS","EM AQUISIÇÃO","RS","4314902","100MG7W","NR","SA-NSA","","3550","3550","330","FB","","","760","116672103257","25","25","65","-4","X","25","116672103257","200","-30.051397","-51.166094","G","2024-12-04","2005-11-22","","a6edc5f80421b35b","2041-12-08","","","Porto Alegre"
"LIC-LIC-01","CLARO S.A.","50409889580","010","105752021","686826019","R IRENE CAPPONI SANTIAGO","0","RS","4314902","100MG7W","NR","SA-NSA","","3350","3350","160","FB","","","760","","23","25","13.5","0","X","21","072212102519","200","-30.0051","-51.15906","G","2023-11-10","2005-05-12","","16cd95f8348e851d","2032-12-22","","","Porto Alegre"
"LIC-LIC-01","CLARO S.A.","50409889580","010","105752021","686826019","R IRENE CAPPONI SANTIAGO","0","RS","4314902","100MG7W","NR","SA-NSA","","3350","3350","295","FB","","","760","","23","25","13.5","0","X","21","072212102519","200","-30.0051","-51.15906","G","2023-11-10","2005-05-12","","16cd95f8348e851e","2032-12-22","","","Porto Alegre"
"LIC-LIC-01","CLARO S.A.","50409889580","010","105752021","686826019","R IRENE CAPPONI SANTIAGO","0","RS","4314902","100MG7W","NR","SA-NSA","","3350","3350","80","FB","","","760","","23","25","13.5","0","X","21","072212102519","200","-30.0051","-51.15906","G","2023-11-10","2005-05-12","","16cd95f8348e851f","2032-12-22","","","Porto Alegre"
"LIC-LIC-01","CLARO S.A.","50409889580","010","105752021","692412417","EST RETIRO DA PONTA GROSSA","IMÓVEL ESQUINA ESTRADA PONTA GROSSA, BEM DE FRONTE DO SITE NO POSTE ENERGIA INFORMA Nº 2155","RS","4314902","100MG7W","NR","SA-NSA","","3350","3350","120","FB","","","760","","23","25","13.5","-4","X","41.5","072212102519","200","-30.1853","-51.19668","G","2023-11-10","2010-05-28","","16cd95f8348e8538","2032-12-22","","","Porto Alegre"
"LIC-LIC-01","CLARO S.A.","50409889580","010","105752021","692412417","EST RETIRO DA PONTA GROSSA","IMÓVEL ESQUINA ESTRADA PONTA GROSSA, BEM DE FRONTE DO SITE NO POSTE ENERGIA INFORMA Nº 2155","RS","4314902","100MG7W","NR","SA-NSA","","3350","3350","270","FB","","","760","","23","25","13.5","-4","X","41.5","072212102519","200","-30.1853","-51.19668","G","2023-11-10","2010-05-28","","16cd95f8348e8539","2032-12-22","","","Porto Alegre"
"LIC-LIC-01","CLARO S.A.","50409889580","010","105752021","692412417","EST RETIRO DA PONTA GROSSA","IMÓVEL ESQUINA ESTRADA PONTA GROSSA, BEM DE FRONTE DO SITE NO POSTE ENERGIA INFORMA Nº 2155","RS","4314902","100MG7W","NR","SA-NSA","","3350","3350","55","FB","","","760","","23","25","13.5","-4","X","41.5","072212102519","200","-30.1853","-51.19668","G","2023-11-10","2010-05-28","","16cd95f8348e853a","2032-12-22","","","Porto Alegre"
"LIC-LIC-01","CLARO S.A.","50409889580","010","105752021","690016646","R ORFANOTRÓFIO","UNIVERSIDADE RITTER DOS REIS (UNIRITTER)","RS","4314902","50M0G7W","NR","SA-NSA","","2325","2325","200","FB","","","760","","17.4","25","62","-5","X","23","132072102519","50","-30.0802","-51.2197","G","2023-11-17","2008-03-04","","16cd95f8348e854b","2032-12-22","","","Porto Alegre"
"LIC-LIC-01","CLARO S.A.","50409889580","010","105752021","690016646","R ORFANOTRÓFIO","UNIVERSIDADE RITTER DOS REIS (UNIRITTER)","RS","4314902","100MG7W","NR","SA-NSA","","3350","3350","200","FB","","","760","","23","25","13.5","-5","X","23","072212102519","200","-30.0802","-51.2197","G","2023-11-17","2008-03-04","","16cd95f8348e854c","2032-12-22","","","Porto Alegre"
"LIC-LIC-01","CLARO S.A.","50409889580","010","105752021","1001035779","AV EDVALDO PEREIRA PAIVA","","RS","4314902","100MG7W","NR","SA-NSA","","3350","3350","65","FB","","","760","","23","25","13.5","-1","X","34","072212102519","200","-30.06678","-51.23835","G","2023-11-17","2015-02-26","","38bac5f803252a1d","2032-12-22","","","Porto Alegre"
"LIC-LIC-01","CLARO S.A.","50409889580","010","105752021","1001035779","AV EDVALDO PEREIRA PAIVA","","RS","4314902","100MG7W","NR","SA-NSA","","3350","3350","200","FB","","","760","","23","25","13.5","-1","X","34","072212102519","200","-30.06678","-51.23835","G","2023-11-17","2015-02-26","","38bac5f803252a1e","2032-12-22","","","Porto Alegre"
"LIC-LIC-01","CLARO S.A.","50409889580","010","105752021","1001035779","AV EDVALDO PEREIRA PAIVA","","RS","4314902","100MG7W","NR","SA-NSA","","3350","3350","10","FB","","","760","","23","25","13.5","-1","X","34","072212102519","200","-30.06678","-51.23835","G","2023-11-17","2015-02-26","","38bac5f803252a1f","2032-12-22","","","Porto Alegre"
"LIC-LIC-01","CLARO S.A.","50409889580","010","105752021","1005313110","R TAVEIRA JÚNIOR","","RS","4314902","100MG7W","NR","SA-NSA","","3350","3350","45","FB","","","760","","23","25","13.5","-5","X","26","072212102519","200","-30.08978","-51.20958","G","2023-11-17","2017-10-10","","6f0295f8037282e2","2032-12-22","","","Porto Alegre"
"LIC-LIC-01","CLARO S.A.","50409889580","010","105752021","1005313110","R TAVEIRA JÚNIOR","","RS","4314902","100MG7W","NR","SA-NSA","","3350","3350","250","FB","","","760","","23","25","13.5","-5","X","26","072212102519","200","-30.08978","-51.20958","G","2023-11-17","2017-10-10","","6f0295f8037282e3","2032-12-22","","","Porto Alegre"
"LIC-LIC-01","CLARO S.A.","50409889580","010","105752021","1005313110","R TAVEIRA JÚNIOR","","RS","4314902","100MG7W","NR","SA-NSA","","3350","3350","340","FB","","","760","","23","25","13.5","-6","X","26","072212102519","200","-30.08978","-51.20958","G","2023-11-17","2017-10-10","","6f0295f8037282e4","2032-12-22","","","Porto Alegre"
"LIC-LIC-01","CLARO S.A.","50409889580","010","105752021","695379984","EST JOÃO ANTÔNIO DA SILVEIRA","","RS","4314902","100MG7W","NR","SA-NSA","","3350","3350","110","FB","","","760","","23","25","13.5","-1","X","25","072212102519","200","-30.15744","-51.14535","G","2023-11-17","2011-04-20","","3a4895f8035fa839","2032-12-22","","","Porto Alegre"
"LIC-LIC-01","CLARO S.A.","50409889580","010","105752021","695379984","EST JOÃO ANTÔNIO DA SILVEIRA","","RS","4314902","100MG7W","NR","SA-NSA","","3350","3350","230","FB","","","760","","23","25","13.5","-2","X","25","072212102519","200","-30.15744","-51.14535","G","2023-11-17","2011-04-20","","3a4895f8035fa83a","2032-12-22","","","Porto Alegre"
"LIC-LIC-01","CLARO S.A.","50409889580","010","105752021","695379984","EST JOÃO ANTÔNIO DA SILVEIRA","","RS","4314902","100MG7W","NR","SA-NSA","","3350","3350","340","FB","","","760","","23","25","13.5","-2","X","25","072212102519","200","-30.15744","-51.14535","G","2023-11-17","2011-04-20","","3a4895f8035fa83b","2032-12-22","","","Porto Alegre"
"LIC-LIC-01","CLARO S.A.","50409889580","010","105752021","1004738401","R RUA MARCONE","","RS","4314902","100MG7W","NR","SA-NSA","","3350","3350","0","FB","","","760","","23","25","13.5","0","X","21.5","072212102519","200","-30.0593","-51.16095","G","2024-10-22","2017-09-18","","66cb95f802971329","2041-12-08","","","Porto Alegre"
"LIC-LIC-01","CLARO S.A.","50409889580","010","105752021","1004738401","R RUA MARCONE","","RS","4314902","100MG7W","NR","SA-NSA","","3350","3350","130","FB","","","760","","23","25","13.5","0","X","21.5","072212102519","200","-30.0593","-51.16095","G","2024-10-22","2017-09-18","","66cb95f80297132a","2041-12-08","","","Porto Alegre"
"LIC-LIC-01","CLARO S.A.","50409889580","010","105752021","1004738401","R RUA MARCONE","","RS","4314902","100MG7W","NR","SA-NSA","","3350","3350","205","FB","","","760","","23","25","13.5","0","X","21.5","072212102519","200","-30.0593","-51.16095","G","2024-10-22","2017-09-18","","66cb95f80297132b","2041-12-08","","","Porto Alegre"
"LIC-LIC-01","CLARO S.A.","50409889580","010","105752021","1005589876","AV PROTÁSIO ALVES","","RS","4314902","100MG7W","NR","SA-NSA","","3350","3350","0","FB","","","760","","23","25","13.5","-1","X","15","072212102519","200","-30.04018","-51.12629","G","2024-10-22","2018-01-09","","66cb95f802971353","2041-12-08","","","Porto Alegre"
"LIC-LIC-01","CLARO S.A.","50409889580","010","105752021","1005589876","AV PROTÁSIO ALVES","","RS","4314902","100MG7W","NR","SA-NSA","","3350","3350","140","FB","","","760","","23","25","13.5","-1","X","15","072212102519","200","-30.04018","-51.12629","G","2024-10-22","2018-01-09","","66cb95f802971354","2041-12-08","","","Porto Alegre"
"LIC-LIC-01","CLARO S.A.","50409889580","010","105752021","1005589876","AV PROTÁSIO ALVES","","RS","4314902","100MG7W","NR","SA-NSA","","3350","3350","230","FB","","","760","","23","25","13.5","-1","X","15","072212102519","200","-30.04018","-51.12629","G","2024-10-22","2018-01-09","","66cb95f802971355","2041-12-08","","","Porto Alegre"
"LIC-LIC-01","CLARO S.A.","50409889580","010","105752021","568694414","R BOA VISTA","","RS","4314902","100MG7W","NR","SA-NSA","","3350","3350","0","FB","","","760","","23","25","13.5","-1","X","35.5","072212102519","200","-30.2057","-51.1712","G","2024-10-22","2001-01-10","","66cb95f802971368","2041-12-08","","","Porto Alegre"
"LIC-LIC-01","CLARO S.A.","50409889580","010","105752021","568694414","R BOA VISTA","","RS","4314902","100MG7W","NR","SA-NSA","","3350","3350","120","FB","","","760","","23","25","13.5","-1","X","35.5","072212102519","200","-30.2057","-51.1712","G","2024-10-22","2001-01-10","","66cb95f802971369","2041-12-08","","","Porto Alegre"
"LIC-LIC-01","CLARO S.A.","50409889580","010","105752021","568694414","R BOA VISTA","","RS","4314902","100MG7W","NR","SA-NSA","","3350","3350","240","FB","","","760","","23","25","13.5","-1","X","35.5","072212102519","200","-30.2057","-51.1712","G","2024-10-22","2001-01-10","","66cb95f80297136a","2041-12-08","","","Porto Alegre"
"LIC-LIC-01","CLARO S.A.","50409889580","010","105752021","1004738363","R CORRÊA LIMA","","RS","4314902","100MG7W","NR","SA-NSA","","3350","3350","30","FB","","","760","","23","25","13.5","-3","X","37","072212102519","200","-30.06529","-51.22391","G","2023-11-10","2017-07-31","","66cb95f802971378","2032-12-22","","","Porto Alegre"
"LIC-LIC-01","CLARO S.A.","50409889580","010","105752021","1004738363","R CORRÊA LIMA","","RS","4314902","100MG7W","NR","SA-NSA","","3350","3350","100","FB","","","760","","23","25","13.5","-2","X","37","072212102519","200","-30.06529","-51.22391","G","2023-11-10","2017-07-31","","66cb95f802971379","2032-12-22","","","Porto Alegre"
"LIC-LIC-01","CLARO S.A.","50409889580","010","105752021","1004738363","R CORRÊA LIMA","","RS","4314902","100MG7W","NR","SA-NSA","","3350","3350","225","FB","","","760","","23","25","13.5","-4","X","37","072212102519","200","-30.06529","-51.22391","G","2023-11-10","2017-07-31","","66cb95f80297137a","2032-12-22","","","Porto Alegre"
"LIC-LIC-01","TIM S A","50409314250","010","105812021","674657721","Rua 9 De Junho","-","RS","4314902","100MG7W","NR","SA-NSA","","3550","3550","0","FB","","","760","116672103257","25","25","65","0","X","60","116672103257","200","-30.065806","-51.162278","G","2024-08-27","2002-09-18","","6ec1c5f80274efbc","2041-12-08","","","Porto Alegre"
"LIC-LIC-01","TIM S A","50409314250","010","105812021","674657721","Rua 9 De Junho","-","RS","4314902","100MG7W","NR","SA-NSA","","3550","3550","140","FB","","","760","116672103257","25","25","65","0","X","60","116672103257","200","-30.065806","-51.162278","G","2024-08-27","2002-09-18","","6ec1c5f80274efbd","2041-12-08","","","Porto Alegre"
"LIC-LIC-01","TIM S A","50409314250","010","105812021","674657721","Rua 9 De Junho","-","RS","4314902","100MG7W","NR","SA-NSA","","3550","3550","260","FB","","","760","116672103257","25","25","65","0","X","60","116672103257","200","-30.065806","-51.162278","G","2024-08-27","2002-09-18","","6ec1c5f80274efbe","2041-12-08","","","Porto Alegre"
"LIC-LIC-01","CLARO S.A.","50409889580","010","105752021","1013190219","AV DOS ESTADOS","","RS","4314902","100MG7W","NR","SA-NSA","","3350","3350","20","FB","","","760","","23","25","13.5","-3","X","17","072212102519","200","-29.9869","-51.1809","G","2024-10-22","2022-06-15","","7f81c5f803b7142b","2041-12-08","","","Porto Alegre"
"LIC-LIC-01","CLARO S.A.","50409889580","010","105752021","1013190219","AV DOS ESTADOS","","RS","4314902","100MG7W","NR","SA-NSA","","3350","3350","200","FB","","","760","","23","25","13.5","-3","X","17","072212102519","200","-29.9869","-51.1809","G","2024-10-22","2022-06-15","","7f81c5f803b7142c","2041-12-08","","","Porto Alegre"
"LIC-LIC-01","CLARO S.A.","50409889580","010","105752021","1013190219","AV DOS ESTADOS","","RS","4314902","100MG7W","NR","SA-NSA","","3350","3350","300","FB","","","760","","23","25","13.5","-3","X","17","072212102519","200","-29.9869","-51.1809","G","2024-10-22","2022-06-15","","7f81c5f803b7142d","2041-12-08","","","Porto Alegre"
"LIC-LIC-01","TIM S A","50409314250","010","105812021","686893263","Rua Wenceslau Escobar","-","RS","4314902","100MG7W","NR","SA-NSA","","3550","3550","30","FB","","","760","116672103257","25","25","65","0","X","30","116672103257","200","-30.117778","-51.253611","G","2024-08-20","2005-06-10","","e381c5f80283f04f","2041-12-08","","","Porto Alegre"
"LIC-LIC-01","TIM S A","50409314250","010","105812021","686893263","Rua Wenceslau Escobar","-","RS","4314902","100MG7W","NR","SA-NSA","","3550","3550","270","FB","","","760","116672103257","25","25","65","0","X","30","116672103257","200","-30.117778","-51.253611","G","2024-08-20","2005-06-10","","e381c5f80283f050","2041-12-08","","","Porto Alegre"
"LIC-LIC-01","TIM S A","50409314250","010","105812021","686893263","Rua Wenceslau Escobar","-","RS","4314902","100MG7W","NR","SA-NSA","","3550","3550","135","FB","","","760","116672103257","25","25","65","0","X","30","116672103257","200","-30.117778","-51.253611","G","2024-08-20","2005-06-10","","e381c5f80283f051","2041-12-08","","","Porto Alegre"
"LIC-LIC-01","TIM S A","50409314250","010","105812021","686893263","Rua Wenceslau Escobar","-","RS","4314902","100MG7W","NR","SA-NSA","","3550","3550","240","FB","","","760","116672103257","25","25","65","0","X","24.8","116672103257","200","-30.117778","-51.253611","G","2024-08-20","2005-06-10","","e381c5f80283f052","2041-12-08","","","Porto Alegre"
"LIC-LIC-01","TIM S A","50409314250","010","105812021","686893263","Rua Wenceslau Escobar","-","RS","4314902","100MG7W","NR","SA-NSA","","3550","3550","340","FB","","","760","116672103257","25","25","65","0","X","24.8","116672103257","200","-30.117778","-51.253611","G","2024-08-20","2005-06-10","","e381c5f80283f053","2041-12-08","","","Porto Alegre"
"LIC-LIC-01","TIM S A","50409314250","010","105812021","686893263","Rua Wenceslau Escobar","-","RS","4314902","100MG7W","NR","SA-NSA","","3550","3550","115","FB","","","760","116672103257","25","25","65","0","X","24.8","116672103257","200","-30.117778","-51.253611","G","2024-08-20","2005-06-10","","e381c5f80283f054","2041-12-08","","","Porto Alegre"
"LIC-LIC-01","TIM S A","50409314250","010","105812021","686893263","Rua Wenceslau Escobar","-","RS","4314902","100MG7W","NR","SA-NSA","","3550","3550","0","FB","","","760","116672103257","25","25","65","0","X","14.5","116672103257","200","-30.117778","-51.253611","G","2024-08-20","2005-06-10","","e381c5f80283f055","2041-12-08","","","Porto Alegre"
"LIC-LIC-01","TIM S A","50409314250","010","105812021","686893263","Rua Wenceslau Escobar","-","RS","4314902","100MG7W","NR","SA-NSA","","3550","3550","135","FB","","","760","116672103257","25","25","65","0","X","14.5","116672103257","200","-30.117778","-51.253611","G","2024-08-20","2005-06-10","","e381c5f80283f056","2041-12-08","","","Porto Alegre"
"LIC-LIC-01","TIM S A","50409314250","010","105812021","686893263","Rua Wenceslau Escobar","-","RS","4314902","100MG7W","NR","SA-NSA","","3550","3550","270","FB","","","760","116672103257","25","25","65","0","X","14.5","116672103257","200","-30.117778","-51.253611","G","2024-08-20","2005-06-10","","e381c5f80283f057","2041-12-08","","","Porto Alegre"
"LIC-LIC-01","TIM S A","50409314250","010","105812021","687415314","Rua Prof Joao De Souza Ribeiro","-","RS","4314902","100MG7W","NR","SA-NSA","","3550","3550","15","FB","","","760","116672103257","25","25","65","0","X","39","116672103257","200","-29.983583","-51.191778","G","2024-11-08","2005-09-06","","e381c5f80283f0ac","2041-12-08","","","Porto Alegre"
"LIC-LIC-01","TIM S A","50409314250","010","105812021","687415314","Rua Prof Joao De Souza Ribeiro","-","RS","4314902","100MG7W","NR","SA-NSA","","3550","3550","105","FB","","","760","116672103257","25","25","65","0","X","39","116672103257","200","-29.983583","-51.191778","G","2024-11-08","2005-09-06","","e381c5f80283f0ad","2041-12-08","","","Porto Alegre"
"LIC-LIC-01","TIM S A","50409314250","010","105812021","687415314","Rua Prof Joao De Souza Ribeiro","-","RS","4314902","100MG7W","NR","SA-NSA","","3550","3550","280","FB","","","760","116672103257","25","25","65","0","X","39","116672103257","200","-29.983583","-51.191778","G","2024-11-08","2005-09-06","","e381c5f80283f0ae","2041-12-08","","","Porto Alegre"
"LIC-LIC-01","TIM S A","50409314250","010","105812021","687415926","Rua Curupaiti","-","RS","4314902","100MG7W","NR","SA-NSA","","3550","3550","10","FB","","","760","116672103257","25","25","65","0","X","60.5","116672103257","200","-30.090861","-51.240111","G","2024-11-28","2005-09-06","","e381c5f80283f0d3","2041-12-08","","","Porto Alegre"
"LIC-LIC-01","TIM S A","50409314250","010","105812021","687415926","Rua Curupaiti","-","RS","4314902","100MG7W","NR","SA-NSA","","3550","3550","100","FB","","","760","116672103257","25","25","65","0","X","60.5","116672103257","200","-30.090861","-51.240111","G","2024-11-28","2005-09-06","","e381c5f80283f0d4","2041-12-08","","","Porto Alegre"
"LIC-LIC-01","TIM S A","50409314250","010","105812021","687415926","Rua Curupaiti","-","RS","4314902","100MG7W","NR","SA-NSA","","3550","3550","220","FB","","","760","116672103257","25","25","65","0","X","60.5","116672103257","200","-30.090861","-51.240111","G","2024-11-28","2005-09-06","","e381c5f80283f0d5","2041-12-08","","","Porto Alegre"
"LIC-LIC-01","TIM S A","50409314250","010","105812021","687637112","Rua Onze","- Cefer Dois","RS","4314902","100MG7W","NR","SA-NSA","","3550","3550","20","FB","","","760","116672103257","25","25","65","0","X","13.4","116672103257","200","-30.052194","-51.15175","G","2024-08-20","2005-11-22","","e381c5f80283f118","2041-12-08","","","Porto Alegre"
"LIC-LIC-01","TIM S A","50409314250","010","105812021","687637112","Rua Onze","- Cefer Dois","RS","4314902","100MG7W","NR","SA-NSA","","3550","3550","100","FB","","","760","116672103257","25","25","65","0","X","13.4","116672103257","200","-30.052194","-51.15175","G","2024-08-20","2005-11-22","","e381c5f80283f119","2041-12-08","","","Porto Alegre"
"LIC-LIC-01","TIM S A","50409314250","010","105812021","687637112","Rua Onze","- Cefer Dois","RS","4314902","100MG7W","NR","SA-NSA","","3550","3550","220","FB","","","760","116672103257","25","25","65","0","X","13.4","116672103257","200","-30.052194","-51.15175","G","2024-08-20","2005-11-22","","e381c5f80283f11a","2041-12-08","","","Porto Alegre"
"LIC-LIC-01","TIM S A","50409314250","010","105812021","695330853","Avenida Guaiba","","RS","4314902","100MG7W","NR","SA-NSA","","3550","3550","40","FB","","","760","116672103257","25","25","65","0","X","12","116672103257","200","-30.10056","-51.26556","G","2023-08-21","2011-03-29","","e381c5f80283f20f","2029-12-08","","","Porto Alegre"
"LIC-LIC-01","TIM S A","50409314250","010","105812021","695330853","Avenida Guaiba","","RS","4314902","100MG7W","NR","SA-NSA","","3550","3550","140","FB","","","760","116672103257","25","25","65","0","X","12","116672103257","200","-30.10056","-51.26556","G","2023-08-21","2011-03-29","","e381c5f80283f210","2029-12-08","","","Porto Alegre"
"LIC-LIC-01","TIM S A","50409314250","010","105812021","695330853","Avenida Guaiba","","RS","4314902","100MG7W","NR","SA-NSA","","3550","3550","90","FB","","","760","116672103257","25","25","65","0","X","12","116672103257","200","-30.10056","-51.26556","G","2023-08-21","2011-03-29","","e381c5f80283f211","2029-12-08","","","Porto Alegre"
"LIC-LIC-01","TIM S A","50409314250","010","105812021","1002958099","Rua Narcisa Amalia","","RS","4314902","100MG7W","NR","SA-NSA","","3550","3550","15","FB","","","760","116672103257","25","25","65","0","X","18","116672103257","200","-30.06667","-51.19278","G","2023-08-21","2016-06-10","","e381c5f80283f2d6","2029-12-08","","","Porto Alegre"
"LIC-LIC-01","TIM S A","50409314250","010","105812021","1002958099","Rua Narcisa Amalia","","RS","4314902","100MG7W","NR","SA-NSA","","3550","3550","135","FB","","","760","116672103257","25","25","65","0","X","18","116672103257","200","-30.06667","-51.19278","G","2023-08-21","2016-06-10","","e381c5f80283f2d7","2029-12-08","","","Porto Alegre"
"LIC-LIC-01","TIM S A","50409314250","010","105812021","1002958099","Rua Narcisa Amalia","","RS","4314902","100MG7W","NR","SA-NSA","","3550","3550","255","FB","","","760","116672103257","25","25","65","0","X","18","116672103257","200","-30.06667","-51.19278","G","2023-08-21","2016-06-10","","e381c5f80283f2d8","2029-12-08","","","Porto Alegre"
"LIC-LIC-01","TIM S A","50409314250","010","105812021","1013199178","Rua Jorge Furtado","","RS","4314902","100MG7W","NR","SA-NSA","","3550","3550","0","FB","","","760","116672103257","25","25","65","0","X","14.6","116672103257","200","-30.00019","-51.10283","G","2023-08-21","2022-06-21","","e381c5f80283f478","2029-12-08","","","Porto Alegre"
"LIC-LIC-01","TIM S A","50409314250","010","105812021","1013199178","Rua Jorge Furtado","","RS","4314902","100MG7W","NR","SA-NSA","","3550","3550","90","FB","","","760","116672103257","25","25","65","0","X","14.6","116672103257","200","-30.00019","-51.10283","G","2023-08-21","2022-06-21","","e381c5f80283f479","2029-12-08","","","Porto Alegre"
"LIC-LIC-01","TIM S A","50409314250","010","105812021","1013199178","Rua Jorge Furtado","","RS","4314902","100MG7W","NR","SA-NSA","","3550","3550","270","FB","","","760","116672103257","25","25","65","0","X","14.6","116672103257","200","-30.00019","-51.10283","G","2023-08-21","2022-06-21","","e381c5f80283f47a","2029-12-08","","","Porto Alegre"
"LIC-LIC-01","TIM S A","50409314250","010","105812021","1013199186","Rua Ernesto Araujo","","RS","4314902","100MG7W","NR","SA-NSA","","3550","3550","330","FB","","","760","116672103257","25","25","65","0","X","20","116672103257","200","-30.07631","-51.16714","G","2024-03-15","2022-06-21","","e381c5f80283f493","2041-12-08","","","Porto Alegre"
"LIC-LIC-01","TIM S A","50409314250","010","105812021","1013199186","Rua Ernesto Araujo","","RS","4314902","100MG7W","NR","SA-NSA","","3550","3550","115","FB","","","760","116672103257","25","25","65","0","X","20","116672103257","200","-30.07631","-51.16714","G","2024-03-15","2022-06-21","","e381c5f80283f494","2041-12-08","","","Porto Alegre"
"LIC-LIC-01","TIM S A","50409314250","010","105812021","1013199186","Rua Ernesto Araujo","","RS","4314902","100MG7W","NR","SA-NSA","","3550","3550","215","FB","","","760","116672103257","25","25","65","0","X","20","116672103257","200","-30.07631","-51.16714","G","2024-03-15","2022-06-21","","e381c5f80283f495","2041-12-08","","","Porto Alegre"
"LIC-LIC-01","TIM S A","50409314250","010","105812021","1013199305","Rua Delegado Ely Correa Prado 105","","RS","4314902","100MG7W","NR","SA-NSA","","3550","3550","0","FB","","","760","116672103257","25","25","65","0","X","17","116672103257","200","-30.040583","-51.104306","G","2023-08-21","2022-06-21","","e381c5f80283f4a5","2029-12-08","","","Porto Alegre"
"LIC-LIC-01","TIM S A","50409314250","010","105812021","1013199305","Rua Delegado Ely Correa Prado 105","","RS","4314902","100MG7W","NR","SA-NSA","","3550","3550","190","FB","","","760","116672103257","25","25","65","0","X","17","116672103257","200","-30.040583","-51.104306","G","2023-08-21","2022-06-21","","e381c5f80283f4a6","2029-12-08","","","Porto Alegre"
"LIC-LIC-01","TIM S A","50409314250","010","105812021","1013199305","Rua Delegado Ely Correa Prado 105","","RS","4314902","100MG7W","NR","SA-NSA","","3550","3550","270","FB","","","760","116672103257","25","25","65","0","X","17","116672103257","200","-30.040583","-51.104306","G","2023-08-21","2022-06-21","","e381c5f80283f4a7","2029-12-08","","","Porto Alegre"
"LIC-LIC-01","TIM S A","50409314250","010","105812021","1013199658","Avenida Frederico Mentz","-","RS","4314902","100MG7W","NR","SA-NSA","","3550","3550","55","FB","","","760","116672103257","25","25","65","0","X","32.6","116672103257","200","-29.99681","-51.20353","G","2024-10-23","2022-06-21","","e381c5f80419335c","2041-12-08","","","Porto Alegre"
"LIC-LIC-01","TIM S A","50409314250","010","105812021","1013199658","Avenida Frederico Mentz","-","RS","4314902","100MG7W","NR","SA-NSA","","3550","3550","150","FB","","","760","116672103257","25","25","65","0","X","32.6","116672103257","200","-29.99681","-51.20353","G","2024-10-23","2022-06-21","","e381c5f80419335d","2041-12-08","","","Porto Alegre"
"LIC-LIC-01","TIM S A","50409314250","010","105812021","1013199658","Avenida Frederico Mentz","-","RS","4314902","100MG7W","NR","SA-NSA","","3550","3550","295","FB","","","760","116672103257","25","25","65","0","X","32.6","116672103257","200","-29.99681","-51.20353","G","2024-10-23","2022-06-21","","e381c5f80419335e","2041-12-08","","","Porto Alegre"
"LIC-LIC-01","TELEFONICA BRASIL S.A.","50409146366","010","105802021","1000731917","AV AURELIANO DE FIGUEIREDO PINTO","","RS","4314902","100MG7W","NR","SA-NSA","","3450","3450","350","FB","","","760","116652103257","25","25","105","0","X","34","116652103257","200","-30.04361","-51.22556","G","2023-08-23","2014-10-30","","7d29c5f804d10409","2041-12-08","","","Porto Alegre"
"LIC-LIC-01","TELEFONICA BRASIL S.A.","50409146366","010","105802021","1000731917","AV AURELIANO DE FIGUEIREDO PINTO","","RS","4314902","100MG7W","NR","SA-NSA","","3450","3450","90","FB","","","760","116652103257","25","25","105","0","X","34","116652103257","200","-30.04361","-51.22556","G","2023-08-23","2014-10-30","","7d29c5f804d1040a","2041-12-08","","","Porto Alegre"
"LIC-LIC-01","TELEFONICA BRASIL S.A.","50409146366","010","105802021","1000731917","AV AURELIANO DE FIGUEIREDO PINTO","","RS","4314902","100MG7W","NR","SA-NSA","","3450","3450","220","FB","","","760","116652103257","25","25","105","0","X","34","116652103257","200","-30.04361","-51.22556","G","2023-08-23","2014-10-30","","7d29c5f804d1040b","2041-12-08","","","Porto Alegre"
"LIC-LIC-01","CLARO S.A.","50409889580","010","105752021","692414967","AV JUCA BATISTA","CRT","RS","4314902","100MG7W","NR","SA-NSA","","3350","3350","110","FB","","","760","","23","25","13.5","-2","X","25","072212102519","200","-30.13691","-51.22094","G","2023-11-17","2010-06-24","","7d29c5f80415b83b","2032-12-22","","","Porto Alegre"
"LIC-LIC-01","CLARO S.A.","50409889580","010","105752021","692414967","AV JUCA BATISTA","CRT","RS","4314902","100MG7W","NR","SA-NSA","","3350","3350","20","FB","","","760","","23","25","13.5","-2","X","25","072212102519","200","-30.13691","-51.22094","G","2023-11-17","2010-06-24","","7d29c5f80415b83c","2032-12-22","","","Porto Alegre"
"LIC-LIC-01","CLARO S.A.","50409889580","010","105752021","692414967","AV JUCA BATISTA","CRT","RS","4314902","100MG7W","NR","SA-NSA","","3350","3350","215","FB","","","760","","23","25","13.5","-4","X","25","072212102519","200","-30.13691","-51.22094","G","2023-11-17","2010-06-24","","7d29c5f80415b83d","2032-12-22","","","Porto Alegre"
"LIC-LIC-01","CLARO S.A.","50409889580","010","105752021","1015188440","R GILBERTO LASTE","BIT","RS","4314902","100MG7W","NR","","","3350","3350","0","FB","","","760","212712202519","24.4","25","65","0","X","16.5","212712202519","229","-30.0698","-51.2252","G","2023-11-17","2023-08-25","","1d82c5f8036c4893","2032-12-22","","","Porto Alegre"
"LIC-LIC-01","CLARO S.A.","50409889580","010","105752021","1015188440","R GILBERTO LASTE","BIT","RS","4314902","100MG7W","NR","","","3350","3350","120","FB","","","760","212712202519","24.4","25","65","0","X","16.5","212712202519","229","-30.0698","-51.2252","G","2023-11-17","2023-08-25","","1d82c5f8036c4894","2032-12-22","","","Porto Alegre"
"LIC-LIC-01","CLARO S.A.","50409889580","010","105752021","1015188440","R GILBERTO LASTE","BIT","RS","4314902","100MG7W","NR","","","3350","3350","240","FB","","","760","212712202519","24.4","25","65","0","X","16.5","212712202519","229","-30.0698","-51.2252","G","2023-11-17","2023-08-25","","1d82c5f8036c4895","2032-12-22","","","Porto Alegre"
"LIC-LIC-01","CLARO S.A.","50409889580","010","105752021","1015188440","R GILBERTO LASTE","BIT","RS","4314902","20M0D7W","NR","","","2325","2325","0","FB","","","760","003692202519","24","25","70","0","X","15.5","003692202519","50","-30.0698","-51.2252","G","2023-11-17","2023-08-25","","1d82c5f8036c4896","2032-12-22","","","Porto Alegre"
"LIC-LIC-01","CLARO S.A.","50409889580","010","105752021","1015188440","R GILBERTO LASTE","BIT","RS","4314902","20M0D7W","NR","","","2325","2325","120","FB","","","760","003692202519","24","25","70","0","X","15.5","003692202519","50","-30.0698","-51.2252","G","2023-11-17","2023-08-25","","1d82c5f8036c4897","2032-12-22","","","Porto Alegre"
"LIC-LIC-01","CLARO S.A.","50409889580","010","105752021","1015188440","R GILBERTO LASTE","BIT","RS","4314902","20M0D7W","NR","","","2325","2325","240","FB","","","760","003692202519","24","25","70","0","X","15.5","003692202519","50","-30.0698","-51.2252","G","2023-11-17","2023-08-25","","1d82c5f8036c4898","2032-12-22","","","Porto Alegre"
"LIC-LIC-01","CLARO S.A.","50409889580","010","105752021","1015188440","R GILBERTO LASTE","BIT","RS","4314902","100MG7W","NR","","","25600","25600","0","FB","","","760","043892202519","17","46","110","0","X","14.5","043892202519","999","-30.0698","-51.2252","G","2023-11-17","2023-08-25","","1d82c5f8036c4899","2032-12-22","","","Porto Alegre"
"LIC-LIC-01","CLARO S.A.","50409889580","010","105752021","1015188440","R GILBERTO LASTE","BIT","RS","4314902","200MG7W","NR","","","25600","25600","0","FB","","","760","043892202519","17","46","110","0","X","14.5","043892202519","999","-30.0698","-51.2252","G","2023-11-17","2023-08-25","","1d82c5f8036c489a","2032-12-22","","","Porto Alegre"
"LIC-LIC-01","TIM S A","50409314250","010","105812021","683598414","AVENIDA PRAIA DE BELAS","PORTO ALEGRE","RS","4314902","100MG7W","NR","SA-NSA","","3550","3550","120","FB","","","167","168242103257","25","25","65","-4","X","40","116672103257","0.25","-30.049936","-51.228603","E","2023-08-30","2003-09-15","","fb09f5f802695e15","2031-03-11","","","Porto Alegre"
"LIC-LIC-01","TIM S A","50409314250","010","105812021","683598414","AVENIDA PRAIA DE BELAS","PORTO ALEGRE","RS","4314902","100MG7W","NR","SA-NSA","","3550","3550","240","FB","","","167","168242103257","25","25","65","-4","X","40","116672103257","0.25","-30.049936","-51.228603","E","2023-08-30","2003-09-15","","fb09f5f802695e16","2031-03-11","","","Porto Alegre"
"LIC-LIC-01","CLARO S.A.","50409889580","010","105752021","405605960","AV DOUTOR NILO PEÇANHA","","RS","4314902","100MG7W","NR","SA-NSA","","3350","3350","130","FB","","","760","","23","25","13.5","-2","X","39","072212102519","200","-30.028","-51.1684","G","2023-11-10","1999-04-01","","0469f5f803e97bd4","2032-12-22","","","Porto Alegre"
"LIC-LIC-01","CLARO S.A.","50409889580","010","105752021","405605960","AV DOUTOR NILO PEÇANHA","","RS","4314902","100MG7W","NR","SA-NSA","","3350","3350","260","FB","","","760","","23","25","13.5","-2","X","39","072212102519","200","-30.028","-51.1684","G","2023-11-10","1999-04-01","","0469f5f803e97bd5","2032-12-22","","","Porto Alegre"
"LIC-LIC-01","CLARO S.A.","50409889580","010","105752021","405605960","AV DOUTOR NILO PEÇANHA","","RS","4314902","100MG7W","NR","SA-NSA","","3350","3350","30","FB","","","760","","23","25","13.5","-4","X","39","072212102519","200","-30.028","-51.1684","G","2023-11-10","1999-04-01","","0469f5f803e97bd6","2032-12-22","","","Porto Alegre"
"LIC-LIC-01","CLARO S.A.","50409889580","010","105752021","405605757","R DOUTOR DIAS DE CARVALHO","","RS","4314902","100MG7W","NR","SA-NSA","","3350","3350","130","FB","","","760","","23","25","13.5","-3","X","40","072212102519","200","-30.10625","-51.24888","G","2023-11-10","2004-01-06","","0469f5f803e97bfb","2032-12-22","","","Porto Alegre"
"LIC-LIC-01","CLARO S.A.","50409889580","010","105752021","405605757","R DOUTOR DIAS DE CARVALHO","","RS","4314902","100MG7W","NR","SA-NSA","","3350","3350","20","FB","","","760","","23","25","13.5","0","X","40","072212102519","200","-30.10625","-51.24888","G","2023-11-10","2004-01-06","","0469f5f803e97bfc","2032-12-22","","","Porto Alegre"
"LIC-LIC-01","CLARO S.A.","50409889580","010","105752021","405605757","R DOUTOR DIAS DE CARVALHO","","RS","4314902","100MG7W","NR","SA-NSA","","3350","3350","260","FB","","","760","","23","25","13.5","-3","X","40","072212102519","200","-30.10625","-51.24888","G","2023-11-10","2004-01-06","","0469f5f803e97bfd","2032-12-22","","","Porto Alegre"
"LIC-LIC-01","TIM S A","50409314250","010","105812021","1015163170","RUA DOS ANDRADAS","","RS","4314902","100MG7W","NR","SA-NSA","","3550","3550","0","FB","","","167","0","4","0","0","0","V","4","116672103257","0.25","-30.029778","-51.228972","E","2023-09-28","2023-08-15","","49eff5f8031d9b09","2031-03-11","","","Porto Alegre"
"LIC-LIC-01","TIM S A","50409314250","010","105812021","1015163170","RUA DOS ANDRADAS","","RS","4314902","100MG7W","NR","SA-NSA","","3550","3550","0","FB","","","167","0","4","0","0","0","V","4","116672103257","0.25","-30.029778","-51.228972","E","2023-09-28","2023-08-15","","49eff5f8031d9b0a","2031-03-11","","","Porto Alegre"
"LIC-LIC-01","TIM S A","50409314250","010","105812021","1015163170","RUA DOS ANDRADAS","","RS","4314902","100MG7W","NR","SA-NSA","","3550","3550","0","FB","","","167","0","4","0","0","0","V","4","116672103257","0.25","-30.029778","-51.228972","E","2023-09-28","2023-08-15","","49eff5f8031d9b0b","2031-03-11","","","Porto Alegre"
"LIC-LIC-01","TIM S A","50409314250","010","105812021","1015163189","RUA VIGARIO JOSE INACIO","","RS","4314902","100MG7W","NR","SA-NSA","","3550","3550","0","FB","","","167","0","4","0","0","0","V","4","116672103257","0.25","-30.029672","-51.225822","E","2023-09-28","2023-08-15","","49eff5f8031d9b12","2031-03-11","","","Porto Alegre"
"LIC-LIC-01","TIM S A","50409314250","010","105812021","1015163189","RUA VIGARIO JOSE INACIO","","RS","4314902","100MG7W","NR","SA-NSA","","3550","3550","0","FB","","","167","0","4","0","0","0","V","4","116672103257","0.25","-30.029672","-51.225822","E","2023-09-28","2023-08-15","","49eff5f8031d9b13","2031-03-11","","","Porto Alegre"
"LIC-LIC-01","TIM S A","50409314250","010","105812021","1015163189","RUA VIGARIO JOSE INACIO","","RS","4314902","100MG7W","NR","SA-NSA","","3550","3550","0","FB","","","167","0","4","0","0","0","V","4","116672103257","0.25","-30.029672","-51.225822","E","2023-09-28","2023-08-15","","49eff5f8031d9b14","2031-03-11","","","Porto Alegre"
"LIC-LIC-01","TIM S A","50409314250","010","105812021","1013199542","Rua Dr Freire Alemao 906","","RS","4314902","100MG7W","NR","SA-NSA","","3550","3550","0","FB","","","760","116672103257","25","25","65","0","X","40","116672103257","200","-30.02917","-51.19083","G","2023-09-21","2022-06-21","","16d8f5f8042cc093","2029-12-08","","","Porto Alegre"
"LIC-LIC-01","TIM S A","50409314250","010","105812021","1013199542","Rua Dr Freire Alemao 906","","RS","4314902","100MG7W","NR","SA-NSA","","3550","3550","120","FB","","","760","116672103257","25","25","65","0","X","40","116672103257","200","-30.02917","-51.19083","G","2023-09-21","2022-06-21","","16d8f5f8042cc094","2029-12-08","","","Porto Alegre"
"LIC-LIC-01","TIM S A","50409314250","010","105812021","1013199542","Rua Dr Freire Alemao 906","","RS","4314902","100MG7W","NR","SA-NSA","","3550","3550","240","FB","","","760","116672103257","25","25","65","0","X","40","116672103257","200","-30.02917","-51.19083","G","2023-09-21","2022-06-21","","16d8f5f8042cc095","2029-12-08","","","Porto Alegre"
"LIC-LIC-01","TIM S A","50409314250","010","105812021","1013199763","Rua Prof Freitas Cabral 310","-","RS","4314902","100MG7W","NR","SA-NSA","","3550","3550","340","FB","","","760","116672103257","25","25","65","0","X","47","116672103257","200","-30.05683","-51.17972","G","2024-10-30","2022-06-21","","16d8f5f8042cc099","2041-12-08","","","Porto Alegre"
"LIC-LIC-01","TIM S A","50409314250","010","105812021","1013199763","Rua Prof Freitas Cabral 310","-","RS","4314902","100MG7W","NR","SA-NSA","","3550","3550","140","FB","","","760","116672103257","25","25","65","0","X","47","116672103257","200","-30.05683","-51.17972","G","2024-10-30","2022-06-21","","16d8f5f8042cc09a","2041-12-08","","","Porto Alegre"
"LIC-LIC-01","TIM S A","50409314250","010","105812021","1013199763","Rua Prof Freitas Cabral 310","-","RS","4314902","100MG7W","NR","SA-NSA","","3550","3550","190","FB","","","760","116672103257","25","25","65","0","X","47","116672103257","200","-30.05683","-51.17972","G","2024-10-30","2022-06-21","","16d8f5f8042cc09b","2041-12-08","","","Porto Alegre"
"LIC-LIC-01","CLARO S.A.","50409889580","010","105752021","405605781","R DA GÁVEA","","RS","4314902","50M0G7W","NR","SA-NSA","","2325","2325","50","FB","","","760","003692202519","24","25","70","-1","X","42.5","003692202519","50","-30.13295","-51.22773","G","2023-11-10","2004-01-06","","19f9f5f8036a0bb6","2032-12-22","","","Porto Alegre"
"LIC-LIC-01","CLARO S.A.","50409889580","010","105752021","405605781","R DA GÁVEA","","RS","4314902","50M0G7W","NR","SA-NSA","","2325","2325","170","FB","","","760","003692202519","24","25","70","-1","X","42.5","003692202519","50","-30.13295","-51.22773","G","2023-11-10","2004-01-06","","19f9f5f8036a0bb7","2032-12-22","","","Porto Alegre"
"LIC-LIC-01","CLARO S.A.","50409889580","010","105752021","405605781","R DA GÁVEA","","RS","4314902","50M0G7W","NR","SA-NSA","","2325","2325","285","FB","","","760","003692202519","24","25","70","-1","X","42.5","003692202519","50","-30.13295","-51.22773","G","2023-11-10","2004-01-06","","19f9f5f8036a0bb8","2032-12-22","","","Porto Alegre"
"LIC-LIC-01","CLARO S.A.","50409889580","010","105752021","1015421676","AV IPIRANGA","PUC","RS","4314902","100MG7W","NR","SA-NSA","","3350","3350","350","FB","","","760","212712202519","24.4","25","65","-4","X","59","212712202519","229","-30.05863","-51.17346","G","2024-03-12","2023-10-27","","219af5f80359895b","2041-12-08","","","Porto Alegre"
"LIC-LIC-01","CLARO S.A.","50409889580","010","105752021","1015421676","AV IPIRANGA","PUC","RS","4314902","100MG7W","NR","SA-NSA","","3350","3350","130","FB","","","760","212712202519","24.4","25","65","-4","X","59","212712202519","229","-30.05863","-51.17346","G","2024-03-12","2023-10-27","","219af5f80359895c","2041-12-08","","","Porto Alegre"
"LIC-LIC-01","CLARO S.A.","50409889580","010","105752021","1015421676","AV IPIRANGA","PUC","RS","4314902","100MG7W","NR","SA-NSA","","3350","3350","240","FB","","","760","212712202519","24.4","25","65","-4","X","59","212712202519","229","-30.05863","-51.17346","G","2024-03-12","2023-10-27","","219af5f80359895d","2041-12-08","","","Porto Alegre"
"LIC-LIC-01","CLARO S.A.","50409889580","010","105752021","1005878100","RUA DR. NAPOLEÃO LAUREANO","","RS","4314902","100MG7W","NR","SA-NSA","","3350","3350","75","FB","","","760","","23","25","13.5","-1","X","26","072212102519","200","-30.01567","-51.17553","G","2023-11-10","2018-03-07","","f9a785f8033b9ec2","2041-12-08","","","Porto Alegre"
"LIC-LIC-01","CLARO S.A.","50409889580","010","105752021","1008802490","AV VEIGA","","RS","4314902","100MG7W","NR","SA-NSA","","3350","3350","290","FB","","","760","","23","25","13.5","-4","X","41","072212102519","200","-30.06671","-51.18359","G","2023-11-10","2019-07-09","","f9a785f80349531c","2032-12-22","","","Porto Alegre"
"LIC-LIC-01","CLARO S.A.","50409889580","010","105752021","1005528672","RUA LUIZ VOELCKER","","RS","4314902","100MG7W","NR","SA-NSA","","3350","3350","20","FB","","","760","","23","25","13.5","-3","X","28.5","072212102519","200","-30.03465","-51.16549","G","2023-11-17","2017-12-29","","20b685f8034a6c26","2041-12-08","","","Porto Alegre"
"LIC-LIC-01","CLARO S.A.","50409889580","010","105752021","1005528680","RUA CIPÓ","","RS","4314902","100MG7W","NR","SA-NSA","","3350","3350","10","FB","","","760","","23","25","13.5","-2","X","30","072212102519","200","-30.02025","-51.16206","G","2023-11-17","2017-12-29","","20b685f8034a6cf8","2041-12-08","","","Porto Alegre"
"LIC-LIC-01","CLARO S.A.","50409889580","010","105752021","617715599","AVENIDA JOÃO WALLIG","SHOPPING IGUATEMI","RS","4314902","100MG7W","NR","SA-NSA","","3350","3350","0","FB","","","168","","1","20","1","0","V","5","104562102519","40","-30.0254","-51.1624","G","2023-11-17","2001-07-27","","20b685f8034a6d36","2041-12-08","","","Porto Alegre"
"LIC-LIC-01","CLARO S.A.","50409889580","010","105752021","405604513","RUA GASPAR MARTINS","","RS","4314902","100MG7W","NR","SA-NSA","","3350","3350","220","FB","","","760","","24.9","25","13.5","-3","X","31","102792102519","204","-30.01981","-51.21306","G","2024-04-04","2004-02-13","","20b685f803617168","2041-12-08","","","Porto Alegre"
"LIC-LIC-01","CLARO S.A.","50409889580","010","105752021","1005589884","R RUA LUZITANA","","RS","4314902","100MG7W","NR","SA-NSA","","3350","3350","80","FB","","","760","","23","25","13.5","-2","X","24","072212102519","200","-30.01372","-51.18386","G","2023-11-17","2021-11-10","","20b685f803617378","2032-12-22","","","Porto Alegre"
"LIC-LIC-01","CLARO S.A.","50409889580","010","105752021","1015188440","R GILBERTO LASTE","BIT","RS","4314902","200MG7W","NR","","","25400","25400","0","FB","","","760","043892202519","17","46","110","0","X","14.5","043892202519","999","-30.0698","-51.2252","G","2023-11-17","2023-08-25","","946185f803b16d1b","2032-12-22","","","Porto Alegre"
"LIC-LIC-01","CLARO S.A.","50409889580","010","105752021","637131347","AV SEVERO DULLIUS","AEROPORTO SALGADO FILHO","RS","4314902","100MG7W","NR","SA-NSA","","3350","3350","0","FB","","","168","","23","0","360","0","X","3","104562102519","40","-29.99017","-51.17709","G","2024-01-05","2001-11-06","","3e52d5f80d84f45d","2032-12-22","","","Porto Alegre"
"LIC-LIC-01","TELEFONICA BRASIL S.A.","50409146366","010","105802021","1000731984","RUA SANTA CECILIA","","RS","4314902","100MG7W","NR","SA-NSA","","3450","3450","360","FB","","","760","021521203257","12.8","30","68","0","X","34","029381003257","200","-30.03708","-51.19685","G","2024-06-04","2014-10-30","","2a97d5f8040276b1","2041-12-08","","","Porto Alegre"
"LIC-LIC-01","TELEFONICA BRASIL S.A.","50409146366","010","105802021","1000731984","RUA SANTA CECILIA","","RS","4314902","100MG7W","NR","SA-NSA","","3450","3450","230","FB","","","760","021521203257","12.8","30","68","-2","X","34","029381003257","200","-30.03708","-51.19685","G","2024-06-04","2014-10-30","","2a97d5f8040276b2","2041-12-08","","","Porto Alegre"
"LIC-LIC-01","TELEFONICA BRASIL S.A.","50409146366","010","105802021","1000731984","RUA SANTA CECILIA","","RS","4314902","100MG7W","NR","SA-NSA","","3450","3450","120","FB","","","760","021521203257","12.8","30","68","-6","X","34","029381003257","200","-30.03708","-51.19685","G","2024-06-04","2014-10-30","","2a97d5f8040276b3","2041-12-08","","","Porto Alegre"
"LIC-LIC-01","CLARO S.A.","50409889580","010","105752021","1000201756","R GILBERTO LASTE","","RS","4314902","100MG7W","NR","SA-NSA","","3350","3350","0","FB","","","760","212712202519","24.4","25","65","0","X","16","212712202519","229","-30.0698","-51.2252","G","2024-02-07","2014-06-05","","a7dee5f80c940967","2041-12-08","","","Porto Alegre"
"LIC-LIC-01","CLARO S.A.","50409889580","010","105752021","1000201756","R GILBERTO LASTE","","RS","4314902","100MG7W","NR","SA-NSA","","3350","3350","120","FB","","","760","212712202519","24.4","25","65","0","X","16","212712202519","229","-30.0698","-51.2252","G","2024-02-07","2014-06-05","","a7dee5f80c940968","2041-12-08","","","Porto Alegre"
"LIC-LIC-01","CLARO S.A.","50409889580","010","105752021","1000201756","R GILBERTO LASTE","","RS","4314902","100MG7W","NR","SA-NSA","","3350","3350","240","FB","","","760","212712202519","24.4","25","65","0","X","16","212712202519","229","-30.0698","-51.2252","G","2024-02-07","2014-06-05","","a7dee5f80c940969","2041-12-08","","","Porto Alegre"
"LIC-LIC-01","TELEFONICA BRASIL S.A.","50409146366","010","105802021","1014462417","AV SEVERO DULLIUS","","RS","4314902","100MG7W","NR","SA-NSA","","3450","3450","1","FB","","","397","0","0","0","0","0","X","3","116652103257","31.62","-29.9904","-51.1751","G","2024-03-01","2022-11-10","","140be5f802b7e7d2","2041-12-08","","","Porto Alegre"
"LIC-LIC-01","TELEFONICA BRASIL S.A.","50409146366","010","105802021","1014462417","AV SEVERO DULLIUS","","RS","4314902","100MG7W","NR","SA-NSA","","3450","3450","2","FB","","","397","0","0","0","0","0","X","3","116652103257","31.62","-29.9904","-51.1751","G","2024-03-01","2022-11-10","","140be5f802b7e7d3","2041-12-08","","","Porto Alegre"
"LIC-LIC-01","TELEFONICA BRASIL S.A.","50409146366","010","105802021","1014462417","AV SEVERO DULLIUS","","RS","4314902","100MG7W","NR","SA-NSA","","3450","3450","3","FB","","","397","0","0","0","0","0","X","3","116652103257","31.62","-29.9904","-51.1751","G","2024-03-01","2022-11-10","","140be5f802b7e7d4","2041-12-08","","","Porto Alegre"
"LIC-LIC-01","CLARO S.A.","50409889580","010","105752021","1015397880","R GENERAL BENTO MARTINS","0","RS","4314902","50M0G7W","NR","SA-NSA","","2325","2325","60","FB","","","760","221942302519","25","25","65","-2","X","10","221942302519","160","-30.03024","-51.23575","G","2024-03-08","2023-10-18","","fac4e5f802085a44","2041-12-08","","","Porto Alegre"
"LIC-LIC-01","CLARO S.A.","50409889580","010","105752021","1015397880","R GENERAL BENTO MARTINS","0","RS","4314902","50M0G7W","NR","SA-NSA","","2325","2325","270","FB","","","760","221942302519","25","25","65","-2","X","10","221942302519","160","-30.03024","-51.23575","G","2024-03-08","2023-10-18","","fac4e5f802085a45","2041-12-08","","","Porto Alegre"
"LIC-LIC-01","CLARO S.A.","50409889580","010","105752021","1015397880","R GENERAL BENTO MARTINS","0","RS","4314902","100MG7W","NR","SA-NSA","","3350","3350","60","FB","","","760","221942302519","25","25","65","-2","X","10","221942302519","160","-30.03024","-51.23575","G","2024-03-08","2023-10-18","","fac4e5f802085a46","2041-12-08","","","Porto Alegre"
"LIC-LIC-01","CLARO S.A.","50409889580","010","105752021","1015397880","R GENERAL BENTO MARTINS","0","RS","4314902","100MG7W","NR","SA-NSA","","3350","3350","270","FB","","","760","221942302519","25","25","65","-2","X","10","221942302519","160","-30.03024","-51.23575","G","2024-03-08","2023-10-18","","fac4e5f802085a47","2041-12-08","","","Porto Alegre"
"LIC-LIC-01","CLARO S.A.","50409889580","010","105752021","684175096","AV CARLOS GOMES","","RS","4314902","100MG7W","NR","SA-NSA","","3350","3350","230","FB","","","760","081161903518","16","23","70","-2","X","38.8","028652302519","40","-30.0304","-51.1811","G","2024-03-15","2004-02-13","","b470e5f8032dfbcc","2041-12-08","","","Porto Alegre"
"LIC-LIC-01","CLARO S.A.","50409889580","010","105752021","684175096","AV CARLOS GOMES","","RS","4314902","100MG7W","NR","SA-NSA","","3350","3350","345","FB","","","760","081161903518","16","23","70","-2","X","38.8","028652302519","40","-30.0304","-51.1811","G","2024-03-15","2004-02-13","","b470e5f8032dfbcd","2041-12-08","","","Porto Alegre"
"LIC-LIC-01","CLARO S.A.","50409889580","010","105752021","684175096","AV CARLOS GOMES","","RS","4314902","100MG7W","NR","SA-NSA","","3350","3350","80","FB","","","760","081161903518","16","23","70","-2","X","38.8","028652302519","40","-30.0304","-51.1811","G","2024-03-15","2004-02-13","","b470e5f8032dfbce","2041-12-08","","","Porto Alegre"
"LIC-LIC-01","TELEFONICA BRASIL S.A.","50409146366","010","105802021","3769933","Av. Protasio Alves","","RS","4314902","100MG7W","NR","SA-NSA","","3450","3450","340","FB","","","760","116652103257","25","25","65","0","X","33","116652103257","200","-30.04","-51.16306","G","2024-03-21","1999-10-05","","b470e5f801e283d4","2041-12-08","","","Porto Alegre"
"LIC-LIC-01","TELEFONICA BRASIL S.A.","50409146366","010","105802021","3769933","Av. Protasio Alves","","RS","4314902","100MG7W","NR","SA-NSA","","3450","3450","90","FB","","","760","116652103257","25","25","65","0","X","33","116652103257","200","-30.04","-51.16306","G","2024-03-21","1999-10-05","","b470e5f801e283d5","2041-12-08","","","Porto Alegre"
"LIC-LIC-01","TELEFONICA BRASIL S.A.","50409146366","010","105802021","3769933","Av. Protasio Alves","","RS","4314902","100MG7W","NR","SA-NSA","","3450","3450","230","FB","","","760","116652103257","25","25","65","0","X","33","116652103257","200","-30.04","-51.16306","G","2024-03-21","1999-10-05","","b470e5f801e283d6","2041-12-08","","","Porto Alegre"
"LIC-LIC-01","TELEFONICA BRASIL S.A.","50409146366","010","105802021","5186366","Rua Avai","","RS","4314902","100MG7W","NR","SA-NSA","","3450","3450","350","FB","","","760","116652103257","25","25","65","0","X","30","116652103257","200","-30.03361","-51.22222","G","2024-03-21","1999-10-05","","b470e5f801e2841f","2041-12-08","","","Porto Alegre"
"LIC-LIC-01","TELEFONICA BRASIL S.A.","50409146366","010","105802021","5186366","Rua Avai","","RS","4314902","100MG7W","NR","SA-NSA","","3450","3450","120","FB","","","760","116652103257","25","25","65","0","X","30","116652103257","200","-30.03361","-51.22222","G","2024-03-21","1999-10-05","","b470e5f801e28420","2041-12-08","","","Porto Alegre"
"LIC-LIC-01","TELEFONICA BRASIL S.A.","50409146366","010","105802021","5186366","Rua Avai","","RS","4314902","100MG7W","NR","SA-NSA","","3450","3450","250","FB","","","760","116652103257","25","25","65","0","X","30","116652103257","200","-30.03361","-51.22222","G","2024-03-21","1999-10-05","","b470e5f801e28421","2041-12-08","","","Porto Alegre"
"LIC-LIC-01","TELEFONICA BRASIL S.A.","50409146366","010","105802021","403010519","AVENIDA CORONEL APARICIO BORGES","RBR-NÃO","RS","4314902","100MG7W","NR","SA-NSA","","3450","3450","0","FB","","","760","116652103257","25","25","65","0","X","30","116652103257","200","-30.07333","-51.195","G","2024-06-20","1999-11-08","403010519","b470e5f801e284c7","2041-12-08","","","Porto Alegre"
"LIC-LIC-01","TELEFONICA BRASIL S.A.","50409146366","010","105802021","403010519","AVENIDA CORONEL APARICIO BORGES","RBR-NÃO","RS","4314902","100MG7W","NR","SA-NSA","","3450","3450","120","FB","","","760","116652103257","25","25","65","0","X","30","116652103257","200","-30.07333","-51.195","G","2024-06-20","1999-11-08","403010519","b470e5f801e284c8","2041-12-08","","","Porto Alegre"
"LIC-LIC-01","TELEFONICA BRASIL S.A.","50409146366","010","105802021","403010519","AVENIDA CORONEL APARICIO BORGES","RBR-NÃO","RS","4314902","100MG7W","NR","SA-NSA","","3450","3450","250","FB","","","760","116652103257","25","25","65","0","X","30","116652103257","200","-30.07333","-51.195","G","2024-06-20","1999-11-08","403010519","b470e5f801e284c9","2041-12-08","","","Porto Alegre"
"LIC-LIC-01","TELEFONICA BRASIL S.A.","50409146366","010","105802021","436303531","Av. Bento Goncalves","","RS","4314902","100MG7W","NR","SA-NSA","","3450","3450","50","FB","","","760","116652103257","25","25","65","0","X","35","116652103257","200","-30.05306","-51.20139","G","2024-03-21","1999-11-08","","b470e5f801e28567","2041-12-08","","","Porto Alegre"
"LIC-LIC-01","TELEFONICA BRASIL S.A.","50409146366","010","105802021","436303531","Av. Bento Goncalves","","RS","4314902","100MG7W","NR","SA-NSA","","3450","3450","120","FB","","","760","116652103257","25","25","65","0","X","35","116652103257","200","-30.05306","-51.20139","G","2024-03-21","1999-11-08","","b470e5f801e28568","2041-12-08","","","Porto Alegre"
"LIC-LIC-01","TELEFONICA BRASIL S.A.","50409146366","010","105802021","436303531","Av. Bento Goncalves","","RS","4314902","100MG7W","NR","SA-NSA","","3450","3450","280","FB","","","760","116652103257","25","25","65","0","X","35","116652103257","200","-30.05306","-51.20139","G","2024-03-21","1999-11-08","","b470e5f801e28569","2041-12-08","","","Porto Alegre"
"LIC-LIC-01","TELEFONICA BRASIL S.A.","50409146366","010","105802021","441529810","Rua DEZOITO DE NOVEMBRO","","RS","4314902","100MG7W","NR","SA-NSA","","3450","3450","20","FB","","","760","116652103257","25","25","65","0","X","33","116652103257","31.62","-29.99889","-51.18972","G","2024-03-21","1999-11-08","","b470e5f801e285b2","2041-12-08","","","Porto Alegre"
"LIC-LIC-01","TELEFONICA BRASIL S.A.","50409146366","010","105802021","441529810","Rua DEZOITO DE NOVEMBRO","","RS","4314902","100MG7W","NR","SA-NSA","","3450","3450","120","FB","","","760","116652103257","25","25","65","0","X","33","116652103257","31.62","-29.99889","-51.18972","G","2024-03-21","1999-11-08","","b470e5f801e285b3","2041-12-08","","","Porto Alegre"
"LIC-LIC-01","TELEFONICA BRASIL S.A.","50409146366","010","105802021","441529810","Rua DEZOITO DE NOVEMBRO","","RS","4314902","100MG7W","NR","SA-NSA","","3450","3450","270","FB","","","760","116652103257","25","25","65","0","X","33","116652103257","31.62","-29.99889","-51.18972","G","2024-03-21","1999-11-08","","b470e5f801e285b4","2041-12-08","","","Porto Alegre"
"LIC-LIC-01","TELEFONICA BRASIL S.A.","50409146366","010","105802021","684182351","RUA BARAO DO CERRO LARGO","","RS","4314902","100MG7W","NR","SA-NSA","","3450","3450","0","FB","","","760","116652103257","25","25","65","0","X","41","116652103257","200","-30.06194","-51.22833","G","2024-06-04","2003-12-31","","b470e5f801e286a4","2041-12-08","","","Porto Alegre"
"LIC-LIC-01","TELEFONICA BRASIL S.A.","50409146366","010","105802021","684182351","RUA BARAO DO CERRO LARGO","","RS","4314902","100MG7W","NR","SA-NSA","","3450","3450","120","FB","","","760","116652103257","25","25","65","0","X","41","116652103257","200","-30.06194","-51.22833","G","2024-06-04","2003-12-31","","b470e5f801e286a5","2041-12-08","","","Porto Alegre"
"LIC-LIC-01","TELEFONICA BRASIL S.A.","50409146366","010","105802021","684182351","RUA BARAO DO CERRO LARGO","","RS","4314902","100MG7W","NR","SA-NSA","","3450","3450","240","FB","","","760","116652103257","25","25","65","0","X","41","116652103257","200","-30.06194","-51.22833","G","2024-06-04","2003-12-31","","b470e5f801e286a6","2041-12-08","","","Porto Alegre"
"LIC-LIC-01","TELEFONICA BRASIL S.A.","50409146366","010","105802021","697673693","Rua Professor Carvalho de Freitas","","RS","4314902","100MG7W","NR","SA-NSA","","3450","3450","340","FB","","","760","116652103257","25","25","65","0","X","32","116652103257","200","-30.07528","-51.20889","G","2024-03-21","2012-08-16","","b470e5f801e28752","2041-12-08","","","Porto Alegre"
"LIC-LIC-01","TELEFONICA BRASIL S.A.","50409146366","010","105802021","697673693","Rua Professor Carvalho de Freitas","","RS","4314902","100MG7W","NR","SA-NSA","","3450","3450","110","FB","","","760","116652103257","25","25","65","0","X","32","116652103257","200","-30.07528","-51.20889","G","2024-03-21","2012-08-16","","b470e5f801e28753","2041-12-08","","","Porto Alegre"
"LIC-LIC-01","TELEFONICA BRASIL S.A.","50409146366","010","105802021","697673693","Rua Professor Carvalho de Freitas","","RS","4314902","100MG7W","NR","SA-NSA","","3450","3450","180","FB","","","760","116652103257","25","25","65","0","X","32","116652103257","200","-30.07528","-51.20889","G","2024-03-21","2012-08-16","","b470e5f801e28754","2041-12-08","","","Porto Alegre"
"LIC-LIC-01","TELEFONICA BRASIL S.A.","50409146366","010","105802021","699802369","Rua Delfino Riet","","RS","4314902","100MG7W","NR","SA-NSA","","3450","3450","340","FB","","","760","116652103257","25","25","65","0","X","29","116652103257","200","-30.06278","-51.20556","G","2024-03-21","2014-03-13","","b470e5f801e2878e","2041-12-08","","","Porto Alegre"
"LIC-LIC-01","TELEFONICA BRASIL S.A.","50409146366","010","105802021","699802369","Rua Delfino Riet","","RS","4314902","100MG7W","NR","SA-NSA","","3450","3450","130","FB","","","760","116652103257","25","25","65","0","X","29","116652103257","200","-30.06278","-51.20556","G","2024-03-21","2014-03-13","","b470e5f801e2878f","2041-12-08","","","Porto Alegre"
"LIC-LIC-01","TELEFONICA BRASIL S.A.","50409146366","010","105802021","699802369","Rua Delfino Riet","","RS","4314902","100MG7W","NR","SA-NSA","","3450","3450","230","FB","","","760","116652103257","25","25","65","0","X","29","116652103257","200","-30.06278","-51.20556","G","2024-03-21","2014-03-13","","b470e5f801e28790","2041-12-08","","","Porto Alegre"
"LIC-LIC-01","TELEFONICA BRASIL S.A.","50409146366","010","105802021","699873924","Rua Guilherme Schell","","RS","4314902","100MG7W","NR","SA-NSA","","3450","3450","320","FB","","","760","116652103257","25","25","65","0","X","33","116652103257","200","-30.05472","-51.20694","G","2024-03-21","2014-04-02","","b470e5f801e287a6","2041-12-08","","","Porto Alegre"
"LIC-LIC-01","TELEFONICA BRASIL S.A.","50409146366","010","105802021","699873924","Rua Guilherme Schell","","RS","4314902","100MG7W","NR","SA-NSA","","3450","3450","90","FB","","","760","116652103257","25","25","65","0","X","33","116652103257","200","-30.05472","-51.20694","G","2024-03-21","2014-04-02","","b470e5f801e287a7","2041-12-08","","","Porto Alegre"
"LIC-LIC-01","TELEFONICA BRASIL S.A.","50409146366","010","105802021","699873924","Rua Guilherme Schell","","RS","4314902","100MG7W","NR","SA-NSA","","3450","3450","210","FB","","","760","116652103257","25","25","65","0","X","33","116652103257","200","-30.05472","-51.20694","G","2024-03-21","2014-04-02","","b470e5f801e287a8","2041-12-08","","","Porto Alegre"
"LIC-LIC-01","TELEFONICA BRASIL S.A.","50409146366","010","105802021","1011695879","RUA FREI GERMANO","","RS","4314902","100MG7W","NR","SA-NSA","","3450","3450","40","FB","","","760","116652103257","25","25","105","0","X","30","116652103257","200","-30.05644","-51.16765","G","2024-03-21","2021-01-29","","b470e5f801e287b2","2041-12-08","","","Porto Alegre"
"LIC-LIC-01","TELEFONICA BRASIL S.A.","50409146366","010","105802021","1011695879","RUA FREI GERMANO","","RS","4314902","100MG7W","NR","SA-NSA","","3450","3450","170","FB","","","760","116652103257","25","25","105","0","X","30","116652103257","200","-30.05644","-51.16765","G","2024-03-21","2021-01-29","","b470e5f801e287b3","2041-12-08","","","Porto Alegre"
"LIC-LIC-01","TELEFONICA BRASIL S.A.","50409146366","010","105802021","1011695879","RUA FREI GERMANO","","RS","4314902","100MG7W","NR","SA-NSA","","3450","3450","260","FB","","","760","116652103257","25","25","105","0","X","30","116652103257","200","-30.05644","-51.16765","G","2024-03-21","2021-01-29","","b470e5f801e287b4","2041-12-08","","","Porto Alegre"
"LIC-LIC-01","CLARO S.A.","50409889580","010","105752021","679400540","AV PRAIA DE BELAS","SHOPPING PRAIA DE BELAS","RS","4314902","50M0G7W","NR","SA-NSA","","2325","2325","0","FB","","","168","","4","10","360","0","V","3","139102102519","50","-30.0487","-51.2284","G","2024-04-01","2002-08-13","","9bc2e5f80218f5b0","2041-12-08","","","Porto Alegre"
"LIC-LIC-01","CLARO S.A.","50409889580","010","105752021","679400540","AV PRAIA DE BELAS","SHOPPING PRAIA DE BELAS","RS","4314902","100MG7W","NR","SA-NSA","","3350","3350","0","FB","","","168","","23","0","360","0","X","3","104562102519","40","-30.0487","-51.2284","G","2024-04-01","2002-08-13","","9bc2e5f80218f5b1","2041-12-08","","","Porto Alegre"
"LIC-LIC-01","CLARO S.A.","50409889580","010","105752021","699789109","AV ASSIS BRASIL","VONPAR","RS","4314902","100MG7W","NR","SA-NSA","","3350","3350","170","FB","","","760","","23","25","13.5","-3","X","25.5","072212102519","200","-29.97055","-51.1193","G","2024-04-17","2014-03-26","","e59de5f81f6258ea","2041-12-08","","","Porto Alegre"
"LIC-LIC-01","CLARO S.A.","50409889580","010","105752021","699789109","AV ASSIS BRASIL","VONPAR","RS","4314902","100MG7W","NR","SA-NSA","","3350","3350","245","FB","","","760","","23","25","13.5","-3","X","25.5","072212102519","200","-29.97055","-51.1193","G","2024-04-17","2014-03-26","","e59de5f81f6258eb","2041-12-08","","","Porto Alegre"
"LIC-LIC-01","CLARO S.A.","50409889580","010","105752021","699789109","AV ASSIS BRASIL","VONPAR","RS","4314902","100MG7W","NR","SA-NSA","","3350","3350","75","FB","","","760","","23","25","13.5","-4","X","25.5","072212102519","200","-29.97055","-51.1193","G","2024-04-17","2014-03-26","","e59de5f81f6258ec","2041-12-08","","","Porto Alegre"
"LIC-LIC-01","TELEFONICA BRASIL S.A.","50409146366","010","105802021","1015831793","AVENIDA DR NILO PECANHA","","RS","4314902","100MG7W","NR","SA-NSA","","3450","3450","330","FB","","","760","116652103257","25","25","65","4","X","32","116652103257","200","-30.028","-51.1684","G","2024-06-04","2024-06-04","","3856e5f885b7269a","2041-12-08","","","Porto Alegre"
"LIC-LIC-01","TELEFONICA BRASIL S.A.","50409146366","010","105802021","1015831793","AVENIDA DR NILO PECANHA","","RS","4314902","100MG7W","NR","SA-NSA","","3450","3450","100","FB","","","760","116652103257","25","25","65","2","X","32","116652103257","200","-30.028","-51.1684","G","2024-06-04","2024-06-04","","3856e5f885b7269b","2041-12-08","","","Porto Alegre"
"LIC-LIC-01","TELEFONICA BRASIL S.A.","50409146366","010","105802021","1015831793","AVENIDA DR NILO PECANHA","","RS","4314902","100MG7W","NR","SA-NSA","","3450","3450","230","FB","","","760","116652103257","25","25","65","4","X","32","116652103257","200","-30.028","-51.1684","G","2024-06-04","2024-06-04","","3856e5f885b7269c","2041-12-08","","","Porto Alegre"
"LIC-LIC-01","TELEFONICA BRASIL S.A.","50409146366","010","105802021","3770001","Av. Assis Brasil","","RS","4314902","100MG7W","NR","SA-NSA","","3450","3450","340","FB","","","760","116652103257","25","25","105","0","X","36","116652103257","200","-30.00972","-51.15139","G","2024-07-08","1999-10-05","","9f1336483a896296","2041-12-08","","","Porto Alegre"
"LIC-LIC-01","TELEFONICA BRASIL S.A.","50409146366","010","105802021","3770001","Av. Assis Brasil","","RS","4314902","100MG7W","NR","SA-NSA","","3450","3450","120","FB","","","760","116652103257","25","25","105","0","X","36","116652103257","200","-30.00972","-51.15139","G","2024-07-08","1999-10-05","","9f1336483a896297","2041-12-08","","","Porto Alegre"
"LIC-LIC-01","TELEFONICA BRASIL S.A.","50409146366","010","105802021","3770001","Av. Assis Brasil","","RS","4314902","100MG7W","NR","SA-NSA","","3450","3450","220","FB","","","760","116652103257","25","25","105","0","X","36","116652103257","200","-30.00972","-51.15139","G","2024-07-08","1999-10-05","","9f1336483a896298","2041-12-08","","","Porto Alegre"
"LIC-LIC-01","TELEFONICA BRASIL S.A.","50409146366","010","105802021","5185408","RUA COMANDAÍ","","RS","4314902","100MG7W","NR","SA-NSA","","3450","3450","0","FB","","","760","116652103257","25","25","105","0","X","31","116652103257","200","-30.08972","-51.23472","G","2024-07-08","1999-10-05","","9f1336483a89629c","2041-12-08","","","Porto Alegre"
"LIC-LIC-01","TELEFONICA BRASIL S.A.","50409146366","010","105802021","5185408","RUA COMANDAÍ","","RS","4314902","100MG7W","NR","SA-NSA","","3450","3450","120","FB","","","760","116652103257","25","25","105","0","X","31","116652103257","200","-30.08972","-51.23472","G","2024-07-08","1999-10-05","","9f1336483a89629d","2041-12-08","","","Porto Alegre"
"LIC-LIC-01","TELEFONICA BRASIL S.A.","50409146366","010","105802021","5185408","RUA COMANDAÍ","","RS","4314902","100MG7W","NR","SA-NSA","","3450","3450","240","FB","","","760","116652103257","25","25","105","0","X","31","116652103257","200","-30.08972","-51.23472","G","2024-07-08","1999-10-05","","9f1336483a89629e","2041-12-08","","","Porto Alegre"
"LIC-LIC-01","TELEFONICA BRASIL S.A.","50409146366","010","105802021","441094961","Avenida CAI","","RS","4314902","100MG7W","NR","SA-NSA","","3450","3450","345","FB","","","760","116652103257","25","25","105","0","X","30","116652103257","200","-30.07917","-51.23972","G","2024-07-08","1999-11-08","","9f1336483a8962a8","2041-12-08","","","Porto Alegre"
"LIC-LIC-01","TELEFONICA BRASIL S.A.","50409146366","010","105802021","441094961","Avenida CAI","","RS","4314902","100MG7W","NR","SA-NSA","","3450","3450","120","FB","","","760","116652103257","25","25","105","0","X","30","116652103257","200","-30.07917","-51.23972","G","2024-07-08","1999-11-08","","9f1336483a8962a9","2041-12-08","","","Porto Alegre"
"LIC-LIC-01","TELEFONICA BRASIL S.A.","50409146366","010","105802021","441094961","Avenida CAI","","RS","4314902","100MG7W","NR","SA-NSA","","3450","3450","250","FB","","","760","116652103257","25","25","105","0","X","30","116652103257","200","-30.07917","-51.23972","G","2024-07-08","1999-11-08","","9f1336483a8962aa","2041-12-08","","","Porto Alegre"
"LIC-LIC-01","TELEFONICA BRASIL S.A.","50409146366","010","105802021","699802288","Avenida Presidente Franklin Roosevelt","","RS","4314902","100MG7W","NR","SA-NSA","","3450","3450","10","FB","","","760","116652103257","25","25","105","0","X","33","116652103257","200","-30.01","-51.20389","G","2024-07-08","2014-03-13","","9f1336483a8962c3","2041-12-08","","","Porto Alegre"
"LIC-LIC-01","TELEFONICA BRASIL S.A.","50409146366","010","105802021","699802288","Avenida Presidente Franklin Roosevelt","","RS","4314902","100MG7W","NR","SA-NSA","","3450","3450","140","FB","","","760","116652103257","25","25","105","0","X","33","116652103257","200","-30.01","-51.20389","G","2024-07-08","2014-03-13","","9f1336483a8962c4","2041-12-08","","","Porto Alegre"
"LIC-LIC-01","TELEFONICA BRASIL S.A.","50409146366","010","105802021","699802288","Avenida Presidente Franklin Roosevelt","","RS","4314902","100MG7W","NR","SA-NSA","","3450","3450","260","FB","","","760","116652103257","25","25","105","0","X","33","116652103257","200","-30.01","-51.20389","G","2024-07-08","2014-03-13","","9f1336483a8962c5","2041-12-08","","","Porto Alegre"
"LIC-LIC-01","TELEFONICA BRASIL S.A.","50409146366","010","105802021","1007047795","RUA PADRE JOAO BATISTA REUS","AO LADO DO 1849","RS","4314902","100MG7W","NR","SA-NSA","","3450","3450","330","FB","","","760","116652103257","25","25","105","0","X","40","116652103257","200","-30.11421","-51.24398","G","2024-07-08","2018-08-07","","9f1336483a8962d2","2041-12-08","","","Porto Alegre"
"LIC-LIC-01","TELEFONICA BRASIL S.A.","50409146366","010","105802021","1007047795","RUA PADRE JOAO BATISTA REUS","AO LADO DO 1849","RS","4314902","100MG7W","NR","SA-NSA","","3450","3450","70","FB","","","760","116652103257","25","25","105","0","X","40","116652103257","200","-30.11421","-51.24398","G","2024-07-08","2018-08-07","","9f1336483a8962d3","2041-12-08","","","Porto Alegre"
"LIC-LIC-01","TELEFONICA BRASIL S.A.","50409146366","010","105802021","1007047795","RUA PADRE JOAO BATISTA REUS","AO LADO DO 1849","RS","4314902","100MG7W","NR","SA-NSA","","3450","3450","230","FB","","","760","116652103257","25","25","105","0","X","40","116652103257","200","-30.11421","-51.24398","G","2024-07-08","2018-08-07","","9f1336483a8962d4","2041-12-08","","","Porto Alegre"
"LIC-LIC-01","TELEFONICA BRASIL S.A.","50409146366","010","105802021","1010832228","RUA EDGAR PIRES DE CASTRO","","RS","4314902","100MG7W","NR","SA-NSA","","3450","3450","60","FB","","","760","116652103257","25","25","105","0","X","40","116652103257","200","-30.1564","-51.1719","G","2024-07-08","2021-09-09","","9f1336483a8962d8","2041-12-08","","","Porto Alegre"
"LIC-LIC-01","TELEFONICA BRASIL S.A.","50409146366","010","105802021","1010832228","RUA EDGAR PIRES DE CASTRO","","RS","4314902","100MG7W","NR","SA-NSA","","3450","3450","160","FB","","","760","116652103257","25","25","105","0","X","40","116652103257","200","-30.1564","-51.1719","G","2024-07-08","2021-09-09","","9f1336483a8962d9","2041-12-08","","","Porto Alegre"
"LIC-LIC-01","TELEFONICA BRASIL S.A.","50409146366","010","105802021","1010832228","RUA EDGAR PIRES DE CASTRO","","RS","4314902","100MG7W","NR","SA-NSA","","3450","3450","240","FB","","","760","116652103257","25","25","105","0","X","40","116652103257","200","-30.1564","-51.1719","G","2024-07-08","2021-09-09","","9f1336483a8962da","2041-12-08","","","Porto Alegre"
"LIC-LIC-01","TELEFONICA BRASIL S.A.","50409146366","010","105802021","1012018366","RUA CORONEL MASSOT","","RS","4314902","100MG7W","NR","SA-NSA","","3450","3450","340","FB","","","760","116652103257","25","25","105","0","X","24.8","116652103257","200","-30.098333","-51.238","G","2024-07-08","2021-06-08","","9f1336483a8962db","2041-12-08","","","Porto Alegre"
"LIC-LIC-01","TELEFONICA BRASIL S.A.","50409146366","010","105802021","1012018366","RUA CORONEL MASSOT","","RS","4314902","100MG7W","NR","SA-NSA","","3450","3450","140","FB","","","760","116652103257","25","25","105","0","X","24.8","116652103257","200","-30.098333","-51.238","G","2024-07-08","2021-06-08","","9f1336483a8962dc","2041-12-08","","","Porto Alegre"
"LIC-LIC-01","TELEFONICA BRASIL S.A.","50409146366","010","105802021","1012018366","RUA CORONEL MASSOT","","RS","4314902","100MG7W","NR","SA-NSA","","3450","3450","240","FB","","","760","116652103257","25","25","105","0","X","24.8","116652103257","200","-30.098333","-51.238","G","2024-07-08","2021-06-08","","9f1336483a8962dd","2041-12-08","","","Porto Alegre"
"LIC-LIC-01","TELEFONICA BRASIL S.A.","50409146366","010","105802021","1015960739","AV. IPIRANGA","","RS","4314902","100MG7W","NR","SA-NSA","","3450","3450","1","FB","","","760","072102203257","0","0","0","0","X","4","072102203257","200","-30.0549","-51.18692","G","2024-07-23","2024-07-23","","d3970ae8051230e6","2041-12-08","","","Porto Alegre"
"LIC-LIC-01","TELEFONICA BRASIL S.A.","50409146366","010","105802021","3770001","Av. Assis Brasil","","RS","4314902","100MG7W","NR","SA-NSA","","3450","3450","340","FB","","","760","116652103257","25","25","105","0","X","36","116652103257","200","-30.00972","-51.15139","G","2024-08-30","1999-10-05","","05e90ae8032743ca","2041-12-08","","","Porto Alegre"
"LIC-LIC-01","TELEFONICA BRASIL S.A.","50409146366","010","105802021","3770001","Av. Assis Brasil","","RS","4314902","100MG7W","NR","SA-NSA","","3450","3450","120","FB","","","760","116652103257","25","25","105","0","X","36","116652103257","200","-30.00972","-51.15139","G","2024-08-30","1999-10-05","","05e90ae8032743cb","2041-12-08","","","Porto Alegre"
"LIC-LIC-01","TELEFONICA BRASIL S.A.","50409146366","010","105802021","3770001","Av. Assis Brasil","","RS","4314902","100MG7W","NR","SA-NSA","","3450","3450","220","FB","","","760","116652103257","25","25","105","0","X","36","116652103257","200","-30.00972","-51.15139","G","2024-08-30","1999-10-05","","05e90ae8032743cc","2041-12-08","","","Porto Alegre"
"LIC-LIC-01","TELEFONICA BRASIL S.A.","50409146366","010","105802021","5185408","RUA COMANDAÍ","","RS","4314902","100MG7W","NR","SA-NSA","","3450","3450","0","FB","","","760","116652103257","25","25","105","0","X","31","116652103257","200","-30.08972","-51.23472","G","2024-08-30","1999-10-05","","05e90ae8032743d0","2041-12-08","","","Porto Alegre"
"LIC-LIC-01","TELEFONICA BRASIL S.A.","50409146366","010","105802021","5185408","RUA COMANDAÍ","","RS","4314902","100MG7W","NR","SA-NSA","","3450","3450","120","FB","","","760","116652103257","25","25","105","0","X","31","116652103257","200","-30.08972","-51.23472","G","2024-08-30","1999-10-05","","05e90ae8032743d1","2041-12-08","","","Porto Alegre"
"LIC-LIC-01","TELEFONICA BRASIL S.A.","50409146366","010","105802021","5185408","RUA COMANDAÍ","","RS","4314902","100MG7W","NR","SA-NSA","","3450","3450","240","FB","","","760","116652103257","25","25","105","0","X","31","116652103257","200","-30.08972","-51.23472","G","2024-08-30","1999-10-05","","05e90ae8032743d2","2041-12-08","","","Porto Alegre"
"LIC-LIC-01","TELEFONICA BRASIL S.A.","50409146366","010","105802021","441094961","Avenida CAI","","RS","4314902","100MG7W","NR","SA-NSA","","3450","3450","345","FB","","","760","116652103257","25","25","105","0","X","30","116652103257","200","-30.07917","-51.23972","G","2024-08-30","1999-11-08","","05e90ae8032743dc","2041-12-08","","","Porto Alegre"
"LIC-LIC-01","TELEFONICA BRASIL S.A.","50409146366","010","105802021","441094961","Avenida CAI","","RS","4314902","100MG7W","NR","SA-NSA","","3450","3450","120","FB","","","760","116652103257","25","25","105","0","X","30","116652103257","200","-30.07917","-51.23972","G","2024-08-30","1999-11-08","","05e90ae8032743dd","2041-12-08","","","Porto Alegre"
"LIC-LIC-01","TELEFONICA BRASIL S.A.","50409146366","010","105802021","441094961","Avenida CAI","","RS","4314902","100MG7W","NR","SA-NSA","","3450","3450","250","FB","","","760","116652103257","25","25","105","0","X","30","116652103257","200","-30.07917","-51.23972","G","2024-08-30","1999-11-08","","05e90ae8032743de","2041-12-08","","","Porto Alegre"
"LIC-LIC-01","TELEFONICA BRASIL S.A.","50409146366","010","105802021","699802288","Avenida Presidente Franklin Roosevelt","","RS","4314902","100MG7W","NR","SA-NSA","","3450","3450","10","FB","","","760","116652103257","25","25","105","0","X","33","116652103257","200","-30.01","-51.20389","G","2024-08-30","2014-03-13","","05e90ae8032743f4","2041-12-08","","","Porto Alegre"
"LIC-LIC-01","TELEFONICA BRASIL S.A.","50409146366","010","105802021","699802288","Avenida Presidente Franklin Roosevelt","","RS","4314902","100MG7W","NR","SA-NSA","","3450","3450","140","FB","","","760","116652103257","25","25","105","0","X","33","116652103257","200","-30.01","-51.20389","G","2024-08-30","2014-03-13","","05e90ae8032743f5","2041-12-08","","","Porto Alegre"
"LIC-LIC-01","TELEFONICA BRASIL S.A.","50409146366","010","105802021","699802288","Avenida Presidente Franklin Roosevelt","","RS","4314902","100MG7W","NR","SA-NSA","","3450","3450","260","FB","","","760","116652103257","25","25","105","0","X","33","116652103257","200","-30.01","-51.20389","G","2024-08-30","2014-03-13","","05e90ae8032743f6","2041-12-08","","","Porto Alegre"
"LIC-LIC-01","TELEFONICA BRASIL S.A.","50409146366","010","105802021","699873894","Rua Doutor Carlos Walau","","RS","4314902","100MG7W","NR","SA-NSA","","3450","3450","30","FB","","","760","116652103257","25","25","105","0","X","12","116652103257","31.62","-30.00083","-51.15972","G","2024-08-30","2014-04-02","","05e90ae8032743f7","2041-12-08","","","Porto Alegre"
"LIC-LIC-01","TELEFONICA BRASIL S.A.","50409146366","010","105802021","699873894","Rua Doutor Carlos Walau","","RS","4314902","100MG7W","NR","SA-NSA","","3450","3450","140","FB","","","760","116652103257","25","25","105","0","X","12","116652103257","31.62","-30.00083","-51.15972","G","2024-08-30","2014-04-02","","05e90ae8032743f8","2041-12-08","","","Porto Alegre"
"LIC-LIC-01","TELEFONICA BRASIL S.A.","50409146366","010","105802021","699873894","Rua Doutor Carlos Walau","","RS","4314902","100MG7W","NR","SA-NSA","","3450","3450","240","FB","","","760","116652103257","25","25","105","0","X","12","116652103257","31.62","-30.00083","-51.15972","G","2024-08-30","2014-04-02","","05e90ae8032743f9","2041-12-08","","","Porto Alegre"
"LIC-LIC-01","TELEFONICA BRASIL S.A.","50409146366","010","105802021","1007047795","RUA PADRE JOAO BATISTA REUS","","RS","4314902","100MG7W","NR","SA-NSA","","3450","3450","330","FB","","","760","116652103257","25","25","105","0","X","40","116652103257","200","-30.11306","-51.24417","G","2024-08-30","2018-08-07","","05e90ae803274403","2041-12-08","","","Porto Alegre"
"LIC-LIC-01","TELEFONICA BRASIL S.A.","50409146366","010","105802021","1007047795","RUA PADRE JOAO BATISTA REUS","","RS","4314902","100MG7W","NR","SA-NSA","","3450","3450","70","FB","","","760","116652103257","25","25","105","0","X","40","116652103257","200","-30.11306","-51.24417","G","2024-08-30","2018-08-07","","05e90ae803274404","2041-12-08","","","Porto Alegre"
"LIC-LIC-01","TELEFONICA BRASIL S.A.","50409146366","010","105802021","1007047795","RUA PADRE JOAO BATISTA REUS","","RS","4314902","100MG7W","NR","SA-NSA","","3450","3450","230","FB","","","760","116652103257","25","25","105","0","X","40","116652103257","200","-30.11306","-51.24417","G","2024-08-30","2018-08-07","","05e90ae803274405","2041-12-08","","","Porto Alegre"
"LIC-LIC-01","TELEFONICA BRASIL S.A.","50409146366","010","105802021","1010210065","RUA PROF.ANTÔNIO PEYROUTON LOUZADA","RBR-NÃO","RS","4314902","100MG7W","NR","SA-NSA","","3450","3450","340","FB","","","760","116652103257","25","25","105","0","X","30","116652103257","200","-30.06556","-51.14694","G","2024-08-30","2020-04-16","","05e90ae803274409","2041-12-08","","","Porto Alegre"
"LIC-LIC-01","TELEFONICA BRASIL S.A.","50409146366","010","105802021","1010210065","RUA PROF.ANTÔNIO PEYROUTON LOUZADA","RBR-NÃO","RS","4314902","100MG7W","NR","SA-NSA","","3450","3450","130","FB","","","760","116652103257","25","25","105","0","X","30","116652103257","200","-30.06556","-51.14694","G","2024-08-30","2020-04-16","","05e90ae80327440a","2041-12-08","","","Porto Alegre"
"LIC-LIC-01","TELEFONICA BRASIL S.A.","50409146366","010","105802021","1010210065","RUA PROF.ANTÔNIO PEYROUTON LOUZADA","RBR-NÃO","RS","4314902","100MG7W","NR","SA-NSA","","3450","3450","220","FB","","","760","116652103257","25","25","105","0","X","30","116652103257","200","-30.06556","-51.14694","G","2024-08-30","2020-04-16","","05e90ae80327440b","2041-12-08","","","Porto Alegre"
"LIC-LIC-01","TELEFONICA BRASIL S.A.","50409146366","010","105802021","1010832228","RUA EDGAR PIRES DE CASTRO","","RS","4314902","100MG7W","NR","SA-NSA","","3450","3450","60","FB","","","760","116652103257","25","25","105","0","X","40","116652103257","200","-30.1564","-51.1719","G","2024-08-30","2021-09-09","","05e90ae80327440c","2041-12-08","","","Porto Alegre"
"LIC-LIC-01","TELEFONICA BRASIL S.A.","50409146366","010","105802021","1010832228","RUA EDGAR PIRES DE CASTRO","","RS","4314902","100MG7W","NR","SA-NSA","","3450","3450","160","FB","","","760","116652103257","25","25","105","0","X","40","116652103257","200","-30.1564","-51.1719","G","2024-08-30","2021-09-09","","05e90ae80327440d","2041-12-08","","","Porto Alegre"
"LIC-LIC-01","TELEFONICA BRASIL S.A.","50409146366","010","105802021","1010832228","RUA EDGAR PIRES DE CASTRO","","RS","4314902","100MG7W","NR","SA-NSA","","3450","3450","240","FB","","","760","116652103257","25","25","105","0","X","40","116652103257","200","-30.1564","-51.1719","G","2024-08-30","2021-09-09","","05e90ae80327440e","2041-12-08","","","Porto Alegre"
"LIC-LIC-01","TELEFONICA BRASIL S.A.","50409146366","010","105802021","1012018366","RUA CORONEL MASSOT","","RS","4314902","100MG7W","NR","SA-NSA","","3450","3450","340","FB","","","760","116652103257","25","25","105","0","X","24.8","116652103257","200","-30.098333","-51.238","G","2024-08-30","2021-06-08","","05e90ae80327440f","2041-12-08","","","Porto Alegre"
"LIC-LIC-01","TELEFONICA BRASIL S.A.","50409146366","010","105802021","1012018366","RUA CORONEL MASSOT","","RS","4314902","100MG7W","NR","SA-NSA","","3450","3450","140","FB","","","760","116652103257","25","25","105","0","X","24.8","116652103257","200","-30.098333","-51.238","G","2024-08-30","2021-06-08","","05e90ae803274410","2041-12-08","","","Porto Alegre"
"LIC-LIC-01","TELEFONICA BRASIL S.A.","50409146366","010","105802021","1012018366","RUA CORONEL MASSOT","","RS","4314902","100MG7W","NR","SA-NSA","","3450","3450","240","FB","","","760","116652103257","25","25","105","0","X","24.8","116652103257","200","-30.098333","-51.238","G","2024-08-30","2021-06-08","","05e90ae803274411","2041-12-08","","","Porto Alegre"
"LIC-LIC-01","Telefonica Brasil S.a.","50409146366","010","105802021","1012018390","RUA FARRAPOS    3682","","RS","4314902","100MG7W","NR","SA-NSA","","3450","3450","340","FB","","","760","116652103257","25","25","105","0","X","29.5","116652103257","31.62","-30.00053","-51.19914","G","2024-11-28","2021-06-08","","05e90ae803274412","2041-12-08","","","Porto Alegre"
"LIC-LIC-01","Telefonica Brasil S.a.","50409146366","010","105802021","1012018390","RUA FARRAPOS    3682","","RS","4314902","100MG7W","NR","SA-NSA","","3450","3450","120","FB","","","760","116652103257","25","25","105","0","X","29.5","116652103257","31.62","-30.00053","-51.19914","G","2024-11-28","2021-06-08","","05e90ae803274413","2041-12-08","","","Porto Alegre"
"LIC-LIC-01","Telefonica Brasil S.a.","50409146366","010","105802021","1012018390","RUA FARRAPOS    3682","","RS","4314902","100MG7W","NR","SA-NSA","","3450","3450","250","FB","","","760","116652103257","25","25","105","0","X","29.5","116652103257","31.62","-30.00053","-51.19914","G","2024-11-28","2021-06-08","","05e90ae803274414","2041-12-08","","","Porto Alegre"
"LIC-LIC-01","CLARO S.A.","50409889580","010","105752021","1016067302","RUA VOLUNTÁRIOS DA PÁTRIA","","RS","4314902","100MG7W","NR","SA-NSA","","3350","3350","20","FB","","","760","212712202519","24.4","25","65","0","X","28","212712202519","229","-30.00826","-51.20966","G","2024-09-04","2024-09-04","","17123ae802423705","2041-12-08","","","Porto Alegre"
"LIC-LIC-01","CLARO S.A.","50409889580","010","105752021","1016067302","RUA VOLUNTÁRIOS DA PÁTRIA","","RS","4314902","100MG7W","NR","SA-NSA","","3350","3350","105","FB","","","760","212712202519","24.4","25","65","0","X","28","212712202519","229","-30.00826","-51.20966","G","2024-09-04","2024-09-04","","17123ae802423706","2041-12-08","","","Porto Alegre"
"LIC-LIC-01","CLARO S.A.","50409889580","010","105752021","1016067302","RUA VOLUNTÁRIOS DA PÁTRIA","","RS","4314902","100MG7W","NR","SA-NSA","","3350","3350","200","FB","","","760","212712202519","24.4","25","65","0","X","28","212712202519","229","-30.00826","-51.20966","G","2024-09-04","2024-09-04","","17123ae802423707","2041-12-08","","","Porto Alegre"
"LIC-LIC-01","TELEFONICA BRASIL S.A.","50409146366","010","105802021","1016071830","RUA CIPO","","RS","4314902","100MG7W","NR","SA-NSA","","3450","3450","30","FB","","","760","116652103257","25","25","105","0","X","28","116652103257","200","-30.0204","-51.162419","G","2024-09-09","2024-09-09","","162b0ae801e75c76","2041-12-08","","","Porto Alegre"
"LIC-LIC-01","TELEFONICA BRASIL S.A.","50409146366","010","105802021","1016071830","RUA CIPO","","RS","4314902","100MG7W","NR","SA-NSA","","3450","3450","110","FB","","","760","116652103257","25","25","105","0","X","28","116652103257","200","-30.0204","-51.162419","G","2024-09-09","2024-09-09","","162b0ae801e75c77","2041-12-08","","","Porto Alegre"
"LIC-LIC-01","TELEFONICA BRASIL S.A.","50409146366","010","105802021","1016071830","RUA CIPO","","RS","4314902","100MG7W","NR","SA-NSA","","3450","3450","270","FB","","","760","116652103257","25","25","105","0","X","28","116652103257","200","-30.0204","-51.162419","G","2024-09-09","2024-09-09","","162b0ae801e75c78","2041-12-08","","","Porto Alegre"
"LIC-LIC-01","TELEFONICA BRASIL S.A.","50409146366","010","105802021","1014118341","AVENIDA LAJEADO","PROPRIO","RS","4314902","100MG7W","NR","SA-NSA","","3450","3450","340","FB","","","760","116652103257","25","25","105","0","X","30","116652103257","200","-30.04003056","-51.18683056","G","2024-09-09","2022-08-12","","162b0ae801e75c79","2041-12-08","","","Porto Alegre"
"LIC-LIC-01","TELEFONICA BRASIL S.A.","50409146366","010","105802021","1014118341","AVENIDA LAJEADO","PROPRIO","RS","4314902","100MG7W","NR","SA-NSA","","3450","3450","110","FB","","","760","116652103257","25","25","105","0","X","30","116652103257","200","-30.04003056","-51.18683056","G","2024-09-09","2022-08-12","","162b0ae801e75c7a","2041-12-08","","","Porto Alegre"
"LIC-LIC-01","TELEFONICA BRASIL S.A.","50409146366","010","105802021","1014118341","AVENIDA LAJEADO","PROPRIO","RS","4314902","100MG7W","NR","SA-NSA","","3450","3450","240","FB","","","760","116652103257","25","25","105","0","X","30","116652103257","200","-30.04003056","-51.18683056","G","2024-09-09","2022-08-12","","162b0ae801e75c7b","2041-12-08","","","Porto Alegre"
"LIC-LIC-01","TELEFONICA BRASIL S.A.","50409146366","010","105802021","699802458","Rua Engenheiro Vespúcio de Abreu","","RS","4314902","100MG7W","NR","SA-NSA","","3450","3450","280","FB","","","760","116652103257","25","25","105","0","X","43","116652103257","200","-30.04139","-51.21111","G","2024-09-09","2014-03-13","","162b0ae801e75c85","2041-12-08","","","Porto Alegre"
"LIC-LIC-01","TELEFONICA BRASIL S.A.","50409146366","010","105802021","699802458","Rua Engenheiro Vespúcio de Abreu","","RS","4314902","100MG7W","NR","SA-NSA","","3450","3450","15","FB","","","760","116652103257","25","25","105","0","X","43","116652103257","200","-30.04139","-51.21111","G","2024-09-09","2014-03-13","","162b0ae801e75c86","2041-12-08","","","Porto Alegre"
"LIC-LIC-01","TELEFONICA BRASIL S.A.","50409146366","010","105802021","699802458","Rua Engenheiro Vespúcio de Abreu","","RS","4314902","100MG7W","NR","SA-NSA","","3450","3450","155","FB","","","760","116652103257","25","25","105","0","X","43","116652103257","200","-30.04139","-51.21111","G","2024-09-09","2014-03-13","","162b0ae801e75c87","2041-12-08","","","Porto Alegre"
"LIC-LIC-01","Telefonica Brasil S.a.","50409146366","010","105802021","1008445581","RUA ORFANOTROFIO","","RS","4314902","100MG7W","NR","SA-NSA","","3450","3450","340","FB","","","760","116652103257","25","25","105","0","X","28","116652103257","200","-30.08","-51.22028","G","2024-12-09","2019-04-25","","162b0ae801e75c88","2041-12-08","","","Porto Alegre"
"LIC-LIC-01","Telefonica Brasil S.a.","50409146366","010","105802021","1008445581","RUA ORFANOTROFIO","","RS","4314902","100MG7W","NR","SA-NSA","","3450","3450","110","FB","","","760","116652103257","25","25","105","0","X","28","116652103257","200","-30.08","-51.22028","G","2024-12-09","2019-04-25","","162b0ae801e75c89","2041-12-08","","","Porto Alegre"
"LIC-LIC-01","Telefonica Brasil S.a.","50409146366","010","105802021","1008445581","RUA ORFANOTROFIO","","RS","4314902","100MG7W","NR","SA-NSA","","3450","3450","240","FB","","","760","116652103257","25","25","105","0","X","28","116652103257","200","-30.08","-51.22028","G","2024-12-09","2019-04-25","","162b0ae801e75c8a","2041-12-08","","","Porto Alegre"
"LIC-LIC-01","TELEFONICA BRASIL S.A.","50409146366","010","105802021","1012964660","RUA CRUZEIRO DO SUL    2471","","RS","4314902","100MG7W","NR","SA-NSA","","3450","3450","30","FB","","","760","116652103257","25","23","60","0","X","45","116652103257","200","-30.08192","-51.22941","G","2024-09-09","2022-03-28","","d9803ae803801ee1","2041-12-08","","","Porto Alegre"
"LIC-LIC-01","TELEFONICA BRASIL S.A.","50409146366","010","105802021","1012964660","RUA CRUZEIRO DO SUL    2471","","RS","4314902","100MG7W","NR","SA-NSA","","3450","3450","140","FB","","","760","116652103257","25","23","60","0","X","45","116652103257","200","-30.08192","-51.22941","G","2024-09-09","2022-03-28","","d9803ae803801ee2","2041-12-08","","","Porto Alegre"
"LIC-LIC-01","TELEFONICA BRASIL S.A.","50409146366","010","105802021","1012964660","RUA CRUZEIRO DO SUL    2471","","RS","4314902","100MG7W","NR","SA-NSA","","3450","3450","250","FB","","","760","116652103257","25","23","60","0","X","45","116652103257","200","-30.08192","-51.22941","G","2024-09-09","2022-03-28","","d9803ae803801ee3","2041-12-08","","","Porto Alegre"
"LIC-LIC-01","CLARO S.A.","50409889580","010","105752021","617723419","AV ASSIS BRASIL","SALA 908","RS","4314902","100MG7W","NR","SA-NSA","","3350","3350","190","FB","","","760","","23.9","25","65","-2","X","37.5","072792302519","257","-30.0101","-51.1517","G","2024-09-16","2007-01-22","","11f76ae802271b7d","2041-12-08","","","Porto Alegre"
"LIC-LIC-01","CLARO S.A.","50409889580","010","105752021","617723419","AV ASSIS BRASIL","SALA 908","RS","4314902","100MG7W","NR","SA-NSA","","3350","3350","310","FB","","","760","","23.9","25","65","-2","X","37.5","072792302519","257","-30.0101","-51.1517","G","2024-09-16","2007-01-22","","11f76ae802271b7e","2041-12-08","","","Porto Alegre"
"LIC-LIC-01","CLARO S.A.","50409889580","010","105752021","617723419","AV ASSIS BRASIL","SALA 908","RS","4314902","100MG7W","NR","SA-NSA","","3350","3350","90","FB","","","760","","23.9","25","65","-2","X","37.5","072792302519","257","-30.0101","-51.1517","G","2024-09-16","2007-01-22","","11f76ae802271b7f","2041-12-08","","","Porto Alegre"
"LIC-LIC-01","TELEFONICA BRASIL S.A.","50409146366","010","105802021","5185297","ESTRADA JOÃO ANTÔNIO SILVEIRA    1340","","RS","4314902","100MG7W","NR","SA-NSA","","3450","3450","10","FB","","","760","116652103257","25","23","60","0","X","35","116652103257","200","-30.15743","-51.14545","G","2024-09-24","1999-10-05","","816a3af803c67ba8","2041-12-08","","","Porto Alegre"
"LIC-LIC-01","TELEFONICA BRASIL S.A.","50409146366","010","105802021","5185297","ESTRADA JOÃO ANTÔNIO SILVEIRA    1340","","RS","4314902","100MG7W","NR","SA-NSA","","3450","3450","120","FB","","","760","116652103257","25","23","60","0","X","35","116652103257","200","-30.15743","-51.14545","G","2024-09-24","1999-10-05","","816a3af803c67ba9","2041-12-08","","","Porto Alegre"
"LIC-LIC-01","TELEFONICA BRASIL S.A.","50409146366","010","105802021","5185297","ESTRADA JOÃO ANTÔNIO SILVEIRA    1340","","RS","4314902","100MG7W","NR","SA-NSA","","3450","3450","270","FB","","","760","116652103257","25","23","60","0","X","35","116652103257","200","-30.15743","-51.14545","G","2024-09-24","1999-10-05","","816a3af803c67baa","2041-12-08","","","Porto Alegre"
"LIC-LIC-01","TELEFONICA BRASIL S.A.","50409146366","010","105802021","436297370","AV. BENTO GONÇALVES    4011","PROPRIO","RS","4314902","100MG7W","NR","SA-NSA","","3450","3450","90","FB","","","760","116652103257","25","23","60","0","X","25","116652103257","200","-30.06251","-51.17603","G","2024-09-24","1999-11-08","","816a3af803c67e98","2041-12-08","","","Porto Alegre"
"LIC-LIC-01","TELEFONICA BRASIL S.A.","50409146366","010","105802021","436297370","AV. BENTO GONÇALVES    4011","PROPRIO","RS","4314902","100MG7W","NR","SA-NSA","","3450","3450","190","FB","","","760","116652103257","25","23","60","0","X","25","116652103257","200","-30.06251","-51.17603","G","2024-09-24","1999-11-08","","816a3af803c67e99","2041-12-08","","","Porto Alegre"
"LIC-LIC-01","TELEFONICA BRASIL S.A.","50409146366","010","105802021","436297370","AV. BENTO GONÇALVES    4011","PROPRIO","RS","4314902","100MG7W","NR","SA-NSA","","3450","3450","340","FB","","","760","116652103257","25","23","60","0","X","25","116652103257","200","-30.06251","-51.17603","G","2024-09-24","1999-11-08","","816a3af803c67e9a","2041-12-08","","","Porto Alegre"
"LIC-LIC-01","TELEFONICA BRASIL S.A.","50409146366","010","105802021","436297396","AV. BALTAZAR DE OLIVEIRA GARCIA    149","PROPRIO","RS","4314902","100MG7W","NR","SA-NSA","","3450","3450","0","FB","","","760","168242103257","16.8","23.8","65","0","X","20","168242103257","200","-30.01049","-51.14429","G","2024-09-24","1999-11-08","","816a3af803c67ebf","2041-12-08","","","Porto Alegre"
"LIC-LIC-01","TELEFONICA BRASIL S.A.","50409146366","010","105802021","436297396","AV. BALTAZAR DE OLIVEIRA GARCIA    149","PROPRIO","RS","4314902","100MG7W","NR","SA-NSA","","3450","3450","120","FB","","","760","168242103257","16.8","23.8","65","0","X","20","168242103257","200","-30.01049","-51.14429","G","2024-09-24","1999-11-08","","816a3af803c67ec0","2041-12-08","","","Porto Alegre"
"LIC-LIC-01","TELEFONICA BRASIL S.A.","50409146366","010","105802021","436297396","AV. BALTAZAR DE OLIVEIRA GARCIA    149","PROPRIO","RS","4314902","100MG7W","NR","SA-NSA","","3450","3450","220","FB","","","760","168242103257","16.8","23.8","65","0","X","20","168242103257","200","-30.01049","-51.14429","G","2024-09-24","1999-11-08","","816a3af803c67ec1","2041-12-08","","","Porto Alegre"
"LIC-LIC-01","Telefonica Brasil S.a.","50409146366","010","105802021","436306441","RUA LAZAR SEGALL    205","TORRESUR","RS","4314902","100MG7W","NR","SA-NSA","","3450","3450","40","FB","","","760","168242103257","16.8","23.8","65","0","X","30","168242103257","31.62","-29.99857","-51.14764","G","2024-12-09","1999-11-08","","816a3af803c67f36","2041-12-08","","","Porto Alegre"
"LIC-LIC-01","Telefonica Brasil S.a.","50409146366","010","105802021","436306441","RUA LAZAR SEGALL    205","TORRESUR","RS","4314902","100MG7W","NR","SA-NSA","","3450","3450","140","FB","","","760","168242103257","16.8","23.8","65","0","X","30","168242103257","31.62","-29.99857","-51.14764","G","2024-12-09","1999-11-08","","816a3af803c67f37","2041-12-08","","","Porto Alegre"
"LIC-LIC-01","Telefonica Brasil S.a.","50409146366","010","105802021","436306441","RUA LAZAR SEGALL    205","TORRESUR","RS","4314902","100MG7W","NR","SA-NSA","","3450","3450","230","FB","","","760","168242103257","16.8","23.8","65","0","X","30","168242103257","31.62","-29.99857","-51.14764","G","2024-12-09","1999-11-08","","816a3af803c67f38","2041-12-08","","","Porto Alegre"
"LIC-LIC-01","Telefonica Brasil S.a.","50409146366","010","105802021","436306760","RUA SANTA ISABEL    785 ESQ. RUA PROFESSOR ABÍLIO AZAMBUJA    701","TORRESUR","RS","4314902","100MG7W","NR","SA-NSA","","3450","3450","0","FB","","","760","116652103257","25","23","60","0","X","30","116652103257","200","-30.04759","-51.16501","G","2024-12-18","1999-11-08","","816a3af803c67f58","2041-12-08","","","Porto Alegre"
"LIC-LIC-01","Telefonica Brasil S.a.","50409146366","010","105802021","436306760","RUA SANTA ISABEL    785 ESQ. RUA PROFESSOR ABÍLIO AZAMBUJA    701","TORRESUR","RS","4314902","100MG7W","NR","SA-NSA","","3450","3450","130","FB","","","760","116652103257","25","23","60","0","X","30","116652103257","200","-30.04759","-51.16501","G","2024-12-18","1999-11-08","","816a3af803c67f59","2041-12-08","","","Porto Alegre"
"LIC-LIC-01","TELEFONICA BRASIL S.A.","50409146366","010","105802021","1000964970","AVENIDA WENCESLAU ESCOBAR    2923","","RS","4314902","100MG7W","NR","SA-NSA","","3450","3450","30","FB","","","760","168242103257","16.8","23.8","65","0","X","19","168242103257","200","-30.11397","-51.25514","G","2024-10-04","2014-12-16","","62cb6ae802a86e1e","2041-12-08","","","Porto Alegre"
"LIC-LIC-01","TELEFONICA BRASIL S.A.","50409146366","010","105802021","1000964970","AVENIDA WENCESLAU ESCOBAR    2923","","RS","4314902","100MG7W","NR","SA-NSA","","3450","3450","150","FB","","","760","168242103257","16.8","23.8","65","0","X","19","168242103257","200","-30.11397","-51.25514","G","2024-10-04","2014-12-16","","62cb6ae802a86e1f","2041-12-08","","","Porto Alegre"
"LIC-LIC-01","TELEFONICA BRASIL S.A.","50409146366","010","105802021","1000964970","AVENIDA WENCESLAU ESCOBAR    2923","","RS","4314902","100MG7W","NR","SA-NSA","","3450","3450","270","FB","","","760","168242103257","16.8","23.8","65","-8","X","19","168242103257","200","-30.11397","-51.25514","G","2024-10-04","2014-12-16","","62cb6ae802a86e20","2041-12-08","","","Porto Alegre"
"LIC-LIC-01","CLARO S.A.","50409889580","010","105752021","699847311","R GILBERTO LASTE","","RS","4314902","100MG7W","NR","SA-NSA","","3350","3350","125","FB","","","760","","24.9","25","13.5","0","X","18","102792102519","204","-30.0698","-51.2252","G","2024-11-06","2014-04-08","","47496ae8020b3999","2041-12-08","","","Porto Alegre"
"LIC-LIC-01","CLARO S.A.","50409889580","010","105752021","699847311","R GILBERTO LASTE","","RS","4314902","100MG7W","NR","SA-NSA","","3350","3350","200","FB","","","760","","24.9","25","13.5","0","X","18","102792102519","204","-30.0698","-51.2252","G","2024-11-06","2014-04-08","","47496ae8020b399a","2041-12-08","","","Porto Alegre"
"LIC-LIC-01","CLARO S.A.","50409889580","010","105752021","699847311","R GILBERTO LASTE","","RS","4314902","100MG7W","NR","SA-NSA","","3350","3350","300","FB","","","760","","24.9","25","13.5","0","X","18","102792102519","204","-30.0698","-51.2252","G","2024-11-06","2014-04-08","","47496ae8020b399b","2041-12-08","","","Porto Alegre"
"LIC-LIC-01","CLARO S.A.","50409889580","010","105752021","699847265","R GILBERTO LASTE","BIT","RS","4314902","100MG7W","NR","SA-NSA","","3350","3350","170","FB","","","760","","23.9","25","65","0","X","18","072792302519","257","-30.0698","-51.2252","G","2024-11-13","2014-06-24","","47496ae8020b39c0","2041-12-08","","","Porto Alegre"
"LIC-LIC-01","CLARO S.A.","50409889580","010","105752021","699847265","R GILBERTO LASTE","BIT","RS","4314902","100MG7W","NR","SA-NSA","","3350","3350","320","FB","","","760","","23.9","25","65","0","X","18","072792302519","257","-30.0698","-51.2252","G","2024-11-13","2014-06-24","","47496ae8020b39c1","2041-12-08","","","Porto Alegre"
"LIC-LIC-01","CLARO S.A.","50409889580","010","105752021","699847265","R GILBERTO LASTE","BIT","RS","4314902","100MG7W","NR","SA-NSA","","3350","3350","80","FB","","","760","","23.9","25","65","0","X","18","072792302519","257","-30.0698","-51.2252","G","2024-11-13","2014-06-24","","47496ae8020b39c2","2041-12-08","","","Porto Alegre"
"LIC-LIC-01","Telefonica Brasil S.a.","50409146366","010","105802021","505802392","AV. ASSIS BRASIL    6679 (CRT)","BRT- TORRE PROPRIA","RS","4314902","100MG7W","NR","SA-NSA","","3450","3450","30","FB","","","760","168242103257","16.8","23.8","65","0","X","30","168242103257","200","-29.99334","-51.12772","G","2024-12-16","2000-10-13","","816a3af803db706b","2041-12-08","","","Porto Alegre"
"LIC-LIC-01","Telefonica Brasil S.a.","50409146366","010","105802021","505802392","AV. ASSIS BRASIL    6679 (CRT)","BRT- TORRE PROPRIA","RS","4314902","100MG7W","NR","SA-NSA","","3450","3450","150","FB","","","760","168242103257","16.8","23.8","65","0","X","30","168242103257","200","-29.99334","-51.12772","G","2024-12-16","2000-10-13","","816a3af803db706c","2041-12-08","","","Porto Alegre"
"LIC-LIC-01","Telefonica Brasil S.a.","50409146366","010","105802021","505802392","AV. ASSIS BRASIL    6679 (CRT)","BRT- TORRE PROPRIA","RS","4314902","100MG7W","NR","SA-NSA","","3450","3450","250","FB","","","760","168242103257","16.8","23.8","65","0","X","30","168242103257","200","-29.99334","-51.12772","G","2024-12-16","2000-10-13","","816a3af803db706d","2041-12-08","","","Porto Alegre"
"LIC-LIC-01","Telefonica Brasil S.a.","50409146366","010","105802021","699802105","RUA CORRÊA LIMA    1899","ATC","RS","4314902","100MG7W","NR","SA-NSA","","3450","3450","60","FB","","","760","116652103257","25","23","60","0","X","27","116652103257","200","-30.07199","-51.23166","G","2024-12-18","2014-03-13","","07b43af8039d2f3d","2041-12-08","","","Porto Alegre"
"LIC-LIC-01","Telefonica Brasil S.a.","50409146366","010","105802021","699802105","RUA CORRÊA LIMA    1899","ATC","RS","4314902","100MG7W","NR","SA-NSA","","3450","3450","180","FB","","","760","116652103257","25","23","60","0","X","27","116652103257","200","-30.07199","-51.23166","G","2024-12-18","2014-03-13","","07b43af8039d2f3e","2041-12-08","","","Porto Alegre"
"LIC-LIC-01","Telefonica Brasil S.a.","50409146366","010","105802021","699802105","RUA CORRÊA LIMA    1899","ATC","RS","4314902","100MG7W","NR","SA-NSA","","3450","3450","300","FB","","","760","116652103257","25","23","60","0","X","27","116652103257","200","-30.07199","-51.23166","G","2024-12-18","2014-03-13","","07b43af8039d2f3f","2041-12-08","","","Porto Alegre"
"LIC-LIC-01","Telefonica Brasil S.a.","50409146366","010","105802021","3769801","RUA CARLOS VON KOSERITZ    806","TORRESUR","RS","4314902","100MG7W","NR","SA-NSA","","3450","3450","30","FB","","","760","116652103257","25","25","105","0","X","30","116652103257","200","-30.0145","-51.18822","G","2024-11-28","1999-10-05","","9f9d6ae801e36fb4","2041-12-08","","","Porto Alegre"
"LIC-LIC-01","Telefonica Brasil S.a.","50409146366","010","105802021","3769801","RUA CARLOS VON KOSERITZ    806","TORRESUR","RS","4314902","100MG7W","NR","SA-NSA","","3450","3450","170","FB","","","760","116652103257","25","25","105","0","X","30","116652103257","200","-30.0145","-51.18822","G","2024-11-28","1999-10-05","","9f9d6ae801e36fb5","2041-12-08","","","Porto Alegre"
"LIC-LIC-01","Telefonica Brasil S.a.","50409146366","010","105802021","3769801","RUA CARLOS VON KOSERITZ    806","TORRESUR","RS","4314902","100MG7W","NR","SA-NSA","","3450","3450","280","FB","","","760","116652103257","25","25","105","0","X","30","116652103257","200","-30.0145","-51.18822","G","2024-11-28","1999-10-05","","9f9d6ae801e36fb6","2041-12-08","","","Porto Alegre"
"LIC-LIC-01","TELEFONICA BRASIL S.A.","50409146366","010","105802021","3770001","Av. Assis Brasil","","RS","4314902","100MG7W","NR","SA-NSA","","3450","3450","340","FB","","","760","168242103257","23.8","0","65","6.5","X","36","168242103257","200","-30.00972","-51.15139","G","2024-10-11","1999-10-05","","9f9d6ae801e36fb7","2041-12-08","","","Porto Alegre"
"LIC-LIC-01","TELEFONICA BRASIL S.A.","50409146366","010","105802021","3770001","Av. Assis Brasil","","RS","4314902","100MG7W","NR","SA-NSA","","3450","3450","120","FB","","","760","168242103257","23.8","0","65","6.5","X","36","168242103257","200","-30.00972","-51.15139","G","2024-10-11","1999-10-05","","9f9d6ae801e36fb8","2041-12-08","","","Porto Alegre"
"LIC-LIC-01","TELEFONICA BRASIL S.A.","50409146366","010","105802021","3770001","Av. Assis Brasil","","RS","4314902","100MG7W","NR","SA-NSA","","3450","3450","220","FB","","","760","168242103257","23.8","0","65","6.5","X","36","168242103257","200","-30.00972","-51.15139","G","2024-10-11","1999-10-05","","9f9d6ae801e36fb9","2041-12-08","","","Porto Alegre"
"LIC-LIC-01","TELEFONICA BRASIL S.A.","50409146366","010","105802021","5185408","RUA COMANDAÍ","","RS","4314902","100MG7W","NR","SA-NSA","","3450","3450","0","FB","","","760","168242103257","23.8","0","65","6.5","X","31","168242103257","200","-30.08972","-51.23472","G","2024-10-11","1999-10-05","","9f9d6ae801e36fc6","2041-12-08","","","Porto Alegre"
"LIC-LIC-01","TELEFONICA BRASIL S.A.","50409146366","010","105802021","5185408","RUA COMANDAÍ","","RS","4314902","100MG7W","NR","SA-NSA","","3450","3450","120","FB","","","760","168242103257","23.8","0","65","6.5","X","31","168242103257","200","-30.08972","-51.23472","G","2024-10-11","1999-10-05","","9f9d6ae801e36fc7","2041-12-08","","","Porto Alegre"
"LIC-LIC-01","TELEFONICA BRASIL S.A.","50409146366","010","105802021","5185408","RUA COMANDAÍ","","RS","4314902","100MG7W","NR","SA-NSA","","3450","3450","240","FB","","","760","168242103257","23.8","0","65","6.5","X","31","168242103257","200","-30.08972","-51.23472","G","2024-10-11","1999-10-05","","9f9d6ae801e36fc8","2041-12-08","","","Porto Alegre"
"LIC-LIC-01","TELEFONICA BRASIL S.A.","50409146366","010","105802021","441094961","Avenida CAI","","RS","4314902","100MG7W","NR","SA-NSA","","3450","3450","345","FB","","","760","116652103257","25","25","105","0","X","30","116652103257","200","-30.07917","-51.23972","G","2024-10-11","1999-11-08","","9f9d6ae801e36ff9","2041-12-08","","","Porto Alegre"
"LIC-LIC-01","TELEFONICA BRASIL S.A.","50409146366","010","105802021","441094961","Avenida CAI","","RS","4314902","100MG7W","NR","SA-NSA","","3450","3450","120","FB","","","760","116652103257","25","25","105","0","X","30","116652103257","200","-30.07917","-51.23972","G","2024-10-11","1999-11-08","","9f9d6ae801e36ffa","2041-12-08","","","Porto Alegre"
"LIC-LIC-01","TELEFONICA BRASIL S.A.","50409146366","010","105802021","441094961","Avenida CAI","","RS","4314902","100MG7W","NR","SA-NSA","","3450","3450","250","FB","","","760","116652103257","25","25","105","0","X","30","116652103257","200","-30.07917","-51.23972","G","2024-10-11","1999-11-08","","9f9d6ae801e36ffb","2041-12-08","","","Porto Alegre"
"LIC-LIC-01","TELEFONICA BRASIL S.A.","50409146366","010","105802021","441510531","AVENIDA CORONEL LUCAS DE OLIVEIRA","","RS","4314902","100MG7W","NR","SA-NSA","","3450","3450","330","FB","","","760","168242103257","23.8","0","65","6.5","X","28","168242103257","200","-30.04333","-51.195","G","2024-10-11","1999-11-08","","9f9d6ae801e36ffc","2041-12-08","","","Porto Alegre"
"LIC-LIC-01","TELEFONICA BRASIL S.A.","50409146366","010","105802021","441510531","AVENIDA CORONEL LUCAS DE OLIVEIRA","","RS","4314902","100MG7W","NR","SA-NSA","","3450","3450","100","FB","","","760","168242103257","23.8","0","65","6.5","X","28","168242103257","200","-30.04333","-51.195","G","2024-10-11","1999-11-08","","9f9d6ae801e36ffd","2041-12-08","","","Porto Alegre"
"LIC-LIC-01","TELEFONICA BRASIL S.A.","50409146366","010","105802021","441510531","AVENIDA CORONEL LUCAS DE OLIVEIRA","","RS","4314902","100MG7W","NR","SA-NSA","","3450","3450","220","FB","","","760","168242103257","23.8","0","65","6.5","X","28","168242103257","200","-30.04333","-51.195","G","2024-10-11","1999-11-08","","9f9d6ae801e36ffe","2041-12-08","","","Porto Alegre"
"LIC-LIC-01","TELEFONICA BRASIL S.A.","50409146366","010","105802021","699802288","Avenida Presidente Franklin Roosevelt","","RS","4314902","100MG7W","NR","SA-NSA","","3450","3450","10","FB","","","760","116652103257","25","25","105","0","X","33","116652103257","200","-30.01","-51.20389","G","2024-10-11","2014-03-13","","9f9d6ae801e370a1","2041-12-08","","","Porto Alegre"
"LIC-LIC-01","TELEFONICA BRASIL S.A.","50409146366","010","105802021","699802288","Avenida Presidente Franklin Roosevelt","","RS","4314902","100MG7W","NR","SA-NSA","","3450","3450","140","FB","","","760","116652103257","25","25","105","0","X","33","116652103257","200","-30.01","-51.20389","G","2024-10-11","2014-03-13","","9f9d6ae801e370a2","2041-12-08","","","Porto Alegre"
"LIC-LIC-01","TELEFONICA BRASIL S.A.","50409146366","010","105802021","699802288","Avenida Presidente Franklin Roosevelt","","RS","4314902","100MG7W","NR","SA-NSA","","3450","3450","260","FB","","","760","116652103257","25","25","105","0","X","33","116652103257","200","-30.01","-51.20389","G","2024-10-11","2014-03-13","","9f9d6ae801e370a3","2041-12-08","","","Porto Alegre"
"LIC-LIC-01","TELEFONICA BRASIL S.A.","50409146366","010","105802021","699873894","Rua Doutor Carlos Walau","","RS","4314902","100MG7W","NR","SA-NSA","","3450","3450","30","FB","","","760","116652103257","25","25","105","0","X","12","116652103257","31,62","-30.00083","-51.15972","G","2024-10-11","2014-04-02","","9f9d6ae801e370aa","2041-12-08","","","Porto Alegre"
"LIC-LIC-01","TELEFONICA BRASIL S.A.","50409146366","010","105802021","699873894","Rua Doutor Carlos Walau","","RS","4314902","100MG7W","NR","SA-NSA","","3450","3450","140","FB","","","760","116652103257","25","25","105","0","X","12","116652103257","31,62","-30.00083","-51.15972","G","2024-10-11","2014-04-02","","9f9d6ae801e370ab","2041-12-08","","","Porto Alegre"
"LIC-LIC-01","TELEFONICA BRASIL S.A.","50409146366","010","105802021","699873894","Rua Doutor Carlos Walau","","RS","4314902","100MG7W","NR","SA-NSA","","3450","3450","240","FB","","","760","116652103257","25","25","105","0","X","12","116652103257","31,62","-30.00083","-51.15972","G","2024-10-11","2014-04-02","","9f9d6ae801e370ac","2041-12-08","","","Porto Alegre"
"LIC-LIC-01","TELEFONICA BRASIL S.A.","50409146366","010","105802021","699873967","Rua General Rondon","","RS","4314902","100MG7W","NR","SA-NSA","","3450","3450","10","FB","","","760","168242103257","23.8","0","65","6.5","X","20","168242103257","200","-30.10333","-51.24611","G","2024-10-11","2014-04-02","","9f9d6ae801e370ad","2041-12-08","","","Porto Alegre"
"LIC-LIC-01","TELEFONICA BRASIL S.A.","50409146366","010","105802021","699873967","Rua General Rondon","","RS","4314902","100MG7W","NR","SA-NSA","","3450","3450","100","FB","","","760","168242103257","23.8","0","65","6.5","X","20","168242103257","200","-30.10333","-51.24611","G","2024-10-11","2014-04-02","","9f9d6ae801e370ae","2041-12-08","","","Porto Alegre"
"LIC-LIC-01","TELEFONICA BRASIL S.A.","50409146366","010","105802021","699873967","Rua General Rondon","","RS","4314902","100MG7W","NR","SA-NSA","","3450","3450","260","FB","","","760","168242103257","23.8","0","65","6.5","X","20","168242103257","200","-30.10333","-51.24611","G","2024-10-11","2014-04-02","","9f9d6ae801e370af","2041-12-08","","","Porto Alegre"
"LIC-LIC-01","TELEFONICA BRASIL S.A.","50409146366","010","105802021","1007047795","RUA PADRE JOAO BATISTA REUS","AO LADO DO 1849","RS","4314902","100MG7W","NR","SA-NSA","","3450","3450","330","FB","","","760","116652103257","25","25","105","0","X","40","116652103257","200","-30.11421","-51.24398","G","2024-10-11","2018-08-07","","9f9d6ae801e370d9","2041-12-08","","","Porto Alegre"
"LIC-LIC-01","TELEFONICA BRASIL S.A.","50409146366","010","105802021","1007047795","RUA PADRE JOAO BATISTA REUS","AO LADO DO 1849","RS","4314902","100MG7W","NR","SA-NSA","","3450","3450","70","FB","","","760","116652103257","25","25","105","0","X","40","116652103257","200","-30.11421","-51.24398","G","2024-10-11","2018-08-07","","9f9d6ae801e370da","2041-12-08","","","Porto Alegre"
"LIC-LIC-01","TELEFONICA BRASIL S.A.","50409146366","010","105802021","1007047795","RUA PADRE JOAO BATISTA REUS","AO LADO DO 1849","RS","4314902","100MG7W","NR","SA-NSA","","3450","3450","230","FB","","","760","116652103257","25","25","105","0","X","40","116652103257","200","-30.11421","-51.24398","G","2024-10-11","2018-08-07","","9f9d6ae801e370db","2041-12-08","","","Porto Alegre"
"LIC-LIC-01","TELEFONICA BRASIL S.A.","50409146366","010","105802021","1010210065","RUA PROF.ANTÔNIO PEYROUTON LOUZADA","RBR-NÃO","RS","4314902","100MG7W","NR","SA-NSA","","3450","3450","340","FB","","","760","116652103257","25","25","105","0","X","30","116652103257","200","-30.06556","-51.14694","G","2024-10-11","2020-04-16","","9f9d6ae801e370fa","2041-12-08","","","Porto Alegre"
"LIC-LIC-01","TELEFONICA BRASIL S.A.","50409146366","010","105802021","1010210065","RUA PROF.ANTÔNIO PEYROUTON LOUZADA","RBR-NÃO","RS","4314902","100MG7W","NR","SA-NSA","","3450","3450","130","FB","","","760","116652103257","25","25","105","0","X","30","116652103257","200","-30.06556","-51.14694","G","2024-10-11","2020-04-16","","9f9d6ae801e370fb","2041-12-08","","","Porto Alegre"
"LIC-LIC-01","TELEFONICA BRASIL S.A.","50409146366","010","105802021","1010210065","RUA PROF.ANTÔNIO PEYROUTON LOUZADA","RBR-NÃO","RS","4314902","100MG7W","NR","SA-NSA","","3450","3450","220","FB","","","760","116652103257","25","25","105","0","X","30","116652103257","200","-30.06556","-51.14694","G","2024-10-11","2020-04-16","","9f9d6ae801e370fc","2041-12-08","","","Porto Alegre"
"LIC-LIC-01","TELEFONICA BRASIL S.A.","50409146366","010","105802021","1010832228","RUA EDGAR PIRES DE CASTRO","","RS","4314902","100MG7W","NR","SA-NSA","","3450","3450","60","FB","","","760","116652103257","25","25","105","0","X","40","116652103257","200","-30.1564","-51.1719","G","2024-10-11","2021-09-09","","9f9d6ae801e370fd","2041-12-08","","","Porto Alegre"
"LIC-LIC-01","TELEFONICA BRASIL S.A.","50409146366","010","105802021","1010832228","RUA EDGAR PIRES DE CASTRO","","RS","4314902","100MG7W","NR","SA-NSA","","3450","3450","160","FB","","","760","116652103257","25","25","105","0","X","40","116652103257","200","-30.1564","-51.1719","G","2024-10-11","2021-09-09","","9f9d6ae801e370fe","2041-12-08","","","Porto Alegre"
"LIC-LIC-01","TELEFONICA BRASIL S.A.","50409146366","010","105802021","1010832228","RUA EDGAR PIRES DE CASTRO","","RS","4314902","100MG7W","NR","SA-NSA","","3450","3450","240","FB","","","760","116652103257","25","25","105","0","X","40","116652103257","200","-30.1564","-51.1719","G","2024-10-11","2021-09-09","","9f9d6ae801e370ff","2041-12-08","","","Porto Alegre"
"LIC-LIC-01","TELEFONICA BRASIL S.A.","50409146366","010","105802021","1012018366","RUA CORONEL MASSOT","","RS","4314902","100MG7W","NR","SA-NSA","","3450","3450","340","FB","","","760","116652103257","25","25","105","0","X","24.8","116652103257","200","-30.098333","-51.238","G","2024-10-11","2021-06-08","","9f9d6ae801e3710f","2041-12-08","","","Porto Alegre"
"LIC-LIC-01","TELEFONICA BRASIL S.A.","50409146366","010","105802021","1012018366","RUA CORONEL MASSOT","","RS","4314902","100MG7W","NR","SA-NSA","","3450","3450","140","FB","","","760","116652103257","25","25","105","0","X","24.8","116652103257","200","-30.098333","-51.238","G","2024-10-11","2021-06-08","","9f9d6ae801e37110","2041-12-08","","","Porto Alegre"
"LIC-LIC-01","TELEFONICA BRASIL S.A.","50409146366","010","105802021","1012018366","RUA CORONEL MASSOT","","RS","4314902","100MG7W","NR","SA-NSA","","3450","3450","240","FB","","","760","116652103257","25","25","105","0","X","24.8","116652103257","200","-30.098333","-51.238","G","2024-10-11","2021-06-08","","9f9d6ae801e37111","2041-12-08","","","Porto Alegre"
"LIC-LIC-01","TELEFONICA BRASIL S.A.","50409146366","010","105802021","699802326","RUA AUGUSTO ATÍLIO GIORDANI    66","","RS","4314902","100MG7W","NR","SA-NSA","","3450","3450","50","FB","","","760","168242103257","16.8","23.8","65","0","X","16","168242103257","31.62","-30.00216","-51.14412","G","2024-10-10","2014-03-13","","816a3af803e77b8b","2041-12-08","","","Porto Alegre"
"LIC-LIC-01","TELEFONICA BRASIL S.A.","50409146366","010","105802021","699802326","RUA AUGUSTO ATÍLIO GIORDANI    66","","RS","4314902","100MG7W","NR","SA-NSA","","3450","3450","170","FB","","","760","168242103257","16.8","23.8","65","0","X","16","168242103257","31.62","-30.00216","-51.14412","G","2024-10-10","2014-03-13","","816a3af803e77b8c","2041-12-08","","","Porto Alegre"
"LIC-LIC-01","TELEFONICA BRASIL S.A.","50409146366","010","105802021","699802326","RUA AUGUSTO ATÍLIO GIORDANI    66","","RS","4314902","100MG7W","NR","SA-NSA","","3450","3450","260","FB","","","760","168242103257","16.8","23.8","65","0","X","16","168242103257","31.62","-30.00216","-51.14412","G","2024-10-10","2014-03-13","","816a3af803e77b8d","2041-12-08","","","Porto Alegre"
"LIC-LIC-01","TELEFONICA BRASIL S.A.","50409146366","010","105802021","1000964970","AVENIDA WENCESLAU ESCOBAR    2923","","RS","4314902","100MG7W","NR","SA-NSA","","3450","3450","30","FB","","","760","168242103257","16.8","23.8","65","0","X","19","168242103257","200","-30.11397","-51.25514","G","2024-10-10","2014-12-16","","816a3af803e77d17","2041-12-08","","","Porto Alegre"
"LIC-LIC-01","TELEFONICA BRASIL S.A.","50409146366","010","105802021","1000964970","AVENIDA WENCESLAU ESCOBAR    2923","","RS","4314902","100MG7W","NR","SA-NSA","","3450","3450","150","FB","","","760","168242103257","16.8","23.8","65","0","X","19","168242103257","200","-30.11397","-51.25514","G","2024-10-10","2014-12-16","","816a3af803e77d18","2041-12-08","","","Porto Alegre"
"LIC-LIC-01","TELEFONICA BRASIL S.A.","50409146366","010","105802021","1000964970","AVENIDA WENCESLAU ESCOBAR    2923","","RS","4314902","100MG7W","NR","SA-NSA","","3450","3450","270","FB","","","760","168242103257","16.8","23.8","65","-8","X","19","168242103257","200","-30.11397","-51.25514","G","2024-10-10","2014-12-16","","816a3af803e77d19","2041-12-08","","","Porto Alegre"
"LIC-LIC-01","TELEFONICA BRASIL S.A.","50409146366","010","105802021","1009651118","RUA MUCIO TEIXEIRA    Nº 896","","RS","4314902","100MG7W","NR","SA-NSA","","3450","3450","60","FB","","","760","116652103257","25","23","60","0","X","27","116652103257","200","-30.05222","-51.22431","G","2024-10-10","2019-11-25","","816a3af803e77f73","2041-12-08","","","Porto Alegre"
"LIC-LIC-01","TELEFONICA BRASIL S.A.","50409146366","010","105802021","1009651118","RUA MUCIO TEIXEIRA    Nº 896","","RS","4314902","100MG7W","NR","SA-NSA","","3450","3450","180","FB","","","760","116652103257","25","23","60","0","X","27","116652103257","200","-30.05222","-51.22431","G","2024-10-10","2019-11-25","","816a3af803e77f74","2041-12-08","","","Porto Alegre"
"LIC-LIC-01","TELEFONICA BRASIL S.A.","50409146366","010","105802021","1009651118","RUA MUCIO TEIXEIRA    Nº 896","","RS","4314902","100MG7W","NR","SA-NSA","","3450","3450","320","FB","","","760","116652103257","25","23","60","0","X","27","116652103257","200","-30.05222","-51.22431","G","2024-10-10","2019-11-25","","816a3af803e77f75","2041-12-08","","","Porto Alegre"
"LIC-LIC-01","TELEFONICA BRASIL S.A.","50409146366","010","105802021","1010247678","ESTRA AFONSO LOURENCO MARIANTE    3700","","RS","4314902","100MG7W","NR","SA-NSA","","3450","3450","60","FB","","","760","168242103257","16.8","23.8","65","0","X","39","168242103257","200","-30.10417","-51.1505","G","2024-10-10","2020-03-26","","816a3af803e77f8e","2041-12-08","","","Porto Alegre"
"LIC-LIC-01","TELEFONICA BRASIL S.A.","50409146366","010","105802021","1010247678","ESTRA AFONSO LOURENCO MARIANTE    3700","","RS","4314902","100MG7W","NR","SA-NSA","","3450","3450","200","FB","","","760","168242103257","16.8","23.8","65","0","X","39","168242103257","200","-30.10417","-51.1505","G","2024-10-10","2020-03-26","","816a3af803e77f8f","2041-12-08","","","Porto Alegre"
"LIC-LIC-01","TELEFONICA BRASIL S.A.","50409146366","010","105802021","1010247678","ESTRA AFONSO LOURENCO MARIANTE    3700","","RS","4314902","100MG7W","NR","SA-NSA","","3450","3450","330","FB","","","760","168242103257","16.8","23.8","65","0","X","39","168242103257","200","-30.10417","-51.1505","G","2024-10-10","2020-03-26","","816a3af803e77f90","2041-12-08","","","Porto Alegre"
"LIC-LIC-01","TELEFONICA BRASIL S.A.","50409146366","010","105802021","1010832236","RUA PALMIRA GOBBI    N° 886","","RS","4314902","100MG7W","NR","SA-NSA","","3450","3450","90","FB","","","760","116652103257","25","23","60","0","X","46.5","116652103257","200","-29.97929","-51.18963","G","2024-10-10","2020-08-04","","816a3af803e77fa0","2041-12-08","","","Porto Alegre"
"LIC-LIC-01","TELEFONICA BRASIL S.A.","50409146366","010","105802021","1010832236","RUA PALMIRA GOBBI    N° 886","","RS","4314902","100MG7W","NR","SA-NSA","","3450","3450","240","FB","","","760","116652103257","25","23","60","0","X","46.5","116652103257","200","-29.97929","-51.18963","G","2024-10-10","2020-08-04","","816a3af803e77fa1","2041-12-08","","","Porto Alegre"
"LIC-LIC-01","TELEFONICA BRASIL S.A.","50409146366","010","105802021","1010832236","RUA PALMIRA GOBBI    N° 886","","RS","4314902","100MG7W","NR","SA-NSA","","3450","3450","330","FB","","","760","116652103257","25","23","60","0","X","46.5","116652103257","200","-29.97929","-51.18963","G","2024-10-10","2020-08-04","","816a3af803e77fa2","2041-12-08","","","Porto Alegre"
"LIC-LIC-01","TELEFONICA BRASIL S.A.","50409146366","010","105802021","1016160582","Av. Augusto de Carvalho   ","","RS","4314902","100MG7W","NR","SA-NSA","","3450","3450","90","FB","","","760","116652103257","25","23","60","0","X","19.5","116652103257","200","-30.04243","-51.23304","G","2024-10-10","2024-10-10","","816a3af803e78530","2041-12-08","","","Porto Alegre"
"LIC-LIC-01","TELEFONICA BRASIL S.A.","50409146366","010","105802021","1016160582","Av. Augusto de Carvalho   ","","RS","4314902","100MG7W","NR","SA-NSA","","3450","3450","180","FB","","","760","116652103257","25","23","60","0","X","19.5","116652103257","200","-30.04243","-51.23304","G","2024-10-10","2024-10-10","","816a3af803e78531","2041-12-08","","","Porto Alegre"
"LIC-LIC-01","TELEFONICA BRASIL S.A.","50409146366","010","105802021","1016160582","Av. Augusto de Carvalho   ","","RS","4314902","100MG7W","NR","SA-NSA","","3450","3450","300","FB","","","760","116652103257","25","23","60","0","X","19.5","116652103257","200","-30.04243","-51.23304","G","2024-10-10","2024-10-10","","816a3af803e78532","2041-12-08","","","Porto Alegre"
"LIC-LIC-01","TELEFONICA BRASIL S.A.","50409146366","010","105802021","1016160590","Av. dos Estados ","","RS","4314902","100MG7W","NR","SA-NSA","","3450","3450","100","FB","","","760","116652103257","25","23","60","0","X","19.5","116652103257","31.62","-29.98818","-51.18005","G","2024-10-10","2024-10-10","","816a3af803e78533","2041-12-08","","","Porto Alegre"
"LIC-LIC-01","TELEFONICA BRASIL S.A.","50409146366","010","105802021","1016160590","Av. dos Estados ","","RS","4314902","100MG7W","NR","SA-NSA","","3450","3450","230","FB","","","760","116652103257","25","23","60","0","X","19.5","116652103257","31.62","-29.98818","-51.18005","G","2024-10-10","2024-10-10","","816a3af803e78534","2041-12-08","","","Porto Alegre"
"LIC-LIC-01","TELEFONICA BRASIL S.A.","50409146366","010","105802021","1016160590","Av. dos Estados ","","RS","4314902","100MG7W","NR","SA-NSA","","3450","3450","340","FB","","","760","116652103257","25","23","60","0","X","19.5","116652103257","31.62","-29.98818","-51.18005","G","2024-10-10","2024-10-10","","816a3af803e78535","2041-12-08","","","Porto Alegre"
"LIC-LIC-01","TELEFONICA BRASIL S.A.","50409146366","010","105802021","1016160604","Av. Padre Cacique","","RS","4314902","100MG7W","NR","SA-NSA","","3450","3450","10","FB","","","760","116652103257","25","23","60","0","X","14.5","116652103257","200","-30.0639","-51.23201","G","2024-10-10","2024-10-10","","816a3af803e78536","2041-12-08","","","Porto Alegre"
"LIC-LIC-01","TELEFONICA BRASIL S.A.","50409146366","010","105802021","1016160604","Av. Padre Cacique","","RS","4314902","100MG7W","NR","SA-NSA","","3450","3450","250","FB","","","760","116652103257","25","23","60","0","X","14.5","116652103257","200","-30.0639","-51.23201","G","2024-10-10","2024-10-10","","816a3af803e78537","2041-12-08","","","Porto Alegre"
"LIC-LIC-01","TELEFONICA BRASIL S.A.","50409146366","010","105802021","1016160612","Farrapos","","RS","4314902","100MG7W","NR","SA-NSA","","3450","3450","130","FB","","","760","116652103257","25","23","60","0","X","14.5","116652103257","200","-29.97221","-51.19405","G","2024-10-10","2024-10-10","","816a3af803e78538","2041-12-08","","","Porto Alegre"
"LIC-LIC-01","TELEFONICA BRASIL S.A.","50409146366","010","105802021","1016160612","Farrapos","","RS","4314902","100MG7W","NR","SA-NSA","","3450","3450","250","FB","","","760","116652103257","25","23","60","0","X","14.5","116652103257","200","-29.97221","-51.19405","G","2024-10-10","2024-10-10","","816a3af803e78539","2041-12-08","","","Porto Alegre"
"LIC-LIC-01","TELEFONICA BRASIL S.A.","50409146366","010","105802021","1016160620","Farrapos","","RS","4314902","100MG7W","NR","SA-NSA","","3450","3450","10","FB","","","760","116652103257","25","23","60","0","X","22","116652103257","200","-29.97576","-51.19379","G","2024-10-10","2024-10-10","","816a3af803e7853a","2041-12-08","","","Porto Alegre"
"LIC-LIC-01","TELEFONICA BRASIL S.A.","50409146366","010","105802021","1016160620","Farrapos","","RS","4314902","100MG7W","NR","SA-NSA","","3450","3450","280","FB","","","760","116652103257","25","23","60","0","X","22","116652103257","200","-29.97576","-51.19379","G","2024-10-10","2024-10-10","","816a3af803e7853b","2041-12-08","","","Porto Alegre"
"LIC-LIC-01","TELEFONICA BRASIL S.A.","50409146366","010","105802021","1016160183","RUA CIPÓ    168","","RS","4314902","100MG7W","NR","SA-NSA","","3450","3450","30","FB","","","760","116652103257","25","23","60","0","X","28","116652103257","200","-30.02017","-51.16207","G","2024-10-10","2024-10-10","","816a3af803e7853c","2041-12-08","","","Porto Alegre"
"LIC-LIC-01","TELEFONICA BRASIL S.A.","50409146366","010","105802021","1016160183","RUA CIPÓ    168","","RS","4314902","100MG7W","NR","SA-NSA","","3450","3450","110","FB","","","760","116652103257","25","23","60","0","X","28","116652103257","200","-30.02017","-51.16207","G","2024-10-10","2024-10-10","","816a3af803e7853d","2041-12-08","","","Porto Alegre"
"LIC-LIC-01","TELEFONICA BRASIL S.A.","50409146366","010","105802021","1016160183","RUA CIPÓ    168","","RS","4314902","100MG7W","NR","SA-NSA","","3450","3450","270","FB","","","760","116652103257","25","23","60","0","X","28","116652103257","200","-30.02017","-51.16207","G","2024-10-10","2024-10-10","","816a3af803e7853e","2041-12-08","","","Porto Alegre"
"LIC-LIC-01","TELEFONICA BRASIL S.A.","50409146366","010","105802021","1016160639","Passo d'Areia","","RS","4314902","100MG7W","NR","SA-NSA","","3450","3450","60","FB","","","760","116652103257","25","23","60","0","X","16.5","116652103257","200","-30.02285","-51.1567","G","2024-10-10","2024-10-10","","816a3af803e78542","2041-12-08","","","Porto Alegre"
"LIC-LIC-01","TELEFONICA BRASIL S.A.","50409146366","010","105802021","1016160639","Passo d'Areia","","RS","4314902","100MG7W","NR","SA-NSA","","3450","3450","160","FB","","","760","116652103257","25","23","60","0","X","16.5","116652103257","200","-30.02285","-51.1567","G","2024-10-10","2024-10-10","","816a3af803e78543","2041-12-08","","","Porto Alegre"
"LIC-LIC-01","TELEFONICA BRASIL S.A.","50409146366","010","105802021","1016160639","Passo d'Areia","","RS","4314902","100MG7W","NR","SA-NSA","","3450","3450","290","FB","","","760","116652103257","25","23","60","0","X","16.5","116652103257","200","-30.02285","-51.1567","G","2024-10-10","2024-10-10","","816a3af803e78544","2041-12-08","","","Porto Alegre"
"LIC-LIC-01","TELEFONICA BRASIL S.A.","50409146366","010","105802021","1016160230","PRACA MARECHAL DEODORO","","RS","4314902","100MG7W","NR","SA-NSA","","3450","3450","30","FB","","","760","116652103257","25","23","60","0","X","47","116652103257","200","-30.0323","-51.22874","G","2024-10-10","2024-10-10","","816a3af803e78545","2041-12-08","","","Porto Alegre"
"LIC-LIC-01","TELEFONICA BRASIL S.A.","50409146366","010","105802021","1016160230","PRACA MARECHAL DEODORO","","RS","4314902","100MG7W","NR","SA-NSA","","3450","3450","180","FB","","","760","116652103257","25","23","60","0","X","47","116652103257","200","-30.0323","-51.22874","G","2024-10-10","2024-10-10","","816a3af803e78546","2041-12-08","","","Porto Alegre"
"LIC-LIC-01","TELEFONICA BRASIL S.A.","50409146366","010","105802021","1016160230","PRACA MARECHAL DEODORO","","RS","4314902","100MG7W","NR","SA-NSA","","3450","3450","270","FB","","","760","116652103257","25","23","60","0","X","47","116652103257","200","-30.0323","-51.22874","G","2024-10-10","2024-10-10","","816a3af803e78547","2041-12-08","","","Porto Alegre"
"LIC-LIC-01","TELEFONICA BRASIL S.A.","50409146366","010","105802021","1016160647","Av. Padre Cacique","","RS","4314902","100MG7W","NR","SA-NSA","","3450","3450","60","FB","","","760","116652103257","25","23","60","0","X","18","116652103257","200","-30.05987","-51.23048","G","2024-10-10","2024-10-10","","816a3af803e78548","2041-12-08","","","Porto Alegre"
"LIC-LIC-01","TELEFONICA BRASIL S.A.","50409146366","010","105802021","1016160647","Av. Padre Cacique","","RS","4314902","100MG7W","NR","SA-NSA","","3450","3450","190","FB","","","760","116652103257","25","23","60","0","X","18","116652103257","200","-30.05987","-51.23048","G","2024-10-10","2024-10-10","","816a3af803e78549","2041-12-08","","","Porto Alegre"
"LIC-LIC-01","TELEFONICA BRASIL S.A.","50409146366","010","105802021","1016160647","Av. Padre Cacique","","RS","4314902","100MG7W","NR","SA-NSA","","3450","3450","330","FB","","","760","116652103257","25","23","60","0","X","18","116652103257","200","-30.05987","-51.23048","G","2024-10-10","2024-10-10","","816a3af803e7854a","2041-12-08","","","Porto Alegre"
"LIC-LIC-01","TIM S A","50409314250","010","105812021","1013199879","AVENIDA BORGES DE MEDEIROS 1501","","RS","4314902","100MG7W","NR","SA-NSA","","3550","3550","0","FB","","","760","100462102519","25","25","65","-4","X","3","100462102519","0.25","-30.03984","-51.23112","H","2024-12-06","2022-06-21","","2a433af802cd1d07","2041-12-08","","","Porto Alegre"
"LIC-LIC-01","TELEFONICA BRASIL S.A.","50409146366","010","105802021","1011703391","RUA FERNANDO CORTEZ    Nº 78","","RS","4314902","100MG7W","NR","SA-NSA","","3450","3450","30","FB","","","760","168242103257","16.8","23.8","65","0","X","32","168242103257","200","-30.01131","-51.15727","G","2024-10-15","2021-02-03","","1c113af803390f94","2041-12-08","","","Porto Alegre"
"LIC-LIC-01","TELEFONICA BRASIL S.A.","50409146366","010","105802021","1011703391","RUA FERNANDO CORTEZ    Nº 78","","RS","4314902","100MG7W","NR","SA-NSA","","3450","3450","190","FB","","","760","168242103257","16.8","23.8","65","0","X","32","168242103257","200","-30.01131","-51.15727","G","2024-10-15","2021-02-03","","1c113af803390f95","2041-12-08","","","Porto Alegre"
"LIC-LIC-01","TELEFONICA BRASIL S.A.","50409146366","010","105802021","1011703391","RUA FERNANDO CORTEZ    Nº 78","","RS","4314902","100MG7W","NR","SA-NSA","","3450","3450","300","FB","","","760","168242103257","16.8","23.8","65","0","X","32","168242103257","200","-30.01131","-51.15727","G","2024-10-15","2021-02-03","","1c113af803390f96","2041-12-08","","","Porto Alegre"
"LIC-LIC-01","TELEFONICA BRASIL S.A.","50409146366","010","105802021","1009386520","RUA DR. NELSON ZANG    535 (COND. ED YARA)","PROPRIO","RS","4314902","100MG7W","NR","SA-NSA","","3450","3450","80","FB","","","760","168242103257","16.8","23.8","65","0","X","19","168242103257","200","-30.0581","-51.15836","G","2024-10-15","2019-10-29","","1c113af803390fa3","2041-12-08","","","Porto Alegre"
"LIC-LIC-01","TELEFONICA BRASIL S.A.","50409146366","010","105802021","1009386520","RUA DR. NELSON ZANG    535 (COND. ED YARA)","PROPRIO","RS","4314902","100MG7W","NR","SA-NSA","","3450","3450","170","FB","","","760","168242103257","16.8","23.8","65","0","X","19","168242103257","200","-30.0581","-51.15836","G","2024-10-15","2019-10-29","","1c113af803390fa4","2041-12-08","","","Porto Alegre"
"LIC-LIC-01","TELEFONICA BRASIL S.A.","50409146366","010","105802021","1009386520","RUA DR. NELSON ZANG    535 (COND. ED YARA)","PROPRIO","RS","4314902","100MG7W","NR","SA-NSA","","3450","3450","320","FB","","","760","168242103257","16.8","23.8","65","0","X","19","168242103257","200","-30.0581","-51.15836","G","2024-10-15","2019-10-29","","1c113af803390fa5","2041-12-08","","","Porto Alegre"
"LIC-LIC-01","Telefonica Brasil S.a.","50409146366","010","105802021","1000367794","RUA JOSE GOMES","234","RS","4314902","100MG7W","NR","SA-NSA","","3450","3450","130","FB","","","760","116652103257","25","23","60","0","X","32","116652103257","200","-30.10645","-51.25027","G","2024-11-28","2014-07-31","","1c113af803390fb8","2041-12-08","","","Porto Alegre"
"LIC-LIC-01","Telefonica Brasil S.a.","50409146366","010","105802021","1000367794","RUA JOSE GOMES","234","RS","4314902","100MG7W","NR","SA-NSA","","3450","3450","220","FB","","","760","116652103257","25","23","60","0","X","32","116652103257","200","-30.10645","-51.25027","G","2024-11-28","2014-07-31","","1c113af803390fbb","2041-12-08","","","Porto Alegre"
"LIC-LIC-01","Telefonica Brasil S.a.","50409146366","010","105802021","1000367794","RUA JOSE GOMES","234","RS","4314902","100MG7W","NR","SA-NSA","","3450","3450","310","FB","","","760","116652103257","25","23","60","0","X","32","116652103257","200","-30.10645","-51.25027","G","2024-11-28","2014-07-31","","1c113af803390fbe","2041-12-08","","","Porto Alegre"
"LIC-LIC-01","TELEFONICA BRASIL S.A.","50409146366","010","105802021","1000964970","AVENIDA WENCESLAU ESCOBAR    2923","","RS","4314902","100MG7W","NR","SA-NSA","","3450","3450","30","FB","","","760","168242103257","16.8","23.8","65","0","X","19","168242103257","200","-30.11397","-51.25514","G","2024-10-15","2014-12-16","","1c113af8033d5a44","2041-12-08","","","Porto Alegre"
"LIC-LIC-01","TELEFONICA BRASIL S.A.","50409146366","010","105802021","1000964970","AVENIDA WENCESLAU ESCOBAR    2923","","RS","4314902","100MG7W","NR","SA-NSA","","3450","3450","150","FB","","","760","168242103257","16.8","23.8","65","0","X","19","168242103257","200","-30.11397","-51.25514","G","2024-10-15","2014-12-16","","1c113af8033d5a45","2041-12-08","","","Porto Alegre"
"LIC-LIC-01","TELEFONICA BRASIL S.A.","50409146366","010","105802021","1000964970","AVENIDA WENCESLAU ESCOBAR    2923","","RS","4314902","100MG7W","NR","SA-NSA","","3450","3450","270","FB","","","760","168242103257","16.8","23.8","65","-8","X","19","168242103257","200","-30.11397","-51.25514","G","2024-10-15","2014-12-16","","1c113af8033d5a46","2041-12-08","","","Porto Alegre"
"LIC-LIC-01","CLARO S.A.","50409889580","010","105752021","1000153832","AV PADRE CACIQUE","ESTÁDIO BEIRA RIO","RS","4314902","100MG7W","NR","SA-NSA","","3350","3350","290","FB","","","760","221942302519","25","25","65","-12","X","30","221942302519","160","-30.06558","-51.23607","G","2024-10-16","2014-06-05","","2ed63af8025ab587","2041-12-08","","","Porto Alegre"
"LIC-LIC-01","CLARO S.A.","50409889580","010","105752021","1000153832","AV PADRE CACIQUE","ESTÁDIO BEIRA RIO","RS","4314902","100MG7W","NR","SA-NSA","","3350","3350","320","FB","","","760","221942302519","25","25","65","-12","X","30","221942302519","160","-30.06558","-51.23607","G","2024-10-16","2014-06-05","","2ed63af8025ab588","2041-12-08","","","Porto Alegre"
"LIC-LIC-01","Telefonica Brasil S.a.","50409146366","010","105802021","699805708","ESTRADA JÚLIO ANTÔNIO PEREIRA","Nº 280","RS","4314902","100MG7W","NR","SA-NSA","","3450","3450","10","FB","","","760","116652103257","25","23","60","0","X","50","116652103257","200","-30.14294","-51.17074","G","2024-10-21","2014-03-13","","855f3af801e0ffd3","2041-12-08","","","Porto Alegre"
"LIC-LIC-01","Telefonica Brasil S.a.","50409146366","010","105802021","699805708","ESTRADA JÚLIO ANTÔNIO PEREIRA","Nº 280","RS","4314902","100MG7W","NR","SA-NSA","","3450","3450","100","FB","","","760","116652103257","25","23","60","0","X","50","116652103257","200","-30.14294","-51.17074","G","2024-10-21","2014-03-13","","855f3af801e0ffd4","2041-12-08","","","Porto Alegre"
"LIC-LIC-01","Telefonica Brasil S.a.","50409146366","010","105802021","699805708","ESTRADA JÚLIO ANTÔNIO PEREIRA","Nº 280","RS","4314902","100MG7W","NR","SA-NSA","","3450","3450","250","FB","","","760","116652103257","25","23","60","0","X","50","116652103257","200","-30.14294","-51.17074","G","2024-10-21","2014-03-13","","855f3af801e0ffd5","2041-12-08","","","Porto Alegre"
"LIC-LIC-01","Telefonica Brasil S.a.","50409146366","010","105802021","5185416","RUA WASHINGTON LUIZ    820 BLOCO A","PROPRIO","RS","4314902","100MG7W","NR","SA-NSA","","3450","3450","0","FB","","","760","116652103257","25","23","60","0","X","55","116652103257","200","-30.03648","-51.23219","G","2024-10-21","1999-10-05","","855f3af801e0ffd6","2041-12-08","","","Porto Alegre"
"LIC-LIC-01","Telefonica Brasil S.a.","50409146366","010","105802021","5185416","RUA WASHINGTON LUIZ    820 BLOCO A","PROPRIO","RS","4314902","100MG7W","NR","SA-NSA","","3450","3450","120","FB","","","760","116652103257","25","23","60","0","X","55","116652103257","200","-30.03648","-51.23219","G","2024-10-21","1999-10-05","","855f3af801e0ffd7","2041-12-08","","","Porto Alegre"
"LIC-LIC-01","Telefonica Brasil S.a.","50409146366","010","105802021","5185416","RUA WASHINGTON LUIZ    820 BLOCO A","PROPRIO","RS","4314902","100MG7W","NR","SA-NSA","","3450","3450","240","FB","","","760","116652103257","25","23","60","0","X","55","116652103257","200","-30.03648","-51.23219","G","2024-10-21","1999-10-05","","855f3af801e0ffd8","2041-12-08","","","Porto Alegre"
"LIC-LIC-01","Telefonica Brasil S.a.","50409146366","010","105802021","3769968","RUA JOAQUIM OLIVEIRA    186 (ALMOXARIFADO CRT)","BRT- TORRE PROPRIA - BRT(MOVEL)","RS","4314902","100MG7W","NR","SA-NSA","","3450","3450","90","FB","","","760","168242103257","16.8","23.8","65","0","X","30","168242103257","200","-29.97393","-51.17593","G","2024-11-28","1999-10-05","","855f3af801e0ffd9","2041-12-08","","","Porto Alegre"
"LIC-LIC-01","Telefonica Brasil S.a.","50409146366","010","105802021","3769968","RUA JOAQUIM OLIVEIRA    186 (ALMOXARIFADO CRT)","BRT- TORRE PROPRIA - BRT(MOVEL)","RS","4314902","100MG7W","NR","SA-NSA","","3450","3450","200","FB","","","760","168242103257","16.8","23.8","65","0","X","30","168242103257","200","-29.97393","-51.17593","G","2024-11-28","1999-10-05","","855f3af801e0ffda","2041-12-08","","","Porto Alegre"
"LIC-LIC-01","Telefonica Brasil S.a.","50409146366","010","105802021","3769968","RUA JOAQUIM OLIVEIRA    186 (ALMOXARIFADO CRT)","BRT- TORRE PROPRIA - BRT(MOVEL)","RS","4314902","100MG7W","NR","SA-NSA","","3450","3450","310","FB","","","760","168242103257","16.8","23.8","65","0","X","30","168242103257","200","-29.97393","-51.17593","G","2024-11-28","1999-10-05","","855f3af801e0ffdb","2041-12-08","","","Porto Alegre"
"LIC-LIC-01","Telefonica Brasil S.a.","50409146366","010","105802021","1010650359","AV BERNARDI    N° 191","","RS","4314902","100MG7W","NR","SA-NSA","","3450","3450","50","FB","","","760","168242103257","16.8","23.8","65","0","X","40","168242103257","200","-30.00854","-51.15627","G","2024-10-21","2020-07-06","","855f3af801e0ffdd","2041-12-08","","","Porto Alegre"
"LIC-LIC-01","Telefonica Brasil S.a.","50409146366","010","105802021","1010650359","AV BERNARDI    N° 191","","RS","4314902","100MG7W","NR","SA-NSA","","3450","3450","170","FB","","","760","168242103257","16.8","23.8","65","0","X","40","168242103257","200","-30.00854","-51.15627","G","2024-10-21","2020-07-06","","855f3af801e0ffde","2041-12-08","","","Porto Alegre"
"LIC-LIC-01","Telefonica Brasil S.a.","50409146366","010","105802021","1010650359","AV BERNARDI    N° 191","","RS","4314902","100MG7W","NR","SA-NSA","","3450","3450","320","FB","","","760","168242103257","16.8","23.8","65","0","X","40","168242103257","200","-30.00854","-51.15627","G","2024-10-21","2020-07-06","","855f3af801e0ffdf","2041-12-08","","","Porto Alegre"
"LIC-LIC-01","Telefonica Brasil S.a.","50409146366","010","105802021","436298252","RUA DOS ANDRADAS    1646 CONJUNTO 74","PROPRIO","RS","4314902","100MG7W","NR","SA-NSA","","3450","3450","0","FB","","","760","116652103257","25","23","60","0","X","25","116652103257","200","-30.02967","-51.22558","G","2024-10-21","1999-11-08","","855f3af801e0ffe0","2041-12-08","","","Porto Alegre"
"LIC-LIC-01","Telefonica Brasil S.a.","50409146366","010","105802021","436298252","RUA DOS ANDRADAS    1646 CONJUNTO 74","PROPRIO","RS","4314902","100MG7W","NR","SA-NSA","","3450","3450","125","FB","","","760","116652103257","25","23","60","0","X","25","116652103257","200","-30.02967","-51.22558","G","2024-10-21","1999-11-08","","855f3af801e0ffe3","2041-12-08","","","Porto Alegre"
"LIC-LIC-01","Telefonica Brasil S.a.","50409146366","010","105802021","436298252","RUA DOS ANDRADAS    1646 CONJUNTO 74","PROPRIO","RS","4314902","100MG7W","NR","SA-NSA","","3450","3450","245","FB","","","760","116652103257","25","23","60","0","X","25","116652103257","200","-30.02967","-51.22558","G","2024-10-21","1999-11-08","","855f3af801e0ffe6","2041-12-08","","","Porto Alegre"
"LIC-LIC-01","Telefonica Brasil S.a.","50409146366","010","105802021","682880930","AV. DAS INDÚSTRIAS    1342 (HOTEL IBIS)","PROPRIO","RS","4314902","100MG7W","NR","SA-NSA","","3450","3450","30","FB","","","760","116652103257","25","23","60","0","X","38","116652103257","200","-29.98779","-51.170165","G","2024-10-21","2006-04-24","","855f3af801e0ffec","2041-12-08","","","Porto Alegre"
"LIC-LIC-01","Telefonica Brasil S.a.","50409146366","010","105802021","682880930","AV. DAS INDÚSTRIAS    1342 (HOTEL IBIS)","PROPRIO","RS","4314902","100MG7W","NR","SA-NSA","","3450","3450","110","FB","","","760","116652103257","25","23","60","0","X","38","116652103257","200","-29.98779","-51.170165","G","2024-10-21","2006-04-24","","855f3af801e0ffed","2041-12-08","","","Porto Alegre"
"LIC-LIC-01","Telefonica Brasil S.a.","50409146366","010","105802021","682880930","AV. DAS INDÚSTRIAS    1342 (HOTEL IBIS)","PROPRIO","RS","4314902","100MG7W","NR","SA-NSA","","3450","3450","255","FB","","","760","116652103257","25","23","60","0","X","38","116652103257","200","-29.98779","-51.170165","G","2024-10-21","2006-04-24","","855f3af801e0ffee","2041-12-08","","","Porto Alegre"
"LIC-LIC-01","Telefonica Brasil S.a.","50409146366","010","105802021","436298236","AV. BENTO GONÇALVES    8831(CRT)","BRT- TORRE PROPRIA - BRT(MOVEL)","RS","4314902","100MG7W","NR","SA-NSA","","3450","3450","70","FB","","","760","168242103257","16.8","23.8","65","0","X","30.6","168242103257","200","-30.07716","-51.12992","G","2024-11-28","1999-11-08","","855f3af801e0fffe","2041-12-08","","","Porto Alegre"
"LIC-LIC-01","Telefonica Brasil S.a.","50409146366","010","105802021","436298236","AV. BENTO GONÇALVES    8831(CRT)","BRT- TORRE PROPRIA - BRT(MOVEL)","RS","4314902","100MG7W","NR","SA-NSA","","3450","3450","180","FB","","","760","168242103257","16.8","23.8","65","0","X","30.6","168242103257","200","-30.07716","-51.12992","G","2024-11-28","1999-11-08","","855f3af801e0ffff","2041-12-08","","","Porto Alegre"
"LIC-LIC-01","Telefonica Brasil S.a.","50409146366","010","105802021","436298236","AV. BENTO GONÇALVES    8831(CRT)","BRT- TORRE PROPRIA - BRT(MOVEL)","RS","4314902","100MG7W","NR","SA-NSA","","3450","3450","315","FB","","","760","168242103257","16.8","23.8","65","0","X","30.6","168242103257","200","-30.07716","-51.12992","G","2024-11-28","1999-11-08","","855f3af801e10000","2041-12-08","","","Porto Alegre"
"LIC-LIC-01","Telefonica Brasil S.a.","50409146366","010","105802021","699802164","AV DAS INDUSTRIAS    469","","RS","4314902","100MG7W","NR","SA-NSA","","3450","3450","80","FB","","","760","116652103257","25","23","60","0","X","16","116652103257","200","-29.98495","-51.16086","G","2024-10-21","2014-03-13","","855f3af801e10001","2041-12-08","","","Porto Alegre"
"LIC-LIC-01","Telefonica Brasil S.a.","50409146366","010","105802021","699802164","AV DAS INDUSTRIAS    469","","RS","4314902","100MG7W","NR","SA-NSA","","3450","3450","170","FB","","","760","116652103257","25","23","60","0","X","16","116652103257","200","-29.98495","-51.16086","G","2024-10-21","2014-03-13","","855f3af801e10002","2041-12-08","","","Porto Alegre"
"LIC-LIC-01","Telefonica Brasil S.a.","50409146366","010","105802021","699802164","AV DAS INDUSTRIAS    469","","RS","4314902","100MG7W","NR","SA-NSA","","3450","3450","260","FB","","","760","116652103257","25","23","60","0","X","16","116652103257","200","-29.98495","-51.16086","G","2024-10-21","2014-03-13","","855f3af801e10003","2041-12-08","","","Porto Alegre"
"LIC-LIC-01","Telefonica Brasil S.a.","50409146366","010","105802021","699873819","RUA ALBERTO BALESTRIN    Nº 168    APTO 4","ATC","RS","4314902","100MG7W","NR","SA-NSA","","3450","3450","60","FB","","","760","116652103257","25","23","60","0","X","27","116652103257","200","-30.10703","-51.2203","G","2024-10-21","2014-04-02","","855f3af801e10013","2041-12-08","","","Porto Alegre"
"LIC-LIC-01","Telefonica Brasil S.a.","50409146366","010","105802021","699873819","RUA ALBERTO BALESTRIN    Nº 168    APTO 4","ATC","RS","4314902","100MG7W","NR","SA-NSA","","3450","3450","150","FB","","","760","116652103257","25","23","60","0","X","27","116652103257","200","-30.10703","-51.2203","G","2024-10-21","2014-04-02","","855f3af801e10015","2041-12-08","","","Porto Alegre"
"LIC-LIC-01","Telefonica Brasil S.a.","50409146366","010","105802021","699873819","RUA ALBERTO BALESTRIN    Nº 168    APTO 4","ATC","RS","4314902","100MG7W","NR","SA-NSA","","3450","3450","240","FB","","","760","116652103257","25","23","60","0","X","27","116652103257","200","-30.10703","-51.2203","G","2024-10-21","2014-04-02","","855f3af801e10017","2041-12-08","","","Porto Alegre"
"LIC-LIC-01","Telefonica Brasil S.a.","50409146366","010","105802021","1015530874","RUA VOLUNTÁRIOS DA PÁTRIA    2862","","RS","4314902","100MG7W","NR","SA-NSA","","3450","3450","0","FB","","","760","116652103257","25","23","60","0","X","17.5","116652103257","200","-30.00826","-51.20967","G","2024-10-21","2023-12-11","","855f3af801e10028","2041-12-08","","","Porto Alegre"
"LIC-LIC-01","Telefonica Brasil S.a.","50409146366","010","105802021","1015530874","RUA VOLUNTÁRIOS DA PÁTRIA    2862","","RS","4314902","100MG7W","NR","SA-NSA","","3450","3450","120","FB","","","760","116652103257","25","23","60","0","X","17.5","116652103257","200","-30.00826","-51.20967","G","2024-10-21","2023-12-11","","855f3af801e10029","2041-12-08","","","Porto Alegre"
"LIC-LIC-01","Telefonica Brasil S.a.","50409146366","010","105802021","1015530874","RUA VOLUNTÁRIOS DA PÁTRIA    2862","","RS","4314902","100MG7W","NR","SA-NSA","","3450","3450","240","FB","","","760","116652103257","25","23","60","0","X","17.5","116652103257","200","-30.00826","-51.20967","G","2024-10-21","2023-12-11","","855f3af801e1002a","2041-12-08","","","Porto Alegre"
"LIC-LIC-01","Telefonica Brasil S.a.","50409146366","010","105802021","1000130590","AV ASSIS BRASIL ESQUINA RUA ROQUE COLAGE","","RS","4314902","100MG7W","NR","SA-NSA","","3450","3450","90","FB","","","760","168242103257","16.8","23.8","65","0","X","28.5","168242103257","200","-30.00984","-51.16058","G","2024-10-21","2014-05-22","","855f3af801e1002b","2041-12-08","","","Porto Alegre"
"LIC-LIC-01","Telefonica Brasil S.a.","50409146366","010","105802021","1000130590","AV ASSIS BRASIL ESQUINA RUA ROQUE COLAGE","","RS","4314902","100MG7W","NR","SA-NSA","","3450","3450","230","FB","","","760","168242103257","16.8","23.8","65","0","X","28.5","168242103257","200","-30.00984","-51.16058","G","2024-10-21","2014-05-22","","855f3af801e1002c","2041-12-08","","","Porto Alegre"
"LIC-LIC-01","Telefonica Brasil S.a.","50409146366","010","105802021","1000130590","AV ASSIS BRASIL ESQUINA RUA ROQUE COLAGE","","RS","4314902","100MG7W","NR","SA-NSA","","3450","3450","320","FB","","","760","168242103257","16.8","23.8","65","0","X","28.5","168242103257","200","-30.00984","-51.16058","G","2024-10-21","2014-05-22","","855f3af801e1002d","2041-12-08","","","Porto Alegre"
"LIC-LIC-01","Telefonica Brasil S.a.","50409146366","010","105802021","1000732646","RUA CORONEL LUCAS DE OLIVEIRA    576","","RS","4314902","100MG7W","NR","SA-NSA","","3450","3450","30","FB","","","760","116652103257","25","23","60","0","X","37","116652103257","200","-30.0276","-51.19447","G","2024-10-21","2014-10-30","","855f3af801e1002e","2041-12-08","","","Porto Alegre"
"LIC-LIC-01","Telefonica Brasil S.a.","50409146366","010","105802021","1000732646","RUA CORONEL LUCAS DE OLIVEIRA    576","","RS","4314902","100MG7W","NR","SA-NSA","","3450","3450","150","FB","","","760","116652103257","25","23","60","0","X","37","116652103257","200","-30.0276","-51.19447","G","2024-10-21","2014-10-30","","855f3af801e1002f","2041-12-08","","","Porto Alegre"
"LIC-LIC-01","Telefonica Brasil S.a.","50409146366","010","105802021","1000732646","RUA CORONEL LUCAS DE OLIVEIRA    576","","RS","4314902","100MG7W","NR","SA-NSA","","3450","3450","250","FB","","","760","116652103257","25","23","60","0","X","37","116652103257","200","-30.0276","-51.19447","G","2024-10-21","2014-10-30","","855f3af801e10030","2041-12-08","","","Porto Alegre"
"LIC-LIC-01","Telefonica Brasil S.a.","50409146366","010","105802021","1010698645","RUA BURUM    N° 80","","RS","4314902","100MG7W","NR","SA-NSA","","3450","3450","20","FB","","","760","116652103257","25","23","60","0","X","30","116652103257","200","-30.09946","-51.26332","G","2024-10-21","2020-07-14","","855f3af801e1004c","2041-12-08","","","Porto Alegre"
"LIC-LIC-01","Telefonica Brasil S.a.","50409146366","010","105802021","1010698645","RUA BURUM    N° 80","","RS","4314902","100MG7W","NR","SA-NSA","","3450","3450","120","FB","","","760","116652103257","25","23","60","0","X","30","116652103257","200","-30.09946","-51.26332","G","2024-10-21","2020-07-14","","855f3af801e1004d","2041-12-08","","","Porto Alegre"
"LIC-LIC-01","Telefonica Brasil S.a.","50409146366","010","105802021","1010698645","RUA BURUM    N° 80","","RS","4314902","100MG7W","NR","SA-NSA","","3450","3450","210","FB","","","760","116652103257","25","23","60","0","X","30","116652103257","200","-30.09946","-51.26332","G","2024-10-21","2020-07-14","","855f3af801e1004e","2041-12-08","","","Porto Alegre"
"LIC-LIC-01","Telefonica Brasil S.a.","50409146366","010","105802021","5185424","AV. BENTO GONÇALVES    153 (CRT)","BRT- TORRE PROPRIA - BRT(MOVEL)","RS","4314902","100MG7W","NR","SA-NSA","","3450","3450","55","FB","","","760","116652103257","25","23","60","0","X","30","116652103257","200","-30.05153","-51.21174","G","2024-10-21","1999-10-05","","855f3af801e1004f","2041-12-08","","","Porto Alegre"
"LIC-LIC-01","Telefonica Brasil S.a.","50409146366","010","105802021","5185424","AV. BENTO GONÇALVES    153 (CRT)","BRT- TORRE PROPRIA - BRT(MOVEL)","RS","4314902","100MG7W","NR","SA-NSA","","3450","3450","190","FB","","","760","116652103257","25","23","60","0","X","30","116652103257","200","-30.05153","-51.21174","G","2024-10-21","1999-10-05","","855f3af801e10050","2041-12-08","","","Porto Alegre"
"LIC-LIC-01","Telefonica Brasil S.a.","50409146366","010","105802021","5185424","AV. BENTO GONÇALVES    153 (CRT)","BRT- TORRE PROPRIA - BRT(MOVEL)","RS","4314902","100MG7W","NR","SA-NSA","","3450","3450","300","FB","","","760","116652103257","25","23","60","0","X","30","116652103257","200","-30.05153","-51.21174","G","2024-10-21","1999-10-05","","855f3af801e10051","2041-12-08","","","Porto Alegre"
"LIC-LIC-01","Telefonica Brasil S.a.","50409146366","010","105802021","699802180","RUA MAJOR TITO    Nº 484","","RS","4314902","100MG7W","NR","SA-NSA","","3450","3450","20","FB","","","760","168242103257","16.8","23.8","65","0","X","13","168242103257","200","-30.11579","-51.17877","G","2024-10-21","2014-03-13","","855f3af801e10052","2041-12-08","","","Porto Alegre"
"LIC-LIC-01","Telefonica Brasil S.a.","50409146366","010","105802021","699802180","RUA MAJOR TITO    Nº 484","","RS","4314902","100MG7W","NR","SA-NSA","","3450","3450","130","FB","","","760","168242103257","16.8","23.8","65","0","X","13","168242103257","200","-30.11579","-51.17877","G","2024-10-21","2014-03-13","","855f3af801e10053","2041-12-08","","","Porto Alegre"
"LIC-LIC-01","Telefonica Brasil S.a.","50409146366","010","105802021","699802180","RUA MAJOR TITO    Nº 484","","RS","4314902","100MG7W","NR","SA-NSA","","3450","3450","290","FB","","","760","168242103257","16.8","23.8","65","0","X","30","168242103257","200","-30.11579","-51.17877","G","2024-10-21","2014-03-13","","855f3af801e10054","2041-12-08","","","Porto Alegre"
"LIC-LIC-01","Telefonica Brasil S.a.","50409146366","010","105802021","1005431628","AV EDGAR PIRES DE CASTRO    6969",".N/A","RS","4314902","100MG7W","NR","SA-NSA","","3450","3450","130","FB","","","760","168242103257","16.8","23.8","65","0","X","40","168242103257","200","-30.18551","-51.13834","G","2024-10-21","2017-12-04","","855f3af801e1006c","2041-12-08","","","Porto Alegre"
"LIC-LIC-01","Telefonica Brasil S.a.","50409146366","010","105802021","1005431628","AV EDGAR PIRES DE CASTRO    6969",".N/A","RS","4314902","100MG7W","NR","SA-NSA","","3450","3450","240","FB","","","760","168242103257","16.8","23.8","65","0","X","40","168242103257","200","-30.18551","-51.13834","G","2024-10-21","2017-12-04","","855f3af801e1006d","2041-12-08","","","Porto Alegre"
"LIC-LIC-01","Telefonica Brasil S.a.","50409146366","010","105802021","1005431628","AV EDGAR PIRES DE CASTRO    6969",".N/A","RS","4314902","100MG7W","NR","SA-NSA","","3450","3450","350","FB","","","760","168242103257","16.8","23.8","65","0","X","40","168242103257","200","-30.18551","-51.13834","G","2024-10-21","2017-12-04","","855f3af801e1006e","2041-12-08","","","Porto Alegre"
"LIC-LIC-01","Telefonica Brasil S.a.","50409146366","010","105802021","441529798","RUA SEBASTIÃO WOLF   S/N","TORRESUR","RS","4314902","100MG7W","NR","SA-NSA","","3450","3450","120","FB","","","760","116652103257","25","23","60","-2","X","35","116652103257","200","-30.088321","-51.215382","G","2024-10-21","2000-10-13","","855f3af801e10078","2041-12-08","","","Porto Alegre"
"LIC-LIC-01","Telefonica Brasil S.a.","50409146366","010","105802021","441529798","RUA SEBASTIÃO WOLF   S/N","TORRESUR","RS","4314902","100MG7W","NR","SA-NSA","","3450","3450","260","FB","","","760","116652103257","25","23","60","-2","X","35","116652103257","200","-30.088321","-51.215382","G","2024-10-21","2000-10-13","","855f3af801e1007b","2041-12-08","","","Porto Alegre"
"LIC-LIC-01","Telefonica Brasil S.a.","50409146366","010","105802021","441529798","RUA SEBASTIÃO WOLF   S/N","TORRESUR","RS","4314902","100MG7W","NR","SA-NSA","","3450","3450","350","FB","","","760","116652103257","25","23","60","-2","X","35","116652103257","200","-30.088321","-51.215382","G","2024-10-21","2000-10-13","","855f3af801e1007e","2041-12-08","","","Porto Alegre"
"LIC-LIC-01","Telefonica Brasil S.a.","50409146366","010","105802021","403010667","RUA BARÃO DO AMAZONAS    2023 (BAIRRO PETRÓPOLIS)","TORRESUR","RS","4314902","100MG7W","NR","SA-NSA","","3450","3450","0","FB","","","760","116652103257","25","23","60","0","X","25","116652103257","200","-30.06081","-51.19292","G","2024-10-21","2021-09-09","","855f3af801e10084","2041-12-08","","","Porto Alegre"
"LIC-LIC-01","Telefonica Brasil S.a.","50409146366","010","105802021","403010667","RUA BARÃO DO AMAZONAS    2023 (BAIRRO PETRÓPOLIS)","TORRESUR","RS","4314902","100MG7W","NR","SA-NSA","","3450","3450","120","FB","","","760","116652103257","25","23","60","0","X","25","116652103257","200","-30.06081","-51.19292","G","2024-10-21","2021-09-09","","855f3af801e10085","2041-12-08","","","Porto Alegre"
"LIC-LIC-01","Telefonica Brasil S.a.","50409146366","010","105802021","403010667","RUA BARÃO DO AMAZONAS    2023 (BAIRRO PETRÓPOLIS)","TORRESUR","RS","4314902","100MG7W","NR","SA-NSA","","3450","3450","220","FB","","","760","116652103257","25","23","60","0","X","25","116652103257","200","-30.06081","-51.19292","G","2024-10-21","2021-09-09","","855f3af801e10086","2041-12-08","","","Porto Alegre"
"LIC-LIC-01","Telefonica Brasil S.a.","50409146366","010","105802021","699028817","AVENIDA FRANÇA    1283","","RS","4314902","100MG7W","NR","SA-NSA","","3450","3450","30","FB","","","760","168242103257","16.8","23.8","65","0","X","30","168242103257","200","-30.00571","-51.19406","G","2024-10-21","2013-06-10","","855f3af801e10087","2041-12-08","","","Porto Alegre"
"LIC-LIC-01","Telefonica Brasil S.a.","50409146366","010","105802021","699028817","AVENIDA FRANÇA    1283","","RS","4314902","100MG7W","NR","SA-NSA","","3450","3450","170","FB","","","760","168242103257","16.8","23.8","65","0","X","30","168242103257","200","-30.00571","-51.19406","G","2024-10-21","2013-06-10","","855f3af801e10088","2041-12-08","","","Porto Alegre"
"LIC-LIC-01","Telefonica Brasil S.a.","50409146366","010","105802021","699028817","AVENIDA FRANÇA    1283","","RS","4314902","100MG7W","NR","SA-NSA","","3450","3450","280","FB","","","760","168242103257","16.8","23.8","65","0","X","30","168242103257","200","-30.00571","-51.19406","G","2024-10-21","2013-06-10","","855f3af801e10089","2041-12-08","","","Porto Alegre"
"LIC-LIC-01","Telefonica Brasil S.a.","50409146366","010","105802021","699802199","AV. FARRAPOS    Nº 1025","","RS","4314902","100MG7W","NR","SA-NSA","","3450","3450","80","FB","","","760","116652103257","25","23","60","0","X","34","116652103257","200","-30.02151","-51.21131","G","2024-10-21","2014-03-13","","855f3af801e1008a","2041-12-08","","","Porto Alegre"
"LIC-LIC-01","Telefonica Brasil S.a.","50409146366","010","105802021","699802199","AV. FARRAPOS    Nº 1025","","RS","4314902","100MG7W","NR","SA-NSA","","3450","3450","200","FB","","","760","116652103257","25","23","60","0","X","34","116652103257","200","-30.02151","-51.21131","G","2024-10-21","2014-03-13","","855f3af801e1008b","2041-12-08","","","Porto Alegre"
"LIC-LIC-01","Telefonica Brasil S.a.","50409146366","010","105802021","699802199","AV. FARRAPOS    Nº 1025","","RS","4314902","100MG7W","NR","SA-NSA","","3450","3450","330","FB","","","760","116652103257","25","23","60","0","X","34","116652103257","200","-30.02151","-51.21131","G","2024-10-21","2014-03-13","","855f3af801e1008c","2041-12-08","","","Porto Alegre"
"LIC-LIC-01","Telefonica Brasil S.a.","50409146366","010","105802021","699873835","AV CAVALHADA    4760 - BLOCO B6","4.760/4.764_BLOCO B6","RS","4314902","100MG7W","NR","SA-NSA","","3450","3450","70","FB","","","760","168242103257","16.8","23.8","65","0","X","26","168242103257","200","-30.11777","-51.22317","G","2024-10-21","2014-04-02","","855f3af801e10096","2041-12-08","","","Porto Alegre"
"LIC-LIC-01","Telefonica Brasil S.a.","50409146366","010","105802021","699873835","AV CAVALHADA    4760 - BLOCO B6","4.760/4.764_BLOCO B6","RS","4314902","100MG7W","NR","SA-NSA","","3450","3450","210","FB","","","760","168242103257","16.8","23.8","65","0","X","26","168242103257","200","-30.11777","-51.22317","G","2024-10-21","2014-04-02","","855f3af801e10097","2041-12-08","","","Porto Alegre"
"LIC-LIC-01","Telefonica Brasil S.a.","50409146366","010","105802021","699873835","AV CAVALHADA    4760 - BLOCO B6","4.760/4.764_BLOCO B6","RS","4314902","100MG7W","NR","SA-NSA","","3450","3450","300","FB","","","760","168242103257","16.8","23.8","65","0","X","26","168242103257","200","-30.11777","-51.22317","G","2024-10-21","2014-04-02","","855f3af801e10098","2041-12-08","","","Porto Alegre"
"LIC-LIC-01","Telefonica Brasil S.a.","50409146366","010","105802021","436298279","AV. SALDANHA DA GAMA    854 (ESQ COM AV BENTO GONÇALVES)","TORRESUR","RS","4314902","100MG7W","NR","SA-NSA","","3450","3450","20","FB","","","760","168242103257","16.8","23.8","65","0","X","27","168242103257","200","-30.062611","-51.161861","G","2024-11-28","1999-11-08","","855f3af801e1009f","2041-12-08","","","Porto Alegre"
"LIC-LIC-01","Telefonica Brasil S.a.","50409146366","010","105802021","436298279","AV. SALDANHA DA GAMA    854 (ESQ COM AV BENTO GONÇALVES)","TORRESUR","RS","4314902","100MG7W","NR","SA-NSA","","3450","3450","120","FB","","","760","168242103257","16.8","23.8","65","0","X","27","168242103257","200","-30.062611","-51.161861","G","2024-11-28","1999-11-08","","855f3af801e100a0","2041-12-08","","","Porto Alegre"
"LIC-LIC-01","Telefonica Brasil S.a.","50409146366","010","105802021","436298279","AV. SALDANHA DA GAMA    854 (ESQ COM AV BENTO GONÇALVES)","TORRESUR","RS","4314902","100MG7W","NR","SA-NSA","","3450","3450","240","FB","","","760","168242103257","16.8","23.8","65","0","X","27","168242103257","200","-30.062611","-51.161861","G","2024-11-28","1999-11-08","","855f3af801e100a1","2041-12-08","","","Porto Alegre"
"LIC-LIC-01","Telefonica Brasil S.a.","50409146366","010","105802021","5186188","RUA JOAQUIM NABUCO    89","TORRESUR","RS","4314902","100MG7W","NR","SA-NSA","","3450","3450","120","FB","","","760","116652103257","25","23","60","0","X","35","116652103257","200","-30.04119","-51.21954","G","2024-10-21","1999-10-05","","855f3af801e100a5","2041-12-08","","","Porto Alegre"
"LIC-LIC-01","Telefonica Brasil S.a.","50409146366","010","105802021","5186188","RUA JOAQUIM NABUCO    89","TORRESUR","RS","4314902","100MG7W","NR","SA-NSA","","3450","3450","220","FB","","","760","116652103257","25","23","60","0","X","35","116652103257","200","-30.04119","-51.21954","G","2024-10-21","1999-10-05","","855f3af801e100a6","2041-12-08","","","Porto Alegre"
"LIC-LIC-01","Telefonica Brasil S.a.","50409146366","010","105802021","5186188","RUA JOAQUIM NABUCO    89","TORRESUR","RS","4314902","100MG7W","NR","SA-NSA","","3450","3450","330","FB","","","760","116652103257","25","23","60","0","X","35","116652103257","200","-30.04119","-51.21954","G","2024-10-21","1999-10-05","","855f3af801e100a7","2041-12-08","","","Porto Alegre"
"LIC-LIC-01","Telefonica Brasil S.a.","50409146366","010","105802021","692909354","RUA UM    805 (ESQUINA RUA NOVE)","PROPRIO","RS","4314902","100MG7W","NR","SA-NSA","","3450","3450","30","FB","","","760","168242103257","16.8","23.8","65","0","X","35","168242103257","200","-30.05147","-51.15125","G","2024-10-21","2010-11-17","","855f3af801e100ab","2041-12-08","","","Porto Alegre"
"LIC-LIC-01","Telefonica Brasil S.a.","50409146366","010","105802021","692909354","RUA UM    805 (ESQUINA RUA NOVE)","PROPRIO","RS","4314902","100MG7W","NR","SA-NSA","","3450","3450","150","FB","","","760","168242103257","16.8","23.8","65","0","X","35","168242103257","200","-30.05147","-51.15125","G","2024-10-21","2010-11-17","","855f3af801e100ac","2041-12-08","","","Porto Alegre"
"LIC-LIC-01","Telefonica Brasil S.a.","50409146366","010","105802021","692909354","RUA UM    805 (ESQUINA RUA NOVE)","PROPRIO","RS","4314902","100MG7W","NR","SA-NSA","","3450","3450","270","FB","","","760","168242103257","16.8","23.8","65","0","X","35","168242103257","200","-30.05147","-51.15125","G","2024-10-21","2010-11-17","","855f3af801e100ad","2041-12-08","","","Porto Alegre"
"LIC-LIC-01","Telefonica Brasil S.a.","50409146366","010","105802021","1014912021","RUA LUIZ VOELCKER    820 - TRÊS FIGUEIRAS - PORTO ALEGRE - RS - PORTO ALEGRE -  - 91330-190","","RS","4314902","100MG7W","NR","SA-NSA","","3450","3450","80","FB","","","760","116652103257","25","23","60","0","X","23","116652103257","200","-30.03465","-51.165489","G","2024-10-21","2023-05-17","","855f3af801e100ae","2041-12-08","","","Porto Alegre"
"LIC-LIC-01","Telefonica Brasil S.a.","50409146366","010","105802021","1014912021","RUA LUIZ VOELCKER    820 - TRÊS FIGUEIRAS - PORTO ALEGRE - RS - PORTO ALEGRE -  - 91330-190","","RS","4314902","100MG7W","NR","SA-NSA","","3450","3450","220","FB","","","760","116652103257","25","23","60","0","X","23","116652103257","200","-30.03465","-51.165489","G","2024-10-21","2023-05-17","","855f3af801e100af","2041-12-08","","","Porto Alegre"
"LIC-LIC-01","Telefonica Brasil S.a.","50409146366","010","105802021","1014912021","RUA LUIZ VOELCKER    820 - TRÊS FIGUEIRAS - PORTO ALEGRE - RS - PORTO ALEGRE -  - 91330-190","","RS","4314902","100MG7W","NR","SA-NSA","","3450","3450","330","FB","","","760","116652103257","25","23","60","0","X","23","116652103257","200","-30.03465","-51.165489","G","2024-10-21","2023-05-17","","855f3af801e100b0","2041-12-08","","","Porto Alegre"
"LIC-LIC-01","Telefonica Brasil S.a.","50409146366","010","105802021","699028850","AV. MANOEL ELIAS    AO LADO 2260 ESQ. COM RUA DEODORO","PROPRIO","RS","4314902","100MG7W","NR","SA-NSA","","3450","3450","90","FB","","","760","168242103257","16.8","23.8","65","0","X","40","168242103257","200","-30.03685","-51.1218","G","2024-10-21","2013-06-10","","855f3af801e100b1","2041-12-08","","","Porto Alegre"
"LIC-LIC-01","Telefonica Brasil S.a.","50409146366","010","105802021","699028850","AV. MANOEL ELIAS    AO LADO 2260 ESQ. COM RUA DEODORO","PROPRIO","RS","4314902","100MG7W","NR","SA-NSA","","3450","3450","250","FB","","","760","168242103257","16.8","23.8","65","0","X","40","168242103257","200","-30.03685","-51.1218","G","2024-10-21","2013-06-10","","855f3af801e100b4","2041-12-08","","","Porto Alegre"
"LIC-LIC-01","Telefonica Brasil S.a.","50409146366","010","105802021","699028850","AV. MANOEL ELIAS    AO LADO 2260 ESQ. COM RUA DEODORO","PROPRIO","RS","4314902","100MG7W","NR","SA-NSA","","3450","3450","350","FB","","","760","168242103257","16.8","23.8","65","0","X","40","168242103257","200","-30.03685","-51.1218","G","2024-10-21","2013-06-10","","855f3af801e100b7","2041-12-08","","","Porto Alegre"
"LIC-LIC-01","Telefonica Brasil S.a.","50409146366","010","105802021","1009386538","ESTRADA CHAPÉU DO SOL    241","","RS","4314902","100MG7W","NR","SA-NSA","","3450","3450","70","FB","","","760","168242103257","16.8","23.8","65","0","X","34","168242103257","200","-30.17879","-51.173","G","2024-10-21","2019-10-29","","855f3af801e100ba","2041-12-08","","","Porto Alegre"
"LIC-LIC-01","Telefonica Brasil S.a.","50409146366","010","105802021","1009386538","ESTRADA CHAPÉU DO SOL    241","","RS","4314902","100MG7W","NR","SA-NSA","","3450","3450","170","FB","","","760","168242103257","16.8","23.8","65","0","X","30","168242103257","200","-30.17879","-51.173","G","2024-10-21","2019-10-29","","855f3af801e100bb","2041-12-08","","","Porto Alegre"
"LIC-LIC-01","Telefonica Brasil S.a.","50409146366","010","105802021","1009386538","ESTRADA CHAPÉU DO SOL    241","","RS","4314902","100MG7W","NR","SA-NSA","","3450","3450","320","FB","","","760","168242103257","16.8","23.8","65","0","X","34","168242103257","200","-30.17879","-51.173","G","2024-10-21","2019-10-29","","855f3af801e100bc","2041-12-08","","","Porto Alegre"
"LIC-LIC-01","Telefonica Brasil S.a.","50409146366","010","105802021","699873851","PROFESSOR FREITAS CABRAL    310","","RS","4314902","100MG7W","NR","SA-NSA","","3450","3450","110","FB","","","760","116652103257","25","23","60","0","X","44","116652103257","200","-30.05683","-51.17975","G","2024-10-21","2014-04-02","","855f3af801e100c9","2041-12-08","","","Porto Alegre"
"LIC-LIC-01","Telefonica Brasil S.a.","50409146366","010","105802021","699873851","PROFESSOR FREITAS CABRAL    310","","RS","4314902","100MG7W","NR","SA-NSA","","3450","3450","220","FB","","","760","116652103257","25","23","60","0","X","44","116652103257","200","-30.05683","-51.17975","G","2024-10-21","2014-04-02","","855f3af801e100ca","2041-12-08","","","Porto Alegre"
"LIC-LIC-01","Telefonica Brasil S.a.","50409146366","010","105802021","699873851","PROFESSOR FREITAS CABRAL    310","","RS","4314902","100MG7W","NR","SA-NSA","","3450","3450","320","FB","","","760","116652103257","25","23","60","0","X","44","116652103257","200","-30.05683","-51.17975","G","2024-10-21","2014-04-02","","855f3af801e100cb","2041-12-08","","","Porto Alegre"
"LIC-LIC-01","Telefonica Brasil S.a.","50409146366","010","105802021","699873878","ESTRADA CRISTIANO KRAEMER    5124","","RS","4314902","100MG7W","NR","SA-NSA","","3450","3450","160","FB","","","760","168242103257","16.8","23.8","65","0","X","21","168242103257","200","-30.14708","-51.20367","G","2024-10-21","2014-04-02","","855f3af801e100db","2041-12-08","","","Porto Alegre"
"LIC-LIC-01","Telefonica Brasil S.a.","50409146366","010","105802021","699873878","ESTRADA CRISTIANO KRAEMER    5124","","RS","4314902","100MG7W","NR","SA-NSA","","3450","3450","260","FB","","","760","168242103257","16.8","23.8","65","0","X","21","168242103257","200","-30.14708","-51.20367","G","2024-10-21","2014-04-02","","855f3af801e100e0","2041-12-08","","","Porto Alegre"
"LIC-LIC-01","Telefonica Brasil S.a.","50409146366","010","105802021","699873878","ESTRADA CRISTIANO KRAEMER    5124","","RS","4314902","100MG7W","NR","SA-NSA","","3450","3450","350","FB","","","760","168242103257","16.8","23.8","65","0","X","21","168242103257","200","-30.14708","-51.20367","G","2024-10-21","2014-04-02","","855f3af801e100e5","2041-12-08","","","Porto Alegre"
"LIC-LIC-01","Telefonica Brasil S.a.","50409146366","010","105802021","403010365","AVENIDA FERNANDO FERRARI    1001 CEASA","PROPRIO","RS","4314902","100MG7W","NR","SA-NSA","","3450","3450","40","FB","","","760","168242103257","16.8","23.8","65","0","X","33","168242103257","200","-29.97797","-51.16874","G","2024-11-28","1999-11-08","","855f3af801e100f0","2041-12-08","","","Porto Alegre"
"LIC-LIC-01","Telefonica Brasil S.a.","50409146366","010","105802021","403010365","AVENIDA FERNANDO FERRARI    1001 CEASA","PROPRIO","RS","4314902","100MG7W","NR","SA-NSA","","3450","3450","140","FB","","","760","168242103257","16.8","23.8","65","0","X","33","168242103257","200","-29.97797","-51.16874","G","2024-11-28","1999-11-08","","855f3af801e100f1","2041-12-08","","","Porto Alegre"
"LIC-LIC-01","Telefonica Brasil S.a.","50409146366","010","105802021","403010365","AVENIDA FERNANDO FERRARI    1001 CEASA","PROPRIO","RS","4314902","100MG7W","NR","SA-NSA","","3450","3450","260","FB","","","760","168242103257","16.8","23.8","65","0","X","33","168242103257","200","-29.97797","-51.16874","G","2024-11-28","1999-11-08","","855f3af801e100f2","2041-12-08","","","Porto Alegre"
"LIC-LIC-01","Telefonica Brasil S.a.","50409146366","010","105802021","442311559","ESTRADA DOS BATILLANAS    165","PROPRIO","RS","4314902","100MG7W","NR","SA-NSA","","3450","3450","140","FB","","","760","116652103257","25","23","60","0","X","30","116652103257","200","-30.08597","-51.18479","G","2024-10-21","1999-11-08","","855f3af801e100f3","2041-12-08","","","Porto Alegre"
"LIC-LIC-01","Telefonica Brasil S.a.","50409146366","010","105802021","442311559","ESTRADA DOS BATILLANAS    165","PROPRIO","RS","4314902","100MG7W","NR","SA-NSA","","3450","3450","280","FB","","","760","116652103257","25","23","60","0","X","30","116652103257","200","-30.08597","-51.18479","G","2024-10-21","1999-11-08","","855f3af801e100f6","2041-12-08","","","Porto Alegre"
"LIC-LIC-01","Telefonica Brasil S.a.","50409146366","010","105802021","1008990369","RUA ANTONIO JOSE SANTANA    580","","RS","4314902","100MG7W","NR","SA-NSA","","3450","3450","50","FB","","","760","168242103257","16.8","23.8","65","0","X","40","168242103257","200","-30.08728","-51.11544","G","2024-10-21","2019-08-26","","855f3af801e10117","2041-12-08","","","Porto Alegre"
"LIC-LIC-01","Telefonica Brasil S.a.","50409146366","010","105802021","1008990369","RUA ANTONIO JOSE SANTANA    580","","RS","4314902","100MG7W","NR","SA-NSA","","3450","3450","200","FB","","","760","168242103257","16.8","23.8","65","0","X","40","168242103257","200","-30.08728","-51.11544","G","2024-10-21","2019-08-26","","855f3af801e10118","2041-12-08","","","Porto Alegre"
"LIC-LIC-01","Telefonica Brasil S.a.","50409146366","010","105802021","1008990369","RUA ANTONIO JOSE SANTANA    580","","RS","4314902","100MG7W","NR","SA-NSA","","3450","3450","290","FB","","","760","168242103257","16.8","23.8","65","0","X","40","168242103257","200","-30.08728","-51.11544","G","2024-10-21","2019-08-26","","855f3af801e10119","2041-12-08","","","Porto Alegre"
"LIC-LIC-01","Telefonica Brasil S.a.","50409146366","010","105802021","1015814201","RUA SANTA RITA    N°53","COND ED JARDIM SÃO PEDRO","RS","4314902","100MG7W","NR","SA-NSA","","3450","3450","20","FB","","","760","116652103257","25","23","60","0","X","36","116652103257","200","-30.01747","-51.20535","G","2024-10-21","2024-05-20","","855f3af801e1011a","2041-12-08","","","Porto Alegre"
"LIC-LIC-01","Telefonica Brasil S.a.","50409146366","010","105802021","1015814201","RUA SANTA RITA    N°53","COND ED JARDIM SÃO PEDRO","RS","4314902","100MG7W","NR","SA-NSA","","3450","3450","120","FB","","","760","116652103257","25","23","60","0","X","36","116652103257","200","-30.01747","-51.20535","G","2024-10-21","2024-05-20","","855f3af801e1011b","2041-12-08","","","Porto Alegre"
"LIC-LIC-01","Telefonica Brasil S.a.","50409146366","010","105802021","1015814201","RUA SANTA RITA    N°53","COND ED JARDIM SÃO PEDRO","RS","4314902","100MG7W","NR","SA-NSA","","3450","3450","240","FB","","","760","116652103257","25","23","60","0","X","36","116652103257","200","-30.01747","-51.20535","G","2024-10-21","2024-05-20","","855f3af801e1011c","2041-12-08","","","Porto Alegre"
"LIC-LIC-01","Telefonica Brasil S.a.","50409146366","010","105802021","1010247686","AVENIDA EDUARDO PRADO    Nº 415","","RS","4314902","100MG7W","NR","SA-NSA","","3450","3450","30","FB","","","760","116652103257","25","23","60","0","X","20","116652103257","200","-30.12503","-51.22093","G","2024-10-21","2021-09-09","","855f3af801e1011d","2041-12-08","","","Porto Alegre"
"LIC-LIC-01","Telefonica Brasil S.a.","50409146366","010","105802021","1010247686","AVENIDA EDUARDO PRADO    Nº 415","","RS","4314902","100MG7W","NR","SA-NSA","","3450","3450","130","FB","","","760","116652103257","25","23","60","0","X","20","116652103257","200","-30.12503","-51.22093","G","2024-10-21","2021-09-09","","855f3af801e1011e","2041-12-08","","","Porto Alegre"
"LIC-LIC-01","Telefonica Brasil S.a.","50409146366","010","105802021","1010247686","AVENIDA EDUARDO PRADO    Nº 415","","RS","4314902","100MG7W","NR","SA-NSA","","3450","3450","230","FB","","","760","116652103257","25","23","60","0","X","20","116652103257","200","-30.12503","-51.22093","G","2024-10-21","2021-09-09","","855f3af801e1011f","2041-12-08","","","Porto Alegre"
"LIC-LIC-01","Telefonica Brasil S.a.","50409146366","010","105802021","682889679","AV. ASSIS BRASIL    8787 (FIERGS)","PROPRIO","RS","4314902","100MG7W","NR","SA-NSA","","3450","3450","0","FB","","","760","168242103257","16.8","23.8","65","-8","X","45","168242103257","200","-29.9779","-51.11399","G","2024-10-21","2002-12-26","","855f3af801e1013e","2041-12-08","","","Porto Alegre"
"LIC-LIC-01","Telefonica Brasil S.a.","50409146366","010","105802021","682889679","AV. ASSIS BRASIL    8787 (FIERGS)","PROPRIO","RS","4314902","100MG7W","NR","SA-NSA","","3450","3450","135","FB","","","760","168242103257","16.8","23.8","65","0","X","45","168242103257","200","-29.9779","-51.11399","G","2024-10-21","2002-12-26","","855f3af801e1013f","2041-12-08","","","Porto Alegre"
"LIC-LIC-01","Telefonica Brasil S.a.","50409146366","010","105802021","682889679","AV. ASSIS BRASIL    8787 (FIERGS)","PROPRIO","RS","4314902","100MG7W","NR","SA-NSA","","3450","3450","225","FB","","","760","168242103257","16.8","23.8","65","0","X","45","168242103257","200","-29.9779","-51.11399","G","2024-10-21","2002-12-26","","855f3af801e10140","2041-12-08","","","Porto Alegre"
"LIC-LIC-01","Telefonica Brasil S.a.","50409146366","010","105802021","1008821265","AVENIDA DA SERRARIA    1451","","RS","4314902","100MG7W","NR","SA-NSA","","3450","3450","50","FB","","","760","168242103257","16.8","23.8","65","0","X","45","168242103257","200","-30.15632","-51.21988","G","2024-11-28","2019-07-26","","855f3af801e10177","2041-12-08","","","Porto Alegre"
"LIC-LIC-01","Telefonica Brasil S.a.","50409146366","010","105802021","1008821265","AVENIDA DA SERRARIA    1451","","RS","4314902","100MG7W","NR","SA-NSA","","3450","3450","150","FB","","","760","168242103257","16.8","23.8","65","0","X","45","168242103257","200","-30.15632","-51.21988","G","2024-11-28","2019-07-26","","855f3af801e10178","2041-12-08","","","Porto Alegre"
"LIC-LIC-01","Telefonica Brasil S.a.","50409146366","010","105802021","1008821265","AVENIDA DA SERRARIA    1451","","RS","4314902","100MG7W","NR","SA-NSA","","3450","3450","240","FB","","","760","168242103257","16.8","23.8","65","0","X","30","168242103257","200","-30.15632","-51.21988","G","2024-11-28","2019-07-26","","855f3af801e10179","2041-12-08","","","Porto Alegre"
"LIC-LIC-01","Telefonica Brasil S.a.","50409146366","010","105802021","689349734","RUA SÃO MANOEL    S/N","AO LADO DO N° 556","RS","4314902","100MG7W","NR","SA-NSA","","3450","3450","80","FB","","","760","116652103257","25","23","60","0","X","30","116652103257","200","-30.03891","-51.20487","G","2024-10-21","2007-07-06","","855f3af801e10189","2041-12-08","","","Porto Alegre"
"LIC-LIC-01","Telefonica Brasil S.a.","50409146366","010","105802021","689349734","RUA SÃO MANOEL    S/N","AO LADO DO N° 556","RS","4314902","100MG7W","NR","SA-NSA","","3450","3450","180","FB","","","760","116652103257","25","23","60","0","X","30","116652103257","200","-30.03891","-51.20487","G","2024-10-21","2007-07-06","","855f3af801e1018a","2041-12-08","","","Porto Alegre"
"LIC-LIC-01","Telefonica Brasil S.a.","50409146366","010","105802021","689349734","RUA SÃO MANOEL    S/N","AO LADO DO N° 556","RS","4314902","100MG7W","NR","SA-NSA","","3450","3450","290","FB","","","760","116652103257","25","23","60","0","X","30","116652103257","200","-30.03891","-51.20487","G","2024-10-21","2007-07-06","","855f3af801e1018b","2041-12-08","","","Porto Alegre"
"LIC-LIC-01","Telefonica Brasil S.a.","50409146366","010","105802021","442029314","RUA DOS CARIJÓS    25","PROPRIO - CLARO","RS","4314902","100MG7W","NR","SA-NSA","","3450","3450","90","FB","","","760","168242103257","16.8","23.8","65","0","X","35","168242103257","200","-30.14892","-51.22191","G","2024-10-21","1999-11-08","","855f3af801e1018c","2041-12-08","","","Porto Alegre"
"LIC-LIC-01","Telefonica Brasil S.a.","50409146366","010","105802021","442029314","RUA DOS CARIJÓS    25","PROPRIO - CLARO","RS","4314902","100MG7W","NR","SA-NSA","","3450","3450","190","FB","","","760","168242103257","16.8","23.8","65","0","X","35","168242103257","200","-30.14892","-51.22191","G","2024-10-21","1999-11-08","","855f3af801e1018f","2041-12-08","","","Porto Alegre"
"LIC-LIC-01","Telefonica Brasil S.a.","50409146366","010","105802021","442029314","RUA DOS CARIJÓS    25","PROPRIO - CLARO","RS","4314902","100MG7W","NR","SA-NSA","","3450","3450","350","FB","","","760","168242103257","16.8","23.8","65","0","X","35","168242103257","200","-30.14892","-51.22191","G","2024-10-21","1999-11-08","","855f3af801e10192","2041-12-08","","","Porto Alegre"
"LIC-LIC-01","Telefonica Brasil S.a.","50409146366","010","105802021","573752","AVENIDA JUCA BATISTA    400","BRT- TORRE PROPRIA - BRT(MOVEL)","RS","4314902","100MG7W","NR","SA-NSA","","3450","3450","10","FB","","","760","168242103257","16.8","23.8","65","0","X","30","168242103257","200","-30.13692","-51.22102","G","2024-10-21","2001-01-29","","855f3af801e101b3","2041-12-08","","","Porto Alegre"
"LIC-LIC-01","Telefonica Brasil S.a.","50409146366","010","105802021","573752","AVENIDA JUCA BATISTA    400","BRT- TORRE PROPRIA - BRT(MOVEL)","RS","4314902","100MG7W","NR","SA-NSA","","3450","3450","130","FB","","","760","168242103257","16.8","23.8","65","0","X","30","168242103257","200","-30.13692","-51.22102","G","2024-10-21","2001-01-29","","855f3af801e101b5","2041-12-08","","","Porto Alegre"
"LIC-LIC-01","Telefonica Brasil S.a.","50409146366","010","105802021","573752","AVENIDA JUCA BATISTA    400","BRT- TORRE PROPRIA - BRT(MOVEL)","RS","4314902","100MG7W","NR","SA-NSA","","3450","3450","280","FB","","","760","168242103257","16.8","23.8","65","0","X","30","168242103257","200","-30.13692","-51.22102","G","2024-10-21","2001-01-29","","855f3af801e101b7","2041-12-08","","","Porto Alegre"
"LIC-LIC-01","Telefonica Brasil S.a.","50409146366","010","105802021","6444237","AV BALTAZAR DE OLIVEIRA GARCIA 1245 - PORTO ALEGRE","BRT- TORRE PROPRIA","RS","4314902","100MG7W","NR","SA-NSA","","3450","3450","35","FB","","","760","168242103257","16.8","23.8","65","0","X","40.5","168242103257","200","-30.01078","-51.13266","G","2024-10-21","2003-02-26","","855f3af801e101b9","2041-12-08","","","Porto Alegre"
"LIC-LIC-01","Telefonica Brasil S.a.","50409146366","010","105802021","6444237","AV BALTAZAR DE OLIVEIRA GARCIA 1245 - PORTO ALEGRE","BRT- TORRE PROPRIA","RS","4314902","100MG7W","NR","SA-NSA","","3450","3450","125","FB","","","760","168242103257","16.8","23.8","65","0","X","40","168242103257","200","-30.01078","-51.13266","G","2024-10-21","2003-02-26","","855f3af801e101bb","2041-12-08","","","Porto Alegre"
"LIC-LIC-01","Telefonica Brasil S.a.","50409146366","010","105802021","6444237","AV BALTAZAR DE OLIVEIRA GARCIA 1245 - PORTO ALEGRE","BRT- TORRE PROPRIA","RS","4314902","100MG7W","NR","SA-NSA","","3450","3450","220","FB","","","760","168242103257","16.8","23.8","65","0","X","40","168242103257","200","-30.01078","-51.13266","G","2024-10-21","2003-02-26","","855f3af801e101bd","2041-12-08","","","Porto Alegre"
"LIC-LIC-01","Telefonica Brasil S.a.","50409146366","010","105802021","699802075","RUA NOVE DE JUNHO    734","ATC","RS","4314902","100MG7W","NR","SA-NSA","","3450","3450","50","FB","","","760","168242103257","16.8","23.8","65","0","X","28","168242103257","200","-30.06869","-51.16158","G","2024-10-21","2014-03-13","","855f3af801e101c2","2041-12-08","","","Porto Alegre"
"LIC-LIC-01","Telefonica Brasil S.a.","50409146366","010","105802021","699802075","RUA NOVE DE JUNHO    734","ATC","RS","4314902","100MG7W","NR","SA-NSA","","3450","3450","160","FB","","","760","168242103257","16.8","23.8","65","0","X","28","168242103257","200","-30.06869","-51.16158","G","2024-10-21","2014-03-13","","855f3af801e101c6","2041-12-08","","","Porto Alegre"
"LIC-LIC-01","Telefonica Brasil S.a.","50409146366","010","105802021","699802075","RUA NOVE DE JUNHO    734","ATC","RS","4314902","100MG7W","NR","SA-NSA","","3450","3450","280","FB","","","760","168242103257","16.8","23.8","65","0","X","30","168242103257","200","-30.06869","-51.16158","G","2024-10-21","2014-03-13","","855f3af801e101ca","2041-12-08","","","Porto Alegre"
"LIC-LIC-01","Telefonica Brasil S.a.","50409146366","010","105802021","699802334","RUA JERONIMO COELHO    251","","RS","4314902","100MG7W","NR","SA-NSA","","3450","3450","50","FB","","","760","116652103257","25","23","60","0","X","36","116652103257","200","-30.03267","-51.22691","G","2024-10-21","2014-03-13","","855f3af801e101ce","2041-12-08","","","Porto Alegre"
"LIC-LIC-01","Telefonica Brasil S.a.","50409146366","010","105802021","699802334","RUA JERONIMO COELHO    251","","RS","4314902","100MG7W","NR","SA-NSA","","3450","3450","160","FB","","","760","116652103257","25","23","60","0","X","36","116652103257","200","-30.03267","-51.22691","G","2024-10-21","2014-03-13","","855f3af801e101cf","2041-12-08","","","Porto Alegre"
"LIC-LIC-01","Telefonica Brasil S.a.","50409146366","010","105802021","699802334","RUA JERONIMO COELHO    251","","RS","4314902","100MG7W","NR","SA-NSA","","3450","3450","290","FB","","","760","116652103257","25","23","60","0","X","30","116652103257","200","-30.03267","-51.22691","G","2024-10-21","2014-03-13","","855f3af801e101d0","2041-12-08","","","Porto Alegre"
"LIC-LIC-01","Telefonica Brasil S.a.","50409146366","010","105802021","403010691","AVENIDA CRISTIANO FISCHER    1331","PROPRIO","RS","4314902","100MG7W","NR","SA-NSA","","3450","3450","10","FB","","","760","116652103257","25","23","60","0","X","37","116652103257","200","-30.05354","-51.17233","G","2024-10-21","1999-11-08","","855f3af801e101d4","2041-12-08","","","Porto Alegre"
"LIC-LIC-01","Telefonica Brasil S.a.","50409146366","010","105802021","403010691","AVENIDA CRISTIANO FISCHER    1331","PROPRIO","RS","4314902","100MG7W","NR","SA-NSA","","3450","3450","120","FB","","","760","116652103257","25","23","60","0","X","37","116652103257","200","-30.05354","-51.17233","G","2024-10-21","1999-11-08","","855f3af801e101d5","2041-12-08","","","Porto Alegre"
"LIC-LIC-01","Telefonica Brasil S.a.","50409146366","010","105802021","403010691","AVENIDA CRISTIANO FISCHER    1331","PROPRIO","RS","4314902","100MG7W","NR","SA-NSA","","3450","3450","230","FB","","","760","116652103257","25","23","60","0","X","37","116652103257","200","-30.05354","-51.17233","G","2024-10-21","1999-11-08","","855f3af801e101d6","2041-12-08","","","Porto Alegre"
"LIC-LIC-01","Telefonica Brasil S.a.","50409146366","010","105802021","1010650286","ESTRADA JORGE PEREIRA NUNES     1310","","RS","4314902","100MG7W","NR","SA-NSA","","3450","3450","130","FB","","","760","116652103257","25","23","60","0","X","44","116652103257","200","-30.1317","-51.19053","G","2024-10-21","2020-07-06","","855f3af801e101d7","2041-12-08","","","Porto Alegre"
"LIC-LIC-01","Telefonica Brasil S.a.","50409146366","010","105802021","1010650286","ESTRADA JORGE PEREIRA NUNES     1310","","RS","4314902","100MG7W","NR","SA-NSA","","3450","3450","230","FB","","","760","116652103257","25","23","60","0","X","44","116652103257","200","-30.1317","-51.19053","G","2024-10-21","2020-07-06","","855f3af801e101d8","2041-12-08","","","Porto Alegre"
"LIC-LIC-01","Telefonica Brasil S.a.","50409146366","010","105802021","1010650286","ESTRADA JORGE PEREIRA NUNES     1310","","RS","4314902","100MG7W","NR","SA-NSA","","3450","3450","350","FB","","","760","116652103257","25","23","60","0","X","44","116652103257","200","-30.1317","-51.19053","G","2024-10-21","2020-07-06","","855f3af801e101d9","2041-12-08","","","Porto Alegre"
"LIC-LIC-01","Telefonica Brasil S.a.","50409146366","010","105802021","699874017","AV. BALTAZAR DE OLIVEIRA GARCIA    2570","GTS","RS","4314902","100MG7W","NR","SA-NSA","","3450","3450","20","FB","","","760","168242103257","16.8","23.8","65","0","X","12","168242103257","200","-30.01464","-51.11978","G","2024-11-28","2014-04-02","","855f3af801e101da","2041-12-08","","","Porto Alegre"
"LIC-LIC-01","Telefonica Brasil S.a.","50409146366","010","105802021","699874017","AV. BALTAZAR DE OLIVEIRA GARCIA    2570","GTS","RS","4314902","100MG7W","NR","SA-NSA","","3450","3450","140","FB","","","760","168242103257","16.8","23.8","65","0","X","15","168242103257","200","-30.01464","-51.11978","G","2024-11-28","2014-04-02","","855f3af801e101db","2041-12-08","","","Porto Alegre"
"LIC-LIC-01","Telefonica Brasil S.a.","50409146366","010","105802021","699874017","AV. BALTAZAR DE OLIVEIRA GARCIA    2570","GTS","RS","4314902","100MG7W","NR","SA-NSA","","3450","3450","260","FB","","","760","168242103257","16.8","23.8","65","0","X","12","168242103257","200","-30.01464","-51.11978","G","2024-11-28","2014-04-02","","855f3af801e101dc","2041-12-08","","","Porto Alegre"
"LIC-LIC-01","Telefonica Brasil S.a.","50409146366","010","105802021","1014118341","AVENIDA LAJEADO    215","PROPRIO","RS","4314902","100MG7W","NR","SA-NSA","","3450","3450","110","FB","","","760","116652103257","25","23","60","-2","X","30","116652103257","200","-30.04058","-51.18737","G","2024-10-21","2022-08-12","","855f3af801e101e3","2041-12-08","","","Porto Alegre"
"LIC-LIC-01","Telefonica Brasil S.a.","50409146366","010","105802021","1014118341","AVENIDA LAJEADO    215","PROPRIO","RS","4314902","100MG7W","NR","SA-NSA","","3450","3450","240","FB","","","760","116652103257","25","23","60","-2","X","30","116652103257","200","-30.04058","-51.18737","G","2024-10-21","2022-08-12","","855f3af801e101e6","2041-12-08","","","Porto Alegre"
"LIC-LIC-01","Telefonica Brasil S.a.","50409146366","010","105802021","1014118341","AVENIDA LAJEADO    215","PROPRIO","RS","4314902","100MG7W","NR","SA-NSA","","3450","3450","340","FB","","","760","116652103257","25","23","60","-2","X","30","116652103257","200","-30.04058","-51.18737","G","2024-10-21","2022-08-12","","855f3af801e101e9","2041-12-08","","","Porto Alegre"
"LIC-LIC-01","Telefonica Brasil S.a.","50409146366","010","105802021","3770079","AV. SATURNINO DE BRITO    1209","PROPRIO","RS","4314902","100MG7W","NR","SA-NSA","","3450","3450","0","FB","","","760","168242103257","16.8","23.8","65","0","X","33","168242103257","200","-30.03138","-51.15052","G","2024-10-21","1999-10-05","","855f3af801e101ef","2041-12-08","","","Porto Alegre"
"LIC-LIC-01","Telefonica Brasil S.a.","50409146366","010","105802021","3770079","AV. SATURNINO DE BRITO    1209","PROPRIO","RS","4314902","100MG7W","NR","SA-NSA","","3450","3450","110","FB","","","760","168242103257","16.8","23.8","65","0","X","33","168242103257","200","-30.03138","-51.15052","G","2024-10-21","1999-10-05","","855f3af801e101f0","2041-12-08","","","Porto Alegre"
"LIC-LIC-01","Telefonica Brasil S.a.","50409146366","010","105802021","3770079","AV. SATURNINO DE BRITO    1209","PROPRIO","RS","4314902","100MG7W","NR","SA-NSA","","3450","3450","220","FB","","","760","168242103257","16.8","23.8","65","0","X","33","168242103257","200","-30.03138","-51.15052","G","2024-10-21","1999-10-05","","855f3af801e101f1","2041-12-08","","","Porto Alegre"
"LIC-LIC-01","Telefonica Brasil S.a.","50409146366","010","105802021","699802083","AV. MÃE APOLINÁRIA MATIAS BATISTA    195","ATC","RS","4314902","100MG7W","NR","SA-NSA","","3450","3450","90","FB","","","760","168242103257","16.8","23.8","65","0","X","33.5","168242103257","200","-30.04472","-51.13556","G","2024-10-21","2014-03-13","","855f3af801e101f2","2041-12-08","","","Porto Alegre"
"LIC-LIC-01","Telefonica Brasil S.a.","50409146366","010","105802021","699802083","AV. MÃE APOLINÁRIA MATIAS BATISTA    195","ATC","RS","4314902","100MG7W","NR","SA-NSA","","3450","3450","210","FB","","","760","168242103257","16.8","23.8","65","0","X","30","168242103257","200","-30.04472","-51.13556","G","2024-10-21","2014-03-13","","855f3af801e101f3","2041-12-08","","","Porto Alegre"
"LIC-LIC-01","Telefonica Brasil S.a.","50409146366","010","105802021","699802083","AV. MÃE APOLINÁRIA MATIAS BATISTA    195","ATC","RS","4314902","100MG7W","NR","SA-NSA","","3450","3450","340","FB","","","760","168242103257","16.8","23.8","65","0","X","33.5","168242103257","200","-30.04472","-51.13556","G","2024-10-21","2014-03-13","","855f3af801e101f4","2041-12-08","","","Porto Alegre"
"LIC-LIC-01","Telefonica Brasil S.a.","50409146366","010","105802021","699802342","RUA DONA ADDA MASCARENHAS DE MORAES    389 (ED. DOM DIOGO)","PROPRIO","RS","4314902","100MG7W","NR","SA-NSA","","3450","3450","110","FB","","","760","168242103257","16.8","23.8","65","0","X","33","168242103257","200","-30.01378","-51.13603","G","2024-10-21","2014-03-13","","855f3af801e101f5","2041-12-08","","","Porto Alegre"
"LIC-LIC-01","Telefonica Brasil S.a.","50409146366","010","105802021","699802342","RUA DONA ADDA MASCARENHAS DE MORAES    389 (ED. DOM DIOGO)","PROPRIO","RS","4314902","100MG7W","NR","SA-NSA","","3450","3450","220","FB","","","760","168242103257","16.8","23.8","65","0","X","33","168242103257","200","-30.01378","-51.13603","G","2024-10-21","2014-03-13","","855f3af801e101f6","2041-12-08","","","Porto Alegre"
"LIC-LIC-01","Telefonica Brasil S.a.","50409146366","010","105802021","699802342","RUA DONA ADDA MASCARENHAS DE MORAES    389 (ED. DOM DIOGO)","PROPRIO","RS","4314902","100MG7W","NR","SA-NSA","","3450","3450","330","FB","","","760","168242103257","16.8","23.8","65","0","X","33","168242103257","200","-30.01378","-51.13603","G","2024-10-21","2014-03-13","","855f3af801e101f7","2041-12-08","","","Porto Alegre"
"LIC-LIC-01","Telefonica Brasil S.a.","50409146366","010","105802021","699805740","RUA CEL FREDERICO CARLOS GOMES Nº 85","PROPRIO","RS","4314902","100MG7W","NR","SA-NSA","","3450","3450","40","FB","","","760","168242103257","16.8","23.8","65","0","X","17","168242103257","200","-30.12009","-51.20589","G","2024-10-21","2014-03-13","","855f3af801e10216","2041-12-08","","","Porto Alegre"
"LIC-LIC-01","Telefonica Brasil S.a.","50409146366","010","105802021","699805740","RUA CEL FREDERICO CARLOS GOMES Nº 85","PROPRIO","RS","4314902","100MG7W","NR","SA-NSA","","3450","3450","140","FB","","","760","168242103257","16.8","23.8","65","0","X","17","168242103257","200","-30.12009","-51.20589","G","2024-10-21","2014-03-13","","855f3af801e10217","2041-12-08","","","Porto Alegre"
"LIC-LIC-01","Telefonica Brasil S.a.","50409146366","010","105802021","699805740","RUA CEL FREDERICO CARLOS GOMES Nº 85","PROPRIO","RS","4314902","100MG7W","NR","SA-NSA","","3450","3450","260","FB","","","760","168242103257","16.8","23.8","65","0","X","17","168242103257","200","-30.12009","-51.20589","G","2024-10-21","2014-03-13","","855f3af801e10218","2041-12-08","","","Porto Alegre"
"LIC-LIC-01","Telefonica Brasil S.a.","50409146366","010","105802021","534232353","ESTRADA JOÃO DE OLIVEIRA REMIÃO EM FRENTE AO 2001 (ESQ AV SANTOS DIAS DA SILVA)","PROPRIO - BRT(MOVEL)","RS","4314902","100MG7W","NR","SA-NSA","","3450","3450","15","FB","","","760","168242103257","16.8","23.8","65","0","X","35","168242103257","200","-30.09297","-51.12937","G","2024-10-21","2000-09-06","","855f3af801e1021f","2041-12-08","","","Porto Alegre"
"LIC-LIC-01","Telefonica Brasil S.a.","50409146366","010","105802021","534232353","ESTRADA JOÃO DE OLIVEIRA REMIÃO EM FRENTE AO 2001 (ESQ AV SANTOS DIAS DA SILVA)","PROPRIO - BRT(MOVEL)","RS","4314902","100MG7W","NR","SA-NSA","","3450","3450","130","FB","","","760","168242103257","16.8","23.8","65","0","X","35","168242103257","200","-30.09297","-51.12937","G","2024-10-21","2000-09-06","","855f3af801e10222","2041-12-08","","","Porto Alegre"
"LIC-LIC-01","Telefonica Brasil S.a.","50409146366","010","105802021","534232353","ESTRADA JOÃO DE OLIVEIRA REMIÃO EM FRENTE AO 2001 (ESQ AV SANTOS DIAS DA SILVA)","PROPRIO - BRT(MOVEL)","RS","4314902","100MG7W","NR","SA-NSA","","3450","3450","240","FB","","","760","168242103257","16.8","23.8","65","0","X","2","168242103257","200","-30.09297","-51.12937","G","2024-10-21","2000-09-06","","855f3af801e10225","2041-12-08","","","Porto Alegre"
"LIC-LIC-01","Telefonica Brasil S.a.","50409146366","010","105802021","699873916","RUA DOUTOR MURTINHO    355","","RS","4314902","100MG7W","NR","SA-NSA","","3450","3450","100","FB","","","760","168242103257","16.8","23.8","65","0","X","21","168242103257","200","-30.04215","-51.15728","G","2024-12-16","2014-04-02","","bc4d3af802fe400f","2041-12-08","","","Porto Alegre"
"LIC-LIC-01","Telefonica Brasil S.a.","50409146366","010","105802021","699873916","RUA DOUTOR MURTINHO    355","","RS","4314902","100MG7W","NR","SA-NSA","","3450","3450","200","FB","","","760","168242103257","16.8","23.8","65","0","X","21","168242103257","200","-30.04215","-51.15728","G","2024-12-16","2014-04-02","","bc4d3af802fe4010","2041-12-08","","","Porto Alegre"
"LIC-LIC-01","Telefonica Brasil S.a.","50409146366","010","105802021","699873916","RUA DOUTOR MURTINHO    355","","RS","4314902","100MG7W","NR","SA-NSA","","3450","3450","350","FB","","","760","168242103257","16.8","23.8","65","0","X","21","168242103257","200","-30.04215","-51.15728","G","2024-12-16","2014-04-02","","bc4d3af802fe4011","2041-12-08","","","Porto Alegre"
"LIC-LIC-01","Telefonica Brasil S.a.","50409146366","010","105802021","1015814228","AREA DE TERRAS SITUADA NO LUGAR DENOMINADO COSTA DO CERRO (ESTR. JAQUES DA ROSA    Nº 1824)","","RS","4314902","100MG7W","NR","SA-NSA","","3450","3450","40","FB","","","760","168242103257","16.8","23.8","65","0","X","45","168242103257","200","-30.20104","-51.13622","G","2024-10-21","2024-05-20","","bc4d3af802fe4027","2041-12-08","","","Porto Alegre"
"LIC-LIC-01","Telefonica Brasil S.a.","50409146366","010","105802021","1015814228","AREA DE TERRAS SITUADA NO LUGAR DENOMINADO COSTA DO CERRO (ESTR. JAQUES DA ROSA    Nº 1824)","","RS","4314902","100MG7W","NR","SA-NSA","","3450","3450","140","FB","","","760","168242103257","16.8","23.8","65","0","X","45","168242103257","200","-30.20104","-51.13622","G","2024-10-21","2024-05-20","","bc4d3af802fe4028","2041-12-08","","","Porto Alegre"
"LIC-LIC-01","Telefonica Brasil S.a.","50409146366","010","105802021","1015814228","AREA DE TERRAS SITUADA NO LUGAR DENOMINADO COSTA DO CERRO (ESTR. JAQUES DA ROSA    Nº 1824)","","RS","4314902","100MG7W","NR","SA-NSA","","3450","3450","240","FB","","","760","168242103257","16.8","23.8","65","0","X","45","168242103257","200","-30.20104","-51.13622","G","2024-10-21","2024-05-20","","bc4d3af802fe4029","2041-12-08","","","Porto Alegre"
"LIC-LIC-01","Telefonica Brasil S.a.","50409146366","010","105802021","687687349","RUA URUGUAI N°: 300 ( CONDOMÍNIO DA LOJA VIVO )","PROPRIO","RS","4314902","100MG7W","NR","SA-NSA","","3450","3450","50","FB","","","760","116652103257","25","23","60","-6","X","66","116652103257","200","-30.02933","-51.2285","G","2024-10-21","2006-01-02","","bc4d3af802fe4103","2041-12-08","","","Porto Alegre"
"LIC-LIC-01","Telefonica Brasil S.a.","50409146366","010","105802021","687687349","RUA URUGUAI N°: 300 ( CONDOMÍNIO DA LOJA VIVO )","PROPRIO","RS","4314902","100MG7W","NR","SA-NSA","","3450","3450","140","FB","","","760","116652103257","25","23","60","-6","X","68","116652103257","200","-30.02933","-51.2285","G","2024-10-21","2006-01-02","","bc4d3af802fe4104","2041-12-08","","","Porto Alegre"
"LIC-LIC-01","Telefonica Brasil S.a.","50409146366","010","105802021","687687349","RUA URUGUAI N°: 300 ( CONDOMÍNIO DA LOJA VIVO )","PROPRIO","RS","4314902","100MG7W","NR","SA-NSA","","3450","3450","240","FB","","","760","116652103257","25","23","60","-6","X","68","116652103257","200","-30.02933","-51.2285","G","2024-10-21","2006-01-02","","bc4d3af802fe4105","2041-12-08","","","Porto Alegre"
"LIC-LIC-01","Telefonica Brasil S.a.","50409146366","010","105802021","535651252","RUA DO BOSQUE    AO LADO DO 65","PROPRIO","RS","4314902","100MG7W","NR","SA-NSA","","3450","3450","60","FB","","","760","168242103257","16.8","23.8","65","0","X","33","168242103257","200","-29.98755","-51.09534","G","2024-10-21","2000-10-26","","bc4d3af802fe413c","2041-12-08","","","Porto Alegre"
"LIC-LIC-01","Telefonica Brasil S.a.","50409146366","010","105802021","535651252","RUA DO BOSQUE    AO LADO DO 65","PROPRIO","RS","4314902","100MG7W","NR","SA-NSA","","3450","3450","160","FB","","","760","168242103257","16.8","23.8","65","0","X","33","168242103257","200","-29.98755","-51.09534","G","2024-10-21","2000-10-26","","bc4d3af802fe413d","2041-12-08","","","Porto Alegre"
"LIC-LIC-01","Telefonica Brasil S.a.","50409146366","010","105802021","535651252","RUA DO BOSQUE    AO LADO DO 65","PROPRIO","RS","4314902","100MG7W","NR","SA-NSA","","3450","3450","260","FB","","","760","168242103257","16.8","23.8","65","0","X","33","168242103257","200","-29.98755","-51.09534","G","2024-10-21","2000-10-26","","bc4d3af802fe413e","2041-12-08","","","Porto Alegre"
"LIC-LIC-01","Telefonica Brasil S.a.","50409146366","010","105802021","699874157","RUA VENTOS DO SUL    480","","RS","4314902","100MG7W","NR","SA-NSA","","3450","3450","140","FB","","","760","168242103257","16.8","23.8","65","0","X","20","168242103257","200","-30.12682","-51.20599","G","2024-12-16","2014-04-02","","bc4d3af802fe4153","2041-12-08","","","Porto Alegre"
"LIC-LIC-01","Telefonica Brasil S.a.","50409146366","010","105802021","699874157","RUA VENTOS DO SUL    480","","RS","4314902","100MG7W","NR","SA-NSA","","3450","3450","250","FB","","","760","168242103257","16.8","23.8","65","0","X","30","168242103257","200","-30.12682","-51.20599","G","2024-12-16","2014-04-02","","bc4d3af802fe4154","2041-12-08","","","Porto Alegre"
"LIC-LIC-01","Telefonica Brasil S.a.","50409146366","010","105802021","699874157","RUA VENTOS DO SUL    480","","RS","4314902","100MG7W","NR","SA-NSA","","3450","3450","350","FB","","","760","168242103257","16.8","23.8","65","0","X","20","168242103257","200","-30.12682","-51.20599","G","2024-12-16","2014-04-02","","bc4d3af802fe4155","2041-12-08","","","Porto Alegre"
"LIC-LIC-01","TIM S A","50409314250","010","105812021","659026716","Avenida Assis Brasil","","RS","4314902","100MG7W","NR","SA-NSA","","3550","3550","30","FB","","","760","116672103257","25","25","65","-3","X","36.5","116672103257","200","-30.010028","-51.154","G","2024-10-02","2002-09-18","","c29a3648f5e130bc","2041-12-08","","","Porto Alegre"
"LIC-LIC-01","TIM S A","50409314250","010","105812021","659026716","Avenida Assis Brasil","","RS","4314902","100MG7W","NR","SA-NSA","","3550","3550","130","FB","","","760","116672103257","25","25","65","-3","X","36.5","116672103257","200","-30.010028","-51.154","G","2024-10-02","2002-09-18","","c29a3648f5e130bd","2041-12-08","","","Porto Alegre"
"LIC-LIC-01","TIM S A","50409314250","010","105812021","659026716","Avenida Assis Brasil","","RS","4314902","100MG7W","NR","SA-NSA","","3550","3550","260","FB","","","760","116672103257","25","25","65","-4","X","36.5","116672103257","200","-30.010028","-51.154","G","2024-10-02","2002-09-18","","c29a3648f5e130be","2041-12-08","","","Porto Alegre"
"LIC-LIC-01","TIM S A","50409314250","010","105812021","1015097755","RUA GENERAL RONDON","23.0","RS","4314902","100MG7W","NR","SA-NSA","","3550","3550","0","FB","","","760","168242103257","23.8","25","65","-4","X","40","168242103257","200","-30.103472","-51.246222","G","2024-10-02","2023-07-21","","4d6b6ae8036b85a6","2041-12-08","","","Porto Alegre"
"LIC-LIC-01","TIM S A","50409314250","010","105812021","1015097755","RUA GENERAL RONDON","23.0","RS","4314902","100MG7W","NR","SA-NSA","","3550","3550","120","FB","","","760","168242103257","23.8","25","65","-4","X","40","168242103257","200","-30.103472","-51.246222","G","2024-10-02","2023-07-21","","4d6b6ae8036b85a7","2041-12-08","","","Porto Alegre"
"LIC-LIC-01","TIM S A","50409314250","010","105812021","1015097755","RUA GENERAL RONDON","23.0","RS","4314902","100MG7W","NR","SA-NSA","","3550","3550","240","FB","","","760","168242103257","23.8","25","65","-4","X","40","168242103257","200","-30.103472","-51.246222","G","2024-10-02","2023-07-21","","4d6b6ae8036b85a8","2041-12-08","","","Porto Alegre"
"LIC-LIC-01","TIM S A","50409314250","010","105812021","686893719","ESTRADA DO ESPIGAO","","RS","4314902","100MG7W","NR","SA-NSA","","3550","3550","190","FB","","","760","116672103257","25","25","65","-4","X","40","116672103257","200","-30.202667","-51.055306","G","2024-10-25","2005-06-10","","86173af803d3fb66","2041-12-08","","","Porto Alegre"
"LIC-LIC-01","TIM S A","50409314250","010","105812021","686893719","ESTRADA DO ESPIGAO","","RS","4314902","100MG7W","NR","SA-NSA","","3550","3550","250","FB","","","760","116672103257","25","25","65","-4","X","40","116672103257","200","-30.202667","-51.055306","G","2024-10-25","2005-06-10","","86173af803d3fb67","2041-12-08","","","Porto Alegre"
"LIC-LIC-01","TIM S A","50409314250","010","105812021","686893719","ESTRADA DO ESPIGAO","","RS","4314902","100MG7W","NR","SA-NSA","","3550","3550","40","FB","","","760","116672103257","25","25","65","-4","X","40","116672103257","200","-30.202667","-51.055306","G","2024-10-25","2005-06-10","","86173af803d3fb68","2041-12-08","","","Porto Alegre"
"LIC-LIC-01","TIM S A","50409314250","010","105812021","686894103","AVENIDA SERRARIA","","RS","4314902","100MG7W","NR","SA-NSA","","3550","3550","210","FB","","","760","116672103257","25","25","65","-4","X","40","116672103257","200","-30.176427","-51.213451","G","2024-10-25","2005-06-10","","86173af803d3fb8a","2041-12-08","","","Porto Alegre"
"LIC-LIC-01","TIM S A","50409314250","010","105812021","686894103","AVENIDA SERRARIA","","RS","4314902","100MG7W","NR","SA-NSA","","3550","3550","330","FB","","","760","116672103257","25","25","65","-4","X","40","116672103257","200","-30.176427","-51.213451","G","2024-10-25","2005-06-10","","86173af803d3fb8b","2041-12-08","","","Porto Alegre"
"LIC-LIC-01","TIM S A","50409314250","010","105812021","686894103","AVENIDA SERRARIA","","RS","4314902","100MG7W","NR","SA-NSA","","3550","3550","90","FB","","","760","116672103257","25","25","65","-4","X","40","116672103257","200","-30.176427","-51.213451","G","2024-10-25","2005-06-10","","86173af803d3fb8c","2041-12-08","","","Porto Alegre"
"LIC-LIC-01","TIM S A","50409314250","010","105812021","1013199712","AVENIDA DAS INDUSTRIAS 275","AQUISITADO","RS","4314902","100MG7W","NR","SA-NSA","","3550","3550","0","FB","","","760","100462102519","25","25","65","-4","X","19","100462102519","200","-29.984905","-51.157883","G","2024-12-19","2022-06-21","","86173af803d3fba2","2041-12-08","","","Porto Alegre"
"LIC-LIC-01","TIM S A","50409314250","010","105812021","1013199712","AVENIDA DAS INDUSTRIAS 275","AQUISITADO","RS","4314902","100MG7W","NR","SA-NSA","","3550","3550","110","FB","","","760","100462102519","25","25","65","-4","X","19","100462102519","200","-29.984905","-51.157883","G","2024-12-19","2022-06-21","","86173af803d3fba3","2041-12-08","","","Porto Alegre"
"LIC-LIC-01","TIM S A","50409314250","010","105812021","1013199712","AVENIDA DAS INDUSTRIAS 275","AQUISITADO","RS","4314902","100MG7W","NR","SA-NSA","","3550","3550","225","FB","","","760","100462102519","25","25","65","-4","X","19","100462102519","200","-29.984905","-51.157883","G","2024-12-19","2022-06-21","","86173af803d3fba4","2041-12-08","","","Porto Alegre"
"LIC-LIC-01","TIM S A","50409314250","010","105812021","1013199720","RUA CORONEL FEIJO 749","AQUISITADO","RS","4314902","100MG7W","NR","SA-NSA","","3550","3550","135","FB","","","760","100462102519","25","25","65","-4","X","42","100462102519","200","-30.01539","-51.18183","G","2024-12-19","2022-06-21","","86173af803d3fbba","2041-12-08","","","Porto Alegre"
"LIC-LIC-01","TIM S A","50409314250","010","105812021","1013199720","RUA CORONEL FEIJO 749","AQUISITADO","RS","4314902","100MG7W","NR","SA-NSA","","3550","3550","290","FB","","","760","100462102519","25","25","65","-4","X","42","100462102519","200","-30.01539","-51.18183","G","2024-12-19","2022-06-21","","86173af803d3fbbb","2041-12-08","","","Porto Alegre"
"LIC-LIC-01","TIM S A","50409314250","010","105812021","1013199720","RUA CORONEL FEIJO 749","AQUISITADO","RS","4314902","100MG7W","NR","SA-NSA","","3550","3550","340","FB","","","760","100462102519","25","25","65","-4","X","42","100462102519","200","-30.01539","-51.18183","G","2024-12-19","2022-06-21","","86173af803d3fbbc","2041-12-08","","","Porto Alegre"
"LIC-LIC-01","TIM S A","50409314250","010","105812021","1013199755","AVENIDA BRASIL 404","","RS","4314902","100MG7W","NR","SA-NSA","","3550","3550","210","FB","","","760","116672103257","25","25","65","-4","X","32","116672103257","200","-30.00442","-51.20319","G","2024-10-25","2022-06-21","","86173af803d3fbc9","2041-12-08","","","Porto Alegre"
"LIC-LIC-01","TIM S A","50409314250","010","105812021","1013199755","AVENIDA BRASIL 404","","RS","4314902","100MG7W","NR","SA-NSA","","3550","3550","350","FB","","","760","116672103257","25","25","65","-4","X","32","116672103257","200","-30.00442","-51.20319","G","2024-10-25","2022-06-21","","86173af803d3fbca","2041-12-08","","","Porto Alegre"
"LIC-LIC-01","TIM S A","50409314250","010","105812021","1013199755","AVENIDA BRASIL 404","","RS","4314902","100MG7W","NR","SA-NSA","","3550","3550","90","FB","","","760","116672103257","25","25","65","-4","X","32","116672103257","200","-30.00442","-51.20319","G","2024-10-25","2022-06-21","","86173af803d3fbcb","2041-12-08","","","Porto Alegre"
"LIC-LIC-01","TIM S A","50409314250","010","105812021","1013199704","AVENIDA NOVA YORK 558","","RS","4314902","100MG7W","NR","SA-NSA","","3550","3550","140","FB","","","760","116672103257","25","25","65","-4","X","25","116672103257","200","-30.01705","-51.19573","G","2024-10-25","2022-06-21","","2a433af802bc53e2","2041-12-08","","","Porto Alegre"
"LIC-LIC-01","TIM S A","50409314250","010","105812021","1013199704","AVENIDA NOVA YORK 558","","RS","4314902","100MG7W","NR","SA-NSA","","3550","3550","220","FB","","","760","116672103257","25","25","65","-4","X","25","116672103257","200","-30.01705","-51.19573","G","2024-10-25","2022-06-21","","2a433af802bc53e3","2041-12-08","","","Porto Alegre"
"LIC-LIC-01","TIM S A","50409314250","010","105812021","1013199704","AVENIDA NOVA YORK 558","","RS","4314902","100MG7W","NR","SA-NSA","","3550","3550","315","FB","","","760","116672103257","25","25","65","-4","X","25","116672103257","200","-30.01705","-51.19573","G","2024-10-25","2022-06-21","","2a433af802bc53e4","2041-12-08","","","Porto Alegre"
"LIC-LIC-01","TIM S A","50409314250","010","105812021","1013191495","RUA LINDOLFO COLLOR 20","","RS","4314902","100MG7W","NR","SA-NSA","","3550","3550","155","FB","","","760","116672103257","25","25","65","-4","X","34","116672103257","200","-30.071194","-51.212861","G","2024-10-25","2022-06-17","","2a433af802bc53f7","2041-12-08","","","Porto Alegre"
"LIC-LIC-01","TIM S A","50409314250","010","105812021","1013191495","RUA LINDOLFO COLLOR 20","","RS","4314902","100MG7W","NR","SA-NSA","","3550","3550","230","FB","","","760","116672103257","25","25","65","-4","X","34","116672103257","200","-30.071194","-51.212861","G","2024-10-25","2022-06-17","","2a433af802bc53f8","2041-12-08","","","Porto Alegre"
"LIC-LIC-01","TIM S A","50409314250","010","105812021","1013191495","RUA LINDOLFO COLLOR 20","","RS","4314902","100MG7W","NR","SA-NSA","","3550","3550","350","FB","","","760","116672103257","25","25","65","-4","X","34","116672103257","200","-30.071194","-51.212861","G","2024-10-25","2022-06-17","","2a433af802bc53f9","2041-12-08","","","Porto Alegre"
"LIC-LIC-01","TIM S A","50409314250","010","105812021","1013191487","RUA REPUBLICA 541","","RS","4314902","100MG7W","NR","SA-NSA","","3550","3550","150","FB","","","760","116672103257","25","25","65","-4","X","44","116672103257","200","-30.0395","-51.22483","G","2024-10-25","2022-06-17","","2a433af802bc540c","2041-12-08","","","Porto Alegre"
"LIC-LIC-01","TIM S A","50409314250","010","105812021","1013191487","RUA REPUBLICA 541","","RS","4314902","100MG7W","NR","SA-NSA","","3550","3550","30","FB","","","760","116672103257","25","25","65","-4","X","44","116672103257","200","-30.0395","-51.22483","G","2024-10-25","2022-06-17","","2a433af802bc540d","2041-12-08","","","Porto Alegre"
"LIC-LIC-01","TIM S A","50409314250","010","105812021","1013191487","RUA REPUBLICA 541","","RS","4314902","100MG7W","NR","SA-NSA","","3550","3550","300","FB","","","760","116672103257","25","25","65","-4","X","44","116672103257","200","-30.0395","-51.22483","G","2024-10-25","2022-06-17","","2a433af802bc540e","2041-12-08","","","Porto Alegre"
"LIC-LIC-01","TIM S A","50409314250","010","105812021","1013199739","RUA PROF. JOÃO DE SOUZA RIBEIRO    859","","RS","4314902","100MG7W","NR","SA-NSA","","3550","3550","15","FB","","","760","116672103257","25","25","65","-4","X","37.7","116672103257","200","-29.979376","-51.189987","G","2024-10-25","2022-06-21","","2a433af802bc5421","2041-12-08","","","Porto Alegre"
"LIC-LIC-01","TIM S A","50409314250","010","105812021","1013199739","RUA PROF. JOÃO DE SOUZA RIBEIRO    859","","RS","4314902","100MG7W","NR","SA-NSA","","3550","3550","250","FB","","","760","116672103257","25","25","65","-4","X","37.7","116672103257","200","-29.979376","-51.189987","G","2024-10-25","2022-06-21","","2a433af802bc5422","2041-12-08","","","Porto Alegre"
"LIC-LIC-01","TIM S A","50409314250","010","105812021","1013199739","RUA PROF. JOÃO DE SOUZA RIBEIRO    859","","RS","4314902","100MG7W","NR","SA-NSA","","3550","3550","45","FB","","","760","116672103257","25","25","65","-4","X","37.7","116672103257","200","-29.979376","-51.189987","G","2024-10-25","2022-06-21","","2a433af802bc5423","2041-12-08","","","Porto Alegre"
"LIC-LIC-01","TIM S A","50409314250","010","105812021","1013191460","AVENIDA CORONEL GASTAO HASLOCHER MAZERON 75","","RS","4314902","100MG7W","NR","SA-NSA","","3550","3550","0","FB","","","760","116672103257","25","25","65","-4","X","28","116672103257","200","-30.061433","-51.214611","G","2024-10-25","2022-06-17","","2a433af802bc5436","2041-12-08","","","Porto Alegre"
"LIC-LIC-01","TIM S A","50409314250","010","105812021","1013191460","AVENIDA CORONEL GASTAO HASLOCHER MAZERON 75","","RS","4314902","100MG7W","NR","SA-NSA","","3550","3550","120","FB","","","760","116672103257","25","25","65","-4","X","28","116672103257","200","-30.061433","-51.214611","G","2024-10-25","2022-06-17","","2a433af802bc5437","2041-12-08","","","Porto Alegre"
"LIC-LIC-01","TIM S A","50409314250","010","105812021","1013191460","AVENIDA CORONEL GASTAO HASLOCHER MAZERON 75","","RS","4314902","100MG7W","NR","SA-NSA","","3550","3550","240","FB","","","760","116672103257","25","25","65","-4","X","28","116672103257","200","-30.061433","-51.214611","G","2024-10-25","2022-06-17","","2a433af802bc5438","2041-12-08","","","Porto Alegre"
"LIC-LIC-01","TIM S A","50409314250","010","105812021","1013191533","RUA CRICIUMA","","RS","4314902","100MG7W","NR","SA-NSA","","3550","3550","100","FB","","","760","116672103257","25","25","65","-4","X","11.8","116672103257","200","-30.158111","-51.223389","G","2024-10-25","2022-06-17","","2a433af802bc5448","2041-12-08","","","Porto Alegre"
"LIC-LIC-01","TIM S A","50409314250","010","105812021","1013191533","RUA CRICIUMA","","RS","4314902","100MG7W","NR","SA-NSA","","3550","3550","20","FB","","","760","116672103257","25","25","65","-4","X","11.8","116672103257","200","-30.158111","-51.223389","G","2024-10-25","2022-06-17","","2a433af802bc5449","2041-12-08","","","Porto Alegre"
"LIC-LIC-01","TIM S A","50409314250","010","105812021","1013191533","RUA CRICIUMA","","RS","4314902","100MG7W","NR","SA-NSA","","3550","3550","250","FB","","","760","116672103257","25","25","65","-4","X","11.8","116672103257","200","-30.158111","-51.223389","G","2024-10-25","2022-06-17","","2a433af802bc544a","2041-12-08","","","Porto Alegre"
"LIC-LIC-01","TIM S A","50409314250","010","105812021","1013199771","RUA DOUTOR CARLOS WALAU 09","","RS","4314902","100MG7W","NR","SA-NSA","","3550","3550","170","FB","","","760","116672103257","25","25","65","-4","X","17","116672103257","200","-30.001","-51.15981","G","2024-10-25","2022-06-21","","2a433af802bc545a","2041-12-08","","","Porto Alegre"
"LIC-LIC-01","TIM S A","50409314250","010","105812021","1013199771","RUA DOUTOR CARLOS WALAU 09","","RS","4314902","100MG7W","NR","SA-NSA","","3550","3550","290","FB","","","760","116672103257","25","25","65","-4","X","17","116672103257","200","-30.001","-51.15981","G","2024-10-25","2022-06-21","","2a433af802bc545b","2041-12-08","","","Porto Alegre"
"LIC-LIC-01","TIM S A","50409314250","010","105812021","1013199771","RUA DOUTOR CARLOS WALAU 09","","RS","4314902","100MG7W","NR","SA-NSA","","3550","3550","50","FB","","","760","116672103257","25","25","65","-4","X","17","116672103257","200","-30.001","-51.15981","G","2024-10-25","2022-06-21","","2a433af802bc545c","2041-12-08","","","Porto Alegre"
"LIC-LIC-01","TIM S A","50409314250","010","105812021","1013199801","ESTRADA RETIRO DA PONTA GROSSA 1314","","RS","4314902","100MG7W","NR","SA-NSA","","3550","3550","100","FB","","","760","116672103257","25","25","65","-4","X","35","116672103257","200","-30.18233","-51.18964","G","2024-10-25","2022-06-21","","2a433af802bc5469","2041-12-08","","","Porto Alegre"
"LIC-LIC-01","TIM S A","50409314250","010","105812021","1013199801","ESTRADA RETIRO DA PONTA GROSSA 1314","","RS","4314902","100MG7W","NR","SA-NSA","","3550","3550","210","FB","","","760","116672103257","25","25","65","-4","X","35","116672103257","200","-30.18233","-51.18964","G","2024-10-25","2022-06-21","","2a433af802bc546a","2041-12-08","","","Porto Alegre"
"LIC-LIC-01","TIM S A","50409314250","010","105812021","1013199801","ESTRADA RETIRO DA PONTA GROSSA 1314","","RS","4314902","100MG7W","NR","SA-NSA","","3550","3550","40","FB","","","760","116672103257","25","25","65","-4","X","35","116672103257","200","-30.18233","-51.18964","G","2024-10-25","2022-06-21","","2a433af802bc546b","2041-12-08","","","Porto Alegre"
"LIC-LIC-01","TIM S A","50409314250","010","105812021","1013191568","AVENIDA CRISTIANO KRAEMER 5124","","RS","4314902","100MG7W","NR","SA-NSA","","3550","3550","220","FB","","","760","116672103257","25","25","65","-4","X","20","116672103257","200","-30.14708","-51.20367","G","2024-10-25","2022-06-17","","2a433af802bc547b","2041-12-08","","","Porto Alegre"
"LIC-LIC-01","TIM S A","50409314250","010","105812021","1013191568","AVENIDA CRISTIANO KRAEMER 5124","","RS","4314902","100MG7W","NR","SA-NSA","","3550","3550","30","FB","","","760","116672103257","25","25","65","-4","X","20","116672103257","200","-30.14708","-51.20367","G","2024-10-25","2022-06-17","","2a433af802bc547c","2041-12-08","","","Porto Alegre"
"LIC-LIC-01","TIM S A","50409314250","010","105812021","1013191568","AVENIDA CRISTIANO KRAEMER 5124","","RS","4314902","100MG7W","NR","SA-NSA","","3550","3550","335","FB","","","760","116672103257","25","25","65","-4","X","20","116672103257","200","-30.14708","-51.20367","G","2024-10-25","2022-06-17","","2a433af802bc547d","2041-12-08","","","Porto Alegre"
"LIC-LIC-01","TIM S A","50409314250","010","105812021","1013199810","RUA CRUZEIRO DO SUL 2323","","RS","4314902","100MG7W","NR","SA-NSA","","3550","3550","100","FB","","","760","116672103257","25","25","65","-4","X","34","116672103257","200","-30.08097","-51.22861","G","2024-10-25","2022-06-21","","2a433af802bc5493","2041-12-08","","","Porto Alegre"
"LIC-LIC-01","TIM S A","50409314250","010","105812021","1013199810","RUA CRUZEIRO DO SUL 2323","","RS","4314902","100MG7W","NR","SA-NSA","","3550","3550","230","FB","","","760","116672103257","25","25","65","-4","X","34","116672103257","200","-30.08097","-51.22861","G","2024-10-25","2022-06-21","","2a433af802bc5494","2041-12-08","","","Porto Alegre"
"LIC-LIC-01","TIM S A","50409314250","010","105812021","1013199810","RUA CRUZEIRO DO SUL 2323","","RS","4314902","100MG7W","NR","SA-NSA","","3550","3550","300","FB","","","760","116672103257","25","25","65","-4","X","34","116672103257","200","-30.08097","-51.22861","G","2024-10-25","2022-06-21","","2a433af802bc5495","2041-12-08","","","Porto Alegre"
"LIC-LIC-01","TIM S A","50409314250","010","105812021","1013199836","RUA GENERAL BENTO MARTINS 24","","RS","4314902","100MG7W","NR","SA-NSA","","3550","3550","160","FB","","","760","116672103257","25","25","65","-4","X","47","116672103257","200","-30.03044","-51.23583","G","2024-10-25","2022-06-21","","2a433af802bc54a2","2041-12-08","","","Porto Alegre"
"LIC-LIC-01","TIM S A","50409314250","010","105812021","1013199836","RUA GENERAL BENTO MARTINS 24","","RS","4314902","100MG7W","NR","SA-NSA","","3550","3550","250","FB","","","760","116672103257","25","25","65","-4","X","47","116672103257","200","-30.03044","-51.23583","G","2024-10-25","2022-06-21","","2a433af802bc54a3","2041-12-08","","","Porto Alegre"
"LIC-LIC-01","TIM S A","50409314250","010","105812021","1013199836","RUA GENERAL BENTO MARTINS 24","","RS","4314902","100MG7W","NR","SA-NSA","","3550","3550","50","FB","","","760","116672103257","25","25","65","-4","X","47","116672103257","200","-30.03044","-51.23583","G","2024-10-25","2022-06-21","","2a433af802bc54a4","2041-12-08","","","Porto Alegre"
"LIC-LIC-01","TIM S A","50409314250","010","105812021","1013191517","RUA DEROCY GIACOMO DA SILVA 30","","RS","4314902","100MG7W","NR","SA-NSA","","3550","3550","0","FB","","","760","116672103257","25","25","65","-4","X","20","116672103257","200","-30.12592","-51.21094","G","2024-10-25","2022-06-17","","2a433af802bc54b7","2041-12-08","","","Porto Alegre"
"LIC-LIC-01","TIM S A","50409314250","010","105812021","1013191517","RUA DEROCY GIACOMO DA SILVA 30","","RS","4314902","100MG7W","NR","SA-NSA","","3550","3550","115","FB","","","760","116672103257","25","25","65","-4","X","20","116672103257","200","-30.12592","-51.21094","G","2024-10-25","2022-06-17","","2a433af802bc54b8","2041-12-08","","","Porto Alegre"
"LIC-LIC-01","TIM S A","50409314250","010","105812021","1013191517","RUA DEROCY GIACOMO DA SILVA 30","","RS","4314902","100MG7W","NR","SA-NSA","","3550","3550","250","FB","","","760","116672103257","25","25","65","-4","X","20","116672103257","200","-30.12592","-51.21094","G","2024-10-25","2022-06-17","","2a433af802bc54b9","2041-12-08","","","Porto Alegre"
"LIC-LIC-01","TIM S A","50409314250","010","105812021","1013191479","RUA MARIO TOTTA 2850","","RS","4314902","100MG7W","NR","SA-NSA","","3550","3550","150","FB","","","760","116672103257","25","25","65","-4","X","20","116672103257","200","-30.10678","-51.23299","G","2024-10-25","2022-06-17","","2a433af802bc54cc","2041-12-08","","","Porto Alegre"
"LIC-LIC-01","TIM S A","50409314250","010","105812021","1013191479","RUA MARIO TOTTA 2850","","RS","4314902","100MG7W","NR","SA-NSA","","3550","3550","300","FB","","","760","116672103257","25","25","65","-4","X","20","116672103257","200","-30.10678","-51.23299","G","2024-10-25","2022-06-17","","2a433af802bc54cd","2041-12-08","","","Porto Alegre"
"LIC-LIC-01","TIM S A","50409314250","010","105812021","1013191479","RUA MARIO TOTTA 2850","","RS","4314902","100MG7W","NR","SA-NSA","","3550","3550","70","FB","","","760","116672103257","25","25","65","-4","X","20","116672103257","200","-30.10678","-51.23299","G","2024-10-25","2022-06-17","","2a433af802bc54ce","2041-12-08","","","Porto Alegre"
"LIC-LIC-01","TIM S A","50409314250","010","105812021","1013191541","AVENIDA JOAO PESSOA 453","","RS","4314902","100MG7W","NR","SA-NSA","","3550","3550","0","FB","","","760","116672103257","25","25","65","-4","X","47.5","116672103257","200","-30.03628","-51.22067","G","2024-10-25","2022-06-17","","2a433af802bc54de","2041-12-08","","","Porto Alegre"
"LIC-LIC-01","TIM S A","50409314250","010","105812021","1013191541","AVENIDA JOAO PESSOA 453","","RS","4314902","100MG7W","NR","SA-NSA","","3550","3550","150","FB","","","760","116672103257","25","25","65","-4","X","47.5","116672103257","200","-30.03628","-51.22067","G","2024-10-25","2022-06-17","","2a433af802bc54df","2041-12-08","","","Porto Alegre"
"LIC-LIC-01","TIM S A","50409314250","010","105812021","1013191541","AVENIDA JOAO PESSOA 453","","RS","4314902","100MG7W","NR","SA-NSA","","3550","3550","240","FB","","","760","116672103257","25","25","65","-4","X","47.5","116672103257","200","-30.03628","-51.22067","G","2024-10-25","2022-06-17","","2a433af802bc54e0","2041-12-08","","","Porto Alegre"
"LIC-LIC-01","TIM S A","50409314250","010","105812021","1013191550","RUA VENTOS DO SUL","","RS","4314902","100MG7W","NR","SA-NSA","","3550","3550","120","FB","","","760","116672103257","25","25","65","-4","X","6","116672103257","200","-30.126778","-51.205917","G","2024-10-25","2022-06-17","","2a433af802bc54f0","2041-12-08","","","Porto Alegre"
"LIC-LIC-01","TIM S A","50409314250","010","105812021","1013191550","RUA VENTOS DO SUL","","RS","4314902","100MG7W","NR","SA-NSA","","3550","3550","210","FB","","","760","116672103257","25","25","65","-4","X","6","116672103257","200","-30.126778","-51.205917","G","2024-10-25","2022-06-17","","2a433af802bc54f1","2041-12-08","","","Porto Alegre"
"LIC-LIC-01","TIM S A","50409314250","010","105812021","1013191550","RUA VENTOS DO SUL","","RS","4314902","100MG7W","NR","SA-NSA","","3550","3550","50","FB","","","760","116672103257","25","25","65","-4","X","6","116672103257","200","-30.126778","-51.205917","G","2024-10-25","2022-06-17","","2a433af802bc54f2","2041-12-08","","","Porto Alegre"
"LIC-LIC-01","TIM S A","50409314250","010","105812021","1013200125","RUA BERNARDO TCHERNIN 155","","RS","4314902","100MG7W","NR","SA-NSA","","3550","3550","220","FB","","","760","116672103257","25","25","65","-4","X","15","116672103257","200","-30.1526","-51.14928","G","2024-10-25","2022-06-21","","2a433af802bc5502","2041-12-08","","","Porto Alegre"
"LIC-LIC-01","TIM S A","50409314250","010","105812021","1013200125","RUA BERNARDO TCHERNIN 155","","RS","4314902","100MG7W","NR","SA-NSA","","3550","3550","350","FB","","","760","116672103257","25","25","65","-4","X","15","116672103257","200","-30.1526","-51.14928","G","2024-10-25","2022-06-21","","2a433af802bc5503","2041-12-08","","","Porto Alegre"
"LIC-LIC-01","TIM S A","50409314250","010","105812021","1013200125","RUA BERNARDO TCHERNIN 155","","RS","4314902","100MG7W","NR","SA-NSA","","3550","3550","90","FB","","","760","116672103257","25","25","65","-4","X","15","116672103257","200","-30.1526","-51.14928","G","2024-10-25","2022-06-21","","2a433af802bc5504","2041-12-08","","","Porto Alegre"
"LIC-LIC-01","TIM S A","50409314250","010","105812021","1013199852","RUA EDGAR PIRES DE CASTRO","","RS","4314902","100MG7W","NR","SA-NSA","","3550","3550","170","FB","","","760","116672103257","25","25","65","-4","X","49","116672103257","200","-30.156139","-51.171833","G","2024-10-25","2022-06-21","","2a433af802bc5517","2041-12-08","","","Porto Alegre"
"LIC-LIC-01","TIM S A","50409314250","010","105812021","1013199852","RUA EDGAR PIRES DE CASTRO","","RS","4314902","100MG7W","NR","SA-NSA","","3550","3550","260","FB","","","760","116672103257","25","25","65","-4","X","49","116672103257","200","-30.156139","-51.171833","G","2024-10-25","2022-06-21","","2a433af802bc5518","2041-12-08","","","Porto Alegre"
"LIC-LIC-01","TIM S A","50409314250","010","105812021","1013199852","RUA EDGAR PIRES DE CASTRO","","RS","4314902","100MG7W","NR","SA-NSA","","3550","3550","70","FB","","","760","116672103257","25","25","65","-4","X","49","116672103257","200","-30.156139","-51.171833","G","2024-10-25","2022-06-21","","2a433af802bc5519","2041-12-08","","","Porto Alegre"
"LIC-LIC-01","TIM S A","50409314250","010","105812021","1013199917","AVENIDA ASSIS BRASIL 2611 BOURBON SHOPPING WALLIG","","RS","4314902","100MG7W","NR","SA-NSA","","3550","3550","0","FB","","","760","116672103257","25","25","65","-4","X","3.5","116672103257","200","-30.011752","-51.160611","G","2024-10-25","2022-06-21","","2a433af802bc5529","2041-12-08","","","Porto Alegre"
"LIC-LIC-01","TIM S A","50409314250","010","105812021","1013199925","AVENIDA SENADOR SALGADO FILHO    49","","RS","4314902","100MG7W","NR","SA-NSA","","3550","3550","10","FB","","","760","116672103257","25","25","65","-4","X","40","116672103257","200","-30.031027","-51.226959","G","2024-10-25","2022-06-21","","2a433af802bc553c","2041-12-08","","","Porto Alegre"
"LIC-LIC-01","TIM S A","50409314250","010","105812021","1013199925","AVENIDA SENADOR SALGADO FILHO    49","","RS","4314902","100MG7W","NR","SA-NSA","","3550","3550","150","FB","","","760","116672103257","25","25","65","-4","X","40","116672103257","200","-30.031027","-51.226959","G","2024-10-25","2022-06-21","","2a433af802bc553d","2041-12-08","","","Porto Alegre"
"LIC-LIC-01","TIM S A","50409314250","010","105812021","1013199925","AVENIDA SENADOR SALGADO FILHO    49","","RS","4314902","100MG7W","NR","SA-NSA","","3550","3550","80","FB","","","760","116672103257","25","25","65","-4","X","40","116672103257","200","-30.031027","-51.226959","G","2024-10-25","2022-06-21","","2a433af802bc553e","2041-12-08","","","Porto Alegre"
"LIC-LIC-01","TIM S A","50409314250","010","105812021","1014817371","AVENIDA ORFANOTROFIO 555 UNIRITTER","","RS","4314902","100MG7W","NR","SA-NSA","","3550","3550","0","FB","","","760","116672103257","25","25","65","-4","X","40","116672103257","200","-30.079944","-51.219667","G","2024-10-25","2023-04-04","","2a433af802bc5548","2041-12-08","","","Porto Alegre"
"LIC-LIC-01","TIM S A","50409314250","010","105812021","1014817371","AVENIDA ORFANOTROFIO 555 UNIRITTER","","RS","4314902","100MG7W","NR","SA-NSA","","3550","3550","120","FB","","","760","116672103257","25","25","65","-4","X","40","116672103257","200","-30.079944","-51.219667","G","2024-10-25","2023-04-04","","2a433af802bc5549","2041-12-08","","","Porto Alegre"
"LIC-LIC-01","TIM S A","50409314250","010","105812021","1014817371","AVENIDA ORFANOTROFIO 555 UNIRITTER","","RS","4314902","100MG7W","NR","SA-NSA","","3550","3550","240","FB","","","760","116672103257","25","25","65","-4","X","40","116672103257","200","-30.079944","-51.219667","G","2024-10-25","2023-04-04","","2a433af802bc554a","2041-12-08","","","Porto Alegre"
"LIC-LIC-01","TIM S A","50409314250","010","105812021","1015439575","RUA DA VÁRZEA","","RS","4314902","100MG7W","NR","SA-NSA","","3550","3550","0","FB","","","760","116672103257","25","25","65","-4","X","40","116672103257","200","-30.00425","-51.163417","G","2024-10-25","2023-11-06","","2a433af802bc5557","2041-12-08","","","Porto Alegre"
"LIC-LIC-01","TIM S A","50409314250","010","105812021","1015439575","RUA DA VÁRZEA","","RS","4314902","100MG7W","NR","SA-NSA","","3550","3550","120","FB","","","760","116672103257","25","25","65","-4","X","40","116672103257","200","-30.00425","-51.163417","G","2024-10-25","2023-11-06","","2a433af802bc5558","2041-12-08","","","Porto Alegre"
"LIC-LIC-01","TIM S A","50409314250","010","105812021","1015439575","RUA DA VÁRZEA","","RS","4314902","100MG7W","NR","SA-NSA","","3550","3550","240","FB","","","760","116672103257","25","25","65","-4","X","40","116672103257","200","-30.00425","-51.163417","G","2024-10-25","2023-11-06","","2a433af802bc5559","2041-12-08","","","Porto Alegre"
"LIC-LIC-01","TIM S A","50409314250","010","105812021","1015050961","RUA PROF BERNADETH DA ROCHA JACKLE","","RS","4314902","100MG7W","NR","SA-NSA","","3550","3550","0","FB","","","760","116672103257","25","25","65","-4","X","40","116672103257","200","-30.090611","-51.133694","G","2024-10-25","2023-07-13","","2a433af802bc5563","2041-12-08","","","Porto Alegre"
"LIC-LIC-01","TIM S A","50409314250","010","105812021","1015050961","RUA PROF BERNADETH DA ROCHA JACKLE","","RS","4314902","100MG7W","NR","SA-NSA","","3550","3550","120","FB","","","760","116672103257","25","25","65","-4","X","40","116672103257","200","-30.090611","-51.133694","G","2024-10-25","2023-07-13","","2a433af802bc5564","2041-12-08","","","Porto Alegre"
"LIC-LIC-01","TIM S A","50409314250","010","105812021","1015050961","RUA PROF BERNADETH DA ROCHA JACKLE","","RS","4314902","100MG7W","NR","SA-NSA","","3550","3550","240","FB","","","760","116672103257","25","25","65","-4","X","40","116672103257","200","-30.090611","-51.133694","G","2024-10-25","2023-07-13","","2a433af802bc5565","2041-12-08","","","Porto Alegre"
"LIC-LIC-01","TIM S A","50409314250","010","105812021","1015012687","AVENIDA BENTO GONÇALVES","","RS","4314902","100MG7W","NR","SA-NSA","","3550","3550","0","FB","","","760","116672103257","25","25","65","-4","X","26.5","116672103257","200","-30.050278","-51.211944","G","2024-10-25","2023-06-30","","2a433af802bc5572","2041-12-08","","","Porto Alegre"
"LIC-LIC-01","TIM S A","50409314250","010","105812021","1015012687","AVENIDA BENTO GONÇALVES","","RS","4314902","100MG7W","NR","SA-NSA","","3550","3550","120","FB","","","760","116672103257","25","25","65","-4","X","26.5","116672103257","200","-30.050278","-51.211944","G","2024-10-25","2023-06-30","","2a433af802bc5573","2041-12-08","","","Porto Alegre"
"LIC-LIC-01","TIM S A","50409314250","010","105812021","1015012687","AVENIDA BENTO GONÇALVES","","RS","4314902","100MG7W","NR","SA-NSA","","3550","3550","240","FB","","","760","116672103257","25","25","65","-4","X","26.5","116672103257","200","-30.050278","-51.211944","G","2024-10-25","2023-06-30","","2a433af802bc5574","2041-12-08","","","Porto Alegre"
"LIC-LIC-01","TIM S A","50409314250","010","105812021","684818450","ESTRADA FRANCISCO DE OLIVEIRA VIEIRA","","RS","4314902","100MG7W","NR","SA-NSA","","3550","3550","0","FB","","","760","116672103257","25","25","65","-4","X","40","116672103257","200","-30.205833","-51.169833","G","2024-10-25","2004-10-27","","2a433af8035c3534","2041-12-08","","","Porto Alegre"
"LIC-LIC-01","TIM S A","50409314250","010","105812021","684818450","ESTRADA FRANCISCO DE OLIVEIRA VIEIRA","","RS","4314902","100MG7W","NR","SA-NSA","","3550","3550","180","FB","","","760","116672103257","25","25","65","-4","X","40","116672103257","200","-30.205833","-51.169833","G","2024-10-25","2004-10-27","","2a433af8035c3535","2041-12-08","","","Porto Alegre"
"LIC-LIC-01","TIM S A","50409314250","010","105812021","684818450","ESTRADA FRANCISCO DE OLIVEIRA VIEIRA","","RS","4314902","100MG7W","NR","SA-NSA","","3550","3550","240","FB","","","760","116672103257","25","25","65","-4","X","40","116672103257","200","-30.205833","-51.169833","G","2024-10-25","2004-10-27","","2a433af8035c3536","2041-12-08","","","Porto Alegre"
"LIC-LIC-01","TIM S A","50409314250","010","105812021","695470361","ESTRADA JACQUES DA ROSA","","RS","4314902","100MG7W","NR","SA-NSA","","3550","3550","0","FB","","","760","116672103257","25","25","65","-4","X","50","116672103257","200","-30.201069","-51.136196","G","2024-10-25","2016-02-19","","2a433af8035c3540","2041-12-08","","","Porto Alegre"
"LIC-LIC-01","TIM S A","50409314250","010","105812021","695470361","ESTRADA JACQUES DA ROSA","","RS","4314902","100MG7W","NR","SA-NSA","","3550","3550","120","FB","","","760","116672103257","25","25","65","-4","X","50","116672103257","200","-30.201069","-51.136196","G","2024-10-25","2016-02-19","","2a433af8035c3541","2041-12-08","","","Porto Alegre"
"LIC-LIC-01","TIM S A","50409314250","010","105812021","695470361","ESTRADA JACQUES DA ROSA","","RS","4314902","100MG7W","NR","SA-NSA","","3550","3550","240","FB","","","760","116672103257","25","25","65","-4","X","50","116672103257","200","-30.201069","-51.136196","G","2024-10-25","2016-02-19","","2a433af8035c3542","2041-12-08","","","Porto Alegre"
"LIC-LIC-01","TIM S A","50409314250","010","105812021","1002958099","RUA NARCISA AMALIA","AQUISITADO","RS","4314902","100MG7W","NR","SA-NSA","","3550","3550","135","FB","","","760","116672103257","25","25","65","-4","X","18","116672103257","200","-30.066833","-51.193","G","2024-12-17","2016-06-10","","2a433af8035c354f","2041-12-08","","","Porto Alegre"
"LIC-LIC-01","TIM S A","50409314250","010","105812021","1002958099","RUA NARCISA AMALIA","AQUISITADO","RS","4314902","100MG7W","NR","SA-NSA","","3550","3550","15","FB","","","760","116672103257","25","25","65","-4","X","18","116672103257","200","-30.066833","-51.193","G","2024-12-17","2016-06-10","","2a433af8035c3550","2041-12-08","","","Porto Alegre"
"LIC-LIC-01","TIM S A","50409314250","010","105812021","1002958099","RUA NARCISA AMALIA","AQUISITADO","RS","4314902","100MG7W","NR","SA-NSA","","3550","3550","255","FB","","","760","116672103257","25","25","65","-4","X","18","116672103257","200","-30.066833","-51.193","G","2024-12-17","2016-06-10","","2a433af8035c3551","2041-12-08","","","Porto Alegre"
"LIC-LIC-01","TIM S A","50409314250","010","105812021","1002580169","ESTRADA RETIRO DA PONTA GROSSA","","RS","4314902","100MG7W","NR","SA-NSA","","3550","3550","15","FB","","","760","116672103257","25","25","65","-4","X","44","116672103257","200","-30.177294","-51.18548","G","2024-10-25","2016-02-19","","2a433af8035c3561","2041-12-08","","","Porto Alegre"
"LIC-LIC-01","TIM S A","50409314250","010","105812021","1002580169","ESTRADA RETIRO DA PONTA GROSSA","","RS","4314902","100MG7W","NR","SA-NSA","","3550","3550","155","FB","","","760","116672103257","25","25","65","-4","X","44","116672103257","200","-30.177294","-51.18548","G","2024-10-25","2016-02-19","","2a433af8035c3562","2041-12-08","","","Porto Alegre"
"LIC-LIC-01","TIM S A","50409314250","010","105812021","1002580169","ESTRADA RETIRO DA PONTA GROSSA","","RS","4314902","100MG7W","NR","SA-NSA","","3550","3550","270","FB","","","760","116672103257","25","25","65","-4","X","44","116672103257","200","-30.177294","-51.18548","G","2024-10-25","2016-02-19","","2a433af8035c3563","2041-12-08","","","Porto Alegre"
"LIC-LIC-01","TIM S A","50409314250","010","105812021","686893760","RUA ATÍLIO SUPERTI","","RS","4314902","100MG7W","NR","SA-NSA","","3550","3550","0","FB","","","760","116672103257","25","25","65","-4","X","40","116672103257","200","-30.121968","-51.211498","G","2024-10-25","2005-06-10","","2a433af8035c3582","2041-12-08","","","Porto Alegre"
"LIC-LIC-01","TIM S A","50409314250","010","105812021","686893760","RUA ATÍLIO SUPERTI","","RS","4314902","100MG7W","NR","SA-NSA","","3550","3550","110","FB","","","760","116672103257","25","25","65","-4","X","40","116672103257","200","-30.121968","-51.211498","G","2024-10-25","2005-06-10","","2a433af8035c3583","2041-12-08","","","Porto Alegre"
"LIC-LIC-01","TIM S A","50409314250","010","105812021","686893760","RUA ATÍLIO SUPERTI","","RS","4314902","100MG7W","NR","SA-NSA","","3550","3550","240","FB","","","760","116672103257","25","25","65","-4","X","40","116672103257","200","-30.121968","-51.211498","G","2024-10-25","2005-06-10","","2a433af8035c3584","2041-12-08","","","Porto Alegre"
"LIC-LIC-01","TIM S A","50409314250","010","105812021","1003802629","RUA SÃO JUDAS TADEU","","RS","4314902","100MG7W","NR","SA-NSA","","3550","3550","220","FB","","","760","116672103257","25","25","65","-4","X","40","116672103257","200","-30.12158","-51.102905","G","2024-10-25","2017-02-21","","2a433af8035c35a3","2041-12-08","","","Porto Alegre"
"LIC-LIC-01","TIM S A","50409314250","010","105812021","1003802629","RUA SÃO JUDAS TADEU","","RS","4314902","100MG7W","NR","SA-NSA","","3550","3550","340","FB","","","760","116672103257","25","25","65","-4","X","40","116672103257","200","-30.12158","-51.102905","G","2024-10-25","2017-02-21","","2a433af8035c35a4","2041-12-08","","","Porto Alegre"
"LIC-LIC-01","TIM S A","50409314250","010","105812021","1003802629","RUA SÃO JUDAS TADEU","","RS","4314902","100MG7W","NR","SA-NSA","","3550","3550","70","FB","","","760","116672103257","25","25","65","-4","X","40","116672103257","200","-30.12158","-51.102905","G","2024-10-25","2017-02-21","","2a433af8035c35a5","2041-12-08","","","Porto Alegre"
"LIC-LIC-01","TIM S A","50409314250","010","105812021","683243489","RUA ROBERTO DA SILVA","","RS","4314902","100MG7W","NR","SA-NSA","","3550","3550","110","FB","","","760","116672103257","25","25","65","-4","X","40","116672103257","200","-30.106824","-51.223854","G","2024-10-25","2003-02-24","","2a433af8035c35c1","2041-12-08","","","Porto Alegre"
"LIC-LIC-01","TIM S A","50409314250","010","105812021","683243489","RUA ROBERTO DA SILVA","","RS","4314902","100MG7W","NR","SA-NSA","","3550","3550","250","FB","","","760","116672103257","25","25","65","-4","X","40","116672103257","200","-30.106824","-51.223854","G","2024-10-25","2003-02-24","","2a433af8035c35c2","2041-12-08","","","Porto Alegre"
"LIC-LIC-01","TIM S A","50409314250","010","105812021","683243489","RUA ROBERTO DA SILVA","","RS","4314902","100MG7W","NR","SA-NSA","","3550","3550","340","FB","","","760","116672103257","25","25","65","-4","X","40","116672103257","200","-30.106824","-51.223854","G","2024-10-25","2003-02-24","","2a433af8035c35c3","2041-12-08","","","Porto Alegre"
"LIC-LIC-01","TIM S A","50409314250","010","105812021","674613570","AVENIDA CORONEL MARCOS","","RS","4314902","100MG7W","NR","SA-NSA","","3550","3550","0","FB","","","760","116672103257","25","25","65","-4","X","55","116672103257","200","-30.131639","-51.236","G","2024-10-25","2002-09-18","","2a433af8035c35df","2041-12-08","","","Porto Alegre"
"LIC-LIC-01","TIM S A","50409314250","010","105812021","674613570","AVENIDA CORONEL MARCOS","","RS","4314902","100MG7W","NR","SA-NSA","","3550","3550","120","FB","","","760","116672103257","25","25","65","-4","X","55","116672103257","200","-30.131639","-51.236","G","2024-10-25","2002-09-18","","2a433af8035c35e0","2041-12-08","","","Porto Alegre"
"LIC-LIC-01","TIM S A","50409314250","010","105812021","674613570","AVENIDA CORONEL MARCOS","","RS","4314902","100MG7W","NR","SA-NSA","","3550","3550","240","FB","","","760","116672103257","25","25","65","-4","X","55","116672103257","200","-30.131639","-51.236","G","2024-10-25","2002-09-18","","2a433af8035c35e1","2041-12-08","","","Porto Alegre"
"LIC-LIC-01","TIM S A","50409314250","010","105812021","682715298","DOS CHARRUAS","","RS","4314902","100MG7W","NR","SA-NSA","","3550","3550","110","FB","","","760","116672103257","25","25","65","-4","X","50.5","116672103257","200","-30.147326","-51.221965","G","2024-10-25","2002-09-18","","2a433af8035c35fc","2041-12-08","","","Porto Alegre"
"LIC-LIC-01","TIM S A","50409314250","010","105812021","682715298","DOS CHARRUAS","","RS","4314902","100MG7W","NR","SA-NSA","","3550","3550","220","FB","","","760","116672103257","25","25","65","-4","X","50.5","116672103257","200","-30.147326","-51.221965","G","2024-10-25","2002-09-18","","2a433af8035c35fd","2041-12-08","","","Porto Alegre"
"LIC-LIC-01","TIM S A","50409314250","010","105812021","682715298","DOS CHARRUAS","","RS","4314902","100MG7W","NR","SA-NSA","","3550","3550","340","FB","","","760","116672103257","25","25","65","-4","X","50.5","116672103257","200","-30.147326","-51.221965","G","2024-10-25","2002-09-18","","2a433af8035c35fe","2041-12-08","","","Porto Alegre"
"LIC-LIC-01","TIM S A","50409314250","010","105812021","1013199070","RUA SEM NOME","","RS","4314902","100MG7W","NR","SA-NSA","","3550","3550","100","FB","","","760","116672103257","25","25","65","-4","X","20","116672103257","200","-29.99014","-51.201111","G","2024-10-25","2022-06-21","","2a433af8035c3617","2041-12-08","","","Porto Alegre"
"LIC-LIC-01","TIM S A","50409314250","010","105812021","1013199070","RUA SEM NOME","","RS","4314902","100MG7W","NR","SA-NSA","","3550","3550","160","FB","","","760","116672103257","25","25","65","-4","X","20","116672103257","200","-29.99014","-51.201111","G","2024-10-25","2022-06-21","","2a433af8035c3618","2041-12-08","","","Porto Alegre"
"LIC-LIC-01","TIM S A","50409314250","010","105812021","1013199070","RUA SEM NOME","","RS","4314902","100MG7W","NR","SA-NSA","","3550","3550","30","FB","","","760","116672103257","25","25","65","-4","X","20","116672103257","200","-29.99014","-51.201111","G","2024-10-25","2022-06-21","","2a433af8035c3619","2041-12-08","","","Porto Alegre"
"LIC-LIC-01","TIM S A","50409314250","010","105812021","1013200060","AVENIDA CEL MARCOS 163","","RS","4314902","100MG7W","NR","SA-NSA","","3550","3550","0","FB","","","760","116672103257","25","25","65","-4","X","16","116672103257","200","-30.12332","-51.25442","G","2024-10-25","2022-06-21","","2a433af8035c362c","2041-12-08","","","Porto Alegre"
"LIC-LIC-01","TIM S A","50409314250","010","105812021","1013200060","AVENIDA CEL MARCOS 163","","RS","4314902","100MG7W","NR","SA-NSA","","3550","3550","120","FB","","","760","116672103257","25","25","65","-4","X","16","116672103257","200","-30.12332","-51.25442","G","2024-10-25","2022-06-21","","2a433af8035c362d","2041-12-08","","","Porto Alegre"
"LIC-LIC-01","TIM S A","50409314250","010","105812021","1013200060","AVENIDA CEL MARCOS 163","","RS","4314902","100MG7W","NR","SA-NSA","","3550","3550","240","FB","","","760","116672103257","25","25","65","-4","X","16","116672103257","200","-30.12332","-51.25442","G","2024-10-25","2022-06-21","","2a433af8035c362e","2041-12-08","","","Porto Alegre"
"LIC-LIC-01","TIM S A","50409314250","010","105812021","1013199089","AVENIDA DOS ESTADOS 1909 HOTEL DEVILLE","","RS","4314902","100MG7W","NR","SA-NSA","","3550","3550","160","FB","","","760","116672103257","25","25","65","-4","X","33","116672103257","200","-29.98061","-51.17789","G","2024-10-25","2022-06-21","","2a433af8035c3644","2041-12-08","","","Porto Alegre"
"LIC-LIC-01","TIM S A","50409314250","010","105812021","1013199089","AVENIDA DOS ESTADOS 1909 HOTEL DEVILLE","","RS","4314902","100MG7W","NR","SA-NSA","","3550","3550","260","FB","","","760","116672103257","25","25","65","-4","X","33","116672103257","200","-29.98061","-51.17789","G","2024-10-25","2022-06-21","","2a433af8035c3645","2041-12-08","","","Porto Alegre"
"LIC-LIC-01","TIM S A","50409314250","010","105812021","1013199089","AVENIDA DOS ESTADOS 1909 HOTEL DEVILLE","","RS","4314902","100MG7W","NR","SA-NSA","","3550","3550","60","FB","","","760","116672103257","25","25","65","-4","X","33","116672103257","200","-29.98061","-51.17789","G","2024-10-25","2022-06-21","","2a433af8035c3646","2041-12-08","","","Porto Alegre"
"LIC-LIC-01","TIM S A","50409314250","010","105812021","1013199097","AVENIDA CEL APARICIO BORGES 2531","","RS","4314902","100MG7W","NR","SA-NSA","","3550","3550","180","FB","","","760","116672103257","25","25","65","-4","X","29","116672103257","200","-30.065389","-51.186222","G","2024-10-25","2022-06-21","","2a433af803759924","2041-12-08","","","Porto Alegre"
"LIC-LIC-01","TIM S A","50409314250","010","105812021","1013199097","AVENIDA CEL APARICIO BORGES 2531","","RS","4314902","100MG7W","NR","SA-NSA","","3550","3550","240","FB","","","760","116672103257","25","25","65","-4","X","29","116672103257","200","-30.065389","-51.186222","G","2024-10-25","2022-06-21","","2a433af803759925","2041-12-08","","","Porto Alegre"
"LIC-LIC-01","TIM S A","50409314250","010","105812021","1013199097","AVENIDA CEL APARICIO BORGES 2531","","RS","4314902","100MG7W","NR","SA-NSA","","3550","3550","320","FB","","","760","116672103257","25","25","65","-4","X","29","116672103257","200","-30.065389","-51.186222","G","2024-10-25","2022-06-21","","2a433af803759926","2041-12-08","","","Porto Alegre"
"LIC-LIC-01","TIM S A","50409314250","010","105812021","1013199127","RUA CASEMIRO DE ABREU 690","","RS","4314902","100MG7W","NR","SA-NSA","","3550","3550","110","FB","","","760","116672103257","25","25","65","-4","X","42.5","116672103257","200","-30.032333","-51.201444","G","2024-10-25","2022-06-21","","2a433af803759933","2041-12-08","","","Porto Alegre"
"LIC-LIC-01","TIM S A","50409314250","010","105812021","1013199127","RUA CASEMIRO DE ABREU 690","","RS","4314902","100MG7W","NR","SA-NSA","","3550","3550","180","FB","","","760","116672103257","25","25","65","-4","X","42.5","116672103257","200","-30.032333","-51.201444","G","2024-10-25","2022-06-21","","2a433af803759934","2041-12-08","","","Porto Alegre"
"LIC-LIC-01","TIM S A","50409314250","010","105812021","1013199127","RUA CASEMIRO DE ABREU 690","","RS","4314902","100MG7W","NR","SA-NSA","","3550","3550","330","FB","","","760","116672103257","25","25","65","-4","X","42.5","116672103257","200","-30.032333","-51.201444","G","2024-10-25","2022-06-21","","2a433af803759935","2041-12-08","","","Porto Alegre"
"LIC-LIC-01","TIM S A","50409314250","010","105812021","1013199143","AVENIDA PLINIO KROEFF 1560","","RS","4314902","100MG7W","NR","SA-NSA","","3550","3550","0","FB","","","760","116672103257","25","25","65","-4","X","22","116672103257","200","-29.99825","-51.11486","G","2024-10-25","2022-06-21","","2a433af80375994b","2041-12-08","","","Porto Alegre"
"LIC-LIC-01","TIM S A","50409314250","010","105812021","1013199143","AVENIDA PLINIO KROEFF 1560","","RS","4314902","100MG7W","NR","SA-NSA","","3550","3550","120","FB","","","760","116672103257","25","25","65","-4","X","22","116672103257","200","-29.99825","-51.11486","G","2024-10-25","2022-06-21","","2a433af80375994c","2041-12-08","","","Porto Alegre"
"LIC-LIC-01","TIM S A","50409314250","010","105812021","1013199143","AVENIDA PLINIO KROEFF 1560","","RS","4314902","100MG7W","NR","SA-NSA","","3550","3550","240","FB","","","760","116672103257","25","25","65","-4","X","22","116672103257","200","-29.99825","-51.11486","G","2024-10-25","2022-06-21","","2a433af80375994d","2041-12-08","","","Porto Alegre"
"LIC-LIC-01","TIM S A","50409314250","010","105812021","1013199151","RUA VLADIMIR HERZOG 799","","RS","4314902","100MG7W","NR","SA-NSA","","3550","3550","170","FB","","","760","116672103257","25","25","65","-4","X","21","116672103257","200","-30.04906","-51.14924","G","2024-10-25","2022-06-21","","2a433af803759963","2041-12-08","","","Porto Alegre"
"LIC-LIC-01","TIM S A","50409314250","010","105812021","1013199151","RUA VLADIMIR HERZOG 799","","RS","4314902","100MG7W","NR","SA-NSA","","3550","3550","270","FB","","","760","116672103257","25","25","65","-4","X","21","116672103257","200","-30.04906","-51.14924","G","2024-10-25","2022-06-21","","2a433af803759964","2041-12-08","","","Porto Alegre"
"LIC-LIC-01","TIM S A","50409314250","010","105812021","1013199151","RUA VLADIMIR HERZOG 799","","RS","4314902","100MG7W","NR","SA-NSA","","3550","3550","30","FB","","","760","116672103257","25","25","65","-4","X","21","116672103257","200","-30.04906","-51.14924","G","2024-10-25","2022-06-21","","2a433af803759965","2041-12-08","","","Porto Alegre"
"LIC-LIC-01","TIM S A","50409314250","010","105812021","1013199160","ESTRADA CHAPÉU DO SOL","","RS","4314902","100MG7W","NR","SA-NSA","","3550","3550","10","FB","","","760","116672103257","25","25","65","-4","X","20","116672103257","200","-30.189667","-51.162389","G","2024-10-25","2022-06-21","","2a433af803759978","2041-12-08","","","Porto Alegre"
"LIC-LIC-01","TIM S A","50409314250","010","105812021","1013199160","ESTRADA CHAPÉU DO SOL","","RS","4314902","100MG7W","NR","SA-NSA","","3550","3550","220","FB","","","760","116672103257","25","25","65","-4","X","20","116672103257","200","-30.189667","-51.162389","G","2024-10-25","2022-06-21","","2a433af803759979","2041-12-08","","","Porto Alegre"
"LIC-LIC-01","TIM S A","50409314250","010","105812021","1013199160","ESTRADA CHAPÉU DO SOL","","RS","4314902","100MG7W","NR","SA-NSA","","3550","3550","300","FB","","","760","116672103257","25","25","65","-4","X","20","116672103257","200","-30.189667","-51.162389","G","2024-10-25","2022-06-21","","2a433af80375997a","2041-12-08","","","Porto Alegre"
"LIC-LIC-01","TIM S A","50409314250","010","105812021","1013199208","AVENIDA BALTAZAR DE OLIVEIRA GARCIA 2570","","RS","4314902","100MG7W","NR","SA-NSA","","3550","3550","0","FB","","","760","116672103257","25","25","65","-4","X","16","116672103257","200","-30.01463","-51.11977","G","2024-10-25","2022-06-21","","2a433af803759990","2041-12-08","","","Porto Alegre"
"LIC-LIC-01","TIM S A","50409314250","010","105812021","1013199208","AVENIDA BALTAZAR DE OLIVEIRA GARCIA 2570","","RS","4314902","100MG7W","NR","SA-NSA","","3550","3550","100","FB","","","760","116672103257","25","25","65","-4","X","16","116672103257","200","-30.01463","-51.11977","G","2024-10-25","2022-06-21","","2a433af803759991","2041-12-08","","","Porto Alegre"
"LIC-LIC-01","TIM S A","50409314250","010","105812021","1013199208","AVENIDA BALTAZAR DE OLIVEIRA GARCIA 2570","","RS","4314902","100MG7W","NR","SA-NSA","","3550","3550","200","FB","","","760","116672103257","25","25","65","-4","X","16","116672103257","200","-30.01463","-51.11977","G","2024-10-25","2022-06-21","","2a433af803759992","2041-12-08","","","Porto Alegre"
"LIC-LIC-01","TIM S A","50409314250","010","105812021","1013199224","RUA LINDOLFO HENKE 230","","RS","4314902","100MG7W","NR","SA-NSA","","3550","3550","120","FB","","","760","116672103257","25","25","65","-4","X","2.7","116672103257","200","-30.0043","-51.128","G","2024-10-25","2022-06-21","","2a433af8037599a5","2041-12-08","","","Porto Alegre"
"LIC-LIC-01","TIM S A","50409314250","010","105812021","1013199224","RUA LINDOLFO HENKE 230","","RS","4314902","100MG7W","NR","SA-NSA","","3550","3550","330","FB","","","760","116672103257","25","25","65","-4","X","2.7","116672103257","200","-30.0043","-51.128","G","2024-10-25","2022-06-21","","2a433af8037599a6","2041-12-08","","","Porto Alegre"
"LIC-LIC-01","TIM S A","50409314250","010","105812021","1013199224","RUA LINDOLFO HENKE 230","","RS","4314902","100MG7W","NR","SA-NSA","","3550","3550","60","FB","","","760","116672103257","25","25","65","-4","X","2.7","116672103257","200","-30.0043","-51.128","G","2024-10-25","2022-06-21","","2a433af8037599a7","2041-12-08","","","Porto Alegre"
"LIC-LIC-01","TIM S A","50409314250","010","105812021","1013199232","RUA CATUMBI 339","","RS","4314902","100MG7W","NR","SA-NSA","","3550","3550","210","FB","","","760","116672103257","25","25","65","-4","X","20","116672103257","200","-30.07353","-51.21201","G","2024-10-25","2022-06-21","","2a433af8037599b4","2041-12-08","","","Porto Alegre"
"LIC-LIC-01","TIM S A","50409314250","010","105812021","1013199232","RUA CATUMBI 339","","RS","4314902","100MG7W","NR","SA-NSA","","3550","3550","300","FB","","","760","116672103257","25","25","65","-4","X","20","116672103257","200","-30.07353","-51.21201","G","2024-10-25","2022-06-21","","2a433af8037599b5","2041-12-08","","","Porto Alegre"
"LIC-LIC-01","TIM S A","50409314250","010","105812021","1013199232","RUA CATUMBI 339","","RS","4314902","100MG7W","NR","SA-NSA","","3550","3550","60","FB","","","760","116672103257","25","25","65","-4","X","20","116672103257","200","-30.07353","-51.21201","G","2024-10-25","2022-06-21","","2a433af8037599b6","2041-12-08","","","Porto Alegre"
"LIC-LIC-01","TIM S A","50409314250","010","105812021","1013199240","RUA PORTO BELLO 35","","RS","4314902","100MG7W","NR","SA-NSA","","3550","3550","0","FB","","","760","116672103257","25","25","65","-4","X","45","116672103257","200","-30.01808","-51.14339","G","2024-10-25","2022-06-21","","2a433af8037599c9","2041-12-08","","","Porto Alegre"
"LIC-LIC-01","TIM S A","50409314250","010","105812021","1013199240","RUA PORTO BELLO 35","","RS","4314902","100MG7W","NR","SA-NSA","","3550","3550","120","FB","","","760","116672103257","25","25","65","-4","X","45","116672103257","200","-30.01808","-51.14339","G","2024-10-25","2022-06-21","","2a433af8037599ca","2041-12-08","","","Porto Alegre"
"LIC-LIC-01","TIM S A","50409314250","010","105812021","1013199240","RUA PORTO BELLO 35","","RS","4314902","100MG7W","NR","SA-NSA","","3550","3550","240","FB","","","760","116672103257","25","25","65","-4","X","45","116672103257","200","-30.01808","-51.14339","G","2024-10-25","2022-06-21","","2a433af8037599cb","2041-12-08","","","Porto Alegre"
"LIC-LIC-01","TIM S A","50409314250","010","105812021","1013199283","AVENIDA JACUI 903","","RS","4314902","100MG7W","NR","SA-NSA","","3550","3550","130","FB","","","760","116672103257","25","25","65","-4","X","6","116672103257","200","-30.07914","-51.23875","G","2024-10-25","2022-06-21","","2a433af8037599d8","2041-12-08","","","Porto Alegre"
"LIC-LIC-01","TIM S A","50409314250","010","105812021","1013199283","AVENIDA JACUI 903","","RS","4314902","100MG7W","NR","SA-NSA","","3550","3550","330","FB","","","760","116672103257","25","25","65","-4","X","6","116672103257","200","-30.07914","-51.23875","G","2024-10-25","2022-06-21","","2a433af8037599d9","2041-12-08","","","Porto Alegre"
"LIC-LIC-01","TIM S A","50409314250","010","105812021","1013199283","AVENIDA JACUI 903","","RS","4314902","100MG7W","NR","SA-NSA","","3550","3550","40","FB","","","760","116672103257","25","25","65","-4","X","6","116672103257","200","-30.07914","-51.23875","G","2024-10-25","2022-06-21","","2a433af8037599da","2041-12-08","","","Porto Alegre"
"LIC-LIC-01","TIM S A","50409314250","010","105812021","1013199313","ESTRADA MARTIM FELIX BERTA 1305","","RS","4314902","100MG7W","NR","SA-NSA","","3550","3550","10","FB","","","760","116672103257","25","25","65","-4","X","17","116672103257","200","-30.02875","-51.10739","G","2024-10-25","2022-06-21","","2a433af8037599ea","2041-12-08","","","Porto Alegre"
"LIC-LIC-01","TIM S A","50409314250","010","105812021","1013199313","ESTRADA MARTIM FELIX BERTA 1305","","RS","4314902","100MG7W","NR","SA-NSA","","3550","3550","115","FB","","","760","116672103257","25","25","65","-4","X","17","116672103257","200","-30.02875","-51.10739","G","2024-10-25","2022-06-21","","2a433af8037599eb","2041-12-08","","","Porto Alegre"
"LIC-LIC-01","TIM S A","50409314250","010","105812021","1013199313","ESTRADA MARTIM FELIX BERTA 1305","","RS","4314902","100MG7W","NR","SA-NSA","","3550","3550","210","FB","","","760","116672103257","25","25","65","-4","X","17","116672103257","200","-30.02875","-51.10739","G","2024-10-25","2022-06-21","","2a433af8037599ec","2041-12-08","","","Porto Alegre"
"LIC-LIC-01","TIM S A","50409314250","010","105812021","1013199321","RUA PROF CRISTIANO FISCHER 180","","RS","4314902","100MG7W","NR","SA-NSA","","3550","3550","0","FB","","","760","116672103257","25","25","65","-4","X","35","116672103257","200","-30.04159","-51.17138","G","2024-10-25","2022-06-21","","2a433af8037599ff","2041-12-08","","","Porto Alegre"
"LIC-LIC-01","TIM S A","50409314250","010","105812021","1013199321","RUA PROF CRISTIANO FISCHER 180","","RS","4314902","100MG7W","NR","SA-NSA","","3550","3550","100","FB","","","760","116672103257","25","25","65","-4","X","35","116672103257","200","-30.04159","-51.17138","G","2024-10-25","2022-06-21","","2a433af803759a00","2041-12-08","","","Porto Alegre"
"LIC-LIC-01","TIM S A","50409314250","010","105812021","1013199321","RUA PROF CRISTIANO FISCHER 180","","RS","4314902","100MG7W","NR","SA-NSA","","3550","3550","231","FB","","","760","116672103257","25","25","65","-4","X","35","116672103257","200","-30.04159","-51.17138","G","2024-10-25","2022-06-21","","2a433af803759a01","2041-12-08","","","Porto Alegre"
"LIC-LIC-01","TIM S A","50409314250","010","105812021","1013199330","AVENIDA PROTASIO ALVES 8453","","RS","4314902","100MG7W","NR","SA-NSA","","3550","3550","0","FB","","","760","116672103257","25","25","65","-4","X","25","116672103257","200","-30.04031","-51.12681","G","2024-10-25","2022-06-21","","2a433af803759a0e","2041-12-08","","","Porto Alegre"
"LIC-LIC-01","TIM S A","50409314250","010","105812021","1013199330","AVENIDA PROTASIO ALVES 8453","","RS","4314902","100MG7W","NR","SA-NSA","","3550","3550","100","FB","","","760","116672103257","25","25","65","-4","X","25","116672103257","200","-30.04031","-51.12681","G","2024-10-25","2022-06-21","","2a433af803759a0f","2041-12-08","","","Porto Alegre"
"LIC-LIC-01","TIM S A","50409314250","010","105812021","1013199330","AVENIDA PROTASIO ALVES 8453","","RS","4314902","100MG7W","NR","SA-NSA","","3550","3550","180","FB","","","760","116672103257","25","25","65","-4","X","25","116672103257","200","-30.04031","-51.12681","G","2024-10-25","2022-06-21","","2a433af803759a10","2041-12-08","","","Porto Alegre"
"LIC-LIC-01","TIM S A","50409314250","010","105812021","1013199410","AVENIDA ASSIS BRASIL 6679","","RS","4314902","100MG7W","NR","SA-NSA","","3550","3550","0","FB","","","760","116672103257","25","25","65","-4","X","28","116672103257","200","-29.99329","-51.12777","G","2024-10-25","2022-06-21","","2a433af803759a23","2041-12-08","","","Porto Alegre"
"LIC-LIC-01","TIM S A","50409314250","010","105812021","1013199410","AVENIDA ASSIS BRASIL 6679","","RS","4314902","100MG7W","NR","SA-NSA","","3550","3550","130","FB","","","760","116672103257","25","25","65","-4","X","28","116672103257","200","-29.99329","-51.12777","G","2024-10-25","2022-06-21","","2a433af803759a24","2041-12-08","","","Porto Alegre"
"LIC-LIC-01","TIM S A","50409314250","010","105812021","1013199410","AVENIDA ASSIS BRASIL 6679","","RS","4314902","100MG7W","NR","SA-NSA","","3550","3550","220","FB","","","760","116672103257","25","25","65","-4","X","28","116672103257","200","-29.99329","-51.12777","G","2024-10-25","2022-06-21","","2a433af803759a25","2041-12-08","","","Porto Alegre"
"LIC-LIC-01","TIM S A","50409314250","010","105812021","1013199453","RUA CAPITAO PEDRO WERLANG 100","","RS","4314902","100MG7W","NR","SA-NSA","","3550","3550","0","FB","","","760","116672103257","25","25","65","-4","X","35","116672103257","200","-30.06442","-51.15167","G","2024-10-25","2022-06-21","","2a433af803759a38","2041-12-08","","","Porto Alegre"
"LIC-LIC-01","TIM S A","50409314250","010","105812021","1013199453","RUA CAPITAO PEDRO WERLANG 100","","RS","4314902","100MG7W","NR","SA-NSA","","3550","3550","140","FB","","","760","116672103257","25","25","65","-4","X","35","116672103257","200","-30.06442","-51.15167","G","2024-10-25","2022-06-21","","2a433af803759a39","2041-12-08","","","Porto Alegre"
"LIC-LIC-01","TIM S A","50409314250","010","105812021","1013199453","RUA CAPITAO PEDRO WERLANG 100","","RS","4314902","100MG7W","NR","SA-NSA","","3550","3550","250","FB","","","760","116672103257","25","25","65","-4","X","35","116672103257","200","-30.06442","-51.15167","G","2024-10-25","2022-06-21","","2a433af803759a3a","2041-12-08","","","Porto Alegre"
"LIC-LIC-01","TIM S A","50409314250","010","105812021","1013199550","RUA JOAQUIM NABUCO 89","","RS","4314902","100MG7W","NR","SA-NSA","","3550","3550","0","FB","","","760","116672103257","25","25","65","-4","X","25","116672103257","200","-30.04081","-51.21858","G","2024-10-25","2022-06-21","","2a433af803759a4a","2041-12-08","","","Porto Alegre"
"LIC-LIC-01","TIM S A","50409314250","010","105812021","1013199550","RUA JOAQUIM NABUCO 89","","RS","4314902","100MG7W","NR","SA-NSA","","3550","3550","130","FB","","","760","116672103257","25","25","65","-4","X","25","116672103257","200","-30.04081","-51.21858","G","2024-10-25","2022-06-21","","2a433af803759a4b","2041-12-08","","","Porto Alegre"
"LIC-LIC-01","TIM S A","50409314250","010","105812021","1013199550","RUA JOAQUIM NABUCO 89","","RS","4314902","100MG7W","NR","SA-NSA","","3550","3550","240","FB","","","760","116672103257","25","25","65","-4","X","25","116672103257","200","-30.04081","-51.21858","G","2024-10-25","2022-06-21","","2a433af803759a4c","2041-12-08","","","Porto Alegre"
"LIC-LIC-01","TIM S A","50409314250","010","105812021","1013199569","RUA CEARA 330","","RS","4314902","100MG7W","NR","SA-NSA","","3550","3550","0","FB","","","760","116672103257","25","25","65","-4","X","21","116672103257","200","-29.998389","-51.189608","G","2024-10-25","2022-06-21","","2a433af803759a5f","2041-12-08","","","Porto Alegre"
"LIC-LIC-01","TIM S A","50409314250","010","105812021","1013199569","RUA CEARA 330","","RS","4314902","100MG7W","NR","SA-NSA","","3550","3550","150","FB","","","760","116672103257","25","25","65","-4","X","21","116672103257","200","-29.998389","-51.189608","G","2024-10-25","2022-06-21","","2a433af803759a60","2041-12-08","","","Porto Alegre"
"LIC-LIC-01","TIM S A","50409314250","010","105812021","1013199569","RUA CEARA 330","","RS","4314902","100MG7W","NR","SA-NSA","","3550","3550","200","FB","","","760","116672103257","25","25","65","-4","X","21","116672103257","200","-29.998389","-51.189608","G","2024-10-25","2022-06-21","","2a433af803759a61","2041-12-08","","","Porto Alegre"
"LIC-LIC-01","TIM S A","50409314250","010","105812021","1013199577","AVENIDA CAVALHADA 2356","","RS","4314902","100MG7W","NR","SA-NSA","","3550","3550","110","FB","","","760","116672103257","25","25","65","-4","X","29","116672103257","200","-30.09714","-51.23019","G","2024-10-25","2022-06-21","","2a433af803759a71","2041-12-08","","","Porto Alegre"
"LIC-LIC-01","TIM S A","50409314250","010","105812021","1013199577","AVENIDA CAVALHADA 2356","","RS","4314902","100MG7W","NR","SA-NSA","","3550","3550","260","FB","","","760","116672103257","25","25","65","-4","X","29","116672103257","200","-30.09714","-51.23019","G","2024-10-25","2022-06-21","","2a433af803759a72","2041-12-08","","","Porto Alegre"
"LIC-LIC-01","TIM S A","50409314250","010","105812021","1013199577","AVENIDA CAVALHADA 2356","","RS","4314902","100MG7W","NR","SA-NSA","","3550","3550","30","FB","","","760","116672103257","25","25","65","-4","X","29","116672103257","200","-30.09714","-51.23019","G","2024-10-25","2022-06-21","","2a433af803759a73","2041-12-08","","","Porto Alegre"
"LIC-LIC-01","TIM S A","50409314250","010","105812021","1013199585","AVENIDA ENGENHEIRO LUDOLFO BOHEL 205","","RS","4314902","100MG7W","NR","SA-NSA","","3550","3550","155","FB","","","760","116672103257","25","25","65","-4","X","34","116672103257","200","-30.08072","-51.20958","G","2024-10-25","2022-06-21","","2a433af803759a89","2041-12-08","","","Porto Alegre"
"LIC-LIC-01","TIM S A","50409314250","010","105812021","1013199585","AVENIDA ENGENHEIRO LUDOLFO BOHEL 205","","RS","4314902","100MG7W","NR","SA-NSA","","3550","3550","320","FB","","","760","116672103257","25","25","65","-4","X","34","116672103257","200","-30.08072","-51.20958","G","2024-10-25","2022-06-21","","2a433af803759a8a","2041-12-08","","","Porto Alegre"
"LIC-LIC-01","TIM S A","50409314250","010","105812021","1013199585","AVENIDA ENGENHEIRO LUDOLFO BOHEL 205","","RS","4314902","100MG7W","NR","SA-NSA","","3550","3550","80","FB","","","760","116672103257","25","25","65","-4","X","34","116672103257","200","-30.08072","-51.20958","G","2024-10-25","2022-06-21","","2a433af803759a8b","2041-12-08","","","Porto Alegre"
"LIC-LIC-01","TIM S A","50409314250","010","105812021","1013199593","RUA FELIPE DE OLIVEIRA 129","","RS","4314902","100MG7W","NR","SA-NSA","","3550","3550","0","FB","","","760","116672103257","25","25","65","-4","X","33","116672103257","200","-30.04278","-51.20058","G","2024-10-25","2022-06-21","","2a433af803759a98","2041-12-08","","","Porto Alegre"
"LIC-LIC-01","TIM S A","50409314250","010","105812021","1013199593","RUA FELIPE DE OLIVEIRA 129","","RS","4314902","100MG7W","NR","SA-NSA","","3550","3550","130","FB","","","760","116672103257","25","25","65","-4","X","33","116672103257","200","-30.04278","-51.20058","G","2024-10-25","2022-06-21","","2a433af803759a99","2041-12-08","","","Porto Alegre"
"LIC-LIC-01","TIM S A","50409314250","010","105812021","1013199593","RUA FELIPE DE OLIVEIRA 129","","RS","4314902","100MG7W","NR","SA-NSA","","3550","3550","245","FB","","","760","116672103257","25","25","65","-4","X","33","116672103257","200","-30.04278","-51.20058","G","2024-10-25","2022-06-21","","2a433af803759a9a","2041-12-08","","","Porto Alegre"
"LIC-LIC-01","TIM S A","50409314250","010","105812021","1013191444","RUA VEREADOR PORTO 540","","RS","4314902","100MG7W","NR","SA-NSA","","3550","3550","10","FB","","","760","116672103257","25","25","65","-4","X","37.6","116672103257","200","-30.04919","-51.19928","G","2024-10-25","2022-06-17","","2a433af803759aad","2041-12-08","","","Porto Alegre"
"LIC-LIC-01","TIM S A","50409314250","010","105812021","1013191444","RUA VEREADOR PORTO 540","","RS","4314902","100MG7W","NR","SA-NSA","","3550","3550","235","FB","","","760","116672103257","25","25","65","-4","X","37.6","116672103257","200","-30.04919","-51.19928","G","2024-10-25","2022-06-17","","2a433af803759aae","2041-12-08","","","Porto Alegre"
"LIC-LIC-01","TIM S A","50409314250","010","105812021","1013191444","RUA VEREADOR PORTO 540","","RS","4314902","100MG7W","NR","SA-NSA","","3550","3550","95","FB","","","760","116672103257","25","25","65","-4","X","37.6","116672103257","200","-30.04919","-51.19928","G","2024-10-25","2022-06-17","","2a433af803759aaf","2041-12-08","","","Porto Alegre"
"LIC-LIC-01","TIM S A","50409314250","010","105812021","1013199607","AVENIDA VENANCIO AIRES 569","","RS","4314902","100MG7W","NR","SA-NSA","","3550","3550","115","FB","","","760","116672103257","25","25","65","-4","X","2","116672103257","200","-30.03986","-51.21386","G","2024-10-25","2022-06-21","","2a433af803759ac2","2041-12-08","","","Porto Alegre"
"LIC-LIC-01","TIM S A","50409314250","010","105812021","1013199607","AVENIDA VENANCIO AIRES 569","","RS","4314902","100MG7W","NR","SA-NSA","","3550","3550","275","FB","","","760","116672103257","25","25","65","-4","X","2","116672103257","200","-30.03986","-51.21386","G","2024-10-25","2022-06-21","","2a433af803759ac3","2041-12-08","","","Porto Alegre"
"LIC-LIC-01","TIM S A","50409314250","010","105812021","1013199607","AVENIDA VENANCIO AIRES 569","","RS","4314902","100MG7W","NR","SA-NSA","","3550","3550","355","FB","","","760","116672103257","25","25","65","-4","X","2","116672103257","200","-30.03986","-51.21386","G","2024-10-25","2022-06-21","","2a433af803759ac4","2041-12-08","","","Porto Alegre"
"LIC-LIC-01","TIM S A","50409314250","010","105812021","1013199623","AVENIDA SATURNINO DE BRITO 1095","","RS","4314902","100MG7W","NR","SA-NSA","","3550","3550","0","FB","","","760","116672103257","25","25","65","-4","X","26","116672103257","200","-30.03183","-51.15014","G","2024-10-25","2022-06-21","","2a433af803759ad7","2041-12-08","","","Porto Alegre"
"LIC-LIC-01","TIM S A","50409314250","010","105812021","1013199623","AVENIDA SATURNINO DE BRITO 1095","","RS","4314902","100MG7W","NR","SA-NSA","","3550","3550","120","FB","","","760","116672103257","25","25","65","-4","X","26","116672103257","200","-30.03183","-51.15014","G","2024-10-25","2022-06-21","","2a433af803759ad8","2041-12-08","","","Porto Alegre"
"LIC-LIC-01","TIM S A","50409314250","010","105812021","1013199623","AVENIDA SATURNINO DE BRITO 1095","","RS","4314902","100MG7W","NR","SA-NSA","","3550","3550","210","FB","","","760","116672103257","25","25","65","-4","X","26","116672103257","200","-30.03183","-51.15014","G","2024-10-25","2022-06-21","","2a433af803759ad9","2041-12-08","","","Porto Alegre"
"LIC-LIC-01","TIM S A","50409314250","010","105812021","1013199631","RUA GOMES JARDIM 395","","RS","4314902","100MG7W","NR","SA-NSA","","3550","3550","0","FB","","","760","116672103257","25","25","65","-4","X","30","116672103257","200","-30.04708","-51.20658","G","2024-10-25","2022-06-21","","2a433af803759aec","2041-12-08","","","Porto Alegre"
"LIC-LIC-01","TIM S A","50409314250","010","105812021","1013199631","RUA GOMES JARDIM 395","","RS","4314902","100MG7W","NR","SA-NSA","","3550","3550","190","FB","","","760","116672103257","25","25","65","-4","X","30","116672103257","200","-30.04708","-51.20658","G","2024-10-25","2022-06-21","","2a433af803759aed","2041-12-08","","","Porto Alegre"
"LIC-LIC-01","TIM S A","50409314250","010","105812021","1013199631","RUA GOMES JARDIM 395","","RS","4314902","100MG7W","NR","SA-NSA","","3550","3550","90","FB","","","760","116672103257","25","25","65","-4","X","30","116672103257","200","-30.04708","-51.20658","G","2024-10-25","2022-06-21","","2a433af803759aee","2041-12-08","","","Porto Alegre"
"LIC-LIC-01","TIM S A","50409314250","010","105812021","1013200109","AVENIDA RICARDO LEONIDAS RIBAS 250","","RS","4314902","100MG7W","NR","SA-NSA","","3550","3550","140","FB","","","760","116672103257","25","25","65","-4","X","24","116672103257","200","-30.14744","-51.13366","G","2024-10-25","2022-06-21","","2a433af803759b01","2041-12-08","","","Porto Alegre"
"LIC-LIC-01","TIM S A","50409314250","010","105812021","1013200109","AVENIDA RICARDO LEONIDAS RIBAS 250","","RS","4314902","100MG7W","NR","SA-NSA","","3550","3550","230","FB","","","760","116672103257","25","25","65","-4","X","24","116672103257","200","-30.14744","-51.13366","G","2024-10-25","2022-06-21","","2a433af803759b02","2041-12-08","","","Porto Alegre"
"LIC-LIC-01","TIM S A","50409314250","010","105812021","1013200109","AVENIDA RICARDO LEONIDAS RIBAS 250","","RS","4314902","100MG7W","NR","SA-NSA","","3550","3550","45","FB","","","760","116672103257","25","25","65","-4","X","24","116672103257","200","-30.14744","-51.13366","G","2024-10-25","2022-06-21","","2a433af803759b03","2041-12-08","","","Porto Alegre"
"LIC-LIC-01","TIM S A","50409314250","010","105812021","1013200117","RUA HEITOR VIEIRA","","RS","4314902","100MG7W","NR","SA-NSA","","3550","3550","0","FB","","","760","116672103257","25","25","65","-4","X","24","116672103257","200","-30.21","-51.185417","G","2024-10-25","2022-06-21","","2a433af803759b19","2041-12-08","","","Porto Alegre"
"LIC-LIC-01","TIM S A","50409314250","010","105812021","1013200117","RUA HEITOR VIEIRA","","RS","4314902","100MG7W","NR","SA-NSA","","3550","3550","120","FB","","","760","116672103257","25","25","65","-4","X","24","116672103257","200","-30.21","-51.185417","G","2024-10-25","2022-06-21","","2a433af803759b1a","2041-12-08","","","Porto Alegre"
"LIC-LIC-01","TIM S A","50409314250","010","105812021","1013200117","RUA HEITOR VIEIRA","","RS","4314902","100MG7W","NR","SA-NSA","","3550","3550","240","FB","","","760","116672103257","25","25","65","-4","X","24","116672103257","200","-30.21","-51.185417","G","2024-10-25","2022-06-21","","2a433af803759b1b","2041-12-08","","","Porto Alegre"
"LIC-LIC-01","TIM S A","50409314250","010","105812021","1013199640","RUA DR MURTINHO 355","","RS","4314902","100MG7W","NR","SA-NSA","","3550","3550","0","FB","","","760","116672103257","25","25","65","-4","X","22","116672103257","200","-30.04164","-51.15678","G","2024-10-25","2022-06-21","","2a433af803759b2b","2041-12-08","","","Porto Alegre"
"LIC-LIC-01","TIM S A","50409314250","010","105812021","1013199640","RUA DR MURTINHO 355","","RS","4314902","100MG7W","NR","SA-NSA","","3550","3550","130","FB","","","760","116672103257","25","25","65","-4","X","22","116672103257","200","-30.04164","-51.15678","G","2024-10-25","2022-06-21","","2a433af803759b2c","2041-12-08","","","Porto Alegre"
"LIC-LIC-01","TIM S A","50409314250","010","105812021","1013199640","RUA DR MURTINHO 355","","RS","4314902","100MG7W","NR","SA-NSA","","3550","3550","230","FB","","","760","116672103257","25","25","65","-4","X","22","116672103257","200","-30.04164","-51.15678","G","2024-10-25","2022-06-21","","2a433af803759b2d","2041-12-08","","","Porto Alegre"
"LIC-LIC-01","TIM S A","50409314250","010","105812021","1013199666","RUA NUNES MACHADO 53","","RS","4314902","100MG7W","NR","SA-NSA","","3550","3550","150","FB","","","760","116672103257","25","25","65","-4","X","24","116672103257","200","-30.05078","-51.21678","G","2024-10-25","2022-06-21","","2a433af803759b40","2041-12-08","","","Porto Alegre"
"LIC-LIC-01","TIM S A","50409314250","010","105812021","1013199666","RUA NUNES MACHADO 53","","RS","4314902","100MG7W","NR","SA-NSA","","3550","3550","250","FB","","","760","116672103257","25","25","65","-4","X","24","116672103257","200","-30.05078","-51.21678","G","2024-10-25","2022-06-21","","2a433af803759b41","2041-12-08","","","Porto Alegre"
"LIC-LIC-01","TIM S A","50409314250","010","105812021","1013199666","RUA NUNES MACHADO 53","","RS","4314902","100MG7W","NR","SA-NSA","","3550","3550","350","FB","","","760","116672103257","25","25","65","-4","X","24","116672103257","200","-30.05078","-51.21678","G","2024-10-25","2022-06-21","","2a433af803759b42","2041-12-08","","","Porto Alegre"
"LIC-LIC-01","TIM S A","50409314250","010","105812021","1013199674","RUA ILDO LUIZ CANDIOTO 40","","RS","4314902","100MG7W","NR","SA-NSA","","3550","3550","0","FB","","","760","116672103257","25","25","65","-4","X","23","116672103257","200","-30.01753","-51.15369","G","2024-10-25","2022-06-21","","2a433af803759b55","2041-12-08","","","Porto Alegre"
"LIC-LIC-01","TIM S A","50409314250","010","105812021","1013199674","RUA ILDO LUIZ CANDIOTO 40","","RS","4314902","100MG7W","NR","SA-NSA","","3550","3550","120","FB","","","760","116672103257","25","25","65","-4","X","23","116672103257","200","-30.01753","-51.15369","G","2024-10-25","2022-06-21","","2a433af803759b56","2041-12-08","","","Porto Alegre"
"LIC-LIC-01","TIM S A","50409314250","010","105812021","1013199674","RUA ILDO LUIZ CANDIOTO 40","","RS","4314902","100MG7W","NR","SA-NSA","","3550","3550","240","FB","","","760","116672103257","25","25","65","-4","X","23","116672103257","200","-30.01753","-51.15369","G","2024-10-25","2022-06-21","","2a433af803759b57","2041-12-08","","","Porto Alegre"
"LIC-LIC-01","TIM S A","50409314250","010","105812021","1013199682","RUA DEZESSETE DE JUNHO 942","","RS","4314902","100MG7W","NR","SA-NSA","","3550","3550","205","FB","","","760","116672103257","25","25","65","-4","X","42","116672103257","200","-30.04737","-51.21961","G","2024-10-25","2022-06-21","","2a433af803759b64","2041-12-08","","","Porto Alegre"
"LIC-LIC-01","TIM S A","50409314250","010","105812021","1013199682","RUA DEZESSETE DE JUNHO 942","","RS","4314902","100MG7W","NR","SA-NSA","","3550","3550","305","FB","","","760","116672103257","25","25","65","-4","X","42","116672103257","200","-30.04737","-51.21961","G","2024-10-25","2022-06-21","","2a433af803759b65","2041-12-08","","","Porto Alegre"
"LIC-LIC-01","TIM S A","50409314250","010","105812021","1013199682","RUA DEZESSETE DE JUNHO 942","","RS","4314902","100MG7W","NR","SA-NSA","","3550","3550","40","FB","","","760","116672103257","25","25","65","-4","X","42","116672103257","200","-30.04737","-51.21961","G","2024-10-25","2022-06-21","","2a433af803759b66","2041-12-08","","","Porto Alegre"
"LIC-LIC-01","TIM S A","50409314250","010","105812021","1013199690","AVENIDA AV. DOS ESTADOS    AO LADO 1383","","RS","4314902","100MG7W","NR","SA-NSA","","3550","3550","190","FB","","","760","116672103257","25","25","65","-4","X","24","116672103257","200","-29.986961","-51.180876","G","2024-10-25","2022-06-21","","2a433af803759b6d","2041-12-08","","","Porto Alegre"
"LIC-LIC-01","TIM S A","50409314250","010","105812021","1014899572","RUA FERNANDO CORTEZ","22","RS","4314902","100MG7W","NR","SA-NSA","","3550","3550","0","FB","","","760","116672103257","25","25","65","-4","X","40","116672103257","200","-30.011111","-51.157","G","2024-10-25","2023-05-10","","c8673af80371d44d","2041-12-08","","","Porto Alegre"
"LIC-LIC-01","TIM S A","50409314250","010","105812021","1014899572","RUA FERNANDO CORTEZ","22","RS","4314902","100MG7W","NR","SA-NSA","","3550","3550","120","FB","","","760","116672103257","25","25","65","-4","X","40","116672103257","200","-30.011111","-51.157","G","2024-10-25","2023-05-10","","c8673af80371d44e","2041-12-08","","","Porto Alegre"
"LIC-LIC-01","TIM S A","50409314250","010","105812021","1014899572","RUA FERNANDO CORTEZ","22","RS","4314902","100MG7W","NR","SA-NSA","","3550","3550","240","FB","","","760","116672103257","25","25","65","-4","X","40","116672103257","200","-30.011111","-51.157","G","2024-10-25","2023-05-10","","c8673af80371d44f","2041-12-08","","","Porto Alegre"
"LIC-LIC-01","TIM S A","50409314250","010","105812021","1014932421","Rua Engenheiro Verissimo De Matos","36","RS","4314902","100MG7W","NR","SA-NSA","","3550","3550","0","FB","","","760","116672103257","25","25","65","-4","X","40","116672103257","200","-30.032038","-51.193016","G","2024-10-25","2023-05-24","","c8673af80371d46b","2041-12-08","","","Porto Alegre"
"LIC-LIC-01","TIM S A","50409314250","010","105812021","1014932421","Rua Engenheiro Verissimo De Matos","36","RS","4314902","100MG7W","NR","SA-NSA","","3550","3550","120","FB","","","760","116672103257","25","25","65","-4","X","40","116672103257","200","-30.032038","-51.193016","G","2024-10-25","2023-05-24","","c8673af80371d46c","2041-12-08","","","Porto Alegre"
"LIC-LIC-01","TIM S A","50409314250","010","105812021","1014932421","Rua Engenheiro Verissimo De Matos","36","RS","4314902","100MG7W","NR","SA-NSA","","3550","3550","240","FB","","","760","116672103257","25","25","65","-4","X","40","116672103257","200","-30.032038","-51.193016","G","2024-10-25","2023-05-24","","c8673af80371d46d","2041-12-08","","","Porto Alegre"
"LIC-LIC-01","TIM S A","50409314250","010","105812021","1016277994","AVENIDA ASSIS BRASIL","","RS","4314902","100MG7W","NR","SA-NSA","","3550","3550","0","FB","","","167","116672103257","25","25","65","-4","X","40","116672103257","0.25","-30.008972","-51.14425","E","2024-11-18","2024-11-18","","192d3af804057c33","2041-12-08","","","Porto Alegre"
"LIC-LIC-01","TIM S A","50409314250","010","105812021","1016277994","AVENIDA ASSIS BRASIL","","RS","4314902","100MG7W","NR","SA-NSA","","3550","3550","120","FB","","","167","116672103257","25","25","65","-4","X","40","116672103257","0.25","-30.008972","-51.14425","E","2024-11-18","2024-11-18","","192d3af804057c34","2041-12-08","","","Porto Alegre"
"LIC-LIC-01","TIM S A","50409314250","010","105812021","1016277994","AVENIDA ASSIS BRASIL","","RS","4314902","100MG7W","NR","SA-NSA","","3550","3550","240","FB","","","167","116672103257","25","25","65","-4","X","40","116672103257","0.25","-30.008972","-51.14425","E","2024-11-18","2024-11-18","","192d3af804057c35","2041-12-08","","","Porto Alegre"
"LIC-LIC-01","TIM S A","50409314250","010","105812021","684134624","AVENIDA MÃE APOLINÁRIO BATISTA DA SILVA","","RS","4314902","100MG7W","NR","SA-NSA","","3550","3550","150","FB","","","760","070412003257","25","25","65","-4","X","45.5","070412003257","200","-30.044678","-51.135571","G","2024-11-22","2003-12-18","","45933af803dfd911","2041-12-08","","","Porto Alegre"
"LIC-LIC-01","TIM S A","50409314250","010","105812021","684134624","AVENIDA MÃE APOLINÁRIO BATISTA DA SILVA","","RS","4314902","100MG7W","NR","SA-NSA","","3550","3550","270","FB","","","760","070412003257","25","25","65","-4","X","45.5","070412003257","200","-30.044678","-51.135571","G","2024-11-22","2003-12-18","","45933af803dfd912","2041-12-08","","","Porto Alegre"
"LIC-LIC-01","TIM S A","50409314250","010","105812021","684134624","AVENIDA MÃE APOLINÁRIO BATISTA DA SILVA","","RS","4314902","100MG7W","NR","SA-NSA","","3550","3550","60","FB","","","760","070412003257","25","25","65","-4","X","45.5","070412003257","200","-30.044678","-51.135571","G","2024-11-22","2003-12-18","","45933af803dfd913","2041-12-08","","","Porto Alegre"
"LIC-LIC-01","Telefonica Brasil S.a.","50409146366","010","105802021","699802229","RUA OURO PRETO    449","","RS","4314902","100MG7W","NR","SA-NSA","","3450","3450","100","FB","","","760","168242103257","16.8","23.8","65","0","X","28","168242103257","200","-30.00247","-51.15461","G","2024-11-28","2014-03-13","","6f5d3af802660cf5","2041-12-08","","","Porto Alegre"
"LIC-LIC-01","Telefonica Brasil S.a.","50409146366","010","105802021","699802229","RUA OURO PRETO    449","","RS","4314902","100MG7W","NR","SA-NSA","","3450","3450","220","FB","","","760","168242103257","16.8","23.8","65","0","X","30","168242103257","200","-30.00247","-51.15461","G","2024-11-28","2014-03-13","","6f5d3af802660cf6","2041-12-08","","","Porto Alegre"
"LIC-LIC-01","Telefonica Brasil S.a.","50409146366","010","105802021","699802229","RUA OURO PRETO    449","","RS","4314902","100MG7W","NR","SA-NSA","","3450","3450","340","FB","","","760","168242103257","16.8","23.8","65","0","X","28","168242103257","200","-30.00247","-51.15461","G","2024-11-28","2014-03-13","","6f5d3af802660cf7","2041-12-08","","","Porto Alegre"
"LIC-LIC-01","Telefonica Brasil S.a.","50409146366","010","105802021","1009386481","RUA JOÃO CARLOS BERTUSSI DA SILVA    120","PROPRIO","RS","4314902","100MG7W","NR","SA-NSA","","3450","3450","10","FB","","","760","168242103257","16.8","23.8","65","0","X","22","168242103257","200","-30.02371","-51.13794","G","2024-12-04","2019-10-29","","0d2b3af802045d55","2041-12-08","","","Porto Alegre"
"LIC-LIC-01","Telefonica Brasil S.a.","50409146366","010","105802021","1009386481","RUA JOÃO CARLOS BERTUSSI DA SILVA    120","PROPRIO","RS","4314902","100MG7W","NR","SA-NSA","","3450","3450","160","FB","","","760","168242103257","16.8","23.8","65","0","X","22","168242103257","200","-30.02371","-51.13794","G","2024-12-04","2019-10-29","","0d2b3af802045d56","2041-12-08","","","Porto Alegre"
"LIC-LIC-01","Telefonica Brasil S.a.","50409146366","010","105802021","1009386481","RUA JOÃO CARLOS BERTUSSI DA SILVA    120","PROPRIO","RS","4314902","100MG7W","NR","SA-NSA","","3450","3450","250","FB","","","760","168242103257","16.8","23.8","65","0","X","22","168242103257","200","-30.02371","-51.13794","G","2024-12-04","2019-10-29","","0d2b3af802045d57","2041-12-08","","","Porto Alegre"
"LIC-LIC-01","Telefonica Brasil S.a.","50409146366","010","105802021","1012688469","ILDO LUIZ CANDIOTO    40","","RS","4314902","100MG7W","NR","SA-NSA","","3450","3450","30","FB","","","760","116652103257","25","23","60","-4","X","21.5","116652103257","200","-30.01455","-51.15125","G","2024-12-04","2021-12-22","","0d2b3af802045d58","2041-12-08","","","Porto Alegre"
"LIC-LIC-01","Telefonica Brasil S.a.","50409146366","010","105802021","1012688469","ILDO LUIZ CANDIOTO    40","","RS","4314902","100MG7W","NR","SA-NSA","","3450","3450","140","FB","","","760","116652103257","25","23","60","0","X","21.5","116652103257","200","-30.01455","-51.15125","G","2024-12-04","2021-12-22","","0d2b3af802045d59","2041-12-08","","","Porto Alegre"
"LIC-LIC-01","Telefonica Brasil S.a.","50409146366","010","105802021","1012688469","ILDO LUIZ CANDIOTO    40","","RS","4314902","100MG7W","NR","SA-NSA","","3450","3450","260","FB","","","760","116652103257","25","23","60","-2","X","21.5","116652103257","200","-30.01455","-51.15125","G","2024-12-04","2021-12-22","","0d2b3af802045d5a","2041-12-08","","","Porto Alegre"
"LIC-LIC-01","Telefonica Brasil S.a.","50409146366","010","105802021","436298260","RUA VITOR SILVA    65","TORRESUR","RS","4314902","100MG7W","NR","SA-NSA","","3450","3450","15","FB","","","760","168242103257","16.8","23.8","65","0","X","25","168242103257","200","-30.10651","-51.2424","G","2024-12-04","1999-11-08","","0d2b3af802045d61","2041-12-08","","","Porto Alegre"
"LIC-LIC-01","Telefonica Brasil S.a.","50409146366","010","105802021","436298260","RUA VITOR SILVA    65","TORRESUR","RS","4314902","100MG7W","NR","SA-NSA","","3450","3450","120","FB","","","760","168242103257","16.8","23.8","65","0","X","25","168242103257","200","-30.10651","-51.2424","G","2024-12-04","1999-11-08","","0d2b3af802045d62","2041-12-08","","","Porto Alegre"
"LIC-LIC-01","Telefonica Brasil S.a.","50409146366","010","105802021","436298260","RUA VITOR SILVA    65","TORRESUR","RS","4314902","100MG7W","NR","SA-NSA","","3450","3450","220","FB","","","760","168242103257","16.8","23.8","65","0","X","25","168242103257","200","-30.10651","-51.2424","G","2024-12-04","1999-11-08","","0d2b3af802045d63","2041-12-08","","","Porto Alegre"
"LIC-LIC-01","Telefonica Brasil S.a.","50409146366","010","105802021","699873827","RUA CORONEL FEIJÓ    749","","RS","4314902","100MG7W","NR","SA-NSA","","3450","3450","35","FB","","","760","168242103257","16.8","23.8","65","0","X","36","168242103257","200","-30.01539","-51.18183","G","2024-12-04","2014-04-02","","0d2b3af802045d64","2041-12-08","","","Porto Alegre"
"LIC-LIC-01","Telefonica Brasil S.a.","50409146366","010","105802021","699873827","RUA CORONEL FEIJÓ    749","","RS","4314902","100MG7W","NR","SA-NSA","","3450","3450","150","FB","","","760","168242103257","16.8","23.8","65","0","X","36","168242103257","200","-30.01539","-51.18183","G","2024-12-04","2014-04-02","","0d2b3af802045d67","2041-12-08","","","Porto Alegre"
"LIC-LIC-01","Telefonica Brasil S.a.","50409146366","010","105802021","699873827","RUA CORONEL FEIJÓ    749","","RS","4314902","100MG7W","NR","SA-NSA","","3450","3450","250","FB","","","760","168242103257","16.8","23.8","65","0","X","36","168242103257","200","-30.01539","-51.18183","G","2024-12-04","2014-04-02","","0d2b3af802045d6a","2041-12-08","","","Porto Alegre"
"LIC-LIC-01","Telefonica Brasil S.a.","50409146366","010","105802021","534231829","AVENIDA EDVALDO PEREIRA PAIVA   S/N","PROPRIO - BRT(MOVEL)","RS","4314902","100MG7W","NR","SA-NSA","","3450","3450","40","FB","","","760","116652103257","25","23","60","-8","X","45","116652103257","200","-30.06678","-51.23835","G","2024-12-04","2000-09-06","","0d2b3af802045d6d","2041-12-08","","","Porto Alegre"
"LIC-LIC-01","Telefonica Brasil S.a.","50409146366","010","105802021","534231829","AVENIDA EDVALDO PEREIRA PAIVA   S/N","PROPRIO - BRT(MOVEL)","RS","4314902","100MG7W","NR","SA-NSA","","3450","3450","70","FB","","","760","116652103257","25","23","60","0","X","45","116652103257","200","-30.06678","-51.23835","G","2024-12-04","2000-09-06","","0d2b3af802045d6e","2041-12-08","","","Porto Alegre"
"LIC-LIC-01","Telefonica Brasil S.a.","50409146366","010","105802021","534231829","AVENIDA EDVALDO PEREIRA PAIVA   S/N","PROPRIO - BRT(MOVEL)","RS","4314902","100MG7W","NR","SA-NSA","","3450","3450","210","FB","","","760","116652103257","25","23","60","-8","X","45","116652103257","200","-30.06678","-51.23835","G","2024-12-04","2000-09-06","","0d2b3af802045d6f","2041-12-08","","","Porto Alegre"
"LIC-LIC-01","Telefonica Brasil S.a.","50409146366","010","105802021","699802202","RUA CASEMIRO DE ABREU    1701","PROPRIO - TELEFÔNICA EMPRESAS","RS","4314902","100MG7W","NR","SA-NSA","","3450","3450","10","FB","","","760","116652103257","25","23","60","0","X","35","116652103257","200","-30.03392","-51.19103","G","2024-12-04","2014-03-13","","0d2b3af802045d70","2041-12-08","","","Porto Alegre"
"LIC-LIC-01","Telefonica Brasil S.a.","50409146366","010","105802021","699802202","RUA CASEMIRO DE ABREU    1701","PROPRIO - TELEFÔNICA EMPRESAS","RS","4314902","100MG7W","NR","SA-NSA","","3450","3450","80","FB","","","760","116652103257","25","23","60","0","X","35","116652103257","200","-30.03392","-51.19103","G","2024-12-04","2014-03-13","","0d2b3af802045d75","2041-12-08","","","Porto Alegre"
"LIC-LIC-01","Telefonica Brasil S.a.","50409146366","010","105802021","699802202","RUA CASEMIRO DE ABREU    1701","PROPRIO - TELEFÔNICA EMPRESAS","RS","4314902","100MG7W","NR","SA-NSA","","3450","3450","310","FB","","","760","116652103257","25","23","60","0","X","35","116652103257","200","-30.03392","-51.19103","G","2024-12-04","2014-03-13","","0d2b3af802045d7a","2041-12-08","","","Porto Alegre"
"LIC-LIC-01","Telefonica Brasil S.a.","50409146366","010","105802021","689853467","AVENIDA AUGUSTO DE CARVALHO (SECRETARIA DA EDUCAÇÃO)","PROPRIO","RS","4314902","100MG7W","NR","SA-NSA","","3450","3450","0","FB","","","760","116652103257","25","23","60","0","X","11","116652103257","200","-30.04058","-51.23119","G","2024-12-04","2021-09-09","","0d2b3af802045d7f","2041-12-08","","","Porto Alegre"
"LIC-LIC-01","Telefonica Brasil S.a.","50409146366","010","105802021","689853467","AVENIDA AUGUSTO DE CARVALHO (SECRETARIA DA EDUCAÇÃO)","PROPRIO","RS","4314902","100MG7W","NR","SA-NSA","","3450","3450","140","FB","","","760","116652103257","25","23","60","0","X","11","116652103257","200","-30.04058","-51.23119","G","2024-12-04","2021-09-09","","0d2b3af802045d80","2041-12-08","","","Porto Alegre"
"LIC-LIC-01","Telefonica Brasil S.a.","50409146366","010","105802021","689853467","AVENIDA AUGUSTO DE CARVALHO (SECRETARIA DA EDUCAÇÃO)","PROPRIO","RS","4314902","100MG7W","NR","SA-NSA","","3450","3450","270","FB","","","760","116652103257","25","23","60","0","X","11","116652103257","200","-30.04058","-51.23119","G","2024-12-04","2021-09-09","","0d2b3af802045d81","2041-12-08","","","Porto Alegre"
"LIC-LIC-01","Telefonica Brasil S.a.","50409146366","010","105802021","6444318","RUA DOUTOR BARCELOS    Nº 2770","PROPRIO - FUNDOS","RS","4314902","100MG7W","NR","SA-NSA","","3450","3450","10","FB","","","760","168242103257","16.8","23.8","65","0","X","45","168242103257","200","-30.0994","-51.23256","G","2024-12-04","2000-09-27","","0d2b3af802045d82","2041-12-08","","","Porto Alegre"
"LIC-LIC-01","Telefonica Brasil S.a.","50409146366","010","105802021","6444318","RUA DOUTOR BARCELOS    Nº 2770","PROPRIO - FUNDOS","RS","4314902","100MG7W","NR","SA-NSA","","3450","3450","140","FB","","","760","168242103257","16.8","23.8","65","0","X","45","168242103257","200","-30.0994","-51.23256","G","2024-12-04","2000-09-27","","0d2b3af802045d83","2041-12-08","","","Porto Alegre"
"LIC-LIC-01","Telefonica Brasil S.a.","50409146366","010","105802021","6444318","RUA DOUTOR BARCELOS    Nº 2770","PROPRIO - FUNDOS","RS","4314902","100MG7W","NR","SA-NSA","","3450","3450","250","FB","","","760","168242103257","16.8","23.8","65","0","X","45","168242103257","200","-30.0994","-51.23256","G","2024-12-04","2000-09-27","","0d2b3af802045d84","2041-12-08","","","Porto Alegre"
"LIC-LIC-01","Telefonica Brasil S.a.","50409146366","010","105802021","3769887","RUA PARQUE DOS NATIVOS    201","PROPRIO","RS","4314902","100MG7W","NR","SA-NSA","","3450","3450","0","FB","","","760","116652103257","25","23","60","0","X","30","116652103257","200","-30.02261","-51.15082","G","2024-12-04","1999-10-05","","0d2b3af802045d97","2041-12-08","","","Porto Alegre"
"LIC-LIC-01","Telefonica Brasil S.a.","50409146366","010","105802021","3769887","RUA PARQUE DOS NATIVOS    201","PROPRIO","RS","4314902","100MG7W","NR","SA-NSA","","3450","3450","100","FB","","","760","116652103257","25","23","60","0","X","30","116652103257","200","-30.02261","-51.15082","G","2024-12-04","1999-10-05","","0d2b3af802045d98","2041-12-08","","","Porto Alegre"
"LIC-LIC-01","Telefonica Brasil S.a.","50409146366","010","105802021","3769887","RUA PARQUE DOS NATIVOS    201","PROPRIO","RS","4314902","100MG7W","NR","SA-NSA","","3450","3450","250","FB","","","760","116652103257","25","23","60","0","X","30","116652103257","200","-30.02261","-51.15082","G","2024-12-04","1999-10-05","","0d2b3af802045d99","2041-12-08","","","Porto Alegre"
"LIC-LIC-01","Telefonica Brasil S.a.","50409146366","010","105802021","699805732","RUA PORTO CALVO    209","S/N","RS","4314902","100MG7W","NR","SA-NSA","","3450","3450","40","FB","","","760","168242103257","16.8","23.8","65","0","X","35","168242103257","200","-30.12997","-51.23442","G","2024-12-04","2014-03-13","","0d2b3af802045d9a","2041-12-08","","","Porto Alegre"
"LIC-LIC-01","Telefonica Brasil S.a.","50409146366","010","105802021","699805732","RUA PORTO CALVO    209","S/N","RS","4314902","100MG7W","NR","SA-NSA","","3450","3450","150","FB","","","760","168242103257","16.8","23.8","65","0","X","35","168242103257","200","-30.12997","-51.23442","G","2024-12-04","2014-03-13","","0d2b3af802045d9b","2041-12-08","","","Porto Alegre"
"LIC-LIC-01","Telefonica Brasil S.a.","50409146366","010","105802021","699805732","RUA PORTO CALVO    209","S/N","RS","4314902","100MG7W","NR","SA-NSA","","3450","3450","290","FB","","","760","168242103257","16.8","23.8","65","0","X","35","168242103257","200","-30.12997","-51.23442","G","2024-12-04","2014-03-13","","0d2b3af802045d9c","2041-12-08","","","Porto Alegre"
"LIC-LIC-01","Telefonica Brasil S.a.","50409146366","010","105802021","699802091","RUA DORIVAL CASTILHO MACHADO    361","TIM","RS","4314902","100MG7W","NR","SA-NSA","","3450","3450","70","FB","","","760","168242103257","16.8","23.8","65","0","X","43","168242103257","200","-30.16158","-51.19309","G","2024-12-04","2014-03-13","","0d2b3af802045da3","2041-12-08","","","Porto Alegre"
"LIC-LIC-01","Telefonica Brasil S.a.","50409146366","010","105802021","699802091","RUA DORIVAL CASTILHO MACHADO    361","TIM","RS","4314902","100MG7W","NR","SA-NSA","","3450","3450","180","FB","","","760","168242103257","16.8","23.8","65","0","X","43","168242103257","200","-30.16158","-51.19309","G","2024-12-04","2014-03-13","","0d2b3af802045da4","2041-12-08","","","Porto Alegre"
"LIC-LIC-01","Telefonica Brasil S.a.","50409146366","010","105802021","699802091","RUA DORIVAL CASTILHO MACHADO    361","TIM","RS","4314902","100MG7W","NR","SA-NSA","","3450","3450","310","FB","","","760","168242103257","16.8","23.8","65","0","X","43","168242103257","200","-30.16158","-51.19309","G","2024-12-04","2014-03-13","","0d2b3af802045da5","2041-12-08","","","Porto Alegre"
"LIC-LIC-01","Telefonica Brasil S.a.","50409146366","010","105802021","1011932323","RUA FERNANDO CORTEZ Nº 465","","RS","4314902","100MG7W","NR","SA-NSA","","3450","3450","110","FB","","","760","116652103257","25","23","60","0","X","30","116652103257","200","-30.01487","-51.15688","G","2024-12-04","2021-05-13","","0d2b3af802045da6","2041-12-08","","","Porto Alegre"
"LIC-LIC-01","Telefonica Brasil S.a.","50409146366","010","105802021","1011932323","RUA FERNANDO CORTEZ Nº 465","","RS","4314902","100MG7W","NR","SA-NSA","","3450","3450","240","FB","","","760","116652103257","25","23","60","0","X","30","116652103257","200","-30.01487","-51.15688","G","2024-12-04","2021-05-13","","0d2b3af802045da7","2041-12-08","","","Porto Alegre"
"LIC-LIC-01","Telefonica Brasil S.a.","50409146366","010","105802021","1011932323","RUA FERNANDO CORTEZ Nº 465","","RS","4314902","100MG7W","NR","SA-NSA","","3450","3450","340","FB","","","760","116652103257","25","23","60","0","X","30","116652103257","200","-30.01487","-51.15688","G","2024-12-04","2021-05-13","","0d2b3af802045da8","2041-12-08","","","Porto Alegre"
"LIC-LIC-01","Telefonica Brasil S.a.","50409146366","010","105802021","699874033","RUA DR. MÁRIO TOTTA    2850","","RS","4314902","100MG7W","NR","SA-NSA","","3450","3450","70","FB","","","760","116652103257","25","23","60","0","X","17.7","116652103257","200","-30.10678","-51.23297","G","2024-12-04","2014-04-02","","0d2b3af802045da9","2041-12-08","","","Porto Alegre"
"LIC-LIC-01","Telefonica Brasil S.a.","50409146366","010","105802021","699874033","RUA DR. MÁRIO TOTTA    2850","","RS","4314902","100MG7W","NR","SA-NSA","","3450","3450","200","FB","","","760","116652103257","25","23","60","0","X","17.7","116652103257","200","-30.10678","-51.23297","G","2024-12-04","2014-04-02","","0d2b3af802045dac","2041-12-08","","","Porto Alegre"
"LIC-LIC-01","Telefonica Brasil S.a.","50409146366","010","105802021","699874033","RUA DR. MÁRIO TOTTA    2850","","RS","4314902","100MG7W","NR","SA-NSA","","3450","3450","320","FB","","","760","116652103257","25","23","60","0","X","17.7","116652103257","200","-30.10678","-51.23297","G","2024-12-04","2014-04-02","","0d2b3af802045daf","2041-12-08","","","Porto Alegre"
"LIC-LIC-01","Telefonica Brasil S.a.","50409146366","010","105802021","1012018340","RUA CACHOEIRA    N° 555","","RS","4314902","100MG7W","NR","SA-NSA","","3450","3450","30","FB","","","760","168242103257","16.8","23.8","65","0","X","26.4","168242103257","200","-30.090709","-51.220064","G","2024-12-04","2021-06-08","","0d2b3af802045db5","2041-12-08","","","Porto Alegre"
"LIC-LIC-01","Telefonica Brasil S.a.","50409146366","010","105802021","1012018340","RUA CACHOEIRA    N° 555","","RS","4314902","100MG7W","NR","SA-NSA","","3450","3450","210","FB","","","760","168242103257","16.8","23.8","65","0","X","26.4","168242103257","200","-30.090709","-51.220064","G","2024-12-04","2021-06-08","","0d2b3af802045db6","2041-12-08","","","Porto Alegre"
"LIC-LIC-01","Telefonica Brasil S.a.","50409146366","010","105802021","1012018340","RUA CACHOEIRA    N° 555","","RS","4314902","100MG7W","NR","SA-NSA","","3450","3450","300","FB","","","760","168242103257","16.8","23.8","65","0","X","26.4","168242103257","200","-30.090709","-51.220064","G","2024-12-04","2021-06-08","","0d2b3af802045db7","2041-12-08","","","Porto Alegre"
"LIC-LIC-01","Telefonica Brasil S.a.","50409146366","010","105802021","699802350","AV ASSIS BRASIL    1542","","RS","4314902","100MG7W","NR","SA-NSA","","3450","3450","60","FB","","","760","168242103257","16.8","23.8","65","0","X","30.5","168242103257","200","-30.0095","-51.17081","G","2024-12-04","2014-03-13","","0d2b3af802045db8","2041-12-08","","","Porto Alegre"
"LIC-LIC-01","Telefonica Brasil S.a.","50409146366","010","105802021","699802350","AV ASSIS BRASIL    1542","","RS","4314902","100MG7W","NR","SA-NSA","","3450","3450","190","FB","","","760","168242103257","16.8","23.8","65","0","X","30.5","168242103257","200","-30.0095","-51.17081","G","2024-12-04","2014-03-13","","0d2b3af802045db9","2041-12-08","","","Porto Alegre"
"LIC-LIC-01","Telefonica Brasil S.a.","50409146366","010","105802021","699802350","AV ASSIS BRASIL    1542","","RS","4314902","100MG7W","NR","SA-NSA","","3450","3450","300","FB","","","760","168242103257","16.8","23.8","65","0","X","30.5","168242103257","200","-30.0095","-51.17081","G","2024-12-04","2014-03-13","","0d2b3af802045dba","2041-12-08","","","Porto Alegre"
"LIC-LIC-01","Telefonica Brasil S.a.","50409146366","010","105802021","569909","AV.CEL APARÍCIO BORGES    2531 (CRT)","BRT- TORRE PROPRIA - BRT(FIXA)","RS","4314902","100MG7W","NR","SA-NSA","","3450","3450","10","FB","","","760","168242103257","16.8","23.8","65","0","X","45","168242103257","200","-30.06537","-51.18624","G","2024-12-04","2001-01-29","","0d2b3af802045dbb","2041-12-08","","","Porto Alegre"
"LIC-LIC-01","Telefonica Brasil S.a.","50409146366","010","105802021","569909","AV.CEL APARÍCIO BORGES    2531 (CRT)","BRT- TORRE PROPRIA - BRT(FIXA)","RS","4314902","100MG7W","NR","SA-NSA","","3450","3450","140","FB","","","760","168242103257","16.8","23.8","65","0","X","45","168242103257","200","-30.06537","-51.18624","G","2024-12-04","2001-01-29","","0d2b3af802045dbc","2041-12-08","","","Porto Alegre"
"LIC-LIC-01","Telefonica Brasil S.a.","50409146366","010","105802021","569909","AV.CEL APARÍCIO BORGES    2531 (CRT)","BRT- TORRE PROPRIA - BRT(FIXA)","RS","4314902","100MG7W","NR","SA-NSA","","3450","3450","240","FB","","","760","168242103257","16.8","23.8","65","0","X","45","168242103257","200","-30.06537","-51.18624","G","2024-12-04","2001-01-29","","0d2b3af802045dbd","2041-12-08","","","Porto Alegre"
"LIC-LIC-01","Telefonica Brasil S.a.","50409146366","010","105802021","1000550459","AVENIDA LAVRAS    599","","RS","4314902","100MG7W","NR","SA-NSA","","3450","3450","10","FB","","","760","168242103257","16.8","23.8","65","0","X","29","168242103257","200","-30.03824","-51.18572","G","2024-12-04","2014-09-04","","0d2b3af802045dbe","2041-12-08","","","Porto Alegre"
"LIC-LIC-01","Telefonica Brasil S.a.","50409146366","010","105802021","1000550459","AVENIDA LAVRAS    599","","RS","4314902","100MG7W","NR","SA-NSA","","3450","3450","120","FB","","","760","168242103257","16.8","23.8","65","0","X","29","168242103257","200","-30.03824","-51.18572","G","2024-12-04","2014-09-04","","0d2b3af802045dbf","2041-12-08","","","Porto Alegre"
"LIC-LIC-01","Telefonica Brasil S.a.","50409146366","010","105802021","1000550459","AVENIDA LAVRAS    599","","RS","4314902","100MG7W","NR","SA-NSA","","3450","3450","220","FB","","","760","168242103257","16.8","23.8","65","0","X","29","168242103257","200","-30.03824","-51.18572","G","2024-12-04","2014-09-04","","0d2b3af802045dc0","2041-12-08","","","Porto Alegre"
"LIC-LIC-01","Telefonica Brasil S.a.","50409146366","010","105802021","1011932382","AVENIDA CORONEL MARCOS    162","","RS","4314902","100MG7W","NR","SA-NSA","","3450","3450","5","FB","","","760","168242103257","16.8","23.8","65","0","X","16","168242103257","200","-30.123065","-51.25445","G","2024-12-04","2021-05-13","","0d2b3af802045dc1","2041-12-08","","","Porto Alegre"
"LIC-LIC-01","Telefonica Brasil S.a.","50409146366","010","105802021","1011932382","AVENIDA CORONEL MARCOS    162","","RS","4314902","100MG7W","NR","SA-NSA","","3450","3450","95","FB","","","760","168242103257","16.8","23.8","65","0","X","16","168242103257","200","-30.123065","-51.25445","G","2024-12-04","2021-05-13","","0d2b3af802045dc2","2041-12-08","","","Porto Alegre"
"LIC-LIC-01","Telefonica Brasil S.a.","50409146366","010","105802021","1011932382","AVENIDA CORONEL MARCOS    162","","RS","4314902","100MG7W","NR","SA-NSA","","3450","3450","285","FB","","","760","168242103257","16.8","23.8","65","0","X","16","168242103257","200","-30.123065","-51.25445","G","2024-12-04","2021-05-13","","0d2b3af802045dc3","2041-12-08","","","Porto Alegre"
"LIC-LIC-01","Telefonica Brasil S.a.","50409146366","010","105802021","3769860","AV. PLÍNIO KROEFF    1580","TORRESUR","RS","4314902","100MG7W","NR","SA-NSA","","3450","3450","30","FB","","","760","168242103257","16.8","23.8","65","0","X","30","168242103257","200","-29.998211","-51.114839","G","2024-12-04","1999-04-27","","0d2b3af802045dc4","2041-12-08","","","Porto Alegre"
"LIC-LIC-01","Telefonica Brasil S.a.","50409146366","010","105802021","3769860","AV. PLÍNIO KROEFF    1580","TORRESUR","RS","4314902","100MG7W","NR","SA-NSA","","3450","3450","120","FB","","","760","168242103257","16.8","23.8","65","0","X","30","168242103257","200","-29.998211","-51.114839","G","2024-12-04","1999-04-27","","0d2b3af802045dc5","2041-12-08","","","Porto Alegre"
"LIC-LIC-01","Telefonica Brasil S.a.","50409146366","010","105802021","3769860","AV. PLÍNIO KROEFF    1580","TORRESUR","RS","4314902","100MG7W","NR","SA-NSA","","3450","3450","210","FB","","","760","168242103257","16.8","23.8","65","0","X","2","168242103257","200","-29.998211","-51.114839","G","2024-12-04","1999-04-27","","0d2b3af802045dc6","2041-12-08","","","Porto Alegre"
"LIC-LIC-01","Telefonica Brasil S.a.","50409146366","010","105802021","1011503805","RUA LINDOLFO HENKE    230","","RS","4314902","100MG7W","NR","SA-NSA","","3450","3450","30","FB","","","760","168242103257","16.8","23.8","65","0","X","47","168242103257","200","-30.00438","-51.12799","G","2024-12-04","2020-11-25","","0d2b3af802045dc7","2041-12-08","","","Porto Alegre"
"LIC-LIC-01","Telefonica Brasil S.a.","50409146366","010","105802021","1011503805","RUA LINDOLFO HENKE    230","","RS","4314902","100MG7W","NR","SA-NSA","","3450","3450","120","FB","","","760","168242103257","16.8","23.8","65","0","X","47","168242103257","200","-30.00438","-51.12799","G","2024-12-04","2020-11-25","","0d2b3af802045dc8","2041-12-08","","","Porto Alegre"
"LIC-LIC-01","Telefonica Brasil S.a.","50409146366","010","105802021","1011503805","RUA LINDOLFO HENKE    230","","RS","4314902","100MG7W","NR","SA-NSA","","3450","3450","250","FB","","","760","168242103257","16.8","23.8","65","0","X","47","168242103257","200","-30.00438","-51.12799","G","2024-12-04","2020-11-25","","0d2b3af802045dc9","2041-12-08","","","Porto Alegre"
"LIC-LIC-01","Telefonica Brasil S.a.","50409146366","010","105802021","699802113","ESTRADA RETIRO DA P0ONTA GROSSA    1314","NEXTEL","RS","4314902","100MG7W","NR","SA-NSA","","3450","3450","30","FB","","","760","168242103257","16.8","23.8","65","0","X","32","168242103257","200","-30.18247","-51.18947","G","2024-12-04","2014-03-13","","0d2b3af802045dcd","2041-12-08","","","Porto Alegre"
"LIC-LIC-01","Telefonica Brasil S.a.","50409146366","010","105802021","699802113","ESTRADA RETIRO DA P0ONTA GROSSA    1314","NEXTEL","RS","4314902","100MG7W","NR","SA-NSA","","3450","3450","130","FB","","","760","168242103257","16.8","23.8","65","0","X","32","168242103257","200","-30.18247","-51.18947","G","2024-12-04","2014-03-13","","0d2b3af802045dce","2041-12-08","","","Porto Alegre"
"LIC-LIC-01","Telefonica Brasil S.a.","50409146366","010","105802021","699802113","ESTRADA RETIRO DA P0ONTA GROSSA    1314","NEXTEL","RS","4314902","100MG7W","NR","SA-NSA","","3450","3450","270","FB","","","760","168242103257","16.8","23.8","65","0","X","32","168242103257","200","-30.18247","-51.18947","G","2024-12-04","2014-03-13","","0d2b3af802045dcf","2041-12-08","","","Porto Alegre"
"LIC-LIC-01","Telefonica Brasil S.a.","50409146366","010","105802021","3770036","RUA PROF. JOÃO DE SOUZA RIBEIRO    367","PROPRIO","RS","4314902","100MG7W","NR","SA-NSA","","3450","3450","15","FB","","","760","168242103257","16.8","23.8","65","0","X","45","168242103257","200","-29.98442","-51.19171","G","2024-12-04","1999-10-05","","0d2b3af802045dd0","2041-12-08","","","Porto Alegre"
"LIC-LIC-01","Telefonica Brasil S.a.","50409146366","010","105802021","3770036","RUA PROF. JOÃO DE SOUZA RIBEIRO    367","PROPRIO","RS","4314902","100MG7W","NR","SA-NSA","","3450","3450","105","FB","","","760","168242103257","16.8","23.8","65","0","X","45","168242103257","200","-29.98442","-51.19171","G","2024-12-04","1999-10-05","","0d2b3af802045dd1","2041-12-08","","","Porto Alegre"
"LIC-LIC-01","Telefonica Brasil S.a.","50409146366","010","105802021","3770036","RUA PROF. JOÃO DE SOUZA RIBEIRO    367","PROPRIO","RS","4314902","100MG7W","NR","SA-NSA","","3450","3450","195","FB","","","760","168242103257","16.8","23.8","65","0","X","45","168242103257","200","-29.98442","-51.19171","G","2024-12-04","1999-10-05","","0d2b3af802045dd2","2041-12-08","","","Porto Alegre"
"LIC-LIC-01","Telefonica Brasil S.a.","50409146366","010","105802021","442308485","RUA N. SRA DA BOA VIAGEM    1390 ENTRE PRAÇA DR SALOMÃO E R STA LUZIA","PROPRIO","RS","4314902","100MG7W","NR","SA-NSA","","3450","3450","180","FB","","","760","168242103257","16.8","23.8","65","0","X","42","168242103257","200","-30.01896","-51.25696","G","2024-12-04","1999-11-08","","0d2b3af802045dd6","2041-12-08","","","Porto Alegre"
"LIC-LIC-01","Telefonica Brasil S.a.","50409146366","010","105802021","442308485","RUA N. SRA DA BOA VIAGEM    1390 ENTRE PRAÇA DR SALOMÃO E R STA LUZIA","PROPRIO","RS","4314902","100MG7W","NR","SA-NSA","","3450","3450","340","FB","","","760","168242103257","16.8","23.8","65","0","X","42","168242103257","200","-30.01896","-51.25696","G","2024-12-04","1999-11-08","","0d2b3af802045dd7","2041-12-08","","","Porto Alegre"
"LIC-LIC-01","Telefonica Brasil S.a.","50409146366","010","105802021","3769852","RUA JAMAICA    40","TORRESUR","RS","4314902","100MG7W","NR","SA-NSA","","3450","3450","110","FB","","","760","168242103257","16.8","23.8","65","0","X","30","168242103257","200","-30.00233","-51.13605","G","2024-12-04","1999-10-05","","0d2b3af802045dd8","2041-12-08","","","Porto Alegre"
"LIC-LIC-01","Telefonica Brasil S.a.","50409146366","010","105802021","3769852","RUA JAMAICA    40","TORRESUR","RS","4314902","100MG7W","NR","SA-NSA","","3450","3450","230","FB","","","760","168242103257","16.8","23.8","65","0","X","30","168242103257","200","-30.00233","-51.13605","G","2024-12-04","1999-10-05","","0d2b3af802045ddb","2041-12-08","","","Porto Alegre"
"LIC-LIC-01","Telefonica Brasil S.a.","50409146366","010","105802021","3769852","RUA JAMAICA    40","TORRESUR","RS","4314902","100MG7W","NR","SA-NSA","","3450","3450","350","FB","","","760","168242103257","16.8","23.8","65","0","X","30","168242103257","200","-30.00233","-51.13605","G","2024-12-04","1999-10-05","","0d2b3af802045dde","2041-12-08","","","Porto Alegre"
"LIC-LIC-01","Telefonica Brasil S.a.","50409146366","010","105802021","1008920697","RUA LUIZ CAETANO ANTINOLFI    181","","RS","4314902","100MG7W","NR","SA-NSA","","3450","3450","80","FB","","","760","168242103257","16.8","23.8","65","0","X","40","168242103257","200","-30.01994","-51.12433","G","2024-12-04","2019-08-14","","0d2b3af802045de7","2041-12-08","","","Porto Alegre"
"LIC-LIC-01","Telefonica Brasil S.a.","50409146366","010","105802021","1008920697","RUA LUIZ CAETANO ANTINOLFI    181","","RS","4314902","100MG7W","NR","SA-NSA","","3450","3450","210","FB","","","760","168242103257","16.8","23.8","65","0","X","40","168242103257","200","-30.01994","-51.12433","G","2024-12-04","2019-08-14","","0d2b3af802045de8","2041-12-08","","","Porto Alegre"
"LIC-LIC-01","Telefonica Brasil S.a.","50409146366","010","105802021","1008920697","RUA LUIZ CAETANO ANTINOLFI    181","","RS","4314902","100MG7W","NR","SA-NSA","","3450","3450","320","FB","","","760","168242103257","16.8","23.8","65","0","X","40","168242103257","200","-30.01994","-51.12433","G","2024-12-04","2019-08-14","","0d2b3af802045de9","2041-12-08","","","Porto Alegre"
"LIC-LIC-01","Telefonica Brasil S.a.","50409146366","010","105802021","5185246","NEI C. FERREIRA     301 - MORRO DO SABIÁ","PROPRIO","RS","4314902","100MG7W","NR","SA-NSA","","3450","3450","65","FB","","","760","168242103257","16.8","23.8","65","0","X","14","168242103257","200","-30.13098","-51.24347","G","2024-12-04","2000-10-13","","0d2b3af802045dea","2041-12-08","","","Porto Alegre"
"LIC-LIC-01","Telefonica Brasil S.a.","50409146366","010","105802021","5185246","NEI C. FERREIRA     301 - MORRO DO SABIÁ","PROPRIO","RS","4314902","100MG7W","NR","SA-NSA","","3450","3450","340","FB","","","760","168242103257","16.8","23.8","65","0","X","14","168242103257","200","-30.13098","-51.24347","G","2024-12-04","2000-10-13","","0d2b3af802045deb","2041-12-08","","","Porto Alegre"
"LIC-LIC-01","Telefonica Brasil S.a.","50409146366","010","105802021","1007224263","RUA PORTO BELO    34","","RS","4314902","100MG7W","NR","SA-NSA","","3450","3450","40","FB","","","760","168242103257","16.8","23.8","65","0","X","32","168242103257","200","-30.01823","-51.14344","G","2024-12-04","2018-09-05","","0d2b3af802045dec","2041-12-08","","","Porto Alegre"
"LIC-LIC-01","Telefonica Brasil S.a.","50409146366","010","105802021","1007224263","RUA PORTO BELO    34","","RS","4314902","100MG7W","NR","SA-NSA","","3450","3450","150","FB","","","760","168242103257","16.8","23.8","65","0","X","32","168242103257","200","-30.01823","-51.14344","G","2024-12-04","2018-09-05","","0d2b3af802045ded","2041-12-08","","","Porto Alegre"
"LIC-LIC-01","Telefonica Brasil S.a.","50409146366","010","105802021","1007224263","RUA PORTO BELO    34","","RS","4314902","100MG7W","NR","SA-NSA","","3450","3450","290","FB","","","760","168242103257","16.8","23.8","65","0","X","30","168242103257","200","-30.01823","-51.14344","G","2024-12-04","2018-09-05","","0d2b3af802045dee","2041-12-08","","","Porto Alegre"
"LIC-LIC-01","Telefonica Brasil S.a.","50409146366","010","105802021","698961048","RUA BERTHOLDO MÁRIO THEBICH    175","","RS","4314902","100MG7W","NR","SA-NSA","","3450","3450","170","FB","","","760","168242103257","16.8","23.8","65","0","X","44","168242103257","200","-29.98424","-51.19398","G","2024-12-04","2013-06-10","","0d2b3af802045df5","2041-12-08","","","Porto Alegre"
"LIC-LIC-01","Telefonica Brasil S.a.","50409146366","010","105802021","698961048","RUA BERTHOLDO MÁRIO THEBICH    175","","RS","4314902","100MG7W","NR","SA-NSA","","3450","3450","260","FB","","","760","168242103257","16.8","23.8","65","0","X","44","168242103257","200","-29.98424","-51.19398","G","2024-12-04","2013-06-10","","0d2b3af802045df6","2041-12-08","","","Porto Alegre"
"LIC-LIC-01","Telefonica Brasil S.a.","50409146366","010","105802021","698961048","RUA BERTHOLDO MÁRIO THEBICH    175","","RS","4314902","100MG7W","NR","SA-NSA","","3450","3450","350","FB","","","760","168242103257","16.8","23.8","65","0","X","44","168242103257","200","-29.98424","-51.19398","G","2024-12-04","2013-06-10","","0d2b3af802045df7","2041-12-08","","","Porto Alegre"
"LIC-LIC-01","Telefonica Brasil S.a.","50409146366","010","105802021","3770133","AV. DELMAR BARBOSA    681 (CRT)","BRT- TORRE PROPRIA","RS","4314902","100MG7W","NR","SA-NSA","","3450","3450","0","FB","","","760","168242103257","16.8","23.8","65","0","X","25","168242103257","200","-30.01572","-51.10789","G","2024-12-04","1999-10-05","","0d2b3af802045dfe","2041-12-08","","","Porto Alegre"
"LIC-LIC-01","Telefonica Brasil S.a.","50409146366","010","105802021","3770133","AV. DELMAR BARBOSA    681 (CRT)","BRT- TORRE PROPRIA","RS","4314902","100MG7W","NR","SA-NSA","","3450","3450","115","FB","","","760","168242103257","16.8","23.8","65","0","X","25","168242103257","200","-30.01572","-51.10789","G","2024-12-04","1999-10-05","","0d2b3af802045dff","2041-12-08","","","Porto Alegre"
"LIC-LIC-01","Telefonica Brasil S.a.","50409146366","010","105802021","3770133","AV. DELMAR BARBOSA    681 (CRT)","BRT- TORRE PROPRIA","RS","4314902","100MG7W","NR","SA-NSA","","3450","3450","230","FB","","","760","168242103257","16.8","23.8","65","0","X","25","168242103257","200","-30.01572","-51.10789","G","2024-12-04","1999-10-05","","0d2b3af802045e00","2041-12-08","","","Porto Alegre"
"LIC-LIC-01","Telefonica Brasil S.a.","50409146366","010","105802021","699874084","AVENIDA RICARDO LEONIDAS RIBAS   250","","RS","4314902","100MG7W","NR","SA-NSA","","3450","3450","60","FB","","","760","168242103257","16.8","23.8","65","0","X","20","168242103257","200","-30.14735","-51.13401","G","2024-12-04","2014-04-02","","0d2b3af802045e01","2041-12-08","","","Porto Alegre"
"LIC-LIC-01","Telefonica Brasil S.a.","50409146366","010","105802021","699874084","AVENIDA RICARDO LEONIDAS RIBAS   250","","RS","4314902","100MG7W","NR","SA-NSA","","3450","3450","170","FB","","","760","168242103257","16.8","23.8","65","0","X","20","168242103257","200","-30.14735","-51.13401","G","2024-12-04","2014-04-02","","0d2b3af802045e02","2041-12-08","","","Porto Alegre"
"LIC-LIC-01","Telefonica Brasil S.a.","50409146366","010","105802021","699874084","AVENIDA RICARDO LEONIDAS RIBAS   250","","RS","4314902","100MG7W","NR","SA-NSA","","3450","3450","270","FB","","","760","168242103257","16.8","23.8","65","0","X","20","168242103257","200","-30.14735","-51.13401","G","2024-12-04","2014-04-02","","0d2b3af802045e03","2041-12-08","","","Porto Alegre"
"LIC-LIC-01","Telefonica Brasil S.a.","50409146366","010","105802021","1015814325","AVENIDA JOÃO PESSOA    N 453","","RS","4314902","100MG7W","NR","SA-NSA","","3450","3450","10","FB","","","760","116652103257","25","23","60","0","X","42","116652103257","200","-30.0363","-51.22066","G","2024-12-04","2024-05-20","","0d2b3af802045e0a","2041-12-08","","","Porto Alegre"
"LIC-LIC-01","Telefonica Brasil S.a.","50409146366","010","105802021","1015814325","AVENIDA JOÃO PESSOA    N 453","","RS","4314902","100MG7W","NR","SA-NSA","","3450","3450","140","FB","","","760","116652103257","25","23","60","0","X","42","116652103257","200","-30.0363","-51.22066","G","2024-12-04","2024-05-20","","0d2b3af802045e0b","2041-12-08","","","Porto Alegre"
"LIC-LIC-01","Telefonica Brasil S.a.","50409146366","010","105802021","1015814325","AVENIDA JOÃO PESSOA    N 453","","RS","4314902","100MG7W","NR","SA-NSA","","3450","3450","260","FB","","","760","116652103257","25","23","60","0","X","42","116652103257","200","-30.0363","-51.22066","G","2024-12-04","2024-05-20","","0d2b3af802045e0c","2041-12-08","","","Porto Alegre"
"LIC-LIC-01","Telefonica Brasil S.a.","50409146366","010","105802021","699874106","AVENIDA MAJOR DIONISIO DORNELES","142","RS","4314902","100MG7W","NR","SA-NSA","","3450","3450","50","FB","","","760","168242103257","16.8","23.8","65","0","X","18","168242103257","200","-29.98589","-51.11806","G","2024-12-04","2021-09-09","","0d2b3af802045e13","2041-12-08","","","Porto Alegre"
"LIC-LIC-01","Telefonica Brasil S.a.","50409146366","010","105802021","699874106","AVENIDA MAJOR DIONISIO DORNELES","142","RS","4314902","100MG7W","NR","SA-NSA","","3450","3450","170","FB","","","760","168242103257","16.8","23.8","65","0","X","18","168242103257","200","-29.98589","-51.11806","G","2024-12-04","2021-09-09","","0d2b3af802045e14","2041-12-08","","","Porto Alegre"
"LIC-LIC-01","Telefonica Brasil S.a.","50409146366","010","105802021","699874106","AVENIDA MAJOR DIONISIO DORNELES","142","RS","4314902","100MG7W","NR","SA-NSA","","3450","3450","270","FB","","","760","168242103257","16.8","23.8","65","0","X","18","168242103257","200","-29.98589","-51.11806","G","2024-12-04","2021-09-09","","0d2b3af802045e15","2041-12-08","","","Porto Alegre"
"LIC-LIC-01","Telefonica Brasil S.a.","50409146366","010","105802021","574775","AV BRASIL 1506 - PORTO ALEGRE","BRT- TORRE PROPRIA","RS","4314902","100MG7W","NR","SA-NSA","","3450","3450","20","FB","","","760","168242103257","16.8","23.8","65","0","X","30","168242103257","200","-30.00754","-51.19259","G","2024-12-04","2001-01-29","","0d2b3af802045e16","2041-12-08","","","Porto Alegre"
"LIC-LIC-01","Telefonica Brasil S.a.","50409146366","010","105802021","574775","AV BRASIL 1506 - PORTO ALEGRE","BRT- TORRE PROPRIA","RS","4314902","100MG7W","NR","SA-NSA","","3450","3450","140","FB","","","760","168242103257","16.8","23.8","65","0","X","30","168242103257","200","-30.00754","-51.19259","G","2024-12-04","2001-01-29","","0d2b3af802045e17","2041-12-08","","","Porto Alegre"
"LIC-LIC-01","Telefonica Brasil S.a.","50409146366","010","105802021","574775","AV BRASIL 1506 - PORTO ALEGRE","BRT- TORRE PROPRIA","RS","4314902","100MG7W","NR","SA-NSA","","3450","3450","260","FB","","","760","168242103257","16.8","23.8","65","0","X","30","168242103257","200","-30.00754","-51.19259","G","2024-12-04","2001-01-29","","0d2b3af802045e18","2041-12-08","","","Porto Alegre"
"LIC-LIC-01","Telefonica Brasil S.a.","50409146366","010","105802021","697673766","AV. BENTO GONÇALVES    N°: 1880","","RS","4314902","100MG7W","NR","SA-NSA","","3450","3450","90","FB","","","760","116652103257","25","23","60","0","X","23","116652103257","200","-30.05778","-51.19528","G","2024-12-04","2012-08-16","","0d2b3af802045e19","2041-12-08","","","Porto Alegre"
"LIC-LIC-01","Telefonica Brasil S.a.","50409146366","010","105802021","697673766","AV. BENTO GONÇALVES    N°: 1880","","RS","4314902","100MG7W","NR","SA-NSA","","3450","3450","220","FB","","","760","116652103257","25","23","60","0","X","23","116652103257","200","-30.05778","-51.19528","G","2024-12-04","2012-08-16","","0d2b3af802045e1a","2041-12-08","","","Porto Alegre"
"LIC-LIC-01","Telefonica Brasil S.a.","50409146366","010","105802021","697673766","AV. BENTO GONÇALVES    N°: 1880","","RS","4314902","100MG7W","NR","SA-NSA","","3450","3450","340","FB","","","760","116652103257","25","23","60","0","X","23","116652103257","200","-30.05778","-51.19528","G","2024-12-04","2012-08-16","","0d2b3af802045e1b","2041-12-08","","","Porto Alegre"
"LIC-LIC-01","Telefonica Brasil S.a.","50409146366","010","105802021","699802423","AVENIDA BRASIL    410","","RS","4314902","100MG7W","NR","SA-NSA","","3450","3450","100","FB","","","760","168242103257","16.8","23.8","65","0","X","20","168242103257","200","-30.00437","-51.20326","G","2024-12-04","2014-03-13","","0d2b3af802045e1c","2041-12-08","","","Porto Alegre"
"LIC-LIC-01","Telefonica Brasil S.a.","50409146366","010","105802021","699802423","AVENIDA BRASIL    410","","RS","4314902","100MG7W","NR","SA-NSA","","3450","3450","200","FB","","","760","168242103257","16.8","23.8","65","0","X","20","168242103257","200","-30.00437","-51.20326","G","2024-12-04","2014-03-13","","0d2b3af802045e1d","2041-12-08","","","Porto Alegre"
"LIC-LIC-01","Telefonica Brasil S.a.","50409146366","010","105802021","699802423","AVENIDA BRASIL    410","","RS","4314902","100MG7W","NR","SA-NSA","","3450","3450","340","FB","","","760","168242103257","16.8","23.8","65","0","X","20","168242103257","200","-30.00437","-51.20326","G","2024-12-04","2014-03-13","","0d2b3af802045e1e","2041-12-08","","","Porto Alegre"
"LIC-LIC-01","Telefonica Brasil S.a.","50409146366","010","105802021","5186412","RUA CÂNCIO GOMES    300","TORRESUR","RS","4314902","100MG7W","NR","SA-NSA","","3450","3450","30","FB","","","760","168242103257","16.8","23.8","65","-2","X","30","168242103257","200","-30.016339","-51.20935","G","2024-12-04","1999-10-05","","0d2b3af802045e1f","2041-12-08","","","Porto Alegre"
"LIC-LIC-01","Telefonica Brasil S.a.","50409146366","010","105802021","5186412","RUA CÂNCIO GOMES    300","TORRESUR","RS","4314902","100MG7W","NR","SA-NSA","","3450","3450","120","FB","","","760","168242103257","16.8","23.8","65","-2","X","30","168242103257","200","-30.016339","-51.20935","G","2024-12-04","1999-10-05","","0d2b3af802045e22","2041-12-08","","","Porto Alegre"
"LIC-LIC-01","Telefonica Brasil S.a.","50409146366","010","105802021","5186412","RUA CÂNCIO GOMES    300","TORRESUR","RS","4314902","100MG7W","NR","SA-NSA","","3450","3450","220","FB","","","760","168242103257","16.8","23.8","65","-4","X","30","168242103257","200","-30.016339","-51.20935","G","2024-12-04","1999-10-05","","0d2b3af802045e25","2041-12-08","","","Porto Alegre"
"LIC-LIC-01","Telefonica Brasil S.a.","50409146366","010","105802021","1000094275","RUA ONZE DE AGOSTO    56","","RS","4314902","100MG7W","NR","SA-NSA","","3450","3450","90","FB","","","760","168242103257","16.8","23.8","65","0","X","35","168242103257","200","-30.0066","-51.18703","G","2024-12-04","2014-05-22","","0d2b3af802045e2e","2041-12-08","","","Porto Alegre"
"LIC-LIC-01","Telefonica Brasil S.a.","50409146366","010","105802021","1000094275","RUA ONZE DE AGOSTO    56","","RS","4314902","100MG7W","NR","SA-NSA","","3450","3450","210","FB","","","760","168242103257","16.8","23.8","65","0","X","35","168242103257","200","-30.0066","-51.18703","G","2024-12-04","2014-05-22","","0d2b3af802045e2f","2041-12-08","","","Porto Alegre"
"LIC-LIC-01","Telefonica Brasil S.a.","50409146366","010","105802021","1000094275","RUA ONZE DE AGOSTO    56","","RS","4314902","100MG7W","NR","SA-NSA","","3450","3450","330","FB","","","760","168242103257","16.8","23.8","65","0","X","35","168242103257","200","-30.0066","-51.18703","G","2024-12-04","2014-05-22","","0d2b3af802045e30","2041-12-08","","","Porto Alegre"
"LIC-LIC-01","Telefonica Brasil S.a.","50409146366","010","105802021","379966603","RUA PIRAJU    160","TORRESUR","RS","4314902","100MG7W","NR","SA-NSA","","3450","3450","80","FB","","","760","116652103257","25","23","60","0","X","30","116652103257","200","-30.00369","-51.17241","G","2024-12-04","1999-10-13","","0d2b3af802045e43","2041-12-08","","","Porto Alegre"
"LIC-LIC-01","Telefonica Brasil S.a.","50409146366","010","105802021","379966603","RUA PIRAJU    160","TORRESUR","RS","4314902","100MG7W","NR","SA-NSA","","3450","3450","180","FB","","","760","116652103257","25","23","60","0","X","30","116652103257","200","-30.00369","-51.17241","G","2024-12-04","1999-10-13","","0d2b3af802045e44","2041-12-08","","","Porto Alegre"
"LIC-LIC-01","Telefonica Brasil S.a.","50409146366","010","105802021","379966603","RUA PIRAJU    160","TORRESUR","RS","4314902","100MG7W","NR","SA-NSA","","3450","3450","330","FB","","","760","116652103257","25","23","60","0","X","30","116652103257","200","-30.00369","-51.17241","G","2024-12-04","1999-10-13","","0d2b3af802045e45","2041-12-08","","","Porto Alegre"
"LIC-LIC-01","Telefonica Brasil S.a.","50409146366","010","105802021","441122850","RUA JARBAS SIQUEIRA PEREIRA    100","PROPRIO - CLARO","RS","4314902","100MG7W","NR","SA-NSA","","3450","3450","90","FB","","","760","168242103257","16.8","23.8","65","0","X","35","168242103257","200","-30.04275","-51.14651","G","2024-12-04","1999-11-08","","0d2b3af802045e46","2041-12-08","","","Porto Alegre"
"LIC-LIC-01","Telefonica Brasil S.a.","50409146366","010","105802021","441122850","RUA JARBAS SIQUEIRA PEREIRA    100","PROPRIO - CLARO","RS","4314902","100MG7W","NR","SA-NSA","","3450","3450","200","FB","","","760","168242103257","16.8","23.8","65","0","X","35","168242103257","200","-30.04275","-51.14651","G","2024-12-04","1999-11-08","","0d2b3af802045e47","2041-12-08","","","Porto Alegre"
"LIC-LIC-01","Telefonica Brasil S.a.","50409146366","010","105802021","441122850","RUA JARBAS SIQUEIRA PEREIRA    100","PROPRIO - CLARO","RS","4314902","100MG7W","NR","SA-NSA","","3450","3450","330","FB","","","760","168242103257","16.8","23.8","65","0","X","35","168242103257","200","-30.04275","-51.14651","G","2024-12-04","1999-11-08","","0d2b3af802045e48","2041-12-08","","","Porto Alegre"
"LIC-LIC-01","Telefonica Brasil S.a.","50409146366","010","105802021","1008920700","AVENIDA LUIZ MOSCHETTI    290","PROPRIO","RS","4314902","100MG7W","NR","SA-NSA","","3450","3450","30","FB","","","760","168242103257","16.8","23.8","65","0","X","38.8","168242103257","200","-30.06992","-51.17688","G","2024-12-04","2019-08-14","","0d2b3af802045e4c","2041-12-08","","","Porto Alegre"
"LIC-LIC-01","Telefonica Brasil S.a.","50409146366","010","105802021","1008920700","AVENIDA LUIZ MOSCHETTI    290","PROPRIO","RS","4314902","100MG7W","NR","SA-NSA","","3450","3450","130","FB","","","760","168242103257","16.8","23.8","65","0","X","38.8","168242103257","200","-30.06992","-51.17688","G","2024-12-04","2019-08-14","","0d2b3af802045e4d","2041-12-08","","","Porto Alegre"
"LIC-LIC-01","Telefonica Brasil S.a.","50409146366","010","105802021","1008920700","AVENIDA LUIZ MOSCHETTI    290","PROPRIO","RS","4314902","100MG7W","NR","SA-NSA","","3450","3450","240","FB","","","760","168242103257","16.8","23.8","65","0","X","37.8","168242103257","200","-30.06992","-51.17688","G","2024-12-04","2019-08-14","","0d2b3af802045e4e","2041-12-08","","","Porto Alegre"
"LIC-LIC-01","Telefonica Brasil S.a.","50409146366","010","105802021","403010624","RUA TENENTE ARY TARRAGÔ    2333","TORRESUR","RS","4314902","100MG7W","NR","SA-NSA","","3450","3450","20","FB","","","760","168242103257","16.8","23.8","65","0","X","35","168242103257","200","-30.02097","-51.13102","G","2024-12-04","1999-11-08","","0d2b3af802045e4f","2041-12-08","","","Porto Alegre"
"LIC-LIC-01","Telefonica Brasil S.a.","50409146366","010","105802021","403010624","RUA TENENTE ARY TARRAGÔ    2333","TORRESUR","RS","4314902","100MG7W","NR","SA-NSA","","3450","3450","120","FB","","","760","168242103257","16.8","23.8","65","0","X","35","168242103257","200","-30.02097","-51.13102","G","2024-12-04","1999-11-08","","0d2b3af802045e50","2041-12-08","","","Porto Alegre"
"LIC-LIC-01","Telefonica Brasil S.a.","50409146366","010","105802021","403010624","RUA TENENTE ARY TARRAGÔ    2333","TORRESUR","RS","4314902","100MG7W","NR","SA-NSA","","3450","3450","220","FB","","","760","168242103257","16.8","23.8","65","0","X","35","168242103257","200","-30.02097","-51.13102","G","2024-12-04","1999-11-08","","0d2b3af802045e51","2041-12-08","","","Porto Alegre"
"LIC-LIC-01","Telefonica Brasil S.a.","50409146366","010","105802021","699802121","RUA BARÃO DE BAGÉ    S/N","AO LADO DO 467","RS","4314902","100MG7W","NR","SA-NSA","","3450","3450","60","FB","","","760","168242103257","16.8","23.8","65","0","X","32","168242103257","200","-30.03706","-51.15433","G","2024-12-04","2014-03-13","","0d2b3af802045e64","2041-12-08","","","Porto Alegre"
"LIC-LIC-01","Telefonica Brasil S.a.","50409146366","010","105802021","699802121","RUA BARÃO DE BAGÉ    S/N","AO LADO DO 467","RS","4314902","100MG7W","NR","SA-NSA","","3450","3450","170","FB","","","760","168242103257","16.8","23.8","65","0","X","32","168242103257","200","-30.03706","-51.15433","G","2024-12-04","2014-03-13","","0d2b3af802045e65","2041-12-08","","","Porto Alegre"
"LIC-LIC-01","Telefonica Brasil S.a.","50409146366","010","105802021","699802121","RUA BARÃO DE BAGÉ    S/N","AO LADO DO 467","RS","4314902","100MG7W","NR","SA-NSA","","3450","3450","300","FB","","","760","168242103257","16.8","23.8","65","0","X","32","168242103257","200","-30.03706","-51.15433","G","2024-12-04","2014-03-13","","0d2b3af802045e66","2041-12-08","","","Porto Alegre"
"LIC-LIC-01","Telefonica Brasil S.a.","50409146366","010","105802021","699874033","RUA DR. MÁRIO TOTTA    2850","","RS","4314902","100MG7W","NR","SA-NSA","","3450","3450","70","FB","","","760","116652103257","25","23","60","0","X","17.7","116652103257","200","-30.10678","-51.23297","G","2024-12-04","2014-04-02","","0d2b3af80241eaf5","2041-12-08","","","Porto Alegre"
"LIC-LIC-01","Telefonica Brasil S.a.","50409146366","010","105802021","699874033","RUA DR. MÁRIO TOTTA    2850","","RS","4314902","100MG7W","NR","SA-NSA","","3450","3450","200","FB","","","760","116652103257","25","23","60","0","X","17.7","116652103257","200","-30.10678","-51.23297","G","2024-12-04","2014-04-02","","0d2b3af80241eaf8","2041-12-08","","","Porto Alegre"
"LIC-LIC-01","Telefonica Brasil S.a.","50409146366","010","105802021","699874033","RUA DR. MÁRIO TOTTA    2850","","RS","4314902","100MG7W","NR","SA-NSA","","3450","3450","320","FB","","","760","116652103257","25","23","60","0","X","17.7","116652103257","200","-30.10678","-51.23297","G","2024-12-04","2014-04-02","","0d2b3af80241eafb","2041-12-08","","","Porto Alegre"
"LIC-LIC-01","Telefonica Brasil S.a.","50409146366","010","105802021","699802350","AV ASSIS BRASIL    1542","","RS","4314902","100MG7W","NR","SA-NSA","","3450","3450","60","FB","","","760","168242103257","16.8","23.8","65","0","X","30.5","168242103257","200","-30.0095","-51.17081","G","2024-12-04","2014-03-13","","0d2b3af80241eb26","2041-12-08","","","Porto Alegre"
"LIC-LIC-01","Telefonica Brasil S.a.","50409146366","010","105802021","699802350","AV ASSIS BRASIL    1542","","RS","4314902","100MG7W","NR","SA-NSA","","3450","3450","190","FB","","","760","168242103257","16.8","23.8","65","0","X","30.5","168242103257","200","-30.0095","-51.17081","G","2024-12-04","2014-03-13","","0d2b3af80241eb27","2041-12-08","","","Porto Alegre"
"LIC-LIC-01","Telefonica Brasil S.a.","50409146366","010","105802021","699802350","AV ASSIS BRASIL    1542","","RS","4314902","100MG7W","NR","SA-NSA","","3450","3450","300","FB","","","760","168242103257","16.8","23.8","65","0","X","30.5","168242103257","200","-30.0095","-51.17081","G","2024-12-04","2014-03-13","","0d2b3af80241eb28","2041-12-08","","","Porto Alegre"
"LIC-LIC-01","Telefonica Brasil S.a.","50409146366","010","105802021","569909","AV.CEL APARÍCIO BORGES    2531 (CRT)","BRT- TORRE PROPRIA - BRT(FIXA)","RS","4314902","100MG7W","NR","SA-NSA","","3450","3450","10","FB","","","760","168242103257","16.8","23.8","65","0","X","45","168242103257","200","-30.06537","-51.18624","G","2024-12-04","2001-01-29","","0d2b3af80241eb32","2041-12-08","","","Porto Alegre"
"LIC-LIC-01","Telefonica Brasil S.a.","50409146366","010","105802021","569909","AV.CEL APARÍCIO BORGES    2531 (CRT)","BRT- TORRE PROPRIA - BRT(FIXA)","RS","4314902","100MG7W","NR","SA-NSA","","3450","3450","140","FB","","","760","168242103257","16.8","23.8","65","0","X","45","168242103257","200","-30.06537","-51.18624","G","2024-12-04","2001-01-29","","0d2b3af80241eb34","2041-12-08","","","Porto Alegre"
"LIC-LIC-01","Telefonica Brasil S.a.","50409146366","010","105802021","569909","AV.CEL APARÍCIO BORGES    2531 (CRT)","BRT- TORRE PROPRIA - BRT(FIXA)","RS","4314902","100MG7W","NR","SA-NSA","","3450","3450","240","FB","","","760","168242103257","16.8","23.8","65","0","X","45","168242103257","200","-30.06537","-51.18624","G","2024-12-04","2001-01-29","","0d2b3af80241eb36","2041-12-08","","","Porto Alegre"
"LIC-LIC-01","Telefonica Brasil S.a.","50409146366","010","105802021","1000550459","AVENIDA LAVRAS    599","","RS","4314902","100MG7W","NR","SA-NSA","","3450","3450","10","FB","","","760","168242103257","16.8","23.8","65","0","X","29","168242103257","200","-30.03824","-51.18572","G","2024-12-04","2014-09-04","","0d2b3af80241eb3b","2041-12-08","","","Porto Alegre"
"LIC-LIC-01","Telefonica Brasil S.a.","50409146366","010","105802021","1000550459","AVENIDA LAVRAS    599","","RS","4314902","100MG7W","NR","SA-NSA","","3450","3450","120","FB","","","760","168242103257","16.8","23.8","65","0","X","29","168242103257","200","-30.03824","-51.18572","G","2024-12-04","2014-09-04","","0d2b3af80241eb3c","2041-12-08","","","Porto Alegre"
"LIC-LIC-01","Telefonica Brasil S.a.","50409146366","010","105802021","1000550459","AVENIDA LAVRAS    599","","RS","4314902","100MG7W","NR","SA-NSA","","3450","3450","220","FB","","","760","168242103257","16.8","23.8","65","0","X","29","168242103257","200","-30.03824","-51.18572","G","2024-12-04","2014-09-04","","0d2b3af80241eb3d","2041-12-08","","","Porto Alegre"
"LIC-LIC-01","Telefonica Brasil S.a.","50409146366","010","105802021","1011932382","AVENIDA CORONEL MARCOS    162","","RS","4314902","100MG7W","NR","SA-NSA","","3450","3450","5","FB","","","760","168242103257","16.8","23.8","65","0","X","16","168242103257","200","-30.123065","-51.25445","G","2024-12-04","2021-05-13","","0d2b3af80241eb3e","2041-12-08","","","Porto Alegre"
"LIC-LIC-01","Telefonica Brasil S.a.","50409146366","010","105802021","1011932382","AVENIDA CORONEL MARCOS    162","","RS","4314902","100MG7W","NR","SA-NSA","","3450","3450","95","FB","","","760","168242103257","16.8","23.8","65","0","X","16","168242103257","200","-30.123065","-51.25445","G","2024-12-04","2021-05-13","","0d2b3af80241eb44","2041-12-08","","","Porto Alegre"
"LIC-LIC-01","Telefonica Brasil S.a.","50409146366","010","105802021","1011932382","AVENIDA CORONEL MARCOS    162","","RS","4314902","100MG7W","NR","SA-NSA","","3450","3450","285","FB","","","760","168242103257","16.8","23.8","65","0","X","16","168242103257","200","-30.123065","-51.25445","G","2024-12-04","2021-05-13","","0d2b3af80241eb4a","2041-12-08","","","Porto Alegre"
"LIC-LIC-01","Telefonica Brasil S.a.","50409146366","010","105802021","3769860","AV. PLÍNIO KROEFF    1580","TORRESUR","RS","4314902","100MG7W","NR","SA-NSA","","3450","3450","30","FB","","","760","168242103257","16.8","23.8","65","0","X","30","168242103257","200","-29.998211","-51.114839","G","2024-12-04","1999-04-27","","0d2b3af80241eb50","2041-12-08","","","Porto Alegre"
"LIC-LIC-01","Telefonica Brasil S.a.","50409146366","010","105802021","3769860","AV. PLÍNIO KROEFF    1580","TORRESUR","RS","4314902","100MG7W","NR","SA-NSA","","3450","3450","120","FB","","","760","168242103257","16.8","23.8","65","0","X","30","168242103257","200","-29.998211","-51.114839","G","2024-12-04","1999-04-27","","0d2b3af80241eb51","2041-12-08","","","Porto Alegre"
"LIC-LIC-01","Telefonica Brasil S.a.","50409146366","010","105802021","3769860","AV. PLÍNIO KROEFF    1580","TORRESUR","RS","4314902","100MG7W","NR","SA-NSA","","3450","3450","210","FB","","","760","168242103257","16.8","23.8","65","0","X","2","168242103257","200","-29.998211","-51.114839","G","2024-12-04","1999-04-27","","0d2b3af80241eb52","2041-12-08","","","Porto Alegre"
"LIC-LIC-01","Telefonica Brasil S.a.","50409146366","010","105802021","1011503805","RUA LINDOLFO HENKE    230","","RS","4314902","100MG7W","NR","SA-NSA","","3450","3450","30","FB","","","760","168242103257","16.8","23.8","65","0","X","47","168242103257","200","-30.00438","-51.12799","G","2024-12-04","2020-11-25","","0d2b3af80241eb5f","2041-12-08","","","Porto Alegre"
"LIC-LIC-01","Telefonica Brasil S.a.","50409146366","010","105802021","1011503805","RUA LINDOLFO HENKE    230","","RS","4314902","100MG7W","NR","SA-NSA","","3450","3450","120","FB","","","760","168242103257","16.8","23.8","65","0","X","47","168242103257","200","-30.00438","-51.12799","G","2024-12-04","2020-11-25","","0d2b3af80241eb60","2041-12-08","","","Porto Alegre"
"LIC-LIC-01","Telefonica Brasil S.a.","50409146366","010","105802021","1011503805","RUA LINDOLFO HENKE    230","","RS","4314902","100MG7W","NR","SA-NSA","","3450","3450","250","FB","","","760","168242103257","16.8","23.8","65","0","X","47","168242103257","200","-30.00438","-51.12799","G","2024-12-04","2020-11-25","","0d2b3af80241eb61","2041-12-08","","","Porto Alegre"
"LIC-LIC-01","Telefonica Brasil S.a.","50409146366","010","105802021","3770036","RUA PROF. JOÃO DE SOUZA RIBEIRO    367","PROPRIO","RS","4314902","100MG7W","NR","SA-NSA","","3450","3450","15","FB","","","760","168242103257","16.8","23.8","65","0","X","45","168242103257","200","-29.98442","-51.19171","G","2024-12-04","1999-10-05","","0d2b3af80241eb65","2041-12-08","","","Porto Alegre"
"LIC-LIC-01","Telefonica Brasil S.a.","50409146366","010","105802021","3770036","RUA PROF. JOÃO DE SOUZA RIBEIRO    367","PROPRIO","RS","4314902","100MG7W","NR","SA-NSA","","3450","3450","105","FB","","","760","168242103257","16.8","23.8","65","0","X","45","168242103257","200","-29.98442","-51.19171","G","2024-12-04","1999-10-05","","0d2b3af80241eb66","2041-12-08","","","Porto Alegre"
"LIC-LIC-01","Telefonica Brasil S.a.","50409146366","010","105802021","3770036","RUA PROF. JOÃO DE SOUZA RIBEIRO    367","PROPRIO","RS","4314902","100MG7W","NR","SA-NSA","","3450","3450","195","FB","","","760","168242103257","16.8","23.8","65","0","X","45","168242103257","200","-29.98442","-51.19171","G","2024-12-04","1999-10-05","","0d2b3af80241eb67","2041-12-08","","","Porto Alegre"
"LIC-LIC-01","Telefonica Brasil S.a.","50409146366","010","105802021","442308485","RUA N. SRA DA BOA VIAGEM    1390 ENTRE PRAÇA DR SALOMÃO E R STA LUZIA","PROPRIO","RS","4314902","100MG7W","NR","SA-NSA","","3450","3450","180","FB","","","760","168242103257","16.8","23.8","65","0","X","42","168242103257","200","-30.01896","-51.25696","G","2024-12-04","1999-11-08","","0d2b3af80241eb71","2041-12-08","","","Porto Alegre"
"LIC-LIC-01","Telefonica Brasil S.a.","50409146366","010","105802021","442308485","RUA N. SRA DA BOA VIAGEM    1390 ENTRE PRAÇA DR SALOMÃO E R STA LUZIA","PROPRIO","RS","4314902","100MG7W","NR","SA-NSA","","3450","3450","340","FB","","","760","168242103257","16.8","23.8","65","0","X","42","168242103257","200","-30.01896","-51.25696","G","2024-12-04","1999-11-08","","0d2b3af80241eb72","2041-12-08","","","Porto Alegre"
"LIC-LIC-01","Telefonica Brasil S.a.","50409146366","010","105802021","3769852","RUA JAMAICA    40","TORRESUR","RS","4314902","100MG7W","NR","SA-NSA","","3450","3450","110","FB","","","760","168242103257","16.8","23.8","65","0","X","30","168242103257","200","-30.00233","-51.13605","G","2024-12-04","1999-10-05","","0d2b3af80241eb80","2041-12-08","","","Porto Alegre"
"LIC-LIC-01","Telefonica Brasil S.a.","50409146366","010","105802021","3769852","RUA JAMAICA    40","TORRESUR","RS","4314902","100MG7W","NR","SA-NSA","","3450","3450","230","FB","","","760","168242103257","16.8","23.8","65","0","X","30","168242103257","200","-30.00233","-51.13605","G","2024-12-04","1999-10-05","","0d2b3af80241eb83","2041-12-08","","","Porto Alegre"
"LIC-LIC-01","Telefonica Brasil S.a.","50409146366","010","105802021","3769852","RUA JAMAICA    40","TORRESUR","RS","4314902","100MG7W","NR","SA-NSA","","3450","3450","350","FB","","","760","168242103257","16.8","23.8","65","0","X","30","168242103257","200","-30.00233","-51.13605","G","2024-12-04","1999-10-05","","0d2b3af80241eb86","2041-12-08","","","Porto Alegre"
"LIC-LIC-01","Telefonica Brasil S.a.","50409146366","010","105802021","1008920697","RUA LUIZ CAETANO ANTINOLFI    181","","RS","4314902","100MG7W","NR","SA-NSA","","3450","3450","80","FB","","","760","168242103257","16.8","23.8","65","0","X","40","168242103257","200","-30.01994","-51.12433","G","2024-12-04","2019-08-14","","0d2b3af80241eb98","2041-12-08","","","Porto Alegre"
"LIC-LIC-01","Telefonica Brasil S.a.","50409146366","010","105802021","1008920697","RUA LUIZ CAETANO ANTINOLFI    181","","RS","4314902","100MG7W","NR","SA-NSA","","3450","3450","210","FB","","","760","168242103257","16.8","23.8","65","0","X","40","168242103257","200","-30.01994","-51.12433","G","2024-12-04","2019-08-14","","0d2b3af80241eb99","2041-12-08","","","Porto Alegre"
"LIC-LIC-01","Telefonica Brasil S.a.","50409146366","010","105802021","1008920697","RUA LUIZ CAETANO ANTINOLFI    181","","RS","4314902","100MG7W","NR","SA-NSA","","3450","3450","320","FB","","","760","168242103257","16.8","23.8","65","0","X","40","168242103257","200","-30.01994","-51.12433","G","2024-12-04","2019-08-14","","0d2b3af80241eb9a","2041-12-08","","","Porto Alegre"
"LIC-LIC-01","Telefonica Brasil S.a.","50409146366","010","105802021","5185246","NEI C. FERREIRA     301 - MORRO DO SABIÁ","PROPRIO","RS","4314902","100MG7W","NR","SA-NSA","","3450","3450","65","FB","","","760","168242103257","16.8","23.8","65","0","X","14","168242103257","200","-30.13098","-51.24347","G","2024-12-04","2000-10-13","","0d2b3af80241eba1","2041-12-08","","","Porto Alegre"
"LIC-LIC-01","Telefonica Brasil S.a.","50409146366","010","105802021","5185246","NEI C. FERREIRA     301 - MORRO DO SABIÁ","PROPRIO","RS","4314902","100MG7W","NR","SA-NSA","","3450","3450","340","FB","","","760","168242103257","16.8","23.8","65","0","X","14","168242103257","200","-30.13098","-51.24347","G","2024-12-04","2000-10-13","","0d2b3af80241eba2","2041-12-08","","","Porto Alegre"
"LIC-LIC-01","Telefonica Brasil S.a.","50409146366","010","105802021","1007224263","RUA PORTO BELO    34","","RS","4314902","100MG7W","NR","SA-NSA","","3450","3450","40","FB","","","760","168242103257","16.8","23.8","65","0","X","32","168242103257","200","-30.01823","-51.14344","G","2024-12-04","2018-09-05","","0d2b3af80241eba3","2041-12-08","","","Porto Alegre"
"LIC-LIC-01","Telefonica Brasil S.a.","50409146366","010","105802021","1007224263","RUA PORTO BELO    34","","RS","4314902","100MG7W","NR","SA-NSA","","3450","3450","150","FB","","","760","168242103257","16.8","23.8","65","0","X","32","168242103257","200","-30.01823","-51.14344","G","2024-12-04","2018-09-05","","0d2b3af80241eba7","2041-12-08","","","Porto Alegre"
"LIC-LIC-01","Telefonica Brasil S.a.","50409146366","010","105802021","1007224263","RUA PORTO BELO    34","","RS","4314902","100MG7W","NR","SA-NSA","","3450","3450","290","FB","","","760","168242103257","16.8","23.8","65","0","X","30","168242103257","200","-30.01823","-51.14344","G","2024-12-04","2018-09-05","","0d2b3af80241ebab","2041-12-08","","","Porto Alegre"
"LIC-LIC-01","Telefonica Brasil S.a.","50409146366","010","105802021","3770133","AV. DELMAR BARBOSA    681 (CRT)","BRT- TORRE PROPRIA","RS","4314902","100MG7W","NR","SA-NSA","","3450","3450","0","FB","","","760","168242103257","16.8","23.8","65","0","X","25","168242103257","200","-30.01572","-51.10789","G","2024-12-04","1999-10-05","","0d2b3af80241ebd0","2041-12-08","","","Porto Alegre"
"LIC-LIC-01","Telefonica Brasil S.a.","50409146366","010","105802021","3770133","AV. DELMAR BARBOSA    681 (CRT)","BRT- TORRE PROPRIA","RS","4314902","100MG7W","NR","SA-NSA","","3450","3450","115","FB","","","760","168242103257","16.8","23.8","65","0","X","25","168242103257","200","-30.01572","-51.10789","G","2024-12-04","1999-10-05","","0d2b3af80241ebd2","2041-12-08","","","Porto Alegre"
"LIC-LIC-01","Telefonica Brasil S.a.","50409146366","010","105802021","3770133","AV. DELMAR BARBOSA    681 (CRT)","BRT- TORRE PROPRIA","RS","4314902","100MG7W","NR","SA-NSA","","3450","3450","230","FB","","","760","168242103257","16.8","23.8","65","0","X","25","168242103257","200","-30.01572","-51.10789","G","2024-12-04","1999-10-05","","0d2b3af80241ebd4","2041-12-08","","","Porto Alegre"
"LIC-LIC-01","Telefonica Brasil S.a.","50409146366","010","105802021","699874084","AVENIDA RICARDO LEONIDAS RIBAS   250","","RS","4314902","100MG7W","NR","SA-NSA","","3450","3450","60","FB","","","760","168242103257","16.8","23.8","65","0","X","20","168242103257","200","-30.14735","-51.13401","G","2024-12-04","2014-04-02","","0d2b3af80241ebeb","2041-12-08","","","Porto Alegre"
"LIC-LIC-01","Telefonica Brasil S.a.","50409146366","010","105802021","699874084","AVENIDA RICARDO LEONIDAS RIBAS   250","","RS","4314902","100MG7W","NR","SA-NSA","","3450","3450","170","FB","","","760","168242103257","16.8","23.8","65","0","X","20","168242103257","200","-30.14735","-51.13401","G","2024-12-04","2014-04-02","","0d2b3af80241ebec","2041-12-08","","","Porto Alegre"
"LIC-LIC-01","Telefonica Brasil S.a.","50409146366","010","105802021","699874084","AVENIDA RICARDO LEONIDAS RIBAS   250","","RS","4314902","100MG7W","NR","SA-NSA","","3450","3450","270","FB","","","760","168242103257","16.8","23.8","65","0","X","20","168242103257","200","-30.14735","-51.13401","G","2024-12-04","2014-04-02","","0d2b3af80241ebed","2041-12-08","","","Porto Alegre"
"LIC-LIC-01","Telefonica Brasil S.a.","50409146366","010","105802021","1015814325","AVENIDA JOÃO PESSOA    N 453","","RS","4314902","100MG7W","NR","SA-NSA","","3450","3450","10","FB","","","760","116652103257","25","23","60","0","X","42","116652103257","200","-30.0363","-51.22066","G","2024-12-04","2024-05-20","","0d2b3af80241ec00","2041-12-08","","","Porto Alegre"
"LIC-LIC-01","Telefonica Brasil S.a.","50409146366","010","105802021","1015814325","AVENIDA JOÃO PESSOA    N 453","","RS","4314902","100MG7W","NR","SA-NSA","","3450","3450","140","FB","","","760","116652103257","25","23","60","0","X","42","116652103257","200","-30.0363","-51.22066","G","2024-12-04","2024-05-20","","0d2b3af80241ec01","2041-12-08","","","Porto Alegre"
"LIC-LIC-01","Telefonica Brasil S.a.","50409146366","010","105802021","1015814325","AVENIDA JOÃO PESSOA    N 453","","RS","4314902","100MG7W","NR","SA-NSA","","3450","3450","260","FB","","","760","116652103257","25","23","60","0","X","42","116652103257","200","-30.0363","-51.22066","G","2024-12-04","2024-05-20","","0d2b3af80241ec02","2041-12-08","","","Porto Alegre"
"LIC-LIC-01","Telefonica Brasil S.a.","50409146366","010","105802021","699874106","AVENIDA MAJOR DIONISIO DORNELES","142","RS","4314902","100MG7W","NR","SA-NSA","","3450","3450","50","FB","","","760","168242103257","16.8","23.8","65","0","X","18","168242103257","200","-29.98589","-51.11806","G","2024-12-04","2021-09-09","","0d2b3af80241ec0f","2041-12-08","","","Porto Alegre"
"LIC-LIC-01","Telefonica Brasil S.a.","50409146366","010","105802021","699874106","AVENIDA MAJOR DIONISIO DORNELES","142","RS","4314902","100MG7W","NR","SA-NSA","","3450","3450","170","FB","","","760","168242103257","16.8","23.8","65","0","X","18","168242103257","200","-29.98589","-51.11806","G","2024-12-04","2021-09-09","","0d2b3af80241ec14","2041-12-08","","","Porto Alegre"
"LIC-LIC-01","Telefonica Brasil S.a.","50409146366","010","105802021","699874106","AVENIDA MAJOR DIONISIO DORNELES","142","RS","4314902","100MG7W","NR","SA-NSA","","3450","3450","270","FB","","","760","168242103257","16.8","23.8","65","0","X","18","168242103257","200","-29.98589","-51.11806","G","2024-12-04","2021-09-09","","0d2b3af80241ec19","2041-12-08","","","Porto Alegre"
"LIC-LIC-01","Telefonica Brasil S.a.","50409146366","010","105802021","697673766","AV. BENTO GONÇALVES    N°: 1880","","RS","4314902","100MG7W","NR","SA-NSA","","3450","3450","90","FB","","","760","116652103257","25","23","60","0","X","23","116652103257","200","-30.05778","-51.19528","G","2024-12-04","2012-08-16","","0d2b3af80241ec1e","2041-12-08","","","Porto Alegre"
"LIC-LIC-01","Telefonica Brasil S.a.","50409146366","010","105802021","697673766","AV. BENTO GONÇALVES    N°: 1880","","RS","4314902","100MG7W","NR","SA-NSA","","3450","3450","220","FB","","","760","116652103257","25","23","60","0","X","23","116652103257","200","-30.05778","-51.19528","G","2024-12-04","2012-08-16","","0d2b3af80241ec1f","2041-12-08","","","Porto Alegre"
"LIC-LIC-01","Telefonica Brasil S.a.","50409146366","010","105802021","697673766","AV. BENTO GONÇALVES    N°: 1880","","RS","4314902","100MG7W","NR","SA-NSA","","3450","3450","340","FB","","","760","116652103257","25","23","60","0","X","23","116652103257","200","-30.05778","-51.19528","G","2024-12-04","2012-08-16","","0d2b3af80241ec20","2041-12-08","","","Porto Alegre"
"LIC-LIC-01","Telefonica Brasil S.a.","50409146366","010","105802021","699802423","AVENIDA BRASIL    410","","RS","4314902","100MG7W","NR","SA-NSA","","3450","3450","100","FB","","","760","168242103257","16.8","23.8","65","0","X","20","168242103257","200","-30.00437","-51.20326","G","2024-12-04","2014-03-13","","0d2b3af80241ec30","2041-12-08","","","Porto Alegre"
"LIC-LIC-01","Telefonica Brasil S.a.","50409146366","010","105802021","699802423","AVENIDA BRASIL    410","","RS","4314902","100MG7W","NR","SA-NSA","","3450","3450","200","FB","","","760","168242103257","16.8","23.8","65","0","X","20","168242103257","200","-30.00437","-51.20326","G","2024-12-04","2014-03-13","","0d2b3af80241ec35","2041-12-08","","","Porto Alegre"
"LIC-LIC-01","Telefonica Brasil S.a.","50409146366","010","105802021","699802423","AVENIDA BRASIL    410","","RS","4314902","100MG7W","NR","SA-NSA","","3450","3450","340","FB","","","760","168242103257","16.8","23.8","65","0","X","20","168242103257","200","-30.00437","-51.20326","G","2024-12-04","2014-03-13","","0d2b3af80241ec3a","2041-12-08","","","Porto Alegre"
"LIC-LIC-01","Telefonica Brasil S.a.","50409146366","010","105802021","5186412","RUA CÂNCIO GOMES    300","TORRESUR","RS","4314902","100MG7W","NR","SA-NSA","","3450","3450","30","FB","","","760","168242103257","16.8","23.8","65","-2","X","30","168242103257","200","-30.016339","-51.20935","G","2024-12-04","1999-10-05","","0d2b3af80241ec3f","2041-12-08","","","Porto Alegre"
"LIC-LIC-01","Telefonica Brasil S.a.","50409146366","010","105802021","5186412","RUA CÂNCIO GOMES    300","TORRESUR","RS","4314902","100MG7W","NR","SA-NSA","","3450","3450","120","FB","","","760","168242103257","16.8","23.8","65","-2","X","30","168242103257","200","-30.016339","-51.20935","G","2024-12-04","1999-10-05","","0d2b3af80241ec42","2041-12-08","","","Porto Alegre"
"LIC-LIC-01","Telefonica Brasil S.a.","50409146366","010","105802021","5186412","RUA CÂNCIO GOMES    300","TORRESUR","RS","4314902","100MG7W","NR","SA-NSA","","3450","3450","220","FB","","","760","168242103257","16.8","23.8","65","-4","X","30","168242103257","200","-30.016339","-51.20935","G","2024-12-04","1999-10-05","","0d2b3af80241ec45","2041-12-08","","","Porto Alegre"
"LIC-LIC-01","Telefonica Brasil S.a.","50409146366","010","105802021","1000094275","RUA ONZE DE AGOSTO    56","","RS","4314902","100MG7W","NR","SA-NSA","","3450","3450","90","FB","","","760","168242103257","16.8","23.8","65","0","X","35","168242103257","200","-30.0066","-51.18703","G","2024-12-04","2014-05-22","","0d2b3af80241ec4e","2041-12-08","","","Porto Alegre"
"LIC-LIC-01","Telefonica Brasil S.a.","50409146366","010","105802021","1000094275","RUA ONZE DE AGOSTO    56","","RS","4314902","100MG7W","NR","SA-NSA","","3450","3450","210","FB","","","760","168242103257","16.8","23.8","65","0","X","35","168242103257","200","-30.0066","-51.18703","G","2024-12-04","2014-05-22","","0d2b3af80241ec4f","2041-12-08","","","Porto Alegre"
"LIC-LIC-01","Telefonica Brasil S.a.","50409146366","010","105802021","1000094275","RUA ONZE DE AGOSTO    56","","RS","4314902","100MG7W","NR","SA-NSA","","3450","3450","330","FB","","","760","168242103257","16.8","23.8","65","0","X","35","168242103257","200","-30.0066","-51.18703","G","2024-12-04","2014-05-22","","0d2b3af80241ec50","2041-12-08","","","Porto Alegre"
"LIC-LIC-01","Telefonica Brasil S.a.","50409146366","010","105802021","379966603","RUA PIRAJU    160","TORRESUR","RS","4314902","100MG7W","NR","SA-NSA","","3450","3450","80","FB","","","760","116652103257","25","23","60","0","X","30","116652103257","200","-30.00369","-51.17241","G","2024-12-04","1999-10-13","","0d2b3af80241ec78","2041-12-08","","","Porto Alegre"
"LIC-LIC-01","Telefonica Brasil S.a.","50409146366","010","105802021","379966603","RUA PIRAJU    160","TORRESUR","RS","4314902","100MG7W","NR","SA-NSA","","3450","3450","180","FB","","","760","116652103257","25","23","60","0","X","30","116652103257","200","-30.00369","-51.17241","G","2024-12-04","1999-10-13","","0d2b3af80241ec79","2041-12-08","","","Porto Alegre"
"LIC-LIC-01","Telefonica Brasil S.a.","50409146366","010","105802021","379966603","RUA PIRAJU    160","TORRESUR","RS","4314902","100MG7W","NR","SA-NSA","","3450","3450","330","FB","","","760","116652103257","25","23","60","0","X","30","116652103257","200","-30.00369","-51.17241","G","2024-12-04","1999-10-13","","0d2b3af80241ec7a","2041-12-08","","","Porto Alegre"
"LIC-LIC-01","Telefonica Brasil S.a.","50409146366","010","105802021","441122850","RUA JARBAS SIQUEIRA PEREIRA    100","PROPRIO - CLARO","RS","4314902","100MG7W","NR","SA-NSA","","3450","3450","90","FB","","","760","168242103257","16.8","23.8","65","0","X","35","168242103257","200","-30.04275","-51.14651","G","2024-12-04","1999-11-08","","0d2b3af80241ec7e","2041-12-08","","","Porto Alegre"
"LIC-LIC-01","Telefonica Brasil S.a.","50409146366","010","105802021","441122850","RUA JARBAS SIQUEIRA PEREIRA    100","PROPRIO - CLARO","RS","4314902","100MG7W","NR","SA-NSA","","3450","3450","200","FB","","","760","168242103257","16.8","23.8","65","0","X","35","168242103257","200","-30.04275","-51.14651","G","2024-12-04","1999-11-08","","0d2b3af80241ec7f","2041-12-08","","","Porto Alegre"
"LIC-LIC-01","Telefonica Brasil S.a.","50409146366","010","105802021","441122850","RUA JARBAS SIQUEIRA PEREIRA    100","PROPRIO - CLARO","RS","4314902","100MG7W","NR","SA-NSA","","3450","3450","330","FB","","","760","168242103257","16.8","23.8","65","0","X","35","168242103257","200","-30.04275","-51.14651","G","2024-12-04","1999-11-08","","0d2b3af80241ec80","2041-12-08","","","Porto Alegre"
"LIC-LIC-01","Telefonica Brasil S.a.","50409146366","010","105802021","1008920700","AVENIDA LUIZ MOSCHETTI    290","PROPRIO","RS","4314902","100MG7W","NR","SA-NSA","","3450","3450","30","FB","","","760","168242103257","16.8","23.8","65","0","X","38.8","168242103257","200","-30.06992","-51.17688","G","2024-12-04","2019-08-14","","0d2b3af80241ec99","2041-12-08","","","Porto Alegre"
"LIC-LIC-01","Telefonica Brasil S.a.","50409146366","010","105802021","1008920700","AVENIDA LUIZ MOSCHETTI    290","PROPRIO","RS","4314902","100MG7W","NR","SA-NSA","","3450","3450","130","FB","","","760","168242103257","16.8","23.8","65","0","X","38.8","168242103257","200","-30.06992","-51.17688","G","2024-12-04","2019-08-14","","0d2b3af80241ec9c","2041-12-08","","","Porto Alegre"
"LIC-LIC-01","Telefonica Brasil S.a.","50409146366","010","105802021","1008920700","AVENIDA LUIZ MOSCHETTI    290","PROPRIO","RS","4314902","100MG7W","NR","SA-NSA","","3450","3450","240","FB","","","760","168242103257","16.8","23.8","65","0","X","37.8","168242103257","200","-30.06992","-51.17688","G","2024-12-04","2019-08-14","","0d2b3af80241ec9f","2041-12-08","","","Porto Alegre"
"LIC-LIC-01","Telefonica Brasil S.a.","50409146366","010","105802021","403010624","RUA TENENTE ARY TARRAGÔ    2333","TORRESUR","RS","4314902","100MG7W","NR","SA-NSA","","3450","3450","20","FB","","","760","168242103257","16.8","23.8","65","0","X","35","168242103257","200","-30.02097","-51.13102","G","2024-12-04","1999-11-08","","0d2b3af80241eca5","2041-12-08","","","Porto Alegre"
"LIC-LIC-01","Telefonica Brasil S.a.","50409146366","010","105802021","403010624","RUA TENENTE ARY TARRAGÔ    2333","TORRESUR","RS","4314902","100MG7W","NR","SA-NSA","","3450","3450","120","FB","","","760","168242103257","16.8","23.8","65","0","X","35","168242103257","200","-30.02097","-51.13102","G","2024-12-04","1999-11-08","","0d2b3af80241eca6","2041-12-08","","","Porto Alegre"
"LIC-LIC-01","Telefonica Brasil S.a.","50409146366","010","105802021","403010624","RUA TENENTE ARY TARRAGÔ    2333","TORRESUR","RS","4314902","100MG7W","NR","SA-NSA","","3450","3450","220","FB","","","760","168242103257","16.8","23.8","65","0","X","35","168242103257","200","-30.02097","-51.13102","G","2024-12-04","1999-11-08","","0d2b3af80241eca7","2041-12-08","","","Porto Alegre"
"LIC-LIC-01","Telefonica Brasil S.a.","50409146366","010","105802021","699802121","RUA BARÃO DE BAGÉ    S/N","AO LADO DO 467","RS","4314902","100MG7W","NR","SA-NSA","","3450","3450","60","FB","","","760","168242103257","16.8","23.8","65","0","X","32","168242103257","200","-30.03706","-51.15433","G","2024-12-04","2014-03-13","","0d2b3af80241ece7","2041-12-08","","","Porto Alegre"
"LIC-LIC-01","Telefonica Brasil S.a.","50409146366","010","105802021","699802121","RUA BARÃO DE BAGÉ    S/N","AO LADO DO 467","RS","4314902","100MG7W","NR","SA-NSA","","3450","3450","170","FB","","","760","168242103257","16.8","23.8","65","0","X","32","168242103257","200","-30.03706","-51.15433","G","2024-12-04","2014-03-13","","0d2b3af80241ece8","2041-12-08","","","Porto Alegre"
"LIC-LIC-01","Telefonica Brasil S.a.","50409146366","010","105802021","699802121","RUA BARÃO DE BAGÉ    S/N","AO LADO DO 467","RS","4314902","100MG7W","NR","SA-NSA","","3450","3450","300","FB","","","760","168242103257","16.8","23.8","65","0","X","32","168242103257","200","-30.03706","-51.15433","G","2024-12-04","2014-03-13","","0d2b3af80241ece9","2041-12-08","","","Porto Alegre"
"LIC-LIC-01","TIM S A","50409314250","010","105812021","1008722992","AVENIDA PADRE LEOPOLDO BRENTANO","AQUISITADO","RS","4314902","100MG7W","NR","SA-NSA","","3550","3550","70","FB","","","760","0","4","0","0","-4","X","40","168242103257","0.25","-29.974056","-51.195111","E","2024-12-13","2019-07-01","","006d3af80006abc9","2041-12-08","","","Porto Alegre"
"LIC-LIC-01","Telefonica Brasil S.a.","50409146366","010","105802021","574775","AVENIDA BRASIL","RBR-NÃO","RS","4314902","100MG7W","NR","SA-NSA","","3450","3450","20","FB","","","760","168242103257","16.8","23.8","65","0","X","30","168242103257","200","-30.00754","-51.19259","G","2024-12-09","2001-01-29","","86073af803af03d0","2041-12-08","","","Porto Alegre"
"LIC-LIC-01","Telefonica Brasil S.a.","50409146366","010","105802021","574775","AVENIDA BRASIL","RBR-NÃO","RS","4314902","100MG7W","NR","SA-NSA","","3450","3450","140","FB","","","760","168242103257","16.8","23.8","65","0","X","30","168242103257","200","-30.00754","-51.19259","G","2024-12-09","2001-01-29","","86073af803af03d1","2041-12-08","","","Porto Alegre"
"LIC-LIC-01","Telefonica Brasil S.a.","50409146366","010","105802021","574775","AVENIDA BRASIL","RBR-NÃO","RS","4314902","100MG7W","NR","SA-NSA","","3450","3450","260","FB","","","760","168242103257","16.8","23.8","65","0","X","30","168242103257","200","-30.00754","-51.19259","G","2024-12-09","2001-01-29","","86073af803af03d2","2041-12-08","","","Porto Alegre"
"LIC-LIC-01","Telefonica Brasil S.a.","50409146366","010","105802021","3769887","RUA PARQUE DOS NATIVOS","PROPRIO","RS","4314902","100MG7W","NR","SA-NSA","","3450","3450","0","FB","","","760","116652103257","25","23","60","0","X","30","116652103257","200","-30.02261","-51.15082","G","2024-12-09","1999-10-05","","86073af803af03d3","2041-12-08","","","Porto Alegre"
"LIC-LIC-01","Telefonica Brasil S.a.","50409146366","010","105802021","3769887","RUA PARQUE DOS NATIVOS","PROPRIO","RS","4314902","100MG7W","NR","SA-NSA","","3450","3450","100","FB","","","760","116652103257","25","23","60","0","X","30","116652103257","200","-30.02261","-51.15082","G","2024-12-09","1999-10-05","","86073af803af03d4","2041-12-08","","","Porto Alegre"
"LIC-LIC-01","Telefonica Brasil S.a.","50409146366","010","105802021","3769887","RUA PARQUE DOS NATIVOS","PROPRIO","RS","4314902","100MG7W","NR","SA-NSA","","3450","3450","250","FB","","","760","116652103257","25","23","60","0","X","30","116652103257","200","-30.02261","-51.15082","G","2024-12-09","1999-10-05","","86073af803af03d5","2041-12-08","","","Porto Alegre"
"LIC-LIC-01","Telefonica Brasil S.a.","50409146366","010","105802021","6444318","Rua Doutor Barcelos","","RS","4314902","100MG7W","NR","SA-NSA","","3450","3450","10","FB","","","760","168242103257","16.8","23.8","65","0","X","45","168242103257","200","-30.09972","-51.23222","G","2024-12-09","2000-09-27","","86073af803af03dc","2041-12-08","","","Porto Alegre"
"LIC-LIC-01","Telefonica Brasil S.a.","50409146366","010","105802021","6444318","Rua Doutor Barcelos","","RS","4314902","100MG7W","NR","SA-NSA","","3450","3450","140","FB","","","760","168242103257","16.8","23.8","65","0","X","45","168242103257","200","-30.09972","-51.23222","G","2024-12-09","2000-09-27","","86073af803af03dd","2041-12-08","","","Porto Alegre"
"LIC-LIC-01","Telefonica Brasil S.a.","50409146366","010","105802021","6444318","Rua Doutor Barcelos","","RS","4314902","100MG7W","NR","SA-NSA","","3450","3450","250","FB","","","760","168242103257","16.8","23.8","65","0","X","45","168242103257","200","-30.09972","-51.23222","G","2024-12-09","2000-09-27","","86073af803af03de","2041-12-08","","","Porto Alegre"
"LIC-LIC-01","Telefonica Brasil S.a.","50409146366","010","105802021","436298260","RUA VITOR SILVA    65","TORRESUR","RS","4314902","100MG7W","NR","SA-NSA","","3450","3450","15","FB","","","760","168242103257","16.8","23.8","65","0","X","25","168242103257","200","-30.10651","-51.2424","G","2024-12-09","1999-11-08","","86073af803af03e8","2041-12-08","","","Porto Alegre"
"LIC-LIC-01","Telefonica Brasil S.a.","50409146366","010","105802021","436298260","RUA VITOR SILVA    65","TORRESUR","RS","4314902","100MG7W","NR","SA-NSA","","3450","3450","120","FB","","","760","168242103257","16.8","23.8","65","0","X","25","168242103257","200","-30.10651","-51.2424","G","2024-12-09","1999-11-08","","86073af803af03e9","2041-12-08","","","Porto Alegre"
"LIC-LIC-01","Telefonica Brasil S.a.","50409146366","010","105802021","436298260","RUA VITOR SILVA    65","TORRESUR","RS","4314902","100MG7W","NR","SA-NSA","","3450","3450","220","FB","","","760","168242103257","16.8","23.8","65","0","X","25","168242103257","200","-30.10651","-51.2424","G","2024-12-09","1999-11-08","","86073af803af03ea","2041-12-08","","","Porto Alegre"
"LIC-LIC-01","Telefonica Brasil S.a.","50409146366","010","105802021","441510531","AVENIDA CORONEL LUCAS DE OLIVEIRA","","RS","4314902","100MG7W","NR","SA-NSA","","3450","3450","100","FB","","","760","168242103257","16.8","23.8","65","-2","X","28","168242103257","200","-30.04333","-51.195","G","2024-12-09","1999-11-08","","86073af803af03ee","2041-12-08","","","Porto Alegre"
"LIC-LIC-01","Telefonica Brasil S.a.","50409146366","010","105802021","441510531","AVENIDA CORONEL LUCAS DE OLIVEIRA","","RS","4314902","100MG7W","NR","SA-NSA","","3450","3450","220","FB","","","760","168242103257","16.8","23.8","65","-4","X","28","168242103257","200","-30.04333","-51.195","G","2024-12-09","1999-11-08","","86073af803af03ef","2041-12-08","","","Porto Alegre"
"LIC-LIC-01","Telefonica Brasil S.a.","50409146366","010","105802021","441510531","AVENIDA CORONEL LUCAS DE OLIVEIRA","","RS","4314902","100MG7W","NR","SA-NSA","","3450","3450","330","FB","","","760","168242103257","16.8","23.8","65","-4","X","28","168242103257","200","-30.04333","-51.195","G","2024-12-09","1999-11-08","","86073af803af03f0","2041-12-08","","","Porto Alegre"
"LIC-LIC-01","Telefonica Brasil S.a.","50409146366","010","105802021","534231829","Av. Edvaldo Pereira Paiva","","RS","4314902","100MG7W","NR","SA-NSA","","3450","3450","40","FB","","","760","116652103257","25","23","60","-8","X","45","116652103257","200","-30.06611","-51.23806","G","2024-12-09","2000-09-06","","86073af803af03f1","2041-12-08","","","Porto Alegre"
"LIC-LIC-01","Telefonica Brasil S.a.","50409146366","010","105802021","534231829","Av. Edvaldo Pereira Paiva","","RS","4314902","100MG7W","NR","SA-NSA","","3450","3450","70","FB","","","760","116652103257","25","23","60","0","X","45","116652103257","200","-30.06611","-51.23806","G","2024-12-09","2000-09-06","","86073af803af03f2","2041-12-08","","","Porto Alegre"
"LIC-LIC-01","Telefonica Brasil S.a.","50409146366","010","105802021","534231829","Av. Edvaldo Pereira Paiva","","RS","4314902","100MG7W","NR","SA-NSA","","3450","3450","210","FB","","","760","116652103257","25","23","60","-8","X","45","116652103257","200","-30.06611","-51.23806","G","2024-12-09","2000-09-06","","86073af803af03f3","2041-12-08","","","Porto Alegre"
"LIC-LIC-01","Telefonica Brasil S.a.","50409146366","010","105802021","698961048","RUA BERTHOLDO MARIO THEBICH","","RS","4314902","100MG7W","NR","SA-NSA","","3450","3450","170","FB","","","760","168242103257","16.8","23.8","65","0","X","44","168242103257","200","-29.98389","-51.19361","G","2024-12-09","2013-06-10","","86073af803af042c","2041-12-08","","","Porto Alegre"
"LIC-LIC-01","Telefonica Brasil S.a.","50409146366","010","105802021","698961048","RUA BERTHOLDO MARIO THEBICH","","RS","4314902","100MG7W","NR","SA-NSA","","3450","3450","260","FB","","","760","168242103257","16.8","23.8","65","0","X","44","168242103257","200","-29.98389","-51.19361","G","2024-12-09","2013-06-10","","86073af803af042d","2041-12-08","","","Porto Alegre"
"LIC-LIC-01","Telefonica Brasil S.a.","50409146366","010","105802021","698961048","RUA BERTHOLDO MARIO THEBICH","","RS","4314902","100MG7W","NR","SA-NSA","","3450","3450","350","FB","","","760","168242103257","16.8","23.8","65","0","X","44","168242103257","200","-29.98389","-51.19361","G","2024-12-09","2013-06-10","","86073af803af042e","2041-12-08","","","Porto Alegre"
"LIC-LIC-01","Telefonica Brasil S.a.","50409146366","010","105802021","699802091","Rua Dorival Castilhos Machado","","RS","4314902","100MG7W","NR","SA-NSA","","3450","3450","70","FB","","","760","168242103257","16.8","23.8","65","0","X","43","168242103257","200","-30.16139","-51.19306","G","2024-12-09","2014-03-13","","86073af803af0432","2041-12-08","","","Porto Alegre"
"LIC-LIC-01","Telefonica Brasil S.a.","50409146366","010","105802021","699802091","Rua Dorival Castilhos Machado","","RS","4314902","100MG7W","NR","SA-NSA","","3450","3450","180","FB","","","760","168242103257","16.8","23.8","65","0","X","43","168242103257","200","-30.16139","-51.19306","G","2024-12-09","2014-03-13","","86073af803af0433","2041-12-08","","","Porto Alegre"
"LIC-LIC-01","Telefonica Brasil S.a.","50409146366","010","105802021","699802091","Rua Dorival Castilhos Machado","","RS","4314902","100MG7W","NR","SA-NSA","","3450","3450","310","FB","","","760","168242103257","16.8","23.8","65","0","X","43","168242103257","200","-30.16139","-51.19306","G","2024-12-09","2014-03-13","","86073af803af0434","2041-12-08","","","Porto Alegre"
"LIC-LIC-01","Telefonica Brasil S.a.","50409146366","010","105802021","699802202","Rua Casemiro de Abreu","","RS","4314902","100MG7W","NR","SA-NSA","","3450","3450","10","FB","","","760","116652103257","25","23","60","0","X","35","116652103257","200","-30.03389","-51.19083","G","2024-12-09","2014-03-13","","86073af803af0435","2041-12-08","","","Porto Alegre"
"LIC-LIC-01","Telefonica Brasil S.a.","50409146366","010","105802021","699802202","Rua Casemiro de Abreu","","RS","4314902","100MG7W","NR","SA-NSA","","3450","3450","80","FB","","","760","116652103257","25","23","60","0","X","35","116652103257","200","-30.03389","-51.19083","G","2024-12-09","2014-03-13","","86073af803af043a","2041-12-08","","","Porto Alegre"
"LIC-LIC-01","Telefonica Brasil S.a.","50409146366","010","105802021","699802202","Rua Casemiro de Abreu","","RS","4314902","100MG7W","NR","SA-NSA","","3450","3450","310","FB","","","760","116652103257","25","23","60","0","X","35","116652103257","200","-30.03389","-51.19083","G","2024-12-09","2014-03-13","","86073af803af043f","2041-12-08","","","Porto Alegre"
"LIC-LIC-01","Telefonica Brasil S.a.","50409146366","010","105802021","699805732","RUA PORTO CALVO","S/N","RS","4314902","100MG7W","NR","SA-NSA","","3450","3450","40","FB","","","760","168242103257","16.8","23.8","65","0","X","35","168242103257","200","-30.12997","-51.23442","G","2024-12-09","2014-03-13","","86073af803af0444","2041-12-08","","","Porto Alegre"
"LIC-LIC-01","Telefonica Brasil S.a.","50409146366","010","105802021","699805732","RUA PORTO CALVO","S/N","RS","4314902","100MG7W","NR","SA-NSA","","3450","3450","150","FB","","","760","168242103257","16.8","23.8","65","0","X","35","168242103257","200","-30.12997","-51.23442","G","2024-12-09","2014-03-13","","86073af803af0445","2041-12-08","","","Porto Alegre"
"LIC-LIC-01","Telefonica Brasil S.a.","50409146366","010","105802021","699805732","RUA PORTO CALVO","S/N","RS","4314902","100MG7W","NR","SA-NSA","","3450","3450","290","FB","","","760","168242103257","16.8","23.8","65","0","X","35","168242103257","200","-30.12997","-51.23442","G","2024-12-09","2014-03-13","","86073af803af0446","2041-12-08","","","Porto Alegre"
"LIC-LIC-01","Telefonica Brasil S.a.","50409146366","010","105802021","699873827","Rua Coronel Feijó","","RS","4314902","100MG7W","NR","SA-NSA","","3450","3450","35","FB","","","760","168242103257","16.8","23.8","65","0","X","36","168242103257","200","-30.01528","-51.18167","G","2024-12-09","2014-04-02","","86073af803af0447","2041-12-08","","","Porto Alegre"
"LIC-LIC-01","Telefonica Brasil S.a.","50409146366","010","105802021","699873827","Rua Coronel Feijó","","RS","4314902","100MG7W","NR","SA-NSA","","3450","3450","150","FB","","","760","168242103257","16.8","23.8","65","0","X","36","168242103257","200","-30.01528","-51.18167","G","2024-12-09","2014-04-02","","86073af803af044a","2041-12-08","","","Porto Alegre"
"LIC-LIC-01","Telefonica Brasil S.a.","50409146366","010","105802021","699873827","Rua Coronel Feijó","","RS","4314902","100MG7W","NR","SA-NSA","","3450","3450","250","FB","","","760","168242103257","16.8","23.8","65","0","X","36","168242103257","200","-30.01528","-51.18167","G","2024-12-09","2014-04-02","","86073af803af044d","2041-12-08","","","Porto Alegre"
"LIC-LIC-01","Telefonica Brasil S.a.","50409146366","010","105802021","699873967","Rua General Rondon","","RS","4314902","100MG7W","NR","SA-NSA","","3450","3450","10","FB","","","760","168242103257","16.8","23.8","65","0","X","20","168242103257","200","-30.10333","-51.24611","G","2024-12-09","2014-04-02","","86073af803af0450","2041-12-08","","","Porto Alegre"
"LIC-LIC-01","Telefonica Brasil S.a.","50409146366","010","105802021","699873967","Rua General Rondon","","RS","4314902","100MG7W","NR","SA-NSA","","3450","3450","100","FB","","","760","168242103257","16.8","23.8","65","0","X","20","168242103257","200","-30.10333","-51.24611","G","2024-12-09","2014-04-02","","86073af803af0451","2041-12-08","","","Porto Alegre"
"LIC-LIC-01","Telefonica Brasil S.a.","50409146366","010","105802021","699873967","Rua General Rondon","","RS","4314902","100MG7W","NR","SA-NSA","","3450","3450","260","FB","","","760","168242103257","16.8","23.8","65","0","X","20","168242103257","200","-30.10333","-51.24611","G","2024-12-09","2014-04-02","","86073af803af0452","2041-12-08","","","Porto Alegre"
"LIC-LIC-01","Telefonica Brasil S.a.","50409146366","010","105802021","1009386481","RUA JOÃO CARLOS BERTUSSI DA SILVA","PROPRIO","RS","4314902","100MG7W","NR","SA-NSA","","3450","3450","10","FB","","","760","168242103257","16.8","23.8","65","0","X","22","168242103257","200","-30.02371","-51.13794","G","2024-12-09","2019-10-29","","86073af803af0462","2041-12-08","","","Porto Alegre"
"LIC-LIC-01","Telefonica Brasil S.a.","50409146366","010","105802021","1009386481","RUA JOÃO CARLOS BERTUSSI DA SILVA","PROPRIO","RS","4314902","100MG7W","NR","SA-NSA","","3450","3450","160","FB","","","760","168242103257","16.8","23.8","65","0","X","22","168242103257","200","-30.02371","-51.13794","G","2024-12-09","2019-10-29","","86073af803af0463","2041-12-08","","","Porto Alegre"
"LIC-LIC-01","Telefonica Brasil S.a.","50409146366","010","105802021","1009386481","RUA JOÃO CARLOS BERTUSSI DA SILVA","PROPRIO","RS","4314902","100MG7W","NR","SA-NSA","","3450","3450","250","FB","","","760","168242103257","16.8","23.8","65","0","X","22","168242103257","200","-30.02371","-51.13794","G","2024-12-09","2019-10-29","","86073af803af0464","2041-12-08","","","Porto Alegre"
"LIC-LIC-01","Telefonica Brasil S.a.","50409146366","010","105802021","1011932323","RUA FERNANDO CORTEZ","","RS","4314902","100MG7W","NR","SA-NSA","","3450","3450","110","FB","","","760","116652103257","25","23","60","0","X","30","116652103257","200","-30.014928","-51.156861","G","2024-12-09","2021-05-13","","86073af803af046b","2041-12-08","","","Porto Alegre"
"LIC-LIC-01","Telefonica Brasil S.a.","50409146366","010","105802021","1011932323","RUA FERNANDO CORTEZ","","RS","4314902","100MG7W","NR","SA-NSA","","3450","3450","240","FB","","","760","116652103257","25","23","60","0","X","30","116652103257","200","-30.014928","-51.156861","G","2024-12-09","2021-05-13","","86073af803af046c","2041-12-08","","","Porto Alegre"
"LIC-LIC-01","Telefonica Brasil S.a.","50409146366","010","105802021","1011932323","RUA FERNANDO CORTEZ","","RS","4314902","100MG7W","NR","SA-NSA","","3450","3450","340","FB","","","760","116652103257","25","23","60","0","X","30","116652103257","200","-30.014928","-51.156861","G","2024-12-09","2021-05-13","","86073af803af046d","2041-12-08","","","Porto Alegre"
"LIC-LIC-01","Telefonica Brasil S.a.","50409146366","010","105802021","1012018340","RUA  CACHOEIRA","","RS","4314902","100MG7W","NR","SA-NSA","","3450","3450","30","FB","","","760","168242103257","16.8","23.8","65","0","X","26.4","168242103257","200","-30.090714","-51.220158","G","2024-12-09","2021-06-08","","86073af803af046e","2041-12-08","","","Porto Alegre"
"LIC-LIC-01","Telefonica Brasil S.a.","50409146366","010","105802021","1012018340","RUA  CACHOEIRA","","RS","4314902","100MG7W","NR","SA-NSA","","3450","3450","210","FB","","","760","168242103257","16.8","23.8","65","0","X","26.4","168242103257","200","-30.090714","-51.220158","G","2024-12-09","2021-06-08","","86073af803af046f","2041-12-08","","","Porto Alegre"
"LIC-LIC-01","Telefonica Brasil S.a.","50409146366","010","105802021","1012018340","RUA  CACHOEIRA","","RS","4314902","100MG7W","NR","SA-NSA","","3450","3450","300","FB","","","760","168242103257","16.8","23.8","65","0","X","26.4","168242103257","200","-30.090714","-51.220158","G","2024-12-09","2021-06-08","","86073af803af0470","2041-12-08","","","Porto Alegre"
"LIC-LIC-01","Telefonica Brasil S.a.","50409146366","010","105802021","1012688469","ILDO LUIZ CANDIOTO","","RS","4314902","100MG7W","NR","SA-NSA","","3450","3450","30","FB","","","760","116652103257","25","23","60","-4","X","21.5","116652103257","200","-30.01455","-51.15125","G","2024-12-09","2021-12-22","","86073af803af0477","2041-12-08","","","Porto Alegre"
"LIC-LIC-01","Telefonica Brasil S.a.","50409146366","010","105802021","1012688469","ILDO LUIZ CANDIOTO","","RS","4314902","100MG7W","NR","SA-NSA","","3450","3450","140","FB","","","760","116652103257","25","23","60","0","X","21.5","116652103257","200","-30.01455","-51.15125","G","2024-12-09","2021-12-22","","86073af803af0478","2041-12-08","","","Porto Alegre"
"LIC-LIC-01","Telefonica Brasil S.a.","50409146366","010","105802021","1012688469","ILDO LUIZ CANDIOTO","","RS","4314902","100MG7W","NR","SA-NSA","","3450","3450","260","FB","","","760","116652103257","25","23","60","-2","X","21.5","116652103257","200","-30.01455","-51.15125","G","2024-12-09","2021-12-22","","86073af803af0479","2041-12-08","","","Porto Alegre"
"LIC-LIC-01","Telefonica Brasil S.a.","50409146366","010","105802021","691512272","AV. JUCA BATISTA 10400","ATC","RS","4314902","100MG7W","NR","SA-NSA","","3450","3450","30","FB","","","760","168242103257","16.8","23.8","65","0","X","40","168242103257","200","-30.20586","-51.1784","G","2024-12-09","2009-08-07","","186a3af801e725e1","2041-12-08","","","Porto Alegre"
"LIC-LIC-01","Telefonica Brasil S.a.","50409146366","010","105802021","691512272","AV. JUCA BATISTA 10400","ATC","RS","4314902","100MG7W","NR","SA-NSA","","3450","3450","130","FB","","","760","168242103257","16.8","23.8","65","0","X","40","168242103257","200","-30.20586","-51.1784","G","2024-12-09","2009-08-07","","186a3af801e725e2","2041-12-08","","","Porto Alegre"
"LIC-LIC-01","Telefonica Brasil S.a.","50409146366","010","105802021","691512272","AV. JUCA BATISTA 10400","ATC","RS","4314902","100MG7W","NR","SA-NSA","","3450","3450","260","FB","","","760","168242103257","16.8","23.8","65","0","X","40","168242103257","200","-30.20586","-51.1784","G","2024-12-09","2009-08-07","","186a3af801e725e3","2041-12-08","","","Porto Alegre"
"LIC-LIC-01","Telefonica Brasil S.a.","50409146366","010","105802021","699802148","TRAVESSA OSWALDO DE DEUS E SILVA    175","","RS","4314902","100MG7W","NR","SA-NSA","","3450","3450","100","FB","","","760","168242103257","16.8","23.8","65","0","X","17","168242103257","200","-30.13067","-51.19761","G","2024-12-09","2014-03-13","","186a3af801e7260e","2041-12-08","","","Porto Alegre"
"LIC-LIC-01","Telefonica Brasil S.a.","50409146366","010","105802021","699802148","TRAVESSA OSWALDO DE DEUS E SILVA    175","","RS","4314902","100MG7W","NR","SA-NSA","","3450","3450","220","FB","","","760","168242103257","16.8","23.8","65","0","X","17","168242103257","200","-30.13067","-51.19761","G","2024-12-09","2014-03-13","","186a3af801e7260f","2041-12-08","","","Porto Alegre"
"LIC-LIC-01","Telefonica Brasil S.a.","50409146366","010","105802021","699802148","TRAVESSA OSWALDO DE DEUS E SILVA    175","","RS","4314902","100MG7W","NR","SA-NSA","","3450","3450","340","FB","","","760","168242103257","16.8","23.8","65","0","X","17","168242103257","200","-30.13067","-51.19761","G","2024-12-09","2014-03-13","","186a3af801e72610","2041-12-08","","","Porto Alegre"
"LIC-LIC-01","TIM S A","50409314250","010","105812021","687415225","AVENIDA ANDARAÍ","EM AQUISIÇÃO","RS","4314902","100MG7W","NR","SA-NSA","","3550","3550","0","FB","","","167","0","4","0","0","0","V","6","100462102519","0.25","-30.016496","-51.168628","E","2024-12-19","2005-09-06","","4ba53af80435c9c8","2041-12-08","","","Porto Alegre"
"LIC-LIC-01","Telefonica Brasil S.a.","50409146366","010","105802021","1011251946","AVENIDA BERNARDINO SILVEIRA AMORIM","","RS","4314902","100MG7W","NR","SA-NSA","","3450","3450","0","FB","","","760","116652103257","25","23","60","-1","X","22","116652103257","200","-29.98404","-51.11185","G","2024-12-16","2020-10-02","","006d3af802c3fa8c","2041-12-08","","","Porto Alegre"
"LIC-LIC-01","Telefonica Brasil S.a.","50409146366","010","105802021","1011251946","AVENIDA BERNARDINO SILVEIRA AMORIM","","RS","4314902","100MG7W","NR","SA-NSA","","3450","3450","140","FB","","","760","116652103257","25","23","60","-1","X","22","116652103257","200","-29.98404","-51.11185","G","2024-12-16","2020-10-02","","006d3af802c3fa91","2041-12-08","","","Porto Alegre"
"LIC-LIC-01","Telefonica Brasil S.a.","50409146366","010","105802021","1011251946","AVENIDA BERNARDINO SILVEIRA AMORIM","","RS","4314902","100MG7W","NR","SA-NSA","","3450","3450","230","FB","","","760","116652103257","25","23","60","-1","X","22","116652103257","200","-29.98404","-51.11185","G","2024-12-16","2020-10-02","","006d3af802c3fa96","2041-12-08","","","Porto Alegre"
"LIC-LIC-01","Telefonica Brasil S.a.","50409146366","010","105802021","1015389659","RUA GERMANO BASLER    712","LOTE 26 DA QUADRA X1","RS","4314902","100MG7W","NR","SA-NSA","","3450","3450","40","FB","","","760","168242103257","16.8","23.8","65","0","X","40","168242103257","200","-30.02682","-51.11416","G","2024-12-16","2023-10-16","","006d3af802c3fadd","2041-12-08","","","Porto Alegre"
"LIC-LIC-01","Telefonica Brasil S.a.","50409146366","010","105802021","1015389659","RUA GERMANO BASLER    712","LOTE 26 DA QUADRA X1","RS","4314902","100MG7W","NR","SA-NSA","","3450","3450","170","FB","","","760","168242103257","16.8","23.8","65","0","X","40","168242103257","200","-30.02682","-51.11416","G","2024-12-16","2023-10-16","","006d3af802c3fade","2041-12-08","","","Porto Alegre"
"LIC-LIC-01","Telefonica Brasil S.a.","50409146366","010","105802021","1015389659","RUA GERMANO BASLER    712","LOTE 26 DA QUADRA X1","RS","4314902","100MG7W","NR","SA-NSA","","3450","3450","270","FB","","","760","168242103257","16.8","23.8","65","0","X","40","168242103257","200","-30.02682","-51.11416","G","2024-12-16","2023-10-16","","006d3af802c3fadf","2041-12-08","","","Porto Alegre"
"LIC-LIC-01","Telefonica Brasil S.a.","50409146366","010","105802021","1015389675","AV. EDGAR PIRES DE CASTRO    SN","","RS","4314902","100MG7W","NR","SA-NSA","","3450","3450","90","FB","","","760","168242103257","16.8","23.8","65","0","X","41","168242103257","200","-30.16638","-51.15437","G","2024-12-16","2023-10-16","","006d3af802c3fb07","2041-12-08","","","Porto Alegre"
"LIC-LIC-01","Telefonica Brasil S.a.","50409146366","010","105802021","1015389675","AV. EDGAR PIRES DE CASTRO    SN","","RS","4314902","100MG7W","NR","SA-NSA","","3450","3450","210","FB","","","760","168242103257","16.8","23.8","65","0","X","41","168242103257","200","-30.16638","-51.15437","G","2024-12-16","2023-10-16","","006d3af802c3fb08","2041-12-08","","","Porto Alegre"
"LIC-LIC-01","Telefonica Brasil S.a.","50409146366","010","105802021","1015389675","AV. EDGAR PIRES DE CASTRO    SN","","RS","4314902","100MG7W","NR","SA-NSA","","3450","3450","330","FB","","","760","168242103257","16.8","23.8","65","0","X","41","168242103257","200","-30.16638","-51.15437","G","2024-12-16","2023-10-16","","006d3af802c3fb09","2041-12-08","","","Porto Alegre"
"LIC-LIC-01","Telefonica Brasil S.a.","50409146366","010","105802021","1015814341","AVENIDA ENG    SN","","RS","4314902","100MG7W","NR","SA-NSA","","3450","3450","60","FB","","","760","116652103257","25","23","60","0","X","27","116652103257","200","-30.08429","-51.19806","G","2024-12-16","2024-05-20","","006d3af802c3fc03","2041-12-08","","","Porto Alegre"
"LIC-LIC-01","Telefonica Brasil S.a.","50409146366","010","105802021","1015814341","AVENIDA ENG    SN","","RS","4314902","100MG7W","NR","SA-NSA","","3450","3450","240","FB","","","760","116652103257","25","23","60","0","X","27","116652103257","200","-30.08429","-51.19806","G","2024-12-16","2024-05-20","","006d3af802c3fc04","2041-12-08","","","Porto Alegre"
"LIC-LIC-01","Telefonica Brasil S.a.","50409146366","010","105802021","1015814341","AVENIDA ENG    SN","","RS","4314902","100MG7W","NR","SA-NSA","","3450","3450","340","FB","","","760","116652103257","25","23","60","0","X","27","116652103257","200","-30.08429","-51.19806","G","2024-12-16","2024-05-20","","006d3af802c3fc05","2041-12-08","","","Porto Alegre"
"LIC-LIC-01","Telefonica Brasil S.a.","50409146366","010","105802021","1008920662","RUA FREDERICO MENTZ","RBR-NÃO","RS","4314902","100MG7W","NR","SA-NSA","","3450","3450","110","FB","","","760","168242103257","16.8","23.8","65","0","X","13","168242103257","200","-29.98917","-51.2","G","2024-12-16","2019-08-14","","006d3af802c3fcdb","2041-12-08","","","Porto Alegre"
"LIC-LIC-01","Telefonica Brasil S.a.","50409146366","010","105802021","1008920662","RUA FREDERICO MENTZ","RBR-NÃO","RS","4314902","100MG7W","NR","SA-NSA","","3450","3450","200","FB","","","760","168242103257","16.8","23.8","65","0","X","13","168242103257","200","-29.98917","-51.2","G","2024-12-16","2019-08-14","","006d3af802c3fcdc","2041-12-08","","","Porto Alegre"
"LIC-LIC-01","Telefonica Brasil S.a.","50409146366","010","105802021","1008920662","RUA FREDERICO MENTZ","RBR-NÃO","RS","4314902","100MG7W","NR","SA-NSA","","3450","3450","350","FB","","","760","168242103257","16.8","23.8","65","0","X","13","168242103257","200","-29.98917","-51.2","G","2024-12-16","2019-08-14","","006d3af802c3fcdd","2041-12-08","","","Porto Alegre"
"LIC-LIC-01","Telefonica Brasil S.a.","50409146366","010","105802021","1008669781","RUA AMAPÁ","RBR-NÃO","RS","4314902","100MG7W","NR","SA-NSA","","3450","3450","150","FB","","","760","116652103257","25","23","60","-6","X","12.5","116652103257","200","-30.10917","-51.215","G","2024-12-16","2021-09-09","","006d3af802c3fd9c","2041-12-08","","","Porto Alegre"
"LIC-LIC-01","Telefonica Brasil S.a.","50409146366","010","105802021","1008669781","RUA AMAPÁ","RBR-NÃO","RS","4314902","100MG7W","NR","SA-NSA","","3450","3450","260","FB","","","760","116652103257","25","23","60","-6","X","12.5","116652103257","200","-30.10917","-51.215","G","2024-12-16","2021-09-09","","006d3af802c3fd9d","2041-12-08","","","Porto Alegre"
"LIC-LIC-01","Telefonica Brasil S.a.","50409146366","010","105802021","1013277101","AV. JOÃO ANTÔNIO SILVEIRA","","RS","4314902","100MG7W","NR","SA-NSA","","3450","3450","110","FB","","","760","168242103257","16.8","23.8","65","-1","X","40","168242103257","200","-30.13548","-51.09748","G","2024-12-16","2022-07-12","","006d3af802c3fe69","2041-12-08","","","Porto Alegre"
"LIC-LIC-01","Telefonica Brasil S.a.","50409146366","010","105802021","1013277101","AV. JOÃO ANTÔNIO SILVEIRA","","RS","4314902","100MG7W","NR","SA-NSA","","3450","3450","230","FB","","","760","168242103257","16.8","23.8","65","-3","X","40","168242103257","200","-30.13548","-51.09748","G","2024-12-16","2022-07-12","","006d3af802c3fe6e","2041-12-08","","","Porto Alegre"
"LIC-LIC-01","Telefonica Brasil S.a.","50409146366","010","105802021","1013277101","AV. JOÃO ANTÔNIO SILVEIRA","","RS","4314902","100MG7W","NR","SA-NSA","","3450","3450","350","FB","","","760","168242103257","16.8","23.8","65","-1","X","40","168242103257","200","-30.13548","-51.09748","G","2024-12-16","2022-07-12","","006d3af802c3fe73","2041-12-08","","","Porto Alegre"
"LIC-LIC-01","Telefonica Brasil S.a.","50409146366","010","105802021","1014348347","RUA ALBERTO RANGEL 315 RUBEM BERTA COND. MONTE LÍBANO","","RS","4314902","100MG7W","NR","SA-NSA","","3450","3450","30","FB","","","760","116652103257","25","23","60","0","X","38.65","116652103257","200","-30.01032","-51.09787","G","2024-12-16","2022-10-19","","006d3af802c3fe87","2041-12-08","","","Porto Alegre"
"LIC-LIC-01","Telefonica Brasil S.a.","50409146366","010","105802021","1014348347","RUA ALBERTO RANGEL 315 RUBEM BERTA COND. MONTE LÍBANO","","RS","4314902","100MG7W","NR","SA-NSA","","3450","3450","160","FB","","","760","116652103257","25","23","60","0","X","40.25","116652103257","200","-30.01032","-51.09787","G","2024-12-16","2022-10-19","","006d3af802c3fe88","2041-12-08","","","Porto Alegre"
"LIC-LIC-01","Telefonica Brasil S.a.","50409146366","010","105802021","1014348347","RUA ALBERTO RANGEL 315 RUBEM BERTA COND. MONTE LÍBANO","","RS","4314902","100MG7W","NR","SA-NSA","","3450","3450","280","FB","","","760","116652103257","25","23","60","0","X","38.25","116652103257","200","-30.01032","-51.09787","G","2024-12-16","2022-10-19","","006d3af802c3fe89","2041-12-08","","","Porto Alegre"
"LIC-LIC-01","Telefonica Brasil S.a.","50409146366","010","105802021","1015814260","BECO DO LIDO 280    SN","","RS","4314902","100MG7W","NR","SA-NSA","","3450","3450","60","FB","","","760","116652103257","25","23","60","-2","X","35","116652103257","200","-30.15184","-51.1584","G","2024-12-16","2024-05-20","","006d3af802c3fec3","2041-12-08","","","Porto Alegre"
"LIC-LIC-01","Telefonica Brasil S.a.","50409146366","010","105802021","1015814260","BECO DO LIDO 280    SN","","RS","4314902","100MG7W","NR","SA-NSA","","3450","3450","190","FB","","","760","116652103257","25","23","60","-2","X","35","116652103257","200","-30.15184","-51.1584","G","2024-12-16","2024-05-20","","006d3af802c3fec4","2041-12-08","","","Porto Alegre"
"LIC-LIC-01","Telefonica Brasil S.a.","50409146366","010","105802021","1015814260","BECO DO LIDO 280    SN","","RS","4314902","100MG7W","NR","SA-NSA","","3450","3450","290","FB","","","760","116652103257","25","23","60","-2","X","35","116652103257","200","-30.15184","-51.1584","G","2024-12-16","2024-05-20","","006d3af802c3fec5","2041-12-08","","","Porto Alegre"
"LIC-LIC-01","Telefonica Brasil S.a.","50409146366","010","105802021","699874122","Rua Santa Rosa de Lima","220","RS","4314902","100MG7W","NR","SA-NSA","","3450","3450","40","FB","","","760","168242103257","16.8","23.8","65","0","X","23","168242103257","200","-29.99389","-51.09667","G","2024-12-16","2014-04-02","","006d3af802c3ff44","2041-12-08","","","Porto Alegre"
"LIC-LIC-01","Telefonica Brasil S.a.","50409146366","010","105802021","699874122","Rua Santa Rosa de Lima","220","RS","4314902","100MG7W","NR","SA-NSA","","3450","3450","160","FB","","","760","168242103257","16.8","23.8","65","0","X","23","168242103257","200","-29.99389","-51.09667","G","2024-12-16","2014-04-02","","006d3af802c3ff49","2041-12-08","","","Porto Alegre"
"LIC-LIC-01","Telefonica Brasil S.a.","50409146366","010","105802021","699874122","Rua Santa Rosa de Lima","220","RS","4314902","100MG7W","NR","SA-NSA","","3450","3450","280","FB","","","760","168242103257","16.8","23.8","65","0","X","23","168242103257","200","-29.99389","-51.09667","G","2024-12-16","2014-04-02","","006d3af802c3ff4e","2041-12-08","","","Porto Alegre"
"LIC-LIC-01","Telefonica Brasil S.a.","50409146366","010","105802021","699802440","Rua General Lima e Silva","PROPRIO","RS","4314902","100MG7W","NR","SA-NSA","","3450","3450","40","FB","","","760","116652103257","25","23","60","0","X","32","116652103257","200","-30.045","-51.21417","G","2024-12-16","2014-03-13","","006d3af802c3ff6e","2041-12-08","","","Porto Alegre"
"LIC-LIC-01","Telefonica Brasil S.a.","50409146366","010","105802021","699802440","Rua General Lima e Silva","PROPRIO","RS","4314902","100MG7W","NR","SA-NSA","","3450","3450","160","FB","","","760","116652103257","25","23","60","0","X","32","116652103257","200","-30.045","-51.21417","G","2024-12-16","2014-03-13","","006d3af802c3ff73","2041-12-08","","","Porto Alegre"
"LIC-LIC-01","Telefonica Brasil S.a.","50409146366","010","105802021","699802440","Rua General Lima e Silva","PROPRIO","RS","4314902","100MG7W","NR","SA-NSA","","3450","3450","280","FB","","","760","116652103257","25","23","60","0","X","32","116652103257","200","-30.045","-51.21417","G","2024-12-16","2014-03-13","","006d3af802c3ff78","2041-12-08","","","Porto Alegre"
"LIC-LIC-01","Telefonica Brasil S.a.","50409146366","010","105802021","699802474","Estrada Martim Félix Berta","","RS","4314902","100MG7W","NR","SA-NSA","","3450","3450","0","FB","","","760","168242103257","16.8","23.8","65","-2","X","15","168242103257","200","-30.02861","-51.10722","G","2024-12-16","2014-03-13","","006d3af802c40059","2041-12-08","","","Porto Alegre"
"LIC-LIC-01","Telefonica Brasil S.a.","50409146366","010","105802021","699802474","Estrada Martim Félix Berta","","RS","4314902","100MG7W","NR","SA-NSA","","3450","3450","140","FB","","","760","168242103257","16.8","23.8","65","-2","X","15","168242103257","200","-30.02861","-51.10722","G","2024-12-16","2014-03-13","","006d3af802c4005e","2041-12-08","","","Porto Alegre"
"LIC-LIC-01","Telefonica Brasil S.a.","50409146366","010","105802021","699802474","Estrada Martim Félix Berta","","RS","4314902","100MG7W","NR","SA-NSA","","3450","3450","260","FB","","","760","168242103257","16.8","23.8","65","-2","X","15","168242103257","200","-30.02861","-51.10722","G","2024-12-16","2014-03-13","","006d3af802c40063","2041-12-08","","","Porto Alegre"
"LIC-LIC-01","Telefonica Brasil S.a.","50409146366","010","105802021","1016019677","SIMÃO KAPPEL    315","","RS","4314902","100MG7W","NR","SA-NSA","","3450","3450","30","FB","","","760","168242103257","16.8","23.8","65","0","X","16.5","168242103257","200","-29.9961","-51.199381","G","2024-12-16","2024-08-13","","006d3af802c40077","2041-12-08","","","Porto Alegre"
"LIC-LIC-01","Telefonica Brasil S.a.","50409146366","010","105802021","1016019677","SIMÃO KAPPEL    315","","RS","4314902","100MG7W","NR","SA-NSA","","3450","3450","120","FB","","","760","168242103257","16.8","23.8","65","0","X","16.5","168242103257","200","-29.9961","-51.199381","G","2024-12-16","2024-08-13","","006d3af802c40078","2041-12-08","","","Porto Alegre"
"LIC-LIC-01","Telefonica Brasil S.a.","50409146366","010","105802021","1016019677","SIMÃO KAPPEL    315","","RS","4314902","100MG7W","NR","SA-NSA","","3450","3450","260","FB","","","760","168242103257","16.8","23.8","65","0","X","16.5","168242103257","200","-29.9961","-51.199381","G","2024-12-16","2024-08-13","","006d3af802c40079","2041-12-08","","","Porto Alegre"
"LIC-LIC-01","Telefonica Brasil S.a.","50409146366","010","105802021","1015530866","ESTRADA SÃO CAETANO","","RS","4314902","100MG7W","NR","SA-NSA","","3450","3450","0","FB","","","760","168242103257","16.8","23.8","65","-2","X","40","168242103257","200","-30.205169","-51.09105","G","2024-12-16","2023-12-11","","b0c53af801e27e51","2041-12-08","","","Porto Alegre"
"LIC-LIC-01","Telefonica Brasil S.a.","50409146366","010","105802021","1015530866","ESTRADA SÃO CAETANO","","RS","4314902","100MG7W","NR","SA-NSA","","3450","3450","110","FB","","","760","168242103257","16.8","23.8","65","-2","X","40","168242103257","200","-30.205169","-51.09105","G","2024-12-16","2023-12-11","","b0c53af801e27e52","2041-12-08","","","Porto Alegre"
"LIC-LIC-01","Telefonica Brasil S.a.","50409146366","010","105802021","1015530866","ESTRADA SÃO CAETANO","","RS","4314902","100MG7W","NR","SA-NSA","","3450","3450","220","FB","","","760","168242103257","16.8","23.8","65","-3","X","40","168242103257","200","-30.205169","-51.09105","G","2024-12-16","2023-12-11","","b0c53af801e27e53","2041-12-08","","","Porto Alegre"
"LIC-LIC-01","Telefonica Brasil S.a.","50409146366","010","105802021","1015389667","ESTR. COSTA GAMA","-","RS","4314902","100MG7W","NR","SA-NSA","","3450","3450","30","FB","","","760","116652103257","25","23","60","0","X","40","116652103257","200","-30.12932","-51.17542","G","2024-12-16","2023-10-16","","b0c53af801e27e60","2041-12-08","","","Porto Alegre"
"LIC-LIC-01","Telefonica Brasil S.a.","50409146366","010","105802021","1015389667","ESTR. COSTA GAMA","-","RS","4314902","100MG7W","NR","SA-NSA","","3450","3450","180","FB","","","760","116652103257","25","23","60","0","X","40","116652103257","200","-30.12932","-51.17542","G","2024-12-16","2023-10-16","","b0c53af801e27e61","2041-12-08","","","Porto Alegre"
"LIC-LIC-01","Telefonica Brasil S.a.","50409146366","010","105802021","1015389667","ESTR. COSTA GAMA","-","RS","4314902","100MG7W","NR","SA-NSA","","3450","3450","290","FB","","","760","116652103257","25","23","60","0","X","40","116652103257","200","-30.12932","-51.17542","G","2024-12-16","2023-10-16","","b0c53af801e27e62","2041-12-08","","","Porto Alegre"
"LIC-LIC-01","Telefonica Brasil S.a.","50409146366","010","105802021","436302659","Av. Frederico Mentz","PROPRIO - BRT(MOVEL)","RS","4314902","100MG7W","NR","SA-NSA","","3450","3450","20","FB","","","760","168242103257","16.8","23.8","65","0","X","11","168242103257","200","-29.99639","-51.20389","G","2024-12-16","1999-11-08","","b0c53af801e27e69","2041-12-08","","","Porto Alegre"
"LIC-LIC-01","Telefonica Brasil S.a.","50409146366","010","105802021","436302659","Av. Frederico Mentz","PROPRIO - BRT(MOVEL)","RS","4314902","100MG7W","NR","SA-NSA","","3450","3450","150","FB","","","760","168242103257","16.8","23.8","65","0","X","11","168242103257","200","-29.99639","-51.20389","G","2024-12-16","1999-11-08","","b0c53af801e27e6c","2041-12-08","","","Porto Alegre"
"LIC-LIC-01","Telefonica Brasil S.a.","50409146366","010","105802021","436302659","Av. Frederico Mentz","PROPRIO - BRT(MOVEL)","RS","4314902","100MG7W","NR","SA-NSA","","3450","3450","240","FB","","","760","168242103257","16.8","23.8","65","0","X","11","168242103257","200","-29.99639","-51.20389","G","2024-12-16","1999-11-08","","b0c53af801e27e6f","2041-12-08","","","Porto Alegre"
"LIC-LIC-01","Telefonica Brasil S.a.","50409146366","010","105802021","1006880949","ESTRA ARMANDO INACIO DA SILVEIRA","","RS","4314902","100MG7W","NR","SA-NSA","","3450","3450","0","FB","","","760","168242103257","16.8","23.8","65","-2","X","39","168242103257","200","-30.22833","-51.05556","G","2024-12-16","2018-06-22","","b0c53af801e27e75","2041-12-08","","","Porto Alegre"
"LIC-LIC-01","Telefonica Brasil S.a.","50409146366","010","105802021","1006880949","ESTRA ARMANDO INACIO DA SILVEIRA","","RS","4314902","100MG7W","NR","SA-NSA","","3450","3450","120","FB","","","760","168242103257","16.8","23.8","65","-2","X","39","168242103257","200","-30.22833","-51.05556","G","2024-12-16","2018-06-22","","b0c53af801e27e76","2041-12-08","","","Porto Alegre"
"LIC-LIC-01","Telefonica Brasil S.a.","50409146366","010","105802021","1006880949","ESTRA ARMANDO INACIO DA SILVEIRA","","RS","4314902","100MG7W","NR","SA-NSA","","3450","3450","260","FB","","","760","168242103257","16.8","23.8","65","-2","X","39","168242103257","200","-30.22833","-51.05556","G","2024-12-16","2018-06-22","","b0c53af801e27e77","2041-12-08","","","Porto Alegre"
"LIC-LIC-01","Telefonica Brasil S.a.","50409146366","010","105802021","1016160175","RUA GASPAR MARTINS    106","","RS","4314902","100MG7W","NR","SA-NSA","","3450","3450","90","FB","","","760","116652103257","25","23","60","0","X","23.1","116652103257","200","-30.01976","-51.21308","G","2024-12-16","2024-10-10","","b0c53af801e27e78","2041-12-08","","","Porto Alegre"
"LIC-LIC-01","Telefonica Brasil S.a.","50409146366","010","105802021","1016160175","RUA GASPAR MARTINS    106","","RS","4314902","100MG7W","NR","SA-NSA","","3450","3450","220","FB","","","760","116652103257","25","23","60","0","X","23.1","116652103257","200","-30.01976","-51.21308","G","2024-12-16","2024-10-10","","b0c53af801e27e79","2041-12-08","","","Porto Alegre"
"LIC-LIC-01","Telefonica Brasil S.a.","50409146366","010","105802021","1016160175","RUA GASPAR MARTINS    106","","RS","4314902","100MG7W","NR","SA-NSA","","3450","3450","350","FB","","","760","116652103257","25","23","60","0","X","23.1","116652103257","200","-30.01976","-51.21308","G","2024-12-16","2024-10-10","","b0c53af801e27e7a","2041-12-08","","","Porto Alegre"
"LIC-LIC-01","Telefonica Brasil S.a.","50409146366","010","105802021","699874149","AVENIDA DELEGADO ELY CORREA PRADO","RBR-NÃO","RS","4314902","100MG7W","NR","SA-NSA","","3450","3450","40","FB","","","760","168242103257","16.8","23.8","65","0","X","20","168242103257","200","-30.04028","-51.10417","G","2024-12-16","2014-04-02","","b0c53af801e27e9b","2041-12-08","","","Porto Alegre"
"LIC-LIC-01","Telefonica Brasil S.a.","50409146366","010","105802021","699874149","AVENIDA DELEGADO ELY CORREA PRADO","RBR-NÃO","RS","4314902","100MG7W","NR","SA-NSA","","3450","3450","170","FB","","","760","168242103257","16.8","23.8","65","0","X","20","168242103257","200","-30.04028","-51.10417","G","2024-12-16","2014-04-02","","b0c53af801e27e9c","2041-12-08","","","Porto Alegre"
"LIC-LIC-01","Telefonica Brasil S.a.","50409146366","010","105802021","699874149","AVENIDA DELEGADO ELY CORREA PRADO","RBR-NÃO","RS","4314902","100MG7W","NR","SA-NSA","","3450","3450","310","FB","","","760","168242103257","16.8","23.8","65","0","X","20","168242103257","200","-30.04028","-51.10417","G","2024-12-16","2014-04-02","","b0c53af801e27e9d","2041-12-08","","","Porto Alegre"
"LIC-LIC-01","Telefonica Brasil S.a.","50409146366","010","105802021","691512272","AV. JUCA BATISTA 10400","ATC","RS","4314902","100MG7W","NR","SA-NSA","","3450","3450","30","FB","","","760","168242103257","16.8","23.8","65","0","X","40","168242103257","200","-30.20586","-51.1784","G","2024-12-16","2009-08-07","","e80b3af802b900ef","2041-12-08","","","Porto Alegre"
"LIC-LIC-01","Telefonica Brasil S.a.","50409146366","010","105802021","691512272","AV. JUCA BATISTA 10400","ATC","RS","4314902","100MG7W","NR","SA-NSA","","3450","3450","130","FB","","","760","168242103257","16.8","23.8","65","0","X","40","168242103257","200","-30.20586","-51.1784","G","2024-12-16","2009-08-07","","e80b3af802b900f0","2041-12-08","","","Porto Alegre"
"LIC-LIC-01","Telefonica Brasil S.a.","50409146366","010","105802021","691512272","AV. JUCA BATISTA 10400","ATC","RS","4314902","100MG7W","NR","SA-NSA","","3450","3450","260","FB","","","760","168242103257","16.8","23.8","65","0","X","40","168242103257","200","-30.20586","-51.1784","G","2024-12-16","2009-08-07","","e80b3af802b900f1","2041-12-08","","","Porto Alegre"
"LIC-LIC-01","Telefonica Brasil S.a.","50409146366","010","105802021","699802148","TRAVESSA OSWALDO DE DEUS E SILVA    175","","RS","4314902","100MG7W","NR","SA-NSA","","3450","3450","100","FB","","","760","168242103257","16.8","23.8","65","0","X","17","168242103257","200","-30.13067","-51.19761","G","2024-12-16","2014-03-13","","e80b3af802b90107","2041-12-08","","","Porto Alegre"
"LIC-LIC-01","Telefonica Brasil S.a.","50409146366","010","105802021","699802148","TRAVESSA OSWALDO DE DEUS E SILVA    175","","RS","4314902","100MG7W","NR","SA-NSA","","3450","3450","220","FB","","","760","168242103257","16.8","23.8","65","0","X","17","168242103257","200","-30.13067","-51.19761","G","2024-12-16","2014-03-13","","e80b3af802b90108","2041-12-08","","","Porto Alegre"
"LIC-LIC-01","Telefonica Brasil S.a.","50409146366","010","105802021","699802148","TRAVESSA OSWALDO DE DEUS E SILVA    175","","RS","4314902","100MG7W","NR","SA-NSA","","3450","3450","340","FB","","","760","168242103257","16.8","23.8","65","0","X","17","168242103257","200","-30.13067","-51.19761","G","2024-12-16","2014-03-13","","e80b3af802b90109","2041-12-08","","","Porto Alegre"
"LIC-LIC-01","Telefonica Brasil S.a.","50409146366","010","105802021","1005123869","AVENIDA JOAO WALLIG    1800","","RS","4314902","100MG7W","NR","SA-NSA","","3450","3450","360","FB","","","168","0","0","0","0","0","V","1.5","116652103257","200","-30.02519","-51.162","G","2024-12-16","2019-06-06","","e80b3af802b9011c","2041-12-08","","","Porto Alegre"
"LIC-LIC-01","Telefonica Brasil S.a.","50409146366","010","105802021","5185297","ESTRADA JOÃO ANTÔNIO SILVEIRA    1340","","RS","4314902","100MG7W","NR","SA-NSA","","3450","3450","10","FB","","","760","116652103257","25","23","60","0","X","35","116652103257","200","-30.15743","-51.14545","G","2024-12-16","1999-10-05","","e80b3af802b901fb","2041-12-08","","","Porto Alegre"
"LIC-LIC-01","Telefonica Brasil S.a.","50409146366","010","105802021","5185297","ESTRADA JOÃO ANTÔNIO SILVEIRA    1340","","RS","4314902","100MG7W","NR","SA-NSA","","3450","3450","120","FB","","","760","116652103257","25","23","60","0","X","35","116652103257","200","-30.15743","-51.14545","G","2024-12-16","1999-10-05","","e80b3af802b901fc","2041-12-08","","","Porto Alegre"
"LIC-LIC-01","Telefonica Brasil S.a.","50409146366","010","105802021","5185297","ESTRADA JOÃO ANTÔNIO SILVEIRA    1340","","RS","4314902","100MG7W","NR","SA-NSA","","3450","3450","270","FB","","","760","116652103257","25","23","60","0","X","35","116652103257","200","-30.15743","-51.14545","G","2024-12-16","1999-10-05","","e80b3af802b901fd","2041-12-08","","","Porto Alegre"
"LIC-LIC-01","Telefonica Brasil S.a.","50409146366","010","105802021","436297370","AV. BENTO GONÇALVES    4011","PROPRIO","RS","4314902","100MG7W","NR","SA-NSA","","3450","3450","90","FB","","","760","116652103257","25","23","60","0","X","25","116652103257","200","-30.06251","-51.17603","G","2024-12-16","1999-11-08","","e80b3af802b90201","2041-12-08","","","Porto Alegre"
"LIC-LIC-01","Telefonica Brasil S.a.","50409146366","010","105802021","436297370","AV. BENTO GONÇALVES    4011","PROPRIO","RS","4314902","100MG7W","NR","SA-NSA","","3450","3450","190","FB","","","760","116652103257","25","23","60","0","X","4","116652103257","200","-30.06251","-51.17603","G","2024-12-16","1999-11-08","","e80b3af802b90202","2041-12-08","","","Porto Alegre"
"LIC-LIC-01","Telefonica Brasil S.a.","50409146366","010","105802021","436297370","AV. BENTO GONÇALVES    4011","PROPRIO","RS","4314902","100MG7W","NR","SA-NSA","","3450","3450","340","FB","","","760","116652103257","25","23","60","0","X","25","116652103257","200","-30.06251","-51.17603","G","2024-12-16","1999-11-08","","e80b3af802b90203","2041-12-08","","","Porto Alegre"
"LIC-LIC-01","Telefonica Brasil S.a.","50409146366","010","105802021","436306441","RUA LAZAR SEGALL    205","TORRESUR","RS","4314902","100MG7W","NR","SA-NSA","","3450","3450","40","FB","","","760","168242103257","16.8","23.8","65","0","X","30","168242103257","200","-29.99857","-51.14764","G","2024-12-16","1999-11-08","","e80b3af802b90204","2041-12-08","","","Porto Alegre"
"LIC-LIC-01","Telefonica Brasil S.a.","50409146366","010","105802021","436306441","RUA LAZAR SEGALL    205","TORRESUR","RS","4314902","100MG7W","NR","SA-NSA","","3450","3450","140","FB","","","760","168242103257","16.8","23.8","65","0","X","30","168242103257","200","-29.99857","-51.14764","G","2024-12-16","1999-11-08","","e80b3af802b90205","2041-12-08","","","Porto Alegre"
"LIC-LIC-01","Telefonica Brasil S.a.","50409146366","010","105802021","436306441","RUA LAZAR SEGALL    205","TORRESUR","RS","4314902","100MG7W","NR","SA-NSA","","3450","3450","230","FB","","","760","168242103257","16.8","23.8","65","0","X","30","168242103257","200","-29.99857","-51.14764","G","2024-12-16","1999-11-08","","e80b3af802b90206","2041-12-08","","","Porto Alegre"
"LIC-LIC-01","Telefonica Brasil S.a.","50409146366","010","105802021","1000964970","AVENIDA WENCESLAU ESCOBAR    2923","","RS","4314902","100MG7W","NR","SA-NSA","","3450","3450","30","FB","","","760","168242103257","16.8","23.8","65","0","X","19","168242103257","200","-30.11397","-51.25514","G","2024-12-16","2014-12-16","","e80b3af802b9020a","2041-12-08","","","Porto Alegre"
"LIC-LIC-01","Telefonica Brasil S.a.","50409146366","010","105802021","1000964970","AVENIDA WENCESLAU ESCOBAR    2923","","RS","4314902","100MG7W","NR","SA-NSA","","3450","3450","150","FB","","","760","168242103257","16.8","23.8","65","0","X","19","168242103257","200","-30.11397","-51.25514","G","2024-12-16","2014-12-16","","e80b3af802b9020b","2041-12-08","","","Porto Alegre"
"LIC-LIC-01","Telefonica Brasil S.a.","50409146366","010","105802021","1000964970","AVENIDA WENCESLAU ESCOBAR    2923","","RS","4314902","100MG7W","NR","SA-NSA","","3450","3450","270","FB","","","760","168242103257","16.8","23.8","65","-8","X","19","168242103257","200","-30.11397","-51.25514","G","2024-12-16","2014-12-16","","e80b3af802b9020c","2041-12-08","","","Porto Alegre"
"LIC-LIC-01","TIM S A","50409314250","010","105812021","674612280","RUA ENG AFONSO CAVALCANTI","EM AQUISIÇÃO","RS","4314902","100MG7W","NR","SA-NSA","","3550","3550","120","FB","","","760","100462102519","25","25","65","-4","X","35","100462102519","200","-30.033882","-51.189714","G","2024-12-19","2002-09-18","","4ba53af8042bc2d9","2041-12-08","","","Porto Alegre"
"LIC-LIC-01","TIM S A","50409314250","010","105812021","674612280","RUA ENG AFONSO CAVALCANTI","EM AQUISIÇÃO","RS","4314902","100MG7W","NR","SA-NSA","","3550","3550","210","FB","","","760","100462102519","25","25","65","-4","X","35","100462102519","200","-30.033882","-51.189714","G","2024-12-19","2002-09-18","","4ba53af8042bc2da","2041-12-08","","","Porto Alegre"
"LIC-LIC-01","TIM S A","50409314250","010","105812021","674612280","RUA ENG AFONSO CAVALCANTI","EM AQUISIÇÃO","RS","4314902","100MG7W","NR","SA-NSA","","3550","3550","30","FB","","","760","100462102519","25","25","65","-4","X","35","100462102519","200","-30.033882","-51.189714","G","2024-12-19","2002-09-18","","4ba53af8042bc2db","2041-12-08","","","Porto Alegre"
"LIC-LIC-01","TIM S A","50409314250","010","105812021","674612310","RUA VALPARAISO","EM AQUISIÇÃO","RS","4314902","100MG7W","NR","SA-NSA","","3550","3550","150","FB","","","760","100462102519","25","25","65","-4","X","34","100462102519","200","-30.055142","-51.18433","G","2024-12-19","2002-09-18","","4ba53af8042bc2f7","2041-12-08","","","Porto Alegre"
"LIC-LIC-01","TIM S A","50409314250","010","105812021","674612310","RUA VALPARAISO","EM AQUISIÇÃO","RS","4314902","100MG7W","NR","SA-NSA","","3550","3550","270","FB","","","760","100462102519","25","25","65","-4","X","34","100462102519","200","-30.055142","-51.18433","G","2024-12-19","2002-09-18","","4ba53af8042bc2f8","2041-12-08","","","Porto Alegre"
"LIC-LIC-01","TIM S A","50409314250","010","105812021","674612310","RUA VALPARAISO","EM AQUISIÇÃO","RS","4314902","100MG7W","NR","SA-NSA","","3550","3550","30","FB","","","760","100462102519","25","25","65","-4","X","34","100462102519","200","-30.055142","-51.18433","G","2024-12-19","2002-09-18","","4ba53af8042bc2f9","2041-12-08","","","Porto Alegre"
"LIC-LIC-01","TIM S A","50409314250","010","105812021","674612442","AVENIDA PROTÁSIO ALVES","EM AQUISIÇÃO","RS","4314902","100MG7W","NR","SA-NSA","","3550","3550","150","FB","","","760","100462102519","25","25","65","-4","X","30","100462102519","200","-30.040253","-51.163642","G","2024-12-19","2002-09-18","","4ba53af8042bc315","2041-12-08","","","Porto Alegre"
"LIC-LIC-01","TIM S A","50409314250","010","105812021","674612442","AVENIDA PROTÁSIO ALVES","EM AQUISIÇÃO","RS","4314902","100MG7W","NR","SA-NSA","","3550","3550","210","FB","","","760","100462102519","25","25","65","-4","X","30","100462102519","200","-30.040253","-51.163642","G","2024-12-19","2002-09-18","","4ba53af8042bc316","2041-12-08","","","Porto Alegre"
"LIC-LIC-01","TIM S A","50409314250","010","105812021","674612442","AVENIDA PROTÁSIO ALVES","EM AQUISIÇÃO","RS","4314902","100MG7W","NR","SA-NSA","","3550","3550","30","FB","","","760","100462102519","25","25","65","-4","X","30","100462102519","200","-30.040253","-51.163642","G","2024-12-19","2002-09-18","","4ba53af8042bc317","2041-12-08","","","Porto Alegre"
"LIC-LIC-01","TIM S A","50409314250","010","105812021","674614496","AVENIDA BENTO GONÇALVES","EM AQUISIÇÃO","RS","4314902","100MG7W","NR","SA-NSA","","3550","3550","120","FB","","","760","100462102519","25","25","65","-4","X","18","100462102519","200","-30.062543","-51.175298","G","2024-12-19","2002-09-18","","4ba53af8042bc330","2041-12-08","","","Porto Alegre"
"LIC-LIC-01","TIM S A","50409314250","010","105812021","674614496","AVENIDA BENTO GONÇALVES","EM AQUISIÇÃO","RS","4314902","100MG7W","NR","SA-NSA","","3550","3550","240","FB","","","760","100462102519","25","25","65","-4","X","18","100462102519","200","-30.062543","-51.175298","G","2024-12-19","2002-09-18","","4ba53af8042bc331","2041-12-08","","","Porto Alegre"
"LIC-LIC-01","TIM S A","50409314250","010","105812021","674614496","AVENIDA BENTO GONÇALVES","EM AQUISIÇÃO","RS","4314902","100MG7W","NR","SA-NSA","","3550","3550","330","FB","","","760","100462102519","25","25","65","-4","X","18","100462102519","200","-30.062543","-51.175298","G","2024-12-19","2002-09-18","","4ba53af8042bc332","2041-12-08","","","Porto Alegre"
"LIC-LIC-01","TIM S A","50409314250","010","105812021","686893670","AVENIDA ECONOMISTA NILA WULFF","EM AQUISIÇÃO","RS","4314902","100MG7W","NR","SA-NSA","","3550","3550","130","FB","","","760","100462102519","25","25","65","-4","X","17.7","100462102519","200","-30.151751","-51.141973","G","2024-12-19","2005-06-10","","4ba53af8042bc34e","2041-12-08","","","Porto Alegre"
"LIC-LIC-01","TIM S A","50409314250","010","105812021","686893670","AVENIDA ECONOMISTA NILA WULFF","EM AQUISIÇÃO","RS","4314902","100MG7W","NR","SA-NSA","","3550","3550","290","FB","","","760","100462102519","25","25","65","-4","X","17.7","100462102519","200","-30.151751","-51.141973","G","2024-12-19","2005-06-10","","4ba53af8042bc34f","2041-12-08","","","Porto Alegre"
"LIC-LIC-01","TIM S A","50409314250","010","105812021","686893670","AVENIDA ECONOMISTA NILA WULFF","EM AQUISIÇÃO","RS","4314902","100MG7W","NR","SA-NSA","","3550","3550","30","FB","","","760","100462102519","25","25","65","-4","X","17.7","100462102519","200","-30.151751","-51.141973","G","2024-12-19","2005-06-10","","4ba53af8042bc350","2041-12-08","","","Porto Alegre"
"LIC-LIC-01","TIM S A","50409314250","010","105812021","687416000","AVENIDA DOUTOR CARLOS CHAGAS","AQUISITADO","RS","4314902","100MG7W","NR","SA-NSA","","3550","3550","0","FB","","","760","100462102519","25","25","65","-4","X","21","100462102519","200","-30.065944","-51.212806","G","2024-12-19","2005-09-06","","4ba53af8042bc369","2041-12-08","","","Porto Alegre"
"LIC-LIC-01","TIM S A","50409314250","010","105812021","687416000","AVENIDA DOUTOR CARLOS CHAGAS","AQUISITADO","RS","4314902","100MG7W","NR","SA-NSA","","3550","3550","150","FB","","","760","100462102519","25","25","65","-4","X","21","100462102519","200","-30.065944","-51.212806","G","2024-12-19","2005-09-06","","4ba53af8042bc36a","2041-12-08","","","Porto Alegre"
"LIC-LIC-01","TIM S A","50409314250","010","105812021","687416000","AVENIDA DOUTOR CARLOS CHAGAS","AQUISITADO","RS","4314902","100MG7W","NR","SA-NSA","","3550","3550","270","FB","","","760","100462102519","25","25","65","-4","X","21","100462102519","200","-30.065944","-51.212806","G","2024-12-19","2005-09-06","","4ba53af8042bc36b","2041-12-08","","","Porto Alegre"
"LIC-LIC-01","TIM S A","50409314250","010","105812021","1000011361","RUA FERNANDO FERRARI","EM AQUISIÇÃO","RS","4314902","100MG7W","NR","SA-NSA","","3550","3550","240","FB","","","760","100462102519","25","25","65","-4","X","34","100462102519","200","-29.978383","-51.167916","G","2024-12-19","2006-05-29","","4ba53af8042bc387","2041-12-08","","","Porto Alegre"
"LIC-LIC-01","TIM S A","50409314250","010","105812021","1000011361","RUA FERNANDO FERRARI","EM AQUISIÇÃO","RS","4314902","100MG7W","NR","SA-NSA","","3550","3550","330","FB","","","760","100462102519","25","25","65","-4","X","34","100462102519","200","-29.978383","-51.167916","G","2024-12-19","2006-05-29","","4ba53af8042bc388","2041-12-08","","","Porto Alegre"
"LIC-LIC-01","TIM S A","50409314250","010","105812021","1000011361","RUA FERNANDO FERRARI","EM AQUISIÇÃO","RS","4314902","100MG7W","NR","SA-NSA","","3550","3550","80","FB","","","760","100462102519","25","25","65","-4","X","34","100462102519","200","-29.978383","-51.167916","G","2024-12-19","2006-05-29","","4ba53af8042bc389","2041-12-08","","","Porto Alegre"
"LIC-LIC-01","TIM S A","50409314250","010","105812021","689898665","RUA LOUREIRO DA SILVA","EM AQUISIÇÃO","RS","4314902","100MG7W","NR","SA-NSA","","3550","3550","0","FB","","","760","100462102519","25","25","65","-4","X","3","100462102519","200","-30.038139","-51.238778","G","2024-12-19","2007-12-26","","4ba53af8042bc393","2041-12-08","","","Porto Alegre"
"LIC-LIC-01","TIM S A","50409314250","010","105812021","1013285449","AVENIDA JOÃO PESSOA","EM AQUISIÇÃO","RS","4314902","100MG7W","NR","SA-NSA","","3550","3550","170","FB","","","760","100462102519","25","25","65","-4","X","20","100462102519","200","-30.046972","-51.210694","G","2024-12-19","2022-07-15","","4ba53af8042bc3d3","2041-12-08","","","Porto Alegre"
"LIC-LIC-01","TIM S A","50409314250","010","105812021","1013285449","AVENIDA JOÃO PESSOA","EM AQUISIÇÃO","RS","4314902","100MG7W","NR","SA-NSA","","3550","3550","270","FB","","","760","100462102519","25","25","65","-4","X","20","100462102519","200","-30.046972","-51.210694","G","2024-12-19","2022-07-15","","4ba53af8042bc3d4","2041-12-08","","","Porto Alegre"
"LIC-LIC-01","TIM S A","50409314250","010","105812021","1013285449","AVENIDA JOÃO PESSOA","EM AQUISIÇÃO","RS","4314902","100MG7W","NR","SA-NSA","","3550","3550","50","FB","","","760","100462102519","25","25","65","-4","X","20","100462102519","200","-30.046972","-51.210694","G","2024-12-19","2022-07-15","","4ba53af8042bc3d5","2041-12-08","","","Porto Alegre"
"LIC-LIC-01","TIM S A","50409314250","010","105812021","1015439583","RUA GENERAL JONATAS BORGES FORTES","EM AQUISIÇÃO","RS","4314902","100MG7W","NR","SA-NSA","","3550","3550","0","FB","","","760","100462102519","25","25","65","-4","X","40","100462102519","200","-30.076472","-51.196306","G","2024-12-19","2023-11-06","","4ba53af8042bc3e5","2041-12-08","","","Porto Alegre"
"LIC-LIC-01","TIM S A","50409314250","010","105812021","1015439583","RUA GENERAL JONATAS BORGES FORTES","EM AQUISIÇÃO","RS","4314902","100MG7W","NR","SA-NSA","","3550","3550","120","FB","","","760","100462102519","25","25","65","-4","X","40","100462102519","200","-30.076472","-51.196306","G","2024-12-19","2023-11-06","","4ba53af8042bc3e6","2041-12-08","","","Porto Alegre"
"LIC-LIC-01","TIM S A","50409314250","010","105812021","1015439583","RUA GENERAL JONATAS BORGES FORTES","EM AQUISIÇÃO","RS","4314902","100MG7W","NR","SA-NSA","","3550","3550","240","FB","","","760","100462102519","25","25","65","-4","X","40","100462102519","200","-30.076472","-51.196306","G","2024-12-19","2023-11-06","","4ba53af8042bc3e7","2041-12-08","","","Porto Alegre"
"LIC-LIC-01","TIM S A","50409314250","010","105812021","1015503885","Estrada João De Oliveira Remião","-","RS","4314902","100MG7W","NR","SA-NSA","","3550","3550","0","FB","","","760","100462102519","25","25","65","-4","X","50","100462102519","200","-30.1209722","-51.10925","G","2024-12-19","2023-11-30","","4ba53af8042bc3f1","2041-12-08","","","Porto Alegre"
"LIC-LIC-01","TIM S A","50409314250","010","105812021","1015503885","Estrada João De Oliveira Remião","-","RS","4314902","100MG7W","NR","SA-NSA","","3550","3550","120","FB","","","760","100462102519","25","25","65","-4","X","50","100462102519","200","-30.1209722","-51.10925","G","2024-12-19","2023-11-30","","4ba53af8042bc3f2","2041-12-08","","","Porto Alegre"
"LIC-LIC-01","TIM S A","50409314250","010","105812021","1015503885","Estrada João De Oliveira Remião","-","RS","4314902","100MG7W","NR","SA-NSA","","3550","3550","240","FB","","","760","100462102519","25","25","65","-4","X","50","100462102519","200","-30.1209722","-51.10925","G","2024-12-19","2023-11-30","","4ba53af8042bc3f3","2041-12-08","","","Porto Alegre"
"LIC-LIC-01","TIM S A","50409314250","010","105812021","1000133661","Rua Voluntários Da Pátria","","RS","4314902","100MG7W","NR","SA-NSA","","3550","3550","0","FB","","","760","100462102519","25","25","65","0","X","18","100462102519","200","-30.02056","-51.21417","G","2024-12-19","2014-05-29","","727b3af8028b956a","2041-12-08","","","Porto Alegre"
"LIC-LIC-01","TIM S A","50409314250","010","105812021","1000133661","Rua Voluntários Da Pátria","","RS","4314902","100MG7W","NR","SA-NSA","","3550","3550","120","FB","","","760","100462102519","25","25","65","0","X","18","100462102519","200","-30.02056","-51.21417","G","2024-12-19","2014-05-29","","727b3af8028b956b","2041-12-08","","","Porto Alegre"
"LIC-LIC-01","TIM S A","50409314250","010","105812021","1000133661","Rua Voluntários Da Pátria","","RS","4314902","100MG7W","NR","SA-NSA","","3550","3550","240","FB","","","760","100462102519","25","25","65","0","X","18","100462102519","200","-30.02056","-51.21417","G","2024-12-19","2014-05-29","","727b3af8028b956c","2041-12-08","","","Porto Alegre"
"LIC-LIC-01","Telefonica Brasil S.a.","50409146366","010","105802021","403009430","AVENIDA  TULIO DE ROSE","PROPRIO","RS","4314902","100MG7W","NR","SA-NSA","","3450","3450","360","FB","","","760","116652103257","25","23","60","0","X","9","116652103257","200","-30.02139","-51.16139","G","2024-12-17","1999-11-08","","e5163af80342c7ef","2041-12-08","","","Porto Alegre"
"LIC-LIC-01","Telefonica Brasil S.a.","50409146366","010","105802021","1015295611","RUA PROFESSOR ÁLVARO BARCELLOS FERREIRA","","RS","4314902","100MG7W","NR","SA-NSA","","3450","3450","20","FB","","","760","116652103257","25","23","60","0","X","28.8","116652103257","200","-30.009528","-51.116361","G","2024-12-17","2023-09-27","","e5163af80342c875","2041-12-08","","","Porto Alegre"
"LIC-LIC-01","Telefonica Brasil S.a.","50409146366","010","105802021","1015295611","RUA PROFESSOR ÁLVARO BARCELLOS FERREIRA","","RS","4314902","100MG7W","NR","SA-NSA","","3450","3450","150","FB","","","760","116652103257","25","23","60","0","X","28.8","116652103257","200","-30.009528","-51.116361","G","2024-12-17","2023-09-27","","e5163af80342c876","2041-12-08","","","Porto Alegre"
"LIC-LIC-01","Telefonica Brasil S.a.","50409146366","010","105802021","1015295611","RUA PROFESSOR ÁLVARO BARCELLOS FERREIRA","","RS","4314902","100MG7W","NR","SA-NSA","","3450","3450","260","FB","","","760","116652103257","25","23","60","0","X","28.8","116652103257","200","-30.009528","-51.116361","G","2024-12-17","2023-09-27","","e5163af80342c877","2041-12-08","","","Porto Alegre"
"LIC-LIC-01","Telefonica Brasil S.a.","50409146366","010","105802021","1005123869","AVENIDA JOAO WALLIG","","RS","4314902","100MG7W","NR","SA-NSA","","3450","3450","360","FB","","","168","0","0","0","0","0","V","1.5","168242103257","200","-30.025","-51.16194","G","2024-12-17","2019-06-06","","e5163af8036ec9a0","2041-12-08","","","Porto Alegre"
"LIC-LIC-01","Telefonica Brasil S.a.","50409146366","010","105802021","5185297","ESTRADA JOÃO ANTÔNIO SILVEIRA    1340","","RS","4314902","100MG7W","NR","SA-NSA","","3450","3450","10","FB","","","760","116652103257","25","23","60","0","X","35","116652103257","200","-30.15743","-51.14545","G","2024-12-17","1999-10-05","","e5163af8036ec9d9","2041-12-08","","","Porto Alegre"
"LIC-LIC-01","Telefonica Brasil S.a.","50409146366","010","105802021","5185297","ESTRADA JOÃO ANTÔNIO SILVEIRA    1340","","RS","4314902","100MG7W","NR","SA-NSA","","3450","3450","120","FB","","","760","116652103257","25","23","60","0","X","35","116652103257","200","-30.15743","-51.14545","G","2024-12-17","1999-10-05","","e5163af8036ec9da","2041-12-08","","","Porto Alegre"
"LIC-LIC-01","Telefonica Brasil S.a.","50409146366","010","105802021","5185297","ESTRADA JOÃO ANTÔNIO SILVEIRA    1340","","RS","4314902","100MG7W","NR","SA-NSA","","3450","3450","270","FB","","","760","116652103257","25","23","60","0","X","35","116652103257","200","-30.15743","-51.14545","G","2024-12-17","1999-10-05","","e5163af8036ec9db","2041-12-08","","","Porto Alegre"
"LIC-LIC-01","TIM S A","50409314250","010","105812021","684134640","RUA DORIVAL CASTILHOS MACHADO","EM AQUISIÇÃO","RS","4314902","100MG7W","NR","SA-NSA","","3550","3550","140","FB","","","760","168242103257","25","25","65","-4","X","50","168242103257","200","-30.161594","-51.193074","G","2024-12-20","2007-01-10","","14093af8045ed426","2041-12-08","","","Porto Alegre"
"LIC-LIC-01","TIM S A","50409314250","010","105812021","684134640","RUA DORIVAL CASTILHOS MACHADO","EM AQUISIÇÃO","RS","4314902","100MG7W","NR","SA-NSA","","3550","3550","30","FB","","","760","168242103257","25","25","65","-4","X","50","168242103257","200","-30.161594","-51.193074","G","2024-12-20","2007-01-10","","14093af8045ed427","2041-12-08","","","Porto Alegre"
"LIC-LIC-01","TIM S A","50409314250","010","105812021","684134640","RUA DORIVAL CASTILHOS MACHADO","EM AQUISIÇÃO","RS","4314902","100MG7W","NR","SA-NSA","","3550","3550","330","FB","","","760","168242103257","25","25","65","-4","X","50","168242103257","200","-30.161594","-51.193074","G","2024-12-20","2007-01-10","","14093af8045ed428","2041-12-08","","","Porto Alegre"
"LIC-LIC-01","TIM S A","50409314250","010","105812021","1016371184","AVENIDA BENTO GONCALVES 8831","EM AQUISIÇÃO","RS","4314902","100MG7W","NR","SA-NSA","","3550","3550","0","FB","","","760","116672103257","25","25","65","-4","X","40","116672103257","200","-30.07653","-51.13003","G","2024-12-20","2024-12-20","","14093af8045ed431","2041-12-08","","","Porto Alegre"
"LIC-LIC-01","TIM S A","50409314250","010","105812021","1016371184","AVENIDA BENTO GONCALVES 8831","EM AQUISIÇÃO","RS","4314902","100MG7W","NR","SA-NSA","","3550","3550","120","FB","","","760","116672103257","25","25","65","-4","X","40","116672103257","200","-30.07653","-51.13003","G","2024-12-20","2024-12-20","","14093af8045ed432","2041-12-08","","","Porto Alegre"
"LIC-LIC-01","TIM S A","50409314250","010","105812021","1016371184","AVENIDA BENTO GONCALVES 8831","EM AQUISIÇÃO","RS","4314902","100MG7W","NR","SA-NSA","","3550","3550","240","FB","","","760","116672103257","25","25","65","-4","X","40","116672103257","200","-30.07653","-51.13003","G","2024-12-20","2024-12-20","","14093af8045ed433","2041-12-08","","","Porto Alegre"
"LIC-LIC-01","TIM S A","50409314250","010","105812021","1016371192","RUA OLIVEIRA LOPES 1380","EM AQUISIÇÃO","RS","4314902","100MG7W","NR","SA-NSA","","3550","3550","0","FB","","","760","116672103257","25","25","65","-4","X","40","116672103257","200","-29.97967","-51.12881","G","2024-12-20","2024-12-20","","14093af8045ed437","2041-12-08","","","Porto Alegre"
"LIC-LIC-01","TIM S A","50409314250","010","105812021","1016371192","RUA OLIVEIRA LOPES 1380","EM AQUISIÇÃO","RS","4314902","100MG7W","NR","SA-NSA","","3550","3550","120","FB","","","760","116672103257","25","25","65","-4","X","40","116672103257","200","-29.97967","-51.12881","G","2024-12-20","2024-12-20","","14093af8045ed438","2041-12-08","","","Porto Alegre"
"LIC-LIC-01","TIM S A","50409314250","010","105812021","1016371192","RUA OLIVEIRA LOPES 1380","EM AQUISIÇÃO","RS","4314902","100MG7W","NR","SA-NSA","","3550","3550","240","FB","","","760","116672103257","25","25","65","-4","X","40","116672103257","200","-29.97967","-51.12881","G","2024-12-20","2024-12-20","","14093af8045ed439","2041-12-08","","","Porto Alegre"
"LIC-LIC-01","Telefonica Brasil S.a.","50409146366","010","105802021","699802156","Estrada Retiro da Ponta Grossa","","RS","4314902","100MG7W","NR","SA-NSA","","3450","3450","30","FB","","","760","168242103257","16.8","23.8","65","0","X","15.5","168242103257","200","-30.18694","-51.21722","G","2024-12-18","2014-03-13","","727b3af8023297e8","2041-12-08","","","Porto Alegre"
"LIC-LIC-01","Telefonica Brasil S.a.","50409146366","010","105802021","699802156","Estrada Retiro da Ponta Grossa","","RS","4314902","100MG7W","NR","SA-NSA","","3450","3450","150","FB","","","760","168242103257","16.8","23.8","65","0","X","15.5","168242103257","200","-30.18694","-51.21722","G","2024-12-18","2014-03-13","","727b3af8023297ed","2041-12-08","","","Porto Alegre"
"LIC-LIC-01","Telefonica Brasil S.a.","50409146366","010","105802021","699802156","Estrada Retiro da Ponta Grossa","","RS","4314902","100MG7W","NR","SA-NSA","","3450","3450","270","FB","","","760","168242103257","16.8","23.8","65","0","X","15.5","168242103257","200","-30.18694","-51.21722","G","2024-12-18","2014-03-13","","727b3af8023297f2","2041-12-08","","","Porto Alegre"
"LIC-LIC-01","Telefonica Brasil S.a.","50409146366","010","105802021","1016366504","RUA OLÁVO BARRETO VIANA    36","MOINHOS SHOPPING","RS","4314902","100MG7W","NR","SA-NSA","","3450","3450","360","FB","","","168","0","0","0","0","0","V","1.5","168242103257","200","-30.0237","-51.2012","G","2024-12-18","2024-12-18","","727b3af80232981e","2041-12-08","","","Porto Alegre"
"LIC-LIC-01","Telefonica Brasil S.a.","50409146366","010","105802021","1006894354","RUA BORBA GATO","RBR-NÃO","RS","4314902","100MG7W","NR","SA-NSA","","3450","3450","0","FB","","","760","116652103257","25","23","60","0","X","41","116652103257","200","-30.10667","-51.1075","G","2024-12-18","2018-06-29","","727b3af8023298d1","2041-12-08","","","Porto Alegre"
"LIC-LIC-01","Telefonica Brasil S.a.","50409146366","010","105802021","1006894354","RUA BORBA GATO","RBR-NÃO","RS","4314902","100MG7W","NR","SA-NSA","","3450","3450","150","FB","","","760","116652103257","25","23","60","0","X","41","116652103257","200","-30.10667","-51.1075","G","2024-12-18","2018-06-29","","727b3af8023298d6","2041-12-08","","","Porto Alegre"
"LIC-LIC-01","Telefonica Brasil S.a.","50409146366","010","105802021","1006894354","RUA BORBA GATO","RBR-NÃO","RS","4314902","100MG7W","NR","SA-NSA","","3450","3450","250","FB","","","760","116652103257","25","23","60","0","X","41","116652103257","200","-30.10667","-51.1075","G","2024-12-18","2018-06-29","","727b3af8023298db","2041-12-08","","","Porto Alegre"
"LIC-LIC-01","Telefonica Brasil S.a.","50409146366","010","105802021","1016389776","AV. PADRE CACIQUE    891//PRAIA DE BELAS/90810-240","","RS","4314902","100MG7W","NR","SA-NSA","","3450","3450","1","FB","","","760","072102203257","0","0","0","0","X","3","072102203257","200","-30.06489","-51.235386","G","2025-01-07","2025-01-07","","f3a93af802a2b62b","2041-12-08","","","Porto Alegre"
"LIC-LIC-01","Telefonica Brasil S.a.","50409146366","010","105802021","1016389776","AV. PADRE CACIQUE    891//PRAIA DE BELAS/90810-240","","RS","4314902","100MG7W","NR","SA-NSA","","3450","3450","2","FB","","","760","072102203257","0","0","0","0","X","3","072102203257","200","-30.06489","-51.235386","G","2025-01-07","2025-01-07","","f3a93af802a2b62c","2041-12-08","","","Porto Alegre"
"LIC-LIC-01","Telefonica Brasil S.a.","50409146366","010","105802021","1016389784","Av. Praia de Belas    1181","","RS","4314902","100MG7W","NR","SA-NSA","","3450","3450","0","FB","","","760","072102203257","0","0","0","0","X","3","072102203257","200","-30.0494","-51.2289","G","2025-01-07","2025-01-07","","f3a93af802a2b62d","2041-12-08","","","Porto Alegre"
"LIC-LIC-01","TIM S A","50409314250","010","105812021","1016391738","RUA BUSCANDO","","RS","4314902","100MG7W","NR","SA-NSA","","3550","3550","0","FB","","","760","168242103257","25","25","65","-4","X","40","168242103257","200","-30.07375","-51.195278","G","2025-01-08","2025-01-08","","42153af8041edb8a","2041-12-08","","","Porto Alegre"
"LIC-LIC-01","TIM S A","50409314250","010","105812021","1016391738","RUA BUSCANDO","","RS","4314902","100MG7W","NR","SA-NSA","","3550","3550","120","FB","","","760","168242103257","25","25","65","-4","X","40","168242103257","200","-30.07375","-51.195278","G","2025-01-08","2025-01-08","","42153af8041edb8b","2041-12-08","","","Porto Alegre"
"LIC-LIC-01","TIM S A","50409314250","010","105812021","1016391738","RUA BUSCANDO","","RS","4314902","100MG7W","NR","SA-NSA","","3550","3550","240","FB","","","760","168242103257","25","25","65","-4","X","40","168242103257","200","-30.07375","-51.195278","G","2025-01-08","2025-01-08","","42153af8041edb8c","2041-12-08","","","Porto Alegre"
"LIC-LIC-01","CLARO S.A.","50409889580","010","105752021","523012080","R OLAVO BARRETO VIANA","SHOPPING MOINHOS","RS","4314902","50M0G7W","NR","SA-NSA","","2325","2325","0","FB","","","168","","4","0","360","0","V","3","132072102519","50","-30.0238","-51.2013","G","2025-01-16","2000-06-01","","c2933af8034e8a51","2041-12-08","","","Porto Alegre"
"LIC-LIC-01","CLARO S.A.","50409889580","010","105752021","688207812","AV CRISTÓVÃO COLOMBO","SHOPPING TOTAL","RS","4314902","50M0G7W","NR","SA-NSA","","2325","2325","0","FB","","","168","","4","0","360","0","V","3","132072102519","50","-30.0266","-51.2126","G","2025-01-16","2006-11-03","","c2933af8034e8a5c","2041-12-08","","","Porto Alegre"
"LIC-LIC-01","Telefonica Brasil S.a.","50409146366","010","105802021","692909826","RUA ADAIL LOPES DA CUNHA    S/N°    LOTE 12 (AO LADO DO N° 300/54)","PROPRIO","RS","4314902","100MG7W","NR","SA-NSA","","3450","3450","110","FB","","","760","116652103257","25","23","60","0","X","31","116652103257","200","-30.00254","-51.10066","G","2025-01-28","2010-11-17","","83263af80259e7b4","2041-12-08","","","Porto Alegre"
"LIC-LIC-01","Telefonica Brasil S.a.","50409146366","010","105802021","692909826","RUA ADAIL LOPES DA CUNHA    S/N°    LOTE 12 (AO LADO DO N° 300/54)","PROPRIO","RS","4314902","100MG7W","NR","SA-NSA","","3450","3450","240","FB","","","760","116652103257","25","23","60","0","X","31","116652103257","200","-30.00254","-51.10066","G","2025-01-28","2010-11-17","","83263af80259e7b5","2041-12-08","","","Porto Alegre"
"LIC-LIC-01","Telefonica Brasil S.a.","50409146366","010","105802021","692909826","RUA ADAIL LOPES DA CUNHA    S/N°    LOTE 12 (AO LADO DO N° 300/54)","PROPRIO","RS","4314902","100MG7W","NR","SA-NSA","","3450","3450","350","FB","","","760","116652103257","25","23","60","0","X","31","116652103257","200","-30.00254","-51.10066","G","2025-01-28","2010-11-17","","83263af80259e7b6","2041-12-08","","","Porto Alegre"
"LIC-LIC-01","Telefonica Brasil S.a.","50409146366","010","105802021","699874025","Rua Ernesto Araújo","","RS","4314902","100MG7W","NR","SA-NSA","","3450","3450","140","FB","","","760","116652103257","25","23","60","0","X","22.5","116652103257","200","-30.07611","-51.16694","G","2025-01-28","2014-04-02","","83263af80259e7db","2041-12-08","","","Porto Alegre"
"LIC-LIC-01","Telefonica Brasil S.a.","50409146366","010","105802021","699874025","Rua Ernesto Araújo","","RS","4314902","100MG7W","NR","SA-NSA","","3450","3450","240","FB","","","760","116652103257","25","23","60","0","X","22.5","116652103257","200","-30.07611","-51.16694","G","2025-01-28","2014-04-02","","83263af80259e7de","2041-12-08","","","Porto Alegre"
"LIC-LIC-01","Telefonica Brasil S.a.","50409146366","010","105802021","699874025","Rua Ernesto Araújo","","RS","4314902","100MG7W","NR","SA-NSA","","3450","3450","330","FB","","","760","116652103257","25","23","60","0","X","22.5","116652103257","200","-30.07611","-51.16694","G","2025-01-28","2014-04-02","","83263af80259e7e1","2041-12-08","","","Porto Alegre"
"LIC-LIC-01","Telefonica Brasil S.a.","50409146366","010","105802021","1008485443","RUA GUANABARA","RBR-NÃO","RS","4314902","100MG7W","NR","SA-NSA","","3450","3450","40","FB","","","760","116652103257","25","23","60","0","X","20","116652103257","200","-30.09639","-51.17222","G","2025-01-28","2019-05-08","","83263af80259e83e","2041-12-08","","","Porto Alegre"
"LIC-LIC-01","Telefonica Brasil S.a.","50409146366","010","105802021","1008485443","RUA GUANABARA","RBR-NÃO","RS","4314902","100MG7W","NR","SA-NSA","","3450","3450","160","FB","","","760","116652103257","25","23","60","0","X","20","116652103257","200","-30.09639","-51.17222","G","2025-01-28","2019-05-08","","83263af80259e843","2041-12-08","","","Porto Alegre"
"LIC-LIC-01","Telefonica Brasil S.a.","50409146366","010","105802021","1008485443","RUA GUANABARA","RBR-NÃO","RS","4314902","100MG7W","NR","SA-NSA","","3450","3450","310","FB","","","760","116652103257","25","23","60","0","X","20","116652103257","200","-30.09639","-51.17222","G","2025-01-28","2019-05-08","","83263af80259e848","2041-12-08","","","Porto Alegre"
"LIC-LIC-01","Telefonica Brasil S.a.","50409146366","010","105802021","699802156","Estrada Retiro da Ponta Grossa","","RS","4314902","100MG7W","NR","SA-NSA","","3450","3450","30","FB","","","760","168242103257","16.8","23.8","65","0","X","15.5","168242103257","200","-30.18694","-51.21722","G","2025-02-13","2014-03-13","","b1563af802adfca1","2041-12-08","","","Porto Alegre"
"LIC-LIC-01","Telefonica Brasil S.a.","50409146366","010","105802021","699802156","Estrada Retiro da Ponta Grossa","","RS","4314902","100MG7W","NR","SA-NSA","","3450","3450","150","FB","","","760","168242103257","16.8","23.8","65","0","X","15.5","168242103257","200","-30.18694","-51.21722","G","2025-02-13","2014-03-13","","b1563af802adfca6","2041-12-08","","","Porto Alegre"
"LIC-LIC-01","Telefonica Brasil S.a.","50409146366","010","105802021","699802156","Estrada Retiro da Ponta Grossa","","RS","4314902","100MG7W","NR","SA-NSA","","3450","3450","270","FB","","","760","168242103257","16.8","23.8","65","0","X","15.5","168242103257","200","-30.18694","-51.21722","G","2025-02-13","2014-03-13","","b1563af802adfcab","2041-12-08","","","Porto Alegre"
"LIC-LIC-01","Telefonica Brasil S.a.","50409146366","010","105802021","1016471219","RUA OLÁVO BARRETO VIANA    36","MOINHOS SHOPPING","RS","4314902","100MG7W","NR","SA-NSA","","3450","3450","360","FB","","","168","072102203257","0","0","0","0","V","1.5","072102203257","200","-30.0237","-51.2012","G","2025-02-13","2025-02-13","","b1563af802adfcbc","2041-12-08","","","Porto Alegre"
"LIC-LIC-01","Telefonica Brasil S.a.","50409146366","010","105802021","1006894354","RUA BORBA GATO","RBR-NÃO","RS","4314902","100MG7W","NR","SA-NSA","","3450","3450","0","FB","","","760","116652103257","25","23","60","0","X","41","116652103257","200","-30.10667","-51.1075","G","2025-02-13","2018-06-29","","b1563af802adfcd6","2041-12-08","","","Porto Alegre"
"LIC-LIC-01","Telefonica Brasil S.a.","50409146366","010","105802021","1006894354","RUA BORBA GATO","RBR-NÃO","RS","4314902","100MG7W","NR","SA-NSA","","3450","3450","150","FB","","","760","116652103257","25","23","60","0","X","41","116652103257","200","-30.10667","-51.1075","G","2025-02-13","2018-06-29","","b1563af802adfcdb","2041-12-08","","","Porto Alegre"
"LIC-LIC-01","Telefonica Brasil S.a.","50409146366","010","105802021","1006894354","RUA BORBA GATO","RBR-NÃO","RS","4314902","100MG7W","NR","SA-NSA","","3450","3450","250","FB","","","760","116652103257","25","23","60","0","X","41","116652103257","200","-30.10667","-51.1075","G","2025-02-13","2018-06-29","","b1563af802adfce0","2041-12-08","","","Porto Alegre"
"LIC-LIC-01","Telefonica Brasil S.a.","50409146366","010","105802021","699873770","RUA SANTUÁRIO    400","TORRESUR","RS","4314902","100MG7W","NR","SA-NSA","","3450","3450","15","FB","","","760","116652103257","25","23","60","0","X","19.5","116652103257","200","-30.09995","-51.18204","G","2025-02-13","2021-09-09","","b1563af8033996df","2041-12-08","","","Porto Alegre"
"LIC-LIC-01","Telefonica Brasil S.a.","50409146366","010","105802021","699873770","RUA SANTUÁRIO    400","TORRESUR","RS","4314902","100MG7W","NR","SA-NSA","","3450","3450","180","FB","","","760","116652103257","25","23","60","0","X","19.5","116652103257","200","-30.09995","-51.18204","G","2025-02-13","2021-09-09","","b1563af8033996e4","2041-12-08","","","Porto Alegre"
"LIC-LIC-01","Telefonica Brasil S.a.","50409146366","010","105802021","699873770","RUA SANTUÁRIO    400","TORRESUR","RS","4314902","100MG7W","NR","SA-NSA","","3450","3450","280","FB","","","760","116652103257","25","23","60","0","X","19.5","116652103257","200","-30.09995","-51.18204","G","2025-02-13","2021-09-09","","b1563af8033996e9","2041-12-08","","","Porto Alegre"
"LIC-LIC-01","Telefonica Brasil S.a.","50409146366","010","105802021","1016490612","RUA CURUPAITI    1326","","RS","4314902","100MG7W","NR","SA-NSA","","3450","3450","120","FB","","","760","116652103257","25","23","60","0","X","60","116652103257","200","-30.09085","-51.2401","G","2025-02-19","2025-02-19","","908d3af8041e86d3","2041-12-08","","","Porto Alegre"
"LIC-LIC-01","Telefonica Brasil S.a.","50409146366","010","105802021","1016490612","RUA CURUPAITI    1326","","RS","4314902","100MG7W","NR","SA-NSA","","3450","3450","240","FB","","","760","116652103257","25","23","60","0","X","60","116652103257","200","-30.09085","-51.2401","G","2025-02-19","2025-02-19","","908d3af8041e86d4","2041-12-08","","","Porto Alegre"
"LIC-LIC-01","Telefonica Brasil S.a.","50409146366","010","105802021","1016490612","RUA CURUPAITI    1326","","RS","4314902","100MG7W","NR","SA-NSA","","3450","3450","350","FB","","","760","116652103257","25","23","60","0","X","60","116652103257","200","-30.09085","-51.2401","G","2025-02-19","2025-02-19","","908d3af8041e86d5","2041-12-08","","","Porto Alegre"
"LIC-LIC-01","Telefonica Brasil S.a.","50409146366","010","105802021","1000130786","Avenida Severo Dullius","","RS","4314902","100MG7W","NR","SA-NSA","","3450","3450","100","FB","","","760","116652103257","25","23","60","0","X","18","116652103257","200","-29.98806","-51.18","G","2025-02-19","2014-05-22","","908d3af8041e86df","2041-12-08","","","Porto Alegre"
"LIC-LIC-01","Telefonica Brasil S.a.","50409146366","010","105802021","1000130786","Avenida Severo Dullius","","RS","4314902","100MG7W","NR","SA-NSA","","3450","3450","220","FB","","","760","116652103257","25","23","60","0","X","18","116652103257","200","-29.98806","-51.18","G","2025-02-19","2014-05-22","","908d3af8041e86e0","2041-12-08","","","Porto Alegre"
"LIC-LIC-01","Telefonica Brasil S.a.","50409146366","010","105802021","1000130786","Avenida Severo Dullius","","RS","4314902","100MG7W","NR","SA-NSA","","3450","3450","340","FB","","","760","116652103257","25","23","60","0","X","18","116652103257","200","-29.98806","-51.18","G","2025-02-19","2014-05-22","","908d3af8041e86e1","2041-12-08","","","Porto Alegre"
"LIC-LIC-01","Telefonica Brasil S.a.","50409146366","010","105802021","699802067","Estrada João de Oliveira Remião","ATC","RS","4314902","100MG7W","NR","SA-NSA","","3450","3450","80","FB","","","760","168242103257","16.8","23.8","65","0","X","20","168242103257","200","-30.12056","-51.10889","G","2025-02-19","2014-03-13","","908d3af8041e86ee","2041-12-08","","","Porto Alegre"
"LIC-LIC-01","Telefonica Brasil S.a.","50409146366","010","105802021","699802067","Estrada João de Oliveira Remião","ATC","RS","4314902","100MG7W","NR","SA-NSA","","3450","3450","210","FB","","","760","168242103257","16.8","23.8","65","0","X","20","168242103257","200","-30.12056","-51.10889","G","2025-02-19","2014-03-13","","908d3af8041e86ef","2041-12-08","","","Porto Alegre"
"LIC-LIC-01","Telefonica Brasil S.a.","50409146366","010","105802021","699802067","Estrada João de Oliveira Remião","ATC","RS","4314902","100MG7W","NR","SA-NSA","","3450","3450","330","FB","","","760","168242103257","16.8","23.8","65","0","X","20","168242103257","200","-30.12056","-51.10889","G","2025-02-19","2014-03-13","","908d3af8041e86f0","2041-12-08","","","Porto Alegre"
"LIC-LIC-01","Telefonica Brasil S.a.","50409146366","010","105802021","1016490620","RUA BUTUÍ    151","","RS","4314902","100MG7W","NR","SA-NSA","","3450","3450","70","FB","","","760","116652103257","25","23","60","0","X","25","116652103257","200","-30.0863","-51.2404","G","2025-02-19","2025-02-19","","908d3af8041e8709","2041-12-08","","","Porto Alegre"
"LIC-LIC-01","Telefonica Brasil S.a.","50409146366","010","105802021","1016490620","RUA BUTUÍ    151","","RS","4314902","100MG7W","NR","SA-NSA","","3450","3450","210","FB","","","760","116652103257","25","23","60","0","X","25","116652103257","200","-30.0863","-51.2404","G","2025-02-19","2025-02-19","","908d3af8041e870a","2041-12-08","","","Porto Alegre"
"LIC-LIC-01","Telefonica Brasil S.a.","50409146366","010","105802021","1016490620","RUA BUTUÍ    151","","RS","4314902","100MG7W","NR","SA-NSA","","3450","3450","330","FB","","","760","116652103257","25","23","60","0","X","25","116652103257","200","-30.0863","-51.2404","G","2025-02-19","2025-02-19","","908d3af8041e870b","2041-12-08","","","Porto Alegre"
"LIC-LIC-01","Telefonica Brasil S.a.","50409146366","010","105802021","1016490639","TRAVESSA COLÔNIA    48","","RS","4314902","100MG7W","NR","SA-NSA","","3450","3450","0","FB","","","760","168242103257","16.8","23.8","65","0","X","36","168242103257","200","-30.00507","-51.14944","G","2025-02-19","2025-02-19","","908d3af8041e8727","2041-12-08","","","Porto Alegre"
"LIC-LIC-01","Telefonica Brasil S.a.","50409146366","010","105802021","1016490639","TRAVESSA COLÔNIA    48","","RS","4314902","100MG7W","NR","SA-NSA","","3450","3450","130","FB","","","760","168242103257","16.8","23.8","65","0","X","36","168242103257","200","-30.00507","-51.14944","G","2025-02-19","2025-02-19","","908d3af8041e8728","2041-12-08","","","Porto Alegre"
"LIC-LIC-01","Telefonica Brasil S.a.","50409146366","010","105802021","1016490639","TRAVESSA COLÔNIA    48","","RS","4314902","100MG7W","NR","SA-NSA","","3450","3450","240","FB","","","760","168242103257","16.8","23.8","65","0","X","36","168242103257","200","-30.00507","-51.14944","G","2025-02-19","2025-02-19","","908d3af8041e8729","2041-12-08","","","Porto Alegre"
"LIC-LIC-01","Telefonica Brasil S.a.","50409146366","010","105802021","1016490647","AVENIDA BELÉM VELHO 4299","","RS","4314902","100MG7W","NR","SA-NSA","","3450","3450","0","FB","","","760","168242103257","16.8","23.8","65","0","X","14.5","168242103257","200","-30.11806","-51.19077","G","2025-02-19","2025-02-19","","908d3af8041e8739","2041-12-08","","","Porto Alegre"
"LIC-LIC-01","Telefonica Brasil S.a.","50409146366","010","105802021","1016490647","AVENIDA BELÉM VELHO 4299","","RS","4314902","100MG7W","NR","SA-NSA","","3450","3450","100","FB","","","760","168242103257","16.8","23.8","65","0","X","14.5","168242103257","200","-30.11806","-51.19077","G","2025-02-19","2025-02-19","","908d3af8041e873a","2041-12-08","","","Porto Alegre"
"LIC-LIC-01","Telefonica Brasil S.a.","50409146366","010","105802021","1016490647","AVENIDA BELÉM VELHO 4299","","RS","4314902","100MG7W","NR","SA-NSA","","3450","3450","220","FB","","","760","168242103257","16.8","23.8","65","0","X","14.5","168242103257","200","-30.11806","-51.19077","G","2025-02-19","2025-02-19","","908d3af8041e873b","2041-12-08","","","Porto Alegre"
"LIC-LIC-01","Telefonica Brasil S.a.","50409146366","010","105802021","689051972","ESTRADA DA TAQUARA    N° 111","PROPRIO","RS","4314902","100MG7W","NR","SA-NSA","","3450","3450","50","FB","","","760","168242103257","16.8","23.8","65","0","X","65","168242103257","200","-30.20398","-51.11465","G","2025-02-19","2007-02-23","","908d3af8041e873f","2041-12-08","","","Porto Alegre"
"LIC-LIC-01","Telefonica Brasil S.a.","50409146366","010","105802021","689051972","ESTRADA DA TAQUARA    N° 111","PROPRIO","RS","4314902","100MG7W","NR","SA-NSA","","3450","3450","150","FB","","","760","168242103257","16.8","23.8","65","0","X","65","168242103257","200","-30.20398","-51.11465","G","2025-02-19","2007-02-23","","908d3af8041e8740","2041-12-08","","","Porto Alegre"
"LIC-LIC-01","Telefonica Brasil S.a.","50409146366","010","105802021","689051972","ESTRADA DA TAQUARA    N° 111","PROPRIO","RS","4314902","100MG7W","NR","SA-NSA","","3450","3450","280","FB","","","760","168242103257","16.8","23.8","65","0","X","65","168242103257","200","-30.20398","-51.11465","G","2025-02-19","2007-02-23","","908d3af8041e8741","2041-12-08","","","Porto Alegre"
"LIC-LIC-01","Telefonica Brasil S.a.","50409146366","010","105802021","1010832210","RUA FREDERICO BARLETTA CELIA","RBR-NÃO","RS","4314902","100MG7W","NR","SA-NSA","","3450","3450","140","FB","","","760","116652103257","25","23","60","-2","X","40","116652103257","200","-30.03033","-51.10234","G","2025-02-19","2020-08-04","","908d3af8041e8747","2041-12-08","","","Porto Alegre"
"LIC-LIC-01","Telefonica Brasil S.a.","50409146366","010","105802021","1010832210","RUA FREDERICO BARLETTA CELIA","RBR-NÃO","RS","4314902","100MG7W","NR","SA-NSA","","3450","3450","30","FB","","","760","116652103257","25","23","60","-5","X","40","116652103257","200","-30.03033","-51.10234","G","2025-02-19","2020-08-04","","908d3af8041e8748","2041-12-08","","","Porto Alegre"
"LIC-LIC-01","Telefonica Brasil S.a.","50409146366","010","105802021","1010832210","RUA FREDERICO BARLETTA CELIA","RBR-NÃO","RS","4314902","100MG7W","NR","SA-NSA","","3450","3450","230","FB","","","760","168242103257","16.8","23.8","65","-2","X","40","168242103257","200","-30.03033","-51.10234","G","2025-02-19","2020-08-04","","908d3af8041e8749","2041-12-08","","","Porto Alegre"
"LIC-LIC-01","Telefonica Brasil S.a.","50409146366","010","105802021","1016490655","ESTRADA VAREJAO    495","","RS","4314902","100MG7W","NR","SA-NSA","","3450","3450","70","FB","","","760","168242103257","16.8","23.8","65","0","X","40","168242103257","200","-30.2206","-51.0981","G","2025-02-19","2025-02-19","","908d3af8041e87ba","2041-12-08","","","Porto Alegre"
"LIC-LIC-01","Telefonica Brasil S.a.","50409146366","010","105802021","1016490655","ESTRADA VAREJAO    495","","RS","4314902","100MG7W","NR","SA-NSA","","3450","3450","160","FB","","","760","168242103257","16.8","23.8","65","0","X","40","168242103257","200","-30.2206","-51.0981","G","2025-02-19","2025-02-19","","908d3af8041e87bb","2041-12-08","","","Porto Alegre"
"LIC-LIC-01","Telefonica Brasil S.a.","50409146366","010","105802021","1016490655","ESTRADA VAREJAO    495","","RS","4314902","100MG7W","NR","SA-NSA","","3450","3450","290","FB","","","760","168242103257","16.8","23.8","65","0","X","40","168242103257","200","-30.2206","-51.0981","G","2025-02-19","2025-02-19","","908d3af8041e87bc","2041-12-08","","","Porto Alegre"
"LIC-LIC-01","Telefonica Brasil S.a.","50409146366","010","105802021","699874092","AVENIDA MARTINS BASTOS    165","","RS","4314902","100MG7W","NR","SA-NSA","","3450","3450","100","FB","","","760","168242103257","16.8","23.8","65","0","X","30","168242103257","200","-29.98825","-51.13286","G","2025-02-19","2014-04-02","","908d3af8041e87d8","2041-12-08","","","Porto Alegre"
"LIC-LIC-01","Telefonica Brasil S.a.","50409146366","010","105802021","699874092","AVENIDA MARTINS BASTOS    165","","RS","4314902","100MG7W","NR","SA-NSA","","3450","3450","220","FB","","","760","168242103257","16.8","23.8","65","0","X","30","168242103257","200","-29.98825","-51.13286","G","2025-02-19","2014-04-02","","908d3af8041e87d9","2041-12-08","","","Porto Alegre"
"LIC-LIC-01","Telefonica Brasil S.a.","50409146366","010","105802021","699874092","AVENIDA MARTINS BASTOS    165","","RS","4314902","100MG7W","NR","SA-NSA","","3450","3450","340","FB","","","760","168242103257","16.8","23.8","65","0","X","30","168242103257","200","-29.98825","-51.13286","G","2025-02-19","2014-04-02","","908d3af8041e87da","2041-12-08","","","Porto Alegre"
"LIC-LIC-01","Telefonica Brasil S.a.","50409146366","010","105802021","690892799","AV. DIÁRIO DE NOTÍCIAS","PROPRIO - TIM","RS","4314902","100MG7W","NR","SA-NSA","","3450","3450","0","FB","","","760","168242103257","0","0","0","0","X","2","168242103257","200","-30.08583","-51.24667","G","2025-02-19","2021-09-09","","908d3af8041e87ed","2041-12-08","","","Porto Alegre"
"LIC-LIC-01","Telefonica Brasil S.a.","50409146366","010","105802021","534614795","BR 290","KM 88","RS","4314902","100MG7W","NR","SA-NSA","","3450","3450","0","FB","","","760","116652103257","25","23","60","0","X","45.3","116652103257","200","-29.96778","-51.13722","G","2025-02-19","2000-09-06","","908d3af8041e883f","2041-12-08","","","Porto Alegre"
"LIC-LIC-01","Telefonica Brasil S.a.","50409146366","010","105802021","534614795","BR 290","KM 88","RS","4314902","100MG7W","NR","SA-NSA","","3450","3450","100","FB","","","760","116652103257","25","23","60","0","X","45.3","116652103257","200","-29.96778","-51.13722","G","2025-02-19","2000-09-06","","908d3af8041e8840","2041-12-08","","","Porto Alegre"
"LIC-LIC-01","Telefonica Brasil S.a.","50409146366","010","105802021","534614795","BR 290","KM 88","RS","4314902","100MG7W","NR","SA-NSA","","3450","3450","270","FB","","","760","116652103257","25","23","60","0","X","45.3","116652103257","200","-29.96778","-51.13722","G","2025-02-19","2000-09-06","","908d3af8041e8841","2041-12-08","","","Porto Alegre"
"LIC-LIC-01","Telefonica Brasil S.a.","50409146366","010","105802021","436306409","RUA OLIVEIRA LOPES","PROPRIO - BRT(MOVEL)","RS","4314902","100MG7W","NR","SA-NSA","","3450","3450","90","FB","","","760","168242103257","16.8","23.8","65","-3","X","26","168242103257","200","-29.97944","-51.12861","G","2025-02-19","1999-11-08","","908d3af8041e8851","2041-12-08","","","Porto Alegre"
"LIC-LIC-01","Telefonica Brasil S.a.","50409146366","010","105802021","436306409","RUA OLIVEIRA LOPES","PROPRIO - BRT(MOVEL)","RS","4314902","100MG7W","NR","SA-NSA","","3450","3450","180","FB","","","760","168242103257","16.8","23.8","65","-3","X","26","168242103257","200","-29.97944","-51.12861","G","2025-02-19","1999-11-08","","908d3af8041e8852","2041-12-08","","","Porto Alegre"
"LIC-LIC-01","Telefonica Brasil S.a.","50409146366","010","105802021","436306409","RUA OLIVEIRA LOPES","PROPRIO - BRT(MOVEL)","RS","4314902","100MG7W","NR","SA-NSA","","3450","3450","270","FB","","","760","168242103257","16.8","23.8","65","-3","X","26","168242103257","200","-29.97944","-51.12861","G","2025-02-19","1999-11-08","","908d3af8041e8853","2041-12-08","","","Porto Alegre"
"LIC-LIC-01","Telefonica Brasil S.a.","50409146366","010","105802021","1016490744","RUA ARTUR FABIAO CARNEIRO    180","","RS","4314902","100MG7W","NR","SA-NSA","","3450","3450","30","FB","","","760","116652103257","25","23","60","0","X","26","116652103257","200","-30.0192","-51.166","G","2025-02-19","2025-02-19","","12303be802ee499d","2041-12-08","","","Porto Alegre"
"LIC-LIC-01","Telefonica Brasil S.a.","50409146366","010","105802021","1016490744","RUA ARTUR FABIAO CARNEIRO    180","","RS","4314902","100MG7W","NR","SA-NSA","","3450","3450","140","FB","","","760","116652103257","25","23","60","0","X","26","116652103257","200","-30.0192","-51.166","G","2025-02-19","2025-02-19","","12303be802ee499e","2041-12-08","","","Porto Alegre"
"LIC-LIC-01","Telefonica Brasil S.a.","50409146366","010","105802021","1016490744","RUA ARTUR FABIAO CARNEIRO    180","","RS","4314902","100MG7W","NR","SA-NSA","","3450","3450","270","FB","","","760","116652103257","25","23","60","0","X","26","116652103257","200","-30.0192","-51.166","G","2025-02-19","2025-02-19","","12303be802ee499f","2041-12-08","","","Porto Alegre"
"LIC-LIC-01","Telefonica Brasil S.a.","50409146366","010","105802021","1016490752","AV. ASSIS BRASIL    2611","","RS","4314902","100MG7W","NR","SA-NSA","","3450","3450","0","FB","","","168","0","0","0","0","0","V","2","072052203257","200","-30.012","-51.1608","G","2025-02-19","2025-02-19","","12303be802ee49a9","2041-12-08","","","Porto Alegre"
"LIC-LIC-01","Telefonica Brasil S.a.","50409146366","010","105802021","1016490760","RUA DA GAVEA    524","","RS","4314902","100MG7W","NR","SA-NSA","","3450","3450","30","FB","","","760","168242103257","16.8","23.8","65","0","X","23","168242103257","200","-30.1327","-51.2275","G","2025-02-19","2025-02-19","","12303be802ee49d2","2041-12-08","","","Porto Alegre"
"LIC-LIC-01","Telefonica Brasil S.a.","50409146366","010","105802021","1016490760","RUA DA GAVEA    524","","RS","4314902","100MG7W","NR","SA-NSA","","3450","3450","170","FB","","","760","168242103257","16.8","23.8","65","0","X","23","168242103257","200","-30.1327","-51.2275","G","2025-02-19","2025-02-19","","12303be802ee49d3","2041-12-08","","","Porto Alegre"
"LIC-LIC-01","Telefonica Brasil S.a.","50409146366","010","105802021","1016490760","RUA DA GAVEA    524","","RS","4314902","100MG7W","NR","SA-NSA","","3450","3450","270","FB","","","760","168242103257","16.8","23.8","65","0","X","23","168242103257","200","-30.1327","-51.2275","G","2025-02-19","2025-02-19","","12303be802ee49d4","2041-12-08","","","Porto Alegre"
"LIC-LIC-01","Telefonica Brasil S.a.","50409146366","010","105802021","442308477","BR 116 - KM 98 - ILHA DO PAVÃO PRÓX. PONTE DO GUAÍBA","PROPRIO","RS","4314902","100MG7W","NR","SA-NSA","","3450","3450","90","FB","","","760","168242103257","16.8","23.8","65","0","X","35","168242103257","200","-29.99292","-51.21984","G","2025-02-19","1999-11-08","","12303be802ee49d5","2041-12-08","","","Porto Alegre"
"LIC-LIC-01","Telefonica Brasil S.a.","50409146366","010","105802021","442308477","BR 116 - KM 98 - ILHA DO PAVÃO PRÓX. PONTE DO GUAÍBA","PROPRIO","RS","4314902","100MG7W","NR","SA-NSA","","3450","3450","280","FB","","","760","168242103257","16.8","23.8","65","0","X","35","168242103257","200","-29.99292","-51.21984","G","2025-02-19","1999-11-08","","12303be802ee49d6","2041-12-08","","","Porto Alegre"
"LIC-LIC-01","Telefonica Brasil S.a.","50409146366","010","105802021","442308477","BR 116 - KM 98 - ILHA DO PAVÃO PRÓX. PONTE DO GUAÍBA","PROPRIO","RS","4314902","100MG7W","NR","SA-NSA","","3450","3450","350","FB","","","760","168242103257","16.8","23.8","65","0","X","35","168242103257","200","-29.99292","-51.21984","G","2025-02-19","1999-11-08","","12303be802ee49d7","2041-12-08","","","Porto Alegre"
"LIC-LIC-01","Telefonica Brasil S.a.","50409146366","010","105802021","1016490779","AV ENGENHEIRO ARY DE ABREU LIMA    247","","RS","4314902","100MG7W","NR","SA-NSA","","3450","3450","100","FB","","","760","116652103257","25","23","60","0","X","26","116652103257","200","-30.0263","-51.1537","G","2025-02-19","2025-02-19","","12303be802ee49e4","2041-12-08","","","Porto Alegre"
"LIC-LIC-01","Telefonica Brasil S.a.","50409146366","010","105802021","1016490779","AV ENGENHEIRO ARY DE ABREU LIMA    247","","RS","4314902","100MG7W","NR","SA-NSA","","3450","3450","220","FB","","","760","116652103257","25","23","60","0","X","26","116652103257","200","-30.0263","-51.1537","G","2025-02-19","2025-02-19","","12303be802ee49e5","2041-12-08","","","Porto Alegre"
"LIC-LIC-01","Telefonica Brasil S.a.","50409146366","010","105802021","1016490779","AV ENGENHEIRO ARY DE ABREU LIMA    247","","RS","4314902","100MG7W","NR","SA-NSA","","3450","3450","320","FB","","","760","116652103257","25","23","60","0","X","26","116652103257","200","-30.0263","-51.1537","G","2025-02-19","2025-02-19","","12303be802ee49e6","2041-12-08","","","Porto Alegre"
"LIC-LIC-01","Telefonica Brasil S.a.","50409146366","010","105802021","1016490787","RUA PROF MANOEL LOBATO    467","","RS","4314902","100MG7W","NR","SA-NSA","","3450","3450","20","FB","","","760","116652103257","25","23","60","0","X","25","116652103257","200","-30.0721","-51.2184","G","2025-02-19","2025-02-19","","12303be802ee49f9","2041-12-08","","","Porto Alegre"
"LIC-LIC-01","Telefonica Brasil S.a.","50409146366","010","105802021","1016490787","RUA PROF MANOEL LOBATO    467","","RS","4314902","100MG7W","NR","SA-NSA","","3450","3450","140","FB","","","760","116652103257","25","23","60","0","X","25","116652103257","200","-30.0721","-51.2184","G","2025-02-19","2025-02-19","","12303be802ee49fa","2041-12-08","","","Porto Alegre"
"LIC-LIC-01","Telefonica Brasil S.a.","50409146366","010","105802021","1016490787","RUA PROF MANOEL LOBATO    467","","RS","4314902","100MG7W","NR","SA-NSA","","3450","3450","260","FB","","","760","116652103257","25","23","60","0","X","25","116652103257","200","-30.0721","-51.2184","G","2025-02-19","2025-02-19","","12303be802ee49fb","2041-12-08","","","Porto Alegre"
