,odc_locations,fiberlength
0,"(-3.02806, -59.98861)",29.8438964510587
1,"(-2.97417, -59.99028)",0.0
2,"(-3.02139, -59.94583)",64.87952352921799
3,"(-3.11444, -60.04806)",48.25635532477426
4,"(-3.10028, -60.02028)",95.77508492618304
5,"(-3.07889, -60.07028)",39.71462861687215
6,"(-3.09639, -60.00111)",97.70630144798753
7,"(-3.13056, -60.02111)",70.65652926601916
