,odc_locations,fiberlength
0,"(-5.82083, -35.215)",157.27232058723942
1,"(-5.87167, -35.18111)",55.71600884918924
2,"(-5.78389, -35.19944)",268.77371789231364
