,odc_locations,capacities
0,"(-5.77833, -35.20194)",714
1,"(-5.86139, -35.19278)",756
2,"(-5.80366, -35.20402)",845
