,odc_locations,fiberlength
0,"(-5.735797, -35.254392)",56.52004531466572
1,"(-5.87167, -35.18111)",45.613352428889534
2,"(-5.79833, -35.20417)",98.04368474984547
3,"(-5.831416, -35.204944)",124.97399579275536
