,odc_locations,capacities
0,"(-3.13361, -60.02083)",966
1,"(-3.04194, -59.92889)",378
2,"(-3.05111, -59.99306)",294
3,"(-3.1025, -59.99806)",714
4,"(-3.08583, -60.01)",714
5,"(-3.10306, -60.05083)",894
