,odc_locations,fiberlength
0,"(-3.13361, -60.02083)",82.12147741384639
1,"(-3.04194, -59.92889)",48.74367286129842
2,"(-3.05111, -59.99306)",65.42231423584045
3,"(-3.1025, -59.99806)",79.22135792167776
4,"(-3.08583, -60.01)",77.94487080207398
5,"(-3.10306, -60.05083)",142.2230663000426
