,odc_locations,capacities
0,"(-3.13361, -60.02083)",672
1,"(-3.02806, -59.98861)",294
2,"(-3.1225, -60.00556)",462
3,"(-3.02139, -59.94583)",378
4,"(-3.0875, -60.04028)",894
5,"(-3.10611, -60.0175)",672
6,"(-3.08167, -60.01361)",588
