,odc_locations,capacities
0,"(-3.02806, -59.98861)",294
1,"(-3.09417, -59.99083)",840
2,"(-3.06472, -60.04361)",432
3,"(-3.02139, -59.94583)",336
4,"(-3.11778, -60.01806)",840
5,"(-3.12861, -60.01306)",714
6,"(-3.07889, -60.07028)",504
