,odc_locations,capacities
0,"(-3.03914, -59.93611)",546
1,"(-3.06472, -60.04361)",642
2,"(-3.11417, -60.01056)",840
3,"(-3.08583, -60.01)",966
4,"(-3.12639, -60.02)",966
