,odc_locations,fiberlength
0,"(-3.03914, -59.93611)",130.51111032506586
1,"(-3.06472, -60.04361)",151.9834632511802
2,"(-3.11417, -60.01056)",97.25749430746282
3,"(-3.08583, -60.01)",140.29935414576028
4,"(-3.12639, -60.02)",107.9155814984067
