,odc_locations,fiberlength
0,"(-3.102419, -60.061689)",70.78547299932572
1,"(-3.09417, -59.99083)",75.81290657940119
2,"(-2.97417, -59.99028)",11.676904845294505
3,"(-3.05444, -59.98361)",28.423274256881403
4,"(-3.0875, -60.04028)",77.22144577815992
5,"(-3.04194, -59.92889)",48.74367286129842
6,"(-3.11417, -60.01056)",73.36889161782844
7,"(-3.13056, -60.02111)",39.78311511251192
