,odc_locations,capacities
0,"(-5.78611, -35.20722)",924
1,"(-5.82083, -35.215)",803
2,"(-5.86139, -35.19278)",588
