,odc_locations,fiberlength
0,"(-5.78611, -35.20722)",250.600092050347
1,"(-5.82083, -35.215)",149.05055327363462
2,"(-5.86139, -35.19278)",77.5372174881424
