,odc_locations,capacities
0,"(-3.02806, -59.98861)",294
1,"(-3.0875, -60.04028)",852
2,"(-3.04194, -59.92889)",378
3,"(-3.08167, -60.01361)",882
4,"(-3.11778, -60.0225)",840
5,"(-3.13056, -60.02111)",714
