,odc_locations,fiberlength
0,"(-3.02806, -59.98861)",47.82938631303317
1,"(-3.0875, -60.04028)",132.9629985231199
2,"(-3.04194, -59.92889)",48.74367286129842
3,"(-3.08167, -60.01361)",121.74310283419584
4,"(-3.11778, -60.0225)",106.47254876102882
5,"(-3.13056, -60.02111)",49.702272465870536
