,odc_locations,fiberlength
0,"(-3.13361, -60.02083)",58.347485181429214
1,"(-3.10361, -59.95667)",10.809934016403759
2,"(-3.0875, -60.04028)",41.71358846663014
3,"(-3.10611, -60.0175)",61.621194960700585
4,"(-3.04194, -59.92889)",36.69460745089405
5,"(-3.08028, -60.0575)",39.628577428466265
6,"(-3.03469, -59.9938)",50.40504360600297
7,"(-3.09722, -59.99333)",64.55788438980923
8,"(-3.0975, -60.05056)",32.53435643072017
