,odc_locations,capacities
0,"(-3.02139, -59.94583)",588
1,"(-3.0875, -60.04028)",894
2,"(-3.08167, -60.01361)",504
3,"(-3.09639, -60.00111)",504
4,"(-3.10917, -60.0125)",714
5,"(-3.13278, -60.02361)",756
