,odc_locations,fiberlength
0,"(-3.02139, -59.94583)",143.72462522773745
1,"(-3.0875, -60.04028)",142.31596189539772
2,"(-3.08167, -60.01361)",58.10296285609941
3,"(-3.09639, -60.00111)",49.69731603511161
4,"(-3.10917, -60.0125)",62.79744620129588
5,"(-3.13278, -60.02361)",58.151640550016815
