,odc_locations,capacities
0,"(-3.02806, -59.98861)",252
1,"(-2.97417, -59.99028)",42
2,"(-3.02139, -59.94583)",378
3,"(-3.08942, -60.00514)",882
4,"(-3.11639, -60.03528)",798
5,"(-3.13444, -60.02944)",798
6,"(-3.07889, -60.02472)",810
