,odc_locations,capacities
0,"(-3.13361, -60.02083)",966
1,"(-3.02806, -59.98861)",630
2,"(-3.11444, -60.04806)",714
3,"(-3.09639, -60.00111)",798
4,"(-3.08778, -60.01694)",852
