,odc_locations,fiberlength
0,"(-5.87167, -35.18111)",45.613352428889534
1,"(-5.78972, -35.20222)",266.8417844446734
2,"(-5.82611, -35.20667)",159.1567566076315
