,odc_locations,fiberlength
0,"(-5.735797, -35.254392)",56.52004531466572
1,"(-5.80944, -35.20083)",139.23476101191892
2,"(-5.87972, -35.20194)",143.11844772546874
3,"(-5.78333, -35.19389)",38.75517843356302
