,odc_locations,capacities
0,"(-3.07556, -60.01972)",588
1,"(-2.97417, -59.99028)",84
2,"(-3.05444, -59.98361)",294
3,"(-3.04194, -59.92889)",378
4,"(-3.10028, -60.02028)",882
5,"(-3.10759, -60.05268)",768
6,"(-3.13056, -60.02111)",966
