,odc_locations,fiberlength
0,"(-5.86944, -35.19056)",45.961881570426826
1,"(-5.78972, -35.20222)",266.8417844446734
2,"(-5.82611, -35.20667)",159.1567566076315
