,odc_locations,capacities
0,"(-3.13361, -60.02083)",798
1,"(-3.02806, -59.98861)",252
2,"(-2.97417, -59.99028)",42
3,"(-3.10611, -60.0175)",966
4,"(-3.04194, -59.92889)",378
5,"(-3.10759, -60.05268)",852
6,"(-3.08667, -59.99583)",672
