,odc_locations,fiberlength
0,"(-3.13361, -60.02083)",58.347485181429214
1,"(-3.02806, -59.98861)",29.8438964510587
2,"(-2.97417, -59.99028)",0.0
3,"(-3.10611, -60.0175)",108.42768889121021
4,"(-3.04194, -59.92889)",48.74367286129842
5,"(-3.10759, -60.05268)",151.09236598243032
6,"(-3.08667, -59.99583)",88.21304049603118
