,odc_locations,fiberlength
0,"(-5.77833, -35.20194)",254.0576166396449
1,"(-5.829694, -35.212)",171.31178217601504
2,"(-5.8775, -35.17722)",52.21538999993051
