,odc_locations,fiberlength
0,"(-5.78972, -35.20222)",266.8417844446734
1,"(-5.87556, -35.18)",46.65603539442971
2,"(-5.82611, -35.20667)",159.1567566076315
