,odc_locations,capacities
0,"(-3.03914, -59.93611)",546
1,"(-3.08667, -59.99583)",588
2,"(-3.10917, -60.0125)",798
3,"(-3.07889, -60.02472)",642
4,"(-3.11889, -60.04917)",630
5,"(-3.13056, -60.02111)",756
