,odc_locations,capacities
0,"(-5.87167, -35.18111)",462
1,"(-5.77833, -35.20194)",924
2,"(-5.831416, -35.204944)",929
