,odc_locations,fiberlength
0,"(-3.13361, -60.02083)",72.03057599900896
1,"(-3.06472, -60.04361)",219.5974115441752
2,"(-3.04194, -59.92889)",48.74367286129842
3,"(-3.03469, -59.9938)",50.40504360600297
4,"(-3.09722, -59.99333)",93.73424720434518
5,"(-3.117444, -60.011722)",86.22810695737014
