,odc_locations,capacities
0,"(-3.02806, -59.98861)",294
1,"(-3.04194, -59.92889)",378
2,"(-3.10759, -60.05268)",588
3,"(-3.08667, -59.99583)",672
4,"(-3.0875, -60.03222)",726
5,"(-3.12111, -60.01889)",882
6,"(-3.13611, -60.02028)",420
