,odc_locations,capacities
0,"(-5.735797, -35.254392)",336
1,"(-5.86139, -35.19278)",546
2,"(-5.78972, -35.20222)",719
3,"(-5.831416, -35.204944)",714
