,odc_locations,fiberlength
0,"(-5.855281, -35.262503)",8.821659591852272
1,"(-5.77833, -35.20194)",254.0576166396449
2,"(-5.829694, -35.212)",116.39147388946665
3,"(-5.87556, -35.18)",46.65603539442971
