,odc_locations,capacities
0,"(-3.02806, -59.98861)",588
1,"(-2.97417, -59.99028)",42
2,"(-3.09528, -60.05361)",630
3,"(-3.0875, -60.04028)",474
4,"(-3.08667, -59.99583)",840
5,"(-3.13639, -60.02472)",420
6,"(-3.12111, -60.01889)",966
