,odc_locations,capacities
0,"(-3.08429, -60.07579)",336
1,"(-2.97417, -59.99028)",42
2,"(-3.02139, -59.94583)",126
3,"(-3.02917, -59.97694)",252
4,"(-3.04194, -59.92889)",252
5,"(-3.0875, -60.03222)",852
6,"(-3.105, -60.01333)",588
7,"(-3.09722, -59.99333)",546
8,"(-3.13056, -60.02111)",966
