,odc_locations,fiberlength
0,"(-3.08429, -60.07579)",35.80345197080624
1,"(-2.97417, -59.99028)",0.0
2,"(-3.02139, -59.94583)",1.2901944394476468
3,"(-3.02917, -59.97694)",35.72986514336001
4,"(-3.04194, -59.92889)",20.874353289938036
5,"(-3.0875, -60.03222)",122.2691391485596
6,"(-3.105, -60.01333)",42.986025870009904
7,"(-3.09722, -59.99333)",61.101521593788426
8,"(-3.13056, -60.02111)",82.08332031365161
