,odc_locations,fiberlength
0,"(-3.03914, -59.93611)",49.64221421959957
1,"(-3.02917, -59.97694)",54.60754430301773
2,"(-3.12611, -60.02361)",64.83374089102855
3,"(-3.08778, -60.01694)",78.29116588326447
4,"(-3.10917, -60.0125)",45.620818898327336
5,"(-3.10306, -60.05083)",109.36895755637015
6,"(-3.09722, -59.99333)",41.51222616661489
