,odc_locations,capacities
0,"(-5.750972, -35.255888)",336
1,"(-5.87972, -35.20194)",462
2,"(-5.78972, -35.20222)",719
3,"(-5.831416, -35.204944)",798
