,odc_locations,fiberlength
0,"(-3.09417, -59.99083)",56.329060680693495
1,"(-3.02917, -59.97694)",54.60754430301773
2,"(-3.04194, -59.92889)",48.74367286129842
3,"(-3.09694, -60.01528)",108.01159079331785
4,"(-3.10306, -60.05083)",142.2230663000426
5,"(-3.13611, -60.02028)",83.22833670313312
