,odc_locations,fiberlength
0,"(-5.78611, -35.20722)",257.1411508591139
1,"(-5.87556, -35.18)",46.65603539442971
2,"(-5.831416, -35.204944)",162.82526406731722
