,odc_locations,capacities
0,"(-5.79833, -35.20417)",761
1,"(-5.762419, -35.274222)",336
2,"(-5.831416, -35.204944)",756
3,"(-5.8775, -35.17722)",462
