,odc_locations,capacities
0,"(-3.02806, -59.98861)",420
1,"(-3.07556, -60.01972)",294
2,"(-3.07222, -59.94861)",294
3,"(-3.0875, -60.04028)",936
4,"(-3.09694, -60.01528)",630
5,"(-3.10611, -59.99306)",462
6,"(-3.13389, -60.01667)",924
