,odc_locations,fiberlength
0,"(-5.735797, -35.254392)",56.52004531466572
1,"(-5.834028, -35.207972)",111.05184022272695
2,"(-5.86944, -35.19056)",45.961881570426826
3,"(-5.80366, -35.20402)",117.18244678199024
