,odc_locations,capacities
0,"(-5.86944, -35.19056)",756
1,"(-5.80944, -35.20083)",803
2,"(-5.77833, -35.20194)",756
