,odc_locations,fiberlength
0,"(-3.02806, -59.98861)",47.82938631303317
1,"(-3.09528, -60.05361)",121.42106084971977
2,"(-3.04194, -59.92889)",48.74367286129842
3,"(-3.1025, -59.99806)",108.83012161920747
4,"(-3.13639, -60.02472)",76.1503595451774
5,"(-3.08583, -60.01)",77.94487080207398
