,odc_locations,fiberlength
0,"(-3.02806, -59.98861)",47.82938631303317
1,"(-3.0875, -60.04028)",132.9629985231199
2,"(-3.04194, -59.92889)",48.74367286129842
3,"(-3.08167, -60.01361)",60.159595336080045
4,"(-3.12611, -60.02361)",82.70828390447079
5,"(-3.10917, -60.0125)",109.20989943518627
