,odc_locations,fiberlength
0,"(-3.02806, -59.98861)",47.82938631303317
1,"(-3.08942, -60.00514)",80.06923582767523
2,"(-3.0875, -60.04028)",153.8222923764781
3,"(-3.04194, -59.92889)",48.74367286129842
4,"(-3.105, -60.01333)",81.11251897281562
5,"(-3.13278, -60.02361)",67.94949638128425
