,odc_locations,capacities
0,"(-3.06472, -60.04361)",252
1,"(-3.02139, -59.94583)",630
2,"(-3.09222, -60.04556)",978
3,"(-3.12278, -60.01333)",882
4,"(-3.10611, -59.99306)",798
5,"(-3.13861, -60.02167)",420
