,odc_locations,fiberlength
0,"(-3.02806, -59.98861)",47.82938631303317
1,"(-3.04194, -59.92889)",48.74367286129842
2,"(-3.12917, -60.02667)",90.33947618659896
3,"(-3.1025, -59.99806)",117.76202627173348
4,"(-3.0875, -60.03222)",87.59239941268149
5,"(-3.10306, -60.05083)",84.76651451283752
