,odc_locations,fiberlength
0,"(-3.02806, -59.98861)",47.82938631303317
1,"(-3.06472, -60.04361)",93.25657134235296
2,"(-3.08429, -60.07579)",74.88805159790112
3,"(-3.02139, -59.94583)",1.2901944394476468
4,"(-3.04194, -59.92889)",20.874353289938036
5,"(-3.1025, -59.99806)",127.45240790946102
6,"(-3.12278, -60.01333)",54.26514973815444
7,"(-3.13056, -60.02111)",63.191465402600215
