,odc_locations,fiberlength
0,"(-2.97417, -59.99028)",29.662394707268973
1,"(-3.04194, -59.92889)",65.307092115694
2,"(-3.10759, -60.05268)",98.24256490119564
3,"(-3.1025, -59.99806)",103.80119143302426
4,"(-3.07889, -60.02472)",143.82130693380196
5,"(-3.13056, -60.02111)",75.82250324447301
