,odc_locations,capacities
0,"(-3.13361, -60.02083)",882
1,"(-3.02806, -59.98861)",294
2,"(-3.02139, -59.94583)",378
3,"(-3.0875, -60.04028)",558
4,"(-3.10028, -60.02028)",672
5,"(-3.1025, -59.99806)",672
6,"(-3.10139, -60.06583)",504
