,odc_locations,fiberlength
0,"(-3.13361, -60.02083)",66.85418089685538
1,"(-3.02806, -59.98861)",47.82938631303317
2,"(-3.02139, -59.94583)",64.87952352921799
3,"(-3.0875, -60.04028)",69.34821837664194
4,"(-3.10028, -60.02028)",65.9317389241446
5,"(-3.1025, -59.99806)",75.03247821409114
6,"(-3.10139, -60.06583)",63.71907635225971
