,odc_locations,fiberlength
0,"(-3.02806, -59.98861)",47.82938631303317
1,"(-3.04194, -59.92889)",48.74367286129842
2,"(-3.12833, -60.00361)",130.0238781087706
3,"(-3.08167, -60.01361)",46.27678173679847
4,"(-3.09222, -60.04556)",139.10479057524242
5,"(-3.105, -60.01333)",91.74600072080179
