,odc_locations,fiberlength
0,"(-5.87167, -35.18111)",45.613352428889534
1,"(-5.77833, -35.20194)",245.579762716892
2,"(-5.82611, -35.20667)",173.62668827723016
