,odc_locations,fiberlength
0,"(-5.750972, -35.255888)",53.79674390235305
1,"(-5.78333, -35.19389)",52.91676155212761
2,"(-5.87167, -35.18111)",45.613352428889534
3,"(-5.82611, -35.20667)",173.62668827723016
