,odc_locations,capacities
0,"(-2.97417, -59.99028)",42
1,"(-3.02139, -59.94583)",126
2,"(-3.0875, -60.04028)",894
3,"(-3.04194, -59.92889)",252
4,"(-3.03469, -59.9938)",252
5,"(-3.08583, -60.01)",882
6,"(-3.11361, -60.01583)",882
7,"(-3.13278, -60.02361)",630
