,odc_locations,capacities
0,"(-5.855281, -35.262503)",126
1,"(-5.750972, -35.255888)",336
2,"(-5.845472, -35.200694)",882
3,"(-5.80366, -35.20402)",971
