,odc_locations,capacities
0,"(-5.86944, -35.19056)",546
1,"(-5.77833, -35.20194)",840
2,"(-5.82417, -35.21333)",929
