,odc_locations,capacities
0,"(-3.02806, -59.98861)",294
1,"(-3.02139, -59.94583)",126
2,"(-3.0875, -60.04028)",348
3,"(-3.11028, -59.99111)",504
4,"(-3.04194, -59.92889)",252
5,"(-3.08583, -60.01)",882
6,"(-3.0975, -60.05056)",672
7,"(-3.13611, -60.02028)",882
