,odc_locations,fiberlength
0,"(-5.728503, -35.266558)",63.33851939695942
1,"(-5.77944, -35.19778)",51.4107565922804
2,"(-5.82611, -35.20667)",173.62668827723016
3,"(-5.8775, -35.17722)",52.21538999993051
