,odc_locations,capacities
0,"(-3.02806, -59.98861)",294
1,"(-3.04194, -59.92889)",378
2,"(-3.1025, -59.99806)",966
3,"(-3.10306, -60.05083)",978
4,"(-3.117444, -60.011722)",630
5,"(-3.12639, -60.02)",714
