,odc_locations,capacities
0,"(-2.97417, -59.99028)",42
1,"(-3.10611, -60.0175)",588
2,"(-3.04194, -59.92889)",378
3,"(-3.08583, -60.02361)",642
4,"(-3.12917, -60.02667)",798
5,"(-3.10759, -60.05268)",672
6,"(-3.03469, -59.9938)",252
7,"(-3.09722, -59.99333)",588
