,odc_locations,fiberlength
0,"(-5.735797, -35.254392)",56.52004531466572
1,"(-5.86944, -35.19056)",45.961881570426826
2,"(-5.80944, -35.20083)",152.02398937602803
3,"(-5.842264, -35.209264)",94.23360055284643
