,odc_locations,capacities
0,"(-5.862861, -35.1805)",504
1,"(-5.79833, -35.20417)",719
2,"(-5.829694, -35.212)",756
3,"(-5.762419, -35.274222)",336
