,odc_locations,fiberlength
0,"(-5.862861, -35.1805)",65.28635858308127
1,"(-5.79833, -35.20417)",91.41792871303358
2,"(-5.829694, -35.212)",120.1553624514081
3,"(-5.762419, -35.274222)",65.18079059346346
