,odc_locations,fiberlength
0,"(-5.87556, -35.18)",46.65603539442971
1,"(-5.77944, -35.19778)",254.3852407022963
2,"(-5.82611, -35.20667)",173.62668827723016
