,odc_locations,fiberlength
0,"(-3.02139, -59.94583)",143.72462522773745
1,"(-3.10611, -60.0175)",45.396258982445985
2,"(-3.07889, -60.07028)",73.99353565714995
3,"(-3.09639, -60.00111)",88.51827035144306
4,"(-3.07889, -60.02472)",92.05744614540427
5,"(-3.13056, -60.02111)",83.87660632135876
