,odc_locations,fiberlength
0,"(-3.13361, -60.02083)",47.22560156637831
1,"(-3.02139, -59.94583)",64.87952352921799
2,"(-3.0875, -60.04028)",142.31596189539772
3,"(-3.00917, -59.99083)",34.71113832448385
4,"(-3.11417, -60.01056)",108.04327582510427
5,"(-3.08583, -60.01)",105.9685093978223
