,odc_locations,capacities
0,"(-3.08942, -60.00514)",798
1,"(-3.0875, -60.04028)",978
2,"(-3.04194, -59.92889)",546
3,"(-3.10917, -60.0125)",798
4,"(-3.13056, -60.02111)",840
