,odc_locations,capacities
0,"(-5.78611, -35.20722)",630
1,"(-5.86944, -35.19056)",462
2,"(-5.750972, -35.255888)",336
3,"(-5.831416, -35.204944)",887
