,odc_locations,capacities
0,"(-3.04194, -59.92889)",378
1,"(-3.05111, -59.99306)",336
2,"(-3.09639, -60.00111)",966
3,"(-3.11361, -60.01583)",714
4,"(-3.13389, -60.01667)",630
5,"(-3.0975, -60.05056)",936
