,odc_locations,fiberlength
0,"(-3.04194, -59.92889)",48.74367286129842
1,"(-3.05111, -59.99306)",74.25523037961612
2,"(-3.09639, -60.00111)",124.50598789273502
3,"(-3.11361, -60.01583)",58.36441779393533
4,"(-3.13389, -60.01667)",39.79100838396908
5,"(-3.0975, -60.05056)",138.56134317021238
