,odc_locations,fiberlength
0,"(-3.03914, -59.93611)",130.51111032506586
1,"(-3.08667, -59.99583)",91.09589561735959
2,"(-3.10917, -60.0125)",74.14859896239301
3,"(-3.07889, -60.02472)",88.41937928934867
4,"(-3.11889, -60.04917)",118.48447747551221
5,"(-3.13056, -60.02111)",46.93538539021984
