,odc_locations,capacities
0,"(-3.02806, -59.98861)",294
1,"(-3.10889, -60.00111)",714
2,"(-3.0875, -60.04028)",768
3,"(-3.04194, -59.92889)",378
4,"(-3.07889, -60.07028)",336
5,"(-3.10917, -60.0125)",588
6,"(-3.12639, -60.02)",882
