,odc_locations,capacities
0,"(-3.02139, -59.94583)",336
1,"(-3.08942, -60.00514)",924
2,"(-3.09528, -60.05361)",600
3,"(-3.04194, -59.92889)",252
4,"(-3.10028, -60.02028)",630
5,"(-3.10306, -60.05083)",252
6,"(-3.13389, -60.01667)",966
