,odc_locations,capacities
0,"(-5.750972, -35.255888)",336
1,"(-5.87556, -35.18)",504
2,"(-5.78389, -35.19944)",630
3,"(-5.82417, -35.21333)",845
