,odc_locations,fiberlength
0,"(-3.13361, -60.02083)",58.347485181429214
1,"(-3.02806, -59.98861)",47.82938631303317
2,"(-3.02139, -59.94583)",64.87952352921799
3,"(-3.09778, -60.00667)",137.67983826053788
4,"(-3.10759, -60.05268)",158.23040606231515
5,"(-3.105, -60.01333)",59.78010171383522
