,odc_locations,fiberlength
0,"(-2.97417, -59.99028)",49.88497089709988
1,"(-3.0875, -60.04028)",57.71324957425071
2,"(-3.04194, -59.92889)",65.307092115694
3,"(-3.10028, -60.02028)",27.16443026610368
4,"(-3.09639, -60.00111)",108.2340172310548
5,"(-3.12278, -60.01333)",41.4110086136178
6,"(-3.10306, -60.05083)",79.65620748634485
7,"(-3.13611, -60.02028)",22.364868868678716
