,odc_locations,capacities
0,"(-3.13361, -60.02083)",630
1,"(-3.02806, -59.98861)",294
2,"(-3.09194, -60.06889)",378
3,"(-3.04194, -59.92889)",378
4,"(-3.08583, -60.01)",966
5,"(-3.11361, -60.01583)",840
6,"(-3.10306, -60.05083)",474
