,odc_locations,fiberlength
0,"(-3.06472, -60.04361)",32.4731629630462
1,"(-3.02139, -59.94583)",47.89813984654272
2,"(-3.09528, -60.05361)",107.55448127180242
3,"(-3.00917, -59.99083)",34.71113832448385
4,"(-3.08667, -59.99583)",96.34706938299718
5,"(-3.105, -60.01333)",76.61325748742533
6,"(-3.13056, -60.02111)",71.95852491599571
