,odc_locations,capacities
0,"(-5.80944, -35.20083)",887
1,"(-5.770388, -35.202861)",672
2,"(-5.86139, -35.19278)",756
