,odc_locations,capacities
0,"(-5.834028, -35.207972)",929
1,"(-5.87167, -35.18111)",462
2,"(-5.77944, -35.19778)",924
