,odc_locations,fiberlength
0,"(-5.834028, -35.207972)",174.9118697429086
1,"(-5.87167, -35.18111)",45.613352428889534
2,"(-5.77944, -35.19778)",262.7258576121495
