,odc_locations,capacities
0,"(-5.750972, -35.255888)",336
1,"(-5.87167, -35.18111)",462
2,"(-5.78389, -35.19944)",588
3,"(-5.82611, -35.20667)",929
