,odc_locations,capacities
0,"(-3.13361, -60.02083)",630
1,"(-3.06472, -60.04361)",84
2,"(-3.04194, -59.92889)",252
3,"(-3.08167, -60.01361)",840
4,"(-3.09222, -60.04556)",852
5,"(-3.11361, -60.01583)",966
6,"(-3.01778, -59.94722)",336
