,odc_locations,fiberlength
0,"(-3.02806, -59.98861)",47.82938631303317
1,"(-3.10889, -60.00111)",94.83217361354055
2,"(-3.0875, -60.04028)",106.43857384661078
3,"(-3.04194, -59.92889)",48.74367286129842
4,"(-3.07889, -60.07028)",35.59320584842982
5,"(-3.10917, -60.0125)",57.82092452553811
6,"(-3.12639, -60.02)",70.3053786218985
