,odc_locations,fiberlength
0,"(-5.86944, -35.19056)",45.961881570426826
1,"(-5.750972, -35.255888)",53.79674390235305
2,"(-5.78972, -35.20222)",87.05280170619872
3,"(-5.831416, -35.204944)",132.78904201003172
