,odc_locations,capacities
0,"(-3.12861, -60.01306)",966
1,"(-3.04194, -59.92889)",504
2,"(-3.08167, -60.01361)",840
3,"(-3.105, -60.01333)",840
4,"(-3.10306, -60.05083)",810
