,odc_locations,capacities
0,"(-5.86944, -35.19056)",504
1,"(-5.823889, -35.202278)",929
2,"(-5.77833, -35.20194)",882
