,odc_locations,fiberlength
0,"(-5.86944, -35.19056)",54.231593181889906
1,"(-5.823889, -35.202278)",171.13744815746233
2,"(-5.77833, -35.20194)",245.579762716892
