,odc_locations,capacities
0,"(-3.02139, -59.94583)",588
1,"(-3.10611, -60.0175)",978
2,"(-3.07889, -60.07028)",630
3,"(-3.12278, -60.01333)",966
4,"(-3.09722, -59.99333)",798
