,odc_locations,fiberlength
0,"(-5.87167, -35.18111)",45.613352428889534
1,"(-5.77833, -35.20194)",254.0576166396449
2,"(-5.831416, -35.204944)",171.59485507348643
