,odc_locations,capacities
0,"(-3.13361, -60.02083)",714
1,"(-3.00917, -59.99083)",168
2,"(-3.04194, -59.92889)",378
3,"(-3.05111, -59.99306)",126
4,"(-3.11417, -60.01056)",966
5,"(-3.08028, -60.0575)",768
6,"(-3.08583, -60.01)",840
