,odc_locations,capacities
0,"(-3.02806, -59.98861)",252
1,"(-3.08429, -60.07579)",168
2,"(-2.97417, -59.99028)",42
3,"(-3.04194, -59.92889)",378
4,"(-3.10759, -60.05268)",336
5,"(-3.09222, -60.04556)",264
6,"(-3.0875, -60.03222)",756
7,"(-3.10611, -59.99306)",798
8,"(-3.13056, -60.02111)",966
