,odc_locations,capacities
0,"(-3.13361, -60.02083)",756
1,"(-3.02806, -59.98861)",294
2,"(-3.06472, -60.04361)",252
3,"(-3.08429, -60.07579)",168
4,"(-3.02139, -59.94583)",126
5,"(-3.04194, -59.92889)",252
6,"(-3.10917, -60.0125)",588
7,"(-3.0975, -60.05056)",642
8,"(-3.10028, -60.00639)",882
