,odc_locations,fiberlength
0,"(-3.13361, -60.02083)",51.19711781906542
1,"(-3.02806, -59.98861)",47.82938631303317
2,"(-3.06472, -60.04361)",32.4731629630462
3,"(-3.08429, -60.07579)",8.923631569556731
4,"(-3.02139, -59.94583)",1.2901944394476468
5,"(-3.04194, -59.92889)",20.874353289938036
6,"(-3.10917, -60.0125)",50.27034672224186
7,"(-3.0975, -60.05056)",71.41114834993813
8,"(-3.10028, -60.00639)",113.36318894660667
