,odc_locations,capacities
0,"(-5.735797, -35.254392)",336
1,"(-5.855281, -35.262503)",126
2,"(-5.78611, -35.20722)",971
3,"(-5.86139, -35.19278)",882
