,odc_locations,fiberlength
0,"(-3.09417, -59.99083)",78.84875668586089
1,"(-3.06472, -60.04361)",61.840665340730915
2,"(-2.97417, -59.99028)",0.0
3,"(-3.04194, -59.92889)",48.74367286129842
4,"(-3.03469, -59.9938)",30.182467416172052
5,"(-3.10917, -60.0125)",88.70865072805022
6,"(-3.10306, -60.05083)",93.0515683385527
7,"(-3.13611, -60.02028)",38.81318079329868
