,odc_locations,capacities
0,"(-3.02806, -59.98861)",630
1,"(-3.11778, -60.01806)",714
2,"(-3.0875, -60.04028)",894
3,"(-3.08167, -60.01361)",546
4,"(-3.10611, -59.99306)",588
5,"(-3.13278, -60.02361)",588
