,odc_locations,fiberlength
0,"(-3.02806, -59.98861)",196.3671028796608
1,"(-3.11778, -60.01806)",56.95044412820709
2,"(-3.0875, -60.04028)",142.31596189539772
3,"(-3.08167, -60.01361)",47.42273654513654
4,"(-3.10611, -59.99306)",76.46327735054527
5,"(-3.13278, -60.02361)",37.05420868015546
