,odc_locations,fiberlength
0,"(-3.13361, -60.02083)",65.9943012566541
1,"(-3.06472, -60.04361)",238.97927408681255
2,"(-3.04194, -59.92889)",139.56736035409952
3,"(-3.12278, -60.01333)",79.76677588129286
4,"(-3.09722, -59.99333)",145.69338267495027
