,odc_locations,capacities
0,"(-3.02139, -59.94583)",588
1,"(-3.10611, -60.0175)",588
2,"(-3.07889, -60.07028)",504
3,"(-3.09639, -60.00111)",714
4,"(-3.07889, -60.02472)",642
5,"(-3.13056, -60.02111)",924
