,odc_locations,fiberlength
0,"(-3.02806, -59.98861)",47.82938631303317
1,"(-3.02139, -59.94583)",64.87952352921799
2,"(-3.08167, -60.01361)",134.18552474425914
3,"(-3.10361, -60.02444)",122.91886433856656
4,"(-3.13389, -60.01667)",76.49145943525261
5,"(-3.10139, -60.06583)",83.94980966730384
