,odc_locations,fiberlength
0,"(-5.79833, -35.20417)",98.04368474984547
1,"(-5.762419, -35.274222)",65.18079059346346
2,"(-5.831416, -35.204944)",124.97399579275536
3,"(-5.8775, -35.17722)",52.21538999993051
