,odc_locations,capacities
0,"(-5.78611, -35.20722)",924
1,"(-5.86139, -35.19278)",588
2,"(-5.82417, -35.21333)",803
