,odc_locations,capacities
0,"(-3.02806, -59.98861)",294
1,"(-3.04194, -59.92889)",378
2,"(-3.09639, -60.00111)",714
3,"(-3.13639, -60.02472)",546
4,"(-3.07889, -60.02472)",504
5,"(-3.11361, -60.01583)",756
6,"(-3.0975, -60.05056)",768
