,odc_locations,fiberlength
0,"(-5.823889, -35.202278)",173.21857820142588
1,"(-5.78389, -35.19944)",257.78930768410896
2,"(-5.8775, -35.17722)",52.21538999993051
