,odc_locations,capacities
0,"(-5.735797, -35.254392)",336
1,"(-5.80944, -35.20083)",845
2,"(-5.87972, -35.20194)",672
3,"(-5.78333, -35.19389)",462
