,odc_locations,capacities
0,"(-3.02139, -59.94583)",336
1,"(-3.09528, -60.05361)",504
2,"(-3.0875, -60.04028)",306
3,"(-3.11639, -60.03528)",252
4,"(-3.04194, -59.92889)",252
5,"(-3.11417, -60.01056)",882
6,"(-3.08778, -60.01694)",840
7,"(-3.13278, -60.02361)",588
