,odc_locations,capacities
0,"(-5.86139, -35.19278)",546
1,"(-5.78389, -35.19944)",966
2,"(-5.831416, -35.204944)",803
