,odc_locations,capacities
0,"(-3.06472, -60.04361)",894
1,"(-2.97417, -59.99028)",84
2,"(-3.05444, -59.98361)",210
3,"(-3.04194, -59.92889)",378
4,"(-3.09639, -60.00111)",882
5,"(-3.117444, -60.011722)",714
6,"(-3.13056, -60.02111)",798
