,odc_locations,fiberlength
0,"(-3.13361, -60.02083)",36.58510855999946
1,"(-3.08942, -60.00514)",116.2190184946604
2,"(-3.07222, -59.94861)",43.75388650045456
3,"(-3.09528, -60.05361)",75.65787541331179
4,"(-3.0875, -60.04028)",44.21590549622846
5,"(-3.04194, -59.92889)",107.092838783192
6,"(-3.117444, -60.011722)",67.49735577347273
