,odc_locations,capacities
0,"(-3.02806, -59.98861)",252
1,"(-2.97417, -59.99028)",42
2,"(-3.12861, -60.01306)",924
3,"(-3.04194, -59.92889)",378
4,"(-3.10759, -60.05268)",894
5,"(-3.105, -60.01333)",966
6,"(-3.10611, -59.99306)",504
