,odc_locations,fiberlength
0,"(-3.02806, -59.98861)",29.8438964510587
1,"(-2.97417, -59.99028)",0.0
2,"(-3.12861, -60.01306)",76.49504256305521
3,"(-3.04194, -59.92889)",48.74367286129842
4,"(-3.10759, -60.05268)",158.23040606231515
5,"(-3.105, -60.01333)",127.1305331568517
6,"(-3.10611, -59.99306)",57.615484711251
