,odc_locations,capacities
0,"(-3.13361, -60.02083)",714
1,"(-3.02139, -59.94583)",588
2,"(-3.10889, -60.00111)",672
3,"(-3.08167, -60.01361)",714
4,"(-3.10861, -60.02361)",642
5,"(-3.10139, -60.06583)",630
