,odc_locations,fiberlength
0,"(-5.80944, -35.20083)",136.27469910955924
1,"(-5.770388, -35.202861)",211.2361570485974
2,"(-5.86139, -35.19278)",138.21511127843414
