,odc_locations,fiberlength
0,"(-3.02806, -59.98861)",47.82938631303317
1,"(-3.0875, -60.04028)",160.72907952568315
2,"(-3.04194, -59.92889)",48.74367286129842
3,"(-3.08167, -60.01361)",47.86341866083971
4,"(-3.1025, -59.99806)",107.03867792556503
5,"(-3.13611, -60.02028)",76.11264606403672
