,odc_locations,capacities
0,"(-3.02917, -59.97694)",294
1,"(-3.04194, -59.92889)",378
2,"(-3.10759, -60.05268)",672
3,"(-3.12611, -60.02361)",924
4,"(-3.1025, -59.99806)",798
5,"(-3.10361, -60.02444)",894
