,odc_locations,capacities
0,"(-3.13361, -60.02083)",966
1,"(-3.06472, -60.04361)",264
2,"(-3.07556, -60.01972)",798
3,"(-3.02139, -59.94583)",546
4,"(-3.10759, -60.05268)",630
5,"(-3.10611, -59.99306)",756
