,odc_locations,fiberlength
0,"(-3.13361, -60.02083)",82.12147741384639
1,"(-3.06472, -60.04361)",52.406279413081364
2,"(-3.07556, -60.01972)",122.6385017865853
3,"(-3.02139, -59.94583)",127.1404293382742
4,"(-3.10759, -60.05268)",71.24732412921446
5,"(-3.10611, -59.99306)",92.26210181568204
