,odc_locations,capacities
0,"(-3.06472, -60.04361)",642
1,"(-2.97417, -59.99028)",84
2,"(-3.02139, -59.94583)",336
3,"(-3.10611, -60.0175)",714
4,"(-3.05111, -59.99306)",252
5,"(-3.08167, -60.01361)",462
6,"(-3.1025, -59.99806)",588
7,"(-3.13056, -60.02111)",882
