,odc_locations,capacities
0,"(-3.11028, -59.99111)",462
1,"(-3.04194, -59.92889)",252
2,"(-3.105, -60.01333)",966
3,"(-3.0975, -60.05056)",936
4,"(-3.01778, -59.94722)",420
5,"(-3.12639, -60.02)",924
