,odc_locations,fiberlength
0,"(-5.735797, -35.254392)",56.52004531466572
1,"(-5.86139, -35.19278)",71.61326734807903
2,"(-5.78972, -35.20222)",87.05280170619872
3,"(-5.831416, -35.204944)",118.11860931207993
