,odc_locations,capacities
0,"(-5.81833, -35.19861)",719
1,"(-5.86139, -35.19278)",756
2,"(-5.77944, -35.19778)",840
