,odc_locations,capacities
0,"(-3.0875, -60.04028)",894
1,"(-3.10611, -60.0175)",798
2,"(-3.04194, -59.92889)",546
3,"(-3.08583, -60.01)",840
4,"(-3.13056, -60.02111)",882
