,odc_locations,fiberlength
0,"(-3.09417, -59.99083)",106.70188071577473
1,"(-3.06472, -60.04361)",73.20205089473173
2,"(-3.02139, -59.94583)",80.1352961379671
3,"(-3.04194, -59.92889)",20.874353289938036
4,"(-3.07889, -60.07028)",73.99353565714995
5,"(-3.10917, -60.0125)",104.10089713426305
6,"(-3.13278, -60.02361)",68.33763476509758
