,odc_locations,capacities
0,"(-3.08083, -60.03306)",936
1,"(-3.12861, -60.01306)",588
2,"(-3.04194, -59.92889)",252
3,"(-3.08583, -60.01)",924
4,"(-3.12278, -60.01333)",924
5,"(-3.01778, -59.94722)",336
