,odc_locations,fiberlength
0,"(-3.08083, -60.03306)",184.2081269162125
1,"(-3.12861, -60.01306)",46.6600268178995
2,"(-3.04194, -59.92889)",20.874353289938036
3,"(-3.08583, -60.01)",132.45835667260667
4,"(-3.12278, -60.01333)",119.73816165958935
5,"(-3.01778, -59.94722)",79.14200766703007
