,odc_locations,capacities
0,"(-5.77944, -35.19778)",882
1,"(-5.82611, -35.20667)",971
2,"(-5.8775, -35.17722)",462
