,odc_locations,fiberlength
0,"(-5.77944, -35.19778)",254.3852407022963
1,"(-5.82611, -35.20667)",173.62668827723016
2,"(-5.8775, -35.17722)",52.21538999993051
