,odc_locations,capacities
0,"(-3.02806, -59.98861)",294
1,"(-3.0875, -60.04028)",306
2,"(-3.04194, -59.92889)",378
3,"(-3.105, -60.01333)",882
4,"(-3.08583, -60.01)",672
5,"(-3.0975, -60.05056)",630
6,"(-3.13278, -60.02361)",798
