,odc_locations,fiberlength
0,"(-3.02806, -59.98861)",47.82938631303317
1,"(-3.0875, -60.04028)",26.557171772555495
2,"(-3.04194, -59.92889)",48.74367286129842
3,"(-3.105, -60.01333)",89.54127488593505
4,"(-3.08583, -60.01)",84.73726331383656
5,"(-3.0975, -60.05056)",79.3425851321251
6,"(-3.13278, -60.02361)",58.256558597759465
