,odc_locations,capacities
0,"(-3.10611, -60.0175)",714
1,"(-3.12861, -60.01306)",420
2,"(-3.04194, -59.92889)",252
3,"(-3.08583, -60.01)",882
4,"(-3.10306, -60.05083)",852
5,"(-3.01778, -59.94722)",336
6,"(-3.13056, -60.02111)",504
