,odc_locations,capacities
0,"(-3.13361, -60.02083)",756
1,"(-3.06472, -60.04361)",462
2,"(-2.97417, -59.99028)",126
3,"(-3.10611, -60.0175)",924
4,"(-3.11028, -59.99111)",546
5,"(-3.04194, -59.92889)",462
6,"(-3.10306, -60.05083)",684
