,odc_locations,capacities
0,"(-3.13361, -60.02083)",882
1,"(-3.02139, -59.94583)",378
2,"(-3.0875, -60.04028)",516
3,"(-3.09778, -60.00667)",840
4,"(-3.05111, -59.99306)",336
5,"(-3.10759, -60.05268)",420
6,"(-3.07611, -60.07889)",168
7,"(-3.10611, -59.99306)",420
