,odc_locations,fiberlength
0,"(-3.13361, -60.02083)",66.85418089685538
1,"(-3.02139, -59.94583)",69.51723119338207
2,"(-3.0875, -60.04028)",57.75747543018613
3,"(-3.09778, -60.00667)",89.12377122813471
4,"(-3.05111, -59.99306)",64.96846412906054
5,"(-3.10759, -60.05268)",33.25121416964164
6,"(-3.07611, -60.07889)",12.175268768986548
7,"(-3.10611, -59.99306)",43.46219499663492
