,odc_locations,capacities
0,"(-3.02806, -59.98861)",630
1,"(-2.97417, -59.99028)",42
2,"(-3.10611, -60.0175)",840
3,"(-3.10759, -60.05268)",768
4,"(-3.08583, -60.01)",882
5,"(-3.13056, -60.02111)",798
