,odc_locations,fiberlength
0,"(-3.02806, -59.98861)",198.2448303214936
1,"(-2.97417, -59.99028)",0.0
2,"(-3.10611, -60.0175)",87.11648463797111
3,"(-3.10759, -60.05268)",121.85950088401367
4,"(-3.08583, -60.01)",130.6101653892898
5,"(-3.13056, -60.02111)",56.60777784231995
