,odc_locations,fiberlength
0,"(-5.834028, -35.207972)",111.05184022272695
1,"(-5.80944, -35.20083)",132.17216822738467
2,"(-5.750972, -35.255888)",53.79674390235305
3,"(-5.87167, -35.18111)",45.613352428889534
