,odc_locations,fiberlength
0,"(-3.08429, -60.07579)",8.923631569556731
1,"(-3.10611, -60.0175)",90.81977564381795
2,"(-3.04194, -59.92889)",161.32474512840525
3,"(-3.1025, -59.99806)",124.69099036998703
4,"(-3.0975, -60.05056)",101.82198201061738
5,"(-3.13056, -60.02111)",55.162778536833116
