,odc_locations,capacities
0,"(-3.02139, -59.94583)",378
1,"(-3.0875, -60.04028)",558
2,"(-3.05111, -59.99306)",336
3,"(-3.12444, -59.9975)",210
4,"(-3.09639, -60.00111)",924
5,"(-3.10306, -60.05083)",630
6,"(-3.126208, -60.015944)",924
