,odc_locations,fiberlength
0,"(-3.02139, -59.94583)",69.51723119338207
1,"(-3.0875, -60.04028)",65.89087147135601
2,"(-3.05111, -59.99306)",64.96846412906054
3,"(-3.12444, -59.9975)",13.593597194952524
4,"(-3.09639, -60.00111)",106.30952455236152
5,"(-3.10306, -60.05083)",79.65620748634485
6,"(-3.126208, -60.015944)",72.29156588333784
