,odc_locations,capacities
0,"(-3.13361, -60.02083)",672
1,"(-3.02806, -59.98861)",294
2,"(-3.02139, -59.94583)",378
3,"(-3.0875, -60.04028)",852
4,"(-3.08583, -60.01)",966
5,"(-3.11778, -60.0225)",798
