,odc_locations,capacities
0,"(-2.97417, -59.99028)",84
1,"(-3.02139, -59.94583)",546
2,"(-3.0875, -60.04028)",726
3,"(-3.10611, -60.0175)",546
4,"(-3.07889, -60.07028)",336
5,"(-3.13056, -60.02111)",882
6,"(-3.10028, -60.00639)",840
