,odc_locations,capacities
0,"(-5.86944, -35.19056)",462
1,"(-5.78972, -35.20222)",966
2,"(-5.82611, -35.20667)",887
