,odc_locations,capacities
0,"(-3.02806, -59.98861)",294
1,"(-3.04194, -59.92889)",378
2,"(-3.12833, -60.00361)",924
3,"(-3.08167, -60.01361)",504
4,"(-3.09222, -60.04556)",936
5,"(-3.105, -60.01333)",924
