,odc_locations,fiberlength
0,"(-5.735797, -35.254392)",56.52004531466572
1,"(-5.86944, -35.19056)",45.961881570426826
2,"(-5.77944, -35.19778)",51.4107565922804
3,"(-5.82611, -35.20667)",173.62668827723016
