,odc_locations,fiberlength
0,"(-3.13361, -60.02083)",35.09096995202164
1,"(-3.02806, -59.98861)",47.82938631303317
2,"(-3.09194, -60.06889)",51.78556085294063
3,"(-3.04194, -59.92889)",48.74367286129842
4,"(-3.08583, -60.01)",125.2286842650463
5,"(-3.11361, -60.01583)",81.98238798636548
6,"(-3.10306, -60.05083)",50.14841517409335
