,odc_locations,fiberlength
0,"(-3.02806, -59.98861)",47.82938631303317
1,"(-3.10889, -60.00111)",91.48054415090328
2,"(-3.08778, -60.05694)",129.8787765226478
3,"(-3.04194, -59.92889)",20.874353289938036
4,"(-3.08583, -60.01)",89.94938831991385
5,"(-3.01778, -59.94722)",2.5803888788952936
6,"(-3.13611, -60.02028)",69.43041089130713
