,odc_locations,fiberlength
0,"(-3.02806, -59.98861)",47.82938631303317
1,"(-3.04194, -59.92889)",48.74367286129842
2,"(-3.10759, -60.05268)",76.84598408216497
3,"(-3.08667, -59.99583)",80.78312832942372
4,"(-3.0875, -60.03222)",92.26716702384266
5,"(-3.12111, -60.01889)",82.70996352083037
6,"(-3.13611, -60.02028)",18.849451592777744
