,odc_locations,fiberlength
0,"(-3.09417, -60.02306)",126.95228003225175
1,"(-3.02806, -59.98861)",47.82938631303317
2,"(-3.02139, -59.94583)",1.2901944394476468
3,"(-3.08942, -60.00514)",142.24682461677912
4,"(-3.11444, -60.04806)",159.98404135627197
5,"(-3.0875, -60.04028)",93.58152941062637
6,"(-3.04194, -59.92889)",20.874353289938036
