,odc_locations,fiberlength
0,"(-3.13361, -60.02083)",41.18932682402344
1,"(-3.02806, -59.98861)",47.82938631303317
2,"(-3.02139, -59.94583)",64.87952352921799
3,"(-3.0875, -60.04028)",142.31596189539772
4,"(-3.08583, -60.01)",59.16353534623232
5,"(-3.12278, -60.01333)",60.19628712537519
6,"(-3.10611, -59.99306)",46.22622801941371
