,odc_locations,fiberlength
0,"(-3.02139, -59.94583)",80.1352961379671
1,"(-3.09528, -60.05361)",56.00661096852372
2,"(-3.0875, -60.04028)",26.557171772555495
3,"(-3.11639, -60.03528)",23.658838804408095
4,"(-3.04194, -59.92889)",20.874353289938036
5,"(-3.11417, -60.01056)",99.90886451199225
6,"(-3.08778, -60.01694)",115.43631367307317
7,"(-3.13278, -60.02361)",30.726736148711332
