,odc_locations,capacities
0,"(-3.0875, -60.04028)",600
1,"(-3.04194, -59.92889)",546
2,"(-3.11361, -60.01583)",756
3,"(-3.10306, -60.05083)",588
4,"(-3.09722, -59.99333)",882
5,"(-3.13278, -60.02361)",588
