,odc_locations,fiberlength
0,"(-3.0875, -60.04028)",77.22144577815992
1,"(-3.04194, -59.92889)",139.56736035409952
2,"(-3.11361, -60.01583)",63.388716134931855
3,"(-3.10306, -60.05083)",72.82969180971483
4,"(-3.09722, -59.99333)",140.81430776695592
5,"(-3.13278, -60.02361)",30.726736148711332
