,odc_locations,fiberlength
0,"(-5.86139, -35.19278)",71.61326734807903
1,"(-5.78389, -35.19944)",265.7827537650611
2,"(-5.831416, -35.204944)",148.15483136936547
