,odc_locations,capacities
0,"(-3.02806, -59.98861)",294
1,"(-3.02139, -59.94583)",378
2,"(-3.09528, -60.05361)",936
3,"(-3.10861, -60.02361)",462
4,"(-3.09639, -60.00111)",966
5,"(-3.12639, -60.02)",924
