,odc_locations,fiberlength
0,"(-3.02806, -59.98861)",47.82938631303317
1,"(-3.02139, -59.94583)",64.87952352921799
2,"(-3.09528, -60.05361)",137.37611801661697
3,"(-3.10861, -60.02361)",39.11857423763908
4,"(-3.09639, -60.00111)",127.54051410490284
5,"(-3.12639, -60.02)",70.7543362421078
