,odc_locations,fiberlength
0,"(-3.02139, -59.94583)",80.1352961379671
1,"(-3.08942, -60.00514)",132.69431277621737
2,"(-3.09528, -60.05361)",88.88083202136309
3,"(-3.04194, -59.92889)",20.874353289938036
4,"(-3.10028, -60.02028)",59.48321512758041
5,"(-3.10306, -60.05083)",20.11700562130651
6,"(-3.13389, -60.01667)",87.59955969420417
