,odc_locations,capacities
0,"(-3.02806, -59.98861)",294
1,"(-3.08942, -60.00514)",672
2,"(-3.0875, -60.04028)",978
3,"(-3.04194, -59.92889)",378
4,"(-3.105, -60.01333)",798
5,"(-3.13278, -60.02361)",840
