,odc_locations,fiberlength
0,"(-3.13361, -60.02083)",35.09096995202164
1,"(-2.97417, -59.99028)",11.676904845294505
2,"(-3.05444, -59.98361)",28.423274256881403
3,"(-3.04194, -59.92889)",48.74367286129842
4,"(-3.10028, -60.02028)",32.18132777769231
5,"(-3.08583, -60.01)",43.984677433739314
6,"(-3.11361, -60.01583)",26.630774137928306
7,"(-3.10611, -59.99306)",47.66974560728066
8,"(-3.0975, -60.05056)",123.54461038665919
