,odc_locations,fiberlength
0,"(-3.13361, -60.02083)",76.09149762848634
1,"(-3.0875, -60.04028)",132.9629985231199
2,"(-3.04194, -59.92889)",48.74367286129842
3,"(-3.03469, -59.9938)",50.40504360600297
4,"(-3.08583, -60.01)",119.79047201209038
5,"(-3.10361, -60.02444)",73.06536033933708
