,odc_locations,fiberlength
0,"(-3.02806, -59.98861)",216.23032018346808
1,"(-3.0875, -60.04028)",153.1978460850833
2,"(-3.08583, -60.01)",52.87744479092051
3,"(-3.13611, -60.02028)",84.64074553105775
4,"(-3.10028, -60.00639)",102.55246221124193
