,odc_locations,capacities
0,"(-5.829694, -35.212)",929
1,"(-5.77944, -35.19778)",924
2,"(-5.8775, -35.17722)",462
