,odc_locations,fiberlength
0,"(-3.02806, -59.98861)",47.82938631303317
1,"(-3.04194, -59.92889)",48.74367286129842
2,"(-3.09639, -60.00111)",78.08235149553381
3,"(-3.13639, -60.02472)",32.38352529929437
4,"(-3.07889, -60.02472)",50.72730407459105
5,"(-3.11361, -60.01583)",62.02751348319313
6,"(-3.0975, -60.05056)",101.19003569007675
