,odc_locations,fiberlength
0,"(-2.97417, -59.99028)",11.676904845294505
1,"(-3.02139, -59.94583)",42.98130371193153
2,"(-3.0875, -60.04028)",32.77831397465594
3,"(-3.04194, -59.92889)",20.874353289938036
4,"(-3.105, -60.01333)",70.25248634281702
5,"(-3.08583, -60.01)",111.29276251923343
6,"(-3.10306, -60.05083)",72.82969180971483
7,"(-3.13056, -60.02111)",71.95852491599571
