,odc_locations,capacities
0,"(-3.13361, -60.02083)",672
1,"(-3.02139, -59.94583)",378
2,"(-3.0875, -60.04028)",894
3,"(-3.00917, -59.99083)",210
4,"(-3.11417, -60.01056)",966
5,"(-3.08583, -60.01)",840
