,odc_locations,fiberlength
0,"(-3.13361, -60.02083)",43.95094837213984
1,"(-3.02806, -59.98861)",47.82938631303317
2,"(-3.1225, -60.00556)",54.26920064528463
3,"(-3.02139, -59.94583)",64.87952352921799
4,"(-3.0875, -60.04028)",142.31596189539772
5,"(-3.10611, -60.0175)",56.9499594072604
6,"(-3.08167, -60.01361)",63.4521503397541
