,odc_locations,fiberlength
0,"(-5.82083, -35.215)",162.7229879939836
1,"(-5.86139, -35.19278)",77.5372174881424
2,"(-5.77944, -35.19778)",246.06609573245444
