,odc_locations,fiberlength
0,"(-5.87556, -35.18)",58.068090865571605
1,"(-5.77944, -35.19778)",246.06609573245444
2,"(-5.82417, -35.21333)",176.53122196032223
