,odc_locations,capacities
0,"(-5.735797, -35.254392)",336
1,"(-5.86944, -35.19056)",462
2,"(-5.80944, -35.20083)",971
3,"(-5.842264, -35.209264)",546
