,odc_locations,capacities
0,"(-5.87167, -35.18111)",462
1,"(-5.78972, -35.20222)",966
2,"(-5.82611, -35.20667)",887
