,odc_locations,fiberlength
0,"(-2.97417, -59.99028)",11.676904845294505
1,"(-3.05444, -59.98361)",47.11997519916452
2,"(-3.0875, -60.04028)",142.31596189539772
3,"(-3.04194, -59.92889)",48.74367286129842
4,"(-3.08583, -60.01)",97.13055814109852
5,"(-3.12278, -60.01333)",91.72999843900553
6,"(-3.13278, -60.02361)",39.98325804108258
