,odc_locations,fiberlength
0,"(-5.86944, -35.19056)",45.961881570426826
1,"(-5.750972, -35.255888)",53.79674390235305
2,"(-5.77833, -35.20194)",61.97452121682938
3,"(-5.831416, -35.204944)",171.59485507348643
