,odc_locations,capacities
0,"(-3.13361, -60.02083)",588
1,"(-3.02139, -59.94583)",336
2,"(-3.11444, -60.04806)",978
3,"(-3.04194, -59.92889)",252
4,"(-3.08667, -59.99583)",840
5,"(-3.11417, -60.01056)",966
