,odc_locations,fiberlength
0,"(-3.13361, -60.02083)",29.090872951986398
1,"(-3.02139, -59.94583)",80.1352961379671
2,"(-3.11444, -60.04806)",215.54946565253053
3,"(-3.04194, -59.92889)",20.874353289938036
4,"(-3.08667, -59.99583)",128.46652891596344
5,"(-3.11417, -60.01056)",97.87352364319892
