,odc_locations,capacities
0,"(-5.78611, -35.20722)",840
1,"(-5.846722, -35.215472)",840
2,"(-5.81833, -35.19861)",635
