,odc_locations,fiberlength
0,"(-5.86944, -35.19056)",64.04268423469006
1,"(-5.78389, -35.19944)",268.77371789231364
2,"(-5.82417, -35.21333)",140.82881912846096
