,odc_locations,fiberlength
0,"(-5.823889, -35.202278)",179.99138333363314
1,"(-5.77833, -35.20194)",245.579762716892
2,"(-5.8775, -35.17722)",52.21538999993051
