,odc_locations,fiberlength
0,"(-5.735797, -35.254392)",56.52004531466572
1,"(-5.87556, -35.18)",46.65603539442971
2,"(-5.77944, -35.19778)",51.4107565922804
3,"(-5.82611, -35.20667)",173.62668827723016
