,odc_locations,fiberlength
0,"(-3.02806, -59.98861)",47.82938631303317
1,"(-3.06472, -60.04361)",22.41410850113269
2,"(-3.0875, -60.04028)",119.64764631013279
3,"(-3.04194, -59.92889)",48.74367286129842
4,"(-3.08167, -60.01361)",54.016347068301016
5,"(-3.13639, -60.02472)",86.17053187441607
6,"(-3.10611, -59.99306)",107.84646656513702
