,odc_locations,capacities
0,"(-5.78611, -35.20722)",966
1,"(-5.87167, -35.18111)",462
2,"(-5.82611, -35.20667)",887
