,odc_locations,capacities
0,"(-3.13361, -60.02083)",630
1,"(-2.97417, -59.99028)",84
2,"(-3.05444, -59.98361)",210
3,"(-3.04194, -59.92889)",378
4,"(-3.10028, -60.02028)",420
5,"(-3.08583, -60.01)",504
6,"(-3.11361, -60.01583)",420
7,"(-3.10611, -59.99306)",462
8,"(-3.0975, -60.05056)",852
