,odc_locations,capacities
0,"(-2.97417, -59.99028)",84
1,"(-3.05444, -59.98361)",252
2,"(-3.0875, -60.04028)",894
3,"(-3.04194, -59.92889)",378
4,"(-3.08583, -60.01)",882
5,"(-3.12278, -60.01333)",882
6,"(-3.13278, -60.02361)",588
