,odc_locations,capacities
0,"(-3.02806, -59.98861)",294
1,"(-3.09417, -59.99083)",462
2,"(-3.02139, -59.94583)",336
3,"(-3.0875, -60.04028)",432
4,"(-3.10611, -60.0175)",546
5,"(-3.08167, -60.01361)",420
6,"(-3.10139, -60.06583)",504
7,"(-3.12639, -60.02)",966
