,odc_locations,fiberlength
0,"(-3.02806, -59.98861)",47.82938631303317
1,"(-3.09417, -59.99083)",60.02417980648568
2,"(-3.02139, -59.94583)",47.89813984654272
3,"(-3.0875, -60.04028)",44.41328277704719
4,"(-3.10611, -60.0175)",38.122073599568644
5,"(-3.08167, -60.01361)",30.92113139041465
6,"(-3.10139, -60.06583)",63.71907635225971
7,"(-3.12639, -60.02)",76.83973222745436
