,odc_locations,fiberlength
0,"(-5.77833, -35.20194)",245.579762716892
1,"(-5.87556, -35.18)",46.65603539442971
2,"(-5.82611, -35.20667)",173.62668827723016
