,odc_locations,capacities
0,"(-3.02806, -59.98861)",294
1,"(-3.07222, -59.94861)",84
2,"(-3.0875, -60.04028)",978
3,"(-3.04194, -59.92889)",336
4,"(-3.09639, -60.00111)",630
5,"(-3.09694, -60.01528)",672
6,"(-3.13389, -60.01667)",966
