,odc_locations,capacities
0,"(-5.750972, -35.255888)",336
1,"(-5.87167, -35.18111)",462
2,"(-5.78972, -35.20222)",630
3,"(-5.82611, -35.20667)",887
