,odc_locations,fiberlength
0,"(-5.750972, -35.255888)",53.79674390235305
1,"(-5.87167, -35.18111)",45.613352428889534
2,"(-5.78972, -35.20222)",59.46122716218167
3,"(-5.82611, -35.20667)",159.1567566076315
