,odc_locations,fiberlength
0,"(-3.12861, -60.01306)",85.02024484841304
1,"(-3.04194, -59.92889)",119.14190419359639
2,"(-3.08167, -60.01361)",144.73824078276817
3,"(-3.105, -60.01333)",96.0181331915461
4,"(-3.10306, -60.05083)",116.19547323300017
