,odc_locations,fiberlength
0,"(-2.97417, -59.99028)",11.676904845294505
1,"(-3.02139, -59.94583)",123.3019031953192
2,"(-3.0875, -60.04028)",97.34437582091935
3,"(-3.10611, -60.0175)",36.224432223904124
4,"(-3.07889, -60.07028)",35.59320584842982
5,"(-3.13056, -60.02111)",73.4124505760021
6,"(-3.10028, -60.00639)",122.3724686373948
