,odc_locations,capacities
0,"(-3.1225, -60.00556)",294
1,"(-3.07556, -60.01972)",840
2,"(-3.02139, -59.94583)",294
3,"(-3.04194, -59.92889)",252
4,"(-3.11417, -60.01056)",840
5,"(-3.0975, -60.05056)",768
6,"(-3.13056, -60.02111)",672
