,odc_locations,capacities
0,"(-3.13361, -60.02083)",714
1,"(-3.02917, -59.97694)",294
2,"(-3.04194, -59.92889)",378
3,"(-3.07778, -59.99944)",630
4,"(-3.10917, -60.0125)",966
5,"(-3.10306, -60.05083)",978
