,odc_locations,capacities
0,"(-3.13361, -60.02083)",546
1,"(-3.06472, -60.04361)",126
2,"(-3.11778, -60.01806)",756
3,"(-3.11028, -59.99111)",504
4,"(-3.08778, -60.05694)",726
5,"(-3.00917, -59.99083)",210
6,"(-3.04194, -59.92889)",378
7,"(-3.08167, -60.01361)",714
