,odc_locations,fiberlength
0,"(-3.13361, -60.02083)",35.09096995202164
1,"(-3.02806, -59.98861)",47.82938631303317
2,"(-3.04194, -59.92889)",48.74367286129842
3,"(-3.0875, -60.03222)",40.44161988900403
4,"(-3.08583, -60.01)",94.82627079433847
5,"(-3.11361, -60.01583)",81.98238798636548
6,"(-3.10306, -60.05083)",84.76651451283752
