,odc_locations,fiberlength
0,"(-5.77833, -35.20194)",254.0576166396449
1,"(-5.86139, -35.19278)",71.61326734807903
2,"(-5.831416, -35.204944)",156.9244223755347
