,odc_locations,fiberlength
0,"(-5.77833, -35.20194)",237.56396156436267
1,"(-5.87556, -35.18)",58.068090865571605
2,"(-5.82417, -35.21333)",176.53122196032223
