,odc_locations,capacities
0,"(-3.02806, -59.98861)",294
1,"(-3.02139, -59.94583)",378
2,"(-3.08167, -60.01361)",882
3,"(-3.10361, -60.02444)",894
4,"(-3.13389, -60.01667)",882
5,"(-3.10139, -60.06583)",630
