,odc_locations,fiberlength
0,"(-3.06472, -60.04361)",106.31221390927172
1,"(-2.97417, -59.99028)",29.662394707268973
2,"(-3.10611, -60.0175)",89.13595734123162
3,"(-3.04194, -59.92889)",65.307092115694
4,"(-3.08667, -59.99583)",110.61278851490735
5,"(-3.11889, -60.04917)",69.76049283124681
6,"(-3.13056, -60.02111)",56.60777784231995
