,odc_locations,capacities
0,"(-5.77833, -35.20194)",840
1,"(-5.87556, -35.18)",504
2,"(-5.82417, -35.21333)",971
