,odc_locations,fiberlength
0,"(-3.06472, -60.04361)",151.9834632511802
1,"(-2.97417, -59.99028)",11.676904845294505
2,"(-3.02139, -59.94583)",47.89813984654272
3,"(-3.10611, -60.0175)",75.3886538232821
4,"(-3.05111, -59.99306)",42.12529459036986
5,"(-3.08167, -60.01361)",37.41805945871138
6,"(-3.1025, -59.99806)",61.81361895592266
7,"(-3.13056, -60.02111)",75.75172967984571
