,odc_locations,capacities
0,"(-3.06472, -60.04361)",210
1,"(-3.10361, -59.95667)",84
2,"(-3.04194, -59.92889)",336
3,"(-3.11417, -60.01056)",714
4,"(-3.03469, -59.9938)",294
5,"(-3.08778, -60.01694)",840
6,"(-3.10306, -60.05083)",642
7,"(-3.12111, -60.01889)",840
