,odc_locations,capacities
0,"(-3.02806, -59.98861)",294
1,"(-3.09528, -60.05361)",852
2,"(-3.04194, -59.92889)",378
3,"(-3.1025, -59.99806)",882
4,"(-3.13639, -60.02472)",840
5,"(-3.08583, -60.01)",714
