,odc_locations,capacities
0,"(-5.735797, -35.254392)",336
1,"(-5.829694, -35.212)",714
2,"(-5.87556, -35.18)",462
3,"(-5.80366, -35.20402)",803
