,odc_locations,capacities
0,"(-5.78611, -35.20722)",966
1,"(-5.86944, -35.19056)",504
2,"(-5.829694, -35.212)",845
