,odc_locations,capacities
0,"(-3.13361, -60.02083)",630
1,"(-3.09528, -60.05361)",672
2,"(-3.04194, -59.92889)",504
3,"(-3.08639, -59.98639)",672
4,"(-3.0875, -60.03222)",600
5,"(-3.11361, -60.01583)",882
