,odc_locations,fiberlength
0,"(-3.13361, -60.02083)",35.09096995202164
1,"(-3.09528, -60.05361)",78.52704092846142
2,"(-3.04194, -59.92889)",119.14190419359639
3,"(-3.08639, -59.98639)",128.28512045296063
4,"(-3.0875, -60.03222)",74.45524650150408
5,"(-3.11361, -60.01583)",82.79596371658296
