,odc_locations,capacities
0,"(-3.08942, -60.00514)",714
1,"(-3.10889, -60.00111)",714
2,"(-3.0875, -60.04028)",810
3,"(-3.00917, -59.99083)",210
4,"(-3.04194, -59.92889)",378
5,"(-3.12917, -60.02667)",924
6,"(-3.07611, -60.07889)",210
