,odc_locations,fiberlength
0,"(-5.78611, -35.20722)",257.1411508591139
1,"(-5.829694, -35.212)",163.22556775670725
2,"(-5.8775, -35.17722)",52.21538999993051
