,odc_locations,fiberlength
0,"(-2.97417, -59.99028)",29.662394707268973
1,"(-3.11444, -60.04806)",107.57807629361426
2,"(-3.11639, -60.03528)",21.386412908791325
3,"(-3.04194, -59.92889)",65.307092115694
4,"(-3.08583, -60.02361)",120.81121129196916
5,"(-3.09722, -59.99333)",111.31049296528782
6,"(-3.13056, -60.02111)",78.78909239740061
