,odc_locations,capacities
0,"(-5.80944, -35.20083)",803
1,"(-5.86139, -35.19278)",756
2,"(-5.77944, -35.19778)",756
