,odc_locations,fiberlength
0,"(-5.80944, -35.20083)",122.25609993221943
1,"(-5.86139, -35.19278)",138.21511127843414
2,"(-5.77944, -35.19778)",231.60977921123163
