,odc_locations,capacities
0,"(-5.80944, -35.20083)",803
1,"(-5.77833, -35.20194)",756
2,"(-5.86139, -35.19278)",756
