,odc_locations,fiberlength
0,"(-3.10361, -59.95667)",10.809934016403759
1,"(-3.09778, -60.00667)",39.83811468296375
2,"(-3.09194, -60.06889)",65.19855708116353
3,"(-3.04194, -59.92889)",127.51829494369508
4,"(-3.11417, -60.01056)",46.06042940356751
5,"(-3.08778, -60.01694)",155.09983839460747
6,"(-3.11778, -60.0225)",114.59443824565774
