,odc_locations,capacities
0,"(-3.06472, -60.04361)",84
1,"(-3.07778, -60.00778)",546
2,"(-3.04194, -59.92889)",504
3,"(-3.09639, -60.00111)",966
4,"(-3.09222, -60.04556)",894
5,"(-3.13611, -60.02028)",966
