,odc_locations,fiberlength
0,"(-3.02806, -59.98861)",47.82938631303317
1,"(-3.04194, -59.92889)",48.74367286129842
2,"(-3.1025, -59.99806)",141.3641867998066
3,"(-3.10306, -60.05083)",164.8295352136257
4,"(-3.117444, -60.011722)",56.8988402256145
5,"(-3.12639, -60.02)",49.30363495717644
