,odc_locations,fiberlength
0,"(-3.08942, -60.00514)",125.80771841176873
1,"(-3.0875, -60.04028)",153.8222923764781
2,"(-3.04194, -59.92889)",139.56736035409952
3,"(-3.10917, -60.0125)",77.2536961643542
4,"(-3.13056, -60.02111)",63.74005812390199
