,odc_locations,capacities
0,"(-5.86944, -35.19056)",588
1,"(-5.82083, -35.215)",761
2,"(-5.78972, -35.20222)",966
