,odc_locations,fiberlength
0,"(-3.09417, -59.99083)",84.26070917147997
1,"(-3.0875, -60.04028)",92.31291367498018
2,"(-3.09194, -60.06889)",38.76786298654917
3,"(-3.04194, -59.92889)",48.74367286129842
4,"(-3.05111, -59.99306)",74.25523037961612
5,"(-3.11361, -60.01583)",55.19002698948967
6,"(-3.12639, -60.02)",64.37097406655867
