,odc_locations,capacities
0,"(-3.05444, -59.98361)",294
1,"(-3.11444, -60.04806)",882
2,"(-3.08778, -60.05694)",600
3,"(-3.04194, -59.92889)",378
4,"(-3.08778, -60.01694)",966
5,"(-3.09722, -59.99333)",840
