,odc_locations,fiberlength
0,"(-3.05444, -59.98361)",70.58386166541639
1,"(-3.11444, -60.04806)",176.52855297060938
2,"(-3.08778, -60.05694)",82.38767414384091
3,"(-3.04194, -59.92889)",48.74367286129842
4,"(-3.08778, -60.01694)",116.77331795610866
5,"(-3.09722, -59.99333)",124.93669987985858
