,odc_locations,fiberlength
0,"(-5.735797, -35.254392)",56.52004531466572
1,"(-5.829694, -35.212)",118.90030872558069
2,"(-5.87556, -35.18)",46.65603539442971
3,"(-5.80366, -35.20402)",112.41339535424947
