,odc_locations,fiberlength
0,"(-5.86139, -35.19278)",77.5372174881424
1,"(-5.77944, -35.19778)",246.06609573245444
2,"(-5.82417, -35.21333)",159.29929243822173
