,odc_locations,fiberlength
0,"(-5.834028, -35.207972)",174.9118697429086
1,"(-5.86944, -35.19056)",45.961881570426826
2,"(-5.77944, -35.19778)",262.7258576121495
