,odc_locations,capacities
0,"(-5.77833, -35.20194)",924
1,"(-5.829694, -35.212)",929
2,"(-5.8775, -35.17722)",462
