,odc_locations,fiberlength
0,"(-5.76194, -35.27972)",69.77193926061382
1,"(-5.80366, -35.20402)",107.20074518198177
2,"(-5.82611, -35.20667)",127.79842420489747
3,"(-5.8775, -35.17722)",52.21538999993051
