,odc_locations,capacities
0,"(-3.13361, -60.02083)",714
1,"(-2.97417, -59.99028)",84
2,"(-3.04194, -59.92889)",378
3,"(-3.05111, -59.99306)",252
4,"(-3.08028, -60.0575)",894
5,"(-3.09722, -59.99333)",840
6,"(-3.117444, -60.011722)",798
