,odc_locations,fiberlength
0,"(-5.86944, -35.19056)",72.7164875285738
1,"(-5.81639, -35.21056)",160.36545920361908
2,"(-5.78389, -35.19944)",244.24473130859022
