,odc_locations,capacities
0,"(-5.735797, -35.254392)",336
1,"(-5.80944, -35.20083)",803
2,"(-5.87167, -35.18111)",504
3,"(-5.82417, -35.21333)",672
