,odc_locations,fiberlength
0,"(-3.13361, -60.02083)",82.08193415520068
1,"(-3.02806, -59.98861)",196.3671028796608
2,"(-3.11444, -60.04806)",123.70554295251699
3,"(-3.09639, -60.00111)",105.41717141030003
4,"(-3.08778, -60.01694)",121.1221208382001
