,odc_locations,fiberlength
0,"(-3.13361, -60.02083)",58.323299074436626
1,"(-3.00917, -59.99083)",26.140756577229933
2,"(-3.04194, -59.92889)",48.74367286129842
3,"(-3.05111, -59.99306)",8.821156840566319
4,"(-3.11417, -60.01056)",108.04327582510427
5,"(-3.08028, -60.0575)",126.27641181981784
6,"(-3.08583, -60.01)",94.69577591783025
