,odc_locations,fiberlength
0,"(-3.0875, -60.04028)",124.0971307949654
1,"(-3.10611, -60.0175)",54.77761917358498
2,"(-3.04194, -59.92889)",139.56736035409952
3,"(-3.11889, -60.04917)",34.48477998304276
4,"(-3.09722, -59.99333)",127.82879742769384
5,"(-3.13056, -60.02111)",56.60777784231995
