cell_site_id,emission_designation,technology,tx_frequency,rx_frequency,azimuth,antenna_gain,back_front_relation,hpa,mechanical_elevation,polarization,antenna_height,tx_power,latitude,longitude,cell_carrier_id,operator
699429960,10M0G7W,NR,788.0,733.0,115.0,14.5,24.0,62.0,6.0,X,82.0,40.0,-16.71333,-49.26694,a48aa248aa64eb42,TELEFONICA BRASIL S.A.
699429960,10M0G7W,NR,788.0,733.0,230.0,14.5,24.0,62.0,6.0,X,82.0,40.0,-16.71333,-49.26694,a48aa248aa64eb43,TELEFONICA BRASIL S.A.
699429960,10M0G7W,NR,788.0,733.0,355.0,14.5,24.0,62.0,12.0,X,82.0,40.0,-16.71333,-49.26694,a48aa248aa64eb44,TELEFONICA BRASIL S.A.
690186975,10M0G7W,NR,788.0,733.0,350.0,15.4,25.0,68.0,1.0,X,36.0,40.0,-16.688914,-49.274908,a48aa248aa64eb45,TELEFONICA BRASIL S.A.
690186975,10M0G7W,NR,788.0,733.0,105.0,15.4,25.0,68.0,1.0,X,36.0,40.0,-16.688914,-49.274908,a48aa248aa64eb46,TELEFONICA BRASIL S.A.
690186975,10M0G7W,NR,788.0,733.0,230.0,15.4,25.0,68.0,1.0,X,36.0,40.0,-16.688914,-49.274908,a48aa248aa64eb47,TELEFONICA BRASIL S.A.
4740580,10M0G7W,NR,788.0,733.0,40.0,15.4,25.0,68.0,0.0,X,33.5,40.0,-16.69667,-49.26528,a48aa248aa64eb48,TELEFONICA BRASIL S.A.
4740580,10M0G7W,NR,788.0,733.0,150.0,15.4,25.0,68.0,0.0,X,33.5,40.0,-16.69667,-49.26528,a48aa248aa64eb49,TELEFONICA BRASIL S.A.
4740580,10M0G7W,NR,788.0,733.0,270.0,15.4,25.0,68.0,0.0,X,33.5,40.0,-16.69667,-49.26528,a48aa248aa64eb4a,TELEFONICA BRASIL S.A.
684592398,10M0G7W,NR,788.0,733.0,350.0,15.4,25.0,68.0,0.0,X,29.0,40.0,-16.689928,-49.269969,a48aa248aa64eb4b,TELEFONICA BRASIL S.A.
684592398,10M0G7W,NR,788.0,733.0,160.0,15.4,25.0,68.0,0.0,X,29.0,40.0,-16.689928,-49.269969,a48aa248aa64eb4c,TELEFONICA BRASIL S.A.
684592398,10M0G7W,NR,788.0,733.0,240.0,15.4,25.0,68.0,0.0,X,29.0,40.0,-16.689928,-49.269969,a48aa248aa64eb4d,TELEFONICA BRASIL S.A.
807958,10M0G7W,NR,788.0,733.0,20.0,14.2,25.0,70.0,1.0,X,63.0,40.0,-16.68329,-49.26664,a48aa248aa64eb4e,TELEFONICA BRASIL S.A.
807958,10M0G7W,NR,788.0,733.0,160.0,14.2,25.0,70.0,0.0,X,63.0,40.0,-16.68329,-49.26664,a48aa248aa64eb4f,TELEFONICA BRASIL S.A.
807958,10M0G7W,NR,788.0,733.0,270.0,14.2,25.0,70.0,0.0,X,63.0,40.0,-16.68329,-49.26664,a48aa248aa64eb50,TELEFONICA BRASIL S.A.
1008040549,10M0G7W,NR,788.0,733.0,50.0,14.2,25.0,70.0,1.0,X,36.0,40.0,-16.701783,-49.252917,a48aa248aa64eb51,TELEFONICA BRASIL S.A.
1008040549,10M0G7W,NR,788.0,733.0,180.0,14.2,25.0,70.0,1.0,X,36.0,40.0,-16.701783,-49.252917,a48aa248aa64eb52,TELEFONICA BRASIL S.A.
1008040549,10M0G7W,NR,788.0,733.0,300.0,14.2,25.0,70.0,0.0,X,36.0,40.0,-16.701783,-49.252917,a48aa248aa64eb53,TELEFONICA BRASIL S.A.
692988971,10M0G7W,NR,788.0,733.0,350.0,14.2,25.0,70.0,0.0,X,39.0,40.0,-16.685461,-49.259578,a48aa248aa64eb54,TELEFONICA BRASIL S.A.
692988971,10M0G7W,NR,788.0,733.0,85.0,14.2,25.0,70.0,0.0,X,39.0,40.0,-16.685461,-49.259578,a48aa248aa64eb55,TELEFONICA BRASIL S.A.
692988971,10M0G7W,NR,788.0,733.0,250.0,14.2,25.0,70.0,0.0,X,39.0,40.0,-16.685461,-49.259578,a48aa248aa64eb56,TELEFONICA BRASIL S.A.
1004801715,10M0G7W,NR,788.0,733.0,210.0,14.5,24.0,62.0,4.0,X,28.0,40.0,-16.714422,-49.208583,a48aa248aa64eb57,TELEFONICA BRASIL S.A.
1004801715,10M0G7W,NR,788.0,733.0,355.0,14.5,24.0,62.0,4.0,X,28.0,40.0,-16.714422,-49.208583,a48aa248aa64eb58,TELEFONICA BRASIL S.A.
1004801715,10M0G7W,NR,788.0,733.0,100.0,14.5,24.0,62.0,4.0,X,28.0,40.0,-16.714422,-49.208583,a48aa248aa64eb59,TELEFONICA BRASIL S.A.
1006218391,10M0G7W,NR,788.0,733.0,360.0,16.9,30.0,57.0,0.0,X,62.0,40.0,-16.71444,-49.25917,a48aa248aa64eb5a,TELEFONICA BRASIL S.A.
1006218391,10M0G7W,NR,788.0,733.0,120.0,16.9,30.0,57.0,0.0,X,62.0,40.0,-16.71444,-49.25917,a48aa248aa64eb5b,TELEFONICA BRASIL S.A.
1006218391,10M0G7W,NR,788.0,733.0,240.0,16.9,30.0,57.0,0.0,X,62.0,40.0,-16.71444,-49.25917,a48aa248aa64eb5c,TELEFONICA BRASIL S.A.
4740548,10M0G7W,NR,788.0,733.0,340.0,14.2,25.0,70.0,0.0,X,30.0,40.0,-16.70806,-49.27222,a48aa248aa64eb5d,TELEFONICA BRASIL S.A.
4740548,10M0G7W,NR,788.0,733.0,120.0,14.2,25.0,70.0,0.0,X,30.0,40.0,-16.70806,-49.27222,a48aa248aa64eb5e,TELEFONICA BRASIL S.A.
4740548,10M0G7W,NR,788.0,733.0,190.0,14.2,25.0,70.0,0.0,X,30.0,40.0,-16.70806,-49.27222,a48aa248aa64eb5f,TELEFONICA BRASIL S.A.
396804942,10M0G7W,NR,788.0,733.0,10.0,15.4,25.0,68.0,0.0,X,24.0,40.0,-16.70235,-49.271903,a48aa248aa64eb60,TELEFONICA BRASIL S.A.
396804942,10M0G7W,NR,788.0,733.0,120.0,15.4,25.0,68.0,0.0,X,24.0,40.0,-16.70235,-49.271903,a48aa248aa64eb61,TELEFONICA BRASIL S.A.
396804942,10M0G7W,NR,788.0,733.0,240.0,15.4,25.0,68.0,0.0,X,24.0,40.0,-16.70235,-49.271903,a48aa248aa64eb62,TELEFONICA BRASIL S.A.
684593190,10M0G7W,NR,788.0,733.0,330.0,15.4,25.0,68.0,0.0,X,28.0,40.0,-16.705581,-49.262311,a48aa248aa64eb69,TELEFONICA BRASIL S.A.
684593190,10M0G7W,NR,788.0,733.0,50.0,15.4,25.0,68.0,3.0,X,28.0,40.0,-16.705581,-49.262311,a48aa248aa64eb6a,TELEFONICA BRASIL S.A.
684593190,10M0G7W,NR,788.0,733.0,180.0,15.4,25.0,68.0,1.0,X,28.0,40.0,-16.705581,-49.262311,a48aa248aa64eb6b,TELEFONICA BRASIL S.A.
684594153,10M0G7W,NR,788.0,733.0,330.0,15.4,25.0,68.0,0.0,X,35.0,40.0,-16.71963,-49.27015,a48aa248aa64eb6c,TELEFONICA BRASIL S.A.
684594153,10M0G7W,NR,788.0,733.0,90.0,15.4,25.0,68.0,0.0,X,35.0,40.0,-16.71963,-49.27015,a48aa248aa64eb6d,TELEFONICA BRASIL S.A.
684594153,10M0G7W,NR,788.0,733.0,190.0,15.4,25.0,68.0,0.0,X,35.0,40.0,-16.71963,-49.27015,a48aa248aa64eb6e,TELEFONICA BRASIL S.A.
698574222,10M0G7W,NR,788.0,733.0,120.0,16.6,26.0,65.0,13.0,X,74.0,40.0,-16.700536,-49.239972,a48aa248aa64eb6f,TELEFONICA BRASIL S.A.
698574222,10M0G7W,NR,788.0,733.0,240.0,16.6,26.0,65.0,13.0,X,74.0,40.0,-16.700536,-49.239972,a48aa248aa64eb70,TELEFONICA BRASIL S.A.
698574222,10M0G7W,NR,788.0,733.0,20.0,16.6,26.0,65.0,13.0,X,74.0,40.0,-16.700536,-49.239972,a48aa248aa64eb71,TELEFONICA BRASIL S.A.
641227930,10M0G7W,NR,788.0,733.0,70.0,15.4,25.0,68.0,0.0,X,19.0,40.0,-16.714556,-49.273528,a48aa248aa64eb72,TELEFONICA BRASIL S.A.
641227930,10M0G7W,NR,788.0,733.0,270.0,15.4,25.0,68.0,0.0,X,19.0,40.0,-16.714556,-49.273528,a48aa248aa64eb73,TELEFONICA BRASIL S.A.
1001817548,10M0G7W,NR,788.0,733.0,360.0,15.4,25.0,68.0,0.0,X,72.0,40.0,-16.686944,-49.264028,a48aa248aa64eb74,TELEFONICA BRASIL S.A.
1001817548,10M0G7W,NR,788.0,733.0,100.0,15.4,25.0,68.0,0.0,X,72.0,40.0,-16.686944,-49.264028,a48aa248aa64eb75,TELEFONICA BRASIL S.A.
1001817548,10M0G7W,NR,788.0,733.0,270.0,15.4,25.0,68.0,0.0,X,72.0,40.0,-16.686944,-49.264028,a48aa248aa64eb76,TELEFONICA BRASIL S.A.
536428930,10M0G7W,NR,788.0,733.0,40.0,14.5,25.0,70.85,0.0,X,27.0,40.0,-16.714644,-49.263039,a48aa248aa64eb77,TELEFONICA BRASIL S.A.
536428930,10M0G7W,NR,788.0,733.0,110.0,14.5,25.0,70.85,0.0,X,27.0,40.0,-16.714644,-49.263039,a48aa248aa64eb78,TELEFONICA BRASIL S.A.
536428930,10M0G7W,NR,788.0,733.0,300.0,14.5,25.0,70.85,0.0,X,27.0,40.0,-16.714644,-49.263039,a48aa248aa64eb79,TELEFONICA BRASIL S.A.
1001213308,10M0G7W,NR,788.0,733.0,350.0,15.4,25.0,68.0,0.0,X,33.0,40.0,-16.698167,-49.257611,a48aa248aa64eb7a,TELEFONICA BRASIL S.A.
1001213308,10M0G7W,NR,788.0,733.0,100.0,15.4,25.0,68.0,0.0,X,33.0,40.0,-16.698167,-49.257611,a48aa248aa64eb7b,TELEFONICA BRASIL S.A.
1001213308,10M0G7W,NR,788.0,733.0,240.0,15.4,25.0,68.0,0.0,X,33.0,40.0,-16.698167,-49.257611,a48aa248aa64eb7c,TELEFONICA BRASIL S.A.
970280,10M0G7W,NR,788.0,733.0,10.0,14.2,25.0,70.0,0.0,X,36.0,40.0,-16.696217,-49.277147,a48aa248aa64eb7d,TELEFONICA BRASIL S.A.
970280,10M0G7W,NR,788.0,733.0,100.0,14.2,25.0,70.0,0.0,X,36.0,40.0,-16.696217,-49.277147,a48aa248aa64eb7e,TELEFONICA BRASIL S.A.
970280,10M0G7W,NR,788.0,733.0,240.0,14.2,25.0,70.0,0.0,X,36.0,40.0,-16.696217,-49.277147,a48aa248aa64eb7f,TELEFONICA BRASIL S.A.
1009261328,10M0G7W,NR,788.0,733.0,90.0,15.4,25.0,68.0,0.0,X,48.0,40.0,-16.710481,-49.264711,a48aa248aa64eb83,TELEFONICA BRASIL S.A.
1009261328,10M0G7W,NR,788.0,733.0,210.0,15.4,25.0,68.0,0.0,X,48.0,40.0,-16.710481,-49.264711,a48aa248aa64eb84,TELEFONICA BRASIL S.A.
1009261328,10M0G7W,NR,788.0,733.0,330.0,15.4,25.0,68.0,0.0,X,48.0,40.0,-16.710481,-49.264711,a48aa248aa64eb85,TELEFONICA BRASIL S.A.
1008807114,10M0G7W,NR,788.0,733.0,170.0,14.2,25.0,70.0,10.0,X,28.0,40.0,-16.6945,-49.272361,a48aa248aa64eb86,TELEFONICA BRASIL S.A.
1008807114,10M0G7W,NR,788.0,733.0,270.0,14.2,25.0,70.0,9.0,X,28.0,40.0,-16.6945,-49.272361,a48aa248aa64eb87,TELEFONICA BRASIL S.A.
1008807114,10M0G7W,NR,788.0,733.0,50.0,14.2,25.0,70.0,9.0,X,28.0,40.0,-16.6945,-49.272361,a48aa248aa64eb88,TELEFONICA BRASIL S.A.
699429960,10M0G7W,NR,788.0,733.0,360.0,15.4,25.0,68.0,0.0,X,82.0,40.0,-16.71333,-49.26694,b427d248b98b71ee,TELEFONICA BRASIL S.A.
699429960,10M0G7W,NR,788.0,733.0,100.0,15.4,25.0,68.0,0.0,X,82.0,40.0,-16.71333,-49.26694,b427d248b98b71ef,TELEFONICA BRASIL S.A.
699429960,10M0G7W,NR,788.0,733.0,270.0,15.4,25.0,68.0,0.0,X,82.0,40.0,-16.71333,-49.26694,b427d248b98b71f0,TELEFONICA BRASIL S.A.
696489260,10M0G7W,NR,2160.0,1970.0,10.0,17.5,30.0,57.0,0.0,X,15.0,40.0,-16.661917,-49.261139,a64562a80f6929a5,TELEFONICA BRASIL S.A.
696489260,10M0G7W,NR,2160.0,1970.0,80.0,17.5,30.0,57.0,0.0,X,15.0,40.0,-16.661917,-49.261139,a64562a80f6929a6,TELEFONICA BRASIL S.A.
696489260,10M0G7W,NR,2160.0,1970.0,200.0,17.5,30.0,57.0,0.0,X,15.0,40.0,-16.661917,-49.261139,212cf5f85c04455a,TELEFONICA BRASIL S.A.
807958,100MG7W,NR,3450.0,3450.0,360.0,25.0,25.0,105.0,-6.0,X,62.0,200.0,-16.68329,-49.26664,d005f5f82312f4f9,TELEFONICA BRASIL S.A.
807958,100MG7W,NR,3450.0,3450.0,150.0,25.0,25.0,105.0,-6.0,X,62.0,200.0,-16.68329,-49.26664,d005f5f82312f4fa,TELEFONICA BRASIL S.A.
807958,100MG7W,NR,3450.0,3450.0,250.0,25.0,25.0,105.0,-6.0,X,62.0,200.0,-16.68329,-49.26664,d005f5f82312f4fb,TELEFONICA BRASIL S.A.
970280,100MG7W,NR,3450.0,3450.0,10.0,25.0,25.0,105.0,0.0,X,46.0,200.0,-16.696217,-49.277147,d005f5f82312f4fc,TELEFONICA BRASIL S.A.
970280,100MG7W,NR,3450.0,3450.0,100.0,25.0,25.0,105.0,0.0,X,46.0,200.0,-16.696217,-49.277147,d005f5f82312f4fd,TELEFONICA BRASIL S.A.
970280,100MG7W,NR,3450.0,3450.0,240.0,25.0,25.0,105.0,0.0,X,46.0,200.0,-16.696217,-49.277147,d005f5f82312f4fe,TELEFONICA BRASIL S.A.
971987,100MG7W,NR,3450.0,3450.0,10.0,25.0,25.0,105.0,-3.0,X,42.0,200.0,-16.655644,-49.2538,d005f5f82312f502,TELEFONICA BRASIL S.A.
971987,100MG7W,NR,3450.0,3450.0,100.0,25.0,25.0,105.0,-2.0,X,42.0,200.0,-16.655644,-49.2538,d005f5f82312f503,TELEFONICA BRASIL S.A.
971987,100MG7W,NR,3450.0,3450.0,210.0,25.0,25.0,105.0,-3.0,X,42.0,200.0,-16.655644,-49.2538,d005f5f82312f504,TELEFONICA BRASIL S.A.
1334239,100MG7W,NR,3450.0,3450.0,350.0,25.0,25.0,105.0,-2.0,X,30.0,200.0,-16.67639,-49.27361,d005f5f82312f505,TELEFONICA BRASIL S.A.
1334239,100MG7W,NR,3450.0,3450.0,110.0,25.0,25.0,105.0,-1.0,X,30.0,200.0,-16.67639,-49.27361,d005f5f82312f506,TELEFONICA BRASIL S.A.
1334239,100MG7W,NR,3450.0,3450.0,240.0,25.0,25.0,105.0,-1.0,X,30.0,200.0,-16.67639,-49.27361,d005f5f82312f507,TELEFONICA BRASIL S.A.
4740548,100MG7W,NR,3450.0,3450.0,30.0,25.0,25.0,105.0,0.0,X,25.4,200.0,-16.70806,-49.27222,d005f5f82312f508,TELEFONICA BRASIL S.A.
4740548,100MG7W,NR,3450.0,3450.0,140.0,25.0,25.0,105.0,0.0,X,25.4,200.0,-16.70806,-49.27222,d005f5f82312f509,TELEFONICA BRASIL S.A.
4740548,100MG7W,NR,3450.0,3450.0,260.0,25.0,25.0,105.0,0.0,X,25.4,200.0,-16.70806,-49.27222,d005f5f82312f50a,TELEFONICA BRASIL S.A.
4740580,100MG7W,NR,3450.0,3450.0,40.0,25.0,25.0,105.0,0.0,X,29.8,200.0,-16.69667,-49.26528,d005f5f82312f50b,TELEFONICA BRASIL S.A.
4740580,100MG7W,NR,3450.0,3450.0,150.0,25.0,25.0,105.0,0.0,X,29.8,200.0,-16.69667,-49.26528,d005f5f82312f50c,TELEFONICA BRASIL S.A.
4740580,100MG7W,NR,3450.0,3450.0,270.0,25.0,25.0,105.0,0.0,X,29.8,200.0,-16.69667,-49.26528,d005f5f82312f50d,TELEFONICA BRASIL S.A.
4740700,100MG7W,NR,3450.0,3450.0,10.0,25.0,25.0,105.0,-2.0,X,38.0,200.0,-16.66505,-49.254436,d005f5f82312f50e,TELEFONICA BRASIL S.A.
4740700,100MG7W,NR,3450.0,3450.0,150.0,25.0,25.0,105.0,-2.0,X,38.0,200.0,-16.66505,-49.254436,d005f5f82312f50f,TELEFONICA BRASIL S.A.
4740700,100MG7W,NR,3450.0,3450.0,260.0,25.0,25.0,105.0,-2.0,X,38.0,200.0,-16.66505,-49.254436,d005f5f82312f510,TELEFONICA BRASIL S.A.
4740718,100MG7W,NR,3450.0,3450.0,10.0,25.0,25.0,105.0,0.0,X,25.0,200.0,-16.678056,-49.265222,d005f5f82312f511,TELEFONICA BRASIL S.A.
4740718,100MG7W,NR,3450.0,3450.0,150.0,25.0,25.0,105.0,0.0,X,25.0,200.0,-16.678056,-49.265222,d005f5f82312f512,TELEFONICA BRASIL S.A.
4740718,100MG7W,NR,3450.0,3450.0,280.0,25.0,25.0,105.0,0.0,X,25.0,200.0,-16.678056,-49.265222,d005f5f82312f513,TELEFONICA BRASIL S.A.
4740874,100MG7W,NR,3450.0,3450.0,360.0,25.0,25.0,105.0,-1.0,X,33.0,200.0,-16.671161,-49.271658,d005f5f82312f514,TELEFONICA BRASIL S.A.
4740874,100MG7W,NR,3450.0,3450.0,150.0,25.0,25.0,105.0,-1.0,X,33.0,200.0,-16.671161,-49.271658,d005f5f82312f515,TELEFONICA BRASIL S.A.
4740874,100MG7W,NR,3450.0,3450.0,240.0,25.0,25.0,105.0,-1.0,X,33.0,200.0,-16.671161,-49.271658,d005f5f82312f516,TELEFONICA BRASIL S.A.
5129010,100MG7W,NR,3450.0,3450.0,360.0,25.0,25.0,105.0,0.0,X,24.0,200.0,-16.680825,-49.250625,d005f5f82312f517,TELEFONICA BRASIL S.A.
5129010,100MG7W,NR,3450.0,3450.0,90.0,25.0,25.0,105.0,0.0,X,24.0,200.0,-16.680825,-49.250625,d005f5f82312f518,TELEFONICA BRASIL S.A.
5129010,100MG7W,NR,3450.0,3450.0,180.0,25.0,25.0,105.0,0.0,X,24.0,200.0,-16.680825,-49.250625,d005f5f82312f519,TELEFONICA BRASIL S.A.
5747163,100MG7W,NR,3450.0,3450.0,10.0,25.0,25.0,105.0,-3.0,X,36.0,200.0,-16.675564,-49.257194,d005f5f82312f51a,TELEFONICA BRASIL S.A.
5747163,100MG7W,NR,3450.0,3450.0,150.0,25.0,25.0,105.0,-2.0,X,36.0,200.0,-16.675564,-49.257194,d005f5f82312f51b,TELEFONICA BRASIL S.A.
5747163,100MG7W,NR,3450.0,3450.0,260.0,25.0,25.0,105.0,-2.0,X,36.0,200.0,-16.675564,-49.257194,d005f5f82312f51c,TELEFONICA BRASIL S.A.
396804942,100MG7W,NR,3450.0,3450.0,10.0,25.0,25.0,105.0,0.0,X,21.0,200.0,-16.70235,-49.271903,d005f5f82312f51d,TELEFONICA BRASIL S.A.
396804942,100MG7W,NR,3450.0,3450.0,120.0,25.0,25.0,105.0,0.0,X,21.0,200.0,-16.70235,-49.271903,d005f5f82312f51e,TELEFONICA BRASIL S.A.
396804942,100MG7W,NR,3450.0,3450.0,240.0,25.0,25.0,105.0,0.0,X,21.0,200.0,-16.70235,-49.271903,d005f5f82312f51f,TELEFONICA BRASIL S.A.
523292201,100MG7W,NR,3450.0,3450.0,25.0,25.0,25.0,105.0,-1.0,X,30.0,200.0,-16.687328,-49.240158,d005f5f82312f520,TELEFONICA BRASIL S.A.
523292201,100MG7W,NR,3450.0,3450.0,120.0,25.0,25.0,105.0,-1.0,X,30.0,200.0,-16.687328,-49.240158,d005f5f82312f521,TELEFONICA BRASIL S.A.
523292201,100MG7W,NR,3450.0,3450.0,230.0,25.0,25.0,105.0,-6.0,X,30.0,200.0,-16.687328,-49.240158,d005f5f82312f522,TELEFONICA BRASIL S.A.
536428930,100MG7W,NR,3450.0,3450.0,40.0,25.0,25.0,105.0,0.0,X,31.0,200.0,-16.714644,-49.263039,d005f5f82312f523,TELEFONICA BRASIL S.A.
536428930,100MG7W,NR,3450.0,3450.0,110.0,25.0,25.0,105.0,0.0,X,31.0,200.0,-16.714644,-49.263039,d005f5f82312f524,TELEFONICA BRASIL S.A.
536428930,100MG7W,NR,3450.0,3450.0,300.0,25.0,25.0,105.0,0.0,X,31.0,200.0,-16.714644,-49.263039,d005f5f82312f525,TELEFONICA BRASIL S.A.
641227930,100MG7W,NR,3450.0,3450.0,70.0,25.0,25.0,105.0,0.0,X,15.0,200.0,-16.714556,-49.273528,d005f5f82312f526,TELEFONICA BRASIL S.A.
641227930,100MG7W,NR,3450.0,3450.0,270.0,25.0,25.0,105.0,0.0,X,15.0,200.0,-16.714556,-49.273528,d005f5f82312f527,TELEFONICA BRASIL S.A.
684592398,100MG7W,NR,3450.0,3450.0,350.0,23.5,25.0,65.0,0.0,X,29.5,200.0,-16.689928,-49.269969,d005f5f82312f528,TELEFONICA BRASIL S.A.
684592398,100MG7W,NR,3450.0,3450.0,160.0,23.5,25.0,65.0,0.0,X,29.5,200.0,-16.689928,-49.269969,d005f5f82312f529,TELEFONICA BRASIL S.A.
684592398,100MG7W,NR,3450.0,3450.0,240.0,23.5,25.0,65.0,0.0,X,29.5,200.0,-16.689928,-49.269969,d005f5f82312f52a,TELEFONICA BRASIL S.A.
684593190,100MG7W,NR,3450.0,3450.0,330.0,23.5,25.0,65.0,0.0,X,25.0,200.0,-16.705581,-49.262311,d005f5f82312f52b,TELEFONICA BRASIL S.A.
684593190,100MG7W,NR,3450.0,3450.0,50.0,23.5,25.0,65.0,0.0,X,25.0,200.0,-16.705581,-49.262311,d005f5f82312f52c,TELEFONICA BRASIL S.A.
684593190,100MG7W,NR,3450.0,3450.0,180.0,23.5,25.0,65.0,0.0,X,25.0,200.0,-16.705581,-49.262311,d005f5f82312f52d,TELEFONICA BRASIL S.A.
684593904,100MG7W,NR,3450.0,3450.0,20.0,23.5,25.0,65.0,-6.0,X,28.0,200.0,-16.710964,-49.252481,d005f5f82312f52e,TELEFONICA BRASIL S.A.
684593904,100MG7W,NR,3450.0,3450.0,140.0,23.5,25.0,65.0,-2.0,X,28.0,200.0,-16.710964,-49.252481,d005f5f82312f52f,TELEFONICA BRASIL S.A.
684593904,100MG7W,NR,3450.0,3450.0,240.0,23.5,25.0,65.0,-1.0,X,28.0,200.0,-16.710964,-49.252481,d005f5f82312f530,TELEFONICA BRASIL S.A.
684594153,100MG7W,NR,3450.0,3450.0,330.0,23.5,25.0,65.0,-4.0,X,32.0,200.0,-16.71963,-49.27015,d005f5f82312f531,TELEFONICA BRASIL S.A.
684594153,100MG7W,NR,3450.0,3450.0,90.0,23.5,25.0,65.0,-1.0,X,32.0,200.0,-16.71963,-49.27015,d005f5f82312f532,TELEFONICA BRASIL S.A.
684594153,100MG7W,NR,3450.0,3450.0,190.0,23.5,25.0,65.0,-2.0,X,32.0,200.0,-16.71963,-49.27015,d005f5f82312f533,TELEFONICA BRASIL S.A.
684594340,100MG7W,NR,3450.0,3450.0,30.0,23.5,25.0,65.0,-3.0,X,31.0,200.0,-16.702664,-49.288286,d005f5f82312f534,TELEFONICA BRASIL S.A.
684594340,100MG7W,NR,3450.0,3450.0,130.0,23.5,25.0,65.0,-1.0,X,31.0,200.0,-16.702664,-49.288286,d005f5f82312f535,TELEFONICA BRASIL S.A.
684594340,100MG7W,NR,3450.0,3450.0,250.0,23.5,25.0,65.0,-2.0,X,31.0,200.0,-16.702664,-49.288286,d005f5f82312f536,TELEFONICA BRASIL S.A.
684688069,100MG7W,NR,3450.0,3450.0,360.0,23.5,25.0,65.0,-5.0,X,26.0,200.0,-16.672031,-49.253794,d005f5f82312f537,TELEFONICA BRASIL S.A.
684688069,100MG7W,NR,3450.0,3450.0,105.0,23.5,25.0,65.0,0.0,X,26.0,200.0,-16.672031,-49.253794,d005f5f82312f538,TELEFONICA BRASIL S.A.
684688069,100MG7W,NR,3450.0,3450.0,230.0,23.5,25.0,65.0,-1.0,X,26.0,200.0,-16.672031,-49.253794,d005f5f82312f539,TELEFONICA BRASIL S.A.
690186975,100MG7W,NR,3450.0,3450.0,350.0,23.5,25.0,65.0,0.0,X,32.0,200.0,-16.688914,-49.274908,d005f5f82312f53a,TELEFONICA BRASIL S.A.
690186975,100MG7W,NR,3450.0,3450.0,105.0,23.5,25.0,65.0,0.0,X,32.0,200.0,-16.688914,-49.274908,d005f5f82312f53b,TELEFONICA BRASIL S.A.
690186975,100MG7W,NR,3450.0,3450.0,230.0,23.5,25.0,65.0,0.0,X,32.0,200.0,-16.688914,-49.274908,d005f5f82312f53c,TELEFONICA BRASIL S.A.
692988971,100MG7W,NR,3450.0,3450.0,350.0,23.5,25.0,65.0,0.0,X,35.0,200.0,-16.685461,-49.259578,d005f5f82312f53d,TELEFONICA BRASIL S.A.
692988971,100MG7W,NR,3450.0,3450.0,85.0,23.5,25.0,65.0,0.0,X,35.0,200.0,-16.685461,-49.259578,d005f5f82312f53e,TELEFONICA BRASIL S.A.
692988971,100MG7W,NR,3450.0,3450.0,250.0,23.5,25.0,65.0,0.0,X,35.0,200.0,-16.685461,-49.259578,d005f5f82312f53f,TELEFONICA BRASIL S.A.
696489260,100MG7W,NR,3450.0,3450.0,10.0,23.5,25.0,65.0,-1.0,X,15.0,200.0,-16.661917,-49.261139,d005f5f82312f541,TELEFONICA BRASIL S.A.
696489260,100MG7W,NR,3450.0,3450.0,80.0,23.5,25.0,65.0,0.0,X,15.0,200.0,-16.661917,-49.261139,d005f5f82312f542,TELEFONICA BRASIL S.A.
696489260,100MG7W,NR,3450.0,3450.0,200.0,23.5,25.0,65.0,0.0,X,15.0,200.0,-16.661917,-49.261139,d005f5f82312f543,TELEFONICA BRASIL S.A.
698058577,100MG7W,NR,3450.0,3450.0,360.0,23.5,25.0,65.0,-5.0,X,48.0,200.0,-16.688444,-49.251333,d005f5f82312f544,TELEFONICA BRASIL S.A.
698058577,100MG7W,NR,3450.0,3450.0,120.0,23.5,25.0,65.0,-5.0,X,48.0,200.0,-16.688444,-49.251333,d005f5f82312f545,TELEFONICA BRASIL S.A.
698058577,100MG7W,NR,3450.0,3450.0,230.0,23.5,25.0,65.0,-3.0,X,48.0,200.0,-16.688444,-49.251333,d005f5f82312f546,TELEFONICA BRASIL S.A.
698708520,100MG7W,NR,3450.0,3450.0,350.0,23.5,25.0,65.0,-3.0,X,77.0,200.0,-16.67972,-49.25444,d005f5f82312f547,TELEFONICA BRASIL S.A.
698708520,100MG7W,NR,3450.0,3450.0,110.0,23.5,25.0,65.0,-3.0,X,77.0,200.0,-16.67972,-49.25444,d005f5f82312f548,TELEFONICA BRASIL S.A.
698708520,100MG7W,NR,3450.0,3450.0,240.0,23.5,25.0,65.0,-3.0,X,77.0,200.0,-16.67972,-49.25444,d005f5f82312f549,TELEFONICA BRASIL S.A.
699069408,100MG7W,NR,3450.0,3450.0,30.0,23.5,25.0,65.0,-1.0,X,54.0,200.0,-16.670608,-49.246369,d005f5f82312f54a,TELEFONICA BRASIL S.A.
699069408,100MG7W,NR,3450.0,3450.0,120.0,23.5,25.0,65.0,0.0,X,54.0,200.0,-16.670608,-49.246369,d005f5f82312f54b,TELEFONICA BRASIL S.A.
699069408,100MG7W,NR,3450.0,3450.0,210.0,23.5,25.0,65.0,-2.0,X,54.0,200.0,-16.670608,-49.246369,d005f5f82312f54c,TELEFONICA BRASIL S.A.
699114209,100MG7W,NR,3450.0,3450.0,340.0,23.5,25.0,65.0,-6.0,X,21.0,200.0,-16.708,-49.280444,d005f5f82312f54d,TELEFONICA BRASIL S.A.
699114209,100MG7W,NR,3450.0,3450.0,120.0,23.5,25.0,65.0,0.0,X,21.0,200.0,-16.708,-49.280444,d005f5f82312f54e,TELEFONICA BRASIL S.A.
699114209,100MG7W,NR,3450.0,3450.0,215.0,23.5,25.0,65.0,-2.0,X,21.0,200.0,-16.708,-49.280444,d005f5f82312f54f,TELEFONICA BRASIL S.A.
699429960,100MG7W,NR,3450.0,3450.0,360.0,23.5,25.0,65.0,-6.0,X,71.0,200.0,-16.71333,-49.26694,d005f5f82312f550,TELEFONICA BRASIL S.A.
699429960,100MG7W,NR,3450.0,3450.0,100.0,23.5,25.0,65.0,-6.0,X,71.0,200.0,-16.71333,-49.26694,d005f5f82312f551,TELEFONICA BRASIL S.A.
699429960,100MG7W,NR,3450.0,3450.0,270.0,23.5,25.0,65.0,-6.0,X,71.0,200.0,-16.71333,-49.26694,d005f5f82312f552,TELEFONICA BRASIL S.A.
1001213308,100MG7W,NR,3450.0,3450.0,350.0,23.5,25.0,65.0,0.0,X,34.0,200.0,-16.698167,-49.257611,d005f5f82312f553,TELEFONICA BRASIL S.A.
1001213308,100MG7W,NR,3450.0,3450.0,100.0,23.5,25.0,65.0,0.0,X,34.0,200.0,-16.698167,-49.257611,d005f5f82312f554,TELEFONICA BRASIL S.A.
1001213308,100MG7W,NR,3450.0,3450.0,240.0,23.5,25.0,65.0,0.0,X,34.0,200.0,-16.698167,-49.257611,d005f5f82312f555,TELEFONICA BRASIL S.A.
1001817548,100MG7W,NR,3450.0,3450.0,110.0,23.5,25.0,65.0,-4.0,X,69.0,200.0,-16.686944,-49.264028,d005f5f82312f556,TELEFONICA BRASIL S.A.
1001817548,100MG7W,NR,3450.0,3450.0,220.0,23.5,25.0,65.0,-2.0,X,69.0,200.0,-16.686944,-49.264028,d005f5f82312f557,TELEFONICA BRASIL S.A.
1001817548,100MG7W,NR,3450.0,3450.0,340.0,23.5,25.0,65.0,-3.0,X,69.0,200.0,-16.686944,-49.264028,d005f5f82312f558,TELEFONICA BRASIL S.A.
1005906626,100MG7W,NR,3450.0,3450.0,330.0,23.5,25.0,65.0,-3.0,X,31.0,200.0,-16.70917,-49.29028,d005f5f82312f559,TELEFONICA BRASIL S.A.
1005906626,100MG7W,NR,3450.0,3450.0,120.0,23.5,25.0,65.0,0.0,X,31.0,200.0,-16.70917,-49.29028,d005f5f82312f55a,TELEFONICA BRASIL S.A.
1005906626,100MG7W,NR,3450.0,3450.0,220.0,23.5,25.0,65.0,-2.0,X,31.0,200.0,-16.70917,-49.29028,d005f5f82312f55b,TELEFONICA BRASIL S.A.
1006884600,100MG7W,NR,3450.0,3450.0,360.0,23.5,25.0,65.0,0.0,X,55.7,200.0,-16.67444,-49.22,d005f5f82312f55c,TELEFONICA BRASIL S.A.
1006884600,100MG7W,NR,3450.0,3450.0,120.0,23.5,25.0,65.0,0.0,X,55.7,200.0,-16.67444,-49.22,d005f5f82312f55d,TELEFONICA BRASIL S.A.
1006884600,100MG7W,NR,3450.0,3450.0,240.0,23.5,25.0,65.0,0.0,X,55.7,200.0,-16.67444,-49.22,d005f5f82312f55e,TELEFONICA BRASIL S.A.
1008040549,100MG7W,NR,3450.0,3450.0,110.0,23.5,25.0,65.0,-5.0,X,36.0,200.0,-16.701783,-49.252917,d005f5f82312f55f,TELEFONICA BRASIL S.A.
1008040549,100MG7W,NR,3450.0,3450.0,220.0,23.5,25.0,65.0,-5.0,X,36.0,200.0,-16.701783,-49.252917,d005f5f82312f560,TELEFONICA BRASIL S.A.
1008040549,100MG7W,NR,3450.0,3450.0,340.0,23.5,25.0,65.0,-2.0,X,36.0,200.0,-16.701783,-49.252917,d005f5f82312f561,TELEFONICA BRASIL S.A.
1008198878,100MG7W,NR,3450.0,3450.0,360.0,23.5,25.0,65.0,-3.0,X,30.0,200.0,-16.693083,-49.281639,d005f5f82312f562,TELEFONICA BRASIL S.A.
1008198878,100MG7W,NR,3450.0,3450.0,90.0,23.5,25.0,65.0,0.0,X,30.0,200.0,-16.693083,-49.281639,d005f5f82312f563,TELEFONICA BRASIL S.A.
1008198878,100MG7W,NR,3450.0,3450.0,250.0,23.5,25.0,65.0,-2.0,X,30.0,200.0,-16.693083,-49.281639,d005f5f82312f564,TELEFONICA BRASIL S.A.
1008807114,100MG7W,NR,3450.0,3450.0,40.0,23.5,25.0,65.0,-2.0,X,28.0,200.0,-16.6945,-49.272361,d005f5f82312f565,TELEFONICA BRASIL S.A.
1008807114,100MG7W,NR,3450.0,3450.0,180.0,23.5,25.0,65.0,-2.0,X,28.0,200.0,-16.6945,-49.272361,d005f5f82312f566,TELEFONICA BRASIL S.A.
1008807114,100MG7W,NR,3450.0,3450.0,270.0,23.5,25.0,65.0,-2.0,X,28.0,200.0,-16.6945,-49.272361,d005f5f82312f567,TELEFONICA BRASIL S.A.
1009261328,100MG7W,NR,3450.0,3450.0,90.0,23.5,25.0,65.0,0.0,X,48.0,200.0,-16.710481,-49.264711,d005f5f82312f568,TELEFONICA BRASIL S.A.
1009261328,100MG7W,NR,3450.0,3450.0,210.0,23.5,25.0,65.0,0.0,X,48.0,200.0,-16.710481,-49.264711,d005f5f82312f569,TELEFONICA BRASIL S.A.
1009261328,100MG7W,NR,3450.0,3450.0,330.0,23.5,25.0,65.0,0.0,X,48.0,200.0,-16.710481,-49.264711,d005f5f82312f56a,TELEFONICA BRASIL S.A.
1010098290,100MG7W,NR,3450.0,3450.0,10.0,23.5,25.0,65.0,0.0,X,37.0,200.0,-16.701583,-49.267583,d005f5f82312f56b,TELEFONICA BRASIL S.A.
1010098290,100MG7W,NR,3450.0,3450.0,110.0,23.5,25.0,65.0,0.0,X,37.0,200.0,-16.701583,-49.267583,d005f5f82312f56c,TELEFONICA BRASIL S.A.
1010098290,100MG7W,NR,3450.0,3450.0,260.0,23.5,25.0,65.0,0.0,X,37.0,200.0,-16.701583,-49.267583,d005f5f82312f56d,TELEFONICA BRASIL S.A.
1011545923,100MG7W,NR,3450.0,3450.0,5.0,23.5,25.0,65.0,0.0,X,34.0,200.0,-16.69919,-49.24236,f26415f851702039,TELEFONICA BRASIL S.A.
1011545923,100MG7W,NR,3450.0,3450.0,125.0,23.5,25.0,65.0,0.0,X,34.0,200.0,-16.69919,-49.24236,f26415f85170203a,TELEFONICA BRASIL S.A.
1011545923,100MG7W,NR,3450.0,3450.0,245.0,23.5,25.0,65.0,0.0,X,34.0,200.0,-16.69919,-49.24236,f26415f85170203b,TELEFONICA BRASIL S.A.
1005468173,100MG7W,NR,3450.0,3450.0,20.0,23.5,25.0,65.0,3.0,X,30.0,200.0,-16.72,-49.28028,f26415f851702048,TELEFONICA BRASIL S.A.
1005468173,100MG7W,NR,3450.0,3450.0,140.0,23.5,25.0,65.0,1.0,X,30.0,200.0,-16.72,-49.28028,f26415f851702049,TELEFONICA BRASIL S.A.
1005468173,100MG7W,NR,3450.0,3450.0,260.0,23.5,25.0,65.0,3.0,X,30.0,200.0,-16.72,-49.28028,f26415f85170204a,TELEFONICA BRASIL S.A.
971995,100MG7W,NR,3450.0,3450.0,60.0,25.0,25.0,65.0,0.0,X,41.4,200.0,-16.705506,-49.308308,e64695f8e7a7da60,TELEFONICA BRASIL S.A.
971995,100MG7W,NR,3450.0,3450.0,180.0,25.0,25.0,65.0,0.0,X,41.4,200.0,-16.705506,-49.308308,e64695f8e7a7da61,TELEFONICA BRASIL S.A.
971995,100MG7W,NR,3450.0,3450.0,300.0,25.0,25.0,65.0,0.0,X,41.4,200.0,-16.705506,-49.308308,e64695f8e7a7da62,TELEFONICA BRASIL S.A.
4740572,100MG7W,NR,3450.0,3450.0,360.0,25.0,25.0,105.0,-2.0,X,36.0,200.0,-16.673333,-49.295436,ab6725f81465726e,TELEFONICA BRASIL S.A.
4740572,100MG7W,NR,3450.0,3450.0,140.0,25.0,25.0,105.0,-1.0,X,36.0,200.0,-16.673333,-49.295436,ab6725f81465726f,TELEFONICA BRASIL S.A.
4740572,100MG7W,NR,3450.0,3450.0,220.0,25.0,25.0,105.0,-2.0,X,36.0,200.0,-16.673333,-49.295436,ab6725f814657270,TELEFONICA BRASIL S.A.
698909712,100MG7W,NR,3450.0,3450.0,360.0,23.5,25.0,65.0,-2.0,X,79.0,200.0,-16.728111,-49.280056,dce625f85b0a8963,TELEFONICA BRASIL S.A.
698909712,100MG7W,NR,3450.0,3450.0,120.0,23.5,25.0,65.0,-2.0,X,79.0,200.0,-16.728111,-49.280056,dce625f85b0a8964,TELEFONICA BRASIL S.A.
698909712,100MG7W,NR,3450.0,3450.0,240.0,23.5,25.0,65.0,-2.0,X,79.0,200.0,-16.728111,-49.280056,dce625f85b0a8965,TELEFONICA BRASIL S.A.
698574222,100MG7W,NR,3450.0,3450.0,20.0,23.5,25.0,65.0,-2.0,X,97.0,200.0,-16.700536,-49.239972,305645f89e3ab06a,TELEFONICA BRASIL S.A.
698574222,100MG7W,NR,3450.0,3450.0,120.0,23.5,25.0,65.0,-2.0,X,97.0,200.0,-16.700536,-49.239972,305645f89e3ab06b,TELEFONICA BRASIL S.A.
698574222,100MG7W,NR,3450.0,3450.0,240.0,23.5,25.0,65.0,-2.0,X,97.0,200.0,-16.700536,-49.239972,305645f89e3ab06c,TELEFONICA BRASIL S.A.
1011700147,100MG7W,NR,3450.0,3450.0,360.0,23.5,25.0,65.0,-2.0,X,30.0,200.0,-16.72769,-49.26948,99a745f867a3c666,TELEFONICA BRASIL S.A.
1011700147,100MG7W,NR,3450.0,3450.0,100.0,23.5,25.0,65.0,-1.0,X,30.0,200.0,-16.72769,-49.26948,99a745f867a3c667,TELEFONICA BRASIL S.A.
1011700147,100MG7W,NR,3450.0,3450.0,240.0,23.5,25.0,65.0,-3.0,X,30.0,200.0,-16.72769,-49.26948,99a745f867a3c668,TELEFONICA BRASIL S.A.
1332848,100MG7W,NR,3450.0,3450.0,70.0,25.0,25.0,65.0,-1.0,X,38.0,200.0,-16.685778,-49.280242,805e45f85bba716e,TELEFONICA BRASIL S.A.
1332848,100MG7W,NR,3450.0,3450.0,250.0,25.0,25.0,65.0,-1.0,X,38.0,200.0,-16.685778,-49.280242,805e45f85bba716f,TELEFONICA BRASIL S.A.
1332848,100MG7W,NR,3450.0,3450.0,340.0,25.0,25.0,65.0,-1.0,X,38.0,200.0,-16.685778,-49.280242,805e45f85bba7170,TELEFONICA BRASIL S.A.
1006809594,100MG7W,NR,3450.0,3450.0,50.0,23.5,25.0,65.0,9.0,X,26.0,200.0,-16.68028,-49.24111,221f55f8a348e48e,TELEFONICA BRASIL S.A.
1006809594,100MG7W,NR,3450.0,3450.0,290.0,23.5,25.0,65.0,9.0,X,26.0,200.0,-16.68028,-49.24111,221f55f8a348e48f,TELEFONICA BRASIL S.A.
1006809594,100MG7W,NR,3450.0,3450.0,170.0,23.5,25.0,65.0,9.0,X,26.0,200.0,-16.68028,-49.24111,221f55f8a348e490,TELEFONICA BRASIL S.A.
5129052,100MG7W,NR,3450.0,3450.0,360.0,25.0,25.0,105.0,1.0,X,27.0,200.0,-16.670375,-49.261328,d7af75f8f1ea1afe,TELEFONICA BRASIL S.A.
5129052,100MG7W,NR,3450.0,3450.0,90.0,25.0,25.0,105.0,0.0,X,27.0,200.0,-16.670375,-49.261328,d7af75f8f1ea1aff,TELEFONICA BRASIL S.A.
5129052,100MG7W,NR,3450.0,3450.0,190.0,25.0,25.0,105.0,1.0,X,27.0,200.0,-16.670375,-49.261328,d7af75f8f1ea1b00,TELEFONICA BRASIL S.A.
4740602,100MG7W,NR,3450.0,3450.0,350.0,25.0,25.0,105.0,2.0,X,26.0,200.0,-16.709181,-49.236225,d7af75f8f1ea1b04,TELEFONICA BRASIL S.A.
4740602,100MG7W,NR,3450.0,3450.0,140.0,25.0,25.0,105.0,3.0,X,26.0,200.0,-16.709181,-49.236225,d7af75f8f1ea1b05,TELEFONICA BRASIL S.A.
4740602,100MG7W,NR,3450.0,3450.0,240.0,25.0,25.0,105.0,2.0,X,26.0,200.0,-16.709181,-49.236225,d7af75f8f1ea1b06,TELEFONICA BRASIL S.A.
972010,100MG7W,NR,3450.0,3450.0,350.0,25.0,25.0,65.0,-2.0,X,39.0,200.0,-16.655861,-49.332739,d7af75f8f1ea1b0a,TELEFONICA BRASIL S.A.
972010,100MG7W,NR,3450.0,3450.0,100.0,25.0,25.0,65.0,-2.0,X,39.0,200.0,-16.655861,-49.332739,d7af75f8f1ea1b0b,TELEFONICA BRASIL S.A.
972010,100MG7W,NR,3450.0,3450.0,220.0,25.0,25.0,65.0,-2.0,X,39.0,200.0,-16.655861,-49.332739,d7af75f8f1ea1b0c,TELEFONICA BRASIL S.A.
700058648,100MG7W,NR,3450.0,3450.0,340.0,23.5,25.0,65.0,1.0,X,43.0,200.0,-16.717867,-49.251,d7af75f8f1ea1b0d,TELEFONICA BRASIL S.A.
700058648,100MG7W,NR,3450.0,3450.0,100.0,23.5,25.0,65.0,1.0,X,43.0,200.0,-16.717867,-49.251,d7af75f8f1ea1b0e,TELEFONICA BRASIL S.A.
700058648,100MG7W,NR,3450.0,3450.0,240.0,23.5,25.0,65.0,1.0,X,43.0,200.0,-16.717867,-49.251,d7af75f8f1ea1b0f,TELEFONICA BRASIL S.A.
970298,100MG7W,NR,3450.0,3450.0,360.0,25.0,25.0,105.0,1.0,X,40.0,200.0,-16.673175,-49.282544,fade75f8469752f8,TELEFONICA BRASIL S.A.
970298,100MG7W,NR,3450.0,3450.0,120.0,25.0,25.0,105.0,0.0,X,40.0,200.0,-16.673175,-49.282544,fade75f8469752f9,TELEFONICA BRASIL S.A.
970298,100MG7W,NR,3450.0,3450.0,240.0,25.0,25.0,105.0,0.0,X,40.0,200.0,-16.673175,-49.282544,fade75f8469752fa,TELEFONICA BRASIL S.A.
379988089,100MG7W,NR,3450.0,3450.0,320.0,25.0,25.0,10.5,1.0,X,32.0,200.0,-16.714872,-49.286047,fade75f8469752fb,TELEFONICA BRASIL S.A.
379988089,100MG7W,NR,3450.0,3450.0,100.0,25.0,25.0,10.5,1.0,X,32.0,200.0,-16.714872,-49.286047,fade75f8469752fc,TELEFONICA BRASIL S.A.
379988089,100MG7W,NR,3450.0,3450.0,230.0,25.0,25.0,10.5,1.0,X,32.0,200.0,-16.714872,-49.286047,fade75f8469752fd,TELEFONICA BRASIL S.A.
1004847740,100MG7W,NR,3450.0,3450.0,360.0,23.5,25.0,65.0,0.0,X,32.0,200.0,-16.665214,-49.328392,fade75f846975316,TELEFONICA BRASIL S.A.
1004847740,100MG7W,NR,3450.0,3450.0,120.0,23.5,25.0,65.0,0.0,X,32.0,200.0,-16.665214,-49.328392,fade75f846975317,TELEFONICA BRASIL S.A.
1004847740,100MG7W,NR,3450.0,3450.0,240.0,23.5,25.0,65.0,0.0,X,32.0,200.0,-16.665214,-49.328392,fade75f846975318,TELEFONICA BRASIL S.A.
1011150031,100MG7W,NR,3450.0,3450.0,50.0,23.5,25.0,65.0,0.0,X,30.0,200.0,-16.676843,-49.247504,fade75f846975325,TELEFONICA BRASIL S.A.
1011150031,100MG7W,NR,3450.0,3450.0,170.0,23.5,25.0,65.0,0.0,X,30.0,200.0,-16.676843,-49.247504,fade75f846975326,TELEFONICA BRASIL S.A.
1011150031,100MG7W,NR,3450.0,3450.0,290.0,23.5,25.0,65.0,0.0,X,30.0,200.0,-16.676843,-49.247504,fade75f846975327,TELEFONICA BRASIL S.A.
1012293243,100MG7W,NR,3450.0,3450.0,80.0,25.0,25.0,65.0,0.0,X,30.0,200.0,-16.701083,-49.278889,fade75f84697532e,TELEFONICA BRASIL S.A.
1012293243,100MG7W,NR,3450.0,3450.0,180.0,25.0,25.0,65.0,0.0,X,30.0,200.0,-16.701083,-49.278889,fade75f84697532f,TELEFONICA BRASIL S.A.
1012293243,100MG7W,NR,3450.0,3450.0,270.0,25.0,25.0,65.0,0.0,X,30.0,200.0,-16.701083,-49.278889,fade75f846975330,TELEFONICA BRASIL S.A.
684595290,100MG7W,NR,3450.0,3450.0,30.0,23.5,25.0,65.0,0.0,X,33.0,200.0,-16.676164,-49.240742,b1ee85f824f6a898,TELEFONICA BRASIL S.A.
684595290,100MG7W,NR,3450.0,3450.0,120.0,23.5,25.0,65.0,0.0,X,33.0,200.0,-16.676164,-49.240742,b1ee85f824f6a899,TELEFONICA BRASIL S.A.
684595290,100MG7W,NR,3450.0,3450.0,240.0,23.5,25.0,65.0,0.0,X,33.0,200.0,-16.676164,-49.240742,b1ee85f824f6a89a,TELEFONICA BRASIL S.A.
1007566300,100MG7W,NR,3450.0,3450.0,120.0,23.5,25.0,65.0,-2.0,X,30.0,200.0,-16.69,-49.28722,a3f595f828c0d815,TELEFONICA BRASIL S.A.
1007566300,100MG7W,NR,3450.0,3450.0,360.0,23.5,25.0,65.0,-2.0,X,30.0,200.0,-16.69,-49.28722,a3f595f828c0d816,TELEFONICA BRASIL S.A.
1007566300,100MG7W,NR,3450.0,3450.0,240.0,23.5,25.0,65.0,-2.0,X,30.0,200.0,-16.69,-49.28722,a3f595f828c0d817,TELEFONICA BRASIL S.A.
1012880750,100MG7W,NR,3450.0,3450.0,70.0,23.5,25.0,65.0,-2.0,X,57.0,200.0,-16.675039,-49.254019,a3f595f828c0d81e,TELEFONICA BRASIL S.A.
1012880750,100MG7W,NR,3450.0,3450.0,190.0,23.5,25.0,65.0,-2.0,X,57.0,200.0,-16.675039,-49.254019,a3f595f828c0d81f,TELEFONICA BRASIL S.A.
1012880750,100MG7W,NR,3450.0,3450.0,310.0,23.5,25.0,65.0,-2.0,X,57.0,200.0,-16.675039,-49.254019,a3f595f828c0d820,TELEFONICA BRASIL S.A.
5747643,100MG7W,NR,3450.0,3450.0,360.0,25.0,25.0,65.0,-1.0,X,46.0,200.0,-16.666675,-49.306217,a3f595f828c0d821,TELEFONICA BRASIL S.A.
5747643,100MG7W,NR,3450.0,3450.0,100.0,25.0,25.0,65.0,-1.0,X,46.0,200.0,-16.666675,-49.306217,a3f595f828c0d822,TELEFONICA BRASIL S.A.
5747643,100MG7W,NR,3450.0,3450.0,220.0,25.0,25.0,65.0,-1.0,X,46.0,200.0,-16.666675,-49.306217,a3f595f828c0d823,TELEFONICA BRASIL S.A.
684594625,100MG7W,NR,3450.0,3450.0,20.0,23.5,25.0,65.0,-2.0,X,32.0,200.0,-16.681264,-49.288281,a3f595f828c0d82a,TELEFONICA BRASIL S.A.
684594625,100MG7W,NR,3450.0,3450.0,120.0,23.5,25.0,65.0,-2.0,X,32.0,200.0,-16.681264,-49.288281,a3f595f828c0d82b,TELEFONICA BRASIL S.A.
684594625,100MG7W,NR,3450.0,3450.0,260.0,23.5,25.0,65.0,-2.0,X,32.0,200.0,-16.681264,-49.288281,a3f595f828c0d82c,TELEFONICA BRASIL S.A.
1015836620,100MG7W,NR,3450.0,3450.0,240.0,25.0,25.0,65.0,-3.0,X,23.0,200.0,-16.6799,-49.2863,9f133648af5ee3d8,TELEFONICA BRASIL S.A.
1015836620,100MG7W,NR,3450.0,3450.0,360.0,25.0,25.0,65.0,-3.0,X,23.0,200.0,-16.6799,-49.2863,9f133648af5ee3d9,TELEFONICA BRASIL S.A.
1015836620,100MG7W,NR,3450.0,3450.0,120.0,25.0,25.0,65.0,-2.0,X,23.0,200.0,-16.6799,-49.2863,9f133648af5ee3da,TELEFONICA BRASIL S.A.
1011787277,100MG7W,NR,3450.0,3450.0,210.0,25.0,25.0,105.0,11.0,X,30.0,200.0,-16.71371,-49.31159,8b970ae801f1f04d,TELEFONICA BRASIL S.A.
1011787277,100MG7W,NR,3450.0,3450.0,330.0,25.0,25.0,105.0,11.0,X,30.0,200.0,-16.71371,-49.31159,8b970ae801f1f04e,TELEFONICA BRASIL S.A.
1011787277,100MG7W,NR,3450.0,3450.0,90.0,25.0,25.0,105.0,11.0,X,30.0,200.0,-16.71371,-49.31159,8b970ae801f1f04f,TELEFONICA BRASIL S.A.
1011787366,100MG7W,NR,3450.0,3450.0,110.0,25.0,25.0,105.0,0.0,X,30.0,200.0,-16.69106,-49.32013,8b970ae801f1f050,TELEFONICA BRASIL S.A.
1011787366,100MG7W,NR,3450.0,3450.0,230.0,25.0,25.0,105.0,0.0,X,30.0,200.0,-16.69106,-49.32013,8b970ae801f1f051,TELEFONICA BRASIL S.A.
1011787366,100MG7W,NR,3450.0,3450.0,330.0,25.0,25.0,105.0,0.0,X,30.0,200.0,-16.69106,-49.32013,8b970ae801f1f052,TELEFONICA BRASIL S.A.
1012166055,100MG7W,NR,3450.0,3450.0,100.0,25.0,25.0,105.0,0.0,X,30.0,200.0,-16.661806,-49.221194,8b970ae801f1f056,TELEFONICA BRASIL S.A.
1012166055,100MG7W,NR,3450.0,3450.0,200.0,25.0,25.0,105.0,0.0,X,30.0,200.0,-16.661806,-49.221194,8b970ae801f1f057,TELEFONICA BRASIL S.A.
1012166055,100MG7W,NR,3450.0,3450.0,320.0,25.0,25.0,105.0,0.0,X,30.0,200.0,-16.661806,-49.221194,8b970ae801f1f058,TELEFONICA BRASIL S.A.
1012174821,100MG7W,NR,3450.0,3450.0,210.0,25.0,25.0,105.0,11.0,X,30.0,200.0,-16.614939,-49.208981,8b970ae801f1f059,TELEFONICA BRASIL S.A.
1012174821,100MG7W,NR,3450.0,3450.0,330.0,25.0,25.0,105.0,11.0,X,30.0,200.0,-16.614939,-49.208981,8b970ae801f1f05a,TELEFONICA BRASIL S.A.
1012174821,100MG7W,NR,3450.0,3450.0,90.0,25.0,25.0,105.0,11.0,X,30.0,200.0,-16.614939,-49.208981,8b970ae801f1f05b,TELEFONICA BRASIL S.A.
1012340586,100MG7W,NR,3450.0,3450.0,360.0,25.0,25.0,105.0,4.0,X,40.0,200.0,-16.709722,-49.316944,8b970ae801f1f05c,TELEFONICA BRASIL S.A.
1012340586,100MG7W,NR,3450.0,3450.0,120.0,25.0,25.0,105.0,4.0,X,40.0,200.0,-16.709722,-49.316944,8b970ae801f1f05d,TELEFONICA BRASIL S.A.
1012340586,100MG7W,NR,3450.0,3450.0,250.0,25.0,25.0,105.0,4.0,X,40.0,200.0,-16.709722,-49.316944,8b970ae801f1f05e,TELEFONICA BRASIL S.A.
5747490,100MG7W,NR,3450.0,3450.0,360.0,25.0,25.0,105.0,0.0,X,51.0,200.0,-16.661233,-49.386661,8b970ae801f1f06b,TELEFONICA BRASIL S.A.
5747490,100MG7W,NR,3450.0,3450.0,90.0,25.0,25.0,105.0,0.0,X,51.0,200.0,-16.661233,-49.386661,8b970ae801f1f06c,TELEFONICA BRASIL S.A.
5747490,100MG7W,NR,3450.0,3450.0,240.0,25.0,25.0,105.0,0.0,X,51.0,200.0,-16.661233,-49.386661,8b970ae801f1f06d,TELEFONICA BRASIL S.A.
683119222,100MG7W,NR,3450.0,3450.0,360.0,25.0,25.0,105.0,4.0,X,33.0,200.0,-16.620106,-49.303944,8b970ae801f1f071,TELEFONICA BRASIL S.A.
683119222,100MG7W,NR,3450.0,3450.0,90.0,25.0,25.0,105.0,1.0,X,33.0,200.0,-16.620106,-49.303944,8b970ae801f1f072,TELEFONICA BRASIL S.A.
683119222,100MG7W,NR,3450.0,3450.0,260.0,25.0,25.0,105.0,0.0,X,33.0,200.0,-16.620106,-49.303944,8b970ae801f1f073,TELEFONICA BRASIL S.A.
807907,100MG7W,NR,3450.0,3450.0,360.0,25.0,25.0,105.0,1.0,X,20.0,200.0,-16.677094,-49.26055,c29a3648f2646c39,TELEFONICA BRASIL S.A.
807907,100MG7W,NR,3450.0,3450.0,110.0,25.0,25.0,105.0,1.0,X,20.0,200.0,-16.677094,-49.26055,c29a3648f2646c3a,TELEFONICA BRASIL S.A.
807907,100MG7W,NR,3450.0,3450.0,220.0,25.0,25.0,105.0,1.0,X,20.0,200.0,-16.677094,-49.26055,c29a3648f2646c3b,TELEFONICA BRASIL S.A.
1007134205,100MG7W,NR,3450.0,3450.0,20.0,25.0,25.0,105.0,0.0,X,29.0,200.0,-16.720075,-49.318303,c29a3648f2ec09c5,TELEFONICA BRASIL S.A.
1007134205,100MG7W,NR,3450.0,3450.0,110.0,25.0,25.0,105.0,0.0,X,29.0,200.0,-16.720075,-49.318303,c29a3648f2ec09c6,TELEFONICA BRASIL S.A.
1007134205,100MG7W,NR,3450.0,3450.0,240.0,25.0,25.0,105.0,0.0,X,29.0,200.0,-16.720075,-49.318303,c29a3648f2ec09c7,TELEFONICA BRASIL S.A.
1012764289,100MG7W,NR,3450.0,3450.0,210.0,25.0,25.0,105.0,0.0,X,30.0,200.0,-16.653217,-49.316592,c29a3648f2ec09ce,TELEFONICA BRASIL S.A.
1012764289,100MG7W,NR,3450.0,3450.0,330.0,25.0,25.0,105.0,0.0,X,30.0,200.0,-16.653217,-49.316592,c29a3648f2ec09cf,TELEFONICA BRASIL S.A.
1012764289,100MG7W,NR,3450.0,3450.0,90.0,25.0,25.0,105.0,0.0,X,30.0,200.0,-16.653217,-49.316592,c29a3648f2ec09d0,TELEFONICA BRASIL S.A.
1007566474,100MG7W,NR,3450.0,3450.0,330.0,25.0,25.0,105.0,0.0,X,34.0,200.0,-16.639608,-49.291147,c7eb0ae80284be58,TELEFONICA BRASIL S.A.
1007566474,100MG7W,NR,3450.0,3450.0,120.0,25.0,25.0,105.0,0.0,X,34.0,200.0,-16.639608,-49.291147,c7eb0ae80284be59,TELEFONICA BRASIL S.A.
1007566474,100MG7W,NR,3450.0,3450.0,240.0,25.0,25.0,105.0,0.0,X,34.0,200.0,-16.639608,-49.291147,c7eb0ae80284be5a,TELEFONICA BRASIL S.A.
1008614871,100MG7W,NR,3450.0,3450.0,360.0,25.0,25.0,10.5,0.0,X,24.0,31.62,-16.63026,-49.23548,c7eb0ae80284be5e,TELEFONICA BRASIL S.A.
1008614871,100MG7W,NR,3450.0,3450.0,120.0,25.0,25.0,10.5,0.0,X,24.0,31.62,-16.63026,-49.23548,c7eb0ae80284be5f,TELEFONICA BRASIL S.A.
1008614871,100MG7W,NR,3450.0,3450.0,240.0,25.0,25.0,10.5,0.0,X,24.0,31.62,-16.63026,-49.23548,c7eb0ae80284be60,TELEFONICA BRASIL S.A.
1008807297,100MG7W,NR,3450.0,3450.0,10.0,25.0,25.0,105.0,0.0,X,21.0,200.0,-16.665269,-49.280361,c7eb0ae80284be61,TELEFONICA BRASIL S.A.
1008807297,100MG7W,NR,3450.0,3450.0,130.0,25.0,25.0,105.0,0.0,X,21.0,200.0,-16.665269,-49.280361,c7eb0ae80284be62,TELEFONICA BRASIL S.A.
1008807297,100MG7W,NR,3450.0,3450.0,240.0,25.0,25.0,105.0,0.0,X,21.0,200.0,-16.665269,-49.280361,c7eb0ae80284be63,TELEFONICA BRASIL S.A.
1009261263,100MG7W,NR,3450.0,3450.0,320.0,25.0,25.0,105.0,0.0,X,25.0,200.0,-16.66556,-49.28889,c7eb0ae80284be67,TELEFONICA BRASIL S.A.
1009261263,100MG7W,NR,3450.0,3450.0,80.0,25.0,25.0,105.0,0.0,X,25.0,200.0,-16.66556,-49.28889,c7eb0ae80284be68,TELEFONICA BRASIL S.A.
1009261263,100MG7W,NR,3450.0,3450.0,220.0,25.0,25.0,105.0,0.0,X,25.0,200.0,-16.66556,-49.28889,c7eb0ae80284be69,TELEFONICA BRASIL S.A.
1009546438,100MG7W,NR,3450.0,3450.0,360.0,25.0,25.0,105.0,0.0,X,31.0,200.0,-16.65281,-49.26803,c7eb0ae80284be6a,TELEFONICA BRASIL S.A.
1009546438,100MG7W,NR,3450.0,3450.0,100.0,25.0,25.0,105.0,0.0,X,31.0,200.0,-16.65281,-49.26803,c7eb0ae80284be6b,TELEFONICA BRASIL S.A.
1009546438,100MG7W,NR,3450.0,3450.0,225.0,25.0,25.0,105.0,0.0,X,31.0,200.0,-16.65281,-49.26803,c7eb0ae80284be6c,TELEFONICA BRASIL S.A.
1011149920,100MG7W,NR,3450.0,3450.0,240.0,25.0,25.0,105.0,0.0,X,30.0,200.0,-16.69639,-49.31417,c7eb0ae80284be7c,TELEFONICA BRASIL S.A.
1011149920,100MG7W,NR,3450.0,3450.0,360.0,25.0,25.0,105.0,0.0,X,30.0,200.0,-16.69639,-49.31417,c7eb0ae80284be7d,TELEFONICA BRASIL S.A.
1011149920,100MG7W,NR,3450.0,3450.0,120.0,25.0,25.0,105.0,0.0,X,30.0,200.0,-16.69639,-49.31417,c7eb0ae80284be7e,TELEFONICA BRASIL S.A.
1011150058,100MG7W,NR,3450.0,3450.0,360.0,25.0,25.0,105.0,0.0,X,30.0,200.0,-16.6627,-49.234319,c7eb0ae80284be7f,TELEFONICA BRASIL S.A.
1011150058,100MG7W,NR,3450.0,3450.0,120.0,25.0,25.0,105.0,0.0,X,30.0,200.0,-16.6627,-49.234319,c7eb0ae80284be80,TELEFONICA BRASIL S.A.
1011150058,100MG7W,NR,3450.0,3450.0,240.0,25.0,25.0,105.0,0.0,X,30.0,200.0,-16.6627,-49.234319,c7eb0ae80284be81,TELEFONICA BRASIL S.A.
1011368851,100MG7W,NR,3450.0,3450.0,40.0,25.0,25.0,105.0,0.0,X,38.0,200.0,-16.68872,-49.3074,c7eb0ae80284be85,TELEFONICA BRASIL S.A.
1011368851,100MG7W,NR,3450.0,3450.0,280.0,25.0,25.0,105.0,0.0,X,38.0,200.0,-16.68872,-49.3074,c7eb0ae80284be86,TELEFONICA BRASIL S.A.
1011368851,100MG7W,NR,3450.0,3450.0,160.0,25.0,25.0,105.0,0.0,X,38.0,200.0,-16.68872,-49.3074,c7eb0ae80284be87,TELEFONICA BRASIL S.A.
1004801715,100MG7W,NR,3450.0,3450.0,100.0,25.0,25.0,105.0,0.0,X,28.0,200.0,-16.714422,-49.208583,dd2e0ae802933593,TELEFONICA BRASIL S.A.
1004801715,100MG7W,NR,3450.0,3450.0,210.0,25.0,25.0,105.0,0.0,X,28.0,200.0,-16.714422,-49.208583,dd2e0ae802933594,TELEFONICA BRASIL S.A.
1004801715,100MG7W,NR,3450.0,3450.0,355.0,25.0,25.0,105.0,0.0,X,28.0,200.0,-16.714422,-49.208583,dd2e0ae802933595,TELEFONICA BRASIL S.A.
1007134205,100MG7W,NR,3450.0,3450.0,20.0,25.0,25.0,105.0,0.0,X,29.0,200.0,-16.720075,-49.318303,dd2e0ae802933596,TELEFONICA BRASIL S.A.
1007134205,100MG7W,NR,3450.0,3450.0,110.0,25.0,25.0,105.0,0.0,X,29.0,200.0,-16.720075,-49.318303,dd2e0ae802933597,TELEFONICA BRASIL S.A.
1007134205,100MG7W,NR,3450.0,3450.0,240.0,25.0,25.0,105.0,0.0,X,29.0,200.0,-16.720075,-49.318303,dd2e0ae802933598,TELEFONICA BRASIL S.A.
1008040557,100MG7W,NR,3450.0,3450.0,240.0,25.0,25.0,105.0,5.0,X,31.0,200.0,-16.68531,-49.29775,dd2e0ae80293359c,TELEFONICA BRASIL S.A.
1008040557,100MG7W,NR,3450.0,3450.0,120.0,25.0,25.0,105.0,5.0,X,31.0,200.0,-16.68531,-49.29775,dd2e0ae80293359d,TELEFONICA BRASIL S.A.
1008040557,100MG7W,NR,3450.0,3450.0,360.0,25.0,25.0,105.0,5.0,X,31.0,200.0,-16.68531,-49.29775,dd2e0ae80293359e,TELEFONICA BRASIL S.A.
1008540827,100MG7W,NR,3450.0,3450.0,20.0,25.0,25.0,105.0,4.0,X,27.0,200.0,-16.69254,-49.2476,dd2e0ae8029335a2,TELEFONICA BRASIL S.A.
1008540827,100MG7W,NR,3450.0,3450.0,140.0,25.0,25.0,105.0,4.0,X,27.0,200.0,-16.69254,-49.2476,dd2e0ae8029335a3,TELEFONICA BRASIL S.A.
1008540827,100MG7W,NR,3450.0,3450.0,260.0,25.0,25.0,105.0,4.0,X,27.0,200.0,-16.69254,-49.2476,dd2e0ae8029335a4,TELEFONICA BRASIL S.A.
1008807289,100MG7W,NR,3450.0,3450.0,360.0,25.0,25.0,105.0,0.0,X,36.0,200.0,-16.709819,-49.241731,dd2e0ae8029335a5,TELEFONICA BRASIL S.A.
1008807289,100MG7W,NR,3450.0,3450.0,110.0,25.0,25.0,105.0,0.0,X,36.0,200.0,-16.709819,-49.241731,dd2e0ae8029335a6,TELEFONICA BRASIL S.A.
1008807289,100MG7W,NR,3450.0,3450.0,230.0,25.0,25.0,105.0,0.0,X,36.0,200.0,-16.709819,-49.241731,dd2e0ae8029335a7,TELEFONICA BRASIL S.A.
1010098222,100MG7W,NR,3450.0,3450.0,15.0,25.0,25.0,105.0,7.0,X,51.0,200.0,-16.67944,-49.27833,dd2e0ae8029335ae,TELEFONICA BRASIL S.A.
1010098222,100MG7W,NR,3450.0,3450.0,240.0,25.0,25.0,105.0,7.0,X,51.0,200.0,-16.67944,-49.27833,dd2e0ae8029335af,TELEFONICA BRASIL S.A.
1010098222,100MG7W,NR,3450.0,3450.0,115.0,25.0,25.0,105.0,7.0,X,51.0,200.0,-16.67944,-49.27833,dd2e0ae8029335b0,TELEFONICA BRASIL S.A.
691366721,100MG7W,NR,3450.0,3450.0,80.0,25.0,25.0,57.0,0.0,X,48.0,200.0,-16.740639,-49.201472,19aa0ae8003c44a8,TELEFONICA BRASIL S.A.
691366721,100MG7W,NR,3450.0,3450.0,180.0,25.0,25.0,57.0,2.0,X,48.0,200.0,-16.740639,-49.201472,19aa0ae8003c44a9,TELEFONICA BRASIL S.A.
691366721,100MG7W,NR,3450.0,3450.0,260.0,25.0,25.0,57.0,2.0,X,48.0,200.0,-16.740639,-49.201472,19aa0ae8003c44aa,TELEFONICA BRASIL S.A.
691370281,100MG7W,NR,3450.0,3450.0,360.0,25.0,25.0,63.0,1.0,X,40.0,200.0,-16.757111,-49.347611,19aa0ae8003c44ae,TELEFONICA BRASIL S.A.
691370281,100MG7W,NR,3450.0,3450.0,120.0,25.0,25.0,63.0,1.0,X,40.0,200.0,-16.757111,-49.347611,19aa0ae8003c44af,TELEFONICA BRASIL S.A.
691370281,100MG7W,NR,3450.0,3450.0,240.0,25.0,25.0,63.0,1.0,X,40.0,200.0,-16.757111,-49.347611,19aa0ae8003c44b0,TELEFONICA BRASIL S.A.
807877,100MG7W,NR,3450.0,3450.0,10.0,25.0,25.0,57.0,0.0,X,33.0,200.0,-16.640811,-49.272711,19aa0ae8003c44d5,TELEFONICA BRASIL S.A.
807877,100MG7W,NR,3450.0,3450.0,120.0,25.0,25.0,57.0,0.0,X,33.0,200.0,-16.640811,-49.272711,19aa0ae8003c44d6,TELEFONICA BRASIL S.A.
807877,100MG7W,NR,3450.0,3450.0,270.0,25.0,25.0,57.0,1.0,X,33.0,200.0,-16.640811,-49.272711,19aa0ae8003c44d7,TELEFONICA BRASIL S.A.
4740750,100MG7W,NR,3450.0,3450.0,60.0,25.0,25.0,58.0,1.0,X,39.0,200.0,-16.604514,-49.329483,19aa0ae80036a85e,TELEFONICA BRASIL S.A.
4740750,100MG7W,NR,3450.0,3450.0,160.0,25.0,25.0,58.0,1.0,X,39.0,200.0,-16.604514,-49.329483,19aa0ae80036a85f,TELEFONICA BRASIL S.A.
4740750,100MG7W,NR,3450.0,3450.0,280.0,25.0,25.0,58.0,1.0,X,39.0,200.0,-16.604514,-49.329483,19aa0ae80036a860,TELEFONICA BRASIL S.A.
4740912,100MG7W,NR,3450.0,3450.0,10.0,25.0,25.0,68.0,0.0,X,33.0,200.0,-16.665833,-49.241133,19aa0ae80036a861,TELEFONICA BRASIL S.A.
4740912,100MG7W,NR,3450.0,3450.0,120.0,25.0,25.0,68.0,0.0,X,33.0,200.0,-16.665833,-49.241133,19aa0ae80036a862,TELEFONICA BRASIL S.A.
4740912,100MG7W,NR,3450.0,3450.0,240.0,25.0,25.0,68.0,0.0,X,33.0,200.0,-16.665833,-49.241133,19aa0ae80036a863,TELEFONICA BRASIL S.A.
5129036,100MG7W,NR,3450.0,3450.0,300.0,25.0,25.0,57.0,0.0,X,27.0,200.0,-16.659981,-49.268053,19aa0ae80036a864,TELEFONICA BRASIL S.A.
5129036,100MG7W,NR,3450.0,3450.0,90.0,25.0,25.0,57.0,2.0,X,27.0,200.0,-16.659981,-49.268053,19aa0ae80036a865,TELEFONICA BRASIL S.A.
5129036,100MG7W,NR,3450.0,3450.0,220.0,25.0,25.0,57.0,1.0,X,27.0,200.0,-16.659981,-49.268053,19aa0ae80036a866,TELEFONICA BRASIL S.A.
523293038,100MG7W,NR,3450.0,3450.0,360.0,25.0,25.0,67.0,0.0,X,32.0,200.0,-16.671569,-49.230178,19aa0ae80036a869,TELEFONICA BRASIL S.A.
523293038,100MG7W,NR,3450.0,3450.0,130.0,25.0,25.0,67.0,0.0,X,32.0,200.0,-16.671569,-49.230178,19aa0ae80036a86a,TELEFONICA BRASIL S.A.
523293038,100MG7W,NR,3450.0,3450.0,250.0,25.0,25.0,67.0,0.0,X,32.0,200.0,-16.671569,-49.230178,19aa0ae80036a86b,TELEFONICA BRASIL S.A.
5747341,100MG7W,NR,3450.0,3450.0,10.0,25.0,25.0,62.0,1.0,X,37.0,200.0,-16.721086,-49.240028,19aa0ae80036a872,TELEFONICA BRASIL S.A.
5747341,100MG7W,NR,3450.0,3450.0,130.0,25.0,25.0,62.0,0.0,X,37.0,200.0,-16.721086,-49.240028,19aa0ae80036a873,TELEFONICA BRASIL S.A.
5747341,100MG7W,NR,3450.0,3450.0,240.0,25.0,25.0,62.0,0.0,X,37.0,200.0,-16.721086,-49.240028,19aa0ae80036a874,TELEFONICA BRASIL S.A.
5747376,100MG7W,NR,3450.0,3450.0,40.0,25.0,25.0,62.0,0.0,X,81.0,31.62,-16.622119,-49.223717,19aa0ae80036a875,TELEFONICA BRASIL S.A.
5747376,100MG7W,NR,3450.0,3450.0,90.0,25.0,25.0,62.0,-3.0,X,81.0,31.62,-16.622119,-49.223717,19aa0ae80036a876,TELEFONICA BRASIL S.A.
5747376,100MG7W,NR,3450.0,3450.0,250.0,25.0,25.0,62.0,-3.0,X,81.0,31.62,-16.622119,-49.223717,19aa0ae80036a877,TELEFONICA BRASIL S.A.
631381279,100MG7W,NR,3450.0,3450.0,20.0,25.0,25.0,58.0,-3.0,X,36.0,31.62,-16.638703,-49.229797,19aa0ae80036a87b,TELEFONICA BRASIL S.A.
631381279,100MG7W,NR,3450.0,3450.0,140.0,25.0,25.0,58.0,-1.0,X,36.0,31.62,-16.638703,-49.229797,19aa0ae80036a87c,TELEFONICA BRASIL S.A.
631381279,100MG7W,NR,3450.0,3450.0,240.0,25.0,25.0,58.0,-3.0,X,36.0,31.62,-16.638703,-49.229797,19aa0ae80036a87d,TELEFONICA BRASIL S.A.
684037556,100MG7W,NR,3450.0,3450.0,360.0,25.0,25.0,66.03,0.0,X,26.0,200.0,-16.731639,-49.295028,19aa0ae80036a887,TELEFONICA BRASIL S.A.
684037556,100MG7W,NR,3450.0,3450.0,100.0,25.0,25.0,66.03,0.0,X,26.0,200.0,-16.731639,-49.295028,19aa0ae80036a888,TELEFONICA BRASIL S.A.
684037556,100MG7W,NR,3450.0,3450.0,230.0,25.0,25.0,66.03,0.0,X,26.0,200.0,-16.731639,-49.295028,19aa0ae80036a889,TELEFONICA BRASIL S.A.
1004801715,100MG7W,NR,3450.0,3450.0,100.0,25.0,25.0,105.0,0.0,X,28.0,200.0,-16.714422,-49.208583,82270ae8039453d7,TELEFONICA BRASIL S.A.
1004801715,100MG7W,NR,3450.0,3450.0,210.0,25.0,25.0,105.0,0.0,X,28.0,200.0,-16.714422,-49.208583,82270ae8039453d8,TELEFONICA BRASIL S.A.
1004801715,100MG7W,NR,3450.0,3450.0,355.0,25.0,25.0,105.0,0.0,X,28.0,200.0,-16.714422,-49.208583,82270ae8039453d9,TELEFONICA BRASIL S.A.
1007134205,100MG7W,NR,3450.0,3450.0,20.0,25.0,25.0,105.0,0.0,X,29.0,200.0,-16.720075,-49.318303,82270ae8039453da,TELEFONICA BRASIL S.A.
1007134205,100MG7W,NR,3450.0,3450.0,110.0,25.0,25.0,105.0,0.0,X,29.0,200.0,-16.720075,-49.318303,82270ae8039453db,TELEFONICA BRASIL S.A.
1007134205,100MG7W,NR,3450.0,3450.0,240.0,25.0,25.0,105.0,0.0,X,29.0,200.0,-16.720075,-49.318303,82270ae8039453dc,TELEFONICA BRASIL S.A.
1008040557,100MG7W,NR,3450.0,3450.0,240.0,25.0,25.0,105.0,5.0,X,31.0,200.0,-16.68531,-49.29775,82270ae8039453e0,TELEFONICA BRASIL S.A.
1008040557,100MG7W,NR,3450.0,3450.0,120.0,25.0,25.0,105.0,5.0,X,31.0,200.0,-16.68531,-49.29775,82270ae8039453e1,TELEFONICA BRASIL S.A.
1008040557,100MG7W,NR,3450.0,3450.0,360.0,25.0,25.0,105.0,5.0,X,31.0,200.0,-16.68531,-49.29775,82270ae8039453e2,TELEFONICA BRASIL S.A.
1008540827,100MG7W,NR,3450.0,3450.0,20.0,25.0,25.0,105.0,4.0,X,27.0,200.0,-16.69254,-49.2476,82270ae8039453e6,TELEFONICA BRASIL S.A.
1008540827,100MG7W,NR,3450.0,3450.0,140.0,25.0,25.0,105.0,4.0,X,27.0,200.0,-16.69254,-49.2476,82270ae8039453e7,TELEFONICA BRASIL S.A.
1008540827,100MG7W,NR,3450.0,3450.0,260.0,25.0,25.0,105.0,4.0,X,27.0,200.0,-16.69254,-49.2476,82270ae8039453e8,TELEFONICA BRASIL S.A.
1008807289,100MG7W,NR,3450.0,3450.0,360.0,25.0,25.0,105.0,0.0,X,36.0,200.0,-16.709819,-49.241731,82270ae8039453e9,TELEFONICA BRASIL S.A.
1008807289,100MG7W,NR,3450.0,3450.0,110.0,25.0,25.0,105.0,0.0,X,36.0,200.0,-16.709819,-49.241731,82270ae8039453ea,TELEFONICA BRASIL S.A.
1008807289,100MG7W,NR,3450.0,3450.0,230.0,25.0,25.0,105.0,0.0,X,36.0,200.0,-16.709819,-49.241731,82270ae8039453eb,TELEFONICA BRASIL S.A.
1010098222,100MG7W,NR,3450.0,3450.0,15.0,25.0,25.0,105.0,7.0,X,51.0,200.0,-16.67944,-49.27833,82270ae8039453f2,TELEFONICA BRASIL S.A.
1010098222,100MG7W,NR,3450.0,3450.0,240.0,25.0,25.0,105.0,7.0,X,51.0,200.0,-16.67944,-49.27833,82270ae8039453f3,TELEFONICA BRASIL S.A.
1010098222,100MG7W,NR,3450.0,3450.0,115.0,25.0,25.0,105.0,7.0,X,51.0,200.0,-16.67944,-49.27833,82270ae8039453f4,TELEFONICA BRASIL S.A.
1011263693,100MG7W,NR,3450.0,3450.0,100.0,25.0,25.0,74.0,0.0,X,32.0,200.0,-16.65587,-49.22888,19aa0ae8004e78a9,TELEFONICA BRASIL S.A.
1011263693,100MG7W,NR,3450.0,3450.0,360.0,25.0,25.0,74.0,0.0,X,32.0,200.0,-16.65587,-49.22888,19aa0ae8004e78aa,TELEFONICA BRASIL S.A.
1011263693,100MG7W,NR,3450.0,3450.0,230.0,25.0,25.0,74.0,0.0,X,32.0,200.0,-16.65587,-49.22888,19aa0ae8004e78ab,TELEFONICA BRASIL S.A.
689255675,100MG7W,NR,3450.0,3450.0,360.0,25.0,25.0,74.0,0.0,X,40.0,200.0,-16.657589,-49.281894,19aa0ae8004e78d6,TELEFONICA BRASIL S.A.
689255675,100MG7W,NR,3450.0,3450.0,120.0,25.0,25.0,74.0,0.0,X,40.0,200.0,-16.657589,-49.281894,19aa0ae8004e78d7,TELEFONICA BRASIL S.A.
689255675,100MG7W,NR,3450.0,3450.0,240.0,25.0,25.0,74.0,0.0,X,40.0,200.0,-16.657589,-49.281894,19aa0ae8004e78d8,TELEFONICA BRASIL S.A.
523292457,100MG7W,NR,3450.0,3450.0,360.0,25.0,25.0,65.0,0.0,X,34.0,200.0,-16.64203,-49.30881,19aa0ae8004e78f1,TELEFONICA BRASIL S.A.
523292457,100MG7W,NR,3450.0,3450.0,65.0,25.0,25.0,65.0,0.0,X,34.0,200.0,-16.64203,-49.30881,19aa0ae8004e78f2,TELEFONICA BRASIL S.A.
523292457,100MG7W,NR,3450.0,3450.0,200.0,25.0,25.0,65.0,0.0,X,34.0,200.0,-16.64203,-49.30881,19aa0ae8004e78f3,TELEFONICA BRASIL S.A.
1015307652,100MG7W,NR,3450.0,3450.0,30.0,25.0,25.0,70.0,0.0,X,29.0,200.0,-16.7487,-49.37481,19aa0ae8004e78f7,TELEFONICA BRASIL S.A.
1015307652,100MG7W,NR,3450.0,3450.0,150.0,25.0,25.0,70.0,0.0,X,29.0,200.0,-16.7487,-49.37481,19aa0ae8004e78f8,TELEFONICA BRASIL S.A.
1015307652,100MG7W,NR,3450.0,3450.0,270.0,25.0,25.0,70.0,0.0,X,29.0,200.0,-16.7487,-49.37481,19aa0ae8004e78f9,TELEFONICA BRASIL S.A.
1015572208,100MG7W,NR,3450.0,3450.0,300.0,25.0,25.0,70.0,0.0,X,39.0,200.0,-16.715839,-49.295969,19aa0ae8004e78fd,TELEFONICA BRASIL S.A.
1015572208,100MG7W,NR,3450.0,3450.0,60.0,25.0,25.0,70.0,0.0,X,39.0,200.0,-16.715839,-49.295969,19aa0ae8004e78fe,TELEFONICA BRASIL S.A.
1015572208,100MG7W,NR,3450.0,3450.0,180.0,25.0,25.0,69.0,0.0,X,39.0,200.0,-16.715839,-49.295969,19aa0ae8004e78ff,TELEFONICA BRASIL S.A.
1004801731,100MG7W,NR,3450.0,3450.0,360.0,25.0,25.0,57.0,0.0,X,29.0,200.0,-16.719169,-49.303611,19aa0ae8004e7906,TELEFONICA BRASIL S.A.
1004801731,100MG7W,NR,3450.0,3450.0,120.0,25.0,25.0,57.0,0.0,X,29.0,200.0,-16.719169,-49.303611,19aa0ae8004e7907,TELEFONICA BRASIL S.A.
1004801731,100MG7W,NR,3450.0,3450.0,240.0,25.0,25.0,57.0,0.0,X,29.0,200.0,-16.719169,-49.303611,19aa0ae8004e7908,TELEFONICA BRASIL S.A.
1011149971,100MG7W,NR,3450.0,3450.0,120.0,25.0,25.0,57.0,0.0,X,14.0,200.0,-16.70269,-49.25886,dd2e0ae803d72925,TELEFONICA BRASIL S.A.
1011149971,100MG7W,NR,3450.0,3450.0,360.0,25.0,25.0,57.0,0.0,X,14.0,200.0,-16.70269,-49.25886,dd2e0ae803d72926,TELEFONICA BRASIL S.A.
1011149971,100MG7W,NR,3450.0,3450.0,240.0,25.0,25.0,57.0,0.0,X,14.0,200.0,-16.70269,-49.25886,dd2e0ae803d72927,TELEFONICA BRASIL S.A.
1011545893,100MG7W,NR,3450.0,3450.0,100.0,25.0,25.0,69.0,0.0,X,15.0,200.0,-16.71426,-49.20132,dd2e0ae803d7292e,TELEFONICA BRASIL S.A.
1011545893,100MG7W,NR,3450.0,3450.0,220.0,25.0,25.0,69.0,0.0,X,15.0,200.0,-16.71426,-49.20132,dd2e0ae803d7292f,TELEFONICA BRASIL S.A.
1011545893,100MG7W,NR,3450.0,3450.0,340.0,25.0,25.0,69.0,0.0,X,15.0,200.0,-16.71426,-49.20132,dd2e0ae803d72930,TELEFONICA BRASIL S.A.
1012166047,100MG7W,NR,3450.0,3450.0,140.0,25.0,25.0,58.0,0.0,X,45.0,200.0,-16.698181,-49.221139,dd2e0ae803d7293d,TELEFONICA BRASIL S.A.
1012166047,100MG7W,NR,3450.0,3450.0,260.0,25.0,25.0,58.0,0.0,X,45.0,200.0,-16.698181,-49.221139,dd2e0ae803d7293e,TELEFONICA BRASIL S.A.
1012166047,100MG7W,NR,3450.0,3450.0,350.0,25.0,25.0,58.0,0.0,X,45.0,200.0,-16.698181,-49.221139,dd2e0ae803d7293f,TELEFONICA BRASIL S.A.
1012595827,100MG7W,NR,3450.0,3450.0,70.0,25.0,25.0,67.0,0.0,X,22.0,200.0,-16.693786,-49.233133,dd2e0ae803d7294c,TELEFONICA BRASIL S.A.
1012595827,100MG7W,NR,3450.0,3450.0,190.0,25.0,25.0,67.0,0.0,X,22.0,200.0,-16.693786,-49.233133,dd2e0ae803d7294d,TELEFONICA BRASIL S.A.
1012595827,100MG7W,NR,3450.0,3450.0,310.0,25.0,25.0,67.0,0.0,X,22.0,200.0,-16.693786,-49.233133,dd2e0ae803d7294e,TELEFONICA BRASIL S.A.
1014768648,100MG7W,NR,3450.0,3450.0,360.0,25.0,25.0,58.0,0.0,X,30.0,200.0,-16.72735,-49.3097,dd2e0ae803d72964,TELEFONICA BRASIL S.A.
1014768648,100MG7W,NR,3450.0,3450.0,120.0,25.0,25.0,58.0,0.0,X,30.0,200.0,-16.72735,-49.3097,dd2e0ae803d72965,TELEFONICA BRASIL S.A.
1014768648,100MG7W,NR,3450.0,3450.0,230.0,25.0,25.0,58.0,0.0,X,30.0,200.0,-16.72735,-49.3097,dd2e0ae803d72966,TELEFONICA BRASIL S.A.
1015769842,100MG7W,NR,3450.0,3450.0,120.0,25.0,25.0,65.0,0.0,X,24.0,31.62,-16.624439,-49.2065,dd2e0ae803d7296a,TELEFONICA BRASIL S.A.
1015769842,100MG7W,NR,3450.0,3450.0,240.0,25.0,25.0,65.0,0.0,X,24.0,31.62,-16.624439,-49.2065,dd2e0ae803d7296b,TELEFONICA BRASIL S.A.
1015769842,100MG7W,NR,3450.0,3450.0,360.0,25.0,25.0,65.0,0.0,X,24.0,31.62,-16.624439,-49.2065,dd2e0ae803d7296c,TELEFONICA BRASIL S.A.
4740564,100MG7W,NR,3450.0,3450.0,20.0,25.0,25.0,58.0,0.0,X,41.0,200.0,-16.723481,-49.261503,dd2e0ae803d72970,TELEFONICA BRASIL S.A.
4740564,100MG7W,NR,3450.0,3450.0,120.0,25.0,25.0,58.0,0.0,X,41.0,200.0,-16.723481,-49.261503,dd2e0ae803d72971,TELEFONICA BRASIL S.A.
4740564,100MG7W,NR,3450.0,3450.0,250.0,25.0,25.0,58.0,0.0,X,41.0,200.0,-16.723481,-49.261503,dd2e0ae803d72972,TELEFONICA BRASIL S.A.
534282520,100MG7W,NR,3450.0,3450.0,50.0,25.0,25.0,65.0,0.0,X,31.0,200.0,-16.727978,-49.318114,59fb3ae8026f3df3,TELEFONICA BRASIL S.A.
534282520,100MG7W,NR,3450.0,3450.0,170.0,25.0,25.0,65.0,0.0,X,31.0,200.0,-16.727978,-49.318114,59fb3ae8026f3df4,TELEFONICA BRASIL S.A.
534282520,100MG7W,NR,3450.0,3450.0,290.0,25.0,25.0,65.0,0.0,X,31.0,200.0,-16.727978,-49.318114,59fb3ae8026f3df5,TELEFONICA BRASIL S.A.
697746895,100MG7W,NR,3450.0,3450.0,70.0,25.0,25.0,65.0,0.0,X,22.0,200.0,-16.61861,-49.35611,59fb3ae8026f3e23,TELEFONICA BRASIL S.A.
697746895,100MG7W,NR,3450.0,3450.0,180.0,25.0,25.0,65.0,0.0,X,22.0,200.0,-16.61861,-49.35611,59fb3ae8026f3e24,TELEFONICA BRASIL S.A.
697746895,100MG7W,NR,3450.0,3450.0,300.0,25.0,25.0,65.0,0.0,X,22.0,200.0,-16.61861,-49.35611,59fb3ae8026f3e25,TELEFONICA BRASIL S.A.
1001144950,100MG7W,NR,3450.0,3450.0,10.0,25.0,25.0,65.0,0.0,X,40.0,200.0,-16.574469,-49.2761,59fb3ae8026f3e41,TELEFONICA BRASIL S.A.
1001144950,100MG7W,NR,3450.0,3450.0,120.0,25.0,25.0,65.0,0.0,X,40.0,200.0,-16.574469,-49.2761,59fb3ae8026f3e42,TELEFONICA BRASIL S.A.
1001144950,100MG7W,NR,3450.0,3450.0,290.0,25.0,25.0,65.0,0.0,X,40.0,200.0,-16.574469,-49.2761,59fb3ae8026f3e43,TELEFONICA BRASIL S.A.
1004009450,100MG7W,NR,3450.0,3450.0,330.0,25.0,25.0,65.0,0.0,X,29.0,200.0,-16.7258,-49.337261,59fb3ae8026f3e47,TELEFONICA BRASIL S.A.
1004009450,100MG7W,NR,3450.0,3450.0,140.0,25.0,25.0,65.0,0.0,X,29.0,200.0,-16.7258,-49.337261,59fb3ae8026f3e48,TELEFONICA BRASIL S.A.
1004009450,100MG7W,NR,3450.0,3450.0,240.0,25.0,25.0,65.0,0.0,X,29.0,200.0,-16.7258,-49.337261,59fb3ae8026f3e49,TELEFONICA BRASIL S.A.
697390950,10M0G7W,NR,2160.0,1970.0,360.0,16.9,27.0,63.0,0.0,X,18.0,40.0,-16.73167,-49.36083,b7503af802b6ada4,TELEFONICA BRASIL S.A.
697390950,10M0G7W,NR,2160.0,1970.0,120.0,16.9,27.0,63.0,0.0,X,18.0,40.0,-16.73167,-49.36083,b7503af802b6ada5,TELEFONICA BRASIL S.A.
697390950,10M0G7W,NR,2160.0,1970.0,240.0,16.9,27.0,63.0,0.0,X,18.0,40.0,-16.73167,-49.36083,b7503af802b6ada6,TELEFONICA BRASIL S.A.
697746895,10M0G7W,NR,2160.0,1970.0,210.0,17.3,25.0,68.0,11.0,X,30.0,40.0,-16.61861,-49.35611,b7503af802b6adbf,TELEFONICA BRASIL S.A.
697746895,10M0G7W,NR,2160.0,1970.0,330.0,17.3,25.0,68.0,11.0,X,30.0,40.0,-16.61861,-49.35611,b7503af802b6adc0,TELEFONICA BRASIL S.A.
697746895,10M0G7W,NR,2160.0,1970.0,90.0,17.3,25.0,68.0,11.0,X,30.0,40.0,-16.61861,-49.35611,b7503af802b6adc1,TELEFONICA BRASIL S.A.
700058656,10M0G7W,NR,2160.0,1970.0,360.0,16.9,27.0,63.0,6.0,X,21.0,40.0,-16.66061,-49.24692,b7503af802b6add4,TELEFONICA BRASIL S.A.
700058656,10M0G7W,NR,2160.0,1970.0,120.0,16.9,27.0,63.0,6.0,X,21.0,40.0,-16.66061,-49.24692,b7503af802b6add5,TELEFONICA BRASIL S.A.
700058656,10M0G7W,NR,2160.0,1970.0,240.0,16.9,27.0,63.0,6.0,X,21.0,40.0,-16.66061,-49.24692,b7503af802b6add6,TELEFONICA BRASIL S.A.
1004847723,10M0G7W,NR,2160.0,1970.0,360.0,13.6,25.0,74.0,5.0,X,45.0,40.0,-16.665,-49.21139,b7503af802b6ade9,TELEFONICA BRASIL S.A.
1004847723,10M0G7W,NR,2160.0,1970.0,240.0,13.6,25.0,74.0,6.0,X,45.0,40.0,-16.665,-49.21139,b7503af802b6adea,TELEFONICA BRASIL S.A.
1004847723,10M0G7W,NR,2160.0,1970.0,120.0,13.6,25.0,74.0,4.0,X,45.0,40.0,-16.665,-49.21139,b7503af802b6adeb,TELEFONICA BRASIL S.A.
1005468165,10M0G7W,NR,2160.0,1970.0,80.0,13.5,25.0,63.0,8.0,X,40.0,40.0,-16.68389,-49.20611,b7503af802b6ae01,TELEFONICA BRASIL S.A.
1005468165,10M0G7W,NR,2160.0,1970.0,200.0,13.5,25.0,63.0,8.0,X,40.0,40.0,-16.68389,-49.20611,b7503af802b6ae02,TELEFONICA BRASIL S.A.
1005468165,10M0G7W,NR,2160.0,1970.0,320.0,13.5,25.0,63.0,8.0,X,40.0,40.0,-16.68389,-49.20611,b7503af802b6ae03,TELEFONICA BRASIL S.A.
1009547426,10M0G7W,NR,2160.0,1970.0,360.0,17.5,30.0,57.0,0.0,X,82.0,40.0,-16.704717,-49.233086,b7503af802b6ae1f,TELEFONICA BRASIL S.A.
1009547426,10M0G7W,NR,2160.0,1970.0,90.0,17.5,30.0,57.0,0.0,X,82.0,40.0,-16.704717,-49.233086,b7503af802b6ae20,TELEFONICA BRASIL S.A.
1009547426,10M0G7W,NR,2160.0,1970.0,240.0,17.5,30.0,57.0,0.0,X,82.0,40.0,-16.704717,-49.233086,b7503af802b6ae21,TELEFONICA BRASIL S.A.
1009547426,5M00G7W,NR,2167.5,1977.5,360.0,17.5,30.0,57.0,0.0,X,82.0,40.0,-16.704717,-49.233086,b7503af802b6ae22,TELEFONICA BRASIL S.A.
1009547426,5M00G7W,NR,2167.5,1977.5,90.0,17.5,30.0,57.0,0.0,X,82.0,40.0,-16.704717,-49.233086,b7503af802b6ae23,TELEFONICA BRASIL S.A.
1009547426,5M00G7W,NR,2167.5,1977.5,240.0,17.5,30.0,57.0,0.0,X,82.0,40.0,-16.704717,-49.233086,b7503af802b6ae24,TELEFONICA BRASIL S.A.
1011150015,10M0G7W,NR,2160.0,1970.0,360.0,14.0,21.0,66.0,2.0,X,48.0,40.0,-16.679778,-49.267833,b7503af802b6ae37,TELEFONICA BRASIL S.A.
1011150015,10M0G7W,NR,2160.0,1970.0,120.0,14.0,21.0,66.0,2.0,X,48.0,40.0,-16.679778,-49.267833,b7503af802b6ae38,TELEFONICA BRASIL S.A.
1011150015,10M0G7W,NR,2160.0,1970.0,240.0,14.0,21.0,66.0,2.0,X,48.0,40.0,-16.679778,-49.267833,b7503af802b6ae39,TELEFONICA BRASIL S.A.
1011150015,5M00G7W,NR,2167.5,1977.5,360.0,14.0,21.0,66.0,2.0,X,48.0,40.0,-16.679778,-49.267833,b7503af802b6ae3a,TELEFONICA BRASIL S.A.
1011150015,5M00G7W,NR,2167.5,1977.5,120.0,14.0,21.0,66.0,2.0,X,48.0,40.0,-16.679778,-49.267833,b7503af802b6ae3b,TELEFONICA BRASIL S.A.
1011150015,5M00G7W,NR,2167.5,1977.5,240.0,14.0,21.0,66.0,2.0,X,48.0,40.0,-16.679778,-49.267833,b7503af802b6ae3c,TELEFONICA BRASIL S.A.
1011787331,10M0G7W,NR,2160.0,1970.0,40.0,13.8,24.0,63.0,3.0,X,67.0,40.0,-16.689889,-49.264472,b7503af802b6ae4c,TELEFONICA BRASIL S.A.
1011787331,10M0G7W,NR,2160.0,1970.0,160.0,13.8,24.0,63.0,3.0,X,67.0,40.0,-16.689889,-49.264472,b7503af802b6ae4d,TELEFONICA BRASIL S.A.
1011787331,10M0G7W,NR,2160.0,1970.0,280.0,13.8,24.0,63.0,3.0,X,67.0,40.0,-16.689889,-49.264472,b7503af802b6ae4e,TELEFONICA BRASIL S.A.
1011787331,5M00G7W,NR,2167.5,1977.5,40.0,13.8,24.0,63.0,3.0,X,67.0,40.0,-16.689889,-49.264472,b7503af802b6ae4f,TELEFONICA BRASIL S.A.
1011787331,5M00G7W,NR,2167.5,1977.5,160.0,13.8,24.0,63.0,3.0,X,67.0,40.0,-16.689889,-49.264472,b7503af802b6ae50,TELEFONICA BRASIL S.A.
1011787331,5M00G7W,NR,2167.5,1977.5,280.0,13.8,24.0,63.0,3.0,X,67.0,40.0,-16.689889,-49.264472,b7503af802b6ae51,TELEFONICA BRASIL S.A.
1012337950,10M0G7W,NR,2160.0,1970.0,360.0,17.3,25.0,68.0,0.0,X,30.0,40.0,-16.678556,-49.23275,b7503af802b6ae58,TELEFONICA BRASIL S.A.
1012337950,10M0G7W,NR,2160.0,1970.0,190.0,17.3,25.0,68.0,0.0,X,30.0,40.0,-16.678556,-49.23275,b7503af802b6ae59,TELEFONICA BRASIL S.A.
1012337950,10M0G7W,NR,2160.0,1970.0,280.0,17.3,25.0,68.0,0.0,X,30.0,40.0,-16.678556,-49.23275,b7503af802b6ae5a,TELEFONICA BRASIL S.A.
1015933340,10M0G7W,NR,2160.0,1970.0,180.0,16.9,27.0,63.0,0.0,X,32.0,40.0,-16.69585,-49.25232,b7503af802b6ae5e,TELEFONICA BRASIL S.A.
1015933340,10M0G7W,NR,2160.0,1970.0,360.0,16.9,27.0,63.0,0.0,X,32.0,40.0,-16.69585,-49.25232,b7503af802b6ae5f,TELEFONICA BRASIL S.A.
1015933340,10M0G7W,NR,2160.0,1970.0,270.0,16.9,27.0,63.0,0.0,X,32.0,40.0,-16.69585,-49.25232,b7503af802b6ae60,TELEFONICA BRASIL S.A.
536431515,10M0G7W,NR,2160.0,1970.0,360.0,17.1,27.0,69.0,1.0,X,32.0,40.0,-16.697936,-49.353342,b7503af802b6ae76,TELEFONICA BRASIL S.A.
536431515,10M0G7W,NR,2160.0,1970.0,100.0,17.1,27.0,69.0,1.0,X,32.0,40.0,-16.697936,-49.353342,b7503af802b6ae77,TELEFONICA BRASIL S.A.
536431515,10M0G7W,NR,2160.0,1970.0,240.0,17.1,27.0,69.0,0.0,X,32.0,40.0,-16.697936,-49.353342,b7503af802b6ae78,TELEFONICA BRASIL S.A.
536431515,5M00G7W,NR,2167.5,1977.5,360.0,17.1,27.0,69.0,1.0,X,32.0,40.0,-16.697936,-49.353342,b7503af802b6ae79,TELEFONICA BRASIL S.A.
536431515,5M00G7W,NR,2167.5,1977.5,100.0,17.1,27.0,69.0,1.0,X,32.0,40.0,-16.697936,-49.353342,b7503af802b6ae7a,TELEFONICA BRASIL S.A.
536431515,5M00G7W,NR,2167.5,1977.5,240.0,17.1,27.0,69.0,0.0,X,32.0,40.0,-16.697936,-49.353342,b7503af802b6ae7b,TELEFONICA BRASIL S.A.
1015933219,10M0G7W,NR,2160.0,1970.0,160.0,17.5,25.0,65.0,0.0,X,30.0,40.0,-16.66594,-49.26881,b7503af802b6ae82,TELEFONICA BRASIL S.A.
1015933219,10M0G7W,NR,2160.0,1970.0,280.0,17.5,25.0,65.0,0.0,X,30.0,40.0,-16.66594,-49.26881,b7503af802b6ae83,TELEFONICA BRASIL S.A.
1015933219,10M0G7W,NR,2160.0,1970.0,40.0,17.5,25.0,65.0,0.0,X,30.0,40.0,-16.66594,-49.26881,b7503af802b6ae84,TELEFONICA BRASIL S.A.
1006218391,10M0G7W,NR,2160.0,1970.0,360.0,16.0,25.0,67.0,6.0,X,62.0,40.0,-16.71444,-49.25917,b7503af802b6ae94,TELEFONICA BRASIL S.A.
1006218391,10M0G7W,NR,2160.0,1970.0,120.0,16.0,25.0,67.0,6.0,X,62.0,40.0,-16.71444,-49.25917,b7503af802b6ae95,TELEFONICA BRASIL S.A.
1006218391,10M0G7W,NR,2160.0,1970.0,240.0,16.0,25.0,67.0,6.0,X,62.0,40.0,-16.71444,-49.25917,b7503af802b6ae96,TELEFONICA BRASIL S.A.
1004010394,100MG7W,NR,3450.0,3450.0,20.0,25.0,25.0,105.0,0.0,X,30.0,200.0,-16.734825,-49.308467,29e16ae802be452f,TELEFONICA BRASIL S.A.
1004010394,100MG7W,NR,3450.0,3450.0,100.0,25.0,25.0,105.0,0.0,X,30.0,200.0,-16.734825,-49.308467,29e16ae802be4530,TELEFONICA BRASIL S.A.
1004010394,100MG7W,NR,3450.0,3450.0,240.0,25.0,25.0,105.0,0.0,X,30.0,200.0,-16.734825,-49.308467,29e16ae802be4531,TELEFONICA BRASIL S.A.
1004010971,100MG7W,NR,3450.0,3450.0,300.0,25.0,25.0,105.0,1.0,X,30.0,200.0,-16.727161,-49.213253,29e16ae802be4532,TELEFONICA BRASIL S.A.
1004010971,100MG7W,NR,3450.0,3450.0,30.0,25.0,25.0,105.0,1.0,X,30.0,200.0,-16.727161,-49.213253,29e16ae802be4533,TELEFONICA BRASIL S.A.
1004010971,100MG7W,NR,3450.0,3450.0,180.0,25.0,25.0,105.0,0.0,X,30.0,200.0,-16.727161,-49.213253,29e16ae802be4534,TELEFONICA BRASIL S.A.
1004847723,100MG7W,NR,3450.0,3450.0,280.0,25.0,25.0,105.0,6.0,X,45.0,200.0,-16.665,-49.21139,29e16ae802be4535,TELEFONICA BRASIL S.A.
1004847723,100MG7W,NR,3450.0,3450.0,245.0,25.0,25.0,105.0,5.0,X,45.0,200.0,-16.665,-49.21139,29e16ae802be4536,TELEFONICA BRASIL S.A.
1004847723,100MG7W,NR,3450.0,3450.0,190.0,25.0,25.0,105.0,4.0,X,45.0,200.0,-16.665,-49.21139,29e16ae802be4537,TELEFONICA BRASIL S.A.
1005468165,100MG7W,NR,3450.0,3450.0,300.0,25.0,25.0,105.0,4.0,X,34.0,200.0,-16.68389,-49.20611,29e16ae802be4541,TELEFONICA BRASIL S.A.
1005468165,100MG7W,NR,3450.0,3450.0,210.0,25.0,25.0,105.0,4.0,X,34.0,200.0,-16.68389,-49.20611,29e16ae802be4542,TELEFONICA BRASIL S.A.
1005468165,100MG7W,NR,3450.0,3450.0,90.0,25.0,25.0,105.0,4.0,X,34.0,200.0,-16.68389,-49.20611,29e16ae802be4543,TELEFONICA BRASIL S.A.
1016098674,100MG7W,NR,3450.0,3450.0,360.0,25.0,25.0,68.0,0.0,X,32.0,200.0,-16.69585,-49.25232,29e16ae802c4ead4,TELEFONICA BRASIL S.A.
1016098674,100MG7W,NR,3450.0,3450.0,180.0,25.0,25.0,68.0,0.0,X,30.0,200.0,-16.69585,-49.25232,29e16ae802c4ead8,TELEFONICA BRASIL S.A.
1016098674,100MG7W,NR,3450.0,3450.0,270.0,25.0,25.0,68.0,0.0,X,30.0,200.0,-16.69585,-49.25232,29e16ae802c4eadc,TELEFONICA BRASIL S.A.
1008614871,10M0G7W,NR,2160.0,1970.0,360.0,17.5,25.0,65.0,7.0,X,24.0,40.0,-16.63026,-49.23548,b7503af802bec8c7,TELEFONICA BRASIL S.A.
1008614871,10M0G7W,NR,2160.0,1970.0,120.0,17.5,25.0,65.0,7.0,X,24.0,40.0,-16.63026,-49.23548,b7503af802bec8c8,TELEFONICA BRASIL S.A.
1008614871,10M0G7W,NR,2160.0,1970.0,240.0,17.5,25.0,65.0,7.0,X,24.0,40.0,-16.63026,-49.23548,b7503af802bec8c9,TELEFONICA BRASIL S.A.
1015769842,10M0G7W,NR,2160.0,1970.0,120.0,17.5,25.0,65.0,0.0,X,24.0,40.0,-16.624439,-49.2065,b7503af802bec8e5,TELEFONICA BRASIL S.A.
1015769842,10M0G7W,NR,2160.0,1970.0,240.0,17.5,25.0,65.0,0.0,X,24.0,40.0,-16.624439,-49.2065,b7503af802bec8e6,TELEFONICA BRASIL S.A.
1015769842,10M0G7W,NR,2160.0,1970.0,360.0,17.5,25.0,65.0,0.0,X,24.0,40.0,-16.624439,-49.2065,b7503af802bec8e7,TELEFONICA BRASIL S.A.
1008614790,100MG7W,NR,3450.0,3450.0,35.0,16.8,23.8,65.0,-4.0,X,45.0,200.0,-16.7371,-49.2176,07b43af8023d1ced,TELEFONICA BRASIL S.A.
1008614790,100MG7W,NR,3450.0,3450.0,155.0,16.8,23.8,65.0,-4.0,X,45.0,200.0,-16.7371,-49.2176,07b43af8023d1cee,TELEFONICA BRASIL S.A.
1008614790,100MG7W,NR,3450.0,3450.0,270.0,16.8,23.8,65.0,-4.0,X,45.0,200.0,-16.7371,-49.2176,07b43af8023d1cef,TELEFONICA BRASIL S.A.
696960001,100MG7W,NR,3450.0,3450.0,0.0,16.8,23.8,65.0,0.0,X,28.8,200.0,-16.640556,-49.325833,07b43af8023d1cf9,TELEFONICA BRASIL S.A.
696960001,100MG7W,NR,3450.0,3450.0,110.0,16.8,23.8,65.0,0.0,X,28.8,200.0,-16.640556,-49.325833,07b43af8023d1cfb,TELEFONICA BRASIL S.A.
696960001,100MG7W,NR,3450.0,3450.0,220.0,16.8,23.8,65.0,0.0,X,28.8,200.0,-16.640556,-49.325833,07b43af8023d1cfd,TELEFONICA BRASIL S.A.
691366624,100MG7W,NR,3450.0,3450.0,10.0,25.0,23.0,60.0,-4.0,X,25.0,200.0,-16.684722,-49.273056,07b43af8023d1cff,TELEFONICA BRASIL S.A.
691366624,100MG7W,NR,3450.0,3450.0,130.0,25.0,23.0,60.0,0.0,X,25.0,200.0,-16.684722,-49.273056,07b43af8023d1d00,TELEFONICA BRASIL S.A.
691366624,100MG7W,NR,3450.0,3450.0,270.0,25.0,23.0,60.0,-3.0,X,25.0,200.0,-16.684722,-49.273056,07b43af8023d1d01,TELEFONICA BRASIL S.A.
699854300,100MG7W,NR,3450.0,3450.0,40.0,16.8,23.8,65.0,0.0,X,39.0,200.0,-16.685433,-49.394989,07b43af8023d1d08,TELEFONICA BRASIL S.A.
699854300,100MG7W,NR,3450.0,3450.0,120.0,16.8,23.8,65.0,0.0,X,39.0,200.0,-16.685433,-49.394989,07b43af8023d1d09,TELEFONICA BRASIL S.A.
699854300,100MG7W,NR,3450.0,3450.0,240.0,16.8,23.8,65.0,0.0,X,39.0,200.0,-16.685433,-49.394989,07b43af8023d1d0a,TELEFONICA BRASIL S.A.
5129010,10M0G7W,NR,2160.0,1970.0,360.0,17.5,25.0,65.0,3.0,X,26.0,40.0,-16.680825,-49.250625,d2ef3af803cf8cc8,TELEFONICA BRASIL S.A.
5129010,10M0G7W,NR,2160.0,1970.0,90.0,17.5,25.0,65.0,0.0,X,26.0,40.0,-16.680825,-49.250625,d2ef3af803cf8cc9,TELEFONICA BRASIL S.A.
5129010,10M0G7W,NR,2160.0,1970.0,180.0,17.5,25.0,65.0,3.0,X,26.0,40.0,-16.680825,-49.250625,d2ef3af803cf8cca,TELEFONICA BRASIL S.A.
5129010,5M00G7W,NR,2167.5,1977.5,360.0,17.5,25.0,65.0,3.0,X,26.0,40.0,-16.680825,-49.250625,d2ef3af803cf8ccb,TELEFONICA BRASIL S.A.
5129010,5M00G7W,NR,2167.5,1977.5,90.0,17.5,25.0,65.0,0.0,X,26.0,40.0,-16.680825,-49.250625,d2ef3af803cf8ccc,TELEFONICA BRASIL S.A.
5129010,5M00G7W,NR,2167.5,1977.5,180.0,17.5,25.0,65.0,3.0,X,26.0,40.0,-16.680825,-49.250625,d2ef3af803cf8ccd,TELEFONICA BRASIL S.A.
641227930,10M0G7W,NR,2160.0,1970.0,270.0,17.5,25.0,65.0,0.0,X,19.0,40.0,-16.714556,-49.273528,d2ef3af803cf8cce,TELEFONICA BRASIL S.A.
641227930,10M0G7W,NR,2160.0,1970.0,70.0,17.5,25.0,65.0,0.0,X,19.0,40.0,-16.714556,-49.273528,d2ef3af803cf8ccf,TELEFONICA BRASIL S.A.
641227930,5M00G7W,NR,2167.5,1977.5,270.0,17.5,25.0,65.0,0.0,X,19.0,40.0,-16.714556,-49.273528,d2ef3af803cf8cd0,TELEFONICA BRASIL S.A.
641227930,5M00G7W,NR,2167.5,1977.5,70.0,17.5,25.0,65.0,0.0,X,19.0,40.0,-16.714556,-49.273528,d2ef3af803cf8cd1,TELEFONICA BRASIL S.A.
691370281,10M0G7W,NR,2160.0,1970.0,360.0,18.0,25.0,71.48,1.0,X,40.0,40.0,-16.757111,-49.347611,d2ef3af803cf8cd2,TELEFONICA BRASIL S.A.
691370281,10M0G7W,NR,2160.0,1970.0,120.0,18.0,25.0,71.48,1.0,X,40.0,40.0,-16.757111,-49.347611,d2ef3af803cf8cd3,TELEFONICA BRASIL S.A.
691370281,10M0G7W,NR,2160.0,1970.0,240.0,18.0,25.0,71.48,1.0,X,40.0,40.0,-16.757111,-49.347611,d2ef3af803cf8cd4,TELEFONICA BRASIL S.A.
691370281,5M00G7W,NR,2167.5,1977.5,360.0,18.0,25.0,71.48,1.0,X,40.0,40.0,-16.757111,-49.347611,d2ef3af803cf8cd5,TELEFONICA BRASIL S.A.
691370281,5M00G7W,NR,2167.5,1977.5,120.0,18.0,25.0,71.48,1.0,X,40.0,40.0,-16.757111,-49.347611,d2ef3af803cf8cd6,TELEFONICA BRASIL S.A.
691370281,5M00G7W,NR,2167.5,1977.5,240.0,18.0,25.0,71.48,1.0,X,40.0,40.0,-16.757111,-49.347611,d2ef3af803cf8cd7,TELEFONICA BRASIL S.A.
692988971,10M0G7W,NR,2160.0,1970.0,350.0,17.5,30.0,57.0,0.0,X,39.0,40.0,-16.685461,-49.259578,d2ef3af803cf8cd8,TELEFONICA BRASIL S.A.
692988971,10M0G7W,NR,2160.0,1970.0,85.0,17.5,30.0,57.0,0.0,X,39.0,40.0,-16.685461,-49.259578,d2ef3af803cf8cd9,TELEFONICA BRASIL S.A.
692988971,10M0G7W,NR,2160.0,1970.0,250.0,17.5,30.0,57.0,0.0,X,39.0,40.0,-16.685461,-49.259578,d2ef3af803cf8cda,TELEFONICA BRASIL S.A.
692988971,5M00G7W,NR,2167.5,1977.5,350.0,17.5,30.0,57.0,0.0,X,39.0,40.0,-16.685461,-49.259578,d2ef3af803cf8cdb,TELEFONICA BRASIL S.A.
692988971,5M00G7W,NR,2167.5,1977.5,85.0,17.5,30.0,57.0,0.0,X,39.0,40.0,-16.685461,-49.259578,d2ef3af803cf8cdc,TELEFONICA BRASIL S.A.
692988971,5M00G7W,NR,2167.5,1977.5,250.0,17.5,30.0,57.0,0.0,X,39.0,40.0,-16.685461,-49.259578,d2ef3af803cf8cdd,TELEFONICA BRASIL S.A.
699114209,10M0G7W,NR,2160.0,1970.0,340.0,17.5,30.0,57.0,2.0,X,20.0,40.0,-16.708,-49.280444,d2ef3af803cf8cde,TELEFONICA BRASIL S.A.
699114209,10M0G7W,NR,2160.0,1970.0,110.0,17.5,30.0,57.0,0.0,X,20.0,40.0,-16.708,-49.280444,d2ef3af803cf8cdf,TELEFONICA BRASIL S.A.
699114209,10M0G7W,NR,2160.0,1970.0,215.0,17.5,30.0,57.0,1.0,X,20.0,40.0,-16.708,-49.280444,d2ef3af803cf8ce0,TELEFONICA BRASIL S.A.
699114209,5M00G7W,NR,2167.5,1977.5,340.0,17.5,30.0,57.0,2.0,X,20.0,40.0,-16.708,-49.280444,d2ef3af803cf8ce1,TELEFONICA BRASIL S.A.
699114209,5M00G7W,NR,2167.5,1977.5,110.0,17.5,30.0,57.0,0.0,X,20.0,40.0,-16.708,-49.280444,d2ef3af803cf8ce2,TELEFONICA BRASIL S.A.
699114209,5M00G7W,NR,2167.5,1977.5,215.0,17.5,30.0,57.0,1.0,X,20.0,40.0,-16.708,-49.280444,d2ef3af803cf8ce3,TELEFONICA BRASIL S.A.
1001213308,10M0G7W,NR,2160.0,1970.0,350.0,17.5,30.0,57.0,0.0,X,33.0,40.0,-16.698167,-49.257611,d2ef3af803cf8ce4,TELEFONICA BRASIL S.A.
1001213308,10M0G7W,NR,2160.0,1970.0,100.0,17.5,30.0,57.0,0.0,X,33.0,40.0,-16.698167,-49.257611,d2ef3af803cf8ce5,TELEFONICA BRASIL S.A.
1001213308,10M0G7W,NR,2160.0,1970.0,240.0,17.5,30.0,57.0,0.0,X,33.0,40.0,-16.698167,-49.257611,d2ef3af803cf8ce6,TELEFONICA BRASIL S.A.
1001213308,5M00G7W,NR,2167.5,1977.5,350.0,17.5,30.0,57.0,0.0,X,33.0,40.0,-16.698167,-49.257611,d2ef3af803cf8ce7,TELEFONICA BRASIL S.A.
1001213308,5M00G7W,NR,2167.5,1977.5,100.0,17.5,30.0,57.0,0.0,X,33.0,40.0,-16.698167,-49.257611,d2ef3af803cf8ce8,TELEFONICA BRASIL S.A.
1001213308,5M00G7W,NR,2167.5,1977.5,240.0,17.5,30.0,57.0,0.0,X,33.0,40.0,-16.698167,-49.257611,d2ef3af803cf8ce9,TELEFONICA BRASIL S.A.
1001817548,10M0G7W,NR,2160.0,1970.0,360.0,17.5,30.0,57.0,0.0,X,72.0,40.0,-16.686944,-49.264028,d2ef3af803cf8cea,TELEFONICA BRASIL S.A.
1001817548,10M0G7W,NR,2160.0,1970.0,100.0,17.5,30.0,57.0,0.0,X,72.0,40.0,-16.686944,-49.264028,d2ef3af803cf8ceb,TELEFONICA BRASIL S.A.
1001817548,10M0G7W,NR,2160.0,1970.0,270.0,17.5,30.0,57.0,0.0,X,72.0,40.0,-16.686944,-49.264028,d2ef3af803cf8cec,TELEFONICA BRASIL S.A.
1001817548,5M00G7W,NR,2167.5,1977.5,360.0,17.5,30.0,57.0,0.0,X,72.0,40.0,-16.686944,-49.264028,d2ef3af803cf8ced,TELEFONICA BRASIL S.A.
1001817548,5M00G7W,NR,2167.5,1977.5,100.0,17.5,30.0,57.0,0.0,X,72.0,40.0,-16.686944,-49.264028,d2ef3af803cf8cee,TELEFONICA BRASIL S.A.
1001817548,5M00G7W,NR,2167.5,1977.5,270.0,17.5,30.0,57.0,0.0,X,72.0,40.0,-16.686944,-49.264028,d2ef3af803cf8cef,TELEFONICA BRASIL S.A.
1004847740,10M0G7W,NR,2160.0,1970.0,360.0,14.0,21.0,66.0,0.0,X,32.0,40.0,-16.665214,-49.328392,d2ef3af803cf8cf0,TELEFONICA BRASIL S.A.
1004847740,10M0G7W,NR,2160.0,1970.0,120.0,14.0,21.0,66.0,0.0,X,32.0,40.0,-16.665214,-49.328392,d2ef3af803cf8cf1,TELEFONICA BRASIL S.A.
1004847740,10M0G7W,NR,2160.0,1970.0,240.0,14.0,21.0,66.0,0.0,X,32.0,40.0,-16.665214,-49.328392,d2ef3af803cf8cf2,TELEFONICA BRASIL S.A.
1004847740,5M00G7W,NR,2167.5,1977.5,360.0,14.0,21.0,66.0,0.0,X,32.0,40.0,-16.665214,-49.328392,d2ef3af803cf8cf3,TELEFONICA BRASIL S.A.
1004847740,5M00G7W,NR,2167.5,1977.5,120.0,14.0,21.0,66.0,0.0,X,32.0,40.0,-16.665214,-49.328392,d2ef3af803cf8cf4,TELEFONICA BRASIL S.A.
1004847740,5M00G7W,NR,2167.5,1977.5,240.0,14.0,21.0,66.0,0.0,X,32.0,40.0,-16.665214,-49.328392,d2ef3af803cf8cf5,TELEFONICA BRASIL S.A.
1005468173,5M00G9W,NR,2160.0,1970.0,20.0,17.2,30.0,60.0,6.0,X,30.0,40.0,-16.72,-49.28028,d2ef3af803cf8cf6,TELEFONICA BRASIL S.A.
1005468173,5M00G9W,NR,2160.0,1970.0,140.0,17.2,30.0,60.0,6.0,X,30.0,40.0,-16.72,-49.28028,d2ef3af803cf8cf7,TELEFONICA BRASIL S.A.
1005468173,5M00G9W,NR,2160.0,1970.0,260.0,17.2,30.0,60.0,6.0,X,30.0,40.0,-16.72,-49.28028,d2ef3af803cf8cf8,TELEFONICA BRASIL S.A.
1005906626,10M0G7W,NR,2160.0,1970.0,330.0,14.0,21.0,66.0,0.0,X,33.0,40.0,-16.70917,-49.29028,d2ef3af803cf8cf9,TELEFONICA BRASIL S.A.
1005906626,10M0G7W,NR,2160.0,1970.0,120.0,14.0,21.0,66.0,0.0,X,33.0,40.0,-16.70917,-49.29028,d2ef3af803cf8cfa,TELEFONICA BRASIL S.A.
1005906626,10M0G7W,NR,2160.0,1970.0,220.0,14.0,21.0,66.0,0.0,X,33.0,40.0,-16.70917,-49.29028,d2ef3af803cf8cfb,TELEFONICA BRASIL S.A.
1005906626,5M00G7W,NR,2167.5,1977.5,330.0,14.0,21.0,66.0,0.0,X,33.0,40.0,-16.70917,-49.29028,d2ef3af803cf8cfc,TELEFONICA BRASIL S.A.
1005906626,5M00G7W,NR,2167.5,1977.5,120.0,14.0,21.0,66.0,0.0,X,33.0,40.0,-16.70917,-49.29028,d2ef3af803cf8cfd,TELEFONICA BRASIL S.A.
1005906626,5M00G7W,NR,2167.5,1977.5,220.0,14.0,21.0,66.0,0.0,X,33.0,40.0,-16.70917,-49.29028,d2ef3af803cf8cfe,TELEFONICA BRASIL S.A.
1008040557,10M0G7W,NR,2160.0,1970.0,205.0,16.9,27.0,63.0,0.0,X,31.0,40.0,-16.68531,-49.29775,d2ef3af803cf8cff,TELEFONICA BRASIL S.A.
1008040557,10M0G7W,NR,2160.0,1970.0,120.0,16.9,27.0,63.0,0.0,X,31.0,40.0,-16.68531,-49.29775,d2ef3af803cf8d00,TELEFONICA BRASIL S.A.
1008040557,10M0G7W,NR,2160.0,1970.0,240.0,16.9,27.0,63.0,0.0,X,31.0,40.0,-16.68531,-49.29775,d2ef3af803cf8d01,TELEFONICA BRASIL S.A.
1008807114,10M0G7W,NR,2160.0,1970.0,50.0,17.5,25.0,65.0,0.0,X,28.0,40.0,-16.6945,-49.272361,d2ef3af803cf8d02,TELEFONICA BRASIL S.A.
1008807114,10M0G7W,NR,2160.0,1970.0,170.0,17.5,25.0,65.0,0.0,X,28.0,40.0,-16.6945,-49.272361,d2ef3af803cf8d03,TELEFONICA BRASIL S.A.
1008807114,10M0G7W,NR,2160.0,1970.0,270.0,17.5,25.0,65.0,0.0,X,28.0,40.0,-16.6945,-49.272361,d2ef3af803cf8d04,TELEFONICA BRASIL S.A.
1008807114,5M00G7W,NR,2167.5,1977.5,50.0,17.5,25.0,65.0,0.0,X,28.0,40.0,-16.6945,-49.272361,d2ef3af803cf8d05,TELEFONICA BRASIL S.A.
1008807114,5M00G7W,NR,2167.5,1977.5,170.0,17.5,25.0,65.0,0.0,X,28.0,40.0,-16.6945,-49.272361,d2ef3af803cf8d06,TELEFONICA BRASIL S.A.
1008807114,5M00G7W,NR,2167.5,1977.5,270.0,17.5,25.0,65.0,0.0,X,28.0,40.0,-16.6945,-49.272361,d2ef3af803cf8d07,TELEFONICA BRASIL S.A.
1009261263,10M0G7W,NR,2160.0,1970.0,320.0,17.3,25.0,68.0,3.0,X,25.0,40.0,-16.66556,-49.28889,d2ef3af803cf8d08,TELEFONICA BRASIL S.A.
1009261263,10M0G7W,NR,2160.0,1970.0,80.0,17.3,25.0,68.0,3.0,X,25.0,40.0,-16.66556,-49.28889,d2ef3af803cf8d09,TELEFONICA BRASIL S.A.
1009261263,10M0G7W,NR,2160.0,1970.0,220.0,17.3,25.0,68.0,3.0,X,25.0,40.0,-16.66556,-49.28889,d2ef3af803cf8d0a,TELEFONICA BRASIL S.A.
1009261328,10M0G7W,NR,2160.0,1970.0,90.0,17.5,30.0,57.0,0.0,X,48.0,40.0,-16.710481,-49.264711,d2ef3af803cf8d0b,TELEFONICA BRASIL S.A.
1009261328,10M0G7W,NR,2160.0,1970.0,210.0,17.5,30.0,57.0,0.0,X,48.0,40.0,-16.710481,-49.264711,d2ef3af803cf8d0c,TELEFONICA BRASIL S.A.
1009261328,10M0G7W,NR,2160.0,1970.0,330.0,17.5,30.0,57.0,0.0,X,48.0,40.0,-16.710481,-49.264711,d2ef3af803cf8d0d,TELEFONICA BRASIL S.A.
1009261328,5M00G7W,NR,2167.5,1977.5,90.0,17.5,30.0,57.0,0.0,X,48.0,40.0,-16.710481,-49.264711,d2ef3af803cf8d0e,TELEFONICA BRASIL S.A.
1009261328,5M00G7W,NR,2167.5,1977.5,210.0,17.5,30.0,57.0,0.0,X,48.0,40.0,-16.710481,-49.264711,d2ef3af803cf8d0f,TELEFONICA BRASIL S.A.
1009261328,5M00G7W,NR,2167.5,1977.5,330.0,17.5,30.0,57.0,0.0,X,48.0,40.0,-16.710481,-49.264711,d2ef3af803cf8d10,TELEFONICA BRASIL S.A.
1010098290,10M0G7W,NR,2160.0,1970.0,10.0,17.5,30.0,57.0,0.0,X,37.0,40.0,-16.701583,-49.267583,d2ef3af803cf8d11,TELEFONICA BRASIL S.A.
1010098290,10M0G7W,NR,2160.0,1970.0,110.0,17.5,30.0,57.0,1.0,X,37.0,40.0,-16.701583,-49.267583,d2ef3af803cf8d12,TELEFONICA BRASIL S.A.
1010098290,10M0G7W,NR,2160.0,1970.0,245.0,17.5,30.0,57.0,0.0,X,37.0,40.0,-16.701583,-49.267583,d2ef3af803cf8d13,TELEFONICA BRASIL S.A.
1010098290,5M00G7W,NR,2167.5,1977.5,10.0,17.5,30.0,57.0,0.0,X,37.0,40.0,-16.701583,-49.267583,d2ef3af803cf8d14,TELEFONICA BRASIL S.A.
1010098290,5M00G7W,NR,2167.5,1977.5,110.0,17.5,30.0,57.0,1.0,X,37.0,40.0,-16.701583,-49.267583,d2ef3af803cf8d15,TELEFONICA BRASIL S.A.
1010098290,5M00G7W,NR,2167.5,1977.5,245.0,17.5,30.0,57.0,0.0,X,37.0,40.0,-16.701583,-49.267583,d2ef3af803cf8d16,TELEFONICA BRASIL S.A.
1011150031,10M0G7W,NR,2160.0,1970.0,50.0,17.5,30.0,57.0,0.0,X,30.0,40.0,-16.676843,-49.247504,d2ef3af803cf8d17,TELEFONICA BRASIL S.A.
1011150031,10M0G7W,NR,2160.0,1970.0,170.0,17.5,30.0,57.0,0.0,X,30.0,40.0,-16.676843,-49.247504,d2ef3af803cf8d18,TELEFONICA BRASIL S.A.
1011150031,10M0G7W,NR,2160.0,1970.0,290.0,17.5,30.0,57.0,0.0,X,30.0,40.0,-16.676843,-49.247504,d2ef3af803cf8d19,TELEFONICA BRASIL S.A.
1011150031,5M00G7W,NR,2167.5,1977.5,50.0,17.5,30.0,57.0,0.0,X,30.0,40.0,-16.676843,-49.247504,d2ef3af803cf8d1a,TELEFONICA BRASIL S.A.
1011150031,5M00G7W,NR,2167.5,1977.5,170.0,17.5,30.0,57.0,0.0,X,30.0,40.0,-16.676843,-49.247504,d2ef3af803cf8d1b,TELEFONICA BRASIL S.A.
1011150031,5M00G7W,NR,2167.5,1977.5,290.0,17.5,30.0,57.0,0.0,X,30.0,40.0,-16.676843,-49.247504,d2ef3af803cf8d1c,TELEFONICA BRASIL S.A.
1011150058,10M0G7W,NR,2160.0,1970.0,360.0,17.5,30.0,57.0,0.0,X,30.0,40.0,-16.6627,-49.234319,d2ef3af803cf8d1d,TELEFONICA BRASIL S.A.
1011150058,10M0G7W,NR,2160.0,1970.0,120.0,17.5,30.0,57.0,0.0,X,30.0,40.0,-16.6627,-49.234319,d2ef3af803cf8d1e,TELEFONICA BRASIL S.A.
1011150058,10M0G7W,NR,2160.0,1970.0,240.0,17.5,30.0,57.0,0.0,X,30.0,40.0,-16.6627,-49.234319,d2ef3af803cf8d1f,TELEFONICA BRASIL S.A.
1011700147,5M00G7W,NR,2160.0,1970.0,360.0,17.5,25.0,65.0,6.0,X,30.0,40.0,-16.72769,-49.26948,d2ef3af803cf8d20,TELEFONICA BRASIL S.A.
1011700147,5M00G7W,NR,2160.0,1970.0,100.0,17.5,25.0,65.0,6.0,X,30.0,40.0,-16.72769,-49.26948,d2ef3af803cf8d21,TELEFONICA BRASIL S.A.
1011700147,5M00G7W,NR,2160.0,1970.0,240.0,17.5,25.0,65.0,6.0,X,30.0,40.0,-16.72769,-49.26948,d2ef3af803cf8d22,TELEFONICA BRASIL S.A.
1011787366,10M0G7W,NR,2160.0,1970.0,110.0,17.3,24.0,63.0,0.0,X,30.0,40.0,-16.69106,-49.32013,d2ef3af803cf8d23,TELEFONICA BRASIL S.A.
1011787366,10M0G7W,NR,2160.0,1970.0,230.0,17.3,24.0,63.0,0.0,X,30.0,40.0,-16.69106,-49.32013,d2ef3af803cf8d24,TELEFONICA BRASIL S.A.
1011787366,10M0G7W,NR,2160.0,1970.0,330.0,17.3,24.0,63.0,0.0,X,30.0,40.0,-16.69106,-49.32013,d2ef3af803cf8d25,TELEFONICA BRASIL S.A.
1012166055,10M0G7W,NR,2160.0,1970.0,100.0,17.5,30.0,57.0,0.0,X,30.0,40.0,-16.661806,-49.221194,d2ef3af803cf8d26,TELEFONICA BRASIL S.A.
1012166055,10M0G7W,NR,2160.0,1970.0,200.0,17.5,30.0,57.0,0.0,X,30.0,40.0,-16.661806,-49.221194,d2ef3af803cf8d27,TELEFONICA BRASIL S.A.
1012166055,10M0G7W,NR,2160.0,1970.0,320.0,17.5,30.0,57.0,0.0,X,30.0,40.0,-16.661806,-49.221194,d2ef3af803cf8d28,TELEFONICA BRASIL S.A.
1012174821,10M0G7W,NR,2160.0,1970.0,210.0,17.3,25.0,68.0,11.0,X,30.0,40.0,-16.614939,-49.208981,d2ef3af803cf8d29,TELEFONICA BRASIL S.A.
1012174821,10M0G7W,NR,2160.0,1970.0,330.0,17.3,25.0,68.0,11.0,X,30.0,40.0,-16.614939,-49.208981,d2ef3af803cf8d2a,TELEFONICA BRASIL S.A.
1012174821,10M0G7W,NR,2160.0,1970.0,90.0,17.3,25.0,68.0,11.0,X,30.0,40.0,-16.614939,-49.208981,d2ef3af803cf8d2b,TELEFONICA BRASIL S.A.
1012880750,10M0G7W,NR,2160.0,1970.0,70.0,17.3,25.0,68.0,0.0,X,57.0,40.0,-16.675039,-49.254019,d2ef3af803cf8d2c,TELEFONICA BRASIL S.A.
1012880750,10M0G7W,NR,2160.0,1970.0,190.0,17.3,25.0,68.0,0.0,X,57.0,40.0,-16.675039,-49.254019,d2ef3af803cf8d2d,TELEFONICA BRASIL S.A.
1012880750,10M0G7W,NR,2160.0,1970.0,310.0,17.3,25.0,68.0,0.0,X,57.0,40.0,-16.675039,-49.254019,d2ef3af803cf8d2e,TELEFONICA BRASIL S.A.
807907,10M0G7W,NR,2160.0,1970.0,210.0,17.3,25.0,68.0,11.0,X,30.0,40.0,-16.677094,-49.26055,d2ef3af803cf8d2f,TELEFONICA BRASIL S.A.
807907,10M0G7W,NR,2160.0,1970.0,330.0,17.3,25.0,68.0,11.0,X,30.0,40.0,-16.677094,-49.26055,d2ef3af803cf8d30,TELEFONICA BRASIL S.A.
807907,10M0G7W,NR,2160.0,1970.0,90.0,17.3,25.0,68.0,11.0,X,30.0,40.0,-16.677094,-49.26055,d2ef3af803cf8d31,TELEFONICA BRASIL S.A.
807958,10M0G7W,NR,2160.0,1970.0,20.0,17.4,25.0,62.0,1.0,X,63.0,40.0,-16.68329,-49.26664,d2ef3af803cf8d32,TELEFONICA BRASIL S.A.
807958,10M0G7W,NR,2160.0,1970.0,160.0,17.4,25.0,62.0,0.0,X,63.0,40.0,-16.68329,-49.26664,d2ef3af803cf8d33,TELEFONICA BRASIL S.A.
807958,10M0G7W,NR,2160.0,1970.0,270.0,17.4,25.0,62.0,0.0,X,63.0,40.0,-16.68329,-49.26664,d2ef3af803cf8d34,TELEFONICA BRASIL S.A.
807958,5M00G7W,NR,2167.5,1977.5,20.0,17.4,25.0,62.0,1.0,X,63.0,40.0,-16.68329,-49.26664,d2ef3af803cf8d35,TELEFONICA BRASIL S.A.
807958,5M00G7W,NR,2167.5,1977.5,160.0,17.4,25.0,62.0,0.0,X,63.0,40.0,-16.68329,-49.26664,d2ef3af803cf8d36,TELEFONICA BRASIL S.A.
807958,5M00G7W,NR,2167.5,1977.5,270.0,17.4,25.0,62.0,0.0,X,63.0,40.0,-16.68329,-49.26664,d2ef3af803cf8d37,TELEFONICA BRASIL S.A.
970280,10M0G7W,NR,2160.0,1970.0,10.0,17.4,25.0,62.0,0.0,X,36.0,40.0,-16.696217,-49.277147,d2ef3af803cf8d38,TELEFONICA BRASIL S.A.
970280,10M0G7W,NR,2160.0,1970.0,100.0,17.4,25.0,62.0,0.0,X,36.0,40.0,-16.696217,-49.277147,d2ef3af803cf8d39,TELEFONICA BRASIL S.A.
970280,10M0G7W,NR,2160.0,1970.0,240.0,17.4,25.0,62.0,0.0,X,36.0,40.0,-16.696217,-49.277147,d2ef3af803cf8d3a,TELEFONICA BRASIL S.A.
970280,5M00G7W,NR,2167.5,1977.5,10.0,17.4,25.0,62.0,0.0,X,36.0,40.0,-16.696217,-49.277147,d2ef3af803cf8d3b,TELEFONICA BRASIL S.A.
970280,5M00G7W,NR,2167.5,1977.5,100.0,17.4,25.0,62.0,0.0,X,36.0,40.0,-16.696217,-49.277147,d2ef3af803cf8d3c,TELEFONICA BRASIL S.A.
970280,5M00G7W,NR,2167.5,1977.5,240.0,17.4,25.0,62.0,0.0,X,36.0,40.0,-16.696217,-49.277147,d2ef3af803cf8d3d,TELEFONICA BRASIL S.A.
970298,10M0G7W,NR,2160.0,1970.0,360.0,17.5,25.0,65.0,1.0,X,40.0,40.0,-16.673175,-49.282544,d2ef3af803cf8d3e,TELEFONICA BRASIL S.A.
970298,10M0G7W,NR,2160.0,1970.0,120.0,17.5,25.0,65.0,0.0,X,40.0,40.0,-16.673175,-49.282544,d2ef3af803cf8d3f,TELEFONICA BRASIL S.A.
970298,10M0G7W,NR,2160.0,1970.0,240.0,17.5,25.0,65.0,0.0,X,40.0,40.0,-16.673175,-49.282544,d2ef3af803cf8d40,TELEFONICA BRASIL S.A.
970298,5M00G7W,NR,2167.5,1977.5,360.0,17.5,25.0,65.0,1.0,X,40.0,40.0,-16.673175,-49.282544,d2ef3af803cf8d41,TELEFONICA BRASIL S.A.
970298,5M00G7W,NR,2167.5,1977.5,120.0,17.5,25.0,65.0,0.0,X,40.0,40.0,-16.673175,-49.282544,d2ef3af803cf8d42,TELEFONICA BRASIL S.A.
970298,5M00G7W,NR,2167.5,1977.5,240.0,17.5,25.0,65.0,0.0,X,40.0,40.0,-16.673175,-49.282544,d2ef3af803cf8d43,TELEFONICA BRASIL S.A.
971987,10M0G7W,NR,2160.0,1970.0,10.0,17.5,25.0,65.0,2.0,X,38.0,40.0,-16.655644,-49.2538,d2ef3af803cf8d44,TELEFONICA BRASIL S.A.
971987,10M0G7W,NR,2160.0,1970.0,100.0,17.5,25.0,65.0,1.0,X,38.0,40.0,-16.655644,-49.2538,d2ef3af803cf8d45,TELEFONICA BRASIL S.A.
971987,10M0G7W,NR,2160.0,1970.0,220.0,17.5,25.0,65.0,2.0,X,38.0,40.0,-16.655644,-49.2538,d2ef3af803cf8d46,TELEFONICA BRASIL S.A.
971987,5M00G7W,NR,2167.5,1977.5,10.0,17.5,25.0,65.0,2.0,X,38.0,40.0,-16.655644,-49.2538,d2ef3af803cf8d47,TELEFONICA BRASIL S.A.
971987,5M00G7W,NR,2167.5,1977.5,100.0,17.5,25.0,65.0,1.0,X,38.0,40.0,-16.655644,-49.2538,d2ef3af803cf8d48,TELEFONICA BRASIL S.A.
971987,5M00G7W,NR,2167.5,1977.5,220.0,17.5,25.0,65.0,2.0,X,38.0,40.0,-16.655644,-49.2538,d2ef3af803cf8d49,TELEFONICA BRASIL S.A.
1334239,10M0G7W,NR,2160.0,1970.0,350.0,17.5,25.0,65.0,1.0,X,30.0,40.0,-16.67639,-49.27361,d2ef3af803cf8d4a,TELEFONICA BRASIL S.A.
1334239,10M0G7W,NR,2160.0,1970.0,110.0,17.5,25.0,65.0,1.0,X,30.0,40.0,-16.67639,-49.27361,d2ef3af803cf8d4b,TELEFONICA BRASIL S.A.
1334239,10M0G7W,NR,2160.0,1970.0,240.0,17.5,25.0,65.0,0.0,X,30.0,40.0,-16.67639,-49.27361,d2ef3af803cf8d4c,TELEFONICA BRASIL S.A.
1334239,5M00G7W,NR,2167.5,1977.5,350.0,17.5,25.0,65.0,1.0,X,30.0,40.0,-16.67639,-49.27361,d2ef3af803cf8d4d,TELEFONICA BRASIL S.A.
1334239,5M00G7W,NR,2167.5,1977.5,110.0,17.5,25.0,65.0,1.0,X,30.0,40.0,-16.67639,-49.27361,d2ef3af803cf8d4e,TELEFONICA BRASIL S.A.
1334239,5M00G7W,NR,2167.5,1977.5,240.0,17.5,25.0,65.0,0.0,X,30.0,40.0,-16.67639,-49.27361,d2ef3af803cf8d4f,TELEFONICA BRASIL S.A.
4740548,10M0G7W,NR,2160.0,1970.0,340.0,17.4,25.0,62.0,0.0,X,30.0,40.0,-16.70806,-49.27222,d2ef3af803cf8d50,TELEFONICA BRASIL S.A.
4740548,10M0G7W,NR,2160.0,1970.0,120.0,17.4,25.0,62.0,0.0,X,30.0,40.0,-16.70806,-49.27222,d2ef3af803cf8d51,TELEFONICA BRASIL S.A.
4740548,10M0G7W,NR,2160.0,1970.0,190.0,17.4,25.0,62.0,0.0,X,30.0,40.0,-16.70806,-49.27222,d2ef3af803cf8d52,TELEFONICA BRASIL S.A.
4740548,5M00G7W,NR,2167.5,1977.5,340.0,17.4,25.0,62.0,0.0,X,30.0,40.0,-16.70806,-49.27222,d2ef3af803cf8d53,TELEFONICA BRASIL S.A.
4740548,5M00G7W,NR,2167.5,1977.5,120.0,17.4,25.0,62.0,0.0,X,30.0,40.0,-16.70806,-49.27222,d2ef3af803cf8d54,TELEFONICA BRASIL S.A.
4740548,5M00G7W,NR,2167.5,1977.5,190.0,17.4,25.0,62.0,0.0,X,30.0,40.0,-16.70806,-49.27222,d2ef3af803cf8d55,TELEFONICA BRASIL S.A.
4740572,10M0G7W,NR,2160.0,1970.0,360.0,17.5,25.0,65.0,0.0,X,54.0,40.0,-16.673333,-49.295436,d2ef3af803cf8d56,TELEFONICA BRASIL S.A.
4740572,10M0G7W,NR,2160.0,1970.0,140.0,17.5,25.0,65.0,0.0,X,54.0,40.0,-16.673333,-49.295436,d2ef3af803cf8d57,TELEFONICA BRASIL S.A.
4740572,10M0G7W,NR,2160.0,1970.0,220.0,17.5,25.0,65.0,0.0,X,54.0,40.0,-16.673333,-49.295436,d2ef3af803cf8d58,TELEFONICA BRASIL S.A.
4740572,5M00G7W,NR,2167.5,1977.5,360.0,17.5,25.0,65.0,0.0,X,54.0,40.0,-16.673333,-49.295436,d2ef3af803cf8d59,TELEFONICA BRASIL S.A.
4740572,5M00G7W,NR,2167.5,1977.5,140.0,17.5,25.0,65.0,0.0,X,54.0,40.0,-16.673333,-49.295436,d2ef3af803cf8d5a,TELEFONICA BRASIL S.A.
4740572,5M00G7W,NR,2167.5,1977.5,220.0,17.5,25.0,65.0,0.0,X,54.0,40.0,-16.673333,-49.295436,d2ef3af803cf8d5b,TELEFONICA BRASIL S.A.
4740580,10M0G7W,NR,2160.0,1970.0,40.0,17.5,25.0,65.0,0.0,X,33.5,40.0,-16.69667,-49.26528,d2ef3af803cf8d5c,TELEFONICA BRASIL S.A.
4740580,10M0G7W,NR,2160.0,1970.0,150.0,17.5,25.0,65.0,0.0,X,33.5,40.0,-16.69667,-49.26528,d2ef3af803cf8d5d,TELEFONICA BRASIL S.A.
4740580,10M0G7W,NR,2160.0,1970.0,270.0,17.5,25.0,65.0,0.0,X,33.5,40.0,-16.69667,-49.26528,d2ef3af803cf8d5e,TELEFONICA BRASIL S.A.
4740580,5M00G7W,NR,2167.5,1977.5,40.0,17.5,25.0,65.0,0.0,X,33.5,40.0,-16.69667,-49.26528,d2ef3af803cf8d5f,TELEFONICA BRASIL S.A.
4740580,5M00G7W,NR,2167.5,1977.5,150.0,17.5,25.0,65.0,0.0,X,33.5,40.0,-16.69667,-49.26528,d2ef3af803cf8d60,TELEFONICA BRASIL S.A.
4740580,5M00G7W,NR,2167.5,1977.5,270.0,17.5,25.0,65.0,0.0,X,33.5,40.0,-16.69667,-49.26528,d2ef3af803cf8d61,TELEFONICA BRASIL S.A.
4740700,10M0G7W,NR,2160.0,1970.0,10.0,17.2,25.0,60.0,0.0,X,33.0,40.0,-16.66505,-49.254436,d2ef3af803cf8d62,TELEFONICA BRASIL S.A.
4740700,10M0G7W,NR,2160.0,1970.0,150.0,17.2,25.0,60.0,0.0,X,33.0,40.0,-16.66505,-49.254436,d2ef3af803cf8d63,TELEFONICA BRASIL S.A.
4740700,10M0G7W,NR,2160.0,1970.0,260.0,17.2,25.0,60.0,0.0,X,33.0,40.0,-16.66505,-49.254436,d2ef3af803cf8d64,TELEFONICA BRASIL S.A.
4740700,5M00G7W,NR,2167.5,1977.5,10.0,17.2,25.0,60.0,0.0,X,33.0,40.0,-16.66505,-49.254436,d2ef3af803cf8d65,TELEFONICA BRASIL S.A.
4740700,5M00G7W,NR,2167.5,1977.5,150.0,17.2,25.0,60.0,0.0,X,33.0,40.0,-16.66505,-49.254436,d2ef3af803cf8d66,TELEFONICA BRASIL S.A.
4740700,5M00G7W,NR,2167.5,1977.5,260.0,17.2,25.0,60.0,0.0,X,33.0,40.0,-16.66505,-49.254436,d2ef3af803cf8d67,TELEFONICA BRASIL S.A.
4740750,10M0G7W,NR,2160.0,1970.0,60.0,17.5,25.0,65.0,1.0,X,39.0,40.0,-16.604514,-49.329483,d2ef3af803cf8d68,TELEFONICA BRASIL S.A.
4740750,10M0G7W,NR,2160.0,1970.0,160.0,17.5,25.0,65.0,1.0,X,39.0,40.0,-16.604514,-49.329483,d2ef3af803cf8d69,TELEFONICA BRASIL S.A.
4740750,10M0G7W,NR,2160.0,1970.0,280.0,17.5,25.0,65.0,1.0,X,39.0,40.0,-16.604514,-49.329483,d2ef3af803cf8d6a,TELEFONICA BRASIL S.A.
4740750,5M00G7W,NR,2167.5,1977.5,60.0,17.5,25.0,65.0,1.0,X,39.0,40.0,-16.604514,-49.329483,d2ef3af803cf8d6b,TELEFONICA BRASIL S.A.
4740750,5M00G7W,NR,2167.5,1977.5,160.0,17.5,25.0,65.0,1.0,X,39.0,40.0,-16.604514,-49.329483,d2ef3af803cf8d6c,TELEFONICA BRASIL S.A.
4740750,5M00G7W,NR,2167.5,1977.5,280.0,17.5,25.0,65.0,1.0,X,39.0,40.0,-16.604514,-49.329483,d2ef3af803cf8d6d,TELEFONICA BRASIL S.A.
4740874,10M0G7W,NR,2160.0,1970.0,360.0,17.5,25.0,65.0,0.0,X,33.0,40.0,-16.671161,-49.271658,d2ef3af803cf8d6e,TELEFONICA BRASIL S.A.
4740874,10M0G7W,NR,2160.0,1970.0,150.0,17.5,25.0,65.0,0.0,X,33.0,40.0,-16.671161,-49.271658,d2ef3af803cf8d6f,TELEFONICA BRASIL S.A.
4740874,10M0G7W,NR,2160.0,1970.0,240.0,17.5,25.0,65.0,0.0,X,33.0,40.0,-16.671161,-49.271658,d2ef3af803cf8d70,TELEFONICA BRASIL S.A.
4740874,5M00G7W,NR,2167.5,1977.5,360.0,17.5,25.0,65.0,0.0,X,33.0,40.0,-16.671161,-49.271658,d2ef3af803cf8d71,TELEFONICA BRASIL S.A.
4740874,5M00G7W,NR,2167.5,1977.5,150.0,17.5,25.0,65.0,0.0,X,33.0,40.0,-16.671161,-49.271658,d2ef3af803cf8d72,TELEFONICA BRASIL S.A.
4740874,5M00G7W,NR,2167.5,1977.5,240.0,17.5,25.0,65.0,0.0,X,33.0,40.0,-16.671161,-49.271658,d2ef3af803cf8d73,TELEFONICA BRASIL S.A.
4740912,10M0G7W,NR,2160.0,1970.0,10.0,16.9,27.0,63.0,0.0,X,33.0,40.0,-16.665833,-49.241133,d2ef3af803cf8d74,TELEFONICA BRASIL S.A.
4740912,10M0G7W,NR,2160.0,1970.0,120.0,16.9,27.0,63.0,0.0,X,33.0,40.0,-16.665833,-49.241133,d2ef3af803cf8d75,TELEFONICA BRASIL S.A.
4740912,10M0G7W,NR,2160.0,1970.0,240.0,16.9,27.0,63.0,0.0,X,33.0,40.0,-16.665833,-49.241133,d2ef3af803cf8d76,TELEFONICA BRASIL S.A.
5129052,10M0G7W,NR,2160.0,1970.0,360.0,17.1,27.0,69.0,1.0,X,27.0,40.0,-16.670375,-49.261328,d2ef3af803cf8d77,TELEFONICA BRASIL S.A.
5129052,10M0G7W,NR,2160.0,1970.0,90.0,17.1,27.0,69.0,0.0,X,27.0,40.0,-16.670375,-49.261328,d2ef3af803cf8d78,TELEFONICA BRASIL S.A.
5129052,10M0G7W,NR,2160.0,1970.0,190.0,17.1,27.0,69.0,1.0,X,27.0,40.0,-16.670375,-49.261328,d2ef3af803cf8d79,TELEFONICA BRASIL S.A.
5129052,5M00G7W,NR,2167.5,1977.5,360.0,17.1,27.0,69.0,1.0,X,27.0,40.0,-16.670375,-49.261328,d2ef3af803cf8d7a,TELEFONICA BRASIL S.A.
5129052,5M00G7W,NR,2167.5,1977.5,90.0,17.1,27.0,69.0,0.0,X,27.0,40.0,-16.670375,-49.261328,d2ef3af803cf8d7b,TELEFONICA BRASIL S.A.
5129052,5M00G7W,NR,2167.5,1977.5,190.0,17.1,27.0,69.0,1.0,X,27.0,40.0,-16.670375,-49.261328,d2ef3af803cf8d7c,TELEFONICA BRASIL S.A.
5747163,10M0G7W,NR,2160.0,1970.0,10.0,17.5,25.0,65.0,0.0,X,35.0,40.0,-16.675564,-49.257194,d2ef3af803cf8d7d,TELEFONICA BRASIL S.A.
5747163,10M0G7W,NR,2160.0,1970.0,150.0,17.5,25.0,65.0,0.0,X,35.0,40.0,-16.675564,-49.257194,d2ef3af803cf8d7e,TELEFONICA BRASIL S.A.
5747163,10M0G7W,NR,2160.0,1970.0,260.0,17.5,25.0,65.0,0.0,X,35.0,40.0,-16.675564,-49.257194,d2ef3af803cf8d7f,TELEFONICA BRASIL S.A.
5747163,5M00G7W,NR,2167.5,1977.5,10.0,17.5,25.0,65.0,0.0,X,35.0,40.0,-16.675564,-49.257194,d2ef3af803cf8d80,TELEFONICA BRASIL S.A.
5747163,5M00G7W,NR,2167.5,1977.5,150.0,17.5,25.0,65.0,0.0,X,35.0,40.0,-16.675564,-49.257194,d2ef3af803cf8d81,TELEFONICA BRASIL S.A.
5747163,5M00G7W,NR,2167.5,1977.5,260.0,17.5,25.0,65.0,0.0,X,35.0,40.0,-16.675564,-49.257194,d2ef3af803cf8d82,TELEFONICA BRASIL S.A.
5747341,10M0G7W,NR,2160.0,1970.0,10.0,17.2,26.0,62.0,1.0,X,37.0,40.0,-16.721086,-49.240028,d2ef3af803cf8d83,TELEFONICA BRASIL S.A.
5747341,10M0G7W,NR,2160.0,1970.0,130.0,17.2,26.0,62.0,0.0,X,37.0,40.0,-16.721086,-49.240028,d2ef3af803cf8d84,TELEFONICA BRASIL S.A.
5747341,10M0G7W,NR,2160.0,1970.0,240.0,17.2,26.0,62.0,0.0,X,37.0,40.0,-16.721086,-49.240028,d2ef3af803cf8d85,TELEFONICA BRASIL S.A.
5747341,5M00G7W,NR,2167.5,1977.5,10.0,17.2,26.0,62.0,1.0,X,37.0,40.0,-16.721086,-49.240028,d2ef3af803cf8d86,TELEFONICA BRASIL S.A.
5747341,5M00G7W,NR,2167.5,1977.5,130.0,17.2,26.0,62.0,0.0,X,37.0,40.0,-16.721086,-49.240028,d2ef3af803cf8d87,TELEFONICA BRASIL S.A.
5747341,5M00G7W,NR,2167.5,1977.5,240.0,17.2,26.0,62.0,0.0,X,37.0,40.0,-16.721086,-49.240028,d2ef3af803cf8d88,TELEFONICA BRASIL S.A.
5747490,10M0G7W,NR,2160.0,1970.0,360.0,17.5,25.0,65.0,0.0,X,51.0,40.0,-16.661233,-49.386661,d2ef3af803cf8d89,TELEFONICA BRASIL S.A.
5747490,10M0G7W,NR,2160.0,1970.0,90.0,17.5,25.0,65.0,0.0,X,51.0,40.0,-16.661233,-49.386661,d2ef3af803cf8d8a,TELEFONICA BRASIL S.A.
5747490,10M0G7W,NR,2160.0,1970.0,240.0,17.5,25.0,65.0,0.0,X,51.0,40.0,-16.661233,-49.386661,d2ef3af803cf8d8b,TELEFONICA BRASIL S.A.
5747490,5M00G7W,NR,2167.5,1977.5,360.0,17.5,25.0,65.0,0.0,X,51.0,40.0,-16.661233,-49.386661,d2ef3af803cf8d8c,TELEFONICA BRASIL S.A.
5747490,5M00G7W,NR,2167.5,1977.5,90.0,17.5,25.0,65.0,0.0,X,51.0,40.0,-16.661233,-49.386661,d2ef3af803cf8d8d,TELEFONICA BRASIL S.A.
5747490,5M00G7W,NR,2167.5,1977.5,240.0,17.5,25.0,65.0,0.0,X,51.0,40.0,-16.661233,-49.386661,d2ef3af803cf8d8e,TELEFONICA BRASIL S.A.
379988089,10M0G7W,NR,2160.0,1970.0,320.0,16.9,27.0,63.0,1.0,X,32.0,40.0,-16.714872,-49.286047,d2ef3af803cf8d8f,TELEFONICA BRASIL S.A.
379988089,10M0G7W,NR,2160.0,1970.0,100.0,16.9,27.0,63.0,1.0,X,32.0,40.0,-16.714872,-49.286047,d2ef3af803cf8d90,TELEFONICA BRASIL S.A.
379988089,10M0G7W,NR,2160.0,1970.0,230.0,16.9,27.0,63.0,1.0,X,32.0,40.0,-16.714872,-49.286047,d2ef3af803cf8d91,TELEFONICA BRASIL S.A.
396804942,10M0G7W,NR,2160.0,1970.0,10.0,17.5,25.0,65.0,0.0,X,24.0,40.0,-16.70235,-49.271903,d2ef3af803cf8d92,TELEFONICA BRASIL S.A.
396804942,10M0G7W,NR,2160.0,1970.0,120.0,17.5,25.0,65.0,0.0,X,24.0,40.0,-16.70235,-49.271903,d2ef3af803cf8d93,TELEFONICA BRASIL S.A.
396804942,10M0G7W,NR,2160.0,1970.0,240.0,17.5,25.0,65.0,0.0,X,24.0,40.0,-16.70235,-49.271903,d2ef3af803cf8d94,TELEFONICA BRASIL S.A.
396804942,5M00G7W,NR,2167.5,1977.5,10.0,17.5,25.0,65.0,0.0,X,24.0,40.0,-16.70235,-49.271903,d2ef3af803cf8d95,TELEFONICA BRASIL S.A.
396804942,5M00G7W,NR,2167.5,1977.5,120.0,17.5,25.0,65.0,0.0,X,24.0,40.0,-16.70235,-49.271903,d2ef3af803cf8d96,TELEFONICA BRASIL S.A.
396804942,5M00G7W,NR,2167.5,1977.5,240.0,17.5,25.0,65.0,0.0,X,24.0,40.0,-16.70235,-49.271903,d2ef3af803cf8d97,TELEFONICA BRASIL S.A.
523292201,10M0G7W,NR,2160.0,1970.0,25.0,17.5,25.0,65.0,0.0,X,31.0,40.0,-16.687328,-49.240158,d2ef3af803cf8d98,TELEFONICA BRASIL S.A.
523292201,10M0G7W,NR,2160.0,1970.0,120.0,17.5,25.0,65.0,2.0,X,31.0,40.0,-16.687328,-49.240158,d2ef3af803cf8d99,TELEFONICA BRASIL S.A.
523292201,10M0G7W,NR,2160.0,1970.0,230.0,17.5,25.0,65.0,0.0,X,31.0,40.0,-16.687328,-49.240158,d2ef3af803cf8d9a,TELEFONICA BRASIL S.A.
523292201,5M00G7W,NR,2167.5,1977.5,25.0,17.5,25.0,65.0,0.0,X,31.0,40.0,-16.687328,-49.240158,d2ef3af803cf8d9b,TELEFONICA BRASIL S.A.
523292201,5M00G7W,NR,2167.5,1977.5,120.0,17.5,25.0,65.0,2.0,X,31.0,40.0,-16.687328,-49.240158,d2ef3af803cf8d9c,TELEFONICA BRASIL S.A.
523292201,5M00G7W,NR,2167.5,1977.5,230.0,17.5,25.0,65.0,0.0,X,31.0,40.0,-16.687328,-49.240158,d2ef3af803cf8d9d,TELEFONICA BRASIL S.A.
523292457,10M0G7W,NR,2160.0,1970.0,360.0,11.2,23.0,65.0,-1.0,X,35.0,40.0,-16.64203,-49.30881,d2ef3af803cf8d9e,TELEFONICA BRASIL S.A.
523292457,10M0G7W,NR,2160.0,1970.0,240.0,11.2,23.0,65.0,-1.0,X,35.0,40.0,-16.64203,-49.30881,d2ef3af803cf8d9f,TELEFONICA BRASIL S.A.
523292457,10M0G7W,NR,2160.0,1970.0,90.0,11.2,23.0,65.0,-2.0,X,35.0,40.0,-16.64203,-49.30881,d2ef3af803cf8da0,TELEFONICA BRASIL S.A.
536428930,10M0G7W,NR,2160.0,1970.0,40.0,17.0,28.0,69.29,0.0,X,31.0,40.0,-16.714644,-49.263039,d2ef3af803cf8da1,TELEFONICA BRASIL S.A.
536428930,10M0G7W,NR,2160.0,1970.0,110.0,17.0,28.0,69.29,0.0,X,31.0,40.0,-16.714644,-49.263039,d2ef3af803cf8da2,TELEFONICA BRASIL S.A.
536428930,10M0G7W,NR,2160.0,1970.0,300.0,17.0,28.0,69.29,0.0,X,31.0,40.0,-16.714644,-49.263039,d2ef3af803cf8da3,TELEFONICA BRASIL S.A.
536428930,5M00G7W,NR,2167.5,1977.5,40.0,17.0,28.0,69.29,0.0,X,31.0,40.0,-16.714644,-49.263039,d2ef3af803cf8da4,TELEFONICA BRASIL S.A.
536428930,5M00G7W,NR,2167.5,1977.5,110.0,17.0,28.0,69.29,0.0,X,31.0,40.0,-16.714644,-49.263039,d2ef3af803cf8da5,TELEFONICA BRASIL S.A.
536428930,5M00G7W,NR,2167.5,1977.5,300.0,17.0,28.0,69.29,0.0,X,31.0,40.0,-16.714644,-49.263039,d2ef3af803cf8da6,TELEFONICA BRASIL S.A.
683119222,10M0G7W,NR,2160.0,1970.0,210.0,17.3,25.0,68.0,11.0,X,30.0,40.0,-16.620106,-49.303944,d2ef3af803cf8da7,TELEFONICA BRASIL S.A.
683119222,10M0G7W,NR,2160.0,1970.0,330.0,17.3,25.0,68.0,11.0,X,30.0,40.0,-16.620106,-49.303944,d2ef3af803cf8da8,TELEFONICA BRASIL S.A.
683119222,10M0G7W,NR,2160.0,1970.0,90.0,17.3,25.0,68.0,11.0,X,30.0,40.0,-16.620106,-49.303944,d2ef3af803cf8da9,TELEFONICA BRASIL S.A.
684592398,10M0G7W,NR,2160.0,1970.0,350.0,17.5,30.0,57.0,0.0,X,29.0,40.0,-16.689928,-49.269969,d2ef3af803cf8daa,TELEFONICA BRASIL S.A.
684592398,10M0G7W,NR,2160.0,1970.0,160.0,17.5,30.0,57.0,0.0,X,29.0,40.0,-16.689928,-49.269969,d2ef3af803cf8dab,TELEFONICA BRASIL S.A.
684592398,10M0G7W,NR,2160.0,1970.0,240.0,17.5,30.0,57.0,0.0,X,29.0,40.0,-16.689928,-49.269969,d2ef3af803cf8dac,TELEFONICA BRASIL S.A.
684592398,5M00G7W,NR,2167.5,1977.5,350.0,17.5,30.0,57.0,0.0,X,29.0,40.0,-16.689928,-49.269969,d2ef3af803cf8dad,TELEFONICA BRASIL S.A.
684592398,5M00G7W,NR,2167.5,1977.5,160.0,17.5,30.0,57.0,0.0,X,29.0,40.0,-16.689928,-49.269969,d2ef3af803cf8dae,TELEFONICA BRASIL S.A.
684592398,5M00G7W,NR,2167.5,1977.5,240.0,17.5,30.0,57.0,0.0,X,29.0,40.0,-16.689928,-49.269969,d2ef3af803cf8daf,TELEFONICA BRASIL S.A.
684593190,10M0G7W,NR,2160.0,1970.0,330.0,17.5,30.0,57.0,0.0,X,28.0,40.0,-16.705581,-49.262311,d2ef3af803cf8db0,TELEFONICA BRASIL S.A.
684593190,10M0G7W,NR,2160.0,1970.0,50.0,17.5,30.0,57.0,3.0,X,28.0,40.0,-16.705581,-49.262311,d2ef3af803cf8db1,TELEFONICA BRASIL S.A.
684593190,10M0G7W,NR,2160.0,1970.0,180.0,17.5,30.0,57.0,1.0,X,28.0,40.0,-16.705581,-49.262311,d2ef3af803cf8db2,TELEFONICA BRASIL S.A.
684593190,5M00G7W,NR,2167.5,1977.5,330.0,17.5,30.0,57.0,0.0,X,28.0,40.0,-16.705581,-49.262311,d2ef3af803cf8db3,TELEFONICA BRASIL S.A.
684593190,5M00G7W,NR,2167.5,1977.5,50.0,17.5,30.0,57.0,3.0,X,28.0,40.0,-16.705581,-49.262311,d2ef3af803cf8db4,TELEFONICA BRASIL S.A.
684593190,5M00G7W,NR,2167.5,1977.5,180.0,17.5,30.0,57.0,1.0,X,28.0,40.0,-16.705581,-49.262311,d2ef3af803cf8db5,TELEFONICA BRASIL S.A.
684593904,10M0G7W,NR,2160.0,1970.0,20.0,17.5,25.0,65.0,0.0,X,32.0,40.0,-16.710964,-49.252481,d2ef3af803cf8db6,TELEFONICA BRASIL S.A.
684593904,10M0G7W,NR,2160.0,1970.0,120.0,17.5,25.0,65.0,1.0,X,32.0,40.0,-16.710964,-49.252481,d2ef3af803cf8db7,TELEFONICA BRASIL S.A.
684593904,10M0G7W,NR,2160.0,1970.0,240.0,17.5,25.0,65.0,0.0,X,32.0,40.0,-16.710964,-49.252481,d2ef3af803cf8db8,TELEFONICA BRASIL S.A.
684593904,5M00G7W,NR,2167.5,1977.5,20.0,17.5,25.0,65.0,0.0,X,32.0,40.0,-16.710964,-49.252481,d2ef3af803cf8db9,TELEFONICA BRASIL S.A.
684593904,5M00G7W,NR,2167.5,1977.5,120.0,17.5,25.0,65.0,1.0,X,32.0,40.0,-16.710964,-49.252481,d2ef3af803cf8dba,TELEFONICA BRASIL S.A.
684593904,5M00G7W,NR,2167.5,1977.5,240.0,17.5,25.0,65.0,0.0,X,32.0,40.0,-16.710964,-49.252481,d2ef3af803cf8dbb,TELEFONICA BRASIL S.A.
684594153,10M0G7W,NR,2160.0,1970.0,330.0,17.5,30.0,57.0,0.0,X,35.0,40.0,-16.71963,-49.27015,d2ef3af803cf8dbc,TELEFONICA BRASIL S.A.
684594153,10M0G7W,NR,2160.0,1970.0,90.0,17.5,30.0,57.0,0.0,X,35.0,40.0,-16.71963,-49.27015,d2ef3af803cf8dbd,TELEFONICA BRASIL S.A.
684594153,10M0G7W,NR,2160.0,1970.0,190.0,17.5,30.0,57.0,0.0,X,35.0,40.0,-16.71963,-49.27015,d2ef3af803cf8dbe,TELEFONICA BRASIL S.A.
684594153,5M00G7W,NR,2167.5,1977.5,330.0,17.5,30.0,57.0,0.0,X,35.0,40.0,-16.71963,-49.27015,d2ef3af803cf8dbf,TELEFONICA BRASIL S.A.
684594153,5M00G7W,NR,2167.5,1977.5,90.0,17.5,30.0,57.0,0.0,X,35.0,40.0,-16.71963,-49.27015,d2ef3af803cf8dc0,TELEFONICA BRASIL S.A.
684594153,5M00G7W,NR,2167.5,1977.5,190.0,17.5,30.0,57.0,0.0,X,35.0,40.0,-16.71963,-49.27015,d2ef3af803cf8dc1,TELEFONICA BRASIL S.A.
684594340,10M0G7W,NR,2160.0,1970.0,30.0,17.5,25.0,65.0,2.0,X,30.0,40.0,-16.702664,-49.288286,d2ef3af803cf8dc2,TELEFONICA BRASIL S.A.
684594340,10M0G7W,NR,2160.0,1970.0,130.0,17.5,25.0,65.0,0.0,X,30.0,40.0,-16.702664,-49.288286,d2ef3af803cf8dc3,TELEFONICA BRASIL S.A.
684594340,10M0G7W,NR,2160.0,1970.0,250.0,17.5,25.0,65.0,3.0,X,30.0,40.0,-16.702664,-49.288286,d2ef3af803cf8dc4,TELEFONICA BRASIL S.A.
684594340,5M00G7W,NR,2167.5,1977.5,30.0,17.5,25.0,65.0,2.0,X,30.0,40.0,-16.702664,-49.288286,d2ef3af803cf8dc5,TELEFONICA BRASIL S.A.
684594340,5M00G7W,NR,2167.5,1977.5,130.0,17.5,25.0,65.0,0.0,X,30.0,40.0,-16.702664,-49.288286,d2ef3af803cf8dc6,TELEFONICA BRASIL S.A.
684594340,5M00G7W,NR,2167.5,1977.5,250.0,17.5,25.0,65.0,3.0,X,30.0,40.0,-16.702664,-49.288286,d2ef3af803cf8dc7,TELEFONICA BRASIL S.A.
684688069,10M0G7W,NR,2160.0,1970.0,360.0,17.5,30.0,57.0,0.0,X,23.0,40.0,-16.672031,-49.253794,d2ef3af803cf8dc8,TELEFONICA BRASIL S.A.
684688069,10M0G7W,NR,2160.0,1970.0,120.0,17.5,30.0,57.0,1.0,X,23.0,40.0,-16.672031,-49.253794,d2ef3af803cf8dc9,TELEFONICA BRASIL S.A.
684688069,10M0G7W,NR,2160.0,1970.0,240.0,17.5,30.0,57.0,1.0,X,23.0,40.0,-16.672031,-49.253794,d2ef3af803cf8dca,TELEFONICA BRASIL S.A.
684688069,5M00G7W,NR,2167.5,1977.5,360.0,17.5,30.0,57.0,0.0,X,23.0,40.0,-16.672031,-49.253794,d2ef3af803cf8dcb,TELEFONICA BRASIL S.A.
684688069,5M00G7W,NR,2167.5,1977.5,120.0,17.5,30.0,57.0,1.0,X,23.0,40.0,-16.672031,-49.253794,d2ef3af803cf8dcc,TELEFONICA BRASIL S.A.
684688069,5M00G7W,NR,2167.5,1977.5,240.0,17.5,30.0,57.0,1.0,X,23.0,40.0,-16.672031,-49.253794,d2ef3af803cf8dcd,TELEFONICA BRASIL S.A.
690186975,10M0G7W,NR,2160.0,1970.0,350.0,17.5,30.0,57.0,1.0,X,36.0,40.0,-16.688914,-49.274908,d2ef3af803cf8dce,TELEFONICA BRASIL S.A.
690186975,10M0G7W,NR,2160.0,1970.0,105.0,17.5,30.0,57.0,1.0,X,36.0,40.0,-16.688914,-49.274908,d2ef3af803cf8dcf,TELEFONICA BRASIL S.A.
690186975,10M0G7W,NR,2160.0,1970.0,230.0,17.5,30.0,57.0,1.0,X,36.0,40.0,-16.688914,-49.274908,d2ef3af803cf8dd0,TELEFONICA BRASIL S.A.
690186975,5M00G7W,NR,2167.5,1977.5,350.0,17.5,30.0,57.0,1.0,X,36.0,40.0,-16.688914,-49.274908,d2ef3af803cf8dd1,TELEFONICA BRASIL S.A.
690186975,5M00G7W,NR,2167.5,1977.5,105.0,17.5,30.0,57.0,1.0,X,36.0,40.0,-16.688914,-49.274908,d2ef3af803cf8dd2,TELEFONICA BRASIL S.A.
690186975,5M00G7W,NR,2167.5,1977.5,230.0,17.5,30.0,57.0,1.0,X,36.0,40.0,-16.688914,-49.274908,d2ef3af803cf8dd3,TELEFONICA BRASIL S.A.
698058577,10M0G7W,NR,2160.0,1970.0,360.0,17.5,25.0,65.0,0.0,X,46.0,40.0,-16.688444,-49.251333,d2ef3af803cf8dd4,TELEFONICA BRASIL S.A.
698058577,10M0G7W,NR,2160.0,1970.0,120.0,17.5,25.0,65.0,0.0,X,46.0,40.0,-16.688444,-49.251333,d2ef3af803cf8dd5,TELEFONICA BRASIL S.A.
698058577,10M0G7W,NR,2160.0,1970.0,230.0,17.5,25.0,65.0,0.0,X,46.0,40.0,-16.688444,-49.251333,d2ef3af803cf8dd6,TELEFONICA BRASIL S.A.
698058577,5M00G7W,NR,2167.5,1977.5,360.0,17.5,25.0,65.0,0.0,X,46.0,40.0,-16.688444,-49.251333,d2ef3af803cf8dd7,TELEFONICA BRASIL S.A.
698058577,5M00G7W,NR,2167.5,1977.5,120.0,17.5,25.0,65.0,0.0,X,46.0,40.0,-16.688444,-49.251333,d2ef3af803cf8dd8,TELEFONICA BRASIL S.A.
698058577,5M00G7W,NR,2167.5,1977.5,230.0,17.5,25.0,65.0,0.0,X,46.0,40.0,-16.688444,-49.251333,d2ef3af803cf8dd9,TELEFONICA BRASIL S.A.
698708520,10M0G7W,NR,2160.0,1970.0,350.0,17.5,30.0,57.0,0.0,X,65.0,40.0,-16.67972,-49.25444,d2ef3af803cf8dda,TELEFONICA BRASIL S.A.
698708520,10M0G7W,NR,2160.0,1970.0,110.0,17.5,30.0,57.0,0.0,X,65.0,40.0,-16.67972,-49.25444,d2ef3af803cf8ddb,TELEFONICA BRASIL S.A.
698708520,10M0G7W,NR,2160.0,1970.0,240.0,17.5,30.0,57.0,0.0,X,65.0,40.0,-16.67972,-49.25444,d2ef3af803cf8ddc,TELEFONICA BRASIL S.A.
698708520,5M00G7W,NR,2167.5,1977.5,350.0,17.5,30.0,57.0,0.0,X,65.0,40.0,-16.67972,-49.25444,d2ef3af803cf8ddd,TELEFONICA BRASIL S.A.
698708520,5M00G7W,NR,2167.5,1977.5,110.0,17.5,30.0,57.0,0.0,X,65.0,40.0,-16.67972,-49.25444,d2ef3af803cf8dde,TELEFONICA BRASIL S.A.
698708520,5M00G7W,NR,2167.5,1977.5,240.0,17.5,30.0,57.0,0.0,X,65.0,40.0,-16.67972,-49.25444,d2ef3af803cf8ddf,TELEFONICA BRASIL S.A.
699069408,10M0G7W,NR,2160.0,1970.0,30.0,17.5,30.0,57.0,1.0,X,45.0,40.0,-16.670608,-49.246369,d2ef3af803cf8de0,TELEFONICA BRASIL S.A.
699069408,10M0G7W,NR,2160.0,1970.0,120.0,17.5,30.0,57.0,0.0,X,45.0,40.0,-16.670608,-49.246369,d2ef3af803cf8de1,TELEFONICA BRASIL S.A.
699069408,10M0G7W,NR,2160.0,1970.0,210.0,17.5,30.0,57.0,1.0,X,45.0,40.0,-16.670608,-49.246369,d2ef3af803cf8de2,TELEFONICA BRASIL S.A.
699069408,5M00G7W,NR,2167.5,1977.5,30.0,17.5,30.0,57.0,1.0,X,45.0,40.0,-16.670608,-49.246369,d2ef3af803cf8de3,TELEFONICA BRASIL S.A.
699069408,5M00G7W,NR,2167.5,1977.5,120.0,17.5,30.0,57.0,0.0,X,45.0,40.0,-16.670608,-49.246369,d2ef3af803cf8de4,TELEFONICA BRASIL S.A.
699069408,5M00G7W,NR,2167.5,1977.5,210.0,17.5,30.0,57.0,1.0,X,45.0,40.0,-16.670608,-49.246369,d2ef3af803cf8de5,TELEFONICA BRASIL S.A.
699429960,10M0G7W,NR,2160.0,1970.0,360.0,17.5,30.0,57.0,0.0,X,82.0,40.0,-16.71333,-49.26694,d2ef3af803cf8de6,TELEFONICA BRASIL S.A.
699429960,10M0G7W,NR,2160.0,1970.0,100.0,17.5,30.0,57.0,0.0,X,82.0,40.0,-16.71333,-49.26694,d2ef3af803cf8de7,TELEFONICA BRASIL S.A.
699429960,10M0G7W,NR,2160.0,1970.0,270.0,17.5,30.0,57.0,0.0,X,82.0,40.0,-16.71333,-49.26694,d2ef3af803cf8de8,TELEFONICA BRASIL S.A.
699429960,5M00G7W,NR,2167.5,1977.5,360.0,17.5,30.0,57.0,0.0,X,82.0,40.0,-16.71333,-49.26694,d2ef3af803cf8de9,TELEFONICA BRASIL S.A.
699429960,5M00G7W,NR,2167.5,1977.5,100.0,17.5,30.0,57.0,0.0,X,82.0,40.0,-16.71333,-49.26694,d2ef3af803cf8dea,TELEFONICA BRASIL S.A.
699429960,5M00G7W,NR,2167.5,1977.5,270.0,17.5,30.0,57.0,0.0,X,82.0,40.0,-16.71333,-49.26694,d2ef3af803cf8deb,TELEFONICA BRASIL S.A.
1007566300,5M00G9W,NR,2160.0,1970.0,360.0,17.5,30.0,57.0,4.0,X,30.0,40.0,-16.69,-49.28722,d2ef3af803cf8dec,TELEFONICA BRASIL S.A.
1007566300,5M00G9W,NR,2160.0,1970.0,120.0,17.5,30.0,57.0,4.0,X,30.0,40.0,-16.69,-49.28722,d2ef3af803cf8ded,TELEFONICA BRASIL S.A.
1007566300,5M00G9W,NR,2160.0,1970.0,240.0,17.5,30.0,57.0,4.0,X,30.0,40.0,-16.69,-49.28722,d2ef3af803cf8dee,TELEFONICA BRASIL S.A.
1008040549,10M0G7W,NR,2160.0,1970.0,50.0,17.5,30.0,57.0,1.0,X,36.0,40.0,-16.701783,-49.252917,d2ef3af803cf8def,TELEFONICA BRASIL S.A.
1008040549,10M0G7W,NR,2160.0,1970.0,180.0,17.5,30.0,57.0,1.0,X,36.0,40.0,-16.701783,-49.252917,d2ef3af803cf8df0,TELEFONICA BRASIL S.A.
1008040549,10M0G7W,NR,2160.0,1970.0,300.0,17.5,30.0,57.0,0.0,X,36.0,40.0,-16.701783,-49.252917,d2ef3af803cf8df1,TELEFONICA BRASIL S.A.
1008040549,5M00G7W,NR,2167.5,1977.5,50.0,17.5,30.0,57.0,1.0,X,36.0,40.0,-16.701783,-49.252917,d2ef3af803cf8df2,TELEFONICA BRASIL S.A.
1008040549,5M00G7W,NR,2167.5,1977.5,180.0,17.5,30.0,57.0,1.0,X,36.0,40.0,-16.701783,-49.252917,d2ef3af803cf8df3,TELEFONICA BRASIL S.A.
1008040549,5M00G7W,NR,2167.5,1977.5,300.0,17.5,30.0,57.0,0.0,X,36.0,40.0,-16.701783,-49.252917,d2ef3af803cf8df4,TELEFONICA BRASIL S.A.
1008198878,10M0G7W,NR,2160.0,1970.0,360.0,17.5,25.0,65.0,0.0,X,30.0,40.0,-16.693083,-49.281639,d2ef3af803cf8df5,TELEFONICA BRASIL S.A.
1008198878,10M0G7W,NR,2160.0,1970.0,90.0,17.5,25.0,65.0,0.0,X,30.0,40.0,-16.693083,-49.281639,d2ef3af803cf8df6,TELEFONICA BRASIL S.A.
1008198878,10M0G7W,NR,2160.0,1970.0,250.0,17.5,25.0,65.0,0.0,X,30.0,40.0,-16.693083,-49.281639,d2ef3af803cf8df7,TELEFONICA BRASIL S.A.
1008198878,5M00G7W,NR,2167.5,1977.5,360.0,17.5,25.0,65.0,0.0,X,30.0,40.0,-16.693083,-49.281639,d2ef3af803cf8df8,TELEFONICA BRASIL S.A.
1008198878,5M00G7W,NR,2167.5,1977.5,90.0,17.5,25.0,65.0,0.0,X,30.0,40.0,-16.693083,-49.281639,d2ef3af803cf8df9,TELEFONICA BRASIL S.A.
1008198878,5M00G7W,NR,2167.5,1977.5,250.0,17.5,25.0,65.0,0.0,X,30.0,40.0,-16.693083,-49.281639,d2ef3af803cf8dfa,TELEFONICA BRASIL S.A.
1008540827,10M0G7W,NR,2160.0,1970.0,20.0,17.7,28.0,58.0,4.0,X,27.0,40.0,-16.69254,-49.2476,d2ef3af803cf8dfb,TELEFONICA BRASIL S.A.
1008540827,10M0G7W,NR,2160.0,1970.0,140.0,17.7,28.0,58.0,4.0,X,27.0,40.0,-16.69254,-49.2476,d2ef3af803cf8dfc,TELEFONICA BRASIL S.A.
1008540827,10M0G7W,NR,2160.0,1970.0,260.0,17.7,28.0,58.0,4.0,X,27.0,40.0,-16.69254,-49.2476,d2ef3af803cf8dfd,TELEFONICA BRASIL S.A.
1009546438,10M0G7W,NR,2160.0,1970.0,360.0,17.5,25.0,65.0,7.0,X,31.0,40.0,-16.65281,-49.26803,d2ef3af803cf8dfe,TELEFONICA BRASIL S.A.
1009546438,10M0G7W,NR,2160.0,1970.0,100.0,17.5,25.0,65.0,7.0,X,31.0,40.0,-16.65281,-49.26803,d2ef3af803cf8dff,TELEFONICA BRASIL S.A.
1009546438,10M0G7W,NR,2160.0,1970.0,225.0,17.5,25.0,65.0,7.0,X,31.0,40.0,-16.65281,-49.26803,d2ef3af803cf8e00,TELEFONICA BRASIL S.A.
1011149920,10M0G7W,NR,2160.0,1970.0,240.0,13.8,24.0,63.0,3.0,X,30.0,40.0,-16.69639,-49.31417,d2ef3af803cf8e01,TELEFONICA BRASIL S.A.
1011149920,10M0G7W,NR,2160.0,1970.0,360.0,13.8,24.0,63.0,3.0,X,30.0,40.0,-16.69639,-49.31417,d2ef3af803cf8e02,TELEFONICA BRASIL S.A.
1011149920,10M0G7W,NR,2160.0,1970.0,120.0,13.8,24.0,63.0,3.0,X,30.0,40.0,-16.69639,-49.31417,d2ef3af803cf8e03,TELEFONICA BRASIL S.A.
1011545923,10M0G7W,NR,2160.0,1970.0,360.0,17.3,25.0,68.0,4.0,X,33.0,40.0,-16.69919,-49.24236,d2ef3af803cf8e04,TELEFONICA BRASIL S.A.
1011545923,10M0G7W,NR,2160.0,1970.0,120.0,17.3,25.0,68.0,4.0,X,33.0,40.0,-16.69919,-49.24236,d2ef3af803cf8e05,TELEFONICA BRASIL S.A.
1011545923,10M0G7W,NR,2160.0,1970.0,240.0,17.3,25.0,68.0,4.0,X,33.0,40.0,-16.69919,-49.24236,d2ef3af803cf8e06,TELEFONICA BRASIL S.A.
1011787277,10M0G7W,NR,2160.0,1970.0,210.0,17.3,25.0,68.0,11.0,X,30.0,40.0,-16.71371,-49.31159,d2ef3af803cf8e07,TELEFONICA BRASIL S.A.
1011787277,10M0G7W,NR,2160.0,1970.0,330.0,17.3,25.0,68.0,11.0,X,30.0,40.0,-16.71371,-49.31159,d2ef3af803cf8e08,TELEFONICA BRASIL S.A.
1011787277,10M0G7W,NR,2160.0,1970.0,90.0,17.3,25.0,68.0,11.0,X,30.0,40.0,-16.71371,-49.31159,d2ef3af803cf8e09,TELEFONICA BRASIL S.A.
1012293243,10M0G7W,NR,2160.0,1970.0,80.0,17.5,25.0,65.0,0.0,X,30.0,40.0,-16.701083,-49.278889,d2ef3af803cf8e0a,TELEFONICA BRASIL S.A.
1012293243,10M0G7W,NR,2160.0,1970.0,180.0,17.5,25.0,65.0,0.0,X,30.0,40.0,-16.701083,-49.278889,d2ef3af803cf8e0b,TELEFONICA BRASIL S.A.
1012293243,10M0G7W,NR,2160.0,1970.0,270.0,17.5,25.0,65.0,0.0,X,30.0,40.0,-16.701083,-49.278889,d2ef3af803cf8e0c,TELEFONICA BRASIL S.A.
1012340586,10M0G7W,NR,2160.0,1970.0,360.0,14.0,21.0,66.0,4.0,X,40.0,40.0,-16.709722,-49.316944,d2ef3af803cf8e0d,TELEFONICA BRASIL S.A.
1012340586,10M0G7W,NR,2160.0,1970.0,120.0,14.0,21.0,66.0,4.0,X,40.0,40.0,-16.709722,-49.316944,d2ef3af803cf8e0e,TELEFONICA BRASIL S.A.
1012340586,10M0G7W,NR,2160.0,1970.0,250.0,14.0,21.0,66.0,4.0,X,40.0,40.0,-16.709722,-49.316944,d2ef3af803cf8e0f,TELEFONICA BRASIL S.A.
1012764289,10M0G7W,NR,2160.0,1970.0,210.0,17.3,25.0,68.0,11.0,X,30.0,40.0,-16.653217,-49.316592,d2ef3af803cf8e10,TELEFONICA BRASIL S.A.
1012764289,10M0G7W,NR,2160.0,1970.0,330.0,17.3,25.0,68.0,11.0,X,30.0,40.0,-16.653217,-49.316592,d2ef3af803cf8e11,TELEFONICA BRASIL S.A.
1012764289,10M0G7W,NR,2160.0,1970.0,90.0,17.3,25.0,68.0,11.0,X,30.0,40.0,-16.653217,-49.316592,d2ef3af803cf8e12,TELEFONICA BRASIL S.A.
1011149971,10M0G7W,NR,2160.0,1970.0,120.0,17.3,30.0,57.0,0.0,X,14.0,40.0,-16.70269,-49.25886,d2ef3af803cf8e13,TELEFONICA BRASIL S.A.
1011149971,10M0G7W,NR,2160.0,1970.0,360.0,17.3,30.0,57.0,0.0,X,14.0,40.0,-16.70269,-49.25886,d2ef3af803cf8e14,TELEFONICA BRASIL S.A.
1011149971,10M0G7W,NR,2160.0,1970.0,240.0,17.3,30.0,57.0,0.0,X,14.0,40.0,-16.70269,-49.25886,d2ef3af803cf8e15,TELEFONICA BRASIL S.A.
1012595827,10M0G7W,NR,2160.0,1970.0,70.0,16.9,27.0,63.0,0.0,X,22.0,40.0,-16.693786,-49.233133,d2ef3af803cf8e16,TELEFONICA BRASIL S.A.
1012595827,10M0G7W,NR,2160.0,1970.0,190.0,16.9,27.0,63.0,0.0,X,22.0,40.0,-16.693786,-49.233133,d2ef3af803cf8e17,TELEFONICA BRASIL S.A.
1012595827,10M0G7W,NR,2160.0,1970.0,310.0,16.9,27.0,63.0,0.0,X,22.0,40.0,-16.693786,-49.233133,d2ef3af803cf8e18,TELEFONICA BRASIL S.A.
1014768648,10M0G7W,NR,2160.0,1970.0,110.0,16.9,27.0,63.0,0.0,X,28.0,40.0,-16.72735,-49.3097,d2ef3af803cf8e1c,TELEFONICA BRASIL S.A.
1014768648,10M0G7W,NR,2160.0,1970.0,220.0,16.9,27.0,63.0,0.0,X,28.0,40.0,-16.72735,-49.3097,d2ef3af803cf8e1d,TELEFONICA BRASIL S.A.
1014768648,10M0G7W,NR,2160.0,1970.0,350.0,16.9,27.0,63.0,0.0,X,28.0,40.0,-16.72735,-49.3097,d2ef3af803cf8e1e,TELEFONICA BRASIL S.A.
1011545893,10M0G7W,NR,2160.0,1970.0,100.0,17.3,25.0,68.0,0.0,X,15.0,40.0,-16.71426,-49.20132,d2ef3af803cf8e1f,TELEFONICA BRASIL S.A.
1011545893,10M0G7W,NR,2160.0,1970.0,220.0,17.3,25.0,68.0,0.0,X,15.0,40.0,-16.71426,-49.20132,d2ef3af803cf8e20,TELEFONICA BRASIL S.A.
1011545893,10M0G7W,NR,2160.0,1970.0,340.0,17.3,25.0,68.0,0.0,X,15.0,40.0,-16.71426,-49.20132,d2ef3af803cf8e21,TELEFONICA BRASIL S.A.
1012166047,10M0G7W,NR,2160.0,1970.0,140.0,17.6,26.0,58.0,4.0,X,45.0,40.0,-16.698181,-49.221139,d2ef3af803cf8e22,TELEFONICA BRASIL S.A.
1012166047,10M0G7W,NR,2160.0,1970.0,260.0,17.6,26.0,58.0,4.0,X,45.0,40.0,-16.698181,-49.221139,d2ef3af803cf8e23,TELEFONICA BRASIL S.A.
1012166047,10M0G7W,NR,2160.0,1970.0,350.0,17.6,26.0,58.0,4.0,X,45.0,40.0,-16.698181,-49.221139,d2ef3af803cf8e24,TELEFONICA BRASIL S.A.
536434336,100MG7W,NR,3450.0,3450.0,80.0,16.8,23.8,65.0,0.0,X,24.5,200.0,-16.618161,-49.192964,2ed63af803319592,TELEFONICA BRASIL S.A.
536434336,100MG7W,NR,3450.0,3450.0,170.0,16.8,23.8,65.0,0.0,X,24.5,200.0,-16.618161,-49.192964,2ed63af803319593,TELEFONICA BRASIL S.A.
536434336,100MG7W,NR,3450.0,3450.0,330.0,16.8,23.8,65.0,0.0,X,24.5,200.0,-16.618161,-49.192964,2ed63af803319594,TELEFONICA BRASIL S.A.
1015005729,100MG7W,NR,3450.0,3450.0,0.0,25.0,23.0,60.0,0.0,X,10.0,31.62,-16.629164,-49.214144,2ed63af803319595,TELEFONICA BRASIL S.A.
396806651,100MG7W,NR,3450.0,3450.0,0.0,25.0,23.0,60.0,0.0,X,36.0,200.0,-16.602211,-49.263061,2ed63af8033195b4,TELEFONICA BRASIL S.A.
396806651,100MG7W,NR,3450.0,3450.0,120.0,25.0,23.0,60.0,0.0,X,36.0,200.0,-16.602211,-49.263061,2ed63af8033195b5,TELEFONICA BRASIL S.A.
396806651,100MG7W,NR,3450.0,3450.0,240.0,25.0,23.0,60.0,0.0,X,36.0,200.0,-16.602211,-49.263061,2ed63af8033195b6,TELEFONICA BRASIL S.A.
1015589305,100MG7W,NR,3450.0,3450.0,50.0,16.8,23.8,65.0,0.0,X,39.0,200.0,-16.6938,-49.19821,2ed63af8033195b7,TELEFONICA BRASIL S.A.
1015589305,100MG7W,NR,3450.0,3450.0,160.0,16.8,23.8,65.0,0.0,X,39.0,200.0,-16.6938,-49.19821,2ed63af8033195b8,TELEFONICA BRASIL S.A.
1015589305,100MG7W,NR,3450.0,3450.0,280.0,16.8,23.8,65.0,0.0,X,39.0,200.0,-16.6938,-49.19821,2ed63af8033195b9,TELEFONICA BRASIL S.A.
1009788725,100MG7W,NR,3450.0,3450.0,80.0,16.8,23.8,65.0,0.0,X,51.0,200.0,-16.670296,-49.234747,2ed63af8033195c9,TELEFONICA BRASIL S.A.
1009788725,100MG7W,NR,3450.0,3450.0,200.0,16.8,23.8,65.0,0.0,X,51.0,200.0,-16.670296,-49.234747,2ed63af8033195cb,TELEFONICA BRASIL S.A.
1009788725,100MG7W,NR,3450.0,3450.0,320.0,16.8,23.8,65.0,0.0,X,51.0,200.0,-16.670296,-49.234747,2ed63af8033195cd,TELEFONICA BRASIL S.A.
1008614855,100MG7W,NR,3450.0,3450.0,55.0,16.8,23.8,65.0,0.0,X,38.1,200.0,-16.666047,-49.184925,2ed63af8033195cf,TELEFONICA BRASIL S.A.
1008614855,100MG7W,NR,3450.0,3450.0,170.0,16.8,23.8,65.0,-5.0,X,38.1,200.0,-16.666047,-49.184925,2ed63af8033195d0,TELEFONICA BRASIL S.A.
1008614855,100MG7W,NR,3450.0,3450.0,280.0,16.8,23.8,65.0,-4.0,X,38.1,200.0,-16.666047,-49.184925,2ed63af8033195d1,TELEFONICA BRASIL S.A.
1006884618,100MG7W,NR,3450.0,3450.0,0.0,16.8,23.8,65.0,-3.0,X,39.0,200.0,-16.765831,-49.352264,2ed63af8033195db,TELEFONICA BRASIL S.A.
1006884618,100MG7W,NR,3450.0,3450.0,140.0,16.8,23.8,65.0,-2.0,X,39.0,200.0,-16.765831,-49.352264,2ed63af8033195dc,TELEFONICA BRASIL S.A.
1006884618,100MG7W,NR,3450.0,3450.0,270.0,16.8,23.8,65.0,-6.0,X,39.0,200.0,-16.765831,-49.352264,2ed63af8033195dd,TELEFONICA BRASIL S.A.
1006218391,100MG7W,NR,3450.0,3450.0,0.0,25.0,23.0,60.0,0.0,X,55.7,200.0,-16.714583,-49.259361,2ed63af8033195e4,TELEFONICA BRASIL S.A.
1006218391,100MG7W,NR,3450.0,3450.0,120.0,25.0,23.0,60.0,0.0,X,55.7,200.0,-16.714583,-49.259361,2ed63af8033195e7,TELEFONICA BRASIL S.A.
1006218391,100MG7W,NR,3450.0,3450.0,240.0,25.0,23.0,60.0,0.0,X,55.7,200.0,-16.714583,-49.259361,2ed63af8033195ea,TELEFONICA BRASIL S.A.
1008614898,100MG7W,NR,3450.0,3450.0,0.0,16.8,23.8,65.0,-6.0,X,35.0,200.0,-16.624139,-49.336961,2ed63af8033195f3,TELEFONICA BRASIL S.A.
1008614898,100MG7W,NR,3450.0,3450.0,120.0,16.8,23.8,65.0,-3.0,X,35.0,200.0,-16.624139,-49.336961,2ed63af8033195f4,TELEFONICA BRASIL S.A.
1008614898,100MG7W,NR,3450.0,3450.0,240.0,16.8,23.8,65.0,-1.0,X,35.0,200.0,-16.624139,-49.336961,2ed63af8033195f5,TELEFONICA BRASIL S.A.
689588526,100MG7W,NR,3450.0,3450.0,10.0,25.0,23.0,60.0,-2.0,X,34.0,200.0,-16.702667,-49.2425,2ed63af8033195fc,TELEFONICA BRASIL S.A.
689588526,100MG7W,NR,3450.0,3450.0,110.0,25.0,23.0,60.0,0.0,X,34.0,200.0,-16.702667,-49.2425,2ed63af8033195fd,TELEFONICA BRASIL S.A.
689588526,100MG7W,NR,3450.0,3450.0,230.0,25.0,23.0,60.0,-4.0,X,34.0,200.0,-16.702667,-49.2425,2ed63af8033195fe,TELEFONICA BRASIL S.A.
1012138922,100MG7W,NR,3450.0,3450.0,0.0,16.8,23.8,65.0,0.0,X,30.7,200.0,-16.662778,-49.356389,2ed63af8033195ff,TELEFONICA BRASIL S.A.
1012138922,100MG7W,NR,3450.0,3450.0,100.0,16.8,23.8,65.0,0.0,X,30.7,200.0,-16.662778,-49.356389,2ed63af803319600,TELEFONICA BRASIL S.A.
1012138922,100MG7W,NR,3450.0,3450.0,240.0,16.8,23.8,65.0,0.0,X,30.7,200.0,-16.662778,-49.356389,2ed63af803319601,TELEFONICA BRASIL S.A.
1015572186,100MG7W,NR,3450.0,3450.0,100.0,16.8,23.8,65.0,0.0,X,30.0,200.0,-16.73815,-49.34441,2ed63af803319614,TELEFONICA BRASIL S.A.
1015572186,100MG7W,NR,3450.0,3450.0,220.0,16.8,23.8,65.0,0.0,X,30.0,200.0,-16.73815,-49.34441,2ed63af803319615,TELEFONICA BRASIL S.A.
1015572186,100MG7W,NR,3450.0,3450.0,340.0,16.8,23.8,65.0,0.0,X,30.0,200.0,-16.73815,-49.34441,2ed63af803319616,TELEFONICA BRASIL S.A.
1015769850,100MG7W,NR,3450.0,3450.0,0.0,16.8,23.8,65.0,-3.0,X,40.6,200.0,-16.67155,-49.31556,2ed63af803319617,TELEFONICA BRASIL S.A.
1015769850,100MG7W,NR,3450.0,3450.0,120.0,16.8,23.8,65.0,-2.0,X,40.6,200.0,-16.67155,-49.31556,2ed63af803319618,TELEFONICA BRASIL S.A.
1015769850,100MG7W,NR,3450.0,3450.0,240.0,16.8,23.8,65.0,-5.0,X,40.6,200.0,-16.67155,-49.31556,2ed63af803319619,TELEFONICA BRASIL S.A.
1012772044,100MG7W,NR,3450.0,3450.0,70.0,16.8,23.8,65.0,-3.0,X,34.5,200.0,-16.713333,-49.184722,2ed63af803319629,TELEFONICA BRASIL S.A.
1012772044,100MG7W,NR,3450.0,3450.0,190.0,16.8,23.8,65.0,-1.0,X,34.5,200.0,-16.713333,-49.184722,2ed63af80331962a,TELEFONICA BRASIL S.A.
1012772044,100MG7W,NR,3450.0,3450.0,310.0,16.8,23.8,65.0,-2.0,X,34.5,200.0,-16.713333,-49.184722,2ed63af80331962b,TELEFONICA BRASIL S.A.
688830390,100MG7W,NR,3450.0,3450.0,30.0,25.0,23.0,60.0,-4.0,X,41.0,200.0,-16.724778,-49.374861,2ed63af80331962c,TELEFONICA BRASIL S.A.
688830390,100MG7W,NR,3450.0,3450.0,150.0,25.0,23.0,60.0,-4.0,X,41.0,200.0,-16.724778,-49.374861,2ed63af80331962d,TELEFONICA BRASIL S.A.
688830390,100MG7W,NR,3450.0,3450.0,270.0,25.0,23.0,60.0,-3.0,X,41.0,200.0,-16.724778,-49.374861,2ed63af80331962e,TELEFONICA BRASIL S.A.
1010217329,100MG7W,NR,3450.0,3450.0,160.0,16.8,23.8,65.0,0.0,X,45.0,200.0,-16.589117,-49.375192,2ed63af80331962f,TELEFONICA BRASIL S.A.
1010217329,100MG7W,NR,3450.0,3450.0,270.0,16.8,23.8,65.0,0.0,X,45.0,200.0,-16.589117,-49.375192,2ed63af803319630,TELEFONICA BRASIL S.A.
1010217329,100MG7W,NR,3450.0,3450.0,350.0,16.8,23.8,65.0,0.0,X,45.0,200.0,-16.589117,-49.375192,2ed63af803319631,TELEFONICA BRASIL S.A.
1010490106,100MG7W,NR,3450.0,3450.0,0.0,16.8,23.8,65.0,-2.0,X,18.0,200.0,-16.629111,-49.363,2ed63af803319647,TELEFONICA BRASIL S.A.
1010490106,100MG7W,NR,3450.0,3450.0,120.0,16.8,23.8,65.0,-3.0,X,18.0,200.0,-16.629111,-49.363,2ed63af803319648,TELEFONICA BRASIL S.A.
1010490106,100MG7W,NR,3450.0,3450.0,240.0,16.8,23.8,65.0,-3.0,X,18.0,200.0,-16.629111,-49.363,2ed63af803319649,TELEFONICA BRASIL S.A.
1016181164,100MG7W,NR,3450.0,3450.0,110.0,25.0,25.0,65.0,0.0,X,29.0,200.0,-16.6137,-49.307231,2ed63af803afe941,TELEFONICA BRASIL S.A.
1016181164,100MG7W,NR,3450.0,3450.0,230.0,25.0,25.0,65.0,0.0,X,29.0,200.0,-16.6137,-49.307231,2ed63af803afe942,TELEFONICA BRASIL S.A.
1016181164,100MG7W,NR,3450.0,3450.0,350.0,25.0,25.0,65.0,0.0,X,29.0,200.0,-16.6137,-49.307231,2ed63af803afe943,TELEFONICA BRASIL S.A.
1016181199,100MG7W,NR,3450.0,3450.0,90.0,25.0,25.0,65.0,0.0,X,35.0,200.0,-16.5972,-49.31518,2ed63af803afe95c,TELEFONICA BRASIL S.A.
1016181199,100MG7W,NR,3450.0,3450.0,240.0,25.0,25.0,65.0,0.0,X,35.0,200.0,-16.5972,-49.31518,2ed63af803afe95d,TELEFONICA BRASIL S.A.
1016181199,100MG7W,NR,3450.0,3450.0,340.0,25.0,25.0,65.0,0.0,X,35.0,200.0,-16.5972,-49.31518,2ed63af803afe95e,TELEFONICA BRASIL S.A.
