,odc_locations,capacities
0,"(-3.0875, -60.04028)",936
1,"(-3.12861, -60.01306)",798
2,"(-3.04194, -59.92889)",378
3,"(-3.11417, -60.01056)",798
4,"(-3.03469, -59.9938)",294
5,"(-3.08778, -60.01694)",756
