,odc_locations,fiberlength
0,"(-5.78611, -35.20722)",257.1411508591139
1,"(-5.862861, -35.1805)",65.28635858308127
2,"(-5.831416, -35.204944)",154.41549646703052
