,odc_locations,capacities
0,"(-5.823889, -35.202278)",929
1,"(-5.78389, -35.19944)",924
2,"(-5.8775, -35.17722)",462
