,odc_locations,capacities
0,"(-3.02806, -59.98861)",252
1,"(-2.97417, -59.99028)",42
2,"(-3.11778, -60.01806)",840
3,"(-3.08083, -60.03306)",726
4,"(-3.04194, -59.92889)",378
5,"(-3.10759, -60.05268)",588
6,"(-3.10611, -59.99306)",672
7,"(-3.13611, -60.02028)",462
