,odc_locations,capacities
0,"(-5.78611, -35.20722)",966
1,"(-5.862861, -35.1805)",504
2,"(-5.831416, -35.204944)",845
