,odc_locations,fiberlength
0,"(-2.97417, -59.99028)",11.676904845294505
1,"(-3.02139, -59.94583)",26.397107822468243
2,"(-3.07778, -60.00778)",145.56075151097878
3,"(-3.08778, -60.05694)",126.33094393315979
4,"(-3.04194, -59.92889)",20.874353289938036
5,"(-3.12917, -60.02667)",93.02684040993391
6,"(-3.12833, -60.00361)",96.29789008987001
