,odc_locations,fiberlength
0,"(-5.829694, -35.212)",171.31178217601504
1,"(-5.77944, -35.19778)",262.7258576121495
2,"(-5.8775, -35.17722)",52.21538999993051
