,odc_locations,capacities
0,"(-3.09417, -60.02306)",882
1,"(-3.02806, -59.98861)",294
2,"(-3.02139, -59.94583)",126
3,"(-3.08942, -60.00514)",924
4,"(-3.11444, -60.04806)",840
5,"(-3.0875, -60.04028)",642
6,"(-3.04194, -59.92889)",252
