,odc_locations,capacities
0,"(-3.09417, -59.99083)",882
1,"(-3.0875, -60.04028)",852
2,"(-3.04194, -59.92889)",546
3,"(-3.07889, -60.07028)",336
4,"(-3.12278, -60.01333)",882
5,"(-3.13611, -60.02028)",462
