,odc_locations,capacities
0,"(-5.735797, -35.254392)",336
1,"(-5.86944, -35.19056)",546
2,"(-5.77833, -35.20194)",504
3,"(-5.82417, -35.21333)",929
