,odc_locations,fiberlength
0,"(-5.750972, -35.255888)",53.79674390235305
1,"(-5.87167, -35.18111)",55.71600884918924
2,"(-5.829694, -35.212)",140.7061226905833
3,"(-5.78389, -35.19944)",71.820826874656
