,odc_locations,capacities
0,"(-3.02139, -59.94583)",588
1,"(-3.0875, -60.04028)",726
2,"(-3.10611, -60.0175)",672
3,"(-3.07889, -60.07028)",336
4,"(-3.09722, -59.99333)",756
5,"(-3.13056, -60.02111)",882
