,odc_locations,capacities
0,"(-5.735797, -35.254392)",336
1,"(-5.78972, -35.20222)",672
2,"(-5.87556, -35.18)",504
3,"(-5.82417, -35.21333)",803
