,odc_locations,fiberlength
0,"(-5.735797, -35.254392)",56.52004531466572
1,"(-5.78972, -35.20222)",69.46760991259794
2,"(-5.87556, -35.18)",58.068090865571605
3,"(-5.82417, -35.21333)",143.48715161838888
