,odc_locations,fiberlength
0,"(-3.0875, -60.04028)",132.9629985231199
1,"(-3.11028, -59.99111)",58.074496638003964
2,"(-3.04194, -59.92889)",119.14190419359639
3,"(-3.08167, -60.01361)",105.44008004923165
4,"(-3.10861, -60.02361)",65.44315280061959
5,"(-3.13389, -60.01667)",53.2912377692701
