,odc_locations,capacities
0,"(-3.08942, -60.00514)",924
1,"(-3.11444, -60.04806)",210
2,"(-3.10611, -60.0175)",294
3,"(-3.04194, -59.92889)",546
4,"(-3.11417, -60.01056)",672
5,"(-3.13861, -60.02167)",546
6,"(-3.0975, -60.05056)",768
