,odc_locations,fiberlength
0,"(-5.87556, -35.18)",46.65603539442971
1,"(-5.77944, -35.19778)",262.7258576121495
2,"(-5.831416, -35.204944)",171.59485507348643
