,odc_locations,fiberlength
0,"(-3.02806, -59.98861)",47.82938631303317
1,"(-3.07222, -59.94861)",10.809934016403759
2,"(-3.0875, -60.04028)",159.12351078141933
3,"(-3.04194, -59.92889)",36.69460745089405
4,"(-3.09639, -60.00111)",60.35296648213533
5,"(-3.09694, -60.01528)",69.64434541981304
6,"(-3.13389, -60.01667)",85.7636659020569
