,odc_locations,capacities
0,"(-3.13361, -60.02083)",840
1,"(-3.0875, -60.04028)",894
2,"(-3.10611, -60.0175)",966
3,"(-3.04194, -59.92889)",504
4,"(-3.08167, -60.01361)",756
