,odc_locations,capacities
0,"(-5.87556, -35.18)",462
1,"(-5.77944, -35.19778)",924
2,"(-5.831416, -35.204944)",929
