,odc_locations,capacities
0,"(-3.09417, -60.02306)",798
1,"(-3.11778, -60.01806)",756
2,"(-3.00917, -59.99083)",672
3,"(-3.12861, -60.01306)",798
4,"(-3.08583, -60.02361)",936
