,odc_locations,fiberlength
0,"(-3.09417, -60.02306)",141.7044816313336
1,"(-3.11778, -60.01806)",87.3147679398485
2,"(-3.00917, -59.99083)",254.64938529622995
3,"(-3.12861, -60.01306)",86.27372490995162
4,"(-3.08583, -60.02361)",192.03300172603969
