,odc_locations,capacities
0,"(-5.77833, -35.20194)",924
1,"(-5.831416, -35.204944)",929
2,"(-5.8775, -35.17722)",462
