,odc_locations,capacities
0,"(-3.02139, -59.94583)",588
1,"(-3.10028, -60.02028)",924
2,"(-3.13639, -60.02472)",798
3,"(-3.07889, -60.02472)",936
4,"(-3.09722, -59.99333)",714
