,odc_locations,fiberlength
0,"(-3.02139, -59.94583)",143.72462522773745
1,"(-3.10028, -60.02028)",138.53049937452195
2,"(-3.13639, -60.02472)",73.67064991414472
3,"(-3.07889, -60.02472)",189.90878897995367
4,"(-3.09722, -59.99333)",90.43723595902753
