,odc_locations,fiberlength
0,"(-3.02806, -59.98861)",47.82938631303317
1,"(-3.09417, -59.99083)",79.08076909516987
2,"(-3.06472, -60.04361)",186.5290945630328
3,"(-3.02139, -59.94583)",47.89813984654272
4,"(-3.12861, -60.01306)",88.95227264913318
5,"(-3.105, -60.01333)",129.17462221621236
