,odc_locations,fiberlength
0,"(-3.02806, -59.98861)",178.3816130176863
1,"(-2.97417, -59.99028)",0.0
2,"(-3.09528, -60.05361)",75.65787541331179
3,"(-3.0875, -60.04028)",52.138495828655756
4,"(-3.08667, -59.99583)",121.17357225539087
5,"(-3.13639, -60.02472)",20.57552077972985
6,"(-3.12111, -60.01889)",95.79739729948356
