,odc_locations,fiberlength
0,"(-5.87167, -35.18111)",55.71600884918924
1,"(-5.77833, -35.20194)",254.0576166396449
2,"(-5.829694, -35.212)",160.51684382435215
