,odc_locations,fiberlength
0,"(-3.10361, -59.95667)",10.809934016403759
1,"(-3.0875, -60.04028)",158.77851186982764
2,"(-3.07778, -60.00778)",105.62906030161989
3,"(-3.04194, -59.92889)",107.092838783192
4,"(-3.12833, -60.00361)",99.39597702403279
5,"(-3.10917, -60.0125)",96.29050036562606
