,odc_locations,fiberlength
0,"(-3.06472, -60.04361)",22.41410850113269
1,"(-3.02139, -59.94583)",80.1352961379671
2,"(-3.0875, -60.04028)",130.52953049981835
3,"(-3.04194, -59.92889)",20.874353289938036
4,"(-3.08167, -60.01361)",79.80034684889985
5,"(-3.10611, -59.99306)",107.84646656513702
6,"(-3.13861, -60.02167)",80.68301573208703
