,odc_locations,fiberlength
0,"(-5.735797, -35.254392)",56.52004531466572
1,"(-5.86944, -35.19056)",55.77297262322698
2,"(-5.829694, -35.212)",140.7061226905833
3,"(-5.78389, -35.19944)",71.820826874656
