,odc_locations,fiberlength
0,"(-3.13361, -60.02083)",65.84172078944229
1,"(-3.04194, -59.92889)",20.874353289938036
2,"(-3.08667, -59.99583)",98.24339153425109
3,"(-3.105, -60.01333)",95.90313775634714
4,"(-3.0975, -60.05056)",138.56134317021238
5,"(-3.01778, -59.94722)",79.14200766703007
