,odc_locations,fiberlength
0,"(-3.02806, -59.98861)",47.82938631303317
1,"(-3.0875, -60.04028)",78.53153701665929
2,"(-3.04194, -59.92889)",48.74367286129842
3,"(-3.1025, -59.99806)",122.58074571723165
4,"(-3.126208, -60.015944)",44.72279322498325
5,"(-3.0975, -60.05056)",79.3425851321251
6,"(-3.13278, -60.02361)",27.842949945061758
