,odc_locations,capacities
0,"(-3.13361, -60.02083)",798
1,"(-3.02806, -59.98861)",252
2,"(-2.97417, -59.99028)",42
3,"(-3.02139, -59.94583)",126
4,"(-3.10889, -60.00111)",924
5,"(-3.04194, -59.92889)",252
6,"(-3.08167, -60.01361)",756
7,"(-3.10306, -60.05083)",810
