,odc_locations,fiberlength
0,"(-3.13361, -60.02083)",54.37339230180777
1,"(-3.02806, -59.98861)",29.8438964510587
2,"(-2.97417, -59.99028)",0.0
3,"(-3.02139, -59.94583)",1.2901944394476468
4,"(-3.10889, -60.00111)",112.5571294108299
5,"(-3.04194, -59.92889)",20.874353289938036
6,"(-3.08167, -60.01361)",89.9619516134774
7,"(-3.10306, -60.05083)",116.19547323300017
