,"case_2: wcpu 0.1, wodc 0.1, wd 0.8, odcs 0","case_2: wcpu 0.1, wodc 0.2, wd 0.7, odcs 0","case_2: wcpu 0.1, wodc 0.3, wd 0.6, odcs 0","case_2: wcpu 0.1, wodc 0.4, wd 0.5, odcs 0","case_2: wcpu 0.1, wodc 0.5, wd 0.4, odcs 0","case_2: wcpu 0.1, wodc 0.6, wd 0.3, odcs 0","case_2: wcpu 0.1, wodc 0.7, wd 0.2, odcs 0","case_2: wcpu 0.1, wodc 0.8, wd 0.1, odcs 0","case_2: wcpu 0.3, wodc 0.1, wd 0.6, odcs 0","case_2: wcpu 0.3, wodc 0.2, wd 0.5, odcs 0","case_2: wcpu 0.3, wodc 0.3, wd 0.4, odcs 0","case_2: wcpu 0.3, wodc 0.4, wd 0.3, odcs 0","case_2: wcpu 0.3, wodc 0.5, wd 0.2, odcs 0","case_2: wcpu 0.3, wodc 0.6, wd 0.1, odcs 0","case_2: wcpu 0.5, wodc 0.1, wd 0.4, odcs 0","case_2: wcpu 0.5, wodc 0.2, wd 0.3, odcs 0","case_2: wcpu 0.5, wodc 0.3, wd 0.2, odcs 0","case_2: wcpu 0.5, wodc 0.4, wd 0.1, odcs 0","case_2: wcpu 0.7, wodc 0.1, wd 0.2, odcs 0","case_2: wcpu 0.7, wodc 0.2, wd 0.1, odcs 0","case_2: wcpu 0.8, wodc 0.1, wd 0.1, odcs 0"
0,42.0,168.0,336.0,378.0,378.0,420.0,378.0,378.0,168.0,252.0,420.0,378.0,378.0,420.0,168.0,378.0,420.0,378.0,336.0,378.0,378.0
1,84.0,154.0,364.0,994.0,742.0,532.0,784.0,994.0,126.0,364.0,532.0,784.0,742.0,532.0,154.0,700.0,532.0,994.0,406.0,994.0,994.0
2,84.0,210.0,294.0,294.0,378.0,784.0,994.0,784.0,154.0,210.0,784.0,994.0,378.0,784.0,210.0,294.0,784.0,784.0,210.0,784.0,784.0
3,126.0,84.0,252.0,490.0,784.0,378.0,930.0,930.0,84.0,84.0,378.0,930.0,784.0,378.0,84.0,378.0,378.0,930.0,294.0,930.0,930.0
4,42.0,196.0,378.0,930.0,804.0,972.0,532.0,532.0,168.0,196.0,972.0,532.0,804.0,972.0,196.0,846.0,972.0,532.0,378.0,532.0,532.0
5,84.0,84.0,972.0,532.0,532.0,532.0,420.0,420.0,84.0,294.0,532.0,420.0,532.0,532.0,84.0,490.0,532.0,420.0,490.0,420.0,420.0
6,84.0,252.0,490.0,420.0,420.0,420.0,784.0,784.0,126.0,336.0,420.0,784.0,420.0,420.0,84.0,532.0,420.0,784.0,972.0,784.0,784.0
7,126.0,210.0,406.0,784.0,784.0,378.0,378.0,378.0,126.0,378.0,378.0,378.0,784.0,378.0,84.0,420.0,378.0,378.0,406.0,378.0,378.0
8,42.0,252.0,336.0,378.0,378.0,972.0,972.0,972.0,84.0,294.0,972.0,972.0,378.0,972.0,252.0,378.0,972.0,972.0,336.0,972.0,972.0
9,84.0,378.0,210.0,972.0,972.0,784.0,378.0,378.0,126.0,678.0,784.0,378.0,972.0,784.0,210.0,294.0,784.0,378.0,210.0,378.0,378.0
10,126.0,294.0,378.0,378.0,378.0,378.0,952.0,952.0,210.0,84.0,378.0,846.0,378.0,378.0,126.0,490.0,378.0,952.0,378.0,952.0,952.0
11,126.0,84.0,294.0,378.0,846.0,378.0,868.0,868.0,42.0,364.0,378.0,994.0,846.0,378.0,252.0,972.0,378.0,868.0,294.0,868.0,868.0
12,42.0,84.0,972.0,742.0,994.0,700.0,888.0,888.0,126.0,252.0,700.0,868.0,994.0,700.0,294.0,378.0,700.0,888.0,490.0,888.0,888.0
13,126.0,636.0,490.0,804.0,868.0,846.0,378.0,378.0,42.0,210.0,490.0,378.0,868.0,784.0,636.0,378.0,784.0,378.0,972.0,378.0,378.0
14,42.0,84.0,336.0,784.0,336.0,784.0,700.0,742.0,126.0,378.0,294.0,742.0,336.0,846.0,252.0,700.0,846.0,742.0,336.0,742.0,742.0
15,42.0,154.0,406.0,378.0,210.0,378.0,378.0,378.0,42.0,294.0,846.0,378.0,210.0,420.0,84.0,490.0,420.0,378.0,406.0,378.0,378.0
16,42.0,168.0,378.0,742.0,910.0,742.0,846.0,804.0,42.0,336.0,420.0,804.0,910.0,532.0,154.0,294.0,532.0,804.0,378.0,804.0,804.0
17,42.0,84.0,490.0,378.0,846.0,378.0,784.0,784.0,126.0,678.0,532.0,784.0,846.0,378.0,168.0,846.0,378.0,784.0,210.0,784.0,784.0
18,84.0,84.0,972.0,804.0,784.0,804.0,378.0,378.0,70.0,490.0,378.0,378.0,784.0,972.0,84.0,378.0,972.0,378.0,294.0,378.0,378.0
19,70.0,252.0,210.0,784.0,378.0,784.0,784.0,784.0,168.0,84.0,972.0,784.0,378.0,784.0,210.0,742.0,784.0,784.0,972.0,784.0,784.0
20,42.0,196.0,294.0,378.0,784.0,378.0,378.0,378.0,84.0,252.0,784.0,378.0,784.0,378.0,252.0,378.0,378.0,378.0,490.0,378.0,378.0
21,28.0,378.0,336.0,784.0,378.0,378.0,742.0,700.0,84.0,364.0,378.0,700.0,378.0,784.0,196.0,294.0,784.0,700.0,336.0,700.0,700.0
22,126.0,210.0,406.0,378.0,700.0,784.0,804.0,846.0,258.0,378.0,784.0,846.0,700.0,378.0,210.0,804.0,378.0,846.0,406.0,846.0,846.0
23,42.0,252.0,210.0,700.0,846.0,700.0,294.0,784.0,252.0,210.0,378.0,784.0,846.0,700.0,252.0,490.0,700.0,784.0,210.0,784.0,784.0
24,42.0,294.0,378.0,846.0,784.0,846.0,490.0,972.0,84.0,336.0,700.0,972.0,784.0,846.0,168.0,378.0,846.0,972.0,378.0,972.0,972.0
25,42.0,210.0,294.0,784.0,804.0,336.0,378.0,532.0,84.0,294.0,846.0,532.0,804.0,336.0,84.0,378.0,336.0,532.0,294.0,532.0,532.0
26,42.0,84.0,972.0,972.0,378.0,532.0,846.0,420.0,168.0,678.0,336.0,420.0,378.0,532.0,636.0,490.0,532.0,420.0,972.0,420.0,420.0
27,42.0,636.0,490.0,532.0,378.0,972.0,700.0,378.0,70.0,490.0,532.0,378.0,378.0,972.0,84.0,700.0,972.0,378.0,490.0,378.0,378.0
28,84.0,84.0,378.0,420.0,742.0,420.0,378.0,378.0,84.0,252.0,972.0,378.0,742.0,420.0,126.0,294.0,420.0,378.0,378.0,378.0,378.0
29,84.0,168.0,336.0,378.0,378.0,448.0,378.0,952.0,154.0,84.0,420.0,930.0,378.0,448.0,252.0,846.0,448.0,952.0,336.0,952.0,952.0
30,42.0,154.0,406.0,378.0,952.0,378.0,952.0,888.0,42.0,336.0,448.0,994.0,952.0,378.0,126.0,972.0,378.0,888.0,406.0,888.0,888.0
31,42.0,378.0,490.0,930.0,888.0,378.0,888.0,868.0,168.0,364.0,378.0,784.0,888.0,378.0,84.0,294.0,378.0,868.0,490.0,868.0,868.0
32,42.0,84.0,294.0,994.0,868.0,930.0,294.0,784.0,84.0,210.0,378.0,784.0,868.0,952.0,168.0,532.0,952.0,784.0,294.0,784.0,784.0
33,84.0,84.0,972.0,784.0,378.0,994.0,574.0,742.0,42.0,378.0,742.0,742.0,378.0,888.0,154.0,420.0,888.0,742.0,972.0,742.0,742.0
34,216.0,252.0,210.0,784.0,952.0,784.0,784.0,378.0,84.0,294.0,294.0,378.0,952.0,868.0,168.0,490.0,868.0,378.0,210.0,378.0,378.0
35,168.0,636.0,210.0,742.0,972.0,784.0,742.0,378.0,42.0,678.0,888.0,378.0,972.0,784.0,84.0,378.0,784.0,378.0,972.0,378.0,378.0
36,126.0,210.0,336.0,378.0,784.0,742.0,378.0,804.0,84.0,490.0,784.0,804.0,784.0,742.0,84.0,378.0,742.0,804.0,210.0,804.0,804.0
37,84.0,252.0,406.0,378.0,378.0,378.0,378.0,378.0,42.0,378.0,784.0,378.0,378.0,378.0,252.0,742.0,378.0,378.0,294.0,378.0,378.0
38,84.0,294.0,972.0,804.0,742.0,378.0,804.0,930.0,126.0,252.0,742.0,930.0,742.0,378.0,126.0,294.0,378.0,930.0,406.0,930.0,930.0
39,84.0,210.0,336.0,378.0,378.0,804.0,378.0,994.0,126.0,210.0,378.0,994.0,378.0,804.0,252.0,378.0,804.0,994.0,336.0,994.0,994.0
40,84.0,84.0,448.0,930.0,804.0,378.0,930.0,784.0,126.0,84.0,378.0,784.0,804.0,378.0,210.0,804.0,378.0,784.0,490.0,784.0,784.0
41,70.0,196.0,378.0,994.0,784.0,930.0,994.0,336.0,210.0,364.0,804.0,420.0,784.0,930.0,252.0,490.0,930.0,336.0,378.0,336.0,336.0
42,84.0,168.0,336.0,784.0,420.0,994.0,784.0,406.0,126.0,490.0,378.0,532.0,420.0,994.0,210.0,294.0,994.0,406.0,336.0,406.0,406.0
43,126.0,84.0,210.0,420.0,532.0,784.0,420.0,378.0,126.0,336.0,742.0,378.0,532.0,784.0,636.0,742.0,784.0,378.0,210.0,378.0,378.0
44,42.0,294.0,406.0,532.0,784.0,336.0,532.0,784.0,126.0,294.0,378.0,294.0,784.0,336.0,84.0,490.0,336.0,784.0,406.0,784.0,784.0
45,84.0,252.0,378.0,378.0,972.0,406.0,378.0,210.0,258.0,678.0,804.0,972.0,972.0,406.0,196.0,378.0,406.0,210.0,378.0,210.0,210.0
46,84.0,154.0,294.0,294.0,378.0,378.0,972.0,972.0,126.0,678.0,784.0,490.0,378.0,378.0,126.0,378.0,378.0,972.0,294.0,972.0,972.0
47,126.0,84.0,972.0,972.0,378.0,784.0,784.0,378.0,294.0,210.0,336.0,378.0,378.0,784.0,168.0,804.0,784.0,378.0,972.0,378.0,378.0
48,42.0,210.0,490.0,490.0,294.0,210.0,420.0,294.0,84.0,294.0,406.0,294.0,294.0,210.0,84.0,378.0,210.0,294.0,490.0,294.0,294.0
49,42.0,84.0,406.0,420.0,742.0,972.0,532.0,784.0,84.0,84.0,378.0,888.0,742.0,972.0,168.0,294.0,972.0,784.0,406.0,784.0,784.0
50,42.0,252.0,294.0,532.0,888.0,420.0,972.0,888.0,126.0,364.0,784.0,742.0,888.0,420.0,252.0,742.0,420.0,888.0,294.0,888.0,888.0
51,126.0,636.0,490.0,378.0,784.0,532.0,378.0,742.0,84.0,336.0,210.0,784.0,784.0,784.0,154.0,490.0,784.0,742.0,490.0,742.0,742.0
52,42.0,378.0,378.0,972.0,420.0,972.0,784.0,420.0,84.0,252.0,972.0,784.0,420.0,532.0,84.0,378.0,532.0,420.0,378.0,420.0,420.0
53,84.0,210.0,210.0,784.0,532.0,378.0,420.0,532.0,168.0,378.0,420.0,252.0,532.0,972.0,210.0,804.0,972.0,532.0,210.0,532.0,532.0
54,42.0,84.0,336.0,784.0,378.0,784.0,532.0,378.0,42.0,490.0,784.0,378.0,378.0,378.0,84.0,420.0,378.0,378.0,336.0,378.0,378.0
55,126.0,196.0,972.0,252.0,972.0,378.0,378.0,972.0,154.0,336.0,532.0,888.0,972.0,378.0,252.0,532.0,378.0,972.0,972.0,972.0,972.0
56,126.0,378.0,336.0,378.0,784.0,742.0,972.0,784.0,126.0,252.0,972.0,784.0,784.0,742.0,126.0,378.0,742.0,784.0,336.0,784.0,784.0
57,42.0,196.0,406.0,888.0,784.0,378.0,784.0,532.0,126.0,210.0,378.0,784.0,784.0,784.0,636.0,294.0,784.0,532.0,406.0,532.0,532.0
58,42.0,168.0,294.0,784.0,532.0,804.0,784.0,420.0,84.0,364.0,378.0,378.0,532.0,378.0,378.0,972.0,378.0,420.0,294.0,420.0,420.0
59,84.0,84.0,210.0,784.0,420.0,784.0,532.0,378.0,84.0,84.0,742.0,378.0,420.0,804.0,210.0,490.0,804.0,378.0,490.0,378.0,378.0
60,126.0,294.0,490.0,532.0,378.0,532.0,420.0,972.0,126.0,378.0,490.0,742.0,378.0,532.0,84.0,378.0,532.0,972.0,210.0,972.0,972.0
61,28.0,84.0,378.0,420.0,972.0,420.0,378.0,784.0,42.0,294.0,378.0,804.0,972.0,420.0,196.0,294.0,420.0,784.0,378.0,784.0,784.0
62,126.0,84.0,972.0,378.0,784.0,378.0,972.0,784.0,70.0,678.0,294.0,784.0,784.0,378.0,378.0,490.0,378.0,784.0,972.0,784.0,784.0
63,42.0,154.0,336.0,972.0,378.0,972.0,784.0,406.0,126.0,490.0,804.0,532.0,378.0,972.0,196.0,888.0,972.0,406.0,336.0,406.0,406.0
64,126.0,84.0,406.0,784.0,930.0,784.0,378.0,924.0,42.0,84.0,532.0,420.0,930.0,784.0,168.0,742.0,784.0,924.0,406.0,924.0,924.0
65,84.0,252.0,378.0,532.0,994.0,784.0,930.0,210.0,42.0,364.0,420.0,378.0,994.0,784.0,84.0,294.0,784.0,210.0,378.0,210.0,210.0
66,42.0,252.0,210.0,420.0,378.0,294.0,994.0,762.0,258.0,294.0,378.0,972.0,378.0,252.0,84.0,420.0,252.0,762.0,210.0,762.0,762.0
67,42.0,210.0,294.0,378.0,742.0,252.0,868.0,378.0,84.0,490.0,972.0,532.0,742.0,378.0,84.0,532.0,378.0,378.0,294.0,378.0,378.0
68,42.0,636.0,972.0,972.0,804.0,784.0,336.0,994.0,168.0,336.0,784.0,420.0,804.0,784.0,154.0,378.0,784.0,994.0,972.0,994.0,742.0
69,168.0,210.0,490.0,784.0,378.0,972.0,994.0,868.0,294.0,378.0,784.0,972.0,378.0,888.0,252.0,294.0,888.0,868.0,490.0,868.0,804.0
70,42.0,196.0,336.0,532.0,784.0,378.0,888.0,846.0,126.0,210.0,252.0,378.0,784.0,784.0,252.0,972.0,784.0,846.0,336.0,846.0,378.0
71,42.0,84.0,210.0,420.0,784.0,994.0,784.0,378.0,126.0,252.0,378.0,784.0,784.0,378.0,210.0,490.0,378.0,378.0,294.0,378.0,784.0
72,42.0,636.0,406.0,972.0,378.0,930.0,378.0,930.0,210.0,678.0,784.0,784.0,378.0,972.0,636.0,378.0,972.0,930.0,210.0,930.0,378.0
73,42.0,210.0,490.0,378.0,930.0,784.0,930.0,994.0,126.0,252.0,888.0,378.0,930.0,952.0,84.0,378.0,952.0,994.0,364.0,994.0,930.0
74,216.0,210.0,972.0,784.0,994.0,784.0,994.0,294.0,84.0,364.0,784.0,378.0,994.0,378.0,210.0,742.0,378.0,294.0,336.0,294.0,994.0
75,84.0,84.0,378.0,378.0,532.0,378.0,532.0,490.0,84.0,294.0,378.0,742.0,532.0,784.0,294.0,294.0,784.0,490.0,490.0,490.0,294.0
76,84.0,84.0,294.0,930.0,420.0,378.0,420.0,378.0,126.0,84.0,846.0,804.0,420.0,378.0,196.0,804.0,378.0,378.0,762.0,378.0,490.0
77,84.0,154.0,210.0,994.0,378.0,742.0,378.0,742.0,84.0,490.0,378.0,378.0,378.0,742.0,84.0,490.0,742.0,742.0,294.0,742.0,378.0
78,84.0,252.0,336.0,378.0,784.0,804.0,784.0,294.0,42.0,336.0,700.0,700.0,784.0,804.0,636.0,532.0,804.0,294.0,210.0,294.0,742.0
79,168.0,168.0,406.0,742.0,972.0,532.0,972.0,888.0,126.0,210.0,378.0,378.0,972.0,532.0,210.0,294.0,532.0,888.0,336.0,888.0,294.0
80,84.0,294.0,490.0,378.0,532.0,420.0,532.0,784.0,70.0,378.0,490.0,846.0,532.0,420.0,294.0,420.0,420.0,784.0,406.0,784.0,888.0
81,84.0,84.0,378.0,784.0,378.0,378.0,378.0,378.0,168.0,678.0,378.0,784.0,378.0,378.0,210.0,378.0,378.0,378.0,378.0,378.0,784.0
82,42.0,378.0,294.0,804.0,420.0,784.0,420.0,742.0,84.0,252.0,742.0,378.0,420.0,784.0,84.0,972.0,784.0,742.0,294.0,742.0,378.0
83,126.0,252.0,972.0,378.0,784.0,972.0,784.0,378.0,84.0,364.0,294.0,742.0,784.0,972.0,84.0,490.0,972.0,378.0,972.0,378.0,742.0
84,84.0,252.0,406.0,742.0,972.0,532.0,972.0,784.0,126.0,84.0,804.0,378.0,972.0,532.0,154.0,532.0,532.0,784.0,490.0,784.0,378.0
85,126.0,168.0,336.0,378.0,420.0,378.0,420.0,804.0,126.0,336.0,532.0,784.0,420.0,378.0,252.0,420.0,378.0,804.0,406.0,804.0,784.0
86,42.0,210.0,210.0,784.0,532.0,420.0,532.0,420.0,154.0,378.0,420.0,804.0,532.0,420.0,168.0,490.0,420.0,420.0,336.0,420.0,804.0
87,126.0,154.0,378.0,804.0,378.0,784.0,378.0,532.0,84.0,210.0,378.0,420.0,378.0,784.0,84.0,972.0,784.0,532.0,210.0,532.0,420.0
88,42.0,84.0,294.0,378.0,972.0,972.0,972.0,378.0,84.0,294.0,784.0,532.0,972.0,972.0,252.0,378.0,972.0,378.0,378.0,378.0,532.0
89,70.0,84.0,972.0,378.0,784.0,420.0,784.0,972.0,84.0,678.0,972.0,378.0,784.0,378.0,252.0,294.0,378.0,972.0,294.0,972.0,378.0
90,42.0,252.0,490.0,742.0,420.0,532.0,420.0,784.0,126.0,490.0,532.0,972.0,420.0,378.0,126.0,378.0,378.0,784.0,972.0,784.0,972.0
91,84.0,378.0,364.0,804.0,532.0,972.0,972.0,378.0,42.0,252.0,378.0,784.0,532.0,700.0,252.0,490.0,700.0,378.0,490.0,378.0,784.0
92,42.0,294.0,294.0,784.0,378.0,378.0,532.0,742.0,42.0,84.0,420.0,420.0,378.0,846.0,168.0,378.0,846.0,742.0,406.0,742.0,378.0
93,42.0,210.0,336.0,378.0,972.0,784.0,378.0,378.0,126.0,210.0,784.0,532.0,972.0,784.0,210.0,742.0,784.0,378.0,294.0,378.0,742.0
94,84.0,84.0,294.0,804.0,784.0,420.0,784.0,804.0,168.0,364.0,972.0,378.0,784.0,378.0,154.0,294.0,378.0,804.0,84.0,804.0,378.0
95,42.0,636.0,84.0,742.0,784.0,490.0,210.0,784.0,258.0,336.0,378.0,972.0,784.0,742.0,84.0,804.0,742.0,784.0,252.0,784.0,804.0
96,42.0,84.0,252.0,378.0,378.0,532.0,784.0,252.0,42.0,490.0,378.0,784.0,378.0,378.0,84.0,378.0,378.0,252.0,378.0,252.0,784.0
97,84.0,196.0,210.0,784.0,742.0,294.0,336.0,700.0,126.0,378.0,700.0,378.0,742.0,804.0,84.0,700.0,804.0,700.0,210.0,700.0,252.0
98,216.0,196.0,762.0,252.0,378.0,378.0,406.0,378.0,84.0,294.0,846.0,700.0,378.0,784.0,252.0,490.0,784.0,378.0,972.0,378.0,700.0
99,28.0,84.0,490.0,784.0,804.0,972.0,378.0,972.0,126.0,678.0,784.0,378.0,804.0,252.0,168.0,378.0,252.0,972.0,490.0,972.0,378.0
100,42.0,154.0,406.0,742.0,378.0,784.0,972.0,784.0,210.0,210.0,378.0,846.0,378.0,784.0,210.0,294.0,784.0,784.0,406.0,784.0,972.0
101,42.0,210.0,336.0,378.0,532.0,420.0,378.0,378.0,294.0,252.0,742.0,784.0,532.0,784.0,252.0,846.0,784.0,378.0,336.0,378.0,784.0
102,42.0,252.0,972.0,930.0,420.0,532.0,532.0,532.0,126.0,84.0,378.0,378.0,420.0,378.0,84.0,294.0,378.0,532.0,490.0,532.0,378.0
103,42.0,252.0,210.0,378.0,784.0,378.0,420.0,420.0,84.0,364.0,804.0,532.0,784.0,888.0,636.0,378.0,888.0,420.0,972.0,420.0,532.0
104,84.0,378.0,378.0,532.0,972.0,972.0,784.0,784.0,126.0,336.0,784.0,420.0,972.0,252.0,126.0,742.0,252.0,784.0,210.0,784.0,420.0
105,42.0,210.0,294.0,420.0,210.0,252.0,972.0,972.0,126.0,378.0,252.0,784.0,210.0,714.0,196.0,490.0,714.0,972.0,378.0,972.0,784.0
106,42.0,168.0,490.0,784.0,406.0,574.0,742.0,972.0,126.0,294.0,784.0,972.0,406.0,490.0,126.0,378.0,490.0,972.0,294.0,972.0,972.0
107,84.0,294.0,210.0,972.0,924.0,630.0,378.0,532.0,168.0,678.0,784.0,972.0,924.0,784.0,196.0,804.0,784.0,532.0,210.0,532.0,972.0
108,42.0,84.0,406.0,972.0,762.0,784.0,252.0,420.0,84.0,490.0,378.0,532.0,762.0,846.0,84.0,420.0,846.0,420.0,406.0,420.0,532.0
109,126.0,84.0,490.0,532.0,784.0,846.0,784.0,378.0,84.0,84.0,888.0,420.0,784.0,742.0,154.0,532.0,742.0,378.0,336.0,378.0,420.0
110,42.0,636.0,336.0,420.0,784.0,972.0,930.0,784.0,126.0,336.0,84.0,378.0,784.0,252.0,210.0,490.0,252.0,784.0,378.0,784.0,378.0
111,84.0,84.0,378.0,378.0,532.0,532.0,784.0,784.0,84.0,364.0,378.0,784.0,532.0,378.0,168.0,378.0,378.0,784.0,294.0,784.0,784.0
112,126.0,168.0,294.0,784.0,420.0,420.0,532.0,532.0,84.0,252.0,532.0,784.0,420.0,784.0,252.0,294.0,784.0,532.0,972.0,532.0,784.0
113,126.0,154.0,972.0,784.0,378.0,378.0,420.0,420.0,154.0,210.0,336.0,532.0,378.0,930.0,84.0,972.0,930.0,420.0,490.0,420.0,532.0
114,84.0,294.0,406.0,532.0,972.0,784.0,378.0,378.0,84.0,378.0,784.0,420.0,972.0,294.0,84.0,420.0,294.0,378.0,406.0,378.0,420.0
115,126.0,210.0,336.0,420.0,742.0,784.0,972.0,972.0,42.0,294.0,972.0,378.0,742.0,756.0,84.0,532.0,756.0,972.0,336.0,972.0,378.0
116,126.0,84.0,210.0,378.0,252.0,532.0,532.0,742.0,42.0,678.0,972.0,972.0,252.0,574.0,252.0,378.0,574.0,742.0,210.0,742.0,972.0
117,84.0,84.0,378.0,972.0,930.0,420.0,420.0,252.0,126.0,490.0,294.0,742.0,930.0,378.0,126.0,972.0,378.0,252.0,378.0,252.0,742.0
118,42.0,84.0,294.0,742.0,378.0,378.0,378.0,930.0,126.0,364.0,532.0,252.0,378.0,294.0,252.0,784.0,294.0,930.0,294.0,930.0,252.0
119,70.0,252.0,972.0,252.0,784.0,972.0,972.0,378.0,42.0,294.0,420.0,490.0,784.0,790.0,210.0,378.0,790.0,378.0,972.0,378.0,930.0
120,84.0,252.0,490.0,490.0,378.0,784.0,784.0,784.0,84.0,336.0,378.0,294.0,378.0,784.0,168.0,700.0,784.0,784.0,490.0,784.0,378.0
121,42.0,210.0,364.0,294.0,742.0,252.0,378.0,532.0,70.0,84.0,490.0,930.0,742.0,252.0,636.0,378.0,252.0,532.0,406.0,532.0,784.0
122,84.0,84.0,294.0,930.0,378.0,378.0,700.0,378.0,42.0,252.0,294.0,378.0,378.0,378.0,126.0,846.0,378.0,378.0,294.0,378.0,532.0
123,84.0,378.0,378.0,378.0,804.0,888.0,378.0,420.0,210.0,378.0,756.0,532.0,804.0,888.0,168.0,294.0,888.0,420.0,378.0,420.0,378.0
124,126.0,636.0,252.0,532.0,784.0,784.0,846.0,972.0,168.0,210.0,574.0,378.0,784.0,784.0,154.0,490.0,784.0,972.0,490.0,972.0,420.0
125,126.0,196.0,490.0,378.0,378.0,378.0,784.0,784.0,258.0,678.0,378.0,420.0,378.0,378.0,168.0,378.0,378.0,784.0,336.0,784.0,972.0
126,126.0,168.0,336.0,420.0,378.0,700.0,378.0,784.0,126.0,490.0,294.0,972.0,378.0,700.0,210.0,532.0,700.0,784.0,210.0,784.0,784.0
127,42.0,84.0,972.0,972.0,742.0,378.0,930.0,378.0,294.0,336.0,790.0,784.0,742.0,378.0,84.0,294.0,378.0,378.0,972.0,378.0,784.0
128,42.0,154.0,336.0,784.0,804.0,846.0,994.0,378.0,84.0,364.0,784.0,784.0,804.0,846.0,84.0,420.0,846.0,378.0,336.0,378.0,378.0
129,84.0,84.0,406.0,784.0,784.0,784.0,784.0,742.0,126.0,252.0,252.0,378.0,784.0,784.0,84.0,490.0,784.0,742.0,406.0,742.0,378.0
130,126.0,252.0,972.0,378.0,784.0,784.0,784.0,804.0,126.0,84.0,378.0,378.0,784.0,784.0,252.0,972.0,784.0,804.0,448.0,804.0,742.0
131,126.0,252.0,210.0,378.0,742.0,700.0,378.0,784.0,126.0,490.0,888.0,742.0,742.0,378.0,126.0,972.0,378.0,784.0,210.0,784.0,804.0
132,42.0,378.0,378.0,742.0,378.0,378.0,952.0,742.0,84.0,678.0,784.0,804.0,378.0,378.0,42.0,294.0,378.0,742.0,378.0,742.0,784.0
133,42.0,84.0,294.0,804.0,378.0,378.0,972.0,378.0,258.0,210.0,378.0,784.0,378.0,742.0,252.0,532.0,742.0,378.0,336.0,378.0,742.0
134,42.0,196.0,490.0,784.0,804.0,846.0,784.0,378.0,84.0,378.0,700.0,742.0,804.0,804.0,168.0,420.0,804.0,378.0,972.0,378.0,378.0
135,84.0,210.0,336.0,742.0,784.0,532.0,378.0,804.0,210.0,294.0,378.0,378.0,784.0,532.0,84.0,378.0,532.0,804.0,336.0,804.0,378.0
136,84.0,294.0,490.0,378.0,378.0,784.0,532.0,784.0,84.0,196.0,846.0,378.0,378.0,784.0,636.0,490.0,784.0,784.0,210.0,784.0,804.0
137,216.0,84.0,364.0,378.0,532.0,420.0,420.0,994.0,154.0,210.0,784.0,804.0,532.0,420.0,196.0,294.0,420.0,994.0,490.0,994.0,784.0
138,42.0,210.0,294.0,804.0,420.0,378.0,972.0,378.0,42.0,84.0,784.0,784.0,420.0,378.0,252.0,532.0,378.0,378.0,406.0,378.0,994.0
139,84.0,636.0,252.0,784.0,972.0,972.0,700.0,930.0,42.0,364.0,378.0,994.0,972.0,972.0,126.0,490.0,972.0,930.0,294.0,930.0,378.0
140,42.0,294.0,378.0,994.0,700.0,784.0,378.0,742.0,42.0,378.0,378.0,378.0,700.0,784.0,168.0,420.0,784.0,742.0,378.0,742.0,930.0
141,28.0,168.0,972.0,378.0,378.0,378.0,378.0,378.0,70.0,336.0,742.0,930.0,378.0,378.0,84.0,378.0,378.0,378.0,972.0,378.0,742.0
142,42.0,84.0,210.0,930.0,784.0,532.0,784.0,378.0,126.0,252.0,804.0,742.0,784.0,532.0,154.0,972.0,532.0,378.0,84.0,378.0,378.0
143,42.0,84.0,336.0,742.0,378.0,420.0,846.0,784.0,42.0,294.0,532.0,378.0,378.0,420.0,84.0,700.0,420.0,784.0,210.0,784.0,378.0
144,42.0,294.0,406.0,378.0,846.0,972.0,378.0,804.0,126.0,294.0,784.0,378.0,846.0,972.0,252.0,84.0,972.0,804.0,252.0,804.0,784.0
145,42.0,196.0,490.0,378.0,378.0,420.0,930.0,378.0,168.0,678.0,420.0,784.0,378.0,700.0,252.0,490.0,700.0,378.0,406.0,378.0,804.0
146,42.0,84.0,378.0,784.0,930.0,532.0,994.0,930.0,126.0,364.0,378.0,804.0,930.0,378.0,126.0,294.0,378.0,930.0,490.0,930.0,378.0
147,84.0,210.0,294.0,804.0,994.0,784.0,784.0,994.0,84.0,252.0,972.0,532.0,994.0,784.0,84.0,294.0,784.0,994.0,378.0,994.0,930.0
148,84.0,154.0,972.0,378.0,784.0,378.0,742.0,784.0,126.0,84.0,784.0,378.0,784.0,378.0,196.0,846.0,378.0,784.0,294.0,784.0,994.0
149,84.0,252.0,84.0,930.0,700.0,972.0,784.0,784.0,84.0,210.0,378.0,420.0,700.0,846.0,210.0,378.0,846.0,784.0,972.0,784.0,784.0
150,42.0,720.0,378.0,994.0,784.0,378.0,378.0,532.0,126.0,378.0,532.0,972.0,784.0,378.0,294.0,294.0,378.0,532.0,378.0,532.0,784.0
151,42.0,252.0,210.0,784.0,378.0,930.0,378.0,420.0,294.0,336.0,420.0,784.0,378.0,930.0,84.0,532.0,930.0,420.0,364.0,420.0,532.0
152,84.0,210.0,406.0,742.0,378.0,994.0,804.0,378.0,84.0,294.0,972.0,742.0,378.0,994.0,210.0,378.0,994.0,378.0,294.0,378.0,420.0
153,126.0,84.0,294.0,784.0,846.0,784.0,378.0,972.0,126.0,678.0,700.0,784.0,846.0,784.0,636.0,490.0,784.0,972.0,252.0,972.0,378.0
154,168.0,210.0,252.0,378.0,378.0,784.0,378.0,378.0,168.0,490.0,378.0,378.0,378.0,784.0,252.0,420.0,784.0,378.0,336.0,378.0,972.0
155,126.0,168.0,490.0,378.0,378.0,532.0,784.0,378.0,84.0,364.0,784.0,378.0,378.0,532.0,294.0,972.0,532.0,378.0,490.0,378.0,378.0
156,126.0,252.0,972.0,804.0,784.0,420.0,742.0,784.0,126.0,294.0,378.0,804.0,784.0,420.0,168.0,294.0,420.0,784.0,972.0,784.0,378.0
157,84.0,294.0,972.0,378.0,742.0,378.0,804.0,742.0,168.0,378.0,846.0,378.0,742.0,378.0,84.0,378.0,378.0,742.0,972.0,742.0,784.0
158,126.0,84.0,294.0,532.0,804.0,972.0,532.0,804.0,84.0,336.0,378.0,532.0,804.0,972.0,84.0,378.0,972.0,804.0,294.0,804.0,742.0
159,84.0,154.0,364.0,420.0,532.0,378.0,378.0,532.0,154.0,84.0,378.0,420.0,532.0,378.0,196.0,742.0,378.0,532.0,406.0,532.0,804.0
160,84.0,252.0,252.0,784.0,378.0,532.0,420.0,378.0,84.0,252.0,742.0,784.0,378.0,378.0,84.0,804.0,378.0,378.0,336.0,378.0,532.0
161,42.0,84.0,336.0,972.0,420.0,420.0,972.0,420.0,84.0,210.0,804.0,972.0,420.0,784.0,210.0,490.0,784.0,420.0,210.0,420.0,378.0
162,126.0,378.0,378.0,532.0,972.0,784.0,784.0,972.0,84.0,678.0,784.0,532.0,972.0,742.0,154.0,742.0,742.0,972.0,378.0,972.0,420.0
163,84.0,84.0,490.0,378.0,784.0,972.0,742.0,784.0,294.0,490.0,784.0,378.0,784.0,804.0,252.0,378.0,804.0,784.0,490.0,784.0,972.0
164,84.0,210.0,294.0,420.0,742.0,532.0,378.0,252.0,126.0,252.0,532.0,420.0,742.0,532.0,126.0,378.0,532.0,252.0,294.0,252.0,784.0
165,126.0,636.0,406.0,972.0,378.0,378.0,378.0,700.0,42.0,364.0,420.0,972.0,378.0,378.0,252.0,804.0,378.0,700.0,406.0,700.0,252.0
166,42.0,84.0,336.0,784.0,378.0,420.0,804.0,378.0,42.0,84.0,378.0,784.0,378.0,420.0,636.0,294.0,420.0,378.0,336.0,378.0,700.0
167,42.0,196.0,210.0,532.0,804.0,972.0,784.0,972.0,42.0,336.0,972.0,532.0,804.0,972.0,252.0,490.0,972.0,972.0,210.0,972.0,378.0
168,42.0,84.0,378.0,378.0,784.0,784.0,378.0,784.0,126.0,210.0,378.0,378.0,784.0,784.0,210.0,378.0,784.0,784.0,378.0,784.0,972.0
169,84.0,252.0,972.0,420.0,378.0,952.0,994.0,378.0,42.0,378.0,378.0,420.0,378.0,952.0,84.0,294.0,952.0,378.0,972.0,378.0,784.0
170,126.0,84.0,490.0,972.0,994.0,888.0,294.0,994.0,70.0,294.0,784.0,972.0,994.0,888.0,210.0,742.0,888.0,994.0,490.0,994.0,378.0
171,126.0,84.0,84.0,784.0,930.0,378.0,930.0,930.0,126.0,678.0,742.0,784.0,930.0,378.0,168.0,490.0,378.0,930.0,84.0,930.0,994.0
172,42.0,154.0,490.0,378.0,784.0,868.0,490.0,784.0,126.0,490.0,804.0,378.0,784.0,868.0,252.0,378.0,868.0,784.0,406.0,784.0,930.0
173,42.0,168.0,406.0,994.0,378.0,378.0,420.0,378.0,84.0,252.0,532.0,994.0,378.0,378.0,168.0,804.0,378.0,378.0,294.0,378.0,784.0
174,70.0,210.0,294.0,930.0,784.0,994.0,378.0,378.0,210.0,678.0,378.0,930.0,784.0,994.0,84.0,742.0,994.0,378.0,252.0,378.0,378.0
175,42.0,294.0,252.0,784.0,294.0,930.0,532.0,784.0,84.0,210.0,420.0,784.0,294.0,930.0,154.0,378.0,930.0,784.0,210.0,784.0,378.0
176,42.0,378.0,210.0,378.0,742.0,784.0,784.0,742.0,168.0,490.0,972.0,420.0,742.0,784.0,126.0,378.0,784.0,742.0,378.0,742.0,784.0
177,28.0,252.0,378.0,378.0,888.0,420.0,972.0,804.0,258.0,84.0,784.0,378.0,888.0,420.0,126.0,294.0,420.0,804.0,972.0,804.0,742.0
178,126.0,210.0,972.0,742.0,532.0,378.0,532.0,532.0,126.0,364.0,700.0,532.0,532.0,972.0,252.0,804.0,972.0,532.0,490.0,532.0,804.0
179,84.0,636.0,972.0,804.0,420.0,532.0,420.0,420.0,84.0,336.0,378.0,972.0,420.0,378.0,84.0,490.0,378.0,420.0,336.0,420.0,532.0
180,42.0,84.0,294.0,784.0,378.0,972.0,378.0,294.0,126.0,294.0,378.0,784.0,378.0,532.0,84.0,532.0,532.0,294.0,364.0,294.0,420.0
181,42.0,196.0,210.0,532.0,972.0,784.0,972.0,490.0,126.0,378.0,846.0,532.0,972.0,784.0,210.0,378.0,784.0,490.0,378.0,490.0,294.0
182,42.0,196.0,406.0,420.0,784.0,532.0,784.0,378.0,126.0,336.0,784.0,420.0,784.0,532.0,636.0,420.0,532.0,378.0,448.0,378.0,490.0
183,84.0,154.0,378.0,378.0,420.0,420.0,972.0,972.0,126.0,84.0,378.0,294.0,420.0,420.0,84.0,490.0,420.0,972.0,252.0,972.0,378.0
184,216.0,210.0,336.0,972.0,532.0,378.0,784.0,972.0,84.0,210.0,700.0,490.0,532.0,378.0,196.0,294.0,378.0,972.0,336.0,972.0,972.0
185,42.0,252.0,490.0,784.0,378.0,972.0,546.0,784.0,154.0,252.0,378.0,378.0,378.0,972.0,252.0,972.0,972.0,784.0,972.0,784.0,420.0
186,42.0,84.0,406.0,420.0,972.0,784.0,784.0,546.0,210.0,364.0,846.0,972.0,972.0,784.0,84.0,490.0,784.0,546.0,406.0,546.0,532.0
187,42.0,84.0,294.0,532.0,784.0,420.0,532.0,784.0,126.0,378.0,784.0,972.0,784.0,420.0,252.0,742.0,420.0,784.0,294.0,784.0,378.0
188,42.0,84.0,210.0,378.0,406.0,378.0,784.0,406.0,84.0,294.0,420.0,784.0,406.0,532.0,84.0,378.0,532.0,406.0,210.0,406.0,972.0
189,84.0,168.0,336.0,972.0,336.0,532.0,420.0,784.0,84.0,678.0,972.0,546.0,336.0,378.0,84.0,378.0,378.0,784.0,336.0,784.0,784.0
190,42.0,378.0,378.0,784.0,210.0,972.0,378.0,336.0,84.0,490.0,378.0,784.0,210.0,972.0,154.0,294.0,972.0,336.0,378.0,336.0,406.0
191,168.0,210.0,972.0,406.0,378.0,784.0,972.0,210.0,42.0,84.0,532.0,406.0,378.0,784.0,252.0,804.0,784.0,210.0,972.0,210.0,784.0
192,126.0,294.0,490.0,784.0,972.0,532.0,532.0,378.0,126.0,378.0,784.0,784.0,972.0,532.0,168.0,378.0,532.0,378.0,490.0,378.0,336.0
193,126.0,84.0,406.0,336.0,784.0,784.0,378.0,972.0,126.0,364.0,532.0,336.0,784.0,784.0,210.0,532.0,784.0,972.0,406.0,972.0,210.0
194,84.0,252.0,336.0,210.0,252.0,420.0,420.0,784.0,42.0,294.0,420.0,210.0,252.0,420.0,294.0,420.0,420.0,784.0,336.0,784.0,378.0
195,84.0,636.0,378.0,378.0,378.0,378.0,972.0,378.0,42.0,210.0,378.0,378.0,378.0,378.0,252.0,294.0,378.0,378.0,378.0,378.0,972.0
196,42.0,252.0,210.0,972.0,784.0,972.0,784.0,378.0,126.0,678.0,972.0,972.0,784.0,972.0,210.0,972.0,972.0,378.0,210.0,378.0,784.0
197,126.0,154.0,972.0,252.0,888.0,532.0,420.0,742.0,42.0,252.0,784.0,784.0,888.0,532.0,636.0,490.0,532.0,742.0,972.0,742.0,378.0
198,84.0,168.0,294.0,378.0,784.0,378.0,532.0,804.0,70.0,490.0,420.0,252.0,784.0,378.0,84.0,532.0,378.0,804.0,294.0,804.0,378.0
199,42.0,294.0,490.0,784.0,420.0,420.0,378.0,420.0,84.0,336.0,532.0,378.0,420.0,420.0,196.0,378.0,420.0,420.0,490.0,420.0,742.0
200,84.0,84.0,210.0,888.0,532.0,972.0,972.0,532.0,168.0,678.0,378.0,784.0,532.0,972.0,126.0,420.0,972.0,532.0,210.0,532.0,804.0
201,216.0,84.0,378.0,784.0,378.0,784.0,784.0,378.0,84.0,84.0,972.0,888.0,378.0,784.0,196.0,294.0,784.0,378.0,378.0,378.0,420.0
202,42.0,84.0,406.0,420.0,972.0,420.0,532.0,972.0,258.0,294.0,784.0,420.0,972.0,420.0,154.0,972.0,420.0,972.0,406.0,972.0,532.0
203,126.0,252.0,294.0,532.0,784.0,532.0,378.0,784.0,168.0,364.0,532.0,532.0,784.0,532.0,210.0,490.0,532.0,784.0,294.0,784.0,378.0
204,84.0,636.0,490.0,378.0,868.0,490.0,420.0,532.0,168.0,252.0,784.0,378.0,868.0,378.0,252.0,532.0,378.0,532.0,490.0,532.0,972.0
205,42.0,210.0,336.0,972.0,888.0,378.0,972.0,378.0,252.0,210.0,420.0,972.0,888.0,972.0,84.0,378.0,972.0,378.0,336.0,378.0,784.0
206,126.0,84.0,972.0,784.0,336.0,294.0,784.0,420.0,126.0,378.0,378.0,784.0,336.0,784.0,84.0,420.0,784.0,420.0,972.0,420.0,532.0
207,84.0,378.0,336.0,742.0,994.0,972.0,378.0,972.0,84.0,336.0,972.0,742.0,994.0,532.0,84.0,294.0,532.0,972.0,336.0,972.0,378.0
208,42.0,210.0,406.0,378.0,420.0,532.0,742.0,784.0,42.0,490.0,532.0,378.0,420.0,378.0,126.0,972.0,378.0,784.0,406.0,784.0,420.0
209,42.0,196.0,210.0,378.0,532.0,378.0,784.0,378.0,84.0,294.0,378.0,378.0,532.0,420.0,168.0,490.0,420.0,378.0,378.0,378.0,972.0
210,42.0,84.0,378.0,804.0,784.0,420.0,378.0,930.0,168.0,364.0,420.0,804.0,784.0,972.0,210.0,378.0,972.0,930.0,210.0,930.0,784.0
211,42.0,84.0,294.0,784.0,378.0,972.0,804.0,994.0,154.0,84.0,972.0,784.0,378.0,784.0,294.0,742.0,784.0,994.0,294.0,994.0,378.0
212,70.0,196.0,972.0,378.0,972.0,784.0,784.0,784.0,126.0,336.0,784.0,420.0,972.0,420.0,84.0,378.0,420.0,784.0,972.0,784.0,930.0
213,28.0,210.0,490.0,930.0,784.0,420.0,378.0,784.0,210.0,490.0,420.0,532.0,784.0,532.0,252.0,294.0,532.0,784.0,490.0,784.0,994.0
214,42.0,84.0,406.0,994.0,378.0,532.0,294.0,378.0,84.0,252.0,532.0,784.0,378.0,784.0,636.0,804.0,784.0,378.0,406.0,378.0,784.0
215,126.0,154.0,378.0,784.0,994.0,784.0,742.0,994.0,84.0,210.0,378.0,378.0,994.0,378.0,252.0,490.0,378.0,994.0,378.0,994.0,784.0
216,42.0,252.0,336.0,784.0,930.0,378.0,888.0,930.0,84.0,378.0,972.0,972.0,930.0,972.0,252.0,490.0,972.0,930.0,336.0,930.0,378.0
217,42.0,168.0,210.0,378.0,378.0,972.0,252.0,210.0,84.0,678.0,784.0,784.0,378.0,784.0,154.0,420.0,784.0,210.0,210.0,210.0,994.0
218,84.0,294.0,490.0,994.0,378.0,784.0,378.0,378.0,126.0,84.0,532.0,378.0,378.0,378.0,168.0,294.0,378.0,378.0,490.0,378.0,930.0
219,42.0,378.0,294.0,930.0,700.0,378.0,742.0,924.0,126.0,490.0,378.0,994.0,700.0,378.0,84.0,378.0,378.0,924.0,294.0,924.0,210.0
220,42.0,84.0,972.0,84.0,784.0,378.0,930.0,706.0,42.0,364.0,420.0,930.0,784.0,742.0,84.0,532.0,742.0,706.0,972.0,706.0,378.0
221,42.0,252.0,490.0,532.0,846.0,742.0,784.0,868.0,168.0,294.0,972.0,532.0,846.0,804.0,84.0,972.0,804.0,868.0,490.0,868.0,924.0
222,126.0,210.0,210.0,378.0,252.0,804.0,294.0,336.0,42.0,252.0,784.0,378.0,252.0,252.0,252.0,532.0,252.0,336.0,210.0,336.0,706.0
223,42.0,636.0,406.0,336.0,336.0,252.0,84.0,532.0,42.0,210.0,420.0,420.0,336.0,784.0,636.0,420.0,784.0,532.0,406.0,532.0,868.0
224,84.0,154.0,336.0,784.0,378.0,378.0,378.0,84.0,84.0,336.0,532.0,784.0,378.0,294.0,210.0,294.0,294.0,84.0,336.0,84.0,336.0
225,42.0,294.0,378.0,972.0,448.0,742.0,742.0,378.0,70.0,378.0,784.0,972.0,448.0,784.0,294.0,490.0,784.0,378.0,378.0,378.0,532.0
226,84.0,168.0,294.0,420.0,742.0,930.0,804.0,448.0,126.0,678.0,378.0,420.0,742.0,972.0,84.0,378.0,972.0,448.0,294.0,448.0,84.0
227,84.0,84.0,972.0,532.0,930.0,784.0,784.0,336.0,84.0,294.0,972.0,532.0,930.0,420.0,378.0,972.0,420.0,336.0,972.0,336.0,378.0
228,126.0,210.0,378.0,378.0,784.0,420.0,420.0,972.0,126.0,210.0,784.0,336.0,784.0,532.0,210.0,420.0,532.0,972.0,378.0,972.0,448.0
229,168.0,252.0,406.0,972.0,378.0,532.0,532.0,378.0,258.0,364.0,378.0,378.0,378.0,378.0,196.0,532.0,378.0,378.0,406.0,378.0,336.0
230,126.0,84.0,490.0,784.0,742.0,378.0,490.0,742.0,126.0,84.0,378.0,448.0,742.0,972.0,84.0,294.0,972.0,742.0,490.0,742.0,972.0
231,126.0,378.0,336.0,784.0,294.0,972.0,294.0,378.0,294.0,378.0,742.0,972.0,294.0,784.0,84.0,378.0,784.0,378.0,210.0,378.0,378.0
232,84.0,252.0,210.0,420.0,888.0,784.0,378.0,804.0,126.0,336.0,804.0,378.0,888.0,420.0,196.0,972.0,420.0,804.0,336.0,804.0,742.0
233,84.0,84.0,294.0,532.0,784.0,420.0,972.0,784.0,126.0,490.0,252.0,742.0,784.0,532.0,210.0,490.0,532.0,784.0,294.0,784.0,378.0
234,84.0,210.0,972.0,378.0,378.0,532.0,532.0,784.0,168.0,252.0,784.0,378.0,378.0,378.0,84.0,294.0,378.0,784.0,972.0,784.0,804.0
235,126.0,196.0,406.0,972.0,930.0,378.0,420.0,378.0,84.0,678.0,294.0,804.0,930.0,972.0,154.0,406.0,972.0,378.0,252.0,378.0,784.0
236,84.0,636.0,378.0,784.0,994.0,972.0,490.0,378.0,42.0,84.0,784.0,784.0,994.0,784.0,252.0,336.0,784.0,378.0,364.0,378.0,784.0
237,42.0,84.0,336.0,378.0,532.0,784.0,378.0,742.0,126.0,364.0,972.0,784.0,532.0,784.0,168.0,210.0,784.0,742.0,490.0,742.0,378.0
238,126.0,154.0,210.0,378.0,420.0,784.0,294.0,804.0,154.0,336.0,420.0,378.0,420.0,378.0,252.0,378.0,378.0,804.0,378.0,804.0,378.0
239,84.0,210.0,294.0,742.0,972.0,378.0,972.0,378.0,84.0,294.0,532.0,378.0,972.0,378.0,294.0,972.0,378.0,378.0,336.0,378.0,742.0
240,42.0,378.0,972.0,804.0,378.0,378.0,532.0,378.0,258.0,210.0,378.0,742.0,378.0,742.0,84.0,490.0,742.0,378.0,294.0,378.0,804.0
241,84.0,252.0,490.0,378.0,784.0,742.0,420.0,700.0,126.0,252.0,972.0,804.0,784.0,804.0,252.0,84.0,804.0,700.0,972.0,700.0,378.0
242,126.0,84.0,364.0,378.0,378.0,804.0,972.0,846.0,42.0,378.0,784.0,378.0,378.0,378.0,210.0,378.0,378.0,846.0,210.0,846.0,378.0
243,42.0,84.0,252.0,700.0,378.0,378.0,378.0,784.0,126.0,678.0,420.0,378.0,378.0,804.0,636.0,294.0,804.0,784.0,84.0,784.0,700.0
244,42.0,252.0,378.0,846.0,700.0,804.0,784.0,378.0,168.0,490.0,532.0,700.0,700.0,378.0,126.0,294.0,378.0,378.0,406.0,378.0,846.0
245,42.0,294.0,336.0,784.0,846.0,378.0,490.0,294.0,42.0,364.0,378.0,846.0,846.0,742.0,154.0,742.0,742.0,294.0,378.0,294.0,784.0
246,42.0,168.0,490.0,420.0,784.0,742.0,252.0,378.0,42.0,84.0,972.0,784.0,784.0,784.0,294.0,804.0,784.0,378.0,252.0,378.0,378.0
247,84.0,210.0,972.0,532.0,784.0,784.0,930.0,700.0,126.0,252.0,784.0,378.0,784.0,252.0,168.0,490.0,252.0,700.0,294.0,700.0,294.0
248,42.0,84.0,294.0,378.0,420.0,420.0,630.0,846.0,70.0,378.0,784.0,294.0,420.0,378.0,84.0,420.0,378.0,846.0,972.0,846.0,378.0
249,70.0,196.0,336.0,972.0,532.0,532.0,784.0,490.0,84.0,210.0,378.0,378.0,532.0,784.0,84.0,532.0,784.0,490.0,490.0,490.0,700.0
250,42.0,636.0,378.0,784.0,378.0,378.0,420.0,420.0,126.0,336.0,378.0,700.0,378.0,888.0,210.0,378.0,888.0,420.0,336.0,420.0,846.0
251,84.0,84.0,406.0,784.0,972.0,972.0,532.0,532.0,84.0,678.0,742.0,846.0,972.0,784.0,252.0,294.0,784.0,532.0,378.0,532.0,490.0
252,126.0,168.0,294.0,336.0,378.0,784.0,490.0,972.0,126.0,294.0,804.0,490.0,378.0,420.0,126.0,972.0,420.0,972.0,406.0,972.0,420.0
253,84.0,154.0,210.0,406.0,378.0,784.0,378.0,490.0,252.0,490.0,378.0,784.0,378.0,532.0,84.0,490.0,532.0,490.0,294.0,490.0,532.0
254,126.0,84.0,972.0,972.0,784.0,420.0,294.0,378.0,84.0,210.0,804.0,336.0,784.0,490.0,252.0,742.0,490.0,378.0,210.0,378.0,972.0
255,28.0,84.0,490.0,210.0,742.0,532.0,972.0,294.0,210.0,378.0,378.0,406.0,742.0,378.0,210.0,378.0,378.0,294.0,972.0,294.0,490.0
256,42.0,84.0,490.0,378.0,804.0,972.0,532.0,532.0,168.0,84.0,742.0,972.0,804.0,294.0,636.0,378.0,294.0,532.0,490.0,532.0,378.0
257,42.0,252.0,336.0,532.0,378.0,378.0,420.0,420.0,84.0,364.0,784.0,210.0,378.0,972.0,84.0,294.0,972.0,420.0,490.0,420.0,294.0
258,42.0,294.0,294.0,420.0,742.0,336.0,378.0,378.0,126.0,294.0,252.0,378.0,742.0,336.0,196.0,804.0,336.0,378.0,336.0,378.0,532.0
259,42.0,210.0,378.0,378.0,378.0,888.0,784.0,784.0,84.0,490.0,378.0,532.0,378.0,888.0,252.0,490.0,888.0,784.0,294.0,784.0,420.0
260,84.0,378.0,406.0,784.0,804.0,994.0,972.0,972.0,168.0,252.0,784.0,420.0,804.0,994.0,154.0,490.0,994.0,972.0,378.0,972.0,378.0
261,42.0,252.0,210.0,972.0,784.0,868.0,532.0,378.0,84.0,336.0,888.0,378.0,784.0,868.0,210.0,420.0,868.0,378.0,406.0,378.0,784.0
262,42.0,210.0,972.0,378.0,784.0,532.0,420.0,700.0,42.0,678.0,784.0,784.0,784.0,532.0,252.0,532.0,532.0,700.0,210.0,700.0,972.0
263,42.0,636.0,406.0,700.0,378.0,420.0,378.0,378.0,84.0,84.0,420.0,972.0,378.0,420.0,84.0,378.0,420.0,378.0,972.0,378.0,378.0
264,84.0,84.0,336.0,378.0,378.0,490.0,972.0,846.0,126.0,252.0,532.0,532.0,378.0,378.0,84.0,294.0,378.0,846.0,406.0,846.0,700.0
265,216.0,196.0,210.0,846.0,742.0,294.0,784.0,784.0,84.0,364.0,490.0,420.0,742.0,972.0,84.0,972.0,972.0,784.0,336.0,784.0,378.0
266,42.0,168.0,294.0,784.0,804.0,378.0,784.0,784.0,84.0,378.0,378.0,378.0,804.0,784.0,252.0,378.0,784.0,784.0,210.0,784.0,846.0
267,168.0,210.0,490.0,784.0,532.0,972.0,378.0,532.0,154.0,210.0,294.0,972.0,532.0,784.0,294.0,378.0,784.0,532.0,294.0,532.0,784.0
268,126.0,252.0,378.0,378.0,784.0,784.0,378.0,420.0,126.0,336.0,972.0,784.0,784.0,378.0,168.0,742.0,378.0,420.0,490.0,420.0,784.0
269,84.0,84.0,972.0,378.0,378.0,378.0,742.0,378.0,42.0,294.0,378.0,784.0,378.0,994.0,210.0,294.0,994.0,378.0,378.0,378.0,532.0
270,126.0,84.0,336.0,742.0,420.0,994.0,804.0,972.0,42.0,678.0,378.0,532.0,420.0,930.0,196.0,804.0,930.0,972.0,972.0,972.0,420.0
271,84.0,154.0,364.0,804.0,972.0,930.0,252.0,952.0,42.0,490.0,742.0,420.0,972.0,742.0,636.0,490.0,742.0,952.0,336.0,952.0,378.0
272,126.0,252.0,336.0,784.0,378.0,252.0,784.0,784.0,84.0,84.0,804.0,378.0,378.0,294.0,84.0,532.0,294.0,784.0,406.0,784.0,972.0
273,84.0,210.0,294.0,742.0,378.0,784.0,784.0,378.0,70.0,364.0,784.0,972.0,378.0,378.0,252.0,378.0,378.0,378.0,294.0,378.0,952.0
274,84.0,84.0,294.0,294.0,700.0,700.0,294.0,972.0,126.0,378.0,532.0,952.0,700.0,888.0,126.0,420.0,888.0,972.0,210.0,972.0,784.0
275,126.0,294.0,210.0,378.0,846.0,378.0,972.0,420.0,84.0,252.0,420.0,378.0,846.0,784.0,168.0,490.0,784.0,420.0,378.0,420.0,378.0
276,84.0,378.0,762.0,888.0,784.0,972.0,888.0,784.0,126.0,210.0,378.0,972.0,784.0,294.0,154.0,294.0,294.0,784.0,972.0,784.0,972.0
277,42.0,84.0,490.0,210.0,378.0,378.0,252.0,532.0,168.0,490.0,972.0,784.0,378.0,804.0,84.0,972.0,804.0,532.0,490.0,532.0,420.0
278,126.0,636.0,294.0,868.0,378.0,804.0,378.0,378.0,126.0,294.0,784.0,420.0,378.0,84.0,84.0,420.0,84.0,378.0,294.0,378.0,784.0
279,126.0,196.0,406.0,924.0,742.0,784.0,784.0,972.0,210.0,336.0,784.0,784.0,742.0,378.0,252.0,532.0,378.0,972.0,406.0,972.0,532.0
280,42.0,252.0,336.0,378.0,804.0,378.0,784.0,378.0,216.0,678.0,378.0,532.0,804.0,742.0,168.0,336.0,742.0,378.0,336.0,378.0,378.0
281,126.0,84.0,210.0,706.0,784.0,742.0,420.0,378.0,294.0,490.0,378.0,378.0,784.0,784.0,210.0,378.0,784.0,378.0,210.0,378.0,972.0
282,84.0,210.0,378.0,378.0,378.0,378.0,532.0,742.0,84.0,210.0,742.0,972.0,378.0,378.0,84.0,448.0,378.0,742.0,378.0,742.0,378.0
283,42.0,196.0,972.0,378.0,784.0,378.0,378.0,804.0,210.0,84.0,804.0,378.0,784.0,378.0,252.0,972.0,378.0,804.0,972.0,804.0,378.0
284,42.0,168.0,490.0,742.0,952.0,742.0,972.0,784.0,126.0,336.0,742.0,378.0,952.0,742.0,210.0,378.0,742.0,784.0,490.0,784.0,742.0
285,126.0,252.0,406.0,804.0,972.0,804.0,784.0,378.0,84.0,364.0,294.0,784.0,972.0,804.0,636.0,742.0,804.0,378.0,406.0,378.0,804.0
286,84.0,154.0,490.0,784.0,378.0,784.0,378.0,784.0,84.0,252.0,378.0,742.0,378.0,784.0,84.0,490.0,784.0,784.0,490.0,784.0,784.0
287,84.0,378.0,378.0,378.0,378.0,378.0,784.0,952.0,168.0,378.0,294.0,804.0,378.0,378.0,126.0,294.0,378.0,952.0,378.0,952.0,378.0
288,126.0,84.0,336.0,868.0,490.0,784.0,952.0,972.0,126.0,294.0,888.0,378.0,490.0,784.0,196.0,378.0,784.0,972.0,336.0,972.0,784.0
289,42.0,84.0,294.0,868.0,700.0,952.0,972.0,252.0,126.0,678.0,490.0,784.0,700.0,952.0,252.0,804.0,952.0,252.0,294.0,252.0,952.0
290,42.0,294.0,210.0,972.0,294.0,972.0,420.0,378.0,84.0,378.0,294.0,952.0,294.0,972.0,126.0,378.0,972.0,378.0,210.0,378.0,972.0
291,42.0,210.0,972.0,420.0,846.0,378.0,532.0,784.0,84.0,364.0,804.0,972.0,846.0,420.0,168.0,490.0,420.0,784.0,972.0,784.0,252.0
292,84.0,636.0,336.0,532.0,532.0,916.0,378.0,888.0,84.0,210.0,84.0,420.0,532.0,532.0,210.0,378.0,532.0,888.0,336.0,888.0,378.0
293,42.0,84.0,406.0,972.0,972.0,294.0,972.0,784.0,42.0,84.0,378.0,532.0,972.0,378.0,252.0,294.0,378.0,784.0,406.0,784.0,784.0
294,42.0,84.0,490.0,784.0,420.0,924.0,784.0,532.0,154.0,252.0,742.0,378.0,420.0,972.0,84.0,742.0,972.0,532.0,490.0,532.0,888.0
295,28.0,294.0,378.0,378.0,378.0,574.0,532.0,972.0,42.0,336.0,784.0,294.0,378.0,784.0,84.0,804.0,784.0,972.0,378.0,972.0,784.0
296,70.0,378.0,210.0,532.0,784.0,994.0,972.0,784.0,126.0,294.0,378.0,972.0,784.0,784.0,84.0,490.0,784.0,784.0,210.0,784.0,532.0
297,42.0,84.0,294.0,972.0,420.0,378.0,420.0,420.0,126.0,678.0,378.0,490.0,420.0,994.0,154.0,294.0,994.0,420.0,294.0,420.0,972.0
298,42.0,210.0,972.0,784.0,532.0,930.0,378.0,378.0,252.0,490.0,742.0,532.0,532.0,378.0,252.0,378.0,378.0,378.0,972.0,378.0,784.0
299,84.0,154.0,406.0,420.0,972.0,784.0,784.0,420.0,42.0,84.0,804.0,972.0,972.0,930.0,210.0,378.0,930.0,420.0,406.0,420.0,420.0
300,42.0,210.0,210.0,378.0,378.0,420.0,420.0,532.0,168.0,364.0,784.0,420.0,378.0,378.0,84.0,700.0,378.0,532.0,210.0,532.0,378.0
301,84.0,252.0,378.0,420.0,784.0,532.0,532.0,972.0,42.0,336.0,378.0,378.0,784.0,804.0,294.0,846.0,804.0,972.0,378.0,972.0,420.0
302,216.0,636.0,336.0,532.0,930.0,378.0,972.0,378.0,126.0,378.0,784.0,784.0,930.0,742.0,636.0,378.0,742.0,378.0,336.0,378.0,532.0
303,84.0,168.0,294.0,972.0,994.0,784.0,378.0,784.0,70.0,252.0,952.0,420.0,994.0,378.0,196.0,294.0,378.0,784.0,294.0,784.0,972.0
304,42.0,252.0,972.0,378.0,378.0,972.0,784.0,742.0,84.0,210.0,972.0,532.0,378.0,784.0,252.0,378.0,784.0,742.0,972.0,742.0,378.0
305,42.0,196.0,490.0,784.0,784.0,532.0,532.0,378.0,168.0,294.0,420.0,972.0,784.0,532.0,126.0,700.0,532.0,378.0,490.0,378.0,784.0
306,42.0,84.0,490.0,742.0,420.0,420.0,420.0,378.0,126.0,678.0,532.0,378.0,420.0,420.0,252.0,846.0,420.0,378.0,490.0,378.0,742.0
307,42.0,84.0,336.0,378.0,532.0,378.0,378.0,804.0,210.0,490.0,378.0,784.0,532.0,378.0,84.0,490.0,378.0,804.0,336.0,804.0,378.0
308,84.0,636.0,406.0,378.0,378.0,972.0,972.0,784.0,258.0,210.0,972.0,742.0,378.0,972.0,168.0,336.0,972.0,784.0,406.0,784.0,378.0
309,126.0,252.0,210.0,804.0,784.0,784.0,784.0,420.0,84.0,84.0,784.0,378.0,784.0,784.0,210.0,406.0,784.0,420.0,210.0,420.0,804.0
310,168.0,84.0,378.0,784.0,972.0,420.0,420.0,532.0,126.0,364.0,784.0,378.0,972.0,420.0,84.0,972.0,420.0,532.0,378.0,532.0,784.0
311,126.0,210.0,294.0,420.0,532.0,532.0,532.0,378.0,84.0,378.0,742.0,804.0,532.0,532.0,196.0,490.0,532.0,378.0,294.0,378.0,420.0
312,84.0,154.0,972.0,532.0,420.0,378.0,378.0,784.0,216.0,252.0,378.0,784.0,420.0,378.0,168.0,210.0,378.0,784.0,972.0,784.0,532.0
313,42.0,84.0,336.0,378.0,378.0,784.0,784.0,972.0,168.0,490.0,378.0,784.0,378.0,784.0,252.0,378.0,784.0,972.0,490.0,972.0,378.0
314,84.0,168.0,378.0,784.0,972.0,972.0,972.0,378.0,84.0,336.0,804.0,420.0,972.0,972.0,154.0,294.0,972.0,378.0,336.0,378.0,784.0
315,84.0,210.0,210.0,972.0,784.0,532.0,462.0,378.0,126.0,294.0,378.0,532.0,784.0,532.0,378.0,532.0,532.0,378.0,378.0,378.0,972.0
316,126.0,84.0,574.0,532.0,700.0,420.0,784.0,784.0,84.0,678.0,804.0,378.0,700.0,420.0,84.0,490.0,420.0,784.0,210.0,784.0,378.0
317,126.0,378.0,294.0,420.0,378.0,378.0,846.0,700.0,42.0,252.0,742.0,972.0,378.0,378.0,210.0,420.0,378.0,700.0,532.0,700.0,378.0
318,126.0,252.0,804.0,378.0,378.0,784.0,994.0,846.0,84.0,378.0,378.0,532.0,378.0,784.0,636.0,378.0,784.0,846.0,294.0,846.0,784.0
319,84.0,294.0,490.0,972.0,846.0,972.0,994.0,994.0,126.0,84.0,784.0,420.0,846.0,972.0,84.0,294.0,972.0,994.0,846.0,994.0,700.0
320,42.0,196.0,84.0,784.0,784.0,742.0,846.0,846.0,42.0,336.0,532.0,378.0,784.0,532.0,126.0,972.0,532.0,846.0,84.0,846.0,846.0
321,42.0,84.0,406.0,700.0,784.0,784.0,378.0,378.0,154.0,364.0,420.0,784.0,784.0,784.0,84.0,532.0,784.0,378.0,406.0,378.0,700.0
322,126.0,196.0,378.0,784.0,532.0,378.0,868.0,868.0,126.0,294.0,378.0,972.0,532.0,378.0,294.0,420.0,378.0,868.0,378.0,868.0,784.0
323,42.0,210.0,252.0,378.0,420.0,378.0,784.0,784.0,42.0,210.0,972.0,994.0,420.0,420.0,378.0,294.0,420.0,784.0,252.0,784.0,378.0
324,84.0,154.0,210.0,378.0,378.0,804.0,742.0,532.0,42.0,678.0,784.0,846.0,378.0,972.0,84.0,378.0,972.0,532.0,490.0,532.0,378.0
325,84.0,84.0,294.0,846.0,972.0,784.0,378.0,420.0,126.0,490.0,420.0,378.0,972.0,784.0,42.0,972.0,784.0,420.0,210.0,420.0,846.0
326,42.0,294.0,972.0,784.0,952.0,742.0,378.0,378.0,70.0,490.0,532.0,868.0,952.0,994.0,154.0,490.0,994.0,378.0,294.0,378.0,784.0
327,84.0,252.0,490.0,378.0,784.0,804.0,804.0,972.0,168.0,252.0,378.0,784.0,784.0,378.0,210.0,532.0,378.0,972.0,972.0,972.0,532.0
328,42.0,168.0,336.0,952.0,972.0,378.0,784.0,784.0,84.0,294.0,784.0,532.0,972.0,930.0,252.0,420.0,930.0,784.0,252.0,784.0,420.0
329,42.0,210.0,210.0,972.0,378.0,378.0,532.0,532.0,84.0,84.0,972.0,420.0,378.0,952.0,168.0,490.0,952.0,532.0,210.0,532.0,378.0
330,42.0,84.0,406.0,784.0,420.0,952.0,378.0,972.0,126.0,378.0,532.0,378.0,420.0,784.0,636.0,378.0,784.0,972.0,406.0,972.0,972.0
331,70.0,378.0,490.0,532.0,784.0,784.0,972.0,420.0,126.0,364.0,420.0,972.0,784.0,972.0,168.0,294.0,972.0,420.0,84.0,420.0,784.0
332,42.0,252.0,294.0,972.0,532.0,972.0,420.0,378.0,210.0,210.0,378.0,784.0,532.0,378.0,252.0,972.0,378.0,378.0,378.0,378.0,532.0
333,42.0,84.0,378.0,420.0,378.0,378.0,420.0,420.0,294.0,336.0,784.0,532.0,378.0,420.0,196.0,868.0,420.0,420.0,448.0,420.0,972.0
334,42.0,636.0,972.0,378.0,972.0,420.0,532.0,532.0,168.0,678.0,972.0,420.0,972.0,532.0,84.0,574.0,532.0,532.0,336.0,532.0,420.0
335,28.0,84.0,336.0,420.0,784.0,532.0,378.0,378.0,84.0,364.0,532.0,378.0,784.0,378.0,84.0,378.0,378.0,378.0,972.0,378.0,378.0
336,42.0,252.0,406.0,532.0,532.0,378.0,972.0,972.0,126.0,84.0,784.0,972.0,532.0,972.0,636.0,294.0,972.0,972.0,336.0,972.0,420.0
337,126.0,84.0,210.0,378.0,420.0,972.0,784.0,784.0,84.0,252.0,378.0,420.0,420.0,784.0,252.0,972.0,784.0,784.0,406.0,784.0,532.0
338,126.0,84.0,490.0,972.0,378.0,784.0,784.0,784.0,42.0,210.0,420.0,532.0,378.0,532.0,252.0,420.0,532.0,784.0,210.0,784.0,378.0
339,42.0,84.0,294.0,784.0,972.0,784.0,532.0,532.0,126.0,294.0,972.0,378.0,972.0,420.0,84.0,532.0,420.0,532.0,294.0,532.0,972.0
340,42.0,84.0,378.0,784.0,532.0,532.0,420.0,420.0,154.0,490.0,784.0,972.0,532.0,378.0,210.0,378.0,378.0,420.0,378.0,420.0,784.0
341,84.0,154.0,972.0,532.0,420.0,420.0,378.0,378.0,210.0,336.0,742.0,784.0,420.0,972.0,154.0,294.0,972.0,378.0,972.0,378.0,784.0
342,42.0,210.0,406.0,420.0,378.0,378.0,972.0,972.0,126.0,378.0,804.0,532.0,378.0,784.0,84.0,972.0,784.0,972.0,490.0,972.0,532.0
343,42.0,168.0,210.0,378.0,972.0,972.0,378.0,378.0,126.0,678.0,378.0,420.0,972.0,378.0,168.0,490.0,378.0,378.0,406.0,378.0,420.0
344,126.0,210.0,336.0,972.0,784.0,378.0,532.0,532.0,168.0,252.0,378.0,378.0,784.0,532.0,210.0,378.0,532.0,532.0,210.0,532.0,378.0
345,84.0,252.0,490.0,378.0,532.0,532.0,420.0,420.0,84.0,84.0,952.0,972.0,532.0,420.0,84.0,490.0,420.0,420.0,336.0,420.0,972.0
346,84.0,294.0,378.0,532.0,420.0,420.0,972.0,972.0,84.0,364.0,784.0,784.0,420.0,972.0,252.0,378.0,972.0,972.0,378.0,972.0,378.0
347,216.0,378.0,294.0,420.0,378.0,972.0,784.0,784.0,84.0,336.0,972.0,378.0,378.0,784.0,294.0,742.0,784.0,784.0,294.0,784.0,532.0
348,168.0,636.0,972.0,972.0,972.0,784.0,532.0,532.0,126.0,294.0,378.0,532.0,972.0,742.0,196.0,294.0,742.0,532.0,972.0,532.0,420.0
349,84.0,196.0,364.0,784.0,784.0,742.0,420.0,420.0,42.0,210.0,420.0,420.0,784.0,378.0,84.0,804.0,378.0,420.0,490.0,420.0,972.0
350,126.0,84.0,490.0,532.0,378.0,378.0,378.0,378.0,126.0,378.0,532.0,972.0,378.0,378.0,126.0,420.0,378.0,378.0,294.0,378.0,784.0
351,84.0,210.0,252.0,420.0,294.0,294.0,972.0,972.0,42.0,678.0,378.0,784.0,294.0,804.0,196.0,378.0,804.0,972.0,336.0,972.0,532.0
352,84.0,210.0,294.0,378.0,930.0,888.0,784.0,784.0,258.0,490.0,972.0,532.0,930.0,784.0,210.0,532.0,784.0,784.0,210.0,784.0,420.0
353,84.0,154.0,336.0,972.0,994.0,784.0,378.0,378.0,70.0,294.0,784.0,420.0,994.0,378.0,154.0,490.0,378.0,378.0,378.0,378.0,378.0
354,42.0,84.0,972.0,784.0,490.0,804.0,378.0,378.0,42.0,364.0,532.0,378.0,490.0,378.0,84.0,294.0,378.0,378.0,532.0,378.0,972.0
355,126.0,378.0,378.0,378.0,420.0,378.0,700.0,742.0,168.0,84.0,420.0,972.0,420.0,700.0,294.0,972.0,700.0,742.0,846.0,742.0,784.0
356,42.0,252.0,336.0,378.0,532.0,378.0,846.0,804.0,126.0,336.0,378.0,784.0,532.0,846.0,252.0,420.0,846.0,804.0,490.0,804.0,378.0
357,126.0,84.0,406.0,742.0,378.0,742.0,784.0,784.0,84.0,252.0,972.0,378.0,378.0,784.0,636.0,532.0,784.0,784.0,336.0,784.0,378.0
358,84.0,252.0,210.0,804.0,972.0,784.0,420.0,420.0,84.0,210.0,784.0,378.0,972.0,420.0,168.0,378.0,420.0,420.0,406.0,420.0,742.0
359,42.0,294.0,294.0,784.0,784.0,420.0,972.0,532.0,126.0,378.0,378.0,742.0,784.0,532.0,210.0,294.0,532.0,532.0,210.0,532.0,804.0
360,216.0,168.0,378.0,420.0,846.0,532.0,532.0,378.0,294.0,678.0,532.0,804.0,846.0,378.0,84.0,972.0,378.0,378.0,294.0,378.0,784.0
361,42.0,84.0,972.0,972.0,910.0,972.0,784.0,972.0,84.0,490.0,420.0,784.0,910.0,972.0,252.0,490.0,972.0,972.0,378.0,972.0,420.0
362,126.0,636.0,490.0,532.0,336.0,784.0,378.0,784.0,126.0,336.0,972.0,378.0,336.0,784.0,84.0,294.0,784.0,784.0,972.0,784.0,532.0
363,42.0,196.0,336.0,784.0,210.0,378.0,420.0,742.0,84.0,84.0,784.0,742.0,210.0,742.0,84.0,532.0,742.0,742.0,490.0,742.0,378.0
364,42.0,196.0,406.0,378.0,784.0,378.0,532.0,378.0,126.0,364.0,742.0,378.0,784.0,378.0,252.0,972.0,378.0,378.0,336.0,378.0,972.0
365,42.0,294.0,210.0,700.0,378.0,420.0,490.0,378.0,154.0,378.0,378.0,804.0,378.0,378.0,126.0,420.0,378.0,378.0,364.0,378.0,784.0
366,126.0,84.0,972.0,378.0,994.0,532.0,378.0,804.0,168.0,252.0,378.0,784.0,994.0,784.0,252.0,378.0,784.0,804.0,972.0,804.0,742.0
367,84.0,84.0,490.0,378.0,930.0,784.0,294.0,784.0,168.0,294.0,804.0,252.0,930.0,804.0,84.0,490.0,804.0,784.0,252.0,784.0,378.0
368,42.0,154.0,378.0,846.0,784.0,972.0,972.0,378.0,126.0,678.0,784.0,742.0,784.0,378.0,84.0,490.0,378.0,378.0,490.0,378.0,378.0
369,42.0,252.0,294.0,784.0,420.0,378.0,378.0,994.0,84.0,210.0,378.0,378.0,420.0,994.0,84.0,420.0,994.0,994.0,378.0,994.0,804.0
370,28.0,210.0,406.0,378.0,532.0,994.0,994.0,930.0,42.0,490.0,378.0,930.0,532.0,930.0,154.0,294.0,930.0,930.0,294.0,930.0,784.0
371,42.0,210.0,336.0,994.0,378.0,930.0,930.0,784.0,84.0,252.0,700.0,784.0,378.0,784.0,126.0,532.0,784.0,784.0,364.0,784.0,378.0
372,84.0,168.0,378.0,930.0,972.0,784.0,784.0,490.0,126.0,364.0,846.0,378.0,972.0,420.0,210.0,972.0,420.0,490.0,490.0,490.0,994.0
373,70.0,84.0,210.0,784.0,784.0,420.0,420.0,420.0,84.0,84.0,784.0,994.0,784.0,532.0,168.0,378.0,532.0,420.0,252.0,420.0,930.0
374,42.0,378.0,294.0,784.0,784.0,532.0,532.0,532.0,126.0,336.0,420.0,930.0,784.0,378.0,84.0,294.0,378.0,532.0,336.0,532.0,784.0
375,42.0,84.0,972.0,420.0,252.0,378.0,378.0,378.0,42.0,378.0,532.0,784.0,252.0,972.0,210.0,742.0,972.0,378.0,378.0,378.0,490.0
376,42.0,252.0,490.0,532.0,784.0,972.0,972.0,294.0,42.0,210.0,378.0,420.0,784.0,784.0,252.0,490.0,784.0,294.0,294.0,294.0,420.0
377,126.0,636.0,406.0,378.0,378.0,784.0,784.0,972.0,42.0,294.0,972.0,532.0,378.0,532.0,294.0,378.0,532.0,972.0,972.0,972.0,532.0
378,42.0,84.0,210.0,972.0,888.0,532.0,784.0,784.0,70.0,678.0,784.0,972.0,888.0,84.0,636.0,378.0,84.0,784.0,406.0,784.0,378.0
379,84.0,84.0,336.0,532.0,532.0,84.0,574.0,532.0,84.0,490.0,742.0,378.0,532.0,336.0,196.0,804.0,336.0,532.0,210.0,532.0,294.0
380,42.0,154.0,490.0,420.0,420.0,336.0,252.0,420.0,168.0,364.0,378.0,784.0,420.0,378.0,252.0,490.0,378.0,420.0,336.0,420.0,972.0
381,42.0,84.0,294.0,378.0,378.0,378.0,636.0,378.0,84.0,84.0,378.0,532.0,378.0,972.0,84.0,420.0,972.0,378.0,490.0,378.0,784.0
382,84.0,196.0,378.0,972.0,972.0,972.0,840.0,972.0,84.0,336.0,784.0,784.0,972.0,784.0,210.0,532.0,784.0,972.0,294.0,972.0,532.0
383,126.0,252.0,972.0,784.0,784.0,784.0,210.0,210.0,126.0,210.0,804.0,420.0,784.0,210.0,210.0,378.0,210.0,210.0,378.0,210.0,420.0
384,126.0,168.0,210.0,210.0,756.0,532.0,784.0,784.0,126.0,378.0,378.0,378.0,756.0,672.0,154.0,294.0,672.0,784.0,972.0,784.0,378.0
385,168.0,378.0,406.0,406.0,378.0,784.0,910.0,868.0,84.0,252.0,700.0,972.0,378.0,868.0,84.0,972.0,868.0,868.0,210.0,868.0,972.0
386,84.0,210.0,336.0,784.0,294.0,420.0,336.0,336.0,210.0,294.0,378.0,532.0,294.0,336.0,252.0,532.0,336.0,336.0,406.0,336.0,210.0
387,126.0,252.0,490.0,336.0,790.0,378.0,846.0,888.0,216.0,678.0,784.0,784.0,790.0,1000.0,84.0,420.0,1000.0,888.0,336.0,888.0,784.0
388,84.0,636.0,378.0,972.0,868.0,972.0,882.0,420.0,294.0,490.0,846.0,420.0,868.0,378.0,84.0,378.0,378.0,420.0,378.0,420.0,868.0
389,84.0,84.0,294.0,378.0,784.0,378.0,378.0,532.0,126.0,336.0,420.0,972.0,784.0,742.0,252.0,294.0,742.0,532.0,294.0,532.0,336.0
390,84.0,294.0,972.0,378.0,420.0,742.0,406.0,784.0,84.0,252.0,532.0,378.0,420.0,378.0,168.0,972.0,378.0,784.0,972.0,784.0,888.0
391,126.0,210.0,84.0,742.0,532.0,378.0,784.0,378.0,126.0,84.0,378.0,378.0,532.0,804.0,168.0,490.0,804.0,378.0,490.0,378.0,420.0
392,84.0,196.0,364.0,784.0,378.0,804.0,636.0,972.0,42.0,364.0,972.0,700.0,378.0,784.0,252.0,294.0,784.0,972.0,364.0,972.0,532.0
393,84.0,84.0,210.0,378.0,972.0,784.0,952.0,784.0,84.0,210.0,784.0,784.0,972.0,420.0,636.0,700.0,420.0,784.0,210.0,784.0,784.0
394,28.0,210.0,294.0,804.0,784.0,784.0,784.0,378.0,126.0,378.0,532.0,378.0,784.0,378.0,126.0,378.0,378.0,378.0,294.0,378.0,378.0
395,42.0,378.0,336.0,784.0,378.0,420.0,378.0,378.0,84.0,294.0,84.0,846.0,378.0,532.0,196.0,378.0,532.0,378.0,490.0,378.0,972.0
396,84.0,84.0,252.0,378.0,252.0,378.0,972.0,742.0,84.0,678.0,336.0,378.0,252.0,972.0,126.0,846.0,972.0,742.0,336.0,742.0,784.0
397,84.0,154.0,294.0,378.0,888.0,532.0,378.0,804.0,154.0,490.0,378.0,378.0,888.0,784.0,196.0,490.0,784.0,804.0,336.0,804.0,378.0
398,126.0,210.0,762.0,742.0,784.0,972.0,378.0,784.0,126.0,364.0,972.0,742.0,784.0,742.0,168.0,294.0,742.0,784.0,294.0,784.0,378.0
399,42.0,252.0,490.0,804.0,378.0,742.0,846.0,378.0,126.0,490.0,784.0,784.0,378.0,378.0,84.0,532.0,378.0,378.0,762.0,378.0,742.0
400,42.0,168.0,336.0,700.0,742.0,378.0,700.0,252.0,42.0,84.0,210.0,804.0,742.0,378.0,84.0,420.0,378.0,252.0,336.0,252.0,804.0
401,126.0,252.0,972.0,378.0,378.0,378.0,784.0,784.0,42.0,252.0,406.0,700.0,378.0,784.0,84.0,378.0,784.0,784.0,210.0,784.0,784.0
402,126.0,84.0,210.0,252.0,804.0,784.0,378.0,888.0,300.0,378.0,784.0,378.0,804.0,804.0,154.0,972.0,804.0,888.0,406.0,888.0,378.0
403,84.0,294.0,406.0,784.0,784.0,804.0,742.0,378.0,42.0,336.0,336.0,252.0,784.0,378.0,126.0,490.0,378.0,378.0,378.0,378.0,252.0
404,84.0,636.0,378.0,972.0,420.0,378.0,378.0,742.0,126.0,210.0,378.0,784.0,420.0,742.0,252.0,490.0,742.0,742.0,294.0,742.0,784.0
405,42.0,84.0,294.0,532.0,532.0,994.0,804.0,378.0,126.0,294.0,972.0,972.0,532.0,378.0,210.0,532.0,378.0,378.0,972.0,378.0,888.0
406,42.0,84.0,490.0,420.0,378.0,930.0,784.0,804.0,70.0,678.0,378.0,784.0,378.0,804.0,210.0,972.0,804.0,804.0,490.0,804.0,378.0
407,42.0,84.0,336.0,378.0,972.0,784.0,378.0,784.0,168.0,84.0,742.0,532.0,972.0,784.0,168.0,420.0,784.0,784.0,336.0,784.0,742.0
408,42.0,294.0,406.0,972.0,784.0,378.0,532.0,420.0,168.0,364.0,378.0,420.0,784.0,378.0,84.0,378.0,378.0,420.0,406.0,420.0,378.0
409,42.0,252.0,210.0,784.0,532.0,532.0,924.0,532.0,84.0,378.0,804.0,378.0,532.0,532.0,378.0,294.0,532.0,532.0,490.0,532.0,804.0
410,42.0,84.0,378.0,420.0,420.0,924.0,762.0,378.0,126.0,252.0,784.0,972.0,420.0,924.0,252.0,420.0,924.0,378.0,210.0,378.0,784.0
411,42.0,168.0,294.0,532.0,378.0,762.0,490.0,972.0,210.0,336.0,420.0,420.0,378.0,762.0,636.0,490.0,762.0,972.0,378.0,972.0,420.0
412,70.0,154.0,972.0,378.0,784.0,490.0,210.0,784.0,126.0,490.0,378.0,532.0,784.0,490.0,84.0,532.0,490.0,784.0,294.0,784.0,532.0
413,84.0,210.0,490.0,972.0,972.0,84.0,406.0,532.0,252.0,210.0,532.0,378.0,972.0,532.0,84.0,378.0,532.0,532.0,972.0,532.0,378.0
414,42.0,196.0,336.0,784.0,420.0,532.0,336.0,420.0,84.0,294.0,972.0,972.0,420.0,420.0,154.0,294.0,420.0,420.0,336.0,420.0,972.0
415,84.0,252.0,378.0,532.0,532.0,336.0,448.0,378.0,84.0,678.0,784.0,784.0,532.0,378.0,84.0,972.0,378.0,378.0,378.0,378.0,784.0
416,84.0,84.0,406.0,420.0,378.0,378.0,378.0,784.0,154.0,252.0,742.0,532.0,378.0,784.0,196.0,532.0,784.0,784.0,406.0,784.0,532.0
417,126.0,294.0,210.0,378.0,972.0,784.0,336.0,972.0,84.0,210.0,378.0,420.0,972.0,972.0,252.0,420.0,972.0,972.0,210.0,972.0,420.0
418,42.0,210.0,490.0,784.0,784.0,972.0,972.0,378.0,168.0,364.0,378.0,378.0,784.0,378.0,126.0,378.0,378.0,378.0,490.0,378.0,378.0
419,42.0,720.0,294.0,972.0,868.0,378.0,378.0,378.0,42.0,84.0,784.0,784.0,868.0,378.0,168.0,972.0,378.0,378.0,294.0,378.0,784.0
420,42.0,84.0,972.0,378.0,336.0,378.0,294.0,784.0,84.0,336.0,804.0,972.0,336.0,784.0,210.0,294.0,784.0,784.0,972.0,784.0,972.0
421,42.0,154.0,336.0,784.0,994.0,784.0,378.0,742.0,84.0,294.0,378.0,336.0,994.0,742.0,252.0,490.0,742.0,742.0,336.0,742.0,378.0
422,84.0,378.0,406.0,378.0,888.0,742.0,742.0,804.0,70.0,378.0,742.0,84.0,888.0,804.0,636.0,378.0,804.0,804.0,406.0,804.0,378.0
423,84.0,168.0,378.0,742.0,336.0,804.0,804.0,784.0,42.0,294.0,378.0,784.0,336.0,420.0,84.0,532.0,420.0,784.0,378.0,784.0,784.0
424,42.0,210.0,490.0,804.0,210.0,784.0,490.0,378.0,126.0,678.0,804.0,532.0,210.0,532.0,294.0,420.0,532.0,378.0,210.0,378.0,742.0
425,126.0,210.0,210.0,378.0,868.0,378.0,784.0,378.0,42.0,196.0,784.0,378.0,868.0,378.0,210.0,490.0,378.0,378.0,294.0,378.0,804.0
426,126.0,294.0,294.0,378.0,888.0,378.0,378.0,742.0,84.0,84.0,378.0,972.0,888.0,972.0,252.0,294.0,972.0,742.0,972.0,742.0,784.0
427,126.0,84.0,972.0,742.0,784.0,700.0,378.0,804.0,42.0,252.0,490.0,378.0,784.0,784.0,196.0,972.0,784.0,804.0,490.0,804.0,378.0
428,216.0,252.0,294.0,804.0,532.0,846.0,742.0,378.0,126.0,336.0,378.0,378.0,532.0,378.0,84.0,532.0,378.0,378.0,490.0,378.0,378.0
429,168.0,84.0,406.0,784.0,420.0,378.0,804.0,972.0,126.0,364.0,742.0,742.0,420.0,994.0,210.0,294.0,994.0,972.0,294.0,972.0,742.0
430,42.0,252.0,336.0,378.0,378.0,994.0,378.0,952.0,84.0,210.0,294.0,804.0,378.0,930.0,84.0,420.0,930.0,952.0,406.0,952.0,804.0
431,42.0,636.0,378.0,994.0,972.0,784.0,378.0,784.0,168.0,294.0,804.0,784.0,972.0,784.0,154.0,378.0,784.0,784.0,972.0,784.0,378.0
432,84.0,84.0,210.0,930.0,784.0,930.0,700.0,532.0,126.0,378.0,532.0,378.0,784.0,336.0,84.0,972.0,336.0,532.0,336.0,532.0,972.0
433,42.0,196.0,972.0,784.0,532.0,336.0,784.0,420.0,126.0,678.0,420.0,994.0,532.0,868.0,210.0,490.0,868.0,420.0,378.0,420.0,952.0
434,126.0,210.0,490.0,532.0,420.0,210.0,846.0,378.0,126.0,490.0,378.0,930.0,420.0,210.0,252.0,378.0,210.0,378.0,210.0,378.0,784.0
435,126.0,84.0,490.0,420.0,378.0,868.0,532.0,972.0,84.0,336.0,784.0,784.0,378.0,868.0,168.0,378.0,868.0,972.0,490.0,972.0,532.0
436,84.0,252.0,336.0,378.0,972.0,804.0,420.0,784.0,210.0,364.0,972.0,532.0,972.0,804.0,252.0,294.0,804.0,784.0,336.0,784.0,420.0
437,84.0,84.0,294.0,972.0,784.0,868.0,378.0,378.0,216.0,210.0,378.0,420.0,784.0,532.0,84.0,742.0,532.0,378.0,294.0,378.0,378.0
438,28.0,252.0,406.0,784.0,532.0,532.0,972.0,378.0,168.0,84.0,378.0,378.0,532.0,420.0,294.0,804.0,420.0,378.0,406.0,378.0,972.0
439,42.0,196.0,210.0,532.0,420.0,420.0,784.0,742.0,294.0,252.0,784.0,972.0,420.0,378.0,636.0,490.0,378.0,742.0,972.0,742.0,784.0
440,126.0,84.0,378.0,420.0,784.0,378.0,532.0,804.0,84.0,490.0,742.0,784.0,784.0,972.0,252.0,378.0,972.0,804.0,210.0,804.0,378.0
441,42.0,154.0,972.0,378.0,378.0,972.0,420.0,784.0,126.0,378.0,804.0,532.0,378.0,784.0,126.0,294.0,784.0,784.0,378.0,784.0,378.0
442,84.0,168.0,406.0,972.0,972.0,784.0,378.0,532.0,70.0,294.0,420.0,420.0,972.0,378.0,84.0,742.0,378.0,532.0,406.0,532.0,742.0
443,84.0,294.0,294.0,784.0,532.0,252.0,972.0,420.0,154.0,678.0,532.0,378.0,532.0,742.0,84.0,378.0,742.0,420.0,294.0,420.0,804.0
444,168.0,378.0,210.0,532.0,378.0,784.0,784.0,784.0,210.0,84.0,378.0,972.0,378.0,378.0,294.0,804.0,378.0,784.0,210.0,784.0,784.0
445,42.0,84.0,336.0,420.0,490.0,490.0,378.0,378.0,126.0,364.0,972.0,784.0,490.0,804.0,252.0,490.0,804.0,378.0,336.0,378.0,532.0
446,126.0,210.0,378.0,378.0,420.0,378.0,994.0,972.0,126.0,294.0,784.0,532.0,420.0,784.0,168.0,84.0,784.0,972.0,378.0,972.0,420.0
447,42.0,636.0,972.0,972.0,294.0,294.0,784.0,84.0,84.0,252.0,378.0,420.0,294.0,84.0,154.0,742.0,84.0,84.0,972.0,84.0,784.0
448,126.0,378.0,490.0,784.0,972.0,888.0,930.0,532.0,126.0,210.0,378.0,378.0,972.0,532.0,252.0,294.0,532.0,532.0,490.0,532.0,378.0
449,70.0,154.0,336.0,532.0,742.0,532.0,532.0,378.0,42.0,678.0,742.0,972.0,742.0,378.0,210.0,490.0,378.0,378.0,336.0,378.0,972.0
450,42.0,210.0,406.0,378.0,294.0,378.0,784.0,336.0,42.0,378.0,784.0,784.0,294.0,336.0,196.0,378.0,336.0,336.0,406.0,336.0,84.0
451,42.0,84.0,378.0,490.0,378.0,420.0,378.0,972.0,42.0,336.0,804.0,84.0,378.0,972.0,252.0,294.0,972.0,972.0,378.0,972.0,532.0
452,42.0,168.0,210.0,420.0,888.0,972.0,420.0,784.0,42.0,490.0,406.0,532.0,888.0,784.0,84.0,804.0,784.0,784.0,210.0,784.0,378.0
453,42.0,252.0,294.0,294.0,784.0,784.0,972.0,378.0,126.0,252.0,336.0,378.0,784.0,378.0,210.0,378.0,378.0,378.0,294.0,378.0,336.0
454,42.0,84.0,972.0,972.0,972.0,378.0,378.0,700.0,168.0,364.0,210.0,336.0,972.0,700.0,636.0,700.0,700.0,700.0,972.0,700.0,972.0
455,42.0,294.0,490.0,378.0,532.0,742.0,378.0,378.0,84.0,210.0,378.0,972.0,532.0,378.0,84.0,490.0,378.0,378.0,490.0,378.0,784.0
456,42.0,84.0,406.0,700.0,378.0,378.0,846.0,846.0,126.0,294.0,972.0,784.0,378.0,846.0,126.0,378.0,846.0,846.0,406.0,846.0,378.0
457,42.0,196.0,490.0,378.0,420.0,804.0,700.0,784.0,84.0,84.0,784.0,378.0,420.0,784.0,84.0,294.0,784.0,784.0,336.0,784.0,700.0
458,84.0,252.0,336.0,846.0,784.0,784.0,784.0,972.0,168.0,378.0,532.0,700.0,784.0,972.0,154.0,846.0,972.0,972.0,210.0,972.0,378.0
459,84.0,210.0,210.0,784.0,972.0,972.0,972.0,532.0,84.0,678.0,420.0,378.0,972.0,532.0,378.0,420.0,532.0,532.0,378.0,532.0,846.0
460,42.0,636.0,378.0,972.0,420.0,532.0,532.0,378.0,126.0,336.0,378.0,846.0,420.0,378.0,168.0,532.0,378.0,378.0,294.0,378.0,784.0
461,84.0,84.0,294.0,532.0,532.0,378.0,784.0,784.0,216.0,490.0,972.0,784.0,532.0,420.0,210.0,972.0,420.0,784.0,972.0,784.0,972.0
462,84.0,84.0,972.0,378.0,378.0,784.0,420.0,420.0,168.0,336.0,784.0,972.0,378.0,784.0,210.0,378.0,784.0,420.0,490.0,420.0,532.0
463,126.0,154.0,294.0,784.0,784.0,420.0,378.0,972.0,294.0,252.0,378.0,532.0,784.0,378.0,294.0,294.0,378.0,972.0,294.0,972.0,378.0
464,216.0,252.0,406.0,420.0,378.0,378.0,420.0,420.0,84.0,364.0,742.0,378.0,378.0,378.0,84.0,490.0,378.0,420.0,406.0,420.0,784.0
465,84.0,294.0,378.0,972.0,742.0,378.0,532.0,532.0,84.0,678.0,378.0,420.0,742.0,742.0,252.0,532.0,742.0,532.0,378.0,532.0,420.0
466,126.0,252.0,336.0,420.0,378.0,742.0,378.0,378.0,126.0,84.0,804.0,784.0,378.0,784.0,84.0,490.0,784.0,378.0,336.0,378.0,972.0
467,126.0,378.0,210.0,532.0,804.0,784.0,784.0,784.0,84.0,490.0,784.0,972.0,804.0,804.0,252.0,294.0,804.0,784.0,210.0,784.0,420.0
468,84.0,168.0,972.0,378.0,784.0,804.0,972.0,378.0,168.0,210.0,84.0,420.0,784.0,378.0,636.0,420.0,378.0,378.0,972.0,378.0,532.0
469,42.0,210.0,490.0,294.0,784.0,742.0,784.0,742.0,42.0,378.0,532.0,532.0,784.0,742.0,84.0,378.0,742.0,742.0,490.0,742.0,378.0
470,42.0,210.0,490.0,490.0,532.0,378.0,378.0,378.0,154.0,294.0,378.0,378.0,532.0,378.0,196.0,972.0,378.0,378.0,490.0,378.0,784.0
471,216.0,84.0,294.0,378.0,420.0,126.0,742.0,804.0,168.0,84.0,336.0,784.0,420.0,804.0,210.0,490.0,804.0,804.0,294.0,804.0,378.0
472,84.0,84.0,406.0,742.0,378.0,952.0,378.0,784.0,84.0,210.0,972.0,378.0,378.0,784.0,84.0,532.0,784.0,784.0,406.0,784.0,742.0
473,42.0,636.0,972.0,378.0,972.0,888.0,804.0,784.0,126.0,336.0,784.0,742.0,972.0,784.0,252.0,420.0,784.0,784.0,336.0,784.0,378.0
474,84.0,84.0,336.0,804.0,804.0,784.0,784.0,532.0,84.0,364.0,378.0,378.0,804.0,532.0,84.0,972.0,532.0,532.0,378.0,532.0,804.0
475,126.0,196.0,378.0,784.0,378.0,532.0,888.0,972.0,42.0,490.0,700.0,804.0,378.0,420.0,252.0,378.0,420.0,972.0,210.0,972.0,784.0
476,42.0,84.0,210.0,784.0,742.0,420.0,742.0,420.0,42.0,252.0,378.0,784.0,742.0,378.0,196.0,294.0,378.0,420.0,972.0,420.0,784.0
477,42.0,210.0,210.0,532.0,378.0,378.0,378.0,378.0,126.0,378.0,846.0,784.0,378.0,972.0,154.0,294.0,972.0,378.0,210.0,378.0,532.0
478,126.0,84.0,406.0,972.0,784.0,972.0,294.0,972.0,42.0,294.0,784.0,804.0,784.0,252.0,126.0,378.0,252.0,972.0,490.0,972.0,972.0
479,42.0,154.0,972.0,420.0,378.0,252.0,804.0,532.0,126.0,678.0,972.0,742.0,378.0,700.0,168.0,700.0,700.0,532.0,406.0,532.0,420.0
480,84.0,294.0,336.0,378.0,294.0,700.0,378.0,420.0,70.0,364.0,532.0,378.0,294.0,378.0,294.0,490.0,378.0,420.0,972.0,420.0,378.0
481,126.0,252.0,378.0,784.0,888.0,378.0,742.0,378.0,126.0,210.0,378.0,378.0,888.0,972.0,252.0,378.0,972.0,378.0,336.0,378.0,972.0
482,42.0,378.0,294.0,252.0,294.0,972.0,378.0,784.0,126.0,84.0,420.0,784.0,294.0,784.0,84.0,846.0,784.0,784.0,378.0,784.0,532.0
483,126.0,168.0,490.0,742.0,742.0,784.0,784.0,784.0,84.0,336.0,784.0,252.0,742.0,784.0,210.0,378.0,784.0,784.0,294.0,784.0,420.0
484,84.0,84.0,336.0,378.0,490.0,784.0,784.0,420.0,258.0,252.0,378.0,742.0,490.0,420.0,636.0,294.0,420.0,420.0,336.0,420.0,378.0
485,42.0,252.0,490.0,930.0,420.0,420.0,420.0,532.0,84.0,294.0,378.0,378.0,420.0,532.0,84.0,378.0,532.0,532.0,490.0,532.0,784.0
486,42.0,84.0,406.0,420.0,532.0,532.0,532.0,972.0,126.0,378.0,742.0,930.0,532.0,972.0,154.0,742.0,972.0,972.0,406.0,972.0,784.0
487,42.0,210.0,378.0,532.0,972.0,972.0,972.0,378.0,294.0,678.0,784.0,420.0,972.0,378.0,210.0,490.0,378.0,378.0,378.0,378.0,420.0
488,70.0,636.0,294.0,972.0,784.0,378.0,378.0,420.0,84.0,490.0,804.0,490.0,784.0,420.0,84.0,804.0,420.0,420.0,294.0,420.0,532.0
489,28.0,196.0,210.0,784.0,378.0,420.0,420.0,532.0,126.0,210.0,378.0,532.0,378.0,532.0,84.0,742.0,532.0,532.0,210.0,532.0,972.0
490,84.0,168.0,972.0,378.0,,532.0,532.0,294.0,210.0,84.0,742.0,294.0,,294.0,126.0,294.0,294.0,294.0,972.0,294.0,378.0
491,84.0,252.0,406.0,420.0,,294.0,378.0,378.0,84.0,364.0,378.0,972.0,,378.0,168.0,378.0,378.0,378.0,406.0,378.0,420.0
492,42.0,378.0,336.0,532.0,,378.0,972.0,972.0,126.0,336.0,804.0,378.0,,972.0,252.0,84.0,972.0,972.0,336.0,972.0,532.0
493,42.0,84.0,378.0,294.0,,972.0,784.0,490.0,84.0,252.0,784.0,420.0,,490.0,252.0,294.0,490.0,490.0,378.0,490.0,294.0
494,42.0,84.0,972.0,378.0,,490.0,,,168.0,490.0,784.0,532.0,,,84.0,490.0,,,972.0,,378.0
495,84.0,84.0,210.0,972.0,,,,,84.0,378.0,532.0,294.0,,,294.0,804.0,,,210.0,,972.0
496,42.0,252.0,294.0,490.0,,,,,126.0,294.0,420.0,378.0,,,84.0,490.0,,,294.0,,490.0
497,42.0,154.0,490.0,,,,,,126.0,678.0,378.0,972.0,,,196.0,294.0,,,490.0,,
498,168.0,294.0,378.0,,,,,,84.0,84.0,972.0,490.0,,,252.0,532.0,,,378.0,,
499,42.0,210.0,210.0,,,,,,84.0,364.0,252.0,,,,210.0,420.0,,,210.0,,
500,84.0,210.0,406.0,,,,,,126.0,210.0,700.0,,,,636.0,378.0,,,406.0,,
501,84.0,196.0,336.0,,,,,,84.0,294.0,378.0,,,,84.0,972.0,,,336.0,,
502,126.0,84.0,490.0,,,,,,84.0,490.0,972.0,,,,154.0,420.0,,,490.0,,
503,126.0,636.0,294.0,,,,,,154.0,336.0,784.0,,,,84.0,532.0,,,294.0,,
504,126.0,168.0,972.0,,,,,,126.0,252.0,784.0,,,,252.0,378.0,,,972.0,,
505,84.0,210.0,364.0,,,,,,126.0,294.0,420.0,,,,168.0,294.0,,,406.0,,
506,126.0,84.0,294.0,,,,,,42.0,762.0,532.0,,,,252.0,972.0,,,294.0,,
507,84.0,84.0,336.0,,,,,,210.0,252.0,972.0,,,,42.0,490.0,,,336.0,,
508,42.0,84.0,210.0,,,,,,42.0,210.0,378.0,,,,126.0,532.0,,,210.0,,
509,126.0,378.0,294.0,,,,,,42.0,84.0,420.0,,,,168.0,420.0,,,378.0,,
510,126.0,154.0,336.0,,,,,,70.0,336.0,532.0,,,,168.0,294.0,,,972.0,,
511,42.0,294.0,762.0,,,,,,42.0,364.0,294.0,,,,210.0,490.0,,,490.0,,
512,126.0,210.0,490.0,,,,,,168.0,378.0,378.0,,,,252.0,378.0,,,406.0,,
513,126.0,84.0,406.0,,,,,,84.0,294.0,972.0,,,,84.0,972.0,,,210.0,,
514,126.0,252.0,972.0,,,,,,126.0,678.0,490.0,,,,636.0,336.0,,,336.0,,
515,126.0,252.0,210.0,,,,,,258.0,490.0,,,,,84.0,294.0,,,378.0,,
516,84.0,636.0,336.0,,,,,,126.0,84.0,,,,,196.0,84.0,,,294.0,,
517,84.0,196.0,378.0,,,,,,294.0,252.0,,,,,126.0,490.0,,,972.0,,
518,42.0,154.0,294.0,,,,,,126.0,364.0,,,,,84.0,532.0,,,490.0,,
519,84.0,84.0,490.0,,,,,,84.0,210.0,,,,,210.0,378.0,,,336.0,,
520,42.0,168.0,336.0,,,,,,126.0,378.0,,,,,84.0,972.0,,,294.0,,
521,42.0,84.0,294.0,,,,,,84.0,336.0,,,,,154.0,378.0,,,210.0,,
522,84.0,210.0,210.0,,,,,,126.0,294.0,,,,,252.0,294.0,,,406.0,,
523,42.0,252.0,406.0,,,,,,84.0,678.0,,,,,126.0,490.0,,,378.0,,
524,84.0,210.0,490.0,,,,,,126.0,490.0,,,,,252.0,378.0,,,972.0,,
525,42.0,252.0,972.0,,,,,,168.0,252.0,,,,,168.0,742.0,,,490.0,,
526,42.0,294.0,378.0,,,,,,126.0,378.0,,,,,126.0,804.0,,,336.0,,
527,216.0,84.0,336.0,,,,,,154.0,364.0,,,,,168.0,378.0,,,406.0,,
528,70.0,378.0,406.0,,,,,,42.0,84.0,,,,,84.0,378.0,,,490.0,,
529,42.0,84.0,490.0,,,,,,42.0,336.0,,,,,252.0,742.0,,,210.0,,
530,42.0,636.0,210.0,,,,,,84.0,210.0,,,,,84.0,294.0,,,378.0,,
531,42.0,196.0,378.0,,,,,,126.0,490.0,,,,,210.0,804.0,,,294.0,,
532,28.0,168.0,294.0,,,,,,42.0,678.0,,,,,636.0,490.0,,,972.0,,
533,84.0,252.0,972.0,,,,,,126.0,294.0,,,,,196.0,532.0,,,336.0,,
534,84.0,84.0,336.0,,,,,,42.0,252.0,,,,,168.0,420.0,,,406.0,,
535,42.0,154.0,406.0,,,,,,70.0,364.0,,,,,252.0,294.0,,,490.0,,
536,42.0,84.0,490.0,,,,,,84.0,84.0,,,,,84.0,490.0,,,378.0,,
537,168.0,252.0,378.0,,,,,,84.0,336.0,,,,,84.0,378.0,,,210.0,,
538,42.0,210.0,210.0,,,,,,168.0,210.0,,,,,84.0,972.0,,,294.0,,
539,42.0,210.0,294.0,,,,,,84.0,294.0,,,,,252.0,532.0,,,972.0,,
540,42.0,294.0,972.0,,,,,,210.0,294.0,,,,,154.0,420.0,,,336.0,,
541,84.0,84.0,336.0,,,,,,216.0,762.0,,,,,294.0,490.0,,,406.0,,
542,126.0,378.0,406.0,,,,,,168.0,490.0,,,,,210.0,378.0,,,490.0,,
543,126.0,636.0,210.0,,,,,,294.0,336.0,,,,,210.0,294.0,,,210.0,,
544,84.0,84.0,378.0,,,,,,84.0,294.0,,,,,252.0,972.0,,,378.0,,
545,84.0,196.0,294.0,,,,,,126.0,364.0,,,,,84.0,532.0,,,294.0,,
546,84.0,252.0,972.0,,,,,,84.0,678.0,,,,,196.0,420.0,,,972.0,,
547,126.0,210.0,490.0,,,,,,42.0,84.0,,,,,636.0,378.0,,,406.0,,
548,42.0,154.0,406.0,,,,,,126.0,252.0,,,,,126.0,294.0,,,210.0,,
549,84.0,84.0,210.0,,,,,,84.0,378.0,,,,,168.0,972.0,,,490.0,,
550,126.0,84.0,84.0,,,,,,42.0,210.0,,,,,210.0,490.0,,,294.0,,
551,42.0,294.0,490.0,,,,,,84.0,490.0,,,,,84.0,84.0,,,336.0,,
552,42.0,84.0,294.0,,,,,,154.0,490.0,,,,,84.0,532.0,,,378.0,,
553,84.0,252.0,252.0,,,,,,210.0,336.0,,,,,378.0,378.0,,,972.0,,
554,126.0,196.0,378.0,,,,,,70.0,252.0,,,,,154.0,336.0,,,490.0,,
555,126.0,168.0,972.0,,,,,,126.0,294.0,,,,,196.0,294.0,,,210.0,,
556,84.0,210.0,490.0,,,,,,42.0,364.0,,,,,210.0,972.0,,,406.0,,
557,84.0,84.0,210.0,,,,,,126.0,84.0,,,,,84.0,490.0,,,336.0,,
558,42.0,378.0,406.0,,,,,,42.0,678.0,,,,,294.0,378.0,,,972.0,,
559,84.0,636.0,336.0,,,,,,84.0,210.0,,,,,84.0,700.0,,,378.0,,
560,126.0,196.0,378.0,,,,,,126.0,378.0,,,,,252.0,294.0,,,294.0,,
561,84.0,252.0,294.0,,,,,,258.0,336.0,,,,,252.0,378.0,,,294.0,,
562,84.0,84.0,972.0,,,,,,168.0,364.0,,,,,636.0,846.0,,,336.0,,
563,42.0,84.0,294.0,,,,,,168.0,294.0,,,,,154.0,490.0,,,406.0,,
564,42.0,84.0,336.0,,,,,,126.0,210.0,,,,,84.0,972.0,,,210.0,,
565,84.0,84.0,406.0,,,,,,126.0,84.0,,,,,168.0,532.0,,,490.0,,
566,42.0,154.0,490.0,,,,,,126.0,252.0,,,,,84.0,378.0,,,378.0,,
567,42.0,378.0,378.0,,,,,,294.0,378.0,,,,,210.0,420.0,,,972.0,,
568,42.0,168.0,210.0,,,,,,84.0,678.0,,,,,252.0,294.0,,,336.0,,
569,70.0,210.0,972.0,,,,,,84.0,490.0,,,,,210.0,490.0,,,294.0,,
570,28.0,636.0,336.0,,,,,,126.0,252.0,,,,,252.0,972.0,,,378.0,,
571,42.0,210.0,294.0,,,,,,84.0,364.0,,,,,168.0,420.0,,,406.0,,
572,42.0,294.0,378.0,,,,,,126.0,378.0,,,,,84.0,532.0,,,490.0,,
573,84.0,252.0,406.0,,,,,,84.0,84.0,,,,,378.0,378.0,,,210.0,,
574,42.0,168.0,210.0,,,,,,210.0,336.0,,,,,84.0,294.0,,,972.0,,
575,84.0,154.0,490.0,,,,,,154.0,210.0,,,,,636.0,490.0,,,252.0,,
576,42.0,84.0,972.0,,,,,,84.0,294.0,,,,,126.0,378.0,,,378.0,,
577,42.0,252.0,574.0,,,,,,42.0,678.0,,,,,196.0,742.0,,,210.0,,
578,42.0,84.0,336.0,,,,,,42.0,490.0,,,,,168.0,294.0,,,84.0,,
579,84.0,84.0,378.0,,,,,,126.0,84.0,,,,,252.0,378.0,,,406.0,,
580,42.0,84.0,210.0,,,,,,84.0,364.0,,,,,84.0,804.0,,,294.0,,
581,126.0,252.0,294.0,,,,,,42.0,252.0,,,,,154.0,490.0,,,490.0,,
582,216.0,378.0,804.0,,,,,,84.0,210.0,,,,,84.0,294.0,,,972.0,,
583,168.0,210.0,490.0,,,,,,42.0,378.0,,,,,84.0,804.0,,,490.0,,
584,126.0,294.0,490.0,,,,,,168.0,336.0,,,,,252.0,742.0,,,294.0,,
585,126.0,210.0,294.0,,,,,,70.0,294.0,,,,,126.0,378.0,,,406.0,,
586,42.0,636.0,406.0,,,,,,84.0,678.0,,,,,210.0,378.0,,,336.0,,
587,42.0,196.0,336.0,,,,,,84.0,490.0,,,,,210.0,490.0,,,210.0,,
588,42.0,196.0,210.0,,,,,,126.0,490.0,,,,,294.0,294.0,,,378.0,,
589,42.0,154.0,378.0,,,,,,168.0,294.0,,,,,636.0,84.0,,,972.0,,
590,126.0,84.0,972.0,,,,,,126.0,238.0,,,,,84.0,700.0,,,336.0,,
591,42.0,84.0,336.0,,,,,,126.0,84.0,,,,,196.0,294.0,,,406.0,,
592,84.0,252.0,406.0,,,,,,126.0,252.0,,,,,252.0,378.0,,,210.0,,
593,126.0,210.0,490.0,,,,,,252.0,378.0,,,,,252.0,490.0,,,378.0,,
594,84.0,252.0,210.0,,,,,,126.0,252.0,,,,,210.0,846.0,,,294.0,,
595,126.0,378.0,378.0,,,,,,300.0,252.0,,,,,154.0,420.0,,,972.0,,
596,126.0,168.0,294.0,,,,,,84.0,210.0,,,,,84.0,490.0,,,490.0,,
597,42.0,294.0,972.0,,,,,,126.0,636.0,,,,,168.0,532.0,,,210.0,,
598,42.0,84.0,84.0,,,,,,126.0,490.0,,,,,84.0,294.0,,,406.0,,
599,42.0,210.0,210.0,,,,,,42.0,84.0,,,,,252.0,972.0,,,336.0,,
600,216.0,636.0,406.0,,,,,,126.0,294.0,,,,,196.0,378.0,,,294.0,,
601,42.0,84.0,252.0,,,,,,42.0,336.0,,,,,126.0,420.0,,,378.0,,
602,42.0,252.0,294.0,,,,,,210.0,364.0,,,,,126.0,532.0,,,972.0,,
603,84.0,168.0,490.0,,,,,,154.0,252.0,,,,,168.0,294.0,,,490.0,,
604,28.0,378.0,378.0,,,,,,84.0,378.0,,,,,84.0,378.0,,,336.0,,
605,126.0,84.0,972.0,,,,,,42.0,210.0,,,,,210.0,972.0,,,210.0,,
606,70.0,84.0,336.0,,,,,,42.0,678.0,,,,,84.0,490.0,,,294.0,,
607,84.0,84.0,210.0,,,,,,126.0,210.0,,,,,636.0,,,,406.0,,
608,84.0,154.0,294.0,,,,,,216.0,490.0,,,,,252.0,,,,490.0,,
609,42.0,252.0,406.0,,,,,,70.0,364.0,,,,,196.0,,,,378.0,,
610,42.0,210.0,490.0,,,,,,126.0,84.0,,,,,252.0,,,,972.0,,
611,42.0,196.0,378.0,,,,,,168.0,336.0,,,,,84.0,,,,336.0,,
612,84.0,294.0,972.0,,,,,,84.0,678.0,,,,,84.0,,,,210.0,,
613,84.0,84.0,336.0,,,,,,126.0,252.0,,,,,84.0,,,,406.0,,
614,42.0,210.0,210.0,,,,,,84.0,378.0,,,,,84.0,,,,294.0,,
615,42.0,636.0,406.0,,,,,,168.0,294.0,,,,,154.0,,,,490.0,,
616,126.0,196.0,294.0,,,,,,84.0,336.0,,,,,378.0,,,,378.0,,
617,42.0,154.0,490.0,,,,,,168.0,252.0,,,,,168.0,,,,972.0,,
618,84.0,84.0,378.0,,,,,,126.0,84.0,,,,,210.0,,,,406.0,,
619,126.0,84.0,972.0,,,,,,126.0,490.0,,,,,210.0,,,,378.0,,
620,126.0,168.0,406.0,,,,,,84.0,364.0,,,,,294.0,,,,336.0,,
621,168.0,294.0,378.0,,,,,,294.0,378.0,,,,,252.0,,,,210.0,,
622,84.0,378.0,336.0,,,,,,84.0,294.0,,,,,636.0,,,,294.0,,
623,84.0,252.0,210.0,,,,,,84.0,210.0,,,,,168.0,,,,972.0,,
624,84.0,84.0,294.0,,,,,,84.0,678.0,,,,,154.0,,,,490.0,,
625,126.0,210.0,972.0,,,,,,126.0,364.0,,,,,84.0,,,,406.0,,
626,84.0,84.0,490.0,,,,,,168.0,84.0,,,,,252.0,,,,336.0,,
627,84.0,252.0,406.0,,,,,,42.0,252.0,,,,,84.0,,,,294.0,,
628,42.0,210.0,336.0,,,,,,84.0,378.0,,,,,126.0,,,,490.0,,
629,42.0,636.0,294.0,,,,,,258.0,678.0,,,,,252.0,,,,210.0,,
630,42.0,84.0,490.0,,,,,,84.0,210.0,,,,,210.0,,,,378.0,,
631,84.0,154.0,210.0,,,,,,126.0,336.0,,,,,294.0,,,,972.0,,
632,42.0,378.0,378.0,,,,,,84.0,294.0,,,,,210.0,,,,406.0,,
633,70.0,84.0,972.0,,,,,,154.0,490.0,,,,,636.0,,,,210.0,,
634,42.0,168.0,406.0,,,,,,42.0,378.0,,,,,84.0,,,,336.0,,
635,42.0,252.0,210.0,,,,,,84.0,210.0,,,,,84.0,,,,378.0,,
636,126.0,84.0,336.0,,,,,,126.0,84.0,,,,,196.0,,,,294.0,,
637,42.0,84.0,378.0,,,,,,42.0,336.0,,,,,252.0,,,,972.0,,
638,84.0,252.0,294.0,,,,,,42.0,364.0,,,,,154.0,,,,490.0,,
639,42.0,210.0,972.0,,,,,,210.0,252.0,,,,,84.0,,,,406.0,,
640,42.0,294.0,490.0,,,,,,168.0,490.0,,,,,252.0,,,,336.0,,
641,28.0,196.0,84.0,,,,,,70.0,294.0,,,,,210.0,,,,210.0,,
642,42.0,210.0,406.0,,,,,,84.0,678.0,,,,,252.0,,,,378.0,,
643,126.0,636.0,252.0,,,,,,84.0,364.0,,,,,126.0,,,,294.0,,
644,42.0,168.0,210.0,,,,,,126.0,294.0,,,,,168.0,,,,972.0,,
645,84.0,210.0,490.0,,,,,,126.0,84.0,,,,,84.0,,,,490.0,,
646,42.0,154.0,378.0,,,,,,126.0,252.0,,,,,252.0,,,,210.0,,
647,42.0,84.0,294.0,,,,,,126.0,210.0,,,,,294.0,,,,84.0,,
648,42.0,84.0,972.0,,,,,,294.0,336.0,,,,,84.0,,,,406.0,,
649,84.0,252.0,210.0,,,,,,126.0,378.0,,,,,210.0,,,,378.0,,
650,84.0,84.0,406.0,,,,,,84.0,678.0,,,,,636.0,,,,490.0,,
651,42.0,84.0,378.0,,,,,,258.0,490.0,,,,,84.0,,,,252.0,,
652,84.0,210.0,490.0,,,,,,210.0,364.0,,,,,196.0,,,,294.0,,
653,42.0,378.0,336.0,,,,,,84.0,84.0,,,,,252.0,,,,972.0,,
654,126.0,294.0,294.0,,,,,,154.0,336.0,,,,,168.0,,,,364.0,,
655,84.0,252.0,972.0,,,,,,84.0,252.0,,,,,84.0,,,,490.0,,
656,126.0,636.0,406.0,,,,,,126.0,378.0,,,,,84.0,,,,378.0,,
657,168.0,196.0,490.0,,,,,,126.0,294.0,,,,,84.0,,,,294.0,,
658,216.0,84.0,378.0,,,,,,84.0,210.0,,,,,154.0,,,,252.0,,
659,126.0,168.0,210.0,,,,,,126.0,678.0,,,,,252.0,,,,336.0,,
660,84.0,252.0,294.0,,,,,,126.0,490.0,,,,,252.0,,,,972.0,,
661,126.0,84.0,336.0,,,,,,42.0,252.0,,,,,210.0,,,,972.0,,
662,126.0,252.0,972.0,,,,,,42.0,294.0,,,,,196.0,,,,406.0,,
663,84.0,154.0,972.0,,,,,,42.0,210.0,,,,,294.0,,,,210.0,,
664,70.0,210.0,406.0,,,,,,42.0,678.0,,,,,84.0,,,,378.0,,
665,42.0,210.0,210.0,,,,,,70.0,84.0,,,,,210.0,,,,336.0,,
666,126.0,294.0,378.0,,,,,,168.0,364.0,,,,,636.0,,,,294.0,,
667,126.0,378.0,336.0,,,,,,126.0,336.0,,,,,126.0,,,,490.0,,
668,42.0,84.0,294.0,,,,,,168.0,490.0,,,,,196.0,,,,972.0,,
669,84.0,636.0,490.0,,,,,,126.0,378.0,,,,,154.0,,,,336.0,,
670,126.0,84.0,336.0,,,,,,84.0,84.0,,,,,84.0,,,,210.0,,
671,84.0,196.0,210.0,,,,,,294.0,252.0,,,,,84.0,,,,406.0,,
672,42.0,84.0,406.0,,,,,,84.0,364.0,,,,,84.0,,,,378.0,,
673,42.0,252.0,378.0,,,,,,126.0,490.0,,,,,252.0,,,,294.0,,
674,126.0,154.0,294.0,,,,,,126.0,336.0,,,,,84.0,,,,490.0,,
675,42.0,196.0,490.0,,,,,,84.0,210.0,,,,,168.0,,,,336.0,,
676,42.0,210.0,972.0,,,,,,126.0,378.0,,,,,294.0,,,,364.0,,
677,42.0,84.0,336.0,,,,,,126.0,294.0,,,,,252.0,,,,252.0,,
678,42.0,168.0,84.0,,,,,,84.0,678.0,,,,,210.0,,,,294.0,,
679,42.0,378.0,490.0,,,,,,84.0,252.0,,,,,252.0,,,,378.0,,
680,42.0,210.0,294.0,,,,,,42.0,84.0,,,,,210.0,,,,972.0,,
681,42.0,84.0,210.0,,,,,,84.0,364.0,,,,,636.0,,,,490.0,,
682,28.0,84.0,378.0,,,,,,154.0,490.0,,,,,126.0,,,,210.0,,
683,84.0,294.0,804.0,,,,,,126.0,378.0,,,,,84.0,,,,406.0,,
684,84.0,252.0,490.0,,,,,,42.0,210.0,,,,,154.0,,,,294.0,,
685,84.0,636.0,210.0,,,,,,42.0,336.0,,,,,84.0,,,,972.0,,
686,42.0,84.0,406.0,,,,,,42.0,294.0,,,,,168.0,,,,336.0,,
687,42.0,154.0,294.0,,,,,,70.0,678.0,,,,,252.0,,,,378.0,,
688,42.0,84.0,336.0,,,,,,126.0,280.0,,,,,84.0,,,,490.0,,
689,126.0,84.0,378.0,,,,,,210.0,252.0,,,,,252.0,,,,972.0,,
690,42.0,294.0,972.0,,,,,,84.0,84.0,,,,,126.0,,,,364.0,,
691,126.0,210.0,490.0,,,,,,168.0,210.0,,,,,252.0,,,,336.0,,
692,84.0,168.0,406.0,,,,,,84.0,364.0,,,,,210.0,,,,294.0,,
693,42.0,84.0,252.0,,,,,,126.0,210.0,,,,,294.0,,,,378.0,,
694,84.0,210.0,84.0,,,,,,168.0,336.0,,,,,196.0,,,,252.0,,
695,84.0,636.0,210.0,,,,,,126.0,378.0,,,,,210.0,,,,490.0,,
696,126.0,378.0,294.0,,,,,,300.0,294.0,,,,,636.0,,,,336.0,,
697,216.0,252.0,378.0,,,,,,126.0,678.0,,,,,84.0,,,,210.0,,
698,126.0,252.0,972.0,,,,,,126.0,364.0,,,,,168.0,,,,406.0,,
699,168.0,196.0,490.0,,,,,,252.0,210.0,,,,,210.0,,,,294.0,,
700,84.0,168.0,336.0,,,,,,84.0,84.0,,,,,126.0,,,,972.0,,
701,84.0,154.0,210.0,,,,,,84.0,294.0,,,,,154.0,,,,378.0,,
702,84.0,210.0,406.0,,,,,,42.0,252.0,,,,,84.0,,,,490.0,,
703,84.0,210.0,294.0,,,,,,84.0,336.0,,,,,252.0,,,,336.0,,
704,42.0,84.0,972.0,,,,,,84.0,378.0,,,,,84.0,,,,210.0,,
705,126.0,84.0,378.0,,,,,,126.0,678.0,,,,,84.0,,,,406.0,,
706,84.0,294.0,490.0,,,,,,154.0,490.0,,,,,210.0,,,,294.0,,
707,84.0,378.0,336.0,,,,,,42.0,490.0,,,,,168.0,,,,378.0,,
708,84.0,636.0,210.0,,,,,,84.0,210.0,,,,,252.0,,,,972.0,,
709,42.0,84.0,406.0,,,,,,126.0,84.0,,,,,84.0,,,,490.0,,
710,42.0,252.0,294.0,,,,,,126.0,364.0,,,,,252.0,,,,,,
711,42.0,252.0,378.0,,,,,,126.0,336.0,,,,,636.0,,,,,,
712,42.0,84.0,972.0,,,,,,126.0,252.0,,,,,126.0,,,,,,
713,126.0,196.0,490.0,,,,,,84.0,678.0,,,,,196.0,,,,,,
714,42.0,252.0,,,,,,,168.0,378.0,,,,,84.0,,,,,,
715,42.0,168.0,,,,,,,42.0,294.0,,,,,168.0,,,,,,
716,70.0,154.0,,,,,,,42.0,336.0,,,,,168.0,,,,,,
717,42.0,636.0,,,,,,,126.0,84.0,,,,,252.0,,,,,,
718,126.0,84.0,,,,,,,70.0,294.0,,,,,84.0,,,,,,
719,28.0,84.0,,,,,,,84.0,252.0,,,,,252.0,,,,,,
720,42.0,294.0,,,,,,,126.0,364.0,,,,,84.0,,,,,,
721,42.0,252.0,,,,,,,84.0,210.0,,,,,154.0,,,,,,
722,42.0,210.0,,,,,,,168.0,490.0,,,,,210.0,,,,,,
723,216.0,84.0,,,,,,,210.0,378.0,,,,,126.0,,,,,,
724,42.0,378.0,,,,,,,216.0,678.0,,,,,126.0,,,,,,
725,42.0,210.0,,,,,,,168.0,252.0,,,,,210.0,,,,,,
726,42.0,84.0,,,,,,,294.0,294.0,,,,,636.0,,,,,,
727,42.0,196.0,,,,,,,84.0,378.0,,,,,84.0,,,,,,
728,84.0,84.0,,,,,,,126.0,84.0,,,,,196.0,,,,,,
729,42.0,84.0,,,,,,,294.0,364.0,,,,,252.0,,,,,,
730,84.0,210.0,,,,,,,84.0,336.0,,,,,84.0,,,,,,
731,126.0,252.0,,,,,,,84.0,490.0,,,,,252.0,,,,,,
732,126.0,154.0,,,,,,,126.0,210.0,,,,,154.0,,,,,,
733,126.0,168.0,,,,,,,84.0,678.0,,,,,196.0,,,,,,
734,126.0,378.0,,,,,,,126.0,252.0,,,,,210.0,,,,,,
735,168.0,84.0,,,,,,,126.0,378.0,,,,,84.0,,,,,,
736,84.0,84.0,,,,,,,42.0,210.0,,,,,168.0,,,,,,
737,84.0,196.0,,,,,,,154.0,84.0,,,,,210.0,,,,,,
738,84.0,252.0,,,,,,,210.0,336.0,,,,,84.0,,,,,,
739,126.0,294.0,,,,,,,42.0,364.0,,,,,84.0,,,,,,
740,84.0,210.0,,,,,,,126.0,294.0,,,,,294.0,,,,,,
741,84.0,636.0,,,,,,,126.0,490.0,,,,,252.0,,,,,,
742,84.0,154.0,,,,,,,168.0,678.0,,,,,636.0,,,,,,
743,42.0,210.0,,,,,,,42.0,490.0,,,,,252.0,,,,,,
744,126.0,84.0,,,,,,,42.0,84.0,,,,,126.0,,,,,,
745,84.0,294.0,,,,,,,168.0,294.0,,,,,84.0,,,,,,
746,84.0,252.0,,,,,,,70.0,364.0,,,,,154.0,,,,,,
747,84.0,84.0,,,,,,,126.0,252.0,,,,,84.0,,,,,,
748,84.0,84.0,,,,,,,84.0,336.0,,,,,84.0,,,,,,
749,84.0,168.0,,,,,,,216.0,210.0,,,,,252.0,,,,,,
750,84.0,84.0,,,,,,,84.0,378.0,,,,,168.0,,,,,,
751,42.0,210.0,,,,,,,168.0,678.0,,,,,126.0,,,,,,
752,126.0,252.0,,,,,,,84.0,84.0,,,,,210.0,,,,,,
753,126.0,378.0,,,,,,,84.0,252.0,,,,,168.0,,,,,,
754,126.0,636.0,,,,,,,84.0,364.0,,,,,210.0,,,,,,
755,42.0,196.0,,,,,,,42.0,336.0,,,,,636.0,,,,,,
756,126.0,196.0,,,,,,,84.0,210.0,,,,,252.0,,,,,,
757,42.0,210.0,,,,,,,126.0,378.0,,,,,252.0,,,,,,
758,42.0,84.0,,,,,,,42.0,294.0,,,,,84.0,,,,,,
759,42.0,84.0,,,,,,,168.0,678.0,,,,,126.0,,,,,,
760,42.0,294.0,,,,,,,154.0,490.0,,,,,196.0,,,,,,
761,42.0,84.0,,,,,,,126.0,84.0,,,,,168.0,,,,,,
762,70.0,154.0,,,,,,,42.0,210.0,,,,,154.0,,,,,,
763,42.0,252.0,,,,,,,42.0,336.0,,,,,210.0,,,,,,
764,42.0,168.0,,,,,,,168.0,364.0,,,,,210.0,,,,,,
765,28.0,378.0,,,,,,,70.0,252.0,,,,,84.0,,,,,,
766,42.0,84.0,,,,,,,300.0,294.0,,,,,84.0,,,,,,
767,126.0,252.0,,,,,,,84.0,378.0,,,,,294.0,,,,,,
768,42.0,210.0,,,,,,,126.0,678.0,,,,,126.0,,,,,,
769,84.0,636.0,,,,,,,126.0,490.0,,,,,84.0,,,,,,
770,42.0,84.0,,,,,,,84.0,252.0,,,,,252.0,,,,,,
771,84.0,84.0,,,,,,,126.0,210.0,,,,,252.0,,,,,,
772,42.0,294.0,,,,,,,126.0,294.0,,,,,636.0,,,,,,
773,42.0,154.0,,,,,,,126.0,84.0,,,,,84.0,,,,,,
774,42.0,196.0,,,,,,,126.0,336.0,,,,,196.0,,,,,,
775,126.0,210.0,,,,,,,84.0,364.0,,,,,252.0,,,,,,
776,84.0,252.0,,,,,,,210.0,490.0,,,,,252.0,,,,,,
777,168.0,294.0,,,,,,,252.0,378.0,,,,,168.0,,,,,,
778,216.0,252.0,,,,,,,84.0,678.0,,,,,154.0,,,,,,
779,126.0,168.0,,,,,,,84.0,84.0,,,,,636.0,,,,,,
780,84.0,84.0,,,,,,,168.0,252.0,,,,,84.0,,,,,,
781,84.0,210.0,,,,,,,84.0,210.0,,,,,84.0,,,,,,
782,126.0,720.0,,,,,,,42.0,336.0,,,,,294.0,,,,,,
783,84.0,84.0,,,,,,,154.0,364.0,,,,,252.0,,,,,,
784,126.0,168.0,,,,,,,126.0,294.0,,,,,42.0,,,,,,
785,42.0,210.0,,,,,,,126.0,490.0,,,,,168.0,,,,,,
786,42.0,84.0,,,,,,,168.0,378.0,,,,,84.0,,,,,,
787,126.0,84.0,,,,,,,84.0,678.0,,,,,252.0,,,,,,
788,84.0,252.0,,,,,,,84.0,84.0,,,,,210.0,,,,,,
789,126.0,294.0,,,,,,,84.0,364.0,,,,,84.0,,,,,,
790,126.0,154.0,,,,,,,42.0,378.0,,,,,196.0,,,,,,
791,42.0,84.0,,,,,,,84.0,252.0,,,,,126.0,,,,,,
792,42.0,378.0,,,,,,,42.0,210.0,,,,,126.0,,,,,,
793,42.0,84.0,,,,,,,126.0,294.0,,,,,42.0,,,,,,
794,42.0,252.0,,,,,,,216.0,336.0,,,,,84.0,,,,,,
795,42.0,210.0,,,,,,,70.0,678.0,,,,,168.0,,,,,,
796,84.0,636.0,,,,,,,42.0,490.0,,,,,252.0,,,,,,
797,84.0,196.0,,,,,,,168.0,364.0,,,,,154.0,,,,,,
798,42.0,84.0,,,,,,,210.0,252.0,,,,,168.0,,,,,,
799,28.0,84.0,,,,,,,84.0,84.0,,,,,84.0,,,,,,
800,42.0,168.0,,,,,,,126.0,336.0,,,,,84.0,,,,,,
801,42.0,154.0,,,,,,,126.0,294.0,,,,,196.0,,,,,,
802,70.0,294.0,,,,,,,294.0,490.0,,,,,252.0,,,,,,
803,42.0,210.0,,,,,,,84.0,210.0,,,,,294.0,,,,,,
804,42.0,378.0,,,,,,,126.0,378.0,,,,,210.0,,,,,,
805,84.0,252.0,,,,,,,126.0,678.0,,,,,636.0,,,,,,
806,42.0,84.0,,,,,,,84.0,364.0,,,,,84.0,,,,,,
807,42.0,252.0,,,,,,,84.0,84.0,,,,,252.0,,,,,,
808,42.0,210.0,,,,,,,168.0,210.0,,,,,252.0,,,,,,
809,42.0,636.0,,,,,,,126.0,252.0,,,,,154.0,,,,,,
810,84.0,84.0,,,,,,,84.0,490.0,,,,,210.0,,,,,,
811,84.0,196.0,,,,,,,126.0,336.0,,,,,84.0,,,,,,
812,84.0,168.0,,,,,,,126.0,378.0,,,,,294.0,,,,,,
813,126.0,196.0,,,,,,,42.0,294.0,,,,,252.0,,,,,,
814,216.0,378.0,,,,,,,42.0,678.0,,,,,84.0,,,,,,
815,126.0,154.0,,,,,,,154.0,84.0,,,,,84.0,,,,,,
816,168.0,84.0,,,,,,,84.0,364.0,,,,,126.0,,,,,,
817,84.0,252.0,,,,,,,42.0,252.0,,,,,168.0,,,,,,
818,126.0,84.0,,,,,,,168.0,336.0,,,,,84.0,,,,,,
819,84.0,84.0,,,,,,,42.0,210.0,,,,,210.0,,,,,,
820,84.0,252.0,,,,,,,70.0,378.0,,,,,252.0,,,,,,
821,28.0,210.0,,,,,,,126.0,294.0,,,,,636.0,,,,,,
822,168.0,636.0,,,,,,,126.0,678.0,,,,,196.0,,,,,,
823,42.0,294.0,,,,,,,126.0,490.0,,,,,196.0,,,,,,
824,42.0,210.0,,,,,,,84.0,210.0,,,,,210.0,,,,,,
825,84.0,84.0,,,,,,,210.0,84.0,,,,,84.0,,,,,,
826,42.0,168.0,,,,,,,258.0,364.0,,,,,294.0,,,,,,
827,42.0,154.0,,,,,,,252.0,378.0,,,,,154.0,,,,,,
828,42.0,84.0,,,,,,,168.0,336.0,,,,,252.0,,,,,,
829,42.0,252.0,,,,,,,84.0,490.0,,,,,252.0,,,,,,
830,84.0,84.0,,,,,,,84.0,252.0,,,,,168.0,,,,,,
831,42.0,84.0,,,,,,,126.0,294.0,,,,,84.0,,,,,,
832,126.0,84.0,,,,,,,126.0,678.0,,,,,252.0,,,,,,
833,126.0,252.0,,,,,,,126.0,84.0,,,,,210.0,,,,,,
834,42.0,210.0,,,,,,,154.0,678.0,,,,,84.0,,,,,,
835,70.0,210.0,,,,,,,84.0,364.0,,,,,636.0,,,,,,
836,126.0,294.0,,,,,,,84.0,336.0,,,,,84.0,,,,,,
837,42.0,294.0,,,,,,,42.0,490.0,,,,,126.0,,,,,,
838,42.0,720.0,,,,,,,126.0,378.0,,,,,84.0,,,,,,
839,42.0,196.0,,,,,,,126.0,210.0,,,,,84.0,,,,,,
840,126.0,252.0,,,,,,,84.0,294.0,,,,,294.0,,,,,,
841,216.0,210.0,,,,,,,168.0,252.0,,,,,126.0,,,,,,
842,42.0,154.0,,,,,,,126.0,336.0,,,,,154.0,,,,,,
843,84.0,636.0,,,,,,,70.0,678.0,,,,,196.0,,,,,,
844,84.0,84.0,,,,,,,42.0,364.0,,,,,210.0,,,,,,
845,42.0,84.0,,,,,,,42.0,84.0,,,,,252.0,,,,,,
846,84.0,252.0,,,,,,,42.0,378.0,,,,,252.0,,,,,,
847,42.0,168.0,,,,,,,84.0,252.0,,,,,252.0,,,,,,
848,84.0,378.0,,,,,,,84.0,210.0,,,,,168.0,,,,,,
849,42.0,84.0,,,,,,,168.0,294.0,,,,,84.0,,,,,,
850,126.0,210.0,,,,,,,84.0,490.0,,,,,210.0,,,,,,
851,42.0,294.0,,,,,,,126.0,678.0,,,,,636.0,,,,,,
852,126.0,84.0,,,,,,,126.0,252.0,,,,,84.0,,,,,,
853,126.0,196.0,,,,,,,300.0,210.0,,,,,126.0,,,,,,
854,126.0,252.0,,,,,,,210.0,364.0,,,,,168.0,,,,,,
855,84.0,168.0,,,,,,,252.0,84.0,,,,,210.0,,,,,,
856,84.0,210.0,,,,,,,84.0,378.0,,,,,84.0,,,,,,
857,84.0,154.0,,,,,,,126.0,294.0,,,,,84.0,,,,,,
858,84.0,84.0,,,,,,,42.0,490.0,,,,,196.0,,,,,,
859,42.0,636.0,,,,,,,84.0,336.0,,,,,252.0,,,,,,
860,126.0,84.0,,,,,,,84.0,252.0,,,,,168.0,,,,,,
861,42.0,252.0,,,,,,,154.0,364.0,,,,,154.0,,,,,,
862,84.0,294.0,,,,,,,84.0,84.0,,,,,126.0,,,,,,
863,126.0,210.0,,,,,,,126.0,294.0,,,,,252.0,,,,,,
864,126.0,84.0,,,,,,,42.0,210.0,,,,,84.0,,,,,,
865,42.0,378.0,,,,,,,168.0,336.0,,,,,84.0,,,,,,
866,84.0,196.0,,,,,,,126.0,378.0,,,,,252.0,,,,,,
867,42.0,84.0,,,,,,,126.0,678.0,,,,,210.0,,,,,,
868,42.0,252.0,,,,,,,42.0,490.0,,,,,636.0,,,,,,
869,126.0,154.0,,,,,,,42.0,210.0,,,,,84.0,,,,,,
870,84.0,210.0,,,,,,,70.0,364.0,,,,,168.0,,,,,,
871,42.0,210.0,,,,,,,126.0,84.0,,,,,154.0,,,,,,
872,84.0,84.0,,,,,,,168.0,294.0,,,,,126.0,,,,,,
873,42.0,84.0,,,,,,,126.0,678.0,,,,,168.0,,,,,,
874,84.0,84.0,,,,,,,168.0,336.0,,,,,126.0,,,,,,
875,42.0,252.0,,,,,,,84.0,252.0,,,,,210.0,,,,,,
876,42.0,168.0,,,,,,,210.0,378.0,,,,,84.0,,,,,,
877,42.0,294.0,,,,,,,126.0,490.0,,,,,252.0,,,,,,
878,28.0,378.0,,,,,,,258.0,678.0,,,,,84.0,,,,,,
879,42.0,84.0,,,,,,,252.0,364.0,,,,,252.0,,,,,,
880,70.0,636.0,,,,,,,84.0,252.0,,,,,210.0,,,,,,
881,42.0,196.0,,,,,,,84.0,84.0,,,,,636.0,,,,,,
882,42.0,168.0,,,,,,,126.0,490.0,,,,,84.0,,,,,,
883,126.0,154.0,,,,,,,84.0,210.0,,,,,196.0,,,,,,
884,42.0,378.0,,,,,,,84.0,294.0,,,,,252.0,,,,,,
885,42.0,84.0,,,,,,,84.0,378.0,,,,,168.0,,,,,,
886,84.0,252.0,,,,,,,154.0,336.0,,,,,196.0,,,,,,
887,84.0,84.0,,,,,,,126.0,336.0,,,,,154.0,,,,,,
888,84.0,210.0,,,,,,,42.0,252.0,,,,,84.0,,,,,,
889,42.0,294.0,,,,,,,42.0,210.0,,,,,252.0,,,,,,
890,126.0,196.0,,,,,,,42.0,84.0,,,,,84.0,,,,,,
891,126.0,84.0,,,,,,,84.0,364.0,,,,,252.0,,,,,,
892,168.0,210.0,,,,,,,84.0,294.0,,,,,210.0,,,,,,
893,216.0,252.0,,,,,,,42.0,762.0,,,,,126.0,,,,,,
894,84.0,636.0,,,,,,,126.0,294.0,,,,,252.0,,,,,,
895,126.0,84.0,,,,,,,70.0,490.0,,,,,636.0,,,,,,
896,84.0,84.0,,,,,,,168.0,252.0,,,,,294.0,,,,,,
897,84.0,84.0,,,,,,,126.0,210.0,,,,,84.0,,,,,,
898,126.0,154.0,,,,,,,84.0,364.0,,,,,210.0,,,,,,
899,84.0,168.0,,,,,,,126.0,294.0,,,,,84.0,,,,,,
900,42.0,210.0,,,,,,,84.0,378.0,,,,,168.0,,,,,,
901,84.0,378.0,,,,,,,168.0,84.0,,,,,154.0,,,,,,
902,42.0,252.0,,,,,,,126.0,336.0,,,,,84.0,,,,,,
903,42.0,294.0,,,,,,,126.0,678.0,,,,,252.0,,,,,,
904,126.0,84.0,,,,,,,84.0,490.0,,,,,84.0,,,,,,
905,126.0,196.0,,,,,,,210.0,,,,,,84.0,,,,,,
906,168.0,210.0,,,,,,,258.0,,,,,,252.0,,,,,,
907,84.0,252.0,,,,,,,126.0,,,,,,210.0,,,,,,
908,42.0,636.0,,,,,,,294.0,,,,,,126.0,,,,,,
909,42.0,84.0,,,,,,,126.0,,,,,,210.0,,,,,,
910,42.0,210.0,,,,,,,300.0,,,,,,252.0,,,,,,
911,84.0,154.0,,,,,,,168.0,,,,,,294.0,,,,,,
912,42.0,84.0,,,,,,,126.0,,,,,,636.0,,,,,,
913,42.0,84.0,,,,,,,126.0,,,,,,84.0,,,,,,
914,42.0,252.0,,,,,,,84.0,,,,,,196.0,,,,,,
915,42.0,196.0,,,,,,,84.0,,,,,,252.0,,,,,,
916,126.0,378.0,,,,,,,84.0,,,,,,210.0,,,,,,
917,216.0,168.0,,,,,,,126.0,,,,,,154.0,,,,,,
918,42.0,252.0,,,,,,,154.0,,,,,,636.0,,,,,,
919,70.0,84.0,,,,,,,42.0,,,,,,84.0,,,,,,
920,42.0,210.0,,,,,,,42.0,,,,,,196.0,,,,,,
921,42.0,294.0,,,,,,,42.0,,,,,,84.0,,,,,,
922,84.0,636.0,,,,,,,42.0,,,,,,252.0,,,,,,
923,28.0,84.0,,,,,,,70.0,,,,,,168.0,,,,,,
924,126.0,84.0,,,,,,,210.0,,,,,,378.0,,,,,,
925,42.0,210.0,,,,,,,168.0,,,,,,84.0,,,,,,
926,126.0,252.0,,,,,,,126.0,,,,,,210.0,,,,,,
927,42.0,196.0,,,,,,,84.0,,,,,,294.0,,,,,,
928,84.0,84.0,,,,,,,126.0,,,,,,84.0,,,,,,
929,126.0,252.0,,,,,,,84.0,,,,,,252.0,,,,,,
930,42.0,154.0,,,,,,,84.0,,,,,,252.0,,,,,,
931,84.0,168.0,,,,,,,252.0,,,,,,168.0,,,,,,
932,126.0,378.0,,,,,,,126.0,,,,,,210.0,,,,,,
933,84.0,294.0,,,,,,,126.0,,,,,,154.0,,,,,,
934,84.0,84.0,,,,,,,126.0,,,,,,84.0,,,,,,
935,84.0,210.0,,,,,,,84.0,,,,,,636.0,,,,,,
936,84.0,84.0,,,,,,,84.0,,,,,,252.0,,,,,,
937,84.0,636.0,,,,,,,168.0,,,,,,126.0,,,,,,
938,42.0,196.0,,,,,,,210.0,,,,,,294.0,,,,,,
939,126.0,210.0,,,,,,,84.0,,,,,,210.0,,,,,,
940,84.0,154.0,,,,,,,84.0,,,,,,84.0,,,,,,
941,42.0,84.0,,,,,,,84.0,,,,,,196.0,,,,,,
942,42.0,84.0,,,,,,,300.0,,,,,,84.0,,,,,,
943,42.0,84.0,,,,,,,126.0,,,,,,84.0,,,,,,
944,84.0,252.0,,,,,,,154.0,,,,,,252.0,,,,,,
945,216.0,252.0,,,,,,,42.0,,,,,,154.0,,,,,,
946,84.0,636.0,,,,,,,126.0,,,,,,210.0,,,,,,
947,42.0,168.0,,,,,,,84.0,,,,,,210.0,,,,,,
948,84.0,84.0,,,,,,,42.0,,,,,,84.0,,,,,,
949,126.0,378.0,,,,,,,42.0,,,,,,84.0,,,,,,
950,42.0,294.0,,,,,,,42.0,,,,,,84.0,,,,,,
951,84.0,210.0,,,,,,,70.0,,,,,,252.0,,,,,,
952,126.0,252.0,,,,,,,168.0,,,,,,252.0,,,,,,
953,42.0,168.0,,,,,,,84.0,,,,,,126.0,,,,,,
954,42.0,252.0,,,,,,,84.0,,,,,,168.0,,,,,,
955,42.0,84.0,,,,,,,126.0,,,,,,294.0,,,,,,
956,42.0,84.0,,,,,,,126.0,,,,,,84.0,,,,,,
957,126.0,154.0,,,,,,,126.0,,,,,,636.0,,,,,,
958,126.0,378.0,,,,,,,126.0,,,,,,196.0,,,,,,
959,28.0,210.0,,,,,,,252.0,,,,,,168.0,,,,,,
960,84.0,294.0,,,,,,,126.0,,,,,,154.0,,,,,,
961,42.0,210.0,,,,,,,126.0,,,,,,84.0,,,,,,
962,70.0,84.0,,,,,,,154.0,,,,,,84.0,,,,,,
963,84.0,636.0,,,,,,,84.0,,,,,,252.0,,,,,,
964,126.0,84.0,,,,,,,42.0,,,,,,126.0,,,,,,
965,42.0,196.0,,,,,,,168.0,,,,,,210.0,,,,,,
966,42.0,196.0,,,,,,,126.0,,,,,,294.0,,,,,,
967,42.0,154.0,,,,,,,84.0,,,,,,196.0,,,,,,
968,42.0,84.0,,,,,,,84.0,,,,,,84.0,,,,,,
969,168.0,252.0,,,,,,,42.0,,,,,,210.0,,,,,,
970,42.0,168.0,,,,,,,126.0,,,,,,252.0,,,,,,
971,84.0,84.0,,,,,,,42.0,,,,,,636.0,,,,,,
972,126.0,378.0,,,,,,,210.0,,,,,,84.0,,,,,,
973,84.0,84.0,,,,,,,42.0,,,,,,252.0,,,,,,
974,84.0,636.0,,,,,,,70.0,,,,,,126.0,,,,,,
975,126.0,210.0,,,,,,,126.0,,,,,,84.0,,,,,,
976,42.0,84.0,,,,,,,126.0,,,,,,84.0,,,,,,
977,42.0,294.0,,,,,,,126.0,,,,,,154.0,,,,,,
978,216.0,252.0,,,,,,,84.0,,,,,,252.0,,,,,,
979,168.0,210.0,,,,,,,168.0,,,,,,168.0,,,,,,
980,42.0,378.0,,,,,,,126.0,,,,,,210.0,,,,,,
981,126.0,210.0,,,,,,,84.0,,,,,,252.0,,,,,,
982,84.0,84.0,,,,,,,126.0,,,,,,294.0,,,,,,
983,42.0,294.0,,,,,,,258.0,,,,,,84.0,,,,,,
984,126.0,84.0,,,,,,,294.0,,,,,,196.0,,,,,,
985,126.0,252.0,,,,,,,84.0,,,,,,210.0,,,,,,
986,84.0,154.0,,,,,,,126.0,,,,,,252.0,,,,,,
987,126.0,168.0,,,,,,,84.0,,,,,,636.0,,,,,,
988,126.0,210.0,,,,,,,168.0,,,,,,84.0,,,,,,
989,42.0,84.0,,,,,,,126.0,,,,,,210.0,,,,,,
990,42.0,252.0,,,,,,,126.0,,,,,,154.0,,,,,,
991,42.0,636.0,,,,,,,84.0,,,,,,126.0,,,,,,
992,42.0,84.0,,,,,,,154.0,,,,,,84.0,,,,,,
993,42.0,196.0,,,,,,,84.0,,,,,,84.0,,,,,,
994,42.0,154.0,,,,,,,84.0,,,,,,252.0,,,,,,
995,42.0,210.0,,,,,,,126.0,,,,,,196.0,,,,,,
996,70.0,84.0,,,,,,,42.0,,,,,,84.0,,,,,,
997,84.0,84.0,,,,,,,168.0,,,,,,168.0,,,,,,
998,42.0,84.0,,,,,,,42.0,,,,,,252.0,,,,,,
999,168.0,252.0,,,,,,,42.0,,,,,,252.0,,,,,,
1000,42.0,168.0,,,,,,,84.0,,,,,,84.0,,,,,,
1001,84.0,210.0,,,,,,,126.0,,,,,,210.0,,,,,,
1002,28.0,252.0,,,,,,,42.0,,,,,,636.0,,,,,,
1003,84.0,294.0,,,,,,,210.0,,,,,,294.0,,,,,,
1004,42.0,84.0,,,,,,,70.0,,,,,,84.0,,,,,,
1005,126.0,378.0,,,,,,,84.0,,,,,,210.0,,,,,,
1006,42.0,636.0,,,,,,,126.0,,,,,,252.0,,,,,,
1007,42.0,196.0,,,,,,,258.0,,,,,,196.0,,,,,,
1008,84.0,154.0,,,,,,,126.0,,,,,,252.0,,,,,,
1009,126.0,210.0,,,,,,,294.0,,,,,,154.0,,,,,,
1010,84.0,84.0,,,,,,,84.0,,,,,,126.0,,,,,,
1011,84.0,252.0,,,,,,,84.0,,,,,,168.0,,,,,,
1012,126.0,84.0,,,,,,,126.0,,,,,,294.0,,,,,,
1013,84.0,168.0,,,,,,,126.0,,,,,,84.0,,,,,,
1014,126.0,378.0,,,,,,,70.0,,,,,,210.0,,,,,,
1015,42.0,210.0,,,,,,,126.0,,,,,,252.0,,,,,,
1016,126.0,84.0,,,,,,,210.0,,,,,,84.0,,,,,,
1017,126.0,294.0,,,,,,,154.0,,,,,,636.0,,,,,,
1018,42.0,252.0,,,,,,,84.0,,,,,,84.0,,,,,,
1019,28.0,636.0,,,,,,,84.0,,,,,,196.0,,,,,,
1020,42.0,84.0,,,,,,,126.0,,,,,,210.0,,,,,,
1021,42.0,196.0,,,,,,,84.0,,,,,,126.0,,,,,,
1022,84.0,168.0,,,,,,,126.0,,,,,,154.0,,,,,,
1023,42.0,210.0,,,,,,,42.0,,,,,,84.0,,,,,,
1024,42.0,210.0,,,,,,,126.0,,,,,,84.0,,,,,,
1025,84.0,84.0,,,,,,,126.0,,,,,,84.0,,,,,,
1026,126.0,84.0,,,,,,,42.0,,,,,,84.0,,,,,,
1027,42.0,84.0,,,,,,,42.0,,,,,,252.0,,,,,,
1028,42.0,154.0,,,,,,,168.0,,,,,,252.0,,,,,,
1029,42.0,84.0,,,,,,,168.0,,,,,,252.0,,,,,,
1030,42.0,252.0,,,,,,,126.0,,,,,,636.0,,,,,,
1031,42.0,252.0,,,,,,,84.0,,,,,,168.0,,,,,,
1032,70.0,126.0,,,,,,,42.0,,,,,,294.0,,,,,,
1033,126.0,294.0,,,,,,,216.0,,,,,,210.0,,,,,,
1034,42.0,636.0,,,,,,,168.0,,,,,,252.0,,,,,,
1035,126.0,196.0,,,,,,,84.0,,,,,,168.0,,,,,,
1036,42.0,252.0,,,,,,,84.0,,,,,,252.0,,,,,,
1037,42.0,84.0,,,,,,,84.0,,,,,,84.0,,,,,,
1038,84.0,252.0,,,,,,,126.0,,,,,,84.0,,,,,,
1039,42.0,168.0,,,,,,,294.0,,,,,,154.0,,,,,,
1040,84.0,84.0,,,,,,,126.0,,,,,,126.0,,,,,,
1041,84.0,154.0,,,,,,,42.0,,,,,,252.0,,,,,,
1042,42.0,252.0,,,,,,,126.0,,,,,,210.0,,,,,,
1043,84.0,210.0,,,,,,,42.0,,,,,,294.0,,,,,,
1044,84.0,378.0,,,,,,,126.0,,,,,,210.0,,,,,,
1045,216.0,84.0,,,,,,,84.0,,,,,,84.0,,,,,,
1046,126.0,294.0,,,,,,,84.0,,,,,,636.0,,,,,,
1047,126.0,210.0,,,,,,,84.0,,,,,,84.0,,,,,,
1048,168.0,636.0,,,,,,,84.0,,,,,,196.0,,,,,,
1049,84.0,84.0,,,,,,,154.0,,,,,,196.0,,,,,,
1050,84.0,196.0,,,,,,,42.0,,,,,,154.0,,,,,,
1051,84.0,168.0,,,,,,,84.0,,,,,,84.0,,,,,,
1052,84.0,252.0,,,,,,,42.0,,,,,,252.0,,,,,,
1053,42.0,84.0,,,,,,,70.0,,,,,,168.0,,,,,,
1054,84.0,154.0,,,,,,,126.0,,,,,,378.0,,,,,,
1055,42.0,378.0,,,,,,,168.0,,,,,,636.0,,,,,,
1056,42.0,84.0,,,,,,,126.0,,,,,,210.0,,,,,,
1057,126.0,210.0,,,,,,,210.0,,,,,,84.0,,,,,,
1058,42.0,294.0,,,,,,,216.0,,,,,,294.0,,,,,,
1059,84.0,252.0,,,,,,,84.0,,,,,,252.0,,,,,,
1060,126.0,196.0,,,,,,,168.0,,,,,,84.0,,,,,,
1061,42.0,84.0,,,,,,,126.0,,,,,,210.0,,,,,,
1062,126.0,210.0,,,,,,,168.0,,,,,,84.0,,,,,,
1063,42.0,636.0,,,,,,,294.0,,,,,,210.0,,,,,,
1064,126.0,84.0,,,,,,,84.0,,,,,,84.0,,,,,,
1065,84.0,168.0,,,,,,,126.0,,,,,,294.0,,,,,,
1066,84.0,84.0,,,,,,,168.0,,,,,,84.0,,,,,,
1067,42.0,84.0,,,,,,,42.0,,,,,,252.0,,,,,,
1068,42.0,294.0,,,,,,,154.0,,,,,,154.0,,,,,,
1069,84.0,154.0,,,,,,,126.0,,,,,,168.0,,,,,,
1070,70.0,84.0,,,,,,,84.0,,,,,,252.0,,,,,,
1071,42.0,210.0,,,,,,,168.0,,,,,,210.0,,,,,,
1072,28.0,252.0,,,,,,,126.0,,,,,,84.0,,,,,,
1073,42.0,378.0,,,,,,,84.0,,,,,,252.0,,,,,,
1074,42.0,84.0,,,,,,,42.0,,,,,,636.0,,,,,,
1075,42.0,210.0,,,,,,,84.0,,,,,,84.0,,,,,,
1076,126.0,252.0,,,,,,,126.0,,,,,,196.0,,,,,,
1077,42.0,636.0,,,,,,,42.0,,,,,,126.0,,,,,,
1078,42.0,196.0,,,,,,,42.0,,,,,,154.0,,,,,,
1079,84.0,196.0,,,,,,,126.0,,,,,,210.0,,,,,,
1080,42.0,154.0,,,,,,,70.0,,,,,,84.0,,,,,,
1081,84.0,210.0,,,,,,,126.0,,,,,,84.0,,,,,,
1082,42.0,84.0,,,,,,,84.0,,,,,,84.0,,,,,,
1083,126.0,252.0,,,,,,,210.0,,,,,,84.0,,,,,,
1084,216.0,210.0,,,,,,,258.0,,,,,,252.0,,,,,,
1085,126.0,294.0,,,,,,,84.0,,,,,,168.0,,,,,,
1086,168.0,84.0,,,,,,,126.0,,,,,,210.0,,,,,,
1087,84.0,168.0,,,,,,,294.0,,,,,,126.0,,,,,,
1088,84.0,252.0,,,,,,,84.0,,,,,,252.0,,,,,,
1089,126.0,84.0,,,,,,,84.0,,,,,,294.0,,,,,,
1090,84.0,378.0,,,,,,,126.0,,,,,,636.0,,,,,,
1091,84.0,636.0,,,,,,,126.0,,,,,,196.0,,,,,,
1092,126.0,84.0,,,,,,,42.0,,,,,,252.0,,,,,,
1093,42.0,210.0,,,,,,,154.0,,,,,,154.0,,,,,,
1094,84.0,84.0,,,,,,,84.0,,,,,,210.0,,,,,,
1095,42.0,154.0,,,,,,,126.0,,,,,,126.0,,,,,,
1096,42.0,84.0,,,,,,,126.0,,,,,,84.0,,,,,,
1097,84.0,84.0,,,,,,,126.0,,,,,,252.0,,,,,,
1098,84.0,196.0,,,,,,,42.0,,,,,,84.0,,,,,,
1099,126.0,252.0,,,,,,,42.0,,,,,,168.0,,,,,,
1100,42.0,252.0,,,,,,,126.0,,,,,,210.0,,,,,,
1101,42.0,168.0,,,,,,,126.0,,,,,,84.0,,,,,,
1102,126.0,636.0,,,,,,,42.0,,,,,,252.0,,,,,,
1103,84.0,378.0,,,,,,,70.0,,,,,,294.0,,,,,,
1104,126.0,294.0,,,,,,,84.0,,,,,,252.0,,,,,,
1105,42.0,84.0,,,,,,,168.0,,,,,,636.0,,,,,,
1106,126.0,210.0,,,,,,,84.0,,,,,,84.0,,,,,,
1107,84.0,252.0,,,,,,,168.0,,,,,,196.0,,,,,,
1108,84.0,84.0,,,,,,,42.0,,,,,,168.0,,,,,,
1109,42.0,210.0,,,,,,,84.0,,,,,,210.0,,,,,,
1110,42.0,168.0,,,,,,,126.0,,,,,,210.0,,,,,,
1111,84.0,154.0,,,,,,,84.0,,,,,,84.0,,,,,,
1112,70.0,252.0,,,,,,,126.0,,,,,,84.0,,,,,,
1113,28.0,84.0,,,,,,,84.0,,,,,,84.0,,,,,,
1114,126.0,210.0,,,,,,,210.0,,,,,,154.0,,,,,,
1115,42.0,196.0,,,,,,,258.0,,,,,,84.0,,,,,,
1116,42.0,378.0,,,,,,,252.0,,,,,,252.0,,,,,,
1117,42.0,84.0,,,,,,,84.0,,,,,,252.0,,,,,,
1118,42.0,294.0,,,,,,,126.0,,,,,,294.0,,,,,,
1119,84.0,84.0,,,,,,,126.0,,,,,,636.0,,,,,,
1120,42.0,636.0,,,,,,,126.0,,,,,,196.0,,,,,,
1121,84.0,196.0,,,,,,,168.0,,,,,,252.0,,,,,,
1122,42.0,168.0,,,,,,,84.0,,,,,,126.0,,,,,,
1123,42.0,210.0,,,,,,,84.0,,,,,,84.0,,,,,,
1124,42.0,378.0,,,,,,,154.0,,,,,,252.0,,,,,,
1125,216.0,84.0,,,,,,,126.0,,,,,,168.0,,,,,,
1126,126.0,154.0,,,,,,,42.0,,,,,,154.0,,,,,,
1127,168.0,84.0,,,,,,,126.0,,,,,,126.0,,,,,,
1128,126.0,252.0,,,,,,,42.0,,,,,,252.0,,,,,,
1129,84.0,252.0,,,,,,,42.0,,,,,,210.0,,,,,,
1130,84.0,210.0,,,,,,,258.0,,,,,,84.0,,,,,,
1131,84.0,84.0,,,,,,,42.0,,,,,,84.0,,,,,,
1132,42.0,294.0,,,,,,,70.0,,,,,,294.0,,,,,,
1133,42.0,636.0,,,,,,,126.0,,,,,,210.0,,,,,,
1134,28.0,84.0,,,,,,,84.0,,,,,,636.0,,,,,,
1135,42.0,252.0,,,,,,,84.0,,,,,,84.0,,,,,,
1136,42.0,168.0,,,,,,,126.0,,,,,,196.0,,,,,,
1137,126.0,378.0,,,,,,,168.0,,,,,,252.0,,,,,,
1138,42.0,210.0,,,,,,,126.0,,,,,,168.0,,,,,,
1139,84.0,84.0,,,,,,,126.0,,,,,,252.0,,,,,,
1140,126.0,84.0,,,,,,,84.0,,,,,,84.0,,,,,,
1141,42.0,252.0,,,,,,,210.0,,,,,,154.0,,,,,,
1142,42.0,154.0,,,,,,,294.0,,,,,,84.0,,,,,,
1143,42.0,210.0,,,,,,,84.0,,,,,,210.0,,,,,,
1144,84.0,84.0,,,,,,,84.0,,,,,,294.0,,,,,,
1145,70.0,294.0,,,,,,,42.0,,,,,,252.0,,,,,,
1146,84.0,196.0,,,,,,,126.0,,,,,,84.0,,,,,,
1147,216.0,636.0,,,,,,,154.0,,,,,,210.0,,,,,,
1148,84.0,84.0,,,,,,,126.0,,,,,,636.0,,,,,,
1149,42.0,84.0,,,,,,,84.0,,,,,,84.0,,,,,,
1150,42.0,210.0,,,,,,,84.0,,,,,,196.0,,,,,,
1151,42.0,154.0,,,,,,,126.0,,,,,,252.0,,,,,,
1152,84.0,168.0,,,,,,,84.0,,,,,,126.0,,,,,,
1153,42.0,84.0,,,,,,,42.0,,,,,,168.0,,,,,,
1154,126.0,252.0,,,,,,,168.0,,,,,,84.0,,,,,,
1155,42.0,252.0,,,,,,,42.0,,,,,,84.0,,,,,,
1156,42.0,210.0,,,,,,,42.0,,,,,,168.0,,,,,,
1157,42.0,84.0,,,,,,,126.0,,,,,,154.0,,,,,,
1158,42.0,378.0,,,,,,,70.0,,,,,,84.0,,,,,,
1159,126.0,294.0,,,,,,,126.0,,,,,,126.0,,,,,,
1160,126.0,636.0,,,,,,,126.0,,,,,,210.0,,,,,,
1161,84.0,84.0,,,,,,,84.0,,,,,,84.0,,,,,,
1162,84.0,196.0,,,,,,,168.0,,,,,,252.0,,,,,,
1163,84.0,84.0,,,,,,,126.0,,,,,,210.0,,,,,,
1164,126.0,168.0,,,,,,,210.0,,,,,,252.0,,,,,,
1165,126.0,84.0,,,,,,,252.0,,,,,,636.0,,,,,,
1166,168.0,154.0,,,,,,,258.0,,,,,,196.0,,,,,,
1167,84.0,252.0,,,,,,,168.0,,,,,,252.0,,,,,,
1168,126.0,84.0,,,,,,,84.0,,,,,,126.0,,,,,,
1169,84.0,210.0,,,,,,,84.0,,,,,,196.0,,,,,,
1170,126.0,294.0,,,,,,,84.0,,,,,,154.0,,,,,,
1171,84.0,84.0,,,,,,,42.0,,,,,,210.0,,,,,,
1172,42.0,252.0,,,,,,,84.0,,,,,,84.0,,,,,,
1173,126.0,210.0,,,,,,,154.0,,,,,,252.0,,,,,,
1174,84.0,636.0,,,,,,,126.0,,,,,,126.0,,,,,,
1175,126.0,196.0,,,,,,,126.0,,,,,,210.0,,,,,,
1176,84.0,252.0,,,,,,,84.0,,,,,,294.0,,,,,,
1177,42.0,126.0,,,,,,,168.0,,,,,,84.0,,,,,,
1178,42.0,84.0,,,,,,,126.0,,,,,,168.0,,,,,,
1179,84.0,294.0,,,,,,,216.0,,,,,,252.0,,,,,,
1180,84.0,84.0,,,,,,,84.0,,,,,,84.0,,,,,,
1181,42.0,210.0,,,,,,,126.0,,,,,,636.0,,,,,,
1182,84.0,84.0,,,,,,,42.0,,,,,,84.0,,,,,,
1183,84.0,252.0,,,,,,,42.0,,,,,,252.0,,,,,,
1184,42.0,154.0,,,,,,,42.0,,,,,,210.0,,,,,,
1185,84.0,168.0,,,,,,,70.0,,,,,,84.0,,,,,,
1186,84.0,210.0,,,,,,,84.0,,,,,,154.0,,,,,,
1187,42.0,84.0,,,,,,,168.0,,,,,,84.0,,,,,,
1188,216.0,378.0,,,,,,,84.0,,,,,,84.0,,,,,,
1189,70.0,196.0,,,,,,,84.0,,,,,,84.0,,,,,,
1190,42.0,252.0,,,,,,,126.0,,,,,,196.0,,,,,,
1191,28.0,636.0,,,,,,,126.0,,,,,,252.0,,,,,,
1192,84.0,168.0,,,,,,,210.0,,,,,,252.0,,,,,,
1193,42.0,210.0,,,,,,,168.0,,,,,,168.0,,,,,,
1194,42.0,210.0,,,,,,,294.0,,,,,,636.0,,,,,,
1195,42.0,84.0,,,,,,,84.0,,,,,,294.0,,,,,,
1196,42.0,252.0,,,,,,,126.0,,,,,,210.0,,,,,,
1197,42.0,84.0,,,,,,,168.0,,,,,,252.0,,,,,,
1198,42.0,294.0,,,,,,,84.0,,,,,,126.0,,,,,,
1199,126.0,154.0,,,,,,,84.0,,,,,,252.0,,,,,,
1200,84.0,84.0,,,,,,,154.0,,,,,,84.0,,,,,,
1201,42.0,378.0,,,,,,,84.0,,,,,,210.0,,,,,,
1202,42.0,196.0,,,,,,,258.0,,,,,,168.0,,,,,,
1203,126.0,84.0,,,,,,,126.0,,,,,,154.0,,,,,,
1204,42.0,252.0,,,,,,,84.0,,,,,,252.0,,,,,,
1205,126.0,636.0,,,,,,,168.0,,,,,,84.0,,,,,,
1206,168.0,196.0,,,,,,,42.0,,,,,,210.0,,,,,,
1207,126.0,84.0,,,,,,,42.0,,,,,,196.0,,,,,,
1208,126.0,168.0,,,,,,,42.0,,,,,,378.0,,,,,,
1209,126.0,210.0,,,,,,,42.0,,,,,,84.0,,,,,,
1210,42.0,294.0,,,,,,,210.0,,,,,,294.0,,,,,,
1211,28.0,84.0,,,,,,,126.0,,,,,,84.0,,,,,,
1212,42.0,252.0,,,,,,,70.0,,,,,,636.0,,,,,,
1213,84.0,84.0,,,,,,,126.0,,,,,,196.0,,,,,,
1214,84.0,154.0,,,,,,,126.0,,,,,,168.0,,,,,,
1215,126.0,210.0,,,,,,,84.0,,,,,,210.0,,,,,,
1216,42.0,84.0,,,,,,,126.0,,,,,,84.0,,,,,,
1217,126.0,378.0,,,,,,,126.0,,,,,,154.0,,,,,,
1218,126.0,252.0,,,,,,,294.0,,,,,,84.0,,,,,,
1219,84.0,636.0,,,,,,,84.0,,,,,,252.0,,,,,,
1220,42.0,84.0,,,,,,,84.0,,,,,,252.0,,,,,,
1221,42.0,154.0,,,,,,,126.0,,,,,,126.0,,,,,,
1222,126.0,378.0,,,,,,,126.0,,,,,,42.0,,,,,,
1223,84.0,168.0,,,,,,,42.0,,,,,,252.0,,,,,,
1224,42.0,252.0,,,,,,,84.0,,,,,,168.0,,,,,,
1225,84.0,294.0,,,,,,,126.0,,,,,,84.0,,,,,,
1226,42.0,210.0,,,,,,,168.0,,,,,,294.0,,,,,,
1227,42.0,84.0,,,,,,,126.0,,,,,,636.0,,,,,,
1228,42.0,196.0,,,,,,,42.0,,,,,,84.0,,,,,,
1229,42.0,210.0,,,,,,,84.0,,,,,,252.0,,,,,,
1230,42.0,252.0,,,,,,,126.0,,,,,,168.0,,,,,,
1231,70.0,84.0,,,,,,,84.0,,,,,,378.0,,,,,,
1232,126.0,636.0,,,,,,,154.0,,,,,,210.0,,,,,,
1233,42.0,84.0,,,,,,,42.0,,,,,,84.0,,,,,,
1234,42.0,154.0,,,,,,,84.0,,,,,,84.0,,,,,,
1235,84.0,84.0,,,,,,,84.0,,,,,,84.0,,,,,,
1236,42.0,252.0,,,,,,,126.0,,,,,,252.0,,,,,,
1237,84.0,168.0,,,,,,,210.0,,,,,,154.0,,,,,,
1238,42.0,294.0,,,,,,,126.0,,,,,,210.0,,,,,,
1239,42.0,84.0,,,,,,,42.0,,,,,,84.0,,,,,,
1240,84.0,84.0,,,,,,,70.0,,,,,,294.0,,,,,,
1241,84.0,252.0,,,,,,,168.0,,,,,,196.0,,,,,,
1242,84.0,252.0,,,,,,,126.0,,,,,,636.0,,,,,,
1243,126.0,210.0,,,,,,,258.0,,,,,,84.0,,,,,,
1244,216.0,210.0,,,,,,,126.0,,,,,,210.0,,,,,,
1245,168.0,84.0,,,,,,,294.0,,,,,,154.0,,,,,,
1246,126.0,636.0,,,,,,,84.0,,,,,,168.0,,,,,,
1247,84.0,196.0,,,,,,,84.0,,,,,,84.0,,,,,,
1248,84.0,126.0,,,,,,,126.0,,,,,,252.0,,,,,,
1249,42.0,154.0,,,,,,,126.0,,,,,,126.0,,,,,,
1250,84.0,84.0,,,,,,,42.0,,,,,,252.0,,,,,,
1251,126.0,210.0,,,,,,,84.0,,,,,,210.0,,,,,,
1252,42.0,168.0,,,,,,,168.0,,,,,,294.0,,,,,,
1253,84.0,252.0,,,,,,,126.0,,,,,,84.0,,,,,,
1254,42.0,84.0,,,,,,,154.0,,,,,,636.0,,,,,,
1255,42.0,294.0,,,,,,,126.0,,,,,,84.0,,,,,,
1256,126.0,378.0,,,,,,,84.0,,,,,,196.0,,,,,,
1257,84.0,252.0,,,,,,,168.0,,,,,,252.0,,,,,,
1258,84.0,84.0,,,,,,,42.0,,,,,,84.0,,,,,,
1259,84.0,210.0,,,,,,,42.0,,,,,,168.0,,,,,,
1260,126.0,636.0,,,,,,,126.0,,,,,,84.0,,,,,,
1261,70.0,84.0,,,,,,,126.0,,,,,,84.0,,,,,,
1262,42.0,196.0,,,,,,,42.0,,,,,,154.0,,,,,,
1263,42.0,84.0,,,,,,,70.0,,,,,,252.0,,,,,,
1264,42.0,154.0,,,,,,,84.0,,,,,,84.0,,,,,,
1265,42.0,168.0,,,,,,,210.0,,,,,,210.0,,,,,,
1266,28.0,252.0,,,,,,,84.0,,,,,,294.0,,,,,,
1267,42.0,84.0,,,,,,,126.0,,,,,,252.0,,,,,,
1268,42.0,84.0,,,,,,,84.0,,,,,,210.0,,,,,,
1269,42.0,252.0,,,,,,,126.0,,,,,,636.0,,,,,,
1270,42.0,196.0,,,,,,,258.0,,,,,,196.0,,,,,,
1271,84.0,210.0,,,,,,,126.0,,,,,,252.0,,,,,,
1272,42.0,84.0,,,,,,,294.0,,,,,,126.0,,,,,,
1273,42.0,378.0,,,,,,,84.0,,,,,,84.0,,,,,,
1274,84.0,294.0,,,,,,,84.0,,,,,,294.0,,,,,,
1275,42.0,210.0,,,,,,,42.0,,,,,,84.0,,,,,,
1276,42.0,636.0,,,,,,,84.0,,,,,,210.0,,,,,,
1277,126.0,210.0,,,,,,,154.0,,,,,,252.0,,,,,,
1278,84.0,84.0,,,,,,,84.0,,,,,,154.0,,,,,,
1279,126.0,154.0,,,,,,,84.0,,,,,,126.0,,,,,,
1280,126.0,378.0,,,,,,,84.0,,,,,,168.0,,,,,,
1281,258.0,252.0,,,,,,,42.0,,,,,,210.0,,,,,,
1282,126.0,252.0,,,,,,,126.0,,,,,,84.0,,,,,,
1283,168.0,84.0,,,,,,,84.0,,,,,,196.0,,,,,,
1284,84.0,168.0,,,,,,,42.0,,,,,,84.0,,,,,,
1285,84.0,84.0,,,,,,,42.0,,,,,,252.0,,,,,,
1286,84.0,294.0,,,,,,,70.0,,,,,,636.0,,,,,,
1287,42.0,210.0,,,,,,,210.0,,,,,,252.0,,,,,,
1288,84.0,636.0,,,,,,,168.0,,,,,,168.0,,,,,,
1289,42.0,84.0,,,,,,,126.0,,,,,,210.0,,,,,,
1290,42.0,196.0,,,,,,,126.0,,,,,,210.0,,,,,,
1291,84.0,84.0,,,,,,,168.0,,,,,,84.0,,,,,,
1292,42.0,636.0,,,,,,,126.0,,,,,,252.0,,,,,,
1293,126.0,154.0,,,,,,,126.0,,,,,,84.0,,,,,,
1294,84.0,252.0,,,,,,,252.0,,,,,,294.0,,,,,,
1295,126.0,84.0,,,,,,,258.0,,,,,,154.0,,,,,,
1296,42.0,378.0,,,,,,,168.0,,,,,,84.0,,,,,,
1297,84.0,210.0,,,,,,,84.0,,,,,,378.0,,,,,,
1298,42.0,252.0,,,,,,,84.0,,,,,,196.0,,,,,,
1299,126.0,210.0,,,,,,,126.0,,,,,,84.0,,,,,,
1300,126.0,168.0,,,,,,,126.0,,,,,,252.0,,,,,,
1301,42.0,294.0,,,,,,,168.0,,,,,,636.0,,,,,,
1302,42.0,84.0,,,,,,,70.0,,,,,,196.0,,,,,,
1303,42.0,84.0,,,,,,,84.0,,,,,,84.0,,,,,,
1304,70.0,196.0,,,,,,,168.0,,,,,,168.0,,,,,,
1305,42.0,252.0,,,,,,,154.0,,,,,,210.0,,,,,,
1306,42.0,636.0,,,,,,,84.0,,,,,,252.0,,,,,,
1307,84.0,154.0,,,,,,,210.0,,,,,,84.0,,,,,,
1308,126.0,210.0,,,,,,,84.0,,,,,,252.0,,,,,,
1309,84.0,84.0,,,,,,,42.0,,,,,,84.0,,,,,,
1310,84.0,378.0,,,,,,,84.0,,,,,,154.0,,,,,,
1311,42.0,84.0,,,,,,,84.0,,,,,,126.0,,,,,,
1312,42.0,196.0,,,,,,,126.0,,,,,,294.0,,,,,,
1313,126.0,252.0,,,,,,,42.0,,,,,,210.0,,,,,,
1314,28.0,168.0,,,,,,,42.0,,,,,,84.0,,,,,,
1315,42.0,294.0,,,,,,,84.0,,,,,,252.0,,,,,,
1316,84.0,84.0,,,,,,,126.0,,,,,,636.0,,,,,,
1317,42.0,210.0,,,,,,,42.0,,,,,,84.0,,,,,,
1318,84.0,84.0,,,,,,,126.0,,,,,,154.0,,,,,,
1319,42.0,636.0,,,,,,,300.0,,,,,,378.0,,,,,,
1320,216.0,168.0,,,,,,,126.0,,,,,,168.0,,,,,,
1321,168.0,210.0,,,,,,,126.0,,,,,,252.0,,,,,,
1322,84.0,154.0,,,,,,,126.0,,,,,,294.0,,,,,,
1323,84.0,84.0,,,,,,,252.0,,,,,,210.0,,,,,,
1324,126.0,378.0,,,,,,,84.0,,,,,,84.0,,,,,,
1325,126.0,84.0,,,,,,,126.0,,,,,,196.0,,,,,,
1326,42.0,84.0,,,,,,,126.0,,,,,,210.0,,,,,,
1327,42.0,252.0,,,,,,,126.0,,,,,,252.0,,,,,,
1328,84.0,210.0,,,,,,,126.0,,,,,,84.0,,,,,,
1329,42.0,252.0,,,,,,,168.0,,,,,,636.0,,,,,,
1330,42.0,294.0,,,,,,,154.0,,,,,,84.0,,,,,,
1331,84.0,196.0,,,,,,,258.0,,,,,,154.0,,,,,,
1332,126.0,84.0,,,,,,,42.0,,,,,,84.0,,,,,,
1333,42.0,196.0,,,,,,,84.0,,,,,,252.0,,,,,,
1334,126.0,168.0,,,,,,,84.0,,,,,,168.0,,,,,,
1335,42.0,154.0,,,,,,,126.0,,,,,,294.0,,,,,,
1336,42.0,84.0,,,,,,,42.0,,,,,,84.0,,,,,,
1337,42.0,84.0,,,,,,,42.0,,,,,,84.0,,,,,,
1338,42.0,84.0,,,,,,,42.0,,,,,,126.0,,,,,,
1339,84.0,252.0,,,,,,,168.0,,,,,,252.0,,,,,,
1340,42.0,210.0,,,,,,,70.0,,,,,,252.0,,,,,,
1341,84.0,294.0,,,,,,,168.0,,,,,,210.0,,,,,,
1342,84.0,210.0,,,,,,,126.0,,,,,,210.0,,,,,,
1343,42.0,252.0,,,,,,,84.0,,,,,,84.0,,,,,,
1344,70.0,378.0,,,,,,,252.0,,,,,,636.0,,,,,,
1345,84.0,84.0,,,,,,,84.0,,,,,,196.0,,,,,,
1346,28.0,636.0,,,,,,,126.0,,,,,,154.0,,,,,,
1347,84.0,210.0,,,,,,,126.0,,,,,,84.0,,,,,,
1348,42.0,196.0,,,,,,,210.0,,,,,,210.0,,,,,,
1349,42.0,154.0,,,,,,,84.0,,,,,,168.0,,,,,,
1350,126.0,84.0,,,,,,,84.0,,,,,,84.0,,,,,,
1351,42.0,210.0,,,,,,,126.0,,,,,,126.0,,,,,,
1352,42.0,636.0,,,,,,,84.0,,,,,,252.0,,,,,,
1353,42.0,84.0,,,,,,,84.0,,,,,,84.0,,,,,,
1354,84.0,252.0,,,,,,,126.0,,,,,,252.0,,,,,,
1355,126.0,252.0,,,,,,,42.0,,,,,,294.0,,,,,,
1356,84.0,168.0,,,,,,,84.0,,,,,,252.0,,,,,,
1357,126.0,84.0,,,,,,,126.0,,,,,,84.0,,,,,,
1358,216.0,294.0,,,,,,,84.0,,,,,,210.0,,,,,,
1359,126.0,84.0,,,,,,,84.0,,,,,,636.0,,,,,,
1360,168.0,378.0,,,,,,,126.0,,,,,,196.0,,,,,,
1361,84.0,196.0,,,,,,,294.0,,,,,,84.0,,,,,,
1362,126.0,636.0,,,,,,,154.0,,,,,,154.0,,,,,,
1363,126.0,84.0,,,,,,,126.0,,,,,,168.0,,,,,,
1364,84.0,154.0,,,,,,,126.0,,,,,,252.0,,,,,,
1365,216.0,168.0,,,,,,,42.0,,,,,,84.0,,,,,,
1366,84.0,84.0,,,,,,,42.0,,,,,,84.0,,,,,,
1367,126.0,84.0,,,,,,,42.0,,,,,,252.0,,,,,,
1368,42.0,84.0,,,,,,,70.0,,,,,,210.0,,,,,,
1369,42.0,252.0,,,,,,,168.0,,,,,,196.0,,,,,,
1370,84.0,210.0,,,,,,,126.0,,,,,,84.0,,,,,,
1371,84.0,378.0,,,,,,,84.0,,,,,,378.0,,,,,,
1372,84.0,210.0,,,,,,,84.0,,,,,,294.0,,,,,,
1373,42.0,294.0,,,,,,,126.0,,,,,,210.0,,,,,,
1374,84.0,252.0,,,,,,,126.0,,,,,,636.0,,,,,,
1375,126.0,252.0,,,,,,,210.0,,,,,,210.0,,,,,,
1376,126.0,196.0,,,,,,,258.0,,,,,,84.0,,,,,,
1377,42.0,168.0,,,,,,,84.0,,,,,,154.0,,,,,,
1378,42.0,210.0,,,,,,,168.0,,,,,,252.0,,,,,,
1379,42.0,84.0,,,,,,,70.0,,,,,,252.0,,,,,,
1380,42.0,84.0,,,,,,,154.0,,,,,,84.0,,,,,,
1381,70.0,84.0,,,,,,,84.0,,,,,,252.0,,,,,,
1382,42.0,154.0,,,,,,,84.0,,,,,,168.0,,,,,,
1383,42.0,210.0,,,,,,,126.0,,,,,,84.0,,,,,,
1384,126.0,720.0,,,,,,,84.0,,,,,,294.0,,,,,,
1385,42.0,294.0,,,,,,,84.0,,,,,,210.0,,,,,,
1386,84.0,84.0,,,,,,,42.0,,,,,,636.0,,,,,,
1387,126.0,294.0,,,,,,,42.0,,,,,,84.0,,,,,,
1388,84.0,252.0,,,,,,,42.0,,,,,,196.0,,,,,,
1389,84.0,168.0,,,,,,,84.0,,,,,,126.0,,,,,,
1390,28.0,210.0,,,,,,,42.0,,,,,,84.0,,,,,,
1391,84.0,154.0,,,,,,,126.0,,,,,,636.0,,,,,,
1392,126.0,210.0,,,,,,,168.0,,,,,,154.0,,,,,,
1393,42.0,294.0,,,,,,,84.0,,,,,,252.0,,,,,,
1394,42.0,378.0,,,,,,,84.0,,,,,,84.0,,,,,,
1395,84.0,84.0,,,,,,,168.0,,,,,,210.0,,,,,,
1396,42.0,84.0,,,,,,,258.0,,,,,,252.0,,,,,,
1397,126.0,84.0,,,,,,,126.0,,,,,,126.0,,,,,,
1398,42.0,252.0,,,,,,,210.0,,,,,,210.0,,,,,,
1399,42.0,84.0,,,,,,,126.0,,,,,,168.0,,,,,,
1400,42.0,252.0,,,,,,,126.0,,,,,,294.0,,,,,,
1401,126.0,636.0,,,,,,,168.0,,,,,,84.0,,,,,,
1402,168.0,196.0,,,,,,,252.0,,,,,,84.0,,,,,,
1403,84.0,,,,,,,,126.0,,,,,,196.0,,,,,,
1404,84.0,,,,,,,,126.0,,,,,,252.0,,,,,,
1405,84.0,,,,,,,,126.0,,,,,,252.0,,,,,,
1406,126.0,,,,,,,,84.0,,,,,,126.0,,,,,,
1407,42.0,,,,,,,,84.0,,,,,,636.0,,,,,,
1408,84.0,,,,,,,,84.0,,,,,,154.0,,,,,,
1409,84.0,,,,,,,,210.0,,,,,,210.0,,,,,,
1410,216.0,,,,,,,,84.0,,,,,,84.0,,,,,,
1411,42.0,,,,,,,,126.0,,,,,,84.0,,,,,,
1412,84.0,,,,,,,,154.0,,,,,,196.0,,,,,,
1413,126.0,,,,,,,,126.0,,,,,,252.0,,,,,,
1414,126.0,,,,,,,,42.0,,,,,,126.0,,,,,,
1415,42.0,,,,,,,,42.0,,,,,,168.0,,,,,,
1416,126.0,,,,,,,,42.0,,,,,,168.0,,,,,,
1417,84.0,,,,,,,,42.0,,,,,,252.0,,,,,,
1418,42.0,,,,,,,,70.0,,,,,,84.0,,,,,,
1419,42.0,,,,,,,,168.0,,,,,,210.0,,,,,,
1420,42.0,,,,,,,,126.0,,,,,,84.0,,,,,,
1421,42.0,,,,,,,,126.0,,,,,,636.0,,,,,,
1422,42.0,,,,,,,,126.0,,,,,,168.0,,,,,,
1423,28.0,,,,,,,,168.0,,,,,,210.0,,,,,,
1424,70.0,,,,,,,,126.0,,,,,,154.0,,,,,,
1425,84.0,,,,,,,,210.0,,,,,,84.0,,,,,,
1426,42.0,,,,,,,,468.0,,,,,,84.0,,,,,,
1427,42.0,,,,,,,,84.0,,,,,,84.0,,,,,,
1428,42.0,,,,,,,,84.0,,,,,,252.0,,,,,,
1429,42.0,,,,,,,,84.0,,,,,,126.0,,,,,,
1430,42.0,,,,,,,,84.0,,,,,,210.0,,,,,,
1431,42.0,,,,,,,,84.0,,,,,,252.0,,,,,,
1432,42.0,,,,,,,,84.0,,,,,,252.0,,,,,,
1433,84.0,,,,,,,,42.0,,,,,,294.0,,,,,,
1434,42.0,,,,,,,,154.0,,,,,,196.0,,,,,,
1435,84.0,,,,,,,,126.0,,,,,,84.0,,,,,,
1436,126.0,,,,,,,,42.0,,,,,,168.0,,,,,,
1437,126.0,,,,,,,,126.0,,,,,,154.0,,,,,,
1438,126.0,,,,,,,,84.0,,,,,,294.0,,,,,,
1439,168.0,,,,,,,,126.0,,,,,,84.0,,,,,,
1440,126.0,,,,,,,,42.0,,,,,,84.0,,,,,,
1441,84.0,,,,,,,,42.0,,,,,,84.0,,,,,,
1442,84.0,,,,,,,,126.0,,,,,,252.0,,,,,,
1443,126.0,,,,,,,,70.0,,,,,,210.0,,,,,,
1444,84.0,,,,,,,,168.0,,,,,,210.0,,,,,,
1445,126.0,,,,,,,,126.0,,,,,,252.0,,,,,,
1446,42.0,,,,,,,,126.0,,,,,,378.0,,,,,,
1447,42.0,,,,,,,,126.0,,,,,,84.0,,,,,,
1448,84.0,,,,,,,,168.0,,,,,,636.0,,,,,,
1449,84.0,,,,,,,,84.0,,,,,,196.0,,,,,,
1450,84.0,,,,,,,,210.0,,,,,,210.0,,,,,,
1451,42.0,,,,,,,,216.0,,,,,,196.0,,,,,,
1452,84.0,,,,,,,,168.0,,,,,,154.0,,,,,,
1453,42.0,,,,,,,,294.0,,,,,,84.0,,,,,,
1454,126.0,,,,,,,,84.0,,,,,,210.0,,,,,,
1455,42.0,,,,,,,,84.0,,,,,,636.0,,,,,,
1456,126.0,,,,,,,,126.0,,,,,,84.0,,,,,,
1457,168.0,,,,,,,,168.0,,,,,,252.0,,,,,,
1458,42.0,,,,,,,,84.0,,,,,,252.0,,,,,,
1459,70.0,,,,,,,,84.0,,,,,,168.0,,,,,,
1460,42.0,,,,,,,,84.0,,,,,,84.0,,,,,,
1461,42.0,,,,,,,,126.0,,,,,,294.0,,,,,,
1462,42.0,,,,,,,,126.0,,,,,,84.0,,,,,,
1463,28.0,,,,,,,,126.0,,,,,,252.0,,,,,,
1464,42.0,,,,,,,,154.0,,,,,,126.0,,,,,,
1465,84.0,,,,,,,,42.0,,,,,,636.0,,,,,,
1466,126.0,,,,,,,,42.0,,,,,,84.0,,,,,,
1467,126.0,,,,,,,,42.0,,,,,,154.0,,,,,,
1468,42.0,,,,,,,,70.0,,,,,,168.0,,,,,,
1469,42.0,,,,,,,,42.0,,,,,,252.0,,,,,,
1470,84.0,,,,,,,,168.0,,,,,,84.0,,,,,,
1471,42.0,,,,,,,,84.0,,,,,,84.0,,,,,,
1472,42.0,,,,,,,,168.0,,,,,,84.0,,,,,,
1473,42.0,,,,,,,,126.0,,,,,,252.0,,,,,,
1474,84.0,,,,,,,,126.0,,,,,,126.0,,,,,,
1475,126.0,,,,,,,,84.0,,,,,,42.0,,,,,,
1476,84.0,,,,,,,,126.0,,,,,,210.0,,,,,,
1477,42.0,,,,,,,,210.0,,,,,,168.0,,,,,,
1478,216.0,,,,,,,,258.0,,,,,,294.0,,,,,,
1479,84.0,,,,,,,,252.0,,,,,,252.0,,,,,,
1480,126.0,,,,,,,,84.0,,,,,,196.0,,,,,,
1481,84.0,,,,,,,,84.0,,,,,,252.0,,,,,,
1482,126.0,,,,,,,,84.0,,,,,,196.0,,,,,,
1483,84.0,,,,,,,,42.0,,,,,,168.0,,,,,,
1484,126.0,,,,,,,,84.0,,,,,,210.0,,,,,,
1485,42.0,,,,,,,,168.0,,,,,,84.0,,,,,,
1486,126.0,,,,,,,,70.0,,,,,,84.0,,,,,,
1487,42.0,,,,,,,,84.0,,,,,,154.0,,,,,,
1488,84.0,,,,,,,,42.0,,,,,,210.0,,,,,,
1489,126.0,,,,,,,,154.0,,,,,,126.0,,,,,,
1490,84.0,,,,,,,,42.0,,,,,,636.0,,,,,,
1491,42.0,,,,,,,,42.0,,,,,,84.0,,,,,,
1492,126.0,,,,,,,,126.0,,,,,,294.0,,,,,,
1493,42.0,,,,,,,,168.0,,,,,,252.0,,,,,,
1494,126.0,,,,,,,,258.0,,,,,,84.0,,,,,,
1495,84.0,,,,,,,,126.0,,,,,,252.0,,,,,,
1496,42.0,,,,,,,,84.0,,,,,,168.0,,,,,,
1497,42.0,,,,,,,,126.0,,,,,,210.0,,,,,,
1498,84.0,,,,,,,,126.0,,,,,,154.0,,,,,,
1499,84.0,,,,,,,,126.0,,,,,,210.0,,,,,,
1500,42.0,,,,,,,,126.0,,,,,,294.0,,,,,,
1501,126.0,,,,,,,,126.0,,,,,,84.0,,,,,,
1502,70.0,,,,,,,,210.0,,,,,,84.0,,,,,,
1503,28.0,,,,,,,,294.0,,,,,,84.0,,,,,,
1504,42.0,,,,,,,,84.0,,,,,,252.0,,,,,,
1505,42.0,,,,,,,,84.0,,,,,,126.0,,,,,,
1506,42.0,,,,,,,,126.0,,,,,,84.0,,,,,,
1507,42.0,,,,,,,,84.0,,,,,,252.0,,,,,,
1508,42.0,,,,,,,,168.0,,,,,,636.0,,,,,,
1509,42.0,,,,,,,,126.0,,,,,,196.0,,,,,,
1510,42.0,,,,,,,,42.0,,,,,,252.0,,,,,,
1511,168.0,,,,,,,,126.0,,,,,,,,,,,,
1512,42.0,,,,,,,,154.0,,,,,,,,,,,,
1513,42.0,,,,,,,,42.0,,,,,,,,,,,,
1514,84.0,,,,,,,,84.0,,,,,,,,,,,,
1515,216.0,,,,,,,,126.0,,,,,,,,,,,,
1516,84.0,,,,,,,,84.0,,,,,,,,,,,,
1517,84.0,,,,,,,,126.0,,,,,,,,,,,,
1518,84.0,,,,,,,,84.0,,,,,,,,,,,,
1519,126.0,,,,,,,,126.0,,,,,,,,,,,,
1520,84.0,,,,,,,,42.0,,,,,,,,,,,,
1521,168.0,,,,,,,,84.0,,,,,,,,,,,,
1522,70.0,,,,,,,,84.0,,,,,,,,,,,,
1523,42.0,,,,,,,,42.0,,,,,,,,,,,,
1524,126.0,,,,,,,,84.0,,,,,,,,,,,,
1525,126.0,,,,,,,,70.0,,,,,,,,,,,,
1526,42.0,,,,,,,,216.0,,,,,,,,,,,,
1527,126.0,,,,,,,,168.0,,,,,,,,,,,,
1528,42.0,,,,,,,,126.0,,,,,,,,,,,,
1529,84.0,,,,,,,,84.0,,,,,,,,,,,,
1530,126.0,,,,,,,,210.0,,,,,,,,,,,,
1531,84.0,,,,,,,,294.0,,,,,,,,,,,,
1532,126.0,,,,,,,,168.0,,,,,,,,,,,,
1533,42.0,,,,,,,,126.0,,,,,,,,,,,,
1534,42.0,,,,,,,,300.0,,,,,,,,,,,,
1535,126.0,,,,,,,,168.0,,,,,,,,,,,,
1536,42.0,,,,,,,,154.0,,,,,,,,,,,,
1537,42.0,,,,,,,,42.0,,,,,,,,,,,,
1538,126.0,,,,,,,,42.0,,,,,,,,,,,,
1539,84.0,,,,,,,,84.0,,,,,,,,,,,,
1540,42.0,,,,,,,,126.0,,,,,,,,,,,,
1541,216.0,,,,,,,,126.0,,,,,,,,,,,,
1542,84.0,,,,,,,,84.0,,,,,,,,,,,,
1543,42.0,,,,,,,,126.0,,,,,,,,,,,,
1544,28.0,,,,,,,,42.0,,,,,,,,,,,,
1545,42.0,,,,,,,,42.0,,,,,,,,,,,,
1546,42.0,,,,,,,,84.0,,,,,,,,,,,,
1547,84.0,,,,,,,,126.0,,,,,,,,,,,,
1548,42.0,,,,,,,,210.0,,,,,,,,,,,,
1549,42.0,,,,,,,,70.0,,,,,,,,,,,,
1550,42.0,,,,,,,,126.0,,,,,,,,,,,,
1551,42.0,,,,,,,,84.0,,,,,,,,,,,,
1552,42.0,,,,,,,,84.0,,,,,,,,,,,,
1553,84.0,,,,,,,,168.0,,,,,,,,,,,,
1554,84.0,,,,,,,,126.0,,,,,,,,,,,,
1555,84.0,,,,,,,,252.0,,,,,,,,,,,,
1556,126.0,,,,,,,,84.0,,,,,,,,,,,,
1557,84.0,,,,,,,,126.0,,,,,,,,,,,,
1558,84.0,,,,,,,,126.0,,,,,,,,,,,,
1559,84.0,,,,,,,,84.0,,,,,,,,,,,,
1560,126.0,,,,,,,,126.0,,,,,,,,,,,,
1561,42.0,,,,,,,,210.0,,,,,,,,,,,,
1562,42.0,,,,,,,,42.0,,,,,,,,,,,,
1563,126.0,,,,,,,,154.0,,,,,,,,,,,,
1564,42.0,,,,,,,,258.0,,,,,,,,,,,,
1565,126.0,,,,,,,,84.0,,,,,,,,,,,,
1566,84.0,,,,,,,,84.0,,,,,,,,,,,,
1567,84.0,,,,,,,,84.0,,,,,,,,,,,,
1568,84.0,,,,,,,,42.0,,,,,,,,,,,,
1569,84.0,,,,,,,,126.0,,,,,,,,,,,,
1570,42.0,,,,,,,,126.0,,,,,,,,,,,,
1571,42.0,,,,,,,,168.0,,,,,,,,,,,,
1572,126.0,,,,,,,,126.0,,,,,,,,,,,,
1573,42.0,,,,,,,,42.0,,,,,,,,,,,,
1574,42.0,,,,,,,,42.0,,,,,,,,,,,,
1575,84.0,,,,,,,,70.0,,,,,,,,,,,,
1576,84.0,,,,,,,,126.0,,,,,,,,,,,,
1577,42.0,,,,,,,,84.0,,,,,,,,,,,,
1578,42.0,,,,,,,,168.0,,,,,,,,,,,,
1579,42.0,,,,,,,,84.0,,,,,,,,,,,,
1580,42.0,,,,,,,,126.0,,,,,,,,,,,,
1581,70.0,,,,,,,,294.0,,,,,,,,,,,,
1582,84.0,,,,,,,,84.0,,,,,,,,,,,,
1583,28.0,,,,,,,,126.0,,,,,,,,,,,,
1584,84.0,,,,,,,,126.0,,,,,,,,,,,,
1585,42.0,,,,,,,,84.0,,,,,,,,,,,,
1586,42.0,,,,,,,,126.0,,,,,,,,,,,,
1587,126.0,,,,,,,,168.0,,,,,,,,,,,,
1588,216.0,,,,,,,,210.0,,,,,,,,,,,,
1589,42.0,,,,,,,,154.0,,,,,,,,,,,,
1590,84.0,,,,,,,,84.0,,,,,,,,,,,,
1591,42.0,,,,,,,,84.0,,,,,,,,,,,,
1592,84.0,,,,,,,,42.0,,,,,,,,,,,,
1593,42.0,,,,,,,,126.0,,,,,,,,,,,,
1594,126.0,,,,,,,,42.0,,,,,,,,,,,,
1595,126.0,,,,,,,,42.0,,,,,,,,,,,,
1596,168.0,,,,,,,,126.0,,,,,,,,,,,,
1597,126.0,,,,,,,,42.0,,,,,,,,,,,,
1598,84.0,,,,,,,,84.0,,,,,,,,,,,,
1599,84.0,,,,,,,,70.0,,,,,,,,,,,,
1600,42.0,,,,,,,,126.0,,,,,,,,,,,,
1601,126.0,,,,,,,,84.0,,,,,,,,,,,,
1602,42.0,,,,,,,,168.0,,,,,,,,,,,,
1603,126.0,,,,,,,,84.0,,,,,,,,,,,,
1604,84.0,,,,,,,,126.0,,,,,,,,,,,,
1605,84.0,,,,,,,,84.0,,,,,,,,,,,,
1606,126.0,,,,,,,,126.0,,,,,,,,,,,,
1607,42.0,,,,,,,,126.0,,,,,,,,,,,,
1608,42.0,,,,,,,,258.0,,,,,,,,,,,,
1609,42.0,,,,,,,,294.0,,,,,,,,,,,,
1610,84.0,,,,,,,,84.0,,,,,,,,,,,,
1611,126.0,,,,,,,,126.0,,,,,,,,,,,,
1612,42.0,,,,,,,,126.0,,,,,,,,,,,,
1613,84.0,,,,,,,,70.0,,,,,,,,,,,,
1614,42.0,,,,,,,,154.0,,,,,,,,,,,,
1615,42.0,,,,,,,,210.0,,,,,,,,,,,,
1616,42.0,,,,,,,,84.0,,,,,,,,,,,,
1617,84.0,,,,,,,,84.0,,,,,,,,,,,,
1618,126.0,,,,,,,,84.0,,,,,,,,,,,,
1619,70.0,,,,,,,,84.0,,,,,,,,,,,,
1620,28.0,,,,,,,,126.0,,,,,,,,,,,,
1621,42.0,,,,,,,,42.0,,,,,,,,,,,,
1622,42.0,,,,,,,,126.0,,,,,,,,,,,,
1623,42.0,,,,,,,,42.0,,,,,,,,,,,,
1624,84.0,,,,,,,,168.0,,,,,,,,,,,,
1625,42.0,,,,,,,,84.0,,,,,,,,,,,,
1626,42.0,,,,,,,,42.0,,,,,,,,,,,,
1627,42.0,,,,,,,,42.0,,,,,,,,,,,,
1628,42.0,,,,,,,,168.0,,,,,,,,,,,,
1629,126.0,,,,,,,,126.0,,,,,,,,,,,,
1630,216.0,,,,,,,,126.0,,,,,,,,,,,,
1631,84.0,,,,,,,,84.0,,,,,,,,,,,,
1632,168.0,,,,,,,,258.0,,,,,,,,,,,,
1633,84.0,,,,,,,,126.0,,,,,,,,,,,,
1634,84.0,,,,,,,,294.0,,,,,,,,,,,,
1635,126.0,,,,,,,,84.0,,,,,,,,,,,,
1636,126.0,,,,,,,,126.0,,,,,,,,,,,,
1637,84.0,,,,,,,,126.0,,,,,,,,,,,,
1638,42.0,,,,,,,,70.0,,,,,,,,,,,,
1639,42.0,,,,,,,,168.0,,,,,,,,,,,,
1640,126.0,,,,,,,,154.0,,,,,,,,,,,,
1641,42.0,,,,,,,,42.0,,,,,,,,,,,,
1642,84.0,,,,,,,,126.0,,,,,,,,,,,,
1643,42.0,,,,,,,,84.0,,,,,,,,,,,,
1644,126.0,,,,,,,,126.0,,,,,,,,,,,,
1645,42.0,,,,,,,,84.0,,,,,,,,,,,,
1646,126.0,,,,,,,,126.0,,,,,,,,,,,,
1647,126.0,,,,,,,,42.0,,,,,,,,,,,,
1648,42.0,,,,,,,,42.0,,,,,,,,,,,,
1649,42.0,,,,,,,,42.0,,,,,,,,,,,,
1650,42.0,,,,,,,,126.0,,,,,,,,,,,,
1651,84.0,,,,,,,,84.0,,,,,,,,,,,,
1652,42.0,,,,,,,,84.0,,,,,,,,,,,,
1653,42.0,,,,,,,,84.0,,,,,,,,,,,,
1654,70.0,,,,,,,,168.0,,,,,,,,,,,,
1655,84.0,,,,,,,,126.0,,,,,,,,,,,,
1656,42.0,,,,,,,,84.0,,,,,,,,,,,,
1657,28.0,,,,,,,,210.0,,,,,,,,,,,,
1658,84.0,,,,,,,,126.0,,,,,,,,,,,,
1659,42.0,,,,,,,,252.0,,,,,,,,,,,,
1660,42.0,,,,,,,,258.0,,,,,,,,,,,,
1661,84.0,,,,,,,,168.0,,,,,,,,,,,,
1662,42.0,,,,,,,,84.0,,,,,,,,,,,,
1663,42.0,,,,,,,,126.0,,,,,,,,,,,,
1664,84.0,,,,,,,,84.0,,,,,,,,,,,,
1665,84.0,,,,,,,,42.0,,,,,,,,,,,,
1666,84.0,,,,,,,,84.0,,,,,,,,,,,,
1667,42.0,,,,,,,,84.0,,,,,,,,,,,,
1668,84.0,,,,,,,,168.0,,,,,,,,,,,,
1669,126.0,,,,,,,,42.0,,,,,,,,,,,,
1670,216.0,,,,,,,,154.0,,,,,,,,,,,,
1671,126.0,,,,,,,,126.0,,,,,,,,,,,,
1672,168.0,,,,,,,,126.0,,,,,,,,,,,,
1673,84.0,,,,,,,,42.0,,,,,,,,,,,,
1674,126.0,,,,,,,,300.0,,,,,,,,,,,,
1675,84.0,,,,,,,,84.0,,,,,,,,,,,,
1676,126.0,,,,,,,,42.0,,,,,,,,,,,,
1677,126.0,,,,,,,,168.0,,,,,,,,,,,,
1678,84.0,,,,,,,,70.0,,,,,,,,,,,,
1679,84.0,,,,,,,,84.0,,,,,,,,,,,,
1680,42.0,,,,,,,,126.0,,,,,,,,,,,,
1681,84.0,,,,,,,,126.0,,,,,,,,,,,,
1682,42.0,,,,,,,,126.0,,,,,,,,,,,,
1683,84.0,,,,,,,,84.0,,,,,,,,,,,,
1684,126.0,,,,,,,,126.0,,,,,,,,,,,,
1685,84.0,,,,,,,,210.0,,,,,,,,,,,,
1686,126.0,,,,,,,,126.0,,,,,,,,,,,,
1687,42.0,,,,,,,,126.0,,,,,,,,,,,,
1688,126.0,,,,,,,,252.0,,,,,,,,,,,,
1689,42.0,,,,,,,,84.0,,,,,,,,,,,,
1690,42.0,,,,,,,,84.0,,,,,,,,,,,,
1691,42.0,,,,,,,,210.0,,,,,,,,,,,,
1692,42.0,,,,,,,,154.0,,,,,,,,,,,,
1693,216.0,,,,,,,,84.0,,,,,,,,,,,,
1694,28.0,,,,,,,,126.0,,,,,,,,,,,,
1695,42.0,,,,,,,,126.0,,,,,,,,,,,,
1696,70.0,,,,,,,,126.0,,,,,,,,,,,,
1697,42.0,,,,,,,,84.0,,,,,,,,,,,,
1698,42.0,,,,,,,,42.0,,,,,,,,,,,,
1699,42.0,,,,,,,,126.0,,,,,,,,,,,,
1700,42.0,,,,,,,,168.0,,,,,,,,,,,,
1701,42.0,,,,,,,,42.0,,,,,,,,,,,,
1702,42.0,,,,,,,,42.0,,,,,,,,,,,,
1703,126.0,,,,,,,,42.0,,,,,,,,,,,,
1704,84.0,,,,,,,,126.0,,,,,,,,,,,,
1705,84.0,,,,,,,,70.0,,,,,,,,,,,,
1706,42.0,,,,,,,,84.0,,,,,,,,,,,,
1707,42.0,,,,,,,,84.0,,,,,,,,,,,,
1708,84.0,,,,,,,,168.0,,,,,,,,,,,,
1709,126.0,,,,,,,,126.0,,,,,,,,,,,,
1710,168.0,,,,,,,,84.0,,,,,,,,,,,,
1711,126.0,,,,,,,,126.0,,,,,,,,,,,,
1712,84.0,,,,,,,,258.0,,,,,,,,,,,,
1713,126.0,,,,,,,,294.0,,,,,,,,,,,,
1714,84.0,,,,,,,,126.0,,,,,,,,,,,,
1715,84.0,,,,,,,,84.0,,,,,,,,,,,,
1716,42.0,,,,,,,,126.0,,,,,,,,,,,,
1717,126.0,,,,,,,,168.0,,,,,,,,,,,,
1718,42.0,,,,,,,,84.0,,,,,,,,,,,,
1719,126.0,,,,,,,,210.0,,,,,,,,,,,,
1720,84.0,,,,,,,,126.0,,,,,,,,,,,,
1721,42.0,,,,,,,,126.0,,,,,,,,,,,,
1722,42.0,,,,,,,,84.0,,,,,,,,,,,,
1723,84.0,,,,,,,,126.0,,,,,,,,,,,,
1724,84.0,,,,,,,,42.0,,,,,,,,,,,,
1725,84.0,,,,,,,,42.0,,,,,,,,,,,,
1726,84.0,,,,,,,,154.0,,,,,,,,,,,,
1727,42.0,,,,,,,,42.0,,,,,,,,,,,,
1728,84.0,,,,,,,,126.0,,,,,,,,,,,,
1729,42.0,,,,,,,,294.0,,,,,,,,,,,,
1730,42.0,,,,,,,,42.0,,,,,,,,,,,,
1731,42.0,,,,,,,,126.0,,,,,,,,,,,,
1732,84.0,,,,,,,,168.0,,,,,,,,,,,,
1733,70.0,,,,,,,,70.0,,,,,,,,,,,,
1734,28.0,,,,,,,,126.0,,,,,,,,,,,,
1735,126.0,,,,,,,,258.0,,,,,,,,,,,,
1736,42.0,,,,,,,,84.0,,,,,,,,,,,,
1737,42.0,,,,,,,,84.0,,,,,,,,,,,,
1738,126.0,,,,,,,,84.0,,,,,,,,,,,,
1739,126.0,,,,,,,,84.0,,,,,,,,,,,,
1740,42.0,,,,,,,,126.0,,,,,,,,,,,,
1741,42.0,,,,,,,,84.0,,,,,,,,,,,,
1742,42.0,,,,,,,,126.0,,,,,,,,,,,,
1743,42.0,,,,,,,,84.0,,,,,,,,,,,,
1744,84.0,,,,,,,,84.0,,,,,,,,,,,,
1745,42.0,,,,,,,,126.0,,,,,,,,,,,,
1746,42.0,,,,,,,,154.0,,,,,,,,,,,,
1747,126.0,,,,,,,,84.0,,,,,,,,,,,,
1748,126.0,,,,,,,,84.0,,,,,,,,,,,,
1749,168.0,,,,,,,,84.0,,,,,,,,,,,,
1750,216.0,,,,,,,,84.0,,,,,,,,,,,,
1751,126.0,,,,,,,,42.0,,,,,,,,,,,,
1752,84.0,,,,,,,,126.0,,,,,,,,,,,,
1753,84.0,,,,,,,,42.0,,,,,,,,,,,,
1754,84.0,,,,,,,,126.0,,,,,,,,,,,,
1755,42.0,,,,,,,,42.0,,,,,,,,,,,,
1756,84.0,,,,,,,,126.0,,,,,,,,,,,,
1757,126.0,,,,,,,,42.0,,,,,,,,,,,,
1758,84.0,,,,,,,,300.0,,,,,,,,,,,,
1759,126.0,,,,,,,,70.0,,,,,,,,,,,,
1760,42.0,,,,,,,,168.0,,,,,,,,,,,,
1761,42.0,,,,,,,,84.0,,,,,,,,,,,,
1762,84.0,,,,,,,,126.0,,,,,,,,,,,,
1763,126.0,,,,,,,,168.0,,,,,,,,,,,,
1764,216.0,,,,,,,,126.0,,,,,,,,,,,,
1765,84.0,,,,,,,,210.0,,,,,,,,,,,,
1766,126.0,,,,,,,,126.0,,,,,,,,,,,,
1767,42.0,,,,,,,,252.0,,,,,,,,,,,,
1768,84.0,,,,,,,,126.0,,,,,,,,,,,,
1769,42.0,,,,,,,,42.0,,,,,,,,,,,,
1770,42.0,,,,,,,,168.0,,,,,,,,,,,,
1771,42.0,,,,,,,,126.0,,,,,,,,,,,,
1772,70.0,,,,,,,,42.0,,,,,,,,,,,,
1773,42.0,,,,,,,,84.0,,,,,,,,,,,,
1774,84.0,,,,,,,,84.0,,,,,,,,,,,,
1775,84.0,,,,,,,,84.0,,,,,,,,,,,,
1776,28.0,,,,,,,,154.0,,,,,,,,,,,,
1777,84.0,,,,,,,,42.0,,,,,,,,,,,,
1778,84.0,,,,,,,,126.0,,,,,,,,,,,,
1779,42.0,,,,,,,,258.0,,,,,,,,,,,,
1780,42.0,,,,,,,,70.0,,,,,,,,,,,,
1781,42.0,,,,,,,,42.0,,,,,,,,,,,,
1782,42.0,,,,,,,,126.0,,,,,,,,,,,,
1783,84.0,,,,,,,,126.0,,,,,,,,,,,,
1784,42.0,,,,,,,,84.0,,,,,,,,,,,,
1785,42.0,,,,,,,,210.0,,,,,,,,,,,,
1786,42.0,,,,,,,,126.0,,,,,,,,,,,,
1787,42.0,,,,,,,,84.0,,,,,,,,,,,,
1788,168.0,,,,,,,,84.0,,,,,,,,,,,,
1789,126.0,,,,,,,,168.0,,,,,,,,,,,,
1790,126.0,,,,,,,,84.0,,,,,,,,,,,,
1791,126.0,,,,,,,,294.0,,,,,,,,,,,,
1792,84.0,,,,,,,,126.0,,,,,,,,,,,,
1793,126.0,,,,,,,,126.0,,,,,,,,,,,,
1794,84.0,,,,,,,,42.0,,,,,,,,,,,,
1795,42.0,,,,,,,,154.0,,,,,,,,,,,,
1796,42.0,,,,,,,,84.0,,,,,,,,,,,,
1797,126.0,,,,,,,,126.0,,,,,,,,,,,,
1798,42.0,,,,,,,,126.0,,,,,,,,,,,,
1799,84.0,,,,,,,,168.0,,,,,,,,,,,,
1800,216.0,,,,,,,,126.0,,,,,,,,,,,,
1801,126.0,,,,,,,,42.0,,,,,,,,,,,,
1802,42.0,,,,,,,,84.0,,,,,,,,,,,,
1803,84.0,,,,,,,,42.0,,,,,,,,,,,,
1804,42.0,,,,,,,,42.0,,,,,,,,,,,,
1805,42.0,,,,,,,,168.0,,,,,,,,,,,,
1806,42.0,,,,,,,,70.0,,,,,,,,,,,,
1807,42.0,,,,,,,,84.0,,,,,,,,,,,,
1808,42.0,,,,,,,,84.0,,,,,,,,,,,,
1809,84.0,,,,,,,,126.0,,,,,,,,,,,,
1810,42.0,,,,,,,,126.0,,,,,,,,,,,,
1811,126.0,,,,,,,,84.0,,,,,,,,,,,,
1812,84.0,,,,,,,,210.0,,,,,,,,,,,,
1813,28.0,,,,,,,,258.0,,,,,,,,,,,,
1814,70.0,,,,,,,,126.0,,,,,,,,,,,,
1815,42.0,,,,,,,,294.0,,,,,,,,,,,,
1816,42.0,,,,,,,,84.0,,,,,,,,,,,,
1817,126.0,,,,,,,,126.0,,,,,,,,,,,,
1818,126.0,,,,,,,,126.0,,,,,,,,,,,,
1819,42.0,,,,,,,,84.0,,,,,,,,,,,,
1820,84.0,,,,,,,,126.0,,,,,,,,,,,,
1821,84.0,,,,,,,,84.0,,,,,,,,,,,,
1822,42.0,,,,,,,,84.0,,,,,,,,,,,,
1823,42.0,,,,,,,,42.0,,,,,,,,,,,,
1824,42.0,,,,,,,,84.0,,,,,,,,,,,,
1825,84.0,,,,,,,,126.0,,,,,,,,,,,,
1826,126.0,,,,,,,,42.0,,,,,,,,,,,,
1827,168.0,,,,,,,,154.0,,,,,,,,,,,,
1828,84.0,,,,,,,,42.0,,,,,,,,,,,,
1829,84.0,,,,,,,,168.0,,,,,,,,,,,,
1830,126.0,,,,,,,,168.0,,,,,,,,,,,,
1831,126.0,,,,,,,,42.0,,,,,,,,,,,,
1832,84.0,,,,,,,,70.0,,,,,,,,,,,,
1833,42.0,,,,,,,,126.0,,,,,,,,,,,,
1834,126.0,,,,,,,,210.0,,,,,,,,,,,,
1835,84.0,,,,,,,,126.0,,,,,,,,,,,,
1836,84.0,,,,,,,,84.0,,,,,,,,,,,,
1837,126.0,,,,,,,,126.0,,,,,,,,,,,,
1838,84.0,,,,,,,,126.0,,,,,,,,,,,,
1839,126.0,,,,,,,,258.0,,,,,,,,,,,,
1840,42.0,,,,,,,,252.0,,,,,,,,,,,,
1841,42.0,,,,,,,,168.0,,,,,,,,,,,,
1842,126.0,,,,,,,,84.0,,,,,,,,,,,,
1843,84.0,,,,,,,,84.0,,,,,,,,,,,,
1844,126.0,,,,,,,,126.0,,,,,,,,,,,,
1845,42.0,,,,,,,,84.0,,,,,,,,,,,,
1846,42.0,,,,,,,,70.0,,,,,,,,,,,,
1847,84.0,,,,,,,,42.0,,,,,,,,,,,,
1848,126.0,,,,,,,,154.0,,,,,,,,,,,,
1849,42.0,,,,,,,,210.0,,,,,,,,,,,,
1850,70.0,,,,,,,,84.0,,,,,,,,,,,,
1851,168.0,,,,,,,,126.0,,,,,,,,,,,,
1852,42.0,,,,,,,,84.0,,,,,,,,,,,,
1853,42.0,,,,,,,,84.0,,,,,,,,,,,,
1854,42.0,,,,,,,,84.0,,,,,,,,,,,,
1855,42.0,,,,,,,,42.0,,,,,,,,,,,,
1856,28.0,,,,,,,,126.0,,,,,,,,,,,,
1857,42.0,,,,,,,,126.0,,,,,,,,,,,,
1858,42.0,,,,,,,,168.0,,,,,,,,,,,,
1859,42.0,,,,,,,,84.0,,,,,,,,,,,,
1860,42.0,,,,,,,,42.0,,,,,,,,,,,,
1861,84.0,,,,,,,,168.0,,,,,,,,,,,,
1862,84.0,,,,,,,,42.0,,,,,,,,,,,,
1863,42.0,,,,,,,,84.0,,,,,,,,,,,,
1864,42.0,,,,,,,,126.0,,,,,,,,,,,,
1865,84.0,,,,,,,,126.0,,,,,,,,,,,,
1866,126.0,,,,,,,,126.0,,,,,,,,,,,,
1867,216.0,,,,,,,,300.0,,,,,,,,,,,,
1868,84.0,,,,,,,,252.0,,,,,,,,,,,,
1869,84.0,,,,,,,,126.0,,,,,,,,,,,,
1870,84.0,,,,,,,,84.0,,,,,,,,,,,,
1871,126.0,,,,,,,,126.0,,,,,,,,,,,,
1872,42.0,,,,,,,,154.0,,,,,,,,,,,,
1873,126.0,,,,,,,,258.0,,,,,,,,,,,,
1874,42.0,,,,,,,,126.0,,,,,,,,,,,,
1875,126.0,,,,,,,,84.0,,,,,,,,,,,,
1876,42.0,,,,,,,,84.0,,,,,,,,,,,,
1877,84.0,,,,,,,,126.0,,,,,,,,,,,,
1878,84.0,,,,,,,,84.0,,,,,,,,,,,,
1879,126.0,,,,,,,,70.0,,,,,,,,,,,,
1880,126.0,,,,,,,,42.0,,,,,,,,,,,,
1881,126.0,,,,,,,,168.0,,,,,,,,,,,,
1882,42.0,,,,,,,,42.0,,,,,,,,,,,,
1883,84.0,,,,,,,,126.0,,,,,,,,,,,,
1884,42.0,,,,,,,,42.0,,,,,,,,,,,,
1885,42.0,,,,,,,,42.0,,,,,,,,,,,,
1886,84.0,,,,,,,,210.0,,,,,,,,,,,,
1887,42.0,,,,,,,,126.0,,,,,,,,,,,,
1888,42.0,,,,,,,,84.0,,,,,,,,,,,,
1889,42.0,,,,,,,,84.0,,,,,,,,,,,,
1890,84.0,,,,,,,,126.0,,,,,,,,,,,,
1891,84.0,,,,,,,,126.0,,,,,,,,,,,,
1892,42.0,,,,,,,,294.0,,,,,,,,,,,,
1893,70.0,,,,,,,,84.0,,,,,,,,,,,,
1894,42.0,,,,,,,,84.0,,,,,,,,,,,,
1895,28.0,,,,,,,,126.0,,,,,,,,,,,,
1896,126.0,,,,,,,,126.0,,,,,,,,,,,,
1897,84.0,,,,,,,,168.0,,,,,,,,,,,,
1898,42.0,,,,,,,,126.0,,,,,,,,,,,,
1899,42.0,,,,,,,,168.0,,,,,,,,,,,,
1900,42.0,,,,,,,,210.0,,,,,,,,,,,,
1901,84.0,,,,,,,,84.0,,,,,,,,,,,,
1902,126.0,,,,,,,,84.0,,,,,,,,,,,,
1903,42.0,,,,,,,,84.0,,,,,,,,,,,,
1904,42.0,,,,,,,,84.0,,,,,,,,,,,,
1905,84.0,,,,,,,,154.0,,,,,,,,,,,,
1906,126.0,,,,,,,,84.0,,,,,,,,,,,,
1907,216.0,,,,,,,,126.0,,,,,,,,,,,,
1908,168.0,,,,,,,,42.0,,,,,,,,,,,,
1909,84.0,,,,,,,,126.0,,,,,,,,,,,,
1910,84.0,,,,,,,,126.0,,,,,,,,,,,,
1911,42.0,,,,,,,,84.0,,,,,,,,,,,,
1912,42.0,,,,,,,,42.0,,,,,,,,,,,,
1913,42.0,,,,,,,,70.0,,,,,,,,,,,,
1914,42.0,,,,,,,,42.0,,,,,,,,,,,,
1915,84.0,,,,,,,,42.0,,,,,,,,,,,,
1916,42.0,,,,,,,,126.0,,,,,,,,,,,,
1917,126.0,,,,,,,,84.0,,,,,,,,,,,,
1918,42.0,,,,,,,,216.0,,,,,,,,,,,,
1919,84.0,,,,,,,,168.0,,,,,,,,,,,,
1920,42.0,,,,,,,,294.0,,,,,,,,,,,,
1921,84.0,,,,,,,,126.0,,,,,,,,,,,,
1922,42.0,,,,,,,,126.0,,,,,,,,,,,,
1923,126.0,,,,,,,,168.0,,,,,,,,,,,,
1924,84.0,,,,,,,,84.0,,,,,,,,,,,,
1925,42.0,,,,,,,,126.0,,,,,,,,,,,,
1926,42.0,,,,,,,,84.0,,,,,,,,,,,,
1927,42.0,,,,,,,,126.0,,,,,,,,,,,,
1928,70.0,,,,,,,,42.0,,,,,,,,,,,,
1929,126.0,,,,,,,,168.0,,,,,,,,,,,,
1930,84.0,,,,,,,,154.0,,,,,,,,,,,,
1931,28.0,,,,,,,,126.0,,,,,,,,,,,,
1932,42.0,,,,,,,,126.0,,,,,,,,,,,,
1933,42.0,,,,,,,,42.0,,,,,,,,,,,,
1934,42.0,,,,,,,,84.0,,,,,,,,,,,,
1935,42.0,,,,,,,,42.0,,,,,,,,,,,,
1936,126.0,,,,,,,,70.0,,,,,,,,,,,,
1937,84.0,,,,,,,,42.0,,,,,,,,,,,,
1938,84.0,,,,,,,,126.0,,,,,,,,,,,,
1939,84.0,,,,,,,,84.0,,,,,,,,,,,,
1940,42.0,,,,,,,,126.0,,,,,,,,,,,,
1941,126.0,,,,,,,,84.0,,,,,,,,,,,,
1942,126.0,,,,,,,,168.0,,,,,,,,,,,,
1943,168.0,,,,,,,,84.0,,,,,,,,,,,,
1944,216.0,,,,,,,,258.0,,,,,,,,,,,,
1945,126.0,,,,,,,,210.0,,,,,,,,,,,,
1946,84.0,,,,,,,,168.0,,,,,,,,,,,,
1947,84.0,,,,,,,,252.0,,,,,,,,,,,,
1948,84.0,,,,,,,,84.0,,,,,,,,,,,,
1949,126.0,,,,,,,,126.0,,,,,,,,,,,,
1950,84.0,,,,,,,,168.0,,,,,,,,,,,,
1951,70.0,,,,,,,,126.0,,,,,,,,,,,,
1952,84.0,,,,,,,,84.0,,,,,,,,,,,,
1953,126.0,,,,,,,,168.0,,,,,,,,,,,,
1954,42.0,,,,,,,,42.0,,,,,,,,,,,,
1955,126.0,,,,,,,,154.0,,,,,,,,,,,,
1956,84.0,,,,,,,,42.0,,,,,,,,,,,,
1957,42.0,,,,,,,,42.0,,,,,,,,,,,,
1958,84.0,,,,,,,,84.0,,,,,,,,,,,,
1959,42.0,,,,,,,,42.0,,,,,,,,,,,,
1960,84.0,,,,,,,,126.0,,,,,,,,,,,,
1961,42.0,,,,,,,,84.0,,,,,,,,,,,,
1962,42.0,,,,,,,,126.0,,,,,,,,,,,,
1963,42.0,,,,,,,,126.0,,,,,,,,,,,,
1964,84.0,,,,,,,,70.0,,,,,,,,,,,,
1965,42.0,,,,,,,,84.0,,,,,,,,,,,,
1966,126.0,,,,,,,,84.0,,,,,,,,,,,,
1967,28.0,,,,,,,,126.0,,,,,,,,,,,,
1968,42.0,,,,,,,,294.0,,,,,,,,,,,,
1969,216.0,,,,,,,,126.0,,,,,,,,,,,,
1970,42.0,,,,,,,,126.0,,,,,,,,,,,,
1971,42.0,,,,,,,,84.0,,,,,,,,,,,,
1972,126.0,,,,,,,,210.0,,,,,,,,,,,,
1973,42.0,,,,,,,,216.0,,,,,,,,,,,,
1974,42.0,,,,,,,,168.0,,,,,,,,,,,,
1975,84.0,,,,,,,,84.0,,,,,,,,,,,,
1976,42.0,,,,,,,,70.0,,,,,,,,,,,,
1977,42.0,,,,,,,,168.0,,,,,,,,,,,,
1978,42.0,,,,,,,,84.0,,,,,,,,,,,,
1979,42.0,,,,,,,,84.0,,,,,,,,,,,,
1980,126.0,,,,,,,,42.0,,,,,,,,,,,,
1981,126.0,,,,,,,,126.0,,,,,,,,,,,,
1982,168.0,,,,,,,,154.0,,,,,,,,,,,,
1983,126.0,,,,,,,,84.0,,,,,,,,,,,,
1984,84.0,,,,,,,,126.0,,,,,,,,,,,,
1985,84.0,,,,,,,,42.0,,,,,,,,,,,,
1986,84.0,,,,,,,,126.0,,,,,,,,,,,,
1987,126.0,,,,,,,,42.0,,,,,,,,,,,,
1988,84.0,,,,,,,,258.0,,,,,,,,,,,,
1989,126.0,,,,,,,,42.0,,,,,,,,,,,,
1990,84.0,,,,,,,,84.0,,,,,,,,,,,,
1991,126.0,,,,,,,,84.0,,,,,,,,,,,,
1992,42.0,,,,,,,,168.0,,,,,,,,,,,,
1993,216.0,,,,,,,,126.0,,,,,,,,,,,,
1994,42.0,,,,,,,,126.0,,,,,,,,,,,,
1995,84.0,,,,,,,,126.0,,,,,,,,,,,,
1996,42.0,,,,,,,,210.0,,,,,,,,,,,,
1997,42.0,,,,,,,,126.0,,,,,,,,,,,,
1998,126.0,,,,,,,,294.0,,,,,,,,,,,,
1999,42.0,,,,,,,,84.0,,,,,,,,,,,,
2000,42.0,,,,,,,,126.0,,,,,,,,,,,,
2001,42.0,,,,,,,,84.0,,,,,,,,,,,,
2002,42.0,,,,,,,,126.0,,,,,,,,,,,,
2003,84.0,,,,,,,,154.0,,,,,,,,,,,,
2004,42.0,,,,,,,,84.0,,,,,,,,,,,,
2005,28.0,,,,,,,,126.0,,,,,,,,,,,,
2006,84.0,,,,,,,,84.0,,,,,,,,,,,,
2007,70.0,,,,,,,,126.0,,,,,,,,,,,,
2008,42.0,,,,,,,,42.0,,,,,,,,,,,,
2009,84.0,,,,,,,,42.0,,,,,,,,,,,,
2010,42.0,,,,,,,,84.0,,,,,,,,,,,,
2011,126.0,,,,,,,,42.0,,,,,,,,,,,,
2012,84.0,,,,,,,,70.0,,,,,,,,,,,,
2013,126.0,,,,,,,,42.0,,,,,,,,,,,,
2014,84.0,,,,,,,,210.0,,,,,,,,,,,,
2015,42.0,,,,,,,,84.0,,,,,,,,,,,,
2016,42.0,,,,,,,,168.0,,,,,,,,,,,,
2017,42.0,,,,,,,,126.0,,,,,,,,,,,,
2018,168.0,,,,,,,,168.0,,,,,,,,,,,,
2019,42.0,,,,,,,,126.0,,,,,,,,,,,,
2020,84.0,,,,,,,,84.0,,,,,,,,,,,,
2021,84.0,,,,,,,,126.0,,,,,,,,,,,,
2022,42.0,,,,,,,,216.0,,,,,,,,,,,,
2023,84.0,,,,,,,,294.0,,,,,,,,,,,,
2024,126.0,,,,,,,,84.0,,,,,,,,,,,,
2025,84.0,,,,,,,,84.0,,,,,,,,,,,,
2026,126.0,,,,,,,,126.0,,,,,,,,,,,,
2027,126.0,,,,,,,,168.0,,,,,,,,,,,,
2028,84.0,,,,,,,,126.0,,,,,,,,,,,,
2029,42.0,,,,,,,,84.0,,,,,,,,,,,,
2030,42.0,,,,,,,,84.0,,,,,,,,,,,,
2031,84.0,,,,,,,,154.0,,,,,,,,,,,,
2032,126.0,,,,,,,,294.0,,,,,,,,,,,,
2033,84.0,,,,,,,,84.0,,,,,,,,,,,,
2034,42.0,,,,,,,,84.0,,,,,,,,,,,,
2035,42.0,,,,,,,,42.0,,,,,,,,,,,,
2036,126.0,,,,,,,,84.0,,,,,,,,,,,,
2037,84.0,,,,,,,,126.0,,,,,,,,,,,,
2038,126.0,,,,,,,,42.0,,,,,,,,,,,,
2039,84.0,,,,,,,,126.0,,,,,,,,,,,,
2040,42.0,,,,,,,,168.0,,,,,,,,,,,,
2041,42.0,,,,,,,,126.0,,,,,,,,,,,,
2042,42.0,,,,,,,,126.0,,,,,,,,,,,,
2043,42.0,,,,,,,,42.0,,,,,,,,,,,,
2044,42.0,,,,,,,,70.0,,,,,,,,,,,,
2045,42.0,,,,,,,,42.0,,,,,,,,,,,,
2046,70.0,,,,,,,,168.0,,,,,,,,,,,,
2047,28.0,,,,,,,,84.0,,,,,,,,,,,,
2048,84.0,,,,,,,,258.0,,,,,,,,,,,,
2049,84.0,,,,,,,,126.0,,,,,,,,,,,,
2050,42.0,,,,,,,,126.0,,,,,,,,,,,,
2051,42.0,,,,,,,,210.0,,,,,,,,,,,,
2052,42.0,,,,,,,,126.0,,,,,,,,,,,,
2053,42.0,,,,,,,,84.0,,,,,,,,,,,,
2054,84.0,,,,,,,,70.0,,,,,,,,,,,,
2055,42.0,,,,,,,,126.0,,,,,,,,,,,,
2056,42.0,,,,,,,,84.0,,,,,,,,,,,,
2057,84.0,,,,,,,,210.0,,,,,,,,,,,,
2058,126.0,,,,,,,,168.0,,,,,,,,,,,,
2059,126.0,,,,,,,,154.0,,,,,,,,,,,,
2060,126.0,,,,,,,,42.0,,,,,,,,,,,,
2061,168.0,,,,,,,,168.0,,,,,,,,,,,,
2062,126.0,,,,,,,,42.0,,,,,,,,,,,,
2063,216.0,,,,,,,,42.0,,,,,,,,,,,,
2064,126.0,,,,,,,,126.0,,,,,,,,,,,,
2065,84.0,,,,,,,,84.0,,,,,,,,,,,,
2066,84.0,,,,,,,,126.0,,,,,,,,,,,,
2067,84.0,,,,,,,,84.0,,,,,,,,,,,,
2068,70.0,,,,,,,,126.0,,,,,,,,,,,,
2069,42.0,,,,,,,,126.0,,,,,,,,,,,,
2070,42.0,,,,,,,,126.0,,,,,,,,,,,,
2071,126.0,,,,,,,,42.0,,,,,,,,,,,,
2072,42.0,,,,,,,,126.0,,,,,,,,,,,,
2073,42.0,,,,,,,,84.0,,,,,,,,,,,,
2074,84.0,,,,,,,,84.0,,,,,,,,,,,,
2075,126.0,,,,,,,,126.0,,,,,,,,,,,,
2076,84.0,,,,,,,,84.0,,,,,,,,,,,,
2077,42.0,,,,,,,,258.0,,,,,,,,,,,,
2078,42.0,,,,,,,,294.0,,,,,,,,,,,,
2079,42.0,,,,,,,,84.0,,,,,,,,,,,,
2080,84.0,,,,,,,,168.0,,,,,,,,,,,,
2081,42.0,,,,,,,,42.0,,,,,,,,,,,,
2082,84.0,,,,,,,,210.0,,,,,,,,,,,,
2083,42.0,,,,,,,,126.0,,,,,,,,,,,,
2084,42.0,,,,,,,,84.0,,,,,,,,,,,,
2085,28.0,,,,,,,,126.0,,,,,,,,,,,,
2086,42.0,,,,,,,,154.0,,,,,,,,,,,,
2087,42.0,,,,,,,,42.0,,,,,,,,,,,,
2088,126.0,,,,,,,,84.0,,,,,,,,,,,,
2089,84.0,,,,,,,,126.0,,,,,,,,,,,,
2090,84.0,,,,,,,,126.0,,,,,,,,,,,,
2091,42.0,,,,,,,,126.0,,,,,,,,,,,,
2092,42.0,,,,,,,,258.0,,,,,,,,,,,,
2093,84.0,,,,,,,,84.0,,,,,,,,,,,,
2094,42.0,,,,,,,,84.0,,,,,,,,,,,,
2095,84.0,,,,,,,,126.0,,,,,,,,,,,,
2096,216.0,,,,,,,,42.0,,,,,,,,,,,,
2097,42.0,,,,,,,,42.0,,,,,,,,,,,,
2098,84.0,,,,,,,,70.0,,,,,,,,,,,,
2099,126.0,,,,,,,,126.0,,,,,,,,,,,,
2100,126.0,,,,,,,,84.0,,,,,,,,,,,,
2101,84.0,,,,,,,,168.0,,,,,,,,,,,,
2102,126.0,,,,,,,,294.0,,,,,,,,,,,,
2103,168.0,,,,,,,,84.0,,,,,,,,,,,,
2104,126.0,,,,,,,,84.0,,,,,,,,,,,,
2105,126.0,,,,,,,,126.0,,,,,,,,,,,,
2106,126.0,,,,,,,,126.0,,,,,,,,,,,,
2107,42.0,,,,,,,,168.0,,,,,,,,,,,,
2108,42.0,,,,,,,,126.0,,,,,,,,,,,,
2109,84.0,,,,,,,,126.0,,,,,,,,,,,,
2110,126.0,,,,,,,,84.0,,,,,,,,,,,,
2111,42.0,,,,,,,,84.0,,,,,,,,,,,,
2112,42.0,,,,,,,,84.0,,,,,,,,,,,,
2113,126.0,,,,,,,,126.0,,,,,,,,,,,,
2114,126.0,,,,,,,,42.0,,,,,,,,,,,,
2115,42.0,,,,,,,,154.0,,,,,,,,,,,,
2116,42.0,,,,,,,,210.0,,,,,,,,,,,,
2117,42.0,,,,,,,,70.0,,,,,,,,,,,,
2118,42.0,,,,,,,,42.0,,,,,,,,,,,,
2119,28.0,,,,,,,,216.0,,,,,,,,,,,,
2120,42.0,,,,,,,,126.0,,,,,,,,,,,,
2121,70.0,,,,,,,,126.0,,,,,,,,,,,,
2122,42.0,,,,,,,,42.0,,,,,,,,,,,,
2123,42.0,,,,,,,,42.0,,,,,,,,,,,,
2124,84.0,,,,,,,,168.0,,,,,,,,,,,,
2125,42.0,,,,,,,,84.0,,,,,,,,,,,,
2126,84.0,,,,,,,,84.0,,,,,,,,,,,,
2127,84.0,,,,,,,,126.0,,,,,,,,,,,,
2128,84.0,,,,,,,,294.0,,,,,,,,,,,,
2129,126.0,,,,,,,,168.0,,,,,,,,,,,,
2130,42.0,,,,,,,,84.0,,,,,,,,,,,,
2131,42.0,,,,,,,,84.0,,,,,,,,,,,,
2132,42.0,,,,,,,,126.0,,,,,,,,,,,,
2133,216.0,,,,,,,,84.0,,,,,,,,,,,,
2134,84.0,,,,,,,,210.0,,,,,,,,,,,,
2135,42.0,,,,,,,,154.0,,,,,,,,,,,,
2136,84.0,,,,,,,,42.0,,,,,,,,,,,,
2137,126.0,,,,,,,,168.0,,,,,,,,,,,,
2138,126.0,,,,,,,,84.0,,,,,,,,,,,,
2139,168.0,,,,,,,,84.0,,,,,,,,,,,,
2140,84.0,,,,,,,,42.0,,,,,,,,,,,,
2141,126.0,,,,,,,,126.0,,,,,,,,,,,,
2142,84.0,,,,,,,,126.0,,,,,,,,,,,,
2143,84.0,,,,,,,,84.0,,,,,,,,,,,,
2144,84.0,,,,,,,,126.0,,,,,,,,,,,,
2145,84.0,,,,,,,,126.0,,,,,,,,,,,,
2146,84.0,,,,,,,,42.0,,,,,,,,,,,,
2147,84.0,,,,,,,,42.0,,,,,,,,,,,,
2148,84.0,,,,,,,,70.0,,,,,,,,,,,,
2149,42.0,,,,,,,,84.0,,,,,,,,,,,,
2150,42.0,,,,,,,,168.0,,,,,,,,,,,,
2151,126.0,,,,,,,,126.0,,,,,,,,,,,,
2152,126.0,,,,,,,,84.0,,,,,,,,,,,,
2153,42.0,,,,,,,,258.0,,,,,,,,,,,,
2154,42.0,,,,,,,,168.0,,,,,,,,,,,,
2155,84.0,,,,,,,,252.0,,,,,,,,,,,,
2156,42.0,,,,,,,,84.0,,,,,,,,,,,,
2157,126.0,,,,,,,,126.0,,,,,,,,,,,,
2158,42.0,,,,,,,,84.0,,,,,,,,,,,,
2159,42.0,,,,,,,,84.0,,,,,,,,,,,,
2160,42.0,,,,,,,,168.0,,,,,,,,,,,,
2161,42.0,,,,,,,,84.0,,,,,,,,,,,,
2162,70.0,,,,,,,,84.0,,,,,,,,,,,,
2163,28.0,,,,,,,,126.0,,,,,,,,,,,,
2164,84.0,,,,,,,,154.0,,,,,,,,,,,,
2165,84.0,,,,,,,,42.0,,,,,,,,,,,,
2166,126.0,,,,,,,,42.0,,,,,,,,,,,,
2167,126.0,,,,,,,,300.0,,,,,,,,,,,,
2168,126.0,,,,,,,,126.0,,,,,,,,,,,,
2169,42.0,,,,,,,,42.0,,,,,,,,,,,,
2170,84.0,,,,,,,,126.0,,,,,,,,,,,,
2171,42.0,,,,,,,,42.0,,,,,,,,,,,,
2172,42.0,,,,,,,,126.0,,,,,,,,,,,,
2173,42.0,,,,,,,,70.0,,,,,,,,,,,,
2174,42.0,,,,,,,,126.0,,,,,,,,,,,,
2175,42.0,,,,,,,,84.0,,,,,,,,,,,,
2176,126.0,,,,,,,,84.0,,,,,,,,,,,,
2177,42.0,,,,,,,,252.0,,,,,,,,,,,,
2178,216.0,,,,,,,,168.0,,,,,,,,,,,,
2179,126.0,,,,,,,,126.0,,,,,,,,,,,,
2180,168.0,,,,,,,,126.0,,,,,,,,,,,,
2181,84.0,,,,,,,,210.0,,,,,,,,,,,,
2182,84.0,,,,,,,,126.0,,,,,,,,,,,,
2183,84.0,,,,,,,,84.0,,,,,,,,,,,,
2184,42.0,,,,,,,,168.0,,,,,,,,,,,,
2185,84.0,,,,,,,,42.0,,,,,,,,,,,,
2186,42.0,,,,,,,,84.0,,,,,,,,,,,,
2187,42.0,,,,,,,,84.0,,,,,,,,,,,,
2188,84.0,,,,,,,,126.0,,,,,,,,,,,,
2189,84.0,,,,,,,,154.0,,,,,,,,,,,,
2190,126.0,,,,,,,,42.0,,,,,,,,,,,,
2191,126.0,,,,,,,,42.0,,,,,,,,,,,,
2192,42.0,,,,,,,,168.0,,,,,,,,,,,,
2193,126.0,,,,,,,,70.0,,,,,,,,,,,,
2194,126.0,,,,,,,,210.0,,,,,,,,,,,,
2195,42.0,,,,,,,,42.0,,,,,,,,,,,,
2196,42.0,,,,,,,,258.0,,,,,,,,,,,,
2197,42.0,,,,,,,,126.0,,,,,,,,,,,,
2198,42.0,,,,,,,,126.0,,,,,,,,,,,,
2199,84.0,,,,,,,,126.0,,,,,,,,,,,,
2200,70.0,,,,,,,,84.0,,,,,,,,,,,,
2201,42.0,,,,,,,,126.0,,,,,,,,,,,,
2202,126.0,,,,,,,,126.0,,,,,,,,,,,,
2203,28.0,,,,,,,,84.0,,,,,,,,,,,,
2204,42.0,,,,,,,,126.0,,,,,,,,,,,,
2205,42.0,,,,,,,,168.0,,,,,,,,,,,,
2206,42.0,,,,,,,,252.0,,,,,,,,,,,,
2207,42.0,,,,,,,,84.0,,,,,,,,,,,,
2208,42.0,,,,,,,,84.0,,,,,,,,,,,,
2209,42.0,,,,,,,,84.0,,,,,,,,,,,,
2210,84.0,,,,,,,,168.0,,,,,,,,,,,,
2211,84.0,,,,,,,,70.0,,,,,,,,,,,,
2212,42.0,,,,,,,,84.0,,,,,,,,,,,,
2213,84.0,,,,,,,,210.0,,,,,,,,,,,,
2214,126.0,,,,,,,,258.0,,,,,,,,,,,,
2215,126.0,,,,,,,,84.0,,,,,,,,,,,,
2216,216.0,,,,,,,,126.0,,,,,,,,,,,,
2217,168.0,,,,,,,,84.0,,,,,,,,,,,,
2218,84.0,,,,,,,,84.0,,,,,,,,,,,,
2219,126.0,,,,,,,,168.0,,,,,,,,,,,,
2220,84.0,,,,,,,,84.0,,,,,,,,,,,,
2221,84.0,,,,,,,,42.0,,,,,,,,,,,,
2222,84.0,,,,,,,,154.0,,,,,,,,,,,,
2223,84.0,,,,,,,,42.0,,,,,,,,,,,,
2224,42.0,,,,,,,,126.0,,,,,,,,,,,,
2225,42.0,,,,,,,,84.0,,,,,,,,,,,,
2226,84.0,,,,,,,,42.0,,,,,,,,,,,,
2227,42.0,,,,,,,,42.0,,,,,,,,,,,,
2228,42.0,,,,,,,,84.0,,,,,,,,,,,,
2229,84.0,,,,,,,,84.0,,,,,,,,,,,,
2230,42.0,,,,,,,,126.0,,,,,,,,,,,,
2231,70.0,,,,,,,,126.0,,,,,,,,,,,,
2232,42.0,,,,,,,,126.0,,,,,,,,,,,,
2233,42.0,,,,,,,,168.0,,,,,,,,,,,,
2234,126.0,,,,,,,,252.0,,,,,,,,,,,,
2235,42.0,,,,,,,,84.0,,,,,,,,,,,,
2236,42.0,,,,,,,,84.0,,,,,,,,,,,,
2237,42.0,,,,,,,,294.0,,,,,,,,,,,,
2238,84.0,,,,,,,,84.0,,,,,,,,,,,,
2239,126.0,,,,,,,,168.0,,,,,,,,,,,,
2240,28.0,,,,,,,,84.0,,,,,,,,,,,,
2241,168.0,,,,,,,,126.0,,,,,,,,,,,,
2242,84.0,,,,,,,,84.0,,,,,,,,,,,,
2243,42.0,,,,,,,,126.0,,,,,,,,,,,,
2244,216.0,,,,,,,,84.0,,,,,,,,,,,,
2245,84.0,,,,,,,,154.0,,,,,,,,,,,,
2246,42.0,,,,,,,,42.0,,,,,,,,,,,,
2247,42.0,,,,,,,,42.0,,,,,,,,,,,,
2248,42.0,,,,,,,,126.0,,,,,,,,,,,,
2249,84.0,,,,,,,,42.0,,,,,,,,,,,,
2250,42.0,,,,,,,,210.0,,,,,,,,,,,,
2251,42.0,,,,,,,,42.0,,,,,,,,,,,,
2252,84.0,,,,,,,,70.0,,,,,,,,,,,,
2253,126.0,,,,,,,,84.0,,,,,,,,,,,,
2254,126.0,,,,,,,,84.0,,,,,,,,,,,,
2255,84.0,,,,,,,,168.0,,,,,,,,,,,,
2256,126.0,,,,,,,,126.0,,,,,,,,,,,,
2257,126.0,,,,,,,,126.0,,,,,,,,,,,,
2258,126.0,,,,,,,,126.0,,,,,,,,,,,,
2259,84.0,,,,,,,,258.0,,,,,,,,,,,,
2260,126.0,,,,,,,,126.0,,,,,,,,,,,,
2261,84.0,,,,,,,,126.0,,,,,,,,,,,,
2262,84.0,,,,,,,,84.0,,,,,,,,,,,,
2263,126.0,,,,,,,,42.0,,,,,,,,,,,,
2264,42.0,,,,,,,,84.0,,,,,,,,,,,,
2265,42.0,,,,,,,,154.0,,,,,,,,,,,,
2266,84.0,,,,,,,,126.0,,,,,,,,,,,,
2267,126.0,,,,,,,,168.0,,,,,,,,,,,,
2268,42.0,,,,,,,,84.0,,,,,,,,,,,,
2269,84.0,,,,,,,,42.0,,,,,,,,,,,,
2270,126.0,,,,,,,,126.0,,,,,,,,,,,,
2271,42.0,,,,,,,,42.0,,,,,,,,,,,,
2272,126.0,,,,,,,,294.0,,,,,,,,,,,,
2273,84.0,,,,,,,,42.0,,,,,,,,,,,,
2274,126.0,,,,,,,,70.0,,,,,,,,,,,,
2275,42.0,,,,,,,,168.0,,,,,,,,,,,,
2276,42.0,,,,,,,,126.0,,,,,,,,,,,,
2277,84.0,,,,,,,,84.0,,,,,,,,,,,,
2278,42.0,,,,,,,,216.0,,,,,,,,,,,,
2279,84.0,,,,,,,,84.0,,,,,,,,,,,,
2280,42.0,,,,,,,,126.0,,,,,,,,,,,,
2281,84.0,,,,,,,,126.0,,,,,,,,,,,,
2282,70.0,,,,,,,,210.0,,,,,,,,,,,,
2283,42.0,,,,,,,,126.0,,,,,,,,,,,,
2284,84.0,,,,,,,,168.0,,,,,,,,,,,,
2285,28.0,,,,,,,,84.0,,,,,,,,,,,,
2286,216.0,,,,,,,,84.0,,,,,,,,,,,,
2287,42.0,,,,,,,,126.0,,,,,,,,,,,,
2288,42.0,,,,,,,,84.0,,,,,,,,,,,,
2289,84.0,,,,,,,,154.0,,,,,,,,,,,,
2290,42.0,,,,,,,,84.0,,,,,,,,,,,,
2291,42.0,,,,,,,,168.0,,,,,,,,,,,,
2292,42.0,,,,,,,,84.0,,,,,,,,,,,,
2293,84.0,,,,,,,,84.0,,,,,,,,,,,,
2294,42.0,,,,,,,,42.0,,,,,,,,,,,,
2295,42.0,,,,,,,,126.0,,,,,,,,,,,,
2296,84.0,,,,,,,,84.0,,,,,,,,,,,,
2297,126.0,,,,,,,,42.0,,,,,,,,,,,,
2298,126.0,,,,,,,,126.0,,,,,,,,,,,,
2299,168.0,,,,,,,,42.0,,,,,,,,,,,,
2300,126.0,,,,,,,,42.0,,,,,,,,,,,,
2301,216.0,,,,,,,,126.0,,,,,,,,,,,,
2302,84.0,,,,,,,,210.0,,,,,,,,,,,,
2303,126.0,,,,,,,,126.0,,,,,,,,,,,,
2304,42.0,,,,,,,,70.0,,,,,,,,,,,,
2305,42.0,,,,,,,,126.0,,,,,,,,,,,,
2306,84.0,,,,,,,,84.0,,,,,,,,,,,,
2307,84.0,,,,,,,,84.0,,,,,,,,,,,,
2308,126.0,,,,,,,,168.0,,,,,,,,,,,,
2309,42.0,,,,,,,,126.0,,,,,,,,,,,,
2310,84.0,,,,,,,,258.0,,,,,,,,,,,,
2311,126.0,,,,,,,,168.0,,,,,,,,,,,,
2312,42.0,,,,,,,,252.0,,,,,,,,,,,,
2313,42.0,,,,,,,,84.0,,,,,,,,,,,,
2314,42.0,,,,,,,,126.0,,,,,,,,,,,,
2315,84.0,,,,,,,,154.0,,,,,,,,,,,,
2316,126.0,,,,,,,,84.0,,,,,,,,,,,,
2317,42.0,,,,,,,,42.0,,,,,,,,,,,,
2318,42.0,,,,,,,,84.0,,,,,,,,,,,,
2319,126.0,,,,,,,,168.0,,,,,,,,,,,,
2320,42.0,,,,,,,,168.0,,,,,,,,,,,,
2321,70.0,,,,,,,,70.0,,,,,,,,,,,,
2322,42.0,,,,,,,,126.0,,,,,,,,,,,,
2323,28.0,,,,,,,,84.0,,,,,,,,,,,,
2324,84.0,,,,,,,,84.0,,,,,,,,,,,,
2325,84.0,,,,,,,,126.0,,,,,,,,,,,,
2326,42.0,,,,,,,,42.0,,,,,,,,,,,,
2327,84.0,,,,,,,,42.0,,,,,,,,,,,,
2328,42.0,,,,,,,,258.0,,,,,,,,,,,,
2329,42.0,,,,,,,,126.0,,,,,,,,,,,,
2330,42.0,,,,,,,,126.0,,,,,,,,,,,,
2331,126.0,,,,,,,,42.0,,,,,,,,,,,,
2332,84.0,,,,,,,,84.0,,,,,,,,,,,,
2333,42.0,,,,,,,,84.0,,,,,,,,,,,,
2334,42.0,,,,,,,,126.0,,,,,,,,,,,,
2335,168.0,,,,,,,,126.0,,,,,,,,,,,,
2336,126.0,,,,,,,,210.0,,,,,,,,,,,,
2337,84.0,,,,,,,,168.0,,,,,,,,,,,,
2338,84.0,,,,,,,,252.0,,,,,,,,,,,,
2339,126.0,,,,,,,,84.0,,,,,,,,,,,,
2340,126.0,,,,,,,,126.0,,,,,,,,,,,,
2341,42.0,,,,,,,,216.0,,,,,,,,,,,,
2342,126.0,,,,,,,,84.0,,,,,,,,,,,,
2343,84.0,,,,,,,,42.0,,,,,,,,,,,,
2344,42.0,,,,,,,,154.0,,,,,,,,,,,,
2345,126.0,,,,,,,,168.0,,,,,,,,,,,,
2346,216.0,,,,,,,,126.0,,,,,,,,,,,,
2347,84.0,,,,,,,,70.0,,,,,,,,,,,,
2348,84.0,,,,,,,,42.0,,,,,,,,,,,,
2349,42.0,,,,,,,,126.0,,,,,,,,,,,,
2350,126.0,,,,,,,,126.0,,,,,,,,,,,,
2351,84.0,,,,,,,,42.0,,,,,,,,,,,,
2352,42.0,,,,,,,,42.0,,,,,,,,,,,,
2353,126.0,,,,,,,,126.0,,,,,,,,,,,,
2354,126.0,,,,,,,,168.0,,,,,,,,,,,,
2355,42.0,,,,,,,,84.0,,,,,,,,,,,,
2356,84.0,,,,,,,,84.0,,,,,,,,,,,,
2357,42.0,,,,,,,,168.0,,,,,,,,,,,,
2358,42.0,,,,,,,,84.0,,,,,,,,,,,,
2359,42.0,,,,,,,,126.0,,,,,,,,,,,,
2360,70.0,,,,,,,,84.0,,,,,,,,,,,,
2361,42.0,,,,,,,,210.0,,,,,,,,,,,,
2362,28.0,,,,,,,,294.0,,,,,,,,,,,,
2363,42.0,,,,,,,,84.0,,,,,,,,,,,,
2364,42.0,,,,,,,,126.0,,,,,,,,,,,,
2365,84.0,,,,,,,,126.0,,,,,,,,,,,,
2366,42.0,,,,,,,,84.0,,,,,,,,,,,,
2367,84.0,,,,,,,,126.0,,,,,,,,,,,,
2368,42.0,,,,,,,,84.0,,,,,,,,,,,,
2369,42.0,,,,,,,,84.0,,,,,,,,,,,,
2370,42.0,,,,,,,,154.0,,,,,,,,,,,,
2371,42.0,,,,,,,,126.0,,,,,,,,,,,,
2372,84.0,,,,,,,,126.0,,,,,,,,,,,,
2373,168.0,,,,,,,,126.0,,,,,,,,,,,,
2374,126.0,,,,,,,,84.0,,,,,,,,,,,,
2375,84.0,,,,,,,,42.0,,,,,,,,,,,,
2376,126.0,,,,,,,,42.0,,,,,,,,,,,,
2377,84.0,,,,,,,,42.0,,,,,,,,,,,,
2378,84.0,,,,,,,,42.0,,,,,,,,,,,,
2379,126.0,,,,,,,,70.0,,,,,,,,,,,,
2380,84.0,,,,,,,,84.0,,,,,,,,,,,,
2381,126.0,,,,,,,,168.0,,,,,,,,,,,,
2382,42.0,,,,,,,,84.0,,,,,,,,,,,,
2383,126.0,,,,,,,,168.0,,,,,,,,,,,,
2384,84.0,,,,,,,,126.0,,,,,,,,,,,,
2385,42.0,,,,,,,,210.0,,,,,,,,,,,,
2386,84.0,,,,,,,,468.0,,,,,,,,,,,,
2387,42.0,,,,,,,,210.0,,,,,,,,,,,,
2388,126.0,,,,,,,,84.0,,,,,,,,,,,,
2389,42.0,,,,,,,,126.0,,,,,,,,,,,,
2390,42.0,,,,,,,,126.0,,,,,,,,,,,,
2391,42.0,,,,,,,,84.0,,,,,,,,,,,,
2392,126.0,,,,,,,,84.0,,,,,,,,,,,,
2393,42.0,,,,,,,,300.0,,,,,,,,,,,,
2394,84.0,,,,,,,,42.0,,,,,,,,,,,,
2395,84.0,,,,,,,,154.0,,,,,,,,,,,,
2396,42.0,,,,,,,,42.0,,,,,,,,,,,,
2397,42.0,,,,,,,,126.0,,,,,,,,,,,,
2398,42.0,,,,,,,,84.0,,,,,,,,,,,,
2399,70.0,,,,,,,,42.0,,,,,,,,,,,,
2400,28.0,,,,,,,,84.0,,,,,,,,,,,,
2401,42.0,,,,,,,,84.0,,,,,,,,,,,,
2402,84.0,,,,,,,,126.0,,,,,,,,,,,,
2403,42.0,,,,,,,,84.0,,,,,,,,,,,,
2404,42.0,,,,,,,,126.0,,,,,,,,,,,,
2405,42.0,,,,,,,,126.0,,,,,,,,,,,,
2406,42.0,,,,,,,,84.0,,,,,,,,,,,,
2407,42.0,,,,,,,,168.0,,,,,,,,,,,,
2408,84.0,,,,,,,,210.0,,,,,,,,,,,,
2409,126.0,,,,,,,,42.0,,,,,,,,,,,,
2410,216.0,,,,,,,,168.0,,,,,,,,,,,,
2411,168.0,,,,,,,,70.0,,,,,,,,,,,,
2412,126.0,,,,,,,,126.0,,,,,,,,,,,,
2413,84.0,,,,,,,,252.0,,,,,,,,,,,,
2414,126.0,,,,,,,,126.0,,,,,,,,,,,,
2415,84.0,,,,,,,,84.0,,,,,,,,,,,,
2416,84.0,,,,,,,,126.0,,,,,,,,,,,,
2417,84.0,,,,,,,,126.0,,,,,,,,,,,,
2418,126.0,,,,,,,,126.0,,,,,,,,,,,,
2419,70.0,,,,,,,,126.0,,,,,,,,,,,,
2420,42.0,,,,,,,,154.0,,,,,,,,,,,,
2421,126.0,,,,,,,,84.0,,,,,,,,,,,,
2422,126.0,,,,,,,,126.0,,,,,,,,,,,,
2423,42.0,,,,,,,,84.0,,,,,,,,,,,,
2424,84.0,,,,,,,,126.0,,,,,,,,,,,,
2425,42.0,,,,,,,,42.0,,,,,,,,,,,,
2426,42.0,,,,,,,,42.0,,,,,,,,,,,,
2427,42.0,,,,,,,,42.0,,,,,,,,,,,,
2428,84.0,,,,,,,,84.0,,,,,,,,,,,,
2429,126.0,,,,,,,,168.0,,,,,,,,,,,,
2430,42.0,,,,,,,,126.0,,,,,,,,,,,,
2431,42.0,,,,,,,,126.0,,,,,,,,,,,,
2432,126.0,,,,,,,,42.0,,,,,,,,,,,,
2433,42.0,,,,,,,,70.0,,,,,,,,,,,,
2434,42.0,,,,,,,,84.0,,,,,,,,,,,,
2435,42.0,,,,,,,,168.0,,,,,,,,,,,,
2436,42.0,,,,,,,,84.0,,,,,,,,,,,,
2437,42.0,,,,,,,,84.0,,,,,,,,,,,,
2438,126.0,,,,,,,,210.0,,,,,,,,,,,,
2439,42.0,,,,,,,,84.0,,,,,,,,,,,,
2440,84.0,,,,,,,,126.0,,,,,,,,,,,,
2441,28.0,,,,,,,,252.0,,,,,,,,,,,,
2442,42.0,,,,,,,,300.0,,,,,,,,,,,,
2443,42.0,,,,,,,,126.0,,,,,,,,,,,,
2444,84.0,,,,,,,,168.0,,,,,,,,,,,,
2445,84.0,,,,,,,,84.0,,,,,,,,,,,,
2446,84.0,,,,,,,,154.0,,,,,,,,,,,,
2447,42.0,,,,,,,,84.0,,,,,,,,,,,,
2448,84.0,,,,,,,,126.0,,,,,,,,,,,,
2449,84.0,,,,,,,,84.0,,,,,,,,,,,,
2450,216.0,,,,,,,,84.0,,,,,,,,,,,,
2451,168.0,,,,,,,,42.0,,,,,,,,,,,,
2452,126.0,,,,,,,,126.0,,,,,,,,,,,,
2453,84.0,,,,,,,,126.0,,,,,,,,,,,,
2454,126.0,,,,,,,,42.0,,,,,,,,,,,,
2455,84.0,,,,,,,,70.0,,,,,,,,,,,,
2456,84.0,,,,,,,,168.0,,,,,,,,,,,,
2457,70.0,,,,,,,,42.0,,,,,,,,,,,,
2458,84.0,,,,,,,,84.0,,,,,,,,,,,,
2459,126.0,,,,,,,,210.0,,,,,,,,,,,,
2460,42.0,,,,,,,,42.0,,,,,,,,,,,,
2461,84.0,,,,,,,,126.0,,,,,,,,,,,,
2462,84.0,,,,,,,,126.0,,,,,,,,,,,,
2463,126.0,,,,,,,,168.0,,,,,,,,,,,,
2464,42.0,,,,,,,,126.0,,,,,,,,,,,,
2465,126.0,,,,,,,,216.0,,,,,,,,,,,,
2466,42.0,,,,,,,,294.0,,,,,,,,,,,,
2467,42.0,,,,,,,,84.0,,,,,,,,,,,,
2468,42.0,,,,,,,,84.0,,,,,,,,,,,,
2469,42.0,,,,,,,,126.0,,,,,,,,,,,,
2470,42.0,,,,,,,,168.0,,,,,,,,,,,,
2471,28.0,,,,,,,,84.0,,,,,,,,,,,,
2472,84.0,,,,,,,,154.0,,,,,,,,,,,,
2473,42.0,,,,,,,,84.0,,,,,,,,,,,,
2474,42.0,,,,,,,,84.0,,,,,,,,,,,,
2475,42.0,,,,,,,,84.0,,,,,,,,,,,,
2476,42.0,,,,,,,,84.0,,,,,,,,,,,,
2477,84.0,,,,,,,,42.0,,,,,,,,,,,,
2478,42.0,,,,,,,,126.0,,,,,,,,,,,,
2479,42.0,,,,,,,,42.0,,,,,,,,,,,,
2480,42.0,,,,,,,,42.0,,,,,,,,,,,,
2481,84.0,,,,,,,,42.0,,,,,,,,,,,,
2482,42.0,,,,,,,,210.0,,,,,,,,,,,,
2483,42.0,,,,,,,,70.0,,,,,,,,,,,,
2484,126.0,,,,,,,,294.0,,,,,,,,,,,,
2485,84.0,,,,,,,,126.0,,,,,,,,,,,,
2486,126.0,,,,,,,,126.0,,,,,,,,,,,,
2487,126.0,,,,,,,,126.0,,,,,,,,,,,,
2488,216.0,,,,,,,,126.0,,,,,,,,,,,,
2489,126.0,,,,,,,,168.0,,,,,,,,,,,,
2490,168.0,,,,,,,,258.0,,,,,,,,,,,,
2491,84.0,,,,,,,,126.0,,,,,,,,,,,,
2492,126.0,,,,,,,,84.0,,,,,,,,,,,,
2493,84.0,,,,,,,,126.0,,,,,,,,,,,,
2494,84.0,,,,,,,,126.0,,,,,,,,,,,,
2495,84.0,,,,,,,,84.0,,,,,,,,,,,,
2496,84.0,,,,,,,,126.0,,,,,,,,,,,,
2497,42.0,,,,,,,,154.0,,,,,,,,,,,,
2498,42.0,,,,,,,,84.0,,,,,,,,,,,,
2499,42.0,,,,,,,,126.0,,,,,,,,,,,,
2500,42.0,,,,,,,,210.0,,,,,,,,,,,,
2501,84.0,,,,,,,,126.0,,,,,,,,,,,,
2502,42.0,,,,,,,,84.0,,,,,,,,,,,,
2503,84.0,,,,,,,,126.0,,,,,,,,,,,,
2504,42.0,,,,,,,,42.0,,,,,,,,,,,,
2505,42.0,,,,,,,,42.0,,,,,,,,,,,,
2506,126.0,,,,,,,,126.0,,,,,,,,,,,,
2507,126.0,,,,,,,,42.0,,,,,,,,,,,,
2508,84.0,,,,,,,,42.0,,,,,,,,,,,,
2509,42.0,,,,,,,,126.0,,,,,,,,,,,,
2510,216.0,,,,,,,,70.0,,,,,,,,,,,,
2511,42.0,,,,,,,,168.0,,,,,,,,,,,,
2512,42.0,,,,,,,,84.0,,,,,,,,,,,,
2513,84.0,,,,,,,,84.0,,,,,,,,,,,,
2514,42.0,,,,,,,,168.0,,,,,,,,,,,,
2515,42.0,,,,,,,,84.0,,,,,,,,,,,,
2516,84.0,,,,,,,,126.0,,,,,,,,,,,,
2517,42.0,,,,,,,,300.0,,,,,,,,,,,,
2518,84.0,,,,,,,,252.0,,,,,,,,,,,,
2519,70.0,,,,,,,,84.0,,,,,,,,,,,,
2520,42.0,,,,,,,,126.0,,,,,,,,,,,,
2521,28.0,,,,,,,,84.0,,,,,,,,,,,,
2522,42.0,,,,,,,,126.0,,,,,,,,,,,,
2523,42.0,,,,,,,,216.0,,,,,,,,,,,,
2524,84.0,,,,,,,,84.0,,,,,,,,,,,,
2525,84.0,,,,,,,,42.0,,,,,,,,,,,,
2526,126.0,,,,,,,,154.0,,,,,,,,,,,,
2527,84.0,,,,,,,,168.0,,,,,,,,,,,,
2528,126.0,,,,,,,,84.0,,,,,,,,,,,,
2529,126.0,,,,,,,,84.0,,,,,,,,,,,,
2530,126.0,,,,,,,,84.0,,,,,,,,,,,,
2531,126.0,,,,,,,,126.0,,,,,,,,,,,,
2532,168.0,,,,,,,,42.0,,,,,,,,,,,,
2533,84.0,,,,,,,,42.0,,,,,,,,,,,,
2534,126.0,,,,,,,,84.0,,,,,,,,,,,,
2535,42.0,,,,,,,,210.0,,,,,,,,,,,,
2536,126.0,,,,,,,,126.0,,,,,,,,,,,,
2537,126.0,,,,,,,,70.0,,,,,,,,,,,,
2538,84.0,,,,,,,,42.0,,,,,,,,,,,,
2539,42.0,,,,,,,,84.0,,,,,,,,,,,,
2540,126.0,,,,,,,,168.0,,,,,,,,,,,,
2541,84.0,,,,,,,,126.0,,,,,,,,,,,,
2542,42.0,,,,,,,,84.0,,,,,,,,,,,,
2543,84.0,,,,,,,,126.0,,,,,,,,,,,,
2544,126.0,,,,,,,,294.0,,,,,,,,,,,,
2545,126.0,,,,,,,,168.0,,,,,,,,,,,,
2546,84.0,,,,,,,,84.0,,,,,,,,,,,,
2547,84.0,,,,,,,,84.0,,,,,,,,,,,,
2548,42.0,,,,,,,,84.0,,,,,,,,,,,,
2549,126.0,,,,,,,,126.0,,,,,,,,,,,,
2550,84.0,,,,,,,,126.0,,,,,,,,,,,,
2551,42.0,,,,,,,,168.0,,,,,,,,,,,,
2552,42.0,,,,,,,,84.0,,,,,,,,,,,,
2553,42.0,,,,,,,,126.0,,,,,,,,,,,,
2554,42.0,,,,,,,,84.0,,,,,,,,,,,,
2555,126.0,,,,,,,,84.0,,,,,,,,,,,,
2556,70.0,,,,,,,,42.0,,,,,,,,,,,,
2557,42.0,,,,,,,,42.0,,,,,,,,,,,,
2558,28.0,,,,,,,,154.0,,,,,,,,,,,,
2559,42.0,,,,,,,,210.0,,,,,,,,,,,,
2560,42.0,,,,,,,,42.0,,,,,,,,,,,,
2561,42.0,,,,,,,,126.0,,,,,,,,,,,,
2562,42.0,,,,,,,,42.0,,,,,,,,,,,,
2563,84.0,,,,,,,,70.0,,,,,,,,,,,,
2564,42.0,,,,,,,,84.0,,,,,,,,,,,,
2565,84.0,,,,,,,,168.0,,,,,,,,,,,,
2566,42.0,,,,,,,,126.0,,,,,,,,,,,,
2567,42.0,,,,,,,,84.0,,,,,,,,,,,,
2568,126.0,,,,,,,,126.0,,,,,,,,,,,,
2569,216.0,,,,,,,,126.0,,,,,,,,,,,,
2570,168.0,,,,,,,,126.0,,,,,,,,,,,,
2571,84.0,,,,,,,,300.0,,,,,,,,,,,,
2572,84.0,,,,,,,,252.0,,,,,,,,,,,,
2573,84.0,,,,,,,,84.0,,,,,,,,,,,,
2574,126.0,,,,,,,,84.0,,,,,,,,,,,,
2575,42.0,,,,,,,,168.0,,,,,,,,,,,,
2576,84.0,,,,,,,,84.0,,,,,,,,,,,,
2577,42.0,,,,,,,,154.0,,,,,,,,,,,,
2578,28.0,,,,,,,,210.0,,,,,,,,,,,,
2579,84.0,,,,,,,,126.0,,,,,,,,,,,,
2580,84.0,,,,,,,,84.0,,,,,,,,,,,,
2581,126.0,,,,,,,,84.0,,,,,,,,,,,,
2582,42.0,,,,,,,,84.0,,,,,,,,,,,,
2583,126.0,,,,,,,,42.0,,,,,,,,,,,,
2584,126.0,,,,,,,,126.0,,,,,,,,,,,,
2585,84.0,,,,,,,,42.0,,,,,,,,,,,,
2586,126.0,,,,,,,,42.0,,,,,,,,,,,,
2587,42.0,,,,,,,,42.0,,,,,,,,,,,,
2588,42.0,,,,,,,,84.0,,,,,,,,,,,,
2589,126.0,,,,,,,,70.0,,,,,,,,,,,,
2590,42.0,,,,,,,,126.0,,,,,,,,,,,,
2591,126.0,,,,,,,,168.0,,,,,,,,,,,,
2592,294.0,,,,,,,,84.0,,,,,,,,,,,,
2593,42.0,,,,,,,,126.0,,,,,,,,,,,,
2594,84.0,,,,,,,,126.0,,,,,,,,,,,,
2595,84.0,,,,,,,,126.0,,,,,,,,,,,,
2596,70.0,,,,,,,,216.0,,,,,,,,,,,,
2597,84.0,,,,,,,,168.0,,,,,,,,,,,,
2598,42.0,,,,,,,,294.0,,,,,,,,,,,,
2599,42.0,,,,,,,,84.0,,,,,,,,,,,,
2600,42.0,,,,,,,,126.0,,,,,,,,,,,,
2601,216.0,,,,,,,,,,,,,,,,,,,,
2602,42.0,,,,,,,,,,,,,,,,,,,,
2603,84.0,,,,,,,,,,,,,,,,,,,,
2604,42.0,,,,,,,,,,,,,,,,,,,,
2605,42.0,,,,,,,,,,,,,,,,,,,,
2606,42.0,,,,,,,,,,,,,,,,,,,,
2607,42.0,,,,,,,,,,,,,,,,,,,,
2608,84.0,,,,,,,,,,,,,,,,,,,,
2609,42.0,,,,,,,,,,,,,,,,,,,,
2610,84.0,,,,,,,,,,,,,,,,,,,,
2611,84.0,,,,,,,,,,,,,,,,,,,,
2612,126.0,,,,,,,,,,,,,,,,,,,,
2613,42.0,,,,,,,,,,,,,,,,,,,,
2614,42.0,,,,,,,,,,,,,,,,,,,,
2615,84.0,,,,,,,,,,,,,,,,,,,,
2616,84.0,,,,,,,,,,,,,,,,,,,,
2617,126.0,,,,,,,,,,,,,,,,,,,,
2618,84.0,,,,,,,,,,,,,,,,,,,,
2619,42.0,,,,,,,,,,,,,,,,,,,,
2620,84.0,,,,,,,,,,,,,,,,,,,,
2621,84.0,,,,,,,,,,,,,,,,,,,,
2622,42.0,,,,,,,,,,,,,,,,,,,,
2623,84.0,,,,,,,,,,,,,,,,,,,,
2624,126.0,,,,,,,,,,,,,,,,,,,,
2625,42.0,,,,,,,,,,,,,,,,,,,,
2626,126.0,,,,,,,,,,,,,,,,,,,,
2627,126.0,,,,,,,,,,,,,,,,,,,,
2628,42.0,,,,,,,,,,,,,,,,,,,,
2629,126.0,,,,,,,,,,,,,,,,,,,,
2630,42.0,,,,,,,,,,,,,,,,,,,,
2631,42.0,,,,,,,,,,,,,,,,,,,,
2632,42.0,,,,,,,,,,,,,,,,,,,,
2633,42.0,,,,,,,,,,,,,,,,,,,,
2634,42.0,,,,,,,,,,,,,,,,,,,,
2635,216.0,,,,,,,,,,,,,,,,,,,,
2636,70.0,,,,,,,,,,,,,,,,,,,,
2637,28.0,,,,,,,,,,,,,,,,,,,,
2638,84.0,,,,,,,,,,,,,,,,,,,,
2639,42.0,,,,,,,,,,,,,,,,,,,,
2640,42.0,,,,,,,,,,,,,,,,,,,,
2641,84.0,,,,,,,,,,,,,,,,,,,,
2642,42.0,,,,,,,,,,,,,,,,,,,,
2643,42.0,,,,,,,,,,,,,,,,,,,,
2644,84.0,,,,,,,,,,,,,,,,,,,,
2645,84.0,,,,,,,,,,,,,,,,,,,,
2646,42.0,,,,,,,,,,,,,,,,,,,,
2647,84.0,,,,,,,,,,,,,,,,,,,,
2648,126.0,,,,,,,,,,,,,,,,,,,,
2649,126.0,,,,,,,,,,,,,,,,,,,,
2650,168.0,,,,,,,,,,,,,,,,,,,,
2651,42.0,,,,,,,,,,,,,,,,,,,,
2652,126.0,,,,,,,,,,,,,,,,,,,,
2653,42.0,,,,,,,,,,,,,,,,,,,,
2654,84.0,,,,,,,,,,,,,,,,,,,,
2655,126.0,,,,,,,,,,,,,,,,,,,,
2656,42.0,,,,,,,,,,,,,,,,,,,,
2657,84.0,,,,,,,,,,,,,,,,,,,,
2658,84.0,,,,,,,,,,,,,,,,,,,,
2659,42.0,,,,,,,,,,,,,,,,,,,,
2660,126.0,,,,,,,,,,,,,,,,,,,,
2661,42.0,,,,,,,,,,,,,,,,,,,,
2662,42.0,,,,,,,,,,,,,,,,,,,,
2663,42.0,,,,,,,,,,,,,,,,,,,,
2664,126.0,,,,,,,,,,,,,,,,,,,,
2665,216.0,,,,,,,,,,,,,,,,,,,,
2666,70.0,,,,,,,,,,,,,,,,,,,,
2667,42.0,,,,,,,,,,,,,,,,,,,,
2668,84.0,,,,,,,,,,,,,,,,,,,,
2669,84.0,,,,,,,,,,,,,,,,,,,,
2670,28.0,,,,,,,,,,,,,,,,,,,,
2671,84.0,,,,,,,,,,,,,,,,,,,,
2672,126.0,,,,,,,,,,,,,,,,,,,,
2673,42.0,,,,,,,,,,,,,,,,,,,,
2674,42.0,,,,,,,,,,,,,,,,,,,,
2675,84.0,,,,,,,,,,,,,,,,,,,,
2676,42.0,,,,,,,,,,,,,,,,,,,,
2677,42.0,,,,,,,,,,,,,,,,,,,,
2678,42.0,,,,,,,,,,,,,,,,,,,,
2679,42.0,,,,,,,,,,,,,,,,,,,,
2680,84.0,,,,,,,,,,,,,,,,,,,,
2681,42.0,,,,,,,,,,,,,,,,,,,,
2682,168.0,,,,,,,,,,,,,,,,,,,,
2683,42.0,,,,,,,,,,,,,,,,,,,,
2684,84.0,,,,,,,,,,,,,,,,,,,,
2685,126.0,,,,,,,,,,,,,,,,,,,,
2686,84.0,,,,,,,,,,,,,,,,,,,,
2687,126.0,,,,,,,,,,,,,,,,,,,,
2688,126.0,,,,,,,,,,,,,,,,,,,,
2689,84.0,,,,,,,,,,,,,,,,,,,,
2690,126.0,,,,,,,,,,,,,,,,,,,,
2691,42.0,,,,,,,,,,,,,,,,,,,,
2692,42.0,,,,,,,,,,,,,,,,,,,,
2693,126.0,,,,,,,,,,,,,,,,,,,,
2694,84.0,,,,,,,,,,,,,,,,,,,,
2695,126.0,,,,,,,,,,,,,,,,,,,,
2696,126.0,,,,,,,,,,,,,,,,,,,,
2697,84.0,,,,,,,,,,,,,,,,,,,,
2698,84.0,,,,,,,,,,,,,,,,,,,,
2699,84.0,,,,,,,,,,,,,,,,,,,,
2700,84.0,,,,,,,,,,,,,,,,,,,,
2701,42.0,,,,,,,,,,,,,,,,,,,,
2702,42.0,,,,,,,,,,,,,,,,,,,,
2703,84.0,,,,,,,,,,,,,,,,,,,,
2704,84.0,,,,,,,,,,,,,,,,,,,,
2705,42.0,,,,,,,,,,,,,,,,,,,,
2706,42.0,,,,,,,,,,,,,,,,,,,,
2707,42.0,,,,,,,,,,,,,,,,,,,,
2708,42.0,,,,,,,,,,,,,,,,,,,,
2709,84.0,,,,,,,,,,,,,,,,,,,,
2710,84.0,,,,,,,,,,,,,,,,,,,,
2711,70.0,,,,,,,,,,,,,,,,,,,,
2712,42.0,,,,,,,,,,,,,,,,,,,,
2713,28.0,,,,,,,,,,,,,,,,,,,,
2714,126.0,,,,,,,,,,,,,,,,,,,,
2715,42.0,,,,,,,,,,,,,,,,,,,,
2716,42.0,,,,,,,,,,,,,,,,,,,,
2717,42.0,,,,,,,,,,,,,,,,,,,,
2718,42.0,,,,,,,,,,,,,,,,,,,,
2719,42.0,,,,,,,,,,,,,,,,,,,,
2720,42.0,,,,,,,,,,,,,,,,,,,,
2721,84.0,,,,,,,,,,,,,,,,,,,,
2722,126.0,,,,,,,,,,,,,,,,,,,,
2723,42.0,,,,,,,,,,,,,,,,,,,,
2724,126.0,,,,,,,,,,,,,,,,,,,,
2725,126.0,,,,,,,,,,,,,,,,,,,,
2726,168.0,,,,,,,,,,,,,,,,,,,,
2727,216.0,,,,,,,,,,,,,,,,,,,,
2728,84.0,,,,,,,,,,,,,,,,,,,,
2729,42.0,,,,,,,,,,,,,,,,,,,,
2730,42.0,,,,,,,,,,,,,,,,,,,,
2731,84.0,,,,,,,,,,,,,,,,,,,,
2732,42.0,,,,,,,,,,,,,,,,,,,,
2733,42.0,,,,,,,,,,,,,,,,,,,,
2734,84.0,,,,,,,,,,,,,,,,,,,,
2735,42.0,,,,,,,,,,,,,,,,,,,,
2736,42.0,,,,,,,,,,,,,,,,,,,,
2737,84.0,,,,,,,,,,,,,,,,,,,,
2738,126.0,,,,,,,,,,,,,,,,,,,,
2739,42.0,,,,,,,,,,,,,,,,,,,,
2740,126.0,,,,,,,,,,,,,,,,,,,,
2741,42.0,,,,,,,,,,,,,,,,,,,,
2742,126.0,,,,,,,,,,,,,,,,,,,,
2743,84.0,,,,,,,,,,,,,,,,,,,,
2744,42.0,,,,,,,,,,,,,,,,,,,,
2745,84.0,,,,,,,,,,,,,,,,,,,,
2746,42.0,,,,,,,,,,,,,,,,,,,,
2747,28.0,,,,,,,,,,,,,,,,,,,,
2748,70.0,,,,,,,,,,,,,,,,,,,,
2749,42.0,,,,,,,,,,,,,,,,,,,,
2750,126.0,,,,,,,,,,,,,,,,,,,,
2751,126.0,,,,,,,,,,,,,,,,,,,,
2752,42.0,,,,,,,,,,,,,,,,,,,,
2753,42.0,,,,,,,,,,,,,,,,,,,,
2754,42.0,,,,,,,,,,,,,,,,,,,,
2755,42.0,,,,,,,,,,,,,,,,,,,,
2756,84.0,,,,,,,,,,,,,,,,,,,,
2757,42.0,,,,,,,,,,,,,,,,,,,,
2758,84.0,,,,,,,,,,,,,,,,,,,,
2759,126.0,,,,,,,,,,,,,,,,,,,,
2760,216.0,,,,,,,,,,,,,,,,,,,,
2761,168.0,,,,,,,,,,,,,,,,,,,,
2762,126.0,,,,,,,,,,,,,,,,,,,,
2763,84.0,,,,,,,,,,,,,,,,,,,,
2764,84.0,,,,,,,,,,,,,,,,,,,,
2765,84.0,,,,,,,,,,,,,,,,,,,,
2766,126.0,,,,,,,,,,,,,,,,,,,,
2767,84.0,,,,,,,,,,,,,,,,,,,,
2768,70.0,,,,,,,,,,,,,,,,,,,,
2769,42.0,,,,,,,,,,,,,,,,,,,,
2770,42.0,,,,,,,,,,,,,,,,,,,,
2771,126.0,,,,,,,,,,,,,,,,,,,,
2772,126.0,,,,,,,,,,,,,,,,,,,,
2773,42.0,,,,,,,,,,,,,,,,,,,,
2774,84.0,,,,,,,,,,,,,,,,,,,,
2775,84.0,,,,,,,,,,,,,,,,,,,,
2776,84.0,,,,,,,,,,,,,,,,,,,,
2777,84.0,,,,,,,,,,,,,,,,,,,,
2778,42.0,,,,,,,,,,,,,,,,,,,,
2779,42.0,,,,,,,,,,,,,,,,,,,,
2780,126.0,,,,,,,,,,,,,,,,,,,,
2781,126.0,,,,,,,,,,,,,,,,,,,,
2782,84.0,,,,,,,,,,,,,,,,,,,,
2783,42.0,,,,,,,,,,,,,,,,,,,,
2784,42.0,,,,,,,,,,,,,,,,,,,,
2785,42.0,,,,,,,,,,,,,,,,,,,,
2786,84.0,,,,,,,,,,,,,,,,,,,,
2787,42.0,,,,,,,,,,,,,,,,,,,,
2788,84.0,,,,,,,,,,,,,,,,,,,,
2789,42.0,,,,,,,,,,,,,,,,,,,,
2790,28.0,,,,,,,,,,,,,,,,,,,,
2791,42.0,,,,,,,,,,,,,,,,,,,,
2792,42.0,,,,,,,,,,,,,,,,,,,,
2793,84.0,,,,,,,,,,,,,,,,,,,,
2794,42.0,,,,,,,,,,,,,,,,,,,,
2795,42.0,,,,,,,,,,,,,,,,,,,,
2796,42.0,,,,,,,,,,,,,,,,,,,,
2797,42.0,,,,,,,,,,,,,,,,,,,,
2798,126.0,,,,,,,,,,,,,,,,,,,,
2799,84.0,,,,,,,,,,,,,,,,,,,,
2800,216.0,,,,,,,,,,,,,,,,,,,,
2801,168.0,,,,,,,,,,,,,,,,,,,,
2802,126.0,,,,,,,,,,,,,,,,,,,,
2803,84.0,,,,,,,,,,,,,,,,,,,,
2804,126.0,,,,,,,,,,,,,,,,,,,,
2805,126.0,,,,,,,,,,,,,,,,,,,,
2806,84.0,,,,,,,,,,,,,,,,,,,,
2807,42.0,,,,,,,,,,,,,,,,,,,,
2808,126.0,,,,,,,,,,,,,,,,,,,,
2809,216.0,,,,,,,,,,,,,,,,,,,,
2810,42.0,,,,,,,,,,,,,,,,,,,,
2811,126.0,,,,,,,,,,,,,,,,,,,,
2812,84.0,,,,,,,,,,,,,,,,,,,,
2813,42.0,,,,,,,,,,,,,,,,,,,,
2814,126.0,,,,,,,,,,,,,,,,,,,,
2815,84.0,,,,,,,,,,,,,,,,,,,,
2816,42.0,,,,,,,,,,,,,,,,,,,,
2817,84.0,,,,,,,,,,,,,,,,,,,,
2818,70.0,,,,,,,,,,,,,,,,,,,,
2819,42.0,,,,,,,,,,,,,,,,,,,,
2820,84.0,,,,,,,,,,,,,,,,,,,,
2821,42.0,,,,,,,,,,,,,,,,,,,,
2822,42.0,,,,,,,,,,,,,,,,,,,,
2823,42.0,,,,,,,,,,,,,,,,,,,,
2824,84.0,,,,,,,,,,,,,,,,,,,,
2825,42.0,,,,,,,,,,,,,,,,,,,,
2826,28.0,,,,,,,,,,,,,,,,,,,,
2827,42.0,,,,,,,,,,,,,,,,,,,,
2828,84.0,,,,,,,,,,,,,,,,,,,,
2829,42.0,,,,,,,,,,,,,,,,,,,,
2830,126.0,,,,,,,,,,,,,,,,,,,,
2831,42.0,,,,,,,,,,,,,,,,,,,,
2832,42.0,,,,,,,,,,,,,,,,,,,,
2833,42.0,,,,,,,,,,,,,,,,,,,,
2834,126.0,,,,,,,,,,,,,,,,,,,,
2835,42.0,,,,,,,,,,,,,,,,,,,,
2836,42.0,,,,,,,,,,,,,,,,,,,,
2837,168.0,,,,,,,,,,,,,,,,,,,,
2838,126.0,,,,,,,,,,,,,,,,,,,,
2839,126.0,,,,,,,,,,,,,,,,,,,,
2840,84.0,,,,,,,,,,,,,,,,,,,,
2841,84.0,,,,,,,,,,,,,,,,,,,,
2842,84.0,,,,,,,,,,,,,,,,,,,,
2843,126.0,,,,,,,,,,,,,,,,,,,,
2844,84.0,,,,,,,,,,,,,,,,,,,,
2845,84.0,,,,,,,,,,,,,,,,,,,,
2846,42.0,,,,,,,,,,,,,,,,,,,,
2847,84.0,,,,,,,,,,,,,,,,,,,,
2848,84.0,,,,,,,,,,,,,,,,,,,,
2849,126.0,,,,,,,,,,,,,,,,,,,,
2850,42.0,,,,,,,,,,,,,,,,,,,,
2851,84.0,,,,,,,,,,,,,,,,,,,,
2852,84.0,,,,,,,,,,,,,,,,,,,,
2853,42.0,,,,,,,,,,,,,,,,,,,,
2854,126.0,,,,,,,,,,,,,,,,,,,,
2855,84.0,,,,,,,,,,,,,,,,,,,,
2856,126.0,,,,,,,,,,,,,,,,,,,,
2857,42.0,,,,,,,,,,,,,,,,,,,,
2858,126.0,,,,,,,,,,,,,,,,,,,,
2859,126.0,,,,,,,,,,,,,,,,,,,,
2860,42.0,,,,,,,,,,,,,,,,,,,,
2861,70.0,,,,,,,,,,,,,,,,,,,,
2862,42.0,,,,,,,,,,,,,,,,,,,,
2863,42.0,,,,,,,,,,,,,,,,,,,,
2864,42.0,,,,,,,,,,,,,,,,,,,,
2865,84.0,,,,,,,,,,,,,,,,,,,,
2866,42.0,,,,,,,,,,,,,,,,,,,,
2867,42.0,,,,,,,,,,,,,,,,,,,,
2868,28.0,,,,,,,,,,,,,,,,,,,,
2869,42.0,,,,,,,,,,,,,,,,,,,,
2870,42.0,,,,,,,,,,,,,,,,,,,,
2871,42.0,,,,,,,,,,,,,,,,,,,,
2872,42.0,,,,,,,,,,,,,,,,,,,,
2873,84.0,,,,,,,,,,,,,,,,,,,,
2874,42.0,,,,,,,,,,,,,,,,,,,,
2875,42.0,,,,,,,,,,,,,,,,,,,,
2876,126.0,,,,,,,,,,,,,,,,,,,,
2877,216.0,,,,,,,,,,,,,,,,,,,,
2878,126.0,,,,,,,,,,,,,,,,,,,,
2879,168.0,,,,,,,,,,,,,,,,,,,,
2880,84.0,,,,,,,,,,,,,,,,,,,,
2881,84.0,,,,,,,,,,,,,,,,,,,,
2882,126.0,,,,,,,,,,,,,,,,,,,,
2883,84.0,,,,,,,,,,,,,,,,,,,,
2884,84.0,,,,,,,,,,,,,,,,,,,,
2885,42.0,,,,,,,,,,,,,,,,,,,,
2886,84.0,,,,,,,,,,,,,,,,,,,,
2887,126.0,,,,,,,,,,,,,,,,,,,,
2888,84.0,,,,,,,,,,,,,,,,,,,,
2889,126.0,,,,,,,,,,,,,,,,,,,,
2890,42.0,,,,,,,,,,,,,,,,,,,,
2891,84.0,,,,,,,,,,,,,,,,,,,,
2892,42.0,,,,,,,,,,,,,,,,,,,,
2893,42.0,,,,,,,,,,,,,,,,,,,,
2894,126.0,,,,,,,,,,,,,,,,,,,,
2895,42.0,,,,,,,,,,,,,,,,,,,,
2896,84.0,,,,,,,,,,,,,,,,,,,,
2897,42.0,,,,,,,,,,,,,,,,,,,,
2898,42.0,,,,,,,,,,,,,,,,,,,,
2899,70.0,,,,,,,,,,,,,,,,,,,,
2900,28.0,,,,,,,,,,,,,,,,,,,,
2901,42.0,,,,,,,,,,,,,,,,,,,,
2902,42.0,,,,,,,,,,,,,,,,,,,,
2903,42.0,,,,,,,,,,,,,,,,,,,,
2904,42.0,,,,,,,,,,,,,,,,,,,,
2905,126.0,,,,,,,,,,,,,,,,,,,,
2906,42.0,,,,,,,,,,,,,,,,,,,,
2907,42.0,,,,,,,,,,,,,,,,,,,,
2908,84.0,,,,,,,,,,,,,,,,,,,,
2909,42.0,,,,,,,,,,,,,,,,,,,,
2910,42.0,,,,,,,,,,,,,,,,,,,,
2911,84.0,,,,,,,,,,,,,,,,,,,,
2912,42.0,,,,,,,,,,,,,,,,,,,,
2913,84.0,,,,,,,,,,,,,,,,,,,,
2914,84.0,,,,,,,,,,,,,,,,,,,,
2915,216.0,,,,,,,,,,,,,,,,,,,,
2916,126.0,,,,,,,,,,,,,,,,,,,,
2917,126.0,,,,,,,,,,,,,,,,,,,,
2918,168.0,,,,,,,,,,,,,,,,,,,,
2919,126.0,,,,,,,,,,,,,,,,,,,,
2920,84.0,,,,,,,,,,,,,,,,,,,,
2921,126.0,,,,,,,,,,,,,,,,,,,,
2922,84.0,,,,,,,,,,,,,,,,,,,,
2923,84.0,,,,,,,,,,,,,,,,,,,,
2924,84.0,,,,,,,,,,,,,,,,,,,,
2925,126.0,,,,,,,,,,,,,,,,,,,,
2926,42.0,,,,,,,,,,,,,,,,,,,,
2927,42.0,,,,,,,,,,,,,,,,,,,,
2928,42.0,,,,,,,,,,,,,,,,,,,,
2929,84.0,,,,,,,,,,,,,,,,,,,,
2930,84.0,,,,,,,,,,,,,,,,,,,,
2931,42.0,,,,,,,,,,,,,,,,,,,,
2932,42.0,,,,,,,,,,,,,,,,,,,,
2933,126.0,,,,,,,,,,,,,,,,,,,,
2934,42.0,,,,,,,,,,,,,,,,,,,,
2935,42.0,,,,,,,,,,,,,,,,,,,,
2936,42.0,,,,,,,,,,,,,,,,,,,,
2937,84.0,,,,,,,,,,,,,,,,,,,,
2938,84.0,,,,,,,,,,,,,,,,,,,,
2939,126.0,,,,,,,,,,,,,,,,,,,,
2940,42.0,,,,,,,,,,,,,,,,,,,,
2941,84.0,,,,,,,,,,,,,,,,,,,,
2942,70.0,,,,,,,,,,,,,,,,,,,,
2943,42.0,,,,,,,,,,,,,,,,,,,,
2944,28.0,,,,,,,,,,,,,,,,,,,,
2945,126.0,,,,,,,,,,,,,,,,,,,,
2946,42.0,,,,,,,,,,,,,,,,,,,,
2947,42.0,,,,,,,,,,,,,,,,,,,,
2948,42.0,,,,,,,,,,,,,,,,,,,,
2949,42.0,,,,,,,,,,,,,,,,,,,,
2950,84.0,,,,,,,,,,,,,,,,,,,,
2951,42.0,,,,,,,,,,,,,,,,,,,,
2952,42.0,,,,,,,,,,,,,,,,,,,,
2953,126.0,,,,,,,,,,,,,,,,,,,,
2954,84.0,,,,,,,,,,,,,,,,,,,,
2955,126.0,,,,,,,,,,,,,,,,,,,,
2956,216.0,,,,,,,,,,,,,,,,,,,,
2957,126.0,,,,,,,,,,,,,,,,,,,,
2958,168.0,,,,,,,,,,,,,,,,,,,,
2959,84.0,,,,,,,,,,,,,,,,,,,,
2960,126.0,,,,,,,,,,,,,,,,,,,,
2961,84.0,,,,,,,,,,,,,,,,,,,,
2962,84.0,,,,,,,,,,,,,,,,,,,,
2963,70.0,,,,,,,,,,,,,,,,,,,,
2964,84.0,,,,,,,,,,,,,,,,,,,,
2965,42.0,,,,,,,,,,,,,,,,,,,,
2966,42.0,,,,,,,,,,,,,,,,,,,,
2967,84.0,,,,,,,,,,,,,,,,,,,,
2968,84.0,,,,,,,,,,,,,,,,,,,,
2969,84.0,,,,,,,,,,,,,,,,,,,,
2970,42.0,,,,,,,,,,,,,,,,,,,,
2971,126.0,,,,,,,,,,,,,,,,,,,,
2972,126.0,,,,,,,,,,,,,,,,,,,,
2973,84.0,,,,,,,,,,,,,,,,,,,,
2974,42.0,,,,,,,,,,,,,,,,,,,,
2975,84.0,,,,,,,,,,,,,,,,,,,,
2976,42.0,,,,,,,,,,,,,,,,,,,,
2977,84.0,,,,,,,,,,,,,,,,,,,,
2978,42.0,,,,,,,,,,,,,,,,,,,,
2979,42.0,,,,,,,,,,,,,,,,,,,,
2980,216.0,,,,,,,,,,,,,,,,,,,,
2981,42.0,,,,,,,,,,,,,,,,,,,,
2982,28.0,,,,,,,,,,,,,,,,,,,,
2983,42.0,,,,,,,,,,,,,,,,,,,,
2984,42.0,,,,,,,,,,,,,,,,,,,,
2985,42.0,,,,,,,,,,,,,,,,,,,,
2986,42.0,,,,,,,,,,,,,,,,,,,,
2987,42.0,,,,,,,,,,,,,,,,,,,,
2988,42.0,,,,,,,,,,,,,,,,,,,,
2989,42.0,,,,,,,,,,,,,,,,,,,,
2990,42.0,,,,,,,,,,,,,,,,,,,,
2991,84.0,,,,,,,,,,,,,,,,,,,,
2992,126.0,,,,,,,,,,,,,,,,,,,,
2993,84.0,,,,,,,,,,,,,,,,,,,,
2994,168.0,,,,,,,,,,,,,,,,,,,,
2995,126.0,,,,,,,,,,,,,,,,,,,,
2996,126.0,,,,,,,,,,,,,,,,,,,,
2997,126.0,,,,,,,,,,,,,,,,,,,,
2998,84.0,,,,,,,,,,,,,,,,,,,,
2999,126.0,,,,,,,,,,,,,,,,,,,,
3000,126.0,,,,,,,,,,,,,,,,,,,,
3001,84.0,,,,,,,,,,,,,,,,,,,,
3002,126.0,,,,,,,,,,,,,,,,,,,,
3003,42.0,,,,,,,,,,,,,,,,,,,,
3004,126.0,,,,,,,,,,,,,,,,,,,,
3005,42.0,,,,,,,,,,,,,,,,,,,,
3006,126.0,,,,,,,,,,,,,,,,,,,,
3007,84.0,,,,,,,,,,,,,,,,,,,,
3008,42.0,,,,,,,,,,,,,,,,,,,,
3009,126.0,,,,,,,,,,,,,,,,,,,,
3010,42.0,,,,,,,,,,,,,,,,,,,,
3011,42.0,,,,,,,,,,,,,,,,,,,,
3012,42.0,,,,,,,,,,,,,,,,,,,,
3013,84.0,,,,,,,,,,,,,,,,,,,,
3014,84.0,,,,,,,,,,,,,,,,,,,,
3015,126.0,,,,,,,,,,,,,,,,,,,,
3016,42.0,,,,,,,,,,,,,,,,,,,,
3017,42.0,,,,,,,,,,,,,,,,,,,,
3018,42.0,,,,,,,,,,,,,,,,,,,,
3019,70.0,,,,,,,,,,,,,,,,,,,,
3020,42.0,,,,,,,,,,,,,,,,,,,,
3021,42.0,,,,,,,,,,,,,,,,,,,,
3022,168.0,,,,,,,,,,,,,,,,,,,,
3023,42.0,,,,,,,,,,,,,,,,,,,,
3024,126.0,,,,,,,,,,,,,,,,,,,,
3025,28.0,,,,,,,,,,,,,,,,,,,,
3026,42.0,,,,,,,,,,,,,,,,,,,,
3027,42.0,,,,,,,,,,,,,,,,,,,,
3028,84.0,,,,,,,,,,,,,,,,,,,,
3029,84.0,,,,,,,,,,,,,,,,,,,,
3030,84.0,,,,,,,,,,,,,,,,,,,,
3031,42.0,,,,,,,,,,,,,,,,,,,,
3032,126.0,,,,,,,,,,,,,,,,,,,,
3033,42.0,,,,,,,,,,,,,,,,,,,,
3034,126.0,,,,,,,,,,,,,,,,,,,,
3035,84.0,,,,,,,,,,,,,,,,,,,,
3036,84.0,,,,,,,,,,,,,,,,,,,,
3037,216.0,,,,,,,,,,,,,,,,,,,,
3038,84.0,,,,,,,,,,,,,,,,,,,,
3039,84.0,,,,,,,,,,,,,,,,,,,,
3040,84.0,,,,,,,,,,,,,,,,,,,,
3041,84.0,,,,,,,,,,,,,,,,,,,,
3042,42.0,,,,,,,,,,,,,,,,,,,,
3043,42.0,,,,,,,,,,,,,,,,,,,,
3044,42.0,,,,,,,,,,,,,,,,,,,,
3045,84.0,,,,,,,,,,,,,,,,,,,,
3046,126.0,,,,,,,,,,,,,,,,,,,,
3047,84.0,,,,,,,,,,,,,,,,,,,,
3048,42.0,,,,,,,,,,,,,,,,,,,,
3049,42.0,,,,,,,,,,,,,,,,,,,,
3050,84.0,,,,,,,,,,,,,,,,,,,,
3051,126.0,,,,,,,,,,,,,,,,,,,,
3052,42.0,,,,,,,,,,,,,,,,,,,,
3053,126.0,,,,,,,,,,,,,,,,,,,,
3054,42.0,,,,,,,,,,,,,,,,,,,,
3055,42.0,,,,,,,,,,,,,,,,,,,,
3056,84.0,,,,,,,,,,,,,,,,,,,,
3057,84.0,,,,,,,,,,,,,,,,,,,,
3058,126.0,,,,,,,,,,,,,,,,,,,,
3059,126.0,,,,,,,,,,,,,,,,,,,,
3060,42.0,,,,,,,,,,,,,,,,,,,,
3061,70.0,,,,,,,,,,,,,,,,,,,,
3062,42.0,,,,,,,,,,,,,,,,,,,,
3063,42.0,,,,,,,,,,,,,,,,,,,,
3064,42.0,,,,,,,,,,,,,,,,,,,,
3065,42.0,,,,,,,,,,,,,,,,,,,,
3066,42.0,,,,,,,,,,,,,,,,,,,,
3067,84.0,,,,,,,,,,,,,,,,,,,,
3068,28.0,,,,,,,,,,,,,,,,,,,,
3069,84.0,,,,,,,,,,,,,,,,,,,,
3070,216.0,,,,,,,,,,,,,,,,,,,,
3071,84.0,,,,,,,,,,,,,,,,,,,,
3072,42.0,,,,,,,,,,,,,,,,,,,,
3073,42.0,,,,,,,,,,,,,,,,,,,,
3074,84.0,,,,,,,,,,,,,,,,,,,,
3075,126.0,,,,,,,,,,,,,,,,,,,,
3076,126.0,,,,,,,,,,,,,,,,,,,,
3077,126.0,,,,,,,,,,,,,,,,,,,,
3078,168.0,,,,,,,,,,,,,,,,,,,,
3079,84.0,,,,,,,,,,,,,,,,,,,,
3080,70.0,,,,,,,,,,,,,,,,,,,,
3081,126.0,,,,,,,,,,,,,,,,,,,,
3082,84.0,,,,,,,,,,,,,,,,,,,,
3083,126.0,,,,,,,,,,,,,,,,,,,,
3084,84.0,,,,,,,,,,,,,,,,,,,,
3085,126.0,,,,,,,,,,,,,,,,,,,,
3086,42.0,,,,,,,,,,,,,,,,,,,,
3087,84.0,,,,,,,,,,,,,,,,,,,,
3088,42.0,,,,,,,,,,,,,,,,,,,,
3089,42.0,,,,,,,,,,,,,,,,,,,,
3090,42.0,,,,,,,,,,,,,,,,,,,,
3091,126.0,,,,,,,,,,,,,,,,,,,,
3092,84.0,,,,,,,,,,,,,,,,,,,,
3093,126.0,,,,,,,,,,,,,,,,,,,,
3094,42.0,,,,,,,,,,,,,,,,,,,,
3095,84.0,,,,,,,,,,,,,,,,,,,,
3096,126.0,,,,,,,,,,,,,,,,,,,,
3097,42.0,,,,,,,,,,,,,,,,,,,,
3098,84.0,,,,,,,,,,,,,,,,,,,,
3099,42.0,,,,,,,,,,,,,,,,,,,,
3100,84.0,,,,,,,,,,,,,,,,,,,,
3101,42.0,,,,,,,,,,,,,,,,,,,,
3102,42.0,,,,,,,,,,,,,,,,,,,,
3103,84.0,,,,,,,,,,,,,,,,,,,,
3104,42.0,,,,,,,,,,,,,,,,,,,,
3105,42.0,,,,,,,,,,,,,,,,,,,,
3106,84.0,,,,,,,,,,,,,,,,,,,,
3107,28.0,,,,,,,,,,,,,,,,,,,,
3108,42.0,,,,,,,,,,,,,,,,,,,,
3109,42.0,,,,,,,,,,,,,,,,,,,,
3110,84.0,,,,,,,,,,,,,,,,,,,,
3111,42.0,,,,,,,,,,,,,,,,,,,,
3112,42.0,,,,,,,,,,,,,,,,,,,,
3113,42.0,,,,,,,,,,,,,,,,,,,,
3114,168.0,,,,,,,,,,,,,,,,,,,,
3115,84.0,,,,,,,,,,,,,,,,,,,,
3116,216.0,,,,,,,,,,,,,,,,,,,,
3117,126.0,,,,,,,,,,,,,,,,,,,,
3118,126.0,,,,,,,,,,,,,,,,,,,,
3119,84.0,,,,,,,,,,,,,,,,,,,,
3120,126.0,,,,,,,,,,,,,,,,,,,,
3121,84.0,,,,,,,,,,,,,,,,,,,,
3122,42.0,,,,,,,,,,,,,,,,,,,,
3123,126.0,,,,,,,,,,,,,,,,,,,,
3124,126.0,,,,,,,,,,,,,,,,,,,,
3125,84.0,,,,,,,,,,,,,,,,,,,,
3126,84.0,,,,,,,,,,,,,,,,,,,,
3127,126.0,,,,,,,,,,,,,,,,,,,,
3128,126.0,,,,,,,,,,,,,,,,,,,,
3129,42.0,,,,,,,,,,,,,,,,,,,,
3130,84.0,,,,,,,,,,,,,,,,,,,,
3131,42.0,,,,,,,,,,,,,,,,,,,,
3132,126.0,,,,,,,,,,,,,,,,,,,,
3133,126.0,,,,,,,,,,,,,,,,,,,,
3134,216.0,,,,,,,,,,,,,,,,,,,,
3135,42.0,,,,,,,,,,,,,,,,,,,,
3136,84.0,,,,,,,,,,,,,,,,,,,,
3137,42.0,,,,,,,,,,,,,,,,,,,,
3138,42.0,,,,,,,,,,,,,,,,,,,,
3139,42.0,,,,,,,,,,,,,,,,,,,,
3140,42.0,,,,,,,,,,,,,,,,,,,,
3141,42.0,,,,,,,,,,,,,,,,,,,,
3142,84.0,,,,,,,,,,,,,,,,,,,,
3143,70.0,,,,,,,,,,,,,,,,,,,,
3144,42.0,,,,,,,,,,,,,,,,,,,,
3145,28.0,,,,,,,,,,,,,,,,,,,,
3146,42.0,,,,,,,,,,,,,,,,,,,,
3147,42.0,,,,,,,,,,,,,,,,,,,,
3148,42.0,,,,,,,,,,,,,,,,,,,,
3149,42.0,,,,,,,,,,,,,,,,,,,,
3150,42.0,,,,,,,,,,,,,,,,,,,,
3151,84.0,,,,,,,,,,,,,,,,,,,,
3152,42.0,,,,,,,,,,,,,,,,,,,,
3153,168.0,,,,,,,,,,,,,,,,,,,,
3154,126.0,,,,,,,,,,,,,,,,,,,,
3155,84.0,,,,,,,,,,,,,,,,,,,,
3156,84.0,,,,,,,,,,,,,,,,,,,,
3157,84.0,,,,,,,,,,,,,,,,,,,,
3158,126.0,,,,,,,,,,,,,,,,,,,,
3159,84.0,,,,,,,,,,,,,,,,,,,,
3160,84.0,,,,,,,,,,,,,,,,,,,,
3161,126.0,,,,,,,,,,,,,,,,,,,,
3162,42.0,,,,,,,,,,,,,,,,,,,,
3163,42.0,,,,,,,,,,,,,,,,,,,,
3164,84.0,,,,,,,,,,,,,,,,,,,,
3165,42.0,,,,,,,,,,,,,,,,,,,,
3166,84.0,,,,,,,,,,,,,,,,,,,,
3167,84.0,,,,,,,,,,,,,,,,,,,,
3168,126.0,,,,,,,,,,,,,,,,,,,,
3169,42.0,,,,,,,,,,,,,,,,,,,,
3170,126.0,,,,,,,,,,,,,,,,,,,,
3171,126.0,,,,,,,,,,,,,,,,,,,,
3172,70.0,,,,,,,,,,,,,,,,,,,,
3173,42.0,,,,,,,,,,,,,,,,,,,,
3174,216.0,,,,,,,,,,,,,,,,,,,,
3175,84.0,,,,,,,,,,,,,,,,,,,,
3176,84.0,,,,,,,,,,,,,,,,,,,,
3177,42.0,,,,,,,,,,,,,,,,,,,,
3178,42.0,,,,,,,,,,,,,,,,,,,,
3179,28.0,,,,,,,,,,,,,,,,,,,,
3180,84.0,,,,,,,,,,,,,,,,,,,,
3181,42.0,,,,,,,,,,,,,,,,,,,,
3182,42.0,,,,,,,,,,,,,,,,,,,,
3183,42.0,,,,,,,,,,,,,,,,,,,,
3184,84.0,,,,,,,,,,,,,,,,,,,,
3185,42.0,,,,,,,,,,,,,,,,,,,,
3186,42.0,,,,,,,,,,,,,,,,,,,,
3187,42.0,,,,,,,,,,,,,,,,,,,,
3188,42.0,,,,,,,,,,,,,,,,,,,,
3189,42.0,,,,,,,,,,,,,,,,,,,,
3190,42.0,,,,,,,,,,,,,,,,,,,,
3191,84.0,,,,,,,,,,,,,,,,,,,,
3192,126.0,,,,,,,,,,,,,,,,,,,,
3193,126.0,,,,,,,,,,,,,,,,,,,,
3194,168.0,,,,,,,,,,,,,,,,,,,,
3195,126.0,,,,,,,,,,,,,,,,,,,,
3196,84.0,,,,,,,,,,,,,,,,,,,,
3197,84.0,,,,,,,,,,,,,,,,,,,,
3198,168.0,,,,,,,,,,,,,,,,,,,,
3199,84.0,,,,,,,,,,,,,,,,,,,,
3200,126.0,,,,,,,,,,,,,,,,,,,,
3201,126.0,,,,,,,,,,,,,,,,,,,,
3202,42.0,,,,,,,,,,,,,,,,,,,,
3203,84.0,,,,,,,,,,,,,,,,,,,,
3204,42.0,,,,,,,,,,,,,,,,,,,,
3205,84.0,,,,,,,,,,,,,,,,,,,,
3206,42.0,,,,,,,,,,,,,,,,,,,,
3207,84.0,,,,,,,,,,,,,,,,,,,,
3208,42.0,,,,,,,,,,,,,,,,,,,,
3209,126.0,,,,,,,,,,,,,,,,,,,,
3210,84.0,,,,,,,,,,,,,,,,,,,,
3211,126.0,,,,,,,,,,,,,,,,,,,,
3212,126.0,,,,,,,,,,,,,,,,,,,,
3213,42.0,,,,,,,,,,,,,,,,,,,,
3214,42.0,,,,,,,,,,,,,,,,,,,,
3215,42.0,,,,,,,,,,,,,,,,,,,,
3216,42.0,,,,,,,,,,,,,,,,,,,,
3217,42.0,,,,,,,,,,,,,,,,,,,,
3218,70.0,,,,,,,,,,,,,,,,,,,,
3219,42.0,,,,,,,,,,,,,,,,,,,,
3220,28.0,,,,,,,,,,,,,,,,,,,,
3221,42.0,,,,,,,,,,,,,,,,,,,,
3222,84.0,,,,,,,,,,,,,,,,,,,,
3223,42.0,,,,,,,,,,,,,,,,,,,,
3224,42.0,,,,,,,,,,,,,,,,,,,,
3225,42.0,,,,,,,,,,,,,,,,,,,,
3226,84.0,,,,,,,,,,,,,,,,,,,,
3227,42.0,,,,,,,,,,,,,,,,,,,,
3228,84.0,,,,,,,,,,,,,,,,,,,,
3229,42.0,,,,,,,,,,,,,,,,,,,,
3230,126.0,,,,,,,,,,,,,,,,,,,,
3231,216.0,,,,,,,,,,,,,,,,,,,,
3232,126.0,,,,,,,,,,,,,,,,,,,,
3233,84.0,,,,,,,,,,,,,,,,,,,,
3234,126.0,,,,,,,,,,,,,,,,,,,,
3235,84.0,,,,,,,,,,,,,,,,,,,,
3236,42.0,,,,,,,,,,,,,,,,,,,,
3237,42.0,,,,,,,,,,,,,,,,,,,,
3238,42.0,,,,,,,,,,,,,,,,,,,,
3239,84.0,,,,,,,,,,,,,,,,,,,,
3240,84.0,,,,,,,,,,,,,,,,,,,,
3241,84.0,,,,,,,,,,,,,,,,,,,,
3242,84.0,,,,,,,,,,,,,,,,,,,,
3243,84.0,,,,,,,,,,,,,,,,,,,,
3244,126.0,,,,,,,,,,,,,,,,,,,,
3245,42.0,,,,,,,,,,,,,,,,,,,,
3246,42.0,,,,,,,,,,,,,,,,,,,,
3247,216.0,,,,,,,,,,,,,,,,,,,,
3248,126.0,,,,,,,,,,,,,,,,,,,,
3249,42.0,,,,,,,,,,,,,,,,,,,,
3250,126.0,,,,,,,,,,,,,,,,,,,,
3251,42.0,,,,,,,,,,,,,,,,,,,,
3252,70.0,,,,,,,,,,,,,,,,,,,,
3253,42.0,,,,,,,,,,,,,,,,,,,,
3254,42.0,,,,,,,,,,,,,,,,,,,,
3255,84.0,,,,,,,,,,,,,,,,,,,,
3256,28.0,,,,,,,,,,,,,,,,,,,,
3257,42.0,,,,,,,,,,,,,,,,,,,,
3258,42.0,,,,,,,,,,,,,,,,,,,,
3259,42.0,,,,,,,,,,,,,,,,,,,,
3260,42.0,,,,,,,,,,,,,,,,,,,,
3261,42.0,,,,,,,,,,,,,,,,,,,,
3262,84.0,,,,,,,,,,,,,,,,,,,,
3263,42.0,,,,,,,,,,,,,,,,,,,,
3264,168.0,,,,,,,,,,,,,,,,,,,,
3265,84.0,,,,,,,,,,,,,,,,,,,,
3266,42.0,,,,,,,,,,,,,,,,,,,,
3267,84.0,,,,,,,,,,,,,,,,,,,,
3268,126.0,,,,,,,,,,,,,,,,,,,,
3269,126.0,,,,,,,,,,,,,,,,,,,,
3270,126.0,,,,,,,,,,,,,,,,,,,,
3271,126.0,,,,,,,,,,,,,,,,,,,,
3272,126.0,,,,,,,,,,,,,,,,,,,,
3273,84.0,,,,,,,,,,,,,,,,,,,,
3274,84.0,,,,,,,,,,,,,,,,,,,,
3275,84.0,,,,,,,,,,,,,,,,,,,,
3276,42.0,,,,,,,,,,,,,,,,,,,,
3277,42.0,,,,,,,,,,,,,,,,,,,,
3278,84.0,,,,,,,,,,,,,,,,,,,,
3279,42.0,,,,,,,,,,,,,,,,,,,,
3280,84.0,,,,,,,,,,,,,,,,,,,,
3281,42.0,,,,,,,,,,,,,,,,,,,,
3282,42.0,,,,,,,,,,,,,,,,,,,,
3283,126.0,,,,,,,,,,,,,,,,,,,,
3284,126.0,,,,,,,,,,,,,,,,,,,,
3285,42.0,,,,,,,,,,,,,,,,,,,,
3286,42.0,,,,,,,,,,,,,,,,,,,,
3287,42.0,,,,,,,,,,,,,,,,,,,,
3288,84.0,,,,,,,,,,,,,,,,,,,,
3289,42.0,,,,,,,,,,,,,,,,,,,,
3290,84.0,,,,,,,,,,,,,,,,,,,,
3291,70.0,,,,,,,,,,,,,,,,,,,,
3292,126.0,,,,,,,,,,,,,,,,,,,,
3293,42.0,,,,,,,,,,,,,,,,,,,,
3294,28.0,,,,,,,,,,,,,,,,,,,,
3295,216.0,,,,,,,,,,,,,,,,,,,,
3296,42.0,,,,,,,,,,,,,,,,,,,,
3297,84.0,,,,,,,,,,,,,,,,,,,,
3298,42.0,,,,,,,,,,,,,,,,,,,,
3299,42.0,,,,,,,,,,,,,,,,,,,,
3300,126.0,,,,,,,,,,,,,,,,,,,,
3301,42.0,,,,,,,,,,,,,,,,,,,,
3302,42.0,,,,,,,,,,,,,,,,,,,,
3303,84.0,,,,,,,,,,,,,,,,,,,,
3304,126.0,,,,,,,,,,,,,,,,,,,,
3305,84.0,,,,,,,,,,,,,,,,,,,,
3306,42.0,,,,,,,,,,,,,,,,,,,,
3307,126.0,,,,,,,,,,,,,,,,,,,,
3308,84.0,,,,,,,,,,,,,,,,,,,,
3309,126.0,,,,,,,,,,,,,,,,,,,,
3310,126.0,,,,,,,,,,,,,,,,,,,,
3311,168.0,,,,,,,,,,,,,,,,,,,,
3312,84.0,,,,,,,,,,,,,,,,,,,,
3313,84.0,,,,,,,,,,,,,,,,,,,,
3314,84.0,,,,,,,,,,,,,,,,,,,,
3315,70.0,,,,,,,,,,,,,,,,,,,,
3316,42.0,,,,,,,,,,,,,,,,,,,,
3317,42.0,,,,,,,,,,,,,,,,,,,,
3318,126.0,,,,,,,,,,,,,,,,,,,,
3319,42.0,,,,,,,,,,,,,,,,,,,,
3320,28.0,,,,,,,,,,,,,,,,,,,,
3321,216.0,,,,,,,,,,,,,,,,,,,,
3322,84.0,,,,,,,,,,,,,,,,,,,,
3323,126.0,,,,,,,,,,,,,,,,,,,,
3324,42.0,,,,,,,,,,,,,,,,,,,,
3325,84.0,,,,,,,,,,,,,,,,,,,,
3326,84.0,,,,,,,,,,,,,,,,,,,,
3327,42.0,,,,,,,,,,,,,,,,,,,,
3328,126.0,,,,,,,,,,,,,,,,,,,,
3329,84.0,,,,,,,,,,,,,,,,,,,,
3330,42.0,,,,,,,,,,,,,,,,,,,,
3331,84.0,,,,,,,,,,,,,,,,,,,,
3332,84.0,,,,,,,,,,,,,,,,,,,,
3333,42.0,,,,,,,,,,,,,,,,,,,,
3334,42.0,,,,,,,,,,,,,,,,,,,,
3335,42.0,,,,,,,,,,,,,,,,,,,,
3336,42.0,,,,,,,,,,,,,,,,,,,,
3337,42.0,,,,,,,,,,,,,,,,,,,,
3338,84.0,,,,,,,,,,,,,,,,,,,,
3339,126.0,,,,,,,,,,,,,,,,,,,,
3340,42.0,,,,,,,,,,,,,,,,,,,,
3341,42.0,,,,,,,,,,,,,,,,,,,,
3342,42.0,,,,,,,,,,,,,,,,,,,,
3343,42.0,,,,,,,,,,,,,,,,,,,,
3344,42.0,,,,,,,,,,,,,,,,,,,,
3345,84.0,,,,,,,,,,,,,,,,,,,,
3346,126.0,,,,,,,,,,,,,,,,,,,,
3347,126.0,,,,,,,,,,,,,,,,,,,,
3348,126.0,,,,,,,,,,,,,,,,,,,,
3349,126.0,,,,,,,,,,,,,,,,,,,,
3350,168.0,,,,,,,,,,,,,,,,,,,,
3351,84.0,,,,,,,,,,,,,,,,,,,,
3352,84.0,,,,,,,,,,,,,,,,,,,,
3353,126.0,,,,,,,,,,,,,,,,,,,,
3354,84.0,,,,,,,,,,,,,,,,,,,,
3355,84.0,,,,,,,,,,,,,,,,,,,,
3356,42.0,,,,,,,,,,,,,,,,,,,,
3357,126.0,,,,,,,,,,,,,,,,,,,,
3358,84.0,,,,,,,,,,,,,,,,,,,,
3359,84.0,,,,,,,,,,,,,,,,,,,,
3360,126.0,,,,,,,,,,,,,,,,,,,,
3361,42.0,,,,,,,,,,,,,,,,,,,,
3362,84.0,,,,,,,,,,,,,,,,,,,,
3363,126.0,,,,,,,,,,,,,,,,,,,,
3364,42.0,,,,,,,,,,,,,,,,,,,,
3365,42.0,,,,,,,,,,,,,,,,,,,,
3366,42.0,,,,,,,,,,,,,,,,,,,,
3367,84.0,,,,,,,,,,,,,,,,,,,,
3368,42.0,,,,,,,,,,,,,,,,,,,,
3369,42.0,,,,,,,,,,,,,,,,,,,,
3370,42.0,,,,,,,,,,,,,,,,,,,,
3371,126.0,,,,,,,,,,,,,,,,,,,,
3372,42.0,,,,,,,,,,,,,,,,,,,,
3373,70.0,,,,,,,,,,,,,,,,,,,,
3374,84.0,,,,,,,,,,,,,,,,,,,,
3375,42.0,,,,,,,,,,,,,,,,,,,,
3376,28.0,,,,,,,,,,,,,,,,,,,,
3377,84.0,,,,,,,,,,,,,,,,,,,,
3378,42.0,,,,,,,,,,,,,,,,,,,,
3379,42.0,,,,,,,,,,,,,,,,,,,,
3380,84.0,,,,,,,,,,,,,,,,,,,,
3381,42.0,,,,,,,,,,,,,,,,,,,,
3382,42.0,,,,,,,,,,,,,,,,,,,,
3383,42.0,,,,,,,,,,,,,,,,,,,,
3384,84.0,,,,,,,,,,,,,,,,,,,,
3385,42.0,,,,,,,,,,,,,,,,,,,,
3386,84.0,,,,,,,,,,,,,,,,,,,,
3387,126.0,,,,,,,,,,,,,,,,,,,,
3388,168.0,,,,,,,,,,,,,,,,,,,,
3389,126.0,,,,,,,,,,,,,,,,,,,,
3390,216.0,,,,,,,,,,,,,,,,,,,,
3391,126.0,,,,,,,,,,,,,,,,,,,,
3392,42.0,,,,,,,,,,,,,,,,,,,,
3393,84.0,,,,,,,,,,,,,,,,,,,,
3394,126.0,,,,,,,,,,,,,,,,,,,,
3395,84.0,,,,,,,,,,,,,,,,,,,,
3396,84.0,,,,,,,,,,,,,,,,,,,,
3397,84.0,,,,,,,,,,,,,,,,,,,,
3398,42.0,,,,,,,,,,,,,,,,,,,,
3399,84.0,,,,,,,,,,,,,,,,,,,,
3400,42.0,,,,,,,,,,,,,,,,,,,,
3401,42.0,,,,,,,,,,,,,,,,,,,,
3402,84.0,,,,,,,,,,,,,,,,,,,,
3403,126.0,,,,,,,,,,,,,,,,,,,,
3404,42.0,,,,,,,,,,,,,,,,,,,,
3405,42.0,,,,,,,,,,,,,,,,,,,,
3406,42.0,,,,,,,,,,,,,,,,,,,,
3407,42.0,,,,,,,,,,,,,,,,,,,,
3408,70.0,,,,,,,,,,,,,,,,,,,,
3409,28.0,,,,,,,,,,,,,,,,,,,,
3410,84.0,,,,,,,,,,,,,,,,,,,,
3411,126.0,,,,,,,,,,,,,,,,,,,,
3412,42.0,,,,,,,,,,,,,,,,,,,,
3413,42.0,,,,,,,,,,,,,,,,,,,,
3414,42.0,,,,,,,,,,,,,,,,,,,,
3415,42.0,,,,,,,,,,,,,,,,,,,,
3416,42.0,,,,,,,,,,,,,,,,,,,,
3417,216.0,,,,,,,,,,,,,,,,,,,,
3418,42.0,,,,,,,,,,,,,,,,,,,,
3419,42.0,,,,,,,,,,,,,,,,,,,,
3420,126.0,,,,,,,,,,,,,,,,,,,,
3421,42.0,,,,,,,,,,,,,,,,,,,,
3422,126.0,,,,,,,,,,,,,,,,,,,,
3423,126.0,,,,,,,,,,,,,,,,,,,,
3424,168.0,,,,,,,,,,,,,,,,,,,,
3425,126.0,,,,,,,,,,,,,,,,,,,,
3426,126.0,,,,,,,,,,,,,,,,,,,,
3427,84.0,,,,,,,,,,,,,,,,,,,,
3428,84.0,,,,,,,,,,,,,,,,,,,,
3429,84.0,,,,,,,,,,,,,,,,,,,,
3430,84.0,,,,,,,,,,,,,,,,,,,,
3431,126.0,,,,,,,,,,,,,,,,,,,,
3432,84.0,,,,,,,,,,,,,,,,,,,,
3433,42.0,,,,,,,,,,,,,,,,,,,,
3434,84.0,,,,,,,,,,,,,,,,,,,,
3435,42.0,,,,,,,,,,,,,,,,,,,,
3436,84.0,,,,,,,,,,,,,,,,,,,,
3437,42.0,,,,,,,,,,,,,,,,,,,,
3438,84.0,,,,,,,,,,,,,,,,,,,,
3439,84.0,,,,,,,,,,,,,,,,,,,,
3440,42.0,,,,,,,,,,,,,,,,,,,,
3441,126.0,,,,,,,,,,,,,,,,,,,,
3442,42.0,,,,,,,,,,,,,,,,,,,,
3443,42.0,,,,,,,,,,,,,,,,,,,,
3444,126.0,,,,,,,,,,,,,,,,,,,,
3445,126.0,,,,,,,,,,,,,,,,,,,,
3446,28.0,,,,,,,,,,,,,,,,,,,,
3447,42.0,,,,,,,,,,,,,,,,,,,,
3448,42.0,,,,,,,,,,,,,,,,,,,,
3449,70.0,,,,,,,,,,,,,,,,,,,,
3450,42.0,,,,,,,,,,,,,,,,,,,,
3451,42.0,,,,,,,,,,,,,,,,,,,,
3452,126.0,,,,,,,,,,,,,,,,,,,,
3453,42.0,,,,,,,,,,,,,,,,,,,,
3454,42.0,,,,,,,,,,,,,,,,,,,,
3455,84.0,,,,,,,,,,,,,,,,,,,,
3456,42.0,,,,,,,,,,,,,,,,,,,,
3457,42.0,,,,,,,,,,,,,,,,,,,,
3458,126.0,,,,,,,,,,,,,,,,,,,,
3459,42.0,,,,,,,,,,,,,,,,,,,,
3460,84.0,,,,,,,,,,,,,,,,,,,,
3461,42.0,,,,,,,,,,,,,,,,,,,,
3462,216.0,,,,,,,,,,,,,,,,,,,,
3463,126.0,,,,,,,,,,,,,,,,,,,,
3464,168.0,,,,,,,,,,,,,,,,,,,,
3465,84.0,,,,,,,,,,,,,,,,,,,,
3466,84.0,,,,,,,,,,,,,,,,,,,,
3467,84.0,,,,,,,,,,,,,,,,,,,,
3468,126.0,,,,,,,,,,,,,,,,,,,,
3469,84.0,,,,,,,,,,,,,,,,,,,,
3470,126.0,,,,,,,,,,,,,,,,,,,,
3471,42.0,,,,,,,,,,,,,,,,,,,,
3472,84.0,,,,,,,,,,,,,,,,,,,,
3473,42.0,,,,,,,,,,,,,,,,,,,,
3474,42.0,,,,,,,,,,,,,,,,,,,,
3475,84.0,,,,,,,,,,,,,,,,,,,,
3476,84.0,,,,,,,,,,,,,,,,,,,,
3477,70.0,,,,,,,,,,,,,,,,,,,,
3478,84.0,,,,,,,,,,,,,,,,,,,,
3479,42.0,,,,,,,,,,,,,,,,,,,,
3480,126.0,,,,,,,,,,,,,,,,,,,,
3481,42.0,,,,,,,,,,,,,,,,,,,,
3482,42.0,,,,,,,,,,,,,,,,,,,,
3483,216.0,,,,,,,,,,,,,,,,,,,,
3484,84.0,,,,,,,,,,,,,,,,,,,,
3485,126.0,,,,,,,,,,,,,,,,,,,,
3486,42.0,,,,,,,,,,,,,,,,,,,,
3487,42.0,,,,,,,,,,,,,,,,,,,,
3488,28.0,,,,,,,,,,,,,,,,,,,,
3489,84.0,,,,,,,,,,,,,,,,,,,,
3490,42.0,,,,,,,,,,,,,,,,,,,,
3491,42.0,,,,,,,,,,,,,,,,,,,,
3492,42.0,,,,,,,,,,,,,,,,,,,,
3493,42.0,,,,,,,,,,,,,,,,,,,,
3494,42.0,,,,,,,,,,,,,,,,,,,,
3495,42.0,,,,,,,,,,,,,,,,,,,,
3496,42.0,,,,,,,,,,,,,,,,,,,,
3497,42.0,,,,,,,,,,,,,,,,,,,,
3498,126.0,,,,,,,,,,,,,,,,,,,,
3499,84.0,,,,,,,,,,,,,,,,,,,,
3500,126.0,,,,,,,,,,,,,,,,,,,,
3501,84.0,,,,,,,,,,,,,,,,,,,,
3502,126.0,,,,,,,,,,,,,,,,,,,,
3503,126.0,,,,,,,,,,,,,,,,,,,,
3504,168.0,,,,,,,,,,,,,,,,,,,,
3505,84.0,,,,,,,,,,,,,,,,,,,,
3506,126.0,,,,,,,,,,,,,,,,,,,,
3507,84.0,,,,,,,,,,,,,,,,,,,,
3508,84.0,,,,,,,,,,,,,,,,,,,,
3509,42.0,,,,,,,,,,,,,,,,,,,,
3510,216.0,,,,,,,,,,,,,,,,,,,,
3511,84.0,,,,,,,,,,,,,,,,,,,,
3512,42.0,,,,,,,,,,,,,,,,,,,,
3513,42.0,,,,,,,,,,,,,,,,,,,,
3514,126.0,,,,,,,,,,,,,,,,,,,,
3515,84.0,,,,,,,,,,,,,,,,,,,,
3516,126.0,,,,,,,,,,,,,,,,,,,,
3517,70.0,,,,,,,,,,,,,,,,,,,,
3518,42.0,,,,,,,,,,,,,,,,,,,,
3519,84.0,,,,,,,,,,,,,,,,,,,,
3520,42.0,,,,,,,,,,,,,,,,,,,,
3521,126.0,,,,,,,,,,,,,,,,,,,,
3522,126.0,,,,,,,,,,,,,,,,,,,,
3523,42.0,,,,,,,,,,,,,,,,,,,,
3524,42.0,,,,,,,,,,,,,,,,,,,,
3525,42.0,,,,,,,,,,,,,,,,,,,,
3526,126.0,,,,,,,,,,,,,,,,,,,,
3527,42.0,,,,,,,,,,,,,,,,,,,,
3528,42.0,,,,,,,,,,,,,,,,,,,,
3529,42.0,,,,,,,,,,,,,,,,,,,,
3530,28.0,,,,,,,,,,,,,,,,,,,,
3531,84.0,,,,,,,,,,,,,,,,,,,,
3532,126.0,,,,,,,,,,,,,,,,,,,,
3533,42.0,,,,,,,,,,,,,,,,,,,,
3534,84.0,,,,,,,,,,,,,,,,,,,,
3535,42.0,,,,,,,,,,,,,,,,,,,,
3536,42.0,,,,,,,,,,,,,,,,,,,,
3537,84.0,,,,,,,,,,,,,,,,,,,,
3538,42.0,,,,,,,,,,,,,,,,,,,,
3539,42.0,,,,,,,,,,,,,,,,,,,,
3540,84.0,,,,,,,,,,,,,,,,,,,,
3541,84.0,,,,,,,,,,,,,,,,,,,,
3542,126.0,,,,,,,,,,,,,,,,,,,,
3543,168.0,,,,,,,,,,,,,,,,,,,,
3544,126.0,,,,,,,,,,,,,,,,,,,,
3545,84.0,,,,,,,,,,,,,,,,,,,,
3546,84.0,,,,,,,,,,,,,,,,,,,,
3547,84.0,,,,,,,,,,,,,,,,,,,,
3548,126.0,,,,,,,,,,,,,,,,,,,,
3549,42.0,,,,,,,,,,,,,,,,,,,,
3550,42.0,,,,,,,,,,,,,,,,,,,,
3551,84.0,,,,,,,,,,,,,,,,,,,,
3552,126.0,,,,,,,,,,,,,,,,,,,,
3553,84.0,,,,,,,,,,,,,,,,,,,,
3554,42.0,,,,,,,,,,,,,,,,,,,,
3555,126.0,,,,,,,,,,,,,,,,,,,,
3556,216.0,,,,,,,,,,,,,,,,,,,,
3557,126.0,,,,,,,,,,,,,,,,,,,,
3558,84.0,,,,,,,,,,,,,,,,,,,,
3559,42.0,,,,,,,,,,,,,,,,,,,,
3560,42.0,,,,,,,,,,,,,,,,,,,,
3561,84.0,,,,,,,,,,,,,,,,,,,,
3562,42.0,,,,,,,,,,,,,,,,,,,,
3563,42.0,,,,,,,,,,,,,,,,,,,,
3564,42.0,,,,,,,,,,,,,,,,,,,,
3565,42.0,,,,,,,,,,,,,,,,,,,,
3566,42.0,,,,,,,,,,,,,,,,,,,,
3567,28.0,,,,,,,,,,,,,,,,,,,,
3568,70.0,,,,,,,,,,,,,,,,,,,,
3569,84.0,,,,,,,,,,,,,,,,,,,,
3570,42.0,,,,,,,,,,,,,,,,,,,,
3571,84.0,,,,,,,,,,,,,,,,,,,,
3572,42.0,,,,,,,,,,,,,,,,,,,,
3573,42.0,,,,,,,,,,,,,,,,,,,,
3574,84.0,,,,,,,,,,,,,,,,,,,,
3575,84.0,,,,,,,,,,,,,,,,,,,,
3576,42.0,,,,,,,,,,,,,,,,,,,,
3577,42.0,,,,,,,,,,,,,,,,,,,,
3578,42.0,,,,,,,,,,,,,,,,,,,,
3579,126.0,,,,,,,,,,,,,,,,,,,,
3580,126.0,,,,,,,,,,,,,,,,,,,,
3581,126.0,,,,,,,,,,,,,,,,,,,,
3582,168.0,,,,,,,,,,,,,,,,,,,,
3583,84.0,,,,,,,,,,,,,,,,,,,,
3584,126.0,,,,,,,,,,,,,,,,,,,,
3585,84.0,,,,,,,,,,,,,,,,,,,,
3586,84.0,,,,,,,,,,,,,,,,,,,,
3587,84.0,,,,,,,,,,,,,,,,,,,,
3588,216.0,,,,,,,,,,,,,,,,,,,,
3589,42.0,,,,,,,,,,,,,,,,,,,,
3590,126.0,,,,,,,,,,,,,,,,,,,,
3591,42.0,,,,,,,,,,,,,,,,,,,,
3592,42.0,,,,,,,,,,,,,,,,,,,,
3593,42.0,,,,,,,,,,,,,,,,,,,,
3594,42.0,,,,,,,,,,,,,,,,,,,,
3595,126.0,,,,,,,,,,,,,,,,,,,,
3596,42.0,,,,,,,,,,,,,,,,,,,,
3597,42.0,,,,,,,,,,,,,,,,,,,,
3598,84.0,,,,,,,,,,,,,,,,,,,,
3599,84.0,,,,,,,,,,,,,,,,,,,,
3600,42.0,,,,,,,,,,,,,,,,,,,,
3601,126.0,,,,,,,,,,,,,,,,,,,,
3602,126.0,,,,,,,,,,,,,,,,,,,,
3603,42.0,,,,,,,,,,,,,,,,,,,,
3604,84.0,,,,,,,,,,,,,,,,,,,,
3605,42.0,,,,,,,,,,,,,,,,,,,,
3606,84.0,,,,,,,,,,,,,,,,,,,,
3607,126.0,,,,,,,,,,,,,,,,,,,,
3608,28.0,,,,,,,,,,,,,,,,,,,,
3609,42.0,,,,,,,,,,,,,,,,,,,,
3610,84.0,,,,,,,,,,,,,,,,,,,,
3611,70.0,,,,,,,,,,,,,,,,,,,,
3612,126.0,,,,,,,,,,,,,,,,,,,,
3613,42.0,,,,,,,,,,,,,,,,,,,,
3614,42.0,,,,,,,,,,,,,,,,,,,,
3615,42.0,,,,,,,,,,,,,,,,,,,,
3616,42.0,,,,,,,,,,,,,,,,,,,,
3617,42.0,,,,,,,,,,,,,,,,,,,,
3618,84.0,,,,,,,,,,,,,,,,,,,,
3619,84.0,,,,,,,,,,,,,,,,,,,,
3620,84.0,,,,,,,,,,,,,,,,,,,,
3621,168.0,,,,,,,,,,,,,,,,,,,,
3622,126.0,,,,,,,,,,,,,,,,,,,,
3623,84.0,,,,,,,,,,,,,,,,,,,,
3624,84.0,,,,,,,,,,,,,,,,,,,,
3625,126.0,,,,,,,,,,,,,,,,,,,,
3626,126.0,,,,,,,,,,,,,,,,,,,,
3627,84.0,,,,,,,,,,,,,,,,,,,,
3628,42.0,,,,,,,,,,,,,,,,,,,,
3629,126.0,,,,,,,,,,,,,,,,,,,,
3630,42.0,,,,,,,,,,,,,,,,,,,,
3631,84.0,,,,,,,,,,,,,,,,,,,,
3632,84.0,,,,,,,,,,,,,,,,,,,,
3633,42.0,,,,,,,,,,,,,,,,,,,,
3634,84.0,,,,,,,,,,,,,,,,,,,,
3635,126.0,,,,,,,,,,,,,,,,,,,,
3636,126.0,,,,,,,,,,,,,,,,,,,,
3637,42.0,,,,,,,,,,,,,,,,,,,,
3638,42.0,,,,,,,,,,,,,,,,,,,,
3639,42.0,,,,,,,,,,,,,,,,,,,,
3640,42.0,,,,,,,,,,,,,,,,,,,,
3641,84.0,,,,,,,,,,,,,,,,,,,,
3642,84.0,,,,,,,,,,,,,,,,,,,,
3643,42.0,,,,,,,,,,,,,,,,,,,,
3644,126.0,,,,,,,,,,,,,,,,,,,,
3645,42.0,,,,,,,,,,,,,,,,,,,,
3646,42.0,,,,,,,,,,,,,,,,,,,,
3647,42.0,,,,,,,,,,,,,,,,,,,,
3648,70.0,,,,,,,,,,,,,,,,,,,,
3649,28.0,,,,,,,,,,,,,,,,,,,,
3650,84.0,,,,,,,,,,,,,,,,,,,,
3651,84.0,,,,,,,,,,,,,,,,,,,,
3652,42.0,,,,,,,,,,,,,,,,,,,,
3653,42.0,,,,,,,,,,,,,,,,,,,,
3654,42.0,,,,,,,,,,,,,,,,,,,,
3655,84.0,,,,,,,,,,,,,,,,,,,,
3656,42.0,,,,,,,,,,,,,,,,,,,,
3657,42.0,,,,,,,,,,,,,,,,,,,,
3658,126.0,,,,,,,,,,,,,,,,,,,,
3659,84.0,,,,,,,,,,,,,,,,,,,,
3660,168.0,,,,,,,,,,,,,,,,,,,,
3661,216.0,,,,,,,,,,,,,,,,,,,,
3662,126.0,,,,,,,,,,,,,,,,,,,,
3663,126.0,,,,,,,,,,,,,,,,,,,,
3664,84.0,,,,,,,,,,,,,,,,,,,,
3665,42.0,,,,,,,,,,,,,,,,,,,,
3666,84.0,,,,,,,,,,,,,,,,,,,,
3667,42.0,,,,,,,,,,,,,,,,,,,,
3668,126.0,,,,,,,,,,,,,,,,,,,,
3669,84.0,,,,,,,,,,,,,,,,,,,,
3670,126.0,,,,,,,,,,,,,,,,,,,,
3671,42.0,,,,,,,,,,,,,,,,,,,,
3672,84.0,,,,,,,,,,,,,,,,,,,,
3673,42.0,,,,,,,,,,,,,,,,,,,,
3674,126.0,,,,,,,,,,,,,,,,,,,,
3675,126.0,,,,,,,,,,,,,,,,,,,,
3676,42.0,,,,,,,,,,,,,,,,,,,,
3677,42.0,,,,,,,,,,,,,,,,,,,,
3678,70.0,,,,,,,,,,,,,,,,,,,,
3679,126.0,,,,,,,,,,,,,,,,,,,,
3680,42.0,,,,,,,,,,,,,,,,,,,,
3681,84.0,,,,,,,,,,,,,,,,,,,,
3682,126.0,,,,,,,,,,,,,,,,,,,,
3683,42.0,,,,,,,,,,,,,,,,,,,,
3684,42.0,,,,,,,,,,,,,,,,,,,,
3685,42.0,,,,,,,,,,,,,,,,,,,,
3686,84.0,,,,,,,,,,,,,,,,,,,,
3687,84.0,,,,,,,,,,,,,,,,,,,,
3688,28.0,,,,,,,,,,,,,,,,,,,,
3689,42.0,,,,,,,,,,,,,,,,,,,,
3690,42.0,,,,,,,,,,,,,,,,,,,,
3691,42.0,,,,,,,,,,,,,,,,,,,,
3692,126.0,,,,,,,,,,,,,,,,,,,,
3693,84.0,,,,,,,,,,,,,,,,,,,,
3694,42.0,,,,,,,,,,,,,,,,,,,,
3695,126.0,,,,,,,,,,,,,,,,,,,,
3696,84.0,,,,,,,,,,,,,,,,,,,,
3697,42.0,,,,,,,,,,,,,,,,,,,,
3698,126.0,,,,,,,,,,,,,,,,,,,,
3699,216.0,,,,,,,,,,,,,,,,,,,,
3700,168.0,,,,,,,,,,,,,,,,,,,,
3701,84.0,,,,,,,,,,,,,,,,,,,,
3702,84.0,,,,,,,,,,,,,,,,,,,,
3703,126.0,,,,,,,,,,,,,,,,,,,,
3704,84.0,,,,,,,,,,,,,,,,,,,,
3705,42.0,,,,,,,,,,,,,,,,,,,,
3706,126.0,,,,,,,,,,,,,,,,,,,,
3707,42.0,,,,,,,,,,,,,,,,,,,,
3708,84.0,,,,,,,,,,,,,,,,,,,,
3709,42.0,,,,,,,,,,,,,,,,,,,,
3710,84.0,,,,,,,,,,,,,,,,,,,,
3711,84.0,,,,,,,,,,,,,,,,,,,,
3712,42.0,,,,,,,,,,,,,,,,,,,,
3713,126.0,,,,,,,,,,,,,,,,,,,,
3714,42.0,,,,,,,,,,,,,,,,,,,,
3715,42.0,,,,,,,,,,,,,,,,,,,,
3716,42.0,,,,,,,,,,,,,,,,,,,,
3717,42.0,,,,,,,,,,,,,,,,,,,,
3718,126.0,,,,,,,,,,,,,,,,,,,,
3719,42.0,,,,,,,,,,,,,,,,,,,,
3720,84.0,,,,,,,,,,,,,,,,,,,,
3721,70.0,,,,,,,,,,,,,,,,,,,,
3722,42.0,,,,,,,,,,,,,,,,,,,,
3723,42.0,,,,,,,,,,,,,,,,,,,,
3724,84.0,,,,,,,,,,,,,,,,,,,,
3725,42.0,,,,,,,,,,,,,,,,,,,,
3726,28.0,,,,,,,,,,,,,,,,,,,,
3727,126.0,,,,,,,,,,,,,,,,,,,,
3728,42.0,,,,,,,,,,,,,,,,,,,,
3729,42.0,,,,,,,,,,,,,,,,,,,,
3730,42.0,,,,,,,,,,,,,,,,,,,,
3731,84.0,,,,,,,,,,,,,,,,,,,,
3732,42.0,,,,,,,,,,,,,,,,,,,,
3733,126.0,,,,,,,,,,,,,,,,,,,,
3734,84.0,,,,,,,,,,,,,,,,,,,,
3735,84.0,,,,,,,,,,,,,,,,,,,,
3736,168.0,,,,,,,,,,,,,,,,,,,,
3737,126.0,,,,,,,,,,,,,,,,,,,,
3738,216.0,,,,,,,,,,,,,,,,,,,,
3739,84.0,,,,,,,,,,,,,,,,,,,,
3740,126.0,,,,,,,,,,,,,,,,,,,,
3741,84.0,,,,,,,,,,,,,,,,,,,,
3742,42.0,,,,,,,,,,,,,,,,,,,,
3743,126.0,,,,,,,,,,,,,,,,,,,,
3744,126.0,,,,,,,,,,,,,,,,,,,,
3745,84.0,,,,,,,,,,,,,,,,,,,,
3746,84.0,,,,,,,,,,,,,,,,,,,,
3747,42.0,,,,,,,,,,,,,,,,,,,,
3748,126.0,,,,,,,,,,,,,,,,,,,,
3749,126.0,,,,,,,,,,,,,,,,,,,,
3750,42.0,,,,,,,,,,,,,,,,,,,,
3751,84.0,,,,,,,,,,,,,,,,,,,,
3752,84.0,,,,,,,,,,,,,,,,,,,,
3753,126.0,,,,,,,,,,,,,,,,,,,,
3754,42.0,,,,,,,,,,,,,,,,,,,,
3755,42.0,,,,,,,,,,,,,,,,,,,,
3756,126.0,,,,,,,,,,,,,,,,,,,,
3757,42.0,,,,,,,,,,,,,,,,,,,,
3758,42.0,,,,,,,,,,,,,,,,,,,,
3759,42.0,,,,,,,,,,,,,,,,,,,,
3760,42.0,,,,,,,,,,,,,,,,,,,,
3761,70.0,,,,,,,,,,,,,,,,,,,,
3762,42.0,,,,,,,,,,,,,,,,,,,,
3763,42.0,,,,,,,,,,,,,,,,,,,,
3764,42.0,,,,,,,,,,,,,,,,,,,,
3765,84.0,,,,,,,,,,,,,,,,,,,,
3766,42.0,,,,,,,,,,,,,,,,,,,,
3767,42.0,,,,,,,,,,,,,,,,,,,,
3768,28.0,,,,,,,,,,,,,,,,,,,,
3769,84.0,,,,,,,,,,,,,,,,,,,,
3770,42.0,,,,,,,,,,,,,,,,,,,,
3771,42.0,,,,,,,,,,,,,,,,,,,,
3772,84.0,,,,,,,,,,,,,,,,,,,,
3773,84.0,,,,,,,,,,,,,,,,,,,,
3774,216.0,,,,,,,,,,,,,,,,,,,,
3775,168.0,,,,,,,,,,,,,,,,,,,,
3776,126.0,,,,,,,,,,,,,,,,,,,,
3777,84.0,,,,,,,,,,,,,,,,,,,,
3778,126.0,,,,,,,,,,,,,,,,,,,,
3779,84.0,,,,,,,,,,,,,,,,,,,,
3780,84.0,,,,,,,,,,,,,,,,,,,,
3781,216.0,,,,,,,,,,,,,,,,,,,,
3782,42.0,,,,,,,,,,,,,,,,,,,,
3783,42.0,,,,,,,,,,,,,,,,,,,,
3784,126.0,,,,,,,,,,,,,,,,,,,,
3785,84.0,,,,,,,,,,,,,,,,,,,,
3786,84.0,,,,,,,,,,,,,,,,,,,,
3787,84.0,,,,,,,,,,,,,,,,,,,,
3788,42.0,,,,,,,,,,,,,,,,,,,,
3789,84.0,,,,,,,,,,,,,,,,,,,,
3790,126.0,,,,,,,,,,,,,,,,,,,,
3791,42.0,,,,,,,,,,,,,,,,,,,,
3792,84.0,,,,,,,,,,,,,,,,,,,,
3793,42.0,,,,,,,,,,,,,,,,,,,,
3794,126.0,,,,,,,,,,,,,,,,,,,,
3795,126.0,,,,,,,,,,,,,,,,,,,,
3796,42.0,,,,,,,,,,,,,,,,,,,,
3797,84.0,,,,,,,,,,,,,,,,,,,,
3798,70.0,,,,,,,,,,,,,,,,,,,,
3799,42.0,,,,,,,,,,,,,,,,,,,,
3800,42.0,,,,,,,,,,,,,,,,,,,,
3801,42.0,,,,,,,,,,,,,,,,,,,,
3802,28.0,,,,,,,,,,,,,,,,,,,,
3803,42.0,,,,,,,,,,,,,,,,,,,,
3804,42.0,,,,,,,,,,,,,,,,,,,,
3805,42.0,,,,,,,,,,,,,,,,,,,,
3806,42.0,,,,,,,,,,,,,,,,,,,,
3807,42.0,,,,,,,,,,,,,,,,,,,,
3808,42.0,,,,,,,,,,,,,,,,,,,,
3809,84.0,,,,,,,,,,,,,,,,,,,,
3810,42.0,,,,,,,,,,,,,,,,,,,,
3811,84.0,,,,,,,,,,,,,,,,,,,,
3812,126.0,,,,,,,,,,,,,,,,,,,,
3813,126.0,,,,,,,,,,,,,,,,,,,,
3814,168.0,,,,,,,,,,,,,,,,,,,,
3815,84.0,,,,,,,,,,,,,,,,,,,,
3816,126.0,,,,,,,,,,,,,,,,,,,,
3817,84.0,,,,,,,,,,,,,,,,,,,,
3818,126.0,,,,,,,,,,,,,,,,,,,,
3819,84.0,,,,,,,,,,,,,,,,,,,,
3820,126.0,,,,,,,,,,,,,,,,,,,,
3821,126.0,,,,,,,,,,,,,,,,,,,,
3822,42.0,,,,,,,,,,,,,,,,,,,,
3823,84.0,,,,,,,,,,,,,,,,,,,,
3824,42.0,,,,,,,,,,,,,,,,,,,,
3825,42.0,,,,,,,,,,,,,,,,,,,,
3826,84.0,,,,,,,,,,,,,,,,,,,,
3827,42.0,,,,,,,,,,,,,,,,,,,,
3828,84.0,,,,,,,,,,,,,,,,,,,,
3829,84.0,,,,,,,,,,,,,,,,,,,,
3830,42.0,,,,,,,,,,,,,,,,,,,,
3831,84.0,,,,,,,,,,,,,,,,,,,,
3832,42.0,,,,,,,,,,,,,,,,,,,,
3833,126.0,,,,,,,,,,,,,,,,,,,,
3834,126.0,,,,,,,,,,,,,,,,,,,,
3835,42.0,,,,,,,,,,,,,,,,,,,,
3836,42.0,,,,,,,,,,,,,,,,,,,,
3837,126.0,,,,,,,,,,,,,,,,,,,,
3838,42.0,,,,,,,,,,,,,,,,,,,,
3839,42.0,,,,,,,,,,,,,,,,,,,,
3840,42.0,,,,,,,,,,,,,,,,,,,,
3841,70.0,,,,,,,,,,,,,,,,,,,,
3842,28.0,,,,,,,,,,,,,,,,,,,,
3843,42.0,,,,,,,,,,,,,,,,,,,,
3844,42.0,,,,,,,,,,,,,,,,,,,,
3845,84.0,,,,,,,,,,,,,,,,,,,,
3846,84.0,,,,,,,,,,,,,,,,,,,,
3847,42.0,,,,,,,,,,,,,,,,,,,,
3848,126.0,,,,,,,,,,,,,,,,,,,,
3849,42.0,,,,,,,,,,,,,,,,,,,,
3850,84.0,,,,,,,,,,,,,,,,,,,,
3851,42.0,,,,,,,,,,,,,,,,,,,,
3852,126.0,,,,,,,,,,,,,,,,,,,,
3853,216.0,,,,,,,,,,,,,,,,,,,,
3854,126.0,,,,,,,,,,,,,,,,,,,,
3855,168.0,,,,,,,,,,,,,,,,,,,,
3856,84.0,,,,,,,,,,,,,,,,,,,,
3857,84.0,,,,,,,,,,,,,,,,,,,,
3858,84.0,,,,,,,,,,,,,,,,,,,,
3859,126.0,,,,,,,,,,,,,,,,,,,,
3860,84.0,,,,,,,,,,,,,,,,,,,,
3861,42.0,,,,,,,,,,,,,,,,,,,,
3862,126.0,,,,,,,,,,,,,,,,,,,,
3863,126.0,,,,,,,,,,,,,,,,,,,,
3864,84.0,,,,,,,,,,,,,,,,,,,,
3865,84.0,,,,,,,,,,,,,,,,,,,,
3866,42.0,,,,,,,,,,,,,,,,,,,,
3867,84.0,,,,,,,,,,,,,,,,,,,,
3868,84.0,,,,,,,,,,,,,,,,,,,,
3869,42.0,,,,,,,,,,,,,,,,,,,,
3870,42.0,,,,,,,,,,,,,,,,,,,,
3871,126.0,,,,,,,,,,,,,,,,,,,,
3872,42.0,,,,,,,,,,,,,,,,,,,,
3873,42.0,,,,,,,,,,,,,,,,,,,,
3874,42.0,,,,,,,,,,,,,,,,,,,,
3875,84.0,,,,,,,,,,,,,,,,,,,,
3876,70.0,,,,,,,,,,,,,,,,,,,,
3877,28.0,,,,,,,,,,,,,,,,,,,,
3878,42.0,,,,,,,,,,,,,,,,,,,,
3879,126.0,,,,,,,,,,,,,,,,,,,,
3880,84.0,,,,,,,,,,,,,,,,,,,,
3881,42.0,,,,,,,,,,,,,,,,,,,,
3882,84.0,,,,,,,,,,,,,,,,,,,,
3883,42.0,,,,,,,,,,,,,,,,,,,,
3884,42.0,,,,,,,,,,,,,,,,,,,,
3885,42.0,,,,,,,,,,,,,,,,,,,,
3886,42.0,,,,,,,,,,,,,,,,,,,,
3887,42.0,,,,,,,,,,,,,,,,,,,,
3888,42.0,,,,,,,,,,,,,,,,,,,,
3889,126.0,,,,,,,,,,,,,,,,,,,,
3890,84.0,,,,,,,,,,,,,,,,,,,,
3891,42.0,,,,,,,,,,,,,,,,,,,,
3892,168.0,,,,,,,,,,,,,,,,,,,,
3893,216.0,,,,,,,,,,,,,,,,,,,,
3894,126.0,,,,,,,,,,,,,,,,,,,,
3895,84.0,,,,,,,,,,,,,,,,,,,,
3896,126.0,,,,,,,,,,,,,,,,,,,,
3897,84.0,,,,,,,,,,,,,,,,,,,,
