,"case_2: wcpu 0.1, wodc 0.1, wd 0.8, odcs 0","case_2: wcpu 0.1, wodc 0.2, wd 0.7, odcs 0","case_2: wcpu 0.1, wodc 0.3, wd 0.6, odcs 0","case_2: wcpu 0.1, wodc 0.4, wd 0.5, odcs 0","case_2: wcpu 0.1, wodc 0.5, wd 0.4, odcs 0","case_2: wcpu 0.1, wodc 0.6, wd 0.3, odcs 0","case_2: wcpu 0.1, wodc 0.7, wd 0.2, odcs 0","case_2: wcpu 0.1, wodc 0.8, wd 0.1, odcs 0","case_2: wcpu 0.3, wodc 0.1, wd 0.6, odcs 0","case_2: wcpu 0.3, wodc 0.2, wd 0.5, odcs 0","case_2: wcpu 0.3, wodc 0.3, wd 0.4, odcs 0","case_2: wcpu 0.3, wodc 0.4, wd 0.3, odcs 0","case_2: wcpu 0.3, wodc 0.5, wd 0.2, odcs 0","case_2: wcpu 0.3, wodc 0.6, wd 0.1, odcs 0","case_2: wcpu 0.5, wodc 0.1, wd 0.4, odcs 0","case_2: wcpu 0.5, wodc 0.2, wd 0.3, odcs 0","case_2: wcpu 0.5, wodc 0.3, wd 0.2, odcs 0","case_2: wcpu 0.5, wodc 0.4, wd 0.1, odcs 0","case_2: wcpu 0.7, wodc 0.1, wd 0.2, odcs 0","case_2: wcpu 0.7, wodc 0.2, wd 0.1, odcs 0","case_2: wcpu 0.8, wodc 0.1, wd 0.1, odcs 0"
0,0.0,8.712023740113676,84.8165179840258,101.85742868401285,101.85742868401285,128.9406452562424,101.85742868401285,101.85742868401285,8.712023740113676,37.97921592199604,128.9406452562424,101.85742868401285,101.85742868401285,128.9406452562424,8.712023740113676,101.85742868401285,128.9406452562424,101.85742868401285,84.8165179840258,101.85742868401285,101.85742868401285
1,0.0,4.439915437568395,56.36991327099788,278.2414047272246,207.67966810430173,146.3466305369653,224.64301698897955,278.2414047272246,3.1806734144966624,56.36991327099788,146.3466305369653,224.64301698897955,207.67966810430173,146.3466305369653,4.439915437568395,196.8268466256348,146.3466305369653,278.2414047272246,71.92725340688621,278.2414047272246,278.2414047272246
2,0.0,34.67400516709484,46.27744271092702,46.27744271092702,32.96157240614849,224.64301698897955,278.2414047272246,278.3454370568201,4.439915437568395,34.67400516709484,224.64301698897955,278.2414047272246,32.96157240614849,224.64301698897955,34.67400516709484,46.27744271092702,224.64301698897955,278.3454370568201,34.67400516709484,278.3454370568201,278.3454370568201
3,0.0,0.0,51.26509554837951,78.76128985113688,278.3454370568201,32.96157240614849,163.97042689157664,163.97042689157664,4.357497648516051,0.0,32.96157240614849,163.97042689157664,278.3454370568201,32.96157240614849,0.0,32.96157240614849,32.96157240614849,163.97042689157664,46.27744271092702,163.97042689157664,163.97042689157664
4,0.0,10.347450506012,32.96157240614849,163.97042689157664,71.76578972739628,107.24455126279436,146.3466305369653,146.3466305369653,4.980428504757223,10.347450506012,107.24455126279436,146.3466305369653,71.76578972739628,107.24455126279436,10.347450506012,78.32564856753018,107.24455126279436,146.3466305369653,32.96157240614849,146.3466305369653,146.3466305369653
5,0.0,0.0926797102431434,107.24455126279436,146.3466305369653,146.3466305369653,146.3466305369653,128.9406452562424,128.9406452562424,0.0,46.27744271092702,146.3466305369653,128.9406452562424,146.3466305369653,146.3466305369653,4.099719773693866,71.23373795253224,146.3466305369653,128.9406452562424,78.76128985113688,128.9406452562424,128.9406452562424
6,0.0,22.33649443177427,71.23373795253224,128.9406452562424,128.9406452562424,128.9406452562424,224.64301698897955,224.64301698897955,8.274183569068175,28.24264372169233,128.9406452562424,224.64301698897955,128.9406452562424,128.9406452562424,3.048924092869573,146.3466305369653,128.9406452562424,224.64301698897955,110.74916787176912,224.64301698897955,224.64301698897955
7,2.199198743708845,15.660569223528796,71.92725340688621,224.64301698897955,224.64301698897955,32.96157240614849,32.96157240614849,32.96157240614849,2.199198743708845,32.96157240614849,32.96157240614849,32.96157240614849,224.64301698897955,32.96157240614849,0.0926797102431434,128.9406452562424,32.96157240614849,32.96157240614849,71.92725340688621,32.96157240614849,32.96157240614849
8,0.0,13.492084115938772,84.8165179840258,32.96157240614849,32.96157240614849,110.74916787176912,109.57435695223587,110.74916787176912,4.099719773693866,27.22288322454476,109.57435695223587,110.74916787176912,32.96157240614849,109.57435695223587,22.33649443177427,32.96157240614849,109.57435695223587,110.74916787176912,84.8165179840258,110.74916787176912,110.74916787176912
9,0.0926797102431434,32.96157240614849,34.67400516709484,109.57435695223587,110.74916787176912,224.6754633603691,101.85742868401285,101.85742868401285,2.0956956867578507,43.32087581204169,224.6754633603691,101.85742868401285,110.74916787176912,224.6754633603691,15.660569223528796,46.27744271092702,224.6754633603691,101.85742868401285,34.67400516709484,101.85742868401285,101.85742868401285
10,2.0956956867578507,27.22288322454476,32.96157240614849,101.85742868401285,101.85742868401285,101.85742868401285,246.3328328304311,246.3328328304311,15.660569223528796,0.0,101.85742868401285,171.65838801782064,101.85742868401285,101.85742868401285,6.099190994978948,71.23373795253224,101.85742868401285,246.3328328304311,32.96157240614849,246.3328328304311,246.3328328304311
11,5.983319937924184,4.099719773693866,46.27744271092702,32.96157240614849,171.65838801782064,32.96157240614849,333.1266918484706,333.1266918484706,0.0,56.36991327099788,32.96157240614849,258.32151518822434,171.65838801782064,32.96157240614849,13.492084115938772,110.74916787176912,32.96157240614849,333.1266918484706,46.27744271092702,333.1266918484706,333.1266918484706
12,0.0,3.048924092869573,110.74916787176912,207.67966810430173,258.32151518822434,196.8268466256348,163.9394589788632,163.9394589788632,2.29150235109587,37.97921592199604,196.8268466256348,333.1266918484706,258.32151518822434,196.8268466256348,27.22288322454476,101.85742868401285,196.8268466256348,163.9394589788632,71.23373795253224,163.9394589788632,163.9394589788632
13,2.29150235109587,35.57219641929099,71.26974968103113,67.94967839208859,333.1266918484706,78.32564856753018,101.85742868401285,101.85742868401285,0.0,34.67400516709484,71.26974968103113,101.85742868401285,333.1266918484706,248.28271341834568,35.57219641929099,32.96157240614849,248.28271341834568,101.85742868401285,110.74916787176912,101.85742868401285,101.85742868401285
14,0.0,0.0,84.8165179840258,224.64301698897955,84.8165179840258,224.64301698897955,196.8268466256348,207.67966810430173,5.08335688941316,32.96157240614849,46.27744271092702,207.67966810430173,84.8165179840258,78.32564856753018,12.339573747295251,196.8268466256348,78.32564856753018,207.67966810430173,84.8165179840258,207.67966810430173,207.67966810430173
15,0.0,4.439915437568395,71.92725340688621,101.85742868401285,34.67400516709484,101.85742868401285,32.96157240614849,32.96157240614849,0.0,46.27744271092702,78.32564856753018,32.96157240614849,34.67400516709484,128.9406452562424,0.0,71.26974968103113,128.9406452562424,32.96157240614849,71.92725340688621,32.96157240614849,32.96157240614849
16,0.0,8.712023740113676,32.96157240614849,207.67966810430173,211.54177574416096,207.67966810430173,78.32564856753018,69.66645254905293,0.0,28.24264372169233,128.9406452562424,67.94967839208859,211.54177574416096,146.3466305369653,4.439915437568395,46.27744271092702,146.3466305369653,69.66645254905293,32.96157240614849,69.66645254905293,69.66645254905293
17,0.0,4.099719773693866,71.26974968103113,32.96157240614849,171.65838801782064,32.96157240614849,224.64301698897955,224.64301698897955,6.52170685096182,43.32087581204169,146.3466305369653,224.64301698897955,171.65838801782064,32.96157240614849,8.712023740113676,78.32564856753018,32.96157240614849,224.64301698897955,34.67400516709484,224.64301698897955,224.64301698897955
18,2.9758561045830887,0.0926797102431434,110.74916787176912,69.66645254905293,224.64301698897955,67.94967839208859,32.96157240614849,32.96157240614849,0.0,71.26974968103113,32.96157240614849,32.96157240614849,224.64301698897955,107.24455126279436,4.099719773693866,101.85742868401285,107.24455126279436,32.96157240614849,46.27744271092702,32.96157240614849,32.96157240614849
19,0.0,22.33649443177427,34.67400516709484,224.64301698897955,32.96157240614849,224.64301698897955,224.64301698897955,224.64301698897955,7.70722884318748,0.0,107.24455126279436,224.64301698897955,32.96157240614849,224.64301698897955,34.67400516709484,207.67966810430173,224.64301698897955,224.64301698897955,107.24455126279436,224.64301698897955,224.64301698897955
20,0.0,10.347450506012,46.27744271092702,32.96157240614849,224.64301698897955,32.96157240614849,101.85742868401285,101.85742868401285,0.1196913799091976,37.97921592199604,224.64301698897955,101.85742868401285,224.64301698897955,32.96157240614849,22.33649443177427,32.96157240614849,32.96157240614849,101.85742868401285,71.23373795253224,101.85742868401285,101.85742868401285
21,0.0,32.96157240614849,84.8165179840258,224.64301698897955,101.85742868401285,101.85742868401285,207.67966810430173,196.8268466256348,3.048924092869573,56.36991327099788,32.96157240614849,196.8268466256348,101.85742868401285,224.64301698897955,10.347450506012,46.27744271092702,224.64301698897955,196.8268466256348,84.8165179840258,196.8268466256348,196.8268466256348
22,2.844536548299099,15.660569223528796,71.92725340688621,101.85742868401285,196.8268466256348,247.9085117670747,67.94967839208859,79.10205979946667,8.894530707917577,32.96157240614849,224.64301698897955,79.10205979946667,196.8268466256348,101.85742868401285,15.660569223528796,67.94967839208859,101.85742868401285,79.10205979946667,71.92725340688621,79.10205979946667,79.10205979946667
23,0.0,13.492084115938772,34.67400516709484,196.8268466256348,79.10205979946667,196.8268466256348,46.27744271092702,224.64301698897955,7.565178155430798,34.67400516709484,101.85742868401285,224.64301698897955,79.10205979946667,196.8268466256348,13.492084115938772,71.23373795253224,196.8268466256348,224.64301698897955,34.67400516709484,224.64301698897955,224.64301698897955
24,0.0,29.8928208075054,32.96157240614849,79.10205979946667,224.64301698897955,78.32564856753018,82.97590483047968,110.74916787176912,0.0926797102431434,28.24264372169233,196.8268466256348,110.74916787176912,224.64301698897955,78.32564856753018,10.719746131060525,32.96157240614849,78.32564856753018,110.74916787176912,32.96157240614849,110.74916787176912,110.74916787176912
25,0.0,38.88509720324353,46.27744271092702,224.64301698897955,71.76578972739628,62.6887904036423,101.85742868401285,146.3466305369653,0.0280877934472444,46.27744271092702,78.32564856753018,146.3466305369653,71.76578972739628,62.6887904036423,3.048924092869573,101.85742868401285,62.6887904036423,146.3466305369653,46.27744271092702,146.3466305369653,146.3466305369653
26,0.0,3.048924092869573,107.24455126279436,110.74916787176912,101.85742868401285,146.3466305369653,80.38426003547583,128.9406452562424,4.980428504757223,42.79962381409237,62.6887904036423,128.9406452562424,101.85742868401285,146.3466305369653,35.57219641929099,71.23373795253224,146.3466305369653,128.9406452562424,109.57435695223587,128.9406452562424,128.9406452562424
27,0.0,35.57219641929099,71.23373795253224,146.3466305369653,32.96157240614849,107.24455126279436,196.8268466256348,36.74694265656541,0.0,71.23373795253224,146.3466305369653,36.74694265656541,32.96157240614849,107.24455126279436,0.0926797102431434,196.8268466256348,107.24455126279436,36.74694265656541,71.23373795253224,36.74694265656541,36.74694265656541
28,0.1196913799091976,0.0,32.96157240614849,128.9406452562424,207.67966810430173,128.9406452562424,36.74694265656541,101.85742868401285,0.0,37.97921592199604,107.24455126279436,101.85742868401285,207.67966810430173,128.9406452562424,5.08335688941316,46.27744271092702,128.9406452562424,101.85742868401285,32.96157240614849,101.85742868401285,101.85742868401285
29,3.462836647521672,8.712023740113676,84.8165179840258,32.96157240614849,101.85742868401285,77.68754822417431,101.85742868401285,246.3328328304311,4.439915437568395,0.0,128.9406452562424,163.97042689157664,101.85742868401285,77.68754822417431,12.27871044879202,79.10205979946667,77.68754822417431,246.3328328304311,84.8165179840258,246.3328328304311,246.3328328304311
30,0.0,4.439915437568395,71.92725340688621,101.85742868401285,246.3328328304311,32.96157240614849,246.3328328304311,163.56319447990077,0.0,28.24264372169233,77.68754822417431,278.2414047272246,246.3328328304311,32.96157240614849,6.099190994978948,110.74916787176912,32.96157240614849,163.56319447990077,71.92725340688621,163.56319447990077,163.56319447990077
31,0.0,32.96157240614849,71.23373795253224,163.97042689157664,163.56319447990077,101.85742868401285,163.56319447990077,333.1266918484706,8.712023740113676,56.36991327099788,32.96157240614849,224.64301698897955,163.56319447990077,101.85742868401285,0.0,46.27744271092702,101.85742868401285,333.1266918484706,71.23373795253224,333.1266918484706,333.1266918484706
32,0.0,4.099719773693866,46.27744271092702,278.2414047272246,333.1266918484706,163.97042689157664,46.27744271092702,224.64301698897955,3.048924092869573,34.67400516709484,101.85742868401285,224.64301698897955,333.1266918484706,246.3328328304311,8.712023740113676,146.3466305369653,246.3328328304311,224.64301698897955,46.27744271092702,224.64301698897955,224.64301698897955
33,3.048924092869573,3.048924092869573,110.74916787176912,224.64301698897955,101.85742868401285,278.2414047272246,129.7390175394782,207.67966810430173,0.0,32.96157240614849,207.67966810430173,207.67966810430173,101.85742868401285,163.56319447990077,4.439915437568395,128.9406452562424,163.56319447990077,207.67966810430173,110.74916787176912,207.67966810430173,207.67966810430173
34,6.311611898113961,22.33649443177427,34.67400516709484,224.64301698897955,278.8444646218688,224.64301698897955,224.64301698897955,32.96157240614849,4.099719773693866,46.27744271092702,19.354451067867316,32.96157240614849,278.8444646218688,333.1266918484706,10.719746131060525,71.23373795253224,333.1266918484706,32.96157240614849,34.67400516709484,32.96157240614849,32.96157240614849
35,3.104505054985564,35.57219641929099,34.67400516709484,207.67966810430173,130.74687649235602,224.64301698897955,207.67966810430173,101.85742868401285,0.0,47.5466962106938,85.15605513359502,101.85742868401285,130.74687649235602,224.64301698897955,4.099719773693866,36.74694265656541,224.64301698897955,101.85742868401285,110.74916787176912,101.85742868401285,101.85742868401285
36,2.270403213518286,34.67400516709484,62.6887904036423,32.96157240614849,224.6754633603691,207.67966810430173,32.96157240614849,67.94967839208859,4.357497648516051,71.23373795253224,224.64301698897955,67.94967839208859,224.6754633603691,207.67966810430173,3.048924092869573,101.85742868401285,207.67966810430173,67.94967839208859,34.67400516709484,67.94967839208859,67.94967839208859
37,0.0669467607792184,13.492084115938772,71.92725340688621,101.85742868401285,101.85742868401285,32.96157240614849,101.85742868401285,101.85742868401285,0.0,32.96157240614849,224.64301698897955,101.85742868401285,101.85742868401285,32.96157240614849,22.33649443177427,207.67966810430173,32.96157240614849,101.85742868401285,46.27744271092702,101.85742868401285,101.85742868401285
38,0.0325314998532016,27.22288322454476,107.24455126279436,67.94967839208859,207.67966810430173,101.85742868401285,67.94967839208859,163.97042689157664,2.0956956867578507,37.97921592199604,207.67966810430173,163.97042689157664,207.67966810430173,101.85742868401285,5.08335688941316,46.27744271092702,101.85742868401285,163.97042689157664,71.92725340688621,163.97042689157664,163.97042689157664
39,0.0280877934472444,15.660569223528796,84.8165179840258,101.85742868401285,32.96157240614849,67.94967839208859,101.85742868401285,278.2414047272246,2.199198743708845,38.88509720324353,32.96157240614849,278.2414047272246,32.96157240614849,67.94967839208859,12.339573747295251,36.74694265656541,67.94967839208859,278.2414047272246,84.8165179840258,278.2414047272246,278.2414047272246
40,0.0,0.0926797102431434,77.68754822417431,163.97042689157664,67.94967839208859,101.85742868401285,163.97042689157664,224.64301698897955,6.52170685096182,0.0,101.85742868401285,224.64301698897955,67.94967839208859,101.85742868401285,34.67400516709484,71.76578972739628,101.85742868401285,224.64301698897955,71.23373795253224,224.64301698897955,224.64301698897955
41,0.0,10.347450506012,32.96157240614849,278.2414047272246,224.64301698897955,163.97042689157664,278.2414047272246,84.8165179840258,15.660569223528796,56.36991327099788,67.94967839208859,128.9406452562424,224.64301698897955,163.97042689157664,13.492084115938772,71.23373795253224,163.97042689157664,84.8165179840258,36.74694265656541,84.8165179840258,84.8165179840258
42,0.0,8.712023740113676,84.8165179840258,224.64301698897955,128.9406452562424,278.2414047272246,224.64301698897955,71.92725340688621,2.29150235109587,71.23373795253224,101.85742868401285,146.3466305369653,128.9406452562424,278.2414047272246,15.660569223528796,46.27744271092702,278.2414047272246,71.92725340688621,84.8165179840258,71.92725340688621,71.92725340688621
43,0.0,0.0,34.67400516709484,128.9406452562424,146.3466305369653,224.64301698897955,128.9406452562424,32.96157240614849,3.1806734144966624,28.24264372169233,207.67966810430173,32.96157240614849,146.3466305369653,224.64301698897955,34.396724496310675,207.67966810430173,224.64301698897955,32.96157240614849,34.67400516709484,32.96157240614849,32.96157240614849
44,0.0,29.8928208075054,71.92725340688621,146.3466305369653,224.64301698897955,84.8165179840258,146.3466305369653,224.64301698897955,8.274183569068175,46.27744271092702,32.96157240614849,46.27744271092702,224.64301698897955,84.8165179840258,0.0926797102431434,71.23373795253224,84.8165179840258,224.64301698897955,71.92725340688621,224.64301698897955,224.64301698897955
45,0.0,13.492084115938772,35.87184899395712,32.96157240614849,107.24455126279436,71.92725340688621,32.96157240614849,34.67400516709484,9.739914662371811,43.32087581204169,67.94967839208859,107.24455126279436,107.24455126279436,71.92725340688621,10.347450506012,32.96157240614849,71.92725340688621,34.67400516709484,32.96157240614849,34.67400516709484,34.67400516709484
46,3.048924092869573,4.439915437568395,46.27744271092702,46.27744271092702,36.74694265656541,32.96157240614849,107.24455126279436,107.24455126279436,5.1396572837575984,43.32087581204169,224.64301698897955,71.23373795253224,36.74694265656541,32.96157240614849,6.099190994978948,101.85742868401285,32.96157240614849,107.24455126279436,46.27744271092702,107.24455126279436,107.24455126279436
47,2.844536548299099,4.099719773693866,107.24455126279436,107.24455126279436,101.85742868401285,224.64301698897955,224.6754633603691,101.85742868401285,8.787753067226653,34.67400516709484,84.8165179840258,101.85742868401285,101.85742868401285,224.64301698897955,8.712023740113676,67.94967839208859,224.64301698897955,101.85742868401285,110.74916787176912,101.85742868401285,101.85742868401285
48,0.0,34.67400516709484,71.23373795253224,71.23373795253224,19.354451067867316,34.67400516709484,128.9406452562424,19.354451067867316,0.1196913799091976,46.27744271092702,71.92725340688621,19.354451067867316,19.354451067867316,34.67400516709484,0.0,101.85742868401285,34.67400516709484,19.354451067867316,71.23373795253224,19.354451067867316,19.354451067867316
49,0.0,3.048924092869573,71.92725340688621,128.9406452562424,207.67966810430173,107.24455126279436,146.3466305369653,224.64301698897955,0.0926797102431434,0.0,32.96157240614849,85.15605513359502,207.67966810430173,107.24455126279436,10.719746131060525,46.27744271092702,107.24455126279436,224.64301698897955,71.92725340688621,224.64301698897955,224.64301698897955
50,0.0,22.33649443177427,46.27744271092702,146.3466305369653,89.61660673757906,128.9406452562424,107.24455126279436,85.15605513359502,5.08335688941316,56.36991327099788,224.64301698897955,207.67966810430173,89.61660673757906,128.9406452562424,13.492084115938772,207.67966810430173,128.9406452562424,85.15605513359502,46.27744271092702,85.15605513359502,85.15605513359502
51,2.270403213518286,35.57219641929099,71.23373795253224,32.96157240614849,224.6754633603691,146.3466305369653,32.96157240614849,207.67966810430173,0.0280877934472444,28.24264372169233,34.67400516709484,224.6754633603691,224.6754633603691,224.64301698897955,4.439915437568395,71.23373795253224,224.64301698897955,207.67966810430173,71.23373795253224,207.67966810430173,207.67966810430173
52,0.0,32.96157240614849,32.96157240614849,110.74916787176912,128.9406452562424,107.24455126279436,224.6754633603691,128.9406452562424,0.0,37.97921592199604,107.24455126279436,232.42238487932488,128.9406452562424,146.3466305369653,4.099719773693866,32.96157240614849,146.3466305369653,128.9406452562424,32.96157240614849,128.9406452562424,128.9406452562424
53,0.0280877934472444,15.660569223528796,34.67400516709484,224.6754633603691,146.3466305369653,32.96157240614849,128.9406452562424,146.3466305369653,8.712023740113676,32.96157240614849,128.9406452562424,92.14429197521228,146.3466305369653,107.24455126279436,34.67400516709484,67.94967839208859,107.24455126279436,146.3466305369653,34.67400516709484,146.3466305369653,146.3466305369653
54,0.0,0.0926797102431434,84.8165179840258,232.42238487932488,32.96157240614849,224.6754633603691,146.3466305369653,32.96157240614849,0.0,71.23373795253224,224.64301698897955,32.96157240614849,32.96157240614849,32.96157240614849,3.048924092869573,128.9406452562424,32.96157240614849,32.96157240614849,84.8165179840258,32.96157240614849,32.96157240614849
55,2.0956956867578507,10.347450506012,107.24455126279436,92.14429197521228,107.24455126279436,101.85742868401285,32.96157240614849,107.24455126279436,4.439915437568395,28.24264372169233,146.3466305369653,115.15722557659484,107.24455126279436,101.85742868401285,22.33649443177427,146.3466305369653,101.85742868401285,107.24455126279436,107.24455126279436,107.24455126279436,107.24455126279436
56,2.199198743708845,32.96157240614849,84.8165179840258,32.96157240614849,224.64301698897955,207.67966810430173,107.24455126279436,247.9085117670747,6.52170685096182,37.97921592199604,107.24455126279436,224.64301698897955,224.64301698897955,207.67966810430173,5.08335688941316,32.96157240614849,207.67966810430173,247.9085117670747,84.8165179840258,247.9085117670747,247.9085117670747
57,0.0,10.347450506012,71.92725340688621,115.15722557659484,224.64301698897955,32.96157240614849,224.64301698897955,146.3466305369653,3.1806734144966624,34.67400516709484,32.96157240614849,224.64301698897955,224.64301698897955,248.28271341834568,35.57219641929099,46.27744271092702,248.28271341834568,146.3466305369653,71.92725340688621,146.3466305369653,146.3466305369653
58,0.0,8.712023740113676,46.27744271092702,224.64301698897955,146.3466305369653,67.94967839208859,224.64301698897955,128.9406452562424,4.099719773693866,56.36991327099788,101.85742868401285,101.85742868401285,146.3466305369653,32.96157240614849,32.96157240614849,107.24455126279436,32.96157240614849,128.9406452562424,46.27744271092702,128.9406452562424,128.9406452562424
59,2.9758561045830887,0.0926797102431434,34.67400516709484,224.64301698897955,128.9406452562424,224.64301698897955,146.3466305369653,32.96157240614849,3.048924092869573,0.0,207.67966810430173,32.96157240614849,128.9406452562424,67.94967839208859,15.660569223528796,71.23373795253224,67.94967839208859,32.96157240614849,71.23373795253224,32.96157240614849,32.96157240614849
60,5.983319937924184,29.8928208075054,71.23373795253224,146.3466305369653,32.96157240614849,146.3466305369653,128.9406452562424,107.24455126279436,2.0956956867578507,32.96157240614849,71.26974968103113,207.67966810430173,32.96157240614849,146.3466305369653,0.0926797102431434,101.85742868401285,146.3466305369653,107.24455126279436,38.88509720324353,107.24455126279436,107.24455126279436
61,0.0,0.0,32.96157240614849,128.9406452562424,107.24455126279436,128.9406452562424,32.96157240614849,224.6754633603691,0.0,46.27744271092702,32.96157240614849,67.94967839208859,107.24455126279436,128.9406452562424,10.347450506012,19.354451067867316,128.9406452562424,224.6754633603691,32.96157240614849,224.6754633603691,224.6754633603691
62,2.29150235109587,3.048924092869573,107.24455126279436,32.96157240614849,224.6754633603691,32.96157240614849,107.24455126279436,224.6754633603691,0.0,43.32087581204169,46.27744271092702,224.6754633603691,224.6754633603691,32.96157240614849,32.96157240614849,71.23373795253224,32.96157240614849,224.6754633603691,109.57435695223587,224.6754633603691,224.6754633603691
63,0.0,4.439915437568395,84.8165179840258,107.24455126279436,101.85742868401285,107.24455126279436,224.6754633603691,80.141789311817,5.08335688941316,71.23373795253224,67.94967839208859,146.3466305369653,101.85742868401285,107.24455126279436,10.347450506012,85.15605513359502,107.24455126279436,80.141789311817,84.8165179840258,80.141789311817,80.141789311817
64,3.1806734144966624,4.099719773693866,71.92725340688621,224.6754633603691,163.97042689157664,224.6754633603691,101.85742868401285,234.95748977612269,0.0,0.0,146.3466305369653,128.9406452562424,163.97042689157664,224.6754633603691,8.712023740113676,207.67966810430173,224.6754633603691,234.95748977612269,71.92725340688621,234.95748977612269,234.95748977612269
65,3.462836647521672,22.33649443177427,32.96157240614849,146.3466305369653,278.2414047272246,224.6754633603691,163.97042689157664,65.39133291531103,0.0,56.36991327099788,128.9406452562424,32.96157240614849,278.2414047272246,224.6754633603691,0.0926797102431434,46.27744271092702,224.6754633603691,65.39133291531103,32.96157240614849,65.39133291531103,65.39133291531103
66,0.0,13.492084115938772,34.67400516709484,128.9406452562424,101.85742868401285,19.354451067867316,278.2414047272246,133.6835171093017,9.739914662371811,46.27744271092702,32.96157240614849,107.24455126279436,101.85742868401285,92.14429197521228,0.0,128.9406452562424,92.14429197521228,133.6835171093017,34.67400516709484,133.6835171093017,133.6835171093017
67,0.0,15.660569223528796,46.27744271092702,32.96157240614849,207.67966810430173,92.14429197521228,281.1767994965958,101.85742868401285,4.357497648516051,71.23373795253224,107.24455126279436,146.3466305369653,207.67966810430173,32.96157240614849,3.048924092869573,146.3466305369653,32.96157240614849,101.85742868401285,46.27744271092702,101.85742868401285,101.85742868401285
68,0.0,35.57219641929099,107.24455126279436,107.24455126279436,67.94967839208859,232.42238487932488,84.8165179840258,258.32151518822434,4.980428504757223,28.24264372169233,224.6754633603691,128.9406452562424,67.94967839208859,232.42238487932488,4.439915437568395,32.96157240614849,232.42238487932488,258.32151518822434,107.24455126279436,258.32151518822434,207.67966810430173
69,3.104505054985564,34.67400516709484,71.23373795253224,224.6754633603691,32.96157240614849,132.36360231810124,276.08785080937423,333.1266918484706,8.787753067226653,32.96157240614849,224.6754633603691,107.24455126279436,32.96157240614849,115.15722557659484,22.33649443177427,46.27744271092702,115.15722557659484,333.1266918484706,71.23373795253224,333.1266918484706,67.94967839208859
70,0.0,10.347450506012,84.8165179840258,146.3466305369653,224.64301698897955,101.85742868401285,185.30412046986163,171.65838801782064,8.274183569068175,34.67400516709484,92.14429197521228,32.96157240614849,224.64301698897955,224.6754633603691,13.492084115938772,107.24455126279436,224.6754633603691,171.65838801782064,84.8165179840258,171.65838801782064,32.96157240614849
71,0.0,0.0926797102431434,34.67400516709484,128.9406452562424,224.64301698897955,278.2414047272246,224.64301698897955,101.85742868401285,2.29150235109587,37.97921592199604,32.96157240614849,224.64301698897955,224.64301698897955,101.85742868401285,15.660569223528796,71.23373795253224,101.85742868401285,101.85742868401285,19.354451067867316,101.85742868401285,224.64301698897955
72,0.0,35.57219641929099,71.92725340688621,107.24455126279436,101.85742868401285,163.97042689157664,101.85742868401285,163.97042689157664,15.660569223528796,42.79962381409237,232.42238487932488,224.64301698897955,101.85742868401285,174.79666453829873,35.57219641929099,101.85742868401285,174.79666453829873,163.97042689157664,34.67400516709484,163.97042689157664,101.85742868401285
73,0.0,34.67400516709484,71.23373795253224,32.96157240614849,163.97042689157664,224.64301698897955,163.97042689157664,278.2414047272246,5.1396572837575984,37.97921592199604,115.15722557659484,32.96157240614849,163.97042689157664,281.12558583712195,4.099719773693866,32.96157240614849,281.12558583712195,278.2414047272246,56.36991327099788,278.2414047272246,163.97042689157664
74,6.311611898113961,15.660569223528796,107.24455126279436,224.64301698897955,278.2414047272246,224.64301698897955,278.2414047272246,46.27744271092702,0.1196913799091976,56.36991327099788,224.6754633603691,101.85742868401285,278.2414047272246,32.96157240614849,34.67400516709484,207.67966810430173,32.96157240614849,46.27744271092702,28.24264372169233,46.27744271092702,278.2414047272246
75,0.1196913799091976,0.0,32.96157240614849,101.85742868401285,146.3466305369653,101.85742868401285,146.3466305369653,71.23373795253224,0.0926797102431434,46.27744271092702,101.85742868401285,207.67966810430173,146.3466305369653,248.28271341834568,27.22288322454476,46.27744271092702,248.28271341834568,71.23373795253224,71.23373795253224,71.23373795253224,46.27744271092702
76,0.0926797102431434,3.048924092869573,46.27744271092702,163.97042689157664,128.9406452562424,35.87184899395712,128.9406452562424,101.85742868401285,2.199198743708845,0.0,79.36255748832711,67.94967839208859,128.9406452562424,101.85742868401285,10.347450506012,67.94967839208859,101.85742868401285,101.85742868401285,60.00600055559878,101.85742868401285,71.23373795253224
77,0.0669467607792184,4.439915437568395,34.67400516709484,278.2414047272246,32.96157240614849,207.67966810430173,32.96157240614849,207.67966810430173,0.0280877934472444,71.23373795253224,32.96157240614849,101.85742868401285,32.96157240614849,207.67966810430173,0.0926797102431434,71.23373795253224,207.67966810430173,207.67966810430173,46.27744271092702,207.67966810430173,101.85742868401285
78,0.0325314998532016,13.492084115938772,84.8165179840258,101.85742868401285,224.64301698897955,67.94967839208859,224.64301698897955,19.354451067867316,0.0,28.24264372169233,200.82209477233357,196.8268466256348,224.64301698897955,67.94967839208859,35.57219641929099,146.3466305369653,67.94967839208859,19.354451067867316,34.67400516709484,19.354451067867316,207.67966810430173
79,5.214161531673639,8.712023740113676,71.92725340688621,207.67966810430173,110.74916787176912,146.3466305369653,107.24455126279436,85.15605513359502,5.1396572837575984,38.88509720324353,32.96157240614849,32.96157240614849,110.74916787176912,146.3466305369653,34.67400516709484,46.27744271092702,146.3466305369653,85.15605513359502,84.8165179840258,85.15605513359502,19.354451067867316
80,0.0,29.8928208075054,71.26974968103113,32.96157240614849,146.3466305369653,128.9406452562424,146.3466305369653,224.6754633603691,0.0,32.96157240614849,71.26974968103113,78.32564856753018,146.3466305369653,128.9406452562424,27.22288322454476,128.9406452562424,128.9406452562424,224.6754633603691,71.92725340688621,224.6754633603691,85.15605513359502
81,0.0,4.099719773693866,32.96157240614849,224.64301698897955,32.96157240614849,32.96157240614849,32.96157240614849,32.96157240614849,8.712023740113676,43.32087581204169,101.85742868401285,224.6754633603691,32.96157240614849,32.96157240614849,15.660569223528796,32.96157240614849,32.96157240614849,32.96157240614849,32.96157240614849,32.96157240614849,224.6754633603691
82,0.0,32.96157240614849,46.27744271092702,67.94967839208859,128.9406452562424,224.64301698897955,128.9406452562424,207.67966810430173,0.0926797102431434,37.97921592199604,207.67966810430173,32.96157240614849,128.9406452562424,224.64301698897955,0.0,107.24455126279436,224.64301698897955,207.67966810430173,46.27744271092702,207.67966810430173,32.96157240614849
83,0.0,22.33649443177427,107.24455126279436,32.96157240614849,224.64301698897955,107.24455126279436,224.64301698897955,101.85742868401285,0.0,56.36991327099788,46.27744271092702,207.67966810430173,224.64301698897955,107.24455126279436,3.048924092869573,71.23373795253224,107.24455126279436,101.85742868401285,107.24455126279436,101.85742868401285,207.67966810430173
84,2.9758561045830887,13.492084115938772,71.92725340688621,207.67966810430173,107.24455126279436,146.3466305369653,107.24455126279436,224.64301698897955,3.1806734144966624,0.0,67.94967839208859,101.85742868401285,107.24455126279436,146.3466305369653,4.439915437568395,146.3466305369653,146.3466305369653,224.64301698897955,71.23373795253224,224.64301698897955,101.85742868401285
85,3.1806734144966624,8.712023740113676,84.8165179840258,101.85742868401285,128.9406452562424,32.96157240614849,128.9406452562424,67.94967839208859,2.29150235109587,28.24264372169233,146.3466305369653,224.64301698897955,128.9406452562424,32.96157240614849,13.492084115938772,128.9406452562424,32.96157240614849,67.94967839208859,71.92725340688621,67.94967839208859,224.64301698897955
86,0.0,34.67400516709484,34.67400516709484,224.64301698897955,146.3466305369653,128.9406452562424,146.3466305369653,128.9406452562424,4.439915437568395,32.96157240614849,128.9406452562424,67.94967839208859,146.3466305369653,128.9406452562424,8.712023740113676,71.23373795253224,128.9406452562424,128.9406452562424,84.8165179840258,128.9406452562424,67.94967839208859
87,2.0956956867578507,4.439915437568395,32.96157240614849,67.94967839208859,32.96157240614849,224.64301698897955,32.96157240614849,146.3466305369653,4.099719773693866,34.67400516709484,32.96157240614849,128.9406452562424,32.96157240614849,224.64301698897955,4.099719773693866,107.24455126279436,224.64301698897955,146.3466305369653,34.67400516709484,146.3466305369653,128.9406452562424
88,0.0,0.0,46.27744271092702,101.85742868401285,107.24455126279436,107.24455126279436,109.57435695223587,32.96157240614849,4.357497648516051,46.27744271092702,224.64301698897955,146.3466305369653,107.24455126279436,107.24455126279436,22.33649443177427,32.96157240614849,107.24455126279436,32.96157240614849,32.96157240614849,32.96157240614849,146.3466305369653
89,0.0,3.048924092869573,107.24455126279436,32.96157240614849,224.64301698897955,128.9406452562424,224.64301698897955,107.24455126279436,3.048924092869573,42.79962381409237,107.24455126279436,32.96157240614849,224.64301698897955,101.85742868401285,12.27871044879202,46.27744271092702,101.85742868401285,107.24455126279436,46.27744271092702,107.24455126279436,32.96157240614849
90,0.0,22.33649443177427,71.23373795253224,207.67966810430173,128.9406452562424,146.3466305369653,128.9406452562424,224.64301698897955,2.0956956867578507,71.23373795253224,146.3466305369653,107.24455126279436,128.9406452562424,32.96157240614849,6.099190994978948,32.96157240614849,32.96157240614849,224.64301698897955,107.24455126279436,224.64301698897955,107.24455126279436
91,0.0669467607792184,32.96157240614849,56.36991327099788,67.94967839208859,146.3466305369653,110.74916787176912,107.24455126279436,101.85742868401285,0.0,37.97921592199604,32.96157240614849,224.64301698897955,146.3466305369653,196.8268466256348,13.492084115938772,71.26974968103113,196.8268466256348,101.85742868401285,71.23373795253224,101.85742868401285,224.64301698897955
92,0.0,29.8928208075054,46.27744271092702,224.64301698897955,32.96157240614849,32.96157240614849,146.3466305369653,207.67966810430173,0.0,0.0,128.9406452562424,128.9406452562424,32.96157240614849,78.32564856753018,8.712023740113676,101.85742868401285,78.32564856753018,207.67966810430173,71.92725340688621,207.67966810430173,101.85742868401285
93,0.0,15.660569223528796,28.24264372169233,101.85742868401285,110.74916787176912,224.64301698897955,32.96157240614849,32.96157240614849,5.08335688941316,34.67400516709484,224.64301698897955,146.3466305369653,110.74916787176912,224.64301698897955,34.67400516709484,207.67966810430173,224.64301698897955,32.96157240614849,46.27744271092702,32.96157240614849,207.67966810430173
94,0.1196913799091976,4.099719773693866,19.354451067867316,67.94967839208859,224.64301698897955,128.9406452562424,224.64301698897955,71.76578972739628,4.980428504757223,56.36991327099788,107.24455126279436,32.96157240614849,224.64301698897955,101.85742868401285,4.439915437568395,46.27744271092702,101.85742868401285,71.76578972739628,0.0,71.76578972739628,32.96157240614849
95,0.0,34.396724496310675,0.0,207.67966810430173,224.64301698897955,71.26974968103113,34.67400516709484,224.64301698897955,9.739914662371811,28.24264372169233,101.85742868401285,110.74916787176912,224.64301698897955,207.67966810430173,0.0,67.94967839208859,207.67966810430173,224.64301698897955,37.97921592199604,224.64301698897955,71.76578972739628
96,0.0,0.0926797102431434,37.97921592199604,32.96157240614849,101.85742868401285,146.3466305369653,224.64301698897955,92.14429197521228,0.0,71.23373795253224,32.96157240614849,224.64301698897955,101.85742868401285,32.96157240614849,0.0926797102431434,101.85742868401285,32.96157240614849,92.14429197521228,32.96157240614849,92.14429197521228,224.64301698897955
97,0.0325314998532016,10.347450506012,34.67400516709484,224.64301698897955,207.67966810430173,46.27744271092702,84.8165179840258,196.8268466256348,8.274183569068175,32.96157240614849,196.8268466256348,101.85742868401285,207.67966810430173,69.66645254905293,3.048924092869573,196.8268466256348,69.66645254905293,196.8268466256348,34.67400516709484,196.8268466256348,92.14429197521228
98,6.311611898113961,10.347450506012,60.00600055559878,92.14429197521228,32.96157240614849,32.96157240614849,71.92725340688621,32.96157240614849,0.1196913799091976,46.27744271092702,78.32564856753018,196.8268466256348,32.96157240614849,224.64301698897955,22.33649443177427,71.26974968103113,224.64301698897955,32.96157240614849,107.24455126279436,32.96157240614849,196.8268466256348
99,0.0,0.0,71.23373795253224,224.64301698897955,67.94967839208859,110.74916787176912,32.96157240614849,148.4192221491747,6.52170685096182,43.32087581204169,224.64301698897955,32.96157240614849,67.94967839208859,92.14429197521228,10.719746131060525,32.96157240614849,92.14429197521228,148.4192221491747,71.23373795253224,148.4192221491747,32.96157240614849
100,0.0,4.439915437568395,71.92725340688621,221.569563400658,32.96157240614849,224.64301698897955,107.24455126279436,224.6754633603691,15.660569223528796,34.67400516709484,101.85742868401285,78.32564856753018,32.96157240614849,224.64301698897955,15.660569223528796,46.27744271092702,224.64301698897955,224.6754633603691,71.92725340688621,224.6754633603691,148.4192221491747
101,0.0,15.660569223528796,84.8165179840258,32.96157240614849,146.3466305369653,128.9406452562424,32.96157240614849,32.96157240614849,8.787753067226653,37.97921592199604,207.67966810430173,248.28271341834568,146.3466305369653,232.42238487932488,12.27871044879202,78.32564856753018,232.42238487932488,32.96157240614849,84.8165179840258,32.96157240614849,224.6754633603691
102,0.0,22.33649443177427,107.24455126279436,123.15249621348003,128.9406452562424,146.3466305369653,146.3466305369653,146.3466305369653,2.199198743708845,0.0,32.96157240614849,32.96157240614849,128.9406452562424,32.96157240614849,4.099719773693866,46.27744271092702,32.96157240614849,146.3466305369653,71.23373795253224,146.3466305369653,32.96157240614849
103,0.0,13.492084115938772,34.67400516709484,32.96157240614849,224.64301698897955,32.96157240614849,128.9406452562424,128.9406452562424,0.0280877934472444,56.36991327099788,69.66645254905293,146.3466305369653,224.64301698897955,115.15722557659484,35.57219641929099,32.96157240614849,115.15722557659484,128.9406452562424,107.24455126279436,128.9406452562424,146.3466305369653
104,0.0,32.96157240614849,32.96157240614849,146.3466305369653,107.24455126279436,107.24455126279436,224.64301698897955,224.64301698897955,6.52170685096182,28.24264372169233,224.64301698897955,128.9406452562424,107.24455126279436,92.14429197521228,5.150291288737839,207.67966810430173,92.14429197521228,224.64301698897955,34.67400516709484,224.64301698897955,128.9406452562424
105,0.0,34.67400516709484,46.27744271092702,128.9406452562424,65.39133291531103,92.14429197521228,107.24455126279436,109.57435695223587,2.199198743708845,32.96157240614849,92.14429197521228,224.64301698897955,65.39133291531103,165.57690270596052,10.347450506012,71.23373795253224,165.57690270596052,109.57435695223587,32.96157240614849,109.57435695223587,224.64301698897955
106,0.0,8.712023740113676,71.26974968103113,224.64301698897955,80.141789311817,174.10803796214083,221.569563400658,107.24455126279436,8.274183569068175,46.27744271092702,224.64301698897955,109.57435695223587,80.141789311817,136.292366896059,6.099190994978948,101.85742868401285,136.292366896059,107.24455126279436,46.27744271092702,107.24455126279436,109.57435695223587
107,3.462836647521672,27.22288322454476,34.67400516709484,109.57435695223587,243.11715898316365,141.8793582880346,36.74694265656541,146.3466305369653,8.712023740113676,42.79962381409237,232.42238487932488,107.24455126279436,243.11715898316365,224.64301698897955,10.347450506012,67.94967839208859,224.64301698897955,146.3466305369653,34.67400516709484,146.3466305369653,107.24455126279436
108,0.0,4.099719773693866,71.92725340688621,107.24455126279436,121.09049556831172,224.64301698897955,92.14429197521228,128.9406452562424,0.0926797102431434,71.23373795253224,32.96157240614849,146.3466305369653,121.09049556831172,133.42519774713443,0.0,128.9406452562424,133.42519774713443,128.9406452562424,71.92725340688621,128.9406452562424,146.3466305369653
109,2.29150235109587,3.048924092869573,71.26974968103113,146.3466305369653,224.64301698897955,123.31922165131174,224.64301698897955,32.96157240614849,4.357497648516051,0.0,115.15722557659484,128.9406452562424,224.64301698897955,221.569563400658,4.439915437568395,146.3466305369653,221.569563400658,32.96157240614849,84.8165179840258,32.96157240614849,128.9406452562424
110,0.0,34.396724496310675,84.8165179840258,128.9406452562424,224.64301698897955,107.24455126279436,123.15249621348003,224.64301698897955,3.1806734144966624,28.24264372169233,0.0,32.96157240614849,224.64301698897955,92.14429197521228,15.660569223528796,71.26974968103113,92.14429197521228,224.64301698897955,35.87184899395712,224.64301698897955,32.96157240614849
111,3.048924092869573,0.0926797102431434,35.87184899395712,32.96157240614849,146.3466305369653,146.3466305369653,224.64301698897955,224.64301698897955,0.0,56.36991327099788,32.96157240614849,224.64301698897955,146.3466305369653,32.96157240614849,10.719746131060525,32.96157240614849,32.96157240614849,224.64301698897955,46.27744271092702,224.64301698897955,224.64301698897955
112,5.983319937924184,8.712023740113676,46.27744271092702,224.64301698897955,128.9406452562424,128.9406452562424,146.3466305369653,146.3466305369653,3.048924092869573,37.97921592199604,146.3466305369653,224.64301698897955,128.9406452562424,224.64301698897955,12.339573747295251,46.27744271092702,224.64301698897955,146.3466305369653,107.24455126279436,146.3466305369653,224.64301698897955
113,1.3755487060531857,4.439915437568395,107.24455126279436,224.64301698897955,32.96157240614849,32.96157240614849,128.9406452562424,128.9406452562424,4.439915437568395,34.67400516709484,82.10334319421264,146.3466305369653,32.96157240614849,123.15249621348003,4.099719773693866,107.24455126279436,123.15249621348003,128.9406452562424,71.23373795253224,128.9406452562424,146.3466305369653
114,0.0926797102431434,29.8928208075054,71.92725340688621,146.3466305369653,107.24455126279436,224.64301698897955,32.96157240614849,32.96157240614849,4.099719773693866,32.96157240614849,224.64301698897955,128.9406452562424,107.24455126279436,46.27744271092702,3.048924092869573,128.9406452562424,46.27744271092702,32.96157240614849,71.92725340688621,32.96157240614849,128.9406452562424
115,2.270403213518286,15.660569223528796,84.8165179840258,128.9406452562424,221.569563400658,224.64301698897955,109.57435695223587,109.57435695223587,0.0,46.27744271092702,107.24455126279436,32.96157240614849,221.569563400658,216.4230337674108,0.0926797102431434,146.3466305369653,216.4230337674108,109.57435695223587,84.8165179840258,109.57435695223587,32.96157240614849
116,2.199198743708845,0.0,34.67400516709484,32.96157240614849,92.14429197521228,146.3466305369653,146.3466305369653,221.569563400658,0.0,42.79962381409237,107.24455126279436,107.24455126279436,92.14429197521228,116.92411300878577,22.33649443177427,32.96157240614849,116.92411300878577,221.569563400658,34.67400516709484,221.569563400658,109.57435695223587
117,0.0280877934472444,0.0926797102431434,32.96157240614849,109.57435695223587,123.15249621348003,128.9406452562424,128.9406452562424,92.14429197521228,2.0956956867578507,71.23373795253224,46.27744271092702,221.569563400658,123.15249621348003,101.85742868401285,6.1102707250581405,110.74916787176912,101.85742868401285,92.14429197521228,32.96157240614849,92.14429197521228,221.569563400658
118,0.0,4.099719773693866,46.27744271092702,221.569563400658,32.96157240614849,32.96157240614849,32.96157240614849,123.15249621348003,2.29150235109587,56.36991327099788,146.3466305369653,92.14429197521228,32.96157240614849,19.354451067867316,13.492084115938772,224.64301698897955,19.354451067867316,123.15249621348003,46.27744271092702,123.15249621348003,92.14429197521228
119,0.0,22.33649443177427,107.24455126279436,92.14429197521228,224.64301698897955,107.24455126279436,107.24455126279436,32.96157240614849,0.0,46.27744271092702,128.9406452562424,71.26974968103113,224.64301698897955,73.32342300704393,34.67400516709484,101.85742868401285,73.32342300704393,32.96157240614849,107.24455126279436,32.96157240614849,123.15249621348003
120,0.0,13.492084115938772,71.23373795253224,71.26974968103113,32.96157240614849,232.42238487932488,224.64301698897955,247.9085117670747,0.0280877934472444,28.24264372169233,32.96157240614849,46.27744271092702,32.96157240614849,232.42238487932488,8.712023740113676,196.8268466256348,232.42238487932488,247.9085117670747,71.23373795253224,247.9085117670747,32.96157240614849
121,0.0,38.88509720324353,56.36991327099788,46.27744271092702,207.67966810430173,92.14429197521228,32.96157240614849,146.3466305369653,0.0,0.0,71.23373795253224,123.15249621348003,207.67966810430173,92.14429197521228,34.396724496310675,32.96157240614849,92.14429197521228,146.3466305369653,71.92725340688621,146.3466305369653,247.9085117670747
122,0.0926797102431434,3.048924092869573,46.27744271092702,123.15249621348003,101.85742868401285,32.96157240614849,196.8268466256348,32.96157240614849,0.0,37.97921592199604,46.27744271092702,32.96157240614849,101.85742868401285,32.96157240614849,5.08335688941316,78.32564856753018,32.96157240614849,32.96157240614849,46.27744271092702,32.96157240614849,146.3466305369653
123,0.0,32.96157240614849,32.96157240614849,32.96157240614849,67.94967839208859,115.15722557659484,101.85742868401285,128.9406452562424,15.660569223528796,32.96157240614849,216.4230337674108,146.3466305369653,67.94967839208859,115.15722557659484,8.712023740113676,46.27744271092702,115.15722557659484,128.9406452562424,32.96157240614849,128.9406452562424,32.96157240614849
124,3.1806734144966624,34.396724496310675,51.26509554837951,146.3466305369653,224.64301698897955,224.64301698897955,78.32564856753018,107.24455126279436,4.980428504757223,34.67400516709484,116.92411300878577,32.96157240614849,224.64301698897955,224.64301698897955,4.439915437568395,71.26974968103113,224.64301698897955,107.24455126279436,71.23373795253224,107.24455126279436,128.9406452562424
125,2.29150235109587,10.347450506012,71.23373795253224,32.96157240614849,101.85742868401285,32.96157240614849,224.64301698897955,224.64301698897955,9.739914662371811,42.79962381409237,101.85742868401285,128.9406452562424,101.85742868401285,32.96157240614849,10.719746131060525,32.96157240614849,32.96157240614849,224.64301698897955,84.8165179840258,224.64301698897955,107.24455126279436
126,0.0,8.712023740113676,84.8165179840258,128.9406452562424,32.96157240614849,196.8268466256348,101.85742868401285,224.64301698897955,5.1396572837575984,71.23373795253224,19.354451067867316,107.24455126279436,32.96157240614849,196.8268466256348,15.660569223528796,146.3466305369653,196.8268466256348,224.64301698897955,34.67400516709484,224.64301698897955,224.64301698897955
127,0.0,0.0926797102431434,104.45530724746403,107.24455126279436,207.67966810430173,101.85742868401285,163.97042689157664,101.85742868401285,8.787753067226653,28.24264372169233,73.32342300704393,224.64301698897955,207.67966810430173,101.85742868401285,0.0,46.27744271092702,101.85742868401285,101.85742868401285,107.24455126279436,101.85742868401285,224.64301698897955
128,0.0,4.439915437568395,84.8165179840258,224.64301698897955,67.94967839208859,80.38426003547583,278.2414047272246,32.96157240614849,0.1196913799091976,56.36991327099788,232.42238487932488,224.64301698897955,67.94967839208859,80.38426003547583,0.0926797102431434,128.9406452562424,80.38426003547583,32.96157240614849,84.8165179840258,32.96157240614849,101.85742868401285
129,3.048924092869573,0.0,71.92725340688621,224.64301698897955,224.6754633603691,224.64301698897955,224.6754633603691,207.67966810430173,5.08335688941316,37.97921592199604,92.14429197521228,101.85742868401285,224.6754633603691,224.64301698897955,4.099719773693866,71.23373795253224,224.64301698897955,207.67966810430173,71.92725340688621,207.67966810430173,32.96157240614849
130,2.270403213518286,22.33649443177427,110.74916787176912,101.85742868401285,224.64301698897955,224.64301698897955,224.64301698897955,67.94967839208859,2.199198743708845,0.0,32.96157240614849,32.96157240614849,224.64301698897955,224.64301698897955,22.33649443177427,109.57435695223587,224.64301698897955,67.94967839208859,77.68754822417431,67.94967839208859,207.67966810430173
131,2.0956956867578507,13.492084115938772,34.67400516709484,32.96157240614849,207.67966810430173,200.82209477233357,101.85742868401285,224.64301698897955,8.274183569068175,71.23373795253224,115.15722557659484,207.67966810430173,207.67966810430173,101.85742868401285,5.150291288737839,107.24455126279436,101.85742868401285,224.64301698897955,34.67400516709484,224.64301698897955,67.94967839208859
132,0.0,32.96157240614849,32.96157240614849,207.67966810430173,101.85742868401285,101.85742868401285,278.8444646218688,207.67966810430173,0.0926797102431434,42.79962381409237,224.64301698897955,67.94967839208859,101.85742868401285,32.96157240614849,0.0,46.27744271092702,32.96157240614849,207.67966810430173,32.96157240614849,207.67966810430173,224.64301698897955
133,0.0,4.099719773693866,46.27744271092702,67.94967839208859,32.96157240614849,32.96157240614849,130.74687649235602,101.85742868401285,9.739914662371811,34.67400516709484,32.96157240614849,224.64301698897955,32.96157240614849,207.67966810430173,13.492084115938772,146.3466305369653,207.67966810430173,101.85742868401285,62.6887904036423,101.85742868401285,207.67966810430173
134,0.0,10.347450506012,71.23373795253224,224.64301698897955,67.94967839208859,79.36255748832711,224.64301698897955,32.96157240614849,4.357497648516051,32.96157240614849,196.8268466256348,207.67966810430173,67.94967839208859,67.94967839208859,24.13542086332589,128.9406452562424,67.94967839208859,32.96157240614849,107.24455126279436,32.96157240614849,101.85742868401285
135,0.0669467607792184,34.67400516709484,84.8165179840258,207.67966810430173,224.64301698897955,146.3466305369653,32.96157240614849,67.94967839208859,15.660569223528796,46.27744271092702,101.85742868401285,101.85742868401285,224.64301698897955,146.3466305369653,3.048924092869573,32.96157240614849,146.3466305369653,67.94967839208859,84.8165179840258,67.94967839208859,32.96157240614849
136,0.0,27.22288322454476,71.26974968103113,101.85742868401285,32.96157240614849,224.64301698897955,146.3466305369653,224.64301698897955,0.0,10.347450506012,80.38426003547583,32.96157240614849,32.96157240614849,224.64301698897955,35.57219641929099,71.23373795253224,224.64301698897955,224.64301698897955,34.67400516709484,224.64301698897955,67.94967839208859
137,6.311611898113961,3.048924092869573,56.36991327099788,32.96157240614849,146.3466305369653,128.9406452562424,128.9406452562424,278.2414047272246,4.439915437568395,34.67400516709484,224.64301698897955,67.94967839208859,146.3466305369653,128.9406452562424,10.347450506012,46.27744271092702,128.9406452562424,278.2414047272246,71.26974968103113,278.2414047272246,224.64301698897955
138,0.0,15.660569223528796,46.27744271092702,67.94967839208859,128.9406452562424,32.96157240614849,107.24455126279436,101.85742868401285,0.0,0.0,224.64301698897955,224.64301698897955,128.9406452562424,32.96157240614849,12.27871044879202,146.3466305369653,32.96157240614849,101.85742868401285,71.92725340688621,101.85742868401285,278.2414047272246
139,0.0280877934472444,34.396724496310675,51.26509554837951,224.64301698897955,107.24455126279436,107.24455126279436,196.8268466256348,163.97042689157664,0.0,56.36991327099788,101.85742868401285,278.2414047272246,107.24455126279436,107.24455126279436,6.099190994978948,71.26974968103113,107.24455126279436,163.97042689157664,46.27744271092702,163.97042689157664,101.85742868401285
140,0.0,27.22288322454476,32.96157240614849,278.2414047272246,196.8268466256348,224.64301698897955,101.85742868401285,207.67966810430173,0.0,32.96157240614849,32.96157240614849,101.85742868401285,196.8268466256348,224.64301698897955,8.712023740113676,128.9406452562424,224.64301698897955,207.67966810430173,32.96157240614849,207.67966810430173,163.97042689157664
141,0.0,8.712023740113676,110.74916787176912,101.85742868401285,101.85742868401285,32.96157240614849,36.74694265656541,101.85742868401285,0.0,28.24264372169233,207.67966810430173,163.97042689157664,101.85742868401285,32.96157240614849,0.0926797102431434,32.96157240614849,32.96157240614849,101.85742868401285,110.74916787176912,101.85742868401285,207.67966810430173
142,0.0,3.048924092869573,34.67400516709484,163.97042689157664,224.64301698897955,146.3466305369653,224.64301698897955,36.74694265656541,5.1396572837575984,37.97921592199604,67.94967839208859,207.67966810430173,224.64301698897955,146.3466305369653,4.439915437568395,107.24455126279436,146.3466305369653,36.74694265656541,0.0,36.74694265656541,101.85742868401285
143,0.0,0.0,84.8165179840258,207.67966810430173,32.96157240614849,128.9406452562424,78.32564856753018,224.64301698897955,0.0,27.22288322454476,146.3466305369653,101.85742868401285,32.96157240614849,128.9406452562424,0.0,196.8268466256348,128.9406452562424,224.64301698897955,34.67400516709484,224.64301698897955,36.74694265656541
144,0.0,19.354451067867316,71.92725340688621,101.85742868401285,78.32564856753018,107.24455126279436,101.85742868401285,67.94967839208859,2.29150235109587,46.27744271092702,224.64301698897955,36.74694265656541,78.32564856753018,107.24455126279436,22.33649443177427,0.0,107.24455126279436,67.94967839208859,37.97921592199604,67.94967839208859,224.64301698897955
145,0.0,10.347450506012,71.23373795253224,36.74694265656541,101.85742868401285,128.9406452562424,163.97042689157664,101.85742868401285,8.712023740113676,42.79962381409237,128.9406452562424,224.64301698897955,101.85742868401285,196.8268466256348,13.492084115938772,71.26974968103113,196.8268466256348,101.85742868401285,71.92725340688621,101.85742868401285,67.94967839208859
146,0.0,4.099719773693866,32.96157240614849,224.64301698897955,163.97042689157664,146.3466305369653,278.2414047272246,163.97042689157664,3.1806734144966624,56.36991327099788,32.96157240614849,67.94967839208859,163.97042689157664,101.85742868401285,6.099190994978948,46.27744271092702,101.85742868401285,163.97042689157664,71.23373795253224,163.97042689157664,101.85742868401285
147,0.1196913799091976,34.67400516709484,46.27744271092702,67.94967839208859,278.2414047272246,224.64301698897955,224.64301698897955,278.2414047272246,4.099719773693866,37.97921592199604,107.24455126279436,146.3466305369653,278.2414047272246,224.64301698897955,4.099719773693866,55.020126621983074,224.64301698897955,278.2414047272246,32.96157240614849,278.2414047272246,163.97042689157664
148,3.462836647521672,4.439915437568395,107.24455126279436,101.85742868401285,224.64301698897955,32.96157240614849,207.67966810430173,224.64301698897955,6.52170685096182,0.0,224.64301698897955,32.96157240614849,224.64301698897955,32.96157240614849,10.347450506012,78.32564856753018,32.96157240614849,224.64301698897955,46.27744271092702,224.64301698897955,278.2414047272246
149,0.0325314998532016,13.492084115938772,0.0,163.97042689157664,196.8268466256348,107.24455126279436,224.64301698897955,224.64301698897955,3.048924092869573,34.67400516709484,32.96157240614849,128.9406452562424,196.8268466256348,78.32564856753018,34.67400516709484,32.96157240614849,78.32564856753018,224.64301698897955,107.24455126279436,224.64301698897955,224.64301698897955
150,0.0,51.60310123781711,32.96157240614849,278.2414047272246,224.64301698897955,101.85742868401285,101.85742868401285,146.3466305369653,2.0956956867578507,32.96157240614849,146.3466305369653,107.24455126279436,224.64301698897955,101.85742868401285,27.22288322454476,46.27744271092702,101.85742868401285,146.3466305369653,32.96157240614849,146.3466305369653,224.64301698897955
151,0.0,22.33649443177427,34.67400516709484,224.64301698897955,101.85742868401285,163.97042689157664,32.96157240614849,128.9406452562424,8.787753067226653,28.24264372169233,128.9406452562424,224.64301698897955,101.85742868401285,163.97042689157664,3.048924092869573,146.3466305369653,163.97042689157664,128.9406452562424,56.36991327099788,128.9406452562424,146.3466305369653
152,2.9758561045830887,15.660569223528796,71.92725340688621,207.67966810430173,32.96157240614849,278.2414047272246,67.94967839208859,32.96157240614849,0.1196913799091976,46.27744271092702,107.24455126279436,207.67966810430173,32.96157240614849,278.2414047272246,15.660569223528796,32.96157240614849,278.2414047272246,32.96157240614849,46.27744271092702,32.96157240614849,128.9406452562424
153,5.983319937924184,0.0926797102431434,46.27744271092702,224.64301698897955,78.32564856753018,224.64301698897955,32.96157240614849,107.24455126279436,5.150291288737839,42.79962381409237,196.8268466256348,224.64301698897955,78.32564856753018,224.64301698897955,34.396724496310675,71.23373795253224,224.64301698897955,107.24455126279436,51.26509554837951,107.24455126279436,32.96157240614849
154,3.318778464280774,34.67400516709484,37.97921592199604,101.85742868401285,32.96157240614849,224.64301698897955,101.85742868401285,32.96157240614849,4.980879390250106,71.23373795253224,101.85742868401285,101.85742868401285,32.96157240614849,224.64301698897955,12.27871044879202,128.9406452562424,224.64301698897955,32.96157240614849,84.8165179840258,32.96157240614849,107.24455126279436
155,2.844536548299099,8.712023740113676,71.23373795253224,32.96157240614849,101.85742868401285,146.3466305369653,224.64301698897955,101.85742868401285,0.0280877934472444,56.36991327099788,224.64301698897955,32.96157240614849,101.85742868401285,146.3466305369653,27.22288322454476,107.24455126279436,146.3466305369653,101.85742868401285,71.23373795253224,101.85742868401285,32.96157240614849
156,2.199198743708845,22.33649443177427,107.24455126279436,67.94967839208859,224.64301698897955,128.9406452562424,207.67966810430173,224.64301698897955,2.29150235109587,46.27744271092702,32.96157240614849,67.94967839208859,224.64301698897955,128.9406452562424,8.712023740113676,46.27744271092702,128.9406452562424,224.64301698897955,109.57435695223587,224.64301698897955,101.85742868401285
157,2.9758561045830887,29.8928208075054,107.24455126279436,32.96157240614849,207.67966810430173,32.96157240614849,67.94967839208859,207.67966810430173,8.712023740113676,32.96157240614849,78.32564856753018,32.96157240614849,207.67966810430173,32.96157240614849,3.048924092869573,101.85742868401285,32.96157240614849,207.67966810430173,107.24455126279436,207.67966810430173,224.64301698897955
158,2.199198743708845,0.0,46.27744271092702,146.3466305369653,67.94967839208859,107.24455126279436,146.3466305369653,67.94967839208859,4.357497648516051,28.24264372169233,32.96157240614849,146.3466305369653,67.94967839208859,107.24455126279436,0.0,32.96157240614849,107.24455126279436,67.94967839208859,46.27744271092702,67.94967839208859,207.67966810430173
159,0.0,4.439915437568395,56.36991327099788,128.9406452562424,146.3466305369653,32.96157240614849,32.96157240614849,146.3466305369653,4.439915437568395,0.0,101.85742868401285,128.9406452562424,146.3466305369653,101.85742868401285,10.347450506012,207.67966810430173,101.85742868401285,146.3466305369653,71.92725340688621,146.3466305369653,67.94967839208859
160,0.0926797102431434,13.492084115938772,51.26509554837951,224.64301698897955,32.96157240614849,146.3466305369653,128.9406452562424,32.96157240614849,0.0,37.97921592199604,207.67966810430173,224.64301698897955,32.96157240614849,36.74694265656541,4.099719773693866,67.94967839208859,36.74694265656541,32.96157240614849,84.8165179840258,32.96157240614849,146.3466305369653
161,0.0,4.099719773693866,84.8165179840258,107.24455126279436,128.9406452562424,128.9406452562424,107.24455126279436,128.9406452562424,4.099719773693866,34.67400516709484,67.94967839208859,107.24455126279436,128.9406452562424,224.64301698897955,34.67400516709484,71.23373795253224,224.64301698897955,128.9406452562424,34.67400516709484,128.9406452562424,32.96157240614849
162,3.1806734144966624,32.96157240614849,32.96157240614849,146.3466305369653,107.24455126279436,224.64301698897955,224.64301698897955,107.24455126279436,3.048924092869573,42.79962381409237,224.64301698897955,146.3466305369653,107.24455126279436,207.67966810430173,4.439915437568395,207.67966810430173,207.67966810430173,107.24455126279436,32.96157240614849,107.24455126279436,128.9406452562424
163,0.0,3.048924092869573,71.23373795253224,32.96157240614849,224.64301698897955,107.24455126279436,207.67966810430173,224.64301698897955,8.787753067226653,71.26974968103113,224.64301698897955,32.96157240614849,224.64301698897955,67.94967839208859,13.492084115938772,101.85742868401285,67.94967839208859,224.64301698897955,71.23373795253224,224.64301698897955,107.24455126279436
164,3.048924092869573,15.660569223528796,46.27744271092702,128.9406452562424,207.67966810430173,146.3466305369653,32.96157240614849,92.14429197521228,2.0956956867578507,37.97921592199604,146.3466305369653,128.9406452562424,207.67966810430173,146.3466305369653,6.099190994978948,32.96157240614849,146.3466305369653,92.14429197521228,46.27744271092702,92.14429197521228,224.64301698897955
165,0.0,34.396724496310675,71.92725340688621,107.24455126279436,32.96157240614849,32.96157240614849,101.85742868401285,196.8268466256348,0.0,56.36991327099788,128.9406452562424,107.24455126279436,32.96157240614849,32.96157240614849,12.339573747295251,67.94967839208859,32.96157240614849,196.8268466256348,71.92725340688621,196.8268466256348,92.14429197521228
166,0.0,0.0926797102431434,84.8165179840258,224.64301698897955,101.85742868401285,128.9406452562424,67.94967839208859,32.96157240614849,0.0,0.0,32.96157240614849,224.64301698897955,101.85742868401285,128.9406452562424,34.396724496310675,46.27744271092702,128.9406452562424,32.96157240614849,84.8165179840258,32.96157240614849,196.8268466256348
167,0.0,10.347450506012,34.67400516709484,146.3466305369653,67.94967839208859,107.24455126279436,224.64301698897955,148.4192221491747,0.0,28.24264372169233,107.24455126279436,146.3466305369653,67.94967839208859,107.24455126279436,22.33649443177427,71.23373795253224,107.24455126279436,148.4192221491747,34.67400516709484,148.4192221491747,32.96157240614849
168,0.0,0.0,32.96157240614849,32.96157240614849,224.64301698897955,224.64301698897955,101.85742868401285,224.64301698897955,8.274183569068175,34.67400516709484,101.85742868401285,32.96157240614849,224.64301698897955,224.64301698897955,15.660569223528796,32.96157240614849,224.64301698897955,224.64301698897955,32.96157240614849,224.64301698897955,148.4192221491747
169,0.0669467607792184,13.492084115938772,107.24455126279436,128.9406452562424,101.85742868401285,246.3328328304311,278.2414047272246,101.85742868401285,0.0,32.96157240614849,36.74694265656541,128.9406452562424,101.85742868401285,246.3328328304311,0.0926797102431434,46.27744271092702,246.3328328304311,101.85742868401285,109.57435695223587,101.85742868401285,224.64301698897955
170,2.0956956867578507,3.048924092869573,71.23373795253224,107.24455126279436,278.2414047272246,163.56319447990077,46.27744271092702,278.2414047272246,0.0,46.27744271092702,224.64301698897955,107.24455126279436,278.2414047272246,163.56319447990077,34.67400516709484,207.67966810430173,163.56319447990077,278.2414047272246,71.23373795253224,278.2414047272246,101.85742868401285
171,2.29150235109587,4.099719773693866,0.0,224.64301698897955,163.97042689157664,101.85742868401285,163.97042689157664,163.97042689157664,6.52170685096182,42.79962381409237,207.67966810430173,224.64301698897955,163.97042689157664,101.85742868401285,8.712023740113676,71.23373795253224,101.85742868401285,163.97042689157664,0.0,163.97042689157664,278.2414047272246
172,0.0,4.439915437568395,71.26974968103113,101.85742868401285,224.64301698897955,333.1266918484706,71.26974968103113,224.64301698897955,3.1806734144966624,71.23373795253224,67.94967839208859,101.85742868401285,224.64301698897955,333.1266918484706,22.33649443177427,101.85742868401285,333.1266918484706,224.64301698897955,71.92725340688621,224.64301698897955,163.97042689157664
173,0.0,8.712023740113676,71.92725340688621,278.2414047272246,101.85742868401285,101.85742868401285,128.9406452562424,101.85742868401285,0.0280877934472444,37.97921592199604,146.3466305369653,278.2414047272246,101.85742868401285,101.85742868401285,10.719746131060525,67.94967839208859,101.85742868401285,101.85742868401285,46.27744271092702,101.85742868401285,224.64301698897955
174,0.0,34.67400516709484,46.27744271092702,163.97042689157664,224.64301698897955,278.2414047272246,32.96157240614849,32.96157240614849,15.660569223528796,42.79962381409237,32.96157240614849,163.97042689157664,224.64301698897955,278.2414047272246,0.0,207.67966810430173,278.2414047272246,32.96157240614849,37.97921592199604,32.96157240614849,101.85742868401285
175,0.0,27.22288322454476,37.97921592199604,224.64301698897955,19.354451067867316,163.97042689157664,146.3466305369653,224.64301698897955,0.1196913799091976,34.67400516709484,128.9406452562424,224.6754633603691,19.354451067867316,163.97042689157664,4.439915437568395,101.85742868401285,163.97042689157664,224.64301698897955,34.67400516709484,224.64301698897955,32.96157240614849
176,0.0,32.96157240614849,34.67400516709484,101.85742868401285,207.67966810430173,224.64301698897955,224.64301698897955,207.67966810430173,4.980428504757223,71.26974968103113,107.24455126279436,128.9406452562424,207.67966810430173,224.64301698897955,5.08335688941316,36.74694265656541,224.64301698897955,207.67966810430173,32.96157240614849,207.67966810430173,224.64301698897955
177,0.0,22.33649443177427,32.96157240614849,32.96157240614849,85.15605513359502,128.9406452562424,107.24455126279436,67.94967839208859,9.739914662371811,0.0,224.64301698897955,32.96157240614849,85.15605513359502,128.9406452562424,6.099190994978948,46.27744271092702,128.9406452562424,67.94967839208859,107.24455126279436,67.94967839208859,207.67966810430173
178,5.983319937924184,15.660569223528796,107.24455126279436,207.67966810430173,146.3466305369653,32.96157240614849,146.3466305369653,146.3466305369653,5.1396572837575984,56.36991327099788,196.8268466256348,146.3466305369653,146.3466305369653,110.74916787176912,13.492084115938772,67.94967839208859,110.74916787176912,146.3466305369653,71.23373795253224,146.3466305369653,67.94967839208859
179,0.0,34.396724496310675,110.74916787176912,67.94967839208859,128.9406452562424,146.3466305369653,128.9406452562424,128.9406452562424,0.0926797102431434,28.24264372169233,32.96157240614849,107.24455126279436,128.9406452562424,32.96157240614849,4.099719773693866,71.23373795253224,32.96157240614849,128.9406452562424,62.6887904036423,128.9406452562424,146.3466305369653
180,0.0,0.0926797102431434,46.27744271092702,224.6754633603691,32.96157240614849,107.24455126279436,32.96157240614849,46.27744271092702,5.150291288737839,46.27744271092702,101.85742868401285,224.6754633603691,32.96157240614849,146.3466305369653,3.048924092869573,146.3466305369653,146.3466305369653,46.27744271092702,56.36991327099788,46.27744271092702,128.9406452562424
181,0.0,10.38547218765633,34.67400516709484,146.3466305369653,107.24455126279436,224.6754633603691,107.24455126279436,71.23373795253224,2.199198743708845,32.96157240614849,79.10205979946667,146.3466305369653,107.24455126279436,224.6754633603691,15.660569223528796,32.96157240614849,224.6754633603691,71.23373795253224,32.96157240614849,71.23373795253224,46.27744271092702
182,0.0,10.38547218765633,71.92725340688621,128.9406452562424,224.64301698897955,146.3466305369653,224.64301698897955,32.96157240614849,8.274183569068175,28.24264372169233,224.64301698897955,128.9406452562424,224.64301698897955,146.3466305369653,34.396724496310675,128.9406452562424,146.3466305369653,32.96157240614849,77.68754822417431,32.96157240614849,71.23373795253224
183,0.1196913799091976,4.439915437568395,32.96157240614849,32.96157240614849,128.9406452562424,128.9406452562424,261.4165166036089,107.24455126279436,2.199198743708845,0.0,101.85742868401285,46.27744271092702,128.9406452562424,128.9406452562424,0.0926797102431434,71.23373795253224,128.9406452562424,107.24455126279436,51.26509554837951,107.24455126279436,32.96157240614849
184,6.311611898113961,15.660569223528796,84.8165179840258,107.24455126279436,146.3466305369653,32.96157240614849,255.10248377232415,261.4165166036089,0.0,34.67400516709484,196.8268466256348,71.23373795253224,146.3466305369653,32.96157240614849,10.347450506012,46.27744271092702,32.96157240614849,261.4165166036089,84.8165179840258,261.4165166036089,107.24455126279436
185,0.0,13.492084115938772,71.26974968103113,224.64301698897955,32.96157240614849,107.24455126279436,237.55568999578395,255.10248377232415,4.439915437568395,37.97921592199604,32.96157240614849,32.96157240614849,32.96157240614849,107.24455126279436,12.27871044879202,107.24455126279436,107.24455126279436,255.10248377232415,102.58683189961998,255.10248377232415,128.9406452562424
186,0.0,0.0,71.92725340688621,128.9406452562424,110.74916787176912,224.64301698897955,224.64301698897955,237.55568999578395,15.660569223528796,56.36991327099788,78.32564856753018,107.24455126279436,110.74916787176912,224.64301698897955,0.0,71.23373795253224,224.64301698897955,237.55568999578395,71.92725340688621,237.55568999578395,146.3466305369653
187,0.0,4.099719773693866,46.27744271092702,146.3466305369653,224.64301698897955,128.9406452562424,146.3466305369653,224.64301698897955,3.1806734144966624,32.96157240614849,224.64301698897955,261.4165166036089,224.64301698897955,128.9406452562424,13.492084115938772,207.67966810430173,128.9406452562424,224.64301698897955,46.27744271092702,224.64301698897955,32.96157240614849
188,0.0,0.0926797102431434,34.67400516709484,32.96157240614849,71.92725340688621,49.02660454169928,224.64301698897955,71.92725340688621,4.099719773693866,46.27744271092702,128.9406452562424,255.10248377232415,71.92725340688621,146.3466305369653,3.048924092869573,101.85742868401285,146.3466305369653,71.92725340688621,34.67400516709484,71.92725340688621,109.57435695223587
189,3.462836647521672,8.712023740113676,84.8165179840258,109.57435695223587,84.8165179840258,146.3466305369653,128.9406452562424,224.64301698897955,3.048924092869573,42.79962381409237,110.74916787176912,237.55568999578395,84.8165179840258,32.96157240614849,4.099719773693866,32.96157240614849,32.96157240614849,224.64301698897955,84.8165179840258,224.64301698897955,224.64301698897955
190,0.0,32.96157240614849,32.96157240614849,224.64301698897955,34.67400516709484,109.57435695223587,32.96157240614849,84.8165179840258,0.0926797102431434,71.26974968103113,32.96157240614849,224.64301698897955,34.67400516709484,110.74916787176912,4.439915437568395,46.27744271092702,110.74916787176912,84.8165179840258,32.96157240614849,84.8165179840258,71.92725340688621
191,3.318778464280774,34.67400516709484,107.24455126279436,71.92725340688621,32.96157240614849,224.64301698897955,107.24455126279436,34.67400516709484,0.0,0.0,146.3466305369653,71.92725340688621,32.96157240614849,224.64301698897955,12.339573747295251,67.94967839208859,224.64301698897955,34.67400516709484,107.24455126279436,34.67400516709484,224.64301698897955
192,2.844536548299099,27.22288322454476,71.23373795253224,224.64301698897955,107.24455126279436,146.3466305369653,146.3466305369653,32.96157240614849,2.0956956867578507,32.96157240614849,224.6754633603691,224.64301698897955,107.24455126279436,146.3466305369653,8.712023740113676,32.96157240614849,146.3466305369653,32.96157240614849,71.23373795253224,32.96157240614849,84.8165179840258
193,2.3640131171754457,3.048924092869573,71.92725340688621,84.8165179840258,224.6754633603691,224.64301698897955,32.96157240614849,107.24455126279436,2.29150235109587,56.36991327099788,146.3466305369653,84.8165179840258,224.6754633603691,224.64301698897955,34.67400516709484,146.3466305369653,224.64301698897955,107.24455126279436,71.92725340688621,107.24455126279436,34.67400516709484
194,0.0325314998532016,22.33649443177427,84.8165179840258,34.67400516709484,92.14429197521228,128.9406452562424,128.9406452562424,224.6754633603691,0.0,46.27744271092702,128.9406452562424,34.67400516709484,92.14429197521228,128.9406452562424,27.22288322454476,128.9406452562424,128.9406452562424,224.6754633603691,84.8165179840258,224.6754633603691,32.96157240614849
195,0.0280877934472444,34.396724496310675,32.96157240614849,32.96157240614849,32.96157240614849,32.96157240614849,107.24455126279436,32.96157240614849,0.0,38.88509720324353,32.96157240614849,32.96157240614849,32.96157240614849,32.96157240614849,22.33649443177427,46.27744271092702,32.96157240614849,32.96157240614849,32.96157240614849,32.96157240614849,107.24455126279436
196,0.0,13.492084115938772,34.67400516709484,107.24455126279436,232.42238487932488,107.24455126279436,224.64301698897955,101.85742868401285,6.52170685096182,43.32087581204169,107.24455126279436,107.24455126279436,232.42238487932488,107.24455126279436,15.660569223528796,107.24455126279436,107.24455126279436,101.85742868401285,34.67400516709484,101.85742868401285,224.6754633603691
197,2.199198743708845,4.439915437568395,107.24455126279436,92.14429197521228,115.15722557659484,146.3466305369653,128.9406452562424,207.67966810430173,0.0,37.97921592199604,224.64301698897955,224.6754633603691,115.15722557659484,146.3466305369653,34.396724496310675,71.26974968103113,146.3466305369653,207.67966810430173,107.24455126279436,207.67966810430173,32.96157240614849
198,3.462836647521672,8.712023740113676,46.27744271092702,32.96157240614849,224.64301698897955,32.96157240614849,146.3466305369653,67.94967839208859,0.0,71.23373795253224,128.9406452562424,92.14429197521228,224.64301698897955,32.96157240614849,0.0926797102431434,146.3466305369653,32.96157240614849,67.94967839208859,46.27744271092702,67.94967839208859,101.85742868401285
199,0.0,29.8928208075054,71.23373795253224,232.42238487932488,128.9406452562424,128.9406452562424,32.96157240614849,128.9406452562424,4.357497648516051,28.24264372169233,146.3466305369653,32.96157240614849,128.9406452562424,128.9406452562424,10.38547218765633,32.96157240614849,128.9406452562424,128.9406452562424,71.23373795253224,128.9406452562424,207.67966810430173
200,0.0926797102431434,0.0,34.67400516709484,114.78197029080783,146.3466305369653,107.24455126279436,110.74916787176912,146.3466305369653,8.712023740113676,42.79962381409237,32.96157240614849,232.42238487932488,146.3466305369653,107.24455126279436,6.099190994978948,128.9406452562424,107.24455126279436,146.3466305369653,34.67400516709484,146.3466305369653,67.94967839208859
201,6.311611898113961,3.048924092869573,32.96157240614849,224.64301698897955,32.96157240614849,224.64301698897955,224.64301698897955,32.96157240614849,0.1196913799091976,0.0,110.74916787176912,114.78197029080783,32.96157240614849,224.64301698897955,10.38547218765633,46.27744271092702,224.64301698897955,32.96157240614849,32.96157240614849,32.96157240614849,128.9406452562424
202,0.0,0.0926797102431434,71.92725340688621,128.9406452562424,110.74916787176912,128.9406452562424,146.3466305369653,110.74916787176912,8.894530707917577,46.27744271092702,224.64301698897955,128.9406452562424,110.74916787176912,128.9406452562424,4.439915437568395,107.24455126279436,128.9406452562424,110.74916787176912,71.92725340688621,110.74916787176912,146.3466305369653
203,5.983319937924184,22.33649443177427,46.27744271092702,146.3466305369653,224.64301698897955,146.3466305369653,32.96157240614849,224.64301698897955,4.980428504757223,56.36991327099788,146.3466305369653,146.3466305369653,224.64301698897955,146.3466305369653,15.660569223528796,71.23373795253224,146.3466305369653,224.64301698897955,46.27744271092702,224.64301698897955,32.96157240614849
204,0.0,34.396724496310675,71.23373795253224,32.96157240614849,281.1767994965958,71.23373795253224,128.9406452562424,146.3466305369653,7.70722884318748,37.97921592199604,224.64301698897955,32.96157240614849,281.1767994965958,32.96157240614849,13.492084115938772,146.3466305369653,32.96157240614849,146.3466305369653,71.23373795253224,146.3466305369653,110.74916787176912
205,0.0,34.67400516709484,84.8165179840258,110.74916787176912,185.30412046986163,32.96157240614849,107.24455126279436,32.96157240614849,7.565178155430798,34.67400516709484,128.9406452562424,110.74916787176912,185.30412046986163,110.74916787176912,0.0,32.96157240614849,110.74916787176912,32.96157240614849,84.8165179840258,32.96157240614849,224.64301698897955
206,0.0,4.099719773693866,107.24455126279436,224.64301698897955,84.8165179840258,46.27744271092702,224.64301698897955,128.9406452562424,5.08335688941316,32.96157240614849,32.96157240614849,224.64301698897955,84.8165179840258,224.64301698897955,4.099719773693866,128.9406452562424,224.64301698897955,128.9406452562424,110.74916787176912,128.9406452562424,146.3466305369653
207,0.1196913799091976,32.96157240614849,84.8165179840258,207.67966810430173,276.08785080937423,110.74916787176912,101.85742868401285,107.24455126279436,0.0280877934472444,28.24264372169233,107.24455126279436,207.67966810430173,276.08785080937423,146.3466305369653,0.0926797102431434,46.27744271092702,146.3466305369653,107.24455126279436,84.8165179840258,107.24455126279436,32.96157240614849
208,0.0,15.660569223528796,71.92725340688621,32.96157240614849,128.9406452562424,146.3466305369653,207.67966810430173,224.64301698897955,0.0,71.23373795253224,146.3466305369653,32.96157240614849,128.9406452562424,32.96157240614849,6.1102707250581405,107.24455126279436,32.96157240614849,224.64301698897955,71.92725340688621,224.64301698897955,128.9406452562424
209,0.0,10.347450506012,34.67400516709484,101.85742868401285,146.3466305369653,32.96157240614849,224.64301698897955,101.85742868401285,0.1196913799091976,46.27744271092702,32.96157240614849,101.85742868401285,146.3466305369653,128.9406452562424,8.712023740113676,71.23373795253224,128.9406452562424,101.85742868401285,36.74694265656541,101.85742868401285,107.24455126279436
210,0.0,4.099719773693866,32.96157240614849,67.94967839208859,224.64301698897955,128.9406452562424,32.96157240614849,163.97042689157664,8.712023740113676,56.36991327099788,128.9406452562424,67.94967839208859,224.64301698897955,107.24455126279436,34.67400516709484,101.85742868401285,107.24455126279436,163.97042689157664,34.67400516709484,163.97042689157664,224.64301698897955
211,0.0,0.0926797102431434,46.27744271092702,224.64301698897955,32.96157240614849,107.24455126279436,67.94967839208859,278.2414047272246,4.439915437568395,0.0,107.24455126279436,224.64301698897955,32.96157240614849,224.64301698897955,27.22288322454476,207.67966810430173,224.64301698897955,278.2414047272246,46.27744271092702,278.2414047272246,101.85742868401285
212,0.0,10.347450506012,107.24455126279436,101.85742868401285,107.24455126279436,224.64301698897955,224.64301698897955,224.64301698897955,3.1806734144966624,28.24264372169233,224.64301698897955,128.9406452562424,107.24455126279436,128.9406452562424,3.048924092869573,32.96157240614849,128.9406452562424,224.64301698897955,107.24455126279436,224.64301698897955,163.97042689157664
213,0.0,34.67400516709484,71.23373795253224,163.97042689157664,224.64301698897955,128.9406452562424,101.85742868401285,248.28271341834568,15.660569223528796,71.26974968103113,128.9406452562424,146.3466305369653,224.64301698897955,146.3466305369653,22.33649443177427,46.27744271092702,146.3466305369653,248.28271341834568,71.23373795253224,248.28271341834568,278.2414047272246
214,0.0,0.0,71.92725340688621,278.2414047272246,101.85742868401285,146.3466305369653,19.354451067867316,101.85742868401285,0.0,37.97921592199604,146.3466305369653,224.64301698897955,101.85742868401285,224.64301698897955,34.396724496310675,67.94967839208859,224.64301698897955,101.85742868401285,71.92725340688621,101.85742868401285,224.64301698897955
215,2.29150235109587,4.439915437568395,32.96157240614849,224.64301698897955,278.2414047272246,224.64301698897955,207.67966810430173,278.2414047272246,4.357497648516051,34.67400516709484,32.96157240614849,32.96157240614849,278.2414047272246,32.96157240614849,12.339573747295251,71.26974968103113,32.96157240614849,278.2414047272246,32.96157240614849,278.2414047272246,248.28271341834568
216,0.0,13.492084115938772,84.8165179840258,224.64301698897955,163.97042689157664,32.96157240614849,85.15605513359502,163.97042689157664,0.0926797102431434,32.96157240614849,110.74916787176912,107.24455126279436,163.97042689157664,107.24455126279436,13.492084115938772,71.23373795253224,107.24455126279436,163.97042689157664,84.8165179840258,163.97042689157664,101.85742868401285
217,0.0,8.712023740113676,34.67400516709484,101.85742868401285,32.96157240614849,107.24455126279436,92.14429197521228,65.39133291531103,4.099719773693866,47.5466962106938,224.64301698897955,224.64301698897955,32.96157240614849,224.64301698897955,4.439915437568395,128.9406452562424,224.64301698897955,65.39133291531103,34.67400516709484,65.39133291531103,278.2414047272246
218,0.0,27.22288322454476,71.23373795253224,278.2414047272246,101.85742868401285,224.64301698897955,32.96157240614849,32.96157240614849,2.0956956867578507,0.0,146.3466305369653,101.85742868401285,101.85742868401285,101.85742868401285,8.712023740113676,46.27744271092702,101.85742868401285,32.96157240614849,71.23373795253224,32.96157240614849,163.97042689157664
219,0.0,35.87184899395712,46.27744271092702,163.97042689157664,196.8268466256348,101.85742868401285,221.569563400658,300.3979936029807,8.274183569068175,71.26974968103113,32.96157240614849,278.2414047272246,196.8268466256348,32.96157240614849,0.0,32.96157240614849,32.96157240614849,300.3979936029807,46.27744271092702,300.3979936029807,65.39133291531103
220,0.0,3.048924092869573,107.24455126279436,0.0,231.0187680040144,32.96157240614849,123.15249621348003,56.117046265537546,0.0,56.36991327099788,128.9406452562424,163.97042689157664,231.0187680040144,207.67966810430173,3.048924092869573,146.3466305369653,207.67966810430173,56.117046265537546,107.24455126279436,56.117046265537546,32.96157240614849
221,0.0,22.33649443177427,71.23373795253224,146.3466305369653,78.32564856753018,207.67966810430173,224.64301698897955,281.1767994965958,4.980428504757223,46.27744271092702,107.24455126279436,146.3466305369653,78.32564856753018,67.94967839208859,0.0926797102431434,107.24455126279436,67.94967839208859,281.1767994965958,71.23373795253224,281.1767994965958,300.3979936029807
222,3.1806734144966624,15.660569223528796,34.67400516709484,32.96157240614849,92.14429197521228,67.94967839208859,55.020126621983074,82.10334319421264,0.0,37.97921592199604,224.64301698897955,32.96157240614849,92.14429197521228,92.14429197521228,22.33649443177427,146.3466305369653,92.14429197521228,82.10334319421264,34.67400516709484,82.10334319421264,56.117046265537546
223,0.0,34.396724496310675,71.92725340688621,82.10334319421264,62.6887904036423,92.14429197521228,0.0,146.3466305369653,0.0,34.67400516709484,128.9406452562424,128.9406452562424,62.6887904036423,232.42238487932488,34.396724496310675,128.9406452562424,232.42238487932488,146.3466305369653,71.92725340688621,146.3466305369653,281.1767994965958
224,0.0,4.439915437568395,84.8165179840258,224.64301698897955,32.96157240614849,32.96157240614849,32.96157240614849,0.0,0.0280877934472444,28.24264372169233,146.3466305369653,224.64301698897955,32.96157240614849,19.354451067867316,34.67400516709484,46.27744271092702,19.354451067867316,0.0,84.8165179840258,0.0,82.10334319421264
225,0.0,27.22288322454476,32.96157240614849,107.24455126279436,77.68754822417431,221.569563400658,207.67966810430173,32.96157240614849,0.0,32.96157240614849,224.64301698897955,107.24455126279436,77.68754822417431,224.64301698897955,27.22288322454476,71.23373795253224,224.64301698897955,32.96157240614849,32.96157240614849,32.96157240614849,146.3466305369653
226,2.9758561045830887,8.712023740113676,46.27744271092702,128.9406452562424,221.569563400658,123.15249621348003,67.94967839208859,77.68754822417431,2.29150235109587,42.79962381409237,32.96157240614849,128.9406452562424,221.569563400658,132.36360231810124,4.099719773693866,32.96157240614849,132.36360231810124,77.68754822417431,46.27744271092702,77.68754822417431,0.0
227,3.048924092869573,0.0,107.24455126279436,146.3466305369653,123.15249621348003,224.64301698897955,224.64301698897955,61.87077539842197,3.048924092869573,46.27744271092702,107.24455126279436,146.3466305369653,123.15249621348003,128.9406452562424,32.96157240614849,107.24455126279436,128.9406452562424,61.87077539842197,107.24455126279436,61.87077539842197,32.96157240614849
228,2.0956956867578507,34.67400516709484,32.96157240614849,32.96157240614849,224.6754633603691,128.9406452562424,128.9406452562424,107.24455126279436,6.52170685096182,34.67400516709484,224.64301698897955,62.6887904036423,224.6754633603691,146.3466305369653,15.660569223528796,128.9406452562424,146.3466305369653,107.24455126279436,32.96157240614849,107.24455126279436,77.68754822417431
229,3.104505054985564,22.33649443177427,71.92725340688621,107.24455126279436,101.85742868401285,146.3466305369653,146.3466305369653,101.85742868401285,9.739914662371811,56.36991327099788,101.85742868401285,32.96157240614849,101.85742868401285,32.96157240614849,10.347450506012,146.3466305369653,32.96157240614849,101.85742868401285,71.92725340688621,101.85742868401285,61.87077539842197
230,2.844536548299099,4.099719773693866,71.23373795253224,224.64301698897955,207.67966810430173,32.96157240614849,71.26974968103113,207.67966810430173,5.1396572837575984,0.0,32.96157240614849,77.68754822417431,207.67966810430173,107.24455126279436,4.099719773693866,46.27744271092702,107.24455126279436,207.67966810430173,71.23373795253224,207.67966810430173,107.24455126279436
231,2.270403213518286,32.96157240614849,84.8165179840258,224.6754633603691,19.354451067867316,107.24455126279436,46.27744271092702,32.96157240614849,8.787753067226653,32.96157240614849,207.67966810430173,109.57435695223587,19.354451067867316,224.64301698897955,0.0926797102431434,32.96157240614849,224.64301698897955,32.96157240614849,34.67400516709484,32.96157240614849,101.85742868401285
232,0.0669467607792184,13.492084115938772,38.88509720324353,128.9406452562424,85.15605513359502,224.64301698897955,32.96157240614849,67.94967839208859,5.08335688941316,28.24264372169233,67.94967839208859,101.85742868401285,85.15605513359502,128.9406452562424,10.347450506012,110.74916787176912,128.9406452562424,67.94967839208859,84.8165179840258,67.94967839208859,207.67966810430173
233,0.0325314998532016,3.048924092869573,46.27744271092702,146.3466305369653,224.64301698897955,128.9406452562424,107.24455126279436,224.64301698897955,2.199198743708845,71.23373795253224,92.14429197521228,207.67966810430173,224.64301698897955,146.3466305369653,34.67400516709484,71.23373795253224,146.3466305369653,224.64301698897955,46.27744271092702,224.64301698897955,32.96157240614849
234,0.0280877934472444,15.660569223528796,107.24455126279436,35.87184899395712,101.85742868401285,146.3466305369653,146.3466305369653,224.64301698897955,8.712023740113676,37.97921592199604,232.42238487932488,32.96157240614849,101.85742868401285,32.96157240614849,0.0,46.27744271092702,32.96157240614849,224.64301698897955,107.24455126279436,224.64301698897955,67.94967839208859
235,2.29150235109587,10.347450506012,71.92725340688621,107.24455126279436,163.97042689157664,32.96157240614849,128.9406452562424,101.85742868401285,0.0926797102431434,42.79962381409237,19.354451067867316,67.94967839208859,163.97042689157664,110.74916787176912,4.439915437568395,71.92725340688621,110.74916787176912,101.85742868401285,51.26509554837951,101.85742868401285,224.64301698897955
236,0.0,34.396724496310675,32.96157240614849,224.64301698897955,278.2414047272246,110.74916787176912,71.26974968103113,32.96157240614849,0.0,0.0,224.64301698897955,224.64301698897955,278.2414047272246,224.64301698897955,13.492084115938772,84.8165179840258,224.64301698897955,32.96157240614849,56.36991327099788,32.96157240614849,224.64301698897955
237,0.0,0.0926797102431434,84.8165179840258,101.85742868401285,146.3466305369653,224.64301698897955,32.96157240614849,207.67966810430173,3.1806734144966624,56.36991327099788,132.36360231810124,224.64301698897955,146.3466305369653,224.64301698897955,8.712023740113676,34.67400516709484,224.64301698897955,207.67966810430173,71.26974968103113,207.67966810430173,101.85742868401285
238,0.0,4.439915437568395,38.88509720324353,32.96157240614849,128.9406452562424,224.64301698897955,46.27744271092702,71.76578972739628,4.439915437568395,28.24264372169233,128.9406452562424,101.85742868401285,128.9406452562424,101.85742868401285,12.339573747295251,32.96157240614849,101.85742868401285,71.76578972739628,32.96157240614849,71.76578972739628,32.96157240614849
239,0.0,15.660569223528796,46.27744271092702,207.67966810430173,107.24455126279436,101.85742868401285,110.74916787176912,101.85742868401285,0.0,46.27744271092702,146.3466305369653,32.96157240614849,107.24455126279436,32.96157240614849,27.22288322454476,107.24455126279436,32.96157240614849,101.85742868401285,84.8165179840258,101.85742868401285,207.67966810430173
240,0.0,32.96157240614849,107.24455126279436,71.76578972739628,32.96157240614849,32.96157240614849,146.3466305369653,32.96157240614849,8.894530707917577,34.67400516709484,32.96157240614849,207.67966810430173,32.96157240614849,207.67966810430173,3.048924092869573,71.23373795253224,207.67966810430173,32.96157240614849,46.27744271092702,32.96157240614849,71.76578972739628
241,3.048924092869573,13.492084115938772,71.23373795253224,101.85742868401285,224.64301698897955,207.67966810430173,128.9406452562424,196.8268466256348,2.0956956867578507,37.97921592199604,107.24455126279436,71.76578972739628,224.64301698897955,71.76578972739628,22.33649443177427,0.0,71.76578972739628,196.8268466256348,107.24455126279436,196.8268466256348,101.85742868401285
242,2.0956956867578507,0.0,56.36991327099788,32.96157240614849,101.85742868401285,71.76578972739628,107.24455126279436,78.32564856753018,0.0,32.96157240614849,224.64301698897955,101.85742868401285,101.85742868401285,101.85742868401285,15.660569223528796,32.96157240614849,101.85742868401285,78.32564856753018,34.67400516709484,78.32564856753018,32.96157240614849
243,0.0,4.099719773693866,51.26509554837951,196.8268466256348,32.96157240614849,101.85742868401285,32.96157240614849,224.64301698897955,2.29150235109587,42.79962381409237,128.9406452562424,32.96157240614849,32.96157240614849,67.94967839208859,34.396724496310675,55.020126621983074,67.94967839208859,224.64301698897955,0.0,224.64301698897955,196.8268466256348
244,0.0,22.33649443177427,32.96157240614849,78.32564856753018,196.8268466256348,67.94967839208859,224.64301698897955,101.85742868401285,4.980428504757223,71.23373795253224,146.3466305369653,196.8268466256348,196.8268466256348,32.96157240614849,6.1102707250581405,46.27744271092702,32.96157240614849,101.85742868401285,71.92725340688621,101.85742868401285,78.32564856753018
245,0.0,27.22288322454476,84.8165179840258,224.64301698897955,79.10205979946667,32.96157240614849,136.292366896059,46.27744271092702,0.0,56.36991327099788,32.96157240614849,78.32564856753018,79.10205979946667,207.67966810430173,4.439915437568395,207.67966810430173,207.67966810430173,46.27744271092702,32.96157240614849,46.27744271092702,224.64301698897955
246,0.0,8.712023740113676,71.26974968103113,128.9406452562424,224.64301698897955,207.67966810430173,92.14429197521228,32.96157240614849,0.0,0.0,110.74916787176912,224.64301698897955,224.64301698897955,224.64301698897955,27.22288322454476,69.66645254905293,224.64301698897955,32.96157240614849,37.97921592199604,32.96157240614849,101.85742868401285
247,3.462836647521672,34.67400516709484,104.82152717736965,146.3466305369653,224.64301698897955,224.64301698897955,172.86500498511813,196.8268466256348,6.52170685096182,37.97921592199604,224.64301698897955,101.85742868401285,224.64301698897955,92.14429197521228,8.712023740113676,71.26974968103113,92.14429197521228,196.8268466256348,46.27744271092702,196.8268466256348,46.27744271092702
248,0.0,3.048924092869573,46.27744271092702,32.96157240614849,128.9406452562424,128.9406452562424,128.75912829011233,78.32564856753018,0.0,32.96157240614849,224.64301698897955,46.27744271092702,128.9406452562424,32.96157240614849,0.0,128.9406452562424,32.96157240614849,78.32564856753018,107.24455126279436,78.32564856753018,32.96157240614849
249,0.0,10.347450506012,84.8165179840258,110.74916787176912,146.3466305369653,146.3466305369653,224.64301698897955,71.26974968103113,4.099719773693866,34.67400516709484,101.85742868401285,32.96157240614849,146.3466305369653,232.42238487932488,3.048924092869573,146.3466305369653,232.42238487932488,71.26974968103113,71.23373795253224,71.26974968103113,196.8268466256348
250,0.0,34.396724496310675,32.96157240614849,224.64301698897955,32.96157240614849,32.96157240614849,128.9406452562424,128.9406452562424,2.199198743708845,28.24264372169233,32.96157240614849,196.8268466256348,32.96157240614849,115.15722557659484,34.67400516709484,32.96157240614849,115.15722557659484,128.9406452562424,84.8165179840258,128.9406452562424,78.32564856753018
251,2.9758561045830887,0.0926797102431434,71.92725340688621,224.64301698897955,107.24455126279436,110.74916787176912,146.3466305369653,146.3466305369653,4.357497648516051,42.79962381409237,207.67966810430173,78.32564856753018,107.24455126279436,224.64301698897955,22.33649443177427,46.27744271092702,224.64301698897955,146.3466305369653,32.96157240614849,146.3466305369653,71.26974968103113
252,3.1806734144966624,8.712023740113676,46.27744271092702,84.8165179840258,101.85742868401285,248.28271341834568,71.23373795253224,110.74916787176912,8.274183569068175,46.27744271092702,71.76578972739628,71.26974968103113,101.85742868401285,128.9406452562424,6.099190994978948,110.74916787176912,128.9406452562424,110.74916787176912,71.92725340688621,110.74916787176912,128.9406452562424
253,0.0280877934472444,4.439915437568395,34.67400516709484,71.92725340688621,32.96157240614849,224.64301698897955,32.96157240614849,71.23373795253224,7.565178155430798,71.23373795253224,101.85742868401285,224.64301698897955,32.96157240614849,146.3466305369653,4.099719773693866,71.26974968103113,146.3466305369653,71.23373795253224,46.27744271092702,71.23373795253224,146.3466305369653
254,5.983319937924184,0.0,107.24455126279436,110.74916787176912,224.64301698897955,128.9406452562424,46.27744271092702,32.96157240614849,3.048924092869573,34.67400516709484,67.94967839208859,84.8165179840258,224.64301698897955,71.23373795253224,13.492084115938772,207.67966810430173,71.23373795253224,32.96157240614849,34.67400516709484,32.96157240614849,110.74916787176912
255,0.0,4.099719773693866,71.26974968103113,38.88509720324353,207.67966810430173,146.3466305369653,107.24455126279436,46.27744271092702,15.660569223528796,32.96157240614849,32.96157240614849,71.92725340688621,207.67966810430173,32.96157240614849,15.660569223528796,32.96157240614849,32.96157240614849,46.27744271092702,107.24455126279436,46.27744271092702,71.23373795253224
256,0.0,3.048924092869573,71.23373795253224,32.96157240614849,67.94967839208859,110.74916787176912,146.3466305369653,146.3466305369653,7.70722884318748,0.0,207.67966810430173,110.74916787176912,67.94967839208859,46.27744271092702,34.396724496310675,101.85742868401285,46.27744271092702,146.3466305369653,71.26974968103113,146.3466305369653,32.96157240614849
257,0.0,13.492084115938772,84.8165179840258,146.3466305369653,101.85742868401285,32.96157240614849,128.9406452562424,128.9406452562424,0.1196913799091976,56.36991327099788,224.64301698897955,38.88509720324353,101.85742868401285,107.24455126279436,0.0926797102431434,46.27744271092702,107.24455126279436,128.9406452562424,71.23373795253224,128.9406452562424,46.27744271092702
258,0.0,29.8928208075054,46.27744271092702,128.9406452562424,207.67966810430173,84.8165179840258,32.96157240614849,32.96157240614849,5.150291288737839,46.27744271092702,92.14429197521228,32.96157240614849,207.67966810430173,84.8165179840258,10.38547218765633,67.94967839208859,84.8165179840258,32.96157240614849,84.8165179840258,32.96157240614849,146.3466305369653
259,0.0,34.67400516709484,32.96157240614849,32.96157240614849,32.96157240614849,185.30412046986163,224.64301698897955,224.64301698897955,0.0280877934472444,71.23373795253224,32.96157240614849,146.3466305369653,32.96157240614849,185.30412046986163,12.27871044879202,71.23373795253224,185.30412046986163,224.64301698897955,46.27744271092702,224.64301698897955,128.9406452562424
260,0.1196913799091976,32.96157240614849,71.92725340688621,224.64301698897955,67.94967839208859,276.08785080937423,110.74916787176912,107.24455126279436,8.712023740113676,37.97921592199604,232.42238487932488,128.9406452562424,67.94967839208859,276.08785080937423,4.439915437568395,71.26974968103113,276.08785080937423,107.24455126279436,32.96157240614849,107.24455126279436,32.96157240614849
261,0.0,22.33649443177427,34.67400516709484,107.24455126279436,224.64301698897955,281.2275499012417,146.3466305369653,101.85742868401285,3.048924092869573,28.24264372169233,115.15722557659484,32.96157240614849,224.64301698897955,281.1767994965958,15.660569223528796,128.9406452562424,281.1767994965958,101.85742868401285,71.92725340688621,101.85742868401285,224.64301698897955
262,0.0,15.660569223528796,107.24455126279436,101.85742868401285,224.64301698897955,146.3466305369653,128.9406452562424,196.8268466256348,0.0,42.79962381409237,224.64301698897955,224.64301698897955,224.64301698897955,146.3466305369653,13.492084115938772,146.3466305369653,146.3466305369653,196.8268466256348,34.67400516709484,196.8268466256348,107.24455126279436
263,0.0,34.396724496310675,71.92725340688621,196.8268466256348,101.85742868401285,128.9406452562424,32.96157240614849,32.96157240614849,0.0,0.0,128.9406452562424,107.24455126279436,101.85742868401285,128.9406452562424,0.0,32.96157240614849,128.9406452562424,32.96157240614849,107.24455126279436,32.96157240614849,101.85742868401285
264,0.0,0.0926797102431434,84.8165179840258,32.96157240614849,32.96157240614849,71.23373795253224,107.24455126279436,78.32564856753018,8.274183569068175,37.97921592199604,146.3466305369653,146.3466305369653,32.96157240614849,32.96157240614849,4.099719773693866,46.27744271092702,32.96157240614849,78.32564856753018,71.92725340688621,78.32564856753018,196.8268466256348
265,6.311611898113961,10.347450506012,34.67400516709484,78.32564856753018,207.67966810430173,46.27744271092702,224.64301698897955,224.64301698897955,4.099719773693866,56.36991327099788,71.23373795253224,128.9406452562424,207.67966810430173,107.24455126279436,3.048924092869573,107.24455126279436,107.24455126279436,224.64301698897955,84.8165179840258,224.64301698897955,32.96157240614849
266,0.0,8.712023740113676,46.27744271092702,224.64301698897955,67.94967839208859,32.96157240614849,224.64301698897955,224.64301698897955,4.357497648516051,36.74694265656541,32.96157240614849,32.96157240614849,67.94967839208859,224.64301698897955,22.33649443177427,101.85742868401285,224.64301698897955,224.64301698897955,34.67400516709484,224.64301698897955,78.32564856753018
267,5.214161531673639,34.67400516709484,71.23373795253224,224.64301698897955,146.3466305369653,107.24455126279436,101.85742868401285,146.3466305369653,4.439915437568395,34.67400516709484,46.27744271092702,107.24455126279436,146.3466305369653,224.64301698897955,27.22288322454476,32.96157240614849,224.64301698897955,146.3466305369653,46.27744271092702,146.3466305369653,224.64301698897955
268,1.3755487060531857,22.33649443177427,32.96157240614849,101.85742868401285,224.64301698897955,224.64301698897955,32.96157240614849,128.9406452562424,2.29150235109587,28.24264372169233,107.24455126279436,224.64301698897955,224.64301698897955,101.85742868401285,8.712023740113676,207.67966810430173,101.85742868401285,128.9406452562424,71.23373795253224,128.9406452562424,224.64301698897955
269,0.0926797102431434,0.0,107.24455126279436,32.96157240614849,32.96157240614849,101.85742868401285,207.67966810430173,32.96157240614849,0.0,46.27744271092702,101.85742868401285,224.64301698897955,32.96157240614849,278.2414047272246,34.67400516709484,46.27744271092702,278.2414047272246,32.96157240614849,32.96157240614849,32.96157240614849,146.3466305369653
270,2.270403213518286,0.0926797102431434,84.8165179840258,207.67966810430173,128.9406452562424,278.2414047272246,67.94967839208859,107.24455126279436,0.0,42.79962381409237,32.96157240614849,146.3466305369653,128.9406452562424,163.97042689157664,10.347450506012,67.94967839208859,163.97042689157664,107.24455126279436,107.24455126279436,107.24455126279436,128.9406452562424
271,0.0669467607792184,4.439915437568395,56.36991327099788,67.94967839208859,107.24455126279436,163.97042689157664,92.14429197521228,278.8444646218688,0.0,71.23373795253224,207.67966810430173,128.9406452562424,107.24455126279436,207.67966810430173,34.396724496310675,71.23373795253224,207.67966810430173,278.8444646218688,84.8165179840258,278.8444646218688,32.96157240614849
272,2.199198743708845,13.492084115938772,28.24264372169233,224.64301698897955,101.85742868401285,92.14429197521228,224.64301698897955,224.64301698897955,3.545850746378732,0.0,67.94967839208859,32.96157240614849,101.85742868401285,19.354451067867316,0.0926797102431434,146.3466305369653,19.354451067867316,224.64301698897955,71.92725340688621,224.64301698897955,107.24455126279436
273,0.0325314998532016,15.660569223528796,19.354451067867316,207.67966810430173,32.96157240614849,224.64301698897955,232.42238487932488,101.85742868401285,0.0,56.36991327099788,224.6754633603691,107.24455126279436,32.96157240614849,101.85742868401285,12.27871044879202,32.96157240614849,101.85742868401285,101.85742868401285,46.27744271092702,101.85742868401285,278.8444646218688
274,3.462836647521672,4.099719773693866,46.27744271092702,19.354451067867316,196.8268466256348,196.8268466256348,19.354451067867316,130.6448320520446,5.150291288737839,32.96157240614849,146.3466305369653,278.8444646218688,196.8268466256348,85.15605513359502,6.099190994978948,128.9406452562424,85.15605513359502,130.6448320520446,34.67400516709484,130.6448320520446,224.64301698897955
275,2.199198743708845,27.22288322454476,34.67400516709484,101.85742868401285,78.32564856753018,37.632050732807095,132.36360231810124,128.9406452562424,0.1196913799091976,37.97921592199604,128.9406452562424,101.85742868401285,78.32564856753018,248.28271341834568,8.712023740113676,71.23373795253224,248.28271341834568,128.9406452562424,32.96157240614849,128.9406452562424,101.85742868401285
276,0.0,35.87184899395712,61.17169282222444,85.15605513359502,224.64301698897955,148.4192221491747,115.15722557659484,224.6754633603691,3.1806734144966624,34.67400516709484,32.96157240614849,130.6448320520446,224.64301698897955,55.020126621983074,4.439915437568395,46.27744271092702,55.020126621983074,224.6754633603691,109.57435695223587,224.6754633603691,130.6448320520446
277,0.0,3.048924092869573,71.23373795253224,65.39133291531103,101.85742868401285,101.85742868401285,92.14429197521228,146.3466305369653,7.70722884318748,71.23373795253224,107.24455126279436,224.6754633603691,101.85742868401285,67.94967839208859,0.0,107.24455126279436,67.94967839208859,146.3466305369653,71.23373795253224,146.3466305369653,128.9406452562424
278,0.0,35.57219641929099,46.27744271092702,281.1767994965958,32.96157240614849,67.94967839208859,32.96157240614849,32.96157240614849,2.0956956867578507,46.27744271092702,224.64301698897955,128.9406452562424,32.96157240614849,0.0,4.099719773693866,128.9406452562424,0.0,32.96157240614849,46.27744271092702,32.96157240614849,224.6754633603691
279,5.983319937924184,10.347450506012,71.92725340688621,300.3979936029807,207.67966810430173,224.6754633603691,232.42238487932488,110.74916787176912,15.660569223528796,28.24264372169233,224.64301698897955,224.6754633603691,207.67966810430173,32.96157240614849,13.492084115938772,146.3466305369653,32.96157240614849,110.74916787176912,71.92725340688621,110.74916787176912,146.3466305369653
280,0.0,13.492084115938772,84.8165179840258,32.96157240614849,67.94967839208859,32.96157240614849,224.64301698897955,101.85742868401285,7.429721685072115,42.79962381409237,101.85742868401285,146.3466305369653,67.94967839208859,207.67966810430173,10.719746131060525,62.6887904036423,207.67966810430173,101.85742868401285,84.8165179840258,101.85742868401285,32.96157240614849
281,3.1806734144966624,0.0,34.67400516709484,56.0280745059749,224.64301698897955,207.67966810430173,128.9406452562424,32.96157240614849,8.787753067226653,71.23373795253224,32.96157240614849,32.96157240614849,224.64301698897955,224.64301698897955,34.67400516709484,32.96157240614849,224.64301698897955,32.96157240614849,34.67400516709484,32.96157240614849,110.74916787176912
282,0.0325314998532016,34.67400516709484,32.96157240614849,101.85742868401285,101.85742868401285,101.85742868401285,146.3466305369653,207.67966810430173,0.0926797102431434,34.67400516709484,207.67966810430173,110.74916787176912,101.85742868401285,101.85742868401285,3.048924092869573,77.68754822417431,101.85742868401285,207.67966810430173,32.96157240614849,207.67966810430173,101.85742868401285
283,0.0,10.347450506012,107.24455126279436,32.96157240614849,224.64301698897955,32.96157240614849,32.96157240614849,67.94967839208859,8.346936596149972,0.0,67.94967839208859,101.85742868401285,224.64301698897955,32.96157240614849,22.33649443177427,109.57435695223587,32.96157240614849,67.94967839208859,107.24455126279436,67.94967839208859,32.96157240614849
284,0.0,8.712023740113676,71.23373795253224,207.67966810430173,278.8444646218688,207.67966810430173,109.57435695223587,224.64301698897955,2.235727304024508,28.24264372169233,207.67966810430173,32.96157240614849,278.8444646218688,207.67966810430173,15.660569223528796,101.85742868401285,207.67966810430173,224.64301698897955,71.23373795253224,224.64301698897955,207.67966810430173
285,2.0956956867578507,22.33649443177427,71.92725340688621,67.94967839208859,130.6448320520446,67.94967839208859,224.64301698897955,101.85742868401285,0.0280877934472444,56.36991327099788,19.354451067867316,224.6754633603691,130.6448320520446,67.94967839208859,34.396724496310675,207.67966810430173,67.94967839208859,101.85742868401285,71.92725340688621,101.85742868401285,67.94967839208859
286,0.0280877934472444,4.439915437568395,71.23373795253224,224.64301698897955,101.85742868401285,224.64301698897955,101.85742868401285,224.64301698897955,4.357497648516051,37.97921592199604,101.85742868401285,207.67966810430173,101.85742868401285,224.64301698897955,0.0926797102431434,71.26974968103113,224.64301698897955,224.64301698897955,71.23373795253224,224.64301698897955,224.64301698897955
287,0.0669467607792184,32.96157240614849,32.96157240614849,101.85742868401285,32.96157240614849,101.85742868401285,224.64301698897955,301.2262869190706,8.712023740113676,32.96157240614849,46.27744271092702,67.94967839208859,32.96157240614849,101.85742868401285,5.150291288737839,46.27744271092702,101.85742868401285,301.2262869190706,32.96157240614849,301.2262869190706,101.85742868401285
288,2.29150235109587,4.099719773693866,84.8165179840258,224.93432952881665,71.23373795253224,224.64301698897955,278.8444646218688,220.48301022343185,2.0956956867578507,46.27744271092702,85.15605513359502,101.85742868401285,71.23373795253224,224.64301698897955,10.347450506012,32.96157240614849,224.64301698897955,220.48301022343185,84.8165179840258,220.48301022343185,224.64301698897955
289,0.0,3.048924092869573,46.27744271092702,293.6905562978406,196.8268466256348,278.8444646218688,130.74687649235602,92.14429197521228,3.1806734144966624,42.79962381409237,71.26974968103113,224.64301698897955,196.8268466256348,278.8444646218688,12.27871044879202,67.94967839208859,278.8444646218688,92.14429197521228,46.27744271092702,92.14429197521228,301.2262869190706
290,0.0,27.22288322454476,34.67400516709484,130.74687649235602,46.27744271092702,130.74687649235602,128.9406452562424,32.96157240614849,0.0,32.96157240614849,55.020126621983074,301.2262869190706,46.27744271092702,130.74687649235602,6.099190994978948,101.85742868401285,130.74687649235602,32.96157240614849,34.67400516709484,32.96157240614849,220.48301022343185
291,0.0,15.660569223528796,107.24455126279436,128.9406452562424,78.32564856753018,101.85742868401285,146.3466305369653,232.42238487932488,3.048924092869573,56.36991327099788,67.94967839208859,220.48301022343185,78.32564856753018,128.9406452562424,8.712023740113676,71.26974968103113,128.9406452562424,232.42238487932488,107.24455126279436,232.42238487932488,92.14429197521228
292,2.9758561045830887,34.396724496310675,84.8165179840258,146.3466305369653,146.3466305369653,248.2031132441796,32.96157240614849,114.78197029080783,0.1196913799091976,34.67400516709484,0.0,128.9406452562424,146.3466305369653,146.3466305369653,34.67400516709484,32.96157240614849,146.3466305369653,114.78197029080783,84.8165179840258,114.78197029080783,32.96157240614849
293,0.0,0.0926797102431434,71.92725340688621,107.24455126279436,110.74916787176912,46.27744271092702,107.24455126279436,224.64301698897955,0.0,0.0,32.96157240614849,146.3466305369653,110.74916787176912,32.96157240614849,22.33649443177427,46.27744271092702,32.96157240614849,224.64301698897955,71.92725340688621,224.64301698897955,232.42238487932488
294,0.0,0.0,71.23373795253224,224.64301698897955,128.9406452562424,206.9909319058433,224.64301698897955,146.3466305369653,4.439915437568395,37.97921592199604,207.67966810430173,32.96157240614849,128.9406452562424,107.24455126279436,0.0,207.67966810430173,107.24455126279436,146.3466305369653,71.23373795253224,146.3466305369653,114.78197029080783
295,0.0,27.22288322454476,32.96157240614849,36.74694265656541,32.96157240614849,116.92411300878577,146.3466305369653,110.74916787176912,0.0,28.24264372169233,224.64301698897955,46.27744271092702,32.96157240614849,224.64301698897955,0.0926797102431434,71.76578972739628,224.64301698897955,110.74916787176912,32.96157240614849,110.74916787176912,224.64301698897955
296,0.0,32.96157240614849,34.67400516709484,146.3466305369653,224.64301698897955,278.2414047272246,110.74916787176912,224.6754633603691,5.08335688941316,46.27744271092702,101.85742868401285,107.24455126279436,224.64301698897955,224.6754633603691,3.048924092869573,71.23373795253224,224.6754633603691,224.6754633603691,34.67400516709484,224.6754633603691,146.3466305369653
297,0.0,4.099719773693866,46.27744271092702,110.74916787176912,128.9406452562424,101.85742868401285,128.9406452562424,128.9406452562424,8.274183569068175,42.79962381409237,32.96157240614849,71.26974968103113,128.9406452562424,278.2414047272246,4.439915437568395,46.27744271092702,278.2414047272246,128.9406452562424,46.27744271092702,128.9406452562424,110.74916787176912
298,0.0,34.67400516709484,110.74916787176912,224.6754633603691,146.3466305369653,163.97042689157664,32.96157240614849,32.96157240614849,7.565178155430798,71.26974968103113,207.67966810430173,146.3466305369653,146.3466305369653,101.85742868401285,13.492084115938772,101.85742868401285,101.85742868401285,32.96157240614849,110.74916787176912,32.96157240614849,224.6754633603691
299,0.0,4.439915437568395,71.92725340688621,128.9406452562424,107.24455126279436,224.64301698897955,224.64301698897955,128.9406452562424,0.0,0.0,67.94967839208859,110.74916787176912,107.24455126279436,163.97042689157664,15.660569223528796,32.96157240614849,163.97042689157664,128.9406452562424,71.92725340688621,128.9406452562424,128.9406452562424
300,0.0,15.660569223528796,34.67400516709484,32.96157240614849,32.96157240614849,128.9406452562424,128.9406452562424,146.3466305369653,7.70722884318748,56.36991327099788,224.64301698897955,128.9406452562424,32.96157240614849,101.85742868401285,4.099719773693866,196.8268466256348,101.85742868401285,146.3466305369653,34.67400516709484,146.3466305369653,32.96157240614849
301,0.1196913799091976,22.33649443177427,32.96157240614849,128.9406452562424,224.64301698897955,146.3466305369653,146.3466305369653,107.24455126279436,0.0,28.24264372169233,101.85742868401285,32.96157240614849,224.64301698897955,67.94967839208859,27.22288322454476,78.32564856753018,67.94967839208859,107.24455126279436,32.96157240614849,107.24455126279436,128.9406452562424
302,6.311611898113961,35.57219641929099,84.8165179840258,146.3466305369653,163.97042689157664,32.96157240614849,107.24455126279436,32.96157240614849,2.29150235109587,32.96157240614849,224.64301698897955,224.64301698897955,163.97042689157664,207.67966810430173,35.57219641929099,101.85742868401285,207.67966810430173,32.96157240614849,84.8165179840258,32.96157240614849,146.3466305369653
303,0.0,8.712023740113676,46.27744271092702,107.24455126279436,278.2414047272246,224.64301698897955,32.96157240614849,224.64301698897955,0.0,37.97921592199604,278.8444646218688,128.9406452562424,278.2414047272246,32.96157240614849,10.347450506012,46.27744271092702,32.96157240614849,224.64301698897955,46.27744271092702,224.64301698897955,107.24455126279436
304,0.0,13.492084115938772,107.24455126279436,32.96157240614849,101.85742868401285,110.74916787176912,224.64301698897955,207.67966810430173,4.099719773693866,38.88509720324353,130.74687649235602,146.3466305369653,101.85742868401285,224.6754633603691,12.27871044879202,32.96157240614849,224.6754633603691,207.67966810430173,107.24455126279436,207.67966810430173,32.96157240614849
305,0.0,10.347450506012,71.23373795253224,224.64301698897955,224.64301698897955,146.3466305369653,146.3466305369653,101.85742868401285,5.045040618970746,46.27744271092702,128.9406452562424,107.24455126279436,224.64301698897955,146.3466305369653,6.099190994978948,196.8268466256348,146.3466305369653,101.85742868401285,71.23373795253224,101.85742868401285,224.64301698897955
306,0.0,3.048924092869573,71.26974968103113,207.67966810430173,128.9406452562424,128.9406452562424,128.9406452562424,32.96157240614849,6.52170685096182,42.79962381409237,146.3466305369653,32.96157240614849,128.9406452562424,128.9406452562424,13.492084115938772,78.32564856753018,128.9406452562424,32.96157240614849,71.26974968103113,32.96157240614849,207.67966810430173
307,0.0,0.0926797102431434,84.8165179840258,101.85742868401285,146.3466305369653,32.96157240614849,32.96157240614849,67.94967839208859,15.660569223528796,71.23373795253224,32.96157240614849,224.64301698897955,146.3466305369653,32.96157240614849,0.0,71.26974968103113,32.96157240614849,67.94967839208859,84.8165179840258,67.94967839208859,101.85742868401285
308,3.048924092869573,34.396724496310675,71.92725340688621,32.96157240614849,32.96157240614849,107.24455126279436,107.24455126279436,224.64301698897955,8.894530707917577,34.67400516709484,107.24455126279436,207.67966810430173,32.96157240614849,107.24455126279436,10.719746131060525,84.8165179840258,107.24455126279436,224.64301698897955,71.92725340688621,224.64301698897955,32.96157240614849
309,2.270403213518286,22.33649443177427,34.67400516709484,67.94967839208859,224.64301698897955,224.64301698897955,224.64301698897955,128.9406452562424,0.0926797102431434,0.0,224.64301698897955,101.85742868401285,224.64301698897955,224.64301698897955,34.67400516709484,71.92725340688621,224.64301698897955,128.9406452562424,34.67400516709484,128.9406452562424,67.94967839208859
310,3.318778464280774,0.0,32.96157240614849,224.64301698897955,110.74916787176912,128.9406452562424,128.9406452562424,146.3466305369653,2.199198743708845,56.36991327099788,224.6754633603691,32.96157240614849,110.74916787176912,128.9406452562424,4.099719773693866,110.74916787176912,128.9406452562424,146.3466305369653,32.96157240614849,146.3466305369653,224.64301698897955
311,2.844536548299099,15.660569223528796,46.27744271092702,128.9406452562424,146.3466305369653,146.3466305369653,146.3466305369653,32.96157240614849,0.0280877934472444,32.96157240614849,207.67966810430173,67.94967839208859,146.3466305369653,146.3466305369653,10.347450506012,71.23373795253224,146.3466305369653,32.96157240614849,46.27744271092702,32.96157240614849,128.9406452562424
312,0.0926797102431434,4.439915437568395,107.24455126279436,146.3466305369653,128.9406452562424,32.96157240614849,32.96157240614849,224.64301698897955,7.429721685072115,37.97921592199604,101.85742868401285,224.64301698897955,128.9406452562424,32.96157240614849,8.712023740113676,38.88509720324353,32.96157240614849,224.64301698897955,107.24455126279436,224.64301698897955,146.3466305369653
313,0.0,3.048924092869573,84.8165179840258,32.96157240614849,32.96157240614849,224.64301698897955,224.64301698897955,110.74916787176912,4.980428504757223,71.26974968103113,32.96157240614849,231.0187680040144,32.96157240614849,224.64301698897955,22.33649443177427,32.96157240614849,224.64301698897955,110.74916787176912,71.26974968103113,110.74916787176912,32.96157240614849
314,0.1196913799091976,8.712023740113676,32.96157240614849,224.64301698897955,107.24455126279436,107.24455126279436,107.24455126279436,101.85742868401285,0.0,28.24264372169233,67.94967839208859,128.9406452562424,107.24455126279436,107.24455126279436,4.439915437568395,46.27744271092702,107.24455126279436,101.85742868401285,84.8165179840258,101.85742868401285,224.64301698897955
315,0.0,34.67400516709484,34.67400516709484,110.74916787176912,224.6754633603691,146.3466305369653,159.89011025397429,32.96157240614849,2.29150235109587,46.27744271092702,101.85742868401285,146.3466305369653,224.6754633603691,146.3466305369653,32.96157240614849,146.3466305369653,146.3466305369653,32.96157240614849,32.96157240614849,32.96157240614849,110.74916787176912
316,0.0,4.099719773693866,117.80434064423454,146.3466305369653,196.8268466256348,128.9406452562424,224.64301698897955,224.64301698897955,3.048924092869573,42.79962381409237,67.94967839208859,32.96157240614849,196.8268466256348,128.9406452562424,3.048924092869573,71.26974968103113,128.9406452562424,224.64301698897955,34.67400516709484,224.64301698897955,101.85742868401285
317,3.1806734144966624,32.96157240614849,46.27744271092702,128.9406452562424,32.96157240614849,32.96157240614849,115.62492678522294,196.8268466256348,0.0,37.97921592199604,207.67966810430173,110.74916787176912,32.96157240614849,32.96157240614849,15.660569223528796,128.9406452562424,32.96157240614849,196.8268466256348,106.9515191655676,196.8268466256348,32.96157240614849
318,5.983319937924184,13.492084115938772,67.94967839208859,32.96157240614849,101.85742868401285,224.64301698897955,287.58802778866493,78.32564856753018,4.099719773693866,32.96157240614849,32.96157240614849,146.3466305369653,101.85742868401285,224.64301698897955,34.396724496310675,32.96157240614849,224.64301698897955,78.32564856753018,46.27744271092702,78.32564856753018,224.64301698897955
319,0.0,27.22288322454476,71.23373795253224,107.24455126279436,78.32564856753018,107.24455126279436,258.32151518822434,258.32151518822434,2.199198743708845,0.0,224.6754633603691,128.9406452562424,78.32564856753018,107.24455126279436,0.0926797102431434,46.27744271092702,107.24455126279436,258.32151518822434,78.32564856753018,258.32151518822434,196.8268466256348
320,0.0,10.347450506012,0.0,224.6754633603691,224.6754633603691,207.67966810430173,171.65838801782064,171.65838801782064,0.0,28.24264372169233,146.3466305369653,32.96157240614849,224.6754633603691,146.3466305369653,5.08335688941316,107.24455126279436,146.3466305369653,171.65838801782064,0.0,171.65838801782064,78.32564856753018
321,0.0,0.0926797102431434,71.92725340688621,196.8268466256348,224.64301698897955,224.64301698897955,101.85742868401285,101.85742868401285,4.439915437568395,56.36991327099788,128.9406452562424,224.64301698897955,224.64301698897955,224.64301698897955,0.0,146.3466305369653,224.64301698897955,101.85742868401285,71.92725340688621,101.85742868401285,196.8268466256348
322,2.0956956867578507,10.347450506012,32.96157240614849,224.64301698897955,146.3466305369653,32.96157240614849,333.1266918484706,333.1266918484706,3.1806734144966624,46.27744271092702,32.96157240614849,107.24455126279436,146.3466305369653,32.96157240614849,27.22288322454476,128.9406452562424,32.96157240614849,333.1266918484706,32.96157240614849,333.1266918484706,224.64301698897955
323,0.0,15.660569223528796,37.97921592199604,32.96157240614849,128.9406452562424,101.85742868401285,224.64301698897955,224.64301698897955,0.0,34.67400516709484,107.24455126279436,258.32151518822434,128.9406452562424,128.9406452562424,32.96157240614849,46.27744271092702,128.9406452562424,224.64301698897955,37.97921592199604,224.64301698897955,32.96157240614849
324,0.0669467607792184,4.439915437568395,34.67400516709484,101.85742868401285,32.96157240614849,67.94967839208859,207.67966810430173,146.3466305369653,0.0,42.79962381409237,224.64301698897955,171.65838801782064,32.96157240614849,107.24455126279436,4.099719773693866,32.96157240614849,107.24455126279436,146.3466305369653,71.23373795253224,146.3466305369653,101.85742868401285
325,3.462836647521672,0.0,46.27744271092702,78.32564856753018,107.24455126279436,224.64301698897955,101.85742868401285,128.9406452562424,8.274183569068175,71.26974968103113,128.9406452562424,101.85742868401285,107.24455126279436,224.64301698897955,0.0,107.24455126279436,224.64301698897955,128.9406452562424,34.67400516709484,128.9406452562424,78.32564856753018
326,0.0,27.22288322454476,107.24455126279436,224.64301698897955,278.8444646218688,207.67966810430173,32.96157240614849,32.96157240614849,0.0,71.23373795253224,146.3466305369653,333.1266918484706,278.8444646218688,278.2414047272246,4.439915437568395,71.26974968103113,278.2414047272246,32.96157240614849,46.27744271092702,32.96157240614849,224.64301698897955
327,0.0,13.492084115938772,71.26974968103113,101.85742868401285,224.64301698897955,69.66645254905293,67.94967839208859,107.24455126279436,8.712023740113676,37.97921592199604,32.96157240614849,224.64301698897955,224.64301698897955,101.85742868401285,15.660569223528796,146.3466305369653,101.85742868401285,107.24455126279436,107.24455126279436,107.24455126279436,146.3466305369653
328,0.0,8.712023740113676,84.8165179840258,278.8444646218688,130.6448320520446,101.85742868401285,224.64301698897955,224.64301698897955,0.1196913799091976,46.27744271092702,224.64301698897955,146.3466305369653,130.6448320520446,163.97042689157664,22.33649443177427,128.9406452562424,163.97042689157664,224.64301698897955,37.97921592199604,224.64301698897955,128.9406452562424
329,0.0,34.67400516709484,34.67400516709484,130.6448320520446,101.85742868401285,32.96157240614849,146.3466305369653,146.3466305369653,4.357497648516051,0.0,107.24455126279436,128.9406452562424,101.85742868401285,278.8444646218688,24.13542086332589,71.26974968103113,278.8444646218688,146.3466305369653,34.67400516709484,146.3466305369653,32.96157240614849
330,0.0,4.099719773693866,71.92725340688621,224.64301698897955,128.9406452562424,278.8444646218688,36.74694265656541,110.74916787176912,6.52170685096182,32.96157240614849,146.3466305369653,32.96157240614849,128.9406452562424,224.64301698897955,35.57219641929099,32.96157240614849,224.64301698897955,110.74916787176912,71.92725340688621,110.74916787176912,107.24455126279436
331,0.0,32.96157240614849,71.23373795253224,146.3466305369653,224.6754633603691,224.64301698897955,110.74916787176912,128.9406452562424,2.0956956867578507,56.36991327099788,128.9406452562424,107.24455126279436,224.6754633603691,130.6448320520446,8.712023740113676,46.27744271092702,130.6448320520446,128.9406452562424,0.0,128.9406452562424,224.64301698897955
332,0.0,22.33649443177427,46.27744271092702,110.74916787176912,146.3466305369653,130.6448320520446,128.9406452562424,32.96157240614849,15.660569223528796,34.67400516709484,32.96157240614849,224.64301698897955,146.3466305369653,101.85742868401285,13.492084115938772,107.24455126279436,101.85742868401285,32.96157240614849,32.96157240614849,32.96157240614849,146.3466305369653
333,0.0,3.048924092869573,32.96157240614849,128.9406452562424,32.96157240614849,101.85742868401285,128.9406452562424,128.9406452562424,8.787753067226653,28.24264372169233,224.64301698897955,146.3466305369653,32.96157240614849,128.9406452562424,10.347450506012,224.93432952881665,128.9406452562424,128.9406452562424,77.68754822417431,128.9406452562424,110.74916787176912
334,0.0,38.43964275615677,107.24455126279436,32.96157240614849,107.24455126279436,128.9406452562424,146.3466305369653,146.3466305369653,7.70722884318748,42.79962381409237,107.24455126279436,128.9406452562424,107.24455126279436,146.3466305369653,3.048924092869573,117.01578248329815,146.3466305369653,146.3466305369653,61.87077539842197,146.3466305369653,128.9406452562424
335,0.0,0.0926797102431434,84.8165179840258,128.9406452562424,224.6754633603691,146.3466305369653,32.96157240614849,32.96157240614849,0.0926797102431434,56.36991327099788,146.3466305369653,32.96157240614849,224.6754633603691,32.96157240614849,0.0926797102431434,101.85742868401285,32.96157240614849,32.96157240614849,107.24455126279436,32.96157240614849,32.96157240614849
336,0.0,22.33649443177427,71.92725340688621,146.3466305369653,146.3466305369653,32.96157240614849,107.24455126279436,107.24455126279436,5.150291288737839,0.0,224.64301698897955,107.24455126279436,146.3466305369653,107.24455126279436,34.396724496310675,46.27744271092702,107.24455126279436,107.24455126279436,84.8165179840258,107.24455126279436,128.9406452562424
337,2.844536548299099,0.0,34.67400516709484,32.96157240614849,128.9406452562424,107.24455126279436,224.64301698897955,224.64301698897955,0.0280877934472444,37.97921592199604,32.96157240614849,128.9406452562424,128.9406452562424,224.64301698897955,22.33649443177427,130.6448320520446,224.64301698897955,224.64301698897955,71.92725340688621,224.64301698897955,146.3466305369653
338,2.29150235109587,0.0926797102431434,71.26974968103113,107.24455126279436,32.96157240614849,224.64301698897955,224.6754633603691,224.6754633603691,0.0,34.67400516709484,128.9406452562424,146.3466305369653,32.96157240614849,146.3466305369653,12.27871044879202,128.9406452562424,146.3466305369653,224.6754633603691,34.67400516709484,224.6754633603691,32.96157240614849
339,0.0,4.099719773693866,46.27744271092702,224.64301698897955,107.24455126279436,224.6754633603691,146.3466305369653,146.3466305369653,2.235727304024508,46.27744271092702,107.24455126279436,32.96157240614849,107.24455126279436,128.9406452562424,0.0,146.3466305369653,128.9406452562424,146.3466305369653,46.27744271092702,146.3466305369653,107.24455126279436
340,0.0,3.048924092869573,32.96157240614849,224.6754633603691,146.3466305369653,146.3466305369653,128.9406452562424,128.9406452562424,4.439915437568395,71.23373795253224,224.64301698897955,107.24455126279436,146.3466305369653,32.96157240614849,15.660569223528796,32.96157240614849,32.96157240614849,128.9406452562424,32.96157240614849,128.9406452562424,224.64301698897955
341,0.0325314998532016,4.439915437568395,110.74916787176912,146.3466305369653,128.9406452562424,128.9406452562424,32.96157240614849,32.96157240614849,15.660569223528796,28.24264372169233,207.67966810430173,224.64301698897955,128.9406452562424,107.24455126279436,4.439915437568395,46.27744271092702,107.24455126279436,32.96157240614849,107.24455126279436,32.96157240614849,224.6754633603691
342,0.0,15.660569223528796,71.92725340688621,128.9406452562424,36.74694265656541,32.96157240614849,107.24455126279436,107.24455126279436,3.1806734144966624,32.96157240614849,69.66645254905293,146.3466305369653,36.74694265656541,224.64301698897955,3.048924092869573,110.74916787176912,224.64301698897955,107.24455126279436,71.23373795253224,107.24455126279436,146.3466305369653
343,0.0,8.712023740113676,34.67400516709484,32.96157240614849,107.24455126279436,107.24455126279436,32.96157240614849,32.96157240614849,2.29150235109587,42.79962381409237,101.85742868401285,128.9406452562424,107.24455126279436,32.96157240614849,8.712023740113676,71.23373795253224,32.96157240614849,32.96157240614849,71.92725340688621,32.96157240614849,128.9406452562424
344,2.270403213518286,34.67400516709484,84.8165179840258,107.24455126279436,224.64301698897955,32.96157240614849,146.3466305369653,146.3466305369653,4.980428504757223,37.97921592199604,32.96157240614849,32.96157240614849,224.64301698897955,146.3466305369653,34.67400516709484,101.85742868401285,146.3466305369653,146.3466305369653,34.67400516709484,146.3466305369653,32.96157240614849
345,3.048924092869573,13.492084115938772,71.26974968103113,32.96157240614849,146.3466305369653,146.3466305369653,128.9406452562424,128.9406452562424,0.0,0.0,278.8444646218688,107.24455126279436,146.3466305369653,128.9406452562424,4.099719773693866,71.26974968103113,128.9406452562424,128.9406452562424,84.8165179840258,128.9406452562424,107.24455126279436
346,2.9758561045830887,27.22288322454476,32.96157240614849,146.3466305369653,128.9406452562424,128.9406452562424,107.24455126279436,107.24455126279436,4.099719773693866,56.36991327099788,224.64301698897955,224.64301698897955,128.9406452562424,107.24455126279436,13.492084115938772,32.96157240614849,107.24455126279436,107.24455126279436,32.96157240614849,107.24455126279436,32.96157240614849
347,6.311611898113961,32.96157240614849,46.27744271092702,128.9406452562424,32.96157240614849,107.24455126279436,224.64301698897955,224.64301698897955,0.0926797102431434,28.24264372169233,130.6448320520446,32.96157240614849,32.96157240614849,224.64301698897955,27.22288322454476,207.67966810430173,224.64301698897955,224.64301698897955,46.27744271092702,224.64301698897955,146.3466305369653
348,3.104505054985564,34.396724496310675,110.74916787176912,107.24455126279436,107.24455126279436,224.64301698897955,146.3466305369653,146.3466305369653,5.1396572837575984,46.27744271092702,101.85742868401285,146.3466305369653,107.24455126279436,207.67966810430173,10.347450506012,46.27744271092702,207.67966810430173,146.3466305369653,110.74916787176912,146.3466305369653,128.9406452562424
349,0.0926797102431434,10.347450506012,56.36991327099788,224.64301698897955,224.64301698897955,207.67966810430173,128.9406452562424,128.9406452562424,0.0,34.67400516709484,128.9406452562424,128.9406452562424,224.64301698897955,101.85742868401285,0.0926797102431434,67.94967839208859,101.85742868401285,128.9406452562424,71.23373795253224,128.9406452562424,107.24455126279436
350,2.199198743708845,4.099719773693866,71.23373795253224,146.3466305369653,101.85742868401285,101.85742868401285,32.96157240614849,32.96157240614849,8.274183569068175,32.96157240614849,146.3466305369653,107.24455126279436,101.85742868401285,32.96157240614849,6.099190994978948,128.9406452562424,32.96157240614849,32.96157240614849,46.27744271092702,32.96157240614849,224.64301698897955
351,0.0280877934472444,15.660569223528796,51.26509554837951,128.9406452562424,46.27744271092702,19.354451067867316,107.24455126279436,107.24455126279436,0.0,43.32087581204169,32.96157240614849,224.64301698897955,46.27744271092702,67.94967839208859,10.347450506012,32.96157240614849,67.94967839208859,107.24455126279436,84.8165179840258,107.24455126279436,146.3466305369653
352,0.0,34.67400516709484,46.27744271092702,32.96157240614849,163.97042689157664,85.15605513359502,224.64301698897955,224.64301698897955,9.739914662371811,71.23373795253224,107.24455126279436,146.3466305369653,163.97042689157664,224.64301698897955,15.660569223528796,146.3466305369653,224.64301698897955,224.64301698897955,34.67400516709484,224.64301698897955,128.9406452562424
353,0.0926797102431434,4.439915437568395,84.8165179840258,107.24455126279436,278.2414047272246,224.64301698897955,101.85742868401285,101.85742868401285,0.0,46.27744271092702,224.64301698897955,128.9406452562424,278.2414047272246,101.85742868401285,4.439915437568395,71.23373795253224,101.85742868401285,101.85742868401285,32.96157240614849,101.85742868401285,32.96157240614849
354,0.0,0.0,107.24455126279436,224.64301698897955,71.23373795253224,71.76578972739628,32.96157240614849,32.96157240614849,0.0,56.36991327099788,146.3466305369653,32.96157240614849,71.23373795253224,32.96157240614849,0.0,46.27744271092702,32.96157240614849,32.96157240614849,106.9515191655676,32.96157240614849,107.24455126279436
355,3.1806734144966624,32.96157240614849,32.96157240614849,101.85742868401285,128.9406452562424,101.85742868401285,196.8268466256348,207.67966810430173,8.712023740113676,0.0,128.9406452562424,107.24455126279436,128.9406452562424,196.8268466256348,27.22288322454476,109.57435695223587,196.8268466256348,207.67966810430173,78.32564856753018,207.67966810430173,224.64301698897955
356,0.0,13.492084115938772,84.8165179840258,32.96157240614849,146.3466305369653,32.96157240614849,78.32564856753018,67.94967839208859,6.52170685096182,28.24264372169233,32.96157240614849,224.64301698897955,146.3466305369653,78.32564856753018,13.492084115938772,128.9406452562424,78.32564856753018,67.94967839208859,71.26974968103113,67.94967839208859,101.85742868401285
357,0.0,0.0926797102431434,71.92725340688621,207.67966810430173,32.96157240614849,207.67966810430173,224.64301698897955,224.64301698897955,4.357497648516051,37.97921592199604,107.24455126279436,101.85742868401285,32.96157240614849,224.64301698897955,35.57219641929099,146.3466305369653,224.64301698897955,224.64301698897955,84.8165179840258,224.64301698897955,32.96157240614849
358,0.0,22.33649443177427,34.67400516709484,67.94967839208859,110.74916787176912,224.64301698897955,128.9406452562424,128.9406452562424,3.048924092869573,34.67400516709484,224.64301698897955,32.96157240614849,110.74916787176912,128.9406452562424,8.712023740113676,32.96157240614849,128.9406452562424,128.9406452562424,71.92725340688621,128.9406452562424,207.67966810430173
359,0.0,29.8928208075054,46.27744271092702,224.64301698897955,224.64301698897955,128.9406452562424,107.24455126279436,146.3466305369653,2.0956956867578507,32.96157240614849,32.96157240614849,207.67966810430173,224.64301698897955,146.3466305369653,34.67400516709484,46.27744271092702,146.3466305369653,146.3466305369653,34.67400516709484,146.3466305369653,67.94967839208859
360,6.311611898113961,8.712023740113676,32.96157240614849,128.9406452562424,173.18433870679567,146.3466305369653,146.3466305369653,32.96157240614849,8.787753067226653,42.79962381409237,146.3466305369653,67.94967839208859,173.18433870679567,32.96157240614849,4.099719773693866,107.24455126279436,32.96157240614849,32.96157240614849,46.27744271092702,32.96157240614849,224.64301698897955
361,0.0,3.048924092869573,110.74916787176912,107.24455126279436,211.54177574416096,110.74916787176912,224.64301698897955,110.74916787176912,0.1196913799091976,71.23373795253224,128.9406452562424,247.9085117670747,211.54177574416096,110.74916787176912,22.33649443177427,71.26974968103113,110.74916787176912,110.74916787176912,32.96157240614849,110.74916787176912,128.9406452562424
362,2.0956956867578507,34.396724496310675,71.26974968103113,146.3466305369653,84.8165179840258,224.64301698897955,36.74694265656541,224.64301698897955,5.150291288737839,28.24264372169233,107.24455126279436,101.85742868401285,84.8165179840258,224.64301698897955,3.048924092869573,46.27744271092702,224.64301698897955,224.64301698897955,107.24455126279436,224.64301698897955,146.3466305369653
363,0.0,10.347450506012,84.8165179840258,224.64301698897955,34.67400516709484,36.74694265656541,128.9406452562424,207.67966810430173,0.0280877934472444,0.0,224.64301698897955,207.67966810430173,34.67400516709484,207.67966810430173,0.0926797102431434,146.3466305369653,207.67966810430173,207.67966810430173,71.26974968103113,207.67966810430173,32.96157240614849
364,0.0,10.347450506012,71.92725340688621,36.74694265656541,224.64301698897955,36.74694265656541,146.3466305369653,101.85742868401285,2.29150235109587,56.36991327099788,207.67966810430173,32.96157240614849,224.64301698897955,101.85742868401285,12.339573747295251,110.74916787176912,101.85742868401285,101.85742868401285,84.8165179840258,101.85742868401285,110.74916787176912
365,0.0,29.8928208075054,34.67400516709484,196.8268466256348,101.85742868401285,128.9406452562424,71.23373795253224,32.96157240614849,4.439915437568395,32.96157240614849,101.85742868401285,69.66645254905293,101.85742868401285,32.96157240614849,6.099190994978948,128.9406452562424,32.96157240614849,32.96157240614849,56.36991327099788,32.96157240614849,224.64301698897955
366,2.29150235109587,0.0,110.74916787176912,101.85742868401285,278.2414047272246,146.3466305369653,32.96157240614849,67.94967839208859,8.712023740113676,37.97921592199604,32.96157240614849,224.64301698897955,278.2414047272246,224.64301698897955,22.33649443177427,32.96157240614849,224.64301698897955,67.94967839208859,110.74916787176912,67.94967839208859,207.67966810430173
367,0.0,0.0926797102431434,71.23373795253224,32.96157240614849,163.97042689157664,224.64301698897955,46.27744271092702,224.6754633603691,7.70722884318748,46.27744271092702,67.94967839208859,92.14429197521228,163.97042689157664,67.94967839208859,0.0,71.26974968103113,67.94967839208859,224.6754633603691,51.26509554837951,224.6754633603691,101.85742868401285
368,0.0,4.439915437568395,32.96157240614849,78.32564856753018,224.64301698897955,107.24455126279436,107.24455126279436,101.85742868401285,3.1806734144966624,43.32087581204169,224.64301698897955,221.569563400658,224.64301698897955,101.85742868401285,0.0926797102431434,71.23373795253224,101.85742868401285,101.85742868401285,71.23373795253224,101.85742868401285,32.96157240614849
369,0.0,13.492084115938772,46.27744271092702,224.6754633603691,128.9406452562424,101.85742868401285,101.85742868401285,278.2414047272246,0.0,34.67400516709484,101.85742868401285,32.96157240614849,128.9406452562424,278.2414047272246,3.048924092869573,128.9406452562424,278.2414047272246,278.2414047272246,32.96157240614849,278.2414047272246,67.94967839208859
370,0.0,15.660569223528796,71.92725340688621,101.85742868401285,146.3466305369653,278.2414047272246,278.2414047272246,163.97042689157664,0.0,71.26974968103113,32.96157240614849,123.15249621348003,146.3466305369653,163.97042689157664,4.439915437568395,46.27744271092702,163.97042689157664,163.97042689157664,46.27744271092702,163.97042689157664,224.6754633603691
371,0.0,34.67400516709484,84.8165179840258,278.2414047272246,32.96157240614849,163.97042689157664,163.97042689157664,224.6754633603691,0.0926797102431434,37.97921592199604,196.8268466256348,224.6754633603691,32.96157240614849,224.6754633603691,6.099190994978948,146.3466305369653,224.6754633603691,224.6754633603691,56.36991327099788,224.6754633603691,101.85742868401285
372,2.9758561045830887,8.712023740113676,32.96157240614849,163.97042689157664,107.24455126279436,224.6754633603691,224.64301698897955,82.97590483047968,2.0956956867578507,56.36991327099788,78.32564856753018,101.85742868401285,107.24455126279436,128.9406452562424,15.660569223528796,107.24455126279436,128.9406452562424,82.97590483047968,71.26974968103113,82.97590483047968,278.2414047272246
373,0.0,4.099719773693866,34.67400516709484,224.64301698897955,224.64301698897955,128.9406452562424,128.9406452562424,128.9406452562424,0.0280877934472444,0.0,224.64301698897955,278.2414047272246,224.64301698897955,146.3466305369653,8.712023740113676,32.96157240614849,146.3466305369653,128.9406452562424,51.26509554837951,128.9406452562424,163.97042689157664
374,0.0,32.96157240614849,46.27744271092702,231.0187680040144,224.64301698897955,146.3466305369653,146.3466305369653,146.3466305369653,5.150291288737839,28.24264372169233,128.9406452562424,163.97042689157664,224.64301698897955,32.96157240614849,4.099719773693866,46.27744271092702,32.96157240614849,146.3466305369653,84.8165179840258,146.3466305369653,224.6754633603691
375,0.0,3.048924092869573,107.24455126279436,128.9406452562424,92.14429197521228,32.96157240614849,32.96157240614849,32.96157240614849,0.0,32.96157240614849,146.3466305369653,224.6754633603691,92.14429197521228,107.24455126279436,34.67400516709484,207.67966810430173,107.24455126279436,32.96157240614849,32.96157240614849,32.96157240614849,82.97590483047968
376,0.0,22.33649443177427,71.23373795253224,146.3466305369653,232.42238487932488,107.24455126279436,107.24455126279436,46.27744271092702,0.0,34.67400516709484,32.96157240614849,128.9406452562424,232.42238487932488,224.64301698897955,13.492084115938772,71.23373795253224,224.64301698897955,46.27744271092702,46.27744271092702,46.27744271092702,128.9406452562424
377,2.199198743708845,34.396724496310675,71.92725340688621,32.96157240614849,32.96157240614849,224.64301698897955,224.64301698897955,107.24455126279436,0.0,46.27744271092702,110.74916787176912,146.3466305369653,32.96157240614849,146.3466305369653,27.22288322454476,101.85742868401285,146.3466305369653,107.24455126279436,107.24455126279436,107.24455126279436,146.3466305369653
378,0.0,0.0926797102431434,34.67400516709484,107.24455126279436,115.15722557659484,146.3466305369653,224.64301698897955,224.64301698897955,0.0,43.32087581204169,224.64301698897955,110.74916787176912,115.15722557659484,0.0,34.396724496310675,32.96157240614849,0.0,224.64301698897955,71.92725340688621,224.64301698897955,32.96157240614849
379,3.462836647521672,3.048924092869573,84.8165179840258,146.3466305369653,146.3466305369653,0.0,174.10803796214083,146.3466305369653,4.357497648516051,71.26974968103113,207.67966810430173,32.96157240614849,146.3466305369653,82.10334319421264,10.347450506012,67.94967839208859,82.10334319421264,146.3466305369653,34.67400516709484,146.3466305369653,46.27744271092702
380,0.0,4.439915437568395,71.23373795253224,128.9406452562424,128.9406452562424,82.10334319421264,92.14429197521228,128.9406452562424,4.980428504757223,56.36991327099788,101.85742868401285,224.64301698897955,128.9406452562424,32.96157240614849,12.27871044879202,82.97590483047968,32.96157240614849,128.9406452562424,84.8165179840258,128.9406452562424,107.24455126279436
381,0.0,0.0,46.27744271092702,32.96157240614849,32.96157240614849,32.96157240614849,98.95322686192392,32.96157240614849,0.1196913799091976,0.0,32.96157240614849,146.3466305369653,32.96157240614849,110.74916787176912,4.099719773693866,128.9406452562424,110.74916787176912,32.96157240614849,71.23373795253224,32.96157240614849,224.64301698897955
382,3.048924092869573,10.347450506012,32.96157240614849,107.24455126279436,107.24455126279436,110.74916787176912,174.74864170805762,107.24455126279436,4.099719773693866,28.24264372169233,224.64301698897955,247.9085117670747,107.24455126279436,224.6754633603691,15.660569223528796,146.3466305369653,224.6754633603691,107.24455126279436,46.27744271092702,107.24455126279436,146.3466305369653
383,5.983319937924184,22.33649443177427,107.24455126279436,248.28271341834568,224.6754633603691,224.6754633603691,34.67400516709484,34.67400516709484,8.274183569068175,34.67400516709484,67.94967839208859,128.9406452562424,224.6754633603691,34.67400516709484,34.67400516709484,32.96157240614849,34.67400516709484,34.67400516709484,32.96157240614849,34.67400516709484,128.9406452562424
384,2.844536548299099,8.712023740113676,34.67400516709484,34.67400516709484,216.4230337674108,146.3466305369653,224.64301698897955,224.64301698897955,6.52170685096182,32.96157240614849,101.85742868401285,32.96157240614849,216.4230337674108,94.5195466255076,4.439915437568395,46.27744271092702,94.5195466255076,224.64301698897955,107.24455126279436,224.64301698897955,32.96157240614849
385,3.318778464280774,32.96157240614849,71.92725340688621,71.92725340688621,101.85742868401285,224.64301698897955,211.54177574416096,199.5530933863677,3.048924092869573,37.97921592199604,196.8268466256348,107.24455126279436,101.85742868401285,281.2275499012417,0.0,110.74916787176912,281.2275499012417,199.5530933863677,34.67400516709484,199.5530933863677,107.24455126279436
386,0.1196913799091976,34.67400516709484,84.8165179840258,224.64301698897955,19.354451067867316,128.9406452562424,84.8165179840258,84.8165179840258,15.660569223528796,46.27744271092702,32.96157240614849,146.3466305369653,19.354451067867316,84.8165179840258,13.492084115938772,146.3466305369653,84.8165179840258,84.8165179840258,71.92725340688621,84.8165179840258,34.67400516709484
387,2.270403213518286,13.492084115938772,71.26974968103113,84.8165179840258,73.87889151615765,32.96157240614849,171.65838801782064,163.9394589788632,7.429721685072115,42.79962381409237,224.6754633603691,224.64301698897955,73.87889151615765,232.1571126412368,3.048924092869573,128.9406452562424,232.1571126412368,163.9394589788632,84.8165179840258,163.9394589788632,224.64301698897955
388,0.0669467607792184,34.396724496310675,32.96157240614849,110.74916787176912,281.1767994965958,107.24455126279436,178.45854501536593,128.9406452562424,8.787753067226653,71.23373795253224,78.32564856753018,128.9406452562424,281.1767994965958,101.85742868401285,0.0926797102431434,32.96157240614849,101.85742868401285,128.9406452562424,32.96157240614849,128.9406452562424,199.5530933863677
389,0.0325314998532016,4.099719773693866,46.27744271092702,32.96157240614849,224.64301698897955,101.85742868401285,101.85742868401285,146.3466305369653,2.199198743708845,28.24264372169233,128.9406452562424,110.74916787176912,224.64301698897955,207.67966810430173,22.33649443177427,46.27744271092702,207.67966810430173,146.3466305369653,46.27744271092702,146.3466305369653,84.8165179840258
390,0.0280877934472444,27.22288322454476,107.24455126279436,101.85742868401285,128.9406452562424,207.67966810430173,80.141789311817,224.64301698897955,4.099719773693866,37.97921592199604,146.3466305369653,32.96157240614849,128.9406452562424,32.96157240614849,10.719746131060525,107.24455126279436,32.96157240614849,224.64301698897955,107.24455126279436,224.64301698897955,163.9394589788632
391,2.270403213518286,15.660569223528796,0.0,207.67966810430173,146.3466305369653,32.96157240614849,224.64301698897955,32.96157240614849,8.274183569068175,0.0,32.96157240614849,101.85742868401285,146.3466305369653,67.94967839208859,8.712023740113676,71.23373795253224,67.94967839208859,32.96157240614849,71.23373795253224,32.96157240614849,128.9406452562424
392,0.0,10.347450506012,56.36991327099788,224.64301698897955,36.74694265656541,67.94967839208859,92.1887493257003,110.74916787176912,0.0,56.36991327099788,107.24455126279436,196.8268466256348,36.74694265656541,224.6754633603691,12.27871044879202,46.27744271092702,224.6754633603691,110.74916787176912,56.36991327099788,110.74916787176912,146.3466305369653
393,3.048924092869573,0.0926797102431434,34.67400516709484,32.96157240614849,107.24455126279436,224.6754633603691,278.8444646218688,224.64301698897955,0.0926797102431434,34.67400516709484,224.64301698897955,224.64301698897955,107.24455126279436,128.9406452562424,34.396724496310675,196.8268466256348,128.9406452562424,224.64301698897955,34.67400516709484,224.64301698897955,224.64301698897955
394,0.0,34.67400516709484,19.354451067867316,71.76578972739628,232.42238487932488,224.64301698897955,224.64301698897955,101.85742868401285,2.199198743708845,32.96157240614849,146.3466305369653,32.96157240614849,232.42238487932488,32.96157240614849,5.08335688941316,32.96157240614849,32.96157240614849,101.85742868401285,19.354451067867316,101.85742868401285,32.96157240614849
395,0.0,32.96157240614849,28.24264372169233,224.64301698897955,32.96157240614849,128.9406452562424,101.85742868401285,32.96157240614849,4.357497648516051,46.27744271092702,0.0,78.32564856753018,32.96157240614849,146.3466305369653,10.347450506012,101.85742868401285,146.3466305369653,32.96157240614849,71.23373795253224,32.96157240614849,110.74916787176912
396,0.0,0.0,37.97921592199604,101.85742868401285,92.14429197521228,32.96157240614849,130.6448320520446,207.67966810430173,0.0,42.79962381409237,82.10334319421264,101.85742868401285,92.14429197521228,107.24455126279436,6.099190994978948,78.32564856753018,107.24455126279436,207.67966810430173,28.24264372169233,207.67966810430173,224.64301698897955
397,0.0,4.439915437568395,46.27744271092702,32.96157240614849,114.78197029080783,146.3466305369653,101.85742868401285,67.94967839208859,4.439915437568395,71.23373795253224,32.96157240614849,32.96157240614849,114.78197029080783,224.6754633603691,10.347450506012,71.26974968103113,224.6754633603691,67.94967839208859,84.8165179840258,67.94967839208859,101.85742868401285
398,2.199198743708845,15.660569223528796,60.00600055559878,207.67966810430173,224.6754633603691,107.24455126279436,32.96157240614849,232.42238487932488,6.52170685096182,56.36991327099788,110.74916787176912,207.67966810430173,224.6754633603691,207.67966810430173,10.719746131060525,46.27744271092702,207.67966810430173,232.42238487932488,46.27744271092702,232.42238487932488,32.96157240614849
399,0.0,22.33649443177427,71.26974968103113,67.94967839208859,101.85742868401285,207.67966810430173,78.32564856753018,32.96157240614849,3.1806734144966624,71.26974968103113,224.6754633603691,247.9085117670747,101.85742868401285,101.85742868401285,0.0,146.3466305369653,101.85742868401285,32.96157240614849,60.00600055559878,32.96157240614849,207.67966810430173
400,0.0,8.712023740113676,84.8165179840258,196.8268466256348,207.67966810430173,101.85742868401285,200.82209477233357,92.14429197521228,0.0,0.0,34.67400516709484,67.94967839208859,207.67966810430173,32.96157240614849,3.048924092869573,128.9406452562424,32.96157240614849,92.14429197521228,84.8165179840258,92.14429197521228,67.94967839208859
401,0.0,13.492084115938772,107.24455126279436,32.96157240614849,32.96157240614849,32.96157240614849,224.6754633603691,224.64301698897955,0.0,37.97921592199604,71.92725340688621,196.8268466256348,32.96157240614849,224.64301698897955,0.0926797102431434,32.96157240614849,224.64301698897955,224.64301698897955,34.67400516709484,224.64301698897955,232.42238487932488
402,2.29150235109587,4.099719773693866,34.67400516709484,92.14429197521228,71.76578972739628,224.64301698897955,101.85742868401285,114.78197029080783,11.204723685217274,32.96157240614849,224.64301698897955,32.96157240614849,71.76578972739628,67.94967839208859,4.439915437568395,107.24455126279436,67.94967839208859,114.78197029080783,71.92725340688621,114.78197029080783,32.96157240614849
403,0.0926797102431434,27.22288322454476,71.92725340688621,224.64301698897955,224.64301698897955,67.94967839208859,207.67966810430173,101.85742868401285,0.0,28.24264372169233,84.8165179840258,92.14429197521228,224.64301698897955,101.85742868401285,5.08335688941316,71.23373795253224,101.85742868401285,101.85742868401285,32.96157240614849,101.85742868401285,92.14429197521228
404,0.0280877934472444,35.57219641929099,32.96157240614849,148.4192221491747,128.9406452562424,101.85742868401285,32.96157240614849,207.67966810430173,5.08335688941316,34.67400516709484,32.96157240614849,224.64301698897955,128.9406452562424,207.67966810430173,13.492084115938772,71.26974968103113,207.67966810430173,207.67966810430173,46.27744271092702,207.67966810430173,224.64301698897955
405,0.0,3.048924092869573,46.27744271092702,146.3466305369653,146.3466305369653,278.2414047272246,71.76578972739628,32.96157240614849,2.29150235109587,46.27744271092702,107.24455126279436,148.4192221491747,146.3466305369653,32.96157240614849,15.660569223528796,146.3466305369653,32.96157240614849,32.96157240614849,110.74916787176912,32.96157240614849,114.78197029080783
406,0.0,0.0,71.23373795253224,128.9406452562424,32.96157240614849,163.97042689157664,224.64301698897955,71.76578972739628,0.0,42.79962381409237,101.85742868401285,247.9085117670747,32.96157240614849,71.76578972739628,34.67400516709484,110.74916787176912,71.76578972739628,71.76578972739628,71.23373795253224,71.76578972739628,101.85742868401285
407,0.0,4.099719773693866,84.8165179840258,32.96157240614849,107.24455126279436,224.64301698897955,101.85742868401285,224.64301698897955,8.712023740113676,0.0,207.67966810430173,146.3466305369653,107.24455126279436,224.64301698897955,8.712023740113676,128.9406452562424,224.64301698897955,224.64301698897955,84.8165179840258,224.64301698897955,207.67966810430173
408,0.0,27.22288322454476,71.92725340688621,107.24455126279436,224.64301698897955,101.85742868401285,197.36172821941545,128.9406452562424,4.980428504757223,56.36991327099788,32.96157240614849,128.9406452562424,224.64301698897955,101.85742868401285,4.099719773693866,32.96157240614849,101.85742868401285,128.9406452562424,71.92725340688621,128.9406452562424,32.96157240614849
409,0.0,22.33649443177427,34.67400516709484,224.64301698897955,146.3466305369653,197.36172821941545,203.97382856959476,146.3466305369653,3.048924092869573,32.96157240614849,67.94967839208859,32.96157240614849,146.3466305369653,197.36172821941545,32.96157240614849,46.27744271092702,197.36172821941545,146.3466305369653,71.26974968103113,146.3466305369653,71.76578972739628
410,0.0,0.0926797102431434,32.96157240614849,128.9406452562424,128.9406452562424,203.97382856959476,121.09049556831172,32.96157240614849,2.0956956867578507,37.97921592199604,224.6754633603691,107.24455126279436,128.9406452562424,203.97382856959476,22.33649443177427,128.9406452562424,203.97382856959476,32.96157240614849,34.67400516709484,32.96157240614849,224.64301698897955
411,0.0,8.712023740113676,46.27744271092702,146.3466305369653,32.96157240614849,121.09049556831172,136.61578178311018,107.24455126279436,15.660569223528796,28.24264372169233,128.9406452562424,128.9406452562424,32.96157240614849,121.09049556831172,34.396724496310675,71.23373795253224,121.09049556831172,107.24455126279436,32.96157240614849,107.24455126279436,128.9406452562424
412,0.0,4.439915437568395,107.24455126279436,32.96157240614849,224.64301698897955,136.61578178311018,34.67400516709484,224.64301698897955,5.1396572837575984,71.23373795253224,32.96157240614849,146.3466305369653,224.64301698897955,136.61578178311018,0.0926797102431434,146.3466305369653,136.61578178311018,224.64301698897955,46.27744271092702,224.64301698897955,146.3466305369653
413,0.0669467607792184,34.67400516709484,71.23373795253224,107.24455126279436,107.24455126279436,0.0,71.92725340688621,146.3466305369653,7.565178155430798,34.67400516709484,146.3466305369653,32.96157240614849,107.24455126279436,146.3466305369653,3.048924092869573,32.96157240614849,146.3466305369653,146.3466305369653,107.24455126279436,146.3466305369653,32.96157240614849
414,0.0,10.347450506012,84.8165179840258,224.64301698897955,128.9406452562424,146.3466305369653,84.8165179840258,128.9406452562424,0.1196913799091976,46.27744271092702,107.24455126279436,107.24455126279436,128.9406452562424,128.9406452562424,4.439915437568395,46.27744271092702,128.9406452562424,128.9406452562424,84.8165179840258,128.9406452562424,107.24455126279436
415,0.0325314998532016,13.492084115938772,32.96157240614849,146.3466305369653,146.3466305369653,82.10334319421264,77.68754822417431,32.96157240614849,0.0280877934472444,42.79962381409237,224.6754633603691,224.64301698897955,146.3466305369653,32.96157240614849,0.0,107.24455126279436,32.96157240614849,32.96157240614849,32.96157240614849,32.96157240614849,224.64301698897955
416,0.1196913799091976,3.048924092869573,71.92725340688621,128.9406452562424,32.96157240614849,32.96157240614849,32.96157240614849,224.64301698897955,4.439915437568395,37.97921592199604,207.67966810430173,146.3466305369653,32.96157240614849,224.64301698897955,10.347450506012,146.3466305369653,224.64301698897955,224.64301698897955,71.92725340688621,224.64301698897955,146.3466305369653
417,3.1806734144966624,19.354451067867316,34.67400516709484,32.96157240614849,107.24455126279436,224.64301698897955,61.87077539842197,107.24455126279436,0.1196913799091976,34.67400516709484,101.85742868401285,128.9406452562424,107.24455126279436,107.24455126279436,22.33649443177427,128.9406452562424,107.24455126279436,107.24455126279436,34.67400516709484,107.24455126279436,128.9406452562424
418,0.0,15.660569223528796,71.23373795253224,224.64301698897955,224.6754633603691,107.24455126279436,107.24455126279436,101.85742868401285,8.712023740113676,56.36991327099788,32.96157240614849,32.96157240614849,224.6754633603691,101.85742868401285,6.099190994978948,32.96157240614849,101.85742868401285,101.85742868401285,71.23373795253224,101.85742868401285,32.96157240614849
419,0.0,51.60310123781711,46.27744271092702,107.24455126279436,281.2275499012417,101.85742868401285,101.85742868401285,32.96157240614849,0.0,0.0,224.64301698897955,224.64301698897955,281.2275499012417,32.96157240614849,8.712023740113676,107.24455126279436,32.96157240614849,32.96157240614849,46.27744271092702,32.96157240614849,224.64301698897955
420,0.0,0.0,109.57435695223587,101.85742868401285,84.8165179840258,32.96157240614849,46.27744271092702,224.64301698897955,0.0,28.24264372169233,67.94967839208859,107.24455126279436,84.8165179840258,224.64301698897955,34.67400516709484,46.27744271092702,224.64301698897955,224.64301698897955,109.57435695223587,224.64301698897955,107.24455126279436
421,0.0,4.439915437568395,84.8165179840258,247.9085117670747,276.08785080937423,224.64301698897955,32.96157240614849,207.67966810430173,4.357497648516051,46.27744271092702,101.85742868401285,82.10334319421264,276.08785080937423,207.67966810430173,13.492084115938772,71.26974968103113,207.67966810430173,207.67966810430173,84.8165179840258,207.67966810430173,101.85742868401285
422,3.462836647521672,32.96157240614849,71.92725340688621,32.96157240614849,185.30412046986163,207.67966810430173,207.67966810430173,67.94967839208859,0.0,32.96157240614849,207.67966810430173,0.0,185.30412046986163,67.94967839208859,34.396724496310675,32.96157240614849,67.94967839208859,67.94967839208859,71.92725340688621,67.94967839208859,32.96157240614849
423,2.9758561045830887,8.712023740113676,32.96157240614849,207.67966810430173,84.8165179840258,67.94967839208859,67.94967839208859,224.64301698897955,0.0,29.8928208075054,32.96157240614849,278.3454370568201,84.8165179840258,128.9406452562424,4.099719773693866,146.3466305369653,128.9406452562424,224.64301698897955,32.96157240614849,224.64301698897955,224.64301698897955
424,0.0,34.67400516709484,71.23373795253224,67.94967839208859,38.88509720324353,224.64301698897955,71.26974968103113,101.85742868401285,2.0956956867578507,42.79962381409237,71.76578972739628,146.3466305369653,38.88509720324353,146.3466305369653,27.22288322454476,128.9406452562424,146.3466305369653,101.85742868401285,34.67400516709484,101.85742868401285,207.67966810430173
425,1.6009776871853536,15.660569223528796,34.67400516709484,101.85742868401285,199.5530933863677,101.85742868401285,224.64301698897955,32.96157240614849,0.0,10.347450506012,224.64301698897955,32.96157240614849,199.5530933863677,32.96157240614849,15.660569223528796,71.26974968103113,32.96157240614849,32.96157240614849,46.27744271092702,32.96157240614849,67.94967839208859
426,2.0956956867578507,27.22288322454476,46.27744271092702,32.96157240614849,163.56319447990077,32.96157240614849,101.85742868401285,207.67966810430173,0.0280877934472444,0.0,101.85742868401285,107.24455126279436,163.56319447990077,110.74916787176912,12.27871044879202,46.27744271092702,110.74916787176912,207.67966810430173,107.24455126279436,207.67966810430173,224.64301698897955
427,5.983319937924184,4.099719773693866,107.24455126279436,207.67966810430173,224.64301698897955,196.8268466256348,32.96157240614849,71.76578972739628,0.0,37.97921592199604,71.26974968103113,101.85742868401285,224.64301698897955,224.6754633603691,10.347450506012,107.24455126279436,224.6754633603691,71.76578972739628,71.26974968103113,71.76578972739628,101.85742868401285
428,6.311611898113961,13.492084115938772,46.27744271092702,71.76578972739628,146.3466305369653,80.38426003547583,207.67966810430173,101.85742868401285,3.1806734144966624,28.24264372169233,32.96157240614849,32.96157240614849,146.3466305369653,101.85742868401285,0.0926797102431434,146.3466305369653,101.85742868401285,101.85742868401285,71.23373795253224,101.85742868401285,32.96157240614849
429,5.214161531673639,3.048924092869573,71.92725340688621,224.6754633603691,128.9406452562424,101.85742868401285,71.76578972739628,174.79666453829873,5.08335688941316,56.36991327099788,207.67966810430173,207.67966810430173,128.9406452562424,278.2414047272246,34.67400516709484,46.27744271092702,278.2414047272246,174.79666453829873,46.27744271092702,174.79666453829873,207.67966810430173
430,0.0,22.33649443177427,84.8165179840258,101.85742868401285,32.96157240614849,278.2414047272246,32.96157240614849,281.12558583712195,4.099719773693866,34.67400516709484,46.27744271092702,71.76578972739628,32.96157240614849,163.97042689157664,0.0,128.9406452562424,163.97042689157664,281.12558583712195,71.92725340688621,281.12558583712195,71.76578972739628
431,0.0,34.396724496310675,32.96157240614849,278.2414047272246,107.24455126279436,231.0187680040144,101.85742868401285,224.6754633603691,4.980428504757223,46.27744271092702,67.94967839208859,224.6754633603691,107.24455126279436,224.64301698897955,4.439915437568395,32.96157240614849,224.64301698897955,224.6754633603691,110.74916787176912,224.6754633603691,101.85742868401285
432,0.0,0.0926797102431434,34.67400516709484,163.97042689157664,224.64301698897955,163.97042689157664,196.8268466256348,146.3466305369653,8.274183569068175,35.87184899395712,146.3466305369653,101.85742868401285,224.64301698897955,84.8165179840258,3.048924092869573,107.24455126279436,84.8165179840258,146.3466305369653,84.8165179840258,146.3466305369653,174.79666453829873
433,0.0,10.347450506012,107.24455126279436,224.64301698897955,146.3466305369653,84.8165179840258,224.64301698897955,128.9406452562424,6.52170685096182,42.79962381409237,128.9406452562424,278.2414047272246,146.3466305369653,281.1767994965958,15.660569223528796,71.23373795253224,281.1767994965958,128.9406452562424,32.96157240614849,128.9406452562424,281.12558583712195
434,2.0956956867578507,34.67400516709484,71.26974968103113,146.3466305369653,128.9406452562424,34.67400516709484,79.10205979946667,32.96157240614849,2.29150235109587,71.23373795253224,32.96157240614849,163.97042689157664,128.9406452562424,34.67400516709484,22.33649443177427,101.85742868401285,34.67400516709484,32.96157240614849,34.67400516709484,32.96157240614849,224.6754633603691
435,3.1806734144966624,0.0,71.23373795253224,128.9406452562424,32.96157240614849,186.77804194375096,146.3466305369653,107.24455126279436,3.048924092869573,28.24264372169233,224.64301698897955,224.64301698897955,32.96157240614849,186.77804194375096,8.712023740113676,32.96157240614849,186.77804194375096,107.24455126279436,71.23373795253224,107.24455126279436,146.3466305369653
436,0.0,13.492084115938772,84.8165179840258,32.96157240614849,107.24455126279436,120.1519979032052,128.9406452562424,224.64301698897955,15.660569223528796,56.36991327099788,107.24455126279436,146.3466305369653,107.24455126279436,120.1519979032052,13.492084115938772,46.27744271092702,120.1519979032052,224.64301698897955,84.8165179840258,224.64301698897955,128.9406452562424
437,0.1196913799091976,4.099719773693866,46.27744271092702,107.24455126279436,224.64301698897955,281.2275499012417,32.96157240614849,101.85742868401285,7.429721685072115,34.67400516709484,101.85742868401285,128.9406452562424,224.64301698897955,146.3466305369653,4.099719773693866,207.67966810430173,146.3466305369653,101.85742868401285,46.27744271092702,101.85742868401285,32.96157240614849
438,0.0,22.33649443177427,71.92725340688621,224.64301698897955,146.3466305369653,146.3466305369653,110.74916787176912,32.96157240614849,7.70722884318748,0.0,32.96157240614849,32.96157240614849,146.3466305369653,128.9406452562424,27.22288322454476,67.94967839208859,128.9406452562424,32.96157240614849,71.92725340688621,32.96157240614849,107.24455126279436
439,0.0,10.347450506012,34.67400516709484,146.3466305369653,128.9406452562424,128.9406452562424,224.64301698897955,207.67966810430173,8.787753067226653,37.97921592199604,224.64301698897955,107.24455126279436,128.9406452562424,32.96157240614849,35.57219641929099,71.23373795253224,32.96157240614849,207.67966810430173,107.24455126279436,207.67966810430173,224.64301698897955
440,0.0,0.0926797102431434,32.96157240614849,128.9406452562424,224.64301698897955,32.96157240614849,146.3466305369653,67.94967839208859,0.0926797102431434,71.26974968103113,207.67966810430173,224.64301698897955,224.64301698897955,107.24455126279436,12.27871044879202,101.85742868401285,107.24455126279436,67.94967839208859,34.67400516709484,67.94967839208859,101.85742868401285
441,0.0,4.439915437568395,110.74916787176912,32.96157240614849,32.96157240614849,107.24455126279436,128.9406452562424,224.64301698897955,2.235727304024508,32.96157240614849,67.94967839208859,146.3466305369653,32.96157240614849,224.64301698897955,6.099190994978948,46.27744271092702,224.64301698897955,224.64301698897955,32.96157240614849,224.64301698897955,32.96157240614849
442,0.0669467607792184,8.712023740113676,71.92725340688621,107.24455126279436,107.24455126279436,224.64301698897955,32.96157240614849,146.3466305369653,0.0,46.27744271092702,128.9406452562424,128.9406452562424,107.24455126279436,101.85742868401285,0.0,207.67966810430173,101.85742868401285,146.3466305369653,71.92725340688621,146.3466305369653,207.67966810430173
443,0.0,27.22288322454476,46.27744271092702,224.64301698897955,146.3466305369653,92.14429197521228,107.24455126279436,128.9406452562424,4.439915437568395,43.32087581204169,146.3466305369653,32.96157240614849,146.3466305369653,207.67966810430173,4.099719773693866,32.96157240614849,207.67966810430173,128.9406452562424,46.27744271092702,128.9406452562424,67.94967839208859
444,3.104505054985564,32.96157240614849,34.67400516709484,146.3466305369653,32.96157240614849,232.42238487932488,224.64301698897955,224.64301698897955,15.660569223528796,0.0,32.96157240614849,107.24455126279436,32.96157240614849,32.96157240614849,27.22288322454476,69.66645254905293,32.96157240614849,224.64301698897955,34.67400516709484,224.64301698897955,224.64301698897955
445,0.0,3.048924092869573,84.8165179840258,128.9406452562424,71.23373795253224,71.23373795253224,101.85742868401285,32.96157240614849,6.52170685096182,56.36991327099788,110.74916787176912,224.64301698897955,71.23373795253224,67.94967839208859,22.33649443177427,71.23373795253224,67.94967839208859,32.96157240614849,84.8165179840258,32.96157240614849,146.3466305369653
446,2.844536548299099,15.660569223528796,32.96157240614849,32.96157240614849,128.9406452562424,32.96157240614849,278.2414047272246,107.24455126279436,2.29150235109587,46.27744271092702,224.6754633603691,146.3466305369653,128.9406452562424,224.6754633603691,8.712023740113676,0.0,224.6754633603691,107.24455126279436,32.96157240614849,107.24455126279436,128.9406452562424
447,0.0,34.396724496310675,107.24455126279436,107.24455126279436,46.27744271092702,46.27744271092702,224.64301698897955,0.0,0.0,37.97921592199604,32.96157240614849,128.9406452562424,46.27744271092702,0.0,4.439915437568395,207.67966810430173,0.0,0.0,107.24455126279436,0.0,224.64301698897955
448,2.29150235109587,32.96157240614849,71.26974968103113,224.6754633603691,107.24455126279436,115.15722557659484,163.97042689157664,146.3466305369653,2.0956956867578507,34.67400516709484,101.85742868401285,32.96157240614849,107.24455126279436,146.3466305369653,12.27871044879202,55.020126621983074,146.3466305369653,146.3466305369653,71.26974968103113,146.3466305369653,32.96157240614849
449,0.0,4.439915437568395,84.8165179840258,146.3466305369653,207.67966810430173,146.3466305369653,146.3466305369653,32.96157240614849,0.0,42.79962381409237,207.67966810430173,107.24455126279436,207.67966810430173,32.96157240614849,34.67400516709484,71.23373795253224,32.96157240614849,32.96157240614849,84.8165179840258,32.96157240614849,107.24455126279436
450,0.0,34.67400516709484,71.92725340688621,32.96157240614849,19.354451067867316,32.96157240614849,224.6754633603691,82.10334319421264,0.0,32.96157240614849,224.64301698897955,224.6754633603691,19.354451067867316,82.10334319421264,10.347450506012,32.96157240614849,82.10334319421264,82.10334319421264,71.92725340688621,82.10334319421264,0.0
451,0.0,0.0,32.96157240614849,71.23373795253224,101.85742868401285,128.9406452562424,32.96157240614849,107.24455126279436,0.0,28.24264372169233,67.94967839208859,0.0,101.85742868401285,107.24455126279436,13.492084115938772,46.27744271092702,107.24455126279436,107.24455126279436,32.96157240614849,107.24455126279436,146.3466305369653
452,0.0,8.712023740113676,34.67400516709484,128.9406452562424,85.15605513359502,107.24455126279436,128.9406452562424,224.64301698897955,0.0,71.26974968103113,71.92725340688621,146.3466305369653,85.15605513359502,224.64301698897955,3.048924092869573,67.94967839208859,224.64301698897955,224.64301698897955,34.67400516709484,224.64301698897955,32.96157240614849
453,0.0,13.492084115938772,46.27744271092702,46.27744271092702,224.64301698897955,224.64301698897955,107.24455126279436,32.96157240614849,8.274183569068175,37.97921592199604,84.8165179840258,32.96157240614849,224.64301698897955,32.96157240614849,15.660569223528796,101.85742868401285,32.96157240614849,32.96157240614849,46.27744271092702,32.96157240614849,82.10334319421264
454,0.0,4.099719773693866,107.24455126279436,107.24455126279436,107.24455126279436,32.96157240614849,32.96157240614849,196.8268466256348,8.712023740113676,56.36991327099788,34.67400516709484,82.10334319421264,107.24455126279436,196.8268466256348,34.396724496310675,196.8268466256348,196.8268466256348,196.8268466256348,110.74916787176912,196.8268466256348,107.24455126279436
455,0.0,27.22288322454476,71.26974968103113,32.96157240614849,146.3466305369653,207.67966810430173,101.85742868401285,101.85742868401285,4.357497648516051,34.67400516709484,32.96157240614849,107.24455126279436,146.3466305369653,101.85742868401285,0.0926797102431434,71.23373795253224,101.85742868401285,101.85742868401285,71.26974968103113,101.85742868401285,224.64301698897955
456,0.0,3.048924092869573,71.92725340688621,196.8268466256348,32.96157240614849,101.85742868401285,78.32564856753018,78.32564856753018,3.1806734144966624,46.27744271092702,107.24455126279436,224.64301698897955,32.96157240614849,78.32564856753018,6.099190994978948,32.96157240614849,78.32564856753018,78.32564856753018,71.92725340688621,78.32564856753018,32.96157240614849
457,0.0,10.347450506012,71.26974968103113,101.85742868401285,128.9406452562424,67.94967839208859,200.82209477233357,224.64301698897955,4.099719773693866,0.0,224.64301698897955,32.96157240614849,128.9406452562424,224.64301698897955,0.0,46.27744271092702,224.64301698897955,224.64301698897955,84.8165179840258,224.64301698897955,196.8268466256348
458,3.462836647521672,22.33649443177427,84.8165179840258,78.32564856753018,224.64301698897955,224.64301698897955,224.64301698897955,107.24455126279436,4.980428504757223,32.96157240614849,146.3466305369653,196.8268466256348,224.64301698897955,107.24455126279436,4.439915437568395,80.38426003547583,107.24455126279436,107.24455126279436,34.67400516709484,107.24455126279436,101.85742868401285
459,0.0325314998532016,15.660569223528796,34.67400516709484,224.64301698897955,107.24455126279436,107.24455126279436,107.24455126279436,146.3466305369653,3.048924092869573,43.32087581204169,128.9406452562424,101.85742868401285,107.24455126279436,146.3466305369653,32.96157240614849,128.9406452562424,146.3466305369653,146.3466305369653,32.96157240614849,146.3466305369653,78.32564856753018
460,0.0,34.396724496310675,32.96157240614849,107.24455126279436,128.9406452562424,146.3466305369653,146.3466305369653,32.96157240614849,2.199198743708845,28.24264372169233,32.96157240614849,78.32564856753018,128.9406452562424,32.96157240614849,8.712023740113676,146.3466305369653,32.96157240614849,32.96157240614849,46.27744271092702,32.96157240614849,224.64301698897955
461,2.9758561045830887,0.0926797102431434,46.27744271092702,146.3466305369653,146.3466305369653,32.96157240614849,224.6754633603691,224.6754633603691,7.429721685072115,71.26974968103113,107.24455126279436,224.64301698897955,146.3466305369653,128.9406452562424,34.67400516709484,110.74916787176912,128.9406452562424,224.6754633603691,107.24455126279436,224.6754633603691,107.24455126279436
462,3.048924092869573,0.0,107.24455126279436,32.96157240614849,32.96157240614849,224.6754633603691,128.9406452562424,128.9406452562424,7.70722884318748,28.24264372169233,224.64301698897955,107.24455126279436,32.96157240614849,231.0187680040144,15.660569223528796,32.96157240614849,231.0187680040144,128.9406452562424,71.23373795253224,128.9406452562424,146.3466305369653
463,5.983319937924184,4.439915437568395,46.27744271092702,224.6754633603691,224.64301698897955,128.9406452562424,36.74694265656541,107.24455126279436,8.787753067226653,37.97921592199604,101.85742868401285,146.3466305369653,224.64301698897955,101.85742868401285,27.22288322454476,46.27744271092702,101.85742868401285,107.24455126279436,46.27744271092702,107.24455126279436,32.96157240614849
464,6.311611898113961,13.492084115938772,71.92725340688621,128.9406452562424,101.85742868401285,101.85742868401285,128.9406452562424,128.9406452562424,0.1196913799091976,56.36991327099788,207.67966810430173,32.96157240614849,101.85742868401285,32.96157240614849,4.099719773693866,71.23373795253224,32.96157240614849,128.9406452562424,71.92725340688621,128.9406452562424,224.6754633603691
465,0.0926797102431434,29.8928208075054,32.96157240614849,107.24455126279436,207.67966810430173,32.96157240614849,146.3466305369653,146.3466305369653,0.0926797102431434,43.32087581204169,32.96157240614849,128.9406452562424,207.67966810430173,207.67966810430173,13.492084115938772,146.3466305369653,207.67966810430173,146.3466305369653,32.96157240614849,146.3466305369653,128.9406452562424
466,2.270403213518286,22.33649443177427,84.8165179840258,128.9406452562424,32.96157240614849,207.67966810430173,32.96157240614849,32.96157240614849,5.08335688941316,0.0,67.94967839208859,224.64301698897955,32.96157240614849,224.64301698897955,3.048924092869573,71.23373795253224,224.64301698897955,32.96157240614849,84.8165179840258,32.96157240614849,107.24455126279436
467,2.199198743708845,32.96157240614849,34.67400516709484,146.3466305369653,67.94967839208859,224.64301698897955,224.64301698897955,224.64301698897955,0.0280877934472444,71.23373795253224,224.6754633603691,107.24455126279436,67.94967839208859,71.76578972739628,22.33649443177427,46.27744271092702,71.76578972739628,224.64301698897955,34.67400516709484,224.64301698897955,128.9406452562424
468,0.0280877934472444,8.712023740113676,107.24455126279436,32.96157240614849,224.6754633603691,71.76578972739628,109.57435695223587,101.85742868401285,8.712023740113676,38.88509720324353,0.0,128.9406452562424,224.6754633603691,101.85742868401285,34.396724496310675,128.9406452562424,101.85742868401285,101.85742868401285,107.24455126279436,101.85742868401285,146.3466305369653
469,0.0,38.88509720324353,71.26974968103113,46.27744271092702,224.64301698897955,202.6769269512349,224.64301698897955,207.67966810430173,0.0,32.96157240614849,146.3466305369653,146.3466305369653,224.64301698897955,207.67966810430173,0.0926797102431434,32.96157240614849,207.67966810430173,207.67966810430173,71.26974968103113,207.67966810430173,32.96157240614849
470,0.0,15.660569223528796,71.26974968103113,71.23373795253224,146.3466305369653,101.85742868401285,101.85742868401285,32.96157240614849,4.439915437568395,46.27744271092702,32.96157240614849,32.96157240614849,146.3466305369653,32.96157240614849,10.347450506012,107.24455126279436,32.96157240614849,32.96157240614849,71.26974968103113,32.96157240614849,224.64301698897955
471,6.311611898113961,4.099719773693866,46.27744271092702,101.85742868401285,128.9406452562424,19.30512901065445,207.67966810430173,67.94967839208859,4.980428504757223,0.0,82.10334319421264,224.64301698897955,128.9406452562424,67.94967839208859,34.67400516709484,71.23373795253224,67.94967839208859,67.94967839208859,46.27744271092702,67.94967839208859,101.85742868401285
472,0.0,3.048924092869573,71.92725340688621,207.67966810430173,32.96157240614849,246.3328328304311,32.96157240614849,224.6754633603691,0.0,38.88509720324353,107.24455126279436,101.85742868401285,32.96157240614849,224.6754633603691,0.0,146.3466305369653,224.6754633603691,224.6754633603691,71.92725340688621,224.6754633603691,207.67966810430173
473,0.0,34.396724496310675,109.57435695223587,32.96157240614849,110.74916787176912,163.56319447990077,67.94967839208859,224.64301698897955,8.274183569068175,28.24264372169233,224.64301698897955,207.67966810430173,110.74916787176912,224.64301698897955,13.492084115938772,128.9406452562424,224.64301698897955,224.64301698897955,84.8165179840258,224.64301698897955,32.96157240614849
474,0.0,0.0926797102431434,84.8165179840258,67.94967839208859,71.76578972739628,224.64301698897955,224.64301698897955,146.3466305369653,4.099719773693866,56.36991327099788,32.96157240614849,32.96157240614849,71.76578972739628,146.3466305369653,4.099719773693866,110.74916787176912,146.3466305369653,146.3466305369653,32.96157240614849,146.3466305369653,67.94967839208859
475,2.29150235109587,10.347450506012,32.96157240614849,224.6754633603691,101.85742868401285,146.3466305369653,85.15605513359502,107.24455126279436,0.0,71.26974968103113,196.8268466256348,67.94967839208859,101.85742868401285,128.9406452562424,22.33649443177427,32.96157240614849,128.9406452562424,107.24455126279436,34.67400516709484,107.24455126279436,224.6754633603691
476,0.0,0.0926797102431434,34.67400516709484,224.64301698897955,207.67966810430173,128.9406452562424,207.67966810430173,128.9406452562424,0.0,37.97921592199604,101.85742868401285,224.6754633603691,207.67966810430173,32.96157240614849,10.347450506012,46.27744271092702,32.96157240614849,128.9406452562424,107.24455126279436,128.9406452562424,224.64301698897955
477,0.0,34.67400516709484,34.67400516709484,146.3466305369653,32.96157240614849,32.96157240614849,101.85742868401285,32.96157240614849,2.29150235109587,32.96157240614849,78.32564856753018,224.64301698897955,32.96157240614849,110.74916787176912,4.439915437568395,46.27744271092702,110.74916787176912,32.96157240614849,34.67400516709484,32.96157240614849,146.3466305369653
478,2.199198743708845,0.0,71.92725340688621,107.24455126279436,224.64301698897955,110.74916787176912,19.354451067867316,110.74916787176912,0.0,46.27744271092702,224.64301698897955,67.94967839208859,224.64301698897955,92.14429197521228,6.099190994978948,101.85742868401285,92.14429197521228,110.74916787176912,71.26974968103113,110.74916787176912,107.24455126279436
479,0.0,4.439915437568395,110.74916787176912,128.9406452562424,101.85742868401285,92.14429197521228,71.76578972739628,146.3466305369653,5.1396572837575984,42.79962381409237,107.24455126279436,207.67966810430173,101.85742868401285,196.8268466256348,8.712023740113676,196.8268466256348,196.8268466256348,146.3466305369653,71.92725340688621,146.3466305369653,128.9406452562424
480,0.0280877934472444,27.22288322454476,84.8165179840258,32.96157240614849,46.27744271092702,196.8268466256348,101.85742868401285,128.9406452562424,0.0,56.36991327099788,146.3466305369653,101.85742868401285,46.27744271092702,32.96157240614849,27.22288322454476,71.23373795253224,32.96157240614849,128.9406452562424,110.74916787176912,128.9406452562424,32.96157240614849
481,0.0,22.33649443177427,32.96157240614849,224.6754633603691,85.15605513359502,32.96157240614849,207.67966810430173,32.96157240614849,3.1806734144966624,34.67400516709484,32.96157240614849,32.96157240614849,85.15605513359502,148.4192221491747,12.27871044879202,32.96157240614849,148.4192221491747,32.96157240614849,84.8165179840258,32.96157240614849,110.74916787176912
482,0.0,32.96157240614849,46.27744271092702,92.14429197521228,19.354451067867316,148.4192221491747,32.96157240614849,224.64301698897955,5.08335688941316,0.0,128.9406452562424,224.6754633603691,19.354451067867316,224.64301698897955,3.048924092869573,78.32564856753018,224.64301698897955,224.64301698897955,32.96157240614849,224.64301698897955,146.3466305369653
483,3.1806734144966624,8.712023740113676,71.23373795253224,221.569563400658,207.67966810430173,248.28271341834568,278.3454370568201,224.64301698897955,0.1196913799091976,28.24264372169233,231.0187680040144,92.14429197521228,207.67966810430173,224.64301698897955,15.660569223528796,101.85742868401285,224.64301698897955,224.64301698897955,46.27744271092702,224.64301698897955,128.9406452562424
484,3.462836647521672,4.099719773693866,84.8165179840258,32.96157240614849,71.23373795253224,224.64301698897955,224.64301698897955,128.9406452562424,9.739914662371811,37.97921592199604,101.85742868401285,221.569563400658,71.23373795253224,128.9406452562424,34.396724496310675,46.27744271092702,128.9406452562424,128.9406452562424,84.8165179840258,128.9406452562424,32.96157240614849
485,0.0,13.492084115938772,71.23373795253224,123.15249621348003,128.9406452562424,128.9406452562424,128.9406452562424,146.3466305369653,4.357497648516051,46.27744271092702,32.96157240614849,32.96157240614849,128.9406452562424,146.3466305369653,0.0926797102431434,32.96157240614849,146.3466305369653,146.3466305369653,71.23373795253224,146.3466305369653,224.64301698897955
486,0.0,3.048924092869573,71.92725340688621,128.9406452562424,146.3466305369653,146.3466305369653,146.3466305369653,107.24455126279436,6.52170685096182,32.96157240614849,207.67966810430173,123.15249621348003,146.3466305369653,107.24455126279436,4.439915437568395,207.67966810430173,107.24455126279436,107.24455126279436,71.92725340688621,107.24455126279436,224.64301698897955
487,0.0,15.660569223528796,32.96157240614849,146.3466305369653,110.74916787176912,107.24455126279436,107.24455126279436,36.74694265656541,8.787753067226653,42.79962381409237,224.64301698897955,128.9406452562424,110.74916787176912,32.96157240614849,34.67400516709484,71.23373795253224,32.96157240614849,36.74694265656541,32.96157240614849,36.74694265656541,128.9406452562424
488,0.0,34.396724496310675,46.27744271092702,107.24455126279436,224.64301698897955,32.96157240614849,32.96157240614849,128.9406452562424,3.048924092869573,71.26974968103113,71.76578972739628,71.26974968103113,224.64301698897955,128.9406452562424,0.0,67.94967839208859,128.9406452562424,128.9406452562424,46.27744271092702,128.9406452562424,146.3466305369653
489,0.0,10.347450506012,34.67400516709484,224.6754633603691,36.74694265656541,128.9406452562424,128.9406452562424,146.3466305369653,2.0956956867578507,34.67400516709484,101.85742868401285,146.3466305369653,36.74694265656541,146.3466305369653,0.0926797102431434,207.67966810430173,146.3466305369653,146.3466305369653,34.67400516709484,146.3466305369653,107.24455126279436
490,0.0325314998532016,8.712023740113676,107.24455126279436,36.74694265656541,,146.3466305369653,146.3466305369653,46.27744271092702,15.660569223528796,0.0,207.67966810430173,46.27744271092702,,46.27744271092702,6.099190994978948,55.020126621983074,46.27744271092702,46.27744271092702,107.24455126279436,46.27744271092702,36.74694265656541
491,0.0,22.33649443177427,71.92725340688621,128.9406452562424,,46.27744271092702,32.96157240614849,32.96157240614849,0.0926797102431434,56.36991327099788,32.96157240614849,107.24455126279436,,32.96157240614849,8.712023740113676,32.96157240614849,32.96157240614849,32.96157240614849,71.92725340688621,32.96157240614849,128.9406452562424
492,0.0,32.96157240614849,84.8165179840258,146.3466305369653,,32.96157240614849,107.24455126279436,110.74916787176912,2.199198743708845,28.24264372169233,67.94967839208859,32.96157240614849,,110.74916787176912,13.492084115938772,0.0,110.74916787176912,110.74916787176912,84.8165179840258,110.74916787176912,146.3466305369653
493,0.0,0.0,32.96157240614849,46.27744271092702,,110.74916787176912,224.64301698897955,71.23373795253224,0.0280877934472444,37.97921592199604,224.6754633603691,128.9406452562424,,71.23373795253224,12.27871044879202,46.27744271092702,71.23373795253224,71.23373795253224,32.96157240614849,71.23373795253224,46.27744271092702
494,0.0,0.0926797102431434,107.24455126279436,32.96157240614849,,71.23373795253224,,,8.712023740113676,71.26974968103113,224.64301698897955,146.3466305369653,,,4.099719773693866,71.23373795253224,,,107.24455126279436,,32.96157240614849
495,0.1196913799091976,4.099719773693866,34.67400516709484,109.57435695223587,,,,,4.357497648516051,32.96157240614849,146.3466305369653,46.27744271092702,,,27.22288322454476,67.94967839208859,,,34.67400516709484,,110.74916787176912
496,0.0,13.492084115938772,46.27744271092702,71.23373795253224,,,,,2.0956956867578507,46.27744271092702,128.9406452562424,32.96157240614849,,,3.048924092869573,71.23373795253224,,,46.27744271092702,,71.23373795253224
497,0.0,4.439915437568395,71.26974968103113,,,,,,5.08335688941316,42.79962381409237,32.96157240614849,107.24455126279436,,,10.347450506012,46.27744271092702,,,71.26974968103113,,
498,3.318778464280774,27.22288322454476,32.96157240614849,,,,,,0.0,0.0,110.74916787176912,71.23373795253224,,,22.33649443177427,146.3466305369653,,,32.96157240614849,,
499,0.0,15.660569223528796,34.67400516709484,,,,,,0.0926797102431434,56.36991327099788,92.14429197521228,,,,15.660569223528796,128.9406452562424,,,34.67400516709484,,
500,2.9758561045830887,34.67400516709484,71.92725340688621,,,,,,8.274183569068175,34.67400516709484,196.8268466256348,,,,34.396724496310675,32.96157240614849,,,71.92725340688621,,
501,3.048924092869573,10.347450506012,84.8165179840258,,,,,,3.048924092869573,19.354451067867316,32.96157240614849,,,,0.0,107.24455126279436,,,84.8165179840258,,
502,2.0956956867578507,3.048924092869573,71.26974968103113,,,,,,4.099719773693866,71.23373795253224,148.4192221491747,,,,4.439915437568395,128.9406452562424,,,71.26974968103113,,
503,5.983319937924184,34.396724496310675,46.27744271092702,,,,,,4.439915437568395,28.24264372169233,224.64301698897955,,,,3.048924092869573,146.3466305369653,,,46.27744271092702,,
504,2.844536548299099,8.712023740113676,107.24455126279436,,,,,,3.1806734144966624,37.97921592199604,224.64301698897955,,,,13.492084115938772,32.96157240614849,,,107.24455126279436,,
505,0.0926797102431434,15.660569223528796,56.36991327099788,,,,,,2.29150235109587,46.27744271092702,128.9406452562424,,,,10.719746131060525,46.27744271092702,,,71.92725340688621,,
506,2.270403213518286,0.0926797102431434,46.27744271092702,,,,,,0.0,60.00600055559878,146.3466305369653,,,,22.33649443177427,107.24455126279436,,,46.27744271092702,,
507,0.0669467607792184,0.0,84.8165179840258,,,,,,15.660569223528796,37.97921592199604,107.24455126279436,,,,0.0,71.23373795253224,,,84.8165179840258,,
508,0.0,3.048924092869573,34.67400516709484,,,,,,0.0,34.67400516709484,32.96157240614849,,,,5.08335688941316,146.3466305369653,,,34.67400516709484,,
509,2.235727304024508,32.96157240614849,19.354451067867316,,,,,,0.0,0.0,128.9406452562424,,,,8.712023740113676,128.9406452562424,,,32.96157240614849,,
510,2.270403213518286,4.439915437568395,28.24264372169233,,,,,,0.0,28.24264372169233,146.3466305369653,,,,24.13542086332589,46.27744271092702,,,107.24455126279436,,
511,0.0,29.8928208075054,60.00600055559878,,,,,,0.0,56.36991327099788,46.27744271092702,,,,15.660569223528796,71.26974968103113,,,71.23373795253224,,
512,0.0,34.67400516709484,71.23373795253224,,,,,,4.980428504757223,32.96157240614849,32.96157240614849,,,,12.339573747295251,32.96157240614849,,,71.92725340688621,,
513,5.983319937924184,4.099719773693866,71.92725340688621,,,,,,0.1196913799091976,46.27744271092702,110.74916787176912,,,,4.099719773693866,107.24455126279436,,,34.67400516709484,,
514,3.1806734144966624,13.492084115938772,110.74916787176912,,,,,,6.52170685096182,43.32087581204169,71.23373795253224,,,,34.396724496310675,82.10334319421264,,,84.8165179840258,,
515,2.29150235109587,22.33649443177427,34.67400516709484,,,,,,9.739914662371811,71.23373795253224,,,,,0.0926797102431434,46.27744271092702,,,32.96157240614849,,
516,0.0,34.396724496310675,84.8165179840258,,,,,,5.1396572837575984,0.0,,,,,10.347450506012,0.0,,,46.27744271092702,,
517,0.0,10.38547218765633,32.96157240614849,,,,,,8.787753067226653,37.97921592199604,,,,,6.099190994978948,78.76128985113688,,,107.24455126279436,,
518,0.0,4.439915437568395,46.27744271092702,,,,,,2.199198743708845,56.36991327099788,,,,,0.0926797102431434,146.3466305369653,,,71.23373795253224,,
519,0.0926797102431434,0.0,71.23373795253224,,,,,,0.0280877934472444,34.67400516709484,,,,,34.67400516709484,32.96157240614849,,,84.8165179840258,,
520,0.0,8.712023740113676,84.8165179840258,,,,,,2.29150235109587,32.96157240614849,,,,,0.0,107.24455126279436,,,46.27744271092702,,
521,0.0,0.0926797102431434,46.27744271092702,,,,,,0.0,28.24264372169233,,,,,4.439915437568395,101.85742868401285,,,34.67400516709484,,
522,0.0280877934472444,34.67400516709484,34.67400516709484,,,,,,3.1806734144966624,46.27744271092702,,,,,22.33649443177427,46.27744271092702,,,71.92725340688621,,
523,0.0,22.33649443177427,71.92725340688621,,,,,,4.357497648516051,42.79962381409237,,,,,6.1102707250581405,71.23373795253224,,,32.96157240614849,,
524,3.462836647521672,15.660569223528796,71.26974968103113,,,,,,2.199198743708845,71.23373795253224,,,,,12.27871044879202,32.96157240614849,,,110.74916787176912,,
525,0.0,13.492084115938772,110.74916787176912,,,,,,8.712023740113676,37.97921592199604,,,,,8.712023740113676,207.67966810430173,,,71.23373795253224,,
526,0.0,29.8928208075054,36.74694265656541,,,,,,2.0956956867578507,32.96157240614849,,,,,5.08335688941316,71.76578972739628,,,84.8165179840258,,
527,6.311611898113961,4.099719773693866,84.8165179840258,,,,,,4.439915437568395,56.36991327099788,,,,,10.719746131060525,32.96157240614849,,,71.92725340688621,,
528,0.0,32.96157240614849,71.92725340688621,,,,,,0.0,0.0,,,,,4.099719773693866,101.85742868401285,,,71.23373795253224,,
529,0.0,3.048924092869573,71.23373795253224,,,,,,0.0,28.24264372169233,,,,,13.492084115938772,207.67966810430173,,,34.67400516709484,,
530,0.0,34.396724496310675,34.67400516709484,,,,,,0.0280877934472444,34.67400516709484,,,,,3.048924092869573,46.27744271092702,,,32.96157240614849,,
531,0.0,10.347450506012,32.96157240614849,,,,,,8.274183569068175,71.23373795253224,,,,,15.660569223528796,67.94967839208859,,,46.27744271092702,,
532,0.0,8.712023740113676,46.27744271092702,,,,,,0.0,43.32087581204169,,,,,34.396724496310675,71.26974968103113,,,107.24455126279436,,
533,0.0,22.33649443177427,107.24455126279436,,,,,,6.52170685096182,46.27744271092702,,,,,10.347450506012,146.3466305369653,,,84.8165179840258,,
534,2.9758561045830887,0.0,84.8165179840258,,,,,,0.0,37.97921592199604,,,,,8.712023740113676,128.9406452562424,,,71.92725340688621,,
535,0.0,4.439915437568395,71.92725340688621,,,,,,0.0,56.36991327099788,,,,,22.33649443177427,46.27744271092702,,,71.23373795253224,,
536,0.0,4.099719773693866,71.23373795253224,,,,,,0.1196913799091976,0.0,,,,,0.0,71.23373795253224,,,32.96157240614849,,
537,3.104505054985564,13.492084115938772,32.96157240614849,,,,,,4.099719773693866,28.24264372169233,,,,,0.0926797102431434,32.96157240614849,,,34.67400516709484,,
538,0.0,15.660569223528796,34.67400516709484,,,,,,4.980428504757223,34.67400516709484,,,,,3.048924092869573,107.24455126279436,,,46.27744271092702,,
539,0.0,34.67400516709484,46.27744271092702,,,,,,3.048924092869573,46.27744271092702,,,,,13.492084115938772,146.3466305369653,,,107.24455126279436,,
540,0.0,27.22288322454476,107.24455126279436,,,,,,15.660569223528796,19.354451067867316,,,,,4.439915437568395,128.9406452562424,,,84.8165179840258,,
541,3.048924092869573,3.048924092869573,84.8165179840258,,,,,,7.429721685072115,60.00600055559878,,,,,27.22288322454476,71.26974968103113,,,71.92725340688621,,
542,2.0956956867578507,32.96157240614849,71.92725340688621,,,,,,7.70722884318748,71.26974968103113,,,,,15.660569223528796,32.96157240614849,,,71.26974968103113,,
543,2.844536548299099,35.57219641929099,34.67400516709484,,,,,,8.787753067226653,28.24264372169233,,,,,34.67400516709484,46.27744271092702,,,34.67400516709484,,
544,0.1196913799091976,0.0926797102431434,32.96157240614849,,,,,,0.0926797102431434,46.27744271092702,,,,,12.339573747295251,107.24455126279436,,,32.96157240614849,,
545,0.0669467607792184,10.347450506012,46.27744271092702,,,,,,5.08335688941316,56.36991327099788,,,,,4.099719773693866,146.3466305369653,,,46.27744271092702,,
546,0.0325314998532016,22.33649443177427,107.24455126279436,,,,,,0.0,43.32087581204169,,,,,10.347450506012,128.9406452562424,,,107.24455126279436,,
547,2.29150235109587,15.660569223528796,71.23373795253224,,,,,,0.0,0.0,,,,,34.396724496310675,32.96157240614849,,,71.92725340688621,,
548,0.0,4.439915437568395,71.92725340688621,,,,,,6.52170685096182,37.97921592199604,,,,,6.099190994978948,46.27744271092702,,,34.67400516709484,,
549,0.0325314998532016,4.099719773693866,34.67400516709484,,,,,,4.099719773693866,32.96157240614849,,,,,8.712023740113676,107.24455126279436,,,71.23373795253224,,
550,0.0,0.0,0.0,,,,,,0.0,34.67400516709484,,,,,15.660569223528796,71.26974968103113,,,46.27744271092702,,
551,0.0,29.8928208075054,71.23373795253224,,,,,,3.048924092869573,71.26974968103113,,,,,0.0926797102431434,0.0,,,84.8165179840258,,
552,0.0,0.0926797102431434,46.27744271092702,,,,,,4.439915437568395,71.23373795253224,,,,,0.0,146.3466305369653,,,32.96157240614849,,
553,0.0,13.492084115938772,37.97921592199604,,,,,,15.660569223528796,28.24264372169233,,,,,32.96157240614849,32.96157240614849,,,107.24455126279436,,
554,2.844536548299099,10.347450506012,32.96157240614849,,,,,,0.0,37.97921592199604,,,,,4.439915437568395,82.10334319421264,,,71.23373795253224,,
555,3.1806734144966624,8.712023740113676,110.74916787176912,,,,,,2.0956956867578507,46.27744271092702,,,,,10.347450506012,46.27744271092702,,,34.67400516709484,,
556,0.0,34.67400516709484,71.23373795253224,,,,,,0.0,56.36991327099788,,,,,34.67400516709484,107.24455126279436,,,71.92725340688621,,
557,3.048924092869573,3.048924092869573,34.67400516709484,,,,,,5.1396572837575984,0.0,,,,,4.099719773693866,71.26974968103113,,,84.8165179840258,,
558,0.0,32.96157240614849,71.92725340688621,,,,,,0.0,42.79962381409237,,,,,27.22288322454476,32.96157240614849,,,110.74916787176912,,
559,0.0926797102431434,34.396724496310675,84.8165179840258,,,,,,4.357497648516051,34.67400516709484,,,,,3.048924092869573,196.8268466256348,,,32.96157240614849,,
560,2.0956956867578507,10.38547218765633,32.96157240614849,,,,,,3.1806734144966624,32.96157240614849,,,,,13.492084115938772,46.27744271092702,,,46.27744271092702,,
561,0.0280877934472444,13.492084115938772,46.27744271092702,,,,,,9.739914662371811,28.24264372169233,,,,,22.33649443177427,101.85742868401285,,,46.27744271092702,,
562,0.0669467607792184,0.0926797102431434,107.24455126279436,,,,,,8.712023740113676,56.36991327099788,,,,,34.396724496310675,78.32564856753018,,,84.8165179840258,,
563,0.0,3.048924092869573,46.27744271092702,,,,,,4.980428504757223,46.27744271092702,,,,,4.439915437568395,71.26974968103113,,,71.92725340688621,,
564,0.0,0.0,84.8165179840258,,,,,,8.274183569068175,34.67400516709484,,,,,0.0,107.24455126279436,,,34.67400516709484,,
565,3.462836647521672,4.099719773693866,71.92725340688621,,,,,,2.29150235109587,0.0,,,,,8.712023740113676,146.3466305369653,,,71.23373795253224,,
566,0.0,4.439915437568395,71.23373795253224,,,,,,2.199198743708845,37.97921592199604,,,,,0.0926797102431434,32.96157240614849,,,32.96157240614849,,
567,0.0,32.96157240614849,32.96157240614849,,,,,,8.787753067226653,32.96157240614849,,,,,34.67400516709484,128.9406452562424,,,110.74916787176912,,
568,0.0,8.712023740113676,38.88509720324353,,,,,,0.1196913799091976,42.79962381409237,,,,,22.33649443177427,46.27744271092702,,,84.8165179840258,,
569,0.0,15.660569223528796,107.24455126279436,,,,,,0.0926797102431434,71.26974968103113,,,,,15.660569223528796,71.23373795253224,,,46.27744271092702,,
570,0.0,35.57219641929099,84.8165179840258,,,,,,5.08335688941316,37.97921592199604,,,,,13.492084115938772,107.24455126279436,,,32.96157240614849,,
571,0.0,34.67400516709484,46.27744271092702,,,,,,0.0280877934472444,56.36991327099788,,,,,10.719746131060525,128.9406452562424,,,71.92725340688621,,
572,0.0,27.22288322454476,32.96157240614849,,,,,,2.0956956867578507,32.96157240614849,,,,,4.099719773693866,146.3466305369653,,,71.23373795253224,,
573,0.0,22.33649443177427,71.92725340688621,,,,,,0.0,0.0,,,,,32.96157240614849,32.96157240614849,,,38.88509720324353,,
574,0.0,8.712023740113676,34.67400516709484,,,,,,15.660569223528796,28.24264372169233,,,,,3.048924092869573,46.27744271092702,,,107.24455126279436,,
575,0.1196913799091976,4.439915437568395,71.23373795253224,,,,,,4.439915437568395,34.67400516709484,,,,,34.396724496310675,71.23373795253224,,,37.97921592199604,,
576,0.0,0.0,107.24455126279436,,,,,,3.048924092869573,46.27744271092702,,,,,5.08335688941316,101.85742868401285,,,32.96157240614849,,
577,0.0,13.492084115938772,117.80434064423454,,,,,,0.0,43.32087581204169,,,,,10.347450506012,207.67966810430173,,,34.67400516709484,,
578,0.0,4.099719773693866,84.8165179840258,,,,,,0.0,71.26974968103113,,,,,8.712023740113676,46.27744271092702,,,0.0,,
579,2.9758561045830887,3.048924092869573,32.96157240614849,,,,,,3.1806734144966624,0.0,,,,,22.33649443177427,32.96157240614849,,,71.92725340688621,,
580,0.0,0.0926797102431434,34.67400516709484,,,,,,0.0280877934472444,56.36991327099788,,,,,0.0,67.94967839208859,,,46.27744271092702,,
581,5.983319937924184,22.33649443177427,46.27744271092702,,,,,,0.0,37.97921592199604,,,,,4.439915437568395,71.26974968103113,,,71.23373795253224,,
582,6.311611898113961,32.96157240614849,67.94967839208859,,,,,,0.1196913799091976,34.67400516709484,,,,,3.048924092869573,46.27744271092702,,,107.24455126279436,,
583,3.104505054985564,34.67400516709484,71.26974968103113,,,,,,0.0,32.96157240614849,,,,,4.099719773693866,67.94967839208859,,,71.23373795253224,,
584,2.270403213518286,27.22288322454476,71.23373795253224,,,,,,8.712023740113676,28.24264372169233,,,,,13.492084115938772,207.67966810430173,,,46.27744271092702,,
585,2.199198743708845,15.660569223528796,46.27744271092702,,,,,,0.0,46.27744271092702,,,,,6.099190994978948,101.85742868401285,,,71.92725340688621,,
586,0.0,35.57219641929099,71.92725340688621,,,,,,4.357497648516051,42.79962381409237,,,,,15.660569223528796,32.96157240614849,,,84.8165179840258,,
587,0.0,10.347450506012,84.8165179840258,,,,,,4.099719773693866,71.23373795253224,,,,,34.67400516709484,71.26974968103113,,,34.67400516709484,,
588,0.0,10.38547218765633,34.67400516709484,,,,,,8.274183569068175,71.23373795253224,,,,,27.22288322454476,55.020126621983074,,,32.96157240614849,,
589,0.0,4.439915437568395,32.96157240614849,,,,,,4.980428504757223,46.27744271092702,,,,,35.57219641929099,0.0,,,110.74916787176912,,
590,2.199198743708845,0.0,110.74916787176912,,,,,,6.52170685096182,30.84430500452413,,,,,0.0926797102431434,196.8268466256348,,,84.8165179840258,,
591,0.0,4.099719773693866,84.8165179840258,,,,,,2.29150235109587,0.0,,,,,10.347450506012,46.27744271092702,,,71.92725340688621,,
592,0.0,13.492084115938772,71.92725340688621,,,,,,2.199198743708845,22.33649443177427,,,,,12.27871044879202,32.96157240614849,,,34.67400516709484,,
593,0.0,34.67400516709484,71.26974968103113,,,,,,7.565178155430798,32.96157240614849,,,,,22.33649443177427,78.76128985113688,,,32.96157240614849,,
594,2.9758561045830887,22.33649443177427,34.67400516709484,,,,,,5.1396572837575984,37.97921592199604,,,,,15.660569223528796,78.32564856753018,,,46.27744271092702,,
595,3.1806734144966624,32.96157240614849,32.96157240614849,,,,,,11.204723685217274,13.492084115938772,,,,,4.439915437568395,128.9406452562424,,,107.24455126279436,,
596,2.844536548299099,8.712023740113676,46.27744271092702,,,,,,0.0926797102431434,34.67400516709484,,,,,0.0,71.26974968103113,,,71.23373795253224,,
597,0.0,27.22288322454476,107.24455126279436,,,,,,5.150291288737839,34.396724496310675,,,,,10.719746131060525,146.3466305369653,,,34.67400516709484,,
598,0.0,3.048924092869573,0.0,,,,,,2.199198743708845,71.26974968103113,,,,,0.0926797102431434,46.27744271092702,,,71.92725340688621,,
599,0.0,15.660569223528796,34.67400516709484,,,,,,0.0,0.0,,,,,13.492084115938772,107.24455126279436,,,84.8165179840258,,
600,6.311611898113961,34.396724496310675,71.92725340688621,,,,,,8.274183569068175,46.27744271092702,,,,,10.347450506012,32.96157240614849,,,46.27744271092702,,
601,0.0,0.0926797102431434,37.97921592199604,,,,,,0.0,28.24264372169233,,,,,5.08335688941316,128.9406452562424,,,32.96157240614849,,
602,0.0,13.492084115938772,46.27744271092702,,,,,,15.660569223528796,56.36991327099788,,,,,6.099190994978948,146.3466305369653,,,107.24455126279436,,
603,0.0669467607792184,8.712023740113676,71.26974968103113,,,,,,4.439915437568395,37.97921592199604,,,,,8.712023740113676,46.27744271092702,,,71.23373795253224,,
604,0.0,35.87184899395712,32.96157240614849,,,,,,0.0,32.96157240614849,,,,,4.099719773693866,32.96157240614849,,,84.8165179840258,,
605,2.29150235109587,0.0926797102431434,107.24455126279436,,,,,,0.0,34.67400516709484,,,,,34.67400516709484,107.24455126279436,,,34.67400516709484,,
606,0.0,4.099719773693866,84.8165179840258,,,,,,0.0,42.79962381409237,,,,,3.048924092869573,71.23373795253224,,,46.27744271092702,,
607,0.0,0.0,34.67400516709484,,,,,,2.29150235109587,34.67400516709484,,,,,34.396724496310675,,,,71.92725340688621,,
608,0.0,4.439915437568395,46.27744271092702,,,,,,7.429721685072115,71.26974968103113,,,,,12.339573747295251,,,,71.23373795253224,,
609,0.0,22.33649443177427,71.92725340688621,,,,,,0.0,56.36991327099788,,,,,10.38547218765633,,,,32.96157240614849,,
610,0.0,34.67400516709484,71.23373795253224,,,,,,5.08335688941316,0.0,,,,,13.492084115938772,,,,107.24455126279436,,
611,0.0,10.347450506012,32.96157240614849,,,,,,8.712023740113676,28.24264372169233,,,,,0.0926797102431434,,,,84.8165179840258,,
612,0.0325314998532016,27.22288322454476,107.24455126279436,,,,,,0.1196913799091976,43.32087581204169,,,,,3.048924092869573,,,,34.67400516709484,,
613,3.462836647521672,3.048924092869573,84.8165179840258,,,,,,3.1806734144966624,37.97921592199604,,,,,0.0,,,,71.92725340688621,,
614,0.0,15.660569223528796,34.67400516709484,,,,,,4.357497648516051,32.96157240614849,,,,,4.099719773693866,,,,46.27744271092702,,
615,0.0,34.396724496310675,71.92725340688621,,,,,,7.70722884318748,46.27744271092702,,,,,4.439915437568395,,,,71.23373795253224,,
616,2.270403213518286,10.347450506012,46.27744271092702,,,,,,4.099719773693866,28.24264372169233,,,,,32.96157240614849,,,,32.96157240614849,,
617,0.0,4.439915437568395,71.23373795253224,,,,,,4.980428504757223,37.97921592199604,,,,,8.712023740113676,,,,110.74916787176912,,
618,3.048924092869573,0.0,32.96157240614849,,,,,,6.52170685096182,0.0,,,,,15.660569223528796,,,,71.92725340688621,,
619,2.0956956867578507,0.0926797102431434,110.74916787176912,,,,,,2.0956956867578507,71.23373795253224,,,,,34.67400516709484,,,,32.96157240614849,,
620,5.983319937924184,8.712023740113676,71.92725340688621,,,,,,3.048924092869573,56.36991327099788,,,,,27.22288322454476,,,,84.8165179840258,,
621,3.104505054985564,27.22288322454476,32.96157240614849,,,,,,8.787753067226653,32.96157240614849,,,,,22.33649443177427,,,,34.67400516709484,,
622,0.1196913799091976,32.96157240614849,84.8165179840258,,,,,,0.0926797102431434,46.27744271092702,,,,,34.396724496310675,,,,46.27744271092702,,
623,0.0926797102431434,13.492084115938772,38.88509720324353,,,,,,0.0280877934472444,34.67400516709484,,,,,8.712023740113676,,,,107.24455126279436,,
624,0.0280877934472444,4.099719773693866,46.27744271092702,,,,,,0.1196913799091976,42.79962381409237,,,,,4.439915437568395,,,,71.26974968103113,,
625,0.0,34.67400516709484,107.24455126279436,,,,,,2.0956956867578507,56.36991327099788,,,,,0.0,,,,71.92725340688621,,
626,0.1196913799091976,3.048924092869573,71.26974968103113,,,,,,4.980428504757223,0.0,,,,,13.492084115938772,,,,84.8165179840258,,
627,0.0,22.33649443177427,71.92725340688621,,,,,,0.0,37.97921592199604,,,,,4.099719773693866,,,,46.27744271092702,,
628,0.0,15.660569223528796,84.8165179840258,,,,,,0.0,32.96157240614849,,,,,6.099190994978948,,,,71.23373795253224,,
629,0.0,34.396724496310675,46.27744271092702,,,,,,9.739914662371811,42.79962381409237,,,,,22.33649443177427,,,,34.67400516709484,,
630,0.0,0.0,71.23373795253224,,,,,,0.0926797102431434,34.67400516709484,,,,,34.67400516709484,,,,32.96157240614849,,
631,0.0,4.439915437568395,34.67400516709484,,,,,,5.08335688941316,28.24264372169233,,,,,27.22288322454476,,,,107.24455126279436,,
632,0.0,32.96157240614849,32.96157240614849,,,,,,3.048924092869573,46.27744271092702,,,,,15.660569223528796,,,,71.92725340688621,,
633,0.0,4.099719773693866,107.24455126279436,,,,,,4.439915437568395,71.26974968103113,,,,,35.57219641929099,,,,34.67400516709484,,
634,0.0,8.712023740113676,71.92725340688621,,,,,,0.0,32.96157240614849,,,,,3.048924092869573,,,,84.8165179840258,,
635,0.0,13.492084115938772,34.67400516709484,,,,,,0.0280877934472444,34.67400516709484,,,,,0.0926797102431434,,,,32.96157240614849,,
636,2.0956956867578507,0.0926797102431434,84.8165179840258,,,,,,3.1806734144966624,0.0,,,,,10.347450506012,,,,46.27744271092702,,
637,0.0,3.048924092869573,32.96157240614849,,,,,,0.0,28.24264372169233,,,,,12.27871044879202,,,,107.24455126279436,,
638,0.0280877934472444,22.33649443177427,46.27744271092702,,,,,,0.0,56.36991327099788,,,,,4.439915437568395,,,,71.23373795253224,,
639,0.0,34.67400516709484,107.24455126279436,,,,,,15.660569223528796,37.97921592199604,,,,,0.0,,,,71.92725340688621,,
640,0.0,27.22288322454476,71.23373795253224,,,,,,8.712023740113676,71.26974968103113,,,,,13.492084115938772,,,,84.8165179840258,,
641,0.0,10.347450506012,0.0,,,,,,0.0,46.27744271092702,,,,,34.67400516709484,,,,34.67400516709484,,
642,0.0,15.660569223528796,71.92725340688621,,,,,,4.099719773693866,42.79962381409237,,,,,22.33649443177427,,,,32.96157240614849,,
643,3.1806734144966624,34.396724496310675,37.97921592199604,,,,,,4.357497648516051,56.36991327099788,,,,,6.099190994978948,,,,46.27744271092702,,
644,0.0,8.712023740113676,34.67400516709484,,,,,,8.274183569068175,46.27744271092702,,,,,8.712023740113676,,,,107.24455126279436,,
645,0.0669467607792184,34.67400516709484,71.23373795253224,,,,,,2.29150235109587,0.0,,,,,4.099719773693866,,,,71.26974968103113,,
646,0.0,4.439915437568395,32.96157240614849,,,,,,6.52170685096182,37.97921592199604,,,,,12.27871044879202,,,,34.67400516709484,,
647,0.0,0.0,46.27744271092702,,,,,,5.1396572837575984,34.67400516709484,,,,,27.22288322454476,,,,0.0,,
648,0.0,3.048924092869573,107.24455126279436,,,,,,8.787753067226653,28.24264372169233,,,,,3.048924092869573,,,,71.92725340688621,,
649,0.0,13.492084115938772,34.67400516709484,,,,,,2.199198743708845,32.96157240614849,,,,,15.660569223528796,,,,32.96157240614849,,
650,3.462836647521672,4.099719773693866,71.92725340688621,,,,,,4.099719773693866,42.79962381409237,,,,,34.396724496310675,,,,71.23373795253224,,
651,0.0,0.0926797102431434,32.96157240614849,,,,,,9.739914662371811,71.23373795253224,,,,,0.0926797102431434,,,,37.97921592199604,,
652,2.9758561045830887,15.660569223528796,71.23373795253224,,,,,,15.660569223528796,56.36991327099788,,,,,10.347450506012,,,,46.27744271092702,,
653,0.0,32.96157240614849,84.8165179840258,,,,,,4.357497648516051,0.0,,,,,13.492084115938772,,,,107.24455126279436,,
654,2.29150235109587,29.8928208075054,46.27744271092702,,,,,,4.439915437568395,28.24264372169233,,,,,8.712023740113676,,,,56.36991327099788,,
655,3.048924092869573,22.33649443177427,107.24455126279436,,,,,,0.0,37.97921592199604,,,,,0.0926797102431434,,,,71.23373795253224,,
656,5.983319937924184,34.396724496310675,71.92725340688621,,,,,,6.52170685096182,32.96157240614849,,,,,4.099719773693866,,,,32.96157240614849,,
657,3.104505054985564,10.347450506012,71.23373795253224,,,,,,2.29150235109587,46.27744271092702,,,,,0.0,,,,46.27744271092702,,
658,6.311611898113961,0.0,32.96157240614849,,,,,,0.0926797102431434,38.88509720324353,,,,,4.439915437568395,,,,51.26509554837951,,
659,2.844536548299099,8.712023740113676,34.67400516709484,,,,,,2.0956956867578507,42.79962381409237,,,,,22.33649443177427,,,,84.8165179840258,,
660,0.0926797102431434,22.33649443177427,46.27744271092702,,,,,,3.1806734144966624,71.23373795253224,,,,,12.339573747295251,,,,102.58683189961998,,
661,2.270403213518286,4.099719773693866,84.8165179840258,,,,,,0.0,37.97921592199604,,,,,34.67400516709484,,,,107.24455126279436,,
662,2.235727304024508,13.492084115938772,107.24455126279436,,,,,,0.0,46.27744271092702,,,,,10.347450506012,,,,71.92725340688621,,
663,0.0325314998532016,4.439915437568395,107.24455126279436,,,,,,0.0,34.67400516709484,,,,,27.22288322454476,,,,34.67400516709484,,
664,0.0,34.67400516709484,71.92725340688621,,,,,,0.0,42.79962381409237,,,,,3.048924092869573,,,,32.96157240614849,,
665,0.0,15.660569223528796,34.67400516709484,,,,,,0.0,0.0,,,,,15.660569223528796,,,,84.8165179840258,,
666,0.0,27.22288322454476,32.96157240614849,,,,,,4.980428504757223,56.36991327099788,,,,,34.396724496310675,,,,46.27744271092702,,
667,5.983319937924184,32.96157240614849,84.8165179840258,,,,,,5.1396572837575984,28.24264372169233,,,,,6.099190994978948,,,,71.23373795253224,,
668,0.0,3.048924092869573,46.27744271092702,,,,,,8.712023740113676,71.26974968103113,,,,,10.347450506012,,,,107.24455126279436,,
669,2.9758561045830887,34.396724496310675,71.23373795253224,,,,,,8.274183569068175,36.74694265656541,,,,,4.439915437568395,,,,84.8165179840258,,
670,2.29150235109587,0.0926797102431434,84.8165179840258,,,,,,3.048924092869573,0.0,,,,,4.099719773693866,,,,34.67400516709484,,
671,0.0,10.347450506012,34.67400516709484,,,,,,8.787753067226653,37.97921592199604,,,,,0.0,,,,71.92725340688621,,
672,0.0,0.0926797102431434,71.92725340688621,,,,,,0.1196913799091976,56.36991327099788,,,,,0.0926797102431434,,,,32.96157240614849,,
673,0.0,13.492084115938772,32.96157240614849,,,,,,5.08335688941316,71.23373795253224,,,,,12.27871044879202,,,,46.27744271092702,,
674,2.0956956867578507,4.439915437568395,46.27744271092702,,,,,,2.199198743708845,28.24264372169233,,,,,3.048924092869573,,,,71.23373795253224,,
675,0.0,10.347450506012,71.23373795253224,,,,,,0.0280877934472444,34.67400516709484,,,,,8.712023740113676,,,,84.8165179840258,,
676,0.0,34.67400516709484,110.74916787176912,,,,,,2.199198743708845,32.96157240614849,,,,,27.22288322454476,,,,56.36991327099788,,
677,0.0,0.0,84.8165179840258,,,,,,3.1806734144966624,46.27744271092702,,,,,13.492084115938772,,,,51.26509554837951,,
678,0.0,8.712023740113676,0.0926797102431434,,,,,,0.0,42.79962381409237,,,,,34.67400516709484,,,,46.27744271092702,,
679,0.0,32.96157240614849,74.70875262823074,,,,,,3.048924092869573,37.97921592199604,,,,,22.33649443177427,,,,32.96157240614849,,
680,0.0,15.660569223528796,46.27744271092702,,,,,,0.0,0.0,,,,,15.660569223528796,,,,102.58683189961998,,
681,0.0,4.099719773693866,34.67400516709484,,,,,,0.0926797102431434,56.36991327099788,,,,,34.396724496310675,,,,71.26974968103113,,
682,0.0,3.048924092869573,32.96157240614849,,,,,,4.439915437568395,71.23373795253224,,,,,6.099190994978948,,,,34.67400516709484,,
683,0.0669467607792184,27.22288322454476,67.94967839208859,,,,,,5.08335688941316,32.96157240614849,,,,,0.0,,,,71.92725340688621,,
684,0.0325314998532016,22.33649443177427,71.26974968103113,,,,,,0.0,34.67400516709484,,,,,4.439915437568395,,,,46.27744271092702,,
685,0.0,35.57219641929099,34.67400516709484,,,,,,0.0,28.24264372169233,,,,,4.099719773693866,,,,107.24455126279436,,
686,0.0,0.0,71.92725340688621,,,,,,0.0,46.27744271092702,,,,,8.712023740113676,,,,84.8165179840258,,
687,0.0,4.439915437568395,46.27744271092702,,,,,,0.0,42.79962381409237,,,,,13.492084115938772,,,,32.96157240614849,,
688,0.0,3.048924092869573,84.8165179840258,,,,,,2.29150235109587,26.03274119616141,,,,,3.048924092869573,,,,71.26974968103113,,
689,3.1806734144966624,0.0926797102431434,32.96157240614849,,,,,,15.660569223528796,37.97921592199604,,,,,22.33649443177427,,,,110.74916787176912,,
690,0.0,29.8928208075054,110.74916787176912,,,,,,4.357497648516051,0.0,,,,,6.099190994978948,,,,56.36991327099788,,
691,2.270403213518286,15.660569223528796,71.26974968103113,,,,,,8.712023740113676,16.8217493560998,,,,,12.339573747295251,,,,84.8165179840258,,
692,0.0,8.712023740113676,71.92725340688621,,,,,,4.099719773693866,56.36991327099788,,,,,34.67400516709484,,,,46.27744271092702,,
693,0.0,4.099719773693866,37.97921592199604,,,,,,8.274183569068175,34.67400516709484,,,,,27.22288322454476,,,,32.96157240614849,,
694,3.462836647521672,34.67400516709484,0.0,,,,,,4.980428504757223,28.24264372169233,,,,,10.347450506012,,,,51.26509554837951,,
695,3.048924092869573,34.396724496310675,34.67400516709484,,,,,,6.52170685096182,32.96157240614849,,,,,15.660569223528796,,,,78.76128985113688,,
696,2.199198743708845,32.96157240614849,46.27744271092702,,,,,,11.204723685217274,46.27744271092702,,,,,34.396724496310675,,,,84.8165179840258,,
697,6.311611898113961,13.492084115938772,32.96157240614849,,,,,,2.0956956867578507,42.79962381409237,,,,,0.0926797102431434,,,,34.67400516709484,,
698,2.844536548299099,22.33649443177427,109.57435695223587,,,,,,5.1396572837575984,56.36991327099788,,,,,8.712023740113676,,,,71.92725340688621,,
699,3.104505054985564,10.347450506012,71.26974968103113,,,,,,7.565178155430798,34.67400516709484,,,,,34.67400516709484,,,,46.27744271092702,,
700,0.1196913799091976,8.712023740113676,84.8165179840258,,,,,,0.1196913799091976,0.0,,,,,6.099190994978948,,,,107.24455126279436,,
701,0.0926797102431434,4.439915437568395,34.67400516709484,,,,,,0.0280877934472444,46.27744271092702,,,,,4.439915437568395,,,,32.96157240614849,,
702,0.0280877934472444,34.67400516709484,71.92725340688621,,,,,,0.0,37.97921592199604,,,,,0.0,,,,71.23373795253224,,
703,0.0,15.660569223528796,46.27744271092702,,,,,,3.048924092869573,28.24264372169233,,,,,13.492084115938772,,,,84.8165179840258,,
704,0.0,0.0,107.24455126279436,,,,,,0.1196913799091976,32.96157240614849,,,,,4.099719773693866,,,,34.67400516709484,,
705,0.0,4.099719773693866,32.96157240614849,,,,,,5.08335688941316,42.79962381409237,,,,,0.0926797102431434,,,,71.92725340688621,,
706,0.0,27.22288322454476,71.23373795253224,,,,,,4.439915437568395,71.26974968103113,,,,,15.660569223528796,,,,46.27744271092702,,
707,0.0,32.96157240614849,84.8165179840258,,,,,,0.0,71.23373795253224,,,,,10.719746131060525,,,,32.96157240614849,,
708,3.462836647521672,35.57219641929099,34.67400516709484,,,,,,0.0,34.67400516709484,,,,,12.27871044879202,,,,110.74916787176912,,
709,0.0,3.048924092869573,71.92725340688621,,,,,,2.199198743708845,0.0,,,,,3.048924092869573,,,,71.23373795253224,,
710,0.0,13.492084115938772,46.27744271092702,,,,,,2.0956956867578507,56.36991327099788,,,,,22.33649443177427,,,,,,
711,0.0,22.33649443177427,32.96157240614849,,,,,,3.1806734144966624,28.24264372169233,,,,,34.396724496310675,,,,,,
712,0.0,0.0926797102431434,110.74916787176912,,,,,,8.274183569068175,37.97921592199604,,,,,5.08335688941316,,,,,,
713,2.29150235109587,10.347450506012,71.23373795253224,,,,,,0.0280877934472444,43.32087581204169,,,,,10.347450506012,,,,,,
714,0.0,13.492084115938772,,,,,,,8.712023740113676,32.96157240614849,,,,,0.0,,,,,,
715,0.0,8.712023740113676,,,,,,,0.0,46.27744271092702,,,,,10.719746131060525,,,,,,
716,0.0,4.439915437568395,,,,,,,0.0,28.24264372169233,,,,,8.712023740113676,,,,,,
717,0.0,35.57219641929099,,,,,,,6.52170685096182,0.0,,,,,22.33649443177427,,,,,,
718,3.1806734144966624,0.0,,,,,,,0.0,46.27744271092702,,,,,4.099719773693866,,,,,,
719,0.0,4.099719773693866,,,,,,,4.357497648516051,37.97921592199604,,,,,13.492084115938772,,,,,,
720,0.0,27.22288322454476,,,,,,,2.29150235109587,56.36991327099788,,,,,3.048924092869573,,,,,,
721,0.0,22.33649443177427,,,,,,,4.099719773693866,34.67400516709484,,,,,4.439915437568395,,,,,,
722,0.0,38.88509720324353,,,,,,,4.980428504757223,71.23373795253224,,,,,34.67400516709484,,,,,,
723,6.311611898113961,3.048924092869573,,,,,,,15.660569223528796,32.96157240614849,,,,,6.1102707250581405,,,,,,
724,0.0,32.96157240614849,,,,,,,7.429721685072115,43.32087581204169,,,,,5.08335688941316,,,,,,
725,0.0,15.660569223528796,,,,,,,7.70722884318748,37.97921592199604,,,,,15.660569223528796,,,,,,
726,0.0,0.0926797102431434,,,,,,,8.787753067226653,46.27744271092702,,,,,34.396724496310675,,,,,,
727,0.0,10.38547218765633,,,,,,,0.0926797102431434,32.96157240614849,,,,,0.0926797102431434,,,,,,
728,2.9758561045830887,0.0926797102431434,,,,,,,2.199198743708845,0.0,,,,,10.347450506012,,,,,,
729,0.0,0.0,,,,,,,8.787753067226653,56.36991327099788,,,,,12.27871044879202,,,,,,
730,3.048924092869573,38.88509720324353,,,,,,,0.0926797102431434,28.24264372169233,,,,,0.0926797102431434,,,,,,
731,2.0956956867578507,13.492084115938772,,,,,,,4.357497648516051,71.23373795253224,,,,,13.492084115938772,,,,,,
732,5.983319937924184,4.439915437568395,,,,,,,6.52170685096182,38.88509720324353,,,,,4.439915437568395,,,,,,
733,2.270403213518286,8.712023740113676,,,,,,,0.0,42.79962381409237,,,,,10.347450506012,,,,,,
734,2.844536548299099,32.96157240614849,,,,,,,3.1806734144966624,37.97921592199604,,,,,34.67400516709484,,,,,,
735,3.104505054985564,4.099719773693866,,,,,,,8.274183569068175,32.96157240614849,,,,,0.0,,,,,,
736,0.0926797102431434,3.048924092869573,,,,,,,0.0,34.67400516709484,,,,,8.712023740113676,,,,,,
737,0.1196913799091976,10.347450506012,,,,,,,4.439915437568395,0.0,,,,,15.660569223528796,,,,,,
738,0.0669467607792184,22.33649443177427,,,,,,,15.660569223528796,28.24264372169233,,,,,4.099719773693866,,,,,,
739,2.199198743708845,27.22288322454476,,,,,,,0.0,56.36991327099788,,,,,3.048924092869573,,,,,,
740,0.0325314998532016,15.660569223528796,,,,,,,2.0956956867578507,46.27744271092702,,,,,27.22288322454476,,,,,,
741,0.0280877934472444,34.396724496310675,,,,,,,5.150291288737839,71.23373795253224,,,,,22.33649443177427,,,,,,
742,0.0,4.439915437568395,,,,,,,8.712023740113676,42.79962381409237,,,,,35.57219641929099,,,,,,
743,0.0,34.67400516709484,,,,,,,0.0,71.23373795253224,,,,,12.27871044879202,,,,,,
744,2.0956956867578507,0.0,,,,,,,0.0,0.0,,,,,6.099190994978948,,,,,,
745,0.0669467607792184,27.22288322454476,,,,,,,4.980428504757223,46.27744271092702,,,,,0.0,,,,,,
746,0.0325314998532016,13.492084115938772,,,,,,,0.0,56.36991327099788,,,,,4.439915437568395,,,,,,
747,0.0,0.0926797102431434,,,,,,,2.29150235109587,37.97921592199604,,,,,3.048924092869573,,,,,,
748,0.0926797102431434,3.048924092869573,,,,,,,4.099719773693866,28.24264372169233,,,,,4.099719773693866,,,,,,
749,3.462836647521672,8.712023740113676,,,,,,,7.429721685072115,34.67400516709484,,,,,12.27871044879202,,,,,,
750,3.048924092869573,4.099719773693866,,,,,,,3.048924092869573,32.96157240614849,,,,,10.719746131060525,,,,,,
751,0.0,15.660569223528796,,,,,,,7.70722884318748,42.79962381409237,,,,,6.099190994978948,,,,,,
752,0.0,22.33649443177427,,,,,,,0.1196913799091976,0.0,,,,,15.660569223528796,,,,,,
753,3.1806734144966624,32.96157240614849,,,,,,,0.0280877934472444,37.97921592199604,,,,,8.712023740113676,,,,,,
754,2.29150235109587,34.396724496310675,,,,,,,0.0,56.36991327099788,,,,,34.67400516709484,,,,,,
755,0.0,10.347450506012,,,,,,,0.0,28.24264372169233,,,,,34.396724496310675,,,,,,
756,5.983319937924184,10.347450506012,,,,,,,4.099719773693866,34.67400516709484,,,,,13.492084115938772,,,,,,
757,0.0,34.67400516709484,,,,,,,2.0956956867578507,32.96157240614849,,,,,22.33649443177427,,,,,,
758,0.0,0.0,,,,,,,0.0,46.27744271092702,,,,,0.0926797102431434,,,,,,
759,0.0,0.0926797102431434,,,,,,,8.712023740113676,42.79962381409237,,,,,5.08335688941316,,,,,,
760,0.0,27.22288322454476,,,,,,,4.439915437568395,71.23373795253224,,,,,10.347450506012,,,,,,
761,0.0,3.048924092869573,,,,,,,5.1396572837575984,0.0,,,,,8.712023740113676,,,,,,
762,0.0,4.439915437568395,,,,,,,0.0,34.67400516709484,,,,,4.439915437568395,,,,,,
763,0.0,13.492084115938772,,,,,,,0.0,28.24264372169233,,,,,34.67400516709484,,,,,,
764,0.0,8.712023740113676,,,,,,,4.980879390250106,56.36991327099788,,,,,15.660569223528796,,,,,,
765,0.0,32.96157240614849,,,,,,,0.0,37.97921592199604,,,,,0.0,,,,,,
766,0.0,4.099719773693866,,,,,,,11.204723685217274,46.27744271092702,,,,,4.099719773693866,,,,,,
767,2.844536548299099,22.33649443177427,,,,,,,0.1196913799091976,32.96157240614849,,,,,27.22288322454476,,,,,,
768,0.0,15.660569223528796,,,,,,,5.08335688941316,42.79962381409237,,,,,6.099190994978948,,,,,,
769,0.0,34.396724496310675,,,,,,,3.1806734144966624,71.23373795253224,,,,,3.048924092869573,,,,,,
770,0.0,3.048924092869573,,,,,,,4.357497648516051,37.97921592199604,,,,,13.492084115938772,,,,,,
771,0.1196913799091976,0.0,,,,,,,8.274183569068175,34.67400516709484,,,,,22.33649443177427,,,,,,
772,0.0,27.22288322454476,,,,,,,2.199198743708845,46.27744271092702,,,,,34.396724496310675,,,,,,
773,0.0,4.439915437568395,,,,,,,2.29150235109587,0.0,,,,,0.0926797102431434,,,,,,
774,0.0,10.347450506012,,,,,,,6.52170685096182,28.24264372169233,,,,,10.347450506012,,,,,,
775,2.270403213518286,34.67400516709484,,,,,,,3.048924092869573,56.36991327099788,,,,,12.27871044879202,,,,,,
776,2.9758561045830887,22.33649443177427,,,,,,,15.660569223528796,71.23373795253224,,,,,13.492084115938772,,,,,,
777,3.104505054985564,19.354451067867316,,,,,,,7.565178155430798,32.96157240614849,,,,,8.712023740113676,,,,,,
778,6.311611898113961,13.492084115938772,,,,,,,0.0926797102431434,42.79962381409237,,,,,4.439915437568395,,,,,,
779,2.199198743708845,8.712023740113676,,,,,,,0.0280877934472444,0.0,,,,,35.57219641929099,,,,,,
780,0.0280877934472444,4.099719773693866,,,,,,,7.70722884318748,37.97921592199604,,,,,0.0,,,,,,
781,0.0325314998532016,15.660569223528796,,,,,,,0.0,34.67400516709484,,,,,4.099719773693866,,,,,,
782,2.29150235109587,51.60310123781711,,,,,,,0.0,28.24264372169233,,,,,27.22288322454476,,,,,,
783,0.0,0.0926797102431434,,,,,,,4.439915437568395,56.36991327099788,,,,,22.33649443177427,,,,,,
784,3.1806734144966624,8.712023740113676,,,,,,,6.52170685096182,46.27744271092702,,,,,0.0,,,,,,
785,0.0,34.67400516709484,,,,,,,3.1806734144966624,71.23373795253224,,,,,24.13542086332589,,,,,,
786,0.0,0.0926797102431434,,,,,,,8.712023740113676,32.96157240614849,,,,,3.048924092869573,,,,,,
787,2.199198743708845,0.0,,,,,,,4.357497648516051,43.32087581204169,,,,,12.339573747295251,,,,,,
788,0.0,13.492084115938772,,,,,,,0.0926797102431434,0.0,,,,,15.660569223528796,,,,,,
789,2.0956956867578507,29.8928208075054,,,,,,,3.048924092869573,56.36991327099788,,,,,0.0926797102431434,,,,,,
790,0.0,4.439915437568395,,,,,,,0.0,32.96157240614849,,,,,10.38547218765633,,,,,,
791,0.0,4.099719773693866,,,,,,,0.0280877934472444,37.97921592199604,,,,,6.099190994978948,,,,,,
792,0.0,32.96157240614849,,,,,,,0.0,38.88509720324353,,,,,6.1102707250581405,,,,,,
793,0.0,3.048924092869573,,,,,,,8.274183569068175,46.27744271092702,,,,,0.0,,,,,,
794,0.0,22.33649443177427,,,,,,,7.429721685072115,28.24264372169233,,,,,0.0,,,,,,
795,0.0,15.660569223528796,,,,,,,0.0,42.79962381409237,,,,,24.13542086332589,,,,,,
796,0.0669467607792184,35.57219641929099,,,,,,,0.0,71.26974968103113,,,,,13.492084115938772,,,,,,
797,2.9758561045830887,10.347450506012,,,,,,,4.980428504757223,56.36991327099788,,,,,4.439915437568395,,,,,,
798,0.0,0.0,,,,,,,15.660569223528796,37.97921592199604,,,,,8.712023740113676,,,,,,
799,0.0,4.099719773693866,,,,,,,4.099719773693866,0.0,,,,,4.099719773693866,,,,,,
800,0.0,8.712023740113676,,,,,,,2.29150235109587,28.24264372169233,,,,,3.048924092869573,,,,,,
801,0.0,4.439915437568395,,,,,,,2.0956956867578507,46.27744271092702,,,,,10.347450506012,,,,,,
802,0.0,29.8928208075054,,,,,,,8.787753067226653,71.23373795253224,,,,,22.33649443177427,,,,,,
803,0.0,34.67400516709484,,,,,,,0.1196913799091976,34.67400516709484,,,,,27.22288322454476,,,,,,
804,0.0,32.96157240614849,,,,,,,5.08335688941316,32.96157240614849,,,,,15.660569223528796,,,,,,
805,0.1196913799091976,13.492084115938772,,,,,,,2.199198743708845,42.79962381409237,,,,,34.396724496310675,,,,,,
806,0.0,3.048924092869573,,,,,,,4.357497648516051,56.36991327099788,,,,,0.0926797102431434,,,,,,
807,0.0,22.33649443177427,,,,,,,0.0,0.0,,,,,12.27871044879202,,,,,,
808,0.0,15.660569223528796,,,,,,,4.980428504757223,34.67400516709484,,,,,12.27871044879202,,,,,,
809,0.0,34.396724496310675,,,,,,,2.29150235109587,37.97921592199604,,,,,4.439915437568395,,,,,,
810,0.0,0.0926797102431434,,,,,,,4.099719773693866,71.26974968103113,,,,,34.67400516709484,,,,,,
811,3.048924092869573,10.347450506012,,,,,,,2.0956956867578507,28.24264372169233,,,,,0.0,,,,,,
812,3.462836647521672,8.712023740113676,,,,,,,2.199198743708845,32.96157240614849,,,,,27.22288322454476,,,,,,
813,5.983319937924184,10.347450506012,,,,,,,0.0,46.27744271092702,,,,,13.492084115938772,,,,,,
814,6.311611898113961,32.96157240614849,,,,,,,0.0,42.79962381409237,,,,,0.0926797102431434,,,,,,
815,2.844536548299099,4.439915437568395,,,,,,,4.439915437568395,0.0,,,,,3.048924092869573,,,,,,
816,3.318778464280774,0.0,,,,,,,0.0280877934472444,56.36991327099788,,,,,6.099190994978948,,,,,,
817,0.0926797102431434,13.492084115938772,,,,,,,0.0,37.97921592199604,,,,,8.712023740113676,,,,,,
818,2.270403213518286,4.099719773693866,,,,,,,8.712023740113676,28.24264372169233,,,,,4.099719773693866,,,,,,
819,0.0280877934472444,3.048924092869573,,,,,,,0.0,38.88509720324353,,,,,15.660569223528796,,,,,,
820,0.0,22.33649443177427,,,,,,,0.0,32.96157240614849,,,,,22.33649443177427,,,,,,
821,0.0,34.67400516709484,,,,,,,8.274183569068175,46.27744271092702,,,,,34.396724496310675,,,,,,
822,3.318778464280774,35.57219641929099,,,,,,,3.1806734144966624,42.79962381409237,,,,,10.347450506012,,,,,,
823,0.0,27.22288322454476,,,,,,,6.52170685096182,71.26974968103113,,,,,10.347450506012,,,,,,
824,0.0,15.660569223528796,,,,,,,3.048924092869573,34.67400516709484,,,,,34.67400516709484,,,,,,
825,2.9758561045830887,0.0926797102431434,,,,,,,15.660569223528796,0.0,,,,,0.0,,,,,,
826,0.0,8.712023740113676,,,,,,,8.894530707917577,56.36991327099788,,,,,27.22288322454476,,,,,,
827,0.0,4.439915437568395,,,,,,,7.565178155430798,32.96157240614849,,,,,4.439915437568395,,,,,,
828,0.0,0.0,,,,,,,7.70722884318748,28.24264372169233,,,,,12.27871044879202,,,,,,
829,0.0,13.492084115938772,,,,,,,0.1196913799091976,71.23373795253224,,,,,13.492084115938772,,,,,,
830,3.048924092869573,4.099719773693866,,,,,,,0.0926797102431434,37.97921592199604,,,,,8.712023740113676,,,,,,
831,0.0,0.0926797102431434,,,,,,,5.08335688941316,46.27744271092702,,,,,4.099719773693866,,,,,,
832,0.0,3.048924092869573,,,,,,,8.274183569068175,42.79962381409237,,,,,22.33649443177427,,,,,,
833,5.983319937924184,22.33649443177427,,,,,,,6.52170685096182,0.0,,,,,15.660569223528796,,,,,,
834,0.0,34.67400516709484,,,,,,,4.439915437568395,43.32087581204169,,,,,3.048924092869573,,,,,,
835,0.0,15.660569223528796,,,,,,,4.357497648516051,56.36991327099788,,,,,34.396724496310675,,,,,,
836,2.0956956867578507,19.354451067867316,,,,,,,0.0,28.24264372169233,,,,,0.0926797102431434,,,,,,
837,0.0,27.22288322454476,,,,,,,0.0,71.23373795253224,,,,,6.099190994978948,,,,,,
838,0.0,51.60310123781711,,,,,,,3.1806734144966624,32.96157240614849,,,,,3.048924092869573,,,,,,
839,0.0,10.347450506012,,,,,,,5.1396572837575984,34.67400516709484,,,,,0.0,,,,,,
840,3.1806734144966624,13.492084115938772,,,,,,,0.0280877934472444,46.27744271092702,,,,,27.22288322454476,,,,,,
841,6.311611898113961,15.660569223528796,,,,,,,8.712023740113676,37.97921592199604,,,,,6.099190994978948,,,,,,
842,0.0,4.439915437568395,,,,,,,2.29150235109587,28.24264372169233,,,,,4.439915437568395,,,,,,
843,0.0,35.57219641929099,,,,,,,0.0,42.79962381409237,,,,,10.347450506012,,,,,,
844,0.0669467607792184,0.0,,,,,,,0.0,56.36991327099788,,,,,34.67400516709484,,,,,,
845,0.0,0.0926797102431434,,,,,,,0.0,0.0,,,,,22.33649443177427,,,,,,
846,0.0,22.33649443177427,,,,,,,0.0,32.96157240614849,,,,,13.16663115848167,,,,,,
847,0.0,8.712023740113676,,,,,,,0.1196913799091976,37.97921592199604,,,,,13.492084115938772,,,,,,
848,3.462836647521672,32.96157240614849,,,,,,,4.099719773693866,38.88509720324353,,,,,8.712023740113676,,,,,,
849,0.0,4.099719773693866,,,,,,,4.980428504757223,46.27744271092702,,,,,4.099719773693866,,,,,,
850,2.29150235109587,34.67400516709484,,,,,,,3.048924092869573,71.23373795253224,,,,,15.660569223528796,,,,,,
851,0.0,27.22288322454476,,,,,,,2.199198743708845,42.79962381409237,,,,,34.396724496310675,,,,,,
852,2.270403213518286,3.048924092869573,,,,,,,2.0956956867578507,37.97921592199604,,,,,0.0926797102431434,,,,,,
853,2.199198743708845,10.347450506012,,,,,,,11.204723685217274,34.67400516709484,,,,,5.08335688941316,,,,,,
854,2.844536548299099,13.492084115938772,,,,,,,15.660569223528796,56.36991327099788,,,,,8.712023740113676,,,,,,
855,0.1196913799091976,8.712023740113676,,,,,,,7.565178155430798,0.0,,,,,34.67400516709484,,,,,,
856,0.0926797102431434,15.660569223528796,,,,,,,0.0926797102431434,32.96157240614849,,,,,0.0926797102431434,,,,,,
857,0.0325314998532016,4.439915437568395,,,,,,,5.08335688941316,46.27744271092702,,,,,0.0,,,,,,
858,0.0280877934472444,0.0,,,,,,,0.0,71.23373795253224,,,,,10.38547218765633,,,,,,
859,0.0,34.396724496310675,,,,,,,0.0,28.24264372169233,,,,,13.492084115938772,,,,,,
860,2.0956956867578507,3.048924092869573,,,,,,,4.099719773693866,37.97921592199604,,,,,10.719746131060525,,,,,,
861,0.0,22.33649443177427,,,,,,,4.439915437568395,56.36991327099788,,,,,4.439915437568395,,,,,,
862,0.0,29.8928208075054,,,,,,,3.048924092869573,0.0,,,,,6.099190994978948,,,,,,
863,5.983319937924184,34.67400516709484,,,,,,,2.29150235109587,46.27744271092702,,,,,12.27871044879202,,,,,,
864,0.0,4.099719773693866,,,,,,,0.0,34.67400516709484,,,,,4.099719773693866,,,,,,
865,0.0,32.96157240614849,,,,,,,4.980428504757223,28.24264372169233,,,,,3.048924092869573,,,,,,
866,3.048924092869573,10.347450506012,,,,,,,3.1806734144966624,32.96157240614849,,,,,22.33649443177427,,,,,,
867,0.0,0.0926797102431434,,,,,,,2.0956956867578507,42.79962381409237,,,,,15.660569223528796,,,,,,
868,0.0,13.492084115938772,,,,,,,0.0,71.26974968103113,,,,,35.57219641929099,,,,,,
869,3.1806734144966624,4.439915437568395,,,,,,,0.0,34.67400516709484,,,,,0.0,,,,,,
870,0.0280877934472444,15.660569223528796,,,,,,,0.0,56.36991327099788,,,,,8.712023740113676,,,,,,
871,0.0,34.67400516709484,,,,,,,5.08335688941316,0.0,,,,,4.439915437568395,,,,,,
872,0.1196913799091976,0.0,,,,,,,7.70722884318748,46.27744271092702,,,,,6.099190994978948,,,,,,
873,0.0,4.099719773693866,,,,,,,6.52170685096182,42.79962381409237,,,,,10.719746131060525,,,,,,
874,0.0,0.0926797102431434,,,,,,,8.712023740113676,28.24264372169233,,,,,5.08335688941316,,,,,,
875,0.0,22.33649443177427,,,,,,,4.357497648516051,37.97921592199604,,,,,34.67400516709484,,,,,,
876,0.0,8.712023740113676,,,,,,,15.660569223528796,32.96157240614849,,,,,4.099719773693866,,,,,,
877,0.0,27.22288322454476,,,,,,,8.274183569068175,71.26974968103113,,,,,13.492084115938772,,,,,,
878,0.0,32.96157240614849,,,,,,,8.894530707917577,43.32087581204169,,,,,3.048924092869573,,,,,,
879,0.0,3.048924092869573,,,,,,,7.565178155430798,56.36991327099788,,,,,22.33649443177427,,,,,,
880,0.0,34.396724496310675,,,,,,,0.1196913799091976,37.97921592199604,,,,,15.660569223528796,,,,,,
881,0.0,10.347450506012,,,,,,,0.0926797102431434,0.0,,,,,34.396724496310675,,,,,,
882,0.0,8.712023740113676,,,,,,,2.199198743708845,71.23373795253224,,,,,0.0926797102431434,,,,,,
883,2.844536548299099,4.439915437568395,,,,,,,0.0280877934472444,34.67400516709484,,,,,10.347450506012,,,,,,
884,0.0,32.96157240614849,,,,,,,0.0926797102431434,46.27744271092702,,,,,12.27871044879202,,,,,,
885,0.0,0.0,,,,,,,0.0,32.96157240614849,,,,,8.712023740113676,,,,,,
886,0.0,13.492084115938772,,,,,,,4.439915437568395,28.24264372169233,,,,,10.347450506012,,,,,,
887,2.9758561045830887,4.099719773693866,,,,,,,2.0956956867578507,28.24264372169233,,,,,4.439915437568395,,,,,,
888,3.462836647521672,34.67400516709484,,,,,,,0.0,37.97921592199604,,,,,0.0,,,,,,
889,0.0,27.22288322454476,,,,,,,0.0,34.67400516709484,,,,,13.492084115938772,,,,,,
890,2.29150235109587,10.347450506012,,,,,,,0.0,0.0,,,,,4.099719773693866,,,,,,
891,2.199198743708845,3.048924092869573,,,,,,,0.0280877934472444,56.36991327099788,,,,,22.33649443177427,,,,,,
892,3.104505054985564,15.660569223528796,,,,,,,0.1196913799091976,46.27744271092702,,,,,34.67400516709484,,,,,,
893,6.311611898113961,22.33649443177427,,,,,,,0.0,60.00600055559878,,,,,6.099190994978948,,,,,,
894,0.0926797102431434,35.57219641929099,,,,,,,6.52170685096182,19.354451067867316,,,,,12.27871044879202,,,,,,
895,2.270403213518286,0.0926797102431434,,,,,,,0.0,71.23373795253224,,,,,35.57219641929099,,,,,,
896,0.0669467607792184,0.0,,,,,,,8.712023740113676,37.97921592199604,,,,,27.22288322454476,,,,,,
897,0.0325314998532016,4.099719773693866,,,,,,,5.08335688941316,34.67400516709484,,,,,3.048924092869573,,,,,,
898,2.199198743708845,4.439915437568395,,,,,,,4.357497648516051,56.36991327099788,,,,,15.660569223528796,,,,,,
899,0.0325314998532016,8.712023740113676,,,,,,,3.1806734144966624,46.27744271092702,,,,,0.0926797102431434,,,,,,
900,0.0,34.67400516709484,,,,,,,4.099719773693866,32.96157240614849,,,,,8.712023740113676,,,,,,
901,3.462836647521672,32.96157240614849,,,,,,,4.980428504757223,0.0,,,,,4.439915437568395,,,,,,
902,0.0,13.492084115938772,,,,,,,8.274183569068175,28.24264372169233,,,,,0.0,,,,,,
903,0.0,27.22288322454476,,,,,,,2.29150235109587,43.32087581204169,,,,,13.492084115938772,,,,,,
904,5.983319937924184,3.048924092869573,,,,,,,3.048924092869573,71.23373795253224,,,,,4.099719773693866,,,,,,
905,0.0,10.347450506012,,,,,,,15.660569223528796,,,,,,3.048924092869573,,,,,,
906,3.104505054985564,15.660569223528796,,,,,,,9.739914662371811,,,,,,22.33649443177427,,,,,,
907,0.0,22.33649443177427,,,,,,,5.1396572837575984,,,,,,34.67400516709484,,,,,,
908,0.0,34.396724496310675,,,,,,,8.787753067226653,,,,,,6.099190994978948,,,,,,
909,0.0,0.0926797102431434,,,,,,,2.199198743708845,,,,,,15.660569223528796,,,,,,
910,0.0,15.660569223528796,,,,,,,11.204723685217274,,,,,,12.339573747295251,,,,,,
911,0.0926797102431434,4.439915437568395,,,,,,,8.712023740113676,,,,,,27.22288322454476,,,,,,
912,0.0,0.0,,,,,,,2.0956956867578507,,,,,,34.396724496310675,,,,,,
913,0.0,3.048924092869573,,,,,,,6.52170685096182,,,,,,0.0926797102431434,,,,,,
914,0.0,22.33649443177427,,,,,,,0.0,,,,,,10.347450506012,,,,,,
915,0.0,10.347450506012,,,,,,,0.0926797102431434,,,,,,13.492084115938772,,,,,,
916,2.29150235109587,32.96157240614849,,,,,,,3.048924092869573,,,,,,15.660569223528796,,,,,,
917,6.311611898113961,8.712023740113676,,,,,,,2.29150235109587,,,,,,4.439915437568395,,,,,,
918,0.0,13.492084115938772,,,,,,,4.439915437568395,,,,,,35.57219641929099,,,,,,
919,0.0,4.099719773693866,,,,,,,0.0,,,,,,0.0,,,,,,
920,0.0,34.67400516709484,,,,,,,0.0,,,,,,10.38547218765633,,,,,,
921,0.0,27.22288322454476,,,,,,,0.0,,,,,,0.0926797102431434,,,,,,
922,0.0,35.57219641929099,,,,,,,0.0,,,,,,22.33649443177427,,,,,,
923,0.0,0.0926797102431434,,,,,,,0.0,,,,,,8.712023740113676,,,,,,
924,3.1806734144966624,0.0,,,,,,,15.660569223528796,,,,,,32.96157240614849,,,,,,
925,0.0,15.660569223528796,,,,,,,4.980428504757223,,,,,,4.099719773693866,,,,,,
926,2.844536548299099,13.492084115938772,,,,,,,8.274183569068175,,,,,,34.67400516709484,,,,,,
927,0.0,10.347450506012,,,,,,,0.1196913799091976,,,,,,27.22288322454476,,,,,,
928,0.0,0.0926797102431434,,,,,,,3.1806734144966624,,,,,,3.048924092869573,,,,,,
929,2.270403213518286,22.33649443177427,,,,,,,4.357497648516051,,,,,,12.27871044879202,,,,,,
930,0.0,4.439915437568395,,,,,,,4.099719773693866,,,,,,13.492084115938772,,,,,,
931,2.9758561045830887,8.712023740113676,,,,,,,7.565178155430798,,,,,,8.712023740113676,,,,,,
932,2.0956956867578507,32.96157240614849,,,,,,,2.199198743708845,,,,,,15.660569223528796,,,,,,
933,3.048924092869573,27.22288322454476,,,,,,,5.1396572837575984,,,,,,4.439915437568395,,,,,,
934,0.1196913799091976,4.099719773693866,,,,,,,5.08335688941316,,,,,,0.0,,,,,,
935,0.0669467607792184,34.67400516709484,,,,,,,0.0280877934472444,,,,,,34.396724496310675,,,,,,
936,0.0280877934472444,3.048924092869573,,,,,,,0.0280877934472444,,,,,,22.33649443177427,,,,,,
937,0.1196913799091976,34.396724496310675,,,,,,,8.712023740113676,,,,,,6.099190994978948,,,,,,
938,0.0,10.347450506012,,,,,,,15.660569223528796,,,,,,27.22288322454476,,,,,,
939,2.0956956867578507,34.67400516709484,,,,,,,0.0926797102431434,,,,,,34.67400516709484,,,,,,
940,0.0,4.439915437568395,,,,,,,0.0,,,,,,4.099719773693866,,,,,,
941,0.0,0.0,,,,,,,3.048924092869573,,,,,,10.347450506012,,,,,,
942,0.0,0.0926797102431434,,,,,,,11.204723685217274,,,,,,3.048924092869573,,,,,,
943,0.0,3.048924092869573,,,,,,,6.52170685096182,,,,,,0.0926797102431434,,,,,,
944,0.0,13.492084115938772,,,,,,,4.439915437568395,,,,,,13.492084115938772,,,,,,
945,6.311611898113961,22.33649443177427,,,,,,,0.0,,,,,,4.439915437568395,,,,,,
946,0.0926797102431434,35.57219641929099,,,,,,,3.1806734144966624,,,,,,15.660569223528796,,,,,,
947,0.0,8.712023740113676,,,,,,,0.1196913799091976,,,,,,34.67400516709484,,,,,,
948,3.048924092869573,4.099719773693866,,,,,,,0.0,,,,,,0.0,,,,,,
949,0.0,32.96157240614849,,,,,,,0.0,,,,,,4.099719773693866,,,,,,
950,0.0,27.22288322454476,,,,,,,0.0,,,,,,0.0926797102431434,,,,,,
951,0.0280877934472444,15.660569223528796,,,,,,,0.0,,,,,,22.33649443177427,,,,,,
952,3.1806734144966624,13.492084115938772,,,,,,,4.980428504757223,,,,,,12.27871044879202,,,,,,
953,0.0,8.712023740113676,,,,,,,4.357497648516051,,,,,,6.099190994978948,,,,,,
954,0.0,22.33649443177427,,,,,,,4.099719773693866,,,,,,8.712023740113676,,,,,,
955,0.0,0.0,,,,,,,8.274183569068175,,,,,,27.22288322454476,,,,,,
956,0.0,4.099719773693866,,,,,,,2.29150235109587,,,,,,3.048924092869573,,,,,,
957,5.983319937924184,4.439915437568395,,,,,,,2.0956956867578507,,,,,,34.396724496310675,,,,,,
958,2.270403213518286,32.96157240614849,,,,,,,5.1396572837575984,,,,,,10.347450506012,,,,,,
959,0.0,15.660569223528796,,,,,,,7.565178155430798,,,,,,8.712023740113676,,,,,,
960,0.0,27.22288322454476,,,,,,,5.08335688941316,,,,,,4.439915437568395,,,,,,
961,0.0,34.67400516709484,,,,,,,2.235727304024508,,,,,,0.0,,,,,,
962,0.0,3.048924092869573,,,,,,,4.439915437568395,,,,,,4.099719773693866,,,,,,
963,0.0325314998532016,34.396724496310675,,,,,,,0.0,,,,,,13.492084115938772,,,,,,
964,2.844536548299099,0.0926797102431434,,,,,,,0.0,,,,,,6.099190994978948,,,,,,
965,0.0,10.347450506012,,,,,,,8.712023740113676,,,,,,34.67400516709484,,,,,,
966,0.0,10.38547218765633,,,,,,,8.274183569068175,,,,,,27.22288322454476,,,,,,
967,0.0,4.439915437568395,,,,,,,0.0926797102431434,,,,,,10.347450506012,,,,,,
968,0.0,0.0,,,,,,,4.357497648516051,,,,,,3.048924092869573,,,,,,
969,3.104505054985564,22.33649443177427,,,,,,,0.0,,,,,,15.660569223528796,,,,,,
970,0.0,8.712023740113676,,,,,,,2.0956956867578507,,,,,,22.33649443177427,,,,,,
971,3.462836647521672,3.048924092869573,,,,,,,0.0,,,,,,35.57219641929099,,,,,,
972,2.29150235109587,32.96157240614849,,,,,,,15.660569223528796,,,,,,0.0926797102431434,,,,,,
973,2.9758561045830887,0.0926797102431434,,,,,,,0.0,,,,,,12.27871044879202,,,,,,
974,0.0669467607792184,34.396724496310675,,,,,,,0.0,,,,,,6.099190994978948,,,,,,
975,2.199198743708845,34.67400516709484,,,,,,,5.150291288737839,,,,,,0.0,,,,,,
976,0.0,4.099719773693866,,,,,,,2.29150235109587,,,,,,4.099719773693866,,,,,,
977,0.0,27.22288322454476,,,,,,,3.1806734144966624,,,,,,4.439915437568395,,,,,,
978,6.311611898113961,13.492084115938772,,,,,,,4.099719773693866,,,,,,12.339573747295251,,,,,,
979,9.647440732259044,15.660569223528796,,,,,,,4.980428504757223,,,,,,8.712023740113676,,,,,,
980,0.0,32.96157240614849,,,,,,,6.52170685096182,,,,,,34.67400516709484,,,,,,
981,0.0,34.67400516709484,,,,,,,3.048924092869573,,,,,,13.492084115938772,,,,,,
982,0.0,0.0,,,,,,,5.1396572837575984,,,,,,27.22288322454476,,,,,,
983,0.0,27.22288322454476,,,,,,,9.739914662371811,,,,,,3.048924092869573,,,,,,
984,6.52170685096182,3.048924092869573,,,,,,,8.787753067226653,,,,,,10.347450506012,,,,,,
985,2.29150235109587,13.492084115938772,,,,,,,0.1196913799091976,,,,,,15.660569223528796,,,,,,
986,0.0926797102431434,4.439915437568395,,,,,,,2.199198743708845,,,,,,22.33649443177427,,,,,,
987,2.0956956867578507,8.712023740113676,,,,,,,0.0280877934472444,,,,,,34.396724496310675,,,,,,
988,3.1806734144966624,15.660569223528796,,,,,,,8.712023740113676,,,,,,0.0926797102431434,,,,,,
989,0.0,4.099719773693866,,,,,,,2.0956956867578507,,,,,,15.660569223528796,,,,,,
990,0.0,22.33649443177427,,,,,,,3.1806734144966624,,,,,,4.439915437568395,,,,,,
991,0.0,34.396724496310675,,,,,,,0.0,,,,,,6.1102707250581405,,,,,,
992,0.0,0.0926797102431434,,,,,,,4.439915437568395,,,,,,0.0,,,,,,
993,0.0,10.347450506012,,,,,,,3.048924092869573,,,,,,3.048924092869573,,,,,,
994,0.0,4.439915437568395,,,,,,,4.099719773693866,,,,,,22.33649443177427,,,,,,
995,0.0,15.660569223528796,,,,,,,2.29150235109587,,,,,,10.347450506012,,,,,,
996,0.0,4.099719773693866,,,,,,,0.0,,,,,,0.0926797102431434,,,,,,
997,0.0,0.0,,,,,,,4.980428504757223,,,,,,8.712023740113676,,,,,,
998,0.0,0.0926797102431434,,,,,,,0.0,,,,,,13.492084115938772,,,,,,
999,3.318778464280774,22.33649443177427,,,,,,,0.0,,,,,,12.27871044879202,,,,,,
1000,0.0,8.712023740113676,,,,,,,0.0280877934472444,,,,,,4.099719773693866,,,,,,
1001,0.0,34.67400516709484,,,,,,,8.274183569068175,,,,,,34.67400516709484,,,,,,
1002,0.0,13.492084115938772,,,,,,,0.0,,,,,,34.396724496310675,,,,,,
1003,0.0325314998532016,27.22288322454476,,,,,,,15.660569223528796,,,,,,27.22288322454476,,,,,,
1004,0.0,3.048924092869573,,,,,,,0.0,,,,,,0.0,,,,,,
1005,2.270403213518286,32.96157240614849,,,,,,,4.357497648516051,,,,,,15.660569223528796,,,,,,
1006,0.0,34.396724496310675,,,,,,,6.52170685096182,,,,,,13.492084115938772,,,,,,
1007,0.0,10.347450506012,,,,,,,9.739914662371811,,,,,,10.347450506012,,,,,,
1008,3.048924092869573,4.439915437568395,,,,,,,5.1396572837575984,,,,,,22.33649443177427,,,,,,
1009,2.844536548299099,34.67400516709484,,,,,,,8.787753067226653,,,,,,4.439915437568395,,,,,,
1010,0.1196913799091976,0.0,,,,,,,0.1196913799091976,,,,,,6.099190994978948,,,,,,
1011,0.0669467607792184,13.492084115938772,,,,,,,0.0926797102431434,,,,,,8.712023740113676,,,,,,
1012,2.199198743708845,3.048924092869573,,,,,,,5.150291288737839,,,,,,27.22288322454476,,,,,,
1013,0.0280877934472444,8.712023740113676,,,,,,,2.199198743708845,,,,,,4.099719773693866,,,,,,
1014,2.199198743708845,32.96157240614849,,,,,,,0.0,,,,,,34.67400516709484,,,,,,
1015,0.0,15.660569223528796,,,,,,,2.0956956867578507,,,,,,12.339573747295251,,,,,,
1016,2.270403213518286,4.099719773693866,,,,,,,15.660569223528796,,,,,,3.048924092869573,,,,,,
1017,3.1806734144966624,27.22288322454476,,,,,,,4.439915437568395,,,,,,34.396724496310675,,,,,,
1018,0.0,22.33649443177427,,,,,,,4.099719773693866,,,,,,0.0926797102431434,,,,,,
1019,0.0,34.396724496310675,,,,,,,0.0,,,,,,10.347450506012,,,,,,
1020,0.0,0.0926797102431434,,,,,,,3.1806734144966624,,,,,,34.67400516709484,,,,,,
1021,0.0,10.347450506012,,,,,,,0.0926797102431434,,,,,,6.099190994978948,,,,,,
1022,0.0,8.712023740113676,,,,,,,2.29150235109587,,,,,,4.439915437568395,,,,,,
1023,0.0,15.660569223528796,,,,,,,0.0,,,,,,0.0,,,,,,
1024,0.0,34.67400516709484,,,,,,,2.199198743708845,,,,,,4.099719773693866,,,,,,
1025,0.0926797102431434,0.0,,,,,,,8.274183569068175,,,,,,0.0926797102431434,,,,,,
1026,0.0,0.0926797102431434,,,,,,,0.0,,,,,,3.048924092869573,,,,,,
1027,0.0,4.099719773693866,,,,,,,0.0,,,,,,12.27871044879202,,,,,,
1028,0.0,4.439915437568395,,,,,,,7.70722884318748,,,,,,13.492084115938772,,,,,,
1029,0.0,3.048924092869573,,,,,,,4.980428504757223,,,,,,22.33649443177427,,,,,,
1030,0.0,22.33649443177427,,,,,,,5.08335688941316,,,,,,35.57219641929099,,,,,,
1031,0.0,13.492084115938772,,,,,,,0.0280877934472444,,,,,,8.712023740113676,,,,,,
1032,0.0,6.099190994978948,,,,,,,0.0,,,,,,27.22288322454476,,,,,,
1033,2.29150235109587,27.22288322454476,,,,,,,7.429721685072115,,,,,,15.660569223528796,,,,,,
1034,0.0,35.57219641929099,,,,,,,8.712023740113676,,,,,,13.492084115938772,,,,,,
1035,5.983319937924184,10.347450506012,,,,,,,0.1196913799091976,,,,,,8.712023740113676,,,,,,
1036,0.0,12.27871044879202,,,,,,,4.357497648516051,,,,,,22.33649443177427,,,,,,
1037,0.0,0.0,,,,,,,3.048924092869573,,,,,,0.0,,,,,,
1038,0.0,22.33649443177427,,,,,,,6.52170685096182,,,,,,4.099719773693866,,,,,,
1039,0.0,8.712023740113676,,,,,,,8.787753067226653,,,,,,4.439915437568395,,,,,,
1040,3.462836647521672,4.099719773693866,,,,,,,2.235727304024508,,,,,,6.099190994978948,,,,,,
1041,0.0,4.439915437568395,,,,,,,0.0,,,,,,12.27871044879202,,,,,,
1042,0.0,13.492084115938772,,,,,,,3.1806734144966624,,,,,,15.660569223528796,,,,,,
1043,2.9758561045830887,34.67400516709484,,,,,,,0.0,,,,,,27.22288322454476,,,,,,
1044,3.048924092869573,32.96157240614849,,,,,,,2.29150235109587,,,,,,34.67400516709484,,,,,,
1045,6.311611898113961,3.048924092869573,,,,,,,0.0926797102431434,,,,,,3.048924092869573,,,,,,
1046,2.0956956867578507,27.22288322454476,,,,,,,3.048924092869573,,,,,,34.396724496310675,,,,,,
1047,2.844536548299099,15.660569223528796,,,,,,,0.0,,,,,,0.0926797102431434,,,,,,
1048,3.104505054985564,34.396724496310675,,,,,,,4.099719773693866,,,,,,10.347450506012,,,,,,
1049,0.1196913799091976,0.0926797102431434,,,,,,,4.439915437568395,,,,,,10.38547218765633,,,,,,
1050,0.0669467607792184,10.38547218765633,,,,,,,0.0,,,,,,4.439915437568395,,,,,,
1051,0.0325314998532016,8.712023740113676,,,,,,,0.0280877934472444,,,,,,0.0,,,,,,
1052,0.0280877934472444,22.33649443177427,,,,,,,0.0,,,,,,22.33649443177427,,,,,,
1053,0.0,0.0,,,,,,,0.0,,,,,,8.712023740113676,,,,,,
1054,3.048924092869573,4.439915437568395,,,,,,,6.52170685096182,,,,,,32.96157240614849,,,,,,
1055,0.0,32.96157240614849,,,,,,,8.712023740113676,,,,,,34.396724496310675,,,,,,
1056,0.0,4.099719773693866,,,,,,,8.274183569068175,,,,,,34.67400516709484,,,,,,
1057,0.0,34.67400516709484,,,,,,,15.660569223528796,,,,,,4.099719773693866,,,,,,
1058,0.0,27.22288322454476,,,,,,,7.429721685072115,,,,,,27.22288322454476,,,,,,
1059,0.0,13.492084115938772,,,,,,,4.357497648516051,,,,,,13.492084115938772,,,,,,
1060,2.199198743708845,10.38547218765633,,,,,,,4.980428504757223,,,,,,3.048924092869573,,,,,,
1061,0.0,3.048924092869573,,,,,,,2.0956956867578507,,,,,,15.660569223528796,,,,,,
1062,2.0956956867578507,15.660569223528796,,,,,,,7.70722884318748,,,,,,0.0926797102431434,,,,,,
1063,0.0,35.57219641929099,,,,,,,8.787753067226653,,,,,,34.67400516709484,,,,,,
1064,3.1806734144966624,0.0926797102431434,,,,,,,0.1196913799091976,,,,,,0.0,,,,,,
1065,0.0280877934472444,8.712023740113676,,,,,,,5.08335688941316,,,,,,27.22288322454476,,,,,,
1066,0.0,0.0,,,,,,,8.712023740113676,,,,,,3.048924092869573,,,,,,
1067,0.0,0.0926797102431434,,,,,,,0.0,,,,,,13.492084115938772,,,,,,
1068,0.0,29.8928208075054,,,,,,,4.439915437568395,,,,,,4.439915437568395,,,,,,
1069,2.9758561045830887,4.439915437568395,,,,,,,3.1806734144966624,,,,,,8.712023740113676,,,,,,
1070,0.0,4.099719773693866,,,,,,,0.0,,,,,,12.27871044879202,,,,,,
1071,0.0,34.67400516709484,,,,,,,4.980428504757223,,,,,,15.660569223528796,,,,,,
1072,0.0,13.492084115938772,,,,,,,2.29150235109587,,,,,,4.099719773693866,,,,,,
1073,0.0,32.96157240614849,,,,,,,4.099719773693866,,,,,,22.33649443177427,,,,,,
1074,0.0,3.048924092869573,,,,,,,0.0,,,,,,34.396724496310675,,,,,,
1075,0.0,15.660569223528796,,,,,,,0.0280877934472444,,,,,,0.0926797102431434,,,,,,
1076,2.29150235109587,22.33649443177427,,,,,,,2.0956956867578507,,,,,,10.347450506012,,,,,,
1077,0.0,34.396724496310675,,,,,,,0.0,,,,,,6.099190994978948,,,,,,
1078,0.0,10.347450506012,,,,,,,0.0,,,,,,4.439915437568395,,,,,,
1079,0.0,10.347450506012,,,,,,,6.52170685096182,,,,,,15.660569223528796,,,,,,
1080,0.0,4.439915437568395,,,,,,,0.0,,,,,,4.099719773693866,,,,,,
1081,3.462836647521672,34.67400516709484,,,,,,,8.274183569068175,,,,,,0.0,,,,,,
1082,0.0,0.0,,,,,,,4.357497648516051,,,,,,3.048924092869573,,,,,,
1083,5.983319937924184,22.33649443177427,,,,,,,15.660569223528796,,,,,,0.0926797102431434,,,,,,
1084,6.311611898113961,15.660569223528796,,,,,,,9.739914662371811,,,,,,22.33649443177427,,,,,,
1085,2.844536548299099,27.22288322454476,,,,,,,3.048924092869573,,,,,,8.712023740113676,,,,,,
1086,3.104505054985564,4.099719773693866,,,,,,,5.1396572837575984,,,,,,34.67400516709484,,,,,,
1087,0.1196913799091976,8.712023740113676,,,,,,,8.787753067226653,,,,,,6.099190994978948,,,,,,
1088,0.0926797102431434,13.492084115938772,,,,,,,0.1196913799091976,,,,,,13.492084115938772,,,,,,
1089,2.270403213518286,3.048924092869573,,,,,,,0.0926797102431434,,,,,,27.22288322454476,,,,,,
1090,0.0669467607792184,32.96157240614849,,,,,,,5.08335688941316,,,,,,34.396724496310675,,,,,,
1091,0.0325314998532016,34.396724496310675,,,,,,,2.199198743708845,,,,,,10.347450506012,,,,,,
1092,2.199198743708845,0.0926797102431434,,,,,,,0.0,,,,,,12.339573747295251,,,,,,
1093,0.0,34.67400516709484,,,,,,,4.439915437568395,,,,,,4.439915437568395,,,,,,
1094,0.0926797102431434,0.0,,,,,,,0.0,,,,,,34.67400516709484,,,,,,
1095,0.0,4.439915437568395,,,,,,,2.29150235109587,,,,,,6.099190994978948,,,,,,
1096,0.0,4.099719773693866,,,,,,,3.1806734144966624,,,,,,0.0,,,,,,
1097,2.9758561045830887,0.0926797102431434,,,,,,,2.0956956867578507,,,,,,13.492084115938772,,,,,,
1098,0.0,10.347450506012,,,,,,,0.0,,,,,,3.048924092869573,,,,,,
1099,3.1806734144966624,22.33649443177427,,,,,,,0.0,,,,,,8.712023740113676,,,,,,
1100,0.0,13.492084115938772,,,,,,,6.52170685096182,,,,,,15.660569223528796,,,,,,
1101,0.0,8.712023740113676,,,,,,,5.08335688941316,,,,,,4.099719773693866,,,,,,
1102,0.0,35.57219641929099,,,,,,,0.0,,,,,,12.27871044879202,,,,,,
1103,3.048924092869573,32.96157240614849,,,,,,,0.0,,,,,,27.22288322454476,,,,,,
1104,5.983319937924184,27.22288322454476,,,,,,,0.0280877934472444,,,,,,22.33649443177427,,,,,,
1105,0.0,3.048924092869573,,,,,,,4.980428504757223,,,,,,34.396724496310675,,,,,,
1106,2.0956956867578507,15.660569223528796,,,,,,,4.357497648516051,,,,,,0.0926797102431434,,,,,,
1107,0.0669467607792184,13.492084115938772,,,,,,,8.712023740113676,,,,,,10.347450506012,,,,,,
1108,0.0,0.0,,,,,,,0.0,,,,,,8.712023740113676,,,,,,
1109,0.0,15.660569223528796,,,,,,,4.099719773693866,,,,,,15.660569223528796,,,,,,
1110,0.0,8.712023740113676,,,,,,,2.844536548299099,,,,,,34.67400516709484,,,,,,
1111,0.0,4.439915437568395,,,,,,,0.1196913799091976,,,,,,0.0,,,,,,
1112,0.0,22.33649443177427,,,,,,,7.542050367850637,,,,,,0.0926797102431434,,,,,,
1113,0.0,0.0926797102431434,,,,,,,3.048924092869573,,,,,,4.099719773693866,,,,,,
1114,2.29150235109587,34.67400516709484,,,,,,,15.660569223528796,,,,,,4.439915437568395,,,,,,
1115,0.0,10.347450506012,,,,,,,8.894530707917577,,,,,,3.048924092869573,,,,,,
1116,0.0,32.96157240614849,,,,,,,7.565178155430798,,,,,,22.33649443177427,,,,,,
1117,0.0,4.099719773693866,,,,,,,0.0926797102431434,,,,,,13.492084115938772,,,,,,
1118,0.0,27.22288322454476,,,,,,,2.199198743708845,,,,,,27.22288322454476,,,,,,
1119,3.462836647521672,3.048924092869573,,,,,,,2.29150235109587,,,,,,35.57219641929099,,,,,,
1120,0.0,35.57219641929099,,,,,,,5.08335688941316,,,,,,10.347450506012,,,,,,
1121,0.0325314998532016,10.347450506012,,,,,,,8.712023740113676,,,,,,12.27871044879202,,,,,,
1122,0.0,8.712023740113676,,,,,,,0.0926797102431434,,,,,,6.1102707250581405,,,,,,
1123,0.0,15.660569223528796,,,,,,,0.0,,,,,,0.0,,,,,,
1124,0.0,32.96157240614849,,,,,,,4.439915437568395,,,,,,22.33649443177427,,,,,,
1125,6.311611898113961,0.0,,,,,,,3.1806734144966624,,,,,,8.712023740113676,,,,,,
1126,2.270403213518286,4.439915437568395,,,,,,,0.0,,,,,,4.439915437568395,,,,,,
1127,3.104505054985564,3.048924092869573,,,,,,,2.0956956867578507,,,,,,6.099190994978948,,,,,,
1128,2.844536548299099,13.492084115938772,,,,,,,0.0,,,,,,13.492084115938772,,,,,,
1129,0.1196913799091976,22.33649443177427,,,,,,,0.0,,,,,,34.67400516709484,,,,,,
1130,0.0280877934472444,34.67400516709484,,,,,,,9.739914662371811,,,,,,4.099719773693866,,,,,,
1131,0.0,4.099719773693866,,,,,,,0.0,,,,,,3.048924092869573,,,,,,
1132,0.0,27.22288322454476,,,,,,,0.0,,,,,,27.22288322454476,,,,,,
1133,0.0,34.396724496310675,,,,,,,5.1396572837575984,,,,,,15.660569223528796,,,,,,
1134,0.0,0.0926797102431434,,,,,,,4.357497648516051,,,,,,34.396724496310675,,,,,,
1135,0.0,22.33649443177427,,,,,,,4.099719773693866,,,,,,0.0926797102431434,,,,,,
1136,0.0,8.712023740113676,,,,,,,2.199198743708845,,,,,,10.38547218765633,,,,,,
1137,2.0956956867578507,32.96157240614849,,,,,,,4.980428504757223,,,,,,12.339573747295251,,,,,,
1138,0.0,34.67400516709484,,,,,,,6.52170685096182,,,,,,8.712023740113676,,,,,,
1139,0.0,0.0,,,,,,,8.274183569068175,,,,,,22.33649443177427,,,,,,
1140,0.0,3.048924092869573,,,,,,,3.048924092869573,,,,,,0.0,,,,,,
1141,0.0,13.492084115938772,,,,,,,15.660569223528796,,,,,,4.439915437568395,,,,,,
1142,0.0,4.439915437568395,,,,,,,8.787753067226653,,,,,,4.099719773693866,,,,,,
1143,0.0,15.660569223528796,,,,,,,0.1196913799091976,,,,,,34.67400516709484,,,,,,
1144,0.0325314998532016,4.099719773693866,,,,,,,0.0280877934472444,,,,,,27.22288322454476,,,,,,
1145,0.0,27.22288322454476,,,,,,,0.0,,,,,,13.492084115938772,,,,,,
1146,0.0280877934472444,10.347450506012,,,,,,,2.199198743708845,,,,,,3.048924092869573,,,,,,
1147,6.311611898113961,34.396724496310675,,,,,,,4.439915437568395,,,,,,15.660569223528796,,,,,,
1148,0.1196913799091976,0.0926797102431434,,,,,,,5.08335688941316,,,,,,34.396724496310675,,,,,,
1149,0.0,0.0,,,,,,,4.099719773693866,,,,,,0.0926797102431434,,,,,,
1150,0.0,15.660569223528796,,,,,,,0.0,,,,,,10.347450506012,,,,,,
1151,0.0,4.439915437568395,,,,,,,8.274183569068175,,,,,,12.27871044879202,,,,,,
1152,3.462836647521672,8.712023740113676,,,,,,,3.048924092869573,,,,,,6.099190994978948,,,,,,
1153,0.0,3.048924092869573,,,,,,,0.0,,,,,,8.712023740113676,,,,,,
1154,3.1806734144966624,22.33649443177427,,,,,,,8.712023740113676,,,,,,0.0,,,,,,
1155,0.0,13.492084115938772,,,,,,,0.0,,,,,,0.0926797102431434,,,,,,
1156,0.0,34.67400516709484,,,,,,,0.0,,,,,,10.719746131060525,,,,,,
1157,0.0,4.099719773693866,,,,,,,6.52170685096182,,,,,,4.439915437568395,,,,,,
1158,0.0,32.96157240614849,,,,,,,0.0,,,,,,3.048924092869573,,,,,,
1159,2.199198743708845,27.22288322454476,,,,,,,2.29150235109587,,,,,,5.08335688941316,,,,,,
1160,2.29150235109587,34.396724496310675,,,,,,,3.1806734144966624,,,,,,34.67400516709484,,,,,,
1161,2.9758561045830887,0.0926797102431434,,,,,,,4.357497648516051,,,,,,4.099719773693866,,,,,,
1162,3.048924092869573,10.347450506012,,,,,,,4.980428504757223,,,,,,13.492084115938772,,,,,,
1163,0.0,0.0,,,,,,,2.0956956867578507,,,,,,15.660569223528796,,,,,,
1164,5.983319937924184,8.712023740113676,,,,,,,15.660569223528796,,,,,,22.33649443177427,,,,,,
1165,2.844536548299099,0.0926797102431434,,,,,,,7.565178155430798,,,,,,34.396724496310675,,,,,,
1166,3.104505054985564,4.439915437568395,,,,,,,8.894530707917577,,,,,,10.347450506012,,,,,,
1167,0.0926797102431434,13.492084115938772,,,,,,,7.70722884318748,,,,,,12.27871044879202,,,,,,
1168,2.270403213518286,4.099719773693866,,,,,,,0.1196913799091976,,,,,,6.099190994978948,,,,,,
1169,0.0669467607792184,34.67400516709484,,,,,,,0.0926797102431434,,,,,,10.347450506012,,,,,,
1170,2.844536548299099,27.22288322454476,,,,,,,0.0280877934472444,,,,,,4.439915437568395,,,,,,
1171,0.0,3.048924092869573,,,,,,,0.0,,,,,,34.67400516709484,,,,,,
1172,0.0,22.33649443177427,,,,,,,0.0,,,,,,0.0,,,,,,
1173,0.0,15.660569223528796,,,,,,,4.439915437568395,,,,,,22.33649443177427,,,,,,
1174,2.9758561045830887,34.396724496310675,,,,,,,6.52170685096182,,,,,,6.1102707250581405,,,,,,
1175,3.1806734144966624,10.347450506012,,,,,,,3.1806734144966624,,,,,,15.660569223528796,,,,,,
1176,0.0,12.27871044879202,,,,,,,4.099719773693866,,,,,,27.22288322454476,,,,,,
1177,0.0,6.099190994978948,,,,,,,8.712023740113676,,,,,,4.099719773693866,,,,,,
1178,0.0,0.0926797102431434,,,,,,,2.29150235109587,,,,,,8.712023740113676,,,,,,
1179,0.0926797102431434,27.22288322454476,,,,,,,7.429721685072115,,,,,,13.492084115938772,,,,,,
1180,3.048924092869573,0.0,,,,,,,3.048924092869573,,,,,,3.048924092869573,,,,,,
1181,0.0,34.67400516709484,,,,,,,2.0956956867578507,,,,,,34.396724496310675,,,,,,
1182,0.0669467607792184,3.048924092869573,,,,,,,0.0,,,,,,0.0926797102431434,,,,,,
1183,0.0280877934472444,13.492084115938772,,,,,,,0.0,,,,,,12.27871044879202,,,,,,
1184,0.0,4.439915437568395,,,,,,,0.0,,,,,,34.67400516709484,,,,,,
1185,3.462836647521672,8.712023740113676,,,,,,,0.0,,,,,,0.0,,,,,,
1186,0.1196913799091976,15.660569223528796,,,,,,,0.0280877934472444,,,,,,4.439915437568395,,,,,,
1187,0.0,4.099719773693866,,,,,,,4.980428504757223,,,,,,3.048924092869573,,,,,,
1188,6.311611898113961,32.96157240614849,,,,,,,0.1196913799091976,,,,,,4.099719773693866,,,,,,
1189,0.0,10.347450506012,,,,,,,4.357497648516051,,,,,,0.0926797102431434,,,,,,
1190,0.0,22.33649443177427,,,,,,,8.274183569068175,,,,,,10.347450506012,,,,,,
1191,0.0,34.396724496310675,,,,,,,2.199198743708845,,,,,,22.33649443177427,,,,,,
1192,0.0,8.712023740113676,,,,,,,15.660569223528796,,,,,,13.492084115938772,,,,,,
1193,0.0,34.67400516709484,,,,,,,7.70722884318748,,,,,,8.712023740113676,,,,,,
1194,0.0,15.660569223528796,,,,,,,8.787753067226653,,,,,,35.57219641929099,,,,,,
1195,0.0,0.0,,,,,,,0.0926797102431434,,,,,,27.22288322454476,,,,,,
1196,0.0,13.492084115938772,,,,,,,5.08335688941316,,,,,,15.660569223528796,,,,,,
1197,0.0,4.099719773693866,,,,,,,8.712023740113676,,,,,,12.27871044879202,,,,,,
1198,0.0,27.22288322454476,,,,,,,4.357497648516051,,,,,,6.099190994978948,,,,,,
1199,5.983319937924184,4.439915437568395,,,,,,,0.0280877934472444,,,,,,13.492084115938772,,,,,,
1200,0.0325314998532016,0.0926797102431434,,,,,,,4.439915437568395,,,,,,0.0,,,,,,
1201,0.0,32.96157240614849,,,,,,,0.0,,,,,,15.660569223528796,,,,,,
1202,0.0,10.347450506012,,,,,,,9.739914662371811,,,,,,8.712023740113676,,,,,,
1203,2.29150235109587,3.048924092869573,,,,,,,2.29150235109587,,,,,,4.439915437568395,,,,,,
1204,0.0,22.33649443177427,,,,,,,4.099719773693866,,,,,,22.33649443177427,,,,,,
1205,2.0956956867578507,34.396724496310675,,,,,,,4.980428504757223,,,,,,0.0926797102431434,,,,,,
1206,3.318778464280774,10.347450506012,,,,,,,0.0,,,,,,34.67400516709484,,,,,,
1207,2.270403213518286,0.0,,,,,,,0.0,,,,,,10.347450506012,,,,,,
1208,2.199198743708845,8.712023740113676,,,,,,,0.0,,,,,,32.96157240614849,,,,,,
1209,2.270403213518286,34.67400516709484,,,,,,,0.0,,,,,,4.099719773693866,,,,,,
1210,0.0,29.8928208075054,,,,,,,15.660569223528796,,,,,,27.22288322454476,,,,,,
1211,0.0,0.0926797102431434,,,,,,,6.52170685096182,,,,,,3.048924092869573,,,,,,
1212,0.0,13.492084115938772,,,,,,,0.0,,,,,,35.57219641929099,,,,,,
1213,0.0,3.048924092869573,,,,,,,3.1806734144966624,,,,,,10.347450506012,,,,,,
1214,0.0,4.439915437568395,,,,,,,8.274183569068175,,,,,,8.712023740113676,,,,,,
1215,2.29150235109587,15.660569223528796,,,,,,,3.048924092869573,,,,,,15.660569223528796,,,,,,
1216,0.0,4.099719773693866,,,,,,,2.0956956867578507,,,,,,0.0,,,,,,
1217,2.0956956867578507,32.96157240614849,,,,,,,5.1396572837575984,,,,,,4.439915437568395,,,,,,
1218,2.199198743708845,22.33649443177427,,,,,,,8.787753067226653,,,,,,3.048924092869573,,,,,,
1219,0.0926797102431434,34.396724496310675,,,,,,,0.1196913799091976,,,,,,13.492084115938772,,,,,,
1220,0.0,0.0,,,,,,,0.0926797102431434,,,,,,22.33649443177427,,,,,,
1221,0.0,4.439915437568395,,,,,,,5.08335688941316,,,,,,6.099190994978948,,,,,,
1222,0.0,32.96157240614849,,,,,,,2.199198743708845,,,,,,0.0,,,,,,
1223,0.0280877934472444,8.712023740113676,,,,,,,0.0,,,,,,12.27871044879202,,,,,,
1224,0.0,22.33649443177427,,,,,,,0.0,,,,,,24.13542086332589,,,,,,
1225,0.0,27.22288322454476,,,,,,,3.1806734144966624,,,,,,4.099719773693866,,,,,,
1226,0.0,34.67400516709484,,,,,,,8.712023740113676,,,,,,27.22288322454476,,,,,,
1227,0.0,4.099719773693866,,,,,,,2.0956956867578507,,,,,,34.396724496310675,,,,,,
1228,0.0,10.347450506012,,,,,,,0.0,,,,,,0.0926797102431434,,,,,,
1229,0.0,15.660569223528796,,,,,,,4.099719773693866,,,,,,22.33649443177427,,,,,,
1230,0.0,13.492084115938772,,,,,,,2.29150235109587,,,,,,8.712023740113676,,,,,,
1231,0.0,3.048924092869573,,,,,,,3.048924092869573,,,,,,32.96157240614849,,,,,,
1232,3.1806734144966624,34.396724496310675,,,,,,,4.439915437568395,,,,,,34.67400516709484,,,,,,
1233,0.0,0.0926797102431434,,,,,,,0.0,,,,,,0.0926797102431434,,,,,,
1234,0.0,4.439915437568395,,,,,,,4.357497648516051,,,,,,0.0,,,,,,
1235,0.1196913799091976,3.048924092869573,,,,,,,0.0280877934472444,,,,,,3.048924092869573,,,,,,
1236,0.0,12.27871044879202,,,,,,,5.08335688941316,,,,,,13.492084115938772,,,,,,
1237,2.9758561045830887,8.712023740113676,,,,,,,15.660569223528796,,,,,,4.439915437568395,,,,,,
1238,0.0,27.22288322454476,,,,,,,8.274183569068175,,,,,,15.660569223528796,,,,,,
1239,0.0,0.0,,,,,,,0.0,,,,,,4.099719773693866,,,,,,
1240,0.0325314998532016,0.0926797102431434,,,,,,,0.0,,,,,,27.22288322454476,,,,,,
1241,3.462836647521672,22.33649443177427,,,,,,,4.980428504757223,,,,,,10.347450506012,,,,,,
1242,3.048924092869573,13.492084115938772,,,,,,,6.52170685096182,,,,,,34.396724496310675,,,,,,
1243,5.983319937924184,15.660569223528796,,,,,,,9.739914662371811,,,,,,0.0,,,,,,
1244,6.311611898113961,34.67400516709484,,,,,,,5.1396572837575984,,,,,,15.660569223528796,,,,,,
1245,3.104505054985564,4.099719773693866,,,,,,,8.787753067226653,,,,,,4.439915437568395,,,,,,
1246,2.844536548299099,34.396724496310675,,,,,,,0.1196913799091976,,,,,,8.712023740113676,,,,,,
1247,0.0669467607792184,10.347450506012,,,,,,,0.0926797102431434,,,,,,4.099719773693866,,,,,,
1248,3.462836647521672,6.099190994978948,,,,,,,2.199198743708845,,,,,,22.33649443177427,,,,,,
1249,0.0,4.439915437568395,,,,,,,3.1806734144966624,,,,,,6.1102707250581405,,,,,,
1250,2.9758561045830887,0.0,,,,,,,0.0,,,,,,13.492084115938772,,,,,,
1251,0.0,34.67400516709484,,,,,,,0.0926797102431434,,,,,,34.67400516709484,,,,,,
1252,0.0,8.712023740113676,,,,,,,4.980428504757223,,,,,,27.22288322454476,,,,,,
1253,0.0,13.492084115938772,,,,,,,2.29150235109587,,,,,,3.048924092869573,,,,,,
1254,0.0,4.099719773693866,,,,,,,4.439915437568395,,,,,,35.57219641929099,,,,,,
1255,0.0,27.22288322454476,,,,,,,2.199198743708845,,,,,,0.0926797102431434,,,,,,
1256,3.1806734144966624,32.96157240614849,,,,,,,0.0,,,,,,10.347450506012,,,,,,
1257,1.649245803607441,22.33649443177427,,,,,,,8.712023740113676,,,,,,12.27871044879202,,,,,,
1258,0.0280877934472444,3.048924092869573,,,,,,,0.0,,,,,,0.0,,,,,,
1259,0.0,15.660569223528796,,,,,,,0.0,,,,,,8.712023740113676,,,,,,
1260,2.29150235109587,34.396724496310675,,,,,,,5.08335688941316,,,,,,0.0926797102431434,,,,,,
1261,0.0,0.0926797102431434,,,,,,,6.52170685096182,,,,,,3.048924092869573,,,,,,
1262,0.0,10.347450506012,,,,,,,0.0,,,,,,4.439915437568395,,,,,,
1263,0.0,0.0,,,,,,,0.0,,,,,,13.492084115938772,,,,,,
1264,0.0,4.439915437568395,,,,,,,4.357497648516051,,,,,,4.099719773693866,,,,,,
1265,0.0,8.712023740113676,,,,,,,15.660569223528796,,,,,,34.67400516709484,,,,,,
1266,0.0,13.492084115938772,,,,,,,4.099719773693866,,,,,,27.22288322454476,,,,,,
1267,0.0,3.048924092869573,,,,,,,8.274183569068175,,,,,,22.33649443177427,,,,,,
1268,0.0,0.0926797102431434,,,,,,,3.048924092869573,,,,,,15.660569223528796,,,,,,
1269,0.0,22.33649443177427,,,,,,,2.0956956867578507,,,,,,34.396724496310675,,,,,,
1270,0.0,10.347450506012,,,,,,,9.739914662371811,,,,,,10.347450506012,,,,,,
1271,0.1196913799091976,38.88509720324353,,,,,,,5.1396572837575984,,,,,,12.27871044879202,,,,,,
1272,0.0,4.099719773693866,,,,,,,8.787753067226653,,,,,,6.099190994978948,,,,,,
1273,0.0,32.96157240614849,,,,,,,0.1196913799091976,,,,,,0.0926797102431434,,,,,,
1274,0.0,27.22288322454476,,,,,,,0.0280877934472444,,,,,,27.22288322454476,,,,,,
1275,0.0,15.660569223528796,,,,,,,0.0,,,,,,0.0,,,,,,
1276,0.0,34.396724496310675,,,,,,,0.0,,,,,,34.67400516709484,,,,,,
1277,2.270403213518286,34.67400516709484,,,,,,,4.439915437568395,,,,,,13.492084115938772,,,,,,
1278,3.048924092869573,0.0,,,,,,,4.357497648516051,,,,,,4.439915437568395,,,,,,
1279,2.199198743708845,4.439915437568395,,,,,,,3.048924092869573,,,,,,6.099190994978948,,,,,,
1280,2.0956956867578507,32.96157240614849,,,,,,,4.099719773693866,,,,,,8.712023740113676,,,,,,
1281,8.621804875413659,13.492084115938772,,,,,,,0.0,,,,,,15.660569223528796,,,,,,
1282,5.983319937924184,22.33649443177427,,,,,,,3.1806734144966624,,,,,,4.099719773693866,,,,,,
1283,3.104505054985564,3.048924092869573,,,,,,,0.0280877934472444,,,,,,10.347450506012,,,,,,
1284,0.0926797102431434,8.712023740113676,,,,,,,0.0,,,,,,3.048924092869573,,,,,,
1285,0.0669467607792184,4.099719773693866,,,,,,,0.0,,,,,,22.33649443177427,,,,,,
1286,0.0325314998532016,27.22288322454476,,,,,,,0.0,,,,,,34.396724496310675,,,,,,
1287,0.0,15.660569223528796,,,,,,,15.660569223528796,,,,,,12.339573747295251,,,,,,
1288,0.0280877934472444,34.396724496310675,,,,,,,8.712023740113676,,,,,,8.712023740113676,,,,,,
1289,0.0,0.0926797102431434,,,,,,,6.52170685096182,,,,,,34.67400516709484,,,,,,
1290,0.0,10.347450506012,,,,,,,8.274183569068175,,,,,,15.660569223528796,,,,,,
1291,0.0,0.0,,,,,,,4.980428504757223,,,,,,0.0,,,,,,
1292,0.0,35.57219641929099,,,,,,,2.29150235109587,,,,,,13.492084115938772,,,,,,
1293,0.0,4.439915437568395,,,,,,,2.0956956867578507,,,,,,4.099719773693866,,,,,,
1294,3.048924092869573,13.492084115938772,,,,,,,7.565178155430798,,,,,,27.22288322454476,,,,,,
1295,2.29150235109587,4.099719773693866,,,,,,,8.894530707917577,,,,,,4.439915437568395,,,,,,
1296,0.0,32.96157240614849,,,,,,,7.70722884318748,,,,,,0.0926797102431434,,,,,,
1297,0.0,34.67400516709484,,,,,,,0.1196913799091976,,,,,,32.96157240614849,,,,,,
1298,0.0,22.33649443177427,,,,,,,0.0926797102431434,,,,,,10.347450506012,,,,,,
1299,3.1806734144966624,15.660569223528796,,,,,,,5.08335688941316,,,,,,3.048924092869573,,,,,,
1300,2.0956956867578507,8.712023740113676,,,,,,,2.199198743708845,,,,,,22.33649443177427,,,,,,
1301,0.0,27.22288322454476,,,,,,,4.980428504757223,,,,,,34.396724496310675,,,,,,
1302,0.0,3.048924092869573,,,,,,,0.0,,,,,,10.347450506012,,,,,,
1303,0.0,0.0926797102431434,,,,,,,0.1196913799091976,,,,,,0.0,,,,,,
1304,0.0,10.347450506012,,,,,,,8.712023740113676,,,,,,8.712023740113676,,,,,,
1305,0.0,13.492084115938772,,,,,,,4.439915437568395,,,,,,34.67400516709484,,,,,,
1306,0.0,34.396724496310675,,,,,,,4.357497648516051,,,,,,12.27871044879202,,,,,,
1307,0.0669467607792184,4.439915437568395,,,,,,,15.660569223528796,,,,,,0.0926797102431434,,,,,,
1308,2.844536548299099,34.67400516709484,,,,,,,0.0,,,,,,13.492084115938772,,,,,,
1309,2.9758561045830887,0.0,,,,,,,0.0,,,,,,3.048924092869573,,,,,,
1310,0.0,32.96157240614849,,,,,,,3.048924092869573,,,,,,4.439915437568395,,,,,,
1311,0.0,0.0926797102431434,,,,,,,4.099719773693866,,,,,,6.1102707250581405,,,,,,
1312,0.0,10.38547218765633,,,,,,,8.274183569068175,,,,,,27.22288322454476,,,,,,
1313,5.983319937924184,22.33649443177427,,,,,,,0.0,,,,,,15.660569223528796,,,,,,
1314,0.0,8.712023740113676,,,,,,,0.0,,,,,,4.099719773693866,,,,,,
1315,0.0,29.8928208075054,,,,,,,0.0280877934472444,,,,,,22.33649443177427,,,,,,
1316,0.0325314998532016,4.099719773693866,,,,,,,5.1396572837575984,,,,,,35.57219641929099,,,,,,
1317,0.0,15.660569223528796,,,,,,,0.0,,,,,,0.0,,,,,,
1318,3.462836647521672,3.048924092869573,,,,,,,6.52170685096182,,,,,,4.439915437568395,,,,,,
1319,0.0,34.396724496310675,,,,,,,11.204723685217274,,,,,,32.96157240614849,,,,,,
1320,6.311611898113961,8.712023740113676,,,,,,,3.1806734144966624,,,,,,8.712023740113676,,,,,,
1321,3.104505054985564,34.67400516709484,,,,,,,2.29150235109587,,,,,,22.33649443177427,,,,,,
1322,0.1196913799091976,4.439915437568395,,,,,,,2.0956956867578507,,,,,,27.22288322454476,,,,,,
1323,0.0926797102431434,0.0,,,,,,,7.565178155430798,,,,,,34.67400516709484,,,,,,
1324,2.3640131171754457,32.96157240614849,,,,,,,0.0926797102431434,,,,,,4.099719773693866,,,,,,
1325,2.199198743708845,4.099719773693866,,,,,,,5.08335688941316,,,,,,10.347450506012,,,,,,
1326,0.0,3.048924092869573,,,,,,,2.199198743708845,,,,,,15.660569223528796,,,,,,
1327,0.0,22.33649443177427,,,,,,,2.199198743708845,,,,,,13.492084115938772,,,,,,
1328,0.0926797102431434,15.660569223528796,,,,,,,2.29150235109587,,,,,,3.048924092869573,,,,,,
1329,0.0,13.492084115938772,,,,,,,8.712023740113676,,,,,,34.396724496310675,,,,,,
1330,0.0,27.22288322454476,,,,,,,4.439915437568395,,,,,,0.0926797102431434,,,,,,
1331,0.0,10.347450506012,,,,,,,8.894530707917577,,,,,,4.439915437568395,,,,,,
1332,0.0,0.0926797102431434,,,,,,,0.0,,,,,,3.048924092869573,,,,,,
1333,0.0,10.347450506012,,,,,,,0.0,,,,,,12.27871044879202,,,,,,
1334,2.0956956867578507,8.712023740113676,,,,,,,4.099719773693866,,,,,,8.712023740113676,,,,,,
1335,0.0,4.439915437568395,,,,,,,2.0956956867578507,,,,,,27.22288322454476,,,,,,
1336,0.0,0.0,,,,,,,0.0,,,,,,0.0,,,,,,
1337,0.0,4.099719773693866,,,,,,,0.0,,,,,,0.0926797102431434,,,,,,
1338,0.0,0.0926797102431434,,,,,,,0.0,,,,,,6.1102707250581405,,,,,,
1339,0.0280877934472444,22.33649443177427,,,,,,,4.980428504757223,,,,,,22.33649443177427,,,,,,
1340,0.0,15.660569223528796,,,,,,,0.0,,,,,,13.492084115938772,,,,,,
1341,3.462836647521672,29.8928208075054,,,,,,,7.70722884318748,,,,,,15.660569223528796,,,,,,
1342,2.9758561045830887,34.67400516709484,,,,,,,3.1806734144966624,,,,,,34.67400516709484,,,,,,
1343,0.0,13.492084115938772,,,,,,,4.357497648516051,,,,,,4.099719773693866,,,,,,
1344,0.0,32.96157240614849,,,,,,,7.565178155430798,,,,,,34.396724496310675,,,,,,
1345,0.0,3.048924092869573,,,,,,,3.048924092869573,,,,,,10.347450506012,,,,,,
1346,0.0,34.396724496310675,,,,,,,8.274183569068175,,,,,,4.439915437568395,,,,,,
1347,0.0669467607792184,34.67400516709484,,,,,,,6.52170685096182,,,,,,0.0,,,,,,
1348,0.0,10.347450506012,,,,,,,15.660569223528796,,,,,,34.67400516709484,,,,,,
1349,0.0,4.439915437568395,,,,,,,0.1196913799091976,,,,,,8.712023740113676,,,,,,
1350,3.1806734144966624,0.0,,,,,,,0.0926797102431434,,,,,,0.0926797102431434,,,,,,
1351,0.0,15.660569223528796,,,,,,,5.08335688941316,,,,,,6.099190994978948,,,,,,
1352,0.0,34.396724496310675,,,,,,,0.0280877934472444,,,,,,13.492084115938772,,,,,,
1353,0.0,0.0926797102431434,,,,,,,0.0280877934472444,,,,,,4.099719773693866,,,,,,
1354,0.0,22.33649443177427,,,,,,,5.1396572837575984,,,,,,12.27871044879202,,,,,,
1355,2.29150235109587,13.492084115938772,,,,,,,0.0,,,,,,27.22288322454476,,,,,,
1356,3.048924092869573,8.712023740113676,,,,,,,0.0926797102431434,,,,,,22.33649443177427,,,,,,
1357,5.983319937924184,4.099719773693866,,,,,,,3.1806734144966624,,,,,,3.048924092869573,,,,,,
1358,6.311611898113961,27.22288322454476,,,,,,,0.0,,,,,,15.660569223528796,,,,,,
1359,2.844536548299099,3.048924092869573,,,,,,,4.357497648516051,,,,,,34.396724496310675,,,,,,
1360,3.104505054985564,32.96157240614849,,,,,,,2.29150235109587,,,,,,10.347450506012,,,,,,
1361,0.1196913799091976,10.38547218765633,,,,,,,8.787753067226653,,,,,,0.0,,,,,,
1362,2.270403213518286,35.57219641929099,,,,,,,4.439915437568395,,,,,,4.439915437568395,,,,,,
1363,2.199198743708845,4.099719773693866,,,,,,,5.08335688941316,,,,,,8.712023740113676,,,,,,
1364,0.0325314998532016,4.439915437568395,,,,,,,8.274183569068175,,,,,,13.492084115938772,,,,,,
1365,6.311611898113961,8.712023740113676,,,,,,,0.0,,,,,,3.048924092869573,,,,,,
1366,0.0,0.0,,,,,,,0.0,,,,,,0.0926797102431434,,,,,,
1367,2.0956956867578507,3.048924092869573,,,,,,,0.0,,,,,,22.33649443177427,,,,,,
1368,0.0,0.0926797102431434,,,,,,,0.0,,,,,,34.67400516709484,,,,,,
1369,0.0,22.33649443177427,,,,,,,8.712023740113676,,,,,,10.347450506012,,,,,,
1370,2.9758561045830887,15.660569223528796,,,,,,,6.52170685096182,,,,,,4.099719773693866,,,,,,
1371,0.0,32.96157240614849,,,,,,,4.099719773693866,,,,,,32.96157240614849,,,,,,
1372,0.0926797102431434,38.88509720324353,,,,,,,3.048924092869573,,,,,,27.22288322454476,,,,,,
1373,0.0,27.22288322454476,,,,,,,2.199198743708845,,,,,,15.660569223528796,,,,,,
1374,3.048924092869573,13.492084115938772,,,,,,,2.0956956867578507,,,,,,34.396724496310675,,,,,,
1375,2.29150235109587,13.492084115938772,,,,,,,15.660569223528796,,,,,,34.67400516709484,,,,,,
1376,0.0,10.347450506012,,,,,,,9.739914662371811,,,,,,0.0,,,,,,
1377,0.0,8.712023740113676,,,,,,,0.1196913799091976,,,,,,4.439915437568395,,,,,,
1378,0.0,34.67400516709484,,,,,,,4.980879390250106,,,,,,13.492084115938772,,,,,,
1379,0.0,0.0,,,,,,,0.0,,,,,,22.33649443177427,,,,,,
1380,0.0,0.0926797102431434,,,,,,,4.439915437568395,,,,,,3.048924092869573,,,,,,
1381,0.0,3.048924092869573,,,,,,,4.357497648516051,,,,,,12.27871044879202,,,,,,
1382,0.0,4.439915437568395,,,,,,,0.0,,,,,,8.712023740113676,,,,,,
1383,0.0,15.660569223528796,,,,,,,2.29150235109587,,,,,,4.099719773693866,,,,,,
1384,5.983319937924184,51.60310123781711,,,,,,,0.0926797102431434,,,,,,27.22288322454476,,,,,,
1385,0.0,19.354451067867316,,,,,,,3.048924092869573,,,,,,15.660569223528796,,,,,,
1386,0.0,4.099719773693866,,,,,,,0.0,,,,,,34.396724496310675,,,,,,
1387,2.270403213518286,27.22288322454476,,,,,,,0.0,,,,,,0.0926797102431434,,,,,,
1388,3.462836647521672,22.33649443177427,,,,,,,0.0,,,,,,10.347450506012,,,,,,
1389,0.0669467607792184,8.712023740113676,,,,,,,0.0280877934472444,,,,,,6.099190994978948,,,,,,
1390,0.0,34.67400516709484,,,,,,,0.0,,,,,,0.0,,,,,,
1391,0.1196913799091976,4.439915437568395,,,,,,,3.1806734144966624,,,,,,35.57219641929099,,,,,,
1392,3.1806734144966624,15.660569223528796,,,,,,,8.712023740113676,,,,,,4.439915437568395,,,,,,
1393,0.0,27.22288322454476,,,,,,,0.1196913799091976,,,,,,13.492084115938772,,,,,,
1394,0.0,32.96157240614849,,,,,,,4.099719773693866,,,,,,4.099719773693866,,,,,,
1395,0.0325314998532016,0.0,,,,,,,4.980428504757223,,,,,,34.67400516709484,,,,,,
1396,0.0,3.048924092869573,,,,,,,8.894530707917577,,,,,,22.33649443177427,,,,,,
1397,1.3755487060531857,0.0926797102431434,,,,,,,8.274183569068175,,,,,,6.1102707250581405,,,,,,
1398,0.0,22.33649443177427,,,,,,,15.660569223528796,,,,,,15.660569223528796,,,,,,
1399,0.0,4.099719773693866,,,,,,,2.0956956867578507,,,,,,8.712023740113676,,,,,,
1400,0.0,13.492084115938772,,,,,,,6.52170685096182,,,,,,27.22288322454476,,,,,,
1401,2.199198743708845,35.57219641929099,,,,,,,7.70722884318748,,,,,,3.048924092869573,,,,,,
1402,5.214161531673639,10.347450506012,,,,,,,7.565178155430798,,,,,,0.0926797102431434,,,,,,
1403,0.0280877934472444,,,,,,,,5.08335688941316,,,,,,10.347450506012,,,,,,
1404,0.0669467607792184,,,,,,,,2.199198743708845,,,,,,12.27871044879202,,,,,,
1405,0.0,,,,,,,,2.199198743708845,,,,,,13.492084115938772,,,,,,
1406,5.983319937924184,,,,,,,,4.099719773693866,,,,,,5.08335688941316,,,,,,
1407,0.0,,,,,,,,4.357497648516051,,,,,,34.396724496310675,,,,,,
1408,0.0926797102431434,,,,,,,,0.0,,,,,,4.439915437568395,,,,,,
1409,0.0,,,,,,,,9.861577276201585,,,,,,34.67400516709484,,,,,,
1410,6.311611898113961,,,,,,,,3.048924092869573,,,,,,0.0,,,,,,
1411,0.0,,,,,,,,8.274183569068175,,,,,,0.0926797102431434,,,,,,
1412,2.9758561045830887,,,,,,,,4.439915437568395,,,,,,10.38547218765633,,,,,,
1413,0.0,,,,,,,,2.29150235109587,,,,,,22.33649443177427,,,,,,
1414,2.199198743708845,,,,,,,,0.0,,,,,,6.099190994978948,,,,,,
1415,0.0,,,,,,,,0.0,,,,,,8.712023740113676,,,,,,
1416,3.1806734144966624,,,,,,,,0.0,,,,,,10.719746131060525,,,,,,
1417,0.1196913799091976,,,,,,,,0.0,,,,,,12.27871044879202,,,,,,
1418,0.0,,,,,,,,0.0,,,,,,4.099719773693866,,,,,,
1419,0.0,,,,,,,,8.712023740113676,,,,,,15.660569223528796,,,,,,
1420,0.0,,,,,,,,5.08335688941316,,,,,,3.048924092869573,,,,,,
1421,0.0,,,,,,,,6.52170685096182,,,,,,34.396724496310675,,,,,,
1422,0.0,,,,,,,,3.1806734144966624,,,,,,8.712023740113676,,,,,,
1423,0.0,,,,,,,,4.980428504757223,,,,,,34.67400516709484,,,,,,
1424,0.0,,,,,,,,2.0956956867578507,,,,,,4.439915437568395,,,,,,
1425,0.0,,,,,,,,15.660569223528796,,,,,,0.0,,,,,,
1426,0.0,,,,,,,,20.564730892686686,,,,,,4.099719773693866,,,,,,
1427,0.0,,,,,,,,0.0926797102431434,,,,,,0.0926797102431434,,,,,,
1428,0.0,,,,,,,,0.1196913799091976,,,,,,22.33649443177427,,,,,,
1429,0.0,,,,,,,,0.0280877934472444,,,,,,6.099190994978948,,,,,,
1430,0.0,,,,,,,,3.048924092869573,,,,,,15.660569223528796,,,,,,
1431,0.0,,,,,,,,0.0,,,,,,12.27871044879202,,,,,,
1432,0.0,,,,,,,,0.0280877934472444,,,,,,13.492084115938772,,,,,,
1433,3.462836647521672,,,,,,,,0.0,,,,,,27.22288322454476,,,,,,
1434,0.0,,,,,,,,4.439915437568395,,,,,,10.347450506012,,,,,,
1435,3.048924092869573,,,,,,,,2.199198743708845,,,,,,3.048924092869573,,,,,,
1436,2.29150235109587,,,,,,,,0.0,,,,,,8.712023740113676,,,,,,
1437,2.0956956867578507,,,,,,,,6.52170685096182,,,,,,4.439915437568395,,,,,,
1438,2.844536548299099,,,,,,,,4.357497648516051,,,,,,27.22288322454476,,,,,,
1439,3.104505054985564,,,,,,,,2.0956956867578507,,,,,,0.0,,,,,,
1440,2.270403213518286,,,,,,,,0.0,,,,,,4.099719773693866,,,,,,
1441,0.0325314998532016,,,,,,,,0.0,,,,,,0.0926797102431434,,,,,,
1442,0.0280877934472444,,,,,,,,8.274183569068175,,,,,,22.33649443177427,,,,,,
1443,0.0,,,,,,,,0.0,,,,,,15.660569223528796,,,,,,
1444,0.0,,,,,,,,4.980428504757223,,,,,,34.67400516709484,,,,,,
1445,1.3755487060531857,,,,,,,,5.150291288737839,,,,,,13.492084115938772,,,,,,
1446,0.0,,,,,,,,2.29150235109587,,,,,,32.96157240614849,,,,,,
1447,0.0,,,,,,,,3.1806734144966624,,,,,,3.048924092869573,,,,,,
1448,0.0,,,,,,,,8.712023740113676,,,,,,34.396724496310675,,,,,,
1449,3.462836647521672,,,,,,,,4.099719773693866,,,,,,10.38547218765633,,,,,,
1450,0.0926797102431434,,,,,,,,15.660569223528796,,,,,,34.67400516709484,,,,,,
1451,0.0,,,,,,,,7.429721685072115,,,,,,10.347450506012,,,,,,
1452,0.0280877934472444,,,,,,,,7.70722884318748,,,,,,4.439915437568395,,,,,,
1453,0.0,,,,,,,,8.787753067226653,,,,,,0.0,,,,,,
1454,2.0956956867578507,,,,,,,,0.1196913799091976,,,,,,15.660569223528796,,,,,,
1455,0.0,,,,,,,,0.0926797102431434,,,,,,34.396724496310675,,,,,,
1456,5.983319937924184,,,,,,,,5.08335688941316,,,,,,0.0926797102431434,,,,,,
1457,5.214161531673639,,,,,,,,8.712023740113676,,,,,,22.33649443177427,,,,,,
1458,0.0,,,,,,,,4.357497648516051,,,,,,13.492084115938772,,,,,,
1459,0.0,,,,,,,,0.0926797102431434,,,,,,8.712023740113676,,,,,,
1460,0.0,,,,,,,,0.0,,,,,,4.099719773693866,,,,,,
1461,0.0,,,,,,,,2.235727304024508,,,,,,27.22288322454476,,,,,,
1462,0.0,,,,,,,,2.29150235109587,,,,,,3.048924092869573,,,,,,
1463,0.0,,,,,,,,3.1806734144966624,,,,,,12.27871044879202,,,,,,
1464,0.0,,,,,,,,4.439915437568395,,,,,,6.099190994978948,,,,,,
1465,0.0669467607792184,,,,,,,,0.0,,,,,,35.57219641929099,,,,,,
1466,2.29150235109587,,,,,,,,0.0,,,,,,4.099719773693866,,,,,,
1467,3.1806734144966624,,,,,,,,0.0,,,,,,4.439915437568395,,,,,,
1468,0.0,,,,,,,,0.0,,,,,,8.712023740113676,,,,,,
1469,0.0,,,,,,,,0.0,,,,,,12.27871044879202,,,,,,
1470,0.0,,,,,,,,7.70722884318748,,,,,,0.0,,,,,,
1471,0.0,,,,,,,,4.099719773693866,,,,,,3.048924092869573,,,,,,
1472,0.0,,,,,,,,4.980428504757223,,,,,,0.0926797102431434,,,,,,
1473,0.0,,,,,,,,8.274183569068175,,,,,,22.33649443177427,,,,,,
1474,2.9758561045830887,,,,,,,,6.52170685096182,,,,,,6.099190994978948,,,,,,
1475,2.270403213518286,,,,,,,,3.048924092869573,,,,,,0.0,,,,,,
1476,3.048924092869573,,,,,,,,2.0956956867578507,,,,,,15.660569223528796,,,,,,
1477,0.0,,,,,,,,15.660569223528796,,,,,,24.13542086332589,,,,,,
1478,6.311611898113961,,,,,,,,8.894530707917577,,,,,,27.22288322454476,,,,,,
1479,0.1196913799091976,,,,,,,,7.565178155430798,,,,,,13.492084115938772,,,,,,
1480,2.199198743708845,,,,,,,,0.1196913799091976,,,,,,10.347450506012,,,,,,
1481,0.0325314998532016,,,,,,,,0.0280877934472444,,,,,,13.492084115938772,,,,,,
1482,2.3640131171754457,,,,,,,,0.0,,,,,,10.347450506012,,,,,,
1483,0.0,,,,,,,,0.0,,,,,,8.712023740113676,,,,,,
1484,2.0956956867578507,,,,,,,,4.099719773693866,,,,,,34.67400516709484,,,,,,
1485,0.0,,,,,,,,8.712023740113676,,,,,,0.0,,,,,,
1486,3.1806734144966624,,,,,,,,0.0,,,,,,3.048924092869573,,,,,,
1487,0.0,,,,,,,,3.048924092869573,,,,,,4.439915437568395,,,,,,
1488,0.0,,,,,,,,0.0,,,,,,15.660569223528796,,,,,,
1489,0.0,,,,,,,,4.439915437568395,,,,,,6.099190994978948,,,,,,
1490,3.048924092869573,,,,,,,,0.0,,,,,,34.396724496310675,,,,,,
1491,0.0,,,,,,,,0.0,,,,,,4.099719773693866,,,,,,
1492,2.29150235109587,,,,,,,,3.1806734144966624,,,,,,27.22288322454476,,,,,,
1493,0.0,,,,,,,,4.980428504757223,,,,,,22.33649443177427,,,,,,
1494,2.844536548299099,,,,,,,,9.739914662371811,,,,,,0.0926797102431434,,,,,,
1495,0.0,,,,,,,,5.08335688941316,,,,,,12.27871044879202,,,,,,
1496,0.0,,,,,,,,4.357497648516051,,,,,,8.712023740113676,,,,,,
1497,0.0,,,,,,,,8.274183569068175,,,,,,34.67400516709484,,,,,,
1498,0.0280877934472444,,,,,,,,5.1396572837575984,,,,,,4.439915437568395,,,,,,
1499,3.462836647521672,,,,,,,,6.52170685096182,,,,,,15.660569223528796,,,,,,
1500,0.0,,,,,,,,2.29150235109587,,,,,,27.22288322454476,,,,,,
1501,5.983319937924184,,,,,,,,2.0956956867578507,,,,,,0.0,,,,,,
1502,0.0,,,,,,,,15.660569223528796,,,,,,3.048924092869573,,,,,,
1503,0.0,,,,,,,,8.787753067226653,,,,,,0.0926797102431434,,,,,,
1504,0.0,,,,,,,,0.1196913799091976,,,,,,22.33649443177427,,,,,,
1505,0.0,,,,,,,,0.0926797102431434,,,,,,6.099190994978948,,,,,,
1506,0.0,,,,,,,,2.199198743708845,,,,,,4.099719773693866,,,,,,
1507,0.0,,,,,,,,0.0280877934472444,,,,,,13.492084115938772,,,,,,
1508,0.0,,,,,,,,8.712023740113676,,,,,,35.57219641929099,,,,,,
1509,0.0,,,,,,,,2.199198743708845,,,,,,10.347450506012,,,,,,
1510,0.0,,,,,,,,0.0,,,,,,12.27871044879202,,,,,,
1511,3.104505054985564,,,,,,,,6.52170685096182,,,,,,,,,,,,
1512,0.0,,,,,,,,4.439915437568395,,,,,,,,,,,,
1513,0.0,,,,,,,,0.0,,,,,,,,,,,,
1514,2.9758561045830887,,,,,,,,0.0,,,,,,,,,,,,
1515,6.311611898113961,,,,,,,,2.29150235109587,,,,,,,,,,,,
1516,0.1196913799091976,,,,,,,,4.099719773693866,,,,,,,,,,,,
1517,0.0926797102431434,,,,,,,,3.1806734144966624,,,,,,,,,,,,
1518,0.0669467607792184,,,,,,,,0.0926797102431434,,,,,,,,,,,,
1519,2.199198743708845,,,,,,,,2.0956956867578507,,,,,,,,,,,,
1520,0.0325314998532016,,,,,,,,0.0,,,,,,,,,,,,
1521,3.318778464280774,,,,,,,,4.357497648516051,,,,,,,,,,,,
1522,0.0,,,,,,,,0.0280877934472444,,,,,,,,,,,,
1523,0.0,,,,,,,,0.0,,,,,,,,,,,,
1524,2.0956956867578507,,,,,,,,0.1196913799091976,,,,,,,,,,,,
1525,5.983319937924184,,,,,,,,0.0,,,,,,,,,,,,
1526,0.0,,,,,,,,7.429721685072115,,,,,,,,,,,,
1527,0.0,,,,,,,,4.980428504757223,,,,,,,,,,,,
1528,0.0,,,,,,,,8.274183569068175,,,,,,,,,,,,
1529,0.0,,,,,,,,3.048924092869573,,,,,,,,,,,,
1530,3.1806734144966624,,,,,,,,15.660569223528796,,,,,,,,,,,,
1531,0.0926797102431434,,,,,,,,8.787753067226653,,,,,,,,,,,,
1532,2.29150235109587,,,,,,,,7.70722884318748,,,,,,,,,,,,
1533,0.0,,,,,,,,5.08335688941316,,,,,,,,,,,,
1534,0.0,,,,,,,,11.204723685217274,,,,,,,,,,,,
1535,2.199198743708845,,,,,,,,8.712023740113676,,,,,,,,,,,,
1536,0.0,,,,,,,,4.439915437568395,,,,,,,,,,,,
1537,0.0,,,,,,,,0.0,,,,,,,,,,,,
1538,2.844536548299099,,,,,,,,0.0,,,,,,,,,,,,
1539,0.0,,,,,,,,0.0,,,,,,,,,,,,
1540,0.0,,,,,,,,6.52170685096182,,,,,,,,,,,,
1541,6.311611898113961,,,,,,,,2.29150235109587,,,,,,,,,,,,
1542,0.0,,,,,,,,3.048924092869573,,,,,,,,,,,,
1543,0.0,,,,,,,,2.0956956867578507,,,,,,,,,,,,
1544,0.0,,,,,,,,0.0,,,,,,,,,,,,
1545,0.0,,,,,,,,0.0,,,,,,,,,,,,
1546,0.0,,,,,,,,4.357497648516051,,,,,,,,,,,,
1547,3.462836647521672,,,,,,,,3.1806734144966624,,,,,,,,,,,,
1548,0.0,,,,,,,,15.660569223528796,,,,,,,,,,,,
1549,0.0,,,,,,,,0.0,,,,,,,,,,,,
1550,0.0,,,,,,,,8.274183569068175,,,,,,,,,,,,
1551,0.0,,,,,,,,0.1196913799091976,,,,,,,,,,,,
1552,0.0,,,,,,,,4.099719773693866,,,,,,,,,,,,
1553,3.048924092869573,,,,,,,,4.980428504757223,,,,,,,,,,,,
1554,2.9758561045830887,,,,,,,,5.1396572837575984,,,,,,,,,,,,
1555,0.1196913799091976,,,,,,,,7.565178155430798,,,,,,,,,,,,
1556,2.270403213518286,,,,,,,,0.0926797102431434,,,,,,,,,,,,
1557,0.0669467607792184,,,,,,,,5.08335688941316,,,,,,,,,,,,
1558,0.0325314998532016,,,,,,,,2.199198743708845,,,,,,,,,,,,
1559,0.0280877934472444,,,,,,,,0.0280877934472444,,,,,,,,,,,,
1560,2.235727304024508,,,,,,,,2.29150235109587,,,,,,,,,,,,
1561,0.0,,,,,,,,15.660569223528796,,,,,,,,,,,,
1562,0.0,,,,,,,,0.0,,,,,,,,,,,,
1563,3.1806734144966624,,,,,,,,4.439915437568395,,,,,,,,,,,,
1564,0.0,,,,,,,,9.739914662371811,,,,,,,,,,,,
1565,2.29150235109587,,,,,,,,3.048924092869573,,,,,,,,,,,,
1566,0.0325314998532016,,,,,,,,0.0,,,,,,,,,,,,
1567,0.0926797102431434,,,,,,,,0.0926797102431434,,,,,,,,,,,,
1568,3.048924092869573,,,,,,,,0.0,,,,,,,,,,,,
1569,0.0,,,,,,,,3.1806734144966624,,,,,,,,,,,,
1570,0.0,,,,,,,,2.0956956867578507,,,,,,,,,,,,
1571,0.0,,,,,,,,8.712023740113676,,,,,,,,,,,,
1572,0.0,,,,,,,,5.1396572837575984,,,,,,,,,,,,
1573,0.0,,,,,,,,0.0,,,,,,,,,,,,
1574,0.0,,,,,,,,0.0,,,,,,,,,,,,
1575,0.0669467607792184,,,,,,,,0.0,,,,,,,,,,,,
1576,0.0280877934472444,,,,,,,,6.52170685096182,,,,,,,,,,,,
1577,0.0,,,,,,,,4.099719773693866,,,,,,,,,,,,
1578,0.0,,,,,,,,4.980428504757223,,,,,,,,,,,,
1579,0.0,,,,,,,,4.357497648516051,,,,,,,,,,,,
1580,0.0,,,,,,,,8.274183569068175,,,,,,,,,,,,
1581,0.0,,,,,,,,8.787753067226653,,,,,,,,,,,,
1582,2.9758561045830887,,,,,,,,0.1196913799091976,,,,,,,,,,,,
1583,0.0,,,,,,,,5.08335688941316,,,,,,,,,,,,
1584,0.0,,,,,,,,2.199198743708845,,,,,,,,,,,,
1585,0.0,,,,,,,,0.0280877934472444,,,,,,,,,,,,
1586,0.0,,,,,,,,2.29150235109587,,,,,,,,,,,,
1587,5.983319937924184,,,,,,,,8.712023740113676,,,,,,,,,,,,
1588,6.311611898113961,,,,,,,,15.660569223528796,,,,,,,,,,,,
1589,0.0,,,,,,,,4.439915437568395,,,,,,,,,,,,
1590,3.462836647521672,,,,,,,,0.0,,,,,,,,,,,,
1591,0.0,,,,,,,,3.048924092869573,,,,,,,,,,,,
1592,0.0,,,,,,,,0.0,,,,,,,,,,,,
1593,0.0,,,,,,,,2.0956956867578507,,,,,,,,,,,,
1594,2.270403213518286,,,,,,,,0.0,,,,,,,,,,,,
1595,2.0956956867578507,,,,,,,,0.0,,,,,,,,,,,,
1596,3.104505054985564,,,,,,,,3.1806734144966624,,,,,,,,,,,,
1597,2.844536548299099,,,,,,,,0.0,,,,,,,,,,,,
1598,0.1196913799091976,,,,,,,,0.0280877934472444,,,,,,,,,,,,
1599,0.0,,,,,,,,0.0,,,,,,,,,,,,
1600,0.0,,,,,,,,5.1396572837575984,,,,,,,,,,,,
1601,0.0,,,,,,,,4.357497648516051,,,,,,,,,,,,
1602,0.0,,,,,,,,4.980428504757223,,,,,,,,,,,,
1603,3.1806734144966624,,,,,,,,4.099719773693866,,,,,,,,,,,,
1604,0.0,,,,,,,,8.274183569068175,,,,,,,,,,,,
1605,0.0,,,,,,,,0.1196913799091976,,,,,,,,,,,,
1606,2.29150235109587,,,,,,,,6.52170685096182,,,,,,,,,,,,
1607,0.0,,,,,,,,2.199198743708845,,,,,,,,,,,,
1608,0.0,,,,,,,,9.739914662371811,,,,,,,,,,,,
1609,0.0,,,,,,,,8.787753067226653,,,,,,,,,,,,
1610,0.0280877934472444,,,,,,,,0.0926797102431434,,,,,,,,,,,,
1611,2.0956956867578507,,,,,,,,5.08335688941316,,,,,,,,,,,,
1612,0.0,,,,,,,,2.29150235109587,,,,,,,,,,,,
1613,0.0669467607792184,,,,,,,,0.0,,,,,,,,,,,,
1614,0.0,,,,,,,,4.439915437568395,,,,,,,,,,,,
1615,0.0,,,,,,,,15.660569223528796,,,,,,,,,,,,
1616,0.0,,,,,,,,4.357497648516051,,,,,,,,,,,,
1617,2.9758561045830887,,,,,,,,0.0,,,,,,,,,,,,
1618,2.844536548299099,,,,,,,,4.099719773693866,,,,,,,,,,,,
1619,0.0,,,,,,,,0.0926797102431434,,,,,,,,,,,,
1620,0.0,,,,,,,,3.1806734144966624,,,,,,,,,,,,
1621,0.0,,,,,,,,0.0,,,,,,,,,,,,
1622,0.0,,,,,,,,2.0956956867578507,,,,,,,,,,,,
1623,0.0,,,,,,,,0.0,,,,,,,,,,,,
1624,3.462836647521672,,,,,,,,4.980879390250106,,,,,,,,,,,,
1625,0.0,,,,,,,,0.0280877934472444,,,,,,,,,,,,
1626,0.0,,,,,,,,0.0,,,,,,,,,,,,
1627,0.0,,,,,,,,0.0,,,,,,,,,,,,
1628,0.0,,,,,,,,8.712023740113676,,,,,,,,,,,,
1629,5.983319937924184,,,,,,,,8.274183569068175,,,,,,,,,,,,
1630,6.311611898113961,,,,,,,,6.52170685096182,,,,,,,,,,,,
1631,3.048924092869573,,,,,,,,3.048924092869573,,,,,,,,,,,,
1632,3.104505054985564,,,,,,,,9.739914662371811,,,,,,,,,,,,
1633,0.1196913799091976,,,,,,,,5.1396572837575984,,,,,,,,,,,,
1634,0.0926797102431434,,,,,,,,8.787753067226653,,,,,,,,,,,,
1635,2.270403213518286,,,,,,,,0.1196913799091976,,,,,,,,,,,,
1636,2.199198743708845,,,,,,,,5.08335688941316,,,,,,,,,,,,
1637,0.0325314998532016,,,,,,,,2.199198743708845,,,,,,,,,,,,
1638,0.0,,,,,,,,0.0,,,,,,,,,,,,
1639,0.0,,,,,,,,8.712023740113676,,,,,,,,,,,,
1640,0.0,,,,,,,,4.439915437568395,,,,,,,,,,,,
1641,0.0,,,,,,,,0.0,,,,,,,,,,,,
1642,0.0,,,,,,,,6.52170685096182,,,,,,,,,,,,
1643,0.0,,,,,,,,0.0,,,,,,,,,,,,
1644,2.29150235109587,,,,,,,,3.1806734144966624,,,,,,,,,,,,
1645,0.0,,,,,,,,4.099719773693866,,,,,,,,,,,,
1646,3.1806734144966624,,,,,,,,2.29150235109587,,,,,,,,,,,,
1647,2.0956956867578507,,,,,,,,0.0,,,,,,,,,,,,
1648,0.0,,,,,,,,0.0,,,,,,,,,,,,
1649,0.0,,,,,,,,0.0,,,,,,,,,,,,
1650,0.0,,,,,,,,8.274183569068175,,,,,,,,,,,,
1651,2.9758561045830887,,,,,,,,0.0280877934472444,,,,,,,,,,,,
1652,0.0,,,,,,,,0.1196913799091976,,,,,,,,,,,,
1653,0.0,,,,,,,,4.357497648516051,,,,,,,,,,,,
1654,0.0,,,,,,,,4.980428504757223,,,,,,,,,,,,
1655,0.0280877934472444,,,,,,,,2.199198743708845,,,,,,,,,,,,
1656,0.0,,,,,,,,3.048924092869573,,,,,,,,,,,,
1657,0.0,,,,,,,,15.660569223528796,,,,,,,,,,,,
1658,0.0,,,,,,,,2.0956956867578507,,,,,,,,,,,,
1659,0.0,,,,,,,,7.565178155430798,,,,,,,,,,,,
1660,0.0,,,,,,,,8.894530707917577,,,,,,,,,,,,
1661,0.0,,,,,,,,7.70722884318748,,,,,,,,,,,,
1662,0.0,,,,,,,,0.0926797102431434,,,,,,,,,,,,
1663,0.0,,,,,,,,5.08335688941316,,,,,,,,,,,,
1664,0.1196913799091976,,,,,,,,0.0280877934472444,,,,,,,,,,,,
1665,0.0325314998532016,,,,,,,,0.0,,,,,,,,,,,,
1666,3.462836647521672,,,,,,,,0.0,,,,,,,,,,,,
1667,0.0,,,,,,,,4.099719773693866,,,,,,,,,,,,
1668,3.048924092869573,,,,,,,,4.980428504757223,,,,,,,,,,,,
1669,5.983319937924184,,,,,,,,0.0,,,,,,,,,,,,
1670,6.311611898113961,,,,,,,,4.439915437568395,,,,,,,,,,,,
1671,1.3755487060531857,,,,,,,,3.1806734144966624,,,,,,,,,,,,
1672,5.214161531673639,,,,,,,,5.08335688941316,,,,,,,,,,,,
1673,0.0926797102431434,,,,,,,,0.0,,,,,,,,,,,,
1674,2.270403213518286,,,,,,,,11.204723685217274,,,,,,,,,,,,
1675,0.0669467607792184,,,,,,,,0.1196913799091976,,,,,,,,,,,,
1676,2.199198743708845,,,,,,,,0.0,,,,,,,,,,,,
1677,2.29150235109587,,,,,,,,8.712023740113676,,,,,,,,,,,,
1678,0.0669467607792184,,,,,,,,0.0,,,,,,,,,,,,
1679,0.0,,,,,,,,4.357497648516051,,,,,,,,,,,,
1680,0.0,,,,,,,,6.52170685096182,,,,,,,,,,,,
1681,0.0926797102431434,,,,,,,,8.274183569068175,,,,,,,,,,,,
1682,0.0,,,,,,,,2.29150235109587,,,,,,,,,,,,
1683,0.0,,,,,,,,3.048924092869573,,,,,,,,,,,,
1684,0.0,,,,,,,,2.199198743708845,,,,,,,,,,,,
1685,3.048924092869573,,,,,,,,15.660569223528796,,,,,,,,,,,,
1686,3.1806734144966624,,,,,,,,5.1396572837575984,,,,,,,,,,,,
1687,0.0,,,,,,,,2.0956956867578507,,,,,,,,,,,,
1688,2.0956956867578507,,,,,,,,7.565178155430798,,,,,,,,,,,,
1689,0.0,,,,,,,,0.0926797102431434,,,,,,,,,,,,
1690,0.0,,,,,,,,0.1196913799091976,,,,,,,,,,,,
1691,0.0,,,,,,,,15.660569223528796,,,,,,,,,,,,
1692,0.0,,,,,,,,4.439915437568395,,,,,,,,,,,,
1693,6.311611898113961,,,,,,,,0.0,,,,,,,,,,,,
1694,0.0,,,,,,,,2.0956956867578507,,,,,,,,,,,,
1695,0.0,,,,,,,,2.199198743708845,,,,,,,,,,,,
1696,0.0,,,,,,,,6.52170685096182,,,,,,,,,,,,
1697,0.0,,,,,,,,0.0926797102431434,,,,,,,,,,,,
1698,0.0,,,,,,,,0.0,,,,,,,,,,,,
1699,0.0,,,,,,,,3.1806734144966624,,,,,,,,,,,,
1700,0.0,,,,,,,,8.712023740113676,,,,,,,,,,,,
1701,0.0,,,,,,,,0.0,,,,,,,,,,,,
1702,0.0,,,,,,,,0.0,,,,,,,,,,,,
1703,2.199198743708845,,,,,,,,0.0,,,,,,,,,,,,
1704,0.0,,,,,,,,2.29150235109587,,,,,,,,,,,,
1705,2.9758561045830887,,,,,,,,0.0,,,,,,,,,,,,
1706,0.0,,,,,,,,4.099719773693866,,,,,,,,,,,,
1707,0.0,,,,,,,,4.357497648516051,,,,,,,,,,,,
1708,3.462836647521672,,,,,,,,4.980428504757223,,,,,,,,,,,,
1709,5.983319937924184,,,,,,,,8.274183569068175,,,,,,,,,,,,
1710,5.214161531673639,,,,,,,,3.048924092869573,,,,,,,,,,,,
1711,1.3755487060531857,,,,,,,,5.1396572837575984,,,,,,,,,,,,
1712,0.1196913799091976,,,,,,,,9.739914662371811,,,,,,,,,,,,
1713,2.270403213518286,,,,,,,,8.787753067226653,,,,,,,,,,,,
1714,0.0325314998532016,,,,,,,,5.08335688941316,,,,,,,,,,,,
1715,0.0280877934472444,,,,,,,,0.0280877934472444,,,,,,,,,,,,
1716,0.0,,,,,,,,5.08335688941316,,,,,,,,,,,,
1717,2.199198743708845,,,,,,,,4.980428504757223,,,,,,,,,,,,
1718,0.0,,,,,,,,0.0,,,,,,,,,,,,
1719,0.0,,,,,,,,15.660569223528796,,,,,,,,,,,,
1720,0.0669467607792184,,,,,,,,2.29150235109587,,,,,,,,,,,,
1721,0.0,,,,,,,,2.199198743708845,,,,,,,,,,,,
1722,0.0,,,,,,,,0.0926797102431434,,,,,,,,,,,,
1723,0.0,,,,,,,,2.0956956867578507,,,,,,,,,,,,
1724,3.462836647521672,,,,,,,,0.0,,,,,,,,,,,,
1725,0.0325314998532016,,,,,,,,0.0,,,,,,,,,,,,
1726,3.048924092869573,,,,,,,,4.439915437568395,,,,,,,,,,,,
1727,0.0,,,,,,,,0.0,,,,,,,,,,,,
1728,0.0,,,,,,,,3.1806734144966624,,,,,,,,,,,,
1729,0.0,,,,,,,,8.787753067226653,,,,,,,,,,,,
1730,0.0,,,,,,,,0.0,,,,,,,,,,,,
1731,0.0,,,,,,,,8.274183569068175,,,,,,,,,,,,
1732,2.9758561045830887,,,,,,,,8.712023740113676,,,,,,,,,,,,
1733,0.0,,,,,,,,0.0,,,,,,,,,,,,
1734,0.0,,,,,,,,6.52170685096182,,,,,,,,,,,,
1735,2.270403213518286,,,,,,,,9.739914662371811,,,,,,,,,,,,
1736,0.0,,,,,,,,0.1196913799091976,,,,,,,,,,,,
1737,0.0,,,,,,,,4.099719773693866,,,,,,,,,,,,
1738,2.29150235109587,,,,,,,,4.357497648516051,,,,,,,,,,,,
1739,3.1806734144966624,,,,,,,,3.048924092869573,,,,,,,,,,,,
1740,0.0,,,,,,,,5.1396572837575984,,,,,,,,,,,,
1741,0.0,,,,,,,,0.0280877934472444,,,,,,,,,,,,
1742,0.0,,,,,,,,2.199198743708845,,,,,,,,,,,,
1743,0.0,,,,,,,,4.357497648516051,,,,,,,,,,,,
1744,0.0,,,,,,,,0.0280877934472444,,,,,,,,,,,,
1745,0.0,,,,,,,,5.08335688941316,,,,,,,,,,,,
1746,0.0,,,,,,,,4.439915437568395,,,,,,,,,,,,
1747,2.0956956867578507,,,,,,,,0.0,,,,,,,,,,,,
1748,5.983319937924184,,,,,,,,4.099719773693866,,,,,,,,,,,,
1749,3.104505054985564,,,,,,,,0.0926797102431434,,,,,,,,,,,,
1750,6.311611898113961,,,,,,,,3.048924092869573,,,,,,,,,,,,
1751,2.844536548299099,,,,,,,,0.0,,,,,,,,,,,,
1752,0.1196913799091976,,,,,,,,2.29150235109587,,,,,,,,,,,,
1753,0.0926797102431434,,,,,,,,0.0,,,,,,,,,,,,
1754,0.0280877934472444,,,,,,,,2.0956956867578507,,,,,,,,,,,,
1755,0.0,,,,,,,,0.0,,,,,,,,,,,,
1756,0.0,,,,,,,,3.1806734144966624,,,,,,,,,,,,
1757,0.0,,,,,,,,0.0,,,,,,,,,,,,
1758,2.9758561045830887,,,,,,,,11.204723685217274,,,,,,,,,,,,
1759,3.1806734144966624,,,,,,,,0.0,,,,,,,,,,,,
1760,0.0,,,,,,,,8.712023740113676,,,,,,,,,,,,
1761,0.0,,,,,,,,0.1196913799091976,,,,,,,,,,,,
1762,0.0,,,,,,,,6.52170685096182,,,,,,,,,,,,
1763,2.29150235109587,,,,,,,,4.980428504757223,,,,,,,,,,,,
1764,6.311611898113961,,,,,,,,8.274183569068175,,,,,,,,,,,,
1765,3.048924092869573,,,,,,,,15.660569223528796,,,,,,,,,,,,
1766,2.0956956867578507,,,,,,,,5.1396572837575984,,,,,,,,,,,,
1767,0.0,,,,,,,,7.565178155430798,,,,,,,,,,,,
1768,0.0669467607792184,,,,,,,,2.29150235109587,,,,,,,,,,,,
1769,0.0,,,,,,,,0.0,,,,,,,,,,,,
1770,0.0,,,,,,,,8.712023740113676,,,,,,,,,,,,
1771,0.0,,,,,,,,2.0956956867578507,,,,,,,,,,,,
1772,0.0,,,,,,,,0.0,,,,,,,,,,,,
1773,0.0,,,,,,,,0.0926797102431434,,,,,,,,,,,,
1774,0.0280877934472444,,,,,,,,0.0,,,,,,,,,,,,
1775,3.462836647521672,,,,,,,,4.099719773693866,,,,,,,,,,,,
1776,0.0,,,,,,,,4.439915437568395,,,,,,,,,,,,
1777,0.0325314998532016,,,,,,,,0.0,,,,,,,,,,,,
1778,0.0,,,,,,,,3.1806734144966624,,,,,,,,,,,,
1779,0.0,,,,,,,,9.739914662371811,,,,,,,,,,,,
1780,0.0,,,,,,,,0.0,,,,,,,,,,,,
1781,0.0,,,,,,,,0.0,,,,,,,,,,,,
1782,0.0,,,,,,,,6.52170685096182,,,,,,,,,,,,
1783,0.1196913799091976,,,,,,,,8.274183569068175,,,,,,,,,,,,
1784,0.0,,,,,,,,0.0280877934472444,,,,,,,,,,,,
1785,0.0,,,,,,,,15.660569223528796,,,,,,,,,,,,
1786,0.0,,,,,,,,5.1396572837575984,,,,,,,,,,,,
1787,0.0,,,,,,,,0.1196913799091976,,,,,,,,,,,,
1788,3.104505054985564,,,,,,,,4.357497648516051,,,,,,,,,,,,
1789,2.199198743708845,,,,,,,,4.980428504757223,,,,,,,,,,,,
1790,5.983319937924184,,,,,,,,3.048924092869573,,,,,,,,,,,,
1791,2.844536548299099,,,,,,,,8.787753067226653,,,,,,,,,,,,
1792,0.0926797102431434,,,,,,,,5.08335688941316,,,,,,,,,,,,
1793,2.3640131171754457,,,,,,,,2.199198743708845,,,,,,,,,,,,
1794,0.0,,,,,,,,0.0,,,,,,,,,,,,
1795,0.0,,,,,,,,4.439915437568395,,,,,,,,,,,,
1796,0.0,,,,,,,,0.0,,,,,,,,,,,,
1797,0.0,,,,,,,,3.1806734144966624,,,,,,,,,,,,
1798,0.0,,,,,,,,2.0956956867578507,,,,,,,,,,,,
1799,0.0,,,,,,,,8.712023740113676,,,,,,,,,,,,
1800,6.311611898113961,,,,,,,,6.52170685096182,,,,,,,,,,,,
1801,2.29150235109587,,,,,,,,0.0,,,,,,,,,,,,
1802,0.0,,,,,,,,0.1196913799091976,,,,,,,,,,,,
1803,0.0,,,,,,,,0.0,,,,,,,,,,,,
1804,0.0,,,,,,,,0.0,,,,,,,,,,,,
1805,0.0,,,,,,,,4.980428504757223,,,,,,,,,,,,
1806,0.0,,,,,,,,0.0,,,,,,,,,,,,
1807,0.0,,,,,,,,4.357497648516051,,,,,,,,,,,,
1808,0.0,,,,,,,,4.099719773693866,,,,,,,,,,,,
1809,0.0669467607792184,,,,,,,,8.274183569068175,,,,,,,,,,,,
1810,0.0,,,,,,,,2.29150235109587,,,,,,,,,,,,
1811,5.983319937924184,,,,,,,,3.048924092869573,,,,,,,,,,,,
1812,2.9758561045830887,,,,,,,,15.660569223528796,,,,,,,,,,,,
1813,0.0,,,,,,,,9.739914662371811,,,,,,,,,,,,
1814,0.0,,,,,,,,5.1396572837575984,,,,,,,,,,,,
1815,0.0,,,,,,,,8.787753067226653,,,,,,,,,,,,
1816,0.0,,,,,,,,0.0926797102431434,,,,,,,,,,,,
1817,2.844536548299099,,,,,,,,5.08335688941316,,,,,,,,,,,,
1818,3.1806734144966624,,,,,,,,2.199198743708845,,,,,,,,,,,,
1819,0.0,,,,,,,,0.0280877934472444,,,,,,,,,,,,
1820,0.0325314998532016,,,,,,,,6.52170685096182,,,,,,,,,,,,
1821,3.462836647521672,,,,,,,,4.357497648516051,,,,,,,,,,,,
1822,0.0,,,,,,,,0.0,,,,,,,,,,,,
1823,0.0,,,,,,,,0.0,,,,,,,,,,,,
1824,0.0,,,,,,,,3.048924092869573,,,,,,,,,,,,
1825,3.048924092869573,,,,,,,,2.29150235109587,,,,,,,,,,,,
1826,2.0956956867578507,,,,,,,,0.0,,,,,,,,,,,,
1827,3.104505054985564,,,,,,,,4.439915437568395,,,,,,,,,,,,
1828,0.1196913799091976,,,,,,,,0.0,,,,,,,,,,,,
1829,0.0926797102431434,,,,,,,,8.712023740113676,,,,,,,,,,,,
1830,2.270403213518286,,,,,,,,4.980879390250106,,,,,,,,,,,,
1831,2.199198743708845,,,,,,,,0.0,,,,,,,,,,,,
1832,0.0280877934472444,,,,,,,,0.0,,,,,,,,,,,,
1833,0.0,,,,,,,,5.08335688941316,,,,,,,,,,,,
1834,2.844536548299099,,,,,,,,15.660569223528796,,,,,,,,,,,,
1835,0.0,,,,,,,,3.1806734144966624,,,,,,,,,,,,
1836,0.0325314998532016,,,,,,,,4.099719773693866,,,,,,,,,,,,
1837,3.1806734144966624,,,,,,,,8.274183569068175,,,,,,,,,,,,
1838,0.0,,,,,,,,2.0956956867578507,,,,,,,,,,,,
1839,2.0956956867578507,,,,,,,,8.894530707917577,,,,,,,,,,,,
1840,0.0,,,,,,,,7.565178155430798,,,,,,,,,,,,
1841,0.0,,,,,,,,7.70722884318748,,,,,,,,,,,,
1842,2.29150235109587,,,,,,,,0.1196913799091976,,,,,,,,,,,,
1843,3.048924092869573,,,,,,,,0.0926797102431434,,,,,,,,,,,,
1844,0.0,,,,,,,,2.199198743708845,,,,,,,,,,,,
1845,0.0,,,,,,,,0.0280877934472444,,,,,,,,,,,,
1846,0.0,,,,,,,,0.0,,,,,,,,,,,,
1847,0.0280877934472444,,,,,,,,0.0,,,,,,,,,,,,
1848,5.983319937924184,,,,,,,,4.439915437568395,,,,,,,,,,,,
1849,0.0,,,,,,,,15.660569223528796,,,,,,,,,,,,
1850,0.0,,,,,,,,4.099719773693866,,,,,,,,,,,,
1851,3.104505054985564,,,,,,,,5.08335688941316,,,,,,,,,,,,
1852,0.0,,,,,,,,0.0,,,,,,,,,,,,
1853,0.0,,,,,,,,3.048924092869573,,,,,,,,,,,,
1854,0.0,,,,,,,,0.0926797102431434,,,,,,,,,,,,
1855,0.0,,,,,,,,0.0,,,,,,,,,,,,
1856,0.0,,,,,,,,2.0956956867578507,,,,,,,,,,,,
1857,0.0,,,,,,,,3.1806734144966624,,,,,,,,,,,,
1858,0.0,,,,,,,,8.712023740113676,,,,,,,,,,,,
1859,0.0,,,,,,,,4.357497648516051,,,,,,,,,,,,
1860,0.0,,,,,,,,0.0,,,,,,,,,,,,
1861,0.0,,,,,,,,4.980428504757223,,,,,,,,,,,,
1862,3.462836647521672,,,,,,,,0.0,,,,,,,,,,,,
1863,0.0,,,,,,,,0.0280877934472444,,,,,,,,,,,,
1864,0.0,,,,,,,,8.274183569068175,,,,,,,,,,,,
1865,2.9758561045830887,,,,,,,,2.29150235109587,,,,,,,,,,,,
1866,2.270403213518286,,,,,,,,6.52170685096182,,,,,,,,,,,,
1867,6.311611898113961,,,,,,,,11.204723685217274,,,,,,,,,,,,
1868,0.1196913799091976,,,,,,,,7.565178155430798,,,,,,,,,,,,
1869,0.0926797102431434,,,,,,,,5.1396572837575984,,,,,,,,,,,,
1870,0.0669467607792184,,,,,,,,0.1196913799091976,,,,,,,,,,,,
1871,2.199198743708845,,,,,,,,2.199198743708845,,,,,,,,,,,,
1872,0.0,,,,,,,,4.439915437568395,,,,,,,,,,,,
1873,2.844536548299099,,,,,,,,9.739914662371811,,,,,,,,,,,,
1874,0.0,,,,,,,,3.1806734144966624,,,,,,,,,,,,
1875,3.1806734144966624,,,,,,,,0.0280877934472444,,,,,,,,,,,,
1876,0.0,,,,,,,,0.0,,,,,,,,,,,,
1877,0.0926797102431434,,,,,,,,2.29150235109587,,,,,,,,,,,,
1878,0.0,,,,,,,,3.048924092869573,,,,,,,,,,,,
1879,2.29150235109587,,,,,,,,0.0,,,,,,,,,,,,
1880,0.0,,,,,,,,0.0,,,,,,,,,,,,
1881,2.199198743708845,,,,,,,,8.712023740113676,,,,,,,,,,,,
1882,0.0,,,,,,,,0.0,,,,,,,,,,,,
1883,0.0,,,,,,,,6.52170685096182,,,,,,,,,,,,
1884,0.0,,,,,,,,0.0,,,,,,,,,,,,
1885,0.0,,,,,,,,0.0,,,,,,,,,,,,
1886,0.0,,,,,,,,15.660569223528796,,,,,,,,,,,,
1887,0.0,,,,,,,,5.1396572837575984,,,,,,,,,,,,
1888,0.0,,,,,,,,4.099719773693866,,,,,,,,,,,,
1889,0.0,,,,,,,,4.357497648516051,,,,,,,,,,,,
1890,0.0669467607792184,,,,,,,,8.274183569068175,,,,,,,,,,,,
1891,2.9758561045830887,,,,,,,,2.0956956867578507,,,,,,,,,,,,
1892,0.0,,,,,,,,8.787753067226653,,,,,,,,,,,,
1893,0.0,,,,,,,,0.1196913799091976,,,,,,,,,,,,
1894,0.0,,,,,,,,0.0926797102431434,,,,,,,,,,,,
1895,0.0,,,,,,,,5.150291288737839,,,,,,,,,,,,
1896,5.983319937924184,,,,,,,,2.199198743708845,,,,,,,,,,,,
1897,0.0325314998532016,,,,,,,,5.045040618970746,,,,,,,,,,,,
1898,0.0,,,,,,,,8.274183569068175,,,,,,,,,,,,
1899,0.0,,,,,,,,8.712023740113676,,,,,,,,,,,,
1900,0.0,,,,,,,,15.660569223528796,,,,,,,,,,,,
1901,3.462836647521672,,,,,,,,4.357497648516051,,,,,,,,,,,,
1902,2.270403213518286,,,,,,,,0.0,,,,,,,,,,,,
1903,0.0,,,,,,,,0.0926797102431434,,,,,,,,,,,,
1904,0.0,,,,,,,,4.099719773693866,,,,,,,,,,,,
1905,3.048924092869573,,,,,,,,4.439915437568395,,,,,,,,,,,,
1906,2.0956956867578507,,,,,,,,3.048924092869573,,,,,,,,,,,,
1907,6.311611898113961,,,,,,,,2.0956956867578507,,,,,,,,,,,,
1908,3.104505054985564,,,,,,,,0.0,,,,,,,,,,,,
1909,0.1196913799091976,,,,,,,,3.1806734144966624,,,,,,,,,,,,
1910,0.0280877934472444,,,,,,,,2.29150235109587,,,,,,,,,,,,
1911,0.0,,,,,,,,0.0280877934472444,,,,,,,,,,,,
1912,0.0,,,,,,,,0.0,,,,,,,,,,,,
1913,0.0,,,,,,,,0.0,,,,,,,,,,,,
1914,0.0,,,,,,,,0.0,,,,,,,,,,,,
1915,0.0,,,,,,,,0.0,,,,,,,,,,,,
1916,0.0,,,,,,,,6.52170685096182,,,,,,,,,,,,
1917,0.0,,,,,,,,0.1196913799091976,,,,,,,,,,,,
1918,0.0,,,,,,,,7.429721685072115,,,,,,,,,,,,
1919,3.048924092869573,,,,,,,,7.70722884318748,,,,,,,,,,,,
1920,0.0,,,,,,,,8.787753067226653,,,,,,,,,,,,
1921,0.0325314998532016,,,,,,,,5.150291288737839,,,,,,,,,,,,
1922,0.0,,,,,,,,2.199198743708845,,,,,,,,,,,,
1923,3.1806734144966624,,,,,,,,4.980879390250106,,,,,,,,,,,,
1924,0.0280877934472444,,,,,,,,0.1196913799091976,,,,,,,,,,,,
1925,0.0,,,,,,,,3.1806734144966624,,,,,,,,,,,,
1926,0.0,,,,,,,,0.0,,,,,,,,,,,,
1927,0.0,,,,,,,,2.0956956867578507,,,,,,,,,,,,
1928,0.0,,,,,,,,0.0,,,,,,,,,,,,
1929,5.983319937924184,,,,,,,,8.712023740113676,,,,,,,,,,,,
1930,0.0,,,,,,,,4.439915437568395,,,,,,,,,,,,
1931,0.0,,,,,,,,5.150291288737839,,,,,,,,,,,,
1932,0.0,,,,,,,,8.274183569068175,,,,,,,,,,,,
1933,0.0,,,,,,,,0.0,,,,,,,,,,,,
1934,0.0,,,,,,,,0.0280877934472444,,,,,,,,,,,,
1935,0.0,,,,,,,,0.0,,,,,,,,,,,,
1936,2.270403213518286,,,,,,,,0.0,,,,,,,,,,,,
1937,2.9758561045830887,,,,,,,,0.0,,,,,,,,,,,,
1938,3.462836647521672,,,,,,,,2.29150235109587,,,,,,,,,,,,
1939,0.0,,,,,,,,4.357497648516051,,,,,,,,,,,,
1940,0.0,,,,,,,,6.52170685096182,,,,,,,,,,,,
1941,2.29150235109587,,,,,,,,4.099719773693866,,,,,,,,,,,,
1942,2.0956956867578507,,,,,,,,4.980428504757223,,,,,,,,,,,,
1943,3.104505054985564,,,,,,,,3.048924092869573,,,,,,,,,,,,
1944,6.311611898113961,,,,,,,,8.894530707917577,,,,,,,,,,,,
1945,2.844536548299099,,,,,,,,15.660569223528796,,,,,,,,,,,,
1946,0.1196913799091976,,,,,,,,7.70722884318748,,,,,,,,,,,,
1947,0.0926797102431434,,,,,,,,7.565178155430798,,,,,,,,,,,,
1948,0.0669467607792184,,,,,,,,0.0926797102431434,,,,,,,,,,,,
1949,2.199198743708845,,,,,,,,2.235727304024508,,,,,,,,,,,,
1950,0.0,,,,,,,,8.712023740113676,,,,,,,,,,,,
1951,0.0,,,,,,,,2.0956956867578507,,,,,,,,,,,,
1952,0.0,,,,,,,,0.0,,,,,,,,,,,,
1953,0.0,,,,,,,,4.980428504757223,,,,,,,,,,,,
1954,0.0,,,,,,,,0.0,,,,,,,,,,,,
1955,5.983319937924184,,,,,,,,4.439915437568395,,,,,,,,,,,,
1956,0.0,,,,,,,,0.0,,,,,,,,,,,,
1957,0.0,,,,,,,,0.0,,,,,,,,,,,,
1958,3.048924092869573,,,,,,,,0.0280877934472444,,,,,,,,,,,,
1959,0.0,,,,,,,,0.0,,,,,,,,,,,,
1960,3.462836647521672,,,,,,,,5.150291288737839,,,,,,,,,,,,
1961,0.0,,,,,,,,0.1196913799091976,,,,,,,,,,,,
1962,0.0,,,,,,,,3.1806734144966624,,,,,,,,,,,,
1963,0.0,,,,,,,,6.52170685096182,,,,,,,,,,,,
1964,2.9758561045830887,,,,,,,,0.0,,,,,,,,,,,,
1965,0.0,,,,,,,,4.099719773693866,,,,,,,,,,,,
1966,2.270403213518286,,,,,,,,4.357497648516051,,,,,,,,,,,,
1967,0.0,,,,,,,,8.274183569068175,,,,,,,,,,,,
1968,0.0,,,,,,,,8.787753067226653,,,,,,,,,,,,
1969,6.311611898113961,,,,,,,,2.29150235109587,,,,,,,,,,,,
1970,0.0,,,,,,,,2.235727304024508,,,,,,,,,,,,
1971,0.0,,,,,,,,3.048924092869573,,,,,,,,,,,,
1972,3.1806734144966624,,,,,,,,15.660569223528796,,,,,,,,,,,,
1973,0.0,,,,,,,,7.429721685072115,,,,,,,,,,,,
1974,0.0,,,,,,,,7.70722884318748,,,,,,,,,,,,
1975,0.0325314998532016,,,,,,,,0.0926797102431434,,,,,,,,,,,,
1976,0.0,,,,,,,,0.0,,,,,,,,,,,,
1977,0.0,,,,,,,,8.712023740113676,,,,,,,,,,,,
1978,0.0,,,,,,,,0.0,,,,,,,,,,,,
1979,0.0,,,,,,,,0.0926797102431434,,,,,,,,,,,,
1980,2.29150235109587,,,,,,,,0.0,,,,,,,,,,,,
1981,2.0956956867578507,,,,,,,,3.1806734144966624,,,,,,,,,,,,
1982,3.104505054985564,,,,,,,,4.439915437568395,,,,,,,,,,,,
1983,2.844536548299099,,,,,,,,3.048924092869573,,,,,,,,,,,,
1984,0.1196913799091976,,,,,,,,5.1396572837575984,,,,,,,,,,,,
1985,0.0926797102431434,,,,,,,,0.0,,,,,,,,,,,,
1986,0.0669467607792184,,,,,,,,5.08335688941316,,,,,,,,,,,,
1987,2.199198743708845,,,,,,,,0.0,,,,,,,,,,,,
1988,0.0280877934472444,,,,,,,,9.739914662371811,,,,,,,,,,,,
1989,2.29150235109587,,,,,,,,0.0,,,,,,,,,,,,
1990,0.0,,,,,,,,4.357497648516051,,,,,,,,,,,,
1991,0.0,,,,,,,,4.099719773693866,,,,,,,,,,,,
1992,0.0,,,,,,,,4.980428504757223,,,,,,,,,,,,
1993,6.311611898113961,,,,,,,,8.274183569068175,,,,,,,,,,,,
1994,0.0,,,,,,,,2.29150235109587,,,,,,,,,,,,
1995,0.0,,,,,,,,6.52170685096182,,,,,,,,,,,,
1996,0.0,,,,,,,,15.660569223528796,,,,,,,,,,,,
1997,0.0,,,,,,,,2.0956956867578507,,,,,,,,,,,,
1998,2.0956956867578507,,,,,,,,8.787753067226653,,,,,,,,,,,,
1999,0.0,,,,,,,,0.1196913799091976,,,,,,,,,,,,
2000,0.0,,,,,,,,2.199198743708845,,,,,,,,,,,,
2001,0.0,,,,,,,,0.0280877934472444,,,,,,,,,,,,
2002,0.0,,,,,,,,2.199198743708845,,,,,,,,,,,,
2003,0.0,,,,,,,,4.439915437568395,,,,,,,,,,,,
2004,0.0,,,,,,,,4.357497648516051,,,,,,,,,,,,
2005,0.0,,,,,,,,3.1806734144966624,,,,,,,,,,,,
2006,0.0280877934472444,,,,,,,,0.0,,,,,,,,,,,,
2007,0.0,,,,,,,,2.0956956867578507,,,,,,,,,,,,
2008,0.0,,,,,,,,0.0,,,,,,,,,,,,
2009,3.462836647521672,,,,,,,,0.0,,,,,,,,,,,,
2010,0.0,,,,,,,,0.0280877934472444,,,,,,,,,,,,
2011,2.844536548299099,,,,,,,,0.0,,,,,,,,,,,,
2012,0.0669467607792184,,,,,,,,0.0,,,,,,,,,,,,
2013,3.1806734144966624,,,,,,,,0.0,,,,,,,,,,,,
2014,0.1196913799091976,,,,,,,,15.660569223528796,,,,,,,,,,,,
2015,0.0,,,,,,,,4.099719773693866,,,,,,,,,,,,
2016,0.0,,,,,,,,8.712023740113676,,,,,,,,,,,,
2017,0.0,,,,,,,,8.274183569068175,,,,,,,,,,,,
2018,3.104505054985564,,,,,,,,7.70722884318748,,,,,,,,,,,,
2019,0.0,,,,,,,,2.29150235109587,,,,,,,,,,,,
2020,3.048924092869573,,,,,,,,3.048924092869573,,,,,,,,,,,,
2021,0.0325314998532016,,,,,,,,6.52170685096182,,,,,,,,,,,,
2022,0.0,,,,,,,,7.429721685072115,,,,,,,,,,,,
2023,2.9758561045830887,,,,,,,,8.787753067226653,,,,,,,,,,,,
2024,5.983319937924184,,,,,,,,0.1196913799091976,,,,,,,,,,,,
2025,0.0926797102431434,,,,,,,,0.0926797102431434,,,,,,,,,,,,
2026,2.3640131171754457,,,,,,,,5.08335688941316,,,,,,,,,,,,
2027,2.235727304024508,,,,,,,,4.980879390250106,,,,,,,,,,,,
2028,0.0280877934472444,,,,,,,,5.150291288737839,,,,,,,,,,,,
2029,0.0,,,,,,,,4.357497648516051,,,,,,,,,,,,
2030,0.0,,,,,,,,0.0,,,,,,,,,,,,
2031,0.0926797102431434,,,,,,,,4.439915437568395,,,,,,,,,,,,
2032,3.1806734144966624,,,,,,,,8.787753067226653,,,,,,,,,,,,
2033,0.0,,,,,,,,3.048924092869573,,,,,,,,,,,,
2034,0.0,,,,,,,,4.099719773693866,,,,,,,,,,,,
2035,0.0,,,,,,,,0.0,,,,,,,,,,,,
2036,2.29150235109587,,,,,,,,0.0926797102431434,,,,,,,,,,,,
2037,0.0,,,,,,,,2.199198743708845,,,,,,,,,,,,
2038,0.0,,,,,,,,0.0,,,,,,,,,,,,
2039,0.0669467607792184,,,,,,,,3.1806734144966624,,,,,,,,,,,,
2040,0.0,,,,,,,,4.980428504757223,,,,,,,,,,,,
2041,0.0,,,,,,,,2.0956956867578507,,,,,,,,,,,,
2042,0.0,,,,,,,,2.29150235109587,,,,,,,,,,,,
2043,0.0,,,,,,,,0.0,,,,,,,,,,,,
2044,0.0,,,,,,,,0.0,,,,,,,,,,,,
2045,0.0,,,,,,,,0.0,,,,,,,,,,,,
2046,0.0,,,,,,,,8.712023740113676,,,,,,,,,,,,
2047,0.0,,,,,,,,0.1196913799091976,,,,,,,,,,,,
2048,0.0,,,,,,,,9.739914662371811,,,,,,,,,,,,
2049,2.9758561045830887,,,,,,,,8.274183569068175,,,,,,,,,,,,
2050,0.0,,,,,,,,6.52170685096182,,,,,,,,,,,,
2051,0.0,,,,,,,,15.660569223528796,,,,,,,,,,,,
2052,0.0,,,,,,,,5.1396572837575984,,,,,,,,,,,,
2053,0.0,,,,,,,,0.0280877934472444,,,,,,,,,,,,
2054,3.462836647521672,,,,,,,,0.0,,,,,,,,,,,,
2055,0.0,,,,,,,,2.29150235109587,,,,,,,,,,,,
2056,0.0,,,,,,,,0.0,,,,,,,,,,,,
2057,3.048924092869573,,,,,,,,15.660569223528796,,,,,,,,,,,,
2058,2.199198743708845,,,,,,,,8.712023740113676,,,,,,,,,,,,
2059,2.0956956867578507,,,,,,,,4.439915437568395,,,,,,,,,,,,
2060,5.983319937924184,,,,,,,,0.0,,,,,,,,,,,,
2061,3.318778464280774,,,,,,,,4.980428504757223,,,,,,,,,,,,
2062,2.3640131171754457,,,,,,,,0.0,,,,,,,,,,,,
2063,6.311611898113961,,,,,,,,0.0,,,,,,,,,,,,
2064,2.844536548299099,,,,,,,,2.0956956867578507,,,,,,,,,,,,
2065,0.1196913799091976,,,,,,,,0.0926797102431434,,,,,,,,,,,,
2066,0.0325314998532016,,,,,,,,3.1806734144966624,,,,,,,,,,,,
2067,0.0325314998532016,,,,,,,,4.357497648516051,,,,,,,,,,,,
2068,0.0,,,,,,,,2.199198743708845,,,,,,,,,,,,
2069,0.0,,,,,,,,5.1396572837575984,,,,,,,,,,,,
2070,0.0,,,,,,,,5.150291288737839,,,,,,,,,,,,
2071,0.0,,,,,,,,0.0,,,,,,,,,,,,
2072,0.0,,,,,,,,6.52170685096182,,,,,,,,,,,,
2073,0.0,,,,,,,,0.1196913799091976,,,,,,,,,,,,
2074,0.0,,,,,,,,4.099719773693866,,,,,,,,,,,,
2075,2.29150235109587,,,,,,,,8.274183569068175,,,,,,,,,,,,
2076,0.0926797102431434,,,,,,,,3.048924092869573,,,,,,,,,,,,
2077,0.0,,,,,,,,9.739914662371811,,,,,,,,,,,,
2078,0.0,,,,,,,,8.787753067226653,,,,,,,,,,,,
2079,0.0,,,,,,,,0.0280877934472444,,,,,,,,,,,,
2080,0.0280877934472444,,,,,,,,8.712023740113676,,,,,,,,,,,,
2081,0.0,,,,,,,,0.0,,,,,,,,,,,,
2082,3.462836647521672,,,,,,,,15.660569223528796,,,,,,,,,,,,
2083,0.0,,,,,,,,6.52170685096182,,,,,,,,,,,,
2084,0.0,,,,,,,,0.0,,,,,,,,,,,,
2085,0.0,,,,,,,,3.1806734144966624,,,,,,,,,,,,
2086,0.0,,,,,,,,4.439915437568395,,,,,,,,,,,,
2087,0.0,,,,,,,,0.0,,,,,,,,,,,,
2088,3.1806734144966624,,,,,,,,3.048924092869573,,,,,,,,,,,,
2089,0.0,,,,,,,,5.1396572837575984,,,,,,,,,,,,
2090,0.0669467607792184,,,,,,,,2.29150235109587,,,,,,,,,,,,
2091,0.0,,,,,,,,2.0956956867578507,,,,,,,,,,,,
2092,0.0,,,,,,,,9.739914662371811,,,,,,,,,,,,
2093,0.1196913799091976,,,,,,,,4.357497648516051,,,,,,,,,,,,
2094,0.0,,,,,,,,0.0280877934472444,,,,,,,,,,,,
2095,0.0,,,,,,,,5.150291288737839,,,,,,,,,,,,
2096,6.311611898113961,,,,,,,,0.0,,,,,,,,,,,,
2097,0.0,,,,,,,,0.0,,,,,,,,,,,,
2098,3.048924092869573,,,,,,,,0.0,,,,,,,,,,,,
2099,5.983319937924184,,,,,,,,8.274183569068175,,,,,,,,,,,,
2100,2.0956956867578507,,,,,,,,4.099719773693866,,,,,,,,,,,,
2101,2.9758561045830887,,,,,,,,4.980428504757223,,,,,,,,,,,,
2102,2.844536548299099,,,,,,,,8.787753067226653,,,,,,,,,,,,
2103,3.104505054985564,,,,,,,,0.1196913799091976,,,,,,,,,,,,
2104,2.270403213518286,,,,,,,,0.0926797102431434,,,,,,,,,,,,
2105,2.199198743708845,,,,,,,,2.235727304024508,,,,,,,,,,,,
2106,2.199198743708845,,,,,,,,2.0956956867578507,,,,,,,,,,,,
2107,0.0,,,,,,,,8.712023740113676,,,,,,,,,,,,
2108,0.0,,,,,,,,6.52170685096182,,,,,,,,,,,,
2109,0.0,,,,,,,,3.1806734144966624,,,,,,,,,,,,
2110,2.844536548299099,,,,,,,,4.357497648516051,,,,,,,,,,,,
2111,0.0,,,,,,,,0.0,,,,,,,,,,,,
2112,0.0,,,,,,,,3.048924092869573,,,,,,,,,,,,
2113,0.0,,,,,,,,2.29150235109587,,,,,,,,,,,,
2114,2.29150235109587,,,,,,,,0.0,,,,,,,,,,,,
2115,0.0,,,,,,,,4.439915437568395,,,,,,,,,,,,
2116,0.0,,,,,,,,15.660569223528796,,,,,,,,,,,,
2117,0.0,,,,,,,,0.0,,,,,,,,,,,,
2118,0.0,,,,,,,,0.0,,,,,,,,,,,,
2119,0.0,,,,,,,,7.429721685072115,,,,,,,,,,,,
2120,0.0,,,,,,,,8.274183569068175,,,,,,,,,,,,
2121,0.0,,,,,,,,5.150291288737839,,,,,,,,,,,,
2122,0.0,,,,,,,,0.0,,,,,,,,,,,,
2123,0.0,,,,,,,,0.0,,,,,,,,,,,,
2124,0.0,,,,,,,,4.980428504757223,,,,,,,,,,,,
2125,0.0,,,,,,,,4.099719773693866,,,,,,,,,,,,
2126,0.1196913799091976,,,,,,,,0.1196913799091976,,,,,,,,,,,,
2127,0.0669467607792184,,,,,,,,2.199198743708845,,,,,,,,,,,,
2128,2.9758561045830887,,,,,,,,8.787753067226653,,,,,,,,,,,,
2129,3.1806734144966624,,,,,,,,7.70722884318748,,,,,,,,,,,,
2130,0.0,,,,,,,,0.0926797102431434,,,,,,,,,,,,
2131,0.0,,,,,,,,0.0280877934472444,,,,,,,,,,,,
2132,0.0,,,,,,,,5.150291288737839,,,,,,,,,,,,
2133,6.311611898113961,,,,,,,,0.0,,,,,,,,,,,,
2134,0.0,,,,,,,,15.660569223528796,,,,,,,,,,,,
2135,0.0,,,,,,,,4.439915437568395,,,,,,,,,,,,
2136,3.462836647521672,,,,,,,,0.0,,,,,,,,,,,,
2137,2.0956956867578507,,,,,,,,8.712023740113676,,,,,,,,,,,,
2138,5.983319937924184,,,,,,,,4.357497648516051,,,,,,,,,,,,
2139,3.318778464280774,,,,,,,,4.099719773693866,,,,,,,,,,,,
2140,3.048924092869573,,,,,,,,0.0,,,,,,,,,,,,
2141,2.270403213518286,,,,,,,,2.0956956867578507,,,,,,,,,,,,
2142,0.0926797102431434,,,,,,,,8.274183569068175,,,,,,,,,,,,
2143,0.0325314998532016,,,,,,,,0.0280877934472444,,,,,,,,,,,,
2144,0.0280877934472444,,,,,,,,2.29150235109587,,,,,,,,,,,,
2145,3.048924092869573,,,,,,,,3.1806734144966624,,,,,,,,,,,,
2146,3.462836647521672,,,,,,,,0.0,,,,,,,,,,,,
2147,0.0,,,,,,,,0.0,,,,,,,,,,,,
2148,0.0280877934472444,,,,,,,,0.0,,,,,,,,,,,,
2149,0.0,,,,,,,,0.1196913799091976,,,,,,,,,,,,
2150,0.0,,,,,,,,4.980428504757223,,,,,,,,,,,,
2151,0.0,,,,,,,,6.52170685096182,,,,,,,,,,,,
2152,2.199198743708845,,,,,,,,3.048924092869573,,,,,,,,,,,,
2153,0.0,,,,,,,,8.894530707917577,,,,,,,,,,,,
2154,0.0,,,,,,,,7.70722884318748,,,,,,,,,,,,
2155,2.9758561045830887,,,,,,,,7.565178155430798,,,,,,,,,,,,
2156,0.0,,,,,,,,0.0926797102431434,,,,,,,,,,,,
2157,2.0956956867578507,,,,,,,,2.199198743708845,,,,,,,,,,,,
2158,0.0,,,,,,,,4.357497648516051,,,,,,,,,,,,
2159,0.0,,,,,,,,0.0,,,,,,,,,,,,
2160,0.0,,,,,,,,8.712023740113676,,,,,,,,,,,,
2161,0.0,,,,,,,,0.0926797102431434,,,,,,,,,,,,
2162,0.0,,,,,,,,3.048924092869573,,,,,,,,,,,,
2163,0.0,,,,,,,,8.274183569068175,,,,,,,,,,,,
2164,0.0,,,,,,,,4.439915437568395,,,,,,,,,,,,
2165,0.0669467607792184,,,,,,,,0.0,,,,,,,,,,,,
2166,2.3640131171754457,,,,,,,,0.0,,,,,,,,,,,,
2167,2.29150235109587,,,,,,,,11.204723685217274,,,,,,,,,,,,
2168,3.1806734144966624,,,,,,,,3.1806734144966624,,,,,,,,,,,,
2169,0.0,,,,,,,,0.0,,,,,,,,,,,,
2170,0.0,,,,,,,,2.29150235109587,,,,,,,,,,,,
2171,0.0,,,,,,,,0.0,,,,,,,,,,,,
2172,0.0,,,,,,,,5.1396572837575984,,,,,,,,,,,,
2173,0.0,,,,,,,,0.0,,,,,,,,,,,,
2174,0.0,,,,,,,,5.08335688941316,,,,,,,,,,,,
2175,0.0,,,,,,,,4.099719773693866,,,,,,,,,,,,
2176,5.983319937924184,,,,,,,,0.1196913799091976,,,,,,,,,,,,
2177,0.0,,,,,,,,7.565178155430798,,,,,,,,,,,,
2178,6.311611898113961,,,,,,,,4.980428504757223,,,,,,,,,,,,
2179,2.844536548299099,,,,,,,,6.52170685096182,,,,,,,,,,,,
2180,3.104505054985564,,,,,,,,2.0956956867578507,,,,,,,,,,,,
2181,0.1196913799091976,,,,,,,,15.660569223528796,,,,,,,,,,,,
2182,0.0926797102431434,,,,,,,,2.199198743708845,,,,,,,,,,,,
2183,0.0325314998532016,,,,,,,,0.0280877934472444,,,,,,,,,,,,
2184,0.0,,,,,,,,4.980428504757223,,,,,,,,,,,,
2185,0.0,,,,,,,,0.0,,,,,,,,,,,,
2186,0.0,,,,,,,,0.0,,,,,,,,,,,,
2187,0.0,,,,,,,,4.357497648516051,,,,,,,,,,,,
2188,0.0926797102431434,,,,,,,,2.29150235109587,,,,,,,,,,,,
2189,0.0,,,,,,,,4.439915437568395,,,,,,,,,,,,
2190,2.235727304024508,,,,,,,,0.0,,,,,,,,,,,,
2191,2.29150235109587,,,,,,,,0.0,,,,,,,,,,,,
2192,0.0,,,,,,,,8.712023740113676,,,,,,,,,,,,
2193,3.1806734144966624,,,,,,,,0.0,,,,,,,,,,,,
2194,0.0,,,,,,,,15.660569223528796,,,,,,,,,,,,
2195,0.0,,,,,,,,0.0,,,,,,,,,,,,
2196,0.0,,,,,,,,8.894530707917577,,,,,,,,,,,,
2197,0.0,,,,,,,,5.08335688941316,,,,,,,,,,,,
2198,0.0,,,,,,,,8.274183569068175,,,,,,,,,,,,
2199,3.462836647521672,,,,,,,,3.1806734144966624,,,,,,,,,,,,
2200,0.0,,,,,,,,4.099719773693866,,,,,,,,,,,,
2201,0.0,,,,,,,,6.52170685096182,,,,,,,,,,,,
2202,2.844536548299099,,,,,,,,2.199198743708845,,,,,,,,,,,,
2203,0.0,,,,,,,,3.048924092869573,,,,,,,,,,,,
2204,0.0,,,,,,,,2.0956956867578507,,,,,,,,,,,,
2205,0.0,,,,,,,,7.70722884318748,,,,,,,,,,,,
2206,0.0,,,,,,,,7.565178155430798,,,,,,,,,,,,
2207,0.0,,,,,,,,0.1196913799091976,,,,,,,,,,,,
2208,0.0,,,,,,,,0.0926797102431434,,,,,,,,,,,,
2209,0.0,,,,,,,,0.0280877934472444,,,,,,,,,,,,
2210,0.0,,,,,,,,8.712023740113676,,,,,,,,,,,,
2211,2.9758561045830887,,,,,,,,0.0,,,,,,,,,,,,
2212,0.0,,,,,,,,4.357497648516051,,,,,,,,,,,,
2213,3.048924092869573,,,,,,,,15.660569223528796,,,,,,,,,,,,
2214,2.0956956867578507,,,,,,,,8.894530707917577,,,,,,,,,,,,
2215,5.983319937924184,,,,,,,,0.0,,,,,,,,,,,,
2216,6.311611898113961,,,,,,,,2.29150235109587,,,,,,,,,,,,
2217,3.104505054985564,,,,,,,,4.099719773693866,,,,,,,,,,,,
2218,0.1196913799091976,,,,,,,,4.075617702495532,,,,,,,,,,,,
2219,2.270403213518286,,,,,,,,4.980428504757223,,,,,,,,,,,,
2220,0.0669467607792184,,,,,,,,3.048924092869573,,,,,,,,,,,,
2221,0.0325314998532016,,,,,,,,0.0,,,,,,,,,,,,
2222,0.0280877934472444,,,,,,,,4.439915437568395,,,,,,,,,,,,
2223,0.1196913799091976,,,,,,,,0.0,,,,,,,,,,,,
2224,0.0,,,,,,,,8.274183569068175,,,,,,,,,,,,
2225,0.0,,,,,,,,0.0280877934472444,,,,,,,,,,,,
2226,0.0,,,,,,,,0.0,,,,,,,,,,,,
2227,0.0,,,,,,,,0.0,,,,,,,,,,,,
2228,0.0,,,,,,,,0.0669467607792184,,,,,,,,,,,,
2229,0.0,,,,,,,,0.0,,,,,,,,,,,,
2230,0.0,,,,,,,,6.52170685096182,,,,,,,,,,,,
2231,0.0,,,,,,,,2.199198743708845,,,,,,,,,,,,
2232,0.0,,,,,,,,2.0956956867578507,,,,,,,,,,,,
2233,0.0,,,,,,,,7.70722884318748,,,,,,,,,,,,
2234,0.0,,,,,,,,7.565178155430798,,,,,,,,,,,,
2235,0.0,,,,,,,,0.1196913799091976,,,,,,,,,,,,
2236,0.0,,,,,,,,0.0926797102431434,,,,,,,,,,,,
2237,0.0,,,,,,,,8.787753067226653,,,,,,,,,,,,
2238,0.0280877934472444,,,,,,,,0.0,,,,,,,,,,,,
2239,3.1806734144966624,,,,,,,,8.712023740113676,,,,,,,,,,,,
2240,0.0,,,,,,,,4.357497648516051,,,,,,,,,,,,
2241,3.104505054985564,,,,,,,,3.1806734144966624,,,,,,,,,,,,
2242,0.0,,,,,,,,0.0926797102431434,,,,,,,,,,,,
2243,0.0,,,,,,,,2.29150235109587,,,,,,,,,,,,
2244,6.311611898113961,,,,,,,,3.048924092869573,,,,,,,,,,,,
2245,0.0669467607792184,,,,,,,,4.439915437568395,,,,,,,,,,,,
2246,0.0,,,,,,,,0.0,,,,,,,,,,,,
2247,0.0,,,,,,,,0.0,,,,,,,,,,,,
2248,0.0,,,,,,,,5.1396572837575984,,,,,,,,,,,,
2249,3.462836647521672,,,,,,,,0.0,,,,,,,,,,,,
2250,0.0,,,,,,,,15.660569223528796,,,,,,,,,,,,
2251,0.0,,,,,,,,0.0,,,,,,,,,,,,
2252,2.9758561045830887,,,,,,,,0.0,,,,,,,,,,,,
2253,2.29150235109587,,,,,,,,0.1196913799091976,,,,,,,,,,,,
2254,2.270403213518286,,,,,,,,4.099719773693866,,,,,,,,,,,,
2255,3.048924092869573,,,,,,,,4.980428504757223,,,,,,,,,,,,
2256,2.0956956867578507,,,,,,,,8.274183569068175,,,,,,,,,,,,
2257,5.983319937924184,,,,,,,,6.52170685096182,,,,,,,,,,,,
2258,2.844536548299099,,,,,,,,2.0956956867578507,,,,,,,,,,,,
2259,0.0926797102431434,,,,,,,,9.739914662371811,,,,,,,,,,,,
2260,2.199198743708845,,,,,,,,5.08335688941316,,,,,,,,,,,,
2261,0.0325314998532016,,,,,,,,2.235727304024508,,,,,,,,,,,,
2262,0.0,,,,,,,,0.0280877934472444,,,,,,,,,,,,
2263,2.199198743708845,,,,,,,,0.0,,,,,,,,,,,,
2264,0.0,,,,,,,,0.0,,,,,,,,,,,,
2265,0.0,,,,,,,,4.439915437568395,,,,,,,,,,,,
2266,2.9758561045830887,,,,,,,,6.52170685096182,,,,,,,,,,,,
2267,0.0,,,,,,,,8.712023740113676,,,,,,,,,,,,
2268,0.0,,,,,,,,3.048924092869573,,,,,,,,,,,,
2269,0.0,,,,,,,,0.0,,,,,,,,,,,,
2270,2.29150235109587,,,,,,,,2.0956956867578507,,,,,,,,,,,,
2271,0.0,,,,,,,,0.0,,,,,,,,,,,,
2272,3.1806734144966624,,,,,,,,8.787753067226653,,,,,,,,,,,,
2273,0.0926797102431434,,,,,,,,0.0,,,,,,,,,,,,
2274,2.0956956867578507,,,,,,,,0.0,,,,,,,,,,,,
2275,0.0,,,,,,,,4.980428504757223,,,,,,,,,,,,
2276,0.0,,,,,,,,3.1806734144966624,,,,,,,,,,,,
2277,0.0280877934472444,,,,,,,,4.357497648516051,,,,,,,,,,,,
2278,0.0,,,,,,,,7.429721685072115,,,,,,,,,,,,
2279,0.0669467607792184,,,,,,,,4.099719773693866,,,,,,,,,,,,
2280,0.0,,,,,,,,8.274183569068175,,,,,,,,,,,,
2281,0.1196913799091976,,,,,,,,2.199198743708845,,,,,,,,,,,,
2282,0.0,,,,,,,,15.660569223528796,,,,,,,,,,,,
2283,0.0,,,,,,,,2.29150235109587,,,,,,,,,,,,
2284,0.0325314998532016,,,,,,,,7.70722884318748,,,,,,,,,,,,
2285,0.0,,,,,,,,0.1196913799091976,,,,,,,,,,,,
2286,6.311611898113961,,,,,,,,0.0926797102431434,,,,,,,,,,,,
2287,0.0,,,,,,,,5.08335688941316,,,,,,,,,,,,
2288,0.0,,,,,,,,0.0280877934472444,,,,,,,,,,,,
2289,0.0,,,,,,,,4.439915437568395,,,,,,,,,,,,
2290,0.0,,,,,,,,3.048924092869573,,,,,,,,,,,,
2291,0.0,,,,,,,,8.712023740113676,,,,,,,,,,,,
2292,0.0,,,,,,,,0.0,,,,,,,,,,,,
2293,3.462836647521672,,,,,,,,0.0926797102431434,,,,,,,,,,,,
2294,0.0,,,,,,,,0.0,,,,,,,,,,,,
2295,0.0,,,,,,,,8.274183569068175,,,,,,,,,,,,
2296,3.048924092869573,,,,,,,,0.0280877934472444,,,,,,,,,,,,
2297,5.983319937924184,,,,,,,,0.0,,,,,,,,,,,,
2298,2.844536548299099,,,,,,,,2.0956956867578507,,,,,,,,,,,,
2299,3.104505054985564,,,,,,,,0.0,,,,,,,,,,,,
2300,2.270403213518286,,,,,,,,0.0,,,,,,,,,,,,
2301,6.311611898113961,,,,,,,,2.29150235109587,,,,,,,,,,,,
2302,0.0,,,,,,,,15.660569223528796,,,,,,,,,,,,
2303,0.0,,,,,,,,5.150291288737839,,,,,,,,,,,,
2304,0.0,,,,,,,,0.0,,,,,,,,,,,,
2305,0.0,,,,,,,,3.1806734144966624,,,,,,,,,,,,
2306,0.0,,,,,,,,4.357497648516051,,,,,,,,,,,,
2307,2.9758561045830887,,,,,,,,4.099719773693866,,,,,,,,,,,,
2308,2.29150235109587,,,,,,,,4.980428504757223,,,,,,,,,,,,
2309,0.0,,,,,,,,6.52170685096182,,,,,,,,,,,,
2310,3.048924092869573,,,,,,,,8.894530707917577,,,,,,,,,,,,
2311,2.0956956867578507,,,,,,,,7.70722884318748,,,,,,,,,,,,
2312,0.0,,,,,,,,7.565178155430798,,,,,,,,,,,,
2313,0.0,,,,,,,,0.1196913799091976,,,,,,,,,,,,
2314,0.0,,,,,,,,2.199198743708845,,,,,,,,,,,,
2315,0.0280877934472444,,,,,,,,4.439915437568395,,,,,,,,,,,,
2316,3.1806734144966624,,,,,,,,0.0,,,,,,,,,,,,
2317,0.0,,,,,,,,0.0,,,,,,,,,,,,
2318,0.0,,,,,,,,4.357497648516051,,,,,,,,,,,,
2319,5.983319937924184,,,,,,,,4.980428504757223,,,,,,,,,,,,
2320,0.0,,,,,,,,8.712023740113676,,,,,,,,,,,,
2321,0.0,,,,,,,,0.0,,,,,,,,,,,,
2322,0.0,,,,,,,,8.274183569068175,,,,,,,,,,,,
2323,0.0,,,,,,,,3.048924092869573,,,,,,,,,,,,
2324,0.0325314998532016,,,,,,,,0.0280877934472444,,,,,,,,,,,,
2325,3.462836647521672,,,,,,,,3.1806734144966624,,,,,,,,,,,,
2326,0.0,,,,,,,,0.0,,,,,,,,,,,,
2327,0.1196913799091976,,,,,,,,0.0,,,,,,,,,,,,
2328,0.0,,,,,,,,8.894530707917577,,,,,,,,,,,,
2329,0.0,,,,,,,,5.08335688941316,,,,,,,,,,,,
2330,0.0,,,,,,,,2.29150235109587,,,,,,,,,,,,
2331,2.844536548299099,,,,,,,,0.0,,,,,,,,,,,,
2332,0.0,,,,,,,,0.1196913799091976,,,,,,,,,,,,
2333,0.0,,,,,,,,4.099719773693866,,,,,,,,,,,,
2334,0.0,,,,,,,,6.52170685096182,,,,,,,,,,,,
2335,3.104505054985564,,,,,,,,2.0956956867578507,,,,,,,,,,,,
2336,2.270403213518286,,,,,,,,15.660569223528796,,,,,,,,,,,,
2337,0.0926797102431434,,,,,,,,7.70722884318748,,,,,,,,,,,,
2338,0.0669467607792184,,,,,,,,7.565178155430798,,,,,,,,,,,,
2339,2.199198743708845,,,,,,,,0.0926797102431434,,,,,,,,,,,,
2340,2.29150235109587,,,,,,,,2.199198743708845,,,,,,,,,,,,
2341,0.0,,,,,,,,7.429721685072115,,,,,,,,,,,,
2342,5.983319937924184,,,,,,,,0.0,,,,,,,,,,,,
2343,0.0280877934472444,,,,,,,,0.0,,,,,,,,,,,,
2344,0.0,,,,,,,,4.439915437568395,,,,,,,,,,,,
2345,0.0,,,,,,,,8.712023740113676,,,,,,,,,,,,
2346,6.311611898113961,,,,,,,,2.29150235109587,,,,,,,,,,,,
2347,3.048924092869573,,,,,,,,0.0,,,,,,,,,,,,
2348,0.0,,,,,,,,0.0,,,,,,,,,,,,
2349,0.0,,,,,,,,3.1806734144966624,,,,,,,,,,,,
2350,2.235727304024508,,,,,,,,2.0956956867578507,,,,,,,,,,,,
2351,0.0926797102431434,,,,,,,,0.0,,,,,,,,,,,,
2352,0.0,,,,,,,,0.0,,,,,,,,,,,,
2353,3.1806734144966624,,,,,,,,8.274183569068175,,,,,,,,,,,,
2354,2.0956956867578507,,,,,,,,7.70722884318748,,,,,,,,,,,,
2355,0.0,,,,,,,,0.1196913799091976,,,,,,,,,,,,
2356,0.0,,,,,,,,4.357497648516051,,,,,,,,,,,,
2357,0.0,,,,,,,,4.980428504757223,,,,,,,,,,,,
2358,0.0,,,,,,,,4.099719773693866,,,,,,,,,,,,
2359,0.0,,,,,,,,6.52170685096182,,,,,,,,,,,,
2360,0.0,,,,,,,,3.048924092869573,,,,,,,,,,,,
2361,0.0,,,,,,,,15.660569223528796,,,,,,,,,,,,
2362,0.0,,,,,,,,8.787753067226653,,,,,,,,,,,,
2363,0.0,,,,,,,,0.0926797102431434,,,,,,,,,,,,
2364,0.0,,,,,,,,5.08335688941316,,,,,,,,,,,,
2365,2.9758561045830887,,,,,,,,2.235727304024508,,,,,,,,,,,,
2366,0.0,,,,,,,,0.0280877934472444,,,,,,,,,,,,
2367,0.0,,,,,,,,3.1806734144966624,,,,,,,,,,,,
2368,0.0,,,,,,,,4.357497648516051,,,,,,,,,,,,
2369,0.0,,,,,,,,0.0,,,,,,,,,,,,
2370,0.0,,,,,,,,4.439915437568395,,,,,,,,,,,,
2371,0.0,,,,,,,,6.52170685096182,,,,,,,,,,,,
2372,3.462836647521672,,,,,,,,2.29150235109587,,,,,,,,,,,,
2373,3.104505054985564,,,,,,,,2.0956956867578507,,,,,,,,,,,,
2374,2.844536548299099,,,,,,,,3.048924092869573,,,,,,,,,,,,
2375,0.1196913799091976,,,,,,,,0.0,,,,,,,,,,,,
2376,2.270403213518286,,,,,,,,0.0,,,,,,,,,,,,
2377,0.0669467607792184,,,,,,,,0.0,,,,,,,,,,,,
2378,0.0325314998532016,,,,,,,,0.0,,,,,,,,,,,,
2379,2.29150235109587,,,,,,,,0.0,,,,,,,,,,,,
2380,0.0,,,,,,,,0.1196913799091976,,,,,,,,,,,,
2381,5.983319937924184,,,,,,,,8.712023740113676,,,,,,,,,,,,
2382,0.0,,,,,,,,4.099719773693866,,,,,,,,,,,,
2383,0.0,,,,,,,,4.980428504757223,,,,,,,,,,,,
2384,0.0,,,,,,,,8.274183569068175,,,,,,,,,,,,
2385,0.0,,,,,,,,15.660569223528796,,,,,,,,,,,,
2386,3.048924092869573,,,,,,,,20.564730892686686,,,,,,,,,,,,
2387,0.0,,,,,,,,9.861577276201585,,,,,,,,,,,,
2388,2.0956956867578507,,,,,,,,0.0926797102431434,,,,,,,,,,,,
2389,0.0,,,,,,,,5.08335688941316,,,,,,,,,,,,
2390,0.0,,,,,,,,2.199198743708845,,,,,,,,,,,,
2391,0.0,,,,,,,,0.0280877934472444,,,,,,,,,,,,
2392,3.1806734144966624,,,,,,,,0.0,,,,,,,,,,,,
2393,0.0,,,,,,,,11.204723685217274,,,,,,,,,,,,
2394,0.0280877934472444,,,,,,,,0.0,,,,,,,,,,,,
2395,3.462836647521672,,,,,,,,4.439915437568395,,,,,,,,,,,,
2396,0.0,,,,,,,,0.0,,,,,,,,,,,,
2397,0.0,,,,,,,,2.29150235109587,,,,,,,,,,,,
2398,0.0,,,,,,,,4.099719773693866,,,,,,,,,,,,
2399,0.0,,,,,,,,0.0,,,,,,,,,,,,
2400,0.0,,,,,,,,0.0926797102431434,,,,,,,,,,,,
2401,0.0,,,,,,,,3.048924092869573,,,,,,,,,,,,
2402,0.0,,,,,,,,6.52170685096182,,,,,,,,,,,,
2403,0.0,,,,,,,,4.357497648516051,,,,,,,,,,,,
2404,0.0,,,,,,,,2.0956956867578507,,,,,,,,,,,,
2405,0.0,,,,,,,,3.1806734144966624,,,,,,,,,,,,
2406,0.0,,,,,,,,0.0280877934472444,,,,,,,,,,,,
2407,0.0,,,,,,,,4.980428504757223,,,,,,,,,,,,
2408,2.9758561045830887,,,,,,,,15.660569223528796,,,,,,,,,,,,
2409,2.199198743708845,,,,,,,,0.0,,,,,,,,,,,,
2410,6.311611898113961,,,,,,,,8.712023740113676,,,,,,,,,,,,
2411,3.104505054985564,,,,,,,,0.0,,,,,,,,,,,,
2412,2.844536548299099,,,,,,,,8.274183569068175,,,,,,,,,,,,
2413,0.1196913799091976,,,,,,,,7.565178155430798,,,,,,,,,,,,
2414,2.270403213518286,,,,,,,,5.1396572837575984,,,,,,,,,,,,
2415,0.0926797102431434,,,,,,,,0.1196913799091976,,,,,,,,,,,,
2416,0.0669467607792184,,,,,,,,5.08335688941316,,,,,,,,,,,,
2417,0.0325314998532016,,,,,,,,2.199198743708845,,,,,,,,,,,,
2418,2.29150235109587,,,,,,,,2.29150235109587,,,,,,,,,,,,
2419,0.0,,,,,,,,5.08335688941316,,,,,,,,,,,,
2420,0.0,,,,,,,,4.439915437568395,,,,,,,,,,,,
2421,0.0,,,,,,,,0.0,,,,,,,,,,,,
2422,5.983319937924184,,,,,,,,6.52170685096182,,,,,,,,,,,,
2423,0.0,,,,,,,,0.0926797102431434,,,,,,,,,,,,
2424,0.0,,,,,,,,2.0956956867578507,,,,,,,,,,,,
2425,0.0,,,,,,,,0.0,,,,,,,,,,,,
2426,0.0,,,,,,,,0.0,,,,,,,,,,,,
2427,0.0,,,,,,,,0.0,,,,,,,,,,,,
2428,0.0926797102431434,,,,,,,,0.0280877934472444,,,,,,,,,,,,
2429,3.1806734144966624,,,,,,,,8.712023740113676,,,,,,,,,,,,
2430,0.0,,,,,,,,8.274183569068175,,,,,,,,,,,,
2431,0.0,,,,,,,,3.1806734144966624,,,,,,,,,,,,
2432,2.0956956867578507,,,,,,,,0.0,,,,,,,,,,,,
2433,0.0,,,,,,,,0.0,,,,,,,,,,,,
2434,0.0,,,,,,,,0.1196913799091976,,,,,,,,,,,,
2435,0.0,,,,,,,,4.980428504757223,,,,,,,,,,,,
2436,0.0,,,,,,,,4.357497648516051,,,,,,,,,,,,
2437,0.0,,,,,,,,4.099719773693866,,,,,,,,,,,,
2438,2.844536548299099,,,,,,,,15.660569223528796,,,,,,,,,,,,
2439,0.0,,,,,,,,3.048924092869573,,,,,,,,,,,,
2440,0.0,,,,,,,,5.1396572837575984,,,,,,,,,,,,
2441,0.0,,,,,,,,7.565178155430798,,,,,,,,,,,,
2442,0.0,,,,,,,,11.204723685217274,,,,,,,,,,,,
2443,0.0,,,,,,,,2.199198743708845,,,,,,,,,,,,
2444,0.1196913799091976,,,,,,,,8.712023740113676,,,,,,,,,,,,
2445,3.462836647521672,,,,,,,,4.357497648516051,,,,,,,,,,,,
2446,0.0,,,,,,,,4.439915437568395,,,,,,,,,,,,
2447,0.0,,,,,,,,0.0,,,,,,,,,,,,
2448,2.9758561045830887,,,,,,,,6.52170685096182,,,,,,,,,,,,
2449,3.048924092869573,,,,,,,,4.099719773693866,,,,,,,,,,,,
2450,6.311611898113961,,,,,,,,3.048924092869573,,,,,,,,,,,,
2451,3.104505054985564,,,,,,,,0.0,,,,,,,,,,,,
2452,2.3640131171754457,,,,,,,,2.0956956867578507,,,,,,,,,,,,
2453,0.0669467607792184,,,,,,,,3.1806734144966624,,,,,,,,,,,,
2454,2.199198743708845,,,,,,,,0.0,,,,,,,,,,,,
2455,0.0325314998532016,,,,,,,,0.0,,,,,,,,,,,,
2456,0.0280877934472444,,,,,,,,7.70722884318748,,,,,,,,,,,,
2457,0.0,,,,,,,,0.0,,,,,,,,,,,,
2458,0.0,,,,,,,,0.0280877934472444,,,,,,,,,,,,
2459,0.0,,,,,,,,15.660569223528796,,,,,,,,,,,,
2460,0.0,,,,,,,,0.0,,,,,,,,,,,,
2461,2.9758561045830887,,,,,,,,8.274183569068175,,,,,,,,,,,,
2462,0.0,,,,,,,,2.29150235109587,,,,,,,,,,,,
2463,3.1806734144966624,,,,,,,,4.980428504757223,,,,,,,,,,,,
2464,0.0,,,,,,,,2.199198743708845,,,,,,,,,,,,
2465,2.29150235109587,,,,,,,,7.429721685072115,,,,,,,,,,,,
2466,0.0,,,,,,,,8.787753067226653,,,,,,,,,,,,
2467,0.0,,,,,,,,0.1196913799091976,,,,,,,,,,,,
2468,0.0,,,,,,,,0.0926797102431434,,,,,,,,,,,,
2469,0.0,,,,,,,,5.08335688941316,,,,,,,,,,,,
2470,0.0,,,,,,,,8.712023740113676,,,,,,,,,,,,
2471,0.0,,,,,,,,4.357497648516051,,,,,,,,,,,,
2472,3.462836647521672,,,,,,,,4.439915437568395,,,,,,,,,,,,
2473,0.0,,,,,,,,0.0,,,,,,,,,,,,
2474,0.0,,,,,,,,4.099719773693866,,,,,,,,,,,,
2475,0.0,,,,,,,,3.048924092869573,,,,,,,,,,,,
2476,0.0,,,,,,,,0.0926797102431434,,,,,,,,,,,,
2477,0.1196913799091976,,,,,,,,0.0,,,,,,,,,,,,
2478,0.0,,,,,,,,2.0956956867578507,,,,,,,,,,,,
2479,0.0,,,,,,,,0.0,,,,,,,,,,,,
2480,0.0,,,,,,,,0.0,,,,,,,,,,,,
2481,0.0,,,,,,,,0.0,,,,,,,,,,,,
2482,0.0,,,,,,,,15.660569223528796,,,,,,,,,,,,
2483,0.0,,,,,,,,0.0,,,,,,,,,,,,
2484,2.199198743708845,,,,,,,,8.787753067226653,,,,,,,,,,,,
2485,3.048924092869573,,,,,,,,3.1806734144966624,,,,,,,,,,,,
2486,5.983319937924184,,,,,,,,8.274183569068175,,,,,,,,,,,,
2487,2.0956956867578507,,,,,,,,2.29150235109587,,,,,,,,,,,,
2488,6.311611898113961,,,,,,,,6.52170685096182,,,,,,,,,,,,
2489,2.844536548299099,,,,,,,,4.980428504757223,,,,,,,,,,,,
2490,3.318778464280774,,,,,,,,9.739914662371811,,,,,,,,,,,,
2491,0.0926797102431434,,,,,,,,5.1396572837575984,,,,,,,,,,,,
2492,2.270403213518286,,,,,,,,0.1196913799091976,,,,,,,,,,,,
2493,0.0669467607792184,,,,,,,,5.08335688941316,,,,,,,,,,,,
2494,0.0325314998532016,,,,,,,,2.235727304024508,,,,,,,,,,,,
2495,0.0280877934472444,,,,,,,,0.0280877934472444,,,,,,,,,,,,
2496,0.0280877934472444,,,,,,,,2.199198743708845,,,,,,,,,,,,
2497,0.0,,,,,,,,4.439915437568395,,,,,,,,,,,,
2498,0.0,,,,,,,,0.0,,,,,,,,,,,,
2499,0.0,,,,,,,,8.274183569068175,,,,,,,,,,,,
2500,0.0,,,,,,,,15.660569223528796,,,,,,,,,,,,
2501,0.0,,,,,,,,3.1806734144966624,,,,,,,,,,,,
2502,0.0,,,,,,,,0.0926797102431434,,,,,,,,,,,,
2503,0.0,,,,,,,,2.0956956867578507,,,,,,,,,,,,
2504,0.0,,,,,,,,0.0,,,,,,,,,,,,
2505,0.0,,,,,,,,0.0,,,,,,,,,,,,
2506,0.0,,,,,,,,2.29150235109587,,,,,,,,,,,,
2507,3.1806734144966624,,,,,,,,0.0,,,,,,,,,,,,
2508,0.0669467607792184,,,,,,,,0.0,,,,,,,,,,,,
2509,0.0,,,,,,,,5.1396572837575984,,,,,,,,,,,,
2510,6.311611898113961,,,,,,,,0.0,,,,,,,,,,,,
2511,0.0,,,,,,,,8.712023740113676,,,,,,,,,,,,
2512,0.0,,,,,,,,4.099719773693866,,,,,,,,,,,,
2513,0.1196913799091976,,,,,,,,4.357497648516051,,,,,,,,,,,,
2514,0.0,,,,,,,,4.980428504757223,,,,,,,,,,,,
2515,0.0,,,,,,,,3.048924092869573,,,,,,,,,,,,
2516,0.0325314998532016,,,,,,,,6.52170685096182,,,,,,,,,,,,
2517,0.0,,,,,,,,11.204723685217274,,,,,,,,,,,,
2518,0.0,,,,,,,,7.565178155430798,,,,,,,,,,,,
2519,0.0,,,,,,,,0.1196913799091976,,,,,,,,,,,,
2520,0.0,,,,,,,,5.08335688941316,,,,,,,,,,,,
2521,0.0,,,,,,,,0.0280877934472444,,,,,,,,,,,,
2522,0.0,,,,,,,,2.235727304024508,,,,,,,,,,,,
2523,0.0,,,,,,,,7.429721685072115,,,,,,,,,,,,
2524,2.9758561045830887,,,,,,,,4.099719773693866,,,,,,,,,,,,
2525,3.462836647521672,,,,,,,,0.0,,,,,,,,,,,,
2526,2.29150235109587,,,,,,,,4.439915437568395,,,,,,,,,,,,
2527,3.048924092869573,,,,,,,,8.712023740113676,,,,,,,,,,,,
2528,2.199198743708845,,,,,,,,0.0,,,,,,,,,,,,
2529,5.983319937924184,,,,,,,,3.048924092869573,,,,,,,,,,,,
2530,2.0956956867578507,,,,,,,,0.0926797102431434,,,,,,,,,,,,
2531,2.844536548299099,,,,,,,,2.0956956867578507,,,,,,,,,,,,
2532,3.104505054985564,,,,,,,,0.0,,,,,,,,,,,,
2533,0.0926797102431434,,,,,,,,0.0,,,,,,,,,,,,
2534,2.3640131171754457,,,,,,,,0.0,,,,,,,,,,,,
2535,0.0,,,,,,,,15.660569223528796,,,,,,,,,,,,
2536,5.983319937924184,,,,,,,,6.52170685096182,,,,,,,,,,,,
2537,0.0,,,,,,,,0.0,,,,,,,,,,,,
2538,0.0280877934472444,,,,,,,,0.0,,,,,,,,,,,,
2539,0.0,,,,,,,,4.357497648516051,,,,,,,,,,,,
2540,2.3640131171754457,,,,,,,,4.980428504757223,,,,,,,,,,,,
2541,0.0,,,,,,,,8.274183569068175,,,,,,,,,,,,
2542,0.0,,,,,,,,4.075617702495532,,,,,,,,,,,,
2543,3.048924092869573,,,,,,,,2.29150235109587,,,,,,,,,,,,
2544,2.0956956867578507,,,,,,,,8.787753067226653,,,,,,,,,,,,
2545,2.199198743708845,,,,,,,,7.70722884318748,,,,,,,,,,,,
2546,2.9758561045830887,,,,,,,,0.1196913799091976,,,,,,,,,,,,
2547,0.0926797102431434,,,,,,,,0.0669467607792184,,,,,,,,,,,,
2548,0.0,,,,,,,,0.0280877934472444,,,,,,,,,,,,
2549,3.1806734144966624,,,,,,,,2.29150235109587,,,,,,,,,,,,
2550,0.0,,,,,,,,2.199198743708845,,,,,,,,,,,,
2551,0.0,,,,,,,,8.712023740113676,,,,,,,,,,,,
2552,0.0,,,,,,,,4.357497648516051,,,,,,,,,,,,
2553,0.0,,,,,,,,5.08335688941316,,,,,,,,,,,,
2554,0.0,,,,,,,,0.0,,,,,,,,,,,,
2555,2.29150235109587,,,,,,,,3.048924092869573,,,,,,,,,,,,
2556,0.0,,,,,,,,0.0,,,,,,,,,,,,
2557,0.0,,,,,,,,0.0,,,,,,,,,,,,
2558,0.0,,,,,,,,4.439915437568395,,,,,,,,,,,,
2559,0.0,,,,,,,,15.660569223528796,,,,,,,,,,,,
2560,0.0,,,,,,,,0.0,,,,,,,,,,,,
2561,0.0,,,,,,,,3.1806734144966624,,,,,,,,,,,,
2562,0.0,,,,,,,,0.0,,,,,,,,,,,,
2563,0.0,,,,,,,,0.0,,,,,,,,,,,,
2564,0.0,,,,,,,,0.1196913799091976,,,,,,,,,,,,
2565,3.462836647521672,,,,,,,,4.980428504757223,,,,,,,,,,,,
2566,0.0,,,,,,,,8.274183569068175,,,,,,,,,,,,
2567,0.0,,,,,,,,4.099719773693866,,,,,,,,,,,,
2568,1.6009776871853536,,,,,,,,6.52170685096182,,,,,,,,,,,,
2569,6.311611898113961,,,,,,,,5.1396572837575984,,,,,,,,,,,,
2570,5.214161531673639,,,,,,,,2.0956956867578507,,,,,,,,,,,,
2571,0.1196913799091976,,,,,,,,11.204723685217274,,,,,,,,,,,,
2572,0.0669467607792184,,,,,,,,7.565178155430798,,,,,,,,,,,,
2573,0.0325314998532016,,,,,,,,0.0926797102431434,,,,,,,,,,,,
2574,2.844536548299099,,,,,,,,0.0280877934472444,,,,,,,,,,,,
2575,0.0,,,,,,,,8.712023740113676,,,,,,,,,,,,
2576,0.0669467607792184,,,,,,,,4.357497648516051,,,,,,,,,,,,
2577,0.0,,,,,,,,4.439915437568395,,,,,,,,,,,,
2578,0.0,,,,,,,,15.660569223528796,,,,,,,,,,,,
2579,0.0,,,,,,,,6.52170685096182,,,,,,,,,,,,
2580,0.0,,,,,,,,0.0,,,,,,,,,,,,
2581,5.983319937924184,,,,,,,,3.048924092869573,,,,,,,,,,,,
2582,0.0,,,,,,,,0.1196913799091976,,,,,,,,,,,,
2583,2.29150235109587,,,,,,,,0.0,,,,,,,,,,,,
2584,2.199198743708845,,,,,,,,2.0956956867578507,,,,,,,,,,,,
2585,0.0926797102431434,,,,,,,,0.0,,,,,,,,,,,,
2586,2.0956956867578507,,,,,,,,0.0,,,,,,,,,,,,
2587,0.0,,,,,,,,0.0,,,,,,,,,,,,
2588,0.0,,,,,,,,0.0280877934472444,,,,,,,,,,,,
2589,0.0,,,,,,,,0.0,,,,,,,,,,,,
2590,0.0,,,,,,,,3.1806734144966624,,,,,,,,,,,,
2591,3.1806734144966624,,,,,,,,4.980428504757223,,,,,,,,,,,,
2592,8.787753067226653,,,,,,,,4.099719773693866,,,,,,,,,,,,
2593,0.0,,,,,,,,5.08335688941316,,,,,,,,,,,,
2594,3.462836647521672,,,,,,,,2.29150235109587,,,,,,,,,,,,
2595,0.0,,,,,,,,8.274183569068175,,,,,,,,,,,,
2596,0.0,,,,,,,,7.429721685072115,,,,,,,,,,,,
2597,2.9758561045830887,,,,,,,,7.70722884318748,,,,,,,,,,,,
2598,0.0,,,,,,,,8.787753067226653,,,,,,,,,,,,
2599,0.0,,,,,,,,0.0926797102431434,,,,,,,,,,,,
2600,0.0,,,,,,,,2.199198743708845,,,,,,,,,,,,
2601,7.429721685072115,,,,,,,,,,,,,,,,,,,,
2602,0.0,,,,,,,,,,,,,,,,,,,,
2603,0.1196913799091976,,,,,,,,,,,,,,,,,,,,
2604,0.0,,,,,,,,,,,,,,,,,,,,
2605,0.0,,,,,,,,,,,,,,,,,,,,
2606,0.0,,,,,,,,,,,,,,,,,,,,
2607,0.0,,,,,,,,,,,,,,,,,,,,
2608,0.0325314998532016,,,,,,,,,,,,,,,,,,,,
2609,0.0,,,,,,,,,,,,,,,,,,,,
2610,3.048924092869573,,,,,,,,,,,,,,,,,,,,
2611,0.0280877934472444,,,,,,,,,,,,,,,,,,,,
2612,2.199198743708845,,,,,,,,,,,,,,,,,,,,
2613,0.0,,,,,,,,,,,,,,,,,,,,
2614,0.0,,,,,,,,,,,,,,,,,,,,
2615,0.0280877934472444,,,,,,,,,,,,,,,,,,,,
2616,0.0669467607792184,,,,,,,,,,,,,,,,,,,,
2617,0.0,,,,,,,,,,,,,,,,,,,,
2618,0.0,,,,,,,,,,,,,,,,,,,,
2619,0.0,,,,,,,,,,,,,,,,,,,,
2620,0.0926797102431434,,,,,,,,,,,,,,,,,,,,
2621,3.048924092869573,,,,,,,,,,,,,,,,,,,,
2622,0.0,,,,,,,,,,,,,,,,,,,,
2623,0.0325314998532016,,,,,,,,,,,,,,,,,,,,
2624,2.29150235109587,,,,,,,,,,,,,,,,,,,,
2625,0.0,,,,,,,,,,,,,,,,,,,,
2626,2.0956956867578507,,,,,,,,,,,,,,,,,,,,
2627,2.844536548299099,,,,,,,,,,,,,,,,,,,,
2628,0.0,,,,,,,,,,,,,,,,,,,,
2629,3.1806734144966624,,,,,,,,,,,,,,,,,,,,
2630,0.0,,,,,,,,,,,,,,,,,,,,
2631,0.0,,,,,,,,,,,,,,,,,,,,
2632,0.0,,,,,,,,,,,,,,,,,,,,
2633,0.0,,,,,,,,,,,,,,,,,,,,
2634,0.0,,,,,,,,,,,,,,,,,,,,
2635,6.311611898113961,,,,,,,,,,,,,,,,,,,,
2636,0.0,,,,,,,,,,,,,,,,,,,,
2637,0.0,,,,,,,,,,,,,,,,,,,,
2638,0.0,,,,,,,,,,,,,,,,,,,,
2639,0.0,,,,,,,,,,,,,,,,,,,,
2640,0.0,,,,,,,,,,,,,,,,,,,,
2641,0.1196913799091976,,,,,,,,,,,,,,,,,,,,
2642,0.0,,,,,,,,,,,,,,,,,,,,
2643,0.0,,,,,,,,,,,,,,,,,,,,
2644,2.9758561045830887,,,,,,,,,,,,,,,,,,,,
2645,0.0,,,,,,,,,,,,,,,,,,,,
2646,0.0,,,,,,,,,,,,,,,,,,,,
2647,3.462836647521672,,,,,,,,,,,,,,,,,,,,
2648,2.270403213518286,,,,,,,,,,,,,,,,,,,,
2649,5.983319937924184,,,,,,,,,,,,,,,,,,,,
2650,3.104505054985564,,,,,,,,,,,,,,,,,,,,
2651,0.0,,,,,,,,,,,,,,,,,,,,
2652,2.29150235109587,,,,,,,,,,,,,,,,,,,,
2653,0.0,,,,,,,,,,,,,,,,,,,,
2654,0.0,,,,,,,,,,,,,,,,,,,,
2655,2.0956956867578507,,,,,,,,,,,,,,,,,,,,
2656,0.0,,,,,,,,,,,,,,,,,,,,
2657,0.0,,,,,,,,,,,,,,,,,,,,
2658,0.0669467607792184,,,,,,,,,,,,,,,,,,,,
2659,0.0,,,,,,,,,,,,,,,,,,,,
2660,0.0,,,,,,,,,,,,,,,,,,,,
2661,0.0,,,,,,,,,,,,,,,,,,,,
2662,0.0,,,,,,,,,,,,,,,,,,,,
2663,0.0,,,,,,,,,,,,,,,,,,,,
2664,3.1806734144966624,,,,,,,,,,,,,,,,,,,,
2665,6.311611898113961,,,,,,,,,,,,,,,,,,,,
2666,0.0,,,,,,,,,,,,,,,,,,,,
2667,0.0,,,,,,,,,,,,,,,,,,,,
2668,2.9758561045830887,,,,,,,,,,,,,,,,,,,,
2669,3.462836647521672,,,,,,,,,,,,,,,,,,,,
2670,0.0,,,,,,,,,,,,,,,,,,,,
2671,0.0280877934472444,,,,,,,,,,,,,,,,,,,,
2672,5.983319937924184,,,,,,,,,,,,,,,,,,,,
2673,0.0,,,,,,,,,,,,,,,,,,,,
2674,0.0,,,,,,,,,,,,,,,,,,,,
2675,0.1196913799091976,,,,,,,,,,,,,,,,,,,,
2676,0.0,,,,,,,,,,,,,,,,,,,,
2677,0.0,,,,,,,,,,,,,,,,,,,,
2678,0.0,,,,,,,,,,,,,,,,,,,,
2679,0.0,,,,,,,,,,,,,,,,,,,,
2680,0.0,,,,,,,,,,,,,,,,,,,,
2681,0.0,,,,,,,,,,,,,,,,,,,,
2682,3.104505054985564,,,,,,,,,,,,,,,,,,,,
2683,0.0,,,,,,,,,,,,,,,,,,,,
2684,3.048924092869573,,,,,,,,,,,,,,,,,,,,
2685,2.844536548299099,,,,,,,,,,,,,,,,,,,,
2686,0.0926797102431434,,,,,,,,,,,,,,,,,,,,
2687,2.270403213518286,,,,,,,,,,,,,,,,,,,,
2688,2.199198743708845,,,,,,,,,,,,,,,,,,,,
2689,0.0325314998532016,,,,,,,,,,,,,,,,,,,,
2690,2.235727304024508,,,,,,,,,,,,,,,,,,,,
2691,0.0,,,,,,,,,,,,,,,,,,,,
2692,0.0,,,,,,,,,,,,,,,,,,,,
2693,0.0,,,,,,,,,,,,,,,,,,,,
2694,0.0,,,,,,,,,,,,,,,,,,,,
2695,3.1806734144966624,,,,,,,,,,,,,,,,,,,,
2696,2.0956956867578507,,,,,,,,,,,,,,,,,,,,
2697,0.0,,,,,,,,,,,,,,,,,,,,
2698,3.048924092869573,,,,,,,,,,,,,,,,,,,,
2699,2.9758561045830887,,,,,,,,,,,,,,,,,,,,
2700,0.0926797102431434,,,,,,,,,,,,,,,,,,,,
2701,0.0,,,,,,,,,,,,,,,,,,,,
2702,0.0,,,,,,,,,,,,,,,,,,,,
2703,0.0669467607792184,,,,,,,,,,,,,,,,,,,,
2704,0.1196913799091976,,,,,,,,,,,,,,,,,,,,
2705,0.0,,,,,,,,,,,,,,,,,,,,
2706,0.0,,,,,,,,,,,,,,,,,,,,
2707,0.0,,,,,,,,,,,,,,,,,,,,
2708,0.0,,,,,,,,,,,,,,,,,,,,
2709,3.462836647521672,,,,,,,,,,,,,,,,,,,,
2710,0.0,,,,,,,,,,,,,,,,,,,,
2711,0.0,,,,,,,,,,,,,,,,,,,,
2712,0.0,,,,,,,,,,,,,,,,,,,,
2713,0.0,,,,,,,,,,,,,,,,,,,,
2714,2.844536548299099,,,,,,,,,,,,,,,,,,,,
2715,0.0,,,,,,,,,,,,,,,,,,,,
2716,0.0,,,,,,,,,,,,,,,,,,,,
2717,0.0,,,,,,,,,,,,,,,,,,,,
2718,0.0,,,,,,,,,,,,,,,,,,,,
2719,0.0,,,,,,,,,,,,,,,,,,,,
2720,0.0,,,,,,,,,,,,,,,,,,,,
2721,0.0325314998532016,,,,,,,,,,,,,,,,,,,,
2722,2.270403213518286,,,,,,,,,,,,,,,,,,,,
2723,0.0,,,,,,,,,,,,,,,,,,,,
2724,2.29150235109587,,,,,,,,,,,,,,,,,,,,
2725,5.983319937924184,,,,,,,,,,,,,,,,,,,,
2726,3.318778464280774,,,,,,,,,,,,,,,,,,,,
2727,6.311611898113961,,,,,,,,,,,,,,,,,,,,
2728,0.0280877934472444,,,,,,,,,,,,,,,,,,,,
2729,0.0,,,,,,,,,,,,,,,,,,,,
2730,0.0,,,,,,,,,,,,,,,,,,,,
2731,2.9758561045830887,,,,,,,,,,,,,,,,,,,,
2732,0.0,,,,,,,,,,,,,,,,,,,,
2733,0.0,,,,,,,,,,,,,,,,,,,,
2734,0.0,,,,,,,,,,,,,,,,,,,,
2735,0.0,,,,,,,,,,,,,,,,,,,,
2736,0.0,,,,,,,,,,,,,,,,,,,,
2737,3.048924092869573,,,,,,,,,,,,,,,,,,,,
2738,2.29150235109587,,,,,,,,,,,,,,,,,,,,
2739,0.0,,,,,,,,,,,,,,,,,,,,
2740,0.0,,,,,,,,,,,,,,,,,,,,
2741,0.0,,,,,,,,,,,,,,,,,,,,
2742,2.270403213518286,,,,,,,,,,,,,,,,,,,,
2743,0.0,,,,,,,,,,,,,,,,,,,,
2744,0.0,,,,,,,,,,,,,,,,,,,,
2745,0.0325314998532016,,,,,,,,,,,,,,,,,,,,
2746,0.0,,,,,,,,,,,,,,,,,,,,
2747,0.0,,,,,,,,,,,,,,,,,,,,
2748,0.0,,,,,,,,,,,,,,,,,,,,
2749,0.0,,,,,,,,,,,,,,,,,,,,
2750,5.983319937924184,,,,,,,,,,,,,,,,,,,,
2751,3.1806734144966624,,,,,,,,,,,,,,,,,,,,
2752,0.0,,,,,,,,,,,,,,,,,,,,
2753,0.0,,,,,,,,,,,,,,,,,,,,
2754,0.0,,,,,,,,,,,,,,,,,,,,
2755,0.0,,,,,,,,,,,,,,,,,,,,
2756,3.462836647521672,,,,,,,,,,,,,,,,,,,,
2757,0.0,,,,,,,,,,,,,,,,,,,,
2758,0.0,,,,,,,,,,,,,,,,,,,,
2759,2.0956956867578507,,,,,,,,,,,,,,,,,,,,
2760,6.311611898113961,,,,,,,,,,,,,,,,,,,,
2761,3.104505054985564,,,,,,,,,,,,,,,,,,,,
2762,2.844536548299099,,,,,,,,,,,,,,,,,,,,
2763,0.1196913799091976,,,,,,,,,,,,,,,,,,,,
2764,0.0926797102431434,,,,,,,,,,,,,,,,,,,,
2765,0.0669467607792184,,,,,,,,,,,,,,,,,,,,
2766,2.199198743708845,,,,,,,,,,,,,,,,,,,,
2767,0.0280877934472444,,,,,,,,,,,,,,,,,,,,
2768,0.0,,,,,,,,,,,,,,,,,,,,
2769,0.0,,,,,,,,,,,,,,,,,,,,
2770,0.0,,,,,,,,,,,,,,,,,,,,
2771,0.0,,,,,,,,,,,,,,,,,,,,
2772,5.983319937924184,,,,,,,,,,,,,,,,,,,,
2773,0.0,,,,,,,,,,,,,,,,,,,,
2774,0.0669467607792184,,,,,,,,,,,,,,,,,,,,
2775,0.0,,,,,,,,,,,,,,,,,,,,
2776,3.048924092869573,,,,,,,,,,,,,,,,,,,,
2777,0.0926797102431434,,,,,,,,,,,,,,,,,,,,
2778,0.0,,,,,,,,,,,,,,,,,,,,
2779,0.0,,,,,,,,,,,,,,,,,,,,
2780,2.0956956867578507,,,,,,,,,,,,,,,,,,,,
2781,3.1806734144966624,,,,,,,,,,,,,,,,,,,,
2782,0.0,,,,,,,,,,,,,,,,,,,,
2783,0.0,,,,,,,,,,,,,,,,,,,,
2784,0.0,,,,,,,,,,,,,,,,,,,,
2785,0.0,,,,,,,,,,,,,,,,,,,,
2786,0.0,,,,,,,,,,,,,,,,,,,,
2787,0.0,,,,,,,,,,,,,,,,,,,,
2788,0.0280877934472444,,,,,,,,,,,,,,,,,,,,
2789,0.0,,,,,,,,,,,,,,,,,,,,
2790,0.0,,,,,,,,,,,,,,,,,,,,
2791,0.0,,,,,,,,,,,,,,,,,,,,
2792,0.0,,,,,,,,,,,,,,,,,,,,
2793,3.462836647521672,,,,,,,,,,,,,,,,,,,,
2794,0.0,,,,,,,,,,,,,,,,,,,,
2795,0.0,,,,,,,,,,,,,,,,,,,,
2796,0.0,,,,,,,,,,,,,,,,,,,,
2797,0.0,,,,,,,,,,,,,,,,,,,,
2798,2.29150235109587,,,,,,,,,,,,,,,,,,,,
2799,2.9758561045830887,,,,,,,,,,,,,,,,,,,,
2800,6.311611898113961,,,,,,,,,,,,,,,,,,,,
2801,5.214161531673639,,,,,,,,,,,,,,,,,,,,
2802,1.6009776871853536,,,,,,,,,,,,,,,,,,,,
2803,0.1196913799091976,,,,,,,,,,,,,,,,,,,,
2804,2.270403213518286,,,,,,,,,,,,,,,,,,,,
2805,2.199198743708845,,,,,,,,,,,,,,,,,,,,
2806,0.0325314998532016,,,,,,,,,,,,,,,,,,,,
2807,0.0,,,,,,,,,,,,,,,,,,,,
2808,0.0,,,,,,,,,,,,,,,,,,,,
2809,6.311611898113961,,,,,,,,,,,,,,,,,,,,
2810,0.0,,,,,,,,,,,,,,,,,,,,
2811,3.1806734144966624,,,,,,,,,,,,,,,,,,,,
2812,0.0,,,,,,,,,,,,,,,,,,,,
2813,0.0,,,,,,,,,,,,,,,,,,,,
2814,2.29150235109587,,,,,,,,,,,,,,,,,,,,
2815,3.048924092869573,,,,,,,,,,,,,,,,,,,,
2816,0.0,,,,,,,,,,,,,,,,,,,,
2817,0.0,,,,,,,,,,,,,,,,,,,,
2818,0.0,,,,,,,,,,,,,,,,,,,,
2819,0.0,,,,,,,,,,,,,,,,,,,,
2820,0.0,,,,,,,,,,,,,,,,,,,,
2821,0.0,,,,,,,,,,,,,,,,,,,,
2822,0.0,,,,,,,,,,,,,,,,,,,,
2823,0.0,,,,,,,,,,,,,,,,,,,,
2824,2.9758561045830887,,,,,,,,,,,,,,,,,,,,
2825,0.0,,,,,,,,,,,,,,,,,,,,
2826,0.0,,,,,,,,,,,,,,,,,,,,
2827,0.0,,,,,,,,,,,,,,,,,,,,
2828,3.462836647521672,,,,,,,,,,,,,,,,,,,,
2829,0.0,,,,,,,,,,,,,,,,,,,,
2830,5.983319937924184,,,,,,,,,,,,,,,,,,,,
2831,0.0,,,,,,,,,,,,,,,,,,,,
2832,0.0,,,,,,,,,,,,,,,,,,,,
2833,0.0,,,,,,,,,,,,,,,,,,,,
2834,2.270403213518286,,,,,,,,,,,,,,,,,,,,
2835,0.0,,,,,,,,,,,,,,,,,,,,
2836,0.0,,,,,,,,,,,,,,,,,,,,
2837,5.214161531673639,,,,,,,,,,,,,,,,,,,,
2838,2.0956956867578507,,,,,,,,,,,,,,,,,,,,
2839,1.3755487060531857,,,,,,,,,,,,,,,,,,,,
2840,0.1196913799091976,,,,,,,,,,,,,,,,,,,,
2841,0.0926797102431434,,,,,,,,,,,,,,,,,,,,
2842,0.0669467607792184,,,,,,,,,,,,,,,,,,,,
2843,2.199198743708845,,,,,,,,,,,,,,,,,,,,
2844,0.0325314998532016,,,,,,,,,,,,,,,,,,,,
2845,0.0280877934472444,,,,,,,,,,,,,,,,,,,,
2846,0.0,,,,,,,,,,,,,,,,,,,,
2847,3.462836647521672,,,,,,,,,,,,,,,,,,,,
2848,0.0,,,,,,,,,,,,,,,,,,,,
2849,5.983319937924184,,,,,,,,,,,,,,,,,,,,
2850,0.0,,,,,,,,,,,,,,,,,,,,
2851,0.0,,,,,,,,,,,,,,,,,,,,
2852,0.0926797102431434,,,,,,,,,,,,,,,,,,,,
2853,0.0,,,,,,,,,,,,,,,,,,,,
2854,0.0,,,,,,,,,,,,,,,,,,,,
2855,3.048924092869573,,,,,,,,,,,,,,,,,,,,
2856,2.0956956867578507,,,,,,,,,,,,,,,,,,,,
2857,0.0,,,,,,,,,,,,,,,,,,,,
2858,3.1806734144966624,,,,,,,,,,,,,,,,,,,,
2859,2.29150235109587,,,,,,,,,,,,,,,,,,,,
2860,0.0,,,,,,,,,,,,,,,,,,,,
2861,0.0,,,,,,,,,,,,,,,,,,,,
2862,0.0,,,,,,,,,,,,,,,,,,,,
2863,0.0,,,,,,,,,,,,,,,,,,,,
2864,0.0,,,,,,,,,,,,,,,,,,,,
2865,2.9758561045830887,,,,,,,,,,,,,,,,,,,,
2866,0.0,,,,,,,,,,,,,,,,,,,,
2867,0.0,,,,,,,,,,,,,,,,,,,,
2868,0.0,,,,,,,,,,,,,,,,,,,,
2869,0.0,,,,,,,,,,,,,,,,,,,,
2870,0.0,,,,,,,,,,,,,,,,,,,,
2871,0.0,,,,,,,,,,,,,,,,,,,,
2872,0.0,,,,,,,,,,,,,,,,,,,,
2873,0.0,,,,,,,,,,,,,,,,,,,,
2874,0.0,,,,,,,,,,,,,,,,,,,,
2875,0.0,,,,,,,,,,,,,,,,,,,,
2876,2.270403213518286,,,,,,,,,,,,,,,,,,,,
2877,6.311611898113961,,,,,,,,,,,,,,,,,,,,
2878,2.844536548299099,,,,,,,,,,,,,,,,,,,,
2879,3.104505054985564,,,,,,,,,,,,,,,,,,,,
2880,0.1196913799091976,,,,,,,,,,,,,,,,,,,,
2881,0.0669467607792184,,,,,,,,,,,,,,,,,,,,
2882,2.199198743708845,,,,,,,,,,,,,,,,,,,,
2883,0.0325314998532016,,,,,,,,,,,,,,,,,,,,
2884,0.0280877934472444,,,,,,,,,,,,,,,,,,,,
2885,0.0,,,,,,,,,,,,,,,,,,,,
2886,0.1196913799091976,,,,,,,,,,,,,,,,,,,,
2887,3.1806734144966624,,,,,,,,,,,,,,,,,,,,
2888,0.0,,,,,,,,,,,,,,,,,,,,
2889,2.0956956867578507,,,,,,,,,,,,,,,,,,,,
2890,0.0,,,,,,,,,,,,,,,,,,,,
2891,0.0,,,,,,,,,,,,,,,,,,,,
2892,0.0,,,,,,,,,,,,,,,,,,,,
2893,0.0,,,,,,,,,,,,,,,,,,,,
2894,0.0,,,,,,,,,,,,,,,,,,,,
2895,0.0,,,,,,,,,,,,,,,,,,,,
2896,0.0669467607792184,,,,,,,,,,,,,,,,,,,,
2897,0.0,,,,,,,,,,,,,,,,,,,,
2898,0.0,,,,,,,,,,,,,,,,,,,,
2899,0.0,,,,,,,,,,,,,,,,,,,,
2900,0.0,,,,,,,,,,,,,,,,,,,,
2901,0.0,,,,,,,,,,,,,,,,,,,,
2902,0.0,,,,,,,,,,,,,,,,,,,,
2903,0.0,,,,,,,,,,,,,,,,,,,,
2904,0.0,,,,,,,,,,,,,,,,,,,,
2905,2.29150235109587,,,,,,,,,,,,,,,,,,,,
2906,0.0,,,,,,,,,,,,,,,,,,,,
2907,0.0,,,,,,,,,,,,,,,,,,,,
2908,2.9758561045830887,,,,,,,,,,,,,,,,,,,,
2909,0.0,,,,,,,,,,,,,,,,,,,,
2910,0.0,,,,,,,,,,,,,,,,,,,,
2911,0.0,,,,,,,,,,,,,,,,,,,,
2912,0.0,,,,,,,,,,,,,,,,,,,,
2913,3.048924092869573,,,,,,,,,,,,,,,,,,,,
2914,3.462836647521672,,,,,,,,,,,,,,,,,,,,
2915,6.311611898113961,,,,,,,,,,,,,,,,,,,,
2916,5.983319937924184,,,,,,,,,,,,,,,,,,,,
2917,2.844536548299099,,,,,,,,,,,,,,,,,,,,
2918,3.104505054985564,,,,,,,,,,,,,,,,,,,,
2919,2.270403213518286,,,,,,,,,,,,,,,,,,,,
2920,0.0926797102431434,,,,,,,,,,,,,,,,,,,,
2921,2.235727304024508,,,,,,,,,,,,,,,,,,,,
2922,0.0325314998532016,,,,,,,,,,,,,,,,,,,,
2923,0.0280877934472444,,,,,,,,,,,,,,,,,,,,
2924,0.0,,,,,,,,,,,,,,,,,,,,
2925,2.0956956867578507,,,,,,,,,,,,,,,,,,,,
2926,0.0,,,,,,,,,,,,,,,,,,,,
2927,0.0,,,,,,,,,,,,,,,,,,,,
2928,0.0,,,,,,,,,,,,,,,,,,,,
2929,0.0,,,,,,,,,,,,,,,,,,,,
2930,0.0,,,,,,,,,,,,,,,,,,,,
2931,0.0,,,,,,,,,,,,,,,,,,,,
2932,0.0,,,,,,,,,,,,,,,,,,,,
2933,0.0,,,,,,,,,,,,,,,,,,,,
2934,0.0,,,,,,,,,,,,,,,,,,,,
2935,0.0,,,,,,,,,,,,,,,,,,,,
2936,0.0,,,,,,,,,,,,,,,,,,,,
2937,0.0669467607792184,,,,,,,,,,,,,,,,,,,,
2938,0.1196913799091976,,,,,,,,,,,,,,,,,,,,
2939,3.1806734144966624,,,,,,,,,,,,,,,,,,,,
2940,0.0,,,,,,,,,,,,,,,,,,,,
2941,2.9758561045830887,,,,,,,,,,,,,,,,,,,,
2942,0.0,,,,,,,,,,,,,,,,,,,,
2943,0.0,,,,,,,,,,,,,,,,,,,,
2944,0.0,,,,,,,,,,,,,,,,,,,,
2945,2.270403213518286,,,,,,,,,,,,,,,,,,,,
2946,0.0,,,,,,,,,,,,,,,,,,,,
2947,0.0,,,,,,,,,,,,,,,,,,,,
2948,0.0,,,,,,,,,,,,,,,,,,,,
2949,0.0,,,,,,,,,,,,,,,,,,,,
2950,3.462836647521672,,,,,,,,,,,,,,,,,,,,
2951,0.0,,,,,,,,,,,,,,,,,,,,
2952,0.0,,,,,,,,,,,,,,,,,,,,
2953,2.29150235109587,,,,,,,,,,,,,,,,,,,,
2954,3.048924092869573,,,,,,,,,,,,,,,,,,,,
2955,5.983319937924184,,,,,,,,,,,,,,,,,,,,
2956,6.311611898113961,,,,,,,,,,,,,,,,,,,,
2957,2.844536548299099,,,,,,,,,,,,,,,,,,,,
2958,3.104505054985564,,,,,,,,,,,,,,,,,,,,
2959,0.0926797102431434,,,,,,,,,,,,,,,,,,,,
2960,2.199198743708845,,,,,,,,,,,,,,,,,,,,
2961,0.0325314998532016,,,,,,,,,,,,,,,,,,,,
2962,0.0280877934472444,,,,,,,,,,,,,,,,,,,,
2963,0.0,,,,,,,,,,,,,,,,,,,,
2964,0.0,,,,,,,,,,,,,,,,,,,,
2965,0.0,,,,,,,,,,,,,,,,,,,,
2966,0.0,,,,,,,,,,,,,,,,,,,,
2967,0.0,,,,,,,,,,,,,,,,,,,,
2968,0.0926797102431434,,,,,,,,,,,,,,,,,,,,
2969,3.462836647521672,,,,,,,,,,,,,,,,,,,,
2970,0.0,,,,,,,,,,,,,,,,,,,,
2971,3.1806734144966624,,,,,,,,,,,,,,,,,,,,
2972,0.0,,,,,,,,,,,,,,,,,,,,
2973,3.048924092869573,,,,,,,,,,,,,,,,,,,,
2974,0.0,,,,,,,,,,,,,,,,,,,,
2975,0.0325314998532016,,,,,,,,,,,,,,,,,,,,
2976,0.0,,,,,,,,,,,,,,,,,,,,
2977,0.0669467607792184,,,,,,,,,,,,,,,,,,,,
2978,0.0,,,,,,,,,,,,,,,,,,,,
2979,0.0,,,,,,,,,,,,,,,,,,,,
2980,6.311611898113961,,,,,,,,,,,,,,,,,,,,
2981,0.0,,,,,,,,,,,,,,,,,,,,
2982,0.0,,,,,,,,,,,,,,,,,,,,
2983,0.0,,,,,,,,,,,,,,,,,,,,
2984,0.0,,,,,,,,,,,,,,,,,,,,
2985,0.0,,,,,,,,,,,,,,,,,,,,
2986,0.0,,,,,,,,,,,,,,,,,,,,
2987,0.0,,,,,,,,,,,,,,,,,,,,
2988,0.0,,,,,,,,,,,,,,,,,,,,
2989,0.0,,,,,,,,,,,,,,,,,,,,
2990,0.0,,,,,,,,,,,,,,,,,,,,
2991,0.0,,,,,,,,,,,,,,,,,,,,
2992,2.29150235109587,,,,,,,,,,,,,,,,,,,,
2993,2.9758561045830887,,,,,,,,,,,,,,,,,,,,
2994,3.104505054985564,,,,,,,,,,,,,,,,,,,,
2995,5.983319937924184,,,,,,,,,,,,,,,,,,,,
2996,2.0956956867578507,,,,,,,,,,,,,,,,,,,,
2997,2.844536548299099,,,,,,,,,,,,,,,,,,,,
2998,0.1196913799091976,,,,,,,,,,,,,,,,,,,,
2999,2.270403213518286,,,,,,,,,,,,,,,,,,,,
3000,2.199198743708845,,,,,,,,,,,,,,,,,,,,
3001,0.0280877934472444,,,,,,,,,,,,,,,,,,,,
3002,2.199198743708845,,,,,,,,,,,,,,,,,,,,
3003,0.0,,,,,,,,,,,,,,,,,,,,
3004,0.0,,,,,,,,,,,,,,,,,,,,
3005,0.0,,,,,,,,,,,,,,,,,,,,
3006,3.1806734144966624,,,,,,,,,,,,,,,,,,,,
3007,0.0,,,,,,,,,,,,,,,,,,,,
3008,0.0,,,,,,,,,,,,,,,,,,,,
3009,2.0956956867578507,,,,,,,,,,,,,,,,,,,,
3010,0.0,,,,,,,,,,,,,,,,,,,,
3011,0.0,,,,,,,,,,,,,,,,,,,,
3012,0.0,,,,,,,,,,,,,,,,,,,,
3013,0.0280877934472444,,,,,,,,,,,,,,,,,,,,
3014,0.0669467607792184,,,,,,,,,,,,,,,,,,,,
3015,2.270403213518286,,,,,,,,,,,,,,,,,,,,
3016,0.0,,,,,,,,,,,,,,,,,,,,
3017,0.0,,,,,,,,,,,,,,,,,,,,
3018,0.0,,,,,,,,,,,,,,,,,,,,
3019,0.0,,,,,,,,,,,,,,,,,,,,
3020,0.0,,,,,,,,,,,,,,,,,,,,
3021,0.0,,,,,,,,,,,,,,,,,,,,
3022,3.104505054985564,,,,,,,,,,,,,,,,,,,,
3023,0.0,,,,,,,,,,,,,,,,,,,,
3024,5.983319937924184,,,,,,,,,,,,,,,,,,,,
3025,0.0,,,,,,,,,,,,,,,,,,,,
3026,0.0,,,,,,,,,,,,,,,,,,,,
3027,0.0,,,,,,,,,,,,,,,,,,,,
3028,0.0,,,,,,,,,,,,,,,,,,,,
3029,3.462836647521672,,,,,,,,,,,,,,,,,,,,
3030,0.0,,,,,,,,,,,,,,,,,,,,
3031,0.0,,,,,,,,,,,,,,,,,,,,
3032,2.844536548299099,,,,,,,,,,,,,,,,,,,,
3033,0.0,,,,,,,,,,,,,,,,,,,,
3034,2.29150235109587,,,,,,,,,,,,,,,,,,,,
3035,3.048924092869573,,,,,,,,,,,,,,,,,,,,
3036,2.9758561045830887,,,,,,,,,,,,,,,,,,,,
3037,6.311611898113961,,,,,,,,,,,,,,,,,,,,
3038,0.1196913799091976,,,,,,,,,,,,,,,,,,,,
3039,0.0926797102431434,,,,,,,,,,,,,,,,,,,,
3040,0.0325314998532016,,,,,,,,,,,,,,,,,,,,
3041,0.0669467607792184,,,,,,,,,,,,,,,,,,,,
3042,0.0,,,,,,,,,,,,,,,,,,,,
3043,0.0,,,,,,,,,,,,,,,,,,,,
3044,0.0,,,,,,,,,,,,,,,,,,,,
3045,0.0,,,,,,,,,,,,,,,,,,,,
3046,0.0,,,,,,,,,,,,,,,,,,,,
3047,3.048924092869573,,,,,,,,,,,,,,,,,,,,
3048,0.0,,,,,,,,,,,,,,,,,,,,
3049,0.0,,,,,,,,,,,,,,,,,,,,
3050,0.0926797102431434,,,,,,,,,,,,,,,,,,,,
3051,2.199198743708845,,,,,,,,,,,,,,,,,,,,
3052,0.0,,,,,,,,,,,,,,,,,,,,
3053,3.1806734144966624,,,,,,,,,,,,,,,,,,,,
3054,0.0,,,,,,,,,,,,,,,,,,,,
3055,0.0,,,,,,,,,,,,,,,,,,,,
3056,0.0,,,,,,,,,,,,,,,,,,,,
3057,0.0280877934472444,,,,,,,,,,,,,,,,,,,,
3058,2.0956956867578507,,,,,,,,,,,,,,,,,,,,
3059,2.29150235109587,,,,,,,,,,,,,,,,,,,,
3060,0.0,,,,,,,,,,,,,,,,,,,,
3061,0.0,,,,,,,,,,,,,,,,,,,,
3062,0.0,,,,,,,,,,,,,,,,,,,,
3063,0.0,,,,,,,,,,,,,,,,,,,,
3064,0.0,,,,,,,,,,,,,,,,,,,,
3065,0.0,,,,,,,,,,,,,,,,,,,,
3066,0.0,,,,,,,,,,,,,,,,,,,,
3067,0.0,,,,,,,,,,,,,,,,,,,,
3068,0.0,,,,,,,,,,,,,,,,,,,,
3069,0.1196913799091976,,,,,,,,,,,,,,,,,,,,
3070,6.311611898113961,,,,,,,,,,,,,,,,,,,,
3071,3.462836647521672,,,,,,,,,,,,,,,,,,,,
3072,0.0,,,,,,,,,,,,,,,,,,,,
3073,0.0,,,,,,,,,,,,,,,,,,,,
3074,2.9758561045830887,,,,,,,,,,,,,,,,,,,,
3075,5.983319937924184,,,,,,,,,,,,,,,,,,,,
3076,2.270403213518286,,,,,,,,,,,,,,,,,,,,
3077,1.3755487060531857,,,,,,,,,,,,,,,,,,,,
3078,5.214161531673639,,,,,,,,,,,,,,,,,,,,
3079,0.0325314998532016,,,,,,,,,,,,,,,,,,,,
3080,0.0,,,,,,,,,,,,,,,,,,,,
3081,2.29150235109587,,,,,,,,,,,,,,,,,,,,
3082,0.0,,,,,,,,,,,,,,,,,,,,
3083,5.983319937924184,,,,,,,,,,,,,,,,,,,,
3084,0.0,,,,,,,,,,,,,,,,,,,,
3085,0.0,,,,,,,,,,,,,,,,,,,,
3086,0.0,,,,,,,,,,,,,,,,,,,,
3087,0.0,,,,,,,,,,,,,,,,,,,,
3088,0.0,,,,,,,,,,,,,,,,,,,,
3089,0.0,,,,,,,,,,,,,,,,,,,,
3090,0.0,,,,,,,,,,,,,,,,,,,,
3091,2.0956956867578507,,,,,,,,,,,,,,,,,,,,
3092,0.0926797102431434,,,,,,,,,,,,,,,,,,,,
3093,3.1806734144966624,,,,,,,,,,,,,,,,,,,,
3094,0.0,,,,,,,,,,,,,,,,,,,,
3095,0.0280877934472444,,,,,,,,,,,,,,,,,,,,
3096,2.199198743708845,,,,,,,,,,,,,,,,,,,,
3097,0.0,,,,,,,,,,,,,,,,,,,,
3098,0.0669467607792184,,,,,,,,,,,,,,,,,,,,
3099,0.0,,,,,,,,,,,,,,,,,,,,
3100,3.462836647521672,,,,,,,,,,,,,,,,,,,,
3101,0.0,,,,,,,,,,,,,,,,,,,,
3102,0.0,,,,,,,,,,,,,,,,,,,,
3103,2.9758561045830887,,,,,,,,,,,,,,,,,,,,
3104,0.0,,,,,,,,,,,,,,,,,,,,
3105,0.0,,,,,,,,,,,,,,,,,,,,
3106,0.1196913799091976,,,,,,,,,,,,,,,,,,,,
3107,0.0,,,,,,,,,,,,,,,,,,,,
3108,0.0,,,,,,,,,,,,,,,,,,,,
3109,0.0,,,,,,,,,,,,,,,,,,,,
3110,0.0325314998532016,,,,,,,,,,,,,,,,,,,,
3111,0.0,,,,,,,,,,,,,,,,,,,,
3112,0.0,,,,,,,,,,,,,,,,,,,,
3113,0.0,,,,,,,,,,,,,,,,,,,,
3114,5.214161531673639,,,,,,,,,,,,,,,,,,,,
3115,3.048924092869573,,,,,,,,,,,,,,,,,,,,
3116,6.311611898113961,,,,,,,,,,,,,,,,,,,,
3117,1.3755487060531857,,,,,,,,,,,,,,,,,,,,
3118,2.270403213518286,,,,,,,,,,,,,,,,,,,,
3119,3.462836647521672,,,,,,,,,,,,,,,,,,,,
3120,2.199198743708845,,,,,,,,,,,,,,,,,,,,
3121,0.0,,,,,,,,,,,,,,,,,,,,
3122,0.0,,,,,,,,,,,,,,,,,,,,
3123,2.3640131171754457,,,,,,,,,,,,,,,,,,,,
3124,5.983319937924184,,,,,,,,,,,,,,,,,,,,
3125,2.9758561045830887,,,,,,,,,,,,,,,,,,,,
3126,0.0,,,,,,,,,,,,,,,,,,,,
3127,3.1806734144966624,,,,,,,,,,,,,,,,,,,,
3128,0.0,,,,,,,,,,,,,,,,,,,,
3129,0.0,,,,,,,,,,,,,,,,,,,,
3130,3.048924092869573,,,,,,,,,,,,,,,,,,,,
3131,0.0,,,,,,,,,,,,,,,,,,,,
3132,2.29150235109587,,,,,,,,,,,,,,,,,,,,
3133,2.0956956867578507,,,,,,,,,,,,,,,,,,,,
3134,6.311611898113961,,,,,,,,,,,,,,,,,,,,
3135,0.0,,,,,,,,,,,,,,,,,,,,
3136,0.0669467607792184,,,,,,,,,,,,,,,,,,,,
3137,0.0,,,,,,,,,,,,,,,,,,,,
3138,0.0,,,,,,,,,,,,,,,,,,,,
3139,0.0,,,,,,,,,,,,,,,,,,,,
3140,0.0,,,,,,,,,,,,,,,,,,,,
3141,0.0,,,,,,,,,,,,,,,,,,,,
3142,0.1196913799091976,,,,,,,,,,,,,,,,,,,,
3143,0.0,,,,,,,,,,,,,,,,,,,,
3144,0.0,,,,,,,,,,,,,,,,,,,,
3145,0.0,,,,,,,,,,,,,,,,,,,,
3146,0.0,,,,,,,,,,,,,,,,,,,,
3147,0.0,,,,,,,,,,,,,,,,,,,,
3148,0.0,,,,,,,,,,,,,,,,,,,,
3149,0.0,,,,,,,,,,,,,,,,,,,,
3150,0.0,,,,,,,,,,,,,,,,,,,,
3151,0.0,,,,,,,,,,,,,,,,,,,,
3152,0.0,,,,,,,,,,,,,,,,,,,,
3153,3.104505054985564,,,,,,,,,,,,,,,,,,,,
3154,2.844536548299099,,,,,,,,,,,,,,,,,,,,
3155,0.0926797102431434,,,,,,,,,,,,,,,,,,,,
3156,0.0325314998532016,,,,,,,,,,,,,,,,,,,,
3157,0.0280877934472444,,,,,,,,,,,,,,,,,,,,
3158,2.0956956867578507,,,,,,,,,,,,,,,,,,,,
3159,0.0,,,,,,,,,,,,,,,,,,,,
3160,2.9758561045830887,,,,,,,,,,,,,,,,,,,,
3161,3.1806734144966624,,,,,,,,,,,,,,,,,,,,
3162,0.0,,,,,,,,,,,,,,,,,,,,
3163,0.0,,,,,,,,,,,,,,,,,,,,
3164,0.0926797102431434,,,,,,,,,,,,,,,,,,,,
3165,0.0,,,,,,,,,,,,,,,,,,,,
3166,0.0,,,,,,,,,,,,,,,,,,,,
3167,3.048924092869573,,,,,,,,,,,,,,,,,,,,
3168,2.29150235109587,,,,,,,,,,,,,,,,,,,,
3169,0.0,,,,,,,,,,,,,,,,,,,,
3170,0.0,,,,,,,,,,,,,,,,,,,,
3171,5.983319937924184,,,,,,,,,,,,,,,,,,,,
3172,0.0,,,,,,,,,,,,,,,,,,,,
3173,0.0,,,,,,,,,,,,,,,,,,,,
3174,6.311611898113961,,,,,,,,,,,,,,,,,,,,
3175,3.462836647521672,,,,,,,,,,,,,,,,,,,,
3176,0.0669467607792184,,,,,,,,,,,,,,,,,,,,
3177,0.0,,,,,,,,,,,,,,,,,,,,
3178,0.0,,,,,,,,,,,,,,,,,,,,
3179,0.0,,,,,,,,,,,,,,,,,,,,
3180,0.0,,,,,,,,,,,,,,,,,,,,
3181,0.0,,,,,,,,,,,,,,,,,,,,
3182,0.0,,,,,,,,,,,,,,,,,,,,
3183,0.0,,,,,,,,,,,,,,,,,,,,
3184,0.0325314998532016,,,,,,,,,,,,,,,,,,,,
3185,0.0,,,,,,,,,,,,,,,,,,,,
3186,0.0,,,,,,,,,,,,,,,,,,,,
3187,0.0,,,,,,,,,,,,,,,,,,,,
3188,0.0,,,,,,,,,,,,,,,,,,,,
3189,0.0,,,,,,,,,,,,,,,,,,,,
3190,0.0,,,,,,,,,,,,,,,,,,,,
3191,0.1196913799091976,,,,,,,,,,,,,,,,,,,,
3192,2.199198743708845,,,,,,,,,,,,,,,,,,,,
3193,2.844536548299099,,,,,,,,,,,,,,,,,,,,
3194,3.318778464280774,,,,,,,,,,,,,,,,,,,,
3195,2.270403213518286,,,,,,,,,,,,,,,,,,,,
3196,0.0280877934472444,,,,,,,,,,,,,,,,,,,,
3197,0.0669467607792184,,,,,,,,,,,,,,,,,,,,
3198,3.318778464280774,,,,,,,,,,,,,,,,,,,,
3199,0.0,,,,,,,,,,,,,,,,,,,,
3200,5.983319937924184,,,,,,,,,,,,,,,,,,,,
3201,0.0,,,,,,,,,,,,,,,,,,,,
3202,0.0,,,,,,,,,,,,,,,,,,,,
3203,0.0,,,,,,,,,,,,,,,,,,,,
3204,0.0,,,,,,,,,,,,,,,,,,,,
3205,3.462836647521672,,,,,,,,,,,,,,,,,,,,
3206,0.0,,,,,,,,,,,,,,,,,,,,
3207,3.048924092869573,,,,,,,,,,,,,,,,,,,,
3208,0.0,,,,,,,,,,,,,,,,,,,,
3209,2.0956956867578507,,,,,,,,,,,,,,,,,,,,
3210,0.0280877934472444,,,,,,,,,,,,,,,,,,,,
3211,2.29150235109587,,,,,,,,,,,,,,,,,,,,
3212,3.1806734144966624,,,,,,,,,,,,,,,,,,,,
3213,0.0,,,,,,,,,,,,,,,,,,,,
3214,0.0,,,,,,,,,,,,,,,,,,,,
3215,0.0,,,,,,,,,,,,,,,,,,,,
3216,0.0,,,,,,,,,,,,,,,,,,,,
3217,0.0,,,,,,,,,,,,,,,,,,,,
3218,0.0,,,,,,,,,,,,,,,,,,,,
3219,0.0,,,,,,,,,,,,,,,,,,,,
3220,0.0,,,,,,,,,,,,,,,,,,,,
3221,0.0,,,,,,,,,,,,,,,,,,,,
3222,0.1196913799091976,,,,,,,,,,,,,,,,,,,,
3223,0.0,,,,,,,,,,,,,,,,,,,,
3224,0.0,,,,,,,,,,,,,,,,,,,,
3225,0.0,,,,,,,,,,,,,,,,,,,,
3226,0.0,,,,,,,,,,,,,,,,,,,,
3227,0.0,,,,,,,,,,,,,,,,,,,,
3228,2.9758561045830887,,,,,,,,,,,,,,,,,,,,
3229,0.0,,,,,,,,,,,,,,,,,,,,
3230,2.270403213518286,,,,,,,,,,,,,,,,,,,,
3231,6.311611898113961,,,,,,,,,,,,,,,,,,,,
3232,2.844536548299099,,,,,,,,,,,,,,,,,,,,
3233,0.0926797102431434,,,,,,,,,,,,,,,,,,,,
3234,2.199198743708845,,,,,,,,,,,,,,,,,,,,
3235,0.0325314998532016,,,,,,,,,,,,,,,,,,,,
3236,0.0,,,,,,,,,,,,,,,,,,,,
3237,0.0,,,,,,,,,,,,,,,,,,,,
3238,0.0,,,,,,,,,,,,,,,,,,,,
3239,0.0,,,,,,,,,,,,,,,,,,,,
3240,0.0,,,,,,,,,,,,,,,,,,,,
3241,0.0926797102431434,,,,,,,,,,,,,,,,,,,,
3242,3.048924092869573,,,,,,,,,,,,,,,,,,,,
3243,3.462836647521672,,,,,,,,,,,,,,,,,,,,
3244,0.0,,,,,,,,,,,,,,,,,,,,
3245,0.0,,,,,,,,,,,,,,,,,,,,
3246,0.0,,,,,,,,,,,,,,,,,,,,
3247,6.311611898113961,,,,,,,,,,,,,,,,,,,,
3248,3.1806734144966624,,,,,,,,,,,,,,,,,,,,
3249,0.0,,,,,,,,,,,,,,,,,,,,
3250,2.29150235109587,,,,,,,,,,,,,,,,,,,,
3251,0.0,,,,,,,,,,,,,,,,,,,,
3252,0.0,,,,,,,,,,,,,,,,,,,,
3253,0.0,,,,,,,,,,,,,,,,,,,,
3254,0.0,,,,,,,,,,,,,,,,,,,,
3255,0.0669467607792184,,,,,,,,,,,,,,,,,,,,
3256,0.0,,,,,,,,,,,,,,,,,,,,
3257,0.0,,,,,,,,,,,,,,,,,,,,
3258,0.0,,,,,,,,,,,,,,,,,,,,
3259,0.0,,,,,,,,,,,,,,,,,,,,
3260,0.0,,,,,,,,,,,,,,,,,,,,
3261,0.0,,,,,,,,,,,,,,,,,,,,
3262,0.1196913799091976,,,,,,,,,,,,,,,,,,,,
3263,0.0,,,,,,,,,,,,,,,,,,,,
3264,3.104505054985564,,,,,,,,,,,,,,,,,,,,
3265,0.0,,,,,,,,,,,,,,,,,,,,
3266,0.0,,,,,,,,,,,,,,,,,,,,
3267,2.9758561045830887,,,,,,,,,,,,,,,,,,,,
3268,2.0956956867578507,,,,,,,,,,,,,,,,,,,,
3269,5.983319937924184,,,,,,,,,,,,,,,,,,,,
3270,2.844536548299099,,,,,,,,,,,,,,,,,,,,
3271,2.3640131171754457,,,,,,,,,,,,,,,,,,,,
3272,2.199198743708845,,,,,,,,,,,,,,,,,,,,
3273,0.0325314998532016,,,,,,,,,,,,,,,,,,,,
3274,0.0280877934472444,,,,,,,,,,,,,,,,,,,,
3275,0.0,,,,,,,,,,,,,,,,,,,,
3276,0.0,,,,,,,,,,,,,,,,,,,,
3277,0.0,,,,,,,,,,,,,,,,,,,,
3278,0.0926797102431434,,,,,,,,,,,,,,,,,,,,
3279,0.0,,,,,,,,,,,,,,,,,,,,
3280,0.0,,,,,,,,,,,,,,,,,,,,
3281,0.0,,,,,,,,,,,,,,,,,,,,
3282,0.0,,,,,,,,,,,,,,,,,,,,
3283,2.29150235109587,,,,,,,,,,,,,,,,,,,,
3284,0.0,,,,,,,,,,,,,,,,,,,,
3285,0.0,,,,,,,,,,,,,,,,,,,,
3286,0.0,,,,,,,,,,,,,,,,,,,,
3287,0.0,,,,,,,,,,,,,,,,,,,,
3288,0.0280877934472444,,,,,,,,,,,,,,,,,,,,
3289,0.0,,,,,,,,,,,,,,,,,,,,
3290,0.0,,,,,,,,,,,,,,,,,,,,
3291,0.0,,,,,,,,,,,,,,,,,,,,
3292,5.983319937924184,,,,,,,,,,,,,,,,,,,,
3293,0.0,,,,,,,,,,,,,,,,,,,,
3294,0.0,,,,,,,,,,,,,,,,,,,,
3295,6.311611898113961,,,,,,,,,,,,,,,,,,,,
3296,0.0,,,,,,,,,,,,,,,,,,,,
3297,3.462836647521672,,,,,,,,,,,,,,,,,,,,
3298,0.0,,,,,,,,,,,,,,,,,,,,
3299,0.0,,,,,,,,,,,,,,,,,,,,
3300,3.1806734144966624,,,,,,,,,,,,,,,,,,,,
3301,0.0,,,,,,,,,,,,,,,,,,,,
3302,0.0,,,,,,,,,,,,,,,,,,,,
3303,0.0325314998532016,,,,,,,,,,,,,,,,,,,,
3304,2.270403213518286,,,,,,,,,,,,,,,,,,,,
3305,2.9758561045830887,,,,,,,,,,,,,,,,,,,,
3306,0.0,,,,,,,,,,,,,,,,,,,,
3307,2.199198743708845,,,,,,,,,,,,,,,,,,,,
3308,3.048924092869573,,,,,,,,,,,,,,,,,,,,
3309,2.0956956867578507,,,,,,,,,,,,,,,,,,,,
3310,2.844536548299099,,,,,,,,,,,,,,,,,,,,
3311,3.104505054985564,,,,,,,,,,,,,,,,,,,,
3312,0.1196913799091976,,,,,,,,,,,,,,,,,,,,
3313,0.0669467607792184,,,,,,,,,,,,,,,,,,,,
3314,0.0,,,,,,,,,,,,,,,,,,,,
3315,0.0,,,,,,,,,,,,,,,,,,,,
3316,0.0,,,,,,,,,,,,,,,,,,,,
3317,0.0,,,,,,,,,,,,,,,,,,,,
3318,5.983319937924184,,,,,,,,,,,,,,,,,,,,
3319,0.0,,,,,,,,,,,,,,,,,,,,
3320,0.0,,,,,,,,,,,,,,,,,,,,
3321,6.311611898113961,,,,,,,,,,,,,,,,,,,,
3322,0.0,,,,,,,,,,,,,,,,,,,,
3323,2.29150235109587,,,,,,,,,,,,,,,,,,,,
3324,0.0,,,,,,,,,,,,,,,,,,,,
3325,0.0,,,,,,,,,,,,,,,,,,,,
3326,3.048924092869573,,,,,,,,,,,,,,,,,,,,
3327,0.0,,,,,,,,,,,,,,,,,,,,
3328,0.0,,,,,,,,,,,,,,,,,,,,
3329,0.0926797102431434,,,,,,,,,,,,,,,,,,,,
3330,0.0,,,,,,,,,,,,,,,,,,,,
3331,3.462836647521672,,,,,,,,,,,,,,,,,,,,
3332,0.0280877934472444,,,,,,,,,,,,,,,,,,,,
3333,0.0,,,,,,,,,,,,,,,,,,,,
3334,0.0,,,,,,,,,,,,,,,,,,,,
3335,0.0,,,,,,,,,,,,,,,,,,,,
3336,0.0,,,,,,,,,,,,,,,,,,,,
3337,0.0,,,,,,,,,,,,,,,,,,,,
3338,0.0669467607792184,,,,,,,,,,,,,,,,,,,,
3339,3.1806734144966624,,,,,,,,,,,,,,,,,,,,
3340,0.0,,,,,,,,,,,,,,,,,,,,
3341,0.0,,,,,,,,,,,,,,,,,,,,
3342,0.0,,,,,,,,,,,,,,,,,,,,
3343,0.0,,,,,,,,,,,,,,,,,,,,
3344,0.0,,,,,,,,,,,,,,,,,,,,
3345,2.9758561045830887,,,,,,,,,,,,,,,,,,,,
3346,2.199198743708845,,,,,,,,,,,,,,,,,,,,
3347,2.270403213518286,,,,,,,,,,,,,,,,,,,,
3348,2.0956956867578507,,,,,,,,,,,,,,,,,,,,
3349,2.844536548299099,,,,,,,,,,,,,,,,,,,,
3350,3.104505054985564,,,,,,,,,,,,,,,,,,,,
3351,0.1196913799091976,,,,,,,,,,,,,,,,,,,,
3352,0.0325314998532016,,,,,,,,,,,,,,,,,,,,
3353,2.199198743708845,,,,,,,,,,,,,,,,,,,,
3354,0.0,,,,,,,,,,,,,,,,,,,,
3355,0.0,,,,,,,,,,,,,,,,,,,,
3356,0.0,,,,,,,,,,,,,,,,,,,,
3357,3.1806734144966624,,,,,,,,,,,,,,,,,,,,
3358,0.0325314998532016,,,,,,,,,,,,,,,,,,,,
3359,0.0926797102431434,,,,,,,,,,,,,,,,,,,,
3360,2.29150235109587,,,,,,,,,,,,,,,,,,,,
3361,0.0,,,,,,,,,,,,,,,,,,,,
3362,3.048924092869573,,,,,,,,,,,,,,,,,,,,
3363,0.0,,,,,,,,,,,,,,,,,,,,
3364,0.0,,,,,,,,,,,,,,,,,,,,
3365,0.0,,,,,,,,,,,,,,,,,,,,
3366,0.0,,,,,,,,,,,,,,,,,,,,
3367,0.0280877934472444,,,,,,,,,,,,,,,,,,,,
3368,0.0,,,,,,,,,,,,,,,,,,,,
3369,0.0,,,,,,,,,,,,,,,,,,,,
3370,0.0,,,,,,,,,,,,,,,,,,,,
3371,5.983319937924184,,,,,,,,,,,,,,,,,,,,
3372,0.0,,,,,,,,,,,,,,,,,,,,
3373,0.0,,,,,,,,,,,,,,,,,,,,
3374,0.0669467607792184,,,,,,,,,,,,,,,,,,,,
3375,0.0,,,,,,,,,,,,,,,,,,,,
3376,0.0,,,,,,,,,,,,,,,,,,,,
3377,0.1196913799091976,,,,,,,,,,,,,,,,,,,,
3378,0.0,,,,,,,,,,,,,,,,,,,,
3379,0.0,,,,,,,,,,,,,,,,,,,,
3380,0.0,,,,,,,,,,,,,,,,,,,,
3381,0.0,,,,,,,,,,,,,,,,,,,,
3382,0.0,,,,,,,,,,,,,,,,,,,,
3383,0.0,,,,,,,,,,,,,,,,,,,,
3384,3.462836647521672,,,,,,,,,,,,,,,,,,,,
3385,0.0,,,,,,,,,,,,,,,,,,,,
3386,2.9758561045830887,,,,,,,,,,,,,,,,,,,,
3387,2.0956956867578507,,,,,,,,,,,,,,,,,,,,
3388,3.104505054985564,,,,,,,,,,,,,,,,,,,,
3389,2.270403213518286,,,,,,,,,,,,,,,,,,,,
3390,6.311611898113961,,,,,,,,,,,,,,,,,,,,
3391,2.844536548299099,,,,,,,,,,,,,,,,,,,,
3392,0.0,,,,,,,,,,,,,,,,,,,,
3393,0.0,,,,,,,,,,,,,,,,,,,,
3394,0.0,,,,,,,,,,,,,,,,,,,,
3395,2.9758561045830887,,,,,,,,,,,,,,,,,,,,
3396,0.0,,,,,,,,,,,,,,,,,,,,
3397,3.048924092869573,,,,,,,,,,,,,,,,,,,,
3398,0.0,,,,,,,,,,,,,,,,,,,,
3399,3.462836647521672,,,,,,,,,,,,,,,,,,,,
3400,0.0,,,,,,,,,,,,,,,,,,,,
3401,0.0,,,,,,,,,,,,,,,,,,,,
3402,0.1196913799091976,,,,,,,,,,,,,,,,,,,,
3403,2.0956956867578507,,,,,,,,,,,,,,,,,,,,
3404,0.0,,,,,,,,,,,,,,,,,,,,
3405,0.0,,,,,,,,,,,,,,,,,,,,
3406,0.0,,,,,,,,,,,,,,,,,,,,
3407,0.0,,,,,,,,,,,,,,,,,,,,
3408,0.0,,,,,,,,,,,,,,,,,,,,
3409,0.0,,,,,,,,,,,,,,,,,,,,
3410,0.0,,,,,,,,,,,,,,,,,,,,
3411,3.1806734144966624,,,,,,,,,,,,,,,,,,,,
3412,0.0,,,,,,,,,,,,,,,,,,,,
3413,0.0,,,,,,,,,,,,,,,,,,,,
3414,0.0,,,,,,,,,,,,,,,,,,,,
3415,0.0,,,,,,,,,,,,,,,,,,,,
3416,0.0,,,,,,,,,,,,,,,,,,,,
3417,6.311611898113961,,,,,,,,,,,,,,,,,,,,
3418,0.0,,,,,,,,,,,,,,,,,,,,
3419,0.0,,,,,,,,,,,,,,,,,,,,
3420,2.199198743708845,,,,,,,,,,,,,,,,,,,,
3421,0.0,,,,,,,,,,,,,,,,,,,,
3422,5.983319937924184,,,,,,,,,,,,,,,,,,,,
3423,2.29150235109587,,,,,,,,,,,,,,,,,,,,
3424,3.318778464280774,,,,,,,,,,,,,,,,,,,,
3425,2.844536548299099,,,,,,,,,,,,,,,,,,,,
3426,2.270403213518286,,,,,,,,,,,,,,,,,,,,
3427,0.0926797102431434,,,,,,,,,,,,,,,,,,,,
3428,0.0669467607792184,,,,,,,,,,,,,,,,,,,,
3429,0.0325314998532016,,,,,,,,,,,,,,,,,,,,
3430,0.0280877934472444,,,,,,,,,,,,,,,,,,,,
3431,0.0,,,,,,,,,,,,,,,,,,,,
3432,3.048924092869573,,,,,,,,,,,,,,,,,,,,
3433,0.0,,,,,,,,,,,,,,,,,,,,
3434,0.0,,,,,,,,,,,,,,,,,,,,
3435,0.0,,,,,,,,,,,,,,,,,,,,
3436,0.0,,,,,,,,,,,,,,,,,,,,
3437,0.0,,,,,,,,,,,,,,,,,,,,
3438,3.462836647521672,,,,,,,,,,,,,,,,,,,,
3439,0.0280877934472444,,,,,,,,,,,,,,,,,,,,
3440,0.0,,,,,,,,,,,,,,,,,,,,
3441,2.0956956867578507,,,,,,,,,,,,,,,,,,,,
3442,0.0,,,,,,,,,,,,,,,,,,,,
3443,0.0,,,,,,,,,,,,,,,,,,,,
3444,2.29150235109587,,,,,,,,,,,,,,,,,,,,
3445,5.983319937924184,,,,,,,,,,,,,,,,,,,,
3446,0.0,,,,,,,,,,,,,,,,,,,,
3447,0.0,,,,,,,,,,,,,,,,,,,,
3448,0.0,,,,,,,,,,,,,,,,,,,,
3449,0.0,,,,,,,,,,,,,,,,,,,,
3450,0.0,,,,,,,,,,,,,,,,,,,,
3451,0.0,,,,,,,,,,,,,,,,,,,,
3452,3.1806734144966624,,,,,,,,,,,,,,,,,,,,
3453,0.0,,,,,,,,,,,,,,,,,,,,
3454,0.0,,,,,,,,,,,,,,,,,,,,
3455,0.0,,,,,,,,,,,,,,,,,,,,
3456,0.0,,,,,,,,,,,,,,,,,,,,
3457,0.0,,,,,,,,,,,,,,,,,,,,
3458,2.3640131171754457,,,,,,,,,,,,,,,,,,,,
3459,0.0,,,,,,,,,,,,,,,,,,,,
3460,2.9758561045830887,,,,,,,,,,,,,,,,,,,,
3461,0.0,,,,,,,,,,,,,,,,,,,,
3462,6.311611898113961,,,,,,,,,,,,,,,,,,,,
3463,2.844536548299099,,,,,,,,,,,,,,,,,,,,
3464,3.104505054985564,,,,,,,,,,,,,,,,,,,,
3465,0.1196913799091976,,,,,,,,,,,,,,,,,,,,
3466,0.0926797102431434,,,,,,,,,,,,,,,,,,,,
3467,0.0669467607792184,,,,,,,,,,,,,,,,,,,,
3468,2.199198743708845,,,,,,,,,,,,,,,,,,,,
3469,0.0325314998532016,,,,,,,,,,,,,,,,,,,,
3470,0.0,,,,,,,,,,,,,,,,,,,,
3471,0.0,,,,,,,,,,,,,,,,,,,,
3472,0.0,,,,,,,,,,,,,,,,,,,,
3473,0.0,,,,,,,,,,,,,,,,,,,,
3474,0.0,,,,,,,,,,,,,,,,,,,,
3475,0.0,,,,,,,,,,,,,,,,,,,,
3476,0.0,,,,,,,,,,,,,,,,,,,,
3477,0.0,,,,,,,,,,,,,,,,,,,,
3478,3.462836647521672,,,,,,,,,,,,,,,,,,,,
3479,0.0,,,,,,,,,,,,,,,,,,,,
3480,3.1806734144966624,,,,,,,,,,,,,,,,,,,,
3481,0.0,,,,,,,,,,,,,,,,,,,,
3482,0.0,,,,,,,,,,,,,,,,,,,,
3483,6.311611898113961,,,,,,,,,,,,,,,,,,,,
3484,0.0669467607792184,,,,,,,,,,,,,,,,,,,,
3485,2.29150235109587,,,,,,,,,,,,,,,,,,,,
3486,0.0,,,,,,,,,,,,,,,,,,,,
3487,0.0,,,,,,,,,,,,,,,,,,,,
3488,0.0,,,,,,,,,,,,,,,,,,,,
3489,0.1196913799091976,,,,,,,,,,,,,,,,,,,,
3490,0.0,,,,,,,,,,,,,,,,,,,,
3491,0.0,,,,,,,,,,,,,,,,,,,,
3492,0.0,,,,,,,,,,,,,,,,,,,,
3493,0.0,,,,,,,,,,,,,,,,,,,,
3494,0.0,,,,,,,,,,,,,,,,,,,,
3495,0.0,,,,,,,,,,,,,,,,,,,,
3496,0.0,,,,,,,,,,,,,,,,,,,,
3497,0.0,,,,,,,,,,,,,,,,,,,,
3498,2.270403213518286,,,,,,,,,,,,,,,,,,,,
3499,2.9758561045830887,,,,,,,,,,,,,,,,,,,,
3500,2.0956956867578507,,,,,,,,,,,,,,,,,,,,
3501,3.048924092869573,,,,,,,,,,,,,,,,,,,,
3502,5.983319937924184,,,,,,,,,,,,,,,,,,,,
3503,2.844536548299099,,,,,,,,,,,,,,,,,,,,
3504,3.104505054985564,,,,,,,,,,,,,,,,,,,,
3505,0.0926797102431434,,,,,,,,,,,,,,,,,,,,
3506,2.199198743708845,,,,,,,,,,,,,,,,,,,,
3507,0.0325314998532016,,,,,,,,,,,,,,,,,,,,
3508,0.0280877934472444,,,,,,,,,,,,,,,,,,,,
3509,0.0,,,,,,,,,,,,,,,,,,,,
3510,6.311611898113961,,,,,,,,,,,,,,,,,,,,
3511,0.0,,,,,,,,,,,,,,,,,,,,
3512,0.0,,,,,,,,,,,,,,,,,,,,
3513,0.0,,,,,,,,,,,,,,,,,,,,
3514,0.0,,,,,,,,,,,,,,,,,,,,
3515,0.0,,,,,,,,,,,,,,,,,,,,
3516,2.29150235109587,,,,,,,,,,,,,,,,,,,,
3517,0.0,,,,,,,,,,,,,,,,,,,,
3518,0.0,,,,,,,,,,,,,,,,,,,,
3519,0.0926797102431434,,,,,,,,,,,,,,,,,,,,
3520,0.0,,,,,,,,,,,,,,,,,,,,
3521,3.1806734144966624,,,,,,,,,,,,,,,,,,,,
3522,2.0956956867578507,,,,,,,,,,,,,,,,,,,,
3523,0.0,,,,,,,,,,,,,,,,,,,,
3524,0.0,,,,,,,,,,,,,,,,,,,,
3525,0.0,,,,,,,,,,,,,,,,,,,,
3526,2.199198743708845,,,,,,,,,,,,,,,,,,,,
3527,0.0,,,,,,,,,,,,,,,,,,,,
3528,0.0,,,,,,,,,,,,,,,,,,,,
3529,0.0,,,,,,,,,,,,,,,,,,,,
3530,0.0,,,,,,,,,,,,,,,,,,,,
3531,3.462836647521672,,,,,,,,,,,,,,,,,,,,
3532,2.844536548299099,,,,,,,,,,,,,,,,,,,,
3533,0.0,,,,,,,,,,,,,,,,,,,,
3534,0.1196913799091976,,,,,,,,,,,,,,,,,,,,
3535,0.0,,,,,,,,,,,,,,,,,,,,
3536,0.0,,,,,,,,,,,,,,,,,,,,
3537,0.0,,,,,,,,,,,,,,,,,,,,
3538,0.0,,,,,,,,,,,,,,,,,,,,
3539,0.0,,,,,,,,,,,,,,,,,,,,
3540,2.9758561045830887,,,,,,,,,,,,,,,,,,,,
3541,3.048924092869573,,,,,,,,,,,,,,,,,,,,
3542,5.983319937924184,,,,,,,,,,,,,,,,,,,,
3543,3.318778464280774,,,,,,,,,,,,,,,,,,,,
3544,2.270403213518286,,,,,,,,,,,,,,,,,,,,
3545,0.0669467607792184,,,,,,,,,,,,,,,,,,,,
3546,0.0325314998532016,,,,,,,,,,,,,,,,,,,,
3547,0.0280877934472444,,,,,,,,,,,,,,,,,,,,
3548,3.1806734144966624,,,,,,,,,,,,,,,,,,,,
3549,0.0,,,,,,,,,,,,,,,,,,,,
3550,0.0,,,,,,,,,,,,,,,,,,,,
3551,0.0,,,,,,,,,,,,,,,,,,,,
3552,0.0,,,,,,,,,,,,,,,,,,,,
3553,2.9758561045830887,,,,,,,,,,,,,,,,,,,,
3554,0.0,,,,,,,,,,,,,,,,,,,,
3555,2.29150235109587,,,,,,,,,,,,,,,,,,,,
3556,6.311611898113961,,,,,,,,,,,,,,,,,,,,
3557,2.0956956867578507,,,,,,,,,,,,,,,,,,,,
3558,3.048924092869573,,,,,,,,,,,,,,,,,,,,
3559,0.0,,,,,,,,,,,,,,,,,,,,
3560,0.0,,,,,,,,,,,,,,,,,,,,
3561,0.0669467607792184,,,,,,,,,,,,,,,,,,,,
3562,0.0,,,,,,,,,,,,,,,,,,,,
3563,0.0,,,,,,,,,,,,,,,,,,,,
3564,0.0,,,,,,,,,,,,,,,,,,,,
3565,0.0,,,,,,,,,,,,,,,,,,,,
3566,0.0,,,,,,,,,,,,,,,,,,,,
3567,0.0,,,,,,,,,,,,,,,,,,,,
3568,0.0,,,,,,,,,,,,,,,,,,,,
3569,0.1196913799091976,,,,,,,,,,,,,,,,,,,,
3570,0.0,,,,,,,,,,,,,,,,,,,,
3571,0.0,,,,,,,,,,,,,,,,,,,,
3572,0.0,,,,,,,,,,,,,,,,,,,,
3573,0.0,,,,,,,,,,,,,,,,,,,,
3574,0.0,,,,,,,,,,,,,,,,,,,,
3575,3.462836647521672,,,,,,,,,,,,,,,,,,,,
3576,0.0,,,,,,,,,,,,,,,,,,,,
3577,0.0,,,,,,,,,,,,,,,,,,,,
3578,0.0,,,,,,,,,,,,,,,,,,,,
3579,2.270403213518286,,,,,,,,,,,,,,,,,,,,
3580,5.983319937924184,,,,,,,,,,,,,,,,,,,,
3581,2.844536548299099,,,,,,,,,,,,,,,,,,,,
3582,3.318778464280774,,,,,,,,,,,,,,,,,,,,
3583,0.0926797102431434,,,,,,,,,,,,,,,,,,,,
3584,2.199198743708845,,,,,,,,,,,,,,,,,,,,
3585,0.0325314998532016,,,,,,,,,,,,,,,,,,,,
3586,0.0280877934472444,,,,,,,,,,,,,,,,,,,,
3587,0.0,,,,,,,,,,,,,,,,,,,,
3588,6.311611898113961,,,,,,,,,,,,,,,,,,,,
3589,0.0,,,,,,,,,,,,,,,,,,,,
3590,0.0,,,,,,,,,,,,,,,,,,,,
3591,0.0,,,,,,,,,,,,,,,,,,,,
3592,0.0,,,,,,,,,,,,,,,,,,,,
3593,0.0,,,,,,,,,,,,,,,,,,,,
3594,0.0,,,,,,,,,,,,,,,,,,,,
3595,2.29150235109587,,,,,,,,,,,,,,,,,,,,
3596,0.0,,,,,,,,,,,,,,,,,,,,
3597,0.0,,,,,,,,,,,,,,,,,,,,
3598,0.0669467607792184,,,,,,,,,,,,,,,,,,,,
3599,2.9758561045830887,,,,,,,,,,,,,,,,,,,,
3600,0.0,,,,,,,,,,,,,,,,,,,,
3601,2.0956956867578507,,,,,,,,,,,,,,,,,,,,
3602,3.1806734144966624,,,,,,,,,,,,,,,,,,,,
3603,0.0,,,,,,,,,,,,,,,,,,,,
3604,0.0280877934472444,,,,,,,,,,,,,,,,,,,,
3605,0.0,,,,,,,,,,,,,,,,,,,,
3606,0.0,,,,,,,,,,,,,,,,,,,,
3607,5.983319937924184,,,,,,,,,,,,,,,,,,,,
3608,0.0,,,,,,,,,,,,,,,,,,,,
3609,0.0,,,,,,,,,,,,,,,,,,,,
3610,0.0,,,,,,,,,,,,,,,,,,,,
3611,0.0,,,,,,,,,,,,,,,,,,,,
3612,2.844536548299099,,,,,,,,,,,,,,,,,,,,
3613,0.0,,,,,,,,,,,,,,,,,,,,
3614,0.0,,,,,,,,,,,,,,,,,,,,
3615,0.0,,,,,,,,,,,,,,,,,,,,
3616,0.0,,,,,,,,,,,,,,,,,,,,
3617,0.0,,,,,,,,,,,,,,,,,,,,
3618,3.462836647521672,,,,,,,,,,,,,,,,,,,,
3619,0.0325314998532016,,,,,,,,,,,,,,,,,,,,
3620,3.048924092869573,,,,,,,,,,,,,,,,,,,,
3621,3.104505054985564,,,,,,,,,,,,,,,,,,,,
3622,2.270403213518286,,,,,,,,,,,,,,,,,,,,
3623,0.0926797102431434,,,,,,,,,,,,,,,,,,,,
3624,0.1196913799091976,,,,,,,,,,,,,,,,,,,,
3625,2.199198743708845,,,,,,,,,,,,,,,,,,,,
3626,2.29150235109587,,,,,,,,,,,,,,,,,,,,
3627,0.0669467607792184,,,,,,,,,,,,,,,,,,,,
3628,0.0,,,,,,,,,,,,,,,,,,,,
3629,0.0,,,,,,,,,,,,,,,,,,,,
3630,0.0,,,,,,,,,,,,,,,,,,,,
3631,0.0,,,,,,,,,,,,,,,,,,,,
3632,2.9758561045830887,,,,,,,,,,,,,,,,,,,,
3633,0.0,,,,,,,,,,,,,,,,,,,,
3634,0.0926797102431434,,,,,,,,,,,,,,,,,,,,
3635,2.235727304024508,,,,,,,,,,,,,,,,,,,,
3636,2.0956956867578507,,,,,,,,,,,,,,,,,,,,
3637,0.0,,,,,,,,,,,,,,,,,,,,
3638,0.0,,,,,,,,,,,,,,,,,,,,
3639,0.0,,,,,,,,,,,,,,,,,,,,
3640,0.0,,,,,,,,,,,,,,,,,,,,
3641,0.0280877934472444,,,,,,,,,,,,,,,,,,,,
3642,0.0,,,,,,,,,,,,,,,,,,,,
3643,0.0,,,,,,,,,,,,,,,,,,,,
3644,3.1806734144966624,,,,,,,,,,,,,,,,,,,,
3645,0.0,,,,,,,,,,,,,,,,,,,,
3646,0.0,,,,,,,,,,,,,,,,,,,,
3647,0.0,,,,,,,,,,,,,,,,,,,,
3648,0.0,,,,,,,,,,,,,,,,,,,,
3649,0.0,,,,,,,,,,,,,,,,,,,,
3650,0.1196913799091976,,,,,,,,,,,,,,,,,,,,
3651,0.0,,,,,,,,,,,,,,,,,,,,
3652,0.0,,,,,,,,,,,,,,,,,,,,
3653,0.0,,,,,,,,,,,,,,,,,,,,
3654,0.0,,,,,,,,,,,,,,,,,,,,
3655,3.462836647521672,,,,,,,,,,,,,,,,,,,,
3656,0.0,,,,,,,,,,,,,,,,,,,,
3657,0.0,,,,,,,,,,,,,,,,,,,,
3658,5.983319937924184,,,,,,,,,,,,,,,,,,,,
3659,3.048924092869573,,,,,,,,,,,,,,,,,,,,
3660,3.104505054985564,,,,,,,,,,,,,,,,,,,,
3661,6.311611898113961,,,,,,,,,,,,,,,,,,,,
3662,2.844536548299099,,,,,,,,,,,,,,,,,,,,
3663,2.270403213518286,,,,,,,,,,,,,,,,,,,,
3664,0.0325314998532016,,,,,,,,,,,,,,,,,,,,
3665,0.0,,,,,,,,,,,,,,,,,,,,
3666,0.0,,,,,,,,,,,,,,,,,,,,
3667,0.0,,,,,,,,,,,,,,,,,,,,
3668,0.0,,,,,,,,,,,,,,,,,,,,
3669,0.0,,,,,,,,,,,,,,,,,,,,
3670,6.52170685096182,,,,,,,,,,,,,,,,,,,,
3671,0.0,,,,,,,,,,,,,,,,,,,,
3672,3.048924092869573,,,,,,,,,,,,,,,,,,,,
3673,0.0,,,,,,,,,,,,,,,,,,,,
3674,2.0956956867578507,,,,,,,,,,,,,,,,,,,,
3675,3.1806734144966624,,,,,,,,,,,,,,,,,,,,
3676,0.0,,,,,,,,,,,,,,,,,,,,
3677,0.0,,,,,,,,,,,,,,,,,,,,
3678,0.0,,,,,,,,,,,,,,,,,,,,
3679,2.844536548299099,,,,,,,,,,,,,,,,,,,,
3680,0.0,,,,,,,,,,,,,,,,,,,,
3681,0.0280877934472444,,,,,,,,,,,,,,,,,,,,
3682,5.983319937924184,,,,,,,,,,,,,,,,,,,,
3683,0.0,,,,,,,,,,,,,,,,,,,,
3684,0.0,,,,,,,,,,,,,,,,,,,,
3685,0.0,,,,,,,,,,,,,,,,,,,,
3686,0.0669467607792184,,,,,,,,,,,,,,,,,,,,
3687,0.0325314998532016,,,,,,,,,,,,,,,,,,,,
3688,0.0,,,,,,,,,,,,,,,,,,,,
3689,0.0,,,,,,,,,,,,,,,,,,,,
3690,0.0,,,,,,,,,,,,,,,,,,,,
3691,0.0,,,,,,,,,,,,,,,,,,,,
3692,2.270403213518286,,,,,,,,,,,,,,,,,,,,
3693,3.462836647521672,,,,,,,,,,,,,,,,,,,,
3694,0.0,,,,,,,,,,,,,,,,,,,,
3695,2.29150235109587,,,,,,,,,,,,,,,,,,,,
3696,0.0,,,,,,,,,,,,,,,,,,,,
3697,0.0,,,,,,,,,,,,,,,,,,,,
3698,2.199198743708845,,,,,,,,,,,,,,,,,,,,
3699,6.311611898113961,,,,,,,,,,,,,,,,,,,,
3700,3.104505054985564,,,,,,,,,,,,,,,,,,,,
3701,0.1196913799091976,,,,,,,,,,,,,,,,,,,,
3702,0.0926797102431434,,,,,,,,,,,,,,,,,,,,
3703,2.844536548299099,,,,,,,,,,,,,,,,,,,,
3704,0.0,,,,,,,,,,,,,,,,,,,,
3705,0.0,,,,,,,,,,,,,,,,,,,,
3706,0.0,,,,,,,,,,,,,,,,,,,,
3707,0.0,,,,,,,,,,,,,,,,,,,,
3708,0.0,,,,,,,,,,,,,,,,,,,,
3709,0.0,,,,,,,,,,,,,,,,,,,,
3710,3.048924092869573,,,,,,,,,,,,,,,,,,,,
3711,0.0926797102431434,,,,,,,,,,,,,,,,,,,,
3712,0.0,,,,,,,,,,,,,,,,,,,,
3713,2.0956956867578507,,,,,,,,,,,,,,,,,,,,
3714,0.0,,,,,,,,,,,,,,,,,,,,
3715,0.0,,,,,,,,,,,,,,,,,,,,
3716,0.0,,,,,,,,,,,,,,,,,,,,
3717,0.0,,,,,,,,,,,,,,,,,,,,
3718,5.983319937924184,,,,,,,,,,,,,,,,,,,,
3719,0.0,,,,,,,,,,,,,,,,,,,,
3720,0.0325314998532016,,,,,,,,,,,,,,,,,,,,
3721,0.0,,,,,,,,,,,,,,,,,,,,
3722,0.0,,,,,,,,,,,,,,,,,,,,
3723,0.0,,,,,,,,,,,,,,,,,,,,
3724,0.0669467607792184,,,,,,,,,,,,,,,,,,,,
3725,0.0,,,,,,,,,,,,,,,,,,,,
3726,0.0,,,,,,,,,,,,,,,,,,,,
3727,3.1806734144966624,,,,,,,,,,,,,,,,,,,,
3728,0.0,,,,,,,,,,,,,,,,,,,,
3729,0.0,,,,,,,,,,,,,,,,,,,,
3730,0.0,,,,,,,,,,,,,,,,,,,,
3731,3.462836647521672,,,,,,,,,,,,,,,,,,,,
3732,0.0,,,,,,,,,,,,,,,,,,,,
3733,2.29150235109587,,,,,,,,,,,,,,,,,,,,
3734,2.9758561045830887,,,,,,,,,,,,,,,,,,,,
3735,0.0,,,,,,,,,,,,,,,,,,,,
3736,3.318778464280774,,,,,,,,,,,,,,,,,,,,
3737,2.3640131171754457,,,,,,,,,,,,,,,,,,,,
3738,6.311611898113961,,,,,,,,,,,,,,,,,,,,
3739,0.1196913799091976,,,,,,,,,,,,,,,,,,,,
3740,2.235727304024508,,,,,,,,,,,,,,,,,,,,
3741,0.0280877934472444,,,,,,,,,,,,,,,,,,,,
3742,0.0,,,,,,,,,,,,,,,,,,,,
3743,2.199198743708845,,,,,,,,,,,,,,,,,,,,
3744,0.0,,,,,,,,,,,,,,,,,,,,
3745,0.0,,,,,,,,,,,,,,,,,,,,
3746,3.462836647521672,,,,,,,,,,,,,,,,,,,,
3747,0.0,,,,,,,,,,,,,,,,,,,,
3748,5.983319937924184,,,,,,,,,,,,,,,,,,,,
3749,3.1806734144966624,,,,,,,,,,,,,,,,,,,,
3750,0.0,,,,,,,,,,,,,,,,,,,,
3751,0.0325314998532016,,,,,,,,,,,,,,,,,,,,
3752,0.0926797102431434,,,,,,,,,,,,,,,,,,,,
3753,2.0956956867578507,,,,,,,,,,,,,,,,,,,,
3754,0.0,,,,,,,,,,,,,,,,,,,,
3755,0.0,,,,,,,,,,,,,,,,,,,,
3756,2.29150235109587,,,,,,,,,,,,,,,,,,,,
3757,0.0,,,,,,,,,,,,,,,,,,,,
3758,0.0,,,,,,,,,,,,,,,,,,,,
3759,0.0,,,,,,,,,,,,,,,,,,,,
3760,0.0,,,,,,,,,,,,,,,,,,,,
3761,0.0,,,,,,,,,,,,,,,,,,,,
3762,0.0,,,,,,,,,,,,,,,,,,,,
3763,0.0,,,,,,,,,,,,,,,,,,,,
3764,0.0,,,,,,,,,,,,,,,,,,,,
3765,0.0,,,,,,,,,,,,,,,,,,,,
3766,0.0,,,,,,,,,,,,,,,,,,,,
3767,0.0,,,,,,,,,,,,,,,,,,,,
3768,0.0,,,,,,,,,,,,,,,,,,,,
3769,0.0,,,,,,,,,,,,,,,,,,,,
3770,0.0,,,,,,,,,,,,,,,,,,,,
3771,0.0,,,,,,,,,,,,,,,,,,,,
3772,3.048924092869573,,,,,,,,,,,,,,,,,,,,
3773,2.9758561045830887,,,,,,,,,,,,,,,,,,,,
3774,6.311611898113961,,,,,,,,,,,,,,,,,,,,
3775,3.104505054985564,,,,,,,,,,,,,,,,,,,,
3776,2.844536548299099,,,,,,,,,,,,,,,,,,,,
3777,0.1196913799091976,,,,,,,,,,,,,,,,,,,,
3778,2.270403213518286,,,,,,,,,,,,,,,,,,,,
3779,0.0669467607792184,,,,,,,,,,,,,,,,,,,,
3780,0.0280877934472444,,,,,,,,,,,,,,,,,,,,
3781,6.311611898113961,,,,,,,,,,,,,,,,,,,,
3782,0.0,,,,,,,,,,,,,,,,,,,,
3783,0.0,,,,,,,,,,,,,,,,,,,,
3784,0.0,,,,,,,,,,,,,,,,,,,,
3785,0.0,,,,,,,,,,,,,,,,,,,,
3786,0.0,,,,,,,,,,,,,,,,,,,,
3787,3.048924092869573,,,,,,,,,,,,,,,,,,,,
3788,0.0,,,,,,,,,,,,,,,,,,,,
3789,0.0926797102431434,,,,,,,,,,,,,,,,,,,,
3790,2.0956956867578507,,,,,,,,,,,,,,,,,,,,
3791,0.0,,,,,,,,,,,,,,,,,,,,
3792,0.0280877934472444,,,,,,,,,,,,,,,,,,,,
3793,0.0,,,,,,,,,,,,,,,,,,,,
3794,3.1806734144966624,,,,,,,,,,,,,,,,,,,,
3795,5.983319937924184,,,,,,,,,,,,,,,,,,,,
3796,0.0,,,,,,,,,,,,,,,,,,,,
3797,2.9758561045830887,,,,,,,,,,,,,,,,,,,,
3798,0.0,,,,,,,,,,,,,,,,,,,,
3799,0.0,,,,,,,,,,,,,,,,,,,,
3800,0.0,,,,,,,,,,,,,,,,,,,,
3801,0.0,,,,,,,,,,,,,,,,,,,,
3802,0.0,,,,,,,,,,,,,,,,,,,,
3803,0.0,,,,,,,,,,,,,,,,,,,,
3804,0.0,,,,,,,,,,,,,,,,,,,,
3805,0.0,,,,,,,,,,,,,,,,,,,,
3806,0.0,,,,,,,,,,,,,,,,,,,,
3807,0.0,,,,,,,,,,,,,,,,,,,,
3808,0.0,,,,,,,,,,,,,,,,,,,,
3809,0.0,,,,,,,,,,,,,,,,,,,,
3810,0.0,,,,,,,,,,,,,,,,,,,,
3811,3.462836647521672,,,,,,,,,,,,,,,,,,,,
3812,2.29150235109587,,,,,,,,,,,,,,,,,,,,
3813,2.844536548299099,,,,,,,,,,,,,,,,,,,,
3814,3.104505054985564,,,,,,,,,,,,,,,,,,,,
3815,0.1196913799091976,,,,,,,,,,,,,,,,,,,,
3816,2.270403213518286,,,,,,,,,,,,,,,,,,,,
3817,0.0669467607792184,,,,,,,,,,,,,,,,,,,,
3818,2.199198743708845,,,,,,,,,,,,,,,,,,,,
3819,0.0325314998532016,,,,,,,,,,,,,,,,,,,,
3820,2.29150235109587,,,,,,,,,,,,,,,,,,,,
3821,2.199198743708845,,,,,,,,,,,,,,,,,,,,
3822,0.0,,,,,,,,,,,,,,,,,,,,
3823,0.0,,,,,,,,,,,,,,,,,,,,
3824,0.0,,,,,,,,,,,,,,,,,,,,
3825,0.0,,,,,,,,,,,,,,,,,,,,
3826,0.0669467607792184,,,,,,,,,,,,,,,,,,,,
3827,0.0,,,,,,,,,,,,,,,,,,,,
3828,0.0,,,,,,,,,,,,,,,,,,,,
3829,3.048924092869573,,,,,,,,,,,,,,,,,,,,
3830,0.0,,,,,,,,,,,,,,,,,,,,
3831,0.0325314998532016,,,,,,,,,,,,,,,,,,,,
3832,0.0,,,,,,,,,,,,,,,,,,,,
3833,0.0,,,,,,,,,,,,,,,,,,,,
3834,5.983319937924184,,,,,,,,,,,,,,,,,,,,
3835,0.0,,,,,,,,,,,,,,,,,,,,
3836,0.0,,,,,,,,,,,,,,,,,,,,
3837,3.1806734144966624,,,,,,,,,,,,,,,,,,,,
3838,0.0,,,,,,,,,,,,,,,,,,,,
3839,0.0,,,,,,,,,,,,,,,,,,,,
3840,0.0,,,,,,,,,,,,,,,,,,,,
3841,0.0,,,,,,,,,,,,,,,,,,,,
3842,0.0,,,,,,,,,,,,,,,,,,,,
3843,0.0,,,,,,,,,,,,,,,,,,,,
3844,0.0,,,,,,,,,,,,,,,,,,,,
3845,0.0,,,,,,,,,,,,,,,,,,,,
3846,3.462836647521672,,,,,,,,,,,,,,,,,,,,
3847,0.0,,,,,,,,,,,,,,,,,,,,
3848,2.270403213518286,,,,,,,,,,,,,,,,,,,,
3849,0.0,,,,,,,,,,,,,,,,,,,,
3850,2.9758561045830887,,,,,,,,,,,,,,,,,,,,
3851,0.0,,,,,,,,,,,,,,,,,,,,
3852,2.0956956867578507,,,,,,,,,,,,,,,,,,,,
3853,6.311611898113961,,,,,,,,,,,,,,,,,,,,
3854,2.844536548299099,,,,,,,,,,,,,,,,,,,,
3855,3.104505054985564,,,,,,,,,,,,,,,,,,,,
3856,0.1196913799091976,,,,,,,,,,,,,,,,,,,,
3857,0.0926797102431434,,,,,,,,,,,,,,,,,,,,
3858,0.0280877934472444,,,,,,,,,,,,,,,,,,,,
3859,2.270403213518286,,,,,,,,,,,,,,,,,,,,
3860,0.0,,,,,,,,,,,,,,,,,,,,
3861,0.0,,,,,,,,,,,,,,,,,,,,
3862,0.0,,,,,,,,,,,,,,,,,,,,
3863,5.983319937924184,,,,,,,,,,,,,,,,,,,,
3864,2.9758561045830887,,,,,,,,,,,,,,,,,,,,
3865,0.0,,,,,,,,,,,,,,,,,,,,
3866,0.0,,,,,,,,,,,,,,,,,,,,
3867,3.048924092869573,,,,,,,,,,,,,,,,,,,,
3868,0.1196913799091976,,,,,,,,,,,,,,,,,,,,
3869,0.0,,,,,,,,,,,,,,,,,,,,
3870,0.0,,,,,,,,,,,,,,,,,,,,
3871,2.0956956867578507,,,,,,,,,,,,,,,,,,,,
3872,0.0,,,,,,,,,,,,,,,,,,,,
3873,0.0,,,,,,,,,,,,,,,,,,,,
3874,0.0,,,,,,,,,,,,,,,,,,,,
3875,0.0280877934472444,,,,,,,,,,,,,,,,,,,,
3876,0.0,,,,,,,,,,,,,,,,,,,,
3877,0.0,,,,,,,,,,,,,,,,,,,,
3878,0.0,,,,,,,,,,,,,,,,,,,,
3879,3.1806734144966624,,,,,,,,,,,,,,,,,,,,
3880,0.0,,,,,,,,,,,,,,,,,,,,
3881,0.0,,,,,,,,,,,,,,,,,,,,
3882,0.0669467607792184,,,,,,,,,,,,,,,,,,,,
3883,0.0,,,,,,,,,,,,,,,,,,,,
3884,0.0,,,,,,,,,,,,,,,,,,,,
3885,0.0,,,,,,,,,,,,,,,,,,,,
3886,0.0,,,,,,,,,,,,,,,,,,,,
3887,0.0,,,,,,,,,,,,,,,,,,,,
3888,0.0,,,,,,,,,,,,,,,,,,,,
3889,2.29150235109587,,,,,,,,,,,,,,,,,,,,
3890,3.462836647521672,,,,,,,,,,,,,,,,,,,,
3891,0.0,,,,,,,,,,,,,,,,,,,,
3892,3.318778464280774,,,,,,,,,,,,,,,,,,,,
3893,6.311611898113961,,,,,,,,,,,,,,,,,,,,
3894,2.844536548299099,,,,,,,,,,,,,,,,,,,,
3895,0.0926797102431434,,,,,,,,,,,,,,,,,,,,
3896,2.199198743708845,,,,,,,,,,,,,,,,,,,,
3897,0.0325314998532016,,,,,,,,,,,,,,,,,,,,
