,odc_locations,capacities
0,"(-3.02139, -59.94583)",126
1,"(-3.05444, -59.98361)",126
2,"(-3.10889, -60.00111)",966
3,"(-3.09528, -60.05361)",936
4,"(-3.07778, -60.00778)",546
5,"(-3.00917, -59.99083)",168
6,"(-3.04194, -59.92889)",252
7,"(-3.13611, -60.02028)",840
