,odc_locations,fiberlength
0,"(-3.1225, -60.00556)",36.72471745189204
1,"(-3.07556, -60.01972)",135.5538966144998
2,"(-3.02139, -59.94583)",63.55110024850384
3,"(-3.04194, -59.92889)",20.874353289938036
4,"(-3.11417, -60.01056)",90.85105029733526
5,"(-3.0975, -60.05056)",101.19003569007675
6,"(-3.13056, -60.02111)",39.78311511251192
