,odc_locations,fiberlength
0,"(-5.750972, -35.255888)",53.79674390235305
1,"(-5.78972, -35.20222)",69.46760991259794
2,"(-5.87556, -35.18)",58.068090865571605
3,"(-5.82417, -35.21333)",143.48715161838888
