,odc_locations,capacities
0,"(-5.86139, -35.19278)",588
1,"(-5.77944, -35.19778)",840
2,"(-5.82417, -35.21333)",887
