,odc_locations,capacities
0,"(-5.82083, -35.215)",761
1,"(-5.86139, -35.19278)",588
2,"(-5.78389, -35.19944)",966
