,odc_locations,fiberlength
0,"(-5.82083, -35.215)",137.5751096038708
1,"(-5.86139, -35.19278)",77.5372174881424
2,"(-5.78389, -35.19944)",268.77371789231364
