,odc_locations,fiberlength
0,"(-5.76194, -35.27972)",96.99254529467585
1,"(-5.790444, -35.191194)",172.39457592304285
2,"(-5.86139, -35.19278)",195.68928267587515
