,odc_locations,capacities
0,"(-5.750972, -35.255888)",336
1,"(-5.87167, -35.18111)",462
2,"(-5.77944, -35.19778)",588
3,"(-5.831416, -35.204944)",929
