,odc_locations,fiberlength
0,"(-5.78611, -35.20722)",250.600092050347
1,"(-5.86139, -35.19278)",77.5372174881424
2,"(-5.82417, -35.21333)",143.88185509927354
