,odc_locations,fiberlength
0,"(-3.09417, -59.99083)",130.45644495156574
1,"(-3.10611, -60.0175)",101.03988228319697
2,"(-3.08778, -60.05694)",130.6757149712596
3,"(-3.04194, -59.92889)",139.56736035409952
4,"(-3.126208, -60.015944)",71.30311297324103
