,odc_locations,capacities
0,"(-3.08942, -60.00514)",882
1,"(-3.0875, -60.04028)",936
2,"(-3.05111, -59.99306)",672
3,"(-3.13639, -60.02472)",798
4,"(-3.10361, -60.02444)",672
