,odc_locations,fiberlength
0,"(-3.08942, -60.00514)",116.93900982253474
1,"(-3.0875, -60.04028)",144.46932900420023
2,"(-3.05111, -59.99306)",249.90591774477278
3,"(-3.13639, -60.02472)",73.55475156852485
4,"(-3.10361, -60.02444)",71.36154654540631
