,odc_locations,capacities
0,"(-3.09417, -59.99083)",714
1,"(-3.06472, -60.04361)",390
2,"(-3.02139, -59.94583)",336
3,"(-3.04194, -59.92889)",252
4,"(-3.07889, -60.07028)",504
5,"(-3.10917, -60.0125)",966
6,"(-3.13278, -60.02361)",798
