,odc_locations,capacities
0,"(-5.735797, -35.254392)",336
1,"(-5.87556, -35.18)",462
2,"(-5.78389, -35.19944)",630
3,"(-5.831416, -35.204944)",887
