,odc_locations,capacities
0,"(-3.10361, -59.95667)",126
1,"(-2.97417, -59.99028)",42
2,"(-3.0875, -60.04028)",516
3,"(-3.10611, -60.0175)",420
4,"(-3.03469, -59.9938)",546
5,"(-3.09639, -60.00111)",756
6,"(-3.10306, -60.05083)",630
7,"(-3.126208, -60.015944)",924
