,odc_locations,fiberlength
0,"(-5.86944, -35.19056)",140.62154216417125
1,"(-5.80944, -35.20083)",122.25609993221943
2,"(-5.77833, -35.20194)",221.88486647592447
