,odc_locations,capacities
0,"(-5.735797, -35.254392)",336
1,"(-5.78611, -35.20722)",630
2,"(-5.831416, -35.204944)",887
3,"(-5.8775, -35.17722)",462
