,odc_locations,capacities
0,"(-3.13361, -60.02083)",462
1,"(-3.02139, -59.94583)",294
2,"(-3.07778, -60.00778)",672
3,"(-3.04194, -59.92889)",252
4,"(-3.10028, -60.02028)",882
5,"(-3.08028, -60.0575)",684
6,"(-3.126208, -60.015944)",714
