,odc_locations,fiberlength
0,"(-3.13361, -60.02083)",28.603046497433155
1,"(-3.02139, -59.94583)",63.55110024850384
2,"(-3.07778, -60.00778)",110.49258148357366
3,"(-3.04194, -59.92889)",20.874353289938036
4,"(-3.10028, -60.02028)",104.60573653559197
5,"(-3.08028, -60.0575)",107.53419967621215
6,"(-3.126208, -60.015944)",67.13116775157471
