,odc_locations,capacities
0,"(-3.13361, -60.02083)",966
1,"(-3.07222, -59.94861)",168
2,"(-3.0875, -60.04028)",894
3,"(-3.04194, -59.92889)",462
4,"(-3.08778, -60.01694)",630
5,"(-3.10028, -60.00639)",840
