,odc_locations,fiberlength
0,"(-3.06472, -60.04361)",43.492087492955044
1,"(-3.02139, -59.94583)",160.4558956213548
2,"(-3.09222, -60.04556)",145.49821035000826
3,"(-3.12278, -60.01333)",81.79349552083114
4,"(-3.10611, -59.99306)",112.759764635647
5,"(-3.13861, -60.02167)",21.89814023558435
