,odc_locations,fiberlength
0,"(-5.735797, -35.254392)",56.52004531466572
1,"(-5.80944, -35.20083)",95.76508118752818
2,"(-5.860083, -35.198833)",165.14462447416892
3,"(-5.77944, -35.19778)",28.635295101215732
