,odc_locations,fiberlength
0,"(-3.13361, -60.02083)",47.22560156637831
1,"(-3.0875, -60.04028)",42.764578764802344
2,"(-3.08778, -60.05694)",56.1505988524227
3,"(-3.04194, -59.92889)",139.56736035409952
4,"(-3.1025, -59.99806)",49.15975696602773
5,"(-3.08583, -60.01)",99.47393529389764
6,"(-3.117444, -60.011722)",48.14351267154193
