,odc_locations,capacities
0,"(-5.78611, -35.20722)",924
1,"(-5.86944, -35.19056)",546
2,"(-5.82417, -35.21333)",845
