,odc_locations,fiberlength
0,"(-5.78611, -35.20722)",250.600092050347
1,"(-5.86944, -35.19056)",64.04268423469006
2,"(-5.82417, -35.21333)",152.13289464520238
