,odc_locations,capacities
0,"(-3.13361, -60.02083)",672
1,"(-3.0875, -60.04028)",390
2,"(-3.08778, -60.05694)",504
3,"(-3.04194, -59.92889)",546
4,"(-3.1025, -59.99806)",504
5,"(-3.08583, -60.01)",714
6,"(-3.117444, -60.011722)",630
