,odc_locations,capacities
0,"(-3.07556, -60.01972)",924
1,"(-3.09528, -60.05361)",768
2,"(-3.04194, -59.92889)",504
3,"(-3.10611, -59.99306)",798
4,"(-3.13278, -60.02361)",966
