,odc_locations,fiberlength
0,"(-3.07556, -60.01972)",159.05360614001094
1,"(-3.09528, -60.05361)",99.97153456063609
2,"(-3.04194, -59.92889)",119.14190419359639
3,"(-3.10611, -59.99306)",99.13444151796172
4,"(-3.13278, -60.02361)",85.02287822156488
