,odc_locations,fiberlength
0,"(-3.07556, -60.01972)",68.73082579487482
1,"(-2.97417, -59.99028)",11.676904845294505
2,"(-3.05444, -59.98361)",57.81816301182773
3,"(-3.04194, -59.92889)",48.74367286129842
4,"(-3.10028, -60.02028)",108.66129902129408
5,"(-3.10759, -60.05268)",121.85950088401367
6,"(-3.13056, -60.02111)",81.92353110066885
