,odc_locations,capacities
0,"(-3.13361, -60.02083)",966
1,"(-3.09528, -60.05361)",672
2,"(-3.04194, -59.92889)",504
3,"(-3.08639, -59.98639)",462
4,"(-3.0875, -60.03222)",810
5,"(-3.10611, -59.99306)",546
