,odc_locations,capacities
0,"(-5.77833, -35.20194)",882
1,"(-5.87556, -35.18)",462
2,"(-5.82611, -35.20667)",971
