,odc_locations,capacities
0,"(-3.06472, -60.04361)",168
1,"(-3.0875, -60.04028)",768
2,"(-3.04194, -59.92889)",252
3,"(-3.08167, -60.01361)",840
4,"(-3.11361, -60.01583)",966
5,"(-3.13389, -60.01667)",630
6,"(-3.01778, -59.94722)",336
