,odc_locations,fiberlength
0,"(-3.06472, -60.04361)",22.41410850113269
1,"(-3.0875, -60.04028)",114.03045282254365
2,"(-3.04194, -59.92889)",20.874353289938036
3,"(-3.08167, -60.01361)",111.87304637253114
4,"(-3.11361, -60.01583)",114.3983271282788
5,"(-3.13389, -60.01667)",39.79100838396908
6,"(-3.01778, -59.94722)",79.14200766703007
