,odc_locations,capacities
0,"(-2.97417, -59.99028)",84
1,"(-3.02139, -59.94583)",252
2,"(-3.0875, -60.04028)",936
3,"(-3.04194, -59.92889)",252
4,"(-3.09639, -60.00111)",672
5,"(-3.08778, -60.01694)",504
6,"(-3.11361, -60.01583)",630
7,"(-3.13389, -60.01667)",630
