,odc_locations,fiberlength
0,"(-5.735797, -35.254392)",56.52004531466572
1,"(-5.855281, -35.262503)",8.821659591852272
2,"(-5.80944, -35.20083)",152.02398937602803
3,"(-5.842264, -35.209264)",180.20470099653713
