,odc_locations,capacities
0,"(-3.0875, -60.04028)",474
1,"(-3.10611, -60.0175)",546
2,"(-3.04194, -59.92889)",252
3,"(-3.03469, -59.9938)",294
4,"(-3.09722, -59.99333)",672
5,"(-3.0975, -60.05056)",630
6,"(-3.01778, -59.94722)",126
7,"(-3.12639, -60.02)",966
