,odc_locations,fiberlength
0,"(-3.06472, -60.04361)",209.90345358715084
1,"(-2.97417, -59.99028)",11.676904845294505
2,"(-3.05444, -59.98361)",28.423274256881403
3,"(-3.04194, -59.92889)",48.74367286129842
4,"(-3.09639, -60.00111)",104.09188586786848
5,"(-3.117444, -60.011722)",62.080848342181625
6,"(-3.13056, -60.02111)",81.21317150986395
