,odc_locations,capacities
0,"(-3.13361, -60.02083)",672
1,"(-3.06472, -60.04361)",936
2,"(-2.97417, -59.99028)",126
3,"(-3.04194, -59.92889)",420
4,"(-3.09639, -60.00111)",840
5,"(-3.12278, -60.01333)",714
6,"(-3.10611, -59.99306)",252
