,odc_locations,capacities
0,"(-3.13361, -60.02083)",840
1,"(-3.02806, -59.98861)",294
2,"(-3.04194, -59.92889)",378
3,"(-3.08028, -60.0575)",768
4,"(-3.10917, -60.0125)",840
5,"(-3.08583, -60.01)",840
