,odc_locations,fiberlength
0,"(-3.13361, -60.02083)",72.93530833350259
1,"(-3.02806, -59.98861)",47.82938631303317
2,"(-3.04194, -59.92889)",48.74367286129842
3,"(-3.08028, -60.0575)",126.27641181981784
4,"(-3.10917, -60.0125)",95.34052477509779
5,"(-3.08583, -60.01)",94.69577591783025
