,odc_locations,fiberlength
0,"(-3.13361, -60.02083)",43.70288221105235
1,"(-3.02139, -59.94583)",143.72462522773745
2,"(-3.10889, -60.00111)",78.33903467221842
3,"(-3.08167, -60.01361)",98.80366412365112
4,"(-3.10861, -60.02361)",78.37601069466675
5,"(-3.10139, -60.06583)",83.94980966730384
