,odc_locations,capacities
0,"(-5.78611, -35.20722)",966
1,"(-5.829694, -35.212)",887
2,"(-5.8775, -35.17722)",462
