,odc_locations,capacities
0,"(-3.13361, -60.02083)",546
1,"(-3.02806, -59.98861)",630
2,"(-3.06472, -60.04361)",126
3,"(-3.11778, -60.01806)",798
4,"(-3.08778, -60.05694)",726
5,"(-3.08167, -60.01361)",546
6,"(-3.1025, -59.99806)",588
