,odc_locations,capacities
0,"(-3.10611, -60.0175)",840
1,"(-3.07778, -60.00778)",798
2,"(-3.12861, -60.01306)",882
3,"(-3.04194, -59.92889)",504
4,"(-3.0975, -60.05056)",936
