,odc_locations,fiberlength
0,"(-5.750972, -35.255888)",53.79674390235305
1,"(-5.87556, -35.18)",46.65603539442971
2,"(-5.78389, -35.19944)",52.84297058549928
3,"(-5.82611, -35.20667)",166.08624862615508
