,odc_locations,fiberlength
0,"(-5.834028, -35.207972)",117.72208014536868
1,"(-5.855281, -35.262503)",8.821659591852272
2,"(-5.87556, -35.18)",46.65603539442971
3,"(-5.77944, -35.19778)",262.7258576121495
