,odc_locations,capacities
0,"(-3.0875, -60.04028)",810
1,"(-3.10611, -60.0175)",672
2,"(-3.04194, -59.92889)",546
3,"(-3.11889, -60.04917)",336
4,"(-3.09722, -59.99333)",798
5,"(-3.13056, -60.02111)",798
