,odc_locations,capacities
0,"(-3.13361, -60.02083)",672
1,"(-3.02806, -59.98861)",294
2,"(-3.0875, -60.04028)",642
3,"(-3.09778, -60.00667)",966
4,"(-3.04194, -59.92889)",378
5,"(-3.08028, -60.0575)",420
6,"(-3.117444, -60.011722)",588
