,odc_locations,fiberlength
0,"(-3.13361, -60.02083)",47.22560156637831
1,"(-3.02806, -59.98861)",47.82938631303317
2,"(-3.0875, -60.04028)",81.98519113065497
3,"(-3.09778, -60.00667)",115.64752130918858
4,"(-3.04194, -59.92889)",48.74367286129842
5,"(-3.08028, -60.0575)",54.71338773805041
6,"(-3.117444, -60.011722)",45.234898452953416
