,odc_locations,capacities
0,"(-3.08429, -60.07579)",168
1,"(-3.10611, -60.0175)",798
2,"(-3.04194, -59.92889)",588
3,"(-3.1025, -59.99806)",840
4,"(-3.0975, -60.05056)",768
5,"(-3.13056, -60.02111)",798
