,"case1_2: wcpu 0, wodc 0, wd 1, odcs 0","case1_2: wcpu 0, wodc 0, wd 1, odcs 113","case1_2: wcpu 0, wodc 0, wd 1, odcs 76","case1_2: wcpu 0, wodc 0, wd 1, odcs 57","case1_2: wcpu 1, wodc 0, wd 0, odcs 0","case1_2: wcpu 1, wodc 0, wd 0, odcs 113","case1_2: wcpu 1, wodc 0, wd 0, odcs 76","case1_2: wcpu 1, wodc 0, wd 0, odcs 57"
0,42.0,126.0,252.0,252.0,42.0,126.0,252.0,252.0
1,42.0,126.0,252.0,336.0,42.0,126.0,252.0,336.0
2,42.0,126.0,126.0,168.0,42.0,126.0,126.0,168.0
3,42.0,210.0,252.0,336.0,42.0,210.0,252.0,336.0
4,42.0,42.0,84.0,126.0,42.0,42.0,84.0,126.0
5,84.0,84.0,84.0,126.0,84.0,84.0,84.0,126.0
6,126.0,168.0,378.0,546.0,126.0,168.0,378.0,546.0
7,28.0,42.0,126.0,168.0,28.0,42.0,126.0,168.0
8,42.0,126.0,210.0,210.0,42.0,126.0,210.0,210.0
9,126.0,42.0,42.0,210.0,126.0,42.0,42.0,210.0
10,42.0,42.0,42.0,42.0,42.0,42.0,42.0,42.0
11,42.0,84.0,168.0,252.0,42.0,84.0,168.0,252.0
12,42.0,84.0,126.0,378.0,42.0,84.0,126.0,378.0
13,84.0,168.0,168.0,210.0,84.0,168.0,168.0,210.0
14,42.0,42.0,42.0,168.0,42.0,42.0,42.0,168.0
15,84.0,84.0,168.0,168.0,84.0,84.0,168.0,168.0
16,126.0,42.0,168.0,126.0,126.0,42.0,168.0,126.0
17,42.0,42.0,42.0,42.0,42.0,42.0,42.0,42.0
18,48.0,126.0,294.0,294.0,48.0,126.0,294.0,294.0
19,42.0,84.0,126.0,210.0,42.0,84.0,126.0,210.0
20,84.0,174.0,216.0,216.0,84.0,174.0,216.0,216.0
21,42.0,42.0,84.0,126.0,42.0,42.0,84.0,126.0
22,42.0,126.0,126.0,126.0,42.0,126.0,126.0,126.0
23,42.0,84.0,168.0,336.0,42.0,84.0,168.0,336.0
24,42.0,174.0,174.0,292.0,42.0,174.0,174.0,292.0
25,42.0,42.0,42.0,42.0,42.0,42.0,42.0,42.0
26,84.0,126.0,168.0,252.0,84.0,126.0,168.0,252.0
27,84.0,168.0,252.0,336.0,84.0,168.0,252.0,336.0
28,42.0,42.0,84.0,84.0,42.0,42.0,84.0,84.0
29,42.0,42.0,42.0,84.0,42.0,42.0,42.0,84.0
30,42.0,84.0,168.0,168.0,42.0,84.0,168.0,168.0
31,42.0,168.0,210.0,210.0,42.0,168.0,210.0,210.0
32,42.0,126.0,126.0,168.0,42.0,126.0,126.0,168.0
33,42.0,168.0,168.0,252.0,42.0,168.0,168.0,252.0
34,42.0,168.0,378.0,462.0,42.0,168.0,378.0,462.0
35,42.0,168.0,168.0,168.0,42.0,168.0,168.0,168.0
36,42.0,42.0,42.0,42.0,42.0,42.0,42.0,42.0
37,42.0,84.0,84.0,126.0,42.0,84.0,84.0,126.0
38,42.0,126.0,126.0,126.0,42.0,126.0,126.0,126.0
39,42.0,362.0,320.0,407.0,42.0,362.0,320.0,407.0
40,42.0,126.0,210.0,210.0,42.0,126.0,210.0,210.0
41,84.0,42.0,126.0,126.0,84.0,42.0,126.0,126.0
42,42.0,84.0,84.0,126.0,42.0,84.0,84.0,126.0
43,42.0,174.0,258.0,384.0,42.0,174.0,258.0,384.0
44,42.0,42.0,42.0,126.0,42.0,42.0,42.0,126.0
45,42.0,42.0,42.0,42.0,42.0,42.0,42.0,42.0
46,84.0,42.0,42.0,42.0,84.0,42.0,42.0,42.0
47,84.0,126.0,252.0,252.0,84.0,126.0,252.0,252.0
48,42.0,84.0,84.0,84.0,42.0,84.0,84.0,84.0
49,42.0,84.0,126.0,126.0,42.0,84.0,126.0,126.0
50,84.0,84.0,126.0,126.0,84.0,84.0,126.0,126.0
51,42.0,42.0,42.0,42.0,42.0,42.0,42.0,42.0
52,42.0,42.0,42.0,42.0,42.0,42.0,42.0,42.0
53,42.0,84.0,168.0,168.0,42.0,84.0,168.0,168.0
54,42.0,84.0,84.0,126.0,42.0,84.0,84.0,126.0
55,48.0,126.0,168.0,168.0,48.0,126.0,168.0,168.0
56,42.0,168.0,252.0,294.0,42.0,168.0,252.0,294.0
57,42.0,84.0,210.0,210.0,42.0,84.0,210.0,210.0
58,42.0,126.0,126.0,264.0,42.0,126.0,126.0,264.0
59,42.0,126.0,294.0,210.0,42.0,126.0,294.0,210.0
60,42.0,238.0,238.0,126.0,42.0,238.0,238.0,126.0
61,42.0,84.0,126.0,378.0,42.0,84.0,126.0,378.0
62,84.0,90.0,90.0,252.0,84.0,90.0,90.0,252.0
63,42.0,168.0,168.0,252.0,42.0,168.0,168.0,252.0
64,42.0,84.0,126.0,294.0,42.0,84.0,126.0,294.0
65,42.0,171.0,255.0,210.0,42.0,171.0,255.0,210.0
66,126.0,84.0,84.0,210.0,126.0,84.0,84.0,210.0
67,42.0,84.0,84.0,42.0,42.0,84.0,84.0,42.0
68,42.0,42.0,42.0,336.0,42.0,42.0,42.0,336.0
69,42.0,84.0,126.0,462.0,42.0,84.0,126.0,462.0
70,42.0,42.0,42.0,42.0,42.0,42.0,42.0,42.0
71,126.0,84.0,126.0,84.0,126.0,84.0,126.0,84.0
72,42.0,42.0,42.0,174.0,42.0,42.0,42.0,174.0
73,126.0,84.0,168.0,465.0,126.0,84.0,168.0,465.0
74,28.0,42.0,42.0,168.0,28.0,42.0,42.0,168.0
75,42.0,42.0,42.0,42.0,42.0,42.0,42.0,42.0
76,42.0,42.0,210.0,126.0,42.0,42.0,210.0,126.0
77,42.0,126.0,250.0,546.0,42.0,126.0,250.0,546.0
78,42.0,210.0,84.0,84.0,42.0,210.0,84.0,84.0
79,42.0,84.0,84.0,126.0,42.0,84.0,84.0,126.0
80,42.0,42.0,252.0,168.0,42.0,42.0,252.0,168.0
81,84.0,126.0,210.0,168.0,84.0,126.0,210.0,168.0
82,84.0,42.0,168.0,42.0,84.0,42.0,168.0,42.0
83,42.0,252.0,294.0,168.0,42.0,252.0,294.0,168.0
84,42.0,84.0,168.0,294.0,42.0,84.0,168.0,294.0
85,84.0,42.0,210.0,252.0,84.0,42.0,210.0,252.0
86,42.0,42.0,42.0,210.0,42.0,42.0,42.0,210.0
87,42.0,84.0,252.0,252.0,42.0,84.0,252.0,252.0
88,42.0,42.0,294.0,252.0,42.0,42.0,294.0,252.0
89,42.0,126.0,42.0,252.0,42.0,126.0,42.0,252.0
90,42.0,42.0,84.0,168.0,42.0,42.0,84.0,168.0
91,42.0,84.0,174.0,168.0,42.0,84.0,174.0,168.0
92,42.0,42.0,339.0,210.0,42.0,42.0,339.0,210.0
93,42.0,84.0,168.0,84.0,42.0,84.0,168.0,84.0
94,42.0,42.0,42.0,300.0,42.0,42.0,42.0,300.0
95,42.0,84.0,126.0,378.0,42.0,84.0,126.0,378.0
96,42.0,84.0,462.0,84.0,42.0,84.0,462.0,84.0
97,42.0,126.0,84.0,168.0,42.0,126.0,84.0,168.0
98,87.0,168.0,42.0,42.0,87.0,168.0,42.0,42.0
99,42.0,168.0,168.0,42.0,42.0,168.0,168.0,42.0
100,42.0,210.0,168.0,168.0,42.0,210.0,168.0,168.0
101,42.0,42.0,42.0,126.0,42.0,42.0,42.0,126.0
102,48.0,42.0,168.0,210.0,48.0,42.0,168.0,210.0
103,42.0,42.0,84.0,300.0,42.0,42.0,84.0,300.0
104,42.0,84.0,168.0,84.0,42.0,84.0,168.0,84.0
105,84.0,84.0,210.0,42.0,84.0,84.0,210.0,42.0
106,42.0,42.0,252.0,84.0,42.0,42.0,252.0,84.0
107,84.0,42.0,168.0,126.0,84.0,42.0,168.0,126.0
108,42.0,42.0,210.0,126.0,42.0,42.0,210.0,126.0
109,42.0,84.0,84.0,168.0,42.0,84.0,84.0,168.0
110,42.0,84.0,126.0,342.0,42.0,84.0,126.0,342.0
111,84.0,84.0,168.0,126.0,84.0,84.0,168.0,126.0
112,42.0,42.0,84.0,42.0,42.0,42.0,84.0,42.0
113,48.0,84.0,84.0,126.0,48.0,84.0,84.0,126.0
114,48.0,132.0,378.0,168.0,48.0,132.0,378.0,168.0
115,42.0,84.0,84.0,255.0,42.0,84.0,84.0,255.0
116,42.0,84.0,168.0,168.0,42.0,84.0,168.0,168.0
117,42.0,84.0,42.0,84.0,42.0,84.0,42.0,84.0
118,42.0,126.0,42.0,168.0,42.0,126.0,42.0,168.0
119,42.0,84.0,126.0,378.0,42.0,84.0,126.0,378.0
120,42.0,126.0,84.0,336.0,42.0,126.0,84.0,336.0
121,42.0,84.0,168.0,126.0,42.0,84.0,168.0,126.0
122,42.0,168.0,258.0,42.0,42.0,168.0,258.0,42.0
123,42.0,42.0,42.0,126.0,42.0,42.0,42.0,126.0
124,42.0,126.0,42.0,252.0,42.0,126.0,42.0,252.0
125,42.0,168.0,42.0,252.0,42.0,168.0,42.0,252.0
126,84.0,42.0,126.0,382.0,84.0,42.0,126.0,382.0
127,42.0,42.0,126.0,168.0,42.0,42.0,126.0,168.0
128,42.0,174.0,168.0,210.0,42.0,174.0,168.0,210.0
129,42.0,84.0,294.0,294.0,42.0,84.0,294.0,294.0
130,42.0,126.0,84.0,210.0,42.0,126.0,84.0,210.0
131,84.0,42.0,42.0,126.0,84.0,42.0,42.0,126.0
132,42.0,126.0,126.0,216.0,42.0,126.0,126.0,216.0
133,42.0,210.0,42.0,84.0,42.0,210.0,42.0,84.0
134,42.0,84.0,84.0,210.0,42.0,84.0,84.0,210.0
135,42.0,42.0,132.0,126.0,42.0,42.0,132.0,126.0
136,42.0,126.0,126.0,252.0,42.0,126.0,126.0,252.0
137,42.0,126.0,210.0,210.0,42.0,126.0,210.0,210.0
138,42.0,42.0,168.0,126.0,42.0,42.0,168.0,126.0
139,42.0,126.0,42.0,294.0,42.0,126.0,42.0,294.0
140,42.0,84.0,210.0,168.0,42.0,84.0,210.0,168.0
141,42.0,168.0,126.0,42.0,42.0,168.0,126.0,42.0
142,42.0,126.0,84.0,252.0,42.0,126.0,84.0,252.0
143,48.0,126.0,84.0,210.0,48.0,126.0,84.0,210.0
144,42.0,126.0,146.0,42.0,42.0,126.0,146.0,42.0
145,42.0,168.0,126.0,126.0,42.0,168.0,126.0,126.0
146,42.0,84.0,84.0,42.0,42.0,84.0,84.0,42.0
147,42.0,42.0,126.0,252.0,42.0,42.0,126.0,252.0
148,42.0,126.0,168.0,210.0,42.0,126.0,168.0,210.0
149,42.0,84.0,84.0,210.0,42.0,84.0,84.0,210.0
150,42.0,84.0,42.0,420.0,42.0,84.0,42.0,420.0
151,42.0,252.0,84.0,294.0,42.0,252.0,84.0,294.0
152,42.0,84.0,126.0,294.0,42.0,84.0,126.0,294.0
153,42.0,126.0,255.0,84.0,42.0,126.0,255.0,84.0
154,42.0,42.0,126.0,84.0,42.0,42.0,126.0,84.0
155,42.0,42.0,84.0,210.0,42.0,42.0,84.0,210.0
156,42.0,84.0,168.0,168.0,42.0,84.0,168.0,168.0
157,42.0,84.0,252.0,294.0,42.0,84.0,252.0,294.0
158,42.0,168.0,336.0,252.0,42.0,168.0,336.0,252.0
159,42.0,132.0,84.0,210.0,42.0,132.0,84.0,210.0
160,42.0,42.0,42.0,42.0,42.0,42.0,42.0,42.0
161,42.0,42.0,126.0,210.0,42.0,42.0,126.0,210.0
162,42.0,42.0,252.0,42.0,42.0,42.0,252.0,42.0
163,42.0,42.0,126.0,168.0,42.0,42.0,126.0,168.0
164,42.0,84.0,160.0,168.0,42.0,84.0,160.0,168.0
165,42.0,126.0,168.0,168.0,42.0,126.0,168.0,168.0
166,42.0,210.0,84.0,378.0,42.0,210.0,84.0,378.0
167,42.0,84.0,210.0,42.0,42.0,84.0,210.0,42.0
168,42.0,42.0,210.0,236.0,42.0,42.0,210.0,236.0
169,42.0,126.0,126.0,84.0,42.0,126.0,126.0,84.0
170,42.0,42.0,216.0,210.0,42.0,42.0,216.0,210.0
171,42.0,42.0,84.0,336.0,42.0,42.0,84.0,336.0
172,42.0,90.0,168.0,252.0,42.0,90.0,168.0,252.0
173,42.0,126.0,42.0,210.0,42.0,126.0,42.0,210.0
174,42.0,210.0,168.0,210.0,42.0,210.0,168.0,210.0
175,42.0,168.0,84.0,468.0,42.0,168.0,84.0,468.0
176,42.0,42.0,126.0,42.0,42.0,42.0,126.0,42.0
177,42.0,168.0,252.0,252.0,42.0,168.0,252.0,252.0
178,42.0,84.0,168.0,342.0,42.0,84.0,168.0,342.0
179,42.0,84.0,42.0,252.0,42.0,84.0,42.0,252.0
180,42.0,42.0,126.0,168.0,42.0,42.0,126.0,168.0
181,42.0,104.0,210.0,42.0,42.0,104.0,210.0,42.0
182,42.0,42.0,42.0,84.0,42.0,42.0,42.0,84.0
183,42.0,84.0,84.0,168.0,42.0,84.0,84.0,168.0
184,42.0,84.0,42.0,168.0,42.0,84.0,42.0,168.0
185,42.0,126.0,252.0,168.0,42.0,126.0,252.0,168.0
186,42.0,84.0,126.0,216.0,42.0,84.0,126.0,216.0
187,42.0,42.0,168.0,42.0,42.0,42.0,168.0,42.0
188,42.0,84.0,210.0,168.0,42.0,84.0,210.0,168.0
189,42.0,42.0,126.0,84.0,42.0,42.0,126.0,84.0
190,42.0,126.0,294.0,252.0,42.0,126.0,294.0,252.0
191,42.0,252.0,84.0,42.0,42.0,252.0,84.0,42.0
192,42.0,126.0,84.0,126.0,42.0,126.0,84.0,126.0
193,42.0,168.0,210.0,42.0,42.0,168.0,210.0,42.0
194,42.0,42.0,168.0,168.0,42.0,42.0,168.0,168.0
195,42.0,42.0,168.0,126.0,42.0,42.0,168.0,126.0
196,42.0,42.0,252.0,300.0,42.0,42.0,252.0,300.0
197,42.0,84.0,84.0,252.0,42.0,84.0,84.0,252.0
198,42.0,84.0,42.0,42.0,42.0,84.0,42.0,42.0
199,42.0,336.0,210.0,252.0,42.0,336.0,210.0,252.0
200,42.0,42.0,42.0,336.0,42.0,42.0,42.0,336.0
201,42.0,42.0,126.0,336.0,42.0,42.0,126.0,336.0
202,42.0,42.0,168.0,126.0,42.0,42.0,168.0,126.0
203,42.0,84.0,168.0,126.0,42.0,84.0,168.0,126.0
204,42.0,84.0,378.0,252.0,42.0,84.0,378.0,252.0
205,42.0,84.0,42.0,378.0,42.0,84.0,42.0,378.0
206,42.0,84.0,236.0,168.0,42.0,84.0,236.0,168.0
207,42.0,42.0,42.0,42.0,42.0,42.0,42.0,42.0
208,14.0,42.0,126.0,297.0,14.0,42.0,126.0,297.0
209,42.0,42.0,42.0,294.0,42.0,42.0,42.0,294.0
210,42.0,126.0,210.0,168.0,42.0,126.0,210.0,168.0
211,42.0,42.0,126.0,210.0,42.0,42.0,126.0,210.0
212,42.0,126.0,84.0,168.0,42.0,126.0,84.0,168.0
213,42.0,42.0,252.0,294.0,42.0,42.0,252.0,294.0
214,42.0,84.0,126.0,84.0,42.0,84.0,126.0,84.0
215,42.0,42.0,210.0,84.0,42.0,42.0,210.0,84.0
216,42.0,42.0,42.0,168.0,42.0,42.0,42.0,168.0
217,42.0,126.0,126.0,336.0,42.0,126.0,126.0,336.0
218,42.0,118.0,84.0,264.0,42.0,118.0,84.0,264.0
219,14.0,129.0,216.0,378.0,14.0,129.0,216.0,378.0
220,42.0,126.0,126.0,84.0,42.0,126.0,126.0,84.0
221,42.0,42.0,84.0,252.0,42.0,42.0,84.0,252.0
222,42.0,42.0,126.0,42.0,42.0,42.0,126.0,42.0
223,42.0,126.0,90.0,84.0,42.0,126.0,90.0,84.0
224,42.0,84.0,84.0,168.0,42.0,84.0,84.0,168.0
225,42.0,42.0,84.0,168.0,42.0,42.0,84.0,168.0
226,42.0,84.0,126.0,252.0,42.0,84.0,126.0,252.0
227,42.0,255.0,42.0,42.0,42.0,255.0,42.0,42.0
228,42.0,84.0,294.0,210.0,42.0,84.0,294.0,336.0
229,42.0,84.0,168.0,174.0,42.0,84.0,168.0,258.0
230,42.0,126.0,210.0,126.0,42.0,126.0,210.0,168.0
231,42.0,126.0,168.0,168.0,42.0,126.0,168.0,378.0
232,42.0,210.0,244.0,210.0,42.0,210.0,244.0,210.0
233,84.0,42.0,42.0,84.0,84.0,42.0,42.0,216.0
234,42.0,42.0,210.0,210.0,42.0,42.0,210.0,294.0
235,42.0,84.0,258.0,126.0,42.0,84.0,258.0,210.0
236,42.0,168.0,126.0,132.0,42.0,168.0,126.0,533.0
237,42.0,126.0,168.0,126.0,42.0,126.0,168.0,126.0
238,42.0,90.0,42.0,252.0,42.0,90.0,42.0,378.0
239,42.0,42.0,84.0,294.0,42.0,42.0,84.0,420.0
240,42.0,84.0,126.0,42.0,42.0,84.0,126.0,252.0
241,126.0,126.0,42.0,210.0,126.0,126.0,42.0,630.0
242,42.0,168.0,126.0,404.0,42.0,168.0,126.0,252.0
243,84.0,126.0,174.0,84.0,84.0,126.0,174.0,504.0
244,42.0,126.0,42.0,84.0,42.0,126.0,42.0,252.0
245,84.0,42.0,126.0,210.0,84.0,42.0,126.0,168.0
246,42.0,168.0,84.0,294.0,42.0,168.0,84.0,378.0
247,42.0,42.0,210.0,252.0,42.0,42.0,210.0,294.0
248,42.0,168.0,42.0,126.0,42.0,168.0,42.0,294.0
249,42.0,84.0,126.0,378.0,42.0,84.0,126.0,168.0
250,42.0,84.0,42.0,210.0,42.0,84.0,42.0,126.0
251,42.0,252.0,168.0,336.0,42.0,252.0,168.0,252.0
252,84.0,84.0,84.0,168.0,84.0,84.0,84.0,210.0
253,84.0,42.0,168.0,42.0,84.0,42.0,168.0,42.0
254,42.0,84.0,126.0,168.0,42.0,84.0,126.0,462.0
255,42.0,42.0,42.0,168.0,42.0,42.0,42.0,376.0
256,42.0,42.0,252.0,42.0,42.0,42.0,252.0,168.0
257,42.0,84.0,252.0,84.0,42.0,84.0,252.0,252.0
258,42.0,42.0,210.0,294.0,42.0,42.0,210.0,378.0
259,42.0,252.0,126.0,336.0,42.0,252.0,126.0,252.0
260,42.0,84.0,126.0,294.0,42.0,84.0,126.0,294.0
261,42.0,126.0,168.0,126.0,42.0,126.0,168.0,294.0
262,42.0,168.0,252.0,42.0,42.0,168.0,252.0,420.0
263,42.0,126.0,168.0,168.0,42.0,126.0,168.0,630.0
264,42.0,168.0,42.0,126.0,42.0,168.0,42.0,504.0
265,42.0,42.0,213.0,210.0,42.0,42.0,213.0,126.0
266,42.0,84.0,210.0,126.0,42.0,84.0,210.0,384.0
267,42.0,84.0,126.0,42.0,42.0,84.0,126.0,294.0
268,42.0,84.0,210.0,378.0,42.0,84.0,210.0,126.0
269,42.0,168.0,168.0,376.0,42.0,168.0,168.0,588.0
270,84.0,252.0,210.0,126.0,84.0,252.0,210.0,42.0
271,84.0,42.0,84.0,210.0,84.0,42.0,84.0,168.0
272,42.0,42.0,84.0,252.0,42.0,42.0,84.0,42.0
273,42.0,126.0,126.0,126.0,42.0,126.0,126.0,378.0
274,42.0,42.0,336.0,252.0,42.0,42.0,336.0,378.0
275,42.0,84.0,264.0,210.0,42.0,84.0,264.0,126.0
276,126.0,84.0,168.0,294.0,126.0,84.0,168.0,462.0
277,42.0,84.0,42.0,42.0,42.0,84.0,42.0,126.0
278,42.0,294.0,252.0,42.0,42.0,294.0,252.0,336.0
279,42.0,42.0,42.0,126.0,42.0,42.0,42.0,210.0
280,42.0,236.0,84.0,294.0,42.0,236.0,84.0,252.0
281,42.0,42.0,168.0,168.0,42.0,42.0,168.0,462.0
282,42.0,126.0,168.0,336.0,42.0,126.0,168.0,168.0
283,42.0,42.0,126.0,210.0,42.0,42.0,126.0,552.0
284,42.0,126.0,42.0,255.0,42.0,126.0,42.0,168.0
285,42.0,126.0,168.0,336.0,42.0,126.0,168.0,420.0
286,42.0,84.0,126.0,294.0,42.0,84.0,126.0,336.0
287,42.0,126.0,84.0,210.0,42.0,126.0,84.0,210.0
288,42.0,126.0,126.0,210.0,42.0,126.0,126.0,336.0
289,42.0,84.0,252.0,84.0,42.0,84.0,252.0,504.0
290,42.0,42.0,174.0,174.0,42.0,42.0,174.0,294.0
291,42.0,84.0,42.0,252.0,42.0,84.0,42.0,294.0
292,126.0,84.0,42.0,126.0,126.0,84.0,42.0,255.0
293,42.0,132.0,126.0,294.0,42.0,132.0,126.0,384.0
294,42.0,126.0,182.0,42.0,42.0,126.0,182.0,336.0
295,42.0,42.0,126.0,42.0,42.0,42.0,126.0,210.0
296,48.0,126.0,42.0,42.0,48.0,126.0,42.0,438.0
297,42.0,90.0,336.0,210.0,42.0,90.0,336.0,588.0
298,42.0,84.0,126.0,378.0,42.0,84.0,126.0,210.0
299,42.0,84.0,126.0,84.0,42.0,84.0,126.0,168.0
300,84.0,126.0,126.0,378.0,84.0,126.0,126.0,320.0
301,42.0,42.0,42.0,84.0,42.0,42.0,42.0,504.0
302,42.0,126.0,126.0,168.0,42.0,126.0,126.0,168.0
303,84.0,84.0,42.0,84.0,84.0,84.0,42.0,168.0
304,42.0,42.0,210.0,252.0,42.0,42.0,174.0,168.0
305,42.0,168.0,174.0,210.0,42.0,168.0,126.0,252.0
306,42.0,42.0,126.0,210.0,42.0,42.0,168.0,336.0
307,42.0,42.0,84.0,294.0,42.0,42.0,336.0,210.0
308,42.0,42.0,210.0,84.0,42.0,42.0,294.0,168.0
309,42.0,42.0,84.0,280.0,42.0,42.0,90.0,378.0
310,84.0,126.0,126.0,84.0,84.0,126.0,210.0,294.0
311,42.0,84.0,126.0,210.0,42.0,84.0,252.0,210.0
312,42.0,42.0,90.0,210.0,42.0,42.0,210.0,168.0
313,42.0,126.0,42.0,168.0,42.0,126.0,404.0,462.0
314,42.0,42.0,252.0,168.0,42.0,42.0,126.0,210.0
315,42.0,42.0,126.0,84.0,42.0,42.0,126.0,294.0
316,42.0,84.0,42.0,42.0,42.0,84.0,252.0,336.0
317,42.0,84.0,210.0,252.0,42.0,84.0,294.0,210.0
318,42.0,126.0,300.0,168.0,42.0,126.0,168.0,714.0
319,42.0,126.0,84.0,468.0,42.0,126.0,336.0,378.0
320,42.0,42.0,84.0,126.0,42.0,42.0,168.0,294.0
321,42.0,42.0,126.0,210.0,42.0,42.0,42.0,252.0
322,42.0,42.0,168.0,168.0,42.0,42.0,168.0,252.0
323,42.0,42.0,252.0,336.0,42.0,42.0,84.0,420.0
324,126.0,42.0,42.0,126.0,126.0,42.0,336.0,462.0
325,42.0,126.0,294.0,126.0,42.0,126.0,126.0,420.0
326,42.0,42.0,168.0,168.0,42.0,42.0,294.0,255.0
327,126.0,84.0,336.0,336.0,126.0,84.0,168.0,454.0
328,42.0,42.0,168.0,336.0,42.0,42.0,210.0,222.0
329,84.0,84.0,42.0,126.0,84.0,84.0,42.0,84.0
330,84.0,84.0,168.0,210.0,84.0,84.0,210.0,210.0
331,42.0,84.0,168.0,42.0,42.0,84.0,264.0,168.0
332,42.0,42.0,42.0,255.0,42.0,42.0,126.0,294.0
333,84.0,42.0,42.0,258.0,84.0,42.0,252.0,168.0
334,42.0,126.0,210.0,84.0,42.0,126.0,336.0,504.0
335,42.0,112.0,126.0,210.0,42.0,112.0,378.0,168.0
336,42.0,90.0,294.0,326.0,42.0,90.0,462.0,300.0
337,84.0,84.0,126.0,294.0,84.0,84.0,42.0,882.0
338,48.0,42.0,42.0,126.0,48.0,42.0,84.0,462.0
339,42.0,168.0,126.0,168.0,42.0,168.0,294.0,42.0
340,84.0,84.0,126.0,42.0,84.0,84.0,294.0,168.0
341,42.0,126.0,168.0,126.0,42.0,126.0,336.0,210.0
342,84.0,84.0,42.0,320.0,84.0,84.0,213.0,378.0
343,84.0,202.0,42.0,168.0,84.0,202.0,294.0,504.0
344,42.0,42.0,168.0,210.0,42.0,42.0,210.0,510.0
345,126.0,126.0,174.0,84.0,126.0,126.0,210.0,462.0
346,87.0,132.0,126.0,126.0,87.0,132.0,336.0,168.0
347,42.0,84.0,84.0,252.0,42.0,84.0,42.0,420.0
348,42.0,42.0,252.0,210.0,42.0,42.0,252.0,42.0
349,42.0,42.0,84.0,84.0,42.0,42.0,126.0,556.0
350,42.0,84.0,252.0,126.0,42.0,84.0,210.0,401.0
351,42.0,126.0,42.0,42.0,42.0,126.0,168.0,294.0
352,42.0,42.0,294.0,210.0,42.0,42.0,84.0,336.0
353,42.0,84.0,42.0,252.0,42.0,84.0,210.0,294.0
354,42.0,174.0,42.0,336.0,42.0,174.0,238.0,252.0
355,28.0,42.0,126.0,168.0,28.0,42.0,252.0,378.0
356,42.0,84.0,252.0,210.0,42.0,84.0,168.0,462.0
357,42.0,42.0,168.0,42.0,42.0,42.0,126.0,252.0
358,42.0,168.0,336.0,378.0,42.0,168.0,546.0,336.0
359,48.0,42.0,210.0,252.0,48.0,42.0,126.0,462.0
360,42.0,42.0,213.0,294.0,42.0,42.0,42.0,378.0
361,84.0,42.0,84.0,210.0,84.0,42.0,42.0,294.0
362,42.0,42.0,168.0,42.0,42.0,42.0,420.0,126.0
363,42.0,84.0,84.0,84.0,42.0,84.0,639.0,210.0
364,42.0,84.0,126.0,294.0,42.0,84.0,126.0,252.0
365,42.0,84.0,84.0,168.0,42.0,84.0,336.0,210.0
366,42.0,42.0,126.0,294.0,42.0,42.0,252.0,210.0
367,42.0,126.0,168.0,168.0,42.0,126.0,210.0,336.0
368,42.0,126.0,42.0,126.0,42.0,126.0,84.0,588.0
369,42.0,126.0,252.0,168.0,42.0,126.0,252.0,630.0
370,42.0,84.0,84.0,546.0,42.0,84.0,336.0,252.0
371,42.0,84.0,84.0,252.0,42.0,84.0,168.0,462.0
372,48.0,168.0,42.0,252.0,48.0,168.0,84.0,336.0
373,42.0,252.0,126.0,126.0,42.0,252.0,294.0,462.0
374,42.0,84.0,84.0,42.0,42.0,84.0,336.0,168.0
375,42.0,42.0,84.0,168.0,42.0,42.0,252.0,168.0
376,42.0,171.0,222.0,168.0,42.0,171.0,210.0,252.0
377,42.0,168.0,126.0,168.0,42.0,168.0,252.0,378.0
378,42.0,126.0,210.0,126.0,42.0,126.0,126.0,334.0
379,42.0,126.0,126.0,336.0,42.0,126.0,168.0,462.0
380,42.0,84.0,252.0,252.0,42.0,84.0,630.0,168.0
381,42.0,126.0,168.0,255.0,42.0,126.0,420.0,168.0
382,42.0,42.0,168.0,454.0,42.0,42.0,210.0,336.0
383,42.0,84.0,42.0,42.0,42.0,84.0,42.0,336.0
384,42.0,126.0,84.0,222.0,42.0,126.0,468.0,734.0
385,42.0,252.0,90.0,420.0,42.0,252.0,210.0,882.0
386,42.0,222.0,168.0,42.0,42.0,222.0,294.0,294.0
387,42.0,168.0,126.0,42.0,42.0,168.0,84.0,420.0
388,42.0,42.0,126.0,84.0,42.0,42.0,252.0,126.0
389,42.0,252.0,42.0,210.0,42.0,252.0,126.0,342.0
390,42.0,42.0,42.0,168.0,42.0,42.0,210.0,210.0
391,42.0,84.0,42.0,252.0,42.0,84.0,210.0,294.0
392,42.0,168.0,210.0,252.0,42.0,168.0,336.0,42.0
393,48.0,84.0,294.0,168.0,48.0,84.0,42.0,168.0
394,42.0,84.0,84.0,126.0,42.0,84.0,378.0,378.0
395,84.0,42.0,294.0,42.0,84.0,42.0,168.0,126.0
396,42.0,84.0,84.0,84.0,42.0,84.0,174.0,42.0
397,42.0,126.0,126.0,216.0,42.0,126.0,396.0,294.0
398,42.0,84.0,84.0,42.0,42.0,84.0,378.0,771.0
399,42.0,84.0,168.0,504.0,42.0,84.0,378.0,294.0
400,42.0,210.0,168.0,126.0,42.0,210.0,336.0,84.0
401,42.0,90.0,168.0,168.0,42.0,90.0,210.0,252.0
402,42.0,42.0,126.0,294.0,42.0,42.0,126.0,210.0
403,42.0,42.0,84.0,84.0,42.0,42.0,126.0,294.0
404,42.0,126.0,238.0,42.0,42.0,126.0,378.0,474.0
405,42.0,182.0,84.0,210.0,42.0,182.0,84.0,294.0
406,42.0,126.0,126.0,42.0,42.0,126.0,294.0,636.0
407,42.0,42.0,168.0,210.0,42.0,42.0,420.0,210.0
408,42.0,294.0,168.0,168.0,42.0,294.0,168.0,378.0
409,42.0,126.0,168.0,210.0,42.0,126.0,378.0,42.0
410,42.0,126.0,84.0,336.0,42.0,126.0,420.0,252.0
411,42.0,84.0,42.0,378.0,42.0,84.0,462.0,378.0
412,42.0,42.0,126.0,210.0,42.0,42.0,252.0,252.0
413,42.0,126.0,168.0,468.0,42.0,126.0,126.0,252.0
414,42.0,42.0,336.0,42.0,42.0,42.0,252.0,210.0
415,42.0,42.0,126.0,294.0,42.0,42.0,336.0,336.0
416,42.0,84.0,210.0,126.0,42.0,84.0,210.0,168.0
417,42.0,84.0,168.0,168.0,42.0,84.0,168.0,294.0
418,42.0,126.0,126.0,168.0,42.0,126.0,42.0,504.0
419,42.0,42.0,126.0,42.0,42.0,42.0,126.0,84.0
420,42.0,126.0,126.0,180.0,42.0,126.0,339.0,504.0
421,42.0,42.0,168.0,126.0,42.0,42.0,238.0,336.0
422,42.0,84.0,294.0,168.0,42.0,84.0,42.0,294.0
423,42.0,126.0,294.0,339.0,42.0,126.0,336.0,126.0
424,42.0,42.0,126.0,168.0,42.0,42.0,336.0,378.0
425,42.0,126.0,168.0,168.0,42.0,126.0,126.0,210.0
426,42.0,42.0,42.0,294.0,42.0,42.0,84.0,549.0
427,42.0,84.0,213.0,126.0,42.0,84.0,468.0,84.0
428,42.0,126.0,258.0,84.0,42.0,126.0,42.0,168.0
429,42.0,126.0,84.0,168.0,42.0,126.0,462.0,462.0
430,42.0,42.0,84.0,252.0,42.0,42.0,378.0,84.0
431,42.0,42.0,278.0,84.0,42.0,42.0,636.0,168.0
432,42.0,42.0,84.0,168.0,42.0,42.0,294.0,726.0
433,42.0,84.0,126.0,336.0,42.0,84.0,210.0,210.0
434,42.0,42.0,168.0,348.0,42.0,42.0,420.0,378.0
435,48.0,168.0,42.0,210.0,48.0,168.0,584.0,258.0
436,42.0,42.0,126.0,168.0,42.0,42.0,336.0,504.0
437,14.0,84.0,42.0,294.0,14.0,84.0,252.0,378.0
438,42.0,42.0,84.0,252.0,42.0,42.0,504.0,504.0
439,42.0,42.0,126.0,210.0,42.0,42.0,210.0,462.0
440,42.0,42.0,168.0,384.0,42.0,42.0,336.0,462.0
441,42.0,42.0,126.0,294.0,42.0,42.0,42.0,168.0
442,42.0,42.0,126.0,378.0,42.0,42.0,336.0,336.0
443,42.0,42.0,168.0,168.0,42.0,42.0,210.0,496.0
444,42.0,126.0,168.0,42.0,42.0,126.0,294.0,504.0
445,42.0,42.0,42.0,126.0,42.0,42.0,546.0,378.0
446,14.0,126.0,42.0,126.0,14.0,126.0,294.0,42.0
447,28.0,42.0,210.0,84.0,28.0,42.0,504.0,546.0
448,42.0,84.0,126.0,42.0,42.0,84.0,252.0,630.0
449,42.0,42.0,174.0,210.0,42.0,42.0,336.0,210.0
450,42.0,168.0,174.0,84.0,42.0,168.0,42.0,378.0
451,42.0,42.0,210.0,126.0,42.0,42.0,378.0,210.0
452,42.0,84.0,168.0,42.0,42.0,252.0,168.0,336.0
453,42.0,42.0,168.0,42.0,42.0,294.0,42.0,168.0
454,42.0,126.0,126.0,42.0,42.0,252.0,600.0,42.0
455,42.0,84.0,42.0,252.0,42.0,174.0,126.0,336.0
456,42.0,210.0,252.0,420.0,42.0,210.0,339.0,168.0
457,42.0,42.0,84.0,126.0,42.0,378.0,252.0,630.0
458,42.0,126.0,210.0,84.0,42.0,420.0,378.0,336.0
459,42.0,84.0,84.0,168.0,42.0,294.0,252.0,336.0
460,84.0,90.0,126.0,546.0,84.0,404.0,252.0,168.0
461,42.0,42.0,126.0,294.0,42.0,252.0,378.0,84.0
462,84.0,126.0,210.0,126.0,84.0,504.0,306.0,420.0
463,42.0,126.0,84.0,42.0,42.0,252.0,294.0,126.0
464,84.0,42.0,84.0,126.0,84.0,84.0,426.0,252.0
465,42.0,168.0,42.0,84.0,42.0,168.0,588.0,342.0
466,42.0,174.0,126.0,294.0,42.0,84.0,84.0,222.0
467,42.0,84.0,126.0,210.0,42.0,468.0,126.0,659.0
468,126.0,42.0,210.0,334.0,126.0,126.0,210.0,126.0
469,48.0,126.0,126.0,126.0,48.0,84.0,84.0,294.0
470,42.0,84.0,210.0,42.0,42.0,336.0,42.0,504.0
471,42.0,126.0,42.0,168.0,42.0,630.0,168.0,426.0
472,42.0,42.0,378.0,126.0,42.0,420.0,168.0,378.0
473,42.0,336.0,210.0,84.0,42.0,84.0,126.0,336.0
474,42.0,126.0,294.0,336.0,42.0,378.0,378.0,252.0
475,126.0,168.0,168.0,168.0,126.0,168.0,294.0,252.0
476,48.0,126.0,42.0,210.0,48.0,255.0,216.0,126.0
477,42.0,42.0,84.0,378.0,42.0,168.0,168.0,252.0
478,42.0,126.0,252.0,126.0,42.0,210.0,126.0,504.0
479,42.0,84.0,168.0,420.0,42.0,210.0,549.0,168.0
480,84.0,42.0,294.0,252.0,84.0,252.0,168.0,168.0
481,42.0,42.0,168.0,210.0,42.0,252.0,462.0,348.0
482,42.0,126.0,84.0,294.0,42.0,84.0,126.0,168.0
483,42.0,126.0,168.0,84.0,42.0,84.0,336.0,126.0
484,42.0,126.0,210.0,339.0,42.0,168.0,126.0,588.0
485,84.0,84.0,168.0,132.0,84.0,42.0,354.0,252.0
486,84.0,42.0,210.0,168.0,84.0,174.0,42.0,546.0
487,42.0,84.0,126.0,126.0,42.0,210.0,252.0,420.0
488,126.0,42.0,42.0,168.0,126.0,210.0,168.0,294.0
489,42.0,84.0,126.0,84.0,42.0,244.0,168.0,252.0
490,42.0,42.0,168.0,294.0,42.0,126.0,336.0,294.0
491,42.0,42.0,168.0,210.0,42.0,42.0,126.0,378.0
492,42.0,84.0,126.0,42.0,42.0,168.0,420.0,462.0
493,42.0,132.0,294.0,168.0,42.0,84.0,210.0,336.0
494,42.0,42.0,126.0,168.0,42.0,168.0,294.0,342.0
495,42.0,84.0,297.0,210.0,42.0,84.0,462.0,84.0
496,42.0,126.0,210.0,210.0,42.0,420.0,210.0,126.0
497,42.0,84.0,42.0,126.0,42.0,252.0,168.0,678.0
498,42.0,84.0,160.0,168.0,42.0,126.0,294.0,510.0
499,48.0,42.0,252.0,210.0,48.0,126.0,126.0,294.0
500,42.0,252.0,42.0,252.0,42.0,168.0,252.0,168.0
501,42.0,42.0,42.0,42.0,42.0,126.0,258.0,420.0
502,42.0,42.0,84.0,168.0,42.0,300.0,294.0,507.0
503,42.0,126.0,84.0,168.0,42.0,210.0,168.0,252.0
504,84.0,252.0,42.0,42.0,84.0,210.0,294.0,168.0
505,48.0,168.0,210.0,294.0,48.0,126.0,210.0,126.0
506,42.0,84.0,210.0,320.0,42.0,210.0,42.0,527.0
507,42.0,168.0,84.0,252.0,42.0,252.0,84.0,378.0
508,42.0,171.0,84.0,84.0,42.0,294.0,384.0,462.0
509,42.0,84.0,42.0,168.0,42.0,300.0,462.0,336.0
510,84.0,84.0,84.0,42.0,84.0,210.0,126.0,174.0
511,42.0,42.0,174.0,258.0,42.0,168.0,342.0,336.0
512,42.0,126.0,42.0,84.0,42.0,84.0,420.0,42.0
513,42.0,84.0,126.0,168.0,42.0,210.0,294.0,84.0
514,42.0,126.0,42.0,300.0,42.0,84.0,294.0,378.0
515,42.0,168.0,42.0,168.0,42.0,396.0,210.0,588.0
516,126.0,42.0,84.0,384.0,126.0,462.0,168.0,454.0
517,42.0,252.0,84.0,168.0,42.0,42.0,126.0,462.0
518,42.0,84.0,84.0,210.0,42.0,42.0,378.0,420.0
519,42.0,84.0,252.0,252.0,42.0,252.0,252.0,336.0
520,42.0,42.0,90.0,42.0,42.0,168.0,210.0,294.0
521,42.0,126.0,258.0,84.0,42.0,210.0,210.0,210.0
522,42.0,84.0,126.0,42.0,42.0,294.0,468.0,252.0
523,42.0,84.0,210.0,252.0,42.0,126.0,252.0,126.0
524,42.0,188.0,84.0,42.0,42.0,210.0,252.0,378.0
525,42.0,126.0,84.0,396.0,42.0,213.0,126.0,420.0
526,42.0,210.0,126.0,252.0,42.0,294.0,696.0,378.0
527,84.0,84.0,194.0,210.0,84.0,168.0,84.0,378.0
528,42.0,42.0,210.0,168.0,42.0,84.0,42.0,510.0
529,42.0,126.0,84.0,126.0,42.0,336.0,367.0,252.0
530,42.0,42.0,168.0,42.0,42.0,126.0,252.0,210.0
531,42.0,42.0,126.0,168.0,42.0,42.0,420.0,252.0
532,42.0,42.0,504.0,252.0,42.0,294.0,378.0,306.0
533,84.0,132.0,126.0,210.0,84.0,294.0,210.0,378.0
534,42.0,126.0,168.0,297.0,42.0,168.0,294.0,252.0
535,42.0,42.0,294.0,210.0,42.0,216.0,336.0,168.0
536,42.0,84.0,42.0,168.0,42.0,168.0,462.0,462.0
537,42.0,42.0,42.0,294.0,42.0,126.0,84.0,168.0
538,42.0,42.0,210.0,210.0,42.0,210.0,420.0,210.0
539,42.0,84.0,42.0,462.0,42.0,42.0,42.0,168.0
540,42.0,42.0,252.0,336.0,42.0,210.0,294.0,378.0
541,42.0,210.0,168.0,84.0,42.0,84.0,84.0,588.0
542,42.0,42.0,210.0,126.0,42.0,336.0,126.0,546.0
543,84.0,42.0,294.0,168.0,84.0,84.0,378.0,210.0
544,42.0,160.0,126.0,294.0,42.0,336.0,462.0,420.0
545,42.0,126.0,210.0,588.0,42.0,84.0,210.0,420.0
546,42.0,84.0,336.0,294.0,42.0,210.0,168.0,168.0
547,126.0,84.0,42.0,84.0,126.0,252.0,126.0,378.0
548,42.0,42.0,210.0,210.0,42.0,84.0,336.0,42.0
549,42.0,42.0,84.0,126.0,42.0,168.0,378.0,126.0
550,42.0,84.0,126.0,42.0,42.0,210.0,378.0,210.0
551,42.0,42.0,42.0,294.0,42.0,210.0,294.0,504.0
552,42.0,126.0,42.0,42.0,42.0,252.0,602.0,336.0
553,42.0,84.0,180.0,252.0,42.0,168.0,336.0,336.0
554,42.0,84.0,84.0,84.0,42.0,126.0,552.0,546.0
555,42.0,42.0,84.0,42.0,42.0,126.0,462.0,210.0
556,42.0,84.0,339.0,210.0,42.0,210.0,294.0,336.0
557,42.0,42.0,168.0,126.0,42.0,210.0,168.0,342.0
558,42.0,84.0,168.0,84.0,42.0,210.0,42.0,210.0
559,126.0,42.0,294.0,126.0,126.0,168.0,420.0,252.0
560,84.0,42.0,84.0,126.0,84.0,168.0,420.0,42.0
561,42.0,42.0,84.0,378.0,42.0,294.0,294.0,381.0
562,84.0,126.0,168.0,168.0,84.0,42.0,294.0,168.0
563,42.0,42.0,126.0,84.0,42.0,42.0,720.0,294.0
564,42.0,126.0,84.0,210.0,42.0,216.0,420.0,42.0
565,42.0,126.0,84.0,216.0,42.0,336.0,294.0,210.0
566,42.0,126.0,252.0,84.0,42.0,84.0,336.0,252.0
567,42.0,126.0,306.0,252.0,42.0,252.0,294.0,252.0
568,42.0,42.0,126.0,42.0,42.0,42.0,252.0,720.0
569,84.0,84.0,42.0,126.0,84.0,132.0,462.0,210.0
570,42.0,90.0,168.0,504.0,42.0,336.0,210.0,42.0
571,42.0,168.0,168.0,252.0,42.0,252.0,168.0,168.0
572,42.0,84.0,126.0,252.0,42.0,84.0,294.0,284.0
573,42.0,126.0,210.0,84.0,42.0,84.0,126.0,294.0
574,84.0,42.0,126.0,210.0,84.0,126.0,84.0,126.0
575,42.0,42.0,294.0,210.0,42.0,168.0,126.0,84.0
576,42.0,42.0,126.0,168.0,42.0,294.0,336.0,328.0
577,28.0,210.0,42.0,384.0,28.0,84.0,84.0,84.0
578,42.0,252.0,84.0,420.0,42.0,294.0,252.0,126.0
579,84.0,42.0,84.0,84.0,84.0,126.0,294.0,210.0
580,42.0,252.0,84.0,168.0,42.0,84.0,126.0,376.0
581,42.0,84.0,42.0,252.0,42.0,252.0,424.0,252.0
582,42.0,84.0,168.0,42.0,42.0,210.0,42.0,294.0
583,42.0,84.0,84.0,210.0,42.0,168.0,378.0,210.0
584,42.0,168.0,126.0,168.0,42.0,168.0,42.0,210.0
585,42.0,84.0,42.0,462.0,42.0,238.0,42.0,252.0
586,42.0,168.0,42.0,252.0,42.0,294.0,126.0,336.0
587,42.0,126.0,42.0,42.0,42.0,210.0,168.0,504.0
588,42.0,84.0,84.0,126.0,42.0,126.0,174.0,378.0
589,42.0,112.0,84.0,462.0,42.0,84.0,191.0,42.0
590,42.0,84.0,126.0,126.0,42.0,252.0,126.0,468.0
591,42.0,84.0,84.0,210.0,42.0,252.0,210.0,294.0
592,42.0,168.0,168.0,378.0,42.0,300.0,294.0,258.0
593,42.0,42.0,126.0,168.0,42.0,371.0,126.0,210.0
594,84.0,168.0,210.0,210.0,84.0,252.0,294.0,378.0
595,42.0,42.0,84.0,210.0,42.0,252.0,168.0,252.0
596,42.0,42.0,84.0,168.0,42.0,126.0,252.0,168.0
597,42.0,126.0,84.0,210.0,42.0,294.0,252.0,168.0
598,42.0,84.0,126.0,168.0,42.0,210.0,168.0,378.0
599,42.0,210.0,168.0,42.0,42.0,126.0,210.0,210.0
600,42.0,84.0,168.0,210.0,42.0,84.0,210.0,168.0
601,42.0,42.0,42.0,252.0,42.0,42.0,210.0,420.0
602,42.0,168.0,216.0,126.0,42.0,126.0,210.0,84.0
603,42.0,42.0,168.0,210.0,42.0,126.0,210.0,336.0
604,42.0,84.0,258.0,294.0,42.0,210.0,42.0,504.0
605,42.0,42.0,126.0,210.0,42.0,210.0,126.0,336.0
606,87.0,42.0,42.0,126.0,87.0,126.0,252.0,504.0
607,42.0,210.0,126.0,334.0,42.0,336.0,378.0,252.0
608,42.0,126.0,252.0,42.0,42.0,210.0,588.0,630.0
609,42.0,84.0,84.0,84.0,42.0,84.0,252.0,336.0
610,42.0,84.0,84.0,168.0,42.0,126.0,252.0,42.0
611,42.0,42.0,168.0,42.0,42.0,84.0,84.0,84.0
612,42.0,171.0,462.0,210.0,42.0,126.0,210.0,126.0
613,84.0,132.0,252.0,84.0,84.0,252.0,294.0,168.0
614,42.0,84.0,84.0,42.0,42.0,84.0,168.0,126.0
615,42.0,42.0,42.0,84.0,42.0,42.0,126.0,300.0
616,42.0,278.0,84.0,126.0,42.0,84.0,210.0,294.0
617,42.0,84.0,84.0,126.0,42.0,126.0,434.0,191.0
618,42.0,84.0,126.0,168.0,42.0,84.0,577.0,168.0
619,42.0,84.0,210.0,216.0,42.0,210.0,294.0,168.0
620,42.0,42.0,306.0,174.0,42.0,84.0,84.0,252.0
621,42.0,84.0,84.0,275.0,42.0,210.0,168.0,252.0
622,48.0,42.0,42.0,84.0,48.0,336.0,210.0,252.0
623,42.0,84.0,168.0,42.0,42.0,210.0,294.0,378.0
624,42.0,126.0,84.0,168.0,42.0,126.0,480.0,210.0
625,42.0,42.0,84.0,84.0,42.0,210.0,252.0,84.0
626,84.0,126.0,210.0,252.0,84.0,378.0,378.0,412.0
627,42.0,42.0,84.0,252.0,42.0,336.0,294.0,420.0
628,42.0,84.0,168.0,336.0,42.0,84.0,510.0,168.0
629,42.0,168.0,294.0,126.0,42.0,168.0,42.0,252.0
630,42.0,42.0,126.0,252.0,42.0,84.0,168.0,630.0
631,42.0,42.0,420.0,210.0,42.0,210.0,42.0,308.0
632,42.0,210.0,168.0,210.0,42.0,126.0,258.0,378.0
633,42.0,126.0,210.0,252.0,42.0,252.0,300.0,210.0
634,42.0,174.0,294.0,42.0,42.0,336.0,126.0,294.0
635,42.0,132.0,84.0,168.0,42.0,168.0,252.0,378.0
636,42.0,168.0,297.0,210.0,42.0,42.0,126.0,210.0
637,42.0,126.0,132.0,210.0,42.0,168.0,504.0,42.0
638,42.0,126.0,168.0,168.0,42.0,294.0,294.0,336.0
639,42.0,126.0,126.0,126.0,42.0,126.0,252.0,252.0
640,42.0,42.0,84.0,42.0,42.0,126.0,252.0,168.0
641,42.0,84.0,84.0,168.0,42.0,168.0,378.0,378.0
642,42.0,84.0,168.0,84.0,42.0,252.0,126.0,420.0
643,42.0,42.0,210.0,294.0,42.0,336.0,168.0,378.0
644,42.0,126.0,42.0,132.0,42.0,84.0,378.0,359.0
645,42.0,42.0,168.0,168.0,42.0,84.0,126.0,504.0
646,42.0,42.0,126.0,378.0,42.0,294.0,126.0,168.0
647,42.0,42.0,216.0,210.0,42.0,174.0,42.0,168.0
648,42.0,42.0,168.0,42.0,42.0,168.0,381.0,504.0
649,42.0,42.0,42.0,210.0,42.0,628.0,294.0,270.0
650,42.0,84.0,84.0,336.0,42.0,168.0,168.0,210.0
651,42.0,84.0,210.0,297.0,42.0,210.0,756.0,258.0
652,42.0,42.0,210.0,252.0,42.0,294.0,126.0,252.0
653,42.0,84.0,42.0,84.0,42.0,336.0,438.0,84.0
654,42.0,126.0,168.0,210.0,42.0,252.0,546.0,210.0
655,42.0,42.0,168.0,84.0,42.0,126.0,252.0,658.0
656,42.0,42.0,42.0,210.0,42.0,42.0,168.0,168.0
657,42.0,42.0,252.0,168.0,42.0,210.0,168.0,420.0
658,42.0,126.0,342.0,252.0,42.0,210.0,84.0,838.0
659,42.0,84.0,168.0,396.0,42.0,84.0,504.0,714.0
660,42.0,42.0,84.0,294.0,42.0,701.0,630.0,252.0
661,42.0,42.0,126.0,168.0,42.0,216.0,252.0,462.0
662,14.0,42.0,42.0,42.0,14.0,210.0,252.0,210.0
663,42.0,84.0,216.0,168.0,42.0,84.0,336.0,84.0
664,42.0,126.0,84.0,336.0,42.0,210.0,630.0,420.0
665,42.0,126.0,84.0,126.0,42.0,126.0,84.0,798.0
666,48.0,84.0,42.0,252.0,48.0,168.0,462.0,546.0
667,42.0,84.0,294.0,300.0,42.0,42.0,210.0,728.0
668,42.0,84.0,84.0,84.0,42.0,84.0,420.0,210.0
669,42.0,84.0,84.0,42.0,42.0,210.0,42.0,336.0
670,42.0,126.0,126.0,462.0,42.0,210.0,252.0,168.0
671,42.0,42.0,42.0,42.0,42.0,378.0,378.0,813.0
672,42.0,42.0,84.0,216.0,42.0,126.0,546.0,168.0
673,42.0,84.0,126.0,294.0,42.0,84.0,378.0,210.0
674,28.0,84.0,168.0,210.0,28.0,168.0,42.0,210.0
675,14.0,168.0,126.0,168.0,14.0,378.0,168.0,336.0
676,42.0,84.0,126.0,210.0,42.0,126.0,448.0,378.0
677,42.0,84.0,84.0,168.0,42.0,84.0,762.0,258.0
678,42.0,168.0,168.0,84.0,42.0,126.0,252.0,420.0
679,42.0,84.0,42.0,126.0,42.0,336.0,446.0,168.0
680,42.0,84.0,42.0,84.0,42.0,84.0,448.0,210.0
681,42.0,42.0,42.0,252.0,42.0,84.0,210.0,210.0
682,42.0,84.0,42.0,42.0,42.0,210.0,378.0,168.0
683,42.0,126.0,42.0,126.0,42.0,126.0,294.0,42.0
684,42.0,210.0,84.0,42.0,42.0,210.0,84.0,252.0
685,42.0,42.0,258.0,401.0,42.0,126.0,378.0,210.0
686,42.0,42.0,126.0,252.0,42.0,426.0,126.0,168.0
687,42.0,42.0,216.0,210.0,42.0,294.0,126.0,252.0
688,42.0,84.0,126.0,294.0,42.0,420.0,168.0,216.0
689,42.0,126.0,126.0,126.0,42.0,210.0,294.0,126.0
690,42.0,210.0,168.0,168.0,42.0,84.0,258.0,783.0
691,42.0,84.0,42.0,174.0,42.0,84.0,210.0,294.0
692,42.0,168.0,84.0,252.0,42.0,210.0,339.0,462.0
693,42.0,42.0,42.0,42.0,42.0,42.0,168.0,504.0
694,42.0,84.0,168.0,210.0,42.0,642.0,126.0,504.0
695,42.0,126.0,42.0,294.0,42.0,42.0,42.0,42.0
696,126.0,210.0,278.0,42.0,126.0,84.0,420.0,210.0
697,42.0,168.0,210.0,126.0,42.0,42.0,168.0,126.0
698,42.0,42.0,168.0,42.0,42.0,294.0,420.0,294.0
699,42.0,84.0,84.0,126.0,42.0,168.0,378.0,798.0
700,42.0,126.0,42.0,588.0,42.0,364.0,294.0,588.0
701,42.0,84.0,42.0,84.0,42.0,258.0,308.0,336.0
702,126.0,42.0,168.0,454.0,126.0,84.0,126.0,420.0
703,42.0,84.0,126.0,462.0,42.0,84.0,126.0,168.0
704,126.0,84.0,168.0,294.0,126.0,168.0,42.0,378.0
705,42.0,84.0,297.0,168.0,42.0,84.0,278.0,294.0
706,84.0,210.0,168.0,168.0,84.0,168.0,168.0,504.0
707,42.0,168.0,168.0,168.0,42.0,126.0,294.0,294.0
708,42.0,126.0,294.0,84.0,42.0,126.0,42.0,84.0
709,42.0,84.0,168.0,168.0,42.0,42.0,210.0,294.0
710,42.0,42.0,294.0,168.0,42.0,168.0,294.0,294.0
711,84.0,42.0,336.0,126.0,84.0,126.0,84.0,546.0
712,42.0,168.0,42.0,84.0,42.0,252.0,42.0,252.0
713,42.0,126.0,126.0,168.0,42.0,42.0,168.0,510.0
714,42.0,84.0,84.0,210.0,42.0,42.0,168.0,168.0
715,42.0,168.0,294.0,126.0,42.0,252.0,294.0,342.0
716,42.0,126.0,420.0,294.0,42.0,84.0,252.0,210.0
717,84.0,213.0,294.0,168.0,84.0,294.0,84.0,336.0
718,42.0,210.0,84.0,168.0,42.0,126.0,544.0,84.0
719,42.0,42.0,210.0,378.0,42.0,168.0,252.0,630.0
720,84.0,160.0,126.0,210.0,84.0,168.0,420.0,516.0
721,42.0,168.0,42.0,510.0,42.0,476.0,84.0,294.0
722,126.0,42.0,210.0,168.0,126.0,42.0,84.0,336.0
723,84.0,42.0,42.0,126.0,84.0,84.0,126.0,588.0
724,42.0,42.0,252.0,210.0,42.0,393.0,384.0,462.0
725,42.0,84.0,84.0,168.0,42.0,42.0,294.0,84.0
726,42.0,42.0,42.0,306.0,42.0,168.0,210.0,588.0
727,42.0,168.0,168.0,168.0,42.0,294.0,42.0,252.0
728,42.0,168.0,84.0,84.0,42.0,42.0,126.0,252.0
729,42.0,84.0,84.0,126.0,42.0,84.0,378.0,168.0
730,84.0,42.0,84.0,252.0,84.0,252.0,84.0,252.0
731,42.0,42.0,84.0,252.0,42.0,84.0,168.0,294.0
732,42.0,84.0,336.0,126.0,42.0,174.0,210.0,393.0
733,42.0,174.0,168.0,84.0,42.0,126.0,126.0,84.0
734,42.0,42.0,84.0,126.0,42.0,126.0,294.0,42.0
735,42.0,126.0,84.0,42.0,42.0,258.0,252.0,126.0
736,42.0,42.0,168.0,42.0,42.0,210.0,384.0,420.0
737,42.0,42.0,84.0,126.0,42.0,84.0,126.0,336.0
738,42.0,84.0,252.0,210.0,42.0,42.0,294.0,168.0
739,84.0,84.0,42.0,126.0,84.0,42.0,210.0,378.0
740,84.0,42.0,126.0,84.0,84.0,420.0,294.0,294.0
741,42.0,252.0,84.0,294.0,42.0,126.0,462.0,252.0
742,42.0,90.0,168.0,546.0,42.0,462.0,252.0,378.0
743,42.0,174.0,42.0,168.0,42.0,378.0,168.0,546.0
744,42.0,84.0,84.0,168.0,42.0,126.0,546.0,210.0
745,42.0,126.0,42.0,84.0,42.0,126.0,126.0,42.0
746,42.0,42.0,294.0,294.0,42.0,84.0,168.0,84.0
747,42.0,84.0,126.0,294.0,42.0,42.0,252.0,384.0
748,42.0,84.0,202.0,126.0,42.0,378.0,378.0,252.0
749,126.0,194.0,42.0,126.0,126.0,252.0,252.0,294.0
750,42.0,168.0,84.0,42.0,42.0,42.0,588.0,336.0
751,42.0,84.0,126.0,420.0,42.0,294.0,126.0,126.0
752,42.0,126.0,126.0,126.0,42.0,336.0,426.0,546.0
753,48.0,126.0,294.0,126.0,48.0,84.0,252.0,336.0
754,42.0,42.0,84.0,168.0,42.0,126.0,42.0,84.0
755,42.0,126.0,90.0,126.0,42.0,84.0,42.0,336.0
756,42.0,252.0,126.0,168.0,42.0,84.0,42.0,342.0
757,42.0,42.0,42.0,252.0,42.0,42.0,168.0,126.0
758,42.0,84.0,84.0,294.0,42.0,210.0,174.0,420.0
759,84.0,42.0,42.0,210.0,84.0,636.0,126.0,642.0
760,84.0,84.0,420.0,210.0,84.0,132.0,396.0,510.0
761,42.0,42.0,252.0,174.0,42.0,42.0,294.0,462.0
762,42.0,42.0,126.0,126.0,42.0,84.0,168.0,336.0
763,42.0,84.0,84.0,168.0,42.0,210.0,126.0,252.0
764,84.0,42.0,168.0,168.0,84.0,462.0,252.0,462.0
765,42.0,42.0,168.0,210.0,42.0,90.0,252.0,294.0
766,42.0,42.0,168.0,42.0,42.0,84.0,210.0,42.0
767,42.0,42.0,342.0,297.0,42.0,84.0,336.0,378.0
768,42.0,126.0,378.0,84.0,42.0,252.0,126.0,210.0
769,42.0,84.0,84.0,210.0,42.0,84.0,84.0,336.0
770,42.0,168.0,84.0,168.0,42.0,84.0,210.0,384.0
771,42.0,126.0,210.0,42.0,42.0,210.0,336.0,336.0
772,42.0,84.0,42.0,210.0,42.0,471.0,339.0,588.0
773,84.0,84.0,210.0,168.0,84.0,210.0,210.0,168.0
774,42.0,84.0,168.0,210.0,42.0,378.0,126.0,378.0
775,42.0,84.0,168.0,252.0,42.0,210.0,168.0,294.0
776,42.0,42.0,126.0,210.0,42.0,336.0,336.0,516.0
777,42.0,84.0,42.0,252.0,42.0,84.0,252.0,252.0
778,84.0,42.0,126.0,210.0,84.0,378.0,628.0,84.0
779,42.0,42.0,462.0,426.0,42.0,210.0,210.0,252.0
780,42.0,84.0,126.0,168.0,42.0,42.0,210.0,210.0
781,42.0,84.0,168.0,210.0,42.0,294.0,390.0,294.0
782,42.0,42.0,252.0,42.0,42.0,252.0,546.0,255.0
783,84.0,42.0,126.0,168.0,84.0,84.0,168.0,42.0
784,84.0,84.0,252.0,284.0,84.0,84.0,462.0,126.0
785,42.0,126.0,168.0,210.0,42.0,294.0,378.0,378.0
786,42.0,42.0,84.0,252.0,42.0,42.0,294.0,294.0
787,84.0,42.0,84.0,42.0,84.0,168.0,294.0,210.0
788,87.0,84.0,168.0,126.0,87.0,42.0,126.0,630.0
789,42.0,42.0,42.0,252.0,42.0,42.0,126.0,210.0
790,42.0,42.0,126.0,252.0,42.0,42.0,336.0,378.0
791,42.0,252.0,252.0,42.0,42.0,168.0,126.0,126.0
792,42.0,126.0,84.0,328.0,42.0,126.0,462.0,168.0
793,42.0,84.0,168.0,84.0,42.0,84.0,395.0,378.0
794,126.0,168.0,168.0,126.0,126.0,168.0,336.0,297.0
795,42.0,42.0,168.0,84.0,42.0,378.0,42.0,168.0
796,84.0,42.0,126.0,168.0,84.0,378.0,258.0,462.0
797,42.0,126.0,292.0,168.0,42.0,210.0,336.0,126.0
798,84.0,42.0,42.0,334.0,84.0,392.0,126.0,294.0
799,42.0,84.0,84.0,252.0,42.0,210.0,252.0,462.0
800,42.0,84.0,126.0,210.0,42.0,84.0,126.0,294.0
801,42.0,84.0,42.0,210.0,42.0,168.0,84.0,42.0
802,42.0,168.0,84.0,84.0,42.0,84.0,174.0,378.0
803,42.0,126.0,42.0,210.0,42.0,168.0,210.0,252.0
804,42.0,210.0,42.0,210.0,42.0,42.0,588.0,336.0
805,42.0,294.0,42.0,210.0,42.0,168.0,126.0,396.0
806,42.0,42.0,126.0,294.0,42.0,252.0,126.0,420.0
807,42.0,126.0,126.0,252.0,42.0,336.0,252.0,462.0
808,42.0,84.0,168.0,294.0,42.0,210.0,630.0,42.0
809,42.0,84.0,174.0,252.0,42.0,84.0,294.0,420.0
810,42.0,42.0,174.0,42.0,42.0,396.0,504.0,546.0
811,42.0,42.0,191.0,216.0,42.0,42.0,210.0,462.0
812,42.0,132.0,84.0,42.0,42.0,84.0,294.0,468.0
813,84.0,42.0,42.0,84.0,84.0,84.0,210.0,168.0
814,42.0,84.0,126.0,294.0,42.0,84.0,168.0,336.0
815,42.0,213.0,84.0,258.0,42.0,42.0,168.0,168.0
816,42.0,168.0,252.0,210.0,42.0,42.0,210.0,42.0
817,42.0,42.0,168.0,168.0,42.0,294.0,420.0,336.0
818,42.0,42.0,42.0,210.0,42.0,174.0,168.0,168.0
819,14.0,84.0,42.0,210.0,14.0,84.0,462.0,252.0
820,42.0,42.0,84.0,252.0,42.0,252.0,336.0,42.0
821,48.0,168.0,42.0,168.0,48.0,84.0,210.0,462.0
822,42.0,84.0,42.0,84.0,42.0,126.0,252.0,714.0
823,42.0,84.0,126.0,252.0,42.0,126.0,510.0,168.0
824,42.0,84.0,126.0,126.0,42.0,42.0,294.0,168.0
825,42.0,126.0,168.0,168.0,42.0,168.0,278.0,294.0
826,42.0,258.0,252.0,168.0,42.0,168.0,294.0,300.0
827,42.0,126.0,84.0,126.0,42.0,210.0,378.0,126.0
828,42.0,42.0,126.0,294.0,42.0,532.0,168.0,258.0
829,42.0,84.0,126.0,42.0,42.0,84.0,210.0,210.0
830,48.0,168.0,168.0,84.0,48.0,168.0,84.0,252.0
831,42.0,126.0,126.0,126.0,42.0,84.0,84.0,507.0
832,42.0,252.0,126.0,336.0,42.0,342.0,42.0,504.0
833,42.0,126.0,210.0,378.0,42.0,636.0,168.0,546.0
834,42.0,210.0,42.0,210.0,42.0,126.0,168.0,42.0
835,48.0,126.0,42.0,252.0,48.0,297.0,174.0,336.0
836,42.0,42.0,168.0,588.0,42.0,42.0,210.0,294.0
837,42.0,84.0,336.0,42.0,42.0,126.0,126.0,420.0
838,42.0,84.0,84.0,336.0,42.0,84.0,255.0,336.0
839,48.0,84.0,126.0,252.0,48.0,168.0,84.0,294.0
840,42.0,42.0,126.0,42.0,42.0,84.0,294.0,294.0
841,42.0,84.0,210.0,42.0,42.0,168.0,252.0,454.0
842,42.0,84.0,126.0,84.0,42.0,336.0,336.0,252.0
843,42.0,84.0,42.0,126.0,42.0,42.0,378.0,378.0
844,42.0,42.0,168.0,42.0,42.0,168.0,378.0,420.0
845,42.0,42.0,210.0,168.0,42.0,84.0,252.0,320.0
846,42.0,42.0,168.0,84.0,42.0,168.0,168.0,252.0
847,42.0,126.0,168.0,174.0,42.0,84.0,336.0,594.0
848,42.0,84.0,42.0,294.0,42.0,42.0,210.0,336.0
849,42.0,126.0,42.0,84.0,42.0,210.0,294.0,252.0
850,42.0,84.0,168.0,191.0,42.0,126.0,502.0,126.0
851,42.0,42.0,84.0,168.0,42.0,84.0,294.0,546.0
852,42.0,126.0,294.0,84.0,42.0,126.0,84.0,294.0
853,42.0,168.0,174.0,168.0,42.0,42.0,420.0,168.0
854,42.0,84.0,168.0,294.0,42.0,126.0,294.0,210.0
855,42.0,42.0,210.0,252.0,42.0,84.0,252.0,504.0
856,42.0,42.0,126.0,252.0,42.0,252.0,342.0,294.0
857,42.0,126.0,42.0,252.0,42.0,462.0,252.0,336.0
858,42.0,126.0,210.0,336.0,42.0,84.0,210.0,126.0
859,42.0,126.0,378.0,294.0,42.0,336.0,252.0,420.0
860,42.0,42.0,297.0,168.0,42.0,210.0,42.0,168.0
861,42.0,174.0,168.0,42.0,42.0,420.0,336.0,84.0
862,42.0,126.0,84.0,168.0,42.0,378.0,336.0,306.0
863,42.0,132.0,168.0,126.0,42.0,84.0,252.0,686.0
864,42.0,42.0,84.0,42.0,42.0,294.0,378.0,168.0
865,42.0,42.0,126.0,412.0,42.0,42.0,42.0,790.0
866,42.0,42.0,168.0,210.0,42.0,126.0,546.0,42.0
867,42.0,210.0,126.0,210.0,42.0,42.0,588.0,462.0
868,42.0,42.0,396.0,168.0,42.0,420.0,126.0,126.0
869,42.0,126.0,210.0,320.0,42.0,210.0,168.0,420.0
870,42.0,48.0,126.0,210.0,42.0,84.0,210.0,294.0
871,42.0,126.0,42.0,168.0,42.0,126.0,336.0,336.0
872,42.0,126.0,126.0,126.0,42.0,449.0,294.0,294.0
873,42.0,42.0,252.0,252.0,42.0,252.0,210.0,462.0
874,42.0,126.0,84.0,252.0,42.0,126.0,336.0,264.0
875,42.0,84.0,252.0,378.0,42.0,42.0,401.0,378.0
876,28.0,42.0,216.0,308.0,28.0,84.0,378.0,168.0
877,42.0,42.0,42.0,210.0,42.0,168.0,378.0,42.0
878,42.0,42.0,42.0,42.0,42.0,168.0,168.0,729.0
879,42.0,42.0,462.0,210.0,42.0,126.0,132.0,462.0
880,42.0,126.0,42.0,168.0,42.0,84.0,420.0,378.0
881,42.0,84.0,90.0,252.0,42.0,168.0,258.0,294.0
882,42.0,42.0,210.0,42.0,42.0,126.0,294.0,504.0
883,42.0,126.0,168.0,126.0,42.0,168.0,252.0,294.0
884,42.0,84.0,84.0,42.0,42.0,210.0,42.0,378.0
885,42.0,42.0,210.0,210.0,42.0,168.0,252.0,504.0
886,42.0,42.0,84.0,84.0,42.0,168.0,126.0,294.0
887,42.0,168.0,84.0,126.0,42.0,252.0,42.0,420.0
888,42.0,84.0,126.0,126.0,42.0,84.0,210.0,210.0
889,42.0,132.0,84.0,42.0,42.0,292.0,384.0,678.0
890,42.0,84.0,252.0,252.0,42.0,132.0,252.0,798.0
891,42.0,84.0,42.0,252.0,42.0,42.0,252.0,504.0
892,42.0,84.0,126.0,294.0,42.0,504.0,378.0,384.0
893,48.0,84.0,84.0,168.0,48.0,378.0,42.0,168.0
894,42.0,42.0,84.0,126.0,42.0,168.0,202.0,294.0
895,14.0,126.0,252.0,255.0,14.0,210.0,420.0,252.0
896,42.0,84.0,168.0,378.0,42.0,84.0,210.0,294.0
897,42.0,84.0,42.0,168.0,42.0,210.0,126.0,342.0
898,42.0,42.0,168.0,42.0,42.0,126.0,336.0,546.0
899,42.0,42.0,126.0,42.0,42.0,84.0,378.0,252.0
900,42.0,42.0,84.0,210.0,42.0,42.0,84.0,42.0
901,42.0,84.0,168.0,180.0,42.0,126.0,420.0,252.0
902,42.0,42.0,84.0,252.0,42.0,42.0,588.0,294.0
903,28.0,42.0,42.0,126.0,28.0,216.0,168.0,126.0
904,42.0,168.0,42.0,84.0,42.0,336.0,462.0,462.0
905,42.0,84.0,42.0,168.0,42.0,168.0,84.0,126.0
906,42.0,84.0,126.0,258.0,42.0,420.0,126.0,714.0
907,42.0,126.0,126.0,168.0,42.0,210.0,504.0,462.0
908,42.0,252.0,42.0,84.0,42.0,252.0,294.0,546.0
909,42.0,126.0,126.0,42.0,42.0,42.0,336.0,378.0
910,42.0,84.0,84.0,532.0,42.0,378.0,210.0,210.0
911,42.0,42.0,42.0,168.0,42.0,42.0,294.0,210.0
912,84.0,84.0,42.0,210.0,168.0,297.0,210.0,252.0
913,42.0,42.0,213.0,502.0,42.0,168.0,546.0,292.0
914,42.0,126.0,126.0,294.0,126.0,126.0,168.0,168.0
915,42.0,168.0,210.0,126.0,84.0,84.0,42.0,84.0
916,42.0,160.0,210.0,210.0,126.0,42.0,126.0,378.0
917,42.0,84.0,84.0,168.0,168.0,42.0,42.0,378.0
918,42.0,42.0,168.0,294.0,28.0,126.0,126.0,210.0
919,42.0,42.0,132.0,378.0,42.0,168.0,462.0,168.0
920,42.0,42.0,252.0,168.0,42.0,210.0,378.0,84.0
921,28.0,42.0,42.0,168.0,42.0,252.0,168.0,42.0
922,42.0,126.0,84.0,378.0,42.0,294.0,504.0,449.0
923,42.0,84.0,126.0,210.0,126.0,252.0,342.0,168.0
924,42.0,84.0,42.0,42.0,84.0,168.0,378.0,294.0
925,42.0,84.0,126.0,546.0,84.0,42.0,258.0,462.0
926,42.0,42.0,42.0,84.0,126.0,210.0,336.0,168.0
927,126.0,252.0,84.0,294.0,168.0,252.0,438.0,294.0
928,42.0,168.0,420.0,168.0,126.0,252.0,294.0,126.0
929,42.0,210.0,42.0,210.0,168.0,462.0,588.0,378.0
930,42.0,84.0,216.0,252.0,42.0,168.0,426.0,630.0
931,42.0,84.0,210.0,378.0,126.0,210.0,84.0,294.0
932,42.0,213.0,294.0,294.0,42.0,216.0,42.0,336.0
933,84.0,90.0,168.0,168.0,42.0,210.0,294.0,303.0
934,42.0,84.0,168.0,294.0,84.0,168.0,213.0,42.0
935,84.0,126.0,126.0,126.0,42.0,84.0,126.0,378.0
936,42.0,84.0,84.0,252.0,84.0,84.0,126.0,126.0
937,84.0,84.0,168.0,446.0,42.0,168.0,168.0,252.0
938,42.0,84.0,168.0,210.0,126.0,420.0,252.0,468.0
939,126.0,168.0,84.0,42.0,42.0,168.0,294.0,462.0
940,42.0,42.0,42.0,126.0,42.0,252.0,328.0,84.0
941,126.0,84.0,168.0,168.0,126.0,126.0,510.0,252.0
942,42.0,126.0,84.0,84.0,126.0,168.0,378.0,294.0
943,42.0,132.0,126.0,168.0,84.0,168.0,168.0,336.0
944,42.0,84.0,168.0,42.0,42.0,126.0,420.0,378.0
945,42.0,42.0,84.0,210.0,42.0,42.0,336.0,714.0
946,84.0,84.0,168.0,84.0,132.0,174.0,462.0,210.0
947,42.0,84.0,252.0,42.0,252.0,126.0,210.0,126.0
948,42.0,126.0,168.0,126.0,90.0,216.0,42.0,546.0
949,42.0,42.0,336.0,84.0,42.0,42.0,168.0,588.0
950,42.0,168.0,168.0,168.0,42.0,210.0,462.0,84.0
951,42.0,126.0,84.0,132.0,126.0,126.0,546.0,564.0
952,42.0,42.0,210.0,84.0,168.0,210.0,210.0,504.0
953,42.0,168.0,168.0,168.0,42.0,210.0,210.0,210.0
954,42.0,168.0,306.0,168.0,84.0,84.0,420.0,420.0
955,42.0,168.0,84.0,210.0,42.0,462.0,168.0,420.0
956,42.0,42.0,84.0,84.0,84.0,84.0,488.0,636.0
957,42.0,42.0,126.0,42.0,42.0,126.0,42.0,84.0
958,84.0,42.0,252.0,297.0,42.0,252.0,210.0,84.0
959,84.0,216.0,126.0,42.0,174.0,552.0,168.0,378.0
960,42.0,84.0,126.0,252.0,84.0,336.0,168.0,294.0
961,42.0,84.0,84.0,210.0,84.0,168.0,300.0,42.0
962,87.0,42.0,126.0,168.0,84.0,210.0,258.0,507.0
963,42.0,210.0,42.0,42.0,126.0,84.0,255.0,294.0
964,42.0,84.0,42.0,168.0,188.0,294.0,126.0,84.0
965,42.0,42.0,126.0,84.0,84.0,84.0,252.0,420.0
966,84.0,126.0,168.0,168.0,42.0,126.0,420.0,294.0
967,42.0,42.0,84.0,168.0,126.0,432.0,336.0,672.0
968,84.0,84.0,84.0,174.0,84.0,168.0,252.0,762.0
969,84.0,126.0,210.0,126.0,84.0,210.0,126.0,420.0
970,42.0,126.0,84.0,348.0,42.0,210.0,84.0,462.0
971,42.0,126.0,168.0,252.0,48.0,126.0,126.0,84.0
972,84.0,126.0,294.0,210.0,210.0,210.0,252.0,588.0
973,126.0,84.0,168.0,252.0,126.0,168.0,210.0,696.0
974,42.0,126.0,126.0,126.0,126.0,210.0,126.0,504.0
975,42.0,42.0,126.0,168.0,42.0,126.0,252.0,168.0
976,42.0,42.0,126.0,252.0,168.0,42.0,336.0,588.0
977,84.0,42.0,168.0,210.0,42.0,84.0,168.0,42.0
978,42.0,42.0,42.0,42.0,42.0,42.0,42.0,378.0
979,84.0,42.0,126.0,210.0,84.0,168.0,210.0,294.0
980,84.0,126.0,42.0,84.0,42.0,168.0,252.0,126.0
981,48.0,42.0,126.0,378.0,84.0,126.0,210.0,468.0
982,42.0,84.0,42.0,168.0,42.0,258.0,297.0,210.0
983,42.0,126.0,252.0,84.0,84.0,84.0,126.0,336.0
984,42.0,252.0,42.0,168.0,126.0,294.0,336.0,168.0
985,48.0,42.0,174.0,378.0,84.0,449.0,168.0,420.0
986,42.0,42.0,84.0,42.0,168.0,168.0,378.0,126.0
987,42.0,84.0,258.0,378.0,168.0,168.0,126.0,504.0
988,42.0,42.0,294.0,126.0,378.0,42.0,42.0,168.0
989,84.0,84.0,322.0,378.0,48.0,42.0,252.0,168.0
990,42.0,252.0,84.0,84.0,42.0,42.0,252.0,126.0
991,42.0,84.0,126.0,252.0,126.0,168.0,378.0,294.0
992,84.0,42.0,84.0,168.0,252.0,208.0,438.0,210.0
993,42.0,42.0,294.0,84.0,42.0,168.0,336.0,252.0
994,42.0,42.0,252.0,168.0,84.0,126.0,294.0,294.0
995,42.0,84.0,126.0,252.0,42.0,126.0,210.0,462.0
996,42.0,42.0,126.0,384.0,84.0,216.0,126.0,168.0
997,42.0,126.0,42.0,252.0,84.0,336.0,336.0,336.0
998,84.0,84.0,336.0,252.0,84.0,84.0,294.0,717.0
999,42.0,194.0,126.0,294.0,42.0,588.0,462.0,126.0
1000,126.0,84.0,126.0,210.0,84.0,252.0,420.0,546.0
1001,42.0,126.0,168.0,126.0,84.0,210.0,174.0,252.0
1002,42.0,42.0,126.0,84.0,42.0,126.0,132.0,420.0
1003,42.0,84.0,168.0,42.0,42.0,42.0,252.0,84.0
1004,42.0,42.0,126.0,294.0,42.0,252.0,336.0,378.0
1005,42.0,42.0,252.0,168.0,129.0,336.0,126.0,740.0
1006,42.0,84.0,84.0,303.0,84.0,42.0,42.0,336.0
1007,42.0,42.0,168.0,210.0,42.0,294.0,210.0,168.0
1008,42.0,42.0,90.0,294.0,126.0,462.0,294.0,252.0
1009,84.0,126.0,84.0,84.0,56.0,210.0,210.0,252.0
1010,48.0,42.0,168.0,126.0,84.0,210.0,168.0,42.0
1011,42.0,84.0,168.0,168.0,42.0,168.0,174.0,630.0
1012,42.0,42.0,168.0,174.0,126.0,126.0,462.0,336.0
1013,42.0,42.0,42.0,42.0,126.0,294.0,84.0,168.0
1014,42.0,84.0,297.0,84.0,126.0,168.0,84.0,294.0
1015,42.0,210.0,84.0,126.0,84.0,378.0,210.0,420.0
1016,42.0,42.0,126.0,258.0,84.0,504.0,252.0,126.0
1017,42.0,84.0,168.0,84.0,84.0,168.0,210.0,378.0
1018,42.0,174.0,42.0,210.0,168.0,336.0,252.0,672.0
1019,42.0,84.0,210.0,42.0,84.0,84.0,252.0,126.0
1020,42.0,216.0,168.0,252.0,42.0,84.0,168.0,342.0
1021,42.0,42.0,210.0,84.0,42.0,168.0,126.0,126.0
1022,48.0,126.0,252.0,588.0,168.0,336.0,210.0,306.0
1023,42.0,84.0,252.0,84.0,112.0,168.0,252.0,580.0
1024,84.0,42.0,252.0,126.0,126.0,42.0,126.0,294.0
1025,42.0,42.0,210.0,42.0,168.0,294.0,126.0,378.0
1026,42.0,42.0,224.0,264.0,42.0,168.0,210.0,126.0
1027,42.0,168.0,126.0,168.0,42.0,420.0,423.0,252.0
1028,42.0,42.0,84.0,336.0,84.0,294.0,84.0,168.0
1029,42.0,258.0,42.0,168.0,84.0,462.0,168.0,546.0
1030,42.0,168.0,42.0,168.0,84.0,42.0,252.0,210.0
1031,42.0,84.0,278.0,42.0,420.0,168.0,210.0,168.0
1032,42.0,84.0,168.0,378.0,84.0,210.0,294.0,420.0
1033,42.0,42.0,84.0,84.0,84.0,168.0,378.0,462.0
1034,42.0,42.0,42.0,168.0,42.0,378.0,342.0,252.0
1035,42.0,42.0,126.0,252.0,168.0,168.0,126.0,126.0
1036,42.0,126.0,168.0,168.0,42.0,126.0,294.0,378.0
1037,42.0,84.0,168.0,252.0,84.0,84.0,168.0,252.0
1038,42.0,255.0,42.0,210.0,84.0,126.0,252.0,404.0
1039,42.0,42.0,238.0,294.0,84.0,84.0,336.0,252.0
1040,126.0,84.0,42.0,393.0,126.0,420.0,384.0,420.0
1041,42.0,252.0,126.0,84.0,168.0,210.0,210.0,294.0
1042,42.0,168.0,42.0,42.0,84.0,42.0,438.0,300.0
1043,48.0,252.0,168.0,210.0,168.0,420.0,126.0,126.0
1044,42.0,126.0,168.0,84.0,84.0,320.0,168.0,252.0
1045,42.0,42.0,168.0,84.0,42.0,126.0,84.0,168.0
1046,42.0,84.0,42.0,420.0,42.0,252.0,210.0,378.0
1047,42.0,84.0,174.0,84.0,42.0,336.0,168.0,168.0
1048,42.0,126.0,168.0,294.0,126.0,126.0,546.0,252.0
1049,42.0,252.0,126.0,210.0,213.0,546.0,174.0,126.0
1050,42.0,126.0,126.0,210.0,126.0,84.0,126.0,210.0
1051,42.0,84.0,42.0,294.0,84.0,381.0,168.0,168.0
1052,42.0,84.0,210.0,168.0,126.0,126.0,252.0,378.0
1053,42.0,84.0,132.0,294.0,48.0,42.0,210.0,336.0
1054,42.0,42.0,42.0,252.0,42.0,126.0,252.0,560.0
1055,42.0,84.0,84.0,252.0,42.0,126.0,210.0,126.0
1056,84.0,42.0,84.0,168.0,84.0,336.0,462.0,550.0
1057,42.0,252.0,84.0,336.0,210.0,546.0,126.0,168.0
1058,42.0,84.0,168.0,168.0,84.0,84.0,126.0,210.0
1059,42.0,42.0,174.0,210.0,90.0,90.0,126.0,658.0
1060,42.0,168.0,42.0,168.0,84.0,558.0,42.0,255.0
1061,48.0,42.0,126.0,126.0,42.0,252.0,378.0,378.0
1062,42.0,42.0,42.0,42.0,84.0,210.0,210.0,210.0
1063,42.0,42.0,42.0,168.0,84.0,168.0,252.0,252.0
1064,42.0,84.0,174.0,84.0,84.0,42.0,168.0,42.0
1065,42.0,210.0,210.0,42.0,84.0,126.0,378.0,546.0
1066,42.0,126.0,126.0,342.0,42.0,294.0,210.0,168.0
1067,42.0,84.0,126.0,252.0,84.0,42.0,126.0,544.0
1068,42.0,84.0,84.0,126.0,42.0,210.0,210.0,546.0
1069,42.0,84.0,126.0,126.0,90.0,706.0,252.0,252.0
1070,42.0,42.0,126.0,42.0,168.0,126.0,168.0,336.0
1071,42.0,42.0,42.0,84.0,42.0,126.0,210.0,126.0
1072,42.0,42.0,168.0,210.0,84.0,126.0,168.0,336.0
1073,42.0,126.0,126.0,168.0,42.0,42.0,546.0,84.0
1074,84.0,84.0,168.0,126.0,42.0,42.0,462.0,294.0
1075,42.0,84.0,168.0,336.0,84.0,84.0,460.0,336.0
1076,42.0,42.0,42.0,336.0,42.0,84.0,252.0,168.0
1077,42.0,84.0,216.0,42.0,42.0,210.0,504.0,336.0
1078,42.0,42.0,42.0,84.0,42.0,168.0,294.0,362.0
1079,42.0,294.0,84.0,168.0,84.0,168.0,126.0,252.0
1080,42.0,126.0,294.0,168.0,84.0,126.0,126.0,126.0
1081,42.0,132.0,258.0,342.0,126.0,216.0,546.0,378.0
1082,42.0,42.0,210.0,84.0,126.0,84.0,84.0,342.0
1083,42.0,84.0,168.0,42.0,210.0,126.0,714.0,252.0
1084,42.0,84.0,210.0,126.0,132.0,126.0,294.0,252.0
1085,42.0,126.0,168.0,210.0,42.0,126.0,362.0,132.0
1086,42.0,252.0,168.0,210.0,84.0,252.0,126.0,420.0
1087,42.0,84.0,84.0,390.0,84.0,84.0,336.0,252.0
1088,42.0,90.0,84.0,510.0,42.0,42.0,252.0,336.0
1089,42.0,126.0,252.0,84.0,42.0,300.0,426.0,420.0
1090,42.0,42.0,126.0,126.0,126.0,336.0,462.0,504.0
1091,42.0,84.0,84.0,420.0,42.0,84.0,252.0,84.0
1092,42.0,42.0,126.0,252.0,84.0,255.0,300.0,126.0
1093,42.0,84.0,126.0,252.0,84.0,420.0,672.0,420.0
1094,42.0,84.0,210.0,168.0,42.0,168.0,378.0,84.0
1095,42.0,126.0,42.0,252.0,84.0,84.0,420.0,294.0
1096,42.0,42.0,84.0,42.0,84.0,252.0,507.0,210.0
1097,42.0,42.0,84.0,294.0,84.0,126.0,294.0,210.0
1098,42.0,84.0,126.0,252.0,42.0,84.0,504.0,378.0
1099,42.0,84.0,378.0,84.0,84.0,84.0,168.0,213.0
1100,42.0,84.0,210.0,168.0,70.0,168.0,336.0,168.0
1101,42.0,126.0,252.0,210.0,42.0,84.0,168.0,420.0
1102,42.0,174.0,588.0,210.0,42.0,42.0,168.0,168.0
1103,42.0,168.0,42.0,210.0,126.0,378.0,336.0,546.0
1104,42.0,42.0,210.0,168.0,84.0,168.0,378.0,210.0
1105,42.0,42.0,126.0,252.0,84.0,42.0,420.0,743.0
1106,42.0,126.0,42.0,252.0,42.0,294.0,336.0,412.0
1107,42.0,126.0,42.0,126.0,84.0,126.0,294.0,294.0
1108,42.0,42.0,84.0,336.0,42.0,384.0,210.0,504.0
1109,42.0,84.0,84.0,168.0,42.0,42.0,294.0,336.0
1110,42.0,126.0,42.0,252.0,126.0,294.0,294.0,294.0
1111,42.0,84.0,168.0,126.0,126.0,84.0,336.0,378.0
1112,42.0,126.0,84.0,390.0,84.0,168.0,42.0,84.0
1113,42.0,42.0,174.0,42.0,84.0,42.0,252.0,168.0
1114,42.0,126.0,126.0,84.0,42.0,42.0,168.0,294.0
1115,42.0,84.0,84.0,252.0,42.0,210.0,126.0,294.0
1116,42.0,42.0,222.0,84.0,126.0,84.0,294.0,168.0
1117,42.0,42.0,168.0,294.0,84.0,84.0,42.0,168.0
1118,42.0,126.0,84.0,210.0,42.0,168.0,672.0,378.0
1119,42.0,42.0,126.0,210.0,42.0,336.0,42.0,420.0
1120,42.0,42.0,294.0,252.0,84.0,84.0,42.0,306.0
1121,14.0,84.0,84.0,258.0,84.0,42.0,252.0,798.0
1122,42.0,42.0,210.0,255.0,210.0,126.0,334.0,378.0
1123,42.0,84.0,42.0,42.0,168.0,84.0,378.0,378.0
1124,42.0,42.0,126.0,126.0,42.0,126.0,84.0,336.0
1125,42.0,84.0,84.0,168.0,84.0,42.0,336.0,378.0
1126,42.0,42.0,126.0,42.0,42.0,210.0,426.0,210.0
1127,42.0,42.0,42.0,42.0,126.0,210.0,126.0,336.0
1128,42.0,42.0,84.0,126.0,210.0,84.0,378.0,168.0
1129,14.0,42.0,210.0,126.0,42.0,252.0,84.0,336.0
1130,28.0,210.0,126.0,294.0,42.0,294.0,210.0,210.0
1131,42.0,84.0,126.0,126.0,84.0,378.0,126.0,84.0
1132,42.0,42.0,297.0,168.0,84.0,168.0,210.0,336.0
1133,42.0,84.0,42.0,126.0,84.0,84.0,84.0,168.0
1134,42.0,42.0,168.0,504.0,126.0,126.0,210.0,168.0
1135,42.0,42.0,126.0,126.0,174.0,42.0,527.0,378.0
1136,42.0,168.0,84.0,84.0,126.0,378.0,252.0,216.0
1137,42.0,132.0,126.0,42.0,126.0,126.0,42.0,504.0
1138,126.0,294.0,126.0,84.0,42.0,354.0,546.0,210.0
1139,42.0,84.0,84.0,126.0,84.0,252.0,252.0,210.0
1140,42.0,84.0,126.0,168.0,48.0,300.0,252.0,252.0
1141,84.0,210.0,168.0,168.0,14.0,168.0,132.0,294.0
1142,42.0,42.0,210.0,210.0,126.0,126.0,168.0,252.0
1143,42.0,126.0,252.0,297.0,84.0,168.0,210.0,42.0
1144,42.0,168.0,294.0,84.0,84.0,294.0,258.0,336.0
1145,42.0,126.0,42.0,126.0,210.0,168.0,168.0,294.0
1146,42.0,126.0,42.0,378.0,42.0,294.0,126.0,252.0
1147,42.0,42.0,168.0,42.0,42.0,210.0,336.0,168.0
1148,42.0,126.0,126.0,168.0,126.0,42.0,126.0,210.0
1149,42.0,84.0,42.0,210.0,126.0,420.0,420.0,84.0
1150,42.0,126.0,216.0,252.0,42.0,168.0,252.0,378.0
1151,42.0,42.0,126.0,294.0,42.0,210.0,675.0,449.0
1152,42.0,168.0,210.0,42.0,42.0,126.0,42.0,42.0
1153,42.0,84.0,84.0,126.0,42.0,126.0,420.0,168.0
1154,42.0,84.0,258.0,168.0,210.0,126.0,342.0,294.0
1155,42.0,168.0,168.0,210.0,42.0,126.0,210.0,210.0
1156,42.0,84.0,168.0,336.0,84.0,294.0,630.0,630.0
1157,84.0,42.0,84.0,396.0,210.0,42.0,420.0,210.0
1158,126.0,168.0,168.0,126.0,210.0,126.0,336.0,508.0
1159,42.0,42.0,252.0,420.0,48.0,336.0,168.0,210.0
1160,42.0,126.0,252.0,210.0,168.0,84.0,420.0,252.0
1161,42.0,126.0,294.0,168.0,42.0,168.0,672.0,126.0
1162,42.0,42.0,168.0,42.0,126.0,42.0,210.0,126.0
1163,42.0,168.0,42.0,252.0,84.0,126.0,42.0,210.0
1164,42.0,126.0,168.0,84.0,42.0,84.0,420.0,420.0
1165,126.0,168.0,126.0,252.0,168.0,90.0,250.0,672.0
1166,42.0,42.0,210.0,420.0,87.0,168.0,252.0,420.0
1167,42.0,188.0,42.0,252.0,168.0,168.0,462.0,594.0
1168,42.0,42.0,84.0,252.0,126.0,210.0,42.0,126.0
1169,48.0,84.0,42.0,384.0,126.0,168.0,420.0,42.0
1170,42.0,84.0,168.0,168.0,126.0,213.0,966.0,252.0
1171,42.0,42.0,84.0,258.0,42.0,42.0,252.0,126.0
1172,42.0,84.0,42.0,252.0,84.0,84.0,420.0,252.0
1173,42.0,42.0,126.0,252.0,42.0,84.0,84.0,294.0
1174,84.0,42.0,42.0,126.0,42.0,126.0,42.0,588.0
1175,42.0,42.0,210.0,42.0,42.0,126.0,42.0,168.0
1176,42.0,42.0,126.0,168.0,42.0,384.0,126.0,504.0
1177,126.0,84.0,294.0,42.0,126.0,378.0,252.0,168.0
1178,84.0,84.0,84.0,168.0,42.0,126.0,168.0,210.0
1179,42.0,42.0,84.0,168.0,84.0,84.0,278.0,462.0
1180,84.0,90.0,255.0,168.0,84.0,174.0,210.0,384.0
1181,87.0,90.0,336.0,210.0,294.0,126.0,126.0,126.0
1182,84.0,42.0,168.0,42.0,84.0,42.0,252.0,294.0
1183,42.0,42.0,42.0,42.0,168.0,126.0,216.0,210.0
1184,42.0,126.0,42.0,84.0,84.0,168.0,336.0,210.0
1185,48.0,84.0,210.0,84.0,42.0,168.0,42.0,216.0
1186,42.0,210.0,222.0,462.0,126.0,126.0,294.0,336.0
1187,42.0,126.0,252.0,168.0,168.0,126.0,210.0,504.0
1188,42.0,42.0,126.0,126.0,152.0,84.0,168.0,420.0
1189,126.0,42.0,84.0,126.0,42.0,252.0,252.0,294.0
1190,42.0,84.0,168.0,252.0,42.0,168.0,210.0,210.0
1191,84.0,42.0,258.0,42.0,84.0,126.0,294.0,168.0
1192,42.0,42.0,126.0,42.0,84.0,126.0,126.0,210.0
1193,42.0,126.0,42.0,216.0,126.0,126.0,362.0,504.0
1194,42.0,42.0,42.0,336.0,84.0,84.0,126.0,252.0
1195,84.0,126.0,294.0,168.0,126.0,126.0,126.0,294.0
1196,28.0,210.0,168.0,126.0,84.0,258.0,294.0,84.0
1197,84.0,84.0,84.0,168.0,126.0,84.0,252.0,294.0
1198,42.0,126.0,84.0,168.0,42.0,168.0,84.0,378.0
1199,84.0,84.0,174.0,252.0,42.0,210.0,420.0,483.0
1200,42.0,168.0,210.0,339.0,42.0,84.0,342.0,42.0
1201,42.0,84.0,126.0,84.0,126.0,210.0,84.0,672.0
1202,42.0,126.0,126.0,168.0,42.0,252.0,594.0,294.0
1203,42.0,126.0,210.0,168.0,84.0,384.0,210.0,210.0
1204,42.0,42.0,84.0,294.0,90.0,126.0,370.0,84.0
1205,42.0,42.0,42.0,42.0,126.0,126.0,336.0,594.0
1206,42.0,126.0,84.0,168.0,42.0,420.0,294.0,252.0
1207,42.0,174.0,252.0,294.0,126.0,168.0,210.0,462.0
1208,42.0,168.0,126.0,420.0,126.0,210.0,588.0,336.0
1209,84.0,210.0,84.0,126.0,42.0,84.0,294.0,504.0
1210,42.0,84.0,126.0,168.0,42.0,507.0,294.0,210.0
1211,42.0,171.0,42.0,42.0,84.0,126.0,42.0,297.0
1212,84.0,42.0,42.0,294.0,42.0,462.0,168.0,168.0
1213,42.0,42.0,126.0,294.0,42.0,126.0,42.0,252.0
1214,42.0,294.0,42.0,210.0,168.0,126.0,42.0,42.0
1215,42.0,42.0,84.0,210.0,126.0,342.0,126.0,336.0
1216,42.0,84.0,210.0,168.0,84.0,168.0,126.0,384.0
1217,42.0,84.0,384.0,328.0,42.0,210.0,258.0,336.0
1218,42.0,118.0,168.0,252.0,84.0,84.0,339.0,42.0
1219,84.0,42.0,84.0,378.0,126.0,42.0,294.0,546.0
1220,42.0,84.0,168.0,210.0,42.0,126.0,504.0,210.0
1221,84.0,84.0,210.0,320.0,42.0,210.0,462.0,210.0
1222,42.0,210.0,252.0,210.0,42.0,42.0,336.0,84.0
1223,42.0,42.0,294.0,126.0,42.0,168.0,84.0,126.0
1224,42.0,42.0,168.0,510.0,168.0,180.0,84.0,84.0
1225,42.0,42.0,126.0,210.0,42.0,126.0,462.0,418.0
1226,42.0,84.0,252.0,126.0,84.0,336.0,252.0,378.0
1227,42.0,84.0,210.0,84.0,84.0,210.0,126.0,42.0
1228,42.0,84.0,42.0,126.0,84.0,252.0,252.0,168.0
1229,42.0,42.0,294.0,168.0,42.0,168.0,522.0,168.0
1230,42.0,126.0,84.0,84.0,84.0,168.0,210.0,252.0
1231,42.0,84.0,126.0,84.0,42.0,84.0,294.0,294.0
1232,42.0,84.0,126.0,42.0,42.0,168.0,210.0,210.0
1233,42.0,126.0,210.0,168.0,84.0,300.0,252.0,210.0
1234,42.0,126.0,126.0,546.0,42.0,168.0,168.0,210.0
1235,42.0,42.0,252.0,90.0,42.0,84.0,252.0,600.0
1236,42.0,84.0,294.0,84.0,42.0,42.0,168.0,336.0
1237,42.0,42.0,168.0,42.0,126.0,252.0,336.0,462.0
1238,42.0,42.0,168.0,84.0,126.0,126.0,378.0,168.0
1239,42.0,42.0,84.0,168.0,42.0,168.0,252.0,210.0
1240,42.0,42.0,210.0,168.0,126.0,336.0,350.0,210.0
1241,84.0,42.0,278.0,126.0,168.0,252.0,126.0,252.0
1242,42.0,42.0,126.0,252.0,138.0,294.0,84.0,210.0
1243,42.0,168.0,42.0,210.0,42.0,126.0,588.0,126.0
1244,84.0,210.0,126.0,210.0,84.0,84.0,415.0,210.0
1245,48.0,84.0,42.0,336.0,42.0,42.0,630.0,378.0
1246,42.0,126.0,84.0,210.0,126.0,84.0,462.0,210.0
1247,84.0,126.0,168.0,42.0,84.0,210.0,42.0,252.0
1248,42.0,168.0,42.0,126.0,42.0,84.0,252.0,84.0
1249,42.0,126.0,210.0,126.0,42.0,42.0,84.0,252.0
1250,42.0,42.0,84.0,126.0,42.0,210.0,168.0,126.0
1251,42.0,126.0,42.0,42.0,84.0,846.0,126.0,126.0
1252,42.0,42.0,126.0,168.0,42.0,210.0,210.0,524.0
1253,42.0,84.0,84.0,216.0,42.0,84.0,342.0,210.0
1254,42.0,84.0,168.0,378.0,84.0,384.0,252.0,168.0
1255,42.0,42.0,90.0,126.0,42.0,84.0,378.0,294.0
1256,42.0,42.0,84.0,168.0,126.0,210.0,126.0,294.0
1257,42.0,126.0,168.0,84.0,168.0,84.0,168.0,378.0
1258,42.0,84.0,126.0,168.0,42.0,126.0,126.0,210.0
1259,48.0,126.0,168.0,126.0,84.0,126.0,300.0,210.0
1260,84.0,42.0,84.0,168.0,84.0,252.0,378.0,339.0
1261,42.0,84.0,42.0,126.0,84.0,42.0,294.0,420.0
1262,42.0,210.0,255.0,286.0,126.0,336.0,294.0,210.0
1263,42.0,84.0,42.0,126.0,56.0,252.0,336.0,420.0
1264,42.0,42.0,252.0,42.0,42.0,252.0,210.0,42.0
1265,42.0,84.0,210.0,336.0,42.0,210.0,462.0,462.0
1266,42.0,294.0,126.0,420.0,126.0,168.0,210.0,294.0
1267,42.0,255.0,42.0,84.0,42.0,42.0,420.0,252.0
1268,42.0,168.0,126.0,294.0,42.0,42.0,252.0,462.0
1269,42.0,84.0,84.0,126.0,42.0,420.0,210.0,42.0
1270,42.0,126.0,126.0,252.0,28.0,168.0,252.0,510.0
1271,42.0,42.0,168.0,168.0,70.0,336.0,210.0,168.0
1272,28.0,126.0,174.0,210.0,84.0,42.0,252.0,510.0
1273,42.0,126.0,378.0,252.0,126.0,210.0,126.0,420.0
1274,42.0,84.0,126.0,168.0,42.0,168.0,210.0,294.0
1275,42.0,236.0,42.0,462.0,42.0,168.0,42.0,378.0
1276,126.0,126.0,126.0,210.0,126.0,210.0,280.0,294.0
1277,42.0,126.0,126.0,126.0,168.0,252.0,504.0,210.0
1278,42.0,42.0,84.0,252.0,210.0,546.0,168.0,168.0
1279,42.0,84.0,84.0,294.0,42.0,336.0,210.0,462.0
1280,42.0,168.0,42.0,42.0,84.0,42.0,84.0,210.0
1281,42.0,84.0,84.0,168.0,126.0,168.0,84.0,294.0
1282,42.0,84.0,202.0,210.0,132.0,42.0,336.0,210.0
1283,42.0,174.0,126.0,222.0,84.0,84.0,252.0,210.0
1284,42.0,42.0,42.0,126.0,42.0,252.0,336.0,354.0
1285,42.0,42.0,42.0,42.0,42.0,126.0,168.0,84.0
1286,42.0,252.0,168.0,168.0,168.0,168.0,168.0,84.0
1287,42.0,42.0,126.0,126.0,42.0,168.0,210.0,168.0
1288,42.0,42.0,126.0,42.0,126.0,126.0,462.0,126.0
1289,42.0,84.0,42.0,252.0,42.0,420.0,84.0,504.0
1290,42.0,168.0,126.0,210.0,42.0,210.0,168.0,84.0
1291,42.0,42.0,84.0,491.0,84.0,126.0,252.0,42.0
1292,42.0,210.0,84.0,168.0,126.0,252.0,210.0,216.0
1293,42.0,84.0,216.0,168.0,84.0,210.0,378.0,252.0
1294,42.0,42.0,252.0,252.0,48.0,294.0,474.0,420.0
1295,42.0,126.0,210.0,42.0,42.0,84.0,252.0,168.0
1296,42.0,42.0,210.0,210.0,84.0,168.0,42.0,336.0
1297,42.0,126.0,126.0,168.0,42.0,317.0,507.0,168.0
1298,42.0,42.0,168.0,378.0,42.0,348.0,294.0,672.0
1299,42.0,84.0,126.0,84.0,42.0,544.0,42.0,546.0
1300,42.0,84.0,126.0,42.0,168.0,210.0,306.0,378.0
1301,84.0,84.0,42.0,210.0,42.0,294.0,462.0,252.0
1302,42.0,168.0,210.0,210.0,84.0,42.0,504.0,378.0
1303,42.0,84.0,84.0,252.0,42.0,126.0,594.0,252.0
1304,42.0,42.0,252.0,84.0,126.0,126.0,210.0,672.0
1305,48.0,126.0,126.0,84.0,42.0,252.0,294.0,420.0
1306,42.0,126.0,42.0,168.0,42.0,42.0,174.0,294.0
1307,42.0,84.0,168.0,210.0,84.0,168.0,294.0,546.0
1308,42.0,168.0,294.0,168.0,132.0,42.0,84.0,420.0
1309,42.0,84.0,42.0,342.0,84.0,252.0,434.0,126.0
1310,42.0,42.0,336.0,84.0,168.0,252.0,210.0,378.0
1311,42.0,42.0,84.0,210.0,126.0,42.0,252.0,468.0
1312,42.0,42.0,336.0,384.0,42.0,258.0,420.0,84.0
1313,42.0,42.0,84.0,126.0,84.0,126.0,42.0,252.0
1314,42.0,84.0,168.0,252.0,210.0,168.0,216.0,864.0
1315,42.0,42.0,126.0,168.0,42.0,126.0,210.0,210.0
1316,42.0,126.0,84.0,252.0,42.0,84.0,336.0,42.0
1317,42.0,84.0,168.0,210.0,84.0,378.0,42.0,420.0
1318,42.0,42.0,42.0,252.0,252.0,420.0,126.0,336.0
1319,42.0,42.0,210.0,216.0,252.0,84.0,320.0,462.0
1320,42.0,118.0,210.0,378.0,42.0,84.0,168.0,126.0
1321,42.0,126.0,252.0,168.0,42.0,210.0,42.0,384.0
1322,42.0,132.0,126.0,42.0,42.0,252.0,420.0,84.0
1323,42.0,42.0,42.0,42.0,84.0,252.0,342.0,168.0
1324,42.0,210.0,126.0,252.0,84.0,168.0,378.0,126.0
1325,42.0,84.0,42.0,252.0,42.0,252.0,252.0,294.0
1326,42.0,42.0,42.0,126.0,90.0,168.0,84.0,336.0
1327,42.0,84.0,210.0,294.0,168.0,84.0,42.0,381.0
1328,42.0,84.0,168.0,126.0,42.0,126.0,336.0,294.0
1329,42.0,84.0,275.0,336.0,126.0,468.0,294.0,420.0
1330,42.0,42.0,210.0,42.0,210.0,300.0,504.0,294.0
1331,42.0,42.0,210.0,84.0,126.0,202.0,336.0,210.0
1332,42.0,84.0,42.0,294.0,84.0,42.0,126.0,168.0
1333,42.0,126.0,126.0,504.0,42.0,42.0,462.0,252.0
1334,42.0,168.0,168.0,294.0,84.0,126.0,252.0,546.0
1335,42.0,42.0,90.0,210.0,126.0,336.0,168.0,168.0
1336,42.0,84.0,42.0,42.0,84.0,168.0,126.0,42.0
1337,42.0,42.0,84.0,42.0,84.0,336.0,252.0,168.0
1338,42.0,42.0,84.0,210.0,42.0,42.0,84.0,378.0
1339,42.0,42.0,258.0,252.0,42.0,168.0,84.0,420.0
1340,42.0,84.0,84.0,168.0,42.0,252.0,210.0,454.0
1341,42.0,42.0,210.0,126.0,129.0,378.0,171.0,126.0
1342,42.0,42.0,42.0,292.0,126.0,336.0,126.0,432.0
1343,42.0,48.0,252.0,126.0,42.0,210.0,336.0,252.0
1344,42.0,84.0,42.0,168.0,84.0,168.0,420.0,252.0
1345,42.0,168.0,420.0,126.0,42.0,420.0,168.0,42.0
1346,48.0,126.0,84.0,336.0,84.0,521.0,42.0,462.0
1347,42.0,42.0,126.0,42.0,84.0,42.0,292.0,84.0
1348,14.0,84.0,42.0,126.0,210.0,202.0,126.0,168.0
1349,42.0,84.0,84.0,84.0,210.0,42.0,252.0,504.0
1350,42.0,84.0,216.0,378.0,42.0,42.0,84.0,420.0
1351,42.0,84.0,126.0,168.0,126.0,216.0,252.0,222.0
1352,42.0,42.0,252.0,210.0,42.0,210.0,546.0,168.0
1353,42.0,126.0,126.0,126.0,84.0,42.0,210.0,252.0
1354,42.0,84.0,84.0,168.0,42.0,294.0,210.0,378.0
1355,42.0,42.0,42.0,336.0,84.0,756.0,294.0,294.0
1356,42.0,42.0,126.0,84.0,42.0,252.0,210.0,378.0
1357,14.0,213.0,126.0,42.0,84.0,210.0,168.0,84.0
1358,42.0,84.0,42.0,281.0,84.0,84.0,210.0,126.0
1359,42.0,168.0,42.0,168.0,84.0,84.0,258.0,437.0
1360,42.0,84.0,202.0,84.0,84.0,672.0,600.0,168.0
1361,42.0,84.0,126.0,252.0,84.0,230.0,168.0,420.0
1362,42.0,84.0,126.0,168.0,42.0,210.0,294.0,168.0
1363,42.0,42.0,84.0,126.0,42.0,210.0,210.0,510.0
1364,42.0,168.0,168.0,126.0,126.0,210.0,84.0,84.0
1365,42.0,42.0,42.0,252.0,126.0,252.0,546.0,462.0
1366,42.0,42.0,210.0,168.0,42.0,227.0,210.0,168.0
1367,42.0,126.0,126.0,84.0,84.0,294.0,42.0,420.0
1368,42.0,42.0,126.0,252.0,168.0,42.0,168.0,126.0
1369,42.0,84.0,84.0,378.0,42.0,252.0,294.0,378.0
1370,84.0,42.0,336.0,168.0,42.0,126.0,126.0,294.0
1371,126.0,84.0,126.0,294.0,196.0,42.0,42.0,252.0
1372,42.0,210.0,168.0,84.0,126.0,294.0,168.0,434.0
1373,42.0,42.0,42.0,84.0,84.0,252.0,126.0,546.0
1374,84.0,174.0,336.0,168.0,42.0,210.0,168.0,294.0
1375,42.0,126.0,84.0,252.0,210.0,336.0,336.0,210.0
1376,126.0,252.0,168.0,303.0,210.0,420.0,210.0,210.0
1377,48.0,42.0,168.0,42.0,42.0,252.0,252.0,294.0
1378,126.0,168.0,168.0,168.0,84.0,210.0,252.0,252.0
1379,126.0,126.0,168.0,210.0,42.0,126.0,384.0,409.0
1380,42.0,42.0,210.0,84.0,126.0,126.0,423.0,294.0
1381,42.0,126.0,168.0,210.0,42.0,168.0,462.0,210.0
1382,126.0,126.0,236.0,174.0,84.0,84.0,42.0,726.0
1383,42.0,42.0,42.0,168.0,14.0,84.0,462.0,336.0
1384,42.0,42.0,42.0,84.0,126.0,84.0,210.0,588.0
1385,42.0,84.0,210.0,342.0,70.0,42.0,378.0,84.0
1386,42.0,84.0,84.0,168.0,138.0,42.0,294.0,210.0
1387,42.0,126.0,84.0,168.0,336.0,294.0,126.0,168.0
1388,42.0,42.0,294.0,84.0,56.0,336.0,252.0,294.0
1389,84.0,84.0,84.0,378.0,126.0,210.0,168.0,510.0
1390,42.0,42.0,168.0,336.0,84.0,210.0,294.0,168.0
1391,126.0,126.0,168.0,210.0,126.0,42.0,294.0,264.0
1392,42.0,84.0,210.0,168.0,252.0,342.0,168.0,966.0
1393,87.0,294.0,252.0,126.0,84.0,336.0,252.0,300.0
1394,84.0,168.0,126.0,168.0,84.0,84.0,168.0,84.0
1395,42.0,84.0,168.0,42.0,42.0,84.0,168.0,588.0
1396,42.0,126.0,126.0,294.0,42.0,210.0,84.0,336.0
1397,84.0,126.0,252.0,504.0,42.0,168.0,390.0,168.0
1398,42.0,174.0,168.0,294.0,336.0,294.0,126.0,462.0
1399,42.0,84.0,252.0,252.0,84.0,126.0,126.0,252.0
1400,42.0,84.0,168.0,84.0,42.0,126.0,462.0,378.0
1401,42.0,84.0,168.0,348.0,42.0,168.0,210.0,378.0
1402,42.0,126.0,168.0,168.0,84.0,42.0,174.0,546.0
1403,42.0,126.0,126.0,42.0,210.0,48.0,714.0,84.0
1404,42.0,42.0,42.0,42.0,168.0,336.0,84.0,126.0
1405,42.0,42.0,168.0,294.0,42.0,42.0,336.0,210.0
1406,42.0,126.0,42.0,168.0,168.0,84.0,336.0,252.0
1407,42.0,42.0,42.0,210.0,168.0,168.0,42.0,378.0
1408,42.0,42.0,84.0,294.0,48.0,126.0,252.0,126.0
1409,42.0,42.0,126.0,210.0,168.0,334.0,336.0,210.0
1410,42.0,84.0,84.0,252.0,126.0,294.0,168.0,252.0
1411,42.0,84.0,126.0,84.0,84.0,126.0,84.0,252.0
1412,42.0,42.0,42.0,510.0,84.0,42.0,84.0,252.0
1413,84.0,84.0,84.0,84.0,84.0,84.0,210.0,420.0
1414,42.0,84.0,126.0,42.0,84.0,126.0,320.0,591.0
1415,42.0,168.0,168.0,42.0,84.0,336.0,42.0,294.0
1416,42.0,168.0,84.0,126.0,42.0,84.0,126.0,504.0
1417,42.0,126.0,252.0,84.0,168.0,210.0,252.0,504.0
1418,84.0,126.0,294.0,126.0,84.0,126.0,294.0,294.0
1419,42.0,42.0,42.0,168.0,126.0,84.0,294.0,168.0
1420,42.0,42.0,42.0,294.0,42.0,210.0,588.0,210.0
1421,84.0,126.0,126.0,252.0,252.0,126.0,636.0,210.0
1422,42.0,42.0,168.0,42.0,84.0,390.0,336.0,210.0
1423,42.0,126.0,258.0,42.0,126.0,42.0,588.0,210.0
1424,42.0,42.0,84.0,210.0,126.0,42.0,126.0,84.0
1425,42.0,126.0,294.0,42.0,84.0,168.0,546.0,126.0
1426,84.0,42.0,84.0,297.0,84.0,168.0,210.0,342.0
1427,42.0,210.0,160.0,126.0,252.0,168.0,420.0,384.0
1428,84.0,42.0,168.0,210.0,42.0,84.0,42.0,126.0
1429,42.0,174.0,126.0,168.0,84.0,42.0,336.0,222.0
1430,42.0,84.0,168.0,84.0,84.0,168.0,210.0,168.0
1431,42.0,132.0,168.0,210.0,126.0,126.0,336.0,252.0
1432,42.0,42.0,84.0,336.0,42.0,336.0,339.0,210.0
1433,42.0,126.0,174.0,294.0,126.0,42.0,336.0,168.0
1434,42.0,42.0,42.0,252.0,126.0,294.0,376.0,168.0
1435,42.0,42.0,42.0,294.0,210.0,42.0,336.0,210.0
1436,42.0,42.0,126.0,168.0,84.0,406.0,84.0,42.0
1437,48.0,42.0,213.0,42.0,42.0,126.0,126.0,474.0
1438,42.0,42.0,84.0,294.0,42.0,294.0,756.0,168.0
1439,42.0,126.0,42.0,168.0,42.0,320.0,546.0,420.0
1440,42.0,132.0,90.0,252.0,42.0,84.0,336.0,294.0
1441,42.0,126.0,84.0,294.0,42.0,126.0,462.0,336.0
1442,42.0,126.0,210.0,252.0,42.0,210.0,336.0,126.0
1443,42.0,42.0,84.0,210.0,42.0,42.0,42.0,252.0
1444,42.0,126.0,42.0,84.0,42.0,42.0,429.0,546.0
1445,42.0,42.0,126.0,126.0,84.0,90.0,168.0,210.0
1446,42.0,84.0,210.0,320.0,42.0,168.0,336.0,546.0
1447,42.0,84.0,210.0,252.0,84.0,126.0,210.0,126.0
1448,42.0,126.0,328.0,168.0,126.0,210.0,510.0,294.0
1449,42.0,42.0,294.0,252.0,210.0,168.0,378.0,42.0
1450,42.0,84.0,42.0,126.0,84.0,210.0,210.0,252.0
1451,84.0,84.0,126.0,42.0,168.0,42.0,462.0,420.0
1452,42.0,48.0,210.0,210.0,42.0,336.0,42.0,126.0
1453,42.0,126.0,210.0,210.0,42.0,42.0,168.0,378.0
1454,42.0,84.0,252.0,84.0,168.0,42.0,294.0,168.0
1455,42.0,84.0,126.0,384.0,42.0,222.0,252.0,252.0
1456,42.0,42.0,168.0,210.0,132.0,42.0,336.0,420.0
1457,42.0,84.0,42.0,252.0,84.0,378.0,294.0,320.0
1458,42.0,84.0,168.0,42.0,48.0,84.0,546.0,252.0
1459,42.0,84.0,168.0,90.0,84.0,588.0,168.0,252.0
1460,42.0,42.0,84.0,84.0,70.0,294.0,504.0,420.0
1461,84.0,168.0,42.0,294.0,126.0,294.0,236.0,42.0
1462,42.0,84.0,168.0,252.0,84.0,252.0,378.0,174.0
1463,42.0,42.0,210.0,168.0,84.0,168.0,168.0,42.0
1464,42.0,294.0,210.0,336.0,84.0,210.0,126.0,336.0
1465,48.0,42.0,168.0,168.0,171.0,252.0,468.0,210.0
1466,42.0,84.0,168.0,210.0,84.0,42.0,84.0,294.0
1467,42.0,42.0,168.0,168.0,84.0,336.0,210.0,294.0
1468,42.0,210.0,84.0,126.0,42.0,210.0,168.0,336.0
1469,42.0,126.0,252.0,504.0,42.0,84.0,252.0,168.0
1470,42.0,210.0,168.0,168.0,84.0,84.0,294.0,252.0
1471,84.0,84.0,126.0,168.0,84.0,174.0,412.0,297.0
1472,42.0,84.0,126.0,126.0,84.0,126.0,168.0,210.0
1473,42.0,84.0,320.0,210.0,126.0,336.0,126.0,210.0
1474,42.0,42.0,42.0,168.0,84.0,210.0,168.0,42.0
1475,84.0,126.0,42.0,42.0,42.0,294.0,168.0,168.0
1476,42.0,84.0,168.0,126.0,126.0,84.0,294.0,334.0
1477,42.0,126.0,84.0,84.0,84.0,84.0,126.0,168.0
1478,84.0,42.0,168.0,126.0,84.0,210.0,973.0,336.0
1479,42.0,84.0,168.0,84.0,84.0,42.0,126.0,468.0
1480,42.0,84.0,84.0,84.0,126.0,126.0,210.0,336.0
1481,42.0,126.0,174.0,334.0,42.0,507.0,294.0,126.0
1482,42.0,126.0,168.0,252.0,84.0,84.0,378.0,126.0
1483,42.0,126.0,213.0,390.0,168.0,252.0,84.0,378.0
1484,42.0,42.0,42.0,210.0,42.0,252.0,210.0,252.0
1485,42.0,126.0,126.0,210.0,42.0,126.0,336.0,378.0
1486,42.0,126.0,126.0,294.0,132.0,252.0,84.0,252.0
1487,84.0,84.0,42.0,168.0,126.0,126.0,42.0,168.0
1488,42.0,84.0,42.0,126.0,42.0,378.0,294.0,42.0
1489,42.0,90.0,126.0,168.0,168.0,84.0,126.0,588.0
1490,42.0,84.0,126.0,210.0,84.0,126.0,378.0,252.0
1491,42.0,126.0,252.0,252.0,84.0,84.0,210.0,378.0
1492,42.0,126.0,84.0,168.0,84.0,210.0,210.0,84.0
1493,42.0,168.0,84.0,42.0,42.0,294.0,252.0,504.0
1494,42.0,42.0,126.0,84.0,14.0,42.0,420.0,294.0
1495,42.0,213.0,378.0,168.0,84.0,252.0,252.0,84.0
1496,42.0,84.0,126.0,336.0,126.0,84.0,768.0,378.0
1497,42.0,84.0,84.0,252.0,126.0,84.0,42.0,630.0
1498,42.0,42.0,42.0,168.0,222.0,168.0,252.0,734.0
1499,42.0,42.0,84.0,294.0,210.0,210.0,126.0,294.0
1500,84.0,42.0,126.0,84.0,42.0,210.0,42.0,210.0
1501,42.0,168.0,42.0,84.0,42.0,126.0,168.0,84.0
1502,42.0,84.0,132.0,210.0,126.0,168.0,336.0,294.0
1503,42.0,126.0,252.0,504.0,84.0,420.0,294.0,606.0
1504,42.0,168.0,84.0,294.0,42.0,651.0,168.0,415.0
1505,42.0,126.0,168.0,126.0,84.0,168.0,434.0,294.0
1506,42.0,210.0,174.0,168.0,84.0,126.0,210.0,42.0
1507,42.0,168.0,42.0,210.0,132.0,84.0,168.0,84.0
1508,42.0,84.0,84.0,42.0,84.0,168.0,378.0,630.0
1509,42.0,84.0,126.0,84.0,168.0,336.0,210.0,294.0
1510,42.0,42.0,126.0,294.0,168.0,126.0,42.0,378.0
1511,42.0,42.0,126.0,468.0,42.0,342.0,420.0,84.0
1512,84.0,236.0,210.0,210.0,168.0,168.0,336.0,378.0
1513,42.0,168.0,294.0,252.0,42.0,84.0,126.0,756.0
1514,42.0,84.0,168.0,42.0,84.0,294.0,378.0,510.0
1515,42.0,42.0,168.0,210.0,42.0,546.0,126.0,546.0
1516,48.0,84.0,84.0,345.0,42.0,84.0,384.0,420.0
1517,42.0,168.0,126.0,210.0,126.0,168.0,126.0,84.0
1518,42.0,168.0,42.0,294.0,84.0,126.0,378.0,630.0
1519,42.0,42.0,84.0,84.0,84.0,126.0,84.0,426.0
1520,42.0,112.0,168.0,252.0,84.0,252.0,210.0,714.0
1521,42.0,42.0,168.0,210.0,90.0,168.0,504.0,588.0
1522,48.0,126.0,168.0,42.0,42.0,42.0,462.0,210.0
1523,42.0,42.0,213.0,210.0,42.0,252.0,126.0,126.0
1524,42.0,42.0,84.0,126.0,90.0,168.0,168.0,378.0
1525,42.0,126.0,42.0,126.0,126.0,90.0,213.0,504.0
1526,42.0,42.0,126.0,42.0,210.0,546.0,84.0,462.0
1527,42.0,42.0,42.0,168.0,168.0,168.0,462.0,336.0
1528,42.0,90.0,126.0,126.0,84.0,294.0,210.0,210.0
1529,42.0,84.0,84.0,252.0,42.0,168.0,42.0,420.0
1530,42.0,126.0,252.0,84.0,42.0,126.0,420.0,378.0
1531,42.0,84.0,126.0,42.0,126.0,294.0,294.0,504.0
1532,84.0,42.0,42.0,216.0,42.0,84.0,336.0,462.0
1533,42.0,168.0,126.0,258.0,126.0,252.0,168.0,780.0
1534,42.0,132.0,126.0,210.0,168.0,42.0,126.0,126.0
1535,42.0,42.0,210.0,84.0,42.0,168.0,252.0,168.0
1536,42.0,84.0,168.0,168.0,168.0,210.0,168.0,168.0
1537,42.0,84.0,396.0,126.0,294.0,84.0,168.0,294.0
1538,42.0,84.0,84.0,126.0,210.0,168.0,210.0,378.0
1539,42.0,168.0,294.0,294.0,84.0,84.0,252.0,336.0
1540,42.0,90.0,168.0,252.0,336.0,132.0,84.0,126.0
1541,42.0,42.0,168.0,126.0,210.0,42.0,210.0,462.0
1542,42.0,84.0,42.0,294.0,168.0,168.0,210.0,639.0
1543,42.0,42.0,210.0,210.0,48.0,280.0,294.0,342.0
1544,42.0,42.0,84.0,126.0,42.0,252.0,168.0,504.0
1545,42.0,126.0,210.0,378.0,168.0,168.0,84.0,168.0
1546,42.0,42.0,294.0,420.0,126.0,252.0,168.0,384.0
1547,42.0,42.0,252.0,126.0,84.0,336.0,354.0,210.0
1548,14.0,42.0,168.0,126.0,84.0,294.0,42.0,420.0
1549,42.0,42.0,174.0,84.0,42.0,474.0,42.0,294.0
1550,42.0,42.0,84.0,412.0,252.0,126.0,84.0,336.0
1551,42.0,42.0,132.0,210.0,84.0,168.0,378.0,252.0
1552,42.0,126.0,210.0,378.0,42.0,294.0,174.0,776.0
1553,42.0,126.0,210.0,84.0,84.0,84.0,168.0,168.0
1554,42.0,84.0,126.0,210.0,42.0,126.0,84.0,252.0
1555,42.0,252.0,42.0,42.0,42.0,462.0,210.0,462.0
1556,42.0,126.0,126.0,362.0,42.0,42.0,252.0,336.0
1557,42.0,126.0,42.0,126.0,84.0,126.0,252.0,336.0
1558,42.0,84.0,168.0,168.0,126.0,168.0,42.0,252.0
1559,42.0,84.0,168.0,168.0,84.0,378.0,210.0,340.0
1560,42.0,42.0,168.0,174.0,42.0,126.0,42.0,294.0
1561,42.0,126.0,210.0,42.0,84.0,294.0,210.0,507.0
1562,42.0,42.0,42.0,168.0,42.0,252.0,342.0,504.0
1563,42.0,42.0,42.0,168.0,84.0,84.0,420.0,126.0
1564,42.0,84.0,84.0,168.0,168.0,126.0,84.0,126.0
1565,42.0,42.0,84.0,336.0,42.0,42.0,126.0,42.0
1566,42.0,168.0,420.0,336.0,84.0,168.0,294.0,210.0
1567,42.0,42.0,168.0,168.0,42.0,168.0,378.0,462.0
1568,42.0,126.0,84.0,168.0,126.0,353.0,42.0,168.0
1569,42.0,42.0,126.0,168.0,84.0,84.0,384.0,252.0
1570,42.0,168.0,168.0,210.0,84.0,42.0,168.0,294.0
1571,42.0,210.0,42.0,84.0,84.0,294.0,294.0,546.0
1572,42.0,84.0,42.0,42.0,42.0,216.0,210.0,42.0
1573,42.0,126.0,174.0,84.0,84.0,42.0,336.0,462.0
1574,48.0,42.0,210.0,168.0,84.0,126.0,294.0,210.0
1575,14.0,168.0,126.0,252.0,126.0,252.0,294.0,210.0
1576,42.0,84.0,84.0,168.0,42.0,264.0,420.0,252.0
1577,42.0,84.0,42.0,210.0,42.0,42.0,210.0,336.0
1578,42.0,42.0,126.0,252.0,48.0,216.0,210.0,210.0
1579,42.0,42.0,210.0,518.0,84.0,168.0,378.0,504.0
1580,42.0,84.0,84.0,42.0,42.0,210.0,168.0,294.0
1581,42.0,84.0,168.0,222.0,42.0,42.0,210.0,168.0
1582,42.0,168.0,210.0,126.0,84.0,336.0,84.0,628.0
1583,42.0,84.0,168.0,168.0,42.0,252.0,546.0,294.0
1584,28.0,84.0,126.0,84.0,42.0,168.0,210.0,420.0
1585,28.0,42.0,168.0,42.0,84.0,84.0,690.0,210.0
1586,42.0,42.0,84.0,168.0,42.0,378.0,546.0,42.0
1587,42.0,84.0,84.0,126.0,42.0,252.0,42.0,294.0
1588,42.0,84.0,126.0,448.0,252.0,210.0,210.0,210.0
1589,42.0,42.0,126.0,42.0,126.0,84.0,210.0,210.0
1590,42.0,126.0,126.0,255.0,42.0,210.0,468.0,714.0
1591,42.0,126.0,210.0,252.0,126.0,84.0,126.0,504.0
1592,42.0,126.0,168.0,168.0,168.0,126.0,84.0,552.0
1593,42.0,42.0,42.0,126.0,84.0,84.0,126.0,84.0
1594,42.0,42.0,84.0,84.0,42.0,294.0,168.0,168.0
1595,84.0,126.0,126.0,42.0,126.0,210.0,759.0,252.0
1596,126.0,42.0,168.0,210.0,168.0,126.0,168.0,168.0
1597,42.0,42.0,168.0,168.0,126.0,42.0,168.0,336.0
1598,42.0,126.0,210.0,462.0,252.0,126.0,126.0,420.0
1599,42.0,132.0,255.0,42.0,42.0,266.0,546.0,384.0
1600,126.0,168.0,84.0,544.0,84.0,84.0,336.0,42.0
1601,42.0,126.0,168.0,294.0,42.0,126.0,552.0,407.0
1602,84.0,84.0,84.0,294.0,210.0,504.0,126.0,210.0
1603,42.0,168.0,252.0,168.0,129.0,378.0,672.0,210.0
1604,84.0,126.0,42.0,336.0,84.0,294.0,210.0,210.0
1605,42.0,84.0,84.0,42.0,84.0,168.0,552.0,378.0
1606,42.0,42.0,126.0,126.0,84.0,84.0,126.0,252.0
1607,42.0,126.0,336.0,84.0,42.0,210.0,294.0,252.0
1608,42.0,126.0,84.0,126.0,42.0,168.0,294.0,42.0
1609,42.0,84.0,126.0,252.0,168.0,84.0,420.0,336.0
1610,42.0,126.0,42.0,168.0,62.0,84.0,42.0,630.0
1611,42.0,84.0,294.0,168.0,126.0,84.0,168.0,420.0
1612,42.0,84.0,252.0,362.0,84.0,126.0,42.0,420.0
1613,84.0,42.0,168.0,210.0,42.0,264.0,126.0,336.0
1614,84.0,42.0,84.0,168.0,70.0,168.0,378.0,336.0
1615,42.0,84.0,84.0,42.0,126.0,42.0,168.0,252.0
1616,84.0,168.0,328.0,84.0,42.0,252.0,502.0,168.0
1617,42.0,168.0,252.0,378.0,126.0,210.0,252.0,396.0
1618,42.0,210.0,210.0,252.0,84.0,336.0,210.0,336.0
1619,126.0,84.0,168.0,342.0,42.0,294.0,210.0,420.0
1620,42.0,238.0,278.0,252.0,84.0,42.0,42.0,546.0
1621,126.0,42.0,168.0,252.0,126.0,126.0,294.0,252.0
1622,42.0,42.0,126.0,252.0,84.0,252.0,252.0,336.0
1623,42.0,84.0,426.0,210.0,84.0,504.0,210.0,42.0
1624,42.0,42.0,210.0,84.0,168.0,126.0,462.0,252.0
1625,42.0,42.0,84.0,132.0,126.0,126.0,84.0,252.0
1626,48.0,42.0,42.0,42.0,42.0,210.0,336.0,252.0
1627,126.0,84.0,126.0,210.0,84.0,294.0,462.0,546.0
1628,42.0,42.0,42.0,168.0,42.0,42.0,384.0,252.0
1629,42.0,168.0,42.0,336.0,129.0,84.0,126.0,294.0
1630,42.0,84.0,42.0,294.0,84.0,168.0,126.0,126.0
1631,42.0,90.0,42.0,336.0,42.0,42.0,168.0,210.0
1632,87.0,126.0,168.0,84.0,126.0,132.0,294.0,336.0
1633,42.0,84.0,336.0,126.0,126.0,42.0,84.0,210.0
1634,84.0,152.0,90.0,252.0,42.0,210.0,317.0,420.0
1635,42.0,84.0,84.0,168.0,126.0,168.0,210.0,384.0
1636,42.0,42.0,42.0,126.0,84.0,210.0,294.0,339.0
1637,42.0,84.0,84.0,126.0,42.0,168.0,510.0,546.0
1638,42.0,252.0,168.0,84.0,84.0,378.0,42.0,510.0
1639,42.0,84.0,168.0,84.0,84.0,496.0,126.0,258.0
1640,42.0,84.0,84.0,42.0,84.0,126.0,678.0,168.0
1641,42.0,42.0,252.0,126.0,126.0,42.0,42.0,420.0
1642,42.0,126.0,84.0,168.0,42.0,423.0,168.0,504.0
1643,42.0,84.0,210.0,210.0,42.0,420.0,378.0,168.0
1644,42.0,126.0,168.0,84.0,168.0,210.0,378.0,210.0
1645,42.0,42.0,210.0,84.0,84.0,294.0,210.0,210.0
1646,42.0,42.0,42.0,126.0,126.0,126.0,336.0,294.0
1647,42.0,126.0,84.0,213.0,252.0,42.0,168.0,42.0
1648,84.0,84.0,126.0,84.0,42.0,126.0,210.0,252.0
1649,42.0,126.0,42.0,168.0,126.0,168.0,168.0,252.0
1650,48.0,213.0,42.0,420.0,84.0,126.0,210.0,336.0
1651,42.0,42.0,126.0,168.0,42.0,126.0,334.0,210.0
1652,84.0,168.0,216.0,42.0,42.0,168.0,252.0,342.0
1653,42.0,126.0,42.0,168.0,126.0,210.0,126.0,252.0
1654,84.0,84.0,168.0,126.0,42.0,180.0,294.0,462.0
1655,42.0,126.0,168.0,210.0,216.0,42.0,42.0,336.0
1656,84.0,126.0,126.0,420.0,84.0,353.0,168.0,378.0
1657,126.0,84.0,84.0,210.0,168.0,210.0,42.0,378.0
1658,42.0,42.0,252.0,252.0,126.0,168.0,168.0,210.0
1659,42.0,118.0,168.0,210.0,84.0,210.0,252.0,420.0
1660,84.0,42.0,84.0,342.0,126.0,294.0,210.0,210.0
1661,48.0,168.0,126.0,210.0,42.0,252.0,336.0,336.0
1662,42.0,126.0,42.0,84.0,84.0,84.0,84.0,210.0
1663,42.0,42.0,126.0,294.0,84.0,294.0,210.0,210.0
1664,42.0,126.0,126.0,210.0,168.0,294.0,168.0,594.0
1665,42.0,42.0,126.0,210.0,84.0,210.0,252.0,336.0
1666,42.0,126.0,252.0,252.0,42.0,168.0,168.0,382.0
1667,42.0,42.0,168.0,294.0,42.0,252.0,591.0,504.0
1668,84.0,126.0,42.0,126.0,126.0,210.0,210.0,294.0
1669,42.0,84.0,42.0,42.0,84.0,168.0,126.0,546.0
1670,42.0,84.0,126.0,210.0,126.0,126.0,236.0,336.0
1671,48.0,126.0,84.0,336.0,252.0,210.0,168.0,168.0
1672,42.0,168.0,294.0,168.0,84.0,126.0,42.0,336.0
1673,42.0,126.0,126.0,84.0,126.0,300.0,210.0,126.0
1674,42.0,42.0,126.0,84.0,42.0,252.0,336.0,401.0
1675,42.0,90.0,84.0,168.0,42.0,342.0,378.0,126.0
1676,42.0,42.0,84.0,294.0,126.0,168.0,126.0,336.0
1677,42.0,84.0,126.0,210.0,90.0,350.0,126.0,210.0
1678,42.0,126.0,168.0,42.0,168.0,168.0,252.0,42.0
1679,42.0,168.0,84.0,126.0,42.0,126.0,126.0,168.0
1680,42.0,84.0,328.0,378.0,84.0,84.0,84.0,294.0
1681,42.0,42.0,126.0,168.0,84.0,210.0,294.0,210.0
1682,42.0,42.0,42.0,336.0,42.0,42.0,168.0,168.0
1683,42.0,42.0,168.0,255.0,84.0,168.0,294.0,210.0
1684,42.0,140.0,420.0,174.0,42.0,84.0,378.0,378.0
1685,42.0,42.0,84.0,42.0,126.0,168.0,294.0,168.0
1686,42.0,42.0,294.0,168.0,42.0,42.0,546.0,126.0
1687,42.0,168.0,84.0,168.0,42.0,378.0,258.0,210.0
1688,42.0,42.0,252.0,336.0,252.0,84.0,168.0,538.0
1689,42.0,42.0,84.0,168.0,42.0,294.0,630.0,546.0
1690,42.0,42.0,168.0,84.0,48.0,168.0,84.0,336.0
1691,42.0,42.0,168.0,210.0,90.0,376.0,210.0,378.0
1692,42.0,168.0,168.0,42.0,42.0,126.0,252.0,42.0
1693,84.0,210.0,168.0,210.0,168.0,84.0,756.0,210.0
1694,42.0,42.0,210.0,336.0,84.0,42.0,384.0,336.0
1695,42.0,126.0,84.0,168.0,42.0,294.0,42.0,420.0
1696,84.0,168.0,168.0,168.0,84.0,126.0,252.0,210.0
1697,42.0,126.0,168.0,126.0,126.0,84.0,168.0,269.0
1698,42.0,210.0,42.0,126.0,126.0,294.0,252.0,378.0
1699,42.0,42.0,126.0,252.0,84.0,84.0,294.0,42.0
1700,84.0,42.0,168.0,396.0,84.0,420.0,84.0,210.0
1701,42.0,42.0,222.0,42.0,84.0,168.0,612.0,126.0
1702,42.0,42.0,126.0,210.0,126.0,126.0,294.0,210.0
1703,42.0,84.0,42.0,84.0,42.0,126.0,126.0,348.0
1704,84.0,42.0,168.0,168.0,42.0,126.0,42.0,588.0
1705,84.0,132.0,42.0,84.0,90.0,252.0,168.0,378.0
1706,42.0,84.0,42.0,42.0,42.0,42.0,378.0,252.0
1707,42.0,84.0,252.0,168.0,84.0,586.0,345.0,378.0
1708,42.0,84.0,168.0,168.0,84.0,84.0,252.0,336.0
1709,42.0,210.0,320.0,216.0,42.0,252.0,420.0,168.0
1710,42.0,126.0,168.0,174.0,42.0,126.0,294.0,462.0
1711,42.0,168.0,126.0,420.0,126.0,168.0,42.0,252.0
1712,42.0,42.0,84.0,294.0,210.0,334.0,210.0,420.0
1713,42.0,168.0,42.0,84.0,42.0,84.0,126.0,378.0
1714,42.0,84.0,168.0,210.0,126.0,336.0,378.0,252.0
1715,42.0,126.0,168.0,42.0,126.0,168.0,84.0,42.0
1716,42.0,294.0,252.0,210.0,126.0,168.0,462.0,320.0
1717,42.0,126.0,84.0,168.0,84.0,126.0,252.0,126.0
1718,42.0,42.0,42.0,210.0,84.0,294.0,546.0,168.0
1719,42.0,84.0,210.0,294.0,126.0,294.0,126.0,252.0
1720,42.0,126.0,210.0,210.0,126.0,84.0,168.0,168.0
1721,48.0,126.0,168.0,42.0,146.0,210.0,168.0,252.0
1722,48.0,42.0,84.0,252.0,84.0,84.0,126.0,574.0
1723,42.0,84.0,42.0,168.0,84.0,84.0,84.0,174.0
1724,42.0,42.0,168.0,336.0,70.0,252.0,210.0,210.0
1725,84.0,168.0,168.0,210.0,42.0,252.0,42.0,252.0
1726,42.0,42.0,126.0,84.0,252.0,84.0,294.0,420.0
1727,42.0,42.0,216.0,252.0,84.0,252.0,168.0,336.0
1728,42.0,126.0,84.0,84.0,168.0,210.0,174.0,336.0
1729,42.0,42.0,84.0,126.0,84.0,42.0,378.0,384.0
1730,42.0,126.0,126.0,42.0,168.0,126.0,168.0,210.0
1731,42.0,84.0,126.0,42.0,84.0,126.0,252.0,294.0
1732,42.0,252.0,210.0,210.0,252.0,168.0,294.0,420.0
1733,42.0,42.0,210.0,84.0,266.0,168.0,336.0,378.0
1734,42.0,84.0,126.0,126.0,42.0,210.0,378.0,294.0
1735,42.0,213.0,42.0,449.0,126.0,294.0,210.0,339.0
1736,42.0,252.0,255.0,42.0,42.0,42.0,210.0,168.0
1737,28.0,84.0,42.0,168.0,42.0,42.0,630.0,588.0
1738,42.0,42.0,126.0,210.0,336.0,126.0,378.0,294.0
1739,42.0,42.0,126.0,294.0,126.0,252.0,252.0,546.0
1740,42.0,168.0,42.0,84.0,210.0,42.0,210.0,714.0
1741,42.0,160.0,84.0,294.0,252.0,84.0,378.0,168.0
1742,42.0,126.0,126.0,420.0,126.0,216.0,378.0,126.0
1743,42.0,84.0,42.0,126.0,126.0,84.0,546.0,438.0
1744,42.0,84.0,42.0,460.0,126.0,84.0,252.0,546.0
1745,42.0,168.0,84.0,210.0,48.0,126.0,252.0,84.0
1746,42.0,174.0,252.0,84.0,252.0,426.0,252.0,462.0
1747,42.0,84.0,126.0,126.0,42.0,378.0,252.0,210.0
1748,42.0,42.0,168.0,84.0,132.0,84.0,84.0,252.0
1749,42.0,42.0,294.0,126.0,84.0,42.0,252.0,378.0
1750,42.0,210.0,84.0,420.0,42.0,126.0,84.0,588.0
1751,42.0,84.0,252.0,336.0,84.0,378.0,210.0,384.0
1752,42.0,42.0,168.0,126.0,42.0,42.0,462.0,378.0
1753,42.0,42.0,252.0,384.0,42.0,168.0,126.0,342.0
1754,42.0,84.0,168.0,126.0,42.0,84.0,368.0,336.0
1755,42.0,42.0,210.0,168.0,126.0,126.0,300.0,384.0
1756,42.0,42.0,168.0,210.0,126.0,336.0,468.0,168.0
1757,42.0,84.0,294.0,42.0,84.0,42.0,42.0,420.0
1758,42.0,126.0,168.0,168.0,42.0,252.0,294.0,252.0
1759,42.0,42.0,42.0,168.0,42.0,84.0,168.0,588.0
1760,42.0,42.0,42.0,168.0,126.0,84.0,168.0,546.0
1761,42.0,84.0,168.0,126.0,84.0,278.0,294.0,126.0
1762,42.0,252.0,252.0,84.0,42.0,168.0,294.0,387.0
1763,42.0,42.0,84.0,210.0,42.0,84.0,294.0,294.0
1764,42.0,84.0,294.0,210.0,42.0,210.0,339.0,210.0
1765,42.0,126.0,126.0,252.0,210.0,84.0,252.0,42.0
1766,42.0,42.0,210.0,126.0,42.0,42.0,84.0,294.0
1767,42.0,42.0,42.0,462.0,84.0,549.0,336.0,630.0
1768,42.0,126.0,84.0,168.0,126.0,84.0,370.0,630.0
1769,42.0,42.0,126.0,84.0,42.0,42.0,84.0,84.0
1770,42.0,84.0,504.0,210.0,168.0,84.0,420.0,420.0
1771,42.0,126.0,126.0,168.0,84.0,252.0,168.0,252.0
1772,42.0,168.0,42.0,126.0,42.0,168.0,126.0,546.0
1773,42.0,84.0,42.0,294.0,84.0,252.0,336.0,252.0
1774,42.0,42.0,42.0,294.0,84.0,210.0,420.0,462.0
1775,42.0,84.0,210.0,342.0,84.0,168.0,126.0,294.0
1776,42.0,84.0,126.0,84.0,126.0,84.0,336.0,480.0
1777,42.0,84.0,126.0,126.0,84.0,336.0,42.0,42.0
1778,42.0,126.0,84.0,42.0,84.0,210.0,294.0,336.0
1779,42.0,42.0,202.0,339.0,126.0,420.0,42.0,210.0
1780,42.0,84.0,84.0,168.0,84.0,168.0,168.0,294.0
1781,42.0,84.0,210.0,126.0,210.0,252.0,252.0,342.0
1782,42.0,42.0,126.0,126.0,84.0,252.0,594.0,210.0
1783,42.0,210.0,210.0,210.0,168.0,168.0,210.0,336.0
1784,42.0,126.0,42.0,168.0,84.0,252.0,294.0,42.0
1785,42.0,42.0,126.0,84.0,42.0,84.0,378.0,630.0
1786,42.0,84.0,84.0,174.0,210.0,126.0,294.0,84.0
1787,42.0,42.0,426.0,252.0,168.0,84.0,252.0,336.0
1788,42.0,90.0,126.0,126.0,126.0,210.0,42.0,252.0
1789,42.0,126.0,210.0,378.0,84.0,210.0,420.0,378.0
1790,42.0,126.0,126.0,210.0,84.0,168.0,210.0,756.0
1791,42.0,84.0,126.0,210.0,84.0,42.0,378.0,42.0
1792,42.0,84.0,294.0,210.0,84.0,126.0,252.0,210.0
1793,42.0,84.0,84.0,168.0,42.0,84.0,168.0,84.0
1794,42.0,126.0,42.0,42.0,126.0,168.0,252.0,252.0
1795,42.0,42.0,152.0,252.0,168.0,168.0,168.0,126.0
1796,42.0,42.0,168.0,168.0,84.0,210.0,252.0,42.0
1797,42.0,42.0,84.0,168.0,84.0,168.0,126.0,401.0
1798,42.0,84.0,168.0,294.0,84.0,84.0,462.0,252.0
1799,42.0,42.0,168.0,210.0,126.0,252.0,336.0,378.0
1800,42.0,42.0,84.0,168.0,84.0,168.0,168.0,216.0
1801,14.0,126.0,84.0,168.0,168.0,168.0,210.0,84.0
1802,42.0,42.0,210.0,378.0,84.0,294.0,210.0,598.0
1803,42.0,84.0,168.0,378.0,42.0,323.0,382.0,462.0
1804,42.0,84.0,84.0,84.0,126.0,126.0,297.0,252.0
1805,42.0,42.0,297.0,294.0,168.0,42.0,420.0,462.0
1806,42.0,152.0,126.0,84.0,168.0,84.0,126.0,462.0
1807,42.0,42.0,84.0,168.0,90.0,210.0,168.0,336.0
1808,42.0,168.0,42.0,210.0,168.0,42.0,42.0,210.0
1809,42.0,132.0,126.0,396.0,213.0,384.0,378.0,462.0
1810,42.0,126.0,168.0,252.0,42.0,168.0,420.0,336.0
1811,42.0,42.0,126.0,42.0,42.0,252.0,126.0,294.0
1812,28.0,168.0,126.0,42.0,84.0,90.0,258.0,210.0
1813,14.0,126.0,132.0,168.0,42.0,294.0,252.0,462.0
1814,42.0,168.0,42.0,168.0,28.0,126.0,336.0,168.0
1815,42.0,252.0,126.0,126.0,168.0,42.0,462.0,168.0
1816,42.0,168.0,84.0,42.0,126.0,126.0,384.0,588.0
1817,42.0,42.0,126.0,174.0,84.0,378.0,294.0,84.0
1818,42.0,168.0,42.0,210.0,132.0,168.0,308.0,420.0
1819,42.0,210.0,132.0,168.0,42.0,168.0,42.0,210.0
1820,42.0,42.0,42.0,168.0,84.0,252.0,378.0,294.0
1821,42.0,252.0,84.0,294.0,132.0,294.0,126.0,336.0
1822,42.0,42.0,42.0,84.0,42.0,168.0,168.0,252.0
1823,42.0,126.0,42.0,126.0,42.0,294.0,336.0,588.0
1824,42.0,84.0,168.0,297.0,84.0,210.0,168.0,449.0
1825,42.0,84.0,210.0,168.0,84.0,462.0,168.0,966.0
1826,84.0,126.0,168.0,252.0,42.0,168.0,672.0,126.0
1827,42.0,126.0,168.0,42.0,84.0,126.0,84.0,630.0
1828,126.0,294.0,84.0,336.0,104.0,84.0,252.0,420.0
1829,42.0,84.0,84.0,210.0,154.0,42.0,294.0,210.0
1830,42.0,84.0,126.0,336.0,42.0,166.0,378.0,420.0
1831,42.0,84.0,126.0,168.0,84.0,462.0,126.0,252.0
1832,42.0,84.0,297.0,42.0,126.0,294.0,714.0,504.0
1833,42.0,84.0,42.0,420.0,126.0,84.0,546.0,42.0
1834,42.0,126.0,126.0,168.0,126.0,126.0,336.0,420.0
1835,42.0,42.0,210.0,210.0,168.0,252.0,378.0,168.0
1836,42.0,84.0,84.0,84.0,42.0,126.0,552.0,384.0
1837,42.0,42.0,168.0,84.0,210.0,126.0,126.0,504.0
1838,42.0,84.0,132.0,126.0,84.0,378.0,292.0,252.0
1839,42.0,84.0,84.0,210.0,168.0,152.0,126.0,424.0
1840,84.0,42.0,84.0,84.0,84.0,42.0,168.0,630.0
1841,42.0,168.0,336.0,328.0,42.0,84.0,227.0,84.0
1842,84.0,42.0,84.0,546.0,126.0,252.0,126.0,210.0
1843,42.0,42.0,126.0,378.0,84.0,210.0,252.0,294.0
1844,126.0,84.0,84.0,42.0,84.0,42.0,126.0,420.0
1845,42.0,42.0,252.0,168.0,42.0,168.0,126.0,224.0
1846,42.0,84.0,252.0,126.0,84.0,210.0,294.0,126.0
1847,42.0,90.0,168.0,168.0,168.0,252.0,336.0,588.0
1848,42.0,42.0,168.0,252.0,90.0,168.0,168.0,700.0
1849,126.0,126.0,126.0,294.0,42.0,42.0,468.0,294.0
1850,42.0,126.0,168.0,210.0,84.0,84.0,462.0,420.0
1851,42.0,84.0,42.0,210.0,84.0,84.0,132.0,126.0
1852,84.0,84.0,210.0,84.0,42.0,336.0,126.0,420.0
1853,84.0,42.0,420.0,210.0,42.0,168.0,132.0,168.0
1854,42.0,171.0,210.0,84.0,42.0,126.0,210.0,426.0
1855,48.0,42.0,210.0,126.0,84.0,336.0,210.0,504.0
1856,42.0,84.0,84.0,320.0,126.0,168.0,42.0,168.0
1857,42.0,84.0,250.0,336.0,210.0,294.0,336.0,294.0
1858,84.0,126.0,168.0,252.0,84.0,334.0,42.0,210.0
1859,42.0,42.0,42.0,126.0,42.0,378.0,378.0,336.0
1860,42.0,42.0,42.0,210.0,168.0,210.0,336.0,252.0
1861,42.0,84.0,294.0,210.0,42.0,126.0,252.0,678.0
1862,84.0,126.0,126.0,252.0,42.0,84.0,210.0,378.0
1863,42.0,84.0,210.0,42.0,42.0,126.0,378.0,42.0
1864,42.0,174.0,210.0,210.0,168.0,42.0,210.0,378.0
1865,42.0,336.0,84.0,126.0,48.0,336.0,336.0,126.0
1866,42.0,84.0,252.0,42.0,48.0,252.0,168.0,168.0
1867,42.0,42.0,84.0,126.0,168.0,126.0,429.0,336.0
1868,42.0,84.0,336.0,126.0,126.0,42.0,210.0,630.0
1869,42.0,84.0,42.0,210.0,42.0,210.0,84.0,396.0
1870,42.0,84.0,42.0,168.0,84.0,168.0,378.0,294.0
1871,42.0,84.0,42.0,42.0,84.0,336.0,588.0,252.0
1872,42.0,42.0,84.0,180.0,126.0,126.0,84.0,210.0
1873,42.0,42.0,84.0,42.0,171.0,336.0,42.0,126.0
1874,42.0,132.0,126.0,126.0,126.0,126.0,84.0,420.0
1875,48.0,126.0,126.0,126.0,126.0,171.0,222.0,252.0
1876,42.0,42.0,210.0,126.0,48.0,126.0,126.0,168.0
1877,42.0,42.0,252.0,384.0,90.0,378.0,210.0,168.0
1878,42.0,168.0,42.0,210.0,84.0,42.0,126.0,168.0
1879,84.0,126.0,42.0,168.0,126.0,42.0,504.0,336.0
1880,42.0,84.0,126.0,252.0,42.0,252.0,210.0,378.0
1881,126.0,42.0,84.0,210.0,84.0,216.0,168.0,462.0
1882,84.0,126.0,126.0,294.0,84.0,126.0,672.0,42.0
1883,84.0,84.0,278.0,168.0,84.0,210.0,252.0,339.0
1884,42.0,84.0,210.0,84.0,84.0,378.0,378.0,294.0
1885,42.0,84.0,126.0,210.0,168.0,336.0,210.0,252.0
1886,42.0,126.0,42.0,339.0,126.0,258.0,468.0,168.0
1887,42.0,126.0,252.0,126.0,84.0,210.0,126.0,168.0
1888,84.0,42.0,126.0,336.0,84.0,168.0,210.0,300.0
1889,42.0,126.0,84.0,42.0,84.0,84.0,336.0,84.0
1890,48.0,126.0,126.0,210.0,126.0,168.0,714.0,168.0
1891,87.0,42.0,42.0,42.0,126.0,336.0,504.0,504.0
1892,42.0,84.0,84.0,336.0,126.0,294.0,252.0,336.0
1893,42.0,42.0,42.0,294.0,84.0,132.0,252.0,510.0
1894,42.0,84.0,126.0,210.0,168.0,126.0,328.0,714.0
1895,42.0,84.0,132.0,210.0,42.0,168.0,42.0,336.0
1896,48.0,42.0,126.0,210.0,42.0,42.0,294.0,418.0
1897,42.0,42.0,42.0,462.0,42.0,126.0,336.0,168.0
1898,84.0,42.0,168.0,42.0,84.0,42.0,168.0,252.0
1899,84.0,126.0,42.0,510.0,126.0,336.0,230.0,546.0
1900,42.0,42.0,42.0,126.0,84.0,84.0,252.0,84.0
1901,42.0,126.0,168.0,384.0,168.0,126.0,294.0,126.0
1902,42.0,84.0,126.0,126.0,126.0,84.0,126.0,378.0
1903,42.0,84.0,84.0,294.0,42.0,168.0,252.0,252.0
1904,42.0,126.0,84.0,210.0,420.0,252.0,353.0,42.0
1905,42.0,42.0,42.0,294.0,84.0,84.0,336.0,252.0
1906,42.0,84.0,210.0,42.0,42.0,339.0,294.0,426.0
1907,42.0,42.0,294.0,210.0,28.0,42.0,378.0,588.0
1908,42.0,146.0,252.0,126.0,84.0,336.0,42.0,714.0
1909,84.0,42.0,84.0,252.0,84.0,84.0,334.0,633.0
1910,42.0,42.0,294.0,294.0,84.0,42.0,168.0,294.0
1911,42.0,42.0,168.0,126.0,84.0,210.0,420.0,168.0
1912,84.0,84.0,42.0,126.0,84.0,294.0,462.0,252.0
1913,84.0,42.0,210.0,126.0,84.0,294.0,336.0,168.0
1914,42.0,84.0,168.0,168.0,42.0,278.0,126.0,252.0
1915,42.0,42.0,168.0,294.0,126.0,252.0,84.0,168.0
1916,42.0,42.0,168.0,168.0,84.0,210.0,294.0,126.0
1917,42.0,196.0,168.0,168.0,42.0,126.0,294.0,294.0
1918,42.0,84.0,168.0,126.0,42.0,252.0,210.0,210.0
1919,84.0,84.0,84.0,168.0,42.0,168.0,210.0,42.0
1920,42.0,174.0,126.0,168.0,42.0,42.0,252.0,42.0
1921,42.0,84.0,320.0,354.0,126.0,210.0,84.0,882.0
1922,42.0,126.0,126.0,42.0,84.0,126.0,252.0,252.0
1923,42.0,252.0,168.0,42.0,168.0,252.0,294.0,126.0
1924,42.0,210.0,252.0,168.0,126.0,126.0,252.0,362.0
1925,42.0,126.0,126.0,84.0,210.0,126.0,210.0,126.0
1926,42.0,126.0,42.0,210.0,168.0,118.0,546.0,336.0
1927,42.0,168.0,210.0,42.0,42.0,168.0,336.0,210.0
1928,84.0,126.0,168.0,42.0,252.0,420.0,210.0,395.0
1929,42.0,84.0,84.0,216.0,126.0,594.0,168.0,210.0
1930,42.0,42.0,174.0,168.0,84.0,42.0,678.0,294.0
1931,42.0,168.0,168.0,168.0,42.0,210.0,252.0,462.0
1932,42.0,84.0,126.0,42.0,126.0,84.0,210.0,252.0
1933,42.0,168.0,42.0,42.0,126.0,504.0,258.0,294.0
1934,42.0,84.0,90.0,84.0,84.0,84.0,126.0,42.0
1935,42.0,42.0,42.0,252.0,84.0,168.0,252.0,210.0
1936,42.0,84.0,336.0,420.0,84.0,84.0,168.0,210.0
1937,42.0,294.0,168.0,168.0,168.0,42.0,252.0,168.0
1938,42.0,42.0,126.0,336.0,42.0,210.0,420.0,336.0
1939,42.0,252.0,252.0,544.0,84.0,84.0,126.0,504.0
1940,42.0,84.0,168.0,126.0,42.0,168.0,294.0,336.0
1941,42.0,126.0,210.0,210.0,56.0,294.0,42.0,700.0
1942,42.0,42.0,210.0,168.0,126.0,132.0,126.0,168.0
1943,42.0,168.0,126.0,546.0,14.0,126.0,90.0,378.0
1944,42.0,84.0,378.0,168.0,42.0,210.0,258.0,210.0
1945,42.0,84.0,168.0,294.0,132.0,42.0,210.0,546.0
1946,42.0,42.0,126.0,42.0,28.0,210.0,210.0,252.0
1947,42.0,42.0,126.0,84.0,84.0,210.0,420.0,42.0
1948,42.0,210.0,210.0,210.0,42.0,84.0,441.0,828.0
1949,126.0,42.0,126.0,42.0,84.0,126.0,84.0,252.0
1950,42.0,126.0,42.0,168.0,42.0,336.0,504.0,546.0
1951,48.0,126.0,126.0,378.0,84.0,84.0,168.0,84.0
1952,42.0,42.0,42.0,294.0,126.0,210.0,252.0,84.0
1953,42.0,126.0,42.0,420.0,294.0,252.0,42.0,42.0
1954,42.0,42.0,84.0,168.0,42.0,126.0,168.0,468.0
1955,42.0,42.0,42.0,126.0,42.0,42.0,126.0,168.0
1956,42.0,126.0,132.0,126.0,42.0,126.0,84.0,336.0
1957,126.0,84.0,42.0,336.0,126.0,210.0,126.0,504.0
1958,42.0,84.0,171.0,294.0,168.0,294.0,504.0,168.0
1959,42.0,168.0,84.0,252.0,84.0,126.0,126.0,672.0
1960,42.0,168.0,294.0,468.0,42.0,252.0,336.0,210.0
1961,48.0,42.0,252.0,84.0,84.0,252.0,42.0,294.0
1962,42.0,42.0,126.0,132.0,42.0,462.0,720.0,210.0
1963,42.0,84.0,84.0,126.0,126.0,210.0,210.0,210.0
1964,28.0,48.0,126.0,210.0,42.0,286.0,126.0,210.0
1965,42.0,42.0,126.0,42.0,126.0,210.0,126.0,336.0
1966,42.0,84.0,42.0,378.0,126.0,42.0,252.0,294.0
1967,42.0,84.0,84.0,84.0,42.0,252.0,168.0,636.0
1968,42.0,42.0,84.0,126.0,48.0,84.0,420.0,336.0
1969,42.0,84.0,126.0,362.0,42.0,490.0,630.0,462.0
1970,42.0,126.0,84.0,84.0,168.0,420.0,168.0,420.0
1971,42.0,42.0,126.0,42.0,84.0,294.0,168.0,84.0
1972,42.0,84.0,42.0,210.0,84.0,308.0,42.0,168.0
1973,42.0,42.0,126.0,168.0,42.0,126.0,168.0,294.0
1974,42.0,294.0,126.0,42.0,126.0,42.0,168.0,294.0
1975,42.0,84.0,202.0,168.0,42.0,210.0,252.0,563.0
1976,42.0,42.0,168.0,210.0,84.0,294.0,42.0,252.0
1977,42.0,42.0,264.0,336.0,210.0,462.0,510.0,294.0
1978,42.0,84.0,168.0,210.0,42.0,462.0,882.0,252.0
1979,42.0,174.0,168.0,168.0,84.0,174.0,126.0,168.0
1980,42.0,126.0,168.0,42.0,42.0,420.0,42.0,462.0
1981,42.0,126.0,168.0,84.0,210.0,252.0,672.0,168.0
1982,42.0,84.0,126.0,252.0,42.0,168.0,42.0,378.0
1983,42.0,42.0,126.0,42.0,84.0,378.0,546.0,424.0
1984,42.0,42.0,84.0,84.0,210.0,345.0,126.0,294.0
1985,42.0,126.0,210.0,168.0,84.0,270.0,426.0,378.0
1986,42.0,126.0,168.0,42.0,84.0,126.0,168.0,432.0
1987,84.0,42.0,42.0,168.0,126.0,126.0,258.0,210.0
1988,42.0,42.0,84.0,84.0,42.0,308.0,42.0,168.0
1989,42.0,202.0,168.0,126.0,168.0,126.0,126.0,294.0
1990,42.0,126.0,168.0,126.0,42.0,252.0,546.0,294.0
1991,42.0,126.0,168.0,381.0,126.0,84.0,504.0,294.0
1992,42.0,42.0,126.0,168.0,168.0,210.0,336.0,168.0
1993,42.0,168.0,252.0,42.0,84.0,168.0,336.0,42.0
1994,42.0,42.0,84.0,84.0,84.0,210.0,378.0,42.0
1995,42.0,84.0,84.0,126.0,42.0,168.0,126.0,252.0
1996,42.0,126.0,210.0,378.0,42.0,42.0,210.0,168.0
1997,42.0,84.0,336.0,84.0,84.0,84.0,252.0,294.0
1998,42.0,42.0,294.0,84.0,42.0,42.0,210.0,462.0
1999,42.0,42.0,42.0,294.0,84.0,294.0,252.0,126.0
2000,42.0,42.0,168.0,210.0,84.0,168.0,378.0,42.0
2001,42.0,42.0,210.0,210.0,84.0,126.0,126.0,168.0
2002,42.0,84.0,42.0,168.0,84.0,84.0,504.0,378.0
2003,42.0,213.0,84.0,126.0,48.0,210.0,252.0,168.0
2004,42.0,42.0,210.0,504.0,42.0,216.0,210.0,294.0
2005,42.0,84.0,294.0,294.0,42.0,168.0,373.0,504.0
2006,42.0,84.0,126.0,210.0,42.0,42.0,42.0,294.0
2007,42.0,42.0,252.0,84.0,42.0,339.0,252.0,42.0
2008,42.0,42.0,42.0,42.0,42.0,168.0,42.0,336.0
2009,42.0,42.0,210.0,168.0,42.0,168.0,336.0,252.0
2010,42.0,42.0,303.0,336.0,42.0,84.0,168.0,378.0
2011,42.0,126.0,168.0,378.0,42.0,84.0,504.0,546.0
2012,42.0,126.0,210.0,454.0,84.0,126.0,280.0,252.0
2013,42.0,126.0,84.0,168.0,84.0,126.0,84.0,546.0
2014,42.0,168.0,168.0,126.0,42.0,210.0,378.0,42.0
2015,42.0,84.0,210.0,126.0,42.0,168.0,84.0,591.0
2016,42.0,84.0,42.0,210.0,56.0,252.0,496.0,252.0
2017,42.0,152.0,168.0,126.0,42.0,42.0,252.0,538.0
2018,42.0,84.0,42.0,432.0,42.0,252.0,294.0,384.0
2019,42.0,126.0,126.0,126.0,84.0,42.0,210.0,168.0
2020,42.0,42.0,42.0,210.0,126.0,294.0,252.0,210.0
2021,42.0,42.0,126.0,210.0,84.0,168.0,210.0,252.0
2022,42.0,84.0,126.0,42.0,126.0,126.0,342.0,378.0
2023,42.0,132.0,210.0,294.0,42.0,438.0,126.0,252.0
2024,42.0,84.0,84.0,168.0,42.0,294.0,84.0,504.0
2025,42.0,84.0,42.0,42.0,84.0,42.0,222.0,462.0
2026,42.0,84.0,174.0,126.0,84.0,216.0,420.0,252.0
2027,42.0,42.0,258.0,126.0,42.0,294.0,84.0,84.0
2028,42.0,42.0,210.0,168.0,42.0,126.0,126.0,210.0
2029,42.0,84.0,84.0,210.0,132.0,294.0,378.0,126.0
2030,14.0,42.0,126.0,168.0,42.0,42.0,168.0,458.0
2031,42.0,42.0,84.0,222.0,42.0,126.0,168.0,420.0
2032,42.0,84.0,42.0,126.0,171.0,126.0,294.0,336.0
2033,42.0,126.0,126.0,252.0,126.0,168.0,126.0,588.0
2034,42.0,126.0,216.0,210.0,126.0,210.0,384.0,168.0
2035,42.0,42.0,42.0,336.0,168.0,126.0,210.0,42.0
2036,42.0,84.0,336.0,168.0,42.0,714.0,462.0,720.0
2037,42.0,42.0,84.0,168.0,210.0,42.0,294.0,168.0
2038,42.0,168.0,42.0,126.0,42.0,126.0,359.0,462.0
2039,42.0,42.0,210.0,84.0,42.0,84.0,42.0,42.0
2040,28.0,252.0,126.0,126.0,168.0,210.0,294.0,504.0
2041,14.0,84.0,126.0,126.0,42.0,210.0,126.0,210.0
2042,42.0,168.0,126.0,42.0,168.0,168.0,210.0,588.0
2043,42.0,126.0,168.0,210.0,84.0,42.0,418.0,252.0
2044,42.0,126.0,42.0,269.0,112.0,336.0,426.0,42.0
2045,42.0,168.0,42.0,168.0,126.0,168.0,126.0,420.0
2046,42.0,126.0,126.0,294.0,42.0,294.0,294.0,630.0
2047,42.0,126.0,42.0,168.0,42.0,252.0,336.0,294.0
2048,42.0,152.0,84.0,216.0,294.0,42.0,252.0,84.0
2049,42.0,42.0,126.0,42.0,126.0,210.0,252.0,462.0
2050,42.0,42.0,42.0,210.0,84.0,42.0,168.0,210.0
2051,84.0,42.0,126.0,84.0,90.0,90.0,462.0,336.0
2052,42.0,42.0,252.0,292.0,126.0,126.0,336.0,336.0
2053,42.0,42.0,210.0,378.0,42.0,210.0,546.0,294.0
2054,42.0,252.0,42.0,126.0,42.0,252.0,42.0,546.0
2055,84.0,84.0,252.0,294.0,42.0,378.0,126.0,84.0
2056,42.0,126.0,210.0,42.0,14.0,84.0,336.0,126.0
2057,84.0,42.0,84.0,210.0,84.0,42.0,294.0,168.0
2058,42.0,168.0,210.0,210.0,84.0,168.0,378.0,594.0
2059,42.0,126.0,252.0,42.0,84.0,84.0,294.0,504.0
2060,42.0,42.0,126.0,294.0,126.0,84.0,252.0,420.0
2061,42.0,84.0,126.0,210.0,84.0,84.0,210.0,502.0
2062,42.0,42.0,84.0,252.0,180.0,210.0,84.0,210.0
2063,42.0,168.0,294.0,42.0,168.0,42.0,504.0,168.0
2064,126.0,84.0,126.0,336.0,70.0,210.0,252.0,42.0
2065,42.0,210.0,126.0,378.0,84.0,42.0,210.0,449.0
2066,42.0,126.0,84.0,294.0,84.0,294.0,210.0,462.0
2067,42.0,84.0,84.0,252.0,84.0,168.0,168.0,420.0
2068,87.0,84.0,42.0,210.0,126.0,84.0,126.0,126.0
2069,42.0,84.0,196.0,84.0,84.0,126.0,168.0,462.0
2070,42.0,42.0,126.0,168.0,210.0,370.0,90.0,252.0
2071,42.0,126.0,168.0,210.0,84.0,252.0,378.0,126.0
2072,42.0,42.0,168.0,42.0,84.0,210.0,168.0,336.0
2073,42.0,42.0,84.0,336.0,84.0,168.0,294.0,378.0
2074,84.0,84.0,42.0,210.0,84.0,294.0,650.0,252.0
2075,42.0,126.0,168.0,252.0,126.0,168.0,342.0,420.0
2076,84.0,84.0,126.0,297.0,42.0,84.0,42.0,42.0
2077,84.0,126.0,168.0,210.0,42.0,168.0,378.0,336.0
2078,42.0,42.0,210.0,84.0,42.0,84.0,420.0,294.0
2079,42.0,84.0,210.0,168.0,84.0,168.0,252.0,420.0
2080,42.0,126.0,168.0,126.0,84.0,126.0,168.0,210.0
2081,48.0,168.0,84.0,320.0,168.0,210.0,297.0,252.0
2082,42.0,84.0,168.0,252.0,84.0,84.0,532.0,168.0
2083,42.0,126.0,210.0,294.0,84.0,42.0,294.0,210.0
2084,42.0,252.0,84.0,84.0,126.0,84.0,798.0,420.0
2085,48.0,42.0,42.0,546.0,84.0,420.0,438.0,294.0
2086,42.0,42.0,84.0,210.0,252.0,168.0,252.0,510.0
2087,126.0,84.0,126.0,294.0,126.0,42.0,42.0,465.0
2088,42.0,168.0,168.0,252.0,42.0,84.0,126.0,210.0
2089,126.0,42.0,126.0,42.0,42.0,294.0,210.0,546.0
2090,42.0,42.0,210.0,168.0,126.0,168.0,168.0,42.0
2091,84.0,126.0,168.0,126.0,210.0,210.0,294.0,210.0
2092,42.0,84.0,378.0,42.0,42.0,168.0,252.0,294.0
2093,42.0,112.0,42.0,42.0,42.0,168.0,336.0,42.0
2094,42.0,126.0,222.0,210.0,42.0,420.0,294.0,252.0
2095,42.0,126.0,84.0,126.0,168.0,126.0,216.0,378.0
2096,42.0,84.0,126.0,216.0,42.0,168.0,252.0,588.0
2097,42.0,168.0,84.0,252.0,126.0,84.0,294.0,42.0
2098,42.0,42.0,42.0,216.0,42.0,126.0,210.0,84.0
2099,42.0,132.0,168.0,42.0,84.0,84.0,168.0,462.0
2100,42.0,42.0,126.0,84.0,42.0,216.0,378.0,42.0
2101,84.0,42.0,168.0,126.0,84.0,126.0,420.0,252.0
2102,42.0,126.0,42.0,84.0,42.0,210.0,336.0,168.0
2103,42.0,171.0,255.0,126.0,84.0,42.0,84.0,336.0
2104,42.0,84.0,126.0,168.0,84.0,84.0,210.0,468.0
2105,126.0,42.0,84.0,126.0,126.0,126.0,294.0,612.0
2106,42.0,90.0,126.0,84.0,168.0,84.0,336.0,490.0
2107,42.0,84.0,84.0,126.0,126.0,252.0,210.0,168.0
2108,42.0,168.0,42.0,168.0,168.0,368.0,42.0,210.0
2109,42.0,84.0,264.0,252.0,84.0,126.0,216.0,420.0
2110,42.0,84.0,84.0,336.0,84.0,210.0,420.0,294.0
2111,42.0,126.0,42.0,252.0,84.0,84.0,126.0,504.0
2112,84.0,210.0,84.0,378.0,126.0,252.0,126.0,210.0
2113,84.0,84.0,84.0,84.0,168.0,84.0,546.0,126.0
2114,42.0,42.0,84.0,84.0,42.0,168.0,126.0,42.0
2115,42.0,84.0,168.0,126.0,210.0,84.0,188.0,210.0
2116,42.0,126.0,252.0,84.0,42.0,336.0,252.0,294.0
2117,42.0,42.0,216.0,210.0,84.0,126.0,42.0,168.0
2118,42.0,42.0,42.0,42.0,336.0,213.0,126.0,510.0
2119,42.0,42.0,168.0,334.0,210.0,42.0,672.0,42.0
2120,42.0,84.0,42.0,210.0,84.0,168.0,294.0,378.0
2121,126.0,126.0,210.0,210.0,42.0,336.0,742.0,168.0
2122,84.0,42.0,174.0,210.0,84.0,126.0,252.0,210.0
2123,48.0,42.0,42.0,42.0,84.0,42.0,588.0,581.0
2124,84.0,42.0,252.0,168.0,126.0,216.0,168.0,168.0
2125,42.0,84.0,84.0,168.0,42.0,168.0,294.0,546.0
2126,42.0,42.0,392.0,339.0,132.0,126.0,210.0,210.0
2127,42.0,42.0,84.0,210.0,252.0,252.0,210.0,594.0
2128,42.0,126.0,168.0,336.0,42.0,252.0,168.0,210.0
2129,42.0,84.0,168.0,294.0,210.0,294.0,252.0,252.0
2130,42.0,126.0,378.0,210.0,28.0,84.0,168.0,468.0
2131,42.0,84.0,42.0,168.0,42.0,504.0,292.0,210.0
2132,42.0,42.0,132.0,42.0,168.0,42.0,42.0,294.0
2133,42.0,126.0,168.0,126.0,42.0,168.0,378.0,210.0
2134,42.0,132.0,168.0,210.0,42.0,504.0,168.0,42.0
2135,42.0,84.0,126.0,210.0,84.0,42.0,294.0,546.0
2136,42.0,168.0,294.0,126.0,126.0,342.0,468.0,462.0
2137,84.0,42.0,42.0,210.0,84.0,342.0,210.0,672.0
2138,42.0,42.0,42.0,468.0,126.0,126.0,210.0,252.0
2139,42.0,168.0,84.0,42.0,126.0,42.0,126.0,84.0
2140,42.0,84.0,126.0,294.0,42.0,84.0,294.0,252.0
2141,42.0,42.0,210.0,84.0,168.0,126.0,591.0,378.0
2142,42.0,42.0,168.0,294.0,84.0,168.0,356.0,210.0
2143,42.0,126.0,126.0,210.0,84.0,84.0,126.0,378.0
2144,42.0,42.0,320.0,126.0,42.0,365.0,420.0,426.0
2145,42.0,48.0,84.0,252.0,126.0,42.0,462.0,336.0
2146,42.0,126.0,168.0,126.0,294.0,42.0,252.0,317.0
2147,42.0,42.0,42.0,174.0,216.0,84.0,252.0,294.0
2148,42.0,126.0,84.0,168.0,126.0,504.0,588.0,126.0
2149,42.0,126.0,336.0,252.0,84.0,126.0,420.0,294.0
2150,42.0,210.0,126.0,168.0,42.0,216.0,42.0,808.0
2151,84.0,210.0,342.0,168.0,42.0,168.0,210.0,336.0
2152,42.0,210.0,210.0,168.0,42.0,84.0,126.0,210.0
2153,84.0,42.0,252.0,84.0,84.0,84.0,336.0,294.0
2154,42.0,42.0,252.0,126.0,84.0,42.0,675.0,336.0
2155,42.0,210.0,210.0,168.0,168.0,168.0,252.0,210.0
2156,42.0,168.0,84.0,42.0,294.0,210.0,384.0,252.0
2157,42.0,126.0,132.0,210.0,84.0,336.0,84.0,84.0
2158,42.0,42.0,42.0,42.0,84.0,84.0,466.0,294.0
2159,42.0,168.0,210.0,294.0,168.0,42.0,252.0,294.0
2160,42.0,42.0,168.0,362.0,42.0,42.0,252.0,168.0
2161,42.0,126.0,210.0,42.0,42.0,84.0,210.0,126.0
2162,42.0,126.0,84.0,168.0,42.0,210.0,168.0,672.0
2163,42.0,42.0,252.0,126.0,239.0,294.0,252.0,252.0
2164,42.0,42.0,84.0,126.0,126.0,42.0,210.0,252.0
2165,42.0,168.0,126.0,420.0,126.0,210.0,336.0,294.0
2166,42.0,84.0,84.0,294.0,126.0,336.0,210.0,504.0
2167,42.0,126.0,84.0,210.0,42.0,84.0,252.0,210.0
2168,42.0,42.0,126.0,126.0,208.0,42.0,404.0,420.0
2169,84.0,168.0,126.0,210.0,42.0,84.0,252.0,714.0
2170,42.0,126.0,84.0,210.0,14.0,168.0,168.0,630.0
2171,84.0,84.0,42.0,210.0,168.0,126.0,126.0,252.0
2172,42.0,252.0,42.0,546.0,126.0,420.0,252.0,126.0
2173,42.0,126.0,126.0,168.0,126.0,168.0,84.0,42.0
2174,42.0,126.0,168.0,168.0,42.0,252.0,84.0,294.0
2175,42.0,84.0,210.0,126.0,126.0,126.0,168.0,420.0
2176,42.0,84.0,84.0,126.0,84.0,252.0,210.0,336.0
2177,42.0,42.0,84.0,210.0,84.0,160.0,294.0,297.0
2178,42.0,42.0,126.0,42.0,42.0,168.0,84.0,294.0
2179,84.0,84.0,171.0,168.0,90.0,252.0,294.0,126.0
2180,42.0,84.0,84.0,252.0,210.0,336.0,126.0,252.0
2181,42.0,126.0,168.0,210.0,42.0,42.0,294.0,294.0
2182,42.0,126.0,420.0,168.0,42.0,336.0,126.0,84.0
2183,42.0,84.0,168.0,42.0,210.0,84.0,126.0,336.0
2184,42.0,132.0,42.0,252.0,126.0,42.0,126.0,420.0
2185,42.0,168.0,202.0,210.0,126.0,42.0,252.0,252.0
2186,42.0,132.0,84.0,168.0,84.0,84.0,84.0,126.0
2187,42.0,42.0,210.0,84.0,168.0,84.0,252.0,396.0
2188,42.0,42.0,84.0,210.0,126.0,126.0,168.0,258.0
2189,48.0,84.0,126.0,420.0,84.0,672.0,462.0,216.0
2190,42.0,42.0,42.0,210.0,210.0,174.0,168.0,378.0
2191,42.0,42.0,168.0,320.0,42.0,126.0,210.0,252.0
2192,48.0,84.0,42.0,252.0,42.0,392.0,84.0,252.0
2193,42.0,42.0,210.0,210.0,84.0,126.0,368.0,336.0
2194,84.0,168.0,84.0,168.0,126.0,42.0,210.0,336.0
2195,42.0,84.0,126.0,42.0,126.0,336.0,126.0,126.0
2196,42.0,84.0,84.0,174.0,126.0,336.0,126.0,378.0
2197,48.0,126.0,210.0,336.0,42.0,294.0,42.0,210.0
2198,42.0,210.0,84.0,42.0,87.0,84.0,168.0,294.0
2199,42.0,126.0,42.0,336.0,252.0,132.0,336.0,294.0
2200,42.0,84.0,84.0,126.0,84.0,378.0,294.0,462.0
2201,42.0,42.0,42.0,294.0,126.0,84.0,378.0,384.0
2202,42.0,84.0,126.0,294.0,84.0,378.0,126.0,336.0
2203,42.0,84.0,126.0,210.0,126.0,84.0,378.0,210.0
2204,42.0,42.0,168.0,126.0,42.0,126.0,294.0,252.0
2205,42.0,90.0,126.0,42.0,84.0,278.0,42.0,252.0
2206,42.0,126.0,168.0,252.0,168.0,168.0,252.0,294.0
2207,42.0,42.0,378.0,297.0,42.0,168.0,252.0,462.0
2208,42.0,168.0,84.0,84.0,168.0,168.0,252.0,84.0
2209,42.0,42.0,210.0,168.0,84.0,336.0,168.0,336.0
2210,42.0,42.0,126.0,126.0,84.0,210.0,126.0,294.0
2211,42.0,84.0,216.0,84.0,84.0,168.0,84.0,336.0
2212,42.0,126.0,168.0,42.0,42.0,168.0,378.0,42.0
2213,42.0,126.0,42.0,84.0,42.0,126.0,210.0,420.0
2214,42.0,126.0,294.0,334.0,84.0,126.0,336.0,168.0
2215,42.0,84.0,168.0,84.0,42.0,42.0,294.0,336.0
2216,42.0,126.0,42.0,252.0,126.0,210.0,336.0,532.0
2217,42.0,168.0,168.0,132.0,126.0,462.0,168.0,420.0
2218,42.0,84.0,210.0,168.0,168.0,210.0,216.0,300.0
2219,42.0,84.0,84.0,126.0,252.0,294.0,126.0,756.0
2220,42.0,126.0,42.0,168.0,42.0,126.0,168.0,420.0
2221,42.0,42.0,126.0,336.0,126.0,126.0,126.0,42.0
2222,42.0,42.0,252.0,126.0,42.0,42.0,336.0,294.0
2223,42.0,42.0,168.0,510.0,42.0,294.0,420.0,504.0
2224,42.0,126.0,42.0,126.0,210.0,160.0,168.0,168.0
2225,42.0,118.0,84.0,252.0,216.0,126.0,42.0,420.0
2226,42.0,42.0,168.0,210.0,42.0,210.0,252.0,420.0
2227,42.0,42.0,294.0,252.0,126.0,42.0,168.0,210.0
2228,42.0,84.0,168.0,252.0,42.0,84.0,42.0,468.0
2229,42.0,84.0,42.0,258.0,168.0,168.0,252.0,210.0
2230,42.0,42.0,42.0,252.0,42.0,210.0,168.0,84.0
2231,42.0,42.0,210.0,168.0,42.0,210.0,84.0,407.0
2232,42.0,84.0,126.0,168.0,84.0,84.0,280.0,504.0
2233,42.0,42.0,168.0,42.0,42.0,252.0,126.0,168.0
2234,42.0,132.0,213.0,84.0,126.0,168.0,84.0,336.0
2235,42.0,42.0,132.0,378.0,84.0,84.0,126.0,292.0
2236,42.0,126.0,42.0,168.0,90.0,196.0,510.0,294.0
2237,42.0,42.0,168.0,462.0,132.0,126.0,255.0,126.0
2238,42.0,171.0,42.0,126.0,42.0,42.0,252.0,588.0
2239,42.0,84.0,336.0,168.0,216.0,168.0,126.0,420.0
2240,42.0,42.0,168.0,84.0,126.0,129.0,294.0,420.0
2241,42.0,126.0,84.0,336.0,84.0,210.0,510.0,588.0
2242,42.0,84.0,126.0,168.0,42.0,210.0,168.0,518.0
2243,42.0,84.0,42.0,84.0,84.0,126.0,546.0,210.0
2244,42.0,42.0,84.0,168.0,112.0,384.0,426.0,210.0
2245,42.0,42.0,252.0,378.0,84.0,210.0,252.0,210.0
2246,42.0,126.0,168.0,168.0,210.0,210.0,378.0,210.0
2247,42.0,42.0,210.0,84.0,84.0,378.0,126.0,168.0
2248,42.0,252.0,126.0,210.0,126.0,210.0,326.0,168.0
2249,42.0,84.0,126.0,168.0,84.0,168.0,336.0,594.0
2250,42.0,42.0,252.0,126.0,126.0,126.0,168.0,336.0
2251,42.0,84.0,278.0,252.0,84.0,420.0,84.0,252.0
2252,42.0,42.0,42.0,336.0,84.0,84.0,168.0,210.0
2253,126.0,42.0,210.0,210.0,42.0,42.0,168.0,252.0
2254,42.0,42.0,84.0,168.0,84.0,42.0,420.0,294.0
2255,42.0,84.0,126.0,258.0,42.0,84.0,252.0,588.0
2256,42.0,146.0,84.0,168.0,84.0,126.0,168.0,42.0
2257,42.0,84.0,42.0,168.0,42.0,252.0,294.0,672.0
2258,14.0,126.0,168.0,42.0,42.0,84.0,420.0,336.0
2259,42.0,84.0,84.0,168.0,84.0,42.0,42.0,546.0
2260,42.0,84.0,174.0,210.0,42.0,84.0,339.0,294.0
2261,42.0,84.0,84.0,390.0,210.0,168.0,294.0,168.0
2262,42.0,126.0,42.0,213.0,126.0,84.0,336.0,294.0
2263,42.0,171.0,126.0,168.0,84.0,294.0,84.0,126.0
2264,42.0,42.0,42.0,210.0,84.0,84.0,294.0,168.0
2265,42.0,42.0,168.0,126.0,84.0,84.0,132.0,210.0
2266,42.0,126.0,168.0,42.0,126.0,294.0,84.0,504.0
2267,28.0,42.0,84.0,126.0,84.0,378.0,126.0,867.0
2268,14.0,84.0,126.0,84.0,42.0,42.0,336.0,510.0
2269,28.0,84.0,168.0,42.0,84.0,42.0,252.0,168.0
2270,42.0,126.0,84.0,252.0,112.0,252.0,168.0,168.0
2271,42.0,126.0,42.0,210.0,210.0,84.0,588.0,378.0
2272,42.0,42.0,126.0,168.0,84.0,294.0,462.0,378.0
2273,42.0,84.0,126.0,168.0,42.0,294.0,252.0,252.0
2274,42.0,126.0,202.0,42.0,84.0,465.0,420.0,420.0
2275,42.0,84.0,126.0,126.0,188.0,210.0,252.0,84.0
2276,42.0,126.0,294.0,84.0,210.0,168.0,42.0,84.0
2277,42.0,258.0,84.0,210.0,56.0,84.0,454.0,336.0
2278,42.0,84.0,252.0,210.0,42.0,42.0,42.0,294.0
2279,42.0,336.0,84.0,174.0,126.0,126.0,210.0,336.0
2280,42.0,126.0,90.0,126.0,42.0,426.0,378.0,168.0
2281,42.0,42.0,336.0,336.0,126.0,42.0,294.0,294.0
2282,42.0,42.0,210.0,168.0,42.0,90.0,126.0,294.0
2283,126.0,126.0,42.0,278.0,84.0,426.0,168.0,168.0
2284,42.0,84.0,210.0,210.0,42.0,210.0,168.0,420.0
2285,42.0,126.0,42.0,210.0,126.0,168.0,294.0,376.0
2286,42.0,210.0,210.0,84.0,42.0,210.0,376.0,462.0
2287,42.0,294.0,126.0,168.0,42.0,336.0,126.0,504.0
2288,42.0,168.0,126.0,258.0,42.0,84.0,210.0,462.0
2289,42.0,174.0,210.0,420.0,336.0,168.0,462.0,210.0
2290,84.0,84.0,210.0,42.0,84.0,420.0,210.0,468.0
2291,42.0,42.0,42.0,168.0,84.0,126.0,42.0,378.0
2292,42.0,168.0,168.0,42.0,42.0,438.0,126.0,672.0
2293,42.0,84.0,84.0,168.0,126.0,378.0,252.0,378.0
2294,126.0,84.0,252.0,210.0,42.0,126.0,336.0,42.0
2295,42.0,42.0,210.0,252.0,210.0,168.0,168.0,294.0
2296,48.0,126.0,84.0,210.0,42.0,84.0,297.0,491.0
2297,42.0,42.0,252.0,336.0,42.0,294.0,294.0,336.0
2298,42.0,42.0,84.0,126.0,84.0,84.0,252.0,294.0
2299,42.0,84.0,126.0,84.0,42.0,126.0,126.0,168.0
2300,42.0,42.0,42.0,210.0,42.0,252.0,210.0,420.0
2301,42.0,84.0,42.0,210.0,84.0,168.0,294.0,252.0
2302,42.0,42.0,168.0,336.0,84.0,160.0,378.0,216.0
2303,42.0,42.0,84.0,420.0,42.0,42.0,546.0,378.0
2304,126.0,84.0,42.0,336.0,42.0,252.0,210.0,336.0
2305,84.0,42.0,278.0,252.0,42.0,210.0,210.0,378.0
2306,42.0,210.0,42.0,168.0,84.0,168.0,362.0,420.0
2307,87.0,168.0,168.0,126.0,84.0,126.0,420.0,378.0
2308,42.0,84.0,168.0,168.0,84.0,126.0,378.0,168.0
2309,84.0,126.0,84.0,252.0,126.0,252.0,378.0,294.0
2310,42.0,84.0,84.0,210.0,132.0,210.0,84.0,378.0
2311,84.0,42.0,168.0,336.0,84.0,336.0,336.0,336.0
2312,42.0,42.0,294.0,42.0,42.0,126.0,210.0,210.0
2313,84.0,174.0,126.0,210.0,84.0,84.0,300.0,336.0
2314,42.0,126.0,370.0,42.0,84.0,126.0,300.0,210.0
2315,84.0,84.0,168.0,252.0,126.0,378.0,462.0,504.0
2316,42.0,84.0,84.0,336.0,42.0,84.0,126.0,322.0
2317,42.0,42.0,84.0,334.0,294.0,42.0,126.0,336.0
2318,84.0,126.0,84.0,42.0,84.0,278.0,252.0,252.0
2319,84.0,168.0,126.0,126.0,129.0,168.0,420.0,84.0
2320,42.0,84.0,378.0,84.0,210.0,126.0,420.0,210.0
2321,42.0,168.0,252.0,297.0,42.0,336.0,210.0,504.0
2322,42.0,210.0,126.0,42.0,42.0,84.0,294.0,342.0
2323,42.0,126.0,294.0,42.0,42.0,420.0,210.0,630.0
2324,42.0,84.0,126.0,84.0,42.0,42.0,252.0,210.0
2325,42.0,168.0,168.0,168.0,42.0,42.0,255.0,168.0
2326,42.0,42.0,168.0,84.0,90.0,168.0,426.0,294.0
2327,42.0,84.0,42.0,252.0,42.0,126.0,252.0,42.0
2328,48.0,126.0,126.0,126.0,126.0,84.0,546.0,252.0
2329,42.0,126.0,84.0,168.0,42.0,168.0,378.0,336.0
2330,42.0,84.0,126.0,168.0,126.0,168.0,42.0,252.0
2331,42.0,210.0,126.0,84.0,84.0,42.0,294.0,420.0
2332,42.0,42.0,42.0,168.0,84.0,378.0,126.0,326.0
2333,42.0,42.0,84.0,126.0,42.0,126.0,294.0,216.0
2334,42.0,42.0,126.0,336.0,42.0,84.0,294.0,546.0
2335,42.0,126.0,252.0,210.0,126.0,300.0,378.0,339.0
2336,42.0,42.0,84.0,132.0,84.0,42.0,294.0,168.0
2337,42.0,48.0,126.0,174.0,126.0,378.0,42.0,126.0
2338,84.0,126.0,126.0,210.0,42.0,210.0,420.0,42.0
2339,84.0,42.0,216.0,42.0,168.0,84.0,486.0,378.0
2340,84.0,84.0,168.0,420.0,42.0,168.0,42.0,168.0
2341,42.0,42.0,126.0,168.0,84.0,216.0,42.0,294.0
2342,42.0,126.0,42.0,384.0,42.0,126.0,630.0,252.0
2343,42.0,42.0,126.0,210.0,84.0,210.0,336.0,336.0
2344,84.0,132.0,210.0,294.0,84.0,426.0,42.0,84.0
2345,42.0,126.0,42.0,42.0,84.0,42.0,126.0,420.0
2346,42.0,84.0,126.0,168.0,84.0,168.0,252.0,378.0
2347,42.0,84.0,210.0,168.0,118.0,252.0,168.0,294.0
2348,42.0,42.0,84.0,258.0,42.0,84.0,378.0,126.0
2349,42.0,84.0,297.0,168.0,168.0,126.0,84.0,252.0
2350,42.0,42.0,84.0,168.0,210.0,126.0,420.0,342.0
2351,42.0,84.0,132.0,168.0,42.0,42.0,126.0,84.0
2352,42.0,84.0,126.0,168.0,210.0,126.0,294.0,334.0
2353,42.0,84.0,42.0,378.0,132.0,42.0,336.0,252.0
2354,42.0,84.0,42.0,294.0,42.0,168.0,378.0,504.0
2355,42.0,84.0,126.0,84.0,42.0,294.0,630.0,336.0
2356,42.0,42.0,448.0,42.0,84.0,126.0,126.0,510.0
2357,42.0,126.0,42.0,84.0,126.0,168.0,672.0,210.0
2358,42.0,84.0,84.0,210.0,42.0,213.0,294.0,462.0
2359,42.0,42.0,42.0,168.0,42.0,210.0,510.0,336.0
2360,42.0,84.0,126.0,294.0,126.0,210.0,168.0,42.0
2361,84.0,42.0,84.0,252.0,126.0,252.0,42.0,336.0
2362,42.0,42.0,294.0,340.0,42.0,42.0,168.0,504.0
2363,42.0,42.0,126.0,84.0,90.0,168.0,252.0,336.0
2364,126.0,84.0,132.0,168.0,84.0,210.0,252.0,210.0
2365,42.0,42.0,84.0,423.0,126.0,42.0,224.0,336.0
2366,42.0,210.0,42.0,252.0,84.0,42.0,84.0,168.0
2367,42.0,42.0,42.0,84.0,210.0,84.0,420.0,252.0
2368,42.0,42.0,303.0,126.0,168.0,84.0,42.0,336.0
2369,42.0,42.0,126.0,84.0,42.0,84.0,336.0,294.0
2370,42.0,42.0,84.0,42.0,84.0,210.0,345.0,252.0
2371,126.0,90.0,42.0,210.0,42.0,168.0,126.0,336.0
2372,42.0,84.0,168.0,126.0,42.0,160.0,420.0,462.0
2373,42.0,84.0,168.0,210.0,336.0,252.0,336.0,336.0
2374,42.0,126.0,84.0,294.0,126.0,42.0,252.0,504.0
2375,42.0,84.0,174.0,126.0,42.0,518.0,420.0,294.0
2376,42.0,171.0,210.0,168.0,84.0,294.0,424.0,132.0
2377,42.0,42.0,126.0,252.0,84.0,210.0,126.0,252.0
2378,84.0,168.0,336.0,294.0,42.0,126.0,210.0,491.0
2379,42.0,42.0,210.0,168.0,42.0,462.0,210.0,168.0
2380,84.0,252.0,210.0,476.0,42.0,84.0,426.0,294.0
2381,84.0,42.0,168.0,168.0,126.0,42.0,294.0,168.0
2382,42.0,84.0,168.0,126.0,84.0,168.0,210.0,336.0
2383,42.0,126.0,42.0,42.0,84.0,84.0,252.0,336.0
2384,42.0,210.0,210.0,210.0,210.0,42.0,42.0,462.0
2385,42.0,84.0,126.0,294.0,84.0,210.0,126.0,126.0
2386,126.0,84.0,168.0,42.0,84.0,342.0,126.0,42.0
2387,42.0,42.0,252.0,126.0,84.0,258.0,462.0,126.0
2388,84.0,42.0,210.0,210.0,62.0,42.0,294.0,420.0
2389,42.0,126.0,168.0,210.0,84.0,126.0,420.0,168.0
2390,42.0,168.0,84.0,168.0,126.0,132.0,210.0,378.0
2391,42.0,84.0,210.0,84.0,84.0,42.0,630.0,396.0
2392,42.0,84.0,126.0,126.0,84.0,168.0,126.0,210.0
2393,42.0,238.0,84.0,126.0,210.0,84.0,84.0,252.0
2394,48.0,126.0,168.0,126.0,84.0,126.0,258.0,294.0
2395,42.0,84.0,84.0,216.0,42.0,84.0,42.0,378.0
2396,42.0,84.0,168.0,168.0,126.0,42.0,294.0,294.0
2397,42.0,216.0,210.0,210.0,84.0,168.0,546.0,168.0
2398,42.0,168.0,236.0,126.0,42.0,294.0,126.0,84.0
2399,42.0,42.0,252.0,168.0,210.0,289.0,462.0,294.0
2400,42.0,210.0,42.0,168.0,84.0,210.0,420.0,294.0
2401,42.0,168.0,42.0,384.0,126.0,126.0,42.0,168.0
2402,42.0,84.0,168.0,210.0,126.0,336.0,126.0,300.0
2403,42.0,42.0,168.0,294.0,84.0,126.0,210.0,84.0
2404,42.0,126.0,126.0,210.0,168.0,294.0,168.0,252.0
2405,42.0,42.0,42.0,42.0,42.0,252.0,126.0,168.0
2406,42.0,42.0,174.0,210.0,84.0,84.0,210.0,126.0
2407,42.0,42.0,210.0,168.0,168.0,126.0,434.0,252.0
2408,42.0,42.0,168.0,168.0,84.0,126.0,126.0,252.0
2409,42.0,42.0,168.0,424.0,126.0,126.0,462.0,84.0
2410,42.0,252.0,224.0,126.0,42.0,252.0,294.0,339.0
2411,42.0,90.0,84.0,42.0,126.0,126.0,210.0,426.0
2412,42.0,42.0,126.0,294.0,126.0,126.0,462.0,420.0
2413,42.0,42.0,126.0,462.0,126.0,84.0,42.0,546.0
2414,42.0,84.0,84.0,252.0,48.0,126.0,479.0,336.0
2415,42.0,126.0,294.0,84.0,84.0,126.0,168.0,252.0
2416,42.0,126.0,168.0,126.0,84.0,168.0,510.0,252.0
2417,42.0,84.0,42.0,42.0,126.0,126.0,168.0,420.0
2418,42.0,210.0,126.0,168.0,42.0,84.0,462.0,462.0
2419,42.0,84.0,196.0,168.0,126.0,210.0,126.0,258.0
2420,42.0,84.0,84.0,84.0,84.0,126.0,126.0,168.0
2421,42.0,84.0,42.0,210.0,84.0,210.0,546.0,336.0
2422,42.0,126.0,168.0,252.0,42.0,230.0,210.0,252.0
2423,48.0,42.0,42.0,168.0,84.0,126.0,294.0,294.0
2424,42.0,84.0,84.0,168.0,42.0,546.0,336.0,420.0
2425,42.0,84.0,126.0,168.0,42.0,882.0,252.0,126.0
2426,84.0,42.0,126.0,210.0,42.0,42.0,258.0,252.0
2427,42.0,42.0,126.0,84.0,84.0,252.0,294.0,210.0
2428,42.0,84.0,168.0,168.0,42.0,336.0,544.0,210.0
2429,48.0,174.0,42.0,42.0,84.0,252.0,126.0,336.0
2430,42.0,42.0,42.0,275.0,84.0,168.0,252.0,210.0
2431,48.0,84.0,126.0,168.0,42.0,252.0,210.0,336.0
2432,42.0,168.0,255.0,168.0,84.0,42.0,252.0,210.0
2433,42.0,126.0,126.0,336.0,42.0,84.0,42.0,84.0
2434,42.0,84.0,168.0,210.0,42.0,588.0,628.0,362.0
2435,42.0,210.0,42.0,210.0,210.0,42.0,168.0,210.0
2436,42.0,84.0,252.0,168.0,42.0,300.0,42.0,252.0
2437,42.0,84.0,210.0,168.0,84.0,42.0,126.0,507.0
2438,42.0,126.0,210.0,252.0,126.0,252.0,126.0,504.0
2439,42.0,42.0,126.0,210.0,168.0,294.0,252.0,462.0
2440,84.0,126.0,42.0,126.0,84.0,336.0,336.0,546.0
2441,42.0,126.0,210.0,42.0,168.0,336.0,42.0,294.0
2442,42.0,126.0,168.0,336.0,168.0,185.0,504.0,378.0
2443,42.0,168.0,84.0,126.0,126.0,84.0,210.0,168.0
2444,84.0,126.0,42.0,42.0,42.0,84.0,252.0,126.0
2445,42.0,42.0,42.0,546.0,132.0,264.0,294.0,210.0
2446,42.0,42.0,42.0,126.0,168.0,126.0,168.0,454.0
2447,42.0,84.0,210.0,336.0,42.0,336.0,210.0,168.0
2448,42.0,84.0,84.0,126.0,126.0,84.0,420.0,588.0
2449,42.0,126.0,370.0,84.0,42.0,294.0,294.0,126.0
2450,42.0,42.0,378.0,210.0,210.0,294.0,252.0,294.0
2451,42.0,126.0,126.0,252.0,126.0,84.0,368.0,210.0
2452,42.0,84.0,42.0,210.0,42.0,126.0,420.0,336.0
2453,42.0,42.0,168.0,210.0,84.0,336.0,168.0,252.0
2454,42.0,126.0,126.0,210.0,84.0,294.0,336.0,222.0
2455,42.0,146.0,168.0,42.0,42.0,210.0,294.0,342.0
2456,42.0,42.0,252.0,294.0,42.0,210.0,252.0,84.0
2457,42.0,126.0,294.0,396.0,126.0,126.0,672.0,210.0
2458,42.0,174.0,210.0,210.0,42.0,84.0,42.0,126.0
2459,42.0,42.0,168.0,84.0,84.0,126.0,636.0,126.0
2460,42.0,84.0,84.0,294.0,42.0,538.0,84.0,546.0
2461,42.0,84.0,168.0,294.0,84.0,516.0,42.0,168.0
2462,42.0,42.0,84.0,210.0,84.0,42.0,168.0,462.0
2463,42.0,84.0,84.0,168.0,84.0,168.0,210.0,336.0
2464,42.0,84.0,278.0,336.0,154.0,168.0,126.0,210.0
2465,42.0,126.0,294.0,210.0,84.0,84.0,42.0,507.0
2466,42.0,132.0,126.0,42.0,84.0,84.0,336.0,546.0
2467,42.0,42.0,84.0,84.0,42.0,84.0,84.0,294.0
2468,42.0,84.0,210.0,168.0,84.0,42.0,412.0,420.0
2469,42.0,84.0,84.0,126.0,42.0,42.0,378.0,784.0
2470,42.0,42.0,252.0,546.0,84.0,168.0,174.0,126.0
2471,42.0,42.0,42.0,168.0,90.0,294.0,339.0,252.0
2472,42.0,84.0,210.0,294.0,126.0,210.0,714.0,168.0
2473,42.0,42.0,42.0,210.0,336.0,168.0,504.0,168.0
2474,42.0,42.0,42.0,42.0,126.0,378.0,336.0,462.0
2475,42.0,42.0,42.0,126.0,28.0,126.0,210.0,132.0
2476,42.0,84.0,126.0,126.0,126.0,168.0,252.0,462.0
2477,42.0,84.0,168.0,126.0,126.0,294.0,210.0,696.0
2478,42.0,42.0,168.0,168.0,42.0,336.0,84.0,252.0
2479,42.0,84.0,42.0,42.0,42.0,168.0,210.0,210.0
2480,42.0,42.0,180.0,210.0,42.0,126.0,210.0,518.0
2481,42.0,42.0,42.0,252.0,42.0,168.0,126.0,336.0
2482,42.0,168.0,126.0,342.0,84.0,258.0,126.0,420.0
2483,42.0,84.0,126.0,84.0,42.0,168.0,252.0,168.0
2484,42.0,84.0,126.0,339.0,90.0,126.0,126.0,252.0
2485,42.0,42.0,210.0,294.0,42.0,42.0,294.0,294.0
2486,14.0,294.0,168.0,426.0,126.0,381.0,636.0,462.0
2487,42.0,126.0,168.0,294.0,126.0,168.0,252.0,294.0
2488,42.0,126.0,168.0,42.0,126.0,168.0,168.0,252.0
2489,42.0,84.0,84.0,216.0,84.0,126.0,42.0,630.0
2490,42.0,84.0,84.0,168.0,126.0,420.0,336.0,42.0
2491,42.0,126.0,42.0,126.0,42.0,210.0,126.0,462.0
2492,42.0,168.0,168.0,252.0,210.0,168.0,252.0,252.0
2493,28.0,84.0,84.0,126.0,42.0,126.0,168.0,252.0
2494,42.0,210.0,294.0,210.0,42.0,126.0,84.0,342.0
2495,14.0,84.0,126.0,210.0,42.0,84.0,126.0,42.0
2496,28.0,42.0,84.0,168.0,84.0,210.0,462.0,378.0
2497,42.0,84.0,84.0,210.0,168.0,126.0,322.0,168.0
2498,42.0,210.0,168.0,210.0,84.0,258.0,168.0,630.0
2499,42.0,42.0,126.0,168.0,84.0,126.0,42.0,378.0
2500,42.0,252.0,126.0,126.0,168.0,210.0,168.0,252.0
2501,42.0,84.0,42.0,42.0,84.0,42.0,168.0,252.0
2502,42.0,126.0,174.0,84.0,56.0,168.0,342.0,84.0
2503,42.0,84.0,168.0,84.0,42.0,84.0,378.0,488.0
2504,42.0,168.0,126.0,252.0,42.0,252.0,630.0,504.0
2505,126.0,42.0,126.0,84.0,42.0,42.0,42.0,378.0
2506,42.0,84.0,168.0,42.0,126.0,168.0,168.0,336.0
2507,84.0,168.0,42.0,126.0,42.0,210.0,420.0,210.0
2508,42.0,126.0,210.0,210.0,84.0,462.0,210.0,210.0
2509,84.0,84.0,252.0,210.0,42.0,252.0,42.0,42.0
2510,42.0,168.0,126.0,252.0,149.0,84.0,84.0,84.0
2511,126.0,126.0,84.0,126.0,84.0,126.0,552.0,460.0
2512,42.0,42.0,168.0,336.0,42.0,284.0,336.0,210.0
2513,42.0,84.0,213.0,42.0,90.0,126.0,168.0,252.0
2514,42.0,42.0,84.0,210.0,42.0,280.0,252.0,42.0
2515,84.0,202.0,252.0,258.0,84.0,84.0,917.0,336.0
2516,42.0,126.0,42.0,42.0,42.0,168.0,294.0,258.0
2517,42.0,42.0,210.0,168.0,84.0,378.0,210.0,168.0
2518,42.0,84.0,42.0,252.0,42.0,84.0,126.0,294.0
2519,42.0,42.0,252.0,378.0,84.0,84.0,210.0,294.0
2520,84.0,42.0,294.0,84.0,84.0,84.0,126.0,546.0
2521,42.0,126.0,210.0,168.0,126.0,126.0,168.0,420.0
2522,42.0,84.0,210.0,168.0,168.0,168.0,336.0,546.0
2523,42.0,278.0,126.0,84.0,84.0,42.0,546.0,210.0
2524,42.0,168.0,336.0,378.0,84.0,84.0,420.0,420.0
2525,42.0,84.0,42.0,126.0,126.0,84.0,378.0,126.0
2526,42.0,84.0,168.0,84.0,84.0,210.0,294.0,210.0
2527,42.0,42.0,84.0,210.0,42.0,168.0,252.0,294.0
2528,42.0,126.0,216.0,294.0,42.0,126.0,168.0,84.0
2529,42.0,126.0,84.0,126.0,168.0,126.0,168.0,252.0
2530,84.0,252.0,168.0,252.0,42.0,42.0,210.0,42.0
2531,42.0,42.0,210.0,168.0,84.0,168.0,210.0,252.0
2532,126.0,42.0,168.0,210.0,168.0,126.0,378.0,168.0
2533,42.0,84.0,42.0,84.0,168.0,168.0,210.0,210.0
2534,126.0,84.0,210.0,510.0,252.0,126.0,42.0,423.0
2535,42.0,168.0,84.0,336.0,84.0,210.0,168.0,342.0
2536,84.0,42.0,252.0,168.0,42.0,210.0,126.0,462.0
2537,84.0,42.0,252.0,312.0,84.0,420.0,381.0,42.0
2538,42.0,84.0,84.0,336.0,42.0,426.0,252.0,126.0
2539,42.0,84.0,126.0,294.0,126.0,252.0,174.0,294.0
2540,48.0,126.0,126.0,252.0,126.0,168.0,438.0,504.0
2541,42.0,174.0,126.0,252.0,42.0,378.0,420.0,336.0
2542,42.0,84.0,294.0,168.0,42.0,354.0,42.0,252.0
2543,42.0,42.0,168.0,294.0,171.0,252.0,84.0,588.0
2544,42.0,84.0,84.0,42.0,42.0,210.0,126.0,258.0
2545,84.0,126.0,168.0,359.0,126.0,84.0,294.0,42.0
2546,42.0,126.0,168.0,126.0,84.0,210.0,342.0,258.0
2547,84.0,168.0,168.0,210.0,84.0,294.0,252.0,168.0
2548,42.0,84.0,354.0,84.0,84.0,252.0,168.0,84.0
2549,42.0,42.0,42.0,42.0,42.0,336.0,252.0,362.0
2550,42.0,171.0,42.0,42.0,84.0,210.0,210.0,252.0
2551,42.0,42.0,126.0,168.0,210.0,84.0,126.0,168.0
2552,84.0,126.0,84.0,84.0,168.0,84.0,168.0,462.0
2553,42.0,84.0,210.0,252.0,42.0,168.0,168.0,252.0
2554,42.0,42.0,42.0,168.0,210.0,255.0,420.0,756.0
2555,42.0,42.0,42.0,168.0,84.0,84.0,378.0,126.0
2556,42.0,126.0,174.0,168.0,42.0,210.0,42.0,210.0
2557,48.0,42.0,168.0,238.0,168.0,126.0,126.0,420.0
2558,42.0,42.0,168.0,84.0,42.0,294.0,426.0,280.0
2559,42.0,42.0,42.0,42.0,42.0,84.0,126.0,420.0
2560,42.0,210.0,42.0,126.0,84.0,126.0,252.0,168.0
2561,42.0,126.0,42.0,42.0,42.0,378.0,378.0,42.0
2562,42.0,90.0,210.0,294.0,42.0,84.0,336.0,180.0
2563,84.0,210.0,252.0,126.0,252.0,294.0,126.0,126.0
2564,42.0,168.0,126.0,168.0,84.0,126.0,126.0,252.0
2565,42.0,42.0,42.0,420.0,48.0,126.0,546.0,423.0
2566,42.0,84.0,42.0,42.0,168.0,126.0,84.0,420.0
2567,84.0,42.0,42.0,126.0,84.0,252.0,420.0,252.0
2568,84.0,42.0,42.0,420.0,42.0,126.0,294.0,378.0
2569,42.0,42.0,168.0,84.0,42.0,252.0,336.0,462.0
2570,42.0,84.0,126.0,168.0,42.0,126.0,168.0,546.0
2571,42.0,42.0,126.0,454.0,84.0,126.0,168.0,168.0
2572,42.0,42.0,342.0,210.0,42.0,342.0,252.0,336.0
2573,42.0,126.0,84.0,336.0,42.0,168.0,462.0,84.0
2574,42.0,84.0,42.0,210.0,84.0,210.0,168.0,714.0
2575,42.0,84.0,84.0,42.0,42.0,42.0,252.0,258.0
2576,84.0,42.0,42.0,210.0,84.0,84.0,588.0,336.0
2577,84.0,84.0,42.0,294.0,42.0,168.0,294.0,210.0
2578,42.0,132.0,126.0,168.0,48.0,168.0,252.0,378.0
2579,42.0,42.0,294.0,210.0,42.0,252.0,42.0,420.0
2580,42.0,42.0,42.0,255.0,42.0,84.0,462.0,676.0
2581,42.0,84.0,42.0,168.0,84.0,84.0,378.0,42.0
2582,42.0,42.0,210.0,210.0,84.0,300.0,516.0,126.0
2583,42.0,42.0,168.0,294.0,84.0,126.0,378.0,653.0
2584,42.0,84.0,168.0,42.0,210.0,378.0,336.0,126.0
2585,42.0,126.0,258.0,252.0,84.0,168.0,168.0,462.0
2586,42.0,42.0,84.0,252.0,84.0,126.0,168.0,42.0
2587,42.0,42.0,210.0,168.0,42.0,84.0,126.0,168.0
2588,42.0,42.0,168.0,126.0,84.0,398.0,420.0,294.0
2589,42.0,126.0,336.0,168.0,126.0,126.0,168.0,420.0
2590,42.0,84.0,42.0,180.0,42.0,168.0,42.0,168.0
2591,42.0,42.0,252.0,168.0,42.0,280.0,336.0,42.0
2592,42.0,84.0,42.0,336.0,42.0,42.0,42.0,336.0
2593,42.0,42.0,84.0,126.0,126.0,210.0,84.0,210.0
2594,48.0,42.0,168.0,294.0,174.0,168.0,546.0,336.0
2595,42.0,42.0,42.0,42.0,210.0,336.0,420.0,336.0
2596,42.0,42.0,168.0,210.0,42.0,168.0,462.0,210.0
2597,42.0,126.0,213.0,168.0,210.0,84.0,370.0,84.0
2598,42.0,42.0,210.0,168.0,84.0,384.0,378.0,168.0
2599,48.0,168.0,294.0,168.0,168.0,252.0,294.0,168.0
2600,84.0,252.0,168.0,336.0,126.0,168.0,42.0,378.0
2601,42.0,84.0,126.0,168.0,112.0,126.0,365.0,630.0
2602,42.0,126.0,84.0,210.0,42.0,216.0,168.0,168.0
2603,84.0,168.0,168.0,378.0,42.0,84.0,210.0,210.0
2604,42.0,42.0,210.0,84.0,84.0,126.0,168.0,84.0
2605,42.0,126.0,252.0,252.0,168.0,210.0,252.0,462.0
2606,42.0,126.0,126.0,42.0,126.0,378.0,210.0,462.0
2607,42.0,84.0,84.0,42.0,126.0,42.0,168.0,84.0
2608,42.0,252.0,90.0,320.0,126.0,42.0,384.0,384.0
2609,42.0,84.0,42.0,126.0,84.0,378.0,126.0,504.0
2610,42.0,42.0,210.0,210.0,210.0,168.0,378.0,42.0
2611,42.0,42.0,42.0,126.0,174.0,294.0,84.0,630.0
2612,42.0,168.0,252.0,126.0,42.0,84.0,168.0,407.0
2613,42.0,168.0,84.0,84.0,42.0,126.0,210.0,294.0
2614,42.0,42.0,84.0,126.0,84.0,168.0,252.0,588.0
2615,42.0,126.0,230.0,42.0,84.0,210.0,762.0,210.0
2616,42.0,126.0,84.0,126.0,42.0,252.0,588.0,630.0
2617,42.0,168.0,42.0,126.0,42.0,210.0,42.0,462.0
2618,42.0,42.0,168.0,252.0,168.0,294.0,210.0,42.0
2619,42.0,42.0,126.0,252.0,104.0,252.0,252.0,546.0
2620,42.0,84.0,42.0,84.0,42.0,252.0,42.0,720.0
2621,42.0,252.0,84.0,174.0,42.0,378.0,294.0,126.0
2622,42.0,126.0,168.0,294.0,42.0,210.0,336.0,252.0
2623,42.0,42.0,126.0,168.0,84.0,126.0,654.0,294.0
2624,42.0,42.0,168.0,126.0,84.0,84.0,300.0,210.0
2625,42.0,42.0,168.0,210.0,132.0,412.0,294.0,294.0
2626,42.0,84.0,42.0,210.0,84.0,42.0,210.0,378.0
2627,126.0,84.0,84.0,336.0,126.0,168.0,126.0,210.0
2628,84.0,84.0,168.0,84.0,42.0,168.0,168.0,462.0
2629,42.0,84.0,42.0,294.0,84.0,168.0,252.0,462.0
2630,42.0,160.0,84.0,252.0,42.0,462.0,336.0,466.0
2631,42.0,84.0,126.0,384.0,84.0,42.0,126.0,84.0
2632,42.0,126.0,42.0,168.0,84.0,420.0,84.0,462.0
2633,42.0,126.0,168.0,42.0,84.0,210.0,126.0,630.0
2634,42.0,210.0,84.0,126.0,84.0,126.0,168.0,84.0
2635,48.0,42.0,126.0,42.0,42.0,126.0,210.0,252.0
2636,42.0,84.0,42.0,168.0,84.0,264.0,252.0,378.0
2637,42.0,42.0,168.0,294.0,84.0,84.0,294.0,84.0
2638,126.0,168.0,168.0,168.0,42.0,84.0,168.0,126.0
2639,42.0,84.0,42.0,252.0,42.0,84.0,336.0,504.0
2640,42.0,84.0,84.0,84.0,84.0,84.0,126.0,336.0
2641,42.0,42.0,126.0,252.0,126.0,882.0,546.0,252.0
2642,42.0,126.0,168.0,252.0,84.0,258.0,84.0,504.0
2643,48.0,126.0,126.0,168.0,48.0,84.0,210.0,168.0
2644,42.0,84.0,126.0,339.0,210.0,84.0,546.0,550.0
2645,42.0,42.0,84.0,168.0,126.0,168.0,126.0,42.0
2646,42.0,194.0,168.0,588.0,126.0,210.0,213.0,294.0
2647,87.0,168.0,168.0,210.0,84.0,84.0,378.0,527.0
2648,42.0,42.0,294.0,294.0,42.0,168.0,420.0,258.0
2649,42.0,42.0,384.0,126.0,42.0,185.0,126.0,42.0
2650,42.0,126.0,126.0,294.0,42.0,126.0,252.0,168.0
2651,42.0,84.0,216.0,42.0,84.0,84.0,210.0,168.0
2652,42.0,84.0,294.0,84.0,294.0,84.0,294.0,84.0
2653,42.0,84.0,202.0,42.0,84.0,378.0,546.0,126.0
2654,42.0,84.0,126.0,396.0,126.0,84.0,42.0,252.0
2655,42.0,42.0,42.0,252.0,84.0,210.0,462.0,504.0
2656,42.0,171.0,84.0,126.0,126.0,126.0,378.0,126.0
2657,42.0,126.0,210.0,42.0,84.0,370.0,420.0,294.0
2658,42.0,84.0,252.0,126.0,84.0,126.0,168.0,462.0
2659,42.0,42.0,42.0,42.0,42.0,42.0,462.0,462.0
2660,42.0,84.0,168.0,126.0,42.0,336.0,42.0,420.0
2661,42.0,168.0,126.0,168.0,84.0,84.0,420.0,252.0
2662,42.0,84.0,84.0,168.0,126.0,252.0,336.0,210.0
2663,42.0,126.0,84.0,252.0,42.0,462.0,126.0,468.0
2664,42.0,132.0,252.0,210.0,84.0,210.0,294.0,462.0
2665,42.0,42.0,168.0,168.0,126.0,42.0,378.0,42.0
2666,42.0,84.0,210.0,168.0,168.0,168.0,426.0,378.0
2667,42.0,84.0,168.0,336.0,126.0,210.0,210.0,42.0
2668,84.0,126.0,84.0,168.0,84.0,252.0,252.0,462.0
2669,42.0,42.0,378.0,42.0,84.0,216.0,84.0,168.0
2670,42.0,126.0,168.0,168.0,90.0,42.0,252.0,504.0
2671,42.0,42.0,210.0,126.0,174.0,213.0,168.0,504.0
2672,42.0,84.0,84.0,174.0,84.0,336.0,126.0,420.0
2673,42.0,42.0,42.0,126.0,42.0,126.0,168.0,168.0
2674,42.0,42.0,126.0,126.0,42.0,336.0,84.0,294.0
2675,42.0,174.0,84.0,126.0,42.0,42.0,594.0,84.0
2676,42.0,126.0,126.0,84.0,84.0,252.0,252.0,210.0
2677,42.0,84.0,328.0,258.0,168.0,42.0,168.0,294.0
2678,42.0,42.0,168.0,336.0,126.0,294.0,336.0,168.0
2679,42.0,126.0,42.0,294.0,168.0,42.0,168.0,294.0
2680,42.0,42.0,84.0,216.0,48.0,42.0,84.0,336.0
2681,42.0,42.0,126.0,126.0,252.0,84.0,210.0,168.0
2682,42.0,126.0,126.0,168.0,294.0,252.0,168.0,675.0
2683,42.0,168.0,384.0,168.0,84.0,300.0,546.0,294.0
2684,42.0,42.0,126.0,168.0,168.0,84.0,126.0,126.0
2685,28.0,90.0,84.0,168.0,84.0,336.0,420.0,294.0
2686,42.0,84.0,84.0,378.0,84.0,84.0,438.0,210.0
2687,42.0,42.0,42.0,462.0,252.0,210.0,549.0,504.0
2688,42.0,84.0,168.0,126.0,84.0,84.0,126.0,402.0
2689,42.0,210.0,210.0,387.0,84.0,678.0,84.0,252.0
2690,42.0,168.0,42.0,252.0,42.0,294.0,462.0,420.0
2691,42.0,84.0,84.0,210.0,168.0,126.0,90.0,84.0
2692,42.0,84.0,126.0,42.0,42.0,126.0,210.0,392.0
2693,42.0,126.0,168.0,42.0,42.0,252.0,168.0,168.0
2694,42.0,42.0,210.0,252.0,126.0,84.0,420.0,420.0
2695,42.0,84.0,84.0,210.0,42.0,210.0,168.0,384.0
2696,42.0,42.0,222.0,84.0,84.0,126.0,378.0,252.0
2697,42.0,42.0,84.0,210.0,252.0,126.0,168.0,420.0
2698,42.0,42.0,252.0,294.0,42.0,168.0,294.0,468.0
2699,42.0,42.0,252.0,126.0,126.0,168.0,168.0,378.0
2700,42.0,42.0,294.0,630.0,42.0,294.0,378.0,126.0
2701,42.0,84.0,126.0,84.0,84.0,126.0,42.0,42.0
2702,42.0,84.0,168.0,294.0,84.0,252.0,462.0,336.0
2703,42.0,42.0,126.0,168.0,42.0,336.0,504.0,378.0
2704,42.0,84.0,84.0,84.0,84.0,126.0,462.0,210.0
2705,42.0,42.0,84.0,126.0,84.0,294.0,42.0,336.0
2706,42.0,84.0,126.0,168.0,84.0,320.0,126.0,126.0
2707,42.0,42.0,42.0,294.0,126.0,168.0,210.0,420.0
2708,42.0,168.0,168.0,210.0,84.0,168.0,84.0,210.0
2709,42.0,84.0,233.0,210.0,126.0,210.0,252.0,294.0
2710,42.0,42.0,168.0,42.0,132.0,42.0,42.0,210.0
2711,42.0,126.0,210.0,210.0,42.0,294.0,342.0,84.0
2712,14.0,84.0,168.0,378.0,70.0,236.0,336.0,126.0
2713,42.0,210.0,174.0,294.0,42.0,84.0,407.0,336.0
2714,42.0,168.0,42.0,168.0,84.0,168.0,216.0,504.0
2715,42.0,42.0,126.0,210.0,84.0,252.0,336.0,490.0
2716,42.0,84.0,42.0,168.0,42.0,294.0,168.0,294.0
2717,42.0,84.0,42.0,168.0,210.0,210.0,336.0,306.0
2718,42.0,84.0,126.0,480.0,168.0,42.0,252.0,126.0
2719,42.0,126.0,168.0,42.0,42.0,168.0,378.0,420.0
2720,42.0,213.0,42.0,252.0,42.0,210.0,462.0,546.0
2721,42.0,42.0,42.0,252.0,42.0,252.0,168.0,168.0
2722,42.0,42.0,84.0,42.0,84.0,210.0,244.0,378.0
2723,14.0,210.0,210.0,210.0,84.0,168.0,42.0,294.0
2724,28.0,84.0,126.0,126.0,294.0,168.0,168.0,42.0
2725,42.0,84.0,294.0,258.0,84.0,126.0,168.0,420.0
2726,42.0,90.0,126.0,168.0,84.0,84.0,84.0,252.0
2727,42.0,84.0,252.0,84.0,171.0,213.0,84.0,252.0
2728,42.0,84.0,168.0,42.0,168.0,378.0,126.0,168.0
2729,42.0,84.0,126.0,126.0,42.0,336.0,126.0,510.0
2730,42.0,84.0,84.0,42.0,84.0,42.0,462.0,210.0
2731,42.0,84.0,252.0,42.0,42.0,216.0,168.0,462.0
2732,42.0,84.0,42.0,84.0,168.0,252.0,210.0,513.0
2733,42.0,168.0,84.0,84.0,126.0,168.0,294.0,252.0
2734,42.0,168.0,42.0,84.0,42.0,168.0,84.0,510.0
2735,84.0,168.0,126.0,168.0,42.0,42.0,84.0,462.0
2736,42.0,126.0,244.0,126.0,84.0,84.0,294.0,294.0
2737,42.0,84.0,168.0,210.0,84.0,84.0,252.0,462.0
2738,84.0,84.0,84.0,546.0,84.0,504.0,216.0,420.0
2739,42.0,42.0,168.0,210.0,14.0,168.0,210.0,168.0
2740,42.0,168.0,42.0,378.0,126.0,126.0,210.0,210.0
2741,42.0,210.0,210.0,336.0,42.0,252.0,174.0,84.0
2742,42.0,84.0,210.0,42.0,84.0,532.0,252.0,42.0
2743,42.0,84.0,42.0,168.0,126.0,168.0,336.0,342.0
2744,42.0,84.0,252.0,42.0,42.0,126.0,210.0,504.0
2745,42.0,112.0,84.0,84.0,90.0,210.0,168.0,294.0
2746,126.0,168.0,210.0,42.0,42.0,42.0,168.0,420.0
2747,42.0,42.0,42.0,126.0,168.0,210.0,168.0,84.0
2748,42.0,42.0,168.0,126.0,84.0,84.0,378.0,210.0
2749,126.0,126.0,252.0,126.0,126.0,126.0,126.0,336.0
2750,84.0,126.0,168.0,42.0,42.0,126.0,378.0,294.0
2751,42.0,168.0,210.0,255.0,42.0,378.0,294.0,126.0
2752,42.0,42.0,210.0,210.0,210.0,300.0,210.0,420.0
2753,42.0,84.0,84.0,378.0,42.0,210.0,336.0,678.0
2754,42.0,210.0,126.0,216.0,84.0,216.0,84.0,630.0
2755,42.0,42.0,210.0,84.0,84.0,336.0,504.0,210.0
2756,42.0,294.0,42.0,298.0,84.0,84.0,294.0,210.0
2757,48.0,42.0,336.0,168.0,210.0,224.0,126.0,336.0
2758,42.0,42.0,84.0,210.0,168.0,42.0,252.0,300.0
2759,126.0,42.0,84.0,210.0,252.0,84.0,420.0,252.0
2760,84.0,84.0,255.0,42.0,84.0,84.0,210.0,294.0
2761,42.0,42.0,210.0,168.0,42.0,210.0,168.0,336.0
2762,42.0,42.0,42.0,84.0,210.0,126.0,168.0,168.0
2763,42.0,42.0,168.0,336.0,84.0,126.0,420.0,252.0
2764,42.0,168.0,126.0,252.0,168.0,160.0,342.0,294.0
2765,42.0,126.0,236.0,42.0,42.0,84.0,126.0,420.0
2766,42.0,42.0,168.0,126.0,42.0,210.0,168.0,420.0
2767,84.0,42.0,252.0,252.0,126.0,126.0,168.0,378.0
2768,42.0,42.0,42.0,336.0,294.0,306.0,252.0,294.0
2769,42.0,42.0,210.0,210.0,42.0,126.0,252.0,801.0
2770,42.0,84.0,210.0,168.0,84.0,336.0,294.0,168.0
2771,42.0,194.0,294.0,210.0,126.0,258.0,294.0,168.0
2772,14.0,168.0,168.0,126.0,84.0,126.0,378.0,420.0
2773,84.0,126.0,42.0,252.0,126.0,336.0,84.0,294.0
2774,42.0,42.0,168.0,294.0,216.0,252.0,462.0,126.0
2775,42.0,126.0,126.0,362.0,84.0,84.0,213.0,738.0
2776,42.0,84.0,42.0,126.0,168.0,42.0,396.0,294.0
2777,42.0,84.0,42.0,168.0,42.0,210.0,210.0,336.0
2778,126.0,126.0,126.0,168.0,42.0,294.0,168.0,210.0
2779,42.0,42.0,126.0,126.0,42.0,168.0,294.0,126.0
2780,42.0,42.0,126.0,84.0,42.0,126.0,126.0,252.0
2781,42.0,42.0,210.0,420.0,42.0,384.0,384.0,42.0
2782,42.0,126.0,174.0,84.0,42.0,42.0,462.0,126.0
2783,42.0,90.0,42.0,168.0,84.0,168.0,294.0,588.0
2784,42.0,126.0,84.0,252.0,129.0,126.0,504.0,294.0
2785,42.0,42.0,126.0,126.0,84.0,336.0,252.0,336.0
2786,42.0,84.0,42.0,210.0,84.0,252.0,84.0,336.0
2787,42.0,42.0,84.0,168.0,252.0,56.0,126.0,300.0
2788,42.0,84.0,84.0,252.0,168.0,252.0,252.0,210.0
2789,42.0,42.0,126.0,210.0,42.0,252.0,42.0,336.0
2790,84.0,126.0,42.0,168.0,42.0,84.0,378.0,440.0
2791,42.0,132.0,126.0,168.0,174.0,252.0,42.0,210.0
2792,48.0,84.0,126.0,84.0,252.0,252.0,320.0,630.0
2793,42.0,84.0,294.0,407.0,42.0,420.0,216.0,84.0
2794,42.0,84.0,42.0,210.0,84.0,210.0,252.0,546.0
2795,42.0,168.0,294.0,252.0,42.0,300.0,210.0,42.0
2796,48.0,84.0,126.0,252.0,84.0,84.0,339.0,364.0
2797,84.0,84.0,168.0,126.0,84.0,294.0,588.0,504.0
2798,126.0,126.0,84.0,42.0,126.0,42.0,168.0,294.0
2799,42.0,168.0,132.0,84.0,126.0,168.0,336.0,294.0
2800,42.0,84.0,168.0,210.0,84.0,378.0,294.0,42.0
2801,84.0,42.0,168.0,378.0,42.0,84.0,210.0,336.0
2802,84.0,126.0,126.0,210.0,168.0,126.0,434.0,210.0
2803,42.0,168.0,84.0,210.0,168.0,210.0,168.0,252.0
2804,42.0,84.0,84.0,336.0,42.0,336.0,210.0,420.0
2805,42.0,84.0,126.0,168.0,126.0,171.0,462.0,84.0
2806,87.0,210.0,90.0,294.0,42.0,84.0,342.0,252.0
2807,42.0,126.0,126.0,84.0,84.0,84.0,126.0,462.0
2808,42.0,168.0,126.0,378.0,84.0,286.0,250.0,168.0
2809,42.0,42.0,126.0,210.0,84.0,42.0,574.0,126.0
2810,42.0,42.0,294.0,42.0,42.0,126.0,252.0,84.0
2811,42.0,84.0,42.0,378.0,126.0,126.0,252.0,168.0
2812,48.0,42.0,168.0,84.0,42.0,168.0,336.0,462.0
2813,48.0,84.0,252.0,168.0,84.0,210.0,462.0,762.0
2814,42.0,84.0,126.0,378.0,294.0,420.0,504.0,378.0
2815,42.0,42.0,252.0,294.0,216.0,252.0,420.0,126.0
2816,42.0,84.0,84.0,168.0,48.0,252.0,294.0,210.0
2817,42.0,42.0,84.0,126.0,84.0,84.0,168.0,210.0
2818,42.0,42.0,84.0,126.0,84.0,126.0,168.0,819.0
2819,84.0,84.0,84.0,168.0,126.0,84.0,84.0,168.0
2820,42.0,132.0,252.0,424.0,84.0,252.0,202.0,42.0
2821,42.0,42.0,42.0,42.0,42.0,672.0,126.0,168.0
2822,42.0,42.0,292.0,252.0,126.0,126.0,210.0,294.0
2823,42.0,42.0,252.0,84.0,90.0,126.0,294.0,510.0
2824,42.0,42.0,168.0,252.0,252.0,168.0,378.0,546.0
2825,42.0,42.0,42.0,168.0,168.0,549.0,252.0,378.0
2826,42.0,168.0,42.0,126.0,168.0,210.0,84.0,462.0
2827,42.0,42.0,168.0,252.0,168.0,42.0,336.0,84.0
2828,84.0,84.0,168.0,210.0,126.0,420.0,378.0,426.0
2829,42.0,42.0,297.0,294.0,84.0,420.0,294.0,420.0
2830,42.0,42.0,210.0,294.0,42.0,244.0,42.0,210.0
2831,84.0,84.0,252.0,168.0,84.0,126.0,420.0,210.0
2832,42.0,168.0,126.0,168.0,42.0,84.0,168.0,42.0
2833,126.0,252.0,168.0,216.0,42.0,168.0,168.0,252.0
2834,42.0,84.0,168.0,210.0,42.0,42.0,252.0,168.0
2835,42.0,126.0,42.0,42.0,168.0,168.0,294.0,294.0
2836,42.0,42.0,84.0,126.0,42.0,210.0,126.0,294.0
2837,42.0,42.0,126.0,126.0,84.0,84.0,546.0,588.0
2838,48.0,168.0,168.0,42.0,42.0,210.0,252.0,210.0
2839,42.0,168.0,84.0,42.0,42.0,84.0,294.0,546.0
2840,42.0,168.0,168.0,168.0,84.0,294.0,174.0,210.0
2841,42.0,84.0,168.0,336.0,42.0,42.0,126.0,522.0
2842,42.0,42.0,42.0,168.0,84.0,42.0,320.0,420.0
2843,42.0,84.0,168.0,168.0,126.0,446.0,126.0,420.0
2844,84.0,42.0,84.0,84.0,42.0,84.0,42.0,471.0
2845,42.0,84.0,252.0,252.0,42.0,126.0,210.0,882.0
2846,42.0,236.0,210.0,126.0,42.0,126.0,336.0,294.0
2847,42.0,126.0,42.0,84.0,48.0,42.0,462.0,168.0
2848,42.0,168.0,126.0,126.0,14.0,252.0,252.0,168.0
2849,42.0,126.0,126.0,42.0,42.0,168.0,336.0,420.0
2850,42.0,42.0,174.0,426.0,84.0,294.0,252.0,420.0
2851,42.0,42.0,42.0,252.0,42.0,252.0,552.0,210.0
2852,42.0,210.0,126.0,126.0,126.0,42.0,210.0,210.0
2853,42.0,126.0,168.0,210.0,126.0,210.0,294.0,126.0
2854,42.0,84.0,84.0,210.0,70.0,84.0,549.0,546.0
2855,84.0,174.0,168.0,210.0,84.0,252.0,342.0,504.0
2856,42.0,126.0,84.0,168.0,42.0,42.0,42.0,210.0
2857,84.0,84.0,84.0,552.0,126.0,126.0,210.0,168.0
2858,42.0,42.0,126.0,378.0,84.0,84.0,126.0,168.0
2859,42.0,42.0,42.0,42.0,126.0,210.0,84.0,126.0
2860,42.0,42.0,168.0,126.0,42.0,168.0,252.0,336.0
2861,84.0,126.0,42.0,126.0,42.0,384.0,252.0,420.0
2862,42.0,84.0,294.0,168.0,154.0,210.0,210.0,168.0
2863,42.0,126.0,320.0,168.0,126.0,210.0,588.0,252.0
2864,42.0,252.0,42.0,126.0,132.0,252.0,210.0,42.0
2865,42.0,168.0,168.0,294.0,84.0,42.0,378.0,252.0
2866,42.0,210.0,126.0,396.0,126.0,84.0,210.0,378.0
2867,42.0,126.0,126.0,126.0,42.0,168.0,42.0,336.0
2868,84.0,84.0,252.0,42.0,252.0,168.0,462.0,378.0
2869,42.0,252.0,126.0,294.0,84.0,168.0,546.0,210.0
2870,42.0,42.0,126.0,168.0,42.0,126.0,42.0,510.0
2871,42.0,84.0,126.0,168.0,84.0,210.0,84.0,84.0
2872,28.0,84.0,210.0,126.0,84.0,84.0,210.0,84.0
2873,42.0,168.0,174.0,336.0,126.0,126.0,252.0,294.0
2874,84.0,126.0,126.0,126.0,126.0,294.0,588.0,432.0
2875,42.0,42.0,126.0,252.0,84.0,258.0,126.0,222.0
2876,42.0,84.0,84.0,84.0,84.0,126.0,342.0,210.0
2877,42.0,42.0,84.0,210.0,84.0,216.0,336.0,210.0
2878,42.0,42.0,252.0,294.0,168.0,84.0,126.0,252.0
2879,42.0,84.0,126.0,168.0,84.0,126.0,42.0,336.0
2880,42.0,42.0,84.0,168.0,48.0,126.0,126.0,258.0
2881,42.0,132.0,42.0,168.0,84.0,378.0,210.0,210.0
2882,42.0,42.0,168.0,210.0,194.0,126.0,252.0,420.0
2883,42.0,171.0,126.0,336.0,42.0,252.0,785.0,168.0
2884,42.0,84.0,126.0,168.0,126.0,132.0,210.0,210.0
2885,42.0,252.0,210.0,252.0,42.0,126.0,210.0,294.0
2886,42.0,126.0,210.0,462.0,84.0,84.0,126.0,252.0
2887,42.0,84.0,42.0,42.0,84.0,42.0,210.0,420.0
2888,42.0,42.0,126.0,339.0,42.0,126.0,252.0,252.0
2889,42.0,126.0,168.0,42.0,126.0,168.0,294.0,381.0
2890,42.0,126.0,84.0,168.0,42.0,84.0,210.0,252.0
2891,42.0,42.0,210.0,210.0,84.0,84.0,126.0,168.0
2892,42.0,42.0,210.0,84.0,42.0,294.0,382.0,42.0
2893,42.0,84.0,168.0,126.0,42.0,227.0,210.0,210.0
2894,42.0,126.0,546.0,126.0,84.0,210.0,336.0,210.0
2895,42.0,42.0,126.0,174.0,42.0,294.0,252.0,504.0
2896,42.0,126.0,126.0,252.0,126.0,252.0,126.0,339.0
2897,42.0,42.0,126.0,42.0,84.0,42.0,336.0,210.0
2898,42.0,126.0,126.0,126.0,42.0,42.0,42.0,294.0
2899,42.0,126.0,210.0,126.0,42.0,42.0,126.0,168.0
2900,42.0,202.0,42.0,42.0,42.0,126.0,168.0,336.0
2901,42.0,42.0,168.0,84.0,42.0,84.0,168.0,462.0
2902,42.0,42.0,126.0,126.0,42.0,126.0,42.0,210.0
2903,42.0,42.0,210.0,168.0,126.0,168.0,126.0,336.0
2904,42.0,42.0,168.0,210.0,42.0,168.0,252.0,210.0
2905,42.0,42.0,42.0,84.0,126.0,168.0,126.0,168.0
2906,42.0,84.0,168.0,168.0,126.0,168.0,84.0,546.0
2907,42.0,84.0,168.0,294.0,84.0,126.0,420.0,210.0
2908,42.0,42.0,42.0,252.0,171.0,84.0,84.0,252.0
2909,42.0,84.0,84.0,510.0,84.0,594.0,126.0,376.0
2910,42.0,84.0,84.0,126.0,168.0,126.0,294.0,420.0
2911,42.0,126.0,420.0,210.0,126.0,84.0,336.0,588.0
2912,42.0,48.0,126.0,84.0,132.0,126.0,210.0,168.0
2913,42.0,210.0,320.0,294.0,42.0,126.0,294.0,294.0
2914,42.0,42.0,252.0,418.0,42.0,126.0,84.0,252.0
2915,42.0,126.0,168.0,168.0,84.0,84.0,378.0,336.0
2916,42.0,42.0,84.0,168.0,42.0,210.0,168.0,420.0
2917,42.0,42.0,42.0,210.0,84.0,126.0,656.0,252.0
2918,42.0,42.0,174.0,546.0,84.0,84.0,84.0,468.0
2919,42.0,126.0,252.0,84.0,252.0,210.0,294.0,126.0
2920,42.0,84.0,42.0,126.0,84.0,210.0,294.0,252.0
2921,42.0,126.0,294.0,168.0,168.0,84.0,378.0,336.0
2922,42.0,42.0,126.0,252.0,84.0,168.0,210.0,300.0
2923,42.0,42.0,168.0,42.0,168.0,84.0,42.0,336.0
2924,42.0,84.0,252.0,252.0,42.0,42.0,294.0,252.0
2925,42.0,42.0,168.0,168.0,90.0,84.0,294.0,378.0
2926,42.0,84.0,84.0,84.0,84.0,126.0,286.0,84.0
2927,42.0,84.0,42.0,258.0,84.0,84.0,462.0,362.0
2928,42.0,42.0,210.0,84.0,126.0,168.0,168.0,294.0
2929,42.0,84.0,297.0,378.0,84.0,42.0,126.0,84.0
2930,42.0,42.0,84.0,210.0,42.0,42.0,210.0,168.0
2931,42.0,126.0,168.0,336.0,42.0,208.0,210.0,84.0
2932,42.0,42.0,84.0,210.0,42.0,42.0,336.0,672.0
2933,42.0,42.0,84.0,210.0,42.0,672.0,42.0,420.0
2934,42.0,126.0,42.0,210.0,84.0,42.0,222.0,504.0
2935,42.0,84.0,84.0,168.0,84.0,378.0,426.0,42.0
2936,42.0,84.0,258.0,339.0,42.0,846.0,126.0,378.0
2937,42.0,84.0,84.0,168.0,42.0,210.0,42.0,42.0
2938,42.0,168.0,252.0,42.0,84.0,210.0,252.0,252.0
2939,42.0,118.0,90.0,294.0,42.0,126.0,84.0,294.0
2940,42.0,84.0,168.0,42.0,84.0,336.0,42.0,252.0
2941,42.0,126.0,126.0,126.0,42.0,42.0,168.0,510.0
2942,42.0,168.0,126.0,168.0,252.0,210.0,420.0,264.0
2943,14.0,84.0,336.0,252.0,84.0,42.0,378.0,252.0
2944,42.0,42.0,126.0,252.0,84.0,132.0,126.0,294.0
2945,42.0,84.0,84.0,84.0,84.0,168.0,294.0,336.0
2946,42.0,42.0,84.0,168.0,84.0,336.0,252.0,210.0
2947,42.0,210.0,126.0,126.0,42.0,294.0,42.0,294.0
2948,42.0,126.0,42.0,168.0,126.0,252.0,210.0,126.0
2949,42.0,42.0,84.0,42.0,126.0,42.0,381.0,294.0
2950,42.0,42.0,126.0,168.0,126.0,42.0,84.0,168.0
2951,42.0,168.0,126.0,252.0,42.0,252.0,252.0,168.0
2952,28.0,84.0,42.0,84.0,84.0,126.0,420.0,294.0
2953,42.0,126.0,84.0,42.0,126.0,546.0,294.0,168.0
2954,42.0,84.0,126.0,42.0,84.0,126.0,84.0,294.0
2955,42.0,126.0,42.0,126.0,84.0,210.0,504.0,334.0
2956,42.0,84.0,202.0,210.0,42.0,126.0,294.0,42.0
2957,42.0,42.0,84.0,84.0,42.0,210.0,294.0,252.0
2958,42.0,210.0,126.0,84.0,42.0,378.0,336.0,294.0
2959,42.0,126.0,126.0,362.0,168.0,84.0,294.0,336.0
2960,42.0,252.0,84.0,42.0,42.0,168.0,294.0,42.0
2961,42.0,42.0,42.0,294.0,42.0,168.0,294.0,126.0
2962,42.0,42.0,42.0,126.0,42.0,42.0,258.0,84.0
2963,84.0,168.0,42.0,168.0,42.0,168.0,84.0,420.0
2964,42.0,42.0,196.0,168.0,210.0,294.0,336.0,443.0
2965,84.0,84.0,126.0,168.0,84.0,174.0,168.0,378.0
2966,42.0,168.0,168.0,339.0,42.0,84.0,693.0,462.0
2967,42.0,294.0,168.0,42.0,168.0,84.0,210.0,336.0
2968,42.0,84.0,252.0,252.0,84.0,84.0,84.0,210.0
2969,42.0,126.0,168.0,210.0,42.0,126.0,546.0,42.0
2970,42.0,42.0,258.0,336.0,84.0,126.0,378.0,336.0
2971,42.0,84.0,210.0,454.0,126.0,294.0,252.0,210.0
2972,42.0,171.0,168.0,168.0,84.0,42.0,462.0,468.0
2973,126.0,126.0,168.0,210.0,70.0,84.0,294.0,168.0
2974,42.0,126.0,42.0,294.0,126.0,328.0,126.0,84.0
2975,42.0,84.0,84.0,42.0,14.0,252.0,126.0,252.0
2976,42.0,168.0,378.0,168.0,126.0,168.0,294.0,328.0
2977,42.0,42.0,168.0,84.0,42.0,336.0,384.0,168.0
2978,42.0,42.0,294.0,168.0,84.0,168.0,294.0,294.0
2979,42.0,84.0,126.0,252.0,84.0,84.0,258.0,126.0
2980,42.0,42.0,84.0,378.0,336.0,168.0,462.0,180.0
2981,42.0,84.0,84.0,126.0,126.0,84.0,84.0,294.0
2982,42.0,42.0,252.0,504.0,84.0,126.0,504.0,336.0
2983,48.0,126.0,84.0,168.0,42.0,216.0,210.0,42.0
2984,42.0,84.0,84.0,210.0,84.0,168.0,42.0,294.0
2985,126.0,168.0,168.0,168.0,168.0,42.0,252.0,546.0
2986,42.0,42.0,252.0,252.0,42.0,252.0,504.0,210.0
2987,84.0,42.0,168.0,168.0,126.0,378.0,168.0,210.0
2988,84.0,126.0,84.0,42.0,90.0,84.0,378.0,294.0
2989,42.0,132.0,126.0,336.0,42.0,126.0,504.0,339.0
2990,84.0,126.0,168.0,42.0,42.0,84.0,210.0,84.0
2991,126.0,84.0,84.0,42.0,84.0,294.0,308.0,126.0
2992,42.0,84.0,126.0,126.0,252.0,42.0,630.0,630.0
2993,48.0,84.0,252.0,252.0,42.0,306.0,210.0,168.0
2994,42.0,42.0,210.0,368.0,210.0,42.0,84.0,504.0
2995,84.0,126.0,168.0,126.0,126.0,126.0,42.0,210.0
2996,126.0,90.0,84.0,294.0,129.0,210.0,168.0,84.0
2997,84.0,42.0,168.0,168.0,84.0,84.0,420.0,252.0
2998,42.0,252.0,84.0,84.0,210.0,168.0,252.0,210.0
2999,42.0,84.0,42.0,168.0,42.0,420.0,168.0,336.0
3000,84.0,42.0,126.0,420.0,210.0,84.0,378.0,168.0
3001,42.0,210.0,210.0,210.0,42.0,168.0,84.0,294.0
3002,42.0,126.0,160.0,174.0,378.0,359.0,546.0,378.0
3003,42.0,84.0,213.0,42.0,126.0,126.0,438.0,252.0
3004,42.0,126.0,42.0,126.0,84.0,84.0,336.0,462.0
3005,42.0,84.0,210.0,168.0,84.0,168.0,252.0,378.0
3006,84.0,42.0,84.0,42.0,126.0,168.0,378.0,294.0
3007,42.0,42.0,42.0,258.0,84.0,294.0,84.0,126.0
3008,42.0,84.0,126.0,84.0,42.0,210.0,462.0,168.0
3009,42.0,42.0,42.0,252.0,84.0,252.0,84.0,168.0
3010,84.0,42.0,42.0,168.0,42.0,336.0,294.0,210.0
3011,42.0,84.0,84.0,252.0,84.0,84.0,210.0,126.0
3012,42.0,42.0,210.0,126.0,42.0,294.0,126.0,614.0
3013,42.0,126.0,168.0,84.0,42.0,168.0,252.0,588.0
3014,42.0,126.0,126.0,84.0,42.0,42.0,42.0,378.0
3015,42.0,42.0,42.0,168.0,168.0,255.0,546.0,168.0
3016,48.0,126.0,126.0,168.0,126.0,84.0,84.0,84.0
3017,42.0,168.0,84.0,168.0,42.0,258.0,574.0,462.0
3018,42.0,84.0,210.0,168.0,126.0,252.0,168.0,378.0
3019,42.0,42.0,126.0,252.0,42.0,42.0,42.0,168.0
3020,42.0,126.0,132.0,84.0,126.0,84.0,687.0,294.0
3021,42.0,84.0,42.0,210.0,84.0,84.0,252.0,42.0
3022,42.0,174.0,126.0,168.0,42.0,126.0,174.0,252.0
3023,42.0,42.0,84.0,168.0,84.0,252.0,168.0,426.0
3024,126.0,42.0,126.0,84.0,168.0,168.0,126.0,378.0
3025,42.0,126.0,210.0,252.0,84.0,126.0,672.0,126.0
3026,42.0,126.0,174.0,210.0,42.0,168.0,126.0,252.0
3027,84.0,42.0,236.0,468.0,84.0,420.0,336.0,210.0
3028,42.0,42.0,168.0,252.0,42.0,168.0,420.0,168.0
3029,42.0,42.0,126.0,210.0,84.0,216.0,168.0,252.0
3030,42.0,42.0,210.0,336.0,84.0,126.0,84.0,294.0
3031,42.0,90.0,42.0,84.0,42.0,294.0,378.0,42.0
3032,42.0,84.0,168.0,84.0,126.0,84.0,252.0,168.0
3033,42.0,126.0,350.0,210.0,126.0,168.0,633.0,252.0
3034,42.0,42.0,126.0,42.0,84.0,42.0,168.0,210.0
3035,42.0,42.0,42.0,378.0,126.0,126.0,168.0,303.0
3036,87.0,104.0,42.0,252.0,84.0,42.0,294.0,42.0
3037,42.0,126.0,42.0,339.0,84.0,84.0,636.0,378.0
3038,42.0,84.0,84.0,210.0,42.0,168.0,84.0,294.0
3039,42.0,84.0,126.0,210.0,126.0,294.0,210.0,504.0
3040,42.0,42.0,126.0,294.0,56.0,216.0,42.0,210.0
3041,42.0,84.0,252.0,168.0,126.0,126.0,174.0,342.0
3042,42.0,42.0,168.0,168.0,84.0,168.0,336.0,252.0
3043,84.0,126.0,278.0,168.0,84.0,84.0,126.0,294.0
3044,42.0,84.0,84.0,168.0,126.0,210.0,84.0,252.0
3045,42.0,42.0,168.0,294.0,126.0,294.0,294.0,420.0
3046,42.0,126.0,84.0,292.0,84.0,438.0,84.0,378.0
3047,42.0,42.0,168.0,42.0,42.0,168.0,168.0,210.0
3048,42.0,42.0,258.0,168.0,168.0,168.0,84.0,84.0
3049,42.0,168.0,378.0,84.0,84.0,294.0,378.0,396.0
3050,42.0,84.0,42.0,336.0,42.0,126.0,126.0,588.0
3051,42.0,126.0,42.0,362.0,90.0,336.0,42.0,336.0
3052,42.0,168.0,42.0,168.0,84.0,42.0,84.0,336.0
3053,42.0,42.0,84.0,168.0,90.0,168.0,504.0,252.0
3054,42.0,168.0,210.0,126.0,84.0,336.0,168.0,258.0
3055,42.0,168.0,210.0,252.0,42.0,168.0,252.0,546.0
3056,48.0,42.0,126.0,42.0,42.0,252.0,252.0,252.0
3057,42.0,210.0,252.0,84.0,126.0,420.0,252.0,504.0
3058,42.0,210.0,126.0,252.0,84.0,294.0,336.0,42.0
3059,84.0,84.0,84.0,168.0,42.0,252.0,42.0,432.0
3060,84.0,84.0,168.0,42.0,42.0,42.0,570.0,420.0
3061,84.0,42.0,210.0,42.0,126.0,168.0,84.0,42.0
3062,42.0,252.0,168.0,84.0,84.0,126.0,126.0,42.0
3063,84.0,84.0,420.0,126.0,84.0,362.0,168.0,588.0
3064,84.0,168.0,126.0,168.0,84.0,168.0,504.0,378.0
3065,126.0,84.0,252.0,168.0,42.0,84.0,168.0,378.0
3066,42.0,84.0,168.0,252.0,84.0,126.0,420.0,252.0
3067,48.0,42.0,42.0,126.0,90.0,420.0,672.0,294.0
3068,42.0,168.0,168.0,210.0,84.0,126.0,126.0,168.0
3069,42.0,126.0,210.0,126.0,84.0,210.0,84.0,252.0
3070,42.0,42.0,168.0,42.0,84.0,294.0,336.0,300.0
3071,42.0,42.0,336.0,126.0,126.0,252.0,168.0,617.0
3072,42.0,84.0,42.0,252.0,168.0,84.0,168.0,84.0
3073,42.0,42.0,84.0,462.0,168.0,126.0,252.0,294.0
3074,42.0,84.0,42.0,252.0,126.0,294.0,168.0,210.0
3075,42.0,84.0,84.0,126.0,174.0,210.0,42.0,84.0
3076,42.0,126.0,336.0,258.0,84.0,84.0,126.0,126.0
3077,42.0,168.0,160.0,42.0,210.0,126.0,42.0,252.0
3078,42.0,168.0,42.0,168.0,42.0,84.0,532.0,378.0
3079,42.0,126.0,126.0,180.0,42.0,168.0,252.0,126.0
3080,42.0,84.0,84.0,168.0,42.0,252.0,420.0,294.0
3081,42.0,168.0,213.0,84.0,84.0,252.0,252.0,126.0
3082,48.0,210.0,42.0,168.0,48.0,84.0,210.0,126.0
3083,42.0,42.0,42.0,294.0,42.0,378.0,84.0,84.0
3084,42.0,42.0,42.0,126.0,196.0,216.0,126.0,126.0
3085,42.0,42.0,126.0,210.0,42.0,168.0,168.0,420.0
3086,42.0,42.0,42.0,504.0,42.0,42.0,297.0,126.0
3087,42.0,84.0,126.0,378.0,42.0,84.0,336.0,84.0
3088,42.0,42.0,126.0,210.0,126.0,126.0,126.0,210.0
3089,42.0,84.0,168.0,42.0,42.0,42.0,126.0,210.0
3090,42.0,126.0,168.0,210.0,42.0,294.0,84.0,420.0
3091,84.0,168.0,42.0,210.0,42.0,210.0,210.0,210.0
3092,42.0,42.0,126.0,168.0,168.0,168.0,378.0,448.0
3093,42.0,126.0,126.0,378.0,42.0,84.0,210.0,84.0
3094,42.0,84.0,336.0,378.0,42.0,168.0,294.0,454.0
3095,42.0,126.0,210.0,168.0,168.0,126.0,168.0,210.0
3096,42.0,42.0,132.0,42.0,42.0,322.0,168.0,294.0
3097,42.0,42.0,126.0,210.0,84.0,252.0,210.0,210.0
3098,42.0,168.0,84.0,42.0,210.0,42.0,210.0,407.0
3099,42.0,84.0,126.0,339.0,42.0,138.0,168.0,252.0
3100,42.0,168.0,84.0,252.0,42.0,213.0,294.0,294.0
3101,84.0,42.0,132.0,210.0,84.0,42.0,210.0,252.0
3102,42.0,171.0,84.0,252.0,42.0,168.0,474.0,126.0
3103,42.0,126.0,126.0,84.0,42.0,126.0,378.0,168.0
3104,42.0,84.0,168.0,84.0,168.0,216.0,336.0,378.0
3105,42.0,84.0,126.0,252.0,126.0,252.0,168.0,378.0
3106,42.0,42.0,42.0,454.0,252.0,210.0,504.0,42.0
3107,42.0,42.0,126.0,384.0,42.0,252.0,126.0,462.0
3108,42.0,236.0,126.0,126.0,42.0,252.0,84.0,126.0
3109,42.0,84.0,42.0,126.0,84.0,84.0,308.0,294.0
3110,42.0,42.0,210.0,168.0,42.0,336.0,462.0,210.0
3111,42.0,84.0,84.0,210.0,42.0,252.0,294.0,504.0
3112,42.0,84.0,126.0,252.0,42.0,42.0,84.0,630.0
3113,42.0,84.0,84.0,168.0,48.0,126.0,168.0,264.0
3114,42.0,126.0,252.0,42.0,42.0,84.0,270.0,420.0
3115,42.0,210.0,42.0,42.0,42.0,42.0,126.0,504.0
3116,42.0,132.0,174.0,336.0,42.0,252.0,84.0,126.0
3117,42.0,42.0,210.0,168.0,126.0,84.0,504.0,168.0
3118,42.0,168.0,42.0,252.0,90.0,126.0,216.0,126.0
3119,42.0,42.0,252.0,336.0,42.0,168.0,210.0,210.0
3120,42.0,84.0,84.0,84.0,84.0,252.0,168.0,504.0
3121,42.0,174.0,168.0,252.0,84.0,294.0,294.0,216.0
3122,42.0,42.0,210.0,168.0,84.0,126.0,84.0,126.0
3123,42.0,126.0,294.0,42.0,42.0,210.0,168.0,378.0
3124,42.0,42.0,42.0,126.0,84.0,168.0,404.0,210.0
3125,42.0,252.0,168.0,168.0,42.0,84.0,378.0,294.0
3126,42.0,42.0,168.0,42.0,42.0,84.0,84.0,336.0
3127,42.0,90.0,216.0,362.0,126.0,84.0,84.0,168.0
3128,42.0,42.0,126.0,42.0,84.0,168.0,336.0,336.0
3129,42.0,84.0,126.0,126.0,126.0,126.0,210.0,294.0
3130,42.0,42.0,168.0,168.0,210.0,126.0,42.0,294.0
3131,42.0,126.0,84.0,168.0,42.0,294.0,210.0,168.0
3132,42.0,42.0,252.0,84.0,48.0,336.0,258.0,42.0
3133,42.0,42.0,210.0,126.0,84.0,42.0,84.0,210.0
3134,42.0,42.0,84.0,42.0,126.0,84.0,42.0,378.0
3135,42.0,84.0,42.0,126.0,84.0,84.0,294.0,294.0
3136,42.0,42.0,84.0,168.0,252.0,252.0,378.0,546.0
3137,42.0,42.0,126.0,168.0,84.0,84.0,210.0,252.0
3138,42.0,42.0,168.0,168.0,42.0,252.0,168.0,294.0
3139,42.0,210.0,126.0,462.0,126.0,294.0,504.0,210.0
3140,42.0,84.0,252.0,252.0,84.0,527.0,210.0,210.0
3141,42.0,84.0,174.0,42.0,168.0,42.0,126.0,378.0
3142,42.0,84.0,84.0,210.0,84.0,300.0,210.0,126.0
3143,42.0,84.0,168.0,294.0,84.0,210.0,210.0,252.0
3144,42.0,84.0,213.0,84.0,126.0,84.0,334.0,504.0
3145,42.0,126.0,252.0,252.0,252.0,294.0,252.0,376.0
3146,42.0,126.0,84.0,168.0,42.0,420.0,168.0,42.0
3147,42.0,84.0,42.0,42.0,42.0,252.0,504.0,336.0
3148,42.0,42.0,84.0,264.0,42.0,378.0,42.0,378.0
3149,42.0,84.0,42.0,252.0,126.0,168.0,462.0,252.0
3150,42.0,126.0,84.0,210.0,42.0,294.0,294.0,504.0
3151,42.0,84.0,126.0,210.0,42.0,168.0,126.0,420.0
3152,42.0,42.0,168.0,84.0,42.0,42.0,210.0,546.0
3153,42.0,84.0,126.0,294.0,42.0,252.0,126.0,210.0
3154,42.0,42.0,42.0,126.0,42.0,294.0,588.0,294.0
3155,42.0,42.0,168.0,210.0,168.0,42.0,168.0,462.0
3156,42.0,84.0,168.0,210.0,252.0,42.0,168.0,491.0
3157,42.0,42.0,252.0,210.0,42.0,42.0,462.0,462.0
3158,42.0,42.0,168.0,210.0,84.0,336.0,504.0,258.0
3159,42.0,42.0,462.0,126.0,84.0,126.0,294.0,210.0
3160,42.0,84.0,168.0,84.0,126.0,126.0,168.0,336.0
3161,42.0,42.0,84.0,252.0,42.0,760.0,168.0,420.0
3162,42.0,118.0,42.0,294.0,42.0,126.0,84.0,294.0
3163,42.0,168.0,168.0,294.0,126.0,168.0,171.0,468.0
3164,42.0,168.0,294.0,42.0,84.0,126.0,168.0,252.0
3165,42.0,84.0,42.0,210.0,84.0,336.0,252.0,210.0
3166,42.0,252.0,126.0,252.0,84.0,168.0,252.0,336.0
3167,14.0,42.0,126.0,84.0,168.0,294.0,216.0,336.0
3168,42.0,132.0,210.0,252.0,126.0,462.0,84.0,210.0
3169,42.0,42.0,168.0,168.0,42.0,42.0,210.0,210.0
3170,42.0,126.0,84.0,42.0,28.0,252.0,210.0,570.0
3171,42.0,126.0,126.0,210.0,84.0,294.0,454.0,336.0
3172,42.0,126.0,126.0,384.0,84.0,300.0,378.0,588.0
3173,42.0,42.0,168.0,210.0,84.0,210.0,336.0,84.0
3174,42.0,42.0,84.0,84.0,84.0,168.0,378.0,378.0
3175,42.0,84.0,126.0,84.0,42.0,168.0,294.0,462.0
3176,42.0,126.0,84.0,126.0,84.0,420.0,297.0,616.0
3177,28.0,210.0,168.0,336.0,84.0,210.0,168.0,252.0
3178,42.0,42.0,244.0,168.0,126.0,294.0,168.0,210.0
3179,14.0,84.0,42.0,42.0,126.0,168.0,168.0,252.0
3180,28.0,152.0,42.0,328.0,42.0,210.0,42.0,588.0
3181,42.0,84.0,168.0,126.0,42.0,42.0,126.0,168.0
3182,42.0,168.0,252.0,84.0,126.0,84.0,210.0,336.0
3183,42.0,42.0,84.0,252.0,84.0,84.0,252.0,294.0
3184,42.0,84.0,126.0,210.0,168.0,210.0,168.0,378.0
3185,42.0,126.0,90.0,168.0,42.0,42.0,294.0,504.0
3186,42.0,126.0,230.0,174.0,42.0,168.0,252.0,168.0
3187,42.0,174.0,84.0,42.0,84.0,126.0,348.0,294.0
3188,42.0,168.0,168.0,317.0,42.0,168.0,210.0,210.0
3189,42.0,210.0,84.0,336.0,84.0,252.0,174.0,42.0
3190,42.0,168.0,42.0,252.0,168.0,168.0,168.0,168.0
3191,42.0,126.0,42.0,126.0,84.0,252.0,210.0,300.0
3192,42.0,42.0,126.0,294.0,90.0,252.0,462.0,294.0
3193,42.0,42.0,90.0,252.0,126.0,168.0,168.0,546.0
3194,42.0,42.0,168.0,126.0,42.0,255.0,126.0,168.0
3195,42.0,168.0,168.0,252.0,126.0,84.0,126.0,266.0
3196,42.0,84.0,126.0,168.0,42.0,294.0,168.0,252.0
3197,84.0,168.0,168.0,126.0,84.0,84.0,294.0,168.0
3198,126.0,84.0,168.0,168.0,126.0,336.0,126.0,84.0
3199,42.0,168.0,210.0,222.0,42.0,252.0,210.0,339.0
3200,42.0,84.0,126.0,294.0,84.0,126.0,336.0,126.0
3201,42.0,42.0,294.0,126.0,84.0,168.0,84.0,216.0
3202,42.0,84.0,210.0,420.0,42.0,42.0,210.0,126.0
3203,42.0,84.0,42.0,42.0,126.0,84.0,168.0,672.0
3204,42.0,42.0,168.0,210.0,42.0,294.0,336.0,252.0
3205,42.0,84.0,168.0,294.0,129.0,84.0,252.0,126.0
3206,84.0,42.0,84.0,84.0,42.0,42.0,42.0,210.0
3207,42.0,42.0,202.0,294.0,84.0,168.0,504.0,210.0
3208,42.0,42.0,84.0,168.0,84.0,126.0,252.0,294.0
3209,42.0,42.0,42.0,168.0,62.0,84.0,336.0,378.0
3210,42.0,84.0,210.0,252.0,84.0,168.0,476.0,174.0
3211,42.0,126.0,378.0,168.0,126.0,252.0,222.0,546.0
3212,84.0,84.0,84.0,126.0,126.0,210.0,336.0,336.0
3213,84.0,42.0,84.0,252.0,90.0,42.0,126.0,210.0
3214,42.0,126.0,126.0,294.0,42.0,252.0,462.0,210.0
3215,42.0,84.0,42.0,168.0,70.0,168.0,630.0,126.0
3216,42.0,42.0,42.0,294.0,56.0,90.0,294.0,210.0
3217,126.0,168.0,42.0,255.0,126.0,174.0,294.0,252.0
3218,42.0,126.0,84.0,84.0,168.0,126.0,284.0,336.0
3219,126.0,126.0,168.0,336.0,126.0,168.0,126.0,252.0
3220,42.0,42.0,126.0,42.0,42.0,42.0,210.0,510.0
3221,42.0,244.0,168.0,210.0,42.0,258.0,168.0,462.0
3222,42.0,84.0,168.0,216.0,42.0,126.0,840.0,126.0
3223,42.0,168.0,126.0,210.0,42.0,126.0,216.0,210.0
3224,126.0,84.0,168.0,252.0,84.0,42.0,538.0,252.0
3225,42.0,126.0,42.0,168.0,168.0,210.0,210.0,42.0
3226,42.0,42.0,168.0,42.0,126.0,42.0,210.0,84.0
3227,84.0,126.0,42.0,84.0,210.0,42.0,294.0,504.0
3228,42.0,42.0,213.0,216.0,42.0,126.0,462.0,252.0
3229,42.0,210.0,126.0,252.0,42.0,210.0,210.0,168.0
3230,42.0,42.0,168.0,210.0,42.0,294.0,588.0,294.0
3231,84.0,126.0,252.0,210.0,84.0,84.0,378.0,462.0
3232,42.0,84.0,168.0,294.0,126.0,84.0,336.0,210.0
3233,42.0,168.0,126.0,42.0,42.0,84.0,507.0,252.0
3234,42.0,84.0,84.0,126.0,126.0,378.0,42.0,210.0
3235,42.0,42.0,126.0,210.0,42.0,438.0,168.0,210.0
3236,42.0,84.0,252.0,42.0,42.0,210.0,426.0,504.0
3237,42.0,42.0,210.0,252.0,42.0,42.0,420.0,168.0
3238,42.0,84.0,126.0,42.0,90.0,294.0,126.0,491.0
3239,42.0,126.0,42.0,168.0,210.0,126.0,588.0,210.0
3240,126.0,42.0,252.0,84.0,210.0,126.0,336.0,126.0
3241,42.0,126.0,126.0,84.0,84.0,294.0,126.0,334.0
3242,42.0,84.0,42.0,168.0,84.0,252.0,42.0,454.0
3243,42.0,42.0,420.0,168.0,84.0,42.0,168.0,210.0
3244,42.0,84.0,126.0,126.0,42.0,252.0,84.0,252.0
3245,42.0,126.0,336.0,294.0,84.0,168.0,336.0,210.0
3246,28.0,42.0,126.0,252.0,210.0,252.0,462.0,126.0
3247,42.0,42.0,84.0,306.0,84.0,126.0,210.0,210.0
3248,42.0,84.0,210.0,168.0,168.0,84.0,84.0,294.0
3249,84.0,42.0,126.0,168.0,210.0,42.0,354.0,216.0
3250,42.0,171.0,258.0,294.0,84.0,84.0,342.0,126.0
3251,42.0,42.0,42.0,210.0,84.0,84.0,168.0,407.0
3252,84.0,84.0,126.0,210.0,42.0,252.0,252.0,294.0
3253,42.0,42.0,168.0,168.0,84.0,126.0,126.0,378.0
3254,42.0,84.0,84.0,168.0,126.0,42.0,252.0,210.0
3255,42.0,42.0,320.0,378.0,42.0,378.0,210.0,294.0
3256,42.0,168.0,42.0,210.0,84.0,236.0,420.0,336.0
3257,42.0,84.0,210.0,84.0,378.0,336.0,336.0,378.0
3258,42.0,84.0,210.0,504.0,126.0,210.0,252.0,210.0
3259,42.0,84.0,84.0,126.0,90.0,174.0,126.0,378.0
3260,42.0,42.0,42.0,126.0,168.0,258.0,168.0,252.0
3261,84.0,42.0,126.0,336.0,210.0,210.0,336.0,504.0
3262,42.0,42.0,42.0,42.0,42.0,126.0,210.0,210.0
3263,42.0,168.0,126.0,168.0,84.0,42.0,168.0,306.0
3264,42.0,84.0,42.0,126.0,42.0,84.0,126.0,420.0
3265,42.0,42.0,90.0,42.0,42.0,252.0,378.0,546.0
3266,42.0,84.0,42.0,84.0,84.0,210.0,126.0,126.0
3267,42.0,252.0,168.0,294.0,84.0,168.0,210.0,378.0
3268,42.0,84.0,168.0,339.0,84.0,84.0,210.0,126.0
3269,48.0,42.0,168.0,210.0,84.0,168.0,252.0,126.0
3270,42.0,48.0,126.0,132.0,168.0,126.0,168.0,42.0
3271,42.0,42.0,126.0,210.0,168.0,210.0,294.0,336.0
3272,84.0,42.0,42.0,84.0,84.0,336.0,168.0,42.0
3273,84.0,126.0,252.0,208.0,42.0,126.0,426.0,336.0
3274,42.0,42.0,354.0,216.0,126.0,336.0,168.0,294.0
3275,84.0,84.0,210.0,336.0,126.0,126.0,126.0,126.0
3276,42.0,210.0,84.0,42.0,42.0,168.0,42.0,252.0
3277,42.0,84.0,84.0,252.0,84.0,126.0,336.0,210.0
3278,42.0,84.0,168.0,126.0,126.0,462.0,294.0,210.0
3279,42.0,168.0,126.0,168.0,168.0,252.0,420.0,420.0
3280,42.0,210.0,84.0,210.0,84.0,42.0,168.0,630.0
3281,42.0,84.0,210.0,404.0,42.0,210.0,84.0,510.0
3282,42.0,210.0,210.0,168.0,84.0,126.0,84.0,252.0
3283,42.0,126.0,42.0,294.0,84.0,42.0,168.0,210.0
3284,42.0,132.0,42.0,294.0,42.0,168.0,126.0,378.0
3285,42.0,84.0,84.0,210.0,42.0,210.0,168.0,126.0
3286,42.0,42.0,42.0,168.0,84.0,462.0,210.0,168.0
3287,48.0,126.0,168.0,210.0,168.0,423.0,84.0,672.0
3288,42.0,84.0,168.0,210.0,126.0,168.0,294.0,210.0
3289,42.0,42.0,168.0,42.0,42.0,252.0,168.0,294.0
3290,42.0,126.0,168.0,42.0,168.0,84.0,507.0,672.0
3291,84.0,168.0,42.0,210.0,42.0,210.0,672.0,252.0
3292,42.0,84.0,126.0,84.0,126.0,210.0,174.0,384.0
3293,42.0,42.0,126.0,168.0,42.0,42.0,42.0,462.0
3294,42.0,126.0,126.0,210.0,171.0,42.0,168.0,252.0
3295,42.0,210.0,168.0,252.0,48.0,294.0,84.0,126.0
3296,42.0,42.0,42.0,210.0,126.0,376.0,210.0,252.0
3297,42.0,42.0,210.0,84.0,126.0,210.0,168.0,504.0
3298,42.0,42.0,126.0,42.0,168.0,84.0,126.0,696.0
3299,42.0,168.0,216.0,126.0,42.0,210.0,210.0,126.0
3300,42.0,168.0,84.0,336.0,42.0,258.0,168.0,252.0
3301,42.0,84.0,297.0,252.0,84.0,336.0,252.0,336.0
3302,42.0,42.0,252.0,126.0,42.0,210.0,420.0,504.0
3303,48.0,42.0,182.0,84.0,42.0,294.0,84.0,546.0
3304,42.0,84.0,252.0,126.0,42.0,126.0,42.0,420.0
3305,84.0,42.0,42.0,252.0,42.0,252.0,168.0,420.0
3306,84.0,84.0,174.0,84.0,84.0,252.0,423.0,759.0
3307,84.0,171.0,168.0,168.0,126.0,168.0,210.0,294.0
3308,42.0,90.0,84.0,168.0,42.0,336.0,420.0,126.0
3309,48.0,42.0,126.0,168.0,84.0,118.0,168.0,126.0
3310,42.0,126.0,84.0,384.0,126.0,336.0,126.0,294.0
3311,126.0,42.0,168.0,210.0,168.0,84.0,756.0,210.0
3312,42.0,252.0,168.0,168.0,194.0,252.0,210.0,42.0
3313,42.0,168.0,168.0,294.0,168.0,210.0,252.0,252.0
3314,42.0,42.0,168.0,168.0,42.0,84.0,210.0,588.0
3315,42.0,84.0,126.0,317.0,42.0,84.0,294.0,210.0
3316,28.0,42.0,168.0,294.0,126.0,210.0,84.0,294.0
3317,42.0,42.0,126.0,42.0,168.0,84.0,654.0,544.0
3318,42.0,168.0,42.0,168.0,42.0,294.0,210.0,168.0
3319,42.0,84.0,84.0,126.0,42.0,378.0,84.0,294.0
3320,42.0,84.0,84.0,126.0,42.0,378.0,252.0,630.0
3321,42.0,126.0,126.0,294.0,84.0,210.0,42.0,252.0
3322,42.0,126.0,84.0,396.0,132.0,294.0,252.0,168.0
3323,42.0,126.0,42.0,210.0,126.0,126.0,168.0,252.0
3324,84.0,194.0,126.0,84.0,84.0,168.0,84.0,378.0
3325,42.0,42.0,294.0,168.0,126.0,216.0,294.0,378.0
3326,42.0,126.0,322.0,210.0,98.0,320.0,210.0,714.0
3327,42.0,84.0,126.0,126.0,126.0,252.0,42.0,210.0
3328,42.0,42.0,252.0,294.0,70.0,84.0,210.0,630.0
3329,42.0,84.0,42.0,84.0,112.0,210.0,84.0,378.0
3330,42.0,42.0,126.0,210.0,84.0,126.0,426.0,42.0
3331,42.0,210.0,168.0,84.0,42.0,90.0,168.0,294.0
3332,48.0,84.0,42.0,84.0,42.0,210.0,294.0,210.0
3333,84.0,174.0,126.0,252.0,84.0,42.0,252.0,336.0
3334,42.0,84.0,210.0,126.0,42.0,84.0,210.0,42.0
3335,42.0,42.0,126.0,294.0,126.0,336.0,126.0,888.0
3336,48.0,126.0,84.0,294.0,84.0,168.0,42.0,294.0
3337,42.0,42.0,42.0,168.0,48.0,336.0,126.0,210.0
3338,42.0,84.0,126.0,42.0,126.0,168.0,168.0,336.0
3339,42.0,168.0,84.0,294.0,84.0,294.0,126.0,336.0
3340,42.0,84.0,174.0,210.0,210.0,168.0,300.0,42.0
3341,42.0,84.0,126.0,210.0,126.0,210.0,252.0,294.0
3342,42.0,168.0,294.0,42.0,132.0,210.0,42.0,530.0
3343,42.0,84.0,210.0,126.0,210.0,126.0,168.0,342.0
3344,42.0,42.0,126.0,84.0,168.0,126.0,462.0,339.0
3345,87.0,126.0,126.0,42.0,42.0,126.0,336.0,294.0
3346,42.0,84.0,126.0,84.0,42.0,84.0,168.0,336.0
3347,42.0,118.0,126.0,378.0,84.0,168.0,252.0,294.0
3348,42.0,126.0,252.0,294.0,210.0,423.0,378.0,252.0
3349,42.0,210.0,42.0,336.0,84.0,378.0,84.0,294.0
3350,42.0,42.0,126.0,168.0,168.0,84.0,252.0,84.0
3351,42.0,252.0,258.0,210.0,42.0,168.0,210.0,462.0
3352,42.0,42.0,42.0,294.0,42.0,168.0,252.0,126.0
3353,42.0,42.0,126.0,462.0,42.0,294.0,84.0,294.0
3354,84.0,126.0,252.0,328.0,168.0,210.0,370.0,588.0
3355,42.0,42.0,336.0,168.0,168.0,252.0,672.0,42.0
3356,42.0,126.0,84.0,84.0,84.0,84.0,588.0,504.0
3357,42.0,84.0,168.0,84.0,84.0,84.0,168.0,336.0
3358,42.0,42.0,126.0,126.0,84.0,336.0,210.0,168.0
3359,42.0,42.0,84.0,42.0,42.0,210.0,342.0,84.0
3360,42.0,84.0,378.0,168.0,126.0,294.0,84.0,210.0
3361,42.0,84.0,126.0,294.0,87.0,126.0,168.0,378.0
3362,42.0,42.0,84.0,42.0,90.0,449.0,672.0,252.0
3363,42.0,84.0,168.0,252.0,84.0,168.0,42.0,636.0
3364,42.0,84.0,252.0,297.0,42.0,84.0,126.0,336.0
3365,42.0,126.0,126.0,252.0,126.0,84.0,252.0,426.0
3366,42.0,42.0,168.0,42.0,84.0,294.0,462.0,401.0
3367,42.0,210.0,168.0,168.0,84.0,42.0,126.0,336.0
3368,42.0,126.0,42.0,126.0,168.0,252.0,42.0,168.0
3369,42.0,42.0,84.0,126.0,126.0,294.0,210.0,210.0
3370,42.0,84.0,336.0,210.0,42.0,42.0,252.0,336.0
3371,42.0,84.0,126.0,294.0,84.0,294.0,84.0,504.0
3372,42.0,84.0,168.0,42.0,252.0,168.0,462.0,336.0
3373,42.0,84.0,292.0,42.0,42.0,42.0,252.0,294.0
3374,42.0,42.0,294.0,168.0,42.0,168.0,126.0,210.0
3375,42.0,42.0,168.0,210.0,126.0,168.0,236.0,126.0
3376,42.0,126.0,210.0,294.0,84.0,378.0,42.0,252.0
3377,42.0,42.0,210.0,42.0,84.0,84.0,294.0,210.0
3378,42.0,84.0,168.0,210.0,168.0,84.0,258.0,718.0
3379,42.0,84.0,126.0,126.0,84.0,168.0,885.0,252.0
3380,42.0,126.0,42.0,294.0,126.0,42.0,252.0,126.0
3381,42.0,42.0,359.0,252.0,42.0,294.0,126.0,210.0
3382,42.0,168.0,126.0,42.0,126.0,210.0,378.0,628.0
3383,42.0,42.0,42.0,396.0,84.0,42.0,378.0,336.0
3384,42.0,84.0,84.0,258.0,210.0,168.0,252.0,252.0
3385,42.0,42.0,42.0,216.0,84.0,42.0,252.0,420.0
3386,42.0,84.0,42.0,378.0,210.0,378.0,132.0,462.0
3387,42.0,42.0,126.0,84.0,126.0,462.0,420.0,210.0
3388,42.0,42.0,84.0,210.0,84.0,84.0,300.0,126.0
3389,42.0,42.0,168.0,210.0,42.0,84.0,210.0,294.0
3390,42.0,90.0,42.0,252.0,42.0,294.0,168.0,126.0
3391,42.0,168.0,168.0,168.0,126.0,132.0,84.0,420.0
3392,42.0,84.0,168.0,84.0,168.0,342.0,42.0,294.0
3393,42.0,42.0,210.0,336.0,84.0,628.0,210.0,420.0
3394,42.0,84.0,84.0,210.0,42.0,168.0,294.0,126.0
3395,14.0,42.0,42.0,210.0,84.0,252.0,294.0,504.0
3396,42.0,210.0,126.0,294.0,132.0,210.0,216.0,174.0
3397,42.0,126.0,42.0,294.0,84.0,294.0,168.0,210.0
3398,42.0,84.0,252.0,462.0,84.0,294.0,252.0,491.0
3399,42.0,168.0,126.0,300.0,126.0,630.0,252.0,552.0
3400,42.0,42.0,126.0,126.0,42.0,84.0,588.0,210.0
3401,42.0,42.0,168.0,168.0,84.0,168.0,210.0,252.0
3402,42.0,84.0,126.0,126.0,84.0,42.0,432.0,252.0
3403,42.0,42.0,42.0,168.0,168.0,42.0,420.0,336.0
3404,42.0,210.0,42.0,84.0,42.0,126.0,555.0,294.0
3405,42.0,126.0,126.0,168.0,42.0,168.0,252.0,378.0
3406,42.0,84.0,168.0,126.0,168.0,294.0,210.0,294.0
3407,42.0,168.0,126.0,168.0,42.0,168.0,42.0,42.0
3408,14.0,42.0,210.0,84.0,126.0,126.0,210.0,252.0
3409,42.0,84.0,126.0,42.0,84.0,42.0,210.0,294.0
3410,42.0,42.0,84.0,252.0,210.0,126.0,168.0,294.0
3411,42.0,42.0,216.0,84.0,42.0,42.0,504.0,252.0
3412,42.0,126.0,84.0,210.0,210.0,168.0,210.0,378.0
3413,42.0,84.0,210.0,168.0,210.0,168.0,294.0,252.0
3414,42.0,42.0,42.0,336.0,42.0,168.0,378.0,168.0
3415,42.0,132.0,132.0,42.0,84.0,210.0,378.0,672.0
3416,42.0,42.0,168.0,42.0,42.0,336.0,378.0,378.0
3417,42.0,42.0,84.0,420.0,84.0,252.0,126.0,504.0
3418,42.0,168.0,42.0,42.0,84.0,42.0,126.0,546.0
3419,42.0,84.0,84.0,168.0,42.0,210.0,294.0,588.0
3420,42.0,42.0,378.0,168.0,266.0,168.0,378.0,210.0
3421,42.0,126.0,42.0,126.0,84.0,126.0,636.0,168.0
3422,42.0,126.0,84.0,336.0,168.0,42.0,420.0,294.0
3423,84.0,42.0,210.0,532.0,112.0,210.0,168.0,420.0
3424,42.0,202.0,84.0,168.0,90.0,84.0,126.0,462.0
3425,42.0,126.0,126.0,210.0,84.0,378.0,252.0,525.0
3426,48.0,42.0,300.0,126.0,84.0,126.0,594.0,84.0
3427,42.0,42.0,168.0,174.0,252.0,84.0,840.0,462.0
3428,42.0,42.0,336.0,252.0,48.0,432.0,168.0,420.0
3429,42.0,84.0,84.0,168.0,14.0,336.0,42.0,714.0
3430,126.0,168.0,42.0,84.0,126.0,294.0,336.0,42.0
3431,42.0,126.0,210.0,168.0,42.0,294.0,42.0,462.0
3432,42.0,84.0,294.0,42.0,210.0,499.0,84.0,378.0
3433,42.0,168.0,168.0,84.0,112.0,294.0,336.0,336.0
3434,42.0,42.0,210.0,252.0,42.0,84.0,378.0,384.0
3435,42.0,168.0,297.0,126.0,84.0,210.0,168.0,210.0
3436,42.0,168.0,126.0,126.0,252.0,252.0,336.0,342.0
3437,42.0,42.0,42.0,336.0,168.0,180.0,42.0,294.0
3438,42.0,84.0,294.0,252.0,42.0,126.0,294.0,336.0
3439,42.0,42.0,42.0,84.0,84.0,42.0,294.0,252.0
3440,42.0,126.0,42.0,126.0,42.0,210.0,384.0,210.0
3441,42.0,84.0,126.0,210.0,48.0,252.0,84.0,720.0
3442,126.0,42.0,84.0,258.0,42.0,42.0,336.0,84.0
3443,84.0,84.0,84.0,210.0,84.0,126.0,168.0,336.0
3444,84.0,42.0,168.0,252.0,168.0,210.0,342.0,336.0
3445,84.0,210.0,202.0,210.0,84.0,378.0,168.0,42.0
3446,126.0,42.0,168.0,84.0,168.0,42.0,210.0,126.0
3447,42.0,126.0,294.0,407.0,84.0,210.0,294.0,210.0
3448,42.0,126.0,84.0,210.0,84.0,308.0,384.0,210.0
3449,42.0,174.0,126.0,252.0,126.0,126.0,336.0,294.0
3450,42.0,168.0,42.0,294.0,42.0,42.0,336.0,210.0
3451,42.0,126.0,168.0,42.0,168.0,84.0,336.0,252.0
3452,42.0,42.0,168.0,168.0,42.0,252.0,168.0,546.0
3453,42.0,84.0,126.0,168.0,84.0,126.0,210.0,84.0
3454,42.0,210.0,42.0,168.0,42.0,210.0,336.0,336.0
3455,42.0,42.0,252.0,42.0,210.0,294.0,126.0,42.0
3456,42.0,84.0,126.0,252.0,84.0,210.0,210.0,378.0
3457,84.0,126.0,126.0,292.0,84.0,210.0,42.0,84.0
3458,84.0,84.0,336.0,210.0,42.0,90.0,252.0,462.0
3459,42.0,171.0,84.0,126.0,42.0,168.0,390.0,84.0
3460,42.0,84.0,252.0,294.0,48.0,168.0,336.0,378.0
3461,42.0,132.0,42.0,126.0,252.0,210.0,336.0,342.0
3462,42.0,84.0,42.0,84.0,126.0,42.0,84.0,892.0
3463,42.0,42.0,320.0,210.0,126.0,126.0,126.0,339.0
3464,87.0,42.0,84.0,420.0,84.0,250.0,252.0,588.0
3465,42.0,126.0,168.0,126.0,84.0,210.0,339.0,168.0
3466,84.0,210.0,126.0,210.0,84.0,336.0,126.0,546.0
3467,126.0,126.0,126.0,294.0,84.0,42.0,42.0,294.0
3468,42.0,84.0,84.0,168.0,84.0,294.0,168.0,300.0
3469,84.0,126.0,126.0,126.0,126.0,84.0,336.0,168.0
3470,42.0,84.0,42.0,350.0,42.0,252.0,429.0,168.0
3471,84.0,42.0,126.0,126.0,84.0,168.0,378.0,126.0
3472,42.0,42.0,126.0,84.0,168.0,168.0,210.0,588.0
3473,42.0,126.0,252.0,126.0,84.0,42.0,420.0,42.0
3474,42.0,42.0,252.0,210.0,42.0,350.0,294.0,42.0
3475,42.0,42.0,84.0,42.0,252.0,555.0,210.0,518.0
3476,42.0,210.0,174.0,84.0,42.0,84.0,42.0,630.0
3477,42.0,84.0,168.0,210.0,42.0,126.0,126.0,378.0
3478,84.0,84.0,84.0,168.0,84.0,210.0,210.0,378.0
3479,84.0,126.0,168.0,294.0,42.0,174.0,168.0,84.0
3480,42.0,84.0,42.0,126.0,84.0,252.0,504.0,252.0
3481,42.0,42.0,42.0,252.0,42.0,294.0,390.0,126.0
3482,42.0,126.0,168.0,210.0,84.0,168.0,630.0,462.0
3483,42.0,84.0,84.0,252.0,84.0,216.0,294.0,84.0
3484,48.0,42.0,210.0,252.0,126.0,210.0,168.0,420.0
3485,42.0,42.0,126.0,210.0,42.0,42.0,504.0,294.0
3486,42.0,42.0,84.0,328.0,42.0,84.0,168.0,462.0
3487,42.0,42.0,84.0,126.0,42.0,84.0,336.0,210.0
3488,42.0,126.0,210.0,294.0,84.0,168.0,378.0,294.0
3489,42.0,84.0,168.0,252.0,42.0,168.0,84.0,664.0
3490,84.0,84.0,126.0,336.0,42.0,84.0,174.0,168.0
3491,42.0,84.0,42.0,42.0,42.0,126.0,252.0,294.0
3492,48.0,84.0,42.0,504.0,84.0,294.0,294.0,294.0
3493,42.0,230.0,90.0,210.0,210.0,126.0,210.0,420.0
3494,42.0,84.0,84.0,252.0,42.0,252.0,168.0,210.0
3495,42.0,42.0,42.0,168.0,42.0,126.0,462.0,126.0
3496,42.0,84.0,210.0,126.0,168.0,174.0,42.0,336.0
3497,42.0,84.0,126.0,168.0,126.0,126.0,42.0,300.0
3498,42.0,42.0,84.0,84.0,42.0,168.0,42.0,294.0
3499,48.0,42.0,168.0,84.0,42.0,126.0,168.0,420.0
3500,84.0,126.0,210.0,168.0,84.0,252.0,84.0,756.0
3501,42.0,210.0,392.0,210.0,84.0,84.0,168.0,168.0
3502,126.0,42.0,84.0,42.0,168.0,126.0,210.0,258.0
3503,42.0,252.0,126.0,84.0,84.0,168.0,258.0,395.0
3504,42.0,42.0,210.0,252.0,84.0,168.0,126.0,462.0
3505,126.0,84.0,174.0,126.0,84.0,126.0,420.0,510.0
3506,42.0,42.0,84.0,42.0,126.0,126.0,42.0,294.0
3507,42.0,84.0,42.0,210.0,42.0,210.0,168.0,546.0
3508,42.0,84.0,84.0,210.0,174.0,168.0,546.0,84.0
3509,42.0,168.0,42.0,210.0,84.0,294.0,384.0,306.0
3510,42.0,126.0,168.0,210.0,126.0,42.0,336.0,336.0
3511,84.0,132.0,210.0,210.0,84.0,126.0,420.0,210.0
3512,42.0,42.0,126.0,42.0,84.0,294.0,546.0,252.0
3513,84.0,42.0,252.0,210.0,42.0,126.0,294.0,378.0
3514,42.0,42.0,84.0,407.0,42.0,126.0,126.0,210.0
3515,42.0,171.0,252.0,216.0,126.0,126.0,462.0,168.0
3516,42.0,84.0,210.0,168.0,84.0,126.0,42.0,336.0
3517,42.0,84.0,42.0,168.0,42.0,252.0,210.0,258.0
3518,84.0,42.0,213.0,336.0,42.0,42.0,336.0,552.0
3519,42.0,168.0,126.0,126.0,84.0,210.0,294.0,294.0
3520,42.0,42.0,420.0,378.0,42.0,126.0,516.0,294.0
3521,42.0,42.0,210.0,126.0,42.0,84.0,336.0,252.0
3522,42.0,84.0,294.0,126.0,180.0,126.0,210.0,168.0
3523,42.0,84.0,126.0,294.0,168.0,42.0,42.0,294.0
3524,42.0,126.0,294.0,84.0,42.0,84.0,126.0,42.0
3525,42.0,210.0,42.0,126.0,42.0,126.0,84.0,552.0
3526,42.0,126.0,84.0,222.0,252.0,126.0,252.0,84.0
3527,42.0,126.0,42.0,42.0,126.0,168.0,126.0,294.0
3528,42.0,126.0,306.0,294.0,42.0,126.0,462.0,84.0
3529,42.0,168.0,126.0,168.0,42.0,126.0,252.0,354.0
3530,42.0,42.0,42.0,84.0,213.0,546.0,210.0,588.0
3531,42.0,42.0,42.0,126.0,42.0,126.0,168.0,126.0
3532,84.0,42.0,126.0,84.0,84.0,126.0,42.0,462.0
3533,84.0,168.0,42.0,126.0,84.0,210.0,252.0,252.0
3534,42.0,126.0,126.0,168.0,42.0,168.0,213.0,294.0
3535,42.0,42.0,168.0,294.0,168.0,504.0,294.0,462.0
3536,42.0,84.0,168.0,168.0,84.0,126.0,348.0,420.0
3537,48.0,84.0,252.0,126.0,126.0,42.0,210.0,672.0
3538,42.0,126.0,210.0,334.0,42.0,283.0,294.0,462.0
3539,42.0,126.0,126.0,126.0,126.0,90.0,504.0,252.0
3540,42.0,84.0,168.0,42.0,42.0,118.0,252.0,210.0
3541,42.0,42.0,336.0,336.0,42.0,384.0,258.0,126.0
3542,42.0,42.0,126.0,84.0,126.0,42.0,462.0,42.0
3543,42.0,168.0,42.0,294.0,84.0,84.0,462.0,168.0
3544,42.0,126.0,168.0,168.0,174.0,210.0,384.0,549.0
3545,42.0,138.0,126.0,168.0,42.0,168.0,168.0,210.0
3546,42.0,252.0,132.0,378.0,84.0,168.0,378.0,378.0
3547,48.0,42.0,126.0,252.0,126.0,126.0,126.0,126.0
3548,42.0,42.0,84.0,168.0,42.0,126.0,210.0,210.0
3549,84.0,126.0,84.0,252.0,112.0,42.0,84.0,378.0
3550,42.0,84.0,84.0,210.0,126.0,42.0,84.0,294.0
3551,42.0,84.0,174.0,504.0,56.0,42.0,126.0,378.0
3552,42.0,42.0,252.0,210.0,84.0,168.0,210.0,294.0
3553,42.0,174.0,168.0,42.0,84.0,42.0,168.0,294.0
3554,42.0,126.0,84.0,84.0,168.0,126.0,426.0,378.0
3555,42.0,126.0,84.0,294.0,168.0,266.0,168.0,126.0
3556,42.0,84.0,42.0,168.0,42.0,252.0,168.0,462.0
3557,28.0,168.0,42.0,168.0,126.0,126.0,252.0,354.0
3558,42.0,42.0,252.0,491.0,42.0,84.0,468.0,168.0
3559,42.0,126.0,126.0,168.0,42.0,168.0,168.0,420.0
3560,42.0,84.0,84.0,294.0,42.0,42.0,336.0,210.0
3561,42.0,84.0,126.0,84.0,42.0,132.0,168.0,462.0
3562,42.0,210.0,84.0,210.0,84.0,252.0,264.0,636.0
3563,42.0,84.0,42.0,84.0,42.0,168.0,504.0,504.0
3564,42.0,42.0,126.0,294.0,252.0,126.0,210.0,210.0
3565,42.0,84.0,84.0,378.0,210.0,168.0,252.0,756.0
3566,42.0,126.0,42.0,168.0,210.0,126.0,126.0,294.0
3567,42.0,42.0,126.0,42.0,210.0,294.0,84.0,252.0
3568,42.0,42.0,168.0,210.0,294.0,42.0,126.0,126.0
3569,42.0,168.0,202.0,84.0,132.0,294.0,168.0,42.0
3570,42.0,42.0,84.0,168.0,84.0,126.0,294.0,126.0
3571,42.0,84.0,42.0,168.0,126.0,126.0,84.0,294.0
3572,42.0,126.0,294.0,168.0,126.0,210.0,168.0,465.0
3573,42.0,126.0,132.0,252.0,126.0,362.0,210.0,84.0
3574,42.0,126.0,126.0,126.0,168.0,210.0,168.0,462.0
3575,42.0,168.0,126.0,42.0,168.0,84.0,462.0,294.0
3576,42.0,42.0,42.0,132.0,42.0,126.0,126.0,210.0
3577,42.0,42.0,126.0,42.0,42.0,588.0,42.0,426.0
3578,42.0,126.0,126.0,42.0,126.0,126.0,84.0,210.0
3579,42.0,168.0,252.0,252.0,84.0,84.0,168.0,504.0
3580,42.0,84.0,336.0,126.0,42.0,294.0,168.0,294.0
3581,42.0,42.0,42.0,426.0,126.0,42.0,126.0,336.0
3582,42.0,168.0,140.0,126.0,126.0,84.0,252.0,210.0
3583,42.0,126.0,84.0,168.0,84.0,42.0,294.0,168.0
3584,42.0,126.0,210.0,252.0,84.0,294.0,210.0,462.0
3585,42.0,42.0,42.0,126.0,42.0,294.0,294.0,210.0
3586,42.0,42.0,42.0,84.0,210.0,252.0,210.0,216.0
3587,42.0,42.0,252.0,42.0,84.0,84.0,42.0,210.0
3588,42.0,84.0,84.0,84.0,42.0,42.0,294.0,420.0
3589,42.0,42.0,84.0,336.0,48.0,252.0,210.0,210.0
3590,42.0,258.0,126.0,168.0,126.0,42.0,84.0,336.0
3591,42.0,84.0,294.0,252.0,168.0,84.0,555.0,294.0
3592,42.0,84.0,126.0,210.0,42.0,84.0,216.0,336.0
3593,42.0,84.0,364.0,168.0,168.0,42.0,210.0,336.0
3594,42.0,42.0,84.0,322.0,84.0,84.0,168.0,420.0
3595,42.0,168.0,126.0,210.0,84.0,84.0,252.0,384.0
3596,42.0,42.0,168.0,168.0,168.0,168.0,126.0,378.0
3597,42.0,210.0,84.0,84.0,84.0,798.0,126.0,546.0
3598,42.0,42.0,126.0,168.0,84.0,126.0,84.0,336.0
3599,42.0,84.0,168.0,126.0,84.0,504.0,210.0,174.0
3600,42.0,48.0,168.0,168.0,168.0,168.0,756.0,378.0
3601,42.0,84.0,210.0,252.0,168.0,210.0,42.0,294.0
3602,42.0,84.0,168.0,126.0,42.0,174.0,84.0,168.0
3603,42.0,84.0,42.0,504.0,84.0,382.0,546.0,630.0
3604,42.0,42.0,210.0,42.0,84.0,294.0,126.0,378.0
3605,42.0,126.0,168.0,216.0,84.0,210.0,210.0,384.0
3606,42.0,84.0,252.0,252.0,42.0,84.0,168.0,420.0
3607,42.0,126.0,126.0,210.0,42.0,336.0,42.0,168.0
3608,42.0,84.0,210.0,168.0,126.0,168.0,294.0,378.0
3609,42.0,84.0,168.0,294.0,84.0,42.0,420.0,126.0
3610,42.0,42.0,168.0,210.0,112.0,84.0,336.0,462.0
3611,42.0,42.0,160.0,42.0,90.0,42.0,378.0,306.0
3612,42.0,42.0,42.0,252.0,168.0,84.0,42.0,168.0
3613,42.0,42.0,210.0,210.0,42.0,294.0,168.0,210.0
3614,42.0,84.0,168.0,84.0,84.0,42.0,210.0,423.0
3615,42.0,42.0,42.0,168.0,84.0,126.0,168.0,336.0
3616,42.0,84.0,84.0,168.0,42.0,252.0,252.0,336.0
3617,42.0,84.0,126.0,294.0,84.0,294.0,168.0,126.0
3618,42.0,84.0,174.0,326.0,84.0,294.0,168.0,426.0
3619,28.0,42.0,126.0,216.0,168.0,84.0,126.0,462.0
3620,42.0,126.0,84.0,336.0,84.0,126.0,336.0,126.0
3621,42.0,168.0,42.0,126.0,42.0,336.0,210.0,594.0
3622,42.0,84.0,126.0,294.0,84.0,294.0,294.0,378.0
3623,42.0,42.0,42.0,168.0,126.0,42.0,42.0,462.0
3624,42.0,42.0,42.0,339.0,42.0,168.0,84.0,378.0
3625,14.0,210.0,42.0,126.0,84.0,84.0,345.0,546.0
3626,42.0,84.0,84.0,84.0,84.0,491.0,168.0,294.0
3627,42.0,84.0,84.0,126.0,210.0,42.0,42.0,754.0
3628,42.0,42.0,168.0,42.0,126.0,252.0,252.0,336.0
3629,42.0,42.0,126.0,378.0,84.0,126.0,42.0,546.0
3630,42.0,42.0,278.0,126.0,84.0,84.0,378.0,168.0
3631,42.0,42.0,252.0,210.0,42.0,126.0,210.0,84.0
3632,42.0,42.0,126.0,42.0,84.0,126.0,294.0,533.0
3633,42.0,252.0,339.0,252.0,84.0,84.0,468.0,630.0
3634,42.0,336.0,216.0,126.0,126.0,210.0,294.0,126.0
3635,42.0,126.0,126.0,42.0,126.0,126.0,390.0,252.0
3636,14.0,42.0,210.0,168.0,126.0,252.0,462.0,252.0
3637,42.0,168.0,84.0,210.0,171.0,210.0,252.0,378.0
3638,42.0,42.0,84.0,168.0,42.0,210.0,510.0,84.0
3639,42.0,126.0,42.0,378.0,42.0,84.0,336.0,714.0
3640,42.0,126.0,294.0,210.0,126.0,42.0,84.0,336.0
3641,42.0,210.0,84.0,84.0,210.0,168.0,378.0,294.0
3642,42.0,168.0,168.0,126.0,126.0,126.0,42.0,210.0
3643,42.0,84.0,126.0,126.0,42.0,126.0,252.0,294.0
3644,42.0,84.0,42.0,168.0,132.0,336.0,468.0,84.0
3645,42.0,84.0,84.0,126.0,42.0,126.0,84.0,84.0
3646,48.0,84.0,210.0,342.0,42.0,168.0,168.0,252.0
3647,42.0,84.0,42.0,42.0,84.0,210.0,168.0,84.0
3648,42.0,126.0,126.0,334.0,42.0,84.0,336.0,336.0
3649,126.0,210.0,42.0,210.0,84.0,168.0,168.0,588.0
3650,42.0,84.0,420.0,168.0,90.0,210.0,252.0,420.0
3651,42.0,84.0,168.0,126.0,84.0,210.0,462.0,384.0
3652,42.0,126.0,252.0,42.0,42.0,378.0,336.0,
3653,84.0,42.0,294.0,168.0,126.0,462.0,208.0,
3654,84.0,126.0,42.0,210.0,84.0,168.0,126.0,
3655,42.0,42.0,126.0,510.0,62.0,252.0,336.0,
3656,42.0,84.0,42.0,210.0,42.0,42.0,210.0,
3657,42.0,42.0,84.0,42.0,126.0,84.0,42.0,
3658,42.0,42.0,84.0,210.0,84.0,252.0,546.0,
3659,42.0,42.0,84.0,168.0,84.0,210.0,336.0,
3660,42.0,84.0,126.0,210.0,42.0,168.0,84.0,
3661,42.0,84.0,84.0,84.0,84.0,252.0,378.0,
3662,42.0,84.0,42.0,168.0,84.0,84.0,210.0,
3663,42.0,42.0,255.0,462.0,42.0,126.0,174.0,
3664,42.0,160.0,210.0,294.0,84.0,168.0,252.0,
3665,42.0,42.0,336.0,42.0,168.0,42.0,294.0,
3666,42.0,126.0,216.0,252.0,168.0,378.0,462.0,
3667,84.0,42.0,84.0,294.0,132.0,210.0,491.0,
3668,42.0,126.0,250.0,168.0,42.0,252.0,168.0,
3669,84.0,210.0,126.0,252.0,168.0,258.0,252.0,
3670,42.0,42.0,168.0,336.0,84.0,84.0,42.0,
3671,84.0,168.0,210.0,210.0,42.0,258.0,168.0,
3672,42.0,168.0,42.0,252.0,42.0,84.0,126.0,
3673,42.0,42.0,168.0,126.0,252.0,462.0,378.0,
3674,42.0,84.0,84.0,168.0,168.0,210.0,168.0,
3675,42.0,42.0,168.0,210.0,84.0,126.0,252.0,
3676,42.0,126.0,168.0,42.0,42.0,126.0,84.0,
3677,126.0,84.0,42.0,336.0,42.0,252.0,126.0,
3678,42.0,252.0,126.0,252.0,126.0,42.0,210.0,
3679,42.0,84.0,252.0,168.0,84.0,42.0,252.0,
3680,42.0,84.0,252.0,168.0,84.0,210.0,378.0,
3681,84.0,42.0,210.0,126.0,42.0,336.0,126.0,
3682,84.0,126.0,126.0,84.0,42.0,294.0,504.0,
3683,42.0,84.0,210.0,420.0,168.0,294.0,168.0,
3684,84.0,84.0,126.0,336.0,84.0,336.0,126.0,
3685,42.0,42.0,168.0,126.0,42.0,328.0,210.0,
3686,126.0,174.0,252.0,252.0,84.0,126.0,210.0,
3687,42.0,168.0,362.0,210.0,126.0,42.0,42.0,
3688,84.0,126.0,126.0,210.0,48.0,216.0,210.0,
3689,42.0,126.0,168.0,132.0,126.0,168.0,84.0,
3690,42.0,84.0,168.0,126.0,126.0,84.0,132.0,
3691,42.0,42.0,84.0,491.0,126.0,336.0,84.0,
3692,42.0,126.0,84.0,126.0,42.0,294.0,168.0,
3693,42.0,48.0,252.0,42.0,126.0,174.0,168.0,
3694,42.0,84.0,84.0,42.0,42.0,84.0,168.0,
3695,42.0,42.0,84.0,126.0,168.0,378.0,168.0,
3696,42.0,126.0,252.0,168.0,84.0,210.0,84.0,
3697,42.0,84.0,84.0,210.0,168.0,504.0,336.0,
3698,42.0,132.0,126.0,84.0,84.0,168.0,168.0,
3699,42.0,126.0,168.0,252.0,42.0,252.0,449.0,
3700,42.0,42.0,84.0,126.0,336.0,168.0,252.0,
3701,42.0,126.0,168.0,126.0,84.0,126.0,126.0,
3702,84.0,126.0,126.0,42.0,168.0,275.0,84.0,
3703,84.0,152.0,126.0,42.0,42.0,210.0,336.0,
3704,42.0,42.0,42.0,84.0,42.0,294.0,42.0,
3705,42.0,84.0,84.0,294.0,210.0,364.0,294.0,
3706,42.0,84.0,42.0,210.0,42.0,84.0,210.0,
3707,42.0,42.0,42.0,126.0,84.0,84.0,210.0,
3708,42.0,168.0,84.0,168.0,42.0,210.0,42.0,
3709,42.0,42.0,168.0,378.0,42.0,84.0,294.0,
3710,42.0,126.0,42.0,168.0,126.0,378.0,252.0,
3711,48.0,84.0,84.0,396.0,168.0,210.0,294.0,
3712,42.0,84.0,168.0,210.0,168.0,174.0,480.0,
3713,42.0,84.0,126.0,168.0,126.0,126.0,378.0,
3714,42.0,168.0,126.0,42.0,84.0,84.0,42.0,
3715,42.0,42.0,84.0,168.0,168.0,126.0,42.0,
3716,42.0,84.0,42.0,168.0,42.0,42.0,210.0,
3717,42.0,42.0,216.0,252.0,126.0,210.0,420.0,
3718,42.0,171.0,126.0,252.0,42.0,210.0,258.0,
3719,126.0,42.0,126.0,378.0,84.0,168.0,84.0,
3720,42.0,42.0,168.0,126.0,42.0,42.0,42.0,
3721,42.0,42.0,168.0,84.0,42.0,202.0,42.0,
3722,42.0,126.0,84.0,42.0,42.0,252.0,336.0,
3723,42.0,42.0,42.0,210.0,126.0,252.0,84.0,
3724,126.0,84.0,278.0,294.0,84.0,168.0,630.0,
3725,87.0,42.0,210.0,294.0,84.0,42.0,210.0,
3726,84.0,42.0,210.0,84.0,42.0,210.0,252.0,
3727,42.0,42.0,84.0,216.0,84.0,294.0,168.0,
3728,42.0,126.0,126.0,168.0,48.0,384.0,420.0,
3729,42.0,168.0,42.0,84.0,210.0,168.0,462.0,
3730,42.0,126.0,84.0,168.0,84.0,126.0,84.0,
3731,42.0,126.0,210.0,84.0,42.0,210.0,420.0,
3732,42.0,84.0,252.0,252.0,84.0,42.0,210.0,
3733,42.0,84.0,168.0,126.0,126.0,294.0,252.0,
3734,42.0,213.0,210.0,84.0,171.0,504.0,210.0,
3735,48.0,42.0,336.0,210.0,70.0,84.0,378.0,
3736,42.0,168.0,168.0,252.0,168.0,126.0,210.0,
3737,84.0,42.0,126.0,42.0,132.0,278.0,84.0,
3738,48.0,126.0,84.0,339.0,126.0,213.0,252.0,
3739,42.0,42.0,252.0,126.0,42.0,378.0,126.0,
3740,84.0,168.0,210.0,126.0,84.0,294.0,294.0,
3741,42.0,252.0,42.0,384.0,98.0,462.0,322.0,
3742,42.0,42.0,252.0,294.0,42.0,294.0,210.0,
3743,42.0,84.0,84.0,546.0,42.0,90.0,420.0,
3744,42.0,126.0,126.0,84.0,42.0,42.0,168.0,
3745,42.0,252.0,126.0,210.0,42.0,126.0,336.0,
3746,84.0,42.0,252.0,210.0,42.0,84.0,90.0,
3747,84.0,84.0,168.0,210.0,168.0,168.0,168.0,
3748,42.0,42.0,126.0,210.0,42.0,210.0,252.0,
3749,42.0,132.0,126.0,42.0,126.0,126.0,294.0,
3750,42.0,84.0,84.0,126.0,42.0,126.0,294.0,
3751,42.0,84.0,174.0,174.0,126.0,210.0,252.0,
3752,42.0,126.0,42.0,168.0,252.0,168.0,336.0,
3753,42.0,42.0,252.0,210.0,126.0,336.0,42.0,
3754,42.0,42.0,84.0,210.0,336.0,84.0,336.0,
3755,84.0,210.0,210.0,168.0,168.0,182.0,294.0,
3756,42.0,42.0,126.0,168.0,42.0,336.0,202.0,
3757,42.0,126.0,126.0,294.0,42.0,126.0,42.0,
3758,42.0,126.0,126.0,168.0,42.0,84.0,168.0,
3759,42.0,84.0,210.0,42.0,42.0,84.0,168.0,
3760,42.0,84.0,126.0,42.0,42.0,420.0,297.0,
3761,84.0,126.0,336.0,126.0,90.0,84.0,378.0,
3762,42.0,84.0,84.0,126.0,42.0,210.0,378.0,
3763,42.0,168.0,168.0,168.0,42.0,168.0,126.0,
3764,42.0,168.0,216.0,210.0,84.0,384.0,126.0,
3765,42.0,84.0,126.0,210.0,42.0,126.0,294.0,
3766,42.0,126.0,42.0,336.0,42.0,126.0,462.0,
3767,48.0,168.0,126.0,294.0,42.0,294.0,278.0,
3768,42.0,84.0,84.0,168.0,168.0,126.0,174.0,
3769,42.0,194.0,42.0,210.0,154.0,504.0,126.0,
3770,42.0,42.0,42.0,294.0,62.0,336.0,252.0,
3771,42.0,42.0,168.0,84.0,126.0,210.0,168.0,
3772,42.0,84.0,336.0,362.0,84.0,210.0,84.0,
3773,42.0,84.0,168.0,42.0,84.0,420.0,216.0,
3774,48.0,84.0,168.0,210.0,126.0,168.0,252.0,
3775,42.0,42.0,42.0,126.0,126.0,294.0,168.0,
3776,42.0,42.0,252.0,42.0,126.0,42.0,84.0,
3777,42.0,126.0,126.0,210.0,42.0,84.0,294.0,
3778,42.0,168.0,84.0,507.0,84.0,84.0,210.0,
3779,42.0,84.0,84.0,210.0,126.0,252.0,252.0,
3780,42.0,42.0,42.0,378.0,146.0,42.0,252.0,
3781,42.0,42.0,210.0,42.0,42.0,407.0,336.0,
3782,126.0,42.0,126.0,252.0,84.0,168.0,294.0,
3783,42.0,126.0,126.0,546.0,84.0,210.0,210.0,
3784,42.0,126.0,42.0,210.0,126.0,378.0,462.0,
3785,42.0,42.0,238.0,252.0,84.0,168.0,210.0,
3786,42.0,42.0,126.0,42.0,42.0,210.0,252.0,
3787,42.0,42.0,84.0,126.0,84.0,334.0,168.0,
3788,42.0,42.0,126.0,168.0,126.0,294.0,378.0,
3789,84.0,42.0,126.0,454.0,42.0,210.0,336.0,
3790,42.0,126.0,90.0,168.0,42.0,210.0,252.0,
3791,42.0,84.0,84.0,168.0,42.0,126.0,294.0,
3792,42.0,126.0,84.0,462.0,42.0,126.0,648.0,
3793,42.0,174.0,255.0,126.0,42.0,504.0,462.0,
3794,42.0,84.0,126.0,42.0,42.0,84.0,42.0,
3795,42.0,42.0,42.0,168.0,126.0,42.0,210.0,
3796,42.0,84.0,42.0,126.0,126.0,126.0,294.0,
3797,42.0,42.0,84.0,126.0,294.0,210.0,126.0,
3798,42.0,42.0,42.0,210.0,168.0,42.0,210.0,
3799,42.0,126.0,174.0,84.0,126.0,300.0,168.0,
3800,42.0,168.0,126.0,168.0,84.0,126.0,210.0,
3801,42.0,42.0,168.0,42.0,42.0,42.0,210.0,
3802,42.0,42.0,126.0,126.0,48.0,126.0,168.0,
3803,42.0,252.0,168.0,210.0,42.0,84.0,420.0,
3804,42.0,84.0,210.0,222.0,84.0,42.0,336.0,
3805,42.0,126.0,210.0,216.0,42.0,336.0,420.0,
3806,42.0,126.0,126.0,84.0,126.0,126.0,252.0,
3807,42.0,126.0,426.0,168.0,84.0,126.0,84.0,
3808,42.0,126.0,252.0,42.0,168.0,168.0,42.0,
3809,42.0,126.0,42.0,126.0,84.0,168.0,294.0,
3810,42.0,126.0,84.0,84.0,84.0,126.0,168.0,
3811,42.0,84.0,84.0,84.0,42.0,84.0,378.0,
3812,42.0,168.0,84.0,84.0,42.0,84.0,342.0,
3813,42.0,126.0,84.0,168.0,84.0,168.0,252.0,
3814,42.0,42.0,84.0,84.0,42.0,84.0,126.0,
3815,42.0,42.0,252.0,126.0,48.0,168.0,84.0,
3816,42.0,126.0,326.0,462.0,336.0,126.0,42.0,
3817,42.0,84.0,84.0,210.0,84.0,126.0,336.0,
3818,42.0,42.0,42.0,210.0,42.0,504.0,381.0,
3819,42.0,84.0,210.0,423.0,84.0,546.0,300.0,
3820,42.0,168.0,168.0,126.0,126.0,252.0,84.0,
3821,42.0,118.0,168.0,210.0,126.0,168.0,462.0,
3822,42.0,42.0,84.0,168.0,48.0,42.0,798.0,
3823,42.0,48.0,336.0,126.0,126.0,126.0,336.0,
3824,42.0,84.0,84.0,252.0,126.0,294.0,90.0,
3825,42.0,84.0,42.0,210.0,210.0,336.0,378.0,
3826,42.0,84.0,84.0,168.0,42.0,630.0,126.0,
3827,42.0,84.0,168.0,42.0,42.0,42.0,336.0,
3828,42.0,42.0,126.0,168.0,126.0,314.0,546.0,
3829,42.0,126.0,168.0,336.0,126.0,84.0,126.0,
3830,42.0,210.0,168.0,84.0,42.0,168.0,84.0,
3831,42.0,84.0,168.0,252.0,84.0,168.0,252.0,
3832,42.0,42.0,210.0,210.0,126.0,84.0,210.0,
3833,42.0,42.0,252.0,168.0,168.0,210.0,294.0,
3834,42.0,84.0,168.0,168.0,84.0,42.0,378.0,
3835,42.0,42.0,210.0,126.0,210.0,252.0,300.0,
3836,42.0,42.0,420.0,294.0,84.0,126.0,210.0,
3837,42.0,42.0,42.0,132.0,126.0,210.0,210.0,
3838,42.0,42.0,297.0,252.0,42.0,168.0,252.0,
3839,42.0,84.0,42.0,250.0,42.0,126.0,210.0,
3840,42.0,84.0,168.0,168.0,42.0,252.0,210.0,
3841,42.0,42.0,126.0,168.0,84.0,210.0,420.0,
3842,42.0,126.0,84.0,84.0,90.0,210.0,168.0,
3843,42.0,132.0,84.0,210.0,84.0,210.0,336.0,
3844,42.0,42.0,84.0,462.0,252.0,210.0,168.0,
3845,42.0,84.0,132.0,278.0,42.0,378.0,328.0,
3846,42.0,42.0,252.0,126.0,84.0,168.0,252.0,
3847,42.0,350.0,42.0,210.0,84.0,213.0,252.0,
3848,42.0,42.0,126.0,168.0,84.0,42.0,210.0,
3849,42.0,126.0,126.0,126.0,42.0,210.0,126.0,
3850,42.0,42.0,42.0,168.0,42.0,168.0,126.0,
3851,42.0,42.0,84.0,168.0,42.0,468.0,84.0,
3852,14.0,168.0,126.0,336.0,168.0,42.0,42.0,
3853,42.0,42.0,168.0,210.0,42.0,294.0,336.0,
3854,42.0,42.0,210.0,168.0,42.0,168.0,423.0,
3855,42.0,42.0,84.0,210.0,42.0,210.0,294.0,
3856,42.0,210.0,168.0,168.0,42.0,168.0,84.0,
3857,42.0,252.0,126.0,336.0,126.0,84.0,336.0,
3858,42.0,168.0,84.0,252.0,168.0,126.0,252.0,
3859,42.0,126.0,168.0,168.0,42.0,42.0,252.0,
3860,42.0,84.0,42.0,336.0,42.0,252.0,126.0,
3861,42.0,168.0,126.0,42.0,210.0,126.0,320.0,
3862,28.0,126.0,126.0,42.0,84.0,256.0,126.0,
3863,14.0,126.0,42.0,84.0,126.0,126.0,84.0,
3864,28.0,84.0,370.0,42.0,84.0,84.0,216.0,
3865,42.0,84.0,42.0,168.0,132.0,216.0,552.0,
3866,42.0,90.0,42.0,378.0,42.0,126.0,126.0,
3867,42.0,42.0,126.0,126.0,42.0,168.0,252.0,
3868,42.0,126.0,168.0,42.0,42.0,252.0,42.0,
3869,42.0,42.0,126.0,84.0,42.0,42.0,84.0,
3870,42.0,210.0,210.0,210.0,84.0,210.0,126.0,
3871,42.0,42.0,42.0,258.0,42.0,378.0,168.0,
3872,42.0,84.0,84.0,420.0,42.0,126.0,210.0,
3873,84.0,230.0,42.0,42.0,126.0,280.0,84.0,
3874,42.0,42.0,42.0,84.0,210.0,336.0,252.0,
3875,42.0,42.0,168.0,168.0,213.0,210.0,84.0,
3876,42.0,84.0,252.0,84.0,84.0,210.0,84.0,
3877,42.0,126.0,210.0,336.0,168.0,465.0,168.0,
3878,42.0,42.0,168.0,252.0,84.0,42.0,294.0,
3879,42.0,42.0,42.0,252.0,168.0,252.0,336.0,
3880,84.0,84.0,84.0,168.0,84.0,84.0,252.0,
3881,126.0,126.0,84.0,126.0,126.0,326.0,126.0,
3882,84.0,168.0,168.0,84.0,84.0,84.0,84.0,
3883,42.0,84.0,334.0,362.0,42.0,84.0,252.0,
3884,42.0,42.0,84.0,378.0,126.0,126.0,252.0,
3885,42.0,84.0,168.0,210.0,84.0,294.0,294.0,
3886,42.0,84.0,168.0,294.0,70.0,252.0,378.0,
3887,84.0,42.0,462.0,168.0,210.0,42.0,485.0,
3888,42.0,42.0,84.0,210.0,84.0,210.0,42.0,
3889,126.0,42.0,84.0,42.0,42.0,216.0,420.0,
3890,42.0,42.0,168.0,84.0,126.0,552.0,210.0,
3891,42.0,168.0,210.0,202.0,168.0,210.0,504.0,
3892,42.0,84.0,42.0,168.0,48.0,126.0,630.0,
3893,42.0,84.0,210.0,294.0,84.0,168.0,252.0,
3894,42.0,42.0,42.0,210.0,126.0,300.0,168.0,
3895,42.0,126.0,84.0,210.0,252.0,252.0,210.0,
3896,42.0,126.0,252.0,168.0,126.0,588.0,334.0,
3897,48.0,42.0,84.0,42.0,42.0,210.0,252.0,
3898,42.0,42.0,294.0,210.0,42.0,420.0,462.0,
3899,42.0,126.0,168.0,252.0,126.0,168.0,84.0,
3900,42.0,84.0,210.0,210.0,48.0,378.0,126.0,
3901,42.0,126.0,210.0,90.0,42.0,210.0,42.0,
3902,42.0,126.0,168.0,126.0,168.0,84.0,42.0,
3903,42.0,84.0,210.0,210.0,84.0,126.0,42.0,
3904,84.0,42.0,126.0,84.0,210.0,84.0,126.0,
3905,42.0,168.0,255.0,210.0,168.0,168.0,84.0,
3906,42.0,252.0,126.0,420.0,126.0,462.0,294.0,
3907,42.0,126.0,42.0,84.0,42.0,84.0,252.0,
3908,42.0,126.0,126.0,126.0,252.0,378.0,210.0,
3909,42.0,160.0,42.0,126.0,126.0,42.0,210.0,
3910,42.0,168.0,126.0,210.0,84.0,252.0,888.0,
3911,42.0,132.0,126.0,420.0,42.0,84.0,252.0,
3912,48.0,126.0,168.0,168.0,42.0,168.0,798.0,
3913,42.0,42.0,168.0,84.0,42.0,336.0,258.0,
3914,42.0,84.0,84.0,84.0,84.0,84.0,216.0,
3915,42.0,84.0,168.0,168.0,168.0,210.0,84.0,
3916,42.0,210.0,126.0,252.0,84.0,168.0,252.0,
3917,42.0,42.0,126.0,210.0,84.0,126.0,168.0,
3918,42.0,84.0,42.0,168.0,42.0,84.0,42.0,
3919,42.0,42.0,168.0,84.0,126.0,210.0,168.0,
3920,84.0,126.0,126.0,168.0,84.0,126.0,510.0,
3921,42.0,84.0,84.0,42.0,168.0,126.0,210.0,
3922,42.0,126.0,42.0,210.0,126.0,126.0,84.0,
3923,84.0,84.0,42.0,84.0,42.0,42.0,210.0,
3924,42.0,84.0,126.0,384.0,126.0,168.0,42.0,
3925,42.0,42.0,210.0,378.0,210.0,252.0,84.0,
3926,42.0,126.0,84.0,168.0,84.0,168.0,84.0,
3927,42.0,210.0,84.0,126.0,84.0,216.0,462.0,
3928,126.0,42.0,362.0,42.0,126.0,42.0,42.0,
3929,42.0,84.0,42.0,381.0,84.0,168.0,420.0,
3930,42.0,42.0,210.0,168.0,252.0,294.0,420.0,
3931,42.0,84.0,126.0,174.0,84.0,294.0,168.0,
3932,42.0,84.0,168.0,210.0,42.0,168.0,84.0,
3933,42.0,42.0,84.0,462.0,126.0,210.0,210.0,
3934,42.0,84.0,84.0,42.0,42.0,84.0,420.0,
3935,42.0,42.0,42.0,84.0,168.0,168.0,300.0,
3936,42.0,42.0,210.0,294.0,42.0,126.0,592.0,
3937,48.0,42.0,252.0,252.0,210.0,168.0,84.0,
3938,42.0,42.0,126.0,504.0,42.0,210.0,630.0,
3939,42.0,84.0,132.0,210.0,210.0,126.0,294.0,
3940,42.0,84.0,174.0,210.0,126.0,84.0,84.0,
3941,126.0,84.0,126.0,210.0,84.0,294.0,294.0,
3942,42.0,42.0,42.0,294.0,126.0,336.0,210.0,
3943,42.0,154.0,84.0,258.0,168.0,84.0,359.0,
3944,42.0,126.0,84.0,42.0,42.0,252.0,126.0,
3945,42.0,42.0,126.0,210.0,42.0,210.0,126.0,
3946,42.0,84.0,126.0,42.0,42.0,84.0,210.0,
3947,84.0,84.0,126.0,216.0,84.0,404.0,504.0,
3948,42.0,129.0,294.0,210.0,42.0,126.0,168.0,
3949,84.0,168.0,126.0,126.0,126.0,42.0,168.0,
3950,84.0,84.0,84.0,84.0,84.0,84.0,336.0,
3951,42.0,42.0,84.0,362.0,84.0,168.0,84.0,
3952,42.0,42.0,168.0,252.0,84.0,294.0,168.0,
3953,84.0,42.0,126.0,126.0,84.0,84.0,378.0,
3954,42.0,90.0,255.0,168.0,168.0,84.0,630.0,
3955,42.0,168.0,42.0,168.0,42.0,84.0,84.0,
3956,84.0,126.0,210.0,168.0,84.0,126.0,210.0,
3957,42.0,84.0,168.0,42.0,126.0,42.0,336.0,
3958,42.0,42.0,294.0,336.0,84.0,84.0,420.0,
3959,42.0,126.0,342.0,210.0,42.0,126.0,336.0,
3960,42.0,84.0,168.0,252.0,42.0,213.0,252.0,
3961,42.0,168.0,126.0,126.0,42.0,126.0,42.0,
3962,48.0,42.0,294.0,42.0,42.0,84.0,252.0,
3963,42.0,42.0,42.0,84.0,132.0,294.0,252.0,
3964,84.0,294.0,168.0,210.0,84.0,42.0,168.0,
3965,42.0,168.0,84.0,252.0,126.0,168.0,294.0,
3966,42.0,168.0,126.0,252.0,42.0,42.0,168.0,
3967,42.0,42.0,126.0,168.0,84.0,84.0,448.0,
3968,42.0,42.0,252.0,210.0,84.0,168.0,168.0,
3969,84.0,84.0,84.0,168.0,42.0,84.0,84.0,
3970,84.0,84.0,168.0,210.0,84.0,508.0,336.0,
3971,42.0,84.0,168.0,280.0,129.0,168.0,462.0,
3972,42.0,210.0,126.0,252.0,126.0,252.0,294.0,
3973,42.0,42.0,168.0,168.0,126.0,42.0,252.0,
3974,42.0,42.0,252.0,42.0,42.0,252.0,168.0,
3975,42.0,42.0,168.0,180.0,42.0,126.0,126.0,
3976,42.0,126.0,42.0,42.0,84.0,168.0,168.0,
3977,84.0,84.0,252.0,168.0,210.0,84.0,294.0,
3978,42.0,216.0,42.0,252.0,42.0,42.0,42.0,
3979,42.0,126.0,42.0,42.0,84.0,84.0,392.0,
3980,42.0,84.0,126.0,423.0,126.0,168.0,126.0,
3981,42.0,84.0,126.0,168.0,84.0,336.0,252.0,
3982,42.0,42.0,396.0,84.0,210.0,84.0,378.0,
3983,42.0,84.0,126.0,126.0,42.0,42.0,168.0,
3984,42.0,126.0,168.0,210.0,168.0,210.0,210.0,
3985,84.0,42.0,168.0,546.0,84.0,252.0,294.0,
3986,42.0,84.0,84.0,42.0,42.0,210.0,504.0,
3987,42.0,84.0,168.0,126.0,84.0,126.0,438.0,
3988,84.0,168.0,210.0,84.0,42.0,126.0,342.0,
3989,42.0,84.0,42.0,84.0,90.0,42.0,336.0,
3990,42.0,84.0,174.0,84.0,84.0,210.0,297.0,
3991,42.0,84.0,42.0,546.0,14.0,126.0,426.0,
3992,42.0,42.0,126.0,258.0,84.0,188.0,210.0,
3993,42.0,252.0,168.0,420.0,166.0,168.0,294.0,
3994,42.0,210.0,42.0,168.0,168.0,42.0,294.0,
3995,42.0,252.0,174.0,168.0,28.0,168.0,336.0,
3996,42.0,126.0,84.0,294.0,56.0,294.0,126.0,
3997,42.0,42.0,252.0,126.0,42.0,252.0,210.0,
3998,42.0,84.0,84.0,586.0,168.0,210.0,384.0,
3999,42.0,84.0,168.0,42.0,42.0,84.0,252.0,
4000,42.0,42.0,126.0,84.0,126.0,336.0,210.0,
4001,42.0,126.0,42.0,210.0,210.0,462.0,84.0,
4002,84.0,42.0,84.0,339.0,252.0,84.0,336.0,
4003,42.0,126.0,126.0,42.0,126.0,42.0,168.0,
4004,42.0,146.0,168.0,294.0,84.0,126.0,396.0,
4005,42.0,84.0,168.0,378.0,210.0,42.0,42.0,
4006,42.0,210.0,126.0,42.0,42.0,126.0,294.0,
4007,42.0,126.0,84.0,126.0,84.0,252.0,210.0,
4008,42.0,174.0,84.0,210.0,126.0,168.0,294.0,
4009,48.0,42.0,168.0,252.0,42.0,252.0,252.0,
4010,126.0,126.0,42.0,42.0,126.0,42.0,294.0,
4011,42.0,42.0,84.0,336.0,126.0,126.0,84.0,
4012,126.0,42.0,42.0,168.0,126.0,84.0,210.0,
4013,42.0,126.0,168.0,42.0,126.0,210.0,252.0,
4014,42.0,84.0,126.0,294.0,168.0,126.0,42.0,
4015,42.0,42.0,126.0,42.0,126.0,336.0,294.0,
4016,42.0,42.0,84.0,168.0,168.0,42.0,84.0,
4017,28.0,84.0,336.0,210.0,84.0,126.0,258.0,
4018,42.0,126.0,42.0,168.0,84.0,210.0,210.0,
4019,42.0,126.0,42.0,168.0,126.0,126.0,126.0,
4020,87.0,252.0,126.0,210.0,126.0,84.0,258.0,
4021,42.0,84.0,168.0,252.0,84.0,42.0,255.0,
4022,42.0,168.0,126.0,84.0,42.0,126.0,420.0,
4023,48.0,168.0,168.0,168.0,84.0,210.0,294.0,
4024,42.0,84.0,84.0,126.0,42.0,504.0,294.0,
4025,42.0,84.0,336.0,126.0,210.0,168.0,168.0,
4026,42.0,168.0,126.0,168.0,42.0,336.0,168.0,
4027,42.0,42.0,42.0,252.0,84.0,210.0,126.0,
4028,42.0,42.0,126.0,294.0,84.0,336.0,378.0,
4029,42.0,42.0,168.0,320.0,42.0,378.0,378.0,
4030,42.0,126.0,126.0,210.0,126.0,42.0,126.0,
4031,42.0,84.0,84.0,294.0,210.0,426.0,42.0,
4032,42.0,132.0,210.0,84.0,84.0,126.0,378.0,
4033,42.0,42.0,210.0,168.0,84.0,174.0,420.0,
4034,42.0,210.0,384.0,84.0,168.0,84.0,168.0,
4035,42.0,213.0,210.0,168.0,126.0,174.0,210.0,
4036,42.0,42.0,84.0,168.0,48.0,210.0,210.0,
4037,42.0,42.0,210.0,126.0,168.0,84.0,84.0,
4038,42.0,90.0,42.0,168.0,84.0,471.0,126.0,
4039,42.0,42.0,84.0,84.0,294.0,286.0,252.0,
4040,42.0,84.0,126.0,384.0,252.0,126.0,252.0,
4041,42.0,126.0,42.0,168.0,42.0,504.0,294.0,
4042,42.0,42.0,252.0,126.0,42.0,126.0,252.0,
4043,42.0,84.0,252.0,168.0,185.0,420.0,210.0,
4044,42.0,42.0,255.0,84.0,42.0,84.0,216.0,
4045,42.0,42.0,84.0,42.0,84.0,84.0,168.0,
4046,42.0,42.0,210.0,42.0,168.0,210.0,210.0,
4047,42.0,84.0,252.0,210.0,84.0,84.0,84.0,
4048,42.0,126.0,168.0,407.0,210.0,210.0,252.0,
4049,42.0,42.0,210.0,252.0,42.0,42.0,294.0,
4050,42.0,42.0,168.0,126.0,84.0,294.0,42.0,
4051,42.0,84.0,168.0,294.0,42.0,168.0,336.0,
4052,42.0,84.0,126.0,210.0,42.0,126.0,252.0,
4053,42.0,84.0,202.0,210.0,42.0,462.0,126.0,
4054,42.0,118.0,42.0,42.0,42.0,42.0,168.0,
4055,42.0,42.0,126.0,420.0,42.0,420.0,210.0,
4056,42.0,84.0,84.0,84.0,56.0,168.0,168.0,
4057,42.0,42.0,210.0,336.0,168.0,84.0,252.0,
4058,42.0,42.0,252.0,42.0,42.0,126.0,420.0,
4059,42.0,42.0,126.0,210.0,42.0,342.0,168.0,
4060,42.0,42.0,168.0,84.0,84.0,126.0,381.0,
4061,42.0,84.0,168.0,210.0,42.0,462.0,420.0,
4062,42.0,42.0,168.0,42.0,210.0,126.0,210.0,
4063,42.0,84.0,42.0,42.0,84.0,168.0,168.0,
4064,42.0,42.0,84.0,378.0,84.0,84.0,42.0,
4065,42.0,126.0,252.0,252.0,84.0,336.0,300.0,
4066,42.0,42.0,168.0,258.0,126.0,126.0,278.0,
4067,42.0,42.0,42.0,210.0,126.0,210.0,294.0,
4068,42.0,112.0,42.0,126.0,84.0,210.0,210.0,
4069,42.0,126.0,84.0,84.0,84.0,126.0,84.0,
4070,42.0,42.0,126.0,168.0,208.0,126.0,252.0,
4071,42.0,126.0,126.0,210.0,42.0,42.0,168.0,
4072,42.0,42.0,168.0,252.0,42.0,84.0,378.0,
4073,42.0,84.0,168.0,336.0,84.0,168.0,294.0,
4074,42.0,42.0,126.0,168.0,84.0,168.0,252.0,
4075,42.0,42.0,168.0,126.0,84.0,252.0,126.0,
4076,42.0,126.0,126.0,168.0,84.0,84.0,462.0,
4077,42.0,84.0,42.0,210.0,84.0,210.0,84.0,
4078,42.0,84.0,126.0,168.0,42.0,336.0,42.0,
4079,42.0,42.0,126.0,210.0,84.0,297.0,336.0,
4080,42.0,84.0,336.0,168.0,132.0,426.0,546.0,
4081,14.0,252.0,126.0,340.0,126.0,336.0,126.0,
4082,42.0,168.0,84.0,252.0,210.0,42.0,420.0,
4083,42.0,126.0,258.0,42.0,42.0,378.0,342.0,
4084,42.0,84.0,42.0,84.0,126.0,174.0,504.0,
4085,42.0,84.0,278.0,336.0,168.0,168.0,126.0,
4086,42.0,84.0,168.0,252.0,342.0,42.0,210.0,
4087,42.0,168.0,84.0,42.0,210.0,160.0,252.0,
4088,42.0,42.0,252.0,210.0,216.0,126.0,42.0,
4089,42.0,126.0,126.0,42.0,84.0,168.0,210.0,
4090,28.0,42.0,42.0,168.0,42.0,42.0,168.0,
4091,42.0,84.0,84.0,168.0,168.0,42.0,294.0,
4092,14.0,255.0,126.0,210.0,126.0,194.0,168.0,
4093,42.0,84.0,84.0,252.0,84.0,378.0,126.0,
4094,42.0,42.0,210.0,84.0,126.0,420.0,460.0,
4095,42.0,84.0,84.0,252.0,154.0,42.0,42.0,
4096,42.0,84.0,210.0,84.0,168.0,126.0,294.0,
4097,42.0,236.0,84.0,126.0,126.0,42.0,336.0,
4098,42.0,168.0,90.0,210.0,84.0,210.0,504.0,
4099,42.0,126.0,42.0,84.0,42.0,294.0,462.0,
4100,42.0,42.0,42.0,462.0,42.0,294.0,378.0,
4101,42.0,210.0,42.0,84.0,42.0,252.0,210.0,
4102,42.0,210.0,126.0,252.0,42.0,168.0,126.0,
4103,84.0,252.0,42.0,126.0,84.0,168.0,336.0,
4104,42.0,168.0,210.0,210.0,210.0,210.0,168.0,
4105,126.0,42.0,180.0,378.0,42.0,168.0,413.0,
4106,84.0,168.0,84.0,168.0,42.0,42.0,462.0,
4107,42.0,84.0,84.0,460.0,42.0,602.0,672.0,
4108,42.0,42.0,126.0,126.0,84.0,126.0,336.0,
4109,84.0,42.0,126.0,294.0,42.0,126.0,252.0,
4110,84.0,126.0,84.0,42.0,84.0,126.0,294.0,
4111,28.0,42.0,210.0,168.0,84.0,252.0,336.0,
4112,42.0,126.0,392.0,252.0,126.0,84.0,252.0,
4113,42.0,126.0,252.0,255.0,168.0,160.0,210.0,
4114,84.0,174.0,42.0,216.0,84.0,210.0,546.0,
4115,42.0,42.0,42.0,42.0,84.0,510.0,342.0,
4116,42.0,84.0,210.0,168.0,252.0,300.0,252.0,
4117,42.0,42.0,252.0,168.0,168.0,168.0,84.0,
4118,42.0,42.0,168.0,126.0,42.0,126.0,294.0,
4119,42.0,84.0,294.0,126.0,126.0,210.0,252.0,
4120,84.0,84.0,210.0,84.0,210.0,84.0,216.0,
4121,42.0,84.0,168.0,84.0,126.0,378.0,84.0,
4122,42.0,42.0,42.0,42.0,42.0,336.0,168.0,
4123,42.0,84.0,168.0,252.0,84.0,168.0,252.0,
4124,42.0,84.0,42.0,126.0,126.0,294.0,630.0,
4125,42.0,168.0,339.0,252.0,42.0,84.0,252.0,
4126,84.0,42.0,126.0,252.0,126.0,252.0,378.0,
4127,42.0,210.0,126.0,462.0,42.0,126.0,412.0,
4128,42.0,126.0,168.0,84.0,42.0,252.0,126.0,
4129,42.0,168.0,84.0,84.0,48.0,84.0,210.0,
4130,42.0,84.0,84.0,168.0,210.0,42.0,126.0,
4131,42.0,132.0,210.0,168.0,210.0,126.0,84.0,
4132,14.0,42.0,328.0,168.0,42.0,84.0,420.0,
4133,42.0,126.0,216.0,126.0,168.0,42.0,294.0,
4134,126.0,126.0,126.0,420.0,42.0,252.0,210.0,
4135,42.0,84.0,42.0,252.0,252.0,294.0,294.0,
4136,42.0,84.0,168.0,404.0,42.0,84.0,42.0,
4137,42.0,84.0,210.0,210.0,84.0,168.0,462.0,
4138,42.0,90.0,84.0,426.0,84.0,84.0,42.0,
4139,42.0,126.0,126.0,336.0,42.0,42.0,294.0,
4140,42.0,84.0,42.0,42.0,84.0,126.0,378.0,
4141,42.0,126.0,42.0,210.0,48.0,336.0,210.0,
4142,42.0,294.0,294.0,42.0,42.0,168.0,168.0,
4143,42.0,42.0,168.0,294.0,84.0,252.0,84.0,
4144,84.0,42.0,210.0,168.0,42.0,216.0,174.0,
4145,42.0,42.0,336.0,210.0,84.0,168.0,390.0,
4146,84.0,126.0,84.0,210.0,42.0,168.0,339.0,
4147,42.0,84.0,252.0,168.0,70.0,252.0,420.0,
4148,84.0,126.0,126.0,84.0,210.0,174.0,294.0,
4149,42.0,126.0,42.0,168.0,126.0,84.0,168.0,
4150,42.0,42.0,84.0,210.0,168.0,126.0,336.0,
4151,42.0,84.0,126.0,126.0,42.0,294.0,168.0,
4152,42.0,42.0,42.0,168.0,84.0,216.0,396.0,
4153,42.0,126.0,322.0,294.0,126.0,84.0,546.0,
4154,42.0,42.0,42.0,84.0,42.0,210.0,252.0,
4155,42.0,42.0,126.0,210.0,42.0,210.0,210.0,
4156,42.0,42.0,168.0,168.0,84.0,339.0,252.0,
4157,42.0,84.0,168.0,126.0,252.0,84.0,168.0,
4158,42.0,42.0,84.0,84.0,84.0,42.0,462.0,
4159,42.0,42.0,126.0,42.0,42.0,84.0,294.0,
4160,42.0,84.0,42.0,168.0,42.0,210.0,546.0,
4161,42.0,84.0,210.0,168.0,42.0,420.0,252.0,
4162,42.0,84.0,84.0,252.0,174.0,168.0,42.0,
4163,42.0,84.0,84.0,84.0,42.0,252.0,294.0,
4164,84.0,42.0,126.0,294.0,210.0,336.0,210.0,
4165,42.0,42.0,126.0,84.0,210.0,252.0,168.0,
4166,42.0,126.0,42.0,294.0,84.0,42.0,294.0,
4167,42.0,126.0,42.0,42.0,42.0,84.0,420.0,
4168,42.0,126.0,236.0,168.0,84.0,264.0,294.0,
4169,42.0,42.0,42.0,168.0,210.0,84.0,168.0,
4170,42.0,168.0,42.0,84.0,84.0,84.0,420.0,
4171,42.0,126.0,84.0,252.0,168.0,252.0,420.0,
4172,42.0,42.0,168.0,42.0,42.0,294.0,210.0,
4173,42.0,42.0,210.0,210.0,168.0,252.0,378.0,
4174,126.0,48.0,42.0,252.0,168.0,126.0,468.0,
4175,84.0,42.0,84.0,354.0,42.0,126.0,342.0,
4176,48.0,84.0,42.0,210.0,48.0,168.0,336.0,
4177,42.0,42.0,168.0,42.0,42.0,84.0,420.0,
4178,42.0,42.0,210.0,126.0,84.0,378.0,840.0,
4179,42.0,84.0,84.0,126.0,84.0,84.0,252.0,
4180,42.0,42.0,126.0,168.0,42.0,126.0,126.0,
4181,42.0,168.0,168.0,168.0,42.0,294.0,342.0,
4182,42.0,126.0,84.0,84.0,42.0,336.0,504.0,
4183,42.0,126.0,84.0,392.0,84.0,258.0,168.0,
4184,84.0,168.0,462.0,168.0,42.0,336.0,252.0,
4185,84.0,42.0,126.0,294.0,42.0,252.0,490.0,
4186,42.0,42.0,42.0,216.0,168.0,42.0,168.0,
4187,42.0,84.0,168.0,174.0,168.0,258.0,594.0,
4188,42.0,84.0,252.0,210.0,140.0,126.0,42.0,
4189,42.0,84.0,84.0,210.0,126.0,126.0,252.0,
4190,42.0,42.0,252.0,294.0,168.0,252.0,462.0,
4191,42.0,112.0,168.0,384.0,42.0,168.0,84.0,
4192,42.0,84.0,42.0,210.0,168.0,210.0,348.0,
4193,42.0,168.0,320.0,126.0,238.0,378.0,336.0,
4194,42.0,42.0,210.0,42.0,84.0,126.0,462.0,
4195,42.0,42.0,210.0,210.0,132.0,210.0,252.0,
4196,48.0,168.0,84.0,252.0,213.0,378.0,168.0,
4197,42.0,84.0,84.0,168.0,84.0,168.0,462.0,
4198,42.0,126.0,168.0,168.0,42.0,168.0,168.0,
4199,42.0,210.0,126.0,42.0,104.0,348.0,336.0,
4200,87.0,168.0,168.0,336.0,126.0,252.0,294.0,
4201,42.0,126.0,210.0,126.0,294.0,210.0,353.0,
4202,42.0,126.0,126.0,168.0,84.0,126.0,210.0,
4203,42.0,42.0,126.0,252.0,84.0,294.0,756.0,
4204,42.0,42.0,126.0,126.0,126.0,210.0,454.0,
4205,42.0,84.0,84.0,294.0,42.0,168.0,126.0,
4206,84.0,84.0,168.0,210.0,42.0,336.0,504.0,
4207,42.0,126.0,126.0,294.0,42.0,126.0,336.0,
4208,84.0,84.0,168.0,168.0,84.0,42.0,84.0,
4209,42.0,84.0,42.0,210.0,42.0,336.0,210.0,
4210,42.0,84.0,210.0,255.0,168.0,252.0,126.0,
4211,42.0,42.0,210.0,210.0,126.0,213.0,84.0,
4212,84.0,168.0,84.0,42.0,84.0,252.0,168.0,
4213,42.0,42.0,210.0,42.0,84.0,168.0,336.0,
4214,126.0,168.0,42.0,294.0,42.0,336.0,336.0,
4215,42.0,132.0,42.0,126.0,84.0,84.0,252.0,
4216,42.0,42.0,168.0,168.0,42.0,300.0,378.0,
4217,48.0,126.0,384.0,322.0,84.0,294.0,42.0,
4218,42.0,84.0,168.0,210.0,126.0,84.0,546.0,
4219,84.0,90.0,84.0,258.0,126.0,362.0,210.0,
4220,42.0,42.0,42.0,294.0,42.0,84.0,84.0,
4221,42.0,84.0,84.0,84.0,210.0,168.0,42.0,
4222,42.0,126.0,294.0,210.0,168.0,252.0,294.0,
4223,42.0,42.0,168.0,294.0,42.0,168.0,42.0,
4224,42.0,84.0,42.0,168.0,84.0,252.0,462.0,
4225,42.0,84.0,238.0,168.0,42.0,126.0,413.0,
4226,42.0,84.0,126.0,336.0,42.0,168.0,126.0,
4227,42.0,84.0,84.0,434.0,168.0,126.0,294.0,
4228,42.0,42.0,168.0,252.0,168.0,168.0,210.0,
4229,42.0,168.0,210.0,210.0,84.0,168.0,252.0,
4230,42.0,42.0,126.0,42.0,42.0,210.0,126.0,
4231,42.0,84.0,90.0,168.0,84.0,244.0,168.0,
4232,42.0,90.0,42.0,294.0,126.0,462.0,630.0,
4233,42.0,42.0,255.0,126.0,126.0,168.0,378.0,
4234,126.0,168.0,294.0,84.0,126.0,210.0,384.0,
4235,42.0,84.0,252.0,42.0,84.0,84.0,252.0,
4236,42.0,126.0,84.0,210.0,126.0,210.0,678.0,
4237,42.0,168.0,210.0,210.0,42.0,294.0,210.0,
4238,42.0,126.0,168.0,84.0,84.0,42.0,210.0,
4239,48.0,126.0,84.0,252.0,42.0,336.0,168.0,
4240,42.0,84.0,210.0,252.0,126.0,126.0,126.0,
4241,42.0,126.0,84.0,168.0,42.0,168.0,210.0,
4242,42.0,132.0,174.0,168.0,42.0,252.0,924.0,
4243,42.0,126.0,126.0,180.0,138.0,210.0,378.0,
4244,42.0,84.0,174.0,168.0,84.0,42.0,336.0,
4245,42.0,84.0,126.0,336.0,42.0,168.0,336.0,
4246,126.0,42.0,42.0,373.0,42.0,168.0,378.0,
4247,42.0,252.0,42.0,126.0,129.0,168.0,84.0,
4248,42.0,84.0,168.0,252.0,42.0,294.0,294.0,
4249,42.0,84.0,42.0,126.0,84.0,42.0,210.0,
4250,42.0,42.0,84.0,216.0,84.0,378.0,168.0,
4251,42.0,84.0,42.0,168.0,126.0,84.0,210.0,
4252,28.0,126.0,84.0,210.0,84.0,294.0,252.0,
4253,42.0,126.0,126.0,252.0,42.0,42.0,378.0,
4254,42.0,126.0,42.0,294.0,168.0,168.0,588.0,
4255,42.0,210.0,42.0,168.0,42.0,210.0,168.0,
4256,42.0,42.0,210.0,210.0,126.0,48.0,504.0,
4257,42.0,132.0,168.0,210.0,42.0,210.0,126.0,
4258,42.0,84.0,126.0,126.0,210.0,84.0,126.0,
4259,42.0,42.0,168.0,168.0,42.0,510.0,378.0,
4260,42.0,168.0,42.0,42.0,42.0,465.0,507.0,
4261,42.0,168.0,126.0,42.0,84.0,168.0,42.0,
4262,42.0,84.0,168.0,258.0,42.0,126.0,510.0,
4263,42.0,42.0,202.0,294.0,126.0,210.0,544.0,
4264,42.0,84.0,294.0,168.0,42.0,126.0,252.0,
4265,42.0,126.0,84.0,252.0,42.0,294.0,42.0,
4266,42.0,42.0,294.0,84.0,300.0,126.0,420.0,
4267,42.0,42.0,42.0,168.0,126.0,168.0,462.0,
4268,42.0,42.0,210.0,336.0,42.0,168.0,168.0,
4269,42.0,84.0,168.0,42.0,126.0,84.0,168.0,
4270,42.0,42.0,84.0,252.0,168.0,216.0,378.0,
4271,42.0,168.0,126.0,126.0,84.0,42.0,168.0,
4272,42.0,126.0,168.0,84.0,42.0,126.0,126.0,
4273,42.0,42.0,84.0,84.0,42.0,252.0,420.0,
4274,42.0,42.0,168.0,42.0,42.0,42.0,210.0,
4275,42.0,84.0,168.0,294.0,84.0,168.0,510.0,
4276,42.0,126.0,126.0,384.0,84.0,42.0,126.0,
4277,42.0,84.0,210.0,294.0,84.0,126.0,236.0,
4278,42.0,42.0,126.0,168.0,84.0,84.0,420.0,
4279,42.0,168.0,126.0,210.0,42.0,42.0,252.0,
4280,42.0,42.0,210.0,210.0,42.0,84.0,630.0,
4281,42.0,42.0,213.0,216.0,42.0,210.0,336.0,
4282,42.0,42.0,84.0,168.0,168.0,126.0,84.0,
4283,84.0,84.0,210.0,168.0,84.0,210.0,294.0,
4284,42.0,146.0,42.0,252.0,84.0,210.0,210.0,
4285,48.0,42.0,168.0,294.0,84.0,210.0,42.0,
4286,42.0,126.0,174.0,126.0,222.0,252.0,560.0,
4287,42.0,42.0,168.0,84.0,42.0,84.0,168.0,
4288,42.0,168.0,252.0,42.0,42.0,126.0,252.0,
4289,42.0,171.0,168.0,210.0,42.0,378.0,42.0,
4290,42.0,42.0,42.0,126.0,42.0,210.0,168.0,
4291,42.0,84.0,42.0,401.0,126.0,126.0,84.0,
4292,42.0,42.0,258.0,84.0,42.0,84.0,504.0,
4293,42.0,42.0,252.0,210.0,42.0,90.0,378.0,
4294,42.0,126.0,210.0,294.0,210.0,168.0,294.0,
4295,42.0,84.0,42.0,252.0,42.0,168.0,210.0,
4296,42.0,42.0,294.0,126.0,294.0,350.0,84.0,
4297,42.0,168.0,42.0,210.0,84.0,84.0,252.0,
4298,42.0,210.0,126.0,546.0,42.0,252.0,546.0,
4299,42.0,126.0,210.0,84.0,126.0,336.0,606.0,
4300,42.0,294.0,42.0,168.0,118.0,202.0,168.0,
4301,42.0,84.0,168.0,168.0,126.0,549.0,420.0,
4302,42.0,84.0,42.0,84.0,42.0,126.0,258.0,
4303,42.0,126.0,168.0,126.0,84.0,42.0,252.0,
4304,42.0,126.0,42.0,210.0,84.0,252.0,378.0,
4305,42.0,126.0,84.0,210.0,252.0,168.0,336.0,
4306,42.0,42.0,126.0,294.0,42.0,336.0,252.0,
4307,42.0,168.0,168.0,168.0,168.0,336.0,294.0,
4308,42.0,126.0,126.0,252.0,210.0,476.0,126.0,
4309,42.0,84.0,294.0,42.0,42.0,168.0,499.0,
4310,48.0,168.0,252.0,340.0,84.0,126.0,210.0,
4311,42.0,42.0,278.0,126.0,126.0,126.0,210.0,
4312,42.0,42.0,168.0,42.0,42.0,42.0,126.0,
4313,42.0,168.0,126.0,126.0,14.0,460.0,126.0,
4314,42.0,42.0,84.0,42.0,42.0,294.0,84.0,
4315,42.0,84.0,84.0,126.0,84.0,126.0,300.0,
4316,42.0,84.0,90.0,168.0,84.0,294.0,462.0,
4317,42.0,126.0,42.0,84.0,42.0,42.0,420.0,
4318,42.0,42.0,126.0,126.0,84.0,252.0,210.0,
4319,42.0,126.0,126.0,252.0,84.0,168.0,252.0,
4320,14.0,84.0,126.0,210.0,126.0,168.0,336.0,
4321,42.0,126.0,168.0,126.0,126.0,126.0,84.0,
4322,42.0,84.0,126.0,126.0,84.0,210.0,462.0,
4323,42.0,42.0,126.0,42.0,42.0,342.0,168.0,
4324,42.0,174.0,42.0,126.0,168.0,210.0,252.0,
4325,42.0,126.0,42.0,210.0,168.0,449.0,462.0,
4326,42.0,42.0,168.0,168.0,48.0,42.0,42.0,
4327,42.0,126.0,168.0,252.0,84.0,294.0,429.0,
4328,42.0,126.0,126.0,336.0,126.0,378.0,210.0,
4329,42.0,42.0,42.0,126.0,210.0,216.0,168.0,
4330,42.0,252.0,126.0,378.0,42.0,126.0,294.0,
4331,42.0,126.0,84.0,168.0,126.0,42.0,336.0,
4332,48.0,84.0,168.0,252.0,42.0,168.0,126.0,
4333,84.0,42.0,252.0,420.0,126.0,336.0,294.0,
4334,42.0,168.0,210.0,210.0,42.0,168.0,168.0,
4335,42.0,171.0,126.0,300.0,168.0,84.0,216.0,
4336,84.0,84.0,168.0,420.0,84.0,126.0,546.0,
4337,42.0,84.0,168.0,168.0,84.0,210.0,210.0,
4338,42.0,84.0,252.0,84.0,168.0,252.0,126.0,
4339,84.0,84.0,126.0,168.0,126.0,424.0,210.0,
4340,126.0,42.0,84.0,42.0,126.0,42.0,594.0,
4341,126.0,42.0,336.0,126.0,126.0,126.0,210.0,
4342,84.0,160.0,126.0,440.0,48.0,252.0,126.0,
4343,42.0,42.0,126.0,126.0,42.0,84.0,348.0,
4344,84.0,252.0,210.0,168.0,168.0,210.0,336.0,
4345,42.0,90.0,42.0,336.0,42.0,378.0,294.0,
4346,42.0,168.0,84.0,294.0,84.0,252.0,252.0,
4347,42.0,42.0,126.0,84.0,42.0,252.0,546.0,
4348,42.0,42.0,42.0,252.0,84.0,126.0,210.0,
4349,42.0,294.0,84.0,42.0,294.0,294.0,42.0,
4350,42.0,42.0,168.0,294.0,42.0,126.0,168.0,
4351,42.0,42.0,210.0,252.0,84.0,336.0,252.0,
4352,42.0,84.0,210.0,376.0,84.0,126.0,336.0,
4353,42.0,84.0,132.0,364.0,42.0,168.0,252.0,
4354,42.0,42.0,210.0,84.0,42.0,462.0,378.0,
4355,126.0,84.0,84.0,210.0,42.0,126.0,426.0,
4356,42.0,126.0,264.0,126.0,42.0,252.0,252.0,
4357,42.0,126.0,216.0,84.0,126.0,378.0,420.0,
4358,42.0,42.0,294.0,168.0,42.0,252.0,42.0,
4359,84.0,42.0,42.0,294.0,48.0,42.0,,
4360,42.0,126.0,168.0,42.0,42.0,126.0,,
4361,42.0,42.0,84.0,42.0,42.0,252.0,,
4362,42.0,132.0,84.0,126.0,84.0,84.0,,
4363,84.0,84.0,210.0,210.0,84.0,42.0,,
4364,48.0,126.0,300.0,252.0,84.0,294.0,,
4365,84.0,84.0,168.0,336.0,84.0,84.0,,
4366,84.0,84.0,168.0,42.0,84.0,42.0,,
4367,84.0,42.0,252.0,210.0,42.0,252.0,,
4368,126.0,42.0,168.0,252.0,42.0,126.0,,
4369,42.0,42.0,126.0,84.0,126.0,210.0,,
4370,42.0,168.0,126.0,168.0,126.0,126.0,,
4371,42.0,168.0,126.0,294.0,90.0,42.0,,
4372,84.0,42.0,42.0,84.0,84.0,294.0,,
4373,42.0,42.0,42.0,42.0,168.0,210.0,,
4374,42.0,42.0,84.0,84.0,126.0,126.0,,
4375,42.0,168.0,42.0,336.0,168.0,42.0,,
4376,42.0,84.0,168.0,210.0,42.0,42.0,,
4377,42.0,126.0,168.0,210.0,42.0,126.0,,
4378,42.0,42.0,252.0,42.0,210.0,294.0,,
4379,42.0,84.0,126.0,126.0,42.0,252.0,,
4380,42.0,42.0,84.0,168.0,84.0,210.0,,
4381,28.0,42.0,42.0,168.0,84.0,84.0,,
4382,42.0,210.0,84.0,210.0,168.0,336.0,,
4383,84.0,84.0,294.0,365.0,84.0,353.0,,
4384,42.0,42.0,126.0,126.0,168.0,168.0,,
4385,42.0,42.0,84.0,42.0,42.0,84.0,,
4386,42.0,84.0,84.0,42.0,87.0,42.0,,
4387,42.0,42.0,84.0,210.0,42.0,168.0,,
4388,42.0,42.0,252.0,168.0,90.0,168.0,,
4389,42.0,152.0,84.0,294.0,42.0,252.0,,
4390,48.0,42.0,174.0,258.0,84.0,126.0,,
4391,48.0,126.0,210.0,210.0,42.0,126.0,,
4392,84.0,126.0,126.0,336.0,126.0,294.0,,
4393,84.0,84.0,126.0,126.0,84.0,294.0,,
4394,42.0,126.0,126.0,210.0,84.0,252.0,,
4395,42.0,42.0,213.0,210.0,126.0,336.0,,
4396,42.0,42.0,126.0,168.0,42.0,126.0,,
4397,42.0,42.0,84.0,294.0,84.0,210.0,,
4398,42.0,84.0,210.0,42.0,84.0,252.0,,
4399,42.0,84.0,168.0,168.0,132.0,42.0,,
4400,42.0,84.0,126.0,126.0,252.0,84.0,,
4401,42.0,42.0,126.0,294.0,84.0,168.0,,
4402,84.0,84.0,42.0,210.0,84.0,252.0,,
4403,42.0,42.0,42.0,252.0,42.0,426.0,,
4404,42.0,42.0,42.0,168.0,84.0,42.0,,
4405,42.0,126.0,42.0,210.0,42.0,126.0,,
4406,42.0,126.0,84.0,42.0,168.0,168.0,,
4407,42.0,168.0,126.0,420.0,126.0,84.0,,
4408,48.0,84.0,84.0,42.0,84.0,252.0,,
4409,42.0,126.0,168.0,210.0,42.0,42.0,,
4410,42.0,168.0,84.0,210.0,84.0,210.0,,
4411,126.0,126.0,168.0,210.0,84.0,392.0,,
4412,42.0,84.0,210.0,126.0,42.0,42.0,,
4413,42.0,132.0,126.0,510.0,84.0,126.0,,
4414,42.0,84.0,168.0,210.0,84.0,252.0,,
4415,42.0,168.0,252.0,174.0,84.0,168.0,,
4416,126.0,84.0,168.0,126.0,42.0,168.0,,
4417,42.0,42.0,213.0,126.0,42.0,264.0,,
4418,42.0,84.0,168.0,252.0,210.0,42.0,,
4419,42.0,126.0,42.0,168.0,168.0,216.0,,
4420,42.0,42.0,168.0,378.0,42.0,294.0,,
4421,42.0,168.0,84.0,84.0,42.0,42.0,,
4422,42.0,84.0,126.0,168.0,126.0,572.0,,
4423,42.0,84.0,210.0,390.0,42.0,336.0,,
4424,84.0,84.0,180.0,168.0,56.0,210.0,,
4425,42.0,252.0,126.0,294.0,84.0,42.0,,
4426,42.0,42.0,84.0,345.0,126.0,294.0,,
4427,42.0,42.0,168.0,84.0,126.0,168.0,,
4428,42.0,126.0,252.0,42.0,42.0,588.0,,
4429,42.0,168.0,126.0,504.0,42.0,336.0,,
4430,42.0,42.0,126.0,168.0,42.0,126.0,,
4431,42.0,84.0,84.0,210.0,42.0,210.0,,
4432,42.0,42.0,168.0,84.0,84.0,210.0,,
4433,84.0,126.0,42.0,42.0,14.0,42.0,,
4434,42.0,84.0,84.0,210.0,84.0,210.0,,
4435,42.0,126.0,168.0,84.0,126.0,168.0,,
4436,42.0,84.0,84.0,126.0,126.0,84.0,,
4437,42.0,168.0,294.0,42.0,42.0,252.0,,
4438,42.0,168.0,126.0,126.0,70.0,462.0,,
4439,42.0,126.0,168.0,84.0,42.0,252.0,,
4440,42.0,84.0,42.0,168.0,42.0,84.0,,
4441,42.0,84.0,126.0,168.0,28.0,378.0,,
4442,42.0,42.0,126.0,210.0,252.0,84.0,,
4443,42.0,84.0,126.0,42.0,84.0,252.0,,
4444,42.0,84.0,42.0,126.0,126.0,132.0,,
4445,42.0,160.0,126.0,126.0,126.0,210.0,,
4446,48.0,171.0,84.0,546.0,84.0,300.0,,
4447,42.0,42.0,42.0,210.0,84.0,126.0,,
4448,42.0,84.0,84.0,210.0,42.0,294.0,,
4449,42.0,84.0,252.0,84.0,42.0,252.0,,
4450,42.0,42.0,126.0,252.0,42.0,42.0,,
4451,42.0,126.0,252.0,168.0,126.0,126.0,,
4452,42.0,42.0,168.0,168.0,42.0,42.0,,
4453,42.0,42.0,126.0,42.0,126.0,294.0,,
4454,42.0,84.0,252.0,84.0,42.0,126.0,,
4455,42.0,126.0,378.0,336.0,42.0,294.0,,
4456,42.0,126.0,370.0,294.0,132.0,210.0,,
4457,42.0,126.0,168.0,126.0,210.0,255.0,,
4458,84.0,42.0,84.0,168.0,42.0,384.0,,
4459,42.0,84.0,84.0,168.0,84.0,84.0,,
4460,42.0,42.0,126.0,42.0,42.0,294.0,,
4461,42.0,42.0,42.0,84.0,126.0,126.0,,
4462,42.0,126.0,168.0,252.0,42.0,252.0,,
4463,42.0,132.0,252.0,252.0,84.0,126.0,,
4464,42.0,42.0,42.0,336.0,42.0,420.0,,
4465,42.0,126.0,210.0,336.0,42.0,252.0,,
4466,84.0,42.0,210.0,210.0,210.0,336.0,,
4467,42.0,84.0,168.0,510.0,84.0,252.0,,
4468,42.0,84.0,42.0,126.0,42.0,210.0,,
4469,42.0,132.0,278.0,42.0,84.0,168.0,,
4470,28.0,236.0,42.0,42.0,90.0,336.0,,
4471,42.0,84.0,168.0,210.0,42.0,252.0,,
4472,42.0,126.0,126.0,252.0,126.0,286.0,,
4473,42.0,252.0,84.0,432.0,42.0,42.0,,
4474,42.0,42.0,84.0,222.0,168.0,84.0,,
4475,42.0,168.0,294.0,168.0,42.0,168.0,,
4476,87.0,252.0,42.0,252.0,84.0,126.0,,
4477,42.0,84.0,126.0,84.0,42.0,168.0,,
4478,42.0,42.0,84.0,252.0,84.0,252.0,,
4479,42.0,42.0,42.0,252.0,42.0,252.0,,
4480,42.0,42.0,168.0,168.0,42.0,84.0,,
4481,42.0,84.0,174.0,258.0,42.0,546.0,,
4482,42.0,126.0,84.0,168.0,42.0,42.0,,
4483,42.0,126.0,42.0,294.0,84.0,84.0,,
4484,42.0,42.0,84.0,42.0,42.0,194.0,,
4485,42.0,126.0,126.0,168.0,252.0,84.0,,
4486,42.0,42.0,84.0,168.0,252.0,216.0,,
4487,42.0,42.0,42.0,168.0,210.0,504.0,,
4488,42.0,84.0,126.0,126.0,42.0,84.0,,
4489,42.0,126.0,126.0,126.0,126.0,210.0,,
4490,42.0,42.0,126.0,168.0,42.0,168.0,,
4491,42.0,168.0,126.0,210.0,84.0,168.0,,
4492,42.0,42.0,126.0,126.0,84.0,126.0,,
4493,42.0,42.0,42.0,126.0,252.0,252.0,,
4494,42.0,42.0,42.0,42.0,42.0,462.0,,
4495,42.0,42.0,168.0,168.0,210.0,84.0,,
4496,42.0,42.0,84.0,381.0,84.0,84.0,,
4497,42.0,84.0,168.0,84.0,84.0,126.0,,
4498,42.0,168.0,42.0,210.0,84.0,84.0,,
4499,42.0,126.0,168.0,84.0,84.0,126.0,,
4500,42.0,42.0,84.0,42.0,84.0,42.0,,
4501,42.0,126.0,294.0,168.0,42.0,126.0,,
4502,42.0,84.0,168.0,168.0,126.0,168.0,,
4503,42.0,42.0,42.0,252.0,84.0,84.0,,
4504,42.0,126.0,278.0,378.0,42.0,168.0,,
4505,42.0,42.0,210.0,210.0,84.0,228.0,,
4506,42.0,84.0,216.0,339.0,129.0,126.0,,
4507,42.0,42.0,252.0,210.0,132.0,294.0,,
4508,42.0,42.0,84.0,126.0,84.0,118.0,,
4509,42.0,84.0,168.0,84.0,168.0,216.0,,
4510,42.0,126.0,126.0,252.0,84.0,168.0,,
4511,42.0,84.0,168.0,420.0,42.0,168.0,,
4512,42.0,126.0,168.0,210.0,42.0,168.0,,
4513,42.0,42.0,42.0,210.0,294.0,210.0,,
4514,42.0,84.0,168.0,336.0,168.0,378.0,,
4515,42.0,126.0,252.0,210.0,84.0,42.0,,
4516,42.0,84.0,210.0,42.0,42.0,126.0,,
4517,42.0,84.0,210.0,84.0,42.0,350.0,,
4518,42.0,126.0,294.0,294.0,42.0,42.0,,
4519,42.0,84.0,378.0,84.0,84.0,168.0,,
4520,42.0,126.0,132.0,84.0,84.0,252.0,,
4521,42.0,126.0,84.0,210.0,42.0,42.0,,
4522,42.0,42.0,84.0,252.0,90.0,42.0,,
4523,42.0,236.0,126.0,376.0,42.0,42.0,,
4524,42.0,84.0,168.0,420.0,42.0,42.0,,
4525,42.0,168.0,84.0,210.0,42.0,84.0,,
4526,42.0,42.0,126.0,84.0,84.0,294.0,,
4527,42.0,84.0,126.0,168.0,42.0,126.0,,
4528,42.0,168.0,126.0,84.0,126.0,84.0,,
4529,42.0,210.0,84.0,168.0,84.0,213.0,,
4530,42.0,42.0,42.0,168.0,336.0,42.0,,
4531,42.0,42.0,126.0,294.0,168.0,168.0,,
4532,42.0,42.0,84.0,126.0,42.0,42.0,,
4533,42.0,84.0,42.0,420.0,210.0,168.0,,
4534,42.0,84.0,168.0,84.0,126.0,168.0,,
4535,42.0,84.0,336.0,468.0,42.0,210.0,,
4536,42.0,126.0,42.0,126.0,84.0,168.0,,
4537,14.0,126.0,42.0,252.0,42.0,42.0,,
4538,42.0,84.0,294.0,210.0,168.0,42.0,,
4539,42.0,84.0,42.0,168.0,84.0,126.0,,
4540,42.0,126.0,42.0,168.0,174.0,252.0,,
4541,42.0,84.0,84.0,42.0,42.0,336.0,,
4542,42.0,126.0,168.0,168.0,168.0,42.0,,
4543,42.0,210.0,126.0,216.0,126.0,210.0,,
4544,42.0,42.0,126.0,126.0,28.0,210.0,,
4545,42.0,84.0,213.0,168.0,84.0,42.0,,
4546,42.0,168.0,126.0,84.0,84.0,84.0,,
4547,42.0,42.0,294.0,126.0,84.0,210.0,,
4548,14.0,126.0,238.0,294.0,168.0,168.0,,
4549,42.0,42.0,126.0,84.0,42.0,84.0,,
4550,42.0,168.0,168.0,362.0,84.0,210.0,,
4551,42.0,168.0,210.0,294.0,42.0,84.0,,
4552,42.0,42.0,84.0,42.0,56.0,210.0,,
4553,42.0,84.0,168.0,84.0,160.0,252.0,,
4554,42.0,42.0,84.0,42.0,42.0,462.0,,
4555,42.0,42.0,84.0,42.0,56.0,126.0,,
4556,42.0,210.0,222.0,168.0,84.0,84.0,,
4557,42.0,160.0,126.0,84.0,42.0,174.0,,
4558,42.0,42.0,168.0,84.0,126.0,294.0,,
4559,42.0,42.0,168.0,84.0,84.0,84.0,,
4560,42.0,42.0,210.0,546.0,84.0,168.0,,
4561,42.0,213.0,42.0,210.0,168.0,42.0,,
4562,42.0,42.0,252.0,420.0,252.0,168.0,,
4563,42.0,42.0,406.0,168.0,70.0,213.0,,
4564,42.0,42.0,126.0,126.0,42.0,210.0,,
4565,42.0,84.0,168.0,210.0,84.0,168.0,,
4566,84.0,42.0,84.0,210.0,42.0,294.0,,
4567,42.0,126.0,174.0,378.0,126.0,588.0,,
4568,84.0,126.0,168.0,42.0,84.0,42.0,,
4569,42.0,168.0,126.0,252.0,42.0,210.0,,
4570,42.0,42.0,84.0,210.0,42.0,42.0,,
4571,42.0,42.0,168.0,42.0,84.0,84.0,,
4572,42.0,126.0,42.0,252.0,42.0,210.0,,
4573,42.0,126.0,84.0,84.0,42.0,168.0,,
4574,42.0,252.0,252.0,168.0,84.0,42.0,,
4575,42.0,168.0,126.0,168.0,42.0,126.0,,
4576,42.0,90.0,168.0,252.0,84.0,126.0,,
4577,42.0,84.0,84.0,510.0,84.0,126.0,,
4578,42.0,84.0,210.0,210.0,84.0,252.0,,
4579,42.0,126.0,84.0,222.0,42.0,42.0,,
4580,48.0,84.0,126.0,210.0,84.0,336.0,,
4581,126.0,132.0,252.0,168.0,126.0,84.0,,
4582,42.0,84.0,216.0,84.0,42.0,210.0,,
4583,84.0,42.0,168.0,210.0,42.0,42.0,,
4584,84.0,168.0,126.0,168.0,174.0,168.0,,
4585,42.0,84.0,210.0,210.0,42.0,210.0,,
4586,42.0,42.0,84.0,126.0,168.0,84.0,,
4587,126.0,126.0,84.0,252.0,126.0,294.0,,
4588,84.0,126.0,210.0,126.0,210.0,210.0,,
4589,42.0,42.0,84.0,294.0,42.0,216.0,,
4590,84.0,42.0,168.0,168.0,84.0,460.0,,
4591,42.0,84.0,42.0,126.0,140.0,252.0,,
4592,42.0,126.0,168.0,126.0,42.0,42.0,,
4593,42.0,42.0,168.0,168.0,126.0,126.0,,
4594,42.0,210.0,168.0,294.0,42.0,84.0,,
4595,42.0,42.0,42.0,244.0,48.0,404.0,,
4596,42.0,168.0,126.0,84.0,126.0,84.0,,
4597,42.0,42.0,132.0,42.0,42.0,168.0,,
4598,42.0,42.0,126.0,252.0,84.0,126.0,,
4599,42.0,84.0,42.0,210.0,42.0,42.0,,
4600,42.0,84.0,210.0,210.0,168.0,378.0,,
4601,42.0,84.0,126.0,42.0,84.0,126.0,,
4602,84.0,126.0,84.0,126.0,84.0,168.0,,
4603,42.0,84.0,210.0,42.0,132.0,126.0,,
4604,42.0,42.0,294.0,168.0,210.0,210.0,,
4605,42.0,84.0,126.0,381.0,168.0,168.0,,
4606,42.0,126.0,168.0,126.0,84.0,378.0,,
4607,42.0,126.0,126.0,168.0,126.0,84.0,,
4608,42.0,42.0,168.0,126.0,126.0,42.0,,
4609,84.0,168.0,126.0,320.0,84.0,168.0,,
4610,42.0,168.0,308.0,42.0,84.0,84.0,,
4611,42.0,42.0,126.0,84.0,126.0,84.0,,
4612,42.0,126.0,84.0,252.0,84.0,168.0,,
4613,42.0,42.0,84.0,210.0,210.0,378.0,,
4614,42.0,210.0,126.0,42.0,126.0,126.0,,
4615,42.0,84.0,42.0,168.0,84.0,126.0,,
4616,42.0,42.0,84.0,126.0,126.0,216.0,,
4617,42.0,42.0,42.0,126.0,84.0,252.0,,
4618,42.0,42.0,168.0,342.0,126.0,210.0,,
4619,42.0,210.0,252.0,168.0,42.0,42.0,,
4620,42.0,132.0,84.0,210.0,84.0,168.0,,
4621,42.0,42.0,42.0,84.0,42.0,336.0,,
4622,42.0,42.0,84.0,252.0,42.0,252.0,,
4623,42.0,42.0,210.0,252.0,168.0,406.0,,
4624,42.0,84.0,84.0,328.0,84.0,336.0,,
4625,84.0,126.0,264.0,168.0,210.0,126.0,,
4626,42.0,42.0,255.0,210.0,42.0,84.0,,
4627,84.0,84.0,84.0,294.0,42.0,252.0,,
4628,42.0,84.0,126.0,42.0,210.0,126.0,,
4629,87.0,84.0,42.0,180.0,42.0,252.0,,
4630,42.0,42.0,84.0,210.0,84.0,126.0,,
4631,42.0,42.0,210.0,294.0,84.0,252.0,,
4632,42.0,42.0,210.0,252.0,126.0,294.0,,
4633,42.0,174.0,90.0,126.0,42.0,210.0,,
4634,126.0,84.0,126.0,42.0,42.0,84.0,,
4635,42.0,42.0,126.0,168.0,126.0,84.0,,
4636,126.0,168.0,126.0,294.0,126.0,42.0,,
4637,42.0,84.0,168.0,294.0,42.0,252.0,,
4638,42.0,84.0,126.0,210.0,126.0,168.0,,
4639,42.0,210.0,126.0,84.0,84.0,126.0,,
4640,42.0,126.0,168.0,294.0,42.0,126.0,,
4641,42.0,42.0,168.0,297.0,126.0,168.0,,
4642,42.0,84.0,252.0,84.0,90.0,126.0,,
4643,84.0,42.0,210.0,126.0,84.0,284.0,,
4644,42.0,84.0,126.0,420.0,90.0,126.0,,
4645,42.0,84.0,286.0,126.0,42.0,42.0,,
4646,42.0,84.0,84.0,210.0,84.0,126.0,,
4647,42.0,42.0,294.0,294.0,126.0,294.0,,
4648,48.0,84.0,126.0,546.0,210.0,210.0,,
4649,42.0,84.0,252.0,168.0,42.0,381.0,,
4650,42.0,168.0,42.0,210.0,42.0,168.0,,
4651,84.0,84.0,336.0,42.0,126.0,168.0,,
4652,84.0,42.0,210.0,84.0,84.0,168.0,,
4653,42.0,84.0,252.0,168.0,84.0,126.0,,
4654,42.0,126.0,168.0,210.0,42.0,252.0,,
4655,42.0,168.0,126.0,210.0,42.0,126.0,,
4656,42.0,84.0,168.0,126.0,168.0,42.0,,
4657,42.0,168.0,42.0,252.0,42.0,42.0,,
4658,42.0,202.0,42.0,84.0,126.0,174.0,,
4659,42.0,42.0,126.0,126.0,42.0,126.0,,
4660,84.0,42.0,168.0,126.0,84.0,174.0,,
4661,42.0,84.0,42.0,210.0,252.0,252.0,,
4662,42.0,168.0,84.0,42.0,84.0,84.0,,
4663,42.0,84.0,210.0,42.0,126.0,126.0,,
4664,84.0,42.0,84.0,294.0,84.0,294.0,,
4665,42.0,84.0,42.0,294.0,42.0,126.0,,
4666,42.0,42.0,168.0,126.0,126.0,126.0,,
4667,126.0,42.0,168.0,42.0,42.0,378.0,,
4668,42.0,126.0,210.0,126.0,168.0,126.0,,
4669,42.0,126.0,210.0,84.0,84.0,84.0,,
4670,48.0,126.0,168.0,210.0,42.0,84.0,,
4671,42.0,42.0,42.0,126.0,171.0,126.0,,
4672,42.0,168.0,126.0,84.0,42.0,84.0,,
4673,42.0,168.0,278.0,362.0,14.0,168.0,,
4674,42.0,168.0,216.0,588.0,70.0,126.0,,
4675,42.0,126.0,168.0,294.0,42.0,294.0,,
4676,42.0,252.0,168.0,168.0,90.0,126.0,,
4677,42.0,168.0,252.0,210.0,84.0,336.0,,
4678,42.0,84.0,126.0,84.0,84.0,252.0,,
4679,42.0,42.0,294.0,252.0,126.0,630.0,,
4680,42.0,126.0,126.0,294.0,84.0,168.0,,
4681,42.0,294.0,84.0,168.0,42.0,504.0,,
4682,84.0,42.0,252.0,126.0,168.0,126.0,,
4683,48.0,126.0,84.0,168.0,84.0,84.0,,
4684,42.0,126.0,126.0,210.0,42.0,398.0,,
4685,42.0,168.0,174.0,42.0,42.0,168.0,,
4686,42.0,84.0,42.0,210.0,84.0,252.0,,
4687,42.0,42.0,126.0,168.0,126.0,426.0,,
4688,42.0,84.0,168.0,168.0,42.0,252.0,,
4689,84.0,126.0,84.0,210.0,84.0,348.0,,
4690,42.0,126.0,126.0,426.0,168.0,210.0,,
4691,42.0,84.0,84.0,210.0,84.0,294.0,,
4692,42.0,126.0,84.0,210.0,126.0,336.0,,
4693,42.0,42.0,42.0,84.0,84.0,294.0,,
4694,42.0,84.0,84.0,210.0,42.0,429.0,,
4695,42.0,168.0,84.0,210.0,126.0,42.0,,
4696,42.0,42.0,297.0,210.0,126.0,42.0,,
4697,84.0,42.0,42.0,168.0,42.0,714.0,,
4698,42.0,126.0,84.0,168.0,84.0,252.0,,
4699,42.0,168.0,168.0,126.0,84.0,168.0,,
4700,42.0,42.0,168.0,210.0,216.0,168.0,,
4701,42.0,126.0,126.0,294.0,84.0,336.0,,
4702,42.0,90.0,252.0,42.0,216.0,168.0,,
4703,42.0,126.0,84.0,84.0,168.0,168.0,,
4704,42.0,84.0,42.0,84.0,84.0,168.0,,
4705,42.0,126.0,42.0,126.0,42.0,462.0,,
4706,42.0,84.0,126.0,303.0,84.0,252.0,,
4707,126.0,42.0,126.0,42.0,126.0,252.0,,
4708,48.0,42.0,42.0,252.0,84.0,168.0,,
4709,42.0,126.0,42.0,126.0,210.0,126.0,,
4710,42.0,126.0,126.0,294.0,210.0,168.0,,
4711,42.0,126.0,90.0,210.0,84.0,84.0,,
4712,42.0,126.0,168.0,210.0,42.0,168.0,,
4713,42.0,42.0,252.0,42.0,126.0,412.0,,
4714,42.0,42.0,168.0,168.0,42.0,252.0,,
4715,42.0,126.0,84.0,216.0,84.0,252.0,,
4716,42.0,84.0,174.0,126.0,126.0,210.0,,
4717,42.0,42.0,42.0,168.0,126.0,210.0,,
4718,42.0,42.0,42.0,168.0,42.0,126.0,,
4719,42.0,168.0,210.0,294.0,168.0,42.0,,
4720,42.0,42.0,84.0,252.0,294.0,126.0,,
4721,42.0,42.0,168.0,258.0,48.0,84.0,,
4722,42.0,84.0,168.0,420.0,84.0,126.0,,
4723,42.0,42.0,126.0,210.0,84.0,168.0,,
4724,42.0,42.0,252.0,84.0,84.0,126.0,,
4725,42.0,42.0,42.0,168.0,210.0,168.0,,
4726,42.0,42.0,168.0,84.0,126.0,252.0,,
4727,42.0,84.0,168.0,306.0,252.0,168.0,,
4728,42.0,294.0,210.0,42.0,84.0,384.0,,
4729,84.0,84.0,294.0,126.0,84.0,168.0,,
4730,42.0,42.0,210.0,84.0,168.0,84.0,,
4731,42.0,84.0,42.0,168.0,126.0,210.0,,
4732,42.0,152.0,84.0,252.0,42.0,168.0,,
4733,42.0,42.0,252.0,252.0,42.0,210.0,,
4734,42.0,84.0,126.0,210.0,42.0,258.0,,
4735,42.0,42.0,168.0,210.0,84.0,84.0,,
4736,42.0,84.0,300.0,210.0,174.0,336.0,,
4737,42.0,129.0,126.0,168.0,84.0,42.0,,
4738,42.0,42.0,294.0,504.0,126.0,42.0,,
4739,42.0,42.0,84.0,42.0,42.0,126.0,,
4740,42.0,84.0,168.0,258.0,42.0,84.0,,
4741,42.0,42.0,84.0,252.0,42.0,252.0,,
4742,42.0,42.0,294.0,42.0,42.0,210.0,,
4743,42.0,84.0,210.0,168.0,42.0,126.0,,
4744,42.0,42.0,168.0,294.0,84.0,84.0,,
4745,42.0,48.0,42.0,42.0,126.0,84.0,,
4746,42.0,84.0,210.0,546.0,126.0,126.0,,
4747,42.0,90.0,84.0,252.0,126.0,42.0,,
4748,42.0,42.0,126.0,294.0,42.0,336.0,,
4749,14.0,168.0,126.0,168.0,42.0,84.0,,
4750,42.0,42.0,126.0,126.0,42.0,672.0,,
4751,42.0,126.0,126.0,210.0,84.0,84.0,,
4752,42.0,126.0,126.0,126.0,168.0,42.0,,
4753,42.0,210.0,42.0,210.0,84.0,336.0,,
4754,42.0,126.0,132.0,300.0,42.0,420.0,,
4755,42.0,252.0,42.0,168.0,42.0,84.0,,
4756,42.0,84.0,42.0,294.0,126.0,168.0,,
4757,42.0,42.0,252.0,297.0,210.0,84.0,,
4758,42.0,84.0,84.0,84.0,168.0,126.0,,
4759,42.0,84.0,294.0,42.0,42.0,84.0,,
4760,42.0,42.0,126.0,294.0,42.0,42.0,,
4761,42.0,160.0,84.0,396.0,84.0,84.0,,
4762,42.0,84.0,168.0,210.0,42.0,252.0,,
4763,42.0,42.0,84.0,210.0,42.0,504.0,,
4764,48.0,210.0,84.0,42.0,168.0,42.0,,
4765,42.0,252.0,42.0,84.0,210.0,126.0,,
4766,14.0,84.0,84.0,168.0,126.0,126.0,,
4767,42.0,42.0,252.0,168.0,42.0,126.0,,
4768,42.0,42.0,168.0,42.0,168.0,42.0,,
4769,42.0,42.0,84.0,258.0,84.0,466.0,,
4770,28.0,42.0,126.0,252.0,42.0,210.0,,
4771,42.0,42.0,168.0,84.0,90.0,294.0,,
4772,42.0,84.0,84.0,252.0,42.0,126.0,,
4773,42.0,42.0,252.0,84.0,129.0,42.0,,
4774,42.0,126.0,126.0,84.0,126.0,84.0,,
4775,42.0,126.0,84.0,84.0,126.0,168.0,,
4776,28.0,126.0,171.0,210.0,84.0,84.0,,
4777,42.0,126.0,222.0,126.0,84.0,252.0,,
4778,42.0,168.0,42.0,84.0,84.0,233.0,,
4779,42.0,42.0,126.0,84.0,84.0,126.0,,
4780,42.0,84.0,126.0,168.0,294.0,84.0,,
4781,42.0,42.0,84.0,42.0,42.0,126.0,,
4782,42.0,171.0,294.0,210.0,42.0,84.0,,
4783,42.0,42.0,168.0,210.0,104.0,42.0,,
4784,42.0,84.0,42.0,336.0,112.0,210.0,,
4785,42.0,168.0,174.0,126.0,42.0,84.0,,
4786,42.0,168.0,84.0,294.0,84.0,336.0,,
4787,42.0,42.0,42.0,84.0,84.0,126.0,,
4788,42.0,84.0,210.0,412.0,168.0,294.0,,
4789,42.0,126.0,84.0,168.0,42.0,42.0,,
4790,42.0,126.0,126.0,294.0,42.0,252.0,,
4791,42.0,84.0,210.0,42.0,84.0,84.0,,
4792,42.0,84.0,210.0,210.0,42.0,378.0,,
4793,84.0,42.0,168.0,84.0,168.0,84.0,,
4794,84.0,210.0,84.0,294.0,42.0,126.0,,
4795,42.0,42.0,42.0,168.0,126.0,126.0,,
4796,48.0,42.0,126.0,168.0,126.0,210.0,,
4797,42.0,336.0,42.0,407.0,42.0,210.0,,
4798,84.0,126.0,252.0,252.0,84.0,378.0,,
4799,42.0,126.0,84.0,168.0,126.0,210.0,,
4800,42.0,84.0,420.0,210.0,84.0,42.0,,
4801,42.0,42.0,42.0,210.0,42.0,594.0,,
4802,42.0,126.0,90.0,84.0,210.0,210.0,,
4803,84.0,42.0,126.0,84.0,42.0,168.0,,
4804,42.0,132.0,168.0,336.0,42.0,252.0,,
4805,42.0,42.0,168.0,378.0,210.0,278.0,,
4806,42.0,42.0,294.0,42.0,42.0,42.0,,
4807,84.0,168.0,210.0,126.0,84.0,84.0,,
4808,42.0,84.0,42.0,462.0,168.0,84.0,,
4809,84.0,174.0,210.0,84.0,138.0,84.0,,
4810,42.0,42.0,126.0,252.0,126.0,126.0,,
4811,84.0,168.0,84.0,168.0,84.0,84.0,,
4812,126.0,168.0,126.0,168.0,84.0,342.0,,
4813,42.0,84.0,84.0,126.0,168.0,126.0,,
4814,42.0,42.0,210.0,420.0,42.0,238.0,,
4815,42.0,84.0,278.0,294.0,42.0,42.0,,
4816,42.0,42.0,216.0,264.0,126.0,336.0,,
4817,84.0,126.0,210.0,210.0,90.0,210.0,,
4818,42.0,42.0,126.0,294.0,286.0,294.0,,
4819,126.0,90.0,168.0,42.0,84.0,300.0,,
4820,42.0,42.0,84.0,126.0,126.0,303.0,,
4821,84.0,168.0,255.0,84.0,42.0,210.0,,
4822,42.0,126.0,84.0,168.0,84.0,210.0,,
4823,42.0,84.0,84.0,42.0,126.0,294.0,,
4824,42.0,126.0,126.0,168.0,42.0,168.0,,
4825,42.0,42.0,42.0,252.0,84.0,84.0,,
4826,42.0,42.0,378.0,216.0,84.0,294.0,,
4827,48.0,84.0,126.0,42.0,84.0,378.0,,
4828,126.0,84.0,210.0,84.0,168.0,294.0,,
4829,42.0,84.0,42.0,168.0,84.0,294.0,,
4830,42.0,126.0,126.0,126.0,84.0,168.0,,
4831,126.0,126.0,126.0,210.0,42.0,378.0,,
4832,42.0,126.0,42.0,126.0,42.0,42.0,,
4833,42.0,84.0,168.0,126.0,126.0,294.0,,
4834,42.0,84.0,126.0,168.0,84.0,168.0,,
4835,42.0,42.0,168.0,168.0,168.0,42.0,,
4836,42.0,84.0,336.0,252.0,84.0,126.0,,
4837,42.0,84.0,210.0,210.0,42.0,84.0,,
4838,42.0,168.0,84.0,168.0,252.0,168.0,,
4839,42.0,84.0,126.0,336.0,84.0,294.0,,
4840,42.0,42.0,84.0,126.0,42.0,210.0,,
4841,42.0,84.0,168.0,84.0,210.0,252.0,,
4842,42.0,42.0,126.0,294.0,42.0,84.0,,
4843,84.0,42.0,258.0,168.0,84.0,42.0,,
4844,48.0,84.0,42.0,42.0,126.0,168.0,,
4845,42.0,42.0,202.0,168.0,42.0,336.0,,
4846,42.0,42.0,252.0,210.0,84.0,336.0,,
4847,126.0,84.0,126.0,210.0,210.0,168.0,,
4848,84.0,42.0,126.0,294.0,84.0,126.0,,
4849,42.0,126.0,84.0,210.0,42.0,168.0,,
4850,42.0,42.0,168.0,546.0,168.0,252.0,,
4851,42.0,42.0,84.0,42.0,84.0,84.0,,
4852,42.0,126.0,210.0,168.0,84.0,252.0,,
4853,42.0,42.0,126.0,168.0,42.0,126.0,,
4854,42.0,42.0,168.0,294.0,84.0,336.0,,
4855,42.0,42.0,84.0,174.0,84.0,244.0,,
4856,42.0,168.0,42.0,294.0,42.0,84.0,,
4857,42.0,188.0,84.0,210.0,84.0,378.0,,
4858,42.0,126.0,84.0,294.0,84.0,336.0,,
4859,126.0,126.0,42.0,126.0,126.0,84.0,,
4860,84.0,168.0,42.0,210.0,168.0,84.0,,
4861,42.0,84.0,126.0,42.0,84.0,126.0,,
4862,42.0,126.0,126.0,84.0,126.0,84.0,,
4863,42.0,42.0,42.0,168.0,42.0,126.0,,
4864,42.0,168.0,202.0,252.0,42.0,188.0,,
4865,42.0,236.0,126.0,126.0,168.0,126.0,,
4866,42.0,168.0,84.0,42.0,84.0,42.0,,
4867,42.0,42.0,42.0,168.0,168.0,336.0,,
4868,42.0,84.0,42.0,168.0,210.0,210.0,,
4869,42.0,168.0,126.0,84.0,132.0,126.0,,
4870,42.0,126.0,168.0,84.0,42.0,378.0,,
4871,42.0,42.0,216.0,378.0,171.0,252.0,,
4872,84.0,168.0,126.0,126.0,168.0,252.0,,
4873,84.0,168.0,42.0,202.0,42.0,126.0,,
4874,42.0,42.0,168.0,294.0,84.0,210.0,,
4875,42.0,42.0,42.0,42.0,84.0,84.0,,
4876,42.0,42.0,168.0,252.0,168.0,126.0,,
4877,42.0,42.0,84.0,168.0,132.0,42.0,,
4878,42.0,126.0,84.0,210.0,42.0,42.0,,
4879,42.0,126.0,378.0,297.0,168.0,84.0,,
4880,42.0,84.0,294.0,210.0,42.0,168.0,,
4881,87.0,84.0,42.0,336.0,336.0,42.0,,
4882,42.0,42.0,168.0,252.0,42.0,174.0,,
4883,42.0,126.0,168.0,42.0,42.0,126.0,,
4884,84.0,126.0,126.0,210.0,42.0,216.0,,
4885,42.0,84.0,252.0,252.0,42.0,42.0,,
4886,42.0,168.0,210.0,84.0,42.0,42.0,,
4887,42.0,42.0,126.0,420.0,168.0,42.0,,
4888,42.0,84.0,168.0,362.0,84.0,210.0,,
4889,42.0,126.0,126.0,84.0,168.0,42.0,,
4890,42.0,84.0,168.0,252.0,14.0,174.0,,
4891,42.0,42.0,210.0,174.0,84.0,84.0,,
4892,42.0,171.0,42.0,210.0,42.0,42.0,,
4893,42.0,126.0,210.0,126.0,84.0,210.0,,
4894,42.0,126.0,210.0,252.0,28.0,630.0,,
4895,42.0,126.0,84.0,42.0,14.0,420.0,,
4896,42.0,42.0,126.0,84.0,126.0,336.0,,
4897,42.0,126.0,126.0,126.0,168.0,261.0,,
4898,42.0,168.0,42.0,42.0,84.0,210.0,,
4899,42.0,42.0,378.0,258.0,42.0,168.0,,
4900,84.0,126.0,252.0,126.0,84.0,294.0,,
4901,42.0,42.0,84.0,126.0,168.0,132.0,,
4902,42.0,84.0,252.0,252.0,42.0,252.0,,
4903,42.0,126.0,210.0,336.0,42.0,42.0,,
4904,42.0,126.0,210.0,252.0,168.0,294.0,,
4905,42.0,84.0,132.0,210.0,42.0,42.0,,
4906,42.0,84.0,84.0,126.0,132.0,168.0,,
4907,84.0,168.0,320.0,396.0,168.0,42.0,,
4908,84.0,42.0,126.0,168.0,84.0,84.0,,
4909,42.0,42.0,42.0,42.0,126.0,210.0,,
4910,42.0,84.0,42.0,294.0,42.0,168.0,,
4911,42.0,42.0,126.0,168.0,126.0,126.0,,
4912,42.0,126.0,42.0,294.0,42.0,504.0,,
4913,42.0,84.0,210.0,84.0,84.0,252.0,,
4914,42.0,42.0,84.0,84.0,42.0,252.0,,
4915,42.0,84.0,252.0,294.0,84.0,42.0,,
4916,84.0,252.0,84.0,378.0,126.0,252.0,,
4917,42.0,210.0,126.0,616.0,84.0,84.0,,
4918,42.0,84.0,42.0,252.0,84.0,84.0,,
4919,42.0,168.0,42.0,168.0,42.0,210.0,,
4920,42.0,42.0,84.0,210.0,42.0,84.0,,
4921,42.0,84.0,126.0,126.0,42.0,84.0,,
4922,42.0,84.0,168.0,168.0,42.0,252.0,,
4923,42.0,42.0,42.0,126.0,42.0,210.0,,
4924,42.0,126.0,336.0,126.0,126.0,42.0,,
4925,42.0,84.0,168.0,168.0,84.0,168.0,,
4926,42.0,42.0,126.0,168.0,126.0,420.0,,
4927,42.0,84.0,168.0,294.0,84.0,84.0,,
4928,28.0,42.0,255.0,252.0,84.0,326.0,,
4929,42.0,126.0,258.0,168.0,126.0,171.0,,
4930,42.0,84.0,42.0,210.0,42.0,552.0,,
4931,42.0,174.0,126.0,84.0,42.0,336.0,,
4932,42.0,126.0,84.0,252.0,42.0,126.0,,
4933,42.0,210.0,84.0,42.0,84.0,210.0,,
4934,42.0,168.0,126.0,168.0,42.0,420.0,,
4935,42.0,42.0,252.0,294.0,42.0,84.0,,
4936,42.0,42.0,84.0,210.0,168.0,252.0,,
4937,42.0,126.0,126.0,42.0,84.0,252.0,,
4938,42.0,132.0,42.0,168.0,84.0,210.0,,
4939,42.0,126.0,42.0,216.0,168.0,42.0,,
4940,42.0,84.0,252.0,252.0,84.0,84.0,,
4941,42.0,84.0,126.0,384.0,126.0,126.0,,
4942,42.0,168.0,84.0,168.0,84.0,322.0,,
4943,42.0,42.0,168.0,84.0,126.0,84.0,,
4944,42.0,84.0,336.0,84.0,42.0,42.0,,
4945,42.0,42.0,126.0,266.0,42.0,126.0,,
4946,48.0,42.0,354.0,126.0,168.0,252.0,,
4947,42.0,42.0,168.0,84.0,126.0,42.0,,
4948,42.0,84.0,168.0,84.0,126.0,84.0,,
4949,42.0,90.0,42.0,42.0,84.0,300.0,,
4950,42.0,42.0,42.0,168.0,126.0,42.0,,
4951,42.0,210.0,126.0,84.0,168.0,294.0,,
4952,42.0,42.0,168.0,297.0,42.0,504.0,,
4953,42.0,42.0,168.0,126.0,42.0,168.0,,
4954,42.0,42.0,252.0,216.0,42.0,210.0,,
4955,42.0,84.0,42.0,42.0,252.0,168.0,,
4956,42.0,126.0,84.0,126.0,42.0,378.0,,
4957,42.0,84.0,42.0,168.0,210.0,126.0,,
4958,48.0,84.0,210.0,168.0,84.0,252.0,,
4959,42.0,126.0,84.0,462.0,42.0,252.0,,
4960,42.0,42.0,252.0,126.0,42.0,84.0,,
4961,42.0,84.0,84.0,84.0,126.0,210.0,,
4962,42.0,84.0,216.0,168.0,126.0,448.0,,
4963,42.0,126.0,126.0,126.0,42.0,84.0,,
4964,42.0,42.0,84.0,210.0,126.0,126.0,,
4965,42.0,84.0,126.0,126.0,84.0,378.0,,
4966,42.0,42.0,42.0,168.0,171.0,252.0,,
4967,42.0,118.0,126.0,378.0,90.0,84.0,,
4968,42.0,42.0,84.0,174.0,126.0,126.0,,
4969,42.0,42.0,84.0,168.0,84.0,168.0,,
4970,42.0,42.0,126.0,294.0,210.0,84.0,,
4971,42.0,42.0,126.0,84.0,84.0,42.0,,
4972,42.0,84.0,42.0,42.0,84.0,42.0,,
4973,42.0,84.0,297.0,210.0,126.0,42.0,,
4974,42.0,126.0,126.0,168.0,42.0,252.0,,
4975,42.0,84.0,126.0,210.0,84.0,210.0,,
4976,42.0,210.0,216.0,168.0,48.0,258.0,,
4977,42.0,42.0,252.0,84.0,84.0,168.0,,
4978,42.0,126.0,336.0,294.0,42.0,336.0,,
4979,42.0,132.0,42.0,84.0,90.0,84.0,,
4980,42.0,42.0,168.0,210.0,210.0,126.0,,
4981,42.0,126.0,126.0,210.0,84.0,581.0,,
4982,42.0,126.0,168.0,336.0,84.0,84.0,,
4983,42.0,126.0,210.0,126.0,42.0,216.0,,
4984,42.0,84.0,42.0,168.0,42.0,126.0,,
4985,42.0,126.0,126.0,378.0,84.0,210.0,,
4986,42.0,84.0,174.0,384.0,84.0,168.0,,
4987,42.0,84.0,168.0,210.0,126.0,168.0,,
4988,42.0,252.0,210.0,294.0,126.0,252.0,,
4989,42.0,84.0,126.0,252.0,84.0,168.0,,
4990,42.0,42.0,126.0,126.0,84.0,42.0,,
4991,42.0,84.0,168.0,252.0,84.0,210.0,,
4992,42.0,210.0,294.0,168.0,42.0,336.0,,
4993,14.0,84.0,168.0,168.0,84.0,216.0,,
4994,42.0,84.0,42.0,42.0,84.0,42.0,,
4995,48.0,42.0,42.0,42.0,84.0,378.0,,
4996,42.0,42.0,84.0,294.0,42.0,168.0,,
4997,42.0,42.0,84.0,255.0,42.0,42.0,,
4998,42.0,210.0,168.0,126.0,42.0,126.0,,
4999,42.0,126.0,84.0,252.0,84.0,42.0,,
5000,42.0,168.0,84.0,42.0,168.0,42.0,,
5001,42.0,160.0,42.0,168.0,84.0,252.0,,
5002,42.0,210.0,126.0,294.0,42.0,84.0,,
5003,28.0,42.0,126.0,210.0,84.0,294.0,,
5004,14.0,126.0,252.0,42.0,42.0,84.0,,
5005,42.0,210.0,126.0,252.0,84.0,42.0,,
5006,42.0,168.0,126.0,84.0,132.0,168.0,,
5007,42.0,126.0,42.0,126.0,84.0,294.0,,
5008,42.0,42.0,294.0,126.0,84.0,168.0,,
5009,42.0,84.0,84.0,252.0,252.0,84.0,,
5010,42.0,42.0,42.0,168.0,42.0,462.0,,
5011,42.0,42.0,168.0,362.0,42.0,42.0,,
5012,42.0,42.0,84.0,168.0,70.0,126.0,,
5013,42.0,42.0,168.0,84.0,84.0,126.0,,
5014,84.0,42.0,210.0,334.0,42.0,126.0,,
5015,42.0,126.0,168.0,42.0,104.0,168.0,,
5016,42.0,42.0,126.0,412.0,168.0,126.0,,
5017,42.0,126.0,84.0,126.0,84.0,210.0,,
5018,126.0,42.0,168.0,210.0,42.0,294.0,,
5019,42.0,126.0,168.0,168.0,84.0,168.0,,
5020,42.0,126.0,210.0,126.0,42.0,462.0,,
5021,48.0,42.0,210.0,126.0,168.0,126.0,,
5022,42.0,42.0,84.0,126.0,42.0,376.0,,
5023,42.0,42.0,210.0,210.0,126.0,126.0,,
5024,42.0,126.0,210.0,126.0,84.0,210.0,,
5025,42.0,42.0,84.0,168.0,42.0,210.0,,
5026,84.0,210.0,362.0,216.0,168.0,216.0,,
5027,42.0,126.0,42.0,126.0,84.0,210.0,,
5028,126.0,126.0,210.0,126.0,126.0,297.0,,
5029,42.0,84.0,126.0,378.0,84.0,84.0,,
5030,42.0,84.0,42.0,407.0,84.0,252.0,,
5031,84.0,42.0,126.0,42.0,42.0,194.0,,
5032,42.0,42.0,84.0,294.0,336.0,84.0,,
5033,42.0,84.0,210.0,294.0,84.0,168.0,,
5034,84.0,42.0,252.0,294.0,210.0,168.0,,
5035,42.0,126.0,42.0,126.0,84.0,168.0,,
5036,84.0,126.0,168.0,84.0,252.0,84.0,,
5037,42.0,126.0,378.0,210.0,129.0,42.0,,
5038,48.0,84.0,210.0,294.0,126.0,84.0,,
5039,42.0,42.0,252.0,126.0,42.0,126.0,,
5040,42.0,84.0,42.0,336.0,42.0,42.0,,
5041,42.0,210.0,126.0,210.0,84.0,336.0,,
5042,42.0,42.0,168.0,210.0,90.0,126.0,,
5043,42.0,90.0,286.0,126.0,42.0,336.0,,
5044,42.0,168.0,126.0,126.0,84.0,378.0,,
5045,42.0,84.0,168.0,462.0,126.0,126.0,,
5046,126.0,42.0,336.0,210.0,84.0,336.0,,
5047,42.0,84.0,126.0,168.0,42.0,420.0,,
5048,42.0,126.0,42.0,264.0,42.0,168.0,,
5049,42.0,84.0,168.0,210.0,84.0,168.0,,
5050,84.0,236.0,84.0,252.0,168.0,252.0,,
5051,42.0,42.0,126.0,546.0,84.0,126.0,,
5052,42.0,42.0,168.0,84.0,84.0,84.0,,
5053,42.0,42.0,84.0,252.0,42.0,126.0,,
5054,42.0,84.0,168.0,84.0,126.0,126.0,,
5055,42.0,42.0,42.0,42.0,132.0,266.0,,
5056,42.0,132.0,126.0,210.0,90.0,210.0,,
5057,84.0,210.0,210.0,42.0,42.0,84.0,,
5058,42.0,126.0,222.0,84.0,42.0,210.0,,
5059,126.0,171.0,174.0,294.0,84.0,42.0,,
5060,42.0,42.0,42.0,42.0,84.0,126.0,,
5061,42.0,84.0,168.0,294.0,126.0,168.0,,
5062,42.0,168.0,42.0,126.0,84.0,336.0,,
5063,42.0,42.0,126.0,126.0,42.0,252.0,,
5064,84.0,42.0,84.0,42.0,42.0,84.0,,
5065,42.0,42.0,84.0,126.0,84.0,84.0,,
5066,42.0,84.0,42.0,252.0,42.0,42.0,,
5067,42.0,84.0,126.0,210.0,210.0,126.0,,
5068,42.0,126.0,84.0,126.0,126.0,252.0,,
5069,42.0,84.0,84.0,126.0,42.0,238.0,,
5070,42.0,84.0,168.0,84.0,42.0,132.0,,
5071,42.0,126.0,126.0,126.0,84.0,378.0,,
5072,126.0,84.0,126.0,168.0,42.0,126.0,,
5073,84.0,84.0,84.0,378.0,84.0,126.0,,
5074,42.0,126.0,84.0,126.0,84.0,84.0,,
5075,84.0,42.0,168.0,84.0,126.0,126.0,,
5076,42.0,42.0,42.0,496.0,210.0,126.0,,
5077,42.0,84.0,42.0,210.0,126.0,168.0,,
5078,42.0,42.0,252.0,42.0,126.0,168.0,,
5079,42.0,126.0,42.0,252.0,126.0,210.0,,
5080,42.0,84.0,168.0,168.0,42.0,168.0,,
5081,42.0,42.0,294.0,42.0,252.0,210.0,,
5082,84.0,42.0,126.0,42.0,42.0,84.0,,
5083,42.0,84.0,84.0,210.0,42.0,168.0,,
5084,42.0,84.0,255.0,168.0,84.0,252.0,,
5085,42.0,210.0,210.0,462.0,84.0,126.0,,
5086,42.0,42.0,84.0,84.0,126.0,84.0,,
5087,42.0,84.0,42.0,210.0,42.0,168.0,,
5088,42.0,210.0,252.0,126.0,84.0,84.0,,
5089,42.0,42.0,84.0,504.0,84.0,168.0,,
5090,42.0,126.0,126.0,42.0,90.0,210.0,,
5091,42.0,252.0,84.0,252.0,42.0,126.0,,
5092,42.0,84.0,255.0,258.0,42.0,84.0,,
5093,42.0,126.0,42.0,294.0,42.0,168.0,,
5094,84.0,84.0,42.0,252.0,126.0,84.0,,
5095,84.0,42.0,168.0,294.0,126.0,168.0,,
5096,42.0,168.0,126.0,168.0,42.0,210.0,,
5097,126.0,126.0,252.0,42.0,84.0,252.0,,
5098,42.0,168.0,126.0,210.0,42.0,168.0,,
5099,42.0,126.0,168.0,210.0,42.0,126.0,,
5100,84.0,213.0,42.0,42.0,42.0,168.0,,
5101,42.0,84.0,42.0,84.0,42.0,84.0,,
5102,42.0,42.0,294.0,126.0,42.0,252.0,,
5103,42.0,126.0,84.0,252.0,84.0,300.0,,
5104,42.0,42.0,126.0,336.0,42.0,42.0,,
5105,42.0,42.0,126.0,168.0,42.0,126.0,,
5106,42.0,126.0,210.0,326.0,42.0,126.0,,
5107,42.0,84.0,168.0,42.0,42.0,126.0,,
5108,42.0,84.0,84.0,252.0,42.0,126.0,,
5109,42.0,84.0,294.0,252.0,42.0,210.0,,
5110,42.0,160.0,132.0,42.0,84.0,342.0,,
5111,84.0,84.0,168.0,378.0,42.0,42.0,,
5112,42.0,294.0,250.0,252.0,84.0,84.0,,
5113,42.0,84.0,168.0,168.0,42.0,210.0,,
5114,42.0,126.0,210.0,84.0,90.0,126.0,,
5115,84.0,42.0,84.0,210.0,84.0,84.0,,
5116,42.0,168.0,210.0,258.0,84.0,84.0,,
5117,42.0,84.0,84.0,168.0,168.0,168.0,,
5118,42.0,84.0,278.0,252.0,168.0,297.0,,
5119,42.0,42.0,84.0,339.0,84.0,168.0,,
5120,28.0,168.0,210.0,84.0,210.0,210.0,,
5121,42.0,126.0,168.0,126.0,84.0,252.0,,
5122,42.0,84.0,42.0,294.0,210.0,252.0,,
5123,42.0,168.0,168.0,84.0,84.0,672.0,,
5124,42.0,42.0,126.0,84.0,42.0,294.0,,
5125,42.0,126.0,294.0,210.0,42.0,42.0,,
5126,42.0,42.0,210.0,126.0,42.0,210.0,,
5127,84.0,42.0,84.0,84.0,126.0,216.0,,
5128,42.0,278.0,210.0,84.0,84.0,210.0,,
5129,84.0,42.0,168.0,42.0,42.0,126.0,,
5130,42.0,168.0,168.0,252.0,84.0,672.0,,
5131,42.0,126.0,126.0,378.0,126.0,84.0,,
5132,42.0,42.0,168.0,378.0,84.0,564.0,,
5133,42.0,42.0,252.0,210.0,84.0,252.0,,
5134,42.0,84.0,42.0,168.0,42.0,378.0,,
5135,84.0,42.0,42.0,294.0,62.0,294.0,,
5136,42.0,84.0,84.0,250.0,84.0,168.0,,
5137,42.0,84.0,42.0,168.0,42.0,42.0,,
5138,42.0,42.0,126.0,126.0,42.0,210.0,,
5139,42.0,210.0,168.0,336.0,42.0,84.0,,
5140,42.0,84.0,126.0,42.0,70.0,420.0,,
5141,42.0,126.0,42.0,168.0,126.0,42.0,,
5142,42.0,84.0,84.0,168.0,42.0,420.0,,
5143,42.0,84.0,84.0,546.0,126.0,210.0,,
5144,42.0,84.0,216.0,84.0,132.0,42.0,,
5145,42.0,42.0,420.0,168.0,42.0,84.0,,
5146,42.0,42.0,42.0,168.0,42.0,294.0,,
5147,42.0,84.0,84.0,84.0,42.0,168.0,,
5148,42.0,42.0,168.0,168.0,84.0,84.0,,
5149,42.0,126.0,294.0,168.0,84.0,294.0,,
5150,48.0,84.0,84.0,168.0,42.0,292.0,,
5151,42.0,84.0,42.0,210.0,42.0,42.0,,
5152,42.0,84.0,168.0,294.0,168.0,168.0,,
5153,48.0,84.0,42.0,42.0,252.0,210.0,,
5154,42.0,126.0,84.0,210.0,84.0,126.0,,
5155,42.0,126.0,210.0,294.0,84.0,294.0,,
5156,42.0,42.0,84.0,210.0,294.0,278.0,,
5157,42.0,42.0,210.0,252.0,126.0,84.0,,
5158,42.0,48.0,84.0,168.0,210.0,252.0,,
5159,42.0,84.0,84.0,42.0,42.0,84.0,,
5160,42.0,42.0,126.0,84.0,42.0,84.0,,
5161,42.0,126.0,126.0,294.0,42.0,42.0,,
5162,42.0,42.0,126.0,168.0,42.0,168.0,,
5163,42.0,42.0,168.0,210.0,84.0,294.0,,
5164,42.0,42.0,126.0,210.0,84.0,300.0,,
5165,42.0,294.0,210.0,210.0,42.0,462.0,,
5166,42.0,84.0,84.0,42.0,84.0,42.0,,
5167,42.0,42.0,42.0,168.0,42.0,510.0,,
5168,42.0,84.0,84.0,420.0,42.0,84.0,,
5169,87.0,126.0,266.0,210.0,42.0,294.0,,
5170,42.0,132.0,252.0,84.0,126.0,126.0,,
5171,42.0,126.0,126.0,294.0,168.0,168.0,,
5172,42.0,126.0,126.0,126.0,42.0,252.0,,
5173,42.0,126.0,126.0,168.0,42.0,294.0,,
5174,42.0,126.0,42.0,42.0,42.0,126.0,,
5175,42.0,42.0,362.0,84.0,84.0,168.0,,
5176,42.0,84.0,294.0,168.0,126.0,381.0,,
5177,42.0,126.0,210.0,42.0,42.0,84.0,,
5178,42.0,42.0,168.0,210.0,42.0,84.0,,
5179,42.0,84.0,210.0,320.0,84.0,252.0,,
5180,42.0,42.0,84.0,294.0,126.0,126.0,,
5181,42.0,42.0,42.0,132.0,42.0,252.0,,
5182,42.0,84.0,42.0,84.0,42.0,168.0,,
5183,42.0,42.0,202.0,84.0,84.0,546.0,,
5184,48.0,126.0,168.0,42.0,42.0,252.0,,
5185,42.0,84.0,294.0,255.0,42.0,168.0,,
5186,42.0,84.0,126.0,216.0,48.0,126.0,,
5187,42.0,42.0,168.0,168.0,168.0,42.0,,
5188,42.0,84.0,168.0,396.0,126.0,252.0,,
5189,42.0,42.0,42.0,252.0,48.0,336.0,,
5190,42.0,126.0,168.0,168.0,42.0,84.0,,
5191,42.0,126.0,252.0,42.0,42.0,42.0,,
5192,14.0,84.0,210.0,252.0,87.0,126.0,,
5193,42.0,42.0,90.0,252.0,84.0,210.0,,
5194,42.0,84.0,126.0,252.0,126.0,168.0,,
5195,42.0,42.0,168.0,42.0,84.0,168.0,,
5196,42.0,90.0,84.0,210.0,126.0,84.0,,
5197,42.0,42.0,168.0,252.0,42.0,252.0,,
5198,42.0,84.0,252.0,252.0,126.0,168.0,,
5199,42.0,84.0,84.0,126.0,90.0,84.0,,
5200,42.0,84.0,84.0,252.0,42.0,84.0,,
5201,42.0,84.0,42.0,210.0,42.0,294.0,,
5202,42.0,168.0,126.0,42.0,126.0,84.0,,
5203,42.0,210.0,336.0,168.0,84.0,210.0,,
5204,42.0,84.0,168.0,336.0,126.0,126.0,,
5205,42.0,126.0,84.0,168.0,84.0,434.0,,
5206,42.0,210.0,42.0,84.0,126.0,210.0,,
5207,42.0,132.0,168.0,42.0,84.0,84.0,,
5208,42.0,84.0,126.0,84.0,42.0,395.0,,
5209,42.0,42.0,126.0,210.0,42.0,126.0,,
5210,42.0,84.0,42.0,126.0,84.0,126.0,,
5211,42.0,42.0,84.0,342.0,42.0,468.0,,
5212,42.0,126.0,84.0,210.0,42.0,84.0,,
5213,42.0,84.0,42.0,258.0,84.0,84.0,,
5214,42.0,84.0,126.0,42.0,84.0,168.0,,
5215,42.0,126.0,84.0,252.0,84.0,168.0,,
5216,48.0,84.0,342.0,426.0,42.0,294.0,,
5217,42.0,126.0,406.0,297.0,42.0,412.0,,
5218,42.0,126.0,168.0,294.0,42.0,84.0,,
5219,42.0,42.0,126.0,336.0,132.0,174.0,,
5220,42.0,84.0,42.0,294.0,126.0,588.0,,
5221,42.0,84.0,213.0,126.0,84.0,378.0,,
5222,14.0,252.0,168.0,210.0,42.0,42.0,,
5223,42.0,168.0,174.0,168.0,42.0,126.0,,
5224,28.0,252.0,126.0,126.0,42.0,84.0,,
5225,42.0,126.0,42.0,168.0,84.0,210.0,,
5226,42.0,126.0,84.0,420.0,84.0,168.0,,
5227,42.0,42.0,84.0,168.0,126.0,42.0,,
5228,42.0,42.0,168.0,294.0,42.0,258.0,,
5229,42.0,42.0,126.0,42.0,84.0,42.0,,
5230,42.0,146.0,126.0,42.0,42.0,42.0,,
5231,42.0,126.0,126.0,126.0,126.0,168.0,,
5232,42.0,42.0,126.0,42.0,84.0,126.0,,
5233,42.0,42.0,42.0,252.0,42.0,84.0,,
5234,42.0,126.0,210.0,210.0,84.0,252.0,,
5235,42.0,42.0,126.0,168.0,42.0,588.0,,
5236,42.0,126.0,126.0,168.0,126.0,168.0,,
5237,42.0,84.0,168.0,84.0,84.0,42.0,,
5238,42.0,168.0,168.0,252.0,48.0,126.0,,
5239,42.0,126.0,126.0,168.0,84.0,84.0,,
5240,42.0,168.0,126.0,42.0,42.0,252.0,,
5241,126.0,126.0,42.0,252.0,84.0,168.0,,
5242,84.0,168.0,42.0,84.0,42.0,250.0,,
5243,42.0,210.0,84.0,126.0,42.0,168.0,,
5244,42.0,84.0,378.0,168.0,84.0,504.0,,
5245,42.0,42.0,42.0,544.0,126.0,126.0,,
5246,42.0,210.0,84.0,168.0,84.0,42.0,,
5247,42.0,126.0,294.0,252.0,42.0,126.0,,
5248,42.0,90.0,168.0,210.0,84.0,168.0,,
5249,84.0,84.0,168.0,84.0,42.0,132.0,,
5250,42.0,42.0,168.0,168.0,126.0,252.0,,
5251,126.0,84.0,210.0,210.0,42.0,126.0,,
5252,42.0,42.0,126.0,168.0,42.0,168.0,,
5253,42.0,174.0,252.0,126.0,84.0,378.0,,
5254,42.0,126.0,258.0,252.0,168.0,84.0,,
5255,126.0,42.0,42.0,42.0,210.0,126.0,,
5256,126.0,84.0,126.0,210.0,84.0,126.0,,
5257,42.0,84.0,42.0,126.0,42.0,390.0,,
5258,42.0,42.0,174.0,168.0,42.0,42.0,,
5259,42.0,42.0,168.0,126.0,42.0,294.0,,
5260,42.0,210.0,126.0,378.0,168.0,258.0,,
5261,42.0,84.0,84.0,378.0,42.0,294.0,,
5262,42.0,84.0,314.0,210.0,84.0,84.0,,
5263,42.0,42.0,210.0,210.0,42.0,126.0,,
5264,42.0,84.0,84.0,294.0,42.0,168.0,,
5265,42.0,42.0,126.0,42.0,42.0,84.0,,
5266,42.0,84.0,42.0,168.0,42.0,42.0,,
5267,42.0,42.0,126.0,210.0,14.0,42.0,,
5268,48.0,42.0,42.0,174.0,84.0,261.0,,
5269,42.0,84.0,210.0,210.0,196.0,84.0,,
5270,42.0,84.0,210.0,252.0,210.0,378.0,,
5271,42.0,216.0,252.0,407.0,56.0,168.0,,
5272,42.0,42.0,84.0,216.0,70.0,84.0,,
5273,42.0,42.0,42.0,210.0,42.0,84.0,,
5274,42.0,126.0,84.0,42.0,84.0,252.0,,
5275,42.0,42.0,210.0,168.0,42.0,84.0,,
5276,42.0,210.0,168.0,210.0,168.0,84.0,,
5277,42.0,84.0,252.0,126.0,168.0,84.0,,
5278,42.0,84.0,168.0,210.0,42.0,168.0,,
5279,48.0,42.0,84.0,84.0,210.0,168.0,,
5280,42.0,42.0,168.0,126.0,48.0,42.0,,
5281,42.0,42.0,168.0,126.0,42.0,168.0,,
5282,42.0,118.0,210.0,252.0,84.0,126.0,,
5283,42.0,42.0,210.0,294.0,294.0,420.0,,
5284,42.0,126.0,126.0,42.0,126.0,168.0,,
5285,42.0,84.0,42.0,168.0,42.0,294.0,,
5286,84.0,42.0,250.0,210.0,42.0,42.0,,
5287,42.0,84.0,42.0,168.0,42.0,84.0,,
5288,42.0,42.0,84.0,168.0,84.0,126.0,,
5289,42.0,126.0,168.0,84.0,42.0,210.0,,
5290,84.0,84.0,42.0,210.0,126.0,378.0,,
5291,42.0,84.0,171.0,168.0,126.0,168.0,,
5292,42.0,210.0,168.0,294.0,84.0,258.0,,
5293,42.0,126.0,42.0,84.0,84.0,168.0,,
5294,42.0,168.0,84.0,42.0,210.0,252.0,,
5295,42.0,84.0,210.0,126.0,42.0,84.0,,
5296,42.0,42.0,504.0,336.0,84.0,126.0,,
5297,42.0,84.0,42.0,336.0,126.0,210.0,,
5298,84.0,42.0,126.0,168.0,129.0,42.0,,
5299,42.0,42.0,84.0,126.0,84.0,210.0,,
5300,42.0,42.0,84.0,126.0,42.0,168.0,,
5301,42.0,42.0,336.0,84.0,84.0,210.0,,
5302,42.0,84.0,126.0,168.0,84.0,168.0,,
5303,84.0,42.0,168.0,420.0,84.0,168.0,,
5304,42.0,171.0,42.0,210.0,168.0,210.0,,
5305,42.0,84.0,126.0,252.0,84.0,84.0,,
5306,42.0,42.0,84.0,168.0,84.0,210.0,,
5307,84.0,42.0,84.0,84.0,42.0,322.0,,
5308,84.0,42.0,132.0,168.0,126.0,84.0,,
5309,42.0,84.0,168.0,84.0,42.0,84.0,,
5310,48.0,84.0,42.0,42.0,168.0,252.0,,
5311,42.0,126.0,126.0,381.0,42.0,210.0,,
5312,84.0,84.0,126.0,210.0,42.0,336.0,,
5313,42.0,84.0,84.0,294.0,168.0,126.0,,
5314,48.0,126.0,42.0,252.0,252.0,252.0,,
5315,42.0,42.0,84.0,210.0,42.0,126.0,,
5316,84.0,126.0,42.0,126.0,84.0,126.0,,
5317,42.0,84.0,126.0,396.0,42.0,378.0,,
5318,126.0,126.0,84.0,84.0,210.0,252.0,,
5319,84.0,210.0,210.0,126.0,42.0,252.0,,
5320,42.0,42.0,84.0,294.0,126.0,84.0,,
5321,42.0,140.0,490.0,588.0,294.0,42.0,,
5322,42.0,84.0,168.0,84.0,168.0,210.0,,
5323,42.0,168.0,210.0,42.0,84.0,126.0,,
5324,42.0,42.0,84.0,378.0,84.0,294.0,,
5325,42.0,42.0,126.0,252.0,42.0,294.0,,
5326,42.0,126.0,252.0,294.0,42.0,126.0,,
5327,42.0,84.0,84.0,252.0,84.0,84.0,,
5328,42.0,42.0,216.0,294.0,84.0,252.0,,
5329,42.0,84.0,42.0,210.0,42.0,126.0,,
5330,42.0,126.0,84.0,384.0,210.0,126.0,,
5331,42.0,84.0,168.0,252.0,48.0,42.0,,
5332,42.0,364.0,171.0,84.0,252.0,252.0,,
5333,42.0,42.0,42.0,42.0,84.0,210.0,,
5334,42.0,126.0,210.0,174.0,126.0,126.0,,
5335,84.0,84.0,126.0,168.0,210.0,294.0,,
5336,84.0,84.0,42.0,84.0,42.0,84.0,,
5337,42.0,84.0,126.0,126.0,84.0,168.0,,
5338,42.0,126.0,84.0,210.0,84.0,126.0,,
5339,42.0,126.0,126.0,168.0,126.0,504.0,,
5340,84.0,168.0,42.0,294.0,42.0,168.0,,
5341,42.0,168.0,294.0,168.0,126.0,294.0,,
5342,87.0,42.0,168.0,84.0,252.0,168.0,,
5343,42.0,84.0,42.0,168.0,126.0,542.0,,
5344,42.0,84.0,252.0,210.0,42.0,342.0,,
5345,84.0,252.0,42.0,126.0,84.0,84.0,,
5346,42.0,42.0,126.0,216.0,42.0,168.0,,
5347,42.0,126.0,210.0,42.0,42.0,168.0,,
5348,42.0,168.0,126.0,168.0,84.0,126.0,,
5349,42.0,168.0,168.0,84.0,160.0,126.0,,
5350,42.0,118.0,84.0,126.0,48.0,168.0,,
5351,42.0,42.0,210.0,168.0,84.0,126.0,,
5352,42.0,126.0,84.0,210.0,42.0,168.0,,
5353,42.0,84.0,84.0,252.0,42.0,168.0,,
5354,42.0,42.0,126.0,42.0,42.0,297.0,,
5355,42.0,84.0,126.0,168.0,42.0,168.0,,
5356,42.0,126.0,168.0,84.0,84.0,174.0,,
5357,42.0,84.0,168.0,126.0,84.0,168.0,,
5358,42.0,84.0,210.0,546.0,126.0,42.0,,
5359,42.0,42.0,320.0,168.0,42.0,126.0,,
5360,42.0,42.0,168.0,210.0,42.0,252.0,,
5361,42.0,84.0,252.0,126.0,258.0,42.0,,
5362,42.0,42.0,84.0,168.0,84.0,84.0,,
5363,42.0,42.0,168.0,126.0,126.0,84.0,,
5364,42.0,42.0,84.0,126.0,84.0,42.0,,
5365,42.0,42.0,84.0,210.0,42.0,210.0,,
5366,42.0,84.0,168.0,252.0,252.0,126.0,,
5367,42.0,84.0,126.0,42.0,126.0,84.0,,
5368,42.0,126.0,126.0,168.0,42.0,126.0,,
5369,84.0,278.0,84.0,84.0,42.0,504.0,,
5370,84.0,126.0,308.0,126.0,126.0,168.0,,
5371,42.0,42.0,168.0,42.0,84.0,210.0,,
5372,42.0,84.0,126.0,294.0,84.0,168.0,,
5373,126.0,168.0,168.0,252.0,126.0,656.0,,
5374,42.0,42.0,42.0,84.0,42.0,42.0,,
5375,42.0,84.0,42.0,210.0,210.0,210.0,,
5376,42.0,84.0,42.0,42.0,84.0,90.0,,
5377,42.0,84.0,126.0,336.0,42.0,294.0,,
5378,28.0,42.0,84.0,210.0,84.0,210.0,,
5379,42.0,252.0,132.0,300.0,84.0,126.0,,
5380,42.0,84.0,84.0,404.0,126.0,126.0,,
5381,84.0,126.0,126.0,210.0,104.0,252.0,,
5382,42.0,126.0,84.0,297.0,84.0,210.0,,
5383,42.0,42.0,252.0,252.0,42.0,126.0,,
5384,42.0,84.0,126.0,84.0,84.0,84.0,,
5385,42.0,210.0,216.0,294.0,126.0,168.0,,
5386,42.0,42.0,210.0,294.0,42.0,168.0,,
5387,42.0,42.0,126.0,252.0,126.0,168.0,,
5388,42.0,84.0,42.0,126.0,126.0,210.0,,
5389,42.0,126.0,210.0,168.0,84.0,210.0,,
5390,42.0,90.0,210.0,168.0,84.0,84.0,,
5391,42.0,168.0,84.0,126.0,168.0,126.0,,
5392,42.0,84.0,244.0,126.0,42.0,126.0,,
5393,42.0,42.0,168.0,42.0,194.0,168.0,,
5394,42.0,42.0,84.0,454.0,84.0,126.0,,
5395,42.0,84.0,42.0,252.0,84.0,504.0,,
5396,42.0,126.0,126.0,210.0,42.0,252.0,,
5397,42.0,84.0,320.0,222.0,84.0,294.0,,
5398,42.0,126.0,210.0,462.0,42.0,84.0,,
5399,48.0,42.0,126.0,42.0,84.0,126.0,,
5400,42.0,84.0,126.0,42.0,42.0,168.0,,
5401,42.0,84.0,84.0,210.0,42.0,255.0,,
5402,42.0,42.0,210.0,168.0,126.0,630.0,,
5403,42.0,42.0,42.0,294.0,42.0,126.0,,
5404,42.0,132.0,294.0,126.0,84.0,376.0,,
5405,84.0,126.0,42.0,168.0,112.0,252.0,,
5406,42.0,42.0,84.0,252.0,294.0,126.0,,
5407,42.0,168.0,42.0,252.0,42.0,42.0,,
5408,42.0,42.0,168.0,84.0,42.0,462.0,,
5409,42.0,90.0,84.0,42.0,171.0,384.0,,
5410,42.0,126.0,210.0,126.0,84.0,168.0,,
5411,42.0,42.0,42.0,252.0,126.0,126.0,,
5412,42.0,42.0,42.0,42.0,174.0,42.0,,
5413,42.0,42.0,126.0,84.0,168.0,168.0,,
5414,42.0,84.0,252.0,126.0,84.0,168.0,,
5415,42.0,84.0,216.0,378.0,84.0,210.0,,
5416,42.0,42.0,210.0,168.0,84.0,126.0,,
5417,42.0,168.0,42.0,126.0,42.0,210.0,,
5418,42.0,42.0,84.0,84.0,126.0,42.0,,
5419,42.0,129.0,168.0,294.0,84.0,168.0,,
5420,42.0,42.0,210.0,252.0,42.0,126.0,,
5421,42.0,84.0,84.0,294.0,168.0,168.0,,
5422,42.0,84.0,210.0,384.0,252.0,294.0,,
5423,42.0,42.0,168.0,168.0,126.0,432.0,,
5424,42.0,126.0,126.0,294.0,294.0,126.0,,
5425,42.0,42.0,126.0,210.0,252.0,84.0,,
5426,42.0,168.0,126.0,336.0,168.0,42.0,,
5427,42.0,84.0,168.0,210.0,126.0,504.0,,
5428,42.0,252.0,210.0,378.0,42.0,580.0,,
5429,42.0,252.0,168.0,126.0,42.0,126.0,,
5430,42.0,42.0,202.0,168.0,84.0,84.0,,
5431,42.0,126.0,252.0,42.0,126.0,168.0,,
5432,42.0,42.0,42.0,168.0,84.0,84.0,,
5433,42.0,42.0,42.0,84.0,42.0,84.0,,
5434,42.0,84.0,252.0,84.0,168.0,252.0,,
5435,42.0,84.0,210.0,210.0,42.0,126.0,,
5436,42.0,126.0,42.0,126.0,336.0,42.0,,
5437,42.0,42.0,126.0,258.0,252.0,210.0,,
5438,42.0,42.0,42.0,294.0,84.0,252.0,,
5439,42.0,213.0,126.0,84.0,84.0,336.0,,
5440,42.0,42.0,168.0,168.0,90.0,266.0,,
5441,42.0,210.0,210.0,336.0,126.0,84.0,,
5442,42.0,174.0,210.0,210.0,84.0,423.0,,
5443,42.0,42.0,84.0,294.0,84.0,42.0,,
5444,42.0,160.0,168.0,504.0,42.0,84.0,,
5445,42.0,84.0,84.0,168.0,84.0,126.0,,
5446,42.0,168.0,126.0,174.0,132.0,258.0,,
5447,42.0,84.0,210.0,126.0,84.0,84.0,,
5448,42.0,42.0,42.0,42.0,168.0,42.0,,
5449,48.0,84.0,420.0,339.0,42.0,210.0,,
5450,14.0,84.0,84.0,168.0,42.0,168.0,,
5451,42.0,84.0,168.0,126.0,126.0,210.0,,
5452,42.0,84.0,126.0,384.0,126.0,42.0,,
5453,42.0,42.0,252.0,42.0,84.0,294.0,,
5454,42.0,84.0,84.0,84.0,126.0,252.0,,
5455,42.0,126.0,126.0,210.0,84.0,210.0,,
5456,42.0,84.0,294.0,168.0,126.0,174.0,,
5457,42.0,168.0,132.0,126.0,84.0,168.0,,
5458,42.0,126.0,126.0,294.0,168.0,126.0,,
5459,28.0,84.0,126.0,84.0,84.0,252.0,,
5460,14.0,42.0,126.0,306.0,42.0,42.0,,
5461,42.0,168.0,84.0,168.0,84.0,252.0,,
5462,42.0,126.0,84.0,42.0,168.0,168.0,,
5463,42.0,216.0,171.0,210.0,126.0,126.0,,
5464,42.0,126.0,84.0,42.0,42.0,168.0,,
5465,42.0,126.0,126.0,126.0,84.0,336.0,,
5466,42.0,168.0,168.0,210.0,42.0,168.0,,
5467,42.0,42.0,132.0,42.0,42.0,42.0,,
5468,42.0,42.0,42.0,210.0,42.0,168.0,,
5469,42.0,252.0,126.0,84.0,42.0,168.0,,
5470,42.0,42.0,126.0,42.0,42.0,462.0,,
5471,84.0,84.0,84.0,126.0,42.0,252.0,,
5472,42.0,126.0,126.0,294.0,84.0,84.0,,
5473,84.0,42.0,294.0,174.0,42.0,216.0,,
5474,42.0,84.0,168.0,384.0,84.0,42.0,,
5475,42.0,84.0,286.0,168.0,42.0,126.0,,
5476,84.0,42.0,126.0,126.0,168.0,168.0,,
5477,42.0,126.0,294.0,126.0,42.0,126.0,,
5478,42.0,84.0,42.0,168.0,84.0,126.0,,
5479,42.0,126.0,126.0,294.0,126.0,188.0,,
5480,42.0,42.0,126.0,210.0,252.0,126.0,,
5481,42.0,84.0,297.0,42.0,126.0,210.0,,
5482,42.0,42.0,168.0,378.0,42.0,42.0,,
5483,42.0,42.0,42.0,84.0,168.0,252.0,,
5484,42.0,84.0,126.0,168.0,210.0,126.0,,
5485,42.0,168.0,168.0,420.0,42.0,126.0,,
5486,126.0,42.0,126.0,84.0,42.0,252.0,,
5487,42.0,84.0,126.0,180.0,42.0,252.0,,
5488,42.0,84.0,84.0,168.0,118.0,126.0,,
5489,42.0,126.0,42.0,84.0,98.0,168.0,,
5490,42.0,84.0,42.0,84.0,126.0,168.0,,
5491,42.0,42.0,168.0,378.0,84.0,210.0,,
5492,42.0,42.0,126.0,252.0,42.0,252.0,,
5493,42.0,132.0,168.0,210.0,42.0,252.0,,
5494,42.0,126.0,210.0,252.0,84.0,42.0,,
5495,42.0,84.0,420.0,252.0,126.0,174.0,,
5496,48.0,84.0,84.0,42.0,126.0,255.0,,
5497,42.0,168.0,84.0,294.0,168.0,168.0,,
5498,84.0,84.0,84.0,84.0,42.0,126.0,,
5499,42.0,42.0,84.0,339.0,84.0,168.0,,
5500,42.0,42.0,168.0,252.0,42.0,168.0,,
5501,42.0,126.0,84.0,168.0,84.0,168.0,,
5502,84.0,188.0,210.0,126.0,84.0,126.0,,
5503,42.0,252.0,252.0,294.0,132.0,168.0,,
5504,42.0,126.0,278.0,420.0,42.0,210.0,,
5505,42.0,126.0,210.0,378.0,126.0,168.0,,
5506,42.0,84.0,174.0,210.0,126.0,42.0,,
5507,42.0,42.0,168.0,42.0,42.0,168.0,,
5508,42.0,90.0,42.0,252.0,168.0,42.0,,
5509,87.0,84.0,210.0,210.0,168.0,210.0,,
5510,84.0,84.0,42.0,210.0,42.0,294.0,,
5511,42.0,42.0,210.0,42.0,126.0,294.0,,
5512,42.0,126.0,84.0,84.0,168.0,42.0,,
5513,84.0,42.0,210.0,42.0,42.0,168.0,,
5514,42.0,42.0,84.0,168.0,84.0,168.0,,
5515,42.0,42.0,126.0,294.0,84.0,210.0,,
5516,42.0,168.0,84.0,306.0,42.0,210.0,,
5517,84.0,42.0,168.0,126.0,210.0,210.0,,
5518,42.0,126.0,210.0,84.0,84.0,294.0,,
5519,42.0,42.0,126.0,84.0,210.0,126.0,,
5520,42.0,42.0,126.0,210.0,84.0,126.0,,
5521,42.0,84.0,210.0,84.0,42.0,462.0,,
5522,42.0,42.0,84.0,126.0,126.0,84.0,,
5523,126.0,168.0,168.0,168.0,84.0,336.0,,
5524,42.0,42.0,210.0,168.0,84.0,210.0,,
5525,42.0,42.0,126.0,252.0,336.0,84.0,,
5526,42.0,84.0,84.0,126.0,84.0,294.0,,
5527,84.0,126.0,42.0,84.0,126.0,42.0,,
5528,126.0,126.0,126.0,126.0,48.0,126.0,,
5529,42.0,42.0,84.0,84.0,126.0,126.0,,
5530,42.0,42.0,168.0,378.0,42.0,210.0,,
5531,42.0,126.0,126.0,168.0,168.0,210.0,,
5532,42.0,126.0,126.0,378.0,42.0,84.0,,
5533,42.0,42.0,84.0,126.0,42.0,126.0,,
5534,42.0,42.0,42.0,420.0,42.0,168.0,,
5535,42.0,84.0,294.0,354.0,42.0,84.0,,
5536,42.0,42.0,126.0,126.0,126.0,168.0,,
5537,84.0,90.0,42.0,210.0,126.0,174.0,,
5538,42.0,168.0,252.0,210.0,168.0,210.0,,
5539,42.0,168.0,42.0,42.0,42.0,382.0,,
5540,42.0,84.0,84.0,126.0,126.0,132.0,,
5541,42.0,42.0,294.0,168.0,42.0,168.0,,
5542,42.0,42.0,84.0,126.0,42.0,126.0,,
5543,42.0,42.0,42.0,42.0,126.0,168.0,,
5544,42.0,84.0,42.0,510.0,42.0,420.0,,
5545,42.0,252.0,180.0,210.0,90.0,210.0,,
5546,42.0,84.0,84.0,84.0,84.0,294.0,,
5547,84.0,168.0,126.0,168.0,126.0,42.0,,
5548,42.0,210.0,126.0,252.0,84.0,210.0,,
5549,126.0,168.0,252.0,42.0,210.0,336.0,,
5550,42.0,126.0,84.0,336.0,42.0,252.0,,
5551,42.0,84.0,294.0,210.0,42.0,168.0,,
5552,42.0,126.0,84.0,252.0,42.0,252.0,,
5553,48.0,126.0,210.0,252.0,48.0,238.0,,
5554,42.0,42.0,42.0,210.0,126.0,42.0,,
5555,42.0,210.0,84.0,42.0,126.0,126.0,,
5556,126.0,84.0,126.0,42.0,84.0,252.0,,
5557,42.0,126.0,84.0,210.0,90.0,42.0,,
5558,42.0,126.0,252.0,42.0,84.0,210.0,,
5559,42.0,126.0,42.0,210.0,84.0,84.0,,
5560,84.0,42.0,168.0,210.0,210.0,210.0,,
5561,42.0,126.0,210.0,297.0,126.0,42.0,,
5562,42.0,84.0,284.0,126.0,168.0,42.0,,
5563,42.0,84.0,42.0,210.0,126.0,126.0,,
5564,42.0,132.0,42.0,42.0,84.0,126.0,,
5565,84.0,42.0,84.0,462.0,84.0,378.0,,
5566,42.0,126.0,84.0,168.0,126.0,42.0,,
5567,42.0,42.0,84.0,252.0,84.0,210.0,,
5568,84.0,84.0,126.0,168.0,42.0,258.0,,
5569,42.0,84.0,42.0,300.0,90.0,210.0,,
5570,42.0,84.0,210.0,210.0,126.0,588.0,,
5571,84.0,126.0,84.0,336.0,42.0,126.0,,
5572,42.0,210.0,126.0,42.0,126.0,126.0,,
5573,42.0,84.0,216.0,168.0,42.0,126.0,,
5574,42.0,210.0,132.0,210.0,42.0,126.0,,
5575,42.0,84.0,210.0,42.0,84.0,222.0,,
5576,42.0,126.0,210.0,294.0,339.0,84.0,,
5577,84.0,174.0,210.0,84.0,42.0,42.0,,
5578,42.0,126.0,370.0,168.0,84.0,294.0,,
5579,42.0,42.0,210.0,168.0,168.0,126.0,,
5580,42.0,42.0,42.0,252.0,168.0,84.0,,
5581,42.0,42.0,42.0,42.0,42.0,210.0,,
5582,42.0,42.0,210.0,168.0,84.0,168.0,,
5583,42.0,42.0,252.0,174.0,84.0,168.0,,
5584,84.0,84.0,126.0,126.0,126.0,42.0,,
5585,42.0,126.0,168.0,126.0,126.0,126.0,,
5586,42.0,126.0,42.0,420.0,84.0,546.0,,
5587,42.0,168.0,252.0,210.0,42.0,336.0,,
5588,84.0,42.0,84.0,210.0,14.0,126.0,,
5589,42.0,84.0,126.0,168.0,126.0,42.0,,
5590,42.0,126.0,168.0,252.0,42.0,126.0,,
5591,42.0,42.0,126.0,252.0,168.0,126.0,,
5592,42.0,84.0,210.0,42.0,168.0,588.0,,
5593,42.0,42.0,168.0,210.0,168.0,449.0,,
5594,42.0,126.0,126.0,210.0,252.0,126.0,,
5595,42.0,126.0,126.0,168.0,112.0,168.0,,
5596,42.0,126.0,84.0,84.0,168.0,42.0,,
5597,42.0,42.0,255.0,42.0,168.0,42.0,,
5598,42.0,210.0,210.0,420.0,42.0,42.0,,
5599,126.0,126.0,42.0,384.0,126.0,42.0,,
5600,42.0,42.0,42.0,210.0,84.0,42.0,,
5601,42.0,126.0,294.0,378.0,84.0,168.0,,
5602,42.0,126.0,126.0,168.0,132.0,126.0,,
5603,48.0,48.0,126.0,84.0,168.0,387.0,,
5604,48.0,84.0,294.0,336.0,42.0,378.0,,
5605,42.0,84.0,168.0,174.0,84.0,84.0,,
5606,42.0,171.0,168.0,42.0,84.0,210.0,,
5607,42.0,84.0,84.0,168.0,42.0,294.0,,
5608,42.0,42.0,42.0,168.0,42.0,294.0,,
5609,42.0,42.0,84.0,168.0,42.0,546.0,,
5610,42.0,84.0,42.0,168.0,126.0,42.0,,
5611,42.0,42.0,84.0,84.0,126.0,42.0,,
5612,42.0,174.0,168.0,378.0,210.0,420.0,,
5613,42.0,84.0,126.0,252.0,42.0,84.0,,
5614,42.0,84.0,126.0,252.0,42.0,210.0,,
5615,42.0,168.0,126.0,42.0,14.0,336.0,,
5616,42.0,84.0,168.0,342.0,210.0,84.0,,
5617,42.0,42.0,252.0,42.0,42.0,132.0,,
5618,42.0,126.0,126.0,168.0,126.0,126.0,,
5619,42.0,84.0,126.0,42.0,84.0,210.0,,
5620,42.0,84.0,84.0,168.0,42.0,42.0,,
5621,42.0,42.0,168.0,210.0,84.0,168.0,,
5622,42.0,84.0,126.0,42.0,126.0,126.0,,
5623,42.0,126.0,42.0,84.0,168.0,168.0,,
5624,42.0,42.0,168.0,126.0,84.0,126.0,,
5625,42.0,126.0,258.0,210.0,84.0,126.0,,
5626,42.0,126.0,252.0,306.0,42.0,294.0,,
5627,42.0,42.0,84.0,126.0,42.0,378.0,,
5628,42.0,126.0,210.0,126.0,168.0,216.0,,
5629,42.0,42.0,294.0,168.0,42.0,210.0,,
5630,42.0,84.0,168.0,168.0,84.0,168.0,,
5631,42.0,42.0,126.0,126.0,42.0,168.0,,
5632,42.0,42.0,252.0,423.0,84.0,252.0,,
5633,42.0,84.0,210.0,210.0,90.0,336.0,,
5634,42.0,42.0,126.0,294.0,42.0,336.0,,
5635,84.0,216.0,84.0,168.0,84.0,168.0,,
5636,42.0,42.0,42.0,168.0,84.0,42.0,,
5637,42.0,42.0,126.0,84.0,126.0,84.0,,
5638,42.0,84.0,252.0,168.0,42.0,252.0,,
5639,42.0,84.0,126.0,426.0,84.0,252.0,,
5640,48.0,42.0,42.0,168.0,84.0,42.0,,
5641,42.0,84.0,42.0,126.0,126.0,42.0,,
5642,42.0,42.0,126.0,42.0,42.0,168.0,,
5643,42.0,84.0,210.0,468.0,42.0,42.0,,
5644,42.0,126.0,84.0,210.0,42.0,168.0,,
5645,42.0,126.0,168.0,126.0,210.0,168.0,,
5646,42.0,84.0,252.0,210.0,84.0,132.0,,
5647,42.0,42.0,168.0,294.0,84.0,252.0,,
5648,42.0,42.0,168.0,168.0,210.0,252.0,,
5649,42.0,42.0,132.0,258.0,126.0,210.0,,
5650,42.0,84.0,84.0,168.0,42.0,126.0,,
5651,42.0,84.0,252.0,294.0,126.0,42.0,,
5652,42.0,84.0,174.0,294.0,42.0,42.0,,
5653,42.0,84.0,126.0,84.0,42.0,252.0,,
5654,14.0,126.0,210.0,42.0,42.0,84.0,,
5655,42.0,42.0,42.0,42.0,84.0,210.0,,
5656,42.0,126.0,174.0,42.0,84.0,348.0,,
5657,42.0,252.0,168.0,345.0,42.0,168.0,,
5658,42.0,168.0,210.0,210.0,42.0,42.0,,
5659,42.0,42.0,168.0,210.0,42.0,84.0,,
5660,42.0,84.0,168.0,126.0,84.0,42.0,,
5661,42.0,84.0,168.0,168.0,42.0,168.0,,
5662,42.0,84.0,168.0,168.0,126.0,126.0,,
5663,42.0,42.0,210.0,294.0,42.0,294.0,,
5664,42.0,42.0,126.0,168.0,132.0,42.0,,
5665,42.0,126.0,84.0,42.0,126.0,336.0,,
5666,42.0,278.0,42.0,210.0,126.0,216.0,,
5667,42.0,42.0,42.0,336.0,168.0,168.0,,
5668,42.0,42.0,258.0,168.0,210.0,336.0,,
5669,42.0,252.0,252.0,174.0,84.0,84.0,,
5670,42.0,168.0,126.0,168.0,84.0,294.0,,
5671,42.0,84.0,252.0,210.0,84.0,168.0,,
5672,42.0,84.0,84.0,336.0,42.0,468.0,,
5673,42.0,252.0,126.0,294.0,126.0,84.0,,
5674,42.0,42.0,378.0,168.0,84.0,168.0,,
5675,42.0,42.0,42.0,168.0,168.0,168.0,,
5676,48.0,42.0,84.0,126.0,168.0,210.0,,
5677,14.0,168.0,126.0,210.0,42.0,210.0,,
5678,42.0,126.0,84.0,42.0,42.0,378.0,,
5679,42.0,84.0,84.0,294.0,42.0,42.0,,
5680,42.0,42.0,42.0,42.0,84.0,126.0,,
5681,28.0,168.0,84.0,210.0,48.0,252.0,,
5682,42.0,84.0,42.0,252.0,70.0,126.0,,
5683,42.0,84.0,42.0,294.0,42.0,210.0,,
5684,42.0,84.0,126.0,42.0,42.0,252.0,,
5685,42.0,210.0,84.0,42.0,84.0,84.0,,
5686,42.0,210.0,84.0,126.0,84.0,42.0,,
5687,28.0,42.0,84.0,126.0,42.0,42.0,,
5688,84.0,171.0,168.0,84.0,252.0,168.0,,
5689,42.0,42.0,42.0,306.0,126.0,126.0,,
5690,42.0,84.0,126.0,294.0,42.0,84.0,,
5691,42.0,126.0,84.0,462.0,84.0,210.0,,
5692,42.0,84.0,168.0,168.0,84.0,294.0,,
5693,42.0,84.0,213.0,252.0,84.0,546.0,,
5694,42.0,84.0,336.0,126.0,42.0,210.0,,
5695,42.0,90.0,90.0,126.0,42.0,210.0,,
5696,42.0,252.0,42.0,168.0,213.0,168.0,,
5697,42.0,42.0,168.0,210.0,84.0,84.0,,
5698,42.0,126.0,42.0,126.0,84.0,168.0,,
5699,84.0,84.0,126.0,84.0,252.0,126.0,,
5700,42.0,42.0,252.0,,42.0,84.0,,
5701,42.0,42.0,252.0,,174.0,294.0,,
5702,42.0,126.0,168.0,,84.0,126.0,,
5703,42.0,84.0,126.0,,84.0,42.0,,
5704,84.0,84.0,210.0,,90.0,42.0,,
5705,42.0,42.0,126.0,,56.0,126.0,,
5706,42.0,84.0,174.0,,168.0,42.0,,
5707,84.0,126.0,168.0,,42.0,84.0,,
5708,48.0,84.0,42.0,,126.0,420.0,,
5709,42.0,126.0,126.0,,84.0,168.0,,
5710,84.0,42.0,252.0,,126.0,42.0,,
5711,42.0,126.0,84.0,,168.0,252.0,,
5712,42.0,84.0,84.0,,70.0,329.0,,
5713,42.0,42.0,42.0,,84.0,168.0,,
5714,42.0,132.0,210.0,,42.0,412.0,,
5715,126.0,42.0,84.0,,84.0,84.0,,
5716,42.0,42.0,297.0,,126.0,126.0,,
5717,42.0,126.0,84.0,,84.0,84.0,,
5718,48.0,84.0,168.0,,210.0,126.0,,
5719,42.0,126.0,168.0,,84.0,168.0,,
5720,84.0,168.0,126.0,,84.0,168.0,,
5721,42.0,42.0,126.0,,84.0,84.0,,
5722,48.0,42.0,42.0,,90.0,84.0,,
5723,42.0,42.0,504.0,,126.0,126.0,,
5724,42.0,42.0,84.0,,210.0,84.0,,
5725,42.0,126.0,168.0,,126.0,420.0,,
5726,42.0,174.0,168.0,,84.0,252.0,,
5727,42.0,42.0,42.0,,42.0,84.0,,
5728,84.0,126.0,126.0,,210.0,462.0,,
5729,42.0,126.0,168.0,,84.0,336.0,,
5730,42.0,42.0,210.0,,132.0,294.0,,
5731,42.0,126.0,210.0,,84.0,168.0,,
5732,126.0,42.0,168.0,,42.0,42.0,,
5733,42.0,42.0,252.0,,84.0,216.0,,
5734,42.0,160.0,42.0,,42.0,294.0,,
5735,42.0,42.0,396.0,,84.0,168.0,,
5736,42.0,126.0,84.0,,168.0,210.0,,
5737,42.0,84.0,42.0,,48.0,126.0,,
5738,84.0,42.0,126.0,,84.0,294.0,,
5739,42.0,168.0,42.0,,84.0,462.0,,
5740,84.0,168.0,126.0,,42.0,174.0,,
5741,42.0,210.0,168.0,,126.0,258.0,,
5742,42.0,42.0,84.0,,168.0,42.0,,
5743,42.0,126.0,126.0,,168.0,126.0,,
5744,84.0,126.0,168.0,,84.0,168.0,,
5745,42.0,84.0,210.0,,42.0,126.0,,
5746,42.0,42.0,126.0,,42.0,168.0,,
5747,42.0,42.0,84.0,,84.0,168.0,,
5748,84.0,126.0,42.0,,42.0,126.0,,
5749,42.0,42.0,84.0,,168.0,84.0,,
5750,42.0,42.0,168.0,,84.0,252.0,,
5751,42.0,84.0,168.0,,168.0,168.0,,
5752,42.0,84.0,126.0,,84.0,210.0,,
5753,42.0,84.0,252.0,,126.0,42.0,,
5754,42.0,42.0,42.0,,84.0,210.0,,
5755,42.0,42.0,336.0,,42.0,126.0,,
5756,42.0,210.0,126.0,,126.0,84.0,,
5757,42.0,126.0,42.0,,42.0,336.0,,
5758,42.0,42.0,252.0,,90.0,42.0,,
5759,42.0,42.0,84.0,,84.0,126.0,,
5760,42.0,42.0,126.0,,84.0,294.0,,
5761,126.0,42.0,42.0,,126.0,168.0,,
5762,28.0,42.0,42.0,,42.0,168.0,,
5763,42.0,252.0,126.0,,168.0,126.0,,
5764,126.0,210.0,84.0,,42.0,210.0,,
5765,42.0,168.0,42.0,,84.0,525.0,,
5766,84.0,42.0,126.0,,42.0,210.0,,
5767,87.0,84.0,90.0,,84.0,252.0,,
5768,42.0,42.0,216.0,,126.0,126.0,,
5769,42.0,42.0,210.0,,126.0,84.0,,
5770,126.0,160.0,84.0,,42.0,252.0,,
5771,42.0,42.0,42.0,,42.0,126.0,,
5772,48.0,126.0,126.0,,42.0,42.0,,
5773,42.0,168.0,126.0,,84.0,42.0,,
5774,42.0,252.0,210.0,,84.0,126.0,,
5775,84.0,84.0,126.0,,84.0,126.0,,
5776,42.0,84.0,168.0,,210.0,210.0,,
5777,42.0,42.0,252.0,,70.0,168.0,,
5778,42.0,126.0,210.0,,126.0,126.0,,
5779,42.0,42.0,168.0,,42.0,84.0,,
5780,42.0,126.0,294.0,,384.0,216.0,,
5781,42.0,42.0,168.0,,168.0,168.0,,
5782,42.0,84.0,84.0,,84.0,294.0,,
5783,42.0,84.0,168.0,,42.0,126.0,,
5784,42.0,84.0,42.0,,87.0,210.0,,
5785,42.0,126.0,126.0,,28.0,168.0,,
5786,42.0,42.0,440.0,,126.0,294.0,,
5787,42.0,84.0,126.0,,126.0,126.0,,
5788,84.0,168.0,84.0,,252.0,210.0,,
5789,42.0,84.0,84.0,,84.0,126.0,,
5790,42.0,126.0,126.0,,126.0,210.0,,
5791,42.0,126.0,84.0,,42.0,252.0,,
5792,42.0,213.0,252.0,,126.0,42.0,,
5793,42.0,84.0,42.0,,126.0,42.0,,
5794,42.0,42.0,252.0,,168.0,345.0,,
5795,42.0,126.0,210.0,,84.0,126.0,,
5796,42.0,42.0,286.0,,168.0,294.0,,
5797,42.0,126.0,364.0,,84.0,378.0,,
5798,84.0,84.0,84.0,,42.0,84.0,,
5799,42.0,84.0,168.0,,378.0,168.0,,
5800,42.0,126.0,126.0,,84.0,210.0,,
5801,42.0,42.0,84.0,,42.0,84.0,,
5802,42.0,126.0,84.0,,42.0,126.0,,
5803,42.0,126.0,294.0,,84.0,42.0,,
5804,42.0,126.0,42.0,,126.0,126.0,,
5805,42.0,42.0,42.0,,42.0,168.0,,
5806,42.0,84.0,126.0,,84.0,168.0,,
5807,42.0,126.0,210.0,,56.0,84.0,,
5808,42.0,84.0,126.0,,42.0,84.0,,
5809,42.0,42.0,336.0,,42.0,42.0,,
5810,42.0,42.0,42.0,,42.0,210.0,,
5811,42.0,84.0,168.0,,84.0,294.0,,
5812,42.0,126.0,210.0,,42.0,210.0,,
5813,42.0,84.0,84.0,,84.0,42.0,,
5814,42.0,42.0,168.0,,168.0,126.0,,
5815,42.0,132.0,126.0,,84.0,216.0,,
5816,42.0,42.0,84.0,,84.0,252.0,,
5817,42.0,168.0,42.0,,104.0,210.0,,
5818,42.0,126.0,84.0,,42.0,84.0,,
5819,42.0,168.0,336.0,,84.0,462.0,,
5820,84.0,42.0,210.0,,210.0,126.0,,
5821,84.0,84.0,126.0,,84.0,168.0,,
5822,84.0,42.0,42.0,,126.0,84.0,,
5823,42.0,84.0,126.0,,84.0,252.0,,
5824,84.0,168.0,168.0,,252.0,210.0,,
5825,42.0,126.0,126.0,,126.0,168.0,,
5826,42.0,90.0,84.0,,84.0,126.0,,
5827,126.0,174.0,236.0,,168.0,126.0,,
5828,42.0,126.0,84.0,,42.0,252.0,,
5829,42.0,42.0,42.0,,42.0,252.0,,
5830,42.0,84.0,42.0,,42.0,378.0,,
5831,42.0,84.0,126.0,,84.0,42.0,,
5832,42.0,84.0,168.0,,210.0,42.0,,
5833,42.0,126.0,84.0,,126.0,126.0,,
5834,42.0,126.0,126.0,,84.0,126.0,,
5835,42.0,210.0,126.0,,84.0,126.0,,
5836,42.0,126.0,90.0,,42.0,84.0,,
5837,42.0,84.0,297.0,,84.0,252.0,,
5838,42.0,84.0,84.0,,126.0,168.0,,
5839,42.0,42.0,84.0,,84.0,168.0,,
5840,42.0,84.0,210.0,,84.0,42.0,,
5841,42.0,42.0,42.0,,84.0,438.0,,
5842,48.0,132.0,84.0,,168.0,300.0,,
5843,42.0,210.0,126.0,,126.0,525.0,,
5844,42.0,168.0,168.0,,126.0,126.0,,
5845,42.0,42.0,42.0,,168.0,210.0,,
5846,42.0,42.0,168.0,,126.0,294.0,,
5847,42.0,84.0,126.0,,84.0,42.0,,
5848,42.0,42.0,84.0,,84.0,126.0,,
5849,42.0,84.0,84.0,,84.0,336.0,,
5850,42.0,42.0,42.0,,42.0,252.0,,
5851,42.0,42.0,132.0,,42.0,504.0,,
5852,42.0,42.0,294.0,,84.0,168.0,,
5853,42.0,126.0,258.0,,42.0,168.0,,
5854,42.0,168.0,84.0,,171.0,42.0,,
5855,42.0,126.0,252.0,,42.0,126.0,,
5856,42.0,42.0,126.0,,126.0,126.0,,
5857,42.0,84.0,126.0,,126.0,168.0,,
5858,42.0,126.0,168.0,,42.0,168.0,,
5859,42.0,42.0,84.0,,126.0,84.0,,
5860,84.0,42.0,126.0,,126.0,168.0,,
5861,42.0,42.0,42.0,,126.0,126.0,,
5862,42.0,210.0,168.0,,84.0,342.0,,
5863,42.0,188.0,126.0,,42.0,336.0,,
5864,42.0,42.0,168.0,,42.0,42.0,,
5865,42.0,42.0,42.0,,84.0,210.0,,
5866,42.0,84.0,210.0,,42.0,588.0,,
5867,42.0,42.0,168.0,,84.0,378.0,,
5868,42.0,84.0,84.0,,84.0,504.0,,
5869,42.0,42.0,42.0,,42.0,294.0,,
5870,42.0,84.0,210.0,,42.0,420.0,,
5871,42.0,84.0,42.0,,84.0,210.0,,
5872,42.0,42.0,42.0,,168.0,84.0,,
5873,42.0,42.0,168.0,,84.0,168.0,,
5874,42.0,84.0,210.0,,84.0,126.0,,
5875,42.0,42.0,84.0,,168.0,42.0,,
5876,42.0,168.0,294.0,,126.0,42.0,,
5877,42.0,42.0,168.0,,42.0,294.0,,
5878,42.0,168.0,174.0,,210.0,168.0,,
5879,42.0,42.0,126.0,,84.0,168.0,,
5880,42.0,84.0,126.0,,132.0,342.0,,
5881,42.0,84.0,168.0,,84.0,210.0,,
5882,42.0,168.0,42.0,,48.0,252.0,,
5883,42.0,132.0,378.0,,126.0,378.0,,
5884,42.0,168.0,84.0,,42.0,252.0,,
5885,42.0,126.0,126.0,,90.0,168.0,,
5886,42.0,126.0,348.0,,126.0,126.0,,
5887,42.0,42.0,168.0,,126.0,126.0,,
5888,42.0,84.0,252.0,,210.0,168.0,,
5889,42.0,84.0,345.0,,42.0,252.0,,
5890,42.0,42.0,84.0,,168.0,126.0,,
5891,42.0,126.0,42.0,,126.0,504.0,,
5892,42.0,252.0,462.0,,126.0,252.0,,
5893,42.0,42.0,168.0,,84.0,168.0,,
5894,42.0,84.0,210.0,,42.0,42.0,,
5895,42.0,42.0,84.0,,48.0,42.0,,
5896,42.0,84.0,42.0,,84.0,336.0,,
5897,42.0,168.0,168.0,,168.0,244.0,,
5898,42.0,168.0,84.0,,42.0,210.0,,
5899,42.0,84.0,126.0,,126.0,714.0,,
5900,42.0,42.0,42.0,,84.0,378.0,,
5901,42.0,210.0,126.0,,42.0,342.0,,
5902,42.0,42.0,84.0,,42.0,210.0,,
5903,42.0,42.0,168.0,,42.0,378.0,,
5904,48.0,84.0,126.0,,210.0,84.0,,
5905,42.0,126.0,210.0,,84.0,210.0,,
5906,14.0,188.0,42.0,,210.0,378.0,,
5907,42.0,84.0,126.0,,168.0,168.0,,
5908,42.0,168.0,126.0,,42.0,42.0,,
5909,42.0,168.0,252.0,,84.0,210.0,,
5910,42.0,42.0,42.0,,84.0,42.0,,
5911,42.0,84.0,210.0,,210.0,126.0,,
5912,42.0,126.0,84.0,,42.0,294.0,,
5913,42.0,42.0,84.0,,168.0,410.0,,
5914,14.0,90.0,84.0,,84.0,168.0,,
5915,28.0,42.0,168.0,,84.0,210.0,,
5916,42.0,126.0,42.0,,126.0,504.0,,
5917,42.0,84.0,168.0,,168.0,168.0,,
5918,42.0,42.0,168.0,,84.0,210.0,,
5919,42.0,174.0,84.0,,42.0,84.0,,
5920,42.0,84.0,216.0,,42.0,252.0,,
5921,42.0,126.0,126.0,,42.0,420.0,,
5922,42.0,84.0,42.0,,84.0,42.0,,
5923,42.0,84.0,84.0,,168.0,126.0,,
5924,126.0,84.0,84.0,,132.0,210.0,,
5925,42.0,42.0,126.0,,154.0,126.0,,
5926,42.0,84.0,42.0,,84.0,126.0,,
5927,42.0,42.0,126.0,,210.0,420.0,,
5928,42.0,42.0,378.0,,14.0,84.0,,
5929,84.0,126.0,210.0,,56.0,84.0,,
5930,42.0,126.0,84.0,,84.0,252.0,,
5931,84.0,84.0,42.0,,132.0,42.0,,
5932,126.0,42.0,126.0,,42.0,384.0,,
5933,84.0,168.0,126.0,,70.0,168.0,,
5934,48.0,42.0,168.0,,84.0,168.0,,
5935,42.0,84.0,42.0,,84.0,252.0,,
5936,84.0,42.0,84.0,,42.0,210.0,,
5937,84.0,84.0,294.0,,42.0,171.0,,
5938,42.0,84.0,294.0,,42.0,84.0,,
5939,42.0,126.0,84.0,,48.0,126.0,,
5940,42.0,84.0,168.0,,126.0,566.0,,
5941,42.0,252.0,168.0,,42.0,84.0,,
5942,84.0,42.0,42.0,,84.0,126.0,,
5943,42.0,42.0,84.0,,126.0,168.0,,
5944,42.0,126.0,168.0,,84.0,384.0,,
5945,84.0,84.0,126.0,,126.0,378.0,,
5946,126.0,126.0,210.0,,168.0,84.0,,
5947,42.0,84.0,168.0,,84.0,42.0,,
5948,42.0,84.0,210.0,,294.0,42.0,,
5949,42.0,252.0,294.0,,42.0,297.0,,
5950,87.0,42.0,126.0,,126.0,126.0,,
5951,84.0,42.0,42.0,,84.0,532.0,,
5952,84.0,168.0,42.0,,168.0,168.0,,
5953,42.0,84.0,84.0,,132.0,294.0,,
5954,42.0,42.0,168.0,,42.0,294.0,,
5955,42.0,84.0,320.0,,90.0,84.0,,
5956,42.0,42.0,132.0,,42.0,210.0,,
5957,42.0,126.0,168.0,,42.0,126.0,,
5958,42.0,84.0,210.0,,84.0,42.0,,
5959,42.0,252.0,84.0,,42.0,84.0,,
5960,42.0,84.0,252.0,,252.0,672.0,,
5961,84.0,42.0,252.0,,84.0,168.0,,
5962,42.0,42.0,168.0,,42.0,84.0,,
5963,42.0,168.0,216.0,,42.0,378.0,,
5964,42.0,126.0,252.0,,126.0,252.0,,
5965,42.0,171.0,168.0,,42.0,210.0,,
5966,42.0,42.0,42.0,,84.0,126.0,,
5967,48.0,84.0,168.0,,84.0,252.0,,
5968,42.0,84.0,84.0,,84.0,42.0,,
5969,42.0,84.0,168.0,,126.0,264.0,,
5970,42.0,42.0,126.0,,126.0,252.0,,
5971,48.0,126.0,126.0,,42.0,294.0,,
5972,84.0,42.0,168.0,,210.0,168.0,,
5973,84.0,168.0,168.0,,126.0,210.0,,
5974,42.0,42.0,126.0,,168.0,264.0,,
5975,42.0,84.0,126.0,,42.0,210.0,,
5976,42.0,84.0,42.0,,42.0,168.0,,
5977,42.0,42.0,84.0,,42.0,504.0,,
5978,42.0,84.0,213.0,,132.0,420.0,,
5979,126.0,42.0,84.0,,126.0,252.0,,
5980,42.0,42.0,210.0,,168.0,294.0,,
5981,42.0,84.0,84.0,,168.0,504.0,,
5982,42.0,84.0,42.0,,42.0,126.0,,
5983,42.0,118.0,168.0,,42.0,210.0,,
5984,42.0,126.0,168.0,,42.0,84.0,,
5985,84.0,174.0,84.0,,252.0,252.0,,
5986,42.0,42.0,84.0,,42.0,84.0,,
5987,42.0,42.0,244.0,,168.0,,,
5988,42.0,42.0,294.0,,42.0,,,
5989,84.0,84.0,42.0,,87.0,,,
5990,42.0,84.0,84.0,,42.0,,,
5991,42.0,84.0,42.0,,84.0,,,
5992,42.0,42.0,210.0,,42.0,,,
5993,42.0,210.0,168.0,,118.0,,,
5994,42.0,168.0,174.0,,42.0,,,
5995,42.0,126.0,84.0,,84.0,,,
5996,84.0,210.0,84.0,,84.0,,,
5997,42.0,84.0,126.0,,126.0,,,
5998,126.0,210.0,42.0,,84.0,,,
5999,42.0,42.0,42.0,,42.0,,,
6000,42.0,84.0,168.0,,42.0,,,
6001,42.0,42.0,84.0,,126.0,,,
6002,42.0,42.0,42.0,,168.0,,,
6003,42.0,252.0,126.0,,42.0,,,
6004,42.0,126.0,252.0,,84.0,,,
6005,42.0,171.0,126.0,,126.0,,,
6006,42.0,42.0,210.0,,42.0,,,
6007,42.0,84.0,255.0,,84.0,,,
6008,42.0,126.0,168.0,,42.0,,,
6009,42.0,168.0,126.0,,42.0,,,
6010,42.0,126.0,84.0,,252.0,,,
6011,84.0,126.0,252.0,,42.0,,,
6012,42.0,84.0,420.0,,126.0,,,
6013,42.0,126.0,168.0,,84.0,,,
6014,42.0,118.0,42.0,,84.0,,,
6015,42.0,42.0,294.0,,84.0,,,
6016,42.0,126.0,168.0,,146.0,,,
6017,42.0,84.0,42.0,,42.0,,,
6018,42.0,126.0,84.0,,42.0,,,
6019,42.0,238.0,252.0,,42.0,,,
6020,42.0,126.0,84.0,,42.0,,,
6021,42.0,42.0,42.0,,84.0,,,
6022,42.0,126.0,42.0,,84.0,,,
6023,42.0,84.0,126.0,,42.0,,,
6024,42.0,42.0,202.0,,126.0,,,
6025,42.0,84.0,420.0,,126.0,,,
6026,42.0,168.0,42.0,,42.0,,,
6027,42.0,168.0,84.0,,126.0,,,
6028,42.0,42.0,168.0,,84.0,,,
6029,42.0,42.0,42.0,,42.0,,,
6030,42.0,42.0,126.0,,42.0,,,
6031,42.0,126.0,168.0,,42.0,,,
6032,42.0,84.0,294.0,,84.0,,,
6033,42.0,42.0,84.0,,84.0,,,
6034,42.0,126.0,210.0,,84.0,,,
6035,42.0,126.0,84.0,,126.0,,,
6036,42.0,126.0,336.0,,42.0,,,
6037,42.0,84.0,126.0,,84.0,,,
6038,126.0,42.0,168.0,,84.0,,,
6039,42.0,126.0,168.0,,42.0,,,
6040,42.0,42.0,42.0,,84.0,,,
6041,42.0,294.0,126.0,,126.0,,,
6042,42.0,126.0,42.0,,126.0,,,
6043,84.0,84.0,168.0,,42.0,,,
6044,42.0,132.0,132.0,,14.0,,,
6045,42.0,42.0,126.0,,42.0,,,
6046,42.0,236.0,126.0,,126.0,,,
6047,42.0,168.0,84.0,,42.0,,,
6048,84.0,84.0,126.0,,42.0,,,
6049,42.0,126.0,210.0,,42.0,,,
6050,42.0,84.0,84.0,,126.0,,,
6051,42.0,42.0,188.0,,42.0,,,
6052,42.0,84.0,252.0,,42.0,,,
6053,84.0,126.0,42.0,,42.0,,,
6054,42.0,84.0,42.0,,42.0,,,
6055,42.0,84.0,42.0,,154.0,,,
6056,42.0,42.0,42.0,,168.0,,,
6057,42.0,126.0,168.0,,42.0,,,
6058,42.0,84.0,84.0,,84.0,,,
6059,42.0,90.0,84.0,,84.0,,,
6060,42.0,42.0,42.0,,84.0,,,
6061,42.0,42.0,210.0,,48.0,,,
6062,42.0,42.0,42.0,,84.0,,,
6063,42.0,126.0,126.0,,42.0,,,
6064,42.0,42.0,132.0,,126.0,,,
6065,42.0,42.0,126.0,,294.0,,,
6066,42.0,84.0,42.0,,168.0,,,
6067,42.0,210.0,126.0,,84.0,,,
6068,42.0,42.0,210.0,,42.0,,,
6069,42.0,84.0,294.0,,126.0,,,
6070,42.0,84.0,42.0,,84.0,,,
6071,42.0,84.0,168.0,,42.0,,,
6072,42.0,126.0,126.0,,168.0,,,
6073,42.0,126.0,84.0,,84.0,,,
6074,42.0,42.0,84.0,,336.0,,,
6075,42.0,84.0,216.0,,210.0,,,
6076,42.0,84.0,168.0,,42.0,,,
6077,42.0,42.0,258.0,,126.0,,,
6078,42.0,42.0,42.0,,84.0,,,
6079,42.0,42.0,168.0,,84.0,,,
6080,48.0,42.0,420.0,,168.0,,,
6081,42.0,42.0,210.0,,42.0,,,
6082,42.0,126.0,294.0,,28.0,,,
6083,42.0,126.0,126.0,,210.0,,,
6084,42.0,90.0,126.0,,84.0,,,
6085,42.0,84.0,210.0,,126.0,,,
6086,42.0,42.0,168.0,,126.0,,,
6087,42.0,42.0,126.0,,42.0,,,
6088,42.0,42.0,42.0,,126.0,,,
6089,42.0,84.0,252.0,,252.0,,,
6090,42.0,42.0,168.0,,126.0,,,
6091,42.0,42.0,42.0,,168.0,,,
6092,48.0,42.0,210.0,,126.0,,,
6093,42.0,140.0,84.0,,126.0,,,
6094,42.0,126.0,168.0,,84.0,,,
6095,42.0,42.0,168.0,,126.0,,,
6096,42.0,84.0,252.0,,168.0,,,
6097,42.0,168.0,294.0,,84.0,,,
6098,42.0,42.0,126.0,,126.0,,,
6099,42.0,84.0,180.0,,84.0,,,
6100,42.0,84.0,210.0,,168.0,,,
6101,42.0,42.0,42.0,,168.0,,,
6102,42.0,42.0,42.0,,42.0,,,
6103,42.0,160.0,126.0,,126.0,,,
6104,42.0,84.0,168.0,,84.0,,,
6105,42.0,42.0,168.0,,42.0,,,
6106,42.0,84.0,126.0,,84.0,,,
6107,42.0,126.0,126.0,,42.0,,,
6108,42.0,42.0,84.0,,84.0,,,
6109,42.0,168.0,210.0,,252.0,,,
6110,42.0,168.0,126.0,,42.0,,,
6111,42.0,126.0,126.0,,42.0,,,
6112,42.0,42.0,84.0,,84.0,,,
6113,42.0,42.0,168.0,,42.0,,,
6114,42.0,84.0,84.0,,42.0,,,
6115,42.0,84.0,160.0,,168.0,,,
6116,42.0,84.0,84.0,,84.0,,,
6117,42.0,252.0,42.0,,90.0,,,
6118,42.0,126.0,252.0,,84.0,,,
6119,42.0,126.0,210.0,,126.0,,,
6120,42.0,42.0,168.0,,84.0,,,
6121,42.0,84.0,42.0,,42.0,,,
6122,42.0,42.0,84.0,,84.0,,,
6123,42.0,171.0,42.0,,48.0,,,
6124,42.0,126.0,84.0,,294.0,,,
6125,42.0,126.0,213.0,,42.0,,,
6126,42.0,168.0,126.0,,84.0,,,
6127,42.0,42.0,126.0,,90.0,,,
6128,42.0,42.0,126.0,,42.0,,,
6129,42.0,84.0,278.0,,84.0,,,
6130,42.0,210.0,42.0,,84.0,,,
6131,14.0,126.0,42.0,,84.0,,,
6132,42.0,84.0,126.0,,87.0,,,
6133,42.0,42.0,168.0,,84.0,,,
6134,48.0,42.0,42.0,,174.0,,,
6135,42.0,84.0,168.0,,84.0,,,
6136,42.0,42.0,126.0,,42.0,,,
6137,42.0,42.0,210.0,,42.0,,,
6138,42.0,42.0,168.0,,42.0,,,
6139,42.0,42.0,84.0,,42.0,,,
6140,28.0,126.0,252.0,,42.0,,,
6141,42.0,84.0,168.0,,84.0,,,
6142,14.0,168.0,258.0,,252.0,,,
6143,28.0,252.0,168.0,,42.0,,,
6144,42.0,84.0,168.0,,84.0,,,
6145,42.0,126.0,126.0,,84.0,,,
6146,42.0,84.0,168.0,,42.0,,,
6147,42.0,42.0,126.0,,168.0,,,
6148,42.0,84.0,84.0,,84.0,,,
6149,42.0,84.0,126.0,,84.0,,,
6150,42.0,42.0,84.0,,84.0,,,
6151,42.0,168.0,42.0,,168.0,,,
6152,42.0,42.0,42.0,,84.0,,,
6153,42.0,126.0,42.0,,42.0,,,
6154,87.0,126.0,126.0,,42.0,,,
6155,42.0,168.0,126.0,,42.0,,,
6156,42.0,84.0,126.0,,126.0,,,
6157,42.0,126.0,384.0,,104.0,,,
6158,42.0,42.0,168.0,,168.0,,,
6159,42.0,126.0,126.0,,42.0,,,
6160,84.0,42.0,84.0,,84.0,,,
6161,42.0,84.0,168.0,,126.0,,,
6162,42.0,84.0,252.0,,42.0,,,
6163,42.0,126.0,280.0,,210.0,,,
6164,42.0,42.0,168.0,,28.0,,,
6165,84.0,42.0,168.0,,56.0,,,
6166,42.0,188.0,168.0,,42.0,,,
6167,42.0,42.0,42.0,,84.0,,,
6168,42.0,42.0,180.0,,84.0,,,
6169,42.0,84.0,210.0,,252.0,,,
6170,42.0,126.0,168.0,,210.0,,,
6171,42.0,126.0,252.0,,42.0,,,
6172,126.0,42.0,126.0,,42.0,,,
6173,42.0,84.0,42.0,,42.0,,,
6174,42.0,42.0,126.0,,126.0,,,
6175,48.0,168.0,84.0,,84.0,,,
6176,42.0,210.0,126.0,,126.0,,,
6177,42.0,84.0,126.0,,126.0,,,
6178,84.0,42.0,84.0,,84.0,,,
6179,42.0,42.0,126.0,,336.0,,,
6180,42.0,168.0,168.0,,84.0,,,
6181,42.0,84.0,84.0,,84.0,,,
6182,126.0,126.0,84.0,,42.0,,,
6183,42.0,90.0,378.0,,70.0,,,
6184,42.0,84.0,84.0,,42.0,,,
6185,42.0,126.0,210.0,,126.0,,,
6186,84.0,126.0,168.0,,126.0,,,
6187,126.0,84.0,252.0,,168.0,,,
6188,42.0,126.0,168.0,,84.0,,,
6189,48.0,84.0,126.0,,42.0,,,
6190,42.0,132.0,42.0,,84.0,,,
6191,84.0,126.0,84.0,,42.0,,,
6192,42.0,42.0,168.0,,210.0,,,
6193,84.0,84.0,168.0,,210.0,,,
6194,42.0,90.0,126.0,,84.0,,,
6195,126.0,168.0,126.0,,126.0,,,
6196,42.0,42.0,210.0,,210.0,,,
6197,42.0,42.0,84.0,,84.0,,,
6198,42.0,126.0,126.0,,84.0,,,
6199,42.0,42.0,84.0,,126.0,,,
6200,42.0,42.0,210.0,,84.0,,,
6201,42.0,168.0,42.0,,84.0,,,
6202,42.0,42.0,42.0,,132.0,,,
6203,84.0,126.0,168.0,,84.0,,,
6204,42.0,126.0,252.0,,126.0,,,
6205,42.0,210.0,126.0,,42.0,,,
6206,48.0,168.0,42.0,,84.0,,,
6207,42.0,90.0,126.0,,84.0,,,
6208,42.0,84.0,42.0,,42.0,,,
6209,84.0,42.0,210.0,,84.0,,,
6210,42.0,42.0,126.0,,42.0,,,
6211,42.0,84.0,84.0,,210.0,,,
6212,84.0,84.0,278.0,,84.0,,,
6213,48.0,42.0,171.0,,84.0,,,
6214,42.0,42.0,84.0,,42.0,,,
6215,42.0,126.0,132.0,,126.0,,,
6216,48.0,168.0,126.0,,168.0,,,
6217,42.0,84.0,84.0,,42.0,,,
6218,42.0,42.0,168.0,,42.0,,,
6219,126.0,210.0,210.0,,126.0,,,
6220,42.0,126.0,84.0,,42.0,,,
6221,42.0,42.0,42.0,,42.0,,,
6222,42.0,84.0,126.0,,126.0,,,
6223,42.0,126.0,126.0,,84.0,,,
6224,42.0,42.0,42.0,,168.0,,,
6225,42.0,168.0,126.0,,126.0,,,
6226,42.0,42.0,252.0,,42.0,,,
6227,42.0,42.0,42.0,,84.0,,,
6228,42.0,188.0,84.0,,90.0,,,
6229,84.0,210.0,420.0,,84.0,,,
6230,42.0,84.0,42.0,,42.0,,,
6231,84.0,42.0,42.0,,126.0,,,
6232,42.0,84.0,336.0,,132.0,,,
6233,42.0,126.0,126.0,,42.0,,,
6234,42.0,84.0,126.0,,90.0,,,
6235,42.0,168.0,126.0,,126.0,,,
6236,84.0,126.0,84.0,,84.0,,,
6237,42.0,84.0,42.0,,252.0,,,
6238,42.0,126.0,294.0,,42.0,,,
6239,42.0,84.0,168.0,,42.0,,,
6240,42.0,84.0,126.0,,84.0,,,
6241,42.0,84.0,168.0,,126.0,,,
6242,42.0,126.0,84.0,,42.0,,,
6243,42.0,168.0,42.0,,132.0,,,
6244,42.0,42.0,168.0,,42.0,,,
6245,42.0,126.0,126.0,,42.0,,,
6246,42.0,84.0,168.0,,84.0,,,
6247,84.0,84.0,210.0,,42.0,,,
6248,42.0,126.0,224.0,,84.0,,,
6249,42.0,42.0,210.0,,84.0,,,
6250,42.0,42.0,210.0,,42.0,,,
6251,42.0,84.0,84.0,,42.0,,,
6252,42.0,126.0,126.0,,129.0,,,
6253,42.0,168.0,126.0,,126.0,,,
6254,42.0,84.0,210.0,,168.0,,,
6255,42.0,42.0,126.0,,42.0,,,
6256,42.0,42.0,126.0,,84.0,,,
6257,42.0,252.0,126.0,,84.0,,,
6258,84.0,126.0,126.0,,42.0,,,
6259,42.0,42.0,294.0,,84.0,,,
6260,42.0,112.0,42.0,,42.0,,,
6261,84.0,84.0,84.0,,42.0,,,
6262,42.0,42.0,84.0,,336.0,,,
6263,42.0,126.0,126.0,,168.0,,,
6264,28.0,210.0,244.0,,84.0,,,
6265,48.0,126.0,42.0,,42.0,,,
6266,42.0,42.0,168.0,,84.0,,,
6267,42.0,42.0,42.0,,42.0,,,
6268,42.0,174.0,252.0,,42.0,,,
6269,84.0,210.0,210.0,,56.0,,,
6270,42.0,168.0,126.0,,70.0,,,
6271,42.0,84.0,42.0,,84.0,,,
6272,42.0,126.0,168.0,,42.0,,,
6273,84.0,84.0,126.0,,14.0,,,
6274,42.0,84.0,126.0,,84.0,,,
6275,42.0,168.0,126.0,,84.0,,,
6276,42.0,42.0,126.0,,42.0,,,
6277,84.0,132.0,210.0,,42.0,,,
6278,126.0,126.0,252.0,,90.0,,,
6279,42.0,132.0,258.0,,42.0,,,
6280,42.0,126.0,294.0,,42.0,,,
6281,42.0,42.0,168.0,,84.0,,,
6282,42.0,42.0,42.0,,210.0,,,
6283,42.0,84.0,168.0,,42.0,,,
6284,42.0,42.0,84.0,,84.0,,,
6285,42.0,84.0,306.0,,252.0,,,
6286,42.0,42.0,42.0,,84.0,,,
6287,42.0,84.0,126.0,,84.0,,,
6288,42.0,126.0,84.0,,84.0,,,
6289,42.0,42.0,90.0,,252.0,,,
6290,42.0,42.0,84.0,,126.0,,,
6291,42.0,84.0,168.0,,42.0,,,
6292,42.0,42.0,210.0,,42.0,,,
6293,42.0,84.0,42.0,,42.0,,,
6294,42.0,42.0,126.0,,42.0,,,
6295,42.0,168.0,84.0,,84.0,,,
6296,42.0,42.0,42.0,,210.0,,,
6297,42.0,84.0,42.0,,84.0,,,
6298,42.0,42.0,84.0,,210.0,,,
6299,42.0,84.0,213.0,,42.0,,,
6300,42.0,126.0,252.0,,84.0,,,
6301,42.0,42.0,84.0,,42.0,,,
6302,42.0,126.0,174.0,,84.0,,,
6303,42.0,171.0,42.0,,126.0,,,
6304,42.0,210.0,126.0,,126.0,,,
6305,42.0,42.0,168.0,,84.0,,,
6306,42.0,84.0,126.0,,90.0,,,
6307,42.0,42.0,168.0,,84.0,,,
6308,42.0,84.0,126.0,,42.0,,,
6309,42.0,84.0,168.0,,168.0,,,
6310,42.0,84.0,210.0,,84.0,,,
6311,42.0,48.0,168.0,,84.0,,,
6312,42.0,84.0,168.0,,84.0,,,
6313,84.0,294.0,126.0,,84.0,,,
6314,42.0,42.0,126.0,,126.0,,,
6315,42.0,84.0,294.0,,42.0,,,
6316,42.0,84.0,42.0,,84.0,,,
6317,42.0,42.0,208.0,,42.0,,,
6318,42.0,84.0,252.0,,42.0,,,
6319,42.0,42.0,42.0,,84.0,,,
6320,42.0,42.0,168.0,,126.0,,,
6321,42.0,168.0,210.0,,42.0,,,
6322,42.0,42.0,42.0,,42.0,,,
6323,42.0,90.0,462.0,,252.0,,,
6324,42.0,84.0,126.0,,126.0,,,
6325,42.0,42.0,168.0,,42.0,,,
6326,42.0,42.0,126.0,,42.0,,,
6327,42.0,42.0,84.0,,168.0,,,
6328,42.0,126.0,168.0,,174.0,,,
6329,42.0,84.0,126.0,,168.0,,,
6330,42.0,84.0,210.0,,42.0,,,
6331,42.0,84.0,174.0,,168.0,,,
6332,42.0,42.0,84.0,,84.0,,,
6333,42.0,42.0,126.0,,42.0,,,
6334,42.0,126.0,297.0,,84.0,,,
6335,42.0,118.0,42.0,,42.0,,,
6336,28.0,210.0,42.0,,84.0,,,
6337,42.0,84.0,294.0,,42.0,,,
6338,42.0,84.0,362.0,,84.0,,,
6339,42.0,42.0,84.0,,42.0,,,
6340,42.0,210.0,210.0,,126.0,,,
6341,42.0,168.0,42.0,,84.0,,,
6342,42.0,84.0,84.0,,84.0,,,
6343,42.0,126.0,168.0,,252.0,,,
6344,42.0,84.0,168.0,,42.0,,,
6345,42.0,84.0,42.0,,84.0,,,
6346,42.0,168.0,168.0,,42.0,,,
6347,42.0,126.0,168.0,,42.0,,,
6348,42.0,84.0,84.0,,42.0,,,
6349,42.0,168.0,252.0,,42.0,,,
6350,42.0,126.0,84.0,,84.0,,,
6351,42.0,42.0,84.0,,42.0,,,
6352,42.0,210.0,84.0,,42.0,,,
6353,42.0,213.0,210.0,,84.0,,,
6354,42.0,84.0,126.0,,42.0,,,
6355,42.0,84.0,84.0,,168.0,,,
6356,42.0,42.0,42.0,,42.0,,,
6357,42.0,168.0,84.0,,320.0,,,
6358,42.0,174.0,42.0,,42.0,,,
6359,14.0,126.0,168.0,,132.0,,,
6360,42.0,168.0,210.0,,42.0,,,
6361,42.0,42.0,336.0,,84.0,,,
6362,42.0,42.0,84.0,,252.0,,,
6363,42.0,42.0,210.0,,42.0,,,
6364,42.0,132.0,84.0,,84.0,,,
6365,42.0,126.0,84.0,,126.0,,,
6366,42.0,168.0,210.0,,171.0,,,
6367,42.0,42.0,126.0,,84.0,,,
6368,42.0,84.0,168.0,,42.0,,,
6369,42.0,42.0,168.0,,196.0,,,
6370,14.0,84.0,168.0,,42.0,,,
6371,42.0,126.0,42.0,,84.0,,,
6372,42.0,42.0,42.0,,210.0,,,
6373,42.0,168.0,42.0,,84.0,,,
6374,42.0,42.0,168.0,,126.0,,,
6375,84.0,84.0,126.0,,126.0,,,
6376,42.0,42.0,84.0,,168.0,,,
6377,42.0,84.0,132.0,,126.0,,,
6378,42.0,84.0,84.0,,126.0,,,
6379,126.0,42.0,168.0,,168.0,,,
6380,42.0,84.0,42.0,,244.0,,,
6381,42.0,126.0,168.0,,42.0,,,
6382,48.0,252.0,84.0,,84.0,,,
6383,84.0,278.0,126.0,,210.0,,,
6384,42.0,84.0,126.0,,84.0,,,
6385,84.0,126.0,126.0,,42.0,,,
6386,42.0,84.0,126.0,,84.0,,,
6387,42.0,84.0,42.0,,42.0,,,
6388,126.0,90.0,126.0,,56.0,,,
6389,42.0,42.0,84.0,,126.0,,,
6390,42.0,126.0,294.0,,42.0,,,
6391,42.0,126.0,168.0,,168.0,,,
6392,42.0,126.0,168.0,,168.0,,,
6393,42.0,126.0,449.0,,42.0,,,
6394,42.0,126.0,168.0,,84.0,,,
6395,42.0,84.0,168.0,,90.0,,,
6396,42.0,42.0,84.0,,126.0,,,
6397,42.0,42.0,210.0,,42.0,,,
6398,42.0,84.0,84.0,,210.0,,,
6399,42.0,168.0,42.0,,168.0,,,
6400,42.0,84.0,336.0,,294.0,,,
6401,42.0,42.0,252.0,,84.0,,,
6402,126.0,126.0,42.0,,28.0,,,
6403,42.0,42.0,126.0,,84.0,,,
6404,84.0,84.0,168.0,,126.0,,,
6405,42.0,210.0,84.0,,84.0,,,
6406,42.0,84.0,168.0,,210.0,,,
6407,42.0,42.0,84.0,,84.0,,,
6408,42.0,42.0,42.0,,126.0,,,
6409,84.0,84.0,126.0,,252.0,,,
6410,42.0,42.0,252.0,,42.0,,,
6411,42.0,42.0,252.0,,126.0,,,
6412,42.0,294.0,132.0,,84.0,,,
6413,84.0,84.0,84.0,,294.0,,,
6414,42.0,84.0,294.0,,126.0,,,
6415,42.0,42.0,42.0,,42.0,,,
6416,42.0,84.0,126.0,,84.0,,,
6417,84.0,42.0,84.0,,42.0,,,
6418,42.0,84.0,168.0,,168.0,,,
6419,42.0,84.0,42.0,,126.0,,,
6420,42.0,42.0,168.0,,84.0,,,
6421,42.0,84.0,252.0,,84.0,,,
6422,42.0,84.0,216.0,,126.0,,,
6423,42.0,84.0,42.0,,84.0,,,
6424,42.0,42.0,42.0,,42.0,,,
6425,84.0,42.0,168.0,,42.0,,,
6426,48.0,42.0,42.0,,252.0,,,
6427,42.0,42.0,210.0,,42.0,,,
6428,42.0,42.0,84.0,,42.0,,,
6429,42.0,126.0,84.0,,126.0,,,
6430,42.0,42.0,126.0,,84.0,,,
6431,42.0,42.0,168.0,,174.0,,,
6432,42.0,126.0,210.0,,42.0,,,
6433,84.0,42.0,210.0,,84.0,,,
6434,42.0,126.0,168.0,,84.0,,,
6435,84.0,42.0,336.0,,84.0,,,
6436,48.0,42.0,126.0,,180.0,,,
6437,84.0,84.0,84.0,,168.0,,,
6438,42.0,126.0,294.0,,168.0,,,
6439,126.0,84.0,168.0,,210.0,,,
6440,84.0,84.0,42.0,,84.0,,,
6441,42.0,84.0,84.0,,84.0,,,
6442,48.0,126.0,84.0,,84.0,,,
6443,42.0,42.0,126.0,,84.0,,,
6444,84.0,126.0,210.0,,90.0,,,
6445,42.0,42.0,126.0,,132.0,,,
6446,42.0,84.0,126.0,,168.0,,,
6447,42.0,168.0,202.0,,168.0,,,
6448,42.0,126.0,126.0,,84.0,,,
6449,42.0,42.0,84.0,,84.0,,,
6450,42.0,336.0,84.0,,42.0,,,
6451,42.0,126.0,168.0,,42.0,,,
6452,42.0,126.0,84.0,,84.0,,,
6453,84.0,168.0,42.0,,84.0,,,
6454,126.0,42.0,42.0,,84.0,,,
6455,42.0,84.0,210.0,,126.0,,,
6456,84.0,84.0,84.0,,168.0,,,
6457,42.0,42.0,90.0,,84.0,,,
6458,42.0,42.0,84.0,,42.0,,,
6459,42.0,126.0,210.0,,42.0,,,
6460,42.0,126.0,168.0,,84.0,,,
6461,42.0,168.0,126.0,,42.0,,,
6462,42.0,90.0,210.0,,42.0,,,
6463,42.0,126.0,126.0,,84.0,,,
6464,126.0,84.0,210.0,,126.0,,,
6465,42.0,118.0,378.0,,84.0,,,
6466,42.0,174.0,42.0,,84.0,,,
6467,42.0,168.0,168.0,,84.0,,,
6468,42.0,42.0,168.0,,84.0,,,
6469,42.0,42.0,252.0,,42.0,,,
6470,84.0,42.0,90.0,,126.0,,,
6471,42.0,84.0,168.0,,42.0,,,
6472,42.0,42.0,210.0,,126.0,,,
6473,42.0,168.0,294.0,,84.0,,,
6474,42.0,126.0,84.0,,126.0,,,
6475,42.0,168.0,210.0,,168.0,,,
6476,42.0,252.0,42.0,,84.0,,,
6477,42.0,168.0,84.0,,294.0,,,
6478,87.0,84.0,168.0,,126.0,,,
6479,48.0,126.0,84.0,,84.0,,,
6480,42.0,84.0,84.0,,42.0,,,
6481,42.0,42.0,42.0,,210.0,,,
6482,84.0,42.0,168.0,,42.0,,,
6483,84.0,42.0,168.0,,42.0,,,
6484,42.0,42.0,84.0,,42.0,,,
6485,42.0,168.0,84.0,,42.0,,,
6486,84.0,126.0,84.0,,84.0,,,
6487,42.0,210.0,84.0,,101.0,,,
6488,42.0,84.0,202.0,,42.0,,,
6489,42.0,84.0,126.0,,42.0,,,
6490,42.0,42.0,42.0,,126.0,,,
6491,42.0,84.0,168.0,,42.0,,,
6492,42.0,210.0,168.0,,42.0,,,
6493,42.0,126.0,168.0,,126.0,,,
6494,42.0,84.0,255.0,,42.0,,,
6495,42.0,84.0,84.0,,84.0,,,
6496,42.0,84.0,336.0,,84.0,,,
6497,42.0,126.0,252.0,,126.0,,,
6498,42.0,42.0,42.0,,168.0,,,
6499,42.0,132.0,84.0,,42.0,,,
6500,42.0,252.0,252.0,,42.0,,,
6501,42.0,126.0,42.0,,84.0,,,
6502,42.0,84.0,252.0,,126.0,,,
6503,42.0,126.0,278.0,,168.0,,,
6504,42.0,213.0,84.0,,168.0,,,
6505,42.0,126.0,126.0,,126.0,,,
6506,42.0,84.0,174.0,,42.0,,,
6507,42.0,168.0,168.0,,252.0,,,
6508,42.0,126.0,84.0,,252.0,,,
6509,42.0,84.0,168.0,,90.0,,,
6510,42.0,126.0,42.0,,42.0,,,
6511,48.0,42.0,42.0,,84.0,,,
6512,42.0,42.0,126.0,,42.0,,,
6513,42.0,42.0,42.0,,48.0,,,
6514,42.0,42.0,216.0,,42.0,,,
6515,42.0,84.0,126.0,,126.0,,,
6516,42.0,84.0,84.0,,42.0,,,
6517,42.0,42.0,84.0,,42.0,,,
6518,42.0,126.0,84.0,,42.0,,,
6519,42.0,42.0,168.0,,168.0,,,
6520,42.0,42.0,126.0,,42.0,,,
6521,42.0,126.0,210.0,,84.0,,,
6522,42.0,42.0,252.0,,168.0,,,
6523,42.0,42.0,84.0,,42.0,,,
6524,42.0,126.0,168.0,,126.0,,,
6525,42.0,194.0,126.0,,126.0,,,
6526,42.0,168.0,126.0,,84.0,,,
6527,42.0,42.0,84.0,,84.0,,,
6528,42.0,42.0,210.0,,42.0,,,
6529,42.0,42.0,210.0,,84.0,,,
6530,42.0,126.0,126.0,,42.0,,,
6531,42.0,84.0,126.0,,42.0,,,
6532,42.0,84.0,168.0,,168.0,,,
6533,42.0,126.0,84.0,,210.0,,,
6534,42.0,42.0,84.0,,84.0,,,
6535,42.0,84.0,42.0,,84.0,,,
6536,42.0,42.0,252.0,,84.0,,,
6537,42.0,42.0,210.0,,132.0,,,
6538,42.0,42.0,168.0,,42.0,,,
6539,42.0,42.0,42.0,,84.0,,,
6540,42.0,42.0,84.0,,84.0,,,
6541,84.0,84.0,354.0,,90.0,,,
6542,42.0,42.0,126.0,,42.0,,,
6543,42.0,42.0,42.0,,42.0,,,
6544,42.0,84.0,252.0,,126.0,,,
6545,42.0,126.0,168.0,,84.0,,,
6546,42.0,42.0,210.0,,126.0,,,
6547,42.0,84.0,84.0,,42.0,,,
6548,42.0,42.0,84.0,,126.0,,,
6549,42.0,84.0,126.0,,210.0,,,
6550,42.0,42.0,252.0,,84.0,,,
6551,42.0,42.0,336.0,,84.0,,,
6552,42.0,84.0,126.0,,42.0,,,
6553,42.0,42.0,84.0,,168.0,,,
6554,42.0,42.0,168.0,,168.0,,,
6555,42.0,84.0,42.0,,42.0,,,
6556,42.0,84.0,168.0,,126.0,,,
6557,42.0,42.0,126.0,,42.0,,,
6558,42.0,126.0,84.0,,84.0,,,
6559,42.0,84.0,126.0,,42.0,,,
6560,42.0,42.0,126.0,,84.0,,,
6561,42.0,126.0,252.0,,126.0,,,
6562,42.0,84.0,210.0,,84.0,,,
6563,42.0,213.0,168.0,,146.0,,,
6564,42.0,168.0,168.0,,42.0,,,
6565,42.0,42.0,84.0,,126.0,,,
6566,42.0,84.0,252.0,,42.0,,,
6567,42.0,84.0,42.0,,42.0,,,
6568,42.0,42.0,42.0,,84.0,,,
6569,42.0,84.0,210.0,,126.0,,,
6570,42.0,202.0,126.0,,168.0,,,
6571,42.0,126.0,42.0,,210.0,,,
6572,42.0,42.0,168.0,,126.0,,,
6573,42.0,42.0,126.0,,42.0,,,
6574,42.0,168.0,252.0,,42.0,,,
6575,42.0,84.0,258.0,,84.0,,,
6576,42.0,126.0,168.0,,126.0,,,
6577,42.0,84.0,42.0,,42.0,,,
6578,42.0,168.0,84.0,,42.0,,,
6579,42.0,42.0,252.0,,42.0,,,
6580,42.0,42.0,126.0,,42.0,,,
6581,42.0,84.0,84.0,,84.0,,,
6582,42.0,42.0,84.0,,126.0,,,
6583,42.0,210.0,42.0,,42.0,,,
6584,42.0,126.0,168.0,,42.0,,,
6585,42.0,42.0,84.0,,42.0,,,
6586,42.0,42.0,255.0,,42.0,,,
6587,14.0,42.0,126.0,,42.0,,,
6588,42.0,84.0,216.0,,84.0,,,
6589,42.0,126.0,42.0,,126.0,,,
6590,42.0,42.0,126.0,,42.0,,,
6591,42.0,84.0,168.0,,126.0,,,
6592,42.0,84.0,168.0,,42.0,,,
6593,42.0,42.0,168.0,,42.0,,,
6594,42.0,42.0,210.0,,42.0,,,
6595,42.0,126.0,84.0,,42.0,,,
6596,28.0,126.0,126.0,,84.0,,,
6597,14.0,168.0,294.0,,210.0,,,
6598,28.0,84.0,84.0,,42.0,,,
6599,42.0,126.0,126.0,,126.0,,,
6600,42.0,252.0,126.0,,84.0,,,
6601,42.0,252.0,90.0,,210.0,,,
6602,42.0,252.0,126.0,,171.0,,,
6603,42.0,84.0,126.0,,132.0,,,
6604,42.0,42.0,84.0,,42.0,,,
6605,42.0,42.0,210.0,,126.0,,,
6606,42.0,126.0,42.0,,84.0,,,
6607,42.0,42.0,126.0,,84.0,,,
6608,42.0,84.0,126.0,,210.0,,,
6609,42.0,252.0,126.0,,42.0,,,
6610,48.0,42.0,42.0,,42.0,,,
6611,42.0,84.0,84.0,,84.0,,,
6612,42.0,168.0,420.0,,70.0,,,
6613,126.0,126.0,84.0,,126.0,,,
6614,42.0,42.0,42.0,,42.0,,,
6615,84.0,194.0,126.0,,252.0,,,
6616,84.0,42.0,84.0,,42.0,,,
6617,84.0,168.0,210.0,,180.0,,,
6618,42.0,126.0,42.0,,84.0,,,
6619,42.0,84.0,126.0,,42.0,,,
6620,42.0,84.0,252.0,,84.0,,,
6621,42.0,294.0,90.0,,42.0,,,
6622,84.0,42.0,168.0,,126.0,,,
6623,42.0,126.0,252.0,,168.0,,,
6624,42.0,84.0,42.0,,126.0,,,
6625,42.0,42.0,42.0,,126.0,,,
6626,42.0,168.0,126.0,,126.0,,,
6627,42.0,174.0,168.0,,42.0,,,
6628,42.0,84.0,210.0,,42.0,,,
6629,42.0,42.0,168.0,,42.0,,,
6630,42.0,168.0,84.0,,168.0,,,
6631,126.0,126.0,252.0,,126.0,,,
6632,126.0,42.0,84.0,,42.0,,,
6633,42.0,90.0,210.0,,42.0,,,
6634,42.0,84.0,168.0,,84.0,,,
6635,84.0,126.0,328.0,,126.0,,,
6636,42.0,132.0,42.0,,84.0,,,
6637,42.0,168.0,168.0,,294.0,,,
6638,42.0,84.0,252.0,,84.0,,,
6639,42.0,42.0,216.0,,42.0,,,
6640,42.0,84.0,168.0,,84.0,,,
6641,84.0,84.0,252.0,,84.0,,,
6642,42.0,126.0,210.0,,126.0,,,
6643,42.0,42.0,84.0,,84.0,,,
6644,84.0,42.0,126.0,,42.0,,,
6645,84.0,42.0,168.0,,42.0,,,
6646,42.0,168.0,84.0,,252.0,,,
6647,42.0,126.0,42.0,,168.0,,,
6648,42.0,42.0,42.0,,42.0,,,
6649,42.0,126.0,252.0,,42.0,,,
6650,48.0,126.0,297.0,,168.0,,,
6651,42.0,84.0,84.0,,168.0,,,
6652,42.0,84.0,252.0,,84.0,,,
6653,42.0,84.0,42.0,,42.0,,,
6654,42.0,84.0,126.0,,42.0,,,
6655,42.0,42.0,252.0,,42.0,,,
6656,42.0,42.0,168.0,,42.0,,,
6657,42.0,42.0,42.0,,42.0,,,
6658,84.0,42.0,168.0,,42.0,,,
6659,42.0,42.0,84.0,,84.0,,,
6660,84.0,42.0,126.0,,84.0,,,
6661,42.0,42.0,126.0,,126.0,,,
6662,42.0,42.0,252.0,,126.0,,,
6663,42.0,42.0,168.0,,132.0,,,
6664,84.0,84.0,320.0,,42.0,,,
6665,48.0,42.0,126.0,,84.0,,,
6666,42.0,42.0,84.0,,42.0,,,
6667,42.0,84.0,216.0,,42.0,,,
6668,42.0,168.0,42.0,,210.0,,,
6669,42.0,42.0,336.0,,84.0,,,
6670,126.0,42.0,84.0,,126.0,,,
6671,42.0,126.0,84.0,,126.0,,,
6672,42.0,84.0,42.0,,84.0,,,
6673,42.0,126.0,42.0,,42.0,,,
6674,42.0,126.0,42.0,,42.0,,,
6675,42.0,126.0,126.0,,42.0,,,
6676,42.0,42.0,42.0,,168.0,,,
6677,42.0,42.0,168.0,,84.0,,,
6678,48.0,84.0,126.0,,126.0,,,
6679,84.0,84.0,168.0,,168.0,,,
6680,42.0,126.0,84.0,,84.0,,,
6681,42.0,42.0,126.0,,168.0,,,
6682,42.0,168.0,84.0,,84.0,,,
6683,42.0,84.0,84.0,,42.0,,,
6684,84.0,126.0,168.0,,126.0,,,
6685,42.0,168.0,84.0,,112.0,,,
6686,42.0,42.0,42.0,,48.0,,,
6687,42.0,236.0,84.0,,42.0,,,
6688,42.0,84.0,210.0,,84.0,,,
6689,84.0,42.0,126.0,,84.0,,,
6690,48.0,210.0,210.0,,42.0,,,
6691,126.0,84.0,168.0,,42.0,,,
6692,42.0,84.0,126.0,,42.0,,,
6693,42.0,84.0,126.0,,84.0,,,
6694,42.0,84.0,84.0,,126.0,,,
6695,42.0,168.0,168.0,,84.0,,,
6696,48.0,42.0,84.0,,84.0,,,
6697,84.0,168.0,168.0,,168.0,,,
6698,42.0,84.0,216.0,,84.0,,,
6699,42.0,42.0,126.0,,42.0,,,
6700,42.0,84.0,42.0,,84.0,,,
6701,42.0,42.0,252.0,,42.0,,,
6702,42.0,210.0,275.0,,84.0,,,
6703,42.0,132.0,42.0,,42.0,,,
6704,42.0,84.0,252.0,,42.0,,,
6705,42.0,84.0,168.0,,42.0,,,
6706,42.0,126.0,168.0,,42.0,,,
6707,42.0,126.0,42.0,,42.0,,,
6708,42.0,42.0,84.0,,42.0,,,
6709,42.0,126.0,210.0,,294.0,,,
6710,42.0,84.0,210.0,,294.0,,,
6711,42.0,42.0,84.0,,210.0,,,
6712,42.0,84.0,294.0,,129.0,,,
6713,42.0,42.0,168.0,,168.0,,,
6714,84.0,126.0,210.0,,84.0,,,
6715,42.0,42.0,126.0,,98.0,,,
6716,42.0,42.0,126.0,,84.0,,,
6717,42.0,168.0,378.0,,84.0,,,
6718,42.0,252.0,168.0,,84.0,,,
6719,84.0,42.0,126.0,,42.0,,,
6720,42.0,42.0,202.0,,84.0,,,
6721,42.0,126.0,210.0,,14.0,,,
6722,42.0,42.0,168.0,,84.0,,,
6723,87.0,42.0,420.0,,84.0,,,
6724,42.0,42.0,84.0,,70.0,,,
6725,28.0,126.0,168.0,,42.0,,,
6726,42.0,126.0,84.0,,42.0,,,
6727,42.0,84.0,42.0,,138.0,,,
6728,42.0,168.0,126.0,,42.0,,,
6729,42.0,126.0,42.0,,84.0,,,
6730,42.0,126.0,84.0,,168.0,,,
6731,42.0,168.0,294.0,,84.0,,,
6732,42.0,126.0,42.0,,84.0,,,
6733,42.0,84.0,210.0,,84.0,,,
6734,42.0,84.0,84.0,,42.0,,,
6735,42.0,84.0,84.0,,126.0,,,
6736,42.0,84.0,42.0,,252.0,,,
6737,42.0,42.0,126.0,,126.0,,,
6738,42.0,42.0,252.0,,174.0,,,
6739,42.0,84.0,210.0,,42.0,,,
6740,42.0,84.0,126.0,,126.0,,,
6741,126.0,168.0,84.0,,84.0,,,
6742,42.0,84.0,42.0,,126.0,,,
6743,42.0,42.0,126.0,,194.0,,,
6744,84.0,126.0,168.0,,126.0,,,
6745,42.0,42.0,252.0,,42.0,,,
6746,42.0,42.0,84.0,,126.0,,,
6747,42.0,168.0,126.0,,84.0,,,
6748,42.0,126.0,126.0,,168.0,,,
6749,42.0,84.0,42.0,,84.0,,,
6750,42.0,168.0,42.0,,42.0,,,
6751,42.0,84.0,258.0,,84.0,,,
6752,42.0,90.0,90.0,,42.0,,,
6753,42.0,42.0,84.0,,210.0,,,
6754,42.0,84.0,126.0,,42.0,,,
6755,42.0,84.0,84.0,,84.0,,,
6756,42.0,126.0,126.0,,42.0,,,
6757,42.0,84.0,126.0,,168.0,,,
6758,42.0,168.0,132.0,,42.0,,,
6759,42.0,210.0,42.0,,42.0,,,
6760,42.0,42.0,168.0,,42.0,,,
6761,42.0,132.0,84.0,,84.0,,,
6762,42.0,42.0,84.0,,84.0,,,
6763,42.0,118.0,42.0,,42.0,,,
6764,42.0,42.0,336.0,,126.0,,,
6765,42.0,84.0,84.0,,48.0,,,
6766,42.0,42.0,84.0,,84.0,,,
6767,42.0,42.0,328.0,,84.0,,,
6768,42.0,84.0,168.0,,126.0,,,
6769,42.0,210.0,42.0,,42.0,,,
6770,42.0,42.0,126.0,,84.0,,,
6771,42.0,42.0,168.0,,126.0,,,
6772,42.0,126.0,42.0,,126.0,,,
6773,42.0,42.0,42.0,,168.0,,,
6774,42.0,84.0,126.0,,42.0,,,
6775,42.0,42.0,168.0,,84.0,,,
6776,84.0,42.0,252.0,,84.0,,,
6777,42.0,42.0,84.0,,84.0,,,
6778,42.0,129.0,84.0,,84.0,,,
6779,42.0,168.0,126.0,,84.0,,,
6780,42.0,42.0,336.0,,84.0,,,
6781,42.0,42.0,42.0,,42.0,,,
6782,42.0,168.0,210.0,,126.0,,,
6783,42.0,364.0,132.0,,84.0,,,
6784,42.0,42.0,294.0,,42.0,,,
6785,42.0,126.0,210.0,,126.0,,,
6786,42.0,42.0,210.0,,84.0,,,
6787,42.0,174.0,168.0,,42.0,,,
6788,42.0,168.0,42.0,,126.0,,,
6789,42.0,126.0,168.0,,42.0,,,
6790,42.0,84.0,84.0,,42.0,,,
6791,28.0,42.0,42.0,,84.0,,,
6792,42.0,42.0,84.0,,84.0,,,
6793,42.0,42.0,84.0,,84.0,,,
6794,42.0,84.0,126.0,,42.0,,,
6795,42.0,84.0,294.0,,84.0,,,
6796,42.0,42.0,168.0,,84.0,,,
6797,42.0,84.0,222.0,,42.0,,,
6798,42.0,168.0,42.0,,84.0,,,
6799,42.0,84.0,126.0,,42.0,,,
6800,42.0,84.0,210.0,,84.0,,,
6801,42.0,126.0,42.0,,84.0,,,
6802,42.0,132.0,210.0,,126.0,,,
6803,42.0,84.0,126.0,,84.0,,,
6804,42.0,126.0,168.0,,84.0,,,
6805,42.0,168.0,84.0,,168.0,,,
6806,42.0,42.0,210.0,,84.0,,,
6807,42.0,14.0,252.0,,84.0,,,
6808,42.0,126.0,168.0,,48.0,,,
6809,42.0,42.0,126.0,,126.0,,,
6810,42.0,168.0,317.0,,84.0,,,
6811,14.0,42.0,84.0,,126.0,,,
6812,42.0,84.0,42.0,,129.0,,,
6813,42.0,84.0,252.0,,42.0,,,
6814,42.0,168.0,84.0,,84.0,,,
6815,42.0,42.0,42.0,,84.0,,,
6816,42.0,126.0,168.0,,126.0,,,
6817,42.0,90.0,126.0,,42.0,,,
6818,42.0,126.0,84.0,,84.0,,,
6819,42.0,42.0,84.0,,126.0,,,
6820,42.0,126.0,42.0,,42.0,,,
6821,42.0,126.0,126.0,,42.0,,,
6822,42.0,42.0,168.0,,84.0,,,
6823,42.0,84.0,84.0,,84.0,,,
6824,42.0,168.0,84.0,,168.0,,,
6825,42.0,84.0,168.0,,42.0,,,
6826,14.0,168.0,168.0,,84.0,,,
6827,42.0,126.0,126.0,,42.0,,,
6828,42.0,126.0,210.0,,42.0,,,
6829,42.0,126.0,84.0,,42.0,,,
6830,42.0,210.0,252.0,,42.0,,,
6831,42.0,84.0,42.0,,126.0,,,
6832,42.0,42.0,126.0,,84.0,,,
6833,42.0,84.0,252.0,,42.0,,,
6834,42.0,126.0,126.0,,168.0,,,
6835,48.0,42.0,168.0,,42.0,,,
6836,42.0,84.0,174.0,,84.0,,,
6837,42.0,42.0,42.0,,84.0,,,
6838,42.0,84.0,168.0,,42.0,,,
6839,42.0,210.0,42.0,,126.0,,,
6840,126.0,42.0,126.0,,210.0,,,
6841,84.0,42.0,252.0,,132.0,,,
6842,42.0,42.0,252.0,,84.0,,,
6843,84.0,168.0,126.0,,84.0,,,
6844,42.0,84.0,126.0,,168.0,,,
6845,42.0,264.0,294.0,,84.0,,,
6846,42.0,171.0,160.0,,28.0,,,
6847,126.0,84.0,168.0,,84.0,,,
6848,42.0,126.0,84.0,,126.0,,,
6849,42.0,42.0,294.0,,84.0,,,
6850,84.0,84.0,42.0,,42.0,,,
6851,42.0,168.0,168.0,,210.0,,,
6852,48.0,168.0,168.0,,210.0,,,
6853,42.0,90.0,406.0,,84.0,,,
6854,42.0,126.0,84.0,,168.0,,,
6855,42.0,126.0,84.0,,84.0,,,
6856,42.0,42.0,168.0,,48.0,,,
6857,84.0,42.0,84.0,,126.0,,,
6858,42.0,42.0,126.0,,168.0,,,
6859,42.0,84.0,84.0,,126.0,,,
6860,84.0,84.0,168.0,,84.0,,,
6861,126.0,42.0,210.0,,42.0,,,
6862,42.0,84.0,126.0,,42.0,,,
6863,42.0,42.0,42.0,,42.0,,,
6864,42.0,84.0,168.0,,126.0,,,
6865,126.0,126.0,252.0,,84.0,,,
6866,42.0,42.0,168.0,,42.0,,,
6867,42.0,42.0,168.0,,42.0,,,
6868,42.0,126.0,168.0,,84.0,,,
6869,42.0,42.0,42.0,,42.0,,,
6870,42.0,42.0,42.0,,42.0,,,
6871,42.0,42.0,84.0,,132.0,,,
6872,84.0,42.0,168.0,,84.0,,,
6873,84.0,126.0,168.0,,84.0,,,
6874,42.0,126.0,168.0,,210.0,,,
6875,42.0,84.0,210.0,,42.0,,,
6876,42.0,84.0,42.0,,104.0,,,
6877,42.0,84.0,168.0,,168.0,,,
6878,42.0,42.0,266.0,,42.0,,,
6879,42.0,168.0,210.0,,84.0,,,
6880,42.0,168.0,84.0,,126.0,,,
6881,42.0,84.0,126.0,,126.0,,,
6882,42.0,84.0,126.0,,42.0,,,
6883,42.0,42.0,168.0,,42.0,,,
6884,42.0,42.0,42.0,,42.0,,,
6885,48.0,84.0,84.0,,84.0,,,
6886,42.0,182.0,126.0,,42.0,,,
6887,42.0,42.0,42.0,,42.0,,,
6888,42.0,84.0,210.0,,42.0,,,
6889,42.0,84.0,278.0,,252.0,,,
6890,42.0,84.0,210.0,,168.0,,,
6891,42.0,42.0,132.0,,126.0,,,
6892,84.0,112.0,84.0,,42.0,,,
6893,42.0,84.0,42.0,,126.0,,,
6894,42.0,42.0,42.0,,48.0,,,
6895,42.0,84.0,255.0,,42.0,,,
6896,84.0,42.0,216.0,,84.0,,,
6897,42.0,84.0,126.0,,42.0,,,
6898,42.0,126.0,168.0,,42.0,,,
6899,84.0,168.0,84.0,,84.0,,,
6900,48.0,84.0,42.0,,42.0,,,
6901,126.0,126.0,210.0,,84.0,,,
6902,42.0,154.0,42.0,,126.0,,,
6903,87.0,42.0,210.0,,126.0,,,
6904,42.0,252.0,252.0,,42.0,,,
6905,84.0,126.0,126.0,,42.0,,,
6906,84.0,126.0,126.0,,42.0,,,
6907,42.0,42.0,126.0,,42.0,,,
6908,42.0,210.0,216.0,,84.0,,,
6909,42.0,210.0,126.0,,84.0,,,
6910,42.0,126.0,42.0,,42.0,,,
6911,42.0,84.0,42.0,,84.0,,,
6912,126.0,126.0,84.0,,126.0,,,
6913,42.0,42.0,42.0,,84.0,,,
6914,42.0,42.0,126.0,,42.0,,,
6915,42.0,42.0,84.0,,168.0,,,
6916,42.0,84.0,84.0,,84.0,,,
6917,42.0,168.0,396.0,,42.0,,,
6918,42.0,42.0,126.0,,300.0,,,
6919,42.0,84.0,126.0,,42.0,,,
6920,42.0,84.0,42.0,,42.0,,,
6921,42.0,42.0,168.0,,42.0,,,
6922,42.0,42.0,168.0,,84.0,,,
6923,42.0,84.0,210.0,,84.0,,,
6924,84.0,84.0,42.0,,84.0,,,
6925,42.0,84.0,210.0,,168.0,,,
6926,42.0,84.0,252.0,,42.0,,,
6927,42.0,84.0,210.0,,42.0,,,
6928,42.0,42.0,84.0,,42.0,,,
6929,42.0,84.0,126.0,,42.0,,,
6930,42.0,194.0,126.0,,84.0,,,
6931,42.0,174.0,42.0,,84.0,,,
6932,42.0,42.0,168.0,,42.0,,,
6933,42.0,168.0,294.0,,84.0,,,
6934,42.0,126.0,84.0,,42.0,,,
6935,84.0,84.0,42.0,,84.0,,,
6936,42.0,294.0,42.0,,126.0,,,
6937,84.0,126.0,84.0,,84.0,,,
6938,42.0,84.0,210.0,,126.0,,,
6939,42.0,168.0,84.0,,42.0,,,
6940,42.0,84.0,258.0,,87.0,,,
6941,42.0,126.0,168.0,,126.0,,,
6942,84.0,216.0,168.0,,42.0,,,
6943,42.0,42.0,42.0,,84.0,,,
6944,42.0,126.0,84.0,,42.0,,,
6945,42.0,168.0,216.0,,126.0,,,
6946,42.0,84.0,255.0,,84.0,,,
6947,42.0,126.0,294.0,,42.0,,,
6948,42.0,84.0,252.0,,126.0,,,
6949,84.0,42.0,294.0,,42.0,,,
6950,42.0,42.0,126.0,,252.0,,,
6951,42.0,84.0,126.0,,42.0,,,
6952,42.0,84.0,168.0,,126.0,,,
6953,42.0,213.0,126.0,,252.0,,,
6954,42.0,42.0,168.0,,84.0,,,
6955,42.0,84.0,378.0,,84.0,,,
6956,42.0,84.0,126.0,,42.0,,,
6957,42.0,126.0,210.0,,42.0,,,
6958,42.0,126.0,42.0,,84.0,,,
6959,84.0,210.0,42.0,,42.0,,,
6960,28.0,42.0,42.0,,168.0,,,
6961,42.0,42.0,42.0,,42.0,,,
6962,42.0,42.0,84.0,,84.0,,,
6963,42.0,126.0,210.0,,168.0,,,
6964,42.0,126.0,168.0,,84.0,,,
6965,42.0,42.0,168.0,,42.0,,,
6966,42.0,42.0,84.0,,42.0,,,
6967,42.0,84.0,210.0,,126.0,,,
6968,42.0,90.0,168.0,,42.0,,,
6969,42.0,132.0,42.0,,84.0,,,
6970,42.0,84.0,126.0,,48.0,,,
6971,42.0,84.0,84.0,,168.0,,,
6972,42.0,42.0,126.0,,42.0,,,
6973,42.0,84.0,168.0,,126.0,,,
6974,48.0,84.0,84.0,,84.0,,,
6975,42.0,210.0,126.0,,42.0,,,
6976,42.0,42.0,84.0,,126.0,,,
6977,42.0,42.0,168.0,,70.0,,,
6978,42.0,42.0,126.0,,42.0,,,
6979,42.0,84.0,84.0,,42.0,,,
6980,42.0,126.0,216.0,,42.0,,,
6981,42.0,126.0,84.0,,42.0,,,
6982,42.0,42.0,168.0,,84.0,,,
6983,42.0,126.0,84.0,,84.0,,,
6984,42.0,42.0,252.0,,42.0,,,
6985,42.0,84.0,42.0,,42.0,,,
6986,42.0,42.0,168.0,,252.0,,,
6987,42.0,84.0,126.0,,84.0,,,
6988,42.0,168.0,42.0,,42.0,,,
6989,42.0,84.0,168.0,,126.0,,,
6990,42.0,210.0,42.0,,42.0,,,
6991,42.0,42.0,126.0,,84.0,,,
6992,42.0,84.0,168.0,,84.0,,,
6993,42.0,42.0,342.0,,168.0,,,
6994,42.0,42.0,126.0,,84.0,,,
6995,42.0,84.0,252.0,,42.0,,,
6996,42.0,42.0,210.0,,42.0,,,
6997,42.0,42.0,84.0,,42.0,,,
6998,84.0,126.0,126.0,,252.0,,,
6999,42.0,84.0,126.0,,168.0,,,
7000,42.0,42.0,126.0,,84.0,,,
7001,42.0,42.0,126.0,,42.0,,,
7002,42.0,42.0,210.0,,84.0,,,
7003,42.0,126.0,42.0,,84.0,,,
7004,42.0,84.0,84.0,,84.0,,,
7005,42.0,42.0,84.0,,84.0,,,
7006,42.0,42.0,126.0,,168.0,,,
7007,42.0,126.0,126.0,,42.0,,,
7008,42.0,84.0,252.0,,84.0,,,
7009,42.0,84.0,252.0,,336.0,,,
7010,42.0,132.0,168.0,,129.0,,,
7011,42.0,42.0,126.0,,126.0,,,
7012,42.0,42.0,294.0,,84.0,,,
7013,42.0,168.0,42.0,,42.0,,,
7014,42.0,84.0,168.0,,126.0,,,
7015,42.0,126.0,126.0,,90.0,,,
7016,42.0,42.0,90.0,,168.0,,,
7017,42.0,42.0,84.0,,84.0,,,
7018,42.0,126.0,168.0,,84.0,,,
7019,42.0,42.0,278.0,,84.0,,,
7020,42.0,84.0,168.0,,168.0,,,
7021,42.0,168.0,168.0,,84.0,,,
7022,42.0,168.0,42.0,,84.0,,,
7023,42.0,210.0,168.0,,84.0,,,
7024,42.0,210.0,168.0,,84.0,,,
7025,42.0,42.0,126.0,,210.0,,,
7026,42.0,84.0,168.0,,84.0,,,
7027,42.0,126.0,84.0,,84.0,,,
7028,42.0,42.0,126.0,,42.0,,,
7029,42.0,42.0,126.0,,84.0,,,
7030,42.0,90.0,252.0,,126.0,,,
7031,42.0,84.0,210.0,,84.0,,,
7032,42.0,210.0,42.0,,42.0,,,
7033,42.0,84.0,168.0,,84.0,,,
7034,42.0,84.0,42.0,,42.0,,,
7035,42.0,42.0,168.0,,84.0,,,
7036,42.0,84.0,168.0,,42.0,,,
7037,42.0,168.0,42.0,,84.0,,,
7038,42.0,168.0,126.0,,126.0,,,
7039,42.0,42.0,168.0,,84.0,,,
7040,42.0,126.0,294.0,,42.0,,,
7041,42.0,84.0,84.0,,168.0,,,
7042,42.0,126.0,42.0,,168.0,,,
7043,48.0,84.0,126.0,,168.0,,,
7044,42.0,84.0,210.0,,84.0,,,
7045,14.0,84.0,336.0,,42.0,,,
7046,42.0,126.0,84.0,,84.0,,,
7047,42.0,42.0,84.0,,294.0,,,
7048,42.0,90.0,126.0,,84.0,,,
7049,42.0,42.0,213.0,,42.0,,,
7050,42.0,42.0,84.0,,42.0,,,
7051,42.0,168.0,42.0,,84.0,,,
7052,42.0,84.0,42.0,,208.0,,,
7053,28.0,84.0,168.0,,42.0,,,
7054,14.0,84.0,84.0,,42.0,,,
7055,42.0,84.0,216.0,,126.0,,,
7056,42.0,168.0,84.0,,90.0,,,
7057,42.0,42.0,42.0,,84.0,,,
7058,42.0,84.0,294.0,,84.0,,,
7059,42.0,42.0,84.0,,84.0,,,
7060,42.0,84.0,168.0,,42.0,,,
7061,42.0,210.0,168.0,,42.0,,,
7062,42.0,168.0,126.0,,336.0,,,
7063,42.0,84.0,168.0,,42.0,,,
7064,42.0,126.0,84.0,,84.0,,,
7065,84.0,84.0,202.0,,168.0,,,
7066,84.0,42.0,42.0,,42.0,,,
7067,42.0,126.0,42.0,,42.0,,,
7068,42.0,126.0,42.0,,168.0,,,
7069,126.0,42.0,42.0,,42.0,,,
7070,84.0,171.0,252.0,,14.0,,,
7071,42.0,188.0,84.0,,42.0,,,
7072,42.0,42.0,252.0,,126.0,,,
7073,126.0,126.0,42.0,,126.0,,,
7074,42.0,126.0,84.0,,42.0,,,
7075,42.0,84.0,168.0,,42.0,,,
7076,42.0,210.0,84.0,,42.0,,,
7077,42.0,126.0,42.0,,168.0,,,
7078,42.0,42.0,339.0,,84.0,,,
7079,42.0,174.0,126.0,,126.0,,,
7080,42.0,84.0,294.0,,90.0,,,
7081,84.0,42.0,252.0,,210.0,,,
7082,42.0,84.0,84.0,,42.0,,,
7083,42.0,126.0,126.0,,126.0,,,
7084,42.0,126.0,326.0,,42.0,,,
7085,42.0,42.0,84.0,,126.0,,,
7086,42.0,42.0,126.0,,84.0,,,
7087,42.0,126.0,294.0,,42.0,,,
7088,48.0,126.0,546.0,,104.0,,,
7089,84.0,42.0,84.0,,28.0,,,
7090,42.0,42.0,42.0,,84.0,,,
7091,84.0,42.0,294.0,,42.0,,,
7092,126.0,42.0,126.0,,126.0,,,
7093,42.0,84.0,168.0,,84.0,,,
7094,42.0,84.0,252.0,,42.0,,,
7095,42.0,42.0,42.0,,42.0,,,
7096,84.0,42.0,126.0,,168.0,,,
7097,84.0,252.0,210.0,,84.0,,,
7098,48.0,126.0,168.0,,210.0,,,
7099,42.0,84.0,84.0,,126.0,,,
7100,42.0,42.0,42.0,,84.0,,,
7101,42.0,118.0,132.0,,42.0,,,
7102,84.0,42.0,168.0,,210.0,,,
7103,42.0,84.0,84.0,,42.0,,,
7104,42.0,294.0,42.0,,210.0,,,
7105,42.0,84.0,168.0,,210.0,,,
7106,42.0,126.0,168.0,,126.0,,,
7107,84.0,42.0,210.0,,42.0,,,
7108,42.0,84.0,42.0,,84.0,,,
7109,42.0,84.0,42.0,,42.0,,,
7110,42.0,126.0,84.0,,84.0,,,
7111,42.0,42.0,168.0,,84.0,,,
7112,42.0,126.0,126.0,,84.0,,,
7113,42.0,42.0,216.0,,42.0,,,
7114,42.0,84.0,42.0,,84.0,,,
7115,42.0,42.0,168.0,,84.0,,,
7116,42.0,42.0,84.0,,42.0,,,
7117,42.0,42.0,126.0,,84.0,,,
7118,42.0,84.0,42.0,,132.0,,,
7119,42.0,126.0,210.0,,126.0,,,
7120,42.0,42.0,252.0,,42.0,,,
7121,42.0,84.0,42.0,,168.0,,,
7122,42.0,252.0,84.0,,42.0,,,
7123,42.0,84.0,84.0,,42.0,,,
7124,42.0,84.0,126.0,,42.0,,,
7125,42.0,42.0,126.0,,42.0,,,
7126,42.0,42.0,168.0,,84.0,,,
7127,42.0,42.0,370.0,,42.0,,,
7128,42.0,42.0,126.0,,84.0,,,
7129,42.0,168.0,126.0,,126.0,,,
7130,42.0,42.0,126.0,,126.0,,,
7131,42.0,294.0,126.0,,126.0,,,
7132,42.0,42.0,168.0,,48.0,,,
7133,84.0,42.0,210.0,,126.0,,,
7134,42.0,126.0,126.0,,84.0,,,
7135,84.0,168.0,168.0,,42.0,,,
7136,42.0,168.0,84.0,,42.0,,,
7137,42.0,294.0,84.0,,42.0,,,
7138,48.0,168.0,168.0,,168.0,,,
7139,84.0,42.0,42.0,,84.0,,,
7140,42.0,84.0,126.0,,126.0,,,
7141,42.0,84.0,126.0,,42.0,,,
7142,84.0,84.0,42.0,,42.0,,,
7143,84.0,84.0,126.0,,90.0,,,
7144,126.0,42.0,252.0,,42.0,,,
7145,42.0,168.0,168.0,,168.0,,,
7146,42.0,278.0,210.0,,84.0,,,
7147,42.0,174.0,42.0,,84.0,,,
7148,42.0,168.0,168.0,,42.0,,,
7149,42.0,84.0,126.0,,210.0,,,
7150,87.0,126.0,126.0,,42.0,,,
7151,42.0,84.0,42.0,,84.0,,,
7152,42.0,213.0,168.0,,84.0,,,
7153,42.0,42.0,42.0,,132.0,,,
7154,42.0,42.0,126.0,,42.0,,,
7155,42.0,126.0,84.0,,84.0,,,
7156,42.0,42.0,84.0,,42.0,,,
7157,42.0,168.0,42.0,,42.0,,,
7158,42.0,84.0,126.0,,84.0,,,
7159,42.0,210.0,42.0,,42.0,,,
7160,42.0,42.0,42.0,,42.0,,,
7161,42.0,126.0,210.0,,84.0,,,
7162,42.0,126.0,42.0,,126.0,,,
7163,84.0,42.0,126.0,,42.0,,,
7164,42.0,126.0,84.0,,42.0,,,
7165,42.0,84.0,174.0,,168.0,,,
7166,42.0,84.0,278.0,,42.0,,,
7167,42.0,294.0,126.0,,126.0,,,
7168,42.0,168.0,255.0,,168.0,,,
7169,84.0,84.0,252.0,,42.0,,,
7170,42.0,42.0,84.0,,126.0,,,
7171,42.0,84.0,294.0,,42.0,,,
7172,42.0,168.0,294.0,,70.0,,,
7173,42.0,126.0,210.0,,126.0,,,
7174,42.0,132.0,126.0,,126.0,,,
7175,42.0,42.0,168.0,,42.0,,,
7176,48.0,118.0,168.0,,126.0,,,
7177,42.0,168.0,126.0,,126.0,,,
7178,42.0,126.0,126.0,,42.0,,,
7179,42.0,126.0,42.0,,84.0,,,
7180,42.0,84.0,84.0,,42.0,,,
7181,42.0,168.0,168.0,,84.0,,,
7182,14.0,84.0,126.0,,42.0,,,
7183,42.0,126.0,222.0,,42.0,,,
7184,84.0,126.0,210.0,,84.0,,,
7185,42.0,126.0,42.0,,84.0,,,
7186,42.0,84.0,42.0,,84.0,,,
7187,42.0,42.0,210.0,,132.0,,,
7188,84.0,84.0,168.0,,252.0,,,
7189,126.0,84.0,252.0,,42.0,,,
7190,42.0,42.0,126.0,,168.0,,,
7191,42.0,42.0,84.0,,126.0,,,
7192,42.0,42.0,210.0,,42.0,,,
7193,42.0,42.0,126.0,,84.0,,,
7194,42.0,42.0,84.0,,132.0,,,
7195,42.0,42.0,42.0,,84.0,,,
7196,42.0,126.0,126.0,,42.0,,,
7197,42.0,168.0,168.0,,84.0,,,
7198,42.0,84.0,42.0,,126.0,,,
7199,42.0,84.0,84.0,,171.0,,,
7200,42.0,42.0,168.0,,42.0,,,
7201,42.0,84.0,328.0,,42.0,,,
7202,42.0,84.0,126.0,,84.0,,,
7203,48.0,126.0,84.0,,126.0,,,
7204,42.0,42.0,252.0,,126.0,,,
7205,42.0,42.0,84.0,,168.0,,,
7206,42.0,42.0,126.0,,42.0,,,
7207,42.0,126.0,84.0,,14.0,,,
7208,42.0,42.0,168.0,,126.0,,,
7209,42.0,168.0,126.0,,84.0,,,
7210,42.0,84.0,168.0,,42.0,,,
7211,42.0,42.0,420.0,,168.0,,,
7212,42.0,84.0,210.0,,28.0,,,
7213,42.0,42.0,126.0,,56.0,,,
7214,42.0,42.0,42.0,,42.0,,,
7215,42.0,42.0,84.0,,84.0,,,
7216,42.0,42.0,126.0,,126.0,,,
7217,48.0,84.0,252.0,,42.0,,,
7218,42.0,42.0,168.0,,42.0,,,
7219,42.0,42.0,42.0,,42.0,,,
7220,42.0,42.0,210.0,,42.0,,,
7221,42.0,42.0,168.0,,42.0,,,
7222,42.0,84.0,126.0,,84.0,,,
7223,42.0,42.0,84.0,,90.0,,,
7224,42.0,42.0,252.0,,84.0,,,
7225,42.0,126.0,252.0,,168.0,,,
7226,42.0,42.0,84.0,,42.0,,,
7227,42.0,84.0,342.0,,126.0,,,
7228,42.0,84.0,84.0,,42.0,,,
7229,42.0,42.0,252.0,,84.0,,,
7230,42.0,42.0,210.0,,126.0,,,
7231,42.0,48.0,210.0,,84.0,,,
7232,42.0,112.0,168.0,,126.0,,,
7233,42.0,42.0,336.0,,84.0,,,
7234,42.0,84.0,84.0,,126.0,,,
7235,42.0,42.0,168.0,,42.0,,,
7236,42.0,42.0,42.0,,84.0,,,
7237,42.0,126.0,84.0,,42.0,,,
7238,42.0,126.0,84.0,,126.0,,,
7239,42.0,174.0,84.0,,252.0,,,
7240,42.0,84.0,210.0,,42.0,,,
7241,42.0,42.0,126.0,,168.0,,,
7242,42.0,126.0,258.0,,42.0,,,
7243,42.0,42.0,210.0,,126.0,,,
7244,42.0,84.0,84.0,,84.0,,,
7245,42.0,84.0,168.0,,132.0,,,
7246,42.0,84.0,168.0,,42.0,,,
7247,42.0,210.0,84.0,,84.0,,,
7248,42.0,126.0,252.0,,84.0,,,
7249,42.0,42.0,490.0,,42.0,,,
7250,42.0,84.0,168.0,,126.0,,,
7251,42.0,168.0,174.0,,126.0,,,
7252,42.0,84.0,126.0,,84.0,,,
7253,42.0,84.0,42.0,,42.0,,,
7254,42.0,84.0,171.0,,84.0,,,
7255,42.0,126.0,126.0,,252.0,,,
7256,42.0,168.0,126.0,,126.0,,,
7257,42.0,126.0,384.0,,126.0,,,
7258,42.0,168.0,42.0,,252.0,,,
7259,42.0,42.0,84.0,,42.0,,,
7260,42.0,42.0,210.0,,126.0,,,
7261,42.0,84.0,168.0,,42.0,,,
7262,42.0,84.0,42.0,,84.0,,,
7263,42.0,84.0,252.0,,126.0,,,
7264,42.0,126.0,84.0,,84.0,,,
7265,42.0,126.0,306.0,,168.0,,,
7266,42.0,42.0,84.0,,84.0,,,
7267,126.0,168.0,42.0,,126.0,,,
7268,42.0,168.0,84.0,,126.0,,,
7269,42.0,84.0,42.0,,210.0,,,
7270,42.0,126.0,126.0,,42.0,,,
7271,42.0,168.0,168.0,,84.0,,,
7272,42.0,84.0,42.0,,42.0,,,
7273,14.0,90.0,42.0,,84.0,,,
7274,42.0,42.0,84.0,,42.0,,,
7275,42.0,362.0,42.0,,42.0,,,
7276,28.0,42.0,126.0,,84.0,,,
7277,42.0,42.0,126.0,,84.0,,,
7278,42.0,42.0,84.0,,84.0,,,
7279,42.0,84.0,42.0,,210.0,,,
7280,42.0,42.0,168.0,,126.0,,,
7281,42.0,168.0,126.0,,42.0,,,
7282,28.0,42.0,168.0,,126.0,,,
7283,42.0,126.0,126.0,,84.0,,,
7284,42.0,42.0,84.0,,84.0,,,
7285,42.0,126.0,252.0,,42.0,,,
7286,42.0,42.0,126.0,,42.0,,,
7287,42.0,42.0,182.0,,42.0,,,
7288,42.0,42.0,42.0,,48.0,,,
7289,42.0,126.0,126.0,,42.0,,,
7290,42.0,42.0,126.0,,213.0,,,
7291,42.0,42.0,84.0,,294.0,,,
7292,42.0,252.0,42.0,,90.0,,,
7293,42.0,84.0,84.0,,84.0,,,
7294,42.0,126.0,42.0,,42.0,,,
7295,126.0,126.0,84.0,,42.0,,,
7296,42.0,171.0,126.0,,84.0,,,
7297,42.0,168.0,174.0,,84.0,,,
7298,42.0,42.0,210.0,,210.0,,,
7299,42.0,84.0,168.0,,126.0,,,
7300,42.0,84.0,126.0,,126.0,,,
7301,42.0,84.0,126.0,,84.0,,,
7302,42.0,126.0,168.0,,42.0,,,
7303,42.0,210.0,252.0,,126.0,,,
7304,42.0,42.0,42.0,,42.0,,,
7305,42.0,126.0,42.0,,126.0,,,
7306,42.0,42.0,168.0,,42.0,,,
7307,84.0,42.0,84.0,,42.0,,,
7308,42.0,84.0,168.0,,42.0,,,
7309,42.0,84.0,210.0,,42.0,,,
7310,42.0,126.0,84.0,,168.0,,,
7311,42.0,132.0,202.0,,168.0,,,
7312,84.0,84.0,126.0,,42.0,,,
7313,42.0,126.0,84.0,,126.0,,,
7314,42.0,42.0,84.0,,42.0,,,
7315,48.0,42.0,252.0,,168.0,,,
7316,42.0,168.0,168.0,,84.0,,,
7317,126.0,42.0,210.0,,84.0,,,
7318,42.0,42.0,252.0,,84.0,,,
7319,84.0,132.0,126.0,,110.0,,,
7320,42.0,126.0,42.0,,168.0,,,
7321,42.0,42.0,168.0,,84.0,,,
7322,42.0,126.0,84.0,,42.0,,,
7323,42.0,126.0,297.0,,126.0,,,
7324,42.0,84.0,168.0,,42.0,,,
7325,84.0,126.0,42.0,,168.0,,,
7326,42.0,42.0,126.0,,112.0,,,
7327,42.0,42.0,126.0,,168.0,,,
7328,42.0,210.0,294.0,,42.0,,,
7329,42.0,42.0,378.0,,84.0,,,
7330,84.0,126.0,210.0,,210.0,,,
7331,42.0,42.0,42.0,,84.0,,,
7332,42.0,84.0,252.0,,42.0,,,
7333,84.0,126.0,84.0,,168.0,,,
7334,42.0,84.0,126.0,,42.0,,,
7335,42.0,42.0,42.0,,84.0,,,
7336,42.0,42.0,84.0,,126.0,,,
7337,42.0,84.0,42.0,,168.0,,,
7338,84.0,42.0,168.0,,126.0,,,
7339,42.0,42.0,252.0,,294.0,,,
7340,42.0,210.0,278.0,,42.0,,,
7341,42.0,84.0,126.0,,42.0,,,
7342,42.0,84.0,84.0,,84.0,,,
7343,42.0,42.0,42.0,,126.0,,,
7344,84.0,84.0,126.0,,42.0,,,
7345,42.0,252.0,84.0,,126.0,,,
7346,42.0,84.0,126.0,,84.0,,,
7347,42.0,84.0,126.0,,126.0,,,
7348,48.0,126.0,168.0,,132.0,,,
7349,42.0,84.0,252.0,,126.0,,,
7350,42.0,126.0,126.0,,168.0,,,
7351,84.0,188.0,84.0,,84.0,,,
7352,84.0,42.0,126.0,,42.0,,,
7353,42.0,168.0,168.0,,42.0,,,
7354,42.0,42.0,84.0,,84.0,,,
7355,84.0,42.0,84.0,,42.0,,,
7356,42.0,126.0,84.0,,84.0,,,
7357,126.0,126.0,168.0,,42.0,,,
7358,84.0,84.0,90.0,,42.0,,,
7359,42.0,84.0,42.0,,42.0,,,
7360,42.0,42.0,126.0,,42.0,,,
7361,84.0,84.0,168.0,,84.0,,,
7362,42.0,42.0,216.0,,42.0,,,
7363,42.0,168.0,84.0,,84.0,,,
7364,42.0,84.0,168.0,,42.0,,,
7365,42.0,168.0,126.0,,42.0,,,
7366,42.0,42.0,210.0,,42.0,,,
7367,42.0,84.0,126.0,,84.0,,,
7368,48.0,84.0,42.0,,129.0,,,
7369,42.0,84.0,42.0,,126.0,,,
7370,42.0,84.0,84.0,,126.0,,,
7371,42.0,42.0,336.0,,126.0,,,
7372,42.0,126.0,84.0,,126.0,,,
7373,42.0,84.0,252.0,,84.0,,,
7374,42.0,84.0,84.0,,84.0,,,
7375,42.0,126.0,84.0,,126.0,,,
7376,42.0,126.0,168.0,,210.0,,,
7377,42.0,42.0,378.0,,42.0,,,
7378,42.0,213.0,188.0,,84.0,,,
7379,84.0,126.0,84.0,,42.0,,,
7380,42.0,84.0,126.0,,84.0,,,
7381,42.0,48.0,210.0,,84.0,,,
7382,42.0,168.0,42.0,,42.0,,,
7383,42.0,336.0,126.0,,42.0,,,
7384,42.0,42.0,84.0,,42.0,,,
7385,42.0,168.0,126.0,,42.0,,,
7386,42.0,84.0,42.0,,42.0,,,
7387,42.0,84.0,294.0,,42.0,,,
7388,42.0,126.0,84.0,,126.0,,,
7389,42.0,42.0,84.0,,210.0,,,
7390,42.0,126.0,126.0,,42.0,,,
7391,42.0,84.0,168.0,,168.0,,,
7392,42.0,168.0,42.0,,126.0,,,
7393,42.0,84.0,252.0,,42.0,,,
7394,42.0,126.0,126.0,,42.0,,,
7395,84.0,84.0,168.0,,168.0,,,
7396,42.0,84.0,168.0,,42.0,,,
7397,42.0,168.0,168.0,,84.0,,,
7398,42.0,42.0,42.0,,202.0,,,
7399,42.0,42.0,42.0,,132.0,,,
7400,42.0,42.0,42.0,,42.0,,,
7401,42.0,84.0,42.0,,210.0,,,
7402,84.0,42.0,126.0,,42.0,,,
7403,42.0,84.0,210.0,,42.0,,,
7404,126.0,42.0,213.0,,84.0,,,
7405,42.0,42.0,84.0,,84.0,,,
7406,84.0,42.0,168.0,,126.0,,,
7407,42.0,126.0,42.0,,42.0,,,
7408,42.0,126.0,252.0,,84.0,,,
7409,42.0,210.0,168.0,,42.0,,,
7410,42.0,84.0,210.0,,42.0,,,
7411,42.0,84.0,168.0,,216.0,,,
7412,42.0,42.0,252.0,,126.0,,,
7413,87.0,210.0,126.0,,168.0,,,
7414,48.0,42.0,210.0,,42.0,,,
7415,42.0,42.0,84.0,,126.0,,,
7416,42.0,126.0,168.0,,84.0,,,
7417,42.0,84.0,126.0,,42.0,,,
7418,42.0,168.0,42.0,,336.0,,,
7419,42.0,252.0,210.0,,42.0,,,
7420,42.0,126.0,84.0,,126.0,,,
7421,42.0,42.0,168.0,,84.0,,,
7422,42.0,126.0,84.0,,168.0,,,
7423,42.0,84.0,252.0,,126.0,,,
7424,42.0,210.0,42.0,,84.0,,,
7425,42.0,42.0,168.0,,294.0,,,
7426,42.0,42.0,90.0,,84.0,,,
7427,42.0,42.0,126.0,,42.0,,,
7428,42.0,126.0,126.0,,126.0,,,
7429,42.0,42.0,126.0,,152.0,,,
7430,42.0,84.0,42.0,,42.0,,,
7431,42.0,42.0,126.0,,84.0,,,
7432,48.0,132.0,168.0,,168.0,,,
7433,42.0,42.0,252.0,,210.0,,,
7434,42.0,42.0,168.0,,42.0,,,
7435,42.0,84.0,168.0,,84.0,,,
7436,126.0,90.0,42.0,,84.0,,,
7437,42.0,84.0,336.0,,168.0,,,
7438,42.0,42.0,168.0,,168.0,,,
7439,42.0,42.0,334.0,,42.0,,,
7440,42.0,126.0,174.0,,42.0,,,
7441,42.0,84.0,42.0,,42.0,,,
7442,42.0,84.0,132.0,,84.0,,,
7443,84.0,84.0,84.0,,252.0,,,
7444,42.0,42.0,126.0,,84.0,,,
7445,42.0,174.0,168.0,,84.0,,,
7446,42.0,118.0,168.0,,84.0,,,
7447,42.0,42.0,126.0,,42.0,,,
7448,48.0,84.0,336.0,,252.0,,,
7449,42.0,126.0,84.0,,84.0,,,
7450,42.0,126.0,168.0,,126.0,,,
7451,42.0,84.0,168.0,,42.0,,,
7452,42.0,42.0,252.0,,42.0,,,
7453,42.0,84.0,255.0,,126.0,,,
7454,42.0,42.0,42.0,,84.0,,,
7455,42.0,84.0,168.0,,126.0,,,
7456,42.0,84.0,126.0,,84.0,,,
7457,42.0,42.0,168.0,,84.0,,,
7458,42.0,84.0,84.0,,174.0,,,
7459,42.0,84.0,42.0,,129.0,,,
7460,42.0,84.0,294.0,,84.0,,,
7461,42.0,168.0,252.0,,42.0,,,
7462,42.0,126.0,126.0,,84.0,,,
7463,42.0,84.0,392.0,,126.0,,,
7464,42.0,84.0,42.0,,84.0,,,
7465,84.0,126.0,84.0,,84.0,,,
7466,42.0,126.0,168.0,,168.0,,,
7467,42.0,42.0,132.0,,84.0,,,
7468,42.0,210.0,42.0,,126.0,,,
7469,42.0,42.0,168.0,,84.0,,,
7470,42.0,168.0,168.0,,132.0,,,
7471,42.0,126.0,126.0,,42.0,,,
7472,42.0,42.0,84.0,,42.0,,,
7473,42.0,84.0,84.0,,126.0,,,
7474,42.0,42.0,252.0,,42.0,,,
7475,42.0,210.0,210.0,,42.0,,,
7476,42.0,126.0,210.0,,42.0,,,
7477,42.0,42.0,42.0,,42.0,,,
7478,28.0,84.0,168.0,,48.0,,,
7479,42.0,210.0,42.0,,84.0,,,
7480,42.0,126.0,168.0,,42.0,,,
7481,42.0,126.0,42.0,,42.0,,,
7482,42.0,42.0,126.0,,42.0,,,
7483,42.0,42.0,210.0,,168.0,,,
7484,42.0,126.0,42.0,,42.0,,,
7485,42.0,132.0,42.0,,84.0,,,
7486,42.0,84.0,126.0,,42.0,,,
7487,126.0,42.0,126.0,,126.0,,,
7488,42.0,294.0,306.0,,42.0,,,
7489,42.0,42.0,126.0,,126.0,,,
7490,42.0,42.0,126.0,,42.0,,,
7491,42.0,84.0,168.0,,210.0,,,
7492,42.0,84.0,168.0,,42.0,,,
7493,42.0,42.0,126.0,,84.0,,,
7494,42.0,126.0,252.0,,42.0,,,
7495,42.0,84.0,210.0,,84.0,,,
7496,42.0,84.0,168.0,,42.0,,,
7497,42.0,42.0,126.0,,210.0,,,
7498,42.0,126.0,168.0,,126.0,,,
7499,42.0,126.0,42.0,,84.0,,,
7500,42.0,126.0,126.0,,126.0,,,
7501,14.0,174.0,286.0,,84.0,,,
7502,42.0,42.0,168.0,,84.0,,,
7503,42.0,168.0,126.0,,42.0,,,
7504,42.0,42.0,42.0,,84.0,,,
7505,42.0,84.0,42.0,,42.0,,,
7506,42.0,84.0,84.0,,126.0,,,
7507,42.0,84.0,42.0,,42.0,,,
7508,42.0,42.0,126.0,,168.0,,,
7509,14.0,84.0,126.0,,126.0,,,
7510,28.0,84.0,42.0,,210.0,,,
7511,42.0,42.0,126.0,,168.0,,,
7512,42.0,84.0,84.0,,42.0,,,
7513,42.0,126.0,216.0,,42.0,,,
7514,42.0,42.0,84.0,,126.0,,,
7515,42.0,84.0,168.0,,84.0,,,
7516,42.0,42.0,216.0,,42.0,,,
7517,42.0,168.0,42.0,,42.0,,,
7518,42.0,42.0,168.0,,42.0,,,
7519,42.0,42.0,126.0,,90.0,,,
7520,42.0,252.0,84.0,,42.0,,,
7521,84.0,42.0,168.0,,42.0,,,
7522,42.0,84.0,210.0,,126.0,,,
7523,42.0,126.0,126.0,,42.0,,,
7524,42.0,84.0,336.0,,42.0,,,
7525,42.0,84.0,210.0,,168.0,,,
7526,42.0,129.0,126.0,,42.0,,,
7527,42.0,252.0,84.0,,84.0,,,
7528,42.0,84.0,168.0,,126.0,,,
7529,42.0,42.0,168.0,,42.0,,,
7530,42.0,210.0,258.0,,252.0,,,
7531,42.0,84.0,84.0,,126.0,,,
7532,42.0,84.0,168.0,,42.0,,,
7533,42.0,42.0,210.0,,42.0,,,
7534,42.0,90.0,84.0,,42.0,,,
7535,42.0,126.0,42.0,,84.0,,,
7536,126.0,84.0,42.0,,42.0,,,
7537,84.0,42.0,42.0,,42.0,,,
7538,84.0,118.0,303.0,,42.0,,,
7539,42.0,126.0,210.0,,126.0,,,
7540,42.0,84.0,168.0,,126.0,,,
7541,42.0,126.0,84.0,,42.0,,,
7542,42.0,84.0,126.0,,42.0,,,
7543,126.0,42.0,126.0,,42.0,,,
7544,42.0,84.0,252.0,,42.0,,,
7545,42.0,42.0,168.0,,42.0,,,
7546,42.0,42.0,42.0,,42.0,,,
7547,84.0,42.0,84.0,,126.0,,,
7548,42.0,126.0,252.0,,84.0,,,
7549,42.0,194.0,168.0,,84.0,,,
7550,42.0,42.0,90.0,,84.0,,,
7551,48.0,126.0,168.0,,152.0,,,
7552,42.0,84.0,210.0,,84.0,,,
7553,42.0,42.0,126.0,,42.0,,,
7554,42.0,42.0,294.0,,42.0,,,
7555,42.0,84.0,168.0,,84.0,,,
7556,42.0,168.0,168.0,,168.0,,,
7557,42.0,84.0,84.0,,42.0,,,
7558,126.0,84.0,210.0,,70.0,,,
7559,42.0,42.0,42.0,,42.0,,,
7560,84.0,84.0,126.0,,294.0,,,
7561,84.0,84.0,42.0,,126.0,,,
7562,42.0,42.0,210.0,,42.0,,,
7563,126.0,126.0,252.0,,84.0,,,
7564,42.0,42.0,210.0,,126.0,,,
7565,42.0,84.0,42.0,,84.0,,,
7566,42.0,252.0,42.0,,84.0,,,
7567,42.0,42.0,84.0,,84.0,,,
7568,126.0,126.0,126.0,,84.0,,,
7569,42.0,126.0,42.0,,168.0,,,
7570,42.0,42.0,306.0,,42.0,,,
7571,42.0,84.0,210.0,,42.0,,,
7572,42.0,42.0,294.0,,126.0,,,
7573,42.0,42.0,84.0,,210.0,,,
7574,42.0,168.0,252.0,,42.0,,,
7575,42.0,84.0,126.0,,84.0,,,
7576,42.0,126.0,126.0,,126.0,,,
7577,42.0,126.0,168.0,,168.0,,,
7578,126.0,168.0,210.0,,42.0,,,
7579,42.0,42.0,126.0,,42.0,,,
7580,42.0,42.0,42.0,,168.0,,,
7581,42.0,210.0,168.0,,168.0,,,
7582,48.0,84.0,168.0,,126.0,,,
7583,42.0,126.0,252.0,,42.0,,,
7584,42.0,84.0,126.0,,126.0,,,
7585,42.0,126.0,84.0,,132.0,,,
7586,42.0,84.0,210.0,,168.0,,,
7587,42.0,84.0,84.0,,84.0,,,
7588,42.0,252.0,126.0,,252.0,,,
7589,42.0,90.0,174.0,,210.0,,,
7590,42.0,84.0,126.0,,84.0,,,
7591,42.0,160.0,84.0,,42.0,,,
7592,84.0,42.0,168.0,,126.0,,,
7593,42.0,84.0,42.0,,42.0,,,
7594,42.0,42.0,42.0,,42.0,,,
7595,42.0,84.0,42.0,,42.0,,,
7596,42.0,84.0,42.0,,126.0,,,
7597,87.0,216.0,42.0,,42.0,,,
7598,42.0,84.0,126.0,,42.0,,,
7599,42.0,126.0,84.0,,42.0,,,
7600,84.0,168.0,,,84.0,,,
7601,84.0,42.0,,,84.0,,,
7602,84.0,42.0,,,42.0,,,
7603,48.0,84.0,,,84.0,,,
7604,42.0,168.0,,,168.0,,,
7605,42.0,168.0,,,84.0,,,
7606,84.0,42.0,,,42.0,,,
7607,42.0,42.0,,,42.0,,,
7608,42.0,126.0,,,126.0,,,
7609,42.0,168.0,,,126.0,,,
7610,84.0,126.0,,,42.0,,,
7611,42.0,84.0,,,126.0,,,
7612,84.0,126.0,,,84.0,,,
7613,42.0,42.0,,,168.0,,,
7614,42.0,42.0,,,42.0,,,
7615,42.0,42.0,,,84.0,,,
7616,84.0,42.0,,,210.0,,,
7617,42.0,126.0,,,210.0,,,
7618,42.0,84.0,,,126.0,,,
7619,42.0,126.0,,,42.0,,,
7620,42.0,42.0,,,84.0,,,
7621,42.0,84.0,,,84.0,,,
7622,42.0,42.0,,,48.0,,,
7623,42.0,174.0,,,126.0,,,
7624,84.0,420.0,,,126.0,,,
7625,42.0,42.0,,,84.0,,,
7626,42.0,42.0,,,168.0,,,
7627,42.0,168.0,,,42.0,,,
7628,42.0,168.0,,,126.0,,,
7629,42.0,42.0,,,126.0,,,
7630,84.0,42.0,,,84.0,,,
7631,84.0,126.0,,,294.0,,,
7632,42.0,42.0,,,42.0,,,
7633,42.0,84.0,,,84.0,,,
7634,42.0,84.0,,,168.0,,,
7635,42.0,42.0,,,42.0,,,
7636,84.0,210.0,,,84.0,,,
7637,42.0,84.0,,,42.0,,,
7638,42.0,42.0,,,84.0,,,
7639,42.0,126.0,,,42.0,,,
7640,42.0,168.0,,,168.0,,,
7641,42.0,84.0,,,84.0,,,
7642,42.0,126.0,,,42.0,,,
7643,42.0,126.0,,,42.0,,,
7644,42.0,168.0,,,42.0,,,
7645,42.0,84.0,,,84.0,,,
7646,42.0,42.0,,,132.0,,,
7647,42.0,42.0,,,210.0,,,
7648,42.0,42.0,,,84.0,,,
7649,42.0,42.0,,,84.0,,,
7650,42.0,84.0,,,126.0,,,
7651,42.0,42.0,,,168.0,,,
7652,42.0,42.0,,,126.0,,,
7653,42.0,126.0,,,126.0,,,
7654,42.0,126.0,,,171.0,,,
7655,42.0,84.0,,,126.0,,,
7656,42.0,42.0,,,42.0,,,
7657,42.0,168.0,,,42.0,,,
7658,28.0,42.0,,,126.0,,,
7659,84.0,84.0,,,84.0,,,
7660,42.0,84.0,,,84.0,,,
7661,42.0,84.0,,,84.0,,,
7662,42.0,42.0,,,84.0,,,
7663,42.0,132.0,,,194.0,,,
7664,42.0,84.0,,,168.0,,,
7665,42.0,126.0,,,42.0,,,
7666,42.0,126.0,,,126.0,,,
7667,42.0,42.0,,,118.0,,,
7668,42.0,104.0,,,126.0,,,
7669,42.0,84.0,,,84.0,,,
7670,42.0,42.0,,,84.0,,,
7671,42.0,42.0,,,84.0,,,
7672,48.0,84.0,,,168.0,,,
7673,42.0,84.0,,,126.0,,,
7674,42.0,129.0,,,126.0,,,
7675,42.0,84.0,,,210.0,,,
7676,42.0,42.0,,,168.0,,,
7677,42.0,42.0,,,84.0,,,
7678,42.0,84.0,,,84.0,,,
7679,48.0,210.0,,,84.0,,,
7680,42.0,42.0,,,42.0,,,
7681,42.0,126.0,,,126.0,,,
7682,42.0,84.0,,,42.0,,,
7683,42.0,42.0,,,168.0,,,
7684,42.0,84.0,,,126.0,,,
7685,42.0,210.0,,,294.0,,,
7686,42.0,210.0,,,174.0,,,
7687,42.0,126.0,,,42.0,,,
7688,42.0,42.0,,,42.0,,,
7689,42.0,84.0,,,126.0,,,
7690,42.0,42.0,,,132.0,,,
7691,42.0,146.0,,,84.0,,,
7692,42.0,252.0,,,210.0,,,
7693,42.0,84.0,,,126.0,,,
7694,42.0,168.0,,,84.0,,,
7695,42.0,84.0,,,90.0,,,
7696,42.0,84.0,,,42.0,,,
7697,42.0,42.0,,,126.0,,,
7698,42.0,42.0,,,126.0,,,
7699,42.0,84.0,,,84.0,,,
7700,42.0,42.0,,,84.0,,,
7701,42.0,168.0,,,84.0,,,
7702,42.0,84.0,,,210.0,,,
7703,42.0,168.0,,,42.0,,,
7704,42.0,126.0,,,84.0,,,
7705,42.0,42.0,,,84.0,,,
7706,42.0,126.0,,,42.0,,,
7707,42.0,168.0,,,84.0,,,
7708,42.0,126.0,,,84.0,,,
7709,42.0,90.0,,,42.0,,,
7710,42.0,84.0,,,126.0,,,
7711,42.0,84.0,,,42.0,,,
7712,42.0,42.0,,,168.0,,,
7713,42.0,42.0,,,42.0,,,
7714,42.0,168.0,,,126.0,,,
7715,42.0,84.0,,,84.0,,,
7716,42.0,84.0,,,84.0,,,
7717,42.0,42.0,,,90.0,,,
7718,42.0,42.0,,,42.0,,,
7719,42.0,84.0,,,126.0,,,
7720,42.0,42.0,,,210.0,,,
7721,42.0,42.0,,,210.0,,,
7722,42.0,42.0,,,168.0,,,
7723,42.0,42.0,,,84.0,,,
7724,42.0,126.0,,,84.0,,,
7725,42.0,42.0,,,42.0,,,
7726,42.0,42.0,,,168.0,,,
7727,48.0,84.0,,,84.0,,,
7728,14.0,84.0,,,126.0,,,
7729,42.0,42.0,,,42.0,,,
7730,42.0,42.0,,,84.0,,,
7731,42.0,42.0,,,84.0,,,
7732,42.0,132.0,,,126.0,,,
7733,42.0,210.0,,,84.0,,,
7734,42.0,168.0,,,48.0,,,
7735,42.0,126.0,,,84.0,,,
7736,42.0,42.0,,,84.0,,,
7737,14.0,84.0,,,42.0,,,
7738,28.0,168.0,,,210.0,,,
7739,42.0,174.0,,,42.0,,,
7740,42.0,84.0,,,210.0,,,
7741,42.0,42.0,,,42.0,,,
7742,42.0,84.0,,,168.0,,,
7743,42.0,42.0,,,42.0,,,
7744,42.0,84.0,,,42.0,,,
7745,42.0,126.0,,,168.0,,,
7746,42.0,126.0,,,42.0,,,
7747,42.0,126.0,,,168.0,,,
7748,48.0,126.0,,,126.0,,,
7749,42.0,42.0,,,171.0,,,
7750,42.0,126.0,,,42.0,,,
7751,42.0,126.0,,,84.0,,,
7752,42.0,126.0,,,168.0,,,
7753,84.0,210.0,,,210.0,,,
7754,42.0,168.0,,,294.0,,,
7755,42.0,126.0,,,42.0,,,
7756,84.0,84.0,,,84.0,,,
7757,84.0,42.0,,,168.0,,,
7758,42.0,42.0,,,42.0,,,
7759,42.0,42.0,,,84.0,,,
7760,42.0,42.0,,,84.0,,,
7761,42.0,210.0,,,84.0,,,
7762,42.0,126.0,,,210.0,,,
7763,42.0,84.0,,,90.0,,,
7764,42.0,126.0,,,126.0,,,
7765,42.0,42.0,,,42.0,,,
7766,42.0,84.0,,,14.0,,,
7767,42.0,84.0,,,252.0,,,
7768,42.0,126.0,,,42.0,,,
7769,84.0,84.0,,,112.0,,,
7770,42.0,42.0,,,42.0,,,
7771,126.0,42.0,,,118.0,,,
7772,42.0,84.0,,,42.0,,,
7773,84.0,216.0,,,84.0,,,
7774,84.0,168.0,,,126.0,,,
7775,126.0,84.0,,,126.0,,,
7776,42.0,84.0,,,126.0,,,
7777,42.0,42.0,,,168.0,,,
7778,48.0,42.0,,,84.0,,,
7779,42.0,84.0,,,210.0,,,
7780,84.0,84.0,,,84.0,,,
7781,42.0,168.0,,,42.0,,,
7782,42.0,42.0,,,84.0,,,
7783,42.0,84.0,,,168.0,,,
7784,42.0,42.0,,,42.0,,,
7785,42.0,126.0,,,126.0,,,
7786,42.0,84.0,,,42.0,,,
7787,42.0,42.0,,,126.0,,,
7788,42.0,126.0,,,168.0,,,
7789,42.0,84.0,,,84.0,,,
7790,84.0,42.0,,,174.0,,,
7791,42.0,42.0,,,84.0,,,
7792,42.0,84.0,,,28.0,,,
7793,42.0,160.0,,,126.0,,,
7794,42.0,126.0,,,90.0,,,
7795,42.0,171.0,,,152.0,,,
7796,42.0,42.0,,,168.0,,,
7797,126.0,210.0,,,42.0,,,
7798,84.0,42.0,,,84.0,,,
7799,42.0,84.0,,,168.0,,,
7800,42.0,252.0,,,210.0,,,
7801,42.0,84.0,,,168.0,,,
7802,42.0,84.0,,,84.0,,,
7803,42.0,168.0,,,84.0,,,
7804,42.0,126.0,,,42.0,,,
7805,42.0,126.0,,,210.0,,,
7806,48.0,168.0,,,42.0,,,
7807,42.0,132.0,,,126.0,,,
7808,42.0,42.0,,,126.0,,,
7809,42.0,42.0,,,210.0,,,
7810,42.0,42.0,,,168.0,,,
7811,42.0,42.0,,,126.0,,,
7812,42.0,84.0,,,84.0,,,
7813,42.0,84.0,,,168.0,,,
7814,84.0,84.0,,,84.0,,,
7815,42.0,216.0,,,84.0,,,
7816,42.0,168.0,,,126.0,,,
7817,84.0,84.0,,,42.0,,,
7818,48.0,84.0,,,84.0,,,
7819,42.0,42.0,,,42.0,,,
7820,42.0,42.0,,,42.0,,,
7821,42.0,42.0,,,84.0,,,
7822,42.0,84.0,,,42.0,,,
7823,42.0,126.0,,,168.0,,,
7824,42.0,126.0,,,126.0,,,
7825,42.0,84.0,,,84.0,,,
7826,42.0,42.0,,,126.0,,,
7827,42.0,42.0,,,252.0,,,
7828,42.0,84.0,,,126.0,,,
7829,42.0,84.0,,,84.0,,,
7830,42.0,126.0,,,42.0,,,
7831,42.0,42.0,,,84.0,,,
7832,84.0,84.0,,,210.0,,,
7833,48.0,42.0,,,42.0,,,
7834,42.0,42.0,,,210.0,,,
7835,42.0,168.0,,,84.0,,,
7836,42.0,168.0,,,42.0,,,
7837,42.0,84.0,,,84.0,,,
7838,84.0,42.0,,,42.0,,,
7839,84.0,160.0,,,294.0,,,
7840,42.0,42.0,,,126.0,,,
7841,42.0,42.0,,,42.0,,,
7842,42.0,126.0,,,210.0,,,
7843,42.0,42.0,,,210.0,,,
7844,42.0,84.0,,,42.0,,,
7845,42.0,126.0,,,84.0,,,
7846,126.0,42.0,,,84.0,,,
7847,42.0,84.0,,,56.0,,,
7848,42.0,126.0,,,126.0,,,
7849,84.0,294.0,,,342.0,,,
7850,42.0,42.0,,,171.0,,,
7851,42.0,126.0,,,168.0,,,
7852,42.0,42.0,,,84.0,,,
7853,42.0,84.0,,,126.0,,,
7854,42.0,294.0,,,168.0,,,
7855,42.0,84.0,,,42.0,,,
7856,84.0,168.0,,,84.0,,,
7857,84.0,42.0,,,126.0,,,
7858,42.0,84.0,,,126.0,,,
7859,42.0,84.0,,,126.0,,,
7860,42.0,84.0,,,84.0,,,
7861,42.0,42.0,,,84.0,,,
7862,87.0,168.0,,,168.0,,,
7863,42.0,42.0,,,252.0,,,
7864,48.0,126.0,,,42.0,,,
7865,42.0,126.0,,,42.0,,,
7866,42.0,84.0,,,90.0,,,
7867,42.0,42.0,,,84.0,,,
7868,42.0,42.0,,,42.0,,,
7869,42.0,42.0,,,126.0,,,
7870,42.0,126.0,,,42.0,,,
7871,84.0,42.0,,,84.0,,,
7872,42.0,210.0,,,252.0,,,
7873,42.0,126.0,,,42.0,,,
7874,42.0,126.0,,,132.0,,,
7875,42.0,42.0,,,84.0,,,
7876,42.0,126.0,,,42.0,,,
7877,42.0,126.0,,,84.0,,,
7878,42.0,188.0,,,126.0,,,
7879,42.0,210.0,,,126.0,,,
7880,42.0,84.0,,,84.0,,,
7881,42.0,84.0,,,42.0,,,
7882,42.0,42.0,,,84.0,,,
7883,28.0,84.0,,,210.0,,,
7884,42.0,42.0,,,126.0,,,
7885,42.0,42.0,,,84.0,,,
7886,42.0,132.0,,,294.0,,,
7887,42.0,42.0,,,84.0,,,
7888,42.0,126.0,,,84.0,,,
7889,42.0,84.0,,,42.0,,,
7890,126.0,168.0,,,42.0,,,
7891,42.0,42.0,,,90.0,,,
7892,42.0,84.0,,,84.0,,,
7893,42.0,84.0,,,84.0,,,
7894,42.0,84.0,,,42.0,,,
7895,42.0,48.0,,,42.0,,,
7896,42.0,42.0,,,126.0,,,
7897,84.0,42.0,,,42.0,,,
7898,42.0,210.0,,,84.0,,,
7899,42.0,213.0,,,84.0,,,
7900,42.0,42.0,,,42.0,,,
7901,42.0,42.0,,,84.0,,,
7902,42.0,42.0,,,42.0,,,
7903,42.0,42.0,,,84.0,,,
7904,42.0,126.0,,,126.0,,,
7905,42.0,42.0,,,42.0,,,
7906,42.0,42.0,,,42.0,,,
7907,42.0,126.0,,,84.0,,,
7908,42.0,126.0,,,84.0,,,
7909,42.0,84.0,,,126.0,,,
7910,42.0,42.0,,,84.0,,,
7911,42.0,336.0,,,126.0,,,
7912,42.0,168.0,,,84.0,,,
7913,42.0,210.0,,,84.0,,,
7914,42.0,84.0,,,126.0,,,
7915,42.0,126.0,,,42.0,,,
7916,42.0,126.0,,,84.0,,,
7917,42.0,84.0,,,42.0,,,
7918,42.0,132.0,,,84.0,,,
7919,42.0,42.0,,,126.0,,,
7920,42.0,84.0,,,42.0,,,
7921,42.0,84.0,,,84.0,,,
7922,42.0,171.0,,,42.0,,,
7923,42.0,42.0,,,210.0,,,
7924,42.0,84.0,,,126.0,,,
7925,42.0,84.0,,,210.0,,,
7926,42.0,42.0,,,42.0,,,
7927,42.0,84.0,,,42.0,,,
7928,42.0,84.0,,,84.0,,,
7929,42.0,126.0,,,84.0,,,
7930,42.0,42.0,,,90.0,,,
7931,42.0,126.0,,,42.0,,,
7932,42.0,168.0,,,42.0,,,
7933,42.0,42.0,,,84.0,,,
7934,42.0,126.0,,,98.0,,,
7935,42.0,42.0,,,84.0,,,
7936,42.0,42.0,,,42.0,,,
7937,42.0,84.0,,,294.0,,,
7938,42.0,84.0,,,126.0,,,
7939,42.0,42.0,,,84.0,,,
7940,42.0,84.0,,,42.0,,,
7941,42.0,168.0,,,84.0,,,
7942,42.0,42.0,,,168.0,,,
7943,42.0,84.0,,,84.0,,,
7944,42.0,126.0,,,84.0,,,
7945,42.0,126.0,,,126.0,,,
7946,42.0,168.0,,,126.0,,,
7947,42.0,84.0,,,90.0,,,
7948,42.0,168.0,,,126.0,,,
7949,42.0,90.0,,,42.0,,,
7950,42.0,126.0,,,42.0,,,
7951,126.0,210.0,,,42.0,,,
7952,42.0,84.0,,,42.0,,,
7953,42.0,168.0,,,84.0,,,
7954,42.0,84.0,,,42.0,,,
7955,42.0,84.0,,,210.0,,,
7956,14.0,126.0,,,42.0,,,
7957,42.0,84.0,,,126.0,,,
7958,42.0,126.0,,,42.0,,,
7959,42.0,42.0,,,84.0,,,
7960,42.0,252.0,,,42.0,,,
7961,42.0,42.0,,,84.0,,,
7962,42.0,126.0,,,42.0,,,
7963,42.0,126.0,,,168.0,,,
7964,42.0,42.0,,,126.0,,,
7965,28.0,42.0,,,132.0,,,
7966,14.0,42.0,,,42.0,,,
7967,42.0,42.0,,,42.0,,,
7968,42.0,84.0,,,42.0,,,
7969,42.0,90.0,,,171.0,,,
7970,42.0,42.0,,,84.0,,,
7971,42.0,126.0,,,168.0,,,
7972,42.0,84.0,,,42.0,,,
7973,42.0,126.0,,,168.0,,,
7974,42.0,126.0,,,84.0,,,
7975,42.0,174.0,,,14.0,,,
7976,42.0,210.0,,,42.0,,,
7977,42.0,84.0,,,42.0,,,
7978,42.0,42.0,,,84.0,,,
7979,42.0,84.0,,,84.0,,,
7980,126.0,126.0,,,70.0,,,
7981,48.0,84.0,,,28.0,,,
7982,42.0,160.0,,,42.0,,,
7983,126.0,126.0,,,42.0,,,
7984,126.0,84.0,,,42.0,,,
7985,42.0,42.0,,,42.0,,,
7986,42.0,42.0,,,126.0,,,
7987,42.0,84.0,,,168.0,,,
7988,84.0,42.0,,,84.0,,,
7989,42.0,126.0,,,42.0,,,
7990,42.0,126.0,,,42.0,,,
7991,84.0,42.0,,,168.0,,,
7992,42.0,210.0,,,210.0,,,
7993,42.0,42.0,,,168.0,,,
7994,126.0,84.0,,,168.0,,,
7995,48.0,42.0,,,42.0,,,
7996,84.0,126.0,,,42.0,,,
7997,84.0,42.0,,,42.0,,,
7998,42.0,84.0,,,126.0,,,
7999,84.0,126.0,,,84.0,,,
8000,42.0,42.0,,,168.0,,,
8001,84.0,42.0,,,84.0,,,
8002,42.0,84.0,,,42.0,,,
8003,42.0,42.0,,,42.0,,,
8004,42.0,84.0,,,126.0,,,
8005,42.0,168.0,,,168.0,,,
8006,42.0,42.0,,,42.0,,,
8007,42.0,84.0,,,126.0,,,
8008,42.0,42.0,,,84.0,,,
8009,42.0,168.0,,,84.0,,,
8010,84.0,42.0,,,42.0,,,
8011,42.0,84.0,,,84.0,,,
8012,42.0,84.0,,,84.0,,,
8013,42.0,126.0,,,84.0,,,
8014,42.0,84.0,,,168.0,,,
8015,42.0,42.0,,,42.0,,,
8016,48.0,42.0,,,168.0,,,
8017,42.0,146.0,,,42.0,,,
8018,42.0,42.0,,,166.0,,,
8019,84.0,84.0,,,84.0,,,
8020,42.0,84.0,,,84.0,,,
8021,84.0,42.0,,,84.0,,,
8022,42.0,42.0,,,48.0,,,
8023,42.0,84.0,,,42.0,,,
8024,42.0,104.0,,,84.0,,,
8025,42.0,42.0,,,84.0,,,
8026,42.0,42.0,,,42.0,,,
8027,42.0,126.0,,,168.0,,,
8028,42.0,84.0,,,42.0,,,
8029,42.0,168.0,,,126.0,,,
8030,42.0,42.0,,,42.0,,,
8031,42.0,126.0,,,252.0,,,
8032,42.0,42.0,,,48.0,,,
8033,42.0,84.0,,,42.0,,,
8034,42.0,42.0,,,168.0,,,
8035,42.0,126.0,,,126.0,,,
8036,42.0,84.0,,,84.0,,,
8037,42.0,126.0,,,126.0,,,
8038,42.0,42.0,,,42.0,,,
8039,84.0,42.0,,,252.0,,,
8040,42.0,126.0,,,42.0,,,
8041,84.0,168.0,,,168.0,,,
8042,84.0,42.0,,,84.0,,,
8043,126.0,126.0,,,42.0,,,
8044,42.0,42.0,,,84.0,,,
8045,42.0,42.0,,,84.0,,,
8046,42.0,84.0,,,84.0,,,
8047,42.0,168.0,,,168.0,,,
8048,42.0,84.0,,,42.0,,,
8049,42.0,126.0,,,87.0,,,
8050,42.0,84.0,,,84.0,,,
8051,84.0,84.0,,,42.0,,,
8052,42.0,84.0,,,42.0,,,
8053,48.0,84.0,,,84.0,,,
8054,42.0,84.0,,,84.0,,,
8055,42.0,168.0,,,42.0,,,
8056,42.0,42.0,,,42.0,,,
8057,42.0,160.0,,,84.0,,,
8058,42.0,126.0,,,84.0,,,
8059,42.0,42.0,,,126.0,,,
8060,42.0,42.0,,,84.0,,,
8061,42.0,252.0,,,84.0,,,
8062,42.0,168.0,,,42.0,,,
8063,42.0,42.0,,,126.0,,,
8064,42.0,84.0,,,126.0,,,
8065,42.0,42.0,,,210.0,,,
8066,84.0,84.0,,,126.0,,,
8067,42.0,84.0,,,42.0,,,
8068,42.0,126.0,,,42.0,,,
8069,42.0,168.0,,,84.0,,,
8070,42.0,84.0,,,42.0,,,
8071,42.0,168.0,,,126.0,,,
8072,42.0,84.0,,,42.0,,,
8073,42.0,42.0,,,210.0,,,
8074,42.0,84.0,,,126.0,,,
8075,84.0,42.0,,,84.0,,,
8076,42.0,210.0,,,42.0,,,
8077,84.0,42.0,,,84.0,,,
8078,42.0,168.0,,,126.0,,,
8079,48.0,126.0,,,42.0,,,
8080,42.0,252.0,,,84.0,,,
8081,42.0,84.0,,,42.0,,,
8082,42.0,126.0,,,42.0,,,
8083,42.0,126.0,,,126.0,,,
8084,126.0,132.0,,,42.0,,,
8085,42.0,126.0,,,84.0,,,
8086,42.0,126.0,,,252.0,,,
8087,42.0,84.0,,,84.0,,,
8088,87.0,84.0,,,84.0,,,
8089,42.0,84.0,,,210.0,,,
8090,84.0,171.0,,,42.0,,,
8091,42.0,84.0,,,84.0,,,
8092,42.0,126.0,,,42.0,,,
8093,42.0,168.0,,,126.0,,,
8094,42.0,90.0,,,84.0,,,
8095,42.0,42.0,,,42.0,,,
8096,42.0,126.0,,,168.0,,,
8097,42.0,126.0,,,56.0,,,
8098,42.0,84.0,,,84.0,,,
8099,42.0,42.0,,,42.0,,,
8100,42.0,126.0,,,138.0,,,
8101,84.0,126.0,,,112.0,,,
8102,42.0,42.0,,,14.0,,,
8103,84.0,126.0,,,84.0,,,
8104,42.0,84.0,,,42.0,,,
8105,42.0,84.0,,,42.0,,,
8106,42.0,42.0,,,126.0,,,
8107,42.0,132.0,,,126.0,,,
8108,42.0,42.0,,,84.0,,,
8109,42.0,168.0,,,84.0,,,
8110,42.0,42.0,,,84.0,,,
8111,42.0,168.0,,,174.0,,,
8112,42.0,84.0,,,84.0,,,
8113,42.0,42.0,,,126.0,,,
8114,42.0,42.0,,,252.0,,,
8115,42.0,84.0,,,210.0,,,
8116,42.0,42.0,,,84.0,,,
8117,28.0,84.0,,,48.0,,,
8118,42.0,42.0,,,126.0,,,
8119,42.0,42.0,,,168.0,,,
8120,42.0,84.0,,,42.0,,,
8121,42.0,84.0,,,42.0,,,
8122,42.0,84.0,,,42.0,,,
8123,42.0,84.0,,,84.0,,,
8124,42.0,42.0,,,252.0,,,
8125,42.0,42.0,,,84.0,,,
8126,42.0,84.0,,,168.0,,,
8127,48.0,126.0,,,42.0,,,
8128,42.0,42.0,,,84.0,,,
8129,42.0,42.0,,,126.0,,,
8130,42.0,126.0,,,42.0,,,
8131,42.0,174.0,,,210.0,,,
8132,42.0,42.0,,,84.0,,,
8133,42.0,210.0,,,210.0,,,
8134,42.0,84.0,,,168.0,,,
8135,42.0,84.0,,,126.0,,,
8136,42.0,126.0,,,132.0,,,
8137,42.0,126.0,,,42.0,,,
8138,42.0,84.0,,,42.0,,,
8139,42.0,132.0,,,84.0,,,
8140,42.0,126.0,,,210.0,,,
8141,42.0,84.0,,,84.0,,,
8142,42.0,42.0,,,42.0,,,
8143,42.0,126.0,,,84.0,,,
8144,42.0,126.0,,,42.0,,,
8145,42.0,213.0,,,42.0,,,
8146,42.0,84.0,,,42.0,,,
8147,42.0,42.0,,,87.0,,,
8148,42.0,84.0,,,42.0,,,
8149,42.0,168.0,,,42.0,,,
8150,42.0,84.0,,,168.0,,,
8151,42.0,84.0,,,126.0,,,
8152,42.0,84.0,,,42.0,,,
8153,42.0,42.0,,,42.0,,,
8154,42.0,42.0,,,90.0,,,
8155,42.0,84.0,,,84.0,,,
8156,42.0,126.0,,,42.0,,,
8157,42.0,168.0,,,84.0,,,
8158,42.0,168.0,,,42.0,,,
8159,42.0,252.0,,,210.0,,,
8160,42.0,42.0,,,336.0,,,
8161,42.0,42.0,,,42.0,,,
8162,42.0,84.0,,,126.0,,,
8163,42.0,84.0,,,90.0,,,
8164,42.0,168.0,,,126.0,,,
8165,42.0,84.0,,,42.0,,,
8166,42.0,126.0,,,84.0,,,
8167,42.0,126.0,,,126.0,,,
8168,28.0,194.0,,,168.0,,,
8169,42.0,168.0,,,42.0,,,
8170,42.0,84.0,,,42.0,,,
8171,42.0,126.0,,,84.0,,,
8172,42.0,42.0,,,70.0,,,
8173,42.0,84.0,,,126.0,,,
8174,42.0,42.0,,,126.0,,,
8175,42.0,168.0,,,42.0,,,
8176,42.0,84.0,,,42.0,,,
8177,42.0,210.0,,,126.0,,,
8178,42.0,42.0,,,42.0,,,
8179,42.0,126.0,,,126.0,,,
8180,42.0,84.0,,,126.0,,,
8181,42.0,126.0,,,84.0,,,
8182,42.0,126.0,,,210.0,,,
8183,14.0,42.0,,,42.0,,,
8184,42.0,126.0,,,168.0,,,
8185,42.0,168.0,,,42.0,,,
8186,42.0,42.0,,,84.0,,,
8187,42.0,84.0,,,84.0,,,
8188,42.0,126.0,,,42.0,,,
8189,42.0,84.0,,,84.0,,,
8190,42.0,42.0,,,42.0,,,
8191,42.0,42.0,,,84.0,,,
8192,42.0,42.0,,,126.0,,,
8193,42.0,84.0,,,84.0,,,
8194,14.0,126.0,,,42.0,,,
8195,42.0,126.0,,,42.0,,,
8196,42.0,42.0,,,42.0,,,
8197,42.0,42.0,,,84.0,,,
8198,42.0,42.0,,,42.0,,,
8199,42.0,126.0,,,126.0,,,
8200,42.0,42.0,,,84.0,,,
8201,42.0,42.0,,,42.0,,,
8202,42.0,168.0,,,126.0,,,
8203,28.0,42.0,,,14.0,,,
8204,42.0,42.0,,,42.0,,,
8205,42.0,252.0,,,42.0,,,
8206,42.0,84.0,,,42.0,,,
8207,42.0,42.0,,,126.0,,,
8208,42.0,42.0,,,42.0,,,
8209,84.0,202.0,,,90.0,,,
8210,42.0,84.0,,,168.0,,,
8211,42.0,126.0,,,126.0,,,
8212,42.0,168.0,,,42.0,,,
8213,42.0,42.0,,,84.0,,,
8214,42.0,126.0,,,126.0,,,
8215,42.0,84.0,,,294.0,,,
8216,42.0,42.0,,,168.0,,,
8217,126.0,42.0,,,42.0,,,
8218,42.0,48.0,,,210.0,,,
8219,42.0,210.0,,,42.0,,,
8220,42.0,42.0,,,42.0,,,
8221,42.0,42.0,,,84.0,,,
8222,42.0,84.0,,,126.0,,,
8223,42.0,174.0,,,84.0,,,
8224,42.0,210.0,,,42.0,,,
8225,42.0,84.0,,,84.0,,,
8226,42.0,42.0,,,42.0,,,
8227,42.0,210.0,,,84.0,,,
8228,42.0,42.0,,,126.0,,,
8229,42.0,168.0,,,84.0,,,
8230,84.0,126.0,,,84.0,,,
8231,42.0,42.0,,,42.0,,,
8232,42.0,42.0,,,210.0,,,
8233,42.0,126.0,,,48.0,,,
8234,42.0,42.0,,,126.0,,,
8235,42.0,84.0,,,252.0,,,
8236,42.0,42.0,,,42.0,,,
8237,84.0,84.0,,,42.0,,,
8238,42.0,42.0,,,126.0,,,
8239,42.0,42.0,,,42.0,,,
8240,42.0,42.0,,,126.0,,,
8241,42.0,84.0,,,42.0,,,
8242,48.0,84.0,,,84.0,,,
8243,42.0,84.0,,,126.0,,,
8244,42.0,42.0,,,84.0,,,
8245,42.0,84.0,,,174.0,,,
8246,42.0,84.0,,,216.0,,,
8247,42.0,42.0,,,84.0,,,
8248,42.0,84.0,,,90.0,,,
8249,42.0,84.0,,,84.0,,,
8250,42.0,168.0,,,84.0,,,
8251,84.0,42.0,,,126.0,,,
8252,126.0,42.0,,,168.0,,,
8253,42.0,84.0,,,126.0,,,
8254,42.0,168.0,,,42.0,,,
8255,42.0,42.0,,,42.0,,,
8256,42.0,84.0,,,84.0,,,
8257,42.0,84.0,,,42.0,,,
8258,42.0,84.0,,,126.0,,,
8259,42.0,126.0,,,126.0,,,
8260,84.0,42.0,,,84.0,,,
8261,42.0,42.0,,,84.0,,,
8262,42.0,126.0,,,252.0,,,
8263,48.0,188.0,,,84.0,,,
8264,42.0,42.0,,,42.0,,,
8265,84.0,42.0,,,84.0,,,
8266,87.0,84.0,,,42.0,,,
8267,84.0,84.0,,,168.0,,,
8268,42.0,42.0,,,84.0,,,
8269,84.0,126.0,,,126.0,,,
8270,42.0,42.0,,,252.0,,,
8271,126.0,210.0,,,42.0,,,
8272,42.0,42.0,,,42.0,,,
8273,42.0,126.0,,,126.0,,,
8274,42.0,174.0,,,168.0,,,
8275,42.0,90.0,,,126.0,,,
8276,42.0,84.0,,,84.0,,,
8277,84.0,168.0,,,210.0,,,
8278,42.0,84.0,,,42.0,,,
8279,42.0,132.0,,,84.0,,,
8280,42.0,84.0,,,210.0,,,
8281,126.0,42.0,,,168.0,,,
8282,48.0,42.0,,,42.0,,,
8283,42.0,168.0,,,126.0,,,
8284,42.0,126.0,,,42.0,,,
8285,42.0,84.0,,,126.0,,,
8286,42.0,168.0,,,42.0,,,
8287,84.0,42.0,,,42.0,,,
8288,42.0,126.0,,,126.0,,,
8289,42.0,84.0,,,126.0,,,
8290,84.0,126.0,,,42.0,,,
8291,42.0,42.0,,,42.0,,,
8292,42.0,84.0,,,84.0,,,
8293,42.0,168.0,,,84.0,,,
8294,42.0,126.0,,,126.0,,,
8295,42.0,126.0,,,90.0,,,
8296,42.0,126.0,,,84.0,,,
8297,42.0,84.0,,,126.0,,,
8298,42.0,213.0,,,294.0,,,
8299,84.0,126.0,,,84.0,,,
8300,42.0,42.0,,,90.0,,,
8301,42.0,42.0,,,42.0,,,
8302,42.0,294.0,,,157.0,,,
8303,42.0,126.0,,,168.0,,,
8304,42.0,84.0,,,42.0,,,
8305,42.0,126.0,,,84.0,,,
8306,84.0,168.0,,,84.0,,,
8307,42.0,42.0,,,42.0,,,
8308,42.0,84.0,,,84.0,,,
8309,42.0,42.0,,,84.0,,,
8310,42.0,42.0,,,252.0,,,
8311,42.0,42.0,,,84.0,,,
8312,42.0,84.0,,,182.0,,,
8313,42.0,168.0,,,42.0,,,
8314,42.0,126.0,,,168.0,,,
8315,42.0,84.0,,,126.0,,,
8316,42.0,84.0,,,84.0,,,
8317,42.0,84.0,,,14.0,,,
8318,42.0,210.0,,,126.0,,,
8319,42.0,84.0,,,126.0,,,
8320,84.0,42.0,,,168.0,,,
8321,42.0,84.0,,,70.0,,,
8322,42.0,84.0,,,42.0,,,
8323,84.0,126.0,,,84.0,,,
8324,42.0,42.0,,,168.0,,,
8325,42.0,84.0,,,168.0,,,
8326,42.0,42.0,,,126.0,,,
8327,42.0,126.0,,,168.0,,,
8328,42.0,42.0,,,126.0,,,
8329,42.0,168.0,,,84.0,,,
8330,42.0,126.0,,,42.0,,,
8331,42.0,126.0,,,126.0,,,
8332,84.0,210.0,,,42.0,,,
8333,42.0,84.0,,,126.0,,,
8334,42.0,202.0,,,42.0,,,
8335,84.0,42.0,,,42.0,,,
8336,42.0,42.0,,,168.0,,,
8337,42.0,84.0,,,126.0,,,
8338,42.0,84.0,,,84.0,,,
8339,42.0,42.0,,,210.0,,,
8340,42.0,42.0,,,42.0,,,
8341,42.0,42.0,,,126.0,,,
8342,42.0,84.0,,,84.0,,,
8343,42.0,126.0,,,171.0,,,
8344,42.0,84.0,,,168.0,,,
8345,42.0,126.0,,,42.0,,,
8346,42.0,42.0,,,210.0,,,
8347,126.0,42.0,,,84.0,,,
8348,48.0,42.0,,,84.0,,,
8349,42.0,84.0,,,42.0,,,
8350,42.0,84.0,,,42.0,,,
8351,42.0,126.0,,,42.0,,,
8352,42.0,126.0,,,90.0,,,
8353,42.0,42.0,,,42.0,,,
8354,42.0,84.0,,,210.0,,,
8355,48.0,42.0,,,90.0,,,
8356,42.0,210.0,,,42.0,,,
8357,42.0,42.0,,,84.0,,,
8358,42.0,42.0,,,126.0,,,
8359,42.0,90.0,,,42.0,,,
8360,42.0,84.0,,,210.0,,,
8361,42.0,84.0,,,42.0,,,
8362,48.0,168.0,,,210.0,,,
8363,42.0,216.0,,,42.0,,,
8364,42.0,168.0,,,42.0,,,
8365,84.0,84.0,,,42.0,,,
8366,42.0,126.0,,,210.0,,,
8367,42.0,42.0,,,168.0,,,
8368,42.0,168.0,,,84.0,,,
8369,42.0,42.0,,,126.0,,,
8370,42.0,252.0,,,42.0,,,
8371,42.0,210.0,,,252.0,,,
8372,42.0,42.0,,,42.0,,,
8373,84.0,84.0,,,42.0,,,
8374,42.0,42.0,,,42.0,,,
8375,42.0,84.0,,,84.0,,,
8376,42.0,84.0,,,42.0,,,
8377,42.0,126.0,,,84.0,,,
8378,28.0,42.0,,,42.0,,,
8379,42.0,42.0,,,84.0,,,
8380,42.0,84.0,,,84.0,,,
8381,42.0,126.0,,,42.0,,,
8382,42.0,42.0,,,168.0,,,
8383,42.0,168.0,,,84.0,,,
8384,42.0,126.0,,,48.0,,,
8385,42.0,42.0,,,126.0,,,
8386,42.0,126.0,,,132.0,,,
8387,42.0,132.0,,,84.0,,,
8388,42.0,84.0,,,42.0,,,
8389,42.0,210.0,,,84.0,,,
8390,42.0,90.0,,,210.0,,,
8391,42.0,42.0,,,126.0,,,
8392,42.0,126.0,,,48.0,,,
8393,42.0,42.0,,,84.0,,,
8394,42.0,174.0,,,42.0,,,
8395,42.0,42.0,,,126.0,,,
8396,42.0,168.0,,,84.0,,,
8397,42.0,126.0,,,42.0,,,
8398,42.0,84.0,,,168.0,,,
8399,42.0,168.0,,,126.0,,,
8400,42.0,168.0,,,188.0,,,
8401,42.0,210.0,,,126.0,,,
8402,42.0,42.0,,,84.0,,,
8403,42.0,84.0,,,42.0,,,
8404,42.0,42.0,,,42.0,,,
8405,126.0,42.0,,,84.0,,,
8406,42.0,132.0,,,84.0,,,
8407,42.0,84.0,,,168.0,,,
8408,42.0,126.0,,,84.0,,,
8409,42.0,126.0,,,42.0,,,
8410,42.0,84.0,,,42.0,,,
8411,42.0,126.0,,,84.0,,,
8412,42.0,252.0,,,84.0,,,
8413,14.0,42.0,,,42.0,,,
8414,42.0,42.0,,,126.0,,,
8415,42.0,84.0,,,42.0,,,
8416,42.0,84.0,,,84.0,,,
8417,42.0,42.0,,,126.0,,,
8418,42.0,42.0,,,84.0,,,
8419,42.0,42.0,,,126.0,,,
8420,42.0,42.0,,,42.0,,,
8421,42.0,42.0,,,84.0,,,
8422,14.0,126.0,,,126.0,,,
8423,42.0,84.0,,,42.0,,,
8424,42.0,84.0,,,126.0,,,
8425,42.0,84.0,,,84.0,,,
8426,42.0,126.0,,,42.0,,,
8427,42.0,42.0,,,70.0,,,
8428,42.0,84.0,,,84.0,,,
8429,42.0,126.0,,,126.0,,,
8430,42.0,84.0,,,28.0,,,
8431,126.0,171.0,,,56.0,,,
8432,42.0,252.0,,,84.0,,,
8433,42.0,90.0,,,84.0,,,
8434,42.0,42.0,,,84.0,,,
8435,42.0,84.0,,,42.0,,,
8436,42.0,42.0,,,42.0,,,
8437,42.0,126.0,,,168.0,,,
8438,42.0,126.0,,,42.0,,,
8439,42.0,126.0,,,42.0,,,
8440,42.0,84.0,,,48.0,,,
8441,42.0,42.0,,,42.0,,,
8442,84.0,84.0,,,168.0,,,
8443,42.0,126.0,,,126.0,,,
8444,42.0,168.0,,,42.0,,,
8445,84.0,168.0,,,42.0,,,
8446,42.0,42.0,,,42.0,,,
8447,48.0,84.0,,,84.0,,,
8448,42.0,42.0,,,126.0,,,
8449,42.0,42.0,,,84.0,,,
8450,84.0,84.0,,,42.0,,,
8451,42.0,42.0,,,42.0,,,
8452,42.0,84.0,,,252.0,,,
8453,84.0,42.0,,,168.0,,,
8454,84.0,42.0,,,168.0,,,
8455,42.0,84.0,,,84.0,,,
8456,42.0,168.0,,,48.0,,,
8457,42.0,42.0,,,42.0,,,
8458,42.0,42.0,,,126.0,,,
8459,42.0,42.0,,,126.0,,,
8460,126.0,126.0,,,126.0,,,
8461,42.0,42.0,,,294.0,,,
8462,42.0,42.0,,,42.0,,,
8463,42.0,42.0,,,84.0,,,
8464,42.0,42.0,,,126.0,,,
8465,42.0,126.0,,,42.0,,,
8466,42.0,84.0,,,84.0,,,
8467,48.0,126.0,,,42.0,,,
8468,42.0,84.0,,,42.0,,,
8469,42.0,84.0,,,84.0,,,
8470,42.0,42.0,,,42.0,,,
8471,84.0,126.0,,,84.0,,,
8472,42.0,126.0,,,126.0,,,
8473,84.0,42.0,,,42.0,,,
8474,42.0,84.0,,,42.0,,,
8475,42.0,168.0,,,84.0,,,
8476,42.0,210.0,,,42.0,,,
8477,42.0,84.0,,,42.0,,,
8478,42.0,126.0,,,84.0,,,
8479,42.0,126.0,,,42.0,,,
8480,42.0,84.0,,,84.0,,,
8481,42.0,174.0,,,84.0,,,
8482,42.0,168.0,,,252.0,,,
8483,84.0,42.0,,,42.0,,,
8484,42.0,126.0,,,42.0,,,
8485,84.0,252.0,,,84.0,,,
8486,126.0,42.0,,,84.0,,,
8487,42.0,42.0,,,126.0,,,
8488,42.0,42.0,,,84.0,,,
8489,84.0,42.0,,,126.0,,,
8490,42.0,42.0,,,42.0,,,
8491,42.0,171.0,,,84.0,,,
8492,42.0,84.0,,,42.0,,,
8493,42.0,84.0,,,42.0,,,
8494,42.0,84.0,,,84.0,,,
8495,42.0,126.0,,,84.0,,,
8496,42.0,84.0,,,90.0,,,
8497,42.0,42.0,,,210.0,,,
8498,42.0,252.0,,,168.0,,,
8499,42.0,42.0,,,84.0,,,
8500,84.0,168.0,,,42.0,,,
8501,84.0,168.0,,,42.0,,,
8502,42.0,42.0,,,84.0,,,
8503,126.0,84.0,,,84.0,,,
8504,42.0,126.0,,,84.0,,,
8505,48.0,84.0,,,84.0,,,
8506,42.0,126.0,,,84.0,,,
8507,42.0,168.0,,,210.0,,,
8508,42.0,126.0,,,42.0,,,
8509,84.0,42.0,,,42.0,,,
8510,42.0,208.0,,,168.0,,,
8511,42.0,84.0,,,168.0,,,
8512,42.0,42.0,,,126.0,,,
8513,42.0,84.0,,,42.0,,,
8514,42.0,42.0,,,42.0,,,
8515,84.0,84.0,,,42.0,,,
8516,48.0,126.0,,,42.0,,,
8517,42.0,84.0,,,112.0,,,
8518,42.0,126.0,,,42.0,,,
8519,84.0,126.0,,,252.0,,,
8520,84.0,84.0,,,42.0,,,
8521,42.0,84.0,,,42.0,,,
8522,42.0,84.0,,,84.0,,,
8523,42.0,42.0,,,42.0,,,
8524,42.0,42.0,,,42.0,,,
8525,42.0,168.0,,,213.0,,,
8526,42.0,126.0,,,210.0,,,
8527,42.0,126.0,,,84.0,,,
8528,42.0,210.0,,,42.0,,,
8529,42.0,42.0,,,42.0,,,
8530,42.0,210.0,,,84.0,,,
8531,42.0,126.0,,,84.0,,,
8532,126.0,42.0,,,42.0,,,
8533,42.0,126.0,,,210.0,,,
8534,42.0,84.0,,,168.0,,,
8535,42.0,126.0,,,168.0,,,
8536,87.0,42.0,,,42.0,,,
8537,42.0,42.0,,,90.0,,,
8538,84.0,84.0,,,42.0,,,
8539,84.0,84.0,,,84.0,,,
8540,42.0,42.0,,,42.0,,,
8541,42.0,126.0,,,126.0,,,
8542,42.0,42.0,,,126.0,,,
8543,42.0,174.0,,,84.0,,,
8544,42.0,126.0,,,42.0,,,
8545,42.0,84.0,,,42.0,,,
8546,42.0,42.0,,,42.0,,,
8547,42.0,84.0,,,42.0,,,
8548,84.0,126.0,,,132.0,,,
8549,48.0,168.0,,,84.0,,,
8550,42.0,84.0,,,84.0,,,
8551,42.0,272.0,,,126.0,,,
8552,42.0,84.0,,,84.0,,,
8553,42.0,84.0,,,14.0,,,
8554,126.0,42.0,,,42.0,,,
8555,42.0,168.0,,,84.0,,,
8556,42.0,42.0,,,42.0,,,
8557,42.0,84.0,,,84.0,,,
8558,42.0,42.0,,,126.0,,,
8559,42.0,126.0,,,90.0,,,
8560,42.0,84.0,,,84.0,,,
8561,48.0,42.0,,,42.0,,,
8562,42.0,42.0,,,42.0,,,
8563,42.0,42.0,,,194.0,,,
8564,42.0,168.0,,,126.0,,,
8565,42.0,42.0,,,210.0,,,
8566,42.0,42.0,,,126.0,,,
8567,42.0,126.0,,,84.0,,,
8568,42.0,84.0,,,126.0,,,
8569,42.0,42.0,,,84.0,,,
8570,28.0,84.0,,,48.0,,,
8571,42.0,84.0,,,42.0,,,
8572,42.0,42.0,,,42.0,,,
8573,42.0,126.0,,,84.0,,,
8574,42.0,42.0,,,84.0,,,
8575,42.0,42.0,,,84.0,,,
8576,42.0,42.0,,,126.0,,,
8577,42.0,84.0,,,84.0,,,
8578,42.0,48.0,,,126.0,,,
8579,42.0,84.0,,,126.0,,,
8580,42.0,42.0,,,126.0,,,
8581,42.0,42.0,,,168.0,,,
8582,42.0,84.0,,,126.0,,,
8583,42.0,126.0,,,210.0,,,
8584,42.0,168.0,,,84.0,,,
8585,42.0,42.0,,,84.0,,,
8586,42.0,42.0,,,42.0,,,
8587,42.0,42.0,,,168.0,,,
8588,42.0,126.0,,,42.0,,,
8589,42.0,210.0,,,84.0,,,
8590,42.0,168.0,,,84.0,,,
8591,42.0,168.0,,,42.0,,,
8592,42.0,210.0,,,126.0,,,
8593,42.0,168.0,,,84.0,,,
8594,42.0,42.0,,,171.0,,,
8595,42.0,42.0,,,84.0,,,
8596,42.0,42.0,,,42.0,,,
8597,42.0,84.0,,,84.0,,,
8598,42.0,252.0,,,42.0,,,
8599,42.0,84.0,,,126.0,,,
8600,42.0,42.0,,,84.0,,,
8601,42.0,126.0,,,84.0,,,
8602,42.0,126.0,,,84.0,,,
8603,42.0,42.0,,,168.0,,,
8604,42.0,126.0,,,42.0,,,
8605,42.0,42.0,,,210.0,,,
8606,42.0,210.0,,,126.0,,,
8607,42.0,168.0,,,42.0,,,
8608,42.0,154.0,,,84.0,,,
8609,42.0,336.0,,,126.0,,,
8610,42.0,84.0,,,42.0,,,
8611,42.0,84.0,,,84.0,,,
8612,42.0,42.0,,,42.0,,,
8613,42.0,42.0,,,42.0,,,
8614,42.0,84.0,,,126.0,,,
8615,42.0,126.0,,,42.0,,,
8616,42.0,42.0,,,168.0,,,
8617,42.0,42.0,,,84.0,,,
8618,42.0,42.0,,,168.0,,,
8619,42.0,210.0,,,84.0,,,
8620,42.0,126.0,,,48.0,,,
8621,42.0,252.0,,,42.0,,,
8622,42.0,42.0,,,42.0,,,
8623,42.0,126.0,,,42.0,,,
8624,42.0,126.0,,,84.0,,,
8625,42.0,42.0,,,168.0,,,
8626,42.0,42.0,,,42.0,,,
8627,42.0,126.0,,,126.0,,,
8628,42.0,84.0,,,126.0,,,
8629,42.0,42.0,,,90.0,,,
8630,42.0,42.0,,,84.0,,,
8631,42.0,252.0,,,168.0,,,
8632,42.0,126.0,,,84.0,,,
8633,42.0,126.0,,,42.0,,,
8634,42.0,42.0,,,84.0,,,
8635,42.0,126.0,,,126.0,,,
8636,42.0,42.0,,,168.0,,,
8637,14.0,84.0,,,42.0,,,
8638,42.0,42.0,,,84.0,,,
8639,42.0,236.0,,,42.0,,,
8640,42.0,84.0,,,126.0,,,
8641,42.0,42.0,,,42.0,,,
8642,42.0,42.0,,,42.0,,,
8643,42.0,84.0,,,84.0,,,
8644,42.0,84.0,,,168.0,,,
8645,42.0,42.0,,,84.0,,,
8646,42.0,126.0,,,42.0,,,
8647,42.0,126.0,,,168.0,,,
8648,42.0,90.0,,,168.0,,,
8649,14.0,171.0,,,90.0,,,
8650,28.0,84.0,,,84.0,,,
8651,42.0,84.0,,,126.0,,,
8652,42.0,126.0,,,42.0,,,
8653,42.0,42.0,,,42.0,,,
8654,42.0,84.0,,,42.0,,,
8655,42.0,126.0,,,42.0,,,
8656,42.0,84.0,,,84.0,,,
8657,42.0,42.0,,,42.0,,,
8658,42.0,84.0,,,126.0,,,
8659,42.0,126.0,,,42.0,,,
8660,84.0,84.0,,,42.0,,,
8661,42.0,84.0,,,84.0,,,
8662,42.0,42.0,,,210.0,,,
8663,42.0,132.0,,,42.0,,,
8664,42.0,42.0,,,42.0,,,
8665,42.0,42.0,,,42.0,,,
8666,42.0,90.0,,,42.0,,,
8667,42.0,42.0,,,84.0,,,
8668,84.0,132.0,,,42.0,,,
8669,84.0,126.0,,,42.0,,,
8670,42.0,84.0,,,84.0,,,
8671,42.0,84.0,,,168.0,,,
8672,42.0,42.0,,,42.0,,,
8673,42.0,84.0,,,42.0,,,
8674,42.0,42.0,,,84.0,,,
8675,42.0,126.0,,,56.0,,,
8676,42.0,126.0,,,70.0,,,
8677,42.0,84.0,,,70.0,,,
8678,42.0,168.0,,,84.0,,,
8679,42.0,84.0,,,84.0,,,
8680,42.0,84.0,,,42.0,,,
8681,84.0,42.0,,,168.0,,,
8682,42.0,84.0,,,84.0,,,
8683,42.0,84.0,,,84.0,,,
8684,126.0,42.0,,,84.0,,,
8685,42.0,84.0,,,168.0,,,
8686,42.0,42.0,,,180.0,,,
8687,42.0,42.0,,,84.0,,,
8688,42.0,42.0,,,84.0,,,
8689,42.0,42.0,,,42.0,,,
8690,42.0,42.0,,,42.0,,,
8691,42.0,42.0,,,42.0,,,
8692,42.0,126.0,,,42.0,,,
8693,42.0,84.0,,,42.0,,,
8694,84.0,168.0,,,84.0,,,
8695,42.0,84.0,,,252.0,,,
8696,126.0,42.0,,,126.0,,,
8697,42.0,42.0,,,132.0,,,
8698,42.0,84.0,,,126.0,,,
8699,42.0,42.0,,,168.0,,,
8700,42.0,126.0,,,168.0,,,
8701,84.0,294.0,,,126.0,,,
8702,84.0,132.0,,,168.0,,,
8703,42.0,84.0,,,42.0,,,
8704,42.0,126.0,,,87.0,,,
8705,42.0,126.0,,,126.0,,,
8706,42.0,126.0,,,168.0,,,
8707,42.0,126.0,,,84.0,,,
8708,42.0,42.0,,,42.0,,,
8709,42.0,126.0,,,42.0,,,
8710,42.0,42.0,,,42.0,,,
8711,42.0,168.0,,,152.0,,,
8712,42.0,84.0,,,42.0,,,
8713,48.0,84.0,,,84.0,,,
8714,84.0,42.0,,,42.0,,,
8715,42.0,126.0,,,84.0,,,
8716,42.0,42.0,,,132.0,,,
8717,42.0,84.0,,,168.0,,,
8718,42.0,42.0,,,42.0,,,
8719,84.0,42.0,,,84.0,,,
8720,42.0,42.0,,,84.0,,,
8721,84.0,42.0,,,42.0,,,
8722,42.0,168.0,,,42.0,,,
8723,42.0,126.0,,,84.0,,,
8724,42.0,42.0,,,84.0,,,
8725,42.0,294.0,,,168.0,,,
8726,42.0,84.0,,,42.0,,,
8727,42.0,90.0,,,42.0,,,
8728,42.0,126.0,,,42.0,,,
8729,42.0,84.0,,,84.0,,,
8730,84.0,84.0,,,210.0,,,
8731,42.0,42.0,,,210.0,,,
8732,84.0,210.0,,,42.0,,,
8733,42.0,42.0,,,84.0,,,
8734,42.0,84.0,,,84.0,,,
8735,42.0,146.0,,,42.0,,,
8736,42.0,168.0,,,84.0,,,
8737,42.0,126.0,,,84.0,,,
8738,126.0,213.0,,,84.0,,,
8739,42.0,42.0,,,84.0,,,
8740,42.0,42.0,,,168.0,,,
8741,42.0,252.0,,,42.0,,,
8742,42.0,84.0,,,42.0,,,
8743,42.0,84.0,,,84.0,,,
8744,48.0,84.0,,,210.0,,,
8745,42.0,42.0,,,126.0,,,
8746,42.0,168.0,,,42.0,,,
8747,42.0,84.0,,,126.0,,,
8748,42.0,42.0,,,42.0,,,
8749,42.0,42.0,,,84.0,,,
8750,126.0,126.0,,,126.0,,,
8751,42.0,42.0,,,126.0,,,
8752,42.0,84.0,,,42.0,,,
8753,42.0,126.0,,,42.0,,,
8754,42.0,84.0,,,84.0,,,
8755,42.0,42.0,,,42.0,,,
8756,84.0,84.0,,,42.0,,,
8757,42.0,126.0,,,84.0,,,
8758,42.0,252.0,,,42.0,,,
8759,42.0,42.0,,,84.0,,,
8760,42.0,168.0,,,84.0,,,
8761,84.0,84.0,,,84.0,,,
8762,42.0,84.0,,,84.0,,,
8763,42.0,84.0,,,42.0,,,
8764,42.0,168.0,,,126.0,,,
8765,42.0,42.0,,,42.0,,,
8766,42.0,168.0,,,42.0,,,
8767,42.0,84.0,,,168.0,,,
8768,42.0,84.0,,,126.0,,,
8769,42.0,42.0,,,84.0,,,
8770,42.0,126.0,,,42.0,,,
8771,42.0,42.0,,,42.0,,,
8772,42.0,42.0,,,42.0,,,
8773,84.0,42.0,,,42.0,,,
8774,42.0,126.0,,,28.0,,,
8775,84.0,42.0,,,42.0,,,
8776,84.0,126.0,,,168.0,,,
8777,42.0,132.0,,,84.0,,,
8778,42.0,42.0,,,168.0,,,
8779,42.0,126.0,,,252.0,,,
8780,42.0,84.0,,,42.0,,,
8781,84.0,126.0,,,42.0,,,
8782,42.0,84.0,,,42.0,,,
8783,42.0,42.0,,,42.0,,,
8784,42.0,126.0,,,84.0,,,
8785,42.0,42.0,,,42.0,,,
8786,42.0,84.0,,,126.0,,,
8787,42.0,126.0,,,168.0,,,
8788,42.0,42.0,,,126.0,,,
8789,42.0,126.0,,,42.0,,,
8790,42.0,84.0,,,126.0,,,
8791,42.0,126.0,,,168.0,,,
8792,42.0,42.0,,,70.0,,,
8793,42.0,42.0,,,84.0,,,
8794,42.0,168.0,,,126.0,,,
8795,42.0,132.0,,,42.0,,,
8796,126.0,84.0,,,84.0,,,
8797,48.0,42.0,,,56.0,,,
8798,48.0,126.0,,,168.0,,,
8799,42.0,42.0,,,210.0,,,
8800,42.0,132.0,,,84.0,,,
8801,42.0,42.0,,,84.0,,,
8802,126.0,84.0,,,76.0,,,
8803,42.0,84.0,,,84.0,,,
8804,42.0,42.0,,,84.0,,,
8805,42.0,84.0,,,168.0,,,
8806,42.0,42.0,,,42.0,,,
8807,42.0,210.0,,,42.0,,,
8808,42.0,42.0,,,42.0,,,
8809,42.0,84.0,,,168.0,,,
8810,42.0,84.0,,,84.0,,,
8811,42.0,42.0,,,210.0,,,
8812,42.0,42.0,,,126.0,,,
8813,42.0,112.0,,,126.0,,,
8814,42.0,252.0,,,126.0,,,
8815,42.0,84.0,,,210.0,,,
8816,42.0,42.0,,,84.0,,,
8817,42.0,42.0,,,42.0,,,
8818,42.0,126.0,,,252.0,,,
8819,84.0,42.0,,,171.0,,,
8820,42.0,84.0,,,42.0,,,
8821,42.0,42.0,,,168.0,,,
8822,42.0,84.0,,,84.0,,,
8823,87.0,168.0,,,126.0,,,
8824,42.0,84.0,,,42.0,,,
8825,42.0,84.0,,,126.0,,,
8826,42.0,168.0,,,42.0,,,
8827,42.0,168.0,,,42.0,,,
8828,42.0,42.0,,,252.0,,,
8829,42.0,42.0,,,48.0,,,
8830,42.0,42.0,,,42.0,,,
8831,42.0,126.0,,,126.0,,,
8832,42.0,126.0,,,126.0,,,
8833,42.0,126.0,,,84.0,,,
8834,42.0,168.0,,,42.0,,,
8835,42.0,294.0,,,132.0,,,
8836,48.0,126.0,,,126.0,,,
8837,42.0,42.0,,,84.0,,,
8838,42.0,42.0,,,42.0,,,
8839,42.0,42.0,,,84.0,,,
8840,42.0,168.0,,,252.0,,,
8841,42.0,152.0,,,42.0,,,
8842,42.0,90.0,,,42.0,,,
8843,42.0,84.0,,,84.0,,,
8844,42.0,126.0,,,126.0,,,
8845,42.0,84.0,,,84.0,,,
8846,42.0,84.0,,,84.0,,,
8847,42.0,126.0,,,42.0,,,
8848,42.0,126.0,,,42.0,,,
8849,42.0,132.0,,,56.0,,,
8850,42.0,84.0,,,42.0,,,
8851,42.0,84.0,,,84.0,,,
8852,42.0,42.0,,,126.0,,,
8853,42.0,42.0,,,42.0,,,
8854,42.0,84.0,,,42.0,,,
8855,42.0,84.0,,,168.0,,,
8856,42.0,42.0,,,168.0,,,
8857,42.0,126.0,,,84.0,,,
8858,42.0,84.0,,,42.0,,,
8859,42.0,168.0,,,84.0,,,
8860,42.0,84.0,,,126.0,,,
8861,42.0,126.0,,,84.0,,,
8862,42.0,42.0,,,174.0,,,
8863,42.0,42.0,,,84.0,,,
8864,42.0,84.0,,,84.0,,,
8865,42.0,42.0,,,84.0,,,
8866,48.0,42.0,,,294.0,,,
8867,42.0,84.0,,,126.0,,,
8868,14.0,42.0,,,42.0,,,
8869,42.0,168.0,,,42.0,,,
8870,42.0,126.0,,,42.0,,,
8871,42.0,84.0,,,42.0,,,
8872,42.0,84.0,,,42.0,,,
8873,42.0,112.0,,,126.0,,,
8874,42.0,210.0,,,126.0,,,
8875,42.0,42.0,,,42.0,,,
8876,28.0,42.0,,,84.0,,,
8877,14.0,42.0,,,42.0,,,
8878,28.0,84.0,,,84.0,,,
8879,42.0,168.0,,,42.0,,,
8880,42.0,174.0,,,210.0,,,
8881,42.0,84.0,,,84.0,,,
8882,42.0,84.0,,,126.0,,,
8883,42.0,126.0,,,84.0,,,
8884,42.0,42.0,,,70.0,,,
8885,42.0,42.0,,,42.0,,,
8886,42.0,84.0,,,42.0,,,
8887,42.0,84.0,,,252.0,,,
8888,42.0,42.0,,,84.0,,,
8889,42.0,126.0,,,42.0,,,
8890,42.0,84.0,,,42.0,,,
8891,84.0,42.0,,,84.0,,,
8892,42.0,84.0,,,90.0,,,
8893,42.0,42.0,,,168.0,,,
8894,42.0,42.0,,,84.0,,,
8895,42.0,84.0,,,42.0,,,
8896,84.0,126.0,,,84.0,,,
8897,42.0,42.0,,,42.0,,,
8898,42.0,42.0,,,42.0,,,
8899,42.0,126.0,,,42.0,,,
8900,42.0,42.0,,,126.0,,,
8901,42.0,174.0,,,42.0,,,
8902,84.0,126.0,,,126.0,,,
8903,126.0,126.0,,,42.0,,,
8904,42.0,126.0,,,84.0,,,
8905,84.0,42.0,,,84.0,,,
8906,42.0,42.0,,,84.0,,,
8907,126.0,42.0,,,42.0,,,
8908,42.0,42.0,,,84.0,,,
8909,42.0,84.0,,,104.0,,,
8910,42.0,42.0,,,168.0,,,
8911,42.0,84.0,,,42.0,,,
8912,84.0,210.0,,,84.0,,,
8913,42.0,42.0,,,42.0,,,
8914,42.0,126.0,,,84.0,,,
8915,42.0,171.0,,,168.0,,,
8916,126.0,126.0,,,84.0,,,
8917,42.0,210.0,,,126.0,,,
8918,42.0,84.0,,,84.0,,,
8919,42.0,252.0,,,168.0,,,
8920,42.0,84.0,,,42.0,,,
8921,42.0,42.0,,,210.0,,,
8922,42.0,84.0,,,126.0,,,
8923,42.0,126.0,,,126.0,,,
8924,42.0,126.0,,,42.0,,,
8925,42.0,42.0,,,42.0,,,
8926,84.0,126.0,,,42.0,,,
8927,42.0,126.0,,,84.0,,,
8928,42.0,126.0,,,42.0,,,
8929,42.0,168.0,,,84.0,,,
8930,126.0,213.0,,,126.0,,,
8931,42.0,126.0,,,210.0,,,
8932,42.0,84.0,,,42.0,,,
8933,42.0,42.0,,,42.0,,,
8934,42.0,126.0,,,84.0,,,
8935,42.0,210.0,,,84.0,,,
8936,42.0,84.0,,,42.0,,,
8937,42.0,42.0,,,84.0,,,
8938,126.0,126.0,,,126.0,,,
8939,84.0,84.0,,,84.0,,,
8940,42.0,42.0,,,84.0,,,
8941,42.0,42.0,,,84.0,,,
8942,42.0,126.0,,,126.0,,,
8943,42.0,84.0,,,132.0,,,
8944,84.0,42.0,,,84.0,,,
8945,84.0,42.0,,,42.0,,,
8946,42.0,126.0,,,42.0,,,
8947,42.0,160.0,,,90.0,,,
8948,42.0,294.0,,,42.0,,,
8949,42.0,42.0,,,42.0,,,
8950,84.0,84.0,,,84.0,,,
8951,42.0,126.0,,,42.0,,,
8952,48.0,42.0,,,42.0,,,
8953,42.0,126.0,,,42.0,,,
8954,42.0,168.0,,,84.0,,,
8955,42.0,126.0,,,210.0,,,
8956,84.0,84.0,,,42.0,,,
8957,42.0,168.0,,,210.0,,,
8958,42.0,84.0,,,294.0,,,
8959,42.0,84.0,,,168.0,,,
8960,42.0,84.0,,,42.0,,,
8961,42.0,84.0,,,126.0,,,
8962,84.0,84.0,,,84.0,,,
8963,42.0,42.0,,,84.0,,,
8964,42.0,84.0,,,42.0,,,
8965,42.0,42.0,,,42.0,,,
8966,42.0,168.0,,,126.0,,,
8967,42.0,42.0,,,168.0,,,
8968,42.0,126.0,,,84.0,,,
8969,42.0,126.0,,,126.0,,,
8970,42.0,84.0,,,126.0,,,
8971,42.0,126.0,,,42.0,,,
8972,126.0,126.0,,,42.0,,,
8973,42.0,42.0,,,84.0,,,
8974,42.0,188.0,,,84.0,,,
8975,42.0,168.0,,,42.0,,,
8976,42.0,42.0,,,252.0,,,
8977,48.0,42.0,,,84.0,,,
8978,42.0,42.0,,,168.0,,,
8979,42.0,42.0,,,84.0,,,
8980,42.0,84.0,,,126.0,,,
8981,42.0,42.0,,,210.0,,,
8982,42.0,42.0,,,84.0,,,
8983,42.0,42.0,,,42.0,,,
8984,42.0,210.0,,,42.0,,,
8985,42.0,42.0,,,84.0,,,
8986,84.0,84.0,,,84.0,,,
8987,42.0,132.0,,,42.0,,,
8988,42.0,84.0,,,168.0,,,
8989,42.0,42.0,,,42.0,,,
8990,42.0,84.0,,,84.0,,,
8991,84.0,126.0,,,84.0,,,
8992,42.0,210.0,,,42.0,,,
8993,42.0,42.0,,,42.0,,,
8994,42.0,84.0,,,42.0,,,
8995,42.0,84.0,,,42.0,,,
8996,42.0,84.0,,,168.0,,,
8997,42.0,84.0,,,42.0,,,
8998,42.0,174.0,,,252.0,,,
8999,42.0,84.0,,,84.0,,,
9000,42.0,216.0,,,42.0,,,
9001,42.0,42.0,,,42.0,,,
9002,42.0,168.0,,,126.0,,,
9003,42.0,42.0,,,126.0,,,
9004,84.0,42.0,,,84.0,,,
9005,42.0,126.0,,,210.0,,,
9006,42.0,84.0,,,210.0,,,
9007,42.0,126.0,,,84.0,,,
9008,84.0,84.0,,,90.0,,,
9009,87.0,84.0,,,84.0,,,
9010,42.0,294.0,,,42.0,,,
9011,42.0,84.0,,,84.0,,,
9012,48.0,126.0,,,42.0,,,
9013,42.0,84.0,,,42.0,,,
9014,42.0,126.0,,,84.0,,,
9015,42.0,42.0,,,84.0,,,
9016,42.0,168.0,,,42.0,,,
9017,84.0,42.0,,,42.0,,,
9018,42.0,84.0,,,126.0,,,
9019,42.0,210.0,,,42.0,,,
9020,42.0,42.0,,,126.0,,,
9021,42.0,42.0,,,132.0,,,
9022,42.0,42.0,,,149.0,,,
9023,42.0,126.0,,,126.0,,,
9024,42.0,48.0,,,42.0,,,
9025,42.0,84.0,,,118.0,,,
9026,48.0,84.0,,,210.0,,,
9027,42.0,42.0,,,42.0,,,
9028,42.0,84.0,,,42.0,,,
9029,42.0,42.0,,,210.0,,,
9030,42.0,42.0,,,126.0,,,
9031,48.0,84.0,,,126.0,,,
9032,42.0,42.0,,,84.0,,,
9033,42.0,42.0,,,84.0,,,
9034,42.0,84.0,,,42.0,,,
9035,42.0,84.0,,,210.0,,,
9036,42.0,42.0,,,210.0,,,
9037,42.0,84.0,,,126.0,,,
9038,42.0,126.0,,,126.0,,,
9039,42.0,42.0,,,168.0,,,
9040,42.0,210.0,,,174.0,,,
9041,42.0,84.0,,,126.0,,,
9042,42.0,210.0,,,126.0,,,
9043,42.0,126.0,,,84.0,,,
9044,48.0,126.0,,,126.0,,,
9045,42.0,42.0,,,42.0,,,
9046,42.0,84.0,,,42.0,,,
9047,42.0,126.0,,,42.0,,,
9048,42.0,42.0,,,126.0,,,
9049,42.0,168.0,,,42.0,,,
9050,42.0,168.0,,,168.0,,,
9051,42.0,42.0,,,168.0,,,
9052,42.0,168.0,,,126.0,,,
9053,42.0,84.0,,,84.0,,,
9054,42.0,168.0,,,84.0,,,
9055,42.0,84.0,,,84.0,,,
9056,42.0,84.0,,,84.0,,,
9057,84.0,294.0,,,42.0,,,
9058,42.0,42.0,,,336.0,,,
9059,42.0,132.0,,,42.0,,,
9060,42.0,168.0,,,48.0,,,
9061,42.0,42.0,,,42.0,,,
9062,42.0,42.0,,,210.0,,,
9063,28.0,126.0,,,126.0,,,
9064,42.0,126.0,,,87.0,,,
9065,42.0,168.0,,,84.0,,,
9066,42.0,126.0,,,42.0,,,
9067,42.0,84.0,,,84.0,,,
9068,42.0,84.0,,,84.0,,,
9069,42.0,126.0,,,42.0,,,
9070,42.0,84.0,,,42.0,,,
9071,84.0,126.0,,,42.0,,,
9072,42.0,42.0,,,90.0,,,
9073,42.0,84.0,,,84.0,,,
9074,42.0,42.0,,,84.0,,,
9075,42.0,112.0,,,42.0,,,
9076,42.0,42.0,,,42.0,,,
9077,42.0,42.0,,,168.0,,,
9078,42.0,126.0,,,126.0,,,
9079,42.0,126.0,,,210.0,,,
9080,42.0,168.0,,,42.0,,,
9081,42.0,42.0,,,126.0,,,
9082,42.0,42.0,,,126.0,,,
9083,28.0,42.0,,,84.0,,,
9084,42.0,84.0,,,42.0,,,
9085,42.0,171.0,,,84.0,,,
9086,42.0,84.0,,,168.0,,,
9087,42.0,84.0,,,84.0,,,
9088,42.0,126.0,,,84.0,,,
9089,42.0,188.0,,,84.0,,,
9090,42.0,42.0,,,42.0,,,
9091,42.0,42.0,,,84.0,,,
9092,42.0,126.0,,,126.0,,,
9093,42.0,168.0,,,42.0,,,
9094,42.0,42.0,,,42.0,,,
9095,42.0,168.0,,,126.0,,,
9096,14.0,126.0,,,84.0,,,
9097,42.0,210.0,,,42.0,,,
9098,42.0,84.0,,,84.0,,,
9099,42.0,84.0,,,84.0,,,
9100,42.0,168.0,,,168.0,,,
9101,42.0,126.0,,,84.0,,,
9102,42.0,84.0,,,42.0,,,
9103,42.0,84.0,,,42.0,,,
9104,42.0,126.0,,,42.0,,,
9105,42.0,84.0,,,42.0,,,
9106,14.0,84.0,,,42.0,,,
9107,42.0,84.0,,,42.0,,,
9108,42.0,42.0,,,84.0,,,
9109,42.0,126.0,,,126.0,,,
9110,42.0,42.0,,,42.0,,,
9111,42.0,42.0,,,42.0,,,
9112,42.0,42.0,,,42.0,,,
9113,42.0,42.0,,,42.0,,,
9114,42.0,84.0,,,210.0,,,
9115,42.0,126.0,,,84.0,,,
9116,126.0,42.0,,,84.0,,,
9117,42.0,42.0,,,84.0,,,
9118,42.0,42.0,,,252.0,,,
9119,126.0,90.0,,,48.0,,,
9120,42.0,42.0,,,168.0,,,
9121,42.0,84.0,,,84.0,,,
9122,84.0,126.0,,,42.0,,,
9123,42.0,132.0,,,42.0,,,
9124,42.0,42.0,,,84.0,,,
9125,42.0,42.0,,,84.0,,,
9126,84.0,168.0,,,84.0,,,
9127,42.0,42.0,,,42.0,,,
9128,84.0,42.0,,,42.0,,,
9129,84.0,84.0,,,42.0,,,
9130,42.0,84.0,,,42.0,,,
9131,42.0,126.0,,,294.0,,,
9132,126.0,84.0,,,42.0,,,
9133,84.0,42.0,,,84.0,,,
9134,42.0,132.0,,,42.0,,,
9135,42.0,84.0,,,126.0,,,
9136,42.0,42.0,,,42.0,,,
9137,42.0,42.0,,,14.0,,,
9138,84.0,42.0,,,42.0,,,
9139,42.0,84.0,,,42.0,,,
9140,42.0,84.0,,,42.0,,,
9141,84.0,42.0,,,42.0,,,
9142,42.0,84.0,,,42.0,,,
9143,42.0,252.0,,,166.0,,,
9144,42.0,84.0,,,42.0,,,
9145,84.0,42.0,,,126.0,,,
9146,87.0,84.0,,,168.0,,,
9147,42.0,84.0,,,210.0,,,
9148,42.0,84.0,,,42.0,,,
9149,42.0,84.0,,,42.0,,,
9150,42.0,132.0,,,42.0,,,
9151,84.0,84.0,,,126.0,,,
9152,42.0,42.0,,,84.0,,,
9153,42.0,126.0,,,84.0,,,
9154,42.0,168.0,,,84.0,,,
9155,42.0,168.0,,,168.0,,,
9156,126.0,84.0,,,126.0,,,
9157,42.0,42.0,,,104.0,,,
9158,42.0,84.0,,,210.0,,,
9159,42.0,126.0,,,168.0,,,
9160,42.0,42.0,,,252.0,,,
9161,42.0,42.0,,,168.0,,,
9162,42.0,168.0,,,42.0,,,
9163,42.0,84.0,,,126.0,,,
9164,42.0,42.0,,,42.0,,,
9165,42.0,160.0,,,126.0,,,
9166,42.0,126.0,,,168.0,,,
9167,42.0,168.0,,,84.0,,,
9168,42.0,126.0,,,126.0,,,
9169,42.0,84.0,,,42.0,,,
9170,42.0,42.0,,,84.0,,,
9171,84.0,84.0,,,210.0,,,
9172,42.0,84.0,,,462.0,,,
9173,42.0,126.0,,,28.0,,,
9174,42.0,126.0,,,168.0,,,
9175,42.0,84.0,,,126.0,,,
9176,84.0,126.0,,,42.0,,,
9177,42.0,126.0,,,42.0,,,
9178,42.0,42.0,,,42.0,,,
9179,48.0,84.0,,,84.0,,,
9180,42.0,168.0,,,174.0,,,
9181,42.0,84.0,,,126.0,,,
9182,42.0,126.0,,,42.0,,,
9183,42.0,168.0,,,42.0,,,
9184,42.0,126.0,,,42.0,,,
9185,84.0,84.0,,,84.0,,,
9186,126.0,126.0,,,126.0,,,
9187,48.0,42.0,,,42.0,,,
9188,42.0,42.0,,,126.0,,,
9189,42.0,168.0,,,42.0,,,
9190,42.0,126.0,,,210.0,,,
9191,42.0,84.0,,,84.0,,,
9192,42.0,84.0,,,84.0,,,
9193,84.0,84.0,,,42.0,,,
9194,42.0,84.0,,,84.0,,,
9195,42.0,84.0,,,168.0,,,
9196,42.0,84.0,,,126.0,,,
9197,42.0,126.0,,,126.0,,,
9198,42.0,42.0,,,168.0,,,
9199,42.0,42.0,,,84.0,,,
9200,42.0,84.0,,,42.0,,,
9201,84.0,210.0,,,48.0,,,
9202,42.0,84.0,,,168.0,,,
9203,42.0,42.0,,,132.0,,,
9204,42.0,84.0,,,84.0,,,
9205,42.0,42.0,,,252.0,,,
9206,42.0,168.0,,,168.0,,,
9207,42.0,84.0,,,42.0,,,
9208,42.0,84.0,,,84.0,,,
9209,42.0,278.0,,,56.0,,,
9210,84.0,171.0,,,48.0,,,
9211,84.0,84.0,,,42.0,,,
9212,42.0,132.0,,,168.0,,,
9213,42.0,84.0,,,84.0,,,
9214,84.0,84.0,,,84.0,,,
9215,84.0,168.0,,,84.0,,,
9216,42.0,168.0,,,126.0,,,
9217,42.0,42.0,,,42.0,,,
9218,42.0,42.0,,,168.0,,,
9219,42.0,84.0,,,210.0,,,
9220,42.0,126.0,,,90.0,,,
9221,84.0,42.0,,,42.0,,,
9222,42.0,126.0,,,42.0,,,
9223,42.0,126.0,,,42.0,,,
9224,42.0,42.0,,,84.0,,,
9225,42.0,42.0,,,84.0,,,
9226,42.0,336.0,,,42.0,,,
9227,42.0,42.0,,,42.0,,,
9228,42.0,42.0,,,42.0,,,
9229,42.0,84.0,,,42.0,,,
9230,42.0,84.0,,,84.0,,,
9231,42.0,84.0,,,84.0,,,
9232,42.0,42.0,,,42.0,,,
9233,42.0,174.0,,,42.0,,,
9234,42.0,42.0,,,126.0,,,
9235,42.0,42.0,,,168.0,,,
9236,42.0,42.0,,,42.0,,,
9237,42.0,210.0,,,84.0,,,
9238,42.0,84.0,,,42.0,,,
9239,42.0,126.0,,,210.0,,,
9240,42.0,168.0,,,42.0,,,
9241,126.0,42.0,,,129.0,,,
9242,42.0,42.0,,,42.0,,,
9243,42.0,42.0,,,42.0,,,
9244,42.0,84.0,,,42.0,,,
9245,42.0,168.0,,,42.0,,,
9246,42.0,42.0,,,42.0,,,
9247,42.0,42.0,,,42.0,,,
9248,42.0,84.0,,,84.0,,,
9249,42.0,48.0,,,84.0,,,
9250,42.0,126.0,,,42.0,,,
9251,48.0,126.0,,,42.0,,,
9252,42.0,84.0,,,196.0,,,
9253,42.0,42.0,,,42.0,,,
9254,42.0,42.0,,,84.0,,,
9255,42.0,42.0,,,126.0,,,
9256,42.0,126.0,,,126.0,,,
9257,42.0,84.0,,,168.0,,,
9258,42.0,84.0,,,84.0,,,
9259,42.0,42.0,,,210.0,,,
9260,48.0,42.0,,,42.0,,,
9261,42.0,84.0,,,210.0,,,
9262,42.0,126.0,,,126.0,,,
9263,42.0,84.0,,,42.0,,,
9264,42.0,42.0,,,42.0,,,
9265,42.0,42.0,,,252.0,,,
9266,42.0,294.0,,,129.0,,,
9267,42.0,126.0,,,42.0,,,
9268,42.0,126.0,,,84.0,,,
9269,42.0,126.0,,,84.0,,,
9270,42.0,42.0,,,42.0,,,
9271,42.0,42.0,,,42.0,,,
9272,42.0,126.0,,,84.0,,,
9273,42.0,42.0,,,84.0,,,
9274,42.0,126.0,,,42.0,,,
9275,42.0,84.0,,,84.0,,,
9276,42.0,84.0,,,126.0,,,
9277,42.0,42.0,,,84.0,,,
9278,42.0,84.0,,,84.0,,,
9279,42.0,126.0,,,210.0,,,
9280,42.0,84.0,,,42.0,,,
9281,42.0,210.0,,,48.0,,,
9282,48.0,42.0,,,126.0,,,
9283,42.0,84.0,,,42.0,,,
9284,42.0,168.0,,,126.0,,,
9285,42.0,42.0,,,42.0,,,
9286,42.0,84.0,,,84.0,,,
9287,42.0,84.0,,,84.0,,,
9288,42.0,168.0,,,84.0,,,
9289,42.0,84.0,,,126.0,,,
9290,42.0,84.0,,,84.0,,,
9291,42.0,84.0,,,126.0,,,
9292,42.0,84.0,,,84.0,,,
9293,42.0,126.0,,,84.0,,,
9294,42.0,42.0,,,84.0,,,
9295,42.0,84.0,,,42.0,,,
9296,42.0,84.0,,,84.0,,,
9297,42.0,84.0,,,126.0,,,
9298,42.0,216.0,,,126.0,,,
9299,42.0,42.0,,,48.0,,,
9300,42.0,84.0,,,84.0,,,
9301,42.0,42.0,,,42.0,,,
9302,42.0,252.0,,,42.0,,,
9303,42.0,168.0,,,42.0,,,
9304,42.0,126.0,,,84.0,,,
9305,42.0,42.0,,,84.0,,,
9306,42.0,126.0,,,42.0,,,
9307,42.0,126.0,,,84.0,,,
9308,42.0,84.0,,,126.0,,,
9309,42.0,126.0,,,42.0,,,
9310,42.0,126.0,,,84.0,,,
9311,42.0,126.0,,,84.0,,,
9312,42.0,84.0,,,210.0,,,
9313,42.0,132.0,,,84.0,,,
9314,42.0,168.0,,,42.0,,,
9315,42.0,168.0,,,42.0,,,
9316,42.0,42.0,,,42.0,,,
9317,42.0,84.0,,,42.0,,,
9318,42.0,84.0,,,84.0,,,
9319,42.0,230.0,,,42.0,,,
9320,42.0,42.0,,,42.0,,,
9321,42.0,126.0,,,42.0,,,
9322,42.0,84.0,,,42.0,,,
9323,42.0,90.0,,,126.0,,,
9324,48.0,84.0,,,84.0,,,
9325,42.0,84.0,,,48.0,,,
9326,42.0,126.0,,,84.0,,,
9327,14.0,42.0,,,90.0,,,
9328,42.0,126.0,,,42.0,,,
9329,42.0,84.0,,,42.0,,,
9330,42.0,42.0,,,42.0,,,
9331,28.0,42.0,,,126.0,,,
9332,42.0,42.0,,,42.0,,,
9333,14.0,213.0,,,42.0,,,
9334,28.0,84.0,,,42.0,,,
9335,42.0,84.0,,,168.0,,,
9336,42.0,174.0,,,168.0,,,
9337,42.0,42.0,,,42.0,,,
9338,42.0,126.0,,,42.0,,,
9339,42.0,126.0,,,84.0,,,
9340,42.0,42.0,,,126.0,,,
9341,42.0,168.0,,,126.0,,,
9342,42.0,42.0,,,84.0,,,
9343,48.0,42.0,,,42.0,,,
9344,42.0,126.0,,,126.0,,,
9345,42.0,126.0,,,210.0,,,
9346,42.0,42.0,,,42.0,,,
9347,42.0,126.0,,,126.0,,,
9348,42.0,42.0,,,42.0,,,
9349,42.0,42.0,,,126.0,,,
9350,84.0,84.0,,,126.0,,,
9351,42.0,42.0,,,42.0,,,
9352,42.0,84.0,,,84.0,,,
9353,42.0,84.0,,,126.0,,,
9354,42.0,42.0,,,42.0,,,
9355,42.0,42.0,,,132.0,,,
9356,42.0,42.0,,,84.0,,,
9357,42.0,84.0,,,84.0,,,
9358,42.0,42.0,,,42.0,,,
9359,42.0,84.0,,,42.0,,,
9360,42.0,210.0,,,84.0,,,
9361,42.0,210.0,,,42.0,,,
9362,84.0,84.0,,,84.0,,,
9363,126.0,42.0,,,126.0,,,
9364,42.0,42.0,,,42.0,,,
9365,42.0,126.0,,,42.0,,,
9366,84.0,210.0,,,168.0,,,
9367,42.0,42.0,,,126.0,,,
9368,42.0,42.0,,,42.0,,,
9369,84.0,126.0,,,42.0,,,
9370,42.0,42.0,,,84.0,,,
9371,42.0,42.0,,,42.0,,,
9372,42.0,126.0,,,84.0,,,
9373,42.0,42.0,,,42.0,,,
9374,42.0,84.0,,,42.0,,,
9375,42.0,42.0,,,126.0,,,
9376,84.0,118.0,,,84.0,,,
9377,42.0,42.0,,,42.0,,,
9378,42.0,42.0,,,84.0,,,
9379,42.0,84.0,,,42.0,,,
9380,42.0,126.0,,,42.0,,,
9381,42.0,126.0,,,42.0,,,
9382,42.0,168.0,,,56.0,,,
9383,42.0,84.0,,,84.0,,,
9384,42.0,126.0,,,84.0,,,
9385,42.0,126.0,,,42.0,,,
9386,84.0,126.0,,,160.0,,,
9387,42.0,42.0,,,28.0,,,
9388,42.0,48.0,,,14.0,,,
9389,84.0,126.0,,,42.0,,,
9390,42.0,42.0,,,168.0,,,
9391,42.0,42.0,,,42.0,,,
9392,42.0,42.0,,,42.0,,,
9393,84.0,42.0,,,84.0,,,
9394,42.0,210.0,,,84.0,,,
9395,126.0,126.0,,,126.0,,,
9396,42.0,168.0,,,42.0,,,
9397,42.0,126.0,,,42.0,,,
9398,84.0,42.0,,,42.0,,,
9399,42.0,84.0,,,126.0,,,
9400,42.0,84.0,,,126.0,,,
9401,42.0,168.0,,,84.0,,,
9402,42.0,174.0,,,42.0,,,
9403,42.0,84.0,,,252.0,,,
9404,42.0,84.0,,,42.0,,,
9405,42.0,297.0,,,42.0,,,
9406,84.0,42.0,,,42.0,,,
9407,42.0,42.0,,,84.0,,,
9408,42.0,126.0,,,126.0,,,
9409,42.0,194.0,,,84.0,,,
9410,48.0,84.0,,,168.0,,,
9411,42.0,84.0,,,48.0,,,
9412,42.0,42.0,,,126.0,,,
9413,42.0,84.0,,,42.0,,,
9414,42.0,168.0,,,42.0,,,
9415,42.0,42.0,,,252.0,,,
9416,42.0,42.0,,,84.0,,,
9417,42.0,84.0,,,168.0,,,
9418,48.0,84.0,,,84.0,,,
9419,42.0,42.0,,,84.0,,,
9420,42.0,126.0,,,42.0,,,
9421,87.0,42.0,,,42.0,,,
9422,126.0,42.0,,,126.0,,,
9423,42.0,84.0,,,126.0,,,
9424,42.0,84.0,,,168.0,,,
9425,42.0,42.0,,,84.0,,,
9426,84.0,84.0,,,84.0,,,
9427,42.0,42.0,,,42.0,,,
9428,42.0,84.0,,,90.0,,,
9429,42.0,42.0,,,42.0,,,
9430,42.0,168.0,,,126.0,,,
9431,42.0,84.0,,,126.0,,,
9432,84.0,294.0,,,42.0,,,
9433,48.0,84.0,,,42.0,,,
9434,42.0,210.0,,,126.0,,,
9435,42.0,84.0,,,84.0,,,
9436,42.0,84.0,,,42.0,,,
9437,84.0,168.0,,,42.0,,,
9438,42.0,126.0,,,42.0,,,
9439,42.0,84.0,,,168.0,,,
9440,126.0,168.0,,,84.0,,,
9441,84.0,126.0,,,42.0,,,
9442,42.0,42.0,,,168.0,,,
9443,42.0,42.0,,,42.0,,,
9444,42.0,42.0,,,42.0,,,
9445,42.0,126.0,,,84.0,,,
9446,42.0,126.0,,,112.0,,,
9447,42.0,84.0,,,42.0,,,
9448,42.0,84.0,,,84.0,,,
9449,84.0,84.0,,,42.0,,,
9450,42.0,126.0,,,42.0,,,
9451,42.0,42.0,,,126.0,,,
9452,42.0,126.0,,,42.0,,,
9453,84.0,84.0,,,42.0,,,
9454,42.0,126.0,,,42.0,,,
9455,42.0,210.0,,,168.0,,,
9456,42.0,126.0,,,84.0,,,
9457,42.0,42.0,,,84.0,,,
9458,84.0,42.0,,,42.0,,,
9459,42.0,42.0,,,84.0,,,
9460,28.0,126.0,,,42.0,,,
9461,42.0,42.0,,,84.0,,,
9462,42.0,42.0,,,84.0,,,
9463,42.0,84.0,,,84.0,,,
9464,42.0,84.0,,,84.0,,,
9465,42.0,168.0,,,42.0,,,
9466,42.0,126.0,,,42.0,,,
9467,42.0,84.0,,,84.0,,,
9468,42.0,84.0,,,90.0,,,
9469,42.0,42.0,,,42.0,,,
9470,126.0,42.0,,,84.0,,,
9471,42.0,42.0,,,126.0,,,
9472,42.0,84.0,,,84.0,,,
9473,42.0,42.0,,,84.0,,,
9474,42.0,42.0,,,84.0,,,
9475,42.0,126.0,,,126.0,,,
9476,42.0,126.0,,,42.0,,,
9477,42.0,126.0,,,84.0,,,
9478,42.0,168.0,,,132.0,,,
9479,84.0,90.0,,,48.0,,,
9480,42.0,168.0,,,252.0,,,
9481,42.0,168.0,,,42.0,,,
9482,42.0,42.0,,,168.0,,,
9483,42.0,42.0,,,210.0,,,
9484,42.0,42.0,,,42.0,,,
9485,42.0,42.0,,,84.0,,,
9486,42.0,84.0,,,84.0,,,
9487,42.0,84.0,,,84.0,,,
9488,42.0,118.0,,,129.0,,,
9489,42.0,42.0,,,42.0,,,
9490,42.0,84.0,,,42.0,,,
9491,42.0,84.0,,,42.0,,,
9492,42.0,84.0,,,84.0,,,
9493,42.0,84.0,,,42.0,,,
9494,42.0,126.0,,,210.0,,,
9495,42.0,42.0,,,42.0,,,
9496,42.0,126.0,,,42.0,,,
9497,42.0,42.0,,,84.0,,,
9498,84.0,210.0,,,252.0,,,
9499,42.0,126.0,,,42.0,,,
9500,48.0,84.0,,,42.0,,,
9501,42.0,278.0,,,126.0,,,
9502,42.0,168.0,,,126.0,,,
9503,42.0,42.0,,,84.0,,,
9504,42.0,84.0,,,42.0,,,
9505,42.0,168.0,,,56.0,,,
9506,42.0,42.0,,,84.0,,,
9507,42.0,42.0,,,168.0,,,
9508,42.0,168.0,,,174.0,,,
9509,42.0,126.0,,,14.0,,,
9510,42.0,42.0,,,70.0,,,
9511,42.0,126.0,,,42.0,,,
9512,42.0,126.0,,,42.0,,,
9513,42.0,84.0,,,84.0,,,
9514,42.0,84.0,,,168.0,,,
9515,42.0,84.0,,,210.0,,,
9516,42.0,42.0,,,126.0,,,
9517,42.0,84.0,,,90.0,,,
9518,42.0,210.0,,,126.0,,,
9519,42.0,84.0,,,252.0,,,
9520,42.0,84.0,,,42.0,,,
9521,42.0,84.0,,,126.0,,,
9522,42.0,126.0,,,42.0,,,
9523,42.0,42.0,,,210.0,,,
9524,48.0,84.0,,,84.0,,,
9525,42.0,84.0,,,168.0,,,
9526,42.0,168.0,,,42.0,,,
9527,42.0,42.0,,,84.0,,,
9528,42.0,84.0,,,294.0,,,
9529,42.0,126.0,,,126.0,,,
9530,42.0,126.0,,,42.0,,,
9531,42.0,42.0,,,42.0,,,
9532,42.0,42.0,,,294.0,,,
9533,42.0,168.0,,,252.0,,,
9534,42.0,42.0,,,168.0,,,
9535,42.0,84.0,,,168.0,,,
9536,42.0,42.0,,,126.0,,,
9537,42.0,84.0,,,84.0,,,
9538,42.0,126.0,,,84.0,,,
9539,42.0,42.0,,,42.0,,,
9540,42.0,84.0,,,42.0,,,
9541,42.0,126.0,,,174.0,,,
9542,42.0,84.0,,,84.0,,,
9543,42.0,168.0,,,126.0,,,
9544,42.0,84.0,,,84.0,,,
9545,126.0,42.0,,,84.0,,,
9546,42.0,252.0,,,84.0,,,
9547,42.0,84.0,,,42.0,,,
9548,42.0,42.0,,,42.0,,,
9549,42.0,42.0,,,126.0,,,
9550,42.0,84.0,,,84.0,,,
9551,42.0,126.0,,,252.0,,,
9552,42.0,84.0,,,42.0,,,
9553,14.0,126.0,,,84.0,,,
9554,42.0,126.0,,,84.0,,,
9555,42.0,132.0,,,210.0,,,
9556,42.0,42.0,,,84.0,,,
9557,42.0,42.0,,,84.0,,,
9558,42.0,42.0,,,126.0,,,
9559,42.0,126.0,,,42.0,,,
9560,42.0,84.0,,,168.0,,,
9561,14.0,42.0,,,168.0,,,
9562,28.0,42.0,,,42.0,,,
9563,42.0,84.0,,,168.0,,,
9564,42.0,84.0,,,90.0,,,
9565,42.0,90.0,,,126.0,,,
9566,42.0,84.0,,,84.0,,,
9567,42.0,168.0,,,42.0,,,
9568,42.0,126.0,,,210.0,,,
9569,42.0,168.0,,,84.0,,,
9570,42.0,42.0,,,252.0,,,
9571,42.0,168.0,,,42.0,,,
9572,42.0,84.0,,,42.0,,,
9573,42.0,168.0,,,84.0,,,
9574,42.0,126.0,,,42.0,,,
9575,42.0,42.0,,,84.0,,,
9576,42.0,126.0,,,210.0,,,
9577,42.0,84.0,,,210.0,,,
9578,126.0,252.0,,,84.0,,,
9579,84.0,84.0,,,84.0,,,
9580,48.0,168.0,,,126.0,,,
9581,42.0,42.0,,,84.0,,,
9582,42.0,84.0,,,84.0,,,
9583,42.0,42.0,,,90.0,,,
9584,42.0,42.0,,,84.0,,,
9585,42.0,42.0,,,84.0,,,
9586,42.0,126.0,,,126.0,,,
9587,42.0,84.0,,,84.0,,,
9588,42.0,90.0,,,171.0,,,
9589,84.0,42.0,,,42.0,,,
9590,42.0,84.0,,,126.0,,,
9591,42.0,42.0,,,216.0,,,
9592,42.0,42.0,,,84.0,,,
9593,42.0,168.0,,,42.0,,,
9594,42.0,84.0,,,84.0,,,
9595,42.0,42.0,,,42.0,,,
9596,42.0,160.0,,,126.0,,,
9597,84.0,168.0,,,84.0,,,
9598,126.0,84.0,,,42.0,,,
9599,42.0,84.0,,,84.0,,,
9600,84.0,42.0,,,84.0,,,
9601,42.0,171.0,,,126.0,,,
9602,42.0,42.0,,,252.0,,,
9603,42.0,42.0,,,84.0,,,
9604,42.0,42.0,,,42.0,,,
9605,42.0,84.0,,,84.0,,,
9606,126.0,84.0,,,84.0,,,
9607,84.0,168.0,,,42.0,,,
9608,42.0,126.0,,,42.0,,,
9609,42.0,126.0,,,14.0,,,
9610,42.0,210.0,,,84.0,,,
9611,42.0,42.0,,,84.0,,,
9612,84.0,42.0,,,90.0,,,
9613,42.0,168.0,,,112.0,,,
9614,42.0,126.0,,,84.0,,,
9615,42.0,90.0,,,84.0,,,
9616,42.0,168.0,,,42.0,,,
9617,42.0,126.0,,,126.0,,,
9618,42.0,210.0,,,252.0,,,
9619,42.0,42.0,,,42.0,,,
9620,48.0,210.0,,,168.0,,,
9621,42.0,42.0,,,84.0,,,
9622,42.0,42.0,,,84.0,,,
9623,42.0,168.0,,,42.0,,,
9624,84.0,84.0,,,84.0,,,
9625,84.0,42.0,,,252.0,,,
9626,42.0,42.0,,,84.0,,,
9627,42.0,126.0,,,42.0,,,
9628,42.0,168.0,,,84.0,,,
9629,84.0,42.0,,,84.0,,,
9630,42.0,84.0,,,126.0,,,
9631,48.0,84.0,,,168.0,,,
9632,84.0,84.0,,,84.0,,,
9633,42.0,160.0,,,126.0,,,
9634,42.0,126.0,,,84.0,,,
9635,42.0,42.0,,,129.0,,,
9636,42.0,84.0,,,90.0,,,
9637,42.0,126.0,,,84.0,,,
9638,42.0,42.0,,,126.0,,,
9639,42.0,213.0,,,132.0,,,
9640,42.0,84.0,,,42.0,,,
9641,87.0,168.0,,,42.0,,,
9642,42.0,126.0,,,42.0,,,
9643,42.0,42.0,,,126.0,,,
9644,42.0,84.0,,,168.0,,,
9645,42.0,252.0,,,126.0,,,
9646,42.0,42.0,,,42.0,,,
9647,42.0,168.0,,,84.0,,,
9648,42.0,188.0,,,84.0,,,
9649,42.0,84.0,,,126.0,,,
9650,42.0,42.0,,,210.0,,,
9651,42.0,174.0,,,84.0,,,
9652,84.0,126.0,,,168.0,,,
9653,42.0,84.0,,,210.0,,,
9654,42.0,168.0,,,126.0,,,
9655,42.0,42.0,,,84.0,,,
9656,42.0,42.0,,,126.0,,,
9657,42.0,84.0,,,90.0,,,
9658,42.0,42.0,,,84.0,,,
9659,42.0,174.0,,,42.0,,,
9660,42.0,84.0,,,42.0,,,
9661,42.0,84.0,,,84.0,,,
9662,42.0,42.0,,,126.0,,,
9663,48.0,42.0,,,84.0,,,
9664,84.0,126.0,,,126.0,,,
9665,126.0,84.0,,,84.0,,,
9666,42.0,126.0,,,84.0,,,
9667,42.0,174.0,,,168.0,,,
9668,42.0,84.0,,,42.0,,,
9669,42.0,84.0,,,84.0,,,
9670,42.0,84.0,,,84.0,,,
9671,42.0,126.0,,,42.0,,,
9672,42.0,84.0,,,84.0,,,
9673,42.0,84.0,,,84.0,,,
9674,84.0,126.0,,,84.0,,,
9675,42.0,126.0,,,168.0,,,
9676,42.0,126.0,,,168.0,,,
9677,42.0,168.0,,,42.0,,,
9678,84.0,42.0,,,42.0,,,
9679,42.0,42.0,,,42.0,,,
9680,42.0,42.0,,,84.0,,,
9681,42.0,42.0,,,84.0,,,
9682,42.0,126.0,,,336.0,,,
9683,42.0,42.0,,,42.0,,,
9684,42.0,210.0,,,84.0,,,
9685,42.0,42.0,,,210.0,,,
9686,126.0,42.0,,,42.0,,,
9687,42.0,42.0,,,42.0,,,
9688,48.0,84.0,,,42.0,,,
9689,42.0,42.0,,,42.0,,,
9690,84.0,42.0,,,42.0,,,
9691,42.0,42.0,,,216.0,,,
9692,42.0,126.0,,,42.0,,,
9693,84.0,126.0,,,168.0,,,
9694,42.0,42.0,,,84.0,,,
9695,84.0,42.0,,,84.0,,,
9696,42.0,126.0,,,42.0,,,
9697,42.0,84.0,,,252.0,,,
9698,42.0,42.0,,,252.0,,,
9699,42.0,42.0,,,84.0,,,
9700,42.0,126.0,,,42.0,,,
9701,42.0,168.0,,,84.0,,,
9702,42.0,42.0,,,84.0,,,
9703,42.0,210.0,,,42.0,,,
9704,42.0,42.0,,,42.0,,,
9705,126.0,84.0,,,84.0,,,
9706,84.0,42.0,,,84.0,,,
9707,42.0,42.0,,,210.0,,,
9708,42.0,84.0,,,84.0,,,
9709,42.0,42.0,,,90.0,,,
9710,42.0,42.0,,,42.0,,,
9711,42.0,210.0,,,42.0,,,
9712,42.0,42.0,,,42.0,,,
9713,42.0,84.0,,,126.0,,,
9714,42.0,84.0,,,168.0,,,
9715,42.0,42.0,,,84.0,,,
9716,42.0,42.0,,,126.0,,,
9717,42.0,42.0,,,132.0,,,
9718,42.0,210.0,,,126.0,,,
9719,42.0,126.0,,,42.0,,,
9720,42.0,126.0,,,84.0,,,
9721,42.0,42.0,,,84.0,,,
9722,42.0,84.0,,,84.0,,,
9723,42.0,236.0,,,84.0,,,
9724,42.0,42.0,,,84.0,,,
9725,48.0,42.0,,,42.0,,,
9726,42.0,126.0,,,42.0,,,
9727,42.0,126.0,,,126.0,,,
9728,42.0,42.0,,,126.0,,,
9729,42.0,84.0,,,84.0,,,
9730,42.0,42.0,,,42.0,,,
9731,42.0,42.0,,,42.0,,,
9732,42.0,126.0,,,168.0,,,
9733,42.0,168.0,,,210.0,,,
9734,42.0,126.0,,,252.0,,,
9735,42.0,84.0,,,168.0,,,
9736,42.0,168.0,,,42.0,,,
9737,42.0,42.0,,,126.0,,,
9738,42.0,126.0,,,168.0,,,
9739,84.0,84.0,,,84.0,,,
9740,42.0,84.0,,,210.0,,,
9741,42.0,84.0,,,42.0,,,
9742,42.0,84.0,,,42.0,,,
9743,42.0,252.0,,,126.0,,,
9744,42.0,84.0,,,84.0,,,
9745,42.0,168.0,,,84.0,,,
9746,42.0,42.0,,,90.0,,,
9747,42.0,42.0,,,42.0,,,
9748,42.0,84.0,,,210.0,,,
9749,42.0,42.0,,,168.0,,,
9750,42.0,42.0,,,126.0,,,
9751,42.0,168.0,,,42.0,,,
9752,42.0,42.0,,,210.0,,,
9753,42.0,42.0,,,42.0,,,
9754,42.0,84.0,,,84.0,,,
9755,42.0,84.0,,,84.0,,,
9756,42.0,84.0,,,90.0,,,
9757,42.0,210.0,,,42.0,,,
9758,42.0,168.0,,,42.0,,,
9759,42.0,42.0,,,42.0,,,
9760,42.0,84.0,,,90.0,,,
9761,42.0,168.0,,,126.0,,,
9762,42.0,126.0,,,84.0,,,
9763,42.0,84.0,,,42.0,,,
9764,42.0,84.0,,,42.0,,,
9765,42.0,42.0,,,84.0,,,
9766,42.0,126.0,,,42.0,,,
9767,42.0,42.0,,,42.0,,,
9768,42.0,213.0,,,126.0,,,
9769,42.0,126.0,,,42.0,,,
9770,42.0,174.0,,,84.0,,,
9771,42.0,42.0,,,84.0,,,
9772,42.0,126.0,,,168.0,,,
9773,42.0,168.0,,,42.0,,,
9774,42.0,126.0,,,42.0,,,
9775,42.0,84.0,,,90.0,,,
9776,42.0,126.0,,,126.0,,,
9777,42.0,42.0,,,84.0,,,
9778,42.0,126.0,,,126.0,,,
9779,42.0,210.0,,,42.0,,,
9780,14.0,42.0,,,294.0,,,
9781,42.0,84.0,,,210.0,,,
9782,42.0,126.0,,,42.0,,,
9783,42.0,90.0,,,84.0,,,
9784,42.0,126.0,,,126.0,,,
9785,42.0,126.0,,,42.0,,,
9786,42.0,84.0,,,84.0,,,
9787,42.0,126.0,,,42.0,,,
9788,28.0,42.0,,,118.0,,,
9789,14.0,84.0,,,84.0,,,
9790,28.0,126.0,,,42.0,,,
9791,42.0,126.0,,,42.0,,,
9792,42.0,42.0,,,84.0,,,
9793,42.0,84.0,,,126.0,,,
9794,42.0,84.0,,,171.0,,,
9795,42.0,84.0,,,126.0,,,
9796,42.0,42.0,,,84.0,,,
9797,42.0,168.0,,,126.0,,,
9798,42.0,42.0,,,42.0,,,
9799,42.0,42.0,,,126.0,,,
9800,42.0,132.0,,,42.0,,,
9801,42.0,42.0,,,126.0,,,
9802,84.0,42.0,,,84.0,,,
9803,42.0,84.0,,,126.0,,,
9804,42.0,42.0,,,126.0,,,
9805,42.0,126.0,,,42.0,,,
9806,42.0,42.0,,,336.0,,,
9807,42.0,42.0,,,84.0,,,
9808,42.0,42.0,,,42.0,,,
9809,126.0,42.0,,,126.0,,,
9810,126.0,210.0,,,126.0,,,
9811,42.0,126.0,,,42.0,,,
9812,42.0,42.0,,,84.0,,,
9813,42.0,84.0,,,84.0,,,
9814,42.0,42.0,,,84.0,,,
9815,42.0,42.0,,,42.0,,,
9816,42.0,84.0,,,126.0,,,
9817,42.0,42.0,,,84.0,,,
9818,42.0,168.0,,,42.0,,,
9819,84.0,168.0,,,42.0,,,
9820,42.0,84.0,,,126.0,,,
9821,42.0,42.0,,,168.0,,,
9822,84.0,42.0,,,84.0,,,
9823,42.0,84.0,,,168.0,,,
9824,42.0,84.0,,,84.0,,,
9825,42.0,84.0,,,126.0,,,
9826,42.0,118.0,,,168.0,,,
9827,42.0,42.0,,,84.0,,,
9828,42.0,126.0,,,42.0,,,
9829,48.0,42.0,,,42.0,,,
9830,42.0,168.0,,,42.0,,,
9831,42.0,168.0,,,84.0,,,
9832,42.0,84.0,,,126.0,,,
9833,42.0,42.0,,,146.0,,,
9834,42.0,126.0,,,42.0,,,
9835,84.0,42.0,,,42.0,,,
9836,42.0,84.0,,,84.0,,,
9837,126.0,42.0,,,42.0,,,
9838,42.0,42.0,,,42.0,,,
9839,42.0,126.0,,,126.0,,,
9840,42.0,48.0,,,168.0,,,
9841,42.0,126.0,,,42.0,,,
9842,42.0,252.0,,,42.0,,,
9843,42.0,42.0,,,126.0,,,
9844,42.0,42.0,,,168.0,,,
9845,84.0,126.0,,,42.0,,,
9846,84.0,168.0,,,42.0,,,
9847,84.0,168.0,,,210.0,,,
9848,42.0,42.0,,,42.0,,,
9849,42.0,42.0,,,42.0,,,
9850,84.0,126.0,,,42.0,,,
9851,42.0,42.0,,,168.0,,,
9852,42.0,84.0,,,168.0,,,
9853,42.0,126.0,,,42.0,,,
9854,48.0,196.0,,,84.0,,,
9855,42.0,42.0,,,42.0,,,
9856,42.0,126.0,,,168.0,,,
9857,42.0,210.0,,,42.0,,,
9858,84.0,174.0,,,42.0,,,
9859,42.0,126.0,,,42.0,,,
9860,42.0,168.0,,,48.0,,,
9861,42.0,84.0,,,84.0,,,
9862,84.0,42.0,,,84.0,,,
9863,42.0,126.0,,,126.0,,,
9864,42.0,168.0,,,42.0,,,
9865,126.0,84.0,,,210.0,,,
9866,42.0,42.0,,,126.0,,,
9867,42.0,42.0,,,42.0,,,
9868,42.0,126.0,,,84.0,,,
9869,42.0,213.0,,,336.0,,,
9870,42.0,42.0,,,42.0,,,
9871,42.0,42.0,,,252.0,,,
9872,42.0,42.0,,,84.0,,,
9873,84.0,84.0,,,84.0,,,
9874,42.0,126.0,,,168.0,,,
9875,42.0,168.0,,,252.0,,,
9876,87.0,42.0,,,210.0,,,
9877,42.0,42.0,,,84.0,,,
9878,42.0,84.0,,,84.0,,,
9879,42.0,126.0,,,126.0,,,
9880,42.0,84.0,,,168.0,,,
9881,42.0,126.0,,,84.0,,,
9882,42.0,168.0,,,42.0,,,
9883,42.0,236.0,,,42.0,,,
9884,42.0,84.0,,,210.0,,,
9885,42.0,84.0,,,168.0,,,
9886,42.0,132.0,,,84.0,,,
9887,42.0,42.0,,,84.0,,,
9888,42.0,252.0,,,168.0,,,
9889,42.0,84.0,,,98.0,,,
9890,84.0,84.0,,,42.0,,,
9891,42.0,42.0,,,210.0,,,
9892,42.0,42.0,,,42.0,,,
9893,42.0,42.0,,,84.0,,,
9894,42.0,126.0,,,42.0,,,
9895,42.0,42.0,,,84.0,,,
9896,42.0,126.0,,,84.0,,,
9897,84.0,84.0,,,132.0,,,
9898,84.0,84.0,,,126.0,,,
9899,42.0,84.0,,,42.0,,,
9900,42.0,126.0,,,126.0,,,
9901,42.0,84.0,,,84.0,,,
9902,42.0,42.0,,,42.0,,,
9903,42.0,84.0,,,126.0,,,
9904,42.0,42.0,,,168.0,,,
9905,42.0,42.0,,,42.0,,,
9906,84.0,42.0,,,42.0,,,
9907,42.0,42.0,,,90.0,,,
9908,48.0,126.0,,,84.0,,,
9909,42.0,42.0,,,84.0,,,
9910,84.0,210.0,,,84.0,,,
9911,42.0,84.0,,,42.0,,,
9912,42.0,126.0,,,42.0,,,
9913,42.0,42.0,,,42.0,,,
9914,42.0,174.0,,,171.0,,,
9915,42.0,84.0,,,126.0,,,
9916,42.0,42.0,,,90.0,,,
9917,42.0,42.0,,,126.0,,,
9918,42.0,126.0,,,42.0,,,
9919,84.0,126.0,,,42.0,,,
9920,42.0,126.0,,,84.0,,,
9921,42.0,168.0,,,126.0,,,
9922,42.0,126.0,,,42.0,,,
9923,42.0,84.0,,,70.0,,,
9924,28.0,42.0,,,42.0,,,
9925,42.0,84.0,,,42.0,,,
9926,42.0,126.0,,,42.0,,,
9927,42.0,168.0,,,42.0,,,
9928,84.0,126.0,,,168.0,,,
9929,42.0,42.0,,,126.0,,,
9930,42.0,42.0,,,42.0,,,
9931,42.0,84.0,,,84.0,,,
9932,42.0,126.0,,,42.0,,,
9933,42.0,42.0,,,168.0,,,
9934,42.0,168.0,,,84.0,,,
9935,42.0,42.0,,,126.0,,,
9936,42.0,42.0,,,126.0,,,
9937,126.0,42.0,,,126.0,,,
9938,42.0,42.0,,,42.0,,,
9939,42.0,84.0,,,42.0,,,
9940,42.0,84.0,,,62.0,,,
9941,42.0,42.0,,,84.0,,,
9942,42.0,84.0,,,84.0,,,
9943,42.0,126.0,,,126.0,,,
9944,42.0,210.0,,,84.0,,,
9945,42.0,84.0,,,90.0,,,
9946,42.0,84.0,,,84.0,,,
9947,84.0,168.0,,,70.0,,,
9948,42.0,84.0,,,84.0,,,
9949,42.0,126.0,,,42.0,,,
9950,48.0,42.0,,,42.0,,,
9951,42.0,126.0,,,168.0,,,
9952,42.0,42.0,,,84.0,,,
9953,42.0,168.0,,,42.0,,,
9954,42.0,126.0,,,112.0,,,
9955,42.0,84.0,,,42.0,,,
9956,42.0,42.0,,,84.0,,,
9957,42.0,126.0,,,126.0,,,
9958,42.0,174.0,,,168.0,,,
9959,42.0,42.0,,,294.0,,,
9960,42.0,126.0,,,42.0,,,
9961,42.0,84.0,,,42.0,,,
9962,42.0,168.0,,,84.0,,,
9963,42.0,42.0,,,84.0,,,
9964,42.0,84.0,,,42.0,,,
9965,42.0,126.0,,,213.0,,,
9966,42.0,126.0,,,42.0,,,
9967,42.0,42.0,,,252.0,,,
9968,42.0,294.0,,,84.0,,,
9969,42.0,84.0,,,84.0,,,
9970,42.0,210.0,,,42.0,,,
9971,42.0,84.0,,,126.0,,,
9972,42.0,126.0,,,210.0,,,
9973,42.0,210.0,,,210.0,,,
9974,42.0,168.0,,,42.0,,,
9975,48.0,84.0,,,168.0,,,
9976,42.0,118.0,,,168.0,,,
9977,42.0,126.0,,,126.0,,,
9978,42.0,168.0,,,84.0,,,
9979,42.0,168.0,,,48.0,,,
9980,42.0,42.0,,,132.0,,,
9981,42.0,126.0,,,84.0,,,
9982,42.0,84.0,,,126.0,,,
9983,42.0,42.0,,,84.0,,,
9984,42.0,42.0,,,42.0,,,
9985,42.0,42.0,,,42.0,,,
9986,42.0,42.0,,,42.0,,,
9987,42.0,168.0,,,84.0,,,
9988,42.0,42.0,,,42.0,,,
9989,42.0,126.0,,,84.0,,,
9990,42.0,84.0,,,84.0,,,
9991,42.0,42.0,,,90.0,,,
9992,42.0,42.0,,,42.0,,,
9993,42.0,84.0,,,42.0,,,
9994,42.0,252.0,,,84.0,,,
9995,42.0,126.0,,,42.0,,,
9996,42.0,84.0,,,210.0,,,
9997,42.0,84.0,,,84.0,,,
9998,42.0,42.0,,,42.0,,,
9999,42.0,126.0,,,126.0,,,
10000,42.0,84.0,,,42.0,,,
10001,126.0,210.0,,,84.0,,,
10002,42.0,84.0,,,42.0,,,
10003,42.0,126.0,,,210.0,,,
10004,42.0,126.0,,,210.0,,,
10005,42.0,42.0,,,126.0,,,
10006,42.0,42.0,,,126.0,,,
10007,48.0,230.0,,,84.0,,,
10008,42.0,90.0,,,42.0,,,
10009,42.0,84.0,,,84.0,,,
10010,14.0,126.0,,,84.0,,,
10011,42.0,84.0,,,84.0,,,
10012,42.0,126.0,,,252.0,,,
10013,42.0,84.0,,,42.0,,,
10014,42.0,132.0,,,84.0,,,
10015,42.0,42.0,,,42.0,,,
10016,42.0,84.0,,,84.0,,,
10017,28.0,42.0,,,84.0,,,
10018,14.0,84.0,,,126.0,,,
10019,42.0,42.0,,,84.0,,,
10020,42.0,126.0,,,42.0,,,
10021,42.0,42.0,,,126.0,,,
10022,42.0,84.0,,,168.0,,,
10023,42.0,126.0,,,126.0,,,
10024,42.0,84.0,,,132.0,,,
10025,42.0,126.0,,,126.0,,,
10026,42.0,42.0,,,42.0,,,
10027,42.0,42.0,,,210.0,,,
10028,42.0,126.0,,,42.0,,,
10029,84.0,84.0,,,84.0,,,
10030,42.0,42.0,,,126.0,,,
10031,42.0,213.0,,,42.0,,,
10032,42.0,42.0,,,42.0,,,
10033,42.0,42.0,,,168.0,,,
10034,84.0,84.0,,,42.0,,,
10035,42.0,42.0,,,168.0,,,
10036,84.0,90.0,,,84.0,,,
10037,42.0,42.0,,,42.0,,,
10038,42.0,42.0,,,42.0,,,
10039,84.0,42.0,,,126.0,,,
10040,48.0,42.0,,,126.0,,,
10041,42.0,42.0,,,42.0,,,
10042,42.0,42.0,,,84.0,,,
10043,42.0,42.0,,,168.0,,,
10044,42.0,42.0,,,126.0,,,
10045,42.0,126.0,,,56.0,,,
10046,42.0,126.0,,,132.0,,,
10047,42.0,42.0,,,168.0,,,
10048,84.0,42.0,,,126.0,,,
10049,42.0,42.0,,,126.0,,,
10050,84.0,84.0,,,126.0,,,
10051,126.0,84.0,,,42.0,,,
10052,126.0,210.0,,,126.0,,,
10053,42.0,84.0,,,126.0,,,
10054,42.0,42.0,,,104.0,,,
10055,84.0,126.0,,,70.0,,,
10056,84.0,42.0,,,84.0,,,
10057,42.0,84.0,,,126.0,,,
10058,84.0,84.0,,,168.0,,,
10059,42.0,84.0,,,126.0,,,
10060,42.0,132.0,,,84.0,,,
10061,42.0,168.0,,,56.0,,,
10062,84.0,42.0,,,84.0,,,
10063,42.0,126.0,,,84.0,,,
10064,42.0,168.0,,,84.0,,,
10065,42.0,42.0,,,84.0,,,
10066,84.0,42.0,,,168.0,,,
10067,42.0,84.0,,,42.0,,,
10068,42.0,168.0,,,171.0,,,
10069,42.0,84.0,,,48.0,,,
10070,42.0,42.0,,,210.0,,,
10071,126.0,84.0,,,84.0,,,
10072,42.0,126.0,,,126.0,,,
10073,42.0,252.0,,,84.0,,,
10074,48.0,42.0,,,42.0,,,
10075,48.0,126.0,,,42.0,,,
10076,84.0,42.0,,,126.0,,,
10077,42.0,210.0,,,42.0,,,
10078,42.0,210.0,,,294.0,,,
10079,42.0,84.0,,,42.0,,,
10080,84.0,42.0,,,168.0,,,
10081,42.0,42.0,,,146.0,,,
10082,42.0,126.0,,,42.0,,,
10083,42.0,84.0,,,126.0,,,
10084,42.0,42.0,,,42.0,,,
10085,42.0,42.0,,,42.0,,,
10086,42.0,84.0,,,84.0,,,
10087,42.0,126.0,,,42.0,,,
10088,126.0,126.0,,,168.0,,,
10089,84.0,84.0,,,174.0,,,
10090,42.0,90.0,,,42.0,,,
10091,28.0,42.0,,,126.0,,,
10092,42.0,126.0,,,168.0,,,
10093,42.0,84.0,,,84.0,,,
10094,42.0,42.0,,,84.0,,,
10095,42.0,168.0,,,84.0,,,
10096,42.0,84.0,,,84.0,,,
10097,42.0,126.0,,,126.0,,,
10098,42.0,84.0,,,84.0,,,
10099,84.0,168.0,,,210.0,,,
10100,42.0,126.0,,,168.0,,,
10101,42.0,84.0,,,42.0,,,
10102,42.0,126.0,,,84.0,,,
10103,48.0,171.0,,,84.0,,,
10104,126.0,84.0,,,84.0,,,
10105,42.0,42.0,,,42.0,,,
10106,42.0,168.0,,,168.0,,,
10107,42.0,84.0,,,126.0,,,
10108,42.0,42.0,,,42.0,,,
10109,42.0,84.0,,,84.0,,,
10110,42.0,42.0,,,126.0,,,
10111,42.0,84.0,,,84.0,,,
10112,42.0,84.0,,,126.0,,,
10113,42.0,42.0,,,84.0,,,
10114,42.0,84.0,,,84.0,,,
10115,42.0,168.0,,,42.0,,,
10116,42.0,84.0,,,126.0,,,
10117,42.0,42.0,,,126.0,,,
10118,84.0,126.0,,,42.0,,,
10119,84.0,126.0,,,42.0,,,
10120,42.0,42.0,,,42.0,,,
10121,42.0,126.0,,,42.0,,,
10122,42.0,84.0,,,84.0,,,
10123,42.0,126.0,,,84.0,,,
10124,42.0,42.0,,,42.0,,,
10125,42.0,126.0,,,126.0,,,
10126,42.0,210.0,,,42.0,,,
10127,42.0,84.0,,,84.0,,,
10128,42.0,126.0,,,126.0,,,
10129,42.0,42.0,,,84.0,,,
10130,42.0,42.0,,,42.0,,,
10131,42.0,126.0,,,84.0,,,
10132,42.0,42.0,,,126.0,,,
10133,42.0,168.0,,,42.0,,,
10134,42.0,126.0,,,84.0,,,
10135,42.0,84.0,,,168.0,,,
10136,84.0,84.0,,,42.0,,,
10137,42.0,42.0,,,42.0,,,
10138,42.0,84.0,,,168.0,,,
10139,42.0,126.0,,,84.0,,,
10140,42.0,42.0,,,84.0,,,
10141,42.0,42.0,,,84.0,,,
10142,42.0,168.0,,,42.0,,,
10143,42.0,84.0,,,210.0,,,
10144,42.0,210.0,,,168.0,,,
10145,42.0,42.0,,,42.0,,,
10146,48.0,42.0,,,48.0,,,
10147,42.0,42.0,,,168.0,,,
10148,126.0,126.0,,,126.0,,,
10149,42.0,84.0,,,42.0,,,
10150,42.0,42.0,,,42.0,,,
10151,42.0,42.0,,,84.0,,,
10152,48.0,194.0,,,90.0,,,
10153,42.0,210.0,,,84.0,,,
10154,84.0,84.0,,,42.0,,,
10155,42.0,84.0,,,84.0,,,
10156,42.0,48.0,,,168.0,,,
10157,42.0,132.0,,,132.0,,,
10158,42.0,126.0,,,168.0,,,
10159,42.0,126.0,,,42.0,,,
10160,42.0,42.0,,,42.0,,,
10161,42.0,84.0,,,126.0,,,
10162,42.0,112.0,,,126.0,,,
10163,42.0,84.0,,,84.0,,,
10164,42.0,42.0,,,112.0,,,
10165,42.0,126.0,,,84.0,,,
10166,42.0,84.0,,,84.0,,,
10167,42.0,84.0,,,210.0,,,
10168,42.0,42.0,,,28.0,,,
10169,42.0,42.0,,,42.0,,,
10170,42.0,126.0,,,42.0,,,
10171,42.0,84.0,,,42.0,,,
10172,42.0,126.0,,,84.0,,,
10173,42.0,126.0,,,42.0,,,
10174,87.0,126.0,,,84.0,,,
10175,42.0,42.0,,,42.0,,,
10176,42.0,160.0,,,84.0,,,
10177,42.0,42.0,,,126.0,,,
10178,42.0,42.0,,,48.0,,,
10179,42.0,252.0,,,168.0,,,
10180,42.0,42.0,,,84.0,,,
10181,42.0,126.0,,,210.0,,,
10182,42.0,84.0,,,210.0,,,
10183,42.0,364.0,,,84.0,,,
10184,42.0,84.0,,,42.0,,,
10185,42.0,84.0,,,42.0,,,
10186,42.0,84.0,,,126.0,,,
10187,42.0,42.0,,,84.0,,,
10188,42.0,84.0,,,84.0,,,
10189,42.0,84.0,,,42.0,,,
10190,42.0,84.0,,,84.0,,,
10191,42.0,168.0,,,42.0,,,
10192,42.0,126.0,,,42.0,,,
10193,42.0,42.0,,,42.0,,,
10194,42.0,168.0,,,126.0,,,
10195,42.0,84.0,,,42.0,,,
10196,42.0,84.0,,,126.0,,,
10197,42.0,168.0,,,56.0,,,
10198,42.0,42.0,,,84.0,,,
10199,42.0,42.0,,,42.0,,,
10200,42.0,42.0,,,42.0,,,
10201,42.0,84.0,,,84.0,,,
10202,42.0,42.0,,,132.0,,,
10203,42.0,126.0,,,210.0,,,
10204,42.0,168.0,,,129.0,,,
10205,42.0,126.0,,,84.0,,,
10206,42.0,42.0,,,126.0,,,
10207,42.0,126.0,,,42.0,,,
10208,42.0,266.0,,,126.0,,,
10209,42.0,84.0,,,42.0,,,
10210,42.0,84.0,,,168.0,,,
10211,42.0,126.0,,,84.0,,,
10212,42.0,84.0,,,42.0,,,
10213,42.0,126.0,,,84.0,,,
10214,42.0,42.0,,,132.0,,,
10215,42.0,42.0,,,42.0,,,
10216,42.0,126.0,,,126.0,,,
10217,42.0,42.0,,,294.0,,,
10218,42.0,84.0,,,42.0,,,
10219,42.0,236.0,,,84.0,,,
10220,42.0,84.0,,,126.0,,,
10221,42.0,90.0,,,42.0,,,
10222,42.0,84.0,,,42.0,,,
10223,42.0,42.0,,,42.0,,,
10224,42.0,42.0,,,126.0,,,
10225,42.0,255.0,,,126.0,,,
10226,42.0,42.0,,,42.0,,,
10227,42.0,84.0,,,42.0,,,
10228,42.0,126.0,,,42.0,,,
10229,42.0,42.0,,,90.0,,,
10230,42.0,42.0,,,126.0,,,
10231,42.0,168.0,,,126.0,,,
10232,14.0,42.0,,,84.0,,,
10233,42.0,210.0,,,126.0,,,
10234,42.0,252.0,,,84.0,,,
10235,42.0,84.0,,,84.0,,,
10236,42.0,42.0,,,84.0,,,
10237,42.0,126.0,,,126.0,,,
10238,42.0,174.0,,,42.0,,,
10239,42.0,126.0,,,84.0,,,
10240,42.0,42.0,,,42.0,,,
10241,42.0,42.0,,,42.0,,,
10242,42.0,84.0,,,126.0,,,
10243,42.0,42.0,,,42.0,,,
10244,14.0,42.0,,,42.0,,,
10245,28.0,42.0,,,42.0,,,
10246,42.0,84.0,,,104.0,,,
10247,42.0,84.0,,,48.0,,,
10248,42.0,126.0,,,42.0,,,
10249,42.0,84.0,,,42.0,,,
10250,84.0,168.0,,,42.0,,,
10251,42.0,168.0,,,42.0,,,
10252,42.0,126.0,,,42.0,,,
10253,42.0,42.0,,,168.0,,,
10254,42.0,84.0,,,42.0,,,
10255,42.0,42.0,,,126.0,,,
10256,42.0,84.0,,,42.0,,,
10257,42.0,42.0,,,42.0,,,
10258,42.0,126.0,,,126.0,,,
10259,84.0,210.0,,,126.0,,,
10260,84.0,84.0,,,84.0,,,
10261,42.0,42.0,,,42.0,,,
10262,42.0,126.0,,,84.0,,,
10263,42.0,126.0,,,84.0,,,
10264,42.0,42.0,,,42.0,,,
10265,42.0,84.0,,,84.0,,,
10266,42.0,84.0,,,126.0,,,
10267,42.0,42.0,,,126.0,,,
10268,42.0,84.0,,,42.0,,,
10269,84.0,42.0,,,42.0,,,
10270,84.0,132.0,,,126.0,,,
10271,42.0,42.0,,,42.0,,,
10272,42.0,42.0,,,252.0,,,
10273,84.0,84.0,,,126.0,,,
10274,126.0,42.0,,,168.0,,,
10275,42.0,42.0,,,42.0,,,
10276,42.0,84.0,,,84.0,,,
10277,14.0,126.0,,,112.0,,,
10278,126.0,84.0,,,42.0,,,
10279,42.0,42.0,,,252.0,,,
10280,42.0,42.0,,,42.0,,,
10281,42.0,42.0,,,42.0,,,
10282,42.0,84.0,,,168.0,,,
10283,84.0,84.0,,,42.0,,,
10284,42.0,188.0,,,42.0,,,
10285,42.0,126.0,,,42.0,,,
10286,42.0,126.0,,,126.0,,,
10287,84.0,42.0,,,42.0,,,
10288,42.0,168.0,,,84.0,,,
10289,84.0,84.0,,,42.0,,,
10290,84.0,126.0,,,126.0,,,
10291,42.0,42.0,,,168.0,,,
10292,42.0,84.0,,,84.0,,,
10293,42.0,168.0,,,42.0,,,
10294,42.0,168.0,,,84.0,,,
10295,126.0,42.0,,,42.0,,,
10296,84.0,84.0,,,28.0,,,
10297,42.0,126.0,,,84.0,,,
10298,84.0,42.0,,,126.0,,,
10299,42.0,168.0,,,42.0,,,
10300,126.0,126.0,,,42.0,,,
10301,42.0,84.0,,,42.0,,,
10302,42.0,42.0,,,168.0,,,
10303,42.0,42.0,,,84.0,,,
10304,42.0,42.0,,,104.0,,,
10305,42.0,84.0,,,168.0,,,
10306,42.0,84.0,,,84.0,,,
10307,42.0,132.0,,,42.0,,,
10308,42.0,126.0,,,126.0,,,
10309,42.0,84.0,,,42.0,,,
10310,84.0,42.0,,,70.0,,,
10311,48.0,84.0,,,84.0,,,
10312,42.0,174.0,,,42.0,,,
10313,42.0,213.0,,,210.0,,,
10314,42.0,126.0,,,126.0,,,
10315,42.0,126.0,,,126.0,,,
10316,126.0,252.0,,,42.0,,,
10317,42.0,42.0,,,42.0,,,
10318,42.0,84.0,,,132.0,,,
10319,84.0,42.0,,,42.0,,,
10320,42.0,126.0,,,42.0,,,
10321,42.0,168.0,,,294.0,,,
10322,42.0,210.0,,,84.0,,,
10323,48.0,126.0,,,126.0,,,
10324,42.0,168.0,,,213.0,,,
10325,42.0,42.0,,,42.0,,,
10326,48.0,42.0,,,84.0,,,
10327,42.0,42.0,,,84.0,,,
10328,42.0,42.0,,,84.0,,,
10329,42.0,84.0,,,84.0,,,
10330,42.0,126.0,,,42.0,,,
10331,42.0,84.0,,,126.0,,,
10332,42.0,84.0,,,42.0,,,
10333,42.0,84.0,,,42.0,,,
10334,126.0,252.0,,,168.0,,,
10335,42.0,168.0,,,84.0,,,
10336,42.0,42.0,,,42.0,,,
10337,42.0,126.0,,,42.0,,,
10338,42.0,42.0,,,42.0,,,
10339,84.0,84.0,,,42.0,,,
10340,42.0,42.0,,,84.0,,,
10341,42.0,42.0,,,90.0,,,
10342,42.0,126.0,,,168.0,,,
10343,42.0,84.0,,,84.0,,,
10344,42.0,168.0,,,168.0,,,
10345,42.0,126.0,,,84.0,,,
10346,42.0,84.0,,,42.0,,,
10347,84.0,126.0,,,42.0,,,
10348,42.0,84.0,,,42.0,,,
10349,42.0,126.0,,,126.0,,,
10350,42.0,84.0,,,42.0,,,
10351,42.0,252.0,,,168.0,,,
10352,84.0,42.0,,,210.0,,,
10353,42.0,84.0,,,84.0,,,
10354,42.0,126.0,,,84.0,,,
10355,42.0,42.0,,,168.0,,,
10356,42.0,84.0,,,42.0,,,
10357,42.0,42.0,,,42.0,,,
10358,42.0,84.0,,,42.0,,,
10359,42.0,42.0,,,126.0,,,
10360,42.0,90.0,,,84.0,,,
10361,42.0,84.0,,,126.0,,,
10362,42.0,42.0,,,42.0,,,
10363,42.0,126.0,,,210.0,,,
10364,42.0,210.0,,,168.0,,,
10365,42.0,84.0,,,42.0,,,
10366,84.0,42.0,,,84.0,,,
10367,48.0,84.0,,,84.0,,,
10368,42.0,42.0,,,84.0,,,
10369,42.0,84.0,,,84.0,,,
10370,42.0,84.0,,,48.0,,,
10371,42.0,84.0,,,168.0,,,
10372,42.0,42.0,,,42.0,,,
10373,42.0,84.0,,,84.0,,,
10374,42.0,126.0,,,84.0,,,
10375,84.0,84.0,,,126.0,,,
10376,42.0,42.0,,,42.0,,,
10377,42.0,126.0,,,42.0,,,
10378,42.0,42.0,,,42.0,,,
10379,42.0,42.0,,,126.0,,,
10380,42.0,84.0,,,168.0,,,
10381,48.0,42.0,,,84.0,,,
10382,42.0,42.0,,,42.0,,,
10383,42.0,126.0,,,42.0,,,
10384,42.0,84.0,,,42.0,,,
10385,42.0,42.0,,,126.0,,,
10386,42.0,42.0,,,42.0,,,
10387,42.0,42.0,,,42.0,,,
10388,42.0,42.0,,,42.0,,,
10389,42.0,168.0,,,210.0,,,
10390,42.0,174.0,,,42.0,,,
10391,42.0,84.0,,,84.0,,,
10392,42.0,42.0,,,42.0,,,
10393,42.0,84.0,,,90.0,,,
10394,42.0,118.0,,,42.0,,,
10395,42.0,84.0,,,84.0,,,
10396,48.0,126.0,,,168.0,,,
10397,42.0,132.0,,,42.0,,,
10398,28.0,84.0,,,42.0,,,
10399,42.0,126.0,,,42.0,,,
10400,42.0,168.0,,,42.0,,,
10401,42.0,42.0,,,42.0,,,
10402,42.0,84.0,,,174.0,,,
10403,42.0,126.0,,,42.0,,,
10404,42.0,84.0,,,126.0,,,
10405,87.0,84.0,,,98.0,,,
10406,42.0,168.0,,,84.0,,,
10407,42.0,42.0,,,84.0,,,
10408,42.0,84.0,,,84.0,,,
10409,42.0,84.0,,,84.0,,,
10410,42.0,126.0,,,168.0,,,
10411,42.0,42.0,,,210.0,,,
10412,42.0,252.0,,,42.0,,,
10413,42.0,126.0,,,70.0,,,
10414,42.0,126.0,,,42.0,,,
10415,42.0,126.0,,,84.0,,,
10416,42.0,252.0,,,84.0,,,
10417,42.0,42.0,,,42.0,,,
10418,42.0,126.0,,,42.0,,,
10419,42.0,84.0,,,126.0,,,
10420,42.0,90.0,,,252.0,,,
10421,42.0,84.0,,,126.0,,,
10422,42.0,84.0,,,210.0,,,
10423,42.0,112.0,,,84.0,,,
10424,84.0,84.0,,,126.0,,,
10425,42.0,126.0,,,126.0,,,
10426,42.0,42.0,,,42.0,,,
10427,42.0,84.0,,,42.0,,,
10428,42.0,42.0,,,84.0,,,
10429,42.0,84.0,,,129.0,,,
10430,42.0,168.0,,,84.0,,,
10431,42.0,42.0,,,48.0,,,
10432,42.0,84.0,,,42.0,,,
10433,42.0,126.0,,,126.0,,,
10434,42.0,126.0,,,168.0,,,
10435,42.0,210.0,,,42.0,,,
10436,42.0,42.0,,,84.0,,,
10437,42.0,84.0,,,126.0,,,
10438,42.0,84.0,,,126.0,,,
10439,42.0,168.0,,,104.0,,,
10440,42.0,42.0,,,42.0,,,
10441,42.0,42.0,,,126.0,,,
10442,42.0,126.0,,,84.0,,,
10443,42.0,168.0,,,84.0,,,
10444,42.0,126.0,,,84.0,,,
10445,42.0,42.0,,,42.0,,,
10446,42.0,42.0,,,126.0,,,
10447,42.0,126.0,,,42.0,,,
10448,42.0,210.0,,,84.0,,,
10449,42.0,252.0,,,42.0,,,
10450,42.0,84.0,,,42.0,,,
10451,42.0,84.0,,,84.0,,,
10452,42.0,84.0,,,420.0,,,
10453,42.0,213.0,,,42.0,,,
10454,42.0,84.0,,,84.0,,,
10455,42.0,42.0,,,42.0,,,
10456,42.0,42.0,,,126.0,,,
10457,42.0,126.0,,,84.0,,,
10458,42.0,84.0,,,84.0,,,
10459,42.0,42.0,,,126.0,,,
10460,42.0,42.0,,,84.0,,,
10461,42.0,42.0,,,84.0,,,
10462,42.0,294.0,,,42.0,,,
10463,42.0,84.0,,,84.0,,,
10464,42.0,84.0,,,126.0,,,
10465,42.0,126.0,,,84.0,,,
10466,42.0,126.0,,,84.0,,,
10467,42.0,126.0,,,126.0,,,
10468,42.0,42.0,,,42.0,,,
10469,42.0,132.0,,,84.0,,,
10470,42.0,42.0,,,42.0,,,
10471,42.0,42.0,,,42.0,,,
10472,28.0,42.0,,,126.0,,,
10473,14.0,126.0,,,42.0,,,
10474,42.0,126.0,,,84.0,,,
10475,42.0,42.0,,,210.0,,,
10476,42.0,84.0,,,126.0,,,
10477,42.0,84.0,,,84.0,,,
10478,42.0,42.0,,,42.0,,,
10479,42.0,42.0,,,42.0,,,
10480,42.0,84.0,,,42.0,,,
10481,42.0,42.0,,,84.0,,,
10482,84.0,42.0,,,168.0,,,
10483,42.0,126.0,,,42.0,,,
10484,42.0,84.0,,,42.0,,,
10485,42.0,168.0,,,126.0,,,
10486,126.0,84.0,,,42.0,,,
10487,84.0,126.0,,,126.0,,,
10488,42.0,84.0,,,84.0,,,
10489,42.0,42.0,,,126.0,,,
10490,48.0,42.0,,,70.0,,,
10491,42.0,126.0,,,126.0,,,
10492,42.0,84.0,,,126.0,,,
10493,42.0,42.0,,,174.0,,,
10494,42.0,84.0,,,84.0,,,
10495,42.0,42.0,,,84.0,,,
10496,126.0,278.0,,,126.0,,,
10497,42.0,42.0,,,42.0,,,
10498,42.0,42.0,,,42.0,,,
10499,42.0,84.0,,,42.0,,,
10500,42.0,126.0,,,42.0,,,
10501,84.0,42.0,,,210.0,,,
10502,42.0,42.0,,,126.0,,,
10503,42.0,132.0,,,132.0,,,
10504,42.0,42.0,,,84.0,,,
10505,42.0,42.0,,,84.0,,,
10506,42.0,42.0,,,42.0,,,
10507,42.0,42.0,,,42.0,,,
10508,84.0,84.0,,,210.0,,,
10509,42.0,42.0,,,378.0,,,
10510,42.0,42.0,,,42.0,,,
10511,42.0,168.0,,,42.0,,,
10512,42.0,42.0,,,210.0,,,
10513,42.0,126.0,,,84.0,,,
10514,48.0,42.0,,,42.0,,,
10515,42.0,84.0,,,126.0,,,
10516,126.0,84.0,,,42.0,,,
10517,42.0,84.0,,,84.0,,,
10518,42.0,42.0,,,168.0,,,
10519,42.0,213.0,,,84.0,,,
10520,84.0,84.0,,,168.0,,,
10521,42.0,126.0,,,126.0,,,
10522,42.0,168.0,,,84.0,,,
10523,42.0,84.0,,,174.0,,,
10524,42.0,84.0,,,84.0,,,
10525,42.0,188.0,,,126.0,,,
10526,42.0,42.0,,,42.0,,,
10527,42.0,126.0,,,84.0,,,
10528,42.0,252.0,,,42.0,,,
10529,42.0,252.0,,,84.0,,,
10530,42.0,42.0,,,90.0,,,
10531,42.0,42.0,,,42.0,,,
10532,48.0,294.0,,,168.0,,,
10533,42.0,42.0,,,132.0,,,
10534,42.0,126.0,,,42.0,,,
10535,42.0,126.0,,,168.0,,,
10536,42.0,42.0,,,126.0,,,
10537,42.0,126.0,,,126.0,,,
10538,42.0,84.0,,,90.0,,,
10539,42.0,84.0,,,126.0,,,
10540,42.0,42.0,,,126.0,,,
10541,42.0,42.0,,,42.0,,,
10542,84.0,90.0,,,126.0,,,
10543,84.0,42.0,,,42.0,,,
10544,42.0,84.0,,,42.0,,,
10545,42.0,42.0,,,168.0,,,
10546,84.0,168.0,,,84.0,,,
10547,126.0,168.0,,,42.0,,,
10548,42.0,168.0,,,126.0,,,
10549,42.0,42.0,,,126.0,,,
10550,42.0,42.0,,,126.0,,,
10551,42.0,84.0,,,132.0,,,
10552,42.0,168.0,,,210.0,,,
10553,42.0,84.0,,,90.0,,,
10554,84.0,84.0,,,42.0,,,
10555,42.0,42.0,,,84.0,,,
10556,42.0,168.0,,,42.0,,,
10557,84.0,42.0,,,42.0,,,
10558,42.0,84.0,,,42.0,,,
10559,42.0,42.0,,,84.0,,,
10560,42.0,84.0,,,42.0,,,
10561,42.0,126.0,,,84.0,,,
10562,42.0,42.0,,,84.0,,,
10563,42.0,42.0,,,84.0,,,
10564,42.0,42.0,,,42.0,,,
10565,48.0,126.0,,,84.0,,,
10566,48.0,126.0,,,84.0,,,
10567,42.0,84.0,,,42.0,,,
10568,84.0,132.0,,,48.0,,,
10569,42.0,126.0,,,84.0,,,
10570,42.0,84.0,,,252.0,,,
10571,42.0,42.0,,,126.0,,,
10572,84.0,126.0,,,252.0,,,
10573,42.0,84.0,,,84.0,,,
10574,42.0,126.0,,,84.0,,,
10575,42.0,126.0,,,42.0,,,
10576,84.0,168.0,,,42.0,,,
10577,42.0,84.0,,,42.0,,,
10578,42.0,84.0,,,126.0,,,
10579,42.0,126.0,,,42.0,,,
10580,42.0,42.0,,,126.0,,,
10581,42.0,126.0,,,126.0,,,
10582,42.0,126.0,,,42.0,,,
10583,42.0,42.0,,,210.0,,,
10584,84.0,126.0,,,84.0,,,
10585,42.0,42.0,,,126.0,,,
10586,42.0,42.0,,,126.0,,,
10587,84.0,210.0,,,84.0,,,
10588,42.0,126.0,,,168.0,,,
10589,42.0,42.0,,,84.0,,,
10590,42.0,42.0,,,84.0,,,
10591,42.0,84.0,,,84.0,,,
10592,42.0,126.0,,,294.0,,,
10593,42.0,126.0,,,42.0,,,
10594,42.0,42.0,,,84.0,,,
10595,42.0,84.0,,,84.0,,,
10596,42.0,126.0,,,126.0,,,
10597,42.0,42.0,,,210.0,,,
10598,42.0,126.0,,,294.0,,,
10599,42.0,210.0,,,84.0,,,
10600,42.0,210.0,,,42.0,,,
10601,42.0,42.0,,,210.0,,,
10602,42.0,42.0,,,84.0,,,
10603,42.0,84.0,,,126.0,,,
10604,42.0,42.0,,,126.0,,,
10605,42.0,132.0,,,84.0,,,
10606,42.0,84.0,,,168.0,,,
10607,42.0,84.0,,,126.0,,,
10608,28.0,126.0,,,112.0,,,
10609,42.0,42.0,,,42.0,,,
10610,42.0,84.0,,,126.0,,,
10611,84.0,84.0,,,104.0,,,
10612,42.0,42.0,,,84.0,,,
10613,42.0,42.0,,,42.0,,,
10614,126.0,84.0,,,42.0,,,
10615,42.0,42.0,,,42.0,,,
10616,42.0,126.0,,,84.0,,,
10617,126.0,42.0,,,42.0,,,
10618,42.0,42.0,,,42.0,,,
10619,84.0,174.0,,,84.0,,,
10620,42.0,118.0,,,42.0,,,
10621,42.0,84.0,,,42.0,,,
10622,42.0,252.0,,,42.0,,,
10623,42.0,126.0,,,42.0,,,
10624,42.0,126.0,,,210.0,,,
10625,87.0,42.0,,,42.0,,,
10626,28.0,168.0,,,126.0,,,
10627,42.0,84.0,,,42.0,,,
10628,42.0,42.0,,,42.0,,,
10629,42.0,42.0,,,84.0,,,
10630,42.0,42.0,,,126.0,,,
10631,48.0,42.0,,,171.0,,,
10632,42.0,84.0,,,42.0,,,
10633,42.0,42.0,,,168.0,,,
10634,42.0,42.0,,,84.0,,,
10635,42.0,42.0,,,42.0,,,
10636,42.0,84.0,,,42.0,,,
10637,42.0,42.0,,,112.0,,,
10638,42.0,42.0,,,84.0,,,
10639,42.0,84.0,,,42.0,,,
10640,42.0,42.0,,,126.0,,,
10641,84.0,168.0,,,56.0,,,
10642,42.0,42.0,,,42.0,,,
10643,42.0,90.0,,,84.0,,,
10644,42.0,168.0,,,126.0,,,
10645,42.0,126.0,,,42.0,,,
10646,42.0,213.0,,,126.0,,,
10647,42.0,168.0,,,126.0,,,
10648,42.0,84.0,,,126.0,,,
10649,42.0,252.0,,,168.0,,,
10650,84.0,126.0,,,126.0,,,
10651,42.0,84.0,,,210.0,,,
10652,42.0,84.0,,,294.0,,,
10653,42.0,168.0,,,252.0,,,
10654,42.0,84.0,,,90.0,,,
10655,42.0,126.0,,,126.0,,,
10656,42.0,42.0,,,84.0,,,
10657,42.0,42.0,,,168.0,,,
10658,42.0,84.0,,,126.0,,,
10659,42.0,126.0,,,84.0,,,
10660,42.0,126.0,,,84.0,,,
10661,42.0,126.0,,,84.0,,,
10662,42.0,168.0,,,84.0,,,
10663,42.0,42.0,,,126.0,,,
10664,42.0,42.0,,,126.0,,,
10665,42.0,126.0,,,84.0,,,
10666,42.0,168.0,,,168.0,,,
10667,42.0,252.0,,,42.0,,,
10668,42.0,84.0,,,84.0,,,
10669,42.0,84.0,,,84.0,,,
10670,42.0,168.0,,,168.0,,,
10671,42.0,126.0,,,126.0,,,
10672,42.0,42.0,,,126.0,,,
10673,42.0,42.0,,,42.0,,,
10674,42.0,84.0,,,378.0,,,
10675,42.0,84.0,,,126.0,,,
10676,42.0,42.0,,,126.0,,,
10677,42.0,42.0,,,84.0,,,
10678,42.0,84.0,,,42.0,,,
10679,42.0,132.0,,,84.0,,,
10680,42.0,126.0,,,42.0,,,
10681,42.0,84.0,,,126.0,,,
10682,42.0,252.0,,,84.0,,,
10683,42.0,84.0,,,84.0,,,
10684,42.0,84.0,,,294.0,,,
10685,42.0,42.0,,,42.0,,,
10686,42.0,126.0,,,42.0,,,
10687,42.0,126.0,,,126.0,,,
10688,42.0,168.0,,,126.0,,,
10689,42.0,294.0,,,42.0,,,
10690,14.0,84.0,,,84.0,,,
10691,42.0,84.0,,,126.0,,,
10692,42.0,42.0,,,42.0,,,
10693,42.0,84.0,,,90.0,,,
10694,42.0,126.0,,,168.0,,,
10695,42.0,210.0,,,126.0,,,
10696,42.0,168.0,,,84.0,,,
10697,42.0,42.0,,,168.0,,,
10698,42.0,84.0,,,42.0,,,
10699,42.0,126.0,,,42.0,,,
10700,42.0,42.0,,,42.0,,,
10701,14.0,42.0,,,48.0,,,
10702,42.0,118.0,,,42.0,,,
10703,42.0,84.0,,,42.0,,,
10704,42.0,84.0,,,168.0,,,
10705,42.0,42.0,,,42.0,,,
10706,42.0,126.0,,,90.0,,,
10707,42.0,126.0,,,168.0,,,
10708,42.0,42.0,,,42.0,,,
10709,42.0,84.0,,,84.0,,,
10710,42.0,126.0,,,84.0,,,
10711,42.0,42.0,,,84.0,,,
10712,42.0,42.0,,,90.0,,,
10713,84.0,42.0,,,42.0,,,
10714,42.0,90.0,,,168.0,,,
10715,42.0,42.0,,,336.0,,,
10716,42.0,42.0,,,126.0,,,
10717,42.0,42.0,,,84.0,,,
10718,42.0,126.0,,,42.0,,,
10719,42.0,126.0,,,42.0,,,
10720,42.0,42.0,,,84.0,,,
10721,42.0,42.0,,,168.0,,,
10722,126.0,84.0,,,42.0,,,
10723,42.0,152.0,,,84.0,,,
10724,42.0,42.0,,,168.0,,,
10725,42.0,42.0,,,126.0,,,
10726,42.0,84.0,,,42.0,,,
10727,42.0,168.0,,,42.0,,,
10728,42.0,84.0,,,126.0,,,
10729,42.0,42.0,,,42.0,,,
10730,42.0,42.0,,,160.0,,,
10731,84.0,84.0,,,42.0,,,
10732,42.0,84.0,,,126.0,,,
10733,42.0,84.0,,,42.0,,,
10734,42.0,42.0,,,84.0,,,
10735,42.0,126.0,,,84.0,,,
10736,42.0,168.0,,,84.0,,,
10737,42.0,84.0,,,294.0,,,
10738,42.0,42.0,,,129.0,,,
10739,42.0,126.0,,,126.0,,,
10740,42.0,126.0,,,14.0,,,
10741,84.0,84.0,,,84.0,,,
10742,42.0,168.0,,,168.0,,,
10743,42.0,84.0,,,42.0,,,
10744,42.0,168.0,,,42.0,,,
10745,42.0,168.0,,,84.0,,,
10746,42.0,84.0,,,126.0,,,
10747,42.0,168.0,,,84.0,,,
10748,42.0,252.0,,,84.0,,,
10749,42.0,42.0,,,87.0,,,
10750,42.0,168.0,,,168.0,,,
10751,42.0,42.0,,,168.0,,,
10752,42.0,84.0,,,126.0,,,
10753,84.0,42.0,,,84.0,,,
10754,84.0,84.0,,,168.0,,,
10755,42.0,210.0,,,126.0,,,
10756,42.0,126.0,,,132.0,,,
10757,84.0,132.0,,,42.0,,,
10758,42.0,126.0,,,252.0,,,
10759,42.0,84.0,,,84.0,,,
10760,87.0,126.0,,,168.0,,,
10761,42.0,84.0,,,42.0,,,
10762,42.0,84.0,,,126.0,,,
10763,42.0,126.0,,,42.0,,,
10764,42.0,406.0,,,168.0,,,
10765,28.0,42.0,,,42.0,,,
10766,42.0,90.0,,,168.0,,,
10767,42.0,84.0,,,126.0,,,
10768,42.0,42.0,,,84.0,,,
10769,84.0,171.0,,,42.0,,,
10770,84.0,42.0,,,84.0,,,
10771,42.0,84.0,,,84.0,,,
10772,42.0,174.0,,,168.0,,,
10773,42.0,42.0,,,48.0,,,
10774,126.0,84.0,,,42.0,,,
10775,42.0,168.0,,,168.0,,,
10776,42.0,168.0,,,126.0,,,
10777,42.0,42.0,,,42.0,,,
10778,42.0,126.0,,,252.0,,,
10779,42.0,84.0,,,48.0,,,
10780,42.0,112.0,,,42.0,,,
10781,42.0,84.0,,,42.0,,,
10782,42.0,42.0,,,42.0,,,
10783,84.0,84.0,,,42.0,,,
10784,42.0,42.0,,,168.0,,,
10785,84.0,126.0,,,42.0,,,
10786,42.0,84.0,,,42.0,,,
10787,42.0,42.0,,,84.0,,,
10788,84.0,42.0,,,42.0,,,
10789,84.0,42.0,,,42.0,,,
10790,42.0,42.0,,,42.0,,,
10791,48.0,126.0,,,84.0,,,
10792,84.0,126.0,,,84.0,,,
10793,42.0,84.0,,,42.0,,,
10794,42.0,42.0,,,126.0,,,
10795,42.0,126.0,,,126.0,,,
10796,42.0,126.0,,,42.0,,,
10797,42.0,84.0,,,42.0,,,
10798,84.0,126.0,,,42.0,,,
10799,42.0,84.0,,,42.0,,,
10800,42.0,210.0,,,168.0,,,
10801,42.0,84.0,,,84.0,,,
10802,84.0,140.0,,,126.0,,,
10803,42.0,42.0,,,84.0,,,
10804,84.0,126.0,,,42.0,,,
10805,42.0,126.0,,,168.0,,,
10806,84.0,84.0,,,84.0,,,
10807,42.0,42.0,,,42.0,,,
10808,42.0,42.0,,,84.0,,,
10809,42.0,42.0,,,84.0,,,
10810,48.0,84.0,,,168.0,,,
10811,42.0,42.0,,,84.0,,,
10812,42.0,42.0,,,168.0,,,
10813,84.0,126.0,,,84.0,,,
10814,48.0,126.0,,,126.0,,,
10815,42.0,42.0,,,28.0,,,
10816,42.0,42.0,,,84.0,,,
10817,42.0,90.0,,,42.0,,,
10818,84.0,42.0,,,84.0,,,
10819,42.0,42.0,,,84.0,,,
10820,42.0,210.0,,,84.0,,,
10821,42.0,42.0,,,210.0,,,
10822,42.0,84.0,,,126.0,,,
10823,42.0,42.0,,,84.0,,,
10824,42.0,126.0,,,42.0,,,
10825,42.0,42.0,,,126.0,,,
10826,42.0,42.0,,,84.0,,,
10827,42.0,42.0,,,90.0,,,
10828,42.0,194.0,,,168.0,,,
10829,42.0,168.0,,,84.0,,,
10830,42.0,84.0,,,84.0,,,
10831,42.0,84.0,,,84.0,,,
10832,42.0,42.0,,,126.0,,,
10833,42.0,126.0,,,42.0,,,
10834,42.0,42.0,,,42.0,,,
10835,42.0,42.0,,,84.0,,,
10836,42.0,42.0,,,84.0,,,
10837,42.0,210.0,,,294.0,,,
10838,42.0,168.0,,,126.0,,,
10839,42.0,42.0,,,84.0,,,
10840,42.0,42.0,,,42.0,,,
10841,14.0,42.0,,,84.0,,,
10842,42.0,42.0,,,84.0,,,
10843,48.0,84.0,,,132.0,,,
10844,42.0,84.0,,,168.0,,,
10845,126.0,42.0,,,42.0,,,
10846,42.0,84.0,,,84.0,,,
10847,126.0,42.0,,,84.0,,,
10848,42.0,126.0,,,84.0,,,
10849,42.0,174.0,,,104.0,,,
10850,42.0,168.0,,,126.0,,,
10851,42.0,168.0,,,210.0,,,
10852,42.0,84.0,,,70.0,,,
10853,42.0,84.0,,,126.0,,,
10854,42.0,168.0,,,56.0,,,
10855,42.0,126.0,,,126.0,,,
10856,48.0,42.0,,,126.0,,,
10857,42.0,42.0,,,126.0,,,
10858,48.0,126.0,,,84.0,,,
10859,42.0,42.0,,,42.0,,,
10860,126.0,126.0,,,168.0,,,
10861,42.0,126.0,,,42.0,,,
10862,42.0,42.0,,,42.0,,,
10863,42.0,132.0,,,42.0,,,
10864,42.0,84.0,,,84.0,,,
10865,42.0,42.0,,,210.0,,,
10866,42.0,84.0,,,42.0,,,
10867,42.0,126.0,,,84.0,,,
10868,42.0,84.0,,,84.0,,,
10869,42.0,42.0,,,168.0,,,
10870,42.0,84.0,,,168.0,,,
10871,42.0,126.0,,,84.0,,,
10872,42.0,42.0,,,42.0,,,
10873,42.0,168.0,,,252.0,,,
10874,42.0,42.0,,,84.0,,,
10875,42.0,213.0,,,126.0,,,
10876,42.0,168.0,,,90.0,,,
10877,42.0,42.0,,,42.0,,,
10878,42.0,84.0,,,84.0,,,
10879,42.0,84.0,,,42.0,,,
10880,42.0,210.0,,,42.0,,,
10881,42.0,252.0,,,42.0,,,
10882,42.0,126.0,,,126.0,,,
10883,42.0,42.0,,,126.0,,,
10884,42.0,126.0,,,42.0,,,
10885,42.0,84.0,,,84.0,,,
10886,42.0,84.0,,,84.0,,,
10887,42.0,42.0,,,84.0,,,
10888,42.0,42.0,,,84.0,,,
10889,42.0,42.0,,,42.0,,,
10890,42.0,84.0,,,42.0,,,
10891,42.0,210.0,,,210.0,,,
10892,42.0,174.0,,,210.0,,,
10893,42.0,126.0,,,168.0,,,
10894,42.0,42.0,,,84.0,,,
10895,42.0,42.0,,,210.0,,,
10896,42.0,84.0,,,252.0,,,
10897,42.0,42.0,,,210.0,,,
10898,42.0,84.0,,,42.0,,,
10899,42.0,84.0,,,84.0,,,
10900,42.0,42.0,,,42.0,,,
10901,42.0,126.0,,,168.0,,,
10902,42.0,42.0,,,168.0,,,
10903,42.0,84.0,,,336.0,,,
10904,42.0,126.0,,,42.0,,,
10905,42.0,168.0,,,42.0,,,
10906,42.0,42.0,,,84.0,,,
10907,42.0,42.0,,,42.0,,,
10908,42.0,84.0,,,210.0,,,
10909,126.0,84.0,,,42.0,,,
10910,42.0,90.0,,,42.0,,,
10911,42.0,42.0,,,42.0,,,
10912,42.0,126.0,,,42.0,,,
10913,42.0,168.0,,,42.0,,,
10914,42.0,132.0,,,129.0,,,
10915,42.0,84.0,,,42.0,,,
10916,42.0,84.0,,,42.0,,,
10917,42.0,84.0,,,126.0,,,
10918,42.0,168.0,,,42.0,,,
10919,14.0,126.0,,,126.0,,,
10920,42.0,42.0,,,42.0,,,
10921,42.0,42.0,,,168.0,,,
10922,42.0,84.0,,,42.0,,,
10923,42.0,252.0,,,216.0,,,
10924,42.0,84.0,,,84.0,,,
10925,42.0,126.0,,,126.0,,,
10926,42.0,42.0,,,126.0,,,
10927,42.0,84.0,,,84.0,,,
10928,42.0,126.0,,,84.0,,,
10929,28.0,42.0,,,118.0,,,
10930,42.0,84.0,,,168.0,,,
10931,42.0,84.0,,,42.0,,,
10932,42.0,84.0,,,84.0,,,
10933,42.0,126.0,,,126.0,,,
10934,42.0,126.0,,,126.0,,,
10935,42.0,168.0,,,42.0,,,
10936,42.0,126.0,,,168.0,,,
10937,42.0,216.0,,,42.0,,,
10938,42.0,126.0,,,84.0,,,
10939,42.0,42.0,,,126.0,,,
10940,42.0,42.0,,,84.0,,,
10941,84.0,42.0,,,84.0,,,
10942,42.0,126.0,,,42.0,,,
10943,42.0,42.0,,,84.0,,,
10944,48.0,84.0,,,84.0,,,
10945,42.0,84.0,,,84.0,,,
10946,42.0,42.0,,,42.0,,,
10947,42.0,42.0,,,90.0,,,
10948,84.0,42.0,,,336.0,,,
10949,84.0,42.0,,,42.0,,,
10950,42.0,42.0,,,84.0,,,
10951,42.0,126.0,,,182.0,,,
10952,42.0,168.0,,,112.0,,,
10953,42.0,42.0,,,210.0,,,
10954,42.0,42.0,,,42.0,,,
10955,42.0,42.0,,,126.0,,,
10956,126.0,84.0,,,210.0,,,
10957,42.0,126.0,,,236.0,,,
10958,42.0,84.0,,,84.0,,,
10959,42.0,42.0,,,252.0,,,
10960,84.0,126.0,,,42.0,,,
10961,42.0,84.0,,,48.0,,,
10962,84.0,210.0,,,252.0,,,
10963,42.0,84.0,,,42.0,,,
10964,42.0,84.0,,,168.0,,,
10965,42.0,42.0,,,42.0,,,
10966,84.0,252.0,,,168.0,,,
10967,42.0,188.0,,,84.0,,,
10968,42.0,84.0,,,84.0,,,
10969,126.0,84.0,,,84.0,,,
10970,42.0,168.0,,,42.0,,,
10971,126.0,42.0,,,84.0,,,
10972,42.0,84.0,,,42.0,,,
10973,42.0,84.0,,,126.0,,,
10974,42.0,84.0,,,126.0,,,
10975,42.0,42.0,,,126.0,,,
10976,42.0,294.0,,,126.0,,,
10977,42.0,84.0,,,126.0,,,
10978,42.0,84.0,,,126.0,,,
10979,84.0,42.0,,,84.0,,,
10980,42.0,126.0,,,42.0,,,
10981,42.0,42.0,,,42.0,,,
10982,42.0,126.0,,,126.0,,,
10983,42.0,126.0,,,84.0,,,
10984,42.0,84.0,,,42.0,,,
10985,126.0,168.0,,,126.0,,,
10986,42.0,84.0,,,84.0,,,
10987,42.0,42.0,,,126.0,,,
10988,42.0,42.0,,,42.0,,,
10989,42.0,42.0,,,104.0,,,
10990,48.0,42.0,,,42.0,,,
10991,84.0,126.0,,,42.0,,,
10992,42.0,168.0,,,42.0,,,
10993,42.0,213.0,,,132.0,,,
10994,42.0,42.0,,,42.0,,,
10995,42.0,84.0,,,84.0,,,
10996,84.0,42.0,,,210.0,,,
10997,42.0,252.0,,,84.0,,,
10998,42.0,168.0,,,126.0,,,
10999,42.0,42.0,,,126.0,,,
11000,42.0,126.0,,,42.0,,,
11001,42.0,252.0,,,210.0,,,
11002,42.0,84.0,,,42.0,,,
11003,84.0,126.0,,,42.0,,,
11004,126.0,42.0,,,84.0,,,
11005,42.0,42.0,,,42.0,,,
11006,42.0,126.0,,,42.0,,,
11007,42.0,42.0,,,84.0,,,
11008,42.0,84.0,,,84.0,,,
11009,42.0,42.0,,,84.0,,,
11010,42.0,168.0,,,84.0,,,
11011,42.0,84.0,,,126.0,,,
11012,42.0,126.0,,,84.0,,,
11013,42.0,42.0,,,84.0,,,
11014,42.0,168.0,,,129.0,,,
11015,42.0,90.0,,,210.0,,,
11016,42.0,84.0,,,48.0,,,
11017,42.0,126.0,,,42.0,,,
11018,42.0,84.0,,,42.0,,,
11019,42.0,42.0,,,126.0,,,
11020,42.0,126.0,,,126.0,,,
11021,42.0,42.0,,,42.0,,,
11022,42.0,126.0,,,42.0,,,
11023,42.0,126.0,,,84.0,,,
11024,42.0,168.0,,,42.0,,,
11025,42.0,42.0,,,48.0,,,
11026,42.0,210.0,,,42.0,,,
11027,42.0,168.0,,,84.0,,,
11028,42.0,84.0,,,42.0,,,
11029,84.0,42.0,,,84.0,,,
11030,42.0,42.0,,,42.0,,,
11031,42.0,132.0,,,294.0,,,
11032,42.0,84.0,,,84.0,,,
11033,42.0,126.0,,,42.0,,,
11034,42.0,84.0,,,42.0,,,
11035,87.0,84.0,,,336.0,,,
11036,84.0,84.0,,,42.0,,,
11037,42.0,42.0,,,84.0,,,
11038,84.0,42.0,,,126.0,,,
11039,84.0,42.0,,,126.0,,,
11040,42.0,126.0,,,84.0,,,
11041,42.0,42.0,,,42.0,,,
11042,42.0,84.0,,,84.0,,,
11043,42.0,84.0,,,42.0,,,
11044,42.0,42.0,,,126.0,,,
11045,42.0,42.0,,,42.0,,,
11046,42.0,42.0,,,252.0,,,
11047,42.0,42.0,,,126.0,,,
11048,42.0,84.0,,,42.0,,,
11049,42.0,42.0,,,42.0,,,
11050,42.0,84.0,,,84.0,,,
11051,42.0,84.0,,,42.0,,,
11052,42.0,84.0,,,126.0,,,
11053,42.0,132.0,,,126.0,,,
11054,42.0,126.0,,,42.0,,,
11055,42.0,174.0,,,126.0,,,
11056,42.0,84.0,,,42.0,,,
11057,42.0,42.0,,,84.0,,,
11058,42.0,210.0,,,210.0,,,
11059,42.0,168.0,,,70.0,,,
11060,42.0,84.0,,,84.0,,,
11061,42.0,84.0,,,42.0,,,
11062,42.0,84.0,,,84.0,,,
11063,42.0,42.0,,,42.0,,,
11064,42.0,84.0,,,90.0,,,
11065,42.0,84.0,,,84.0,,,
11066,42.0,42.0,,,84.0,,,
11067,48.0,42.0,,,84.0,,,
11068,84.0,42.0,,,42.0,,,
11069,42.0,42.0,,,42.0,,,
11070,42.0,84.0,,,42.0,,,
11071,42.0,126.0,,,42.0,,,
11072,42.0,118.0,,,42.0,,,
11073,42.0,42.0,,,84.0,,,
11074,42.0,84.0,,,84.0,,,
11075,84.0,42.0,,,42.0,,,
11076,42.0,168.0,,,126.0,,,
11077,84.0,168.0,,,42.0,,,
11078,48.0,126.0,,,42.0,,,
11079,42.0,126.0,,,84.0,,,
11080,42.0,42.0,,,126.0,,,
11081,42.0,42.0,,,28.0,,,
11082,126.0,84.0,,,14.0,,,
11083,42.0,168.0,,,84.0,,,
11084,42.0,42.0,,,42.0,,,
11085,42.0,42.0,,,84.0,,,
11086,42.0,252.0,,,42.0,,,
11087,42.0,168.0,,,42.0,,,
11088,48.0,126.0,,,168.0,,,
11089,42.0,210.0,,,84.0,,,
11090,42.0,42.0,,,84.0,,,
11091,48.0,42.0,,,84.0,,,
11092,42.0,126.0,,,168.0,,,
11093,42.0,90.0,,,126.0,,,
11094,42.0,42.0,,,42.0,,,
11095,42.0,84.0,,,378.0,,,
11096,42.0,126.0,,,84.0,,,
11097,42.0,42.0,,,48.0,,,
11098,42.0,84.0,,,168.0,,,
11099,42.0,84.0,,,252.0,,,
11100,42.0,126.0,,,84.0,,,
11101,42.0,210.0,,,168.0,,,
11102,42.0,126.0,,,84.0,,,
11103,42.0,42.0,,,42.0,,,
11104,84.0,84.0,,,42.0,,,
11105,42.0,42.0,,,126.0,,,
11106,42.0,126.0,,,84.0,,,
11107,42.0,42.0,,,126.0,,,
11108,42.0,84.0,,,42.0,,,
11109,42.0,84.0,,,42.0,,,
11110,84.0,42.0,,,42.0,,,
11111,42.0,42.0,,,126.0,,,
11112,42.0,84.0,,,42.0,,,
11113,42.0,126.0,,,84.0,,,
11114,42.0,188.0,,,126.0,,,
11115,42.0,126.0,,,42.0,,,
11116,42.0,84.0,,,42.0,,,
11117,42.0,84.0,,,168.0,,,
11118,42.0,168.0,,,42.0,,,
11119,42.0,126.0,,,84.0,,,
11120,42.0,84.0,,,84.0,,,
11121,42.0,168.0,,,84.0,,,
11122,42.0,126.0,,,126.0,,,
11123,42.0,84.0,,,126.0,,,
11124,42.0,168.0,,,84.0,,,
11125,42.0,42.0,,,84.0,,,
11126,42.0,126.0,,,42.0,,,
11127,42.0,216.0,,,84.0,,,
11128,42.0,84.0,,,210.0,,,
11129,42.0,126.0,,,42.0,,,
11130,42.0,42.0,,,84.0,,,
11131,42.0,42.0,,,84.0,,,
11132,42.0,84.0,,,168.0,,,
11133,42.0,42.0,,,42.0,,,
11134,42.0,84.0,,,126.0,,,
11135,42.0,126.0,,,168.0,,,
11136,42.0,42.0,,,84.0,,,
11137,42.0,84.0,,,42.0,,,
11138,42.0,42.0,,,126.0,,,
11139,42.0,42.0,,,84.0,,,
11140,42.0,42.0,,,168.0,,,
11141,42.0,84.0,,,42.0,,,
11142,42.0,132.0,,,84.0,,,
11143,42.0,42.0,,,126.0,,,
11144,14.0,168.0,,,210.0,,,
11145,56.0,126.0,,,87.0,,,
11146,42.0,84.0,,,42.0,,,
11147,42.0,42.0,,,126.0,,,
11148,42.0,210.0,,,42.0,,,
11149,42.0,84.0,,,84.0,,,
11150,42.0,84.0,,,252.0,,,
11151,42.0,168.0,,,42.0,,,
11152,42.0,84.0,,,84.0,,,
11153,42.0,84.0,,,84.0,,,
11154,42.0,42.0,,,126.0,,,
11155,28.0,168.0,,,84.0,,,
11156,28.0,126.0,,,174.0,,,
11157,42.0,126.0,,,84.0,,,
11158,42.0,42.0,,,42.0,,,
11159,42.0,132.0,,,168.0,,,
11160,42.0,42.0,,,168.0,,,
11161,42.0,42.0,,,132.0,,,
11162,42.0,126.0,,,126.0,,,
11163,42.0,126.0,,,42.0,,,
11164,42.0,42.0,,,84.0,,,
11165,48.0,42.0,,,126.0,,,
11166,42.0,42.0,,,126.0,,,
11167,84.0,294.0,,,126.0,,,
11168,126.0,42.0,,,160.0,,,
11169,42.0,126.0,,,84.0,,,
11170,42.0,42.0,,,84.0,,,
11171,42.0,84.0,,,168.0,,,
11172,84.0,84.0,,,42.0,,,
11173,126.0,42.0,,,210.0,,,
11174,84.0,160.0,,,168.0,,,
11175,42.0,42.0,,,42.0,,,
11176,42.0,126.0,,,84.0,,,
11177,126.0,126.0,,,84.0,,,
11178,42.0,126.0,,,56.0,,,
11179,42.0,84.0,,,168.0,,,
11180,42.0,129.0,,,84.0,,,
11181,84.0,42.0,,,42.0,,,
11182,42.0,42.0,,,42.0,,,
11183,42.0,42.0,,,84.0,,,
11184,42.0,84.0,,,126.0,,,
11185,42.0,42.0,,,84.0,,,
11186,42.0,42.0,,,84.0,,,
11187,84.0,252.0,,,194.0,,,
11188,42.0,84.0,,,42.0,,,
11189,42.0,84.0,,,28.0,,,
11190,84.0,84.0,,,42.0,,,
11191,42.0,84.0,,,84.0,,,
11192,42.0,168.0,,,168.0,,,
11193,42.0,132.0,,,42.0,,,
11194,42.0,84.0,,,84.0,,,
11195,42.0,126.0,,,42.0,,,
11196,42.0,168.0,,,42.0,,,
11197,42.0,84.0,,,42.0,,,
11198,42.0,42.0,,,87.0,,,
11199,84.0,42.0,,,126.0,,,
11200,42.0,42.0,,,126.0,,,
11201,42.0,171.0,,,84.0,,,
11202,42.0,210.0,,,42.0,,,
11203,42.0,84.0,,,42.0,,,
11204,42.0,84.0,,,84.0,,,
11205,42.0,84.0,,,168.0,,,
11206,42.0,126.0,,,104.0,,,
11207,42.0,126.0,,,168.0,,,
11208,84.0,126.0,,,84.0,,,
11209,84.0,42.0,,,42.0,,,
11210,126.0,84.0,,,126.0,,,
11211,42.0,252.0,,,84.0,,,
11212,28.0,84.0,,,42.0,,,
11213,84.0,90.0,,,42.0,,,
11214,42.0,168.0,,,126.0,,,
11215,84.0,168.0,,,84.0,,,
11216,42.0,126.0,,,42.0,,,
11217,84.0,126.0,,,168.0,,,
11218,42.0,42.0,,,42.0,,,
11219,42.0,42.0,,,252.0,,,
11220,126.0,42.0,,,126.0,,,
11221,42.0,210.0,,,84.0,,,
11222,42.0,42.0,,,210.0,,,
11223,42.0,126.0,,,84.0,,,
11224,48.0,42.0,,,84.0,,,
11225,42.0,84.0,,,90.0,,,
11226,42.0,126.0,,,42.0,,,
11227,42.0,42.0,,,84.0,,,
11228,42.0,42.0,,,168.0,,,
11229,42.0,42.0,,,42.0,,,
11230,42.0,84.0,,,42.0,,,
11231,42.0,126.0,,,90.0,,,
11232,84.0,42.0,,,210.0,,,
11233,126.0,160.0,,,84.0,,,
11234,42.0,84.0,,,168.0,,,
11235,42.0,252.0,,,84.0,,,
11236,42.0,42.0,,,126.0,,,
11237,42.0,168.0,,,42.0,,,
11238,42.0,84.0,,,84.0,,,
11239,84.0,42.0,,,42.0,,,
11240,42.0,168.0,,,42.0,,,
11241,42.0,84.0,,,42.0,,,
11242,42.0,126.0,,,84.0,,,
11243,84.0,42.0,,,126.0,,,
11244,42.0,84.0,,,84.0,,,
11245,42.0,126.0,,,42.0,,,
11246,42.0,294.0,,,84.0,,,
11247,42.0,126.0,,,42.0,,,
11248,42.0,84.0,,,126.0,,,
11249,42.0,42.0,,,84.0,,,
11250,42.0,84.0,,,84.0,,,
11251,42.0,126.0,,,84.0,,,
11252,42.0,174.0,,,84.0,,,
11253,42.0,126.0,,,168.0,,,
11254,84.0,84.0,,,252.0,,,
11255,42.0,126.0,,,84.0,,,
11256,42.0,42.0,,,210.0,,,
11257,42.0,42.0,,,210.0,,,
11258,42.0,42.0,,,42.0,,,
11259,42.0,42.0,,,168.0,,,
11260,42.0,42.0,,,126.0,,,
11261,42.0,126.0,,,42.0,,,
11262,42.0,84.0,,,84.0,,,
11263,42.0,84.0,,,42.0,,,
11264,42.0,126.0,,,84.0,,,
11265,42.0,84.0,,,258.0,,,
11266,42.0,42.0,,,126.0,,,
11267,48.0,126.0,,,252.0,,,
11268,42.0,126.0,,,126.0,,,
11269,42.0,42.0,,,42.0,,,
11270,42.0,194.0,,,126.0,,,
11271,42.0,168.0,,,168.0,,,
11272,42.0,42.0,,,84.0,,,
11273,42.0,126.0,,,84.0,,,
11274,84.0,84.0,,,84.0,,,
11275,42.0,42.0,,,42.0,,,
11276,42.0,84.0,,,84.0,,,
11277,42.0,42.0,,,126.0,,,
11278,42.0,168.0,,,42.0,,,
11279,42.0,42.0,,,42.0,,,
11280,42.0,126.0,,,84.0,,,
11281,42.0,42.0,,,84.0,,,
11282,42.0,168.0,,,90.0,,,
11283,42.0,42.0,,,42.0,,,
11284,42.0,84.0,,,42.0,,,
11285,42.0,84.0,,,84.0,,,
11286,42.0,42.0,,,126.0,,,
11287,42.0,126.0,,,84.0,,,
11288,42.0,42.0,,,126.0,,,
11289,42.0,42.0,,,126.0,,,
11290,42.0,84.0,,,84.0,,,
11291,42.0,42.0,,,210.0,,,
11292,42.0,84.0,,,42.0,,,
11293,42.0,42.0,,,126.0,,,
11294,42.0,42.0,,,210.0,,,
11295,42.0,42.0,,,84.0,,,
11296,42.0,84.0,,,84.0,,,
11297,48.0,42.0,,,56.0,,,
11298,84.0,42.0,,,76.0,,,
11299,42.0,42.0,,,28.0,,,
11300,42.0,,,,42.0,,,
11301,42.0,,,,42.0,,,
11302,84.0,,,,84.0,,,
11303,42.0,,,,210.0,,,
11304,42.0,,,,84.0,,,
11305,42.0,,,,210.0,,,
11306,42.0,,,,112.0,,,
11307,42.0,,,,84.0,,,
11308,48.0,,,,42.0,,,
11309,42.0,,,,42.0,,,
11310,42.0,,,,42.0,,,
11311,42.0,,,,168.0,,,
11312,42.0,,,,84.0,,,
11313,42.0,,,,42.0,,,
11314,87.0,,,,126.0,,,
11315,42.0,,,,168.0,,,
11316,42.0,,,,126.0,,,
11317,42.0,,,,42.0,,,
11318,42.0,,,,84.0,,,
11319,42.0,,,,252.0,,,
11320,42.0,,,,126.0,,,
11321,42.0,,,,210.0,,,
11322,42.0,,,,84.0,,,
11323,42.0,,,,42.0,,,
11324,42.0,,,,42.0,,,
11325,42.0,,,,84.0,,,
11326,42.0,,,,42.0,,,
11327,42.0,,,,168.0,,,
11328,42.0,,,,126.0,,,
11329,42.0,,,,84.0,,,
11330,42.0,,,,42.0,,,
11331,42.0,,,,42.0,,,
11332,42.0,,,,84.0,,,
11333,42.0,,,,48.0,,,
11334,42.0,,,,42.0,,,
11335,42.0,,,,84.0,,,
11336,42.0,,,,126.0,,,
11337,42.0,,,,84.0,,,
11338,42.0,,,,84.0,,,
11339,42.0,,,,168.0,,,
11340,42.0,,,,84.0,,,
11341,42.0,,,,42.0,,,
11342,42.0,,,,42.0,,,
11343,42.0,,,,126.0,,,
11344,42.0,,,,252.0,,,
11345,42.0,,,,126.0,,,
11346,42.0,,,,252.0,,,
11347,42.0,,,,84.0,,,
11348,42.0,,,,84.0,,,
11349,42.0,,,,213.0,,,
11350,42.0,,,,84.0,,,
11351,42.0,,,,42.0,,,
11352,42.0,,,,42.0,,,
11353,42.0,,,,168.0,,,
11354,42.0,,,,126.0,,,
11355,42.0,,,,84.0,,,
11356,42.0,,,,126.0,,,
11357,42.0,,,,42.0,,,
11358,42.0,,,,210.0,,,
11359,42.0,,,,42.0,,,
11360,42.0,,,,84.0,,,
11361,42.0,,,,126.0,,,
11362,42.0,,,,84.0,,,
11363,42.0,,,,126.0,,,
11364,42.0,,,,90.0,,,
11365,42.0,,,,42.0,,,
11366,42.0,,,,42.0,,,
11367,42.0,,,,42.0,,,
11368,42.0,,,,42.0,,,
11369,42.0,,,,42.0,,,
11370,42.0,,,,42.0,,,
11371,42.0,,,,84.0,,,
11372,48.0,,,,42.0,,,
11373,14.0,,,,132.0,,,
11374,42.0,,,,84.0,,,
11375,42.0,,,,42.0,,,
11376,42.0,,,,126.0,,,
11377,42.0,,,,42.0,,,
11378,42.0,,,,84.0,,,
11379,42.0,,,,126.0,,,
11380,42.0,,,,84.0,,,
11381,42.0,,,,42.0,,,
11382,42.0,,,,42.0,,,
11383,28.0,,,,84.0,,,
11384,14.0,,,,84.0,,,
11385,42.0,,,,42.0,,,
11386,42.0,,,,42.0,,,
11387,42.0,,,,42.0,,,
11388,42.0,,,,126.0,,,
11389,42.0,,,,168.0,,,
11390,42.0,,,,42.0,,,
11391,42.0,,,,168.0,,,
11392,42.0,,,,126.0,,,
11393,42.0,,,,90.0,,,
11394,42.0,,,,42.0,,,
11395,42.0,,,,84.0,,,
11396,42.0,,,,126.0,,,
11397,126.0,,,,126.0,,,
11398,42.0,,,,84.0,,,
11399,126.0,,,,210.0,,,
11400,42.0,,,,126.0,,,
11401,42.0,,,,126.0,,,
11402,42.0,,,,42.0,,,
11403,42.0,,,,168.0,,,
11404,42.0,,,,84.0,,,
11405,42.0,,,,126.0,,,
11406,84.0,,,,132.0,,,
11407,42.0,,,,62.0,,,
11408,84.0,,,,42.0,,,
11409,42.0,,,,210.0,,,
11410,48.0,,,,84.0,,,
11411,42.0,,,,126.0,,,
11412,42.0,,,,168.0,,,
11413,84.0,,,,126.0,,,
11414,42.0,,,,84.0,,,
11415,42.0,,,,90.0,,,
11416,42.0,,,,42.0,,,
11417,84.0,,,,126.0,,,
11418,42.0,,,,42.0,,,
11419,42.0,,,,84.0,,,
11420,42.0,,,,42.0,,,
11421,42.0,,,,126.0,,,
11422,48.0,,,,168.0,,,
11423,42.0,,,,252.0,,,
11424,42.0,,,,84.0,,,
11425,42.0,,,,168.0,,,
11426,42.0,,,,42.0,,,
11427,126.0,,,,84.0,,,
11428,42.0,,,,84.0,,,
11429,42.0,,,,42.0,,,
11430,42.0,,,,42.0,,,
11431,126.0,,,,84.0,,,
11432,42.0,,,,84.0,,,
11433,42.0,,,,84.0,,,
11434,42.0,,,,42.0,,,
11435,42.0,,,,42.0,,,
11436,42.0,,,,42.0,,,
11437,87.0,,,,126.0,,,
11438,42.0,,,,84.0,,,
11439,42.0,,,,84.0,,,
11440,42.0,,,,84.0,,,
11441,42.0,,,,42.0,,,
11442,42.0,,,,42.0,,,
11443,126.0,,,,252.0,,,
11444,84.0,,,,42.0,,,
11445,42.0,,,,84.0,,,
11446,126.0,,,,48.0,,,
11447,42.0,,,,129.0,,,
11448,84.0,,,,84.0,,,
11449,42.0,,,,84.0,,,
11450,84.0,,,,126.0,,,
11451,42.0,,,,168.0,,,
11452,84.0,,,,42.0,,,
11453,84.0,,,,84.0,,,
11454,42.0,,,,168.0,,,
11455,42.0,,,,42.0,,,
11456,42.0,,,,84.0,,,
11457,42.0,,,,84.0,,,
11458,42.0,,,,84.0,,,
11459,42.0,,,,210.0,,,
11460,42.0,,,,42.0,,,
11461,28.0,,,,168.0,,,
11462,42.0,,,,84.0,,,
11463,42.0,,,,210.0,,,
11464,84.0,,,,42.0,,,
11465,42.0,,,,84.0,,,
11466,42.0,,,,84.0,,,
11467,42.0,,,,42.0,,,
11468,42.0,,,,210.0,,,
11469,42.0,,,,42.0,,,
11470,42.0,,,,84.0,,,
11471,42.0,,,,42.0,,,
11472,42.0,,,,84.0,,,
11473,42.0,,,,84.0,,,
11474,42.0,,,,126.0,,,
11475,84.0,,,,42.0,,,
11476,42.0,,,,84.0,,,
11477,42.0,,,,84.0,,,
11478,42.0,,,,42.0,,,
11479,42.0,,,,84.0,,,
11480,42.0,,,,42.0,,,
11481,42.0,,,,252.0,,,
11482,42.0,,,,180.0,,,
11483,42.0,,,,42.0,,,
11484,42.0,,,,42.0,,,
11485,42.0,,,,126.0,,,
11486,42.0,,,,42.0,,,
11487,42.0,,,,42.0,,,
11488,42.0,,,,42.0,,,
11489,84.0,,,,84.0,,,
11490,42.0,,,,84.0,,,
11491,84.0,,,,84.0,,,
11492,42.0,,,,42.0,,,
11493,42.0,,,,42.0,,,
11494,42.0,,,,84.0,,,
11495,84.0,,,,42.0,,,
11496,42.0,,,,42.0,,,
11497,84.0,,,,84.0,,,
11498,42.0,,,,42.0,,,
11499,42.0,,,,210.0,,,
11500,42.0,,,,42.0,,,
11501,42.0,,,,168.0,,,
11502,42.0,,,,126.0,,,
11503,42.0,,,,84.0,,,
11504,42.0,,,,42.0,,,
11505,42.0,,,,252.0,,,
11506,42.0,,,,126.0,,,
11507,42.0,,,,210.0,,,
11508,84.0,,,,42.0,,,
11509,42.0,,,,42.0,,,
11510,42.0,,,,28.0,,,
11511,42.0,,,,252.0,,,
11512,42.0,,,,84.0,,,
11513,42.0,,,,42.0,,,
11514,42.0,,,,84.0,,,
11515,42.0,,,,84.0,,,
11516,84.0,,,,210.0,,,
11517,48.0,,,,84.0,,,
11518,42.0,,,,84.0,,,
11519,42.0,,,,110.0,,,
11520,42.0,,,,42.0,,,
11521,42.0,,,,98.0,,,
11522,42.0,,,,168.0,,,
11523,42.0,,,,168.0,,,
11524,42.0,,,,126.0,,,
11525,42.0,,,,42.0,,,
11526,42.0,,,,84.0,,,
11527,48.0,,,,112.0,,,
11528,84.0,,,,42.0,,,
11529,42.0,,,,84.0,,,
11530,48.0,,,,84.0,,,
11531,42.0,,,,42.0,,,
11532,42.0,,,,42.0,,,
11533,42.0,,,,84.0,,,
11534,42.0,,,,210.0,,,
11535,42.0,,,,42.0,,,
11536,42.0,,,,42.0,,,
11537,42.0,,,,168.0,,,
11538,42.0,,,,84.0,,,
11539,42.0,,,,132.0,,,
11540,42.0,,,,126.0,,,
11541,42.0,,,,84.0,,,
11542,42.0,,,,126.0,,,
11543,42.0,,,,252.0,,,
11544,42.0,,,,42.0,,,
11545,48.0,,,,87.0,,,
11546,42.0,,,,42.0,,,
11547,42.0,,,,84.0,,,
11548,42.0,,,,84.0,,,
11549,42.0,,,,126.0,,,
11550,42.0,,,,42.0,,,
11551,42.0,,,,84.0,,,
11552,84.0,,,,84.0,,,
11553,42.0,,,,168.0,,,
11554,42.0,,,,42.0,,,
11555,42.0,,,,42.0,,,
11556,42.0,,,,84.0,,,
11557,42.0,,,,84.0,,,
11558,42.0,,,,42.0,,,
11559,42.0,,,,42.0,,,
11560,42.0,,,,42.0,,,
11561,42.0,,,,126.0,,,
11562,42.0,,,,252.0,,,
11563,42.0,,,,84.0,,,
11564,42.0,,,,210.0,,,
11565,42.0,,,,42.0,,,
11566,42.0,,,,42.0,,,
11567,42.0,,,,84.0,,,
11568,42.0,,,,168.0,,,
11569,42.0,,,,42.0,,,
11570,42.0,,,,84.0,,,
11571,42.0,,,,42.0,,,
11572,42.0,,,,84.0,,,
11573,42.0,,,,42.0,,,
11574,42.0,,,,126.0,,,
11575,42.0,,,,168.0,,,
11576,42.0,,,,126.0,,,
11577,42.0,,,,84.0,,,
11578,42.0,,,,42.0,,,
11579,42.0,,,,42.0,,,
11580,42.0,,,,42.0,,,
11581,42.0,,,,84.0,,,
11582,42.0,,,,168.0,,,
11583,42.0,,,,126.0,,,
11584,42.0,,,,42.0,,,
11585,42.0,,,,84.0,,,
11586,42.0,,,,222.0,,,
11587,42.0,,,,84.0,,,
11588,42.0,,,,126.0,,,
11589,42.0,,,,48.0,,,
11590,42.0,,,,84.0,,,
11591,42.0,,,,84.0,,,
11592,42.0,,,,84.0,,,
11593,42.0,,,,42.0,,,
11594,42.0,,,,42.0,,,
11595,42.0,,,,168.0,,,
11596,42.0,,,,210.0,,,
11597,42.0,,,,84.0,,,
11598,42.0,,,,42.0,,,
11599,14.0,,,,168.0,,,
11600,42.0,,,,132.0,,,
11601,42.0,,,,252.0,,,
11602,42.0,,,,210.0,,,
11603,42.0,,,,84.0,,,
11604,42.0,,,,84.0,,,
11605,42.0,,,,42.0,,,
11606,42.0,,,,126.0,,,
11607,42.0,,,,42.0,,,
11608,42.0,,,,42.0,,,
11609,42.0,,,,84.0,,,
11610,42.0,,,,42.0,,,
11611,28.0,,,,84.0,,,
11612,14.0,,,,126.0,,,
11613,42.0,,,,42.0,,,
11614,42.0,,,,84.0,,,
11615,42.0,,,,42.0,,,
11616,42.0,,,,84.0,,,
11617,42.0,,,,126.0,,,
11618,42.0,,,,42.0,,,
11619,42.0,,,,42.0,,,
11620,42.0,,,,84.0,,,
11621,126.0,,,,84.0,,,
11622,42.0,,,,42.0,,,
11623,84.0,,,,42.0,,,
11624,42.0,,,,126.0,,,
11625,42.0,,,,126.0,,,
11626,84.0,,,,42.0,,,
11627,42.0,,,,84.0,,,
11628,42.0,,,,42.0,,,
11629,42.0,,,,84.0,,,
11630,126.0,,,,126.0,,,
11631,42.0,,,,42.0,,,
11632,126.0,,,,126.0,,,
11633,42.0,,,,168.0,,,
11634,42.0,,,,42.0,,,
11635,42.0,,,,42.0,,,
11636,42.0,,,,168.0,,,
11637,42.0,,,,42.0,,,
11638,42.0,,,,42.0,,,
11639,84.0,,,,84.0,,,
11640,126.0,,,,126.0,,,
11641,42.0,,,,132.0,,,
11642,42.0,,,,84.0,,,
11643,84.0,,,,42.0,,,
11644,42.0,,,,84.0,,,
11645,42.0,,,,84.0,,,
11646,42.0,,,,126.0,,,
11647,42.0,,,,126.0,,,
11648,42.0,,,,42.0,,,
11649,42.0,,,,42.0,,,
11650,42.0,,,,84.0,,,
11651,42.0,,,,126.0,,,
11652,42.0,,,,84.0,,,
11653,42.0,,,,84.0,,,
11654,42.0,,,,126.0,,,
11655,42.0,,,,42.0,,,
11656,42.0,,,,174.0,,,
11657,84.0,,,,42.0,,,
11658,42.0,,,,132.0,,,
11659,28.0,,,,84.0,,,
11660,42.0,,,,42.0,,,
11661,42.0,,,,42.0,,,
11662,126.0,,,,168.0,,,
11663,48.0,,,,84.0,,,
11664,42.0,,,,84.0,,,
11665,42.0,,,,42.0,,,
11666,42.0,,,,84.0,,,
11667,42.0,,,,84.0,,,
11668,42.0,,,,84.0,,,
11669,42.0,,,,168.0,,,
11670,84.0,,,,42.0,,,
11671,42.0,,,,132.0,,,
11672,42.0,,,,84.0,,,
11673,42.0,,,,126.0,,,
11674,42.0,,,,42.0,,,
11675,84.0,,,,42.0,,,
11676,42.0,,,,84.0,,,
11677,42.0,,,,42.0,,,
11678,42.0,,,,42.0,,,
11679,42.0,,,,294.0,,,
11680,84.0,,,,126.0,,,
11681,84.0,,,,42.0,,,
11682,42.0,,,,84.0,,,
11683,42.0,,,,42.0,,,
11684,84.0,,,,42.0,,,
11685,42.0,,,,42.0,,,
11686,42.0,,,,84.0,,,
11687,42.0,,,,126.0,,,
11688,42.0,,,,42.0,,,
11689,42.0,,,,84.0,,,
11690,42.0,,,,42.0,,,
11691,42.0,,,,126.0,,,
11692,42.0,,,,42.0,,,
11693,42.0,,,,84.0,,,
11694,42.0,,,,168.0,,,
11695,42.0,,,,84.0,,,
11696,42.0,,,,84.0,,,
11697,42.0,,,,87.0,,,
11698,42.0,,,,42.0,,,
11699,42.0,,,,42.0,,,
11700,42.0,,,,90.0,,,
11701,42.0,,,,210.0,,,
11702,42.0,,,,126.0,,,
11703,42.0,,,,84.0,,,
11704,42.0,,,,126.0,,,
11705,84.0,,,,84.0,,,
11706,87.0,,,,42.0,,,
11707,42.0,,,,126.0,,,
11708,84.0,,,,126.0,,,
11709,42.0,,,,42.0,,,
11710,42.0,,,,126.0,,,
11711,84.0,,,,84.0,,,
11712,42.0,,,,84.0,,,
11713,42.0,,,,42.0,,,
11714,42.0,,,,42.0,,,
11715,42.0,,,,126.0,,,
11716,42.0,,,,42.0,,,
11717,42.0,,,,174.0,,,
11718,42.0,,,,84.0,,,
11719,84.0,,,,42.0,,,
11720,42.0,,,,42.0,,,
11721,42.0,,,,168.0,,,
11722,42.0,,,,42.0,,,
11723,42.0,,,,42.0,,,
11724,42.0,,,,126.0,,,
11725,42.0,,,,126.0,,,
11726,42.0,,,,42.0,,,
11727,42.0,,,,42.0,,,
11728,84.0,,,,126.0,,,
11729,42.0,,,,126.0,,,
11730,42.0,,,,126.0,,,
11731,42.0,,,,84.0,,,
11732,42.0,,,,42.0,,,
11733,84.0,,,,84.0,,,
11734,42.0,,,,84.0,,,
11735,42.0,,,,70.0,,,
11736,42.0,,,,252.0,,,
11737,42.0,,,,42.0,,,
11738,48.0,,,,42.0,,,
11739,42.0,,,,126.0,,,
11740,42.0,,,,42.0,,,
11741,42.0,,,,84.0,,,
11742,42.0,,,,84.0,,,
11743,126.0,,,,42.0,,,
11744,42.0,,,,84.0,,,
11745,42.0,,,,42.0,,,
11746,84.0,,,,126.0,,,
11747,42.0,,,,126.0,,,
11748,42.0,,,,42.0,,,
11749,42.0,,,,42.0,,,
11750,42.0,,,,42.0,,,
11751,42.0,,,,84.0,,,
11752,48.0,,,,84.0,,,
11753,42.0,,,,84.0,,,
11754,42.0,,,,84.0,,,
11755,42.0,,,,42.0,,,
11756,42.0,,,,56.0,,,
11757,42.0,,,,84.0,,,
11758,42.0,,,,42.0,,,
11759,42.0,,,,168.0,,,
11760,42.0,,,,42.0,,,
11761,42.0,,,,42.0,,,
11762,42.0,,,,42.0,,,
11763,42.0,,,,174.0,,,
11764,42.0,,,,42.0,,,
11765,42.0,,,,84.0,,,
11766,42.0,,,,84.0,,,
11767,42.0,,,,168.0,,,
11768,48.0,,,,42.0,,,
11769,42.0,,,,252.0,,,
11770,42.0,,,,126.0,,,
11771,42.0,,,,168.0,,,
11772,42.0,,,,84.0,,,
11773,42.0,,,,84.0,,,
11774,42.0,,,,210.0,,,
11775,42.0,,,,84.0,,,
11776,48.0,,,,252.0,,,
11777,42.0,,,,336.0,,,
11778,42.0,,,,126.0,,,
11779,42.0,,,,42.0,,,
11780,48.0,,,,168.0,,,
11781,42.0,,,,42.0,,,
11782,42.0,,,,42.0,,,
11783,42.0,,,,126.0,,,
11784,42.0,,,,42.0,,,
11785,42.0,,,,84.0,,,
11786,84.0,,,,126.0,,,
11787,42.0,,,,126.0,,,
11788,42.0,,,,168.0,,,
11789,42.0,,,,132.0,,,
11790,42.0,,,,168.0,,,
11791,42.0,,,,84.0,,,
11792,42.0,,,,84.0,,,
11793,42.0,,,,42.0,,,
11794,42.0,,,,84.0,,,
11795,84.0,,,,126.0,,,
11796,42.0,,,,84.0,,,
11797,42.0,,,,42.0,,,
11798,42.0,,,,84.0,,,
11799,42.0,,,,84.0,,,
11800,42.0,,,,48.0,,,
11801,42.0,,,,84.0,,,
11802,42.0,,,,126.0,,,
11803,28.0,,,,84.0,,,
11804,42.0,,,,42.0,,,
11805,42.0,,,,42.0,,,
11806,42.0,,,,84.0,,,
11807,42.0,,,,84.0,,,
11808,42.0,,,,126.0,,,
11809,42.0,,,,84.0,,,
11810,42.0,,,,42.0,,,
11811,42.0,,,,126.0,,,
11812,42.0,,,,84.0,,,
11813,42.0,,,,42.0,,,
11814,42.0,,,,42.0,,,
11815,42.0,,,,42.0,,,
11816,42.0,,,,152.0,,,
11817,42.0,,,,126.0,,,
11818,42.0,,,,168.0,,,
11819,42.0,,,,84.0,,,
11820,42.0,,,,210.0,,,
11821,42.0,,,,126.0,,,
11822,42.0,,,,84.0,,,
11823,42.0,,,,42.0,,,
11824,42.0,,,,42.0,,,
11825,42.0,,,,84.0,,,
11826,42.0,,,,168.0,,,
11827,42.0,,,,126.0,,,
11828,42.0,,,,42.0,,,
11829,14.0,,,,84.0,,,
11830,42.0,,,,84.0,,,
11831,42.0,,,,42.0,,,
11832,42.0,,,,132.0,,,
11833,42.0,,,,42.0,,,
11834,42.0,,,,42.0,,,
11835,42.0,,,,84.0,,,
11836,42.0,,,,168.0,,,
11837,42.0,,,,42.0,,,
11838,42.0,,,,42.0,,,
11839,42.0,,,,210.0,,,
11840,14.0,,,,84.0,,,
11841,42.0,,,,84.0,,,
11842,42.0,,,,126.0,,,
11843,42.0,,,,42.0,,,
11844,42.0,,,,84.0,,,
11845,42.0,,,,84.0,,,
11846,42.0,,,,42.0,,,
11847,42.0,,,,168.0,,,
11848,42.0,,,,42.0,,,
11849,42.0,,,,48.0,,,
11850,42.0,,,,84.0,,,
11851,42.0,,,,84.0,,,
11852,48.0,,,,84.0,,,
11853,42.0,,,,42.0,,,
11854,42.0,,,,210.0,,,
11855,126.0,,,,42.0,,,
11856,42.0,,,,126.0,,,
11857,126.0,,,,42.0,,,
11858,42.0,,,,84.0,,,
11859,126.0,,,,210.0,,,
11860,42.0,,,,42.0,,,
11861,42.0,,,,126.0,,,
11862,42.0,,,,42.0,,,
11863,42.0,,,,168.0,,,
11864,42.0,,,,126.0,,,
11865,42.0,,,,42.0,,,
11866,42.0,,,,42.0,,,
11867,28.0,,,,56.0,,,
11868,42.0,,,,126.0,,,
11869,42.0,,,,84.0,,,
11870,84.0,,,,213.0,,,
11871,42.0,,,,84.0,,,
11872,42.0,,,,210.0,,,
11873,42.0,,,,168.0,,,
11874,126.0,,,,84.0,,,
11875,42.0,,,,42.0,,,
11876,42.0,,,,126.0,,,
11877,42.0,,,,42.0,,,
11878,126.0,,,,112.0,,,
11879,84.0,,,,84.0,,,
11880,42.0,,,,42.0,,,
11881,126.0,,,,70.0,,,
11882,84.0,,,,84.0,,,
11883,42.0,,,,42.0,,,
11884,84.0,,,,126.0,,,
11885,42.0,,,,,,,
11886,42.0,,,,,,,
11887,42.0,,,,,,,
11888,42.0,,,,,,,
11889,42.0,,,,,,,
11890,84.0,,,,,,,
11891,42.0,,,,,,,
11892,42.0,,,,,,,
11893,84.0,,,,,,,
11894,42.0,,,,,,,
11895,48.0,,,,,,,
11896,42.0,,,,,,,
11897,42.0,,,,,,,
11898,42.0,,,,,,,
11899,42.0,,,,,,,
11900,42.0,,,,,,,
11901,42.0,,,,,,,
11902,42.0,,,,,,,
11903,42.0,,,,,,,
11904,84.0,,,,,,,
11905,84.0,,,,,,,
11906,84.0,,,,,,,
11907,42.0,,,,,,,
11908,84.0,,,,,,,
11909,42.0,,,,,,,
11910,42.0,,,,,,,
11911,84.0,,,,,,,
11912,42.0,,,,,,,
11913,42.0,,,,,,,
11914,42.0,,,,,,,
11915,42.0,,,,,,,
11916,42.0,,,,,,,
11917,42.0,,,,,,,
11918,42.0,,,,,,,
11919,42.0,,,,,,,
11920,42.0,,,,,,,
11921,42.0,,,,,,,
11922,42.0,,,,,,,
11923,42.0,,,,,,,
11924,84.0,,,,,,,
11925,42.0,,,,,,,
11926,42.0,,,,,,,
11927,42.0,,,,,,,
11928,42.0,,,,,,,
11929,42.0,,,,,,,
11930,42.0,,,,,,,
11931,42.0,,,,,,,
11932,42.0,,,,,,,
11933,42.0,,,,,,,
11934,84.0,,,,,,,
11935,42.0,,,,,,,
11936,42.0,,,,,,,
11937,42.0,,,,,,,
11938,42.0,,,,,,,
11939,84.0,,,,,,,
11940,87.0,,,,,,,
11941,42.0,,,,,,,
11942,42.0,,,,,,,
11943,84.0,,,,,,,
11944,42.0,,,,,,,
11945,42.0,,,,,,,
11946,48.0,,,,,,,
11947,42.0,,,,,,,
11948,42.0,,,,,,,
11949,42.0,,,,,,,
11950,42.0,,,,,,,
11951,42.0,,,,,,,
11952,42.0,,,,,,,
11953,42.0,,,,,,,
11954,42.0,,,,,,,
11955,42.0,,,,,,,
11956,42.0,,,,,,,
11957,42.0,,,,,,,
11958,42.0,,,,,,,
11959,42.0,,,,,,,
11960,42.0,,,,,,,
11961,42.0,,,,,,,
11962,42.0,,,,,,,
11963,42.0,,,,,,,
11964,48.0,,,,,,,
11965,42.0,,,,,,,
11966,42.0,,,,,,,
11967,42.0,,,,,,,
11968,42.0,,,,,,,
11969,42.0,,,,,,,
11970,42.0,,,,,,,
11971,84.0,,,,,,,
11972,42.0,,,,,,,
11973,42.0,,,,,,,
11974,42.0,,,,,,,
11975,42.0,,,,,,,
11976,42.0,,,,,,,
11977,84.0,,,,,,,
11978,84.0,,,,,,,
11979,42.0,,,,,,,
11980,84.0,,,,,,,
11981,42.0,,,,,,,
11982,42.0,,,,,,,
11983,42.0,,,,,,,
11984,42.0,,,,,,,
11985,42.0,,,,,,,
11986,42.0,,,,,,,
11987,42.0,,,,,,,
11988,48.0,,,,,,,
11989,42.0,,,,,,,
11990,42.0,,,,,,,
11991,42.0,,,,,,,
11992,42.0,,,,,,,
11993,42.0,,,,,,,
11994,42.0,,,,,,,
11995,42.0,,,,,,,
11996,42.0,,,,,,,
11997,48.0,,,,,,,
11998,42.0,,,,,,,
11999,42.0,,,,,,,
12000,42.0,,,,,,,
12001,42.0,,,,,,,
12002,42.0,,,,,,,
12003,42.0,,,,,,,
12004,42.0,,,,,,,
12005,42.0,,,,,,,
12006,42.0,,,,,,,
12007,42.0,,,,,,,
12008,42.0,,,,,,,
12009,42.0,,,,,,,
12010,42.0,,,,,,,
12011,42.0,,,,,,,
12012,42.0,,,,,,,
12013,42.0,,,,,,,
12014,42.0,,,,,,,
12015,42.0,,,,,,,
12016,42.0,,,,,,,
12017,42.0,,,,,,,
12018,42.0,,,,,,,
12019,42.0,,,,,,,
12020,42.0,,,,,,,
12021,42.0,,,,,,,
12022,42.0,,,,,,,
12023,42.0,,,,,,,
12024,42.0,,,,,,,
12025,42.0,,,,,,,
12026,42.0,,,,,,,
12027,42.0,,,,,,,
12028,42.0,,,,,,,
12029,42.0,,,,,,,
12030,42.0,,,,,,,
12031,42.0,,,,,,,
12032,42.0,,,,,,,
12033,42.0,,,,,,,
12034,42.0,,,,,,,
12035,42.0,,,,,,,
12036,42.0,,,,,,,
12037,28.0,,,,,,,
12038,42.0,,,,,,,
12039,42.0,,,,,,,
12040,42.0,,,,,,,
12041,42.0,,,,,,,
12042,42.0,,,,,,,
12043,42.0,,,,,,,
12044,42.0,,,,,,,
12045,42.0,,,,,,,
12046,42.0,,,,,,,
12047,42.0,,,,,,,
12048,42.0,,,,,,,
12049,42.0,,,,,,,
12050,42.0,,,,,,,
12051,42.0,,,,,,,
12052,42.0,,,,,,,
12053,42.0,,,,,,,
12054,42.0,,,,,,,
12055,42.0,,,,,,,
12056,42.0,,,,,,,
12057,14.0,,,,,,,
12058,42.0,,,,,,,
12059,42.0,,,,,,,
12060,42.0,,,,,,,
12061,42.0,,,,,,,
12062,42.0,,,,,,,
12063,42.0,,,,,,,
12064,42.0,,,,,,,
12065,42.0,,,,,,,
12066,42.0,,,,,,,
12067,42.0,,,,,,,
12068,14.0,,,,,,,
12069,42.0,,,,,,,
12070,42.0,,,,,,,
12071,42.0,,,,,,,
12072,42.0,,,,,,,
12073,42.0,,,,,,,
12074,42.0,,,,,,,
12075,42.0,,,,,,,
12076,42.0,,,,,,,
12077,42.0,,,,,,,
12078,42.0,,,,,,,
12079,42.0,,,,,,,
12080,42.0,,,,,,,
12081,42.0,,,,,,,
12082,42.0,,,,,,,
12083,84.0,,,,,,,
12084,42.0,,,,,,,
12085,42.0,,,,,,,
12086,42.0,,,,,,,
12087,42.0,,,,,,,
12088,42.0,,,,,,,
12089,84.0,,,,,,,
12090,42.0,,,,,,,
12091,42.0,,,,,,,
12092,42.0,,,,,,,
12093,42.0,,,,,,,
12094,126.0,,,,,,,
12095,87.0,,,,,,,
12096,42.0,,,,,,,
12097,42.0,,,,,,,
12098,42.0,,,,,,,
12099,48.0,,,,,,,
12100,42.0,,,,,,,
12101,42.0,,,,,,,
12102,42.0,,,,,,,
12103,48.0,,,,,,,
12104,42.0,,,,,,,
12105,84.0,,,,,,,
12106,42.0,,,,,,,
12107,84.0,,,,,,,
12108,42.0,,,,,,,
12109,84.0,,,,,,,
12110,84.0,,,,,,,
12111,42.0,,,,,,,
12112,42.0,,,,,,,
12113,42.0,,,,,,,
12114,42.0,,,,,,,
12115,42.0,,,,,,,
12116,84.0,,,,,,,
12117,42.0,,,,,,,
12118,42.0,,,,,,,
12119,42.0,,,,,,,
12120,126.0,,,,,,,
12121,42.0,,,,,,,
12122,126.0,,,,,,,
12123,42.0,,,,,,,
12124,42.0,,,,,,,
12125,42.0,,,,,,,
12126,126.0,,,,,,,
12127,42.0,,,,,,,
12128,42.0,,,,,,,
12129,42.0,,,,,,,
12130,42.0,,,,,,,
12131,84.0,,,,,,,
12132,42.0,,,,,,,
12133,84.0,,,,,,,
12134,42.0,,,,,,,
12135,126.0,,,,,,,
12136,126.0,,,,,,,
12137,42.0,,,,,,,
12138,42.0,,,,,,,
12139,42.0,,,,,,,
12140,42.0,,,,,,,
12141,42.0,,,,,,,
12142,42.0,,,,,,,
12143,48.0,,,,,,,
12144,42.0,,,,,,,
12145,42.0,,,,,,,
12146,42.0,,,,,,,
12147,48.0,,,,,,,
12148,42.0,,,,,,,
12149,42.0,,,,,,,
12150,42.0,,,,,,,
12151,42.0,,,,,,,
12152,42.0,,,,,,,
12153,42.0,,,,,,,
12154,42.0,,,,,,,
12155,42.0,,,,,,,
12156,42.0,,,,,,,
12157,42.0,,,,,,,
12158,42.0,,,,,,,
12159,42.0,,,,,,,
12160,42.0,,,,,,,
12161,84.0,,,,,,,
12162,42.0,,,,,,,
12163,42.0,,,,,,,
12164,42.0,,,,,,,
12165,42.0,,,,,,,
12166,42.0,,,,,,,
12167,84.0,,,,,,,
12168,42.0,,,,,,,
12169,84.0,,,,,,,
12170,48.0,,,,,,,
12171,42.0,,,,,,,
12172,42.0,,,,,,,
12173,84.0,,,,,,,
12174,42.0,,,,,,,
12175,42.0,,,,,,,
12176,42.0,,,,,,,
12177,42.0,,,,,,,
12178,42.0,,,,,,,
12179,42.0,,,,,,,
12180,42.0,,,,,,,
12181,42.0,,,,,,,
12182,42.0,,,,,,,
12183,84.0,,,,,,,
12184,42.0,,,,,,,
12185,42.0,,,,,,,
12186,42.0,,,,,,,
12187,42.0,,,,,,,
12188,42.0,,,,,,,
12189,48.0,,,,,,,
12190,42.0,,,,,,,
12191,84.0,,,,,,,
12192,84.0,,,,,,,
12193,42.0,,,,,,,
12194,42.0,,,,,,,
12195,42.0,,,,,,,
12196,42.0,,,,,,,
12197,42.0,,,,,,,
12198,42.0,,,,,,,
12199,42.0,,,,,,,
12200,42.0,,,,,,,
12201,42.0,,,,,,,
12202,42.0,,,,,,,
12203,42.0,,,,,,,
12204,42.0,,,,,,,
12205,42.0,,,,,,,
12206,84.0,,,,,,,
12207,42.0,,,,,,,
12208,42.0,,,,,,,
12209,42.0,,,,,,,
12210,42.0,,,,,,,
12211,42.0,,,,,,,
12212,42.0,,,,,,,
12213,42.0,,,,,,,
12214,42.0,,,,,,,
12215,42.0,,,,,,,
12216,42.0,,,,,,,
12217,42.0,,,,,,,
12218,42.0,,,,,,,
12219,84.0,,,,,,,
12220,42.0,,,,,,,
12221,42.0,,,,,,,
12222,42.0,,,,,,,
12223,42.0,,,,,,,
12224,42.0,,,,,,,
12225,42.0,,,,,,,
12226,42.0,,,,,,,
12227,42.0,,,,,,,
12228,42.0,,,,,,,
12229,42.0,,,,,,,
12230,42.0,,,,,,,
12231,42.0,,,,,,,
12232,42.0,,,,,,,
12233,42.0,,,,,,,
12234,42.0,,,,,,,
12235,42.0,,,,,,,
12236,42.0,,,,,,,
12237,42.0,,,,,,,
12238,84.0,,,,,,,
12239,42.0,,,,,,,
12240,42.0,,,,,,,
12241,42.0,,,,,,,
12242,42.0,,,,,,,
12243,42.0,,,,,,,
12244,42.0,,,,,,,
12245,42.0,,,,,,,
12246,42.0,,,,,,,
12247,42.0,,,,,,,
12248,42.0,,,,,,,
12249,42.0,,,,,,,
12250,42.0,,,,,,,
12251,42.0,,,,,,,
12252,42.0,,,,,,,
12253,42.0,,,,,,,
12254,42.0,,,,,,,
12255,42.0,,,,,,,
12256,42.0,,,,,,,
12257,42.0,,,,,,,
12258,42.0,,,,,,,
12259,42.0,,,,,,,
12260,42.0,,,,,,,
12261,42.0,,,,,,,
12262,42.0,,,,,,,
12263,42.0,,,,,,,
12264,28.0,,,,,,,
12265,42.0,,,,,,,
12266,42.0,,,,,,,
12267,42.0,,,,,,,
12268,42.0,,,,,,,
12269,42.0,,,,,,,
12270,42.0,,,,,,,
12271,42.0,,,,,,,
12272,42.0,,,,,,,
12273,42.0,,,,,,,
12274,42.0,,,,,,,
12275,42.0,,,,,,,
12276,42.0,,,,,,,
12277,42.0,,,,,,,
12278,42.0,,,,,,,
12279,42.0,,,,,,,
12280,42.0,,,,,,,
12281,42.0,,,,,,,
12282,42.0,,,,,,,
12283,14.0,,,,,,,
12284,42.0,,,,,,,
12285,42.0,,,,,,,
12286,42.0,,,,,,,
12287,42.0,,,,,,,
12288,42.0,,,,,,,
12289,42.0,,,,,,,
12290,42.0,,,,,,,
12291,42.0,,,,,,,
12292,42.0,,,,,,,
12293,42.0,,,,,,,
12294,42.0,,,,,,,
12295,14.0,,,,,,,
12296,28.0,,,,,,,
12297,42.0,,,,,,,
12298,42.0,,,,,,,
12299,42.0,,,,,,,
12300,42.0,,,,,,,
12301,42.0,,,,,,,
12302,42.0,,,,,,,
12303,42.0,,,,,,,
12304,42.0,,,,,,,
12305,42.0,,,,,,,
12306,48.0,,,,,,,
12307,84.0,,,,,,,
12308,42.0,,,,,,,
12309,42.0,,,,,,,
12310,42.0,,,,,,,
12311,126.0,,,,,,,
12312,42.0,,,,,,,
12313,42.0,,,,,,,
12314,42.0,,,,,,,
12315,42.0,,,,,,,
12316,42.0,,,,,,,
12317,42.0,,,,,,,
12318,42.0,,,,,,,
12319,126.0,,,,,,,
12320,42.0,,,,,,,
12321,42.0,,,,,,,
12322,42.0,,,,,,,
12323,42.0,,,,,,,
12324,42.0,,,,,,,
12325,42.0,,,,,,,
12326,42.0,,,,,,,
12327,42.0,,,,,,,
12328,42.0,,,,,,,
12329,126.0,,,,,,,
12330,42.0,,,,,,,
12331,84.0,,,,,,,
12332,42.0,,,,,,,
12333,84.0,,,,,,,
12334,42.0,,,,,,,
12335,42.0,,,,,,,
12336,84.0,,,,,,,
12337,87.0,,,,,,,
12338,42.0,,,,,,,
12339,84.0,,,,,,,
12340,42.0,,,,,,,
12341,42.0,,,,,,,
12342,42.0,,,,,,,
12343,42.0,,,,,,,
12344,84.0,,,,,,,
12345,42.0,,,,,,,
12346,42.0,,,,,,,
12347,126.0,,,,,,,
12348,126.0,,,,,,,
12349,42.0,,,,,,,
12350,42.0,,,,,,,
12351,42.0,,,,,,,
12352,42.0,,,,,,,
12353,84.0,,,,,,,
12354,48.0,,,,,,,
12355,42.0,,,,,,,
12356,84.0,,,,,,,
12357,42.0,,,,,,,
12358,42.0,,,,,,,
12359,42.0,,,,,,,
12360,42.0,,,,,,,
12361,42.0,,,,,,,
12362,42.0,,,,,,,
12363,48.0,,,,,,,
12364,42.0,,,,,,,
12365,42.0,,,,,,,
12366,42.0,,,,,,,
12367,42.0,,,,,,,
12368,42.0,,,,,,,
12369,42.0,,,,,,,
12370,42.0,,,,,,,
12371,42.0,,,,,,,
12372,42.0,,,,,,,
12373,42.0,,,,,,,
12374,84.0,,,,,,,
12375,42.0,,,,,,,
12376,126.0,,,,,,,
12377,42.0,,,,,,,
12378,42.0,,,,,,,
12379,42.0,,,,,,,
12380,84.0,,,,,,,
12381,84.0,,,,,,,
12382,42.0,,,,,,,
12383,42.0,,,,,,,
12384,42.0,,,,,,,
12385,42.0,,,,,,,
12386,42.0,,,,,,,
12387,42.0,,,,,,,
12388,42.0,,,,,,,
12389,42.0,,,,,,,
12390,42.0,,,,,,,
12391,84.0,,,,,,,
12392,42.0,,,,,,,
12393,42.0,,,,,,,
12394,42.0,,,,,,,
12395,42.0,,,,,,,
12396,84.0,,,,,,,
12397,42.0,,,,,,,
12398,42.0,,,,,,,
12399,42.0,,,,,,,
12400,42.0,,,,,,,
12401,42.0,,,,,,,
12402,84.0,,,,,,,
12403,48.0,,,,,,,
12404,42.0,,,,,,,
12405,42.0,,,,,,,
12406,42.0,,,,,,,
12407,42.0,,,,,,,
12408,42.0,,,,,,,
12409,42.0,,,,,,,
12410,84.0,,,,,,,
12411,48.0,,,,,,,
12412,42.0,,,,,,,
12413,42.0,,,,,,,
12414,42.0,,,,,,,
12415,42.0,,,,,,,
12416,84.0,,,,,,,
12417,84.0,,,,,,,
12418,42.0,,,,,,,
12419,42.0,,,,,,,
12420,42.0,,,,,,,
12421,42.0,,,,,,,
12422,42.0,,,,,,,
12423,42.0,,,,,,,
12424,42.0,,,,,,,
12425,42.0,,,,,,,
12426,42.0,,,,,,,
12427,42.0,,,,,,,
12428,42.0,,,,,,,
12429,84.0,,,,,,,
12430,42.0,,,,,,,
12431,42.0,,,,,,,
12432,42.0,,,,,,,
12433,42.0,,,,,,,
12434,42.0,,,,,,,
12435,84.0,,,,,,,
12436,42.0,,,,,,,
12437,42.0,,,,,,,
12438,42.0,,,,,,,
12439,42.0,,,,,,,
12440,28.0,,,,,,,
12441,48.0,,,,,,,
12442,42.0,,,,,,,
12443,42.0,,,,,,,
12444,42.0,,,,,,,
12445,42.0,,,,,,,
12446,42.0,,,,,,,
12447,42.0,,,,,,,
12448,42.0,,,,,,,
12449,42.0,,,,,,,
12450,42.0,,,,,,,
12451,42.0,,,,,,,
12452,42.0,,,,,,,
12453,42.0,,,,,,,
12454,42.0,,,,,,,
12455,42.0,,,,,,,
12456,42.0,,,,,,,
12457,42.0,,,,,,,
12458,42.0,,,,,,,
12459,42.0,,,,,,,
12460,42.0,,,,,,,
12461,42.0,,,,,,,
12462,42.0,,,,,,,
12463,42.0,,,,,,,
12464,42.0,,,,,,,
12465,42.0,,,,,,,
12466,42.0,,,,,,,
12467,42.0,,,,,,,
12468,42.0,,,,,,,
12469,42.0,,,,,,,
12470,42.0,,,,,,,
12471,42.0,,,,,,,
12472,42.0,,,,,,,
12473,42.0,,,,,,,
12474,42.0,,,,,,,
12475,42.0,,,,,,,
12476,42.0,,,,,,,
12477,42.0,,,,,,,
12478,42.0,,,,,,,
12479,42.0,,,,,,,
12480,42.0,,,,,,,
12481,42.0,,,,,,,
12482,42.0,,,,,,,
12483,42.0,,,,,,,
12484,42.0,,,,,,,
12485,42.0,,,,,,,
12486,42.0,,,,,,,
12487,42.0,,,,,,,
12488,42.0,,,,,,,
12489,42.0,,,,,,,
12490,42.0,,,,,,,
12491,42.0,,,,,,,
12492,42.0,,,,,,,
12493,42.0,,,,,,,
12494,42.0,,,,,,,
12495,42.0,,,,,,,
12496,42.0,,,,,,,
12497,42.0,,,,,,,
12498,42.0,,,,,,,
12499,42.0,,,,,,,
12500,14.0,,,,,,,
12501,42.0,,,,,,,
12502,42.0,,,,,,,
12503,42.0,,,,,,,
12504,42.0,,,,,,,
12505,42.0,,,,,,,
12506,42.0,,,,,,,
12507,42.0,,,,,,,
12508,42.0,,,,,,,
12509,42.0,,,,,,,
12510,42.0,,,,,,,
12511,42.0,,,,,,,
12512,14.0,,,,,,,
12513,42.0,,,,,,,
12514,42.0,,,,,,,
12515,42.0,,,,,,,
12516,42.0,,,,,,,
12517,42.0,,,,,,,
12518,42.0,,,,,,,
12519,42.0,,,,,,,
12520,42.0,,,,,,,
12521,42.0,,,,,,,
12522,42.0,,,,,,,
12523,42.0,,,,,,,
12524,28.0,,,,,,,
12525,42.0,,,,,,,
12526,42.0,,,,,,,
12527,42.0,,,,,,,
12528,42.0,,,,,,,
12529,42.0,,,,,,,
12530,42.0,,,,,,,
12531,42.0,,,,,,,
12532,42.0,,,,,,,
12533,42.0,,,,,,,
12534,42.0,,,,,,,
12535,42.0,,,,,,,
12536,42.0,,,,,,,
12537,42.0,,,,,,,
12538,42.0,,,,,,,
12539,84.0,,,,,,,
12540,42.0,,,,,,,
12541,84.0,,,,,,,
12542,42.0,,,,,,,
12543,42.0,,,,,,,
12544,42.0,,,,,,,
12545,126.0,,,,,,,
12546,42.0,,,,,,,
12547,42.0,,,,,,,
12548,42.0,,,,,,,
12549,126.0,,,,,,,
12550,42.0,,,,,,,
12551,48.0,,,,,,,
12552,126.0,,,,,,,
12553,42.0,,,,,,,
12554,42.0,,,,,,,
12555,42.0,,,,,,,
12556,126.0,,,,,,,
12557,84.0,,,,,,,
12558,42.0,,,,,,,
12559,126.0,,,,,,,
12560,42.0,,,,,,,
12561,42.0,,,,,,,
12562,42.0,,,,,,,
12563,42.0,,,,,,,
12564,42.0,,,,,,,
12565,84.0,,,,,,,
12566,42.0,,,,,,,
12567,84.0,,,,,,,
12568,42.0,,,,,,,
12569,48.0,,,,,,,
12570,84.0,,,,,,,
12571,42.0,,,,,,,
12572,42.0,,,,,,,
12573,42.0,,,,,,,
12574,42.0,,,,,,,
12575,42.0,,,,,,,
12576,42.0,,,,,,,
12577,42.0,,,,,,,
12578,42.0,,,,,,,
12579,42.0,,,,,,,
12580,42.0,,,,,,,
12581,42.0,,,,,,,
12582,84.0,,,,,,,
12583,42.0,,,,,,,
12584,42.0,,,,,,,
12585,42.0,,,,,,,
12586,42.0,,,,,,,
12587,42.0,,,,,,,
12588,42.0,,,,,,,
12589,42.0,,,,,,,
12590,42.0,,,,,,,
12591,42.0,,,,,,,
12592,42.0,,,,,,,
12593,42.0,,,,,,,
12594,48.0,,,,,,,
12595,84.0,,,,,,,
12596,42.0,,,,,,,
12597,42.0,,,,,,,
12598,42.0,,,,,,,
12599,84.0,,,,,,,
12600,42.0,,,,,,,
12601,42.0,,,,,,,
12602,42.0,,,,,,,
12603,84.0,,,,,,,
12604,42.0,,,,,,,
12605,42.0,,,,,,,
12606,84.0,,,,,,,
12607,42.0,,,,,,,
12608,42.0,,,,,,,
12609,87.0,,,,,,,
12610,126.0,,,,,,,
12611,42.0,,,,,,,
12612,42.0,,,,,,,
12613,42.0,,,,,,,
12614,42.0,,,,,,,
12615,42.0,,,,,,,
12616,42.0,,,,,,,
12617,42.0,,,,,,,
12618,42.0,,,,,,,
12619,42.0,,,,,,,
12620,42.0,,,,,,,
12621,42.0,,,,,,,
12622,42.0,,,,,,,
12623,42.0,,,,,,,
12624,42.0,,,,,,,
12625,42.0,,,,,,,
12626,42.0,,,,,,,
12627,84.0,,,,,,,
12628,84.0,,,,,,,
12629,42.0,,,,,,,
12630,42.0,,,,,,,
12631,42.0,,,,,,,
12632,42.0,,,,,,,
12633,84.0,,,,,,,
12634,42.0,,,,,,,
12635,42.0,,,,,,,
12636,84.0,,,,,,,
12637,42.0,,,,,,,
12638,42.0,,,,,,,
12639,84.0,,,,,,,
12640,42.0,,,,,,,
12641,42.0,,,,,,,
12642,42.0,,,,,,,
12643,42.0,,,,,,,
12644,42.0,,,,,,,
12645,42.0,,,,,,,
12646,42.0,,,,,,,
12647,42.0,,,,,,,
12648,42.0,,,,,,,
12649,42.0,,,,,,,
12650,42.0,,,,,,,
12651,42.0,,,,,,,
12652,42.0,,,,,,,
12653,42.0,,,,,,,
12654,42.0,,,,,,,
12655,42.0,,,,,,,
12656,84.0,,,,,,,
12657,42.0,,,,,,,
12658,42.0,,,,,,,
12659,48.0,,,,,,,
12660,42.0,,,,,,,
12661,84.0,,,,,,,
12662,42.0,,,,,,,
12663,42.0,,,,,,,
12664,42.0,,,,,,,
12665,42.0,,,,,,,
12666,42.0,,,,,,,
12667,42.0,,,,,,,
12668,42.0,,,,,,,
12669,42.0,,,,,,,
12670,42.0,,,,,,,
12671,42.0,,,,,,,
12672,42.0,,,,,,,
12673,48.0,,,,,,,
12674,42.0,,,,,,,
12675,42.0,,,,,,,
12676,42.0,,,,,,,
12677,42.0,,,,,,,
12678,42.0,,,,,,,
12679,42.0,,,,,,,
12680,48.0,,,,,,,
12681,42.0,,,,,,,
12682,42.0,,,,,,,
12683,42.0,,,,,,,
12684,42.0,,,,,,,
12685,42.0,,,,,,,
12686,42.0,,,,,,,
12687,42.0,,,,,,,
12688,42.0,,,,,,,
12689,42.0,,,,,,,
12690,42.0,,,,,,,
12691,42.0,,,,,,,
12692,42.0,,,,,,,
12693,42.0,,,,,,,
12694,42.0,,,,,,,
12695,42.0,,,,,,,
12696,42.0,,,,,,,
12697,42.0,,,,,,,
12698,42.0,,,,,,,
12699,84.0,,,,,,,
12700,42.0,,,,,,,
12701,42.0,,,,,,,
12702,42.0,,,,,,,
12703,42.0,,,,,,,
12704,42.0,,,,,,,
12705,42.0,,,,,,,
12706,42.0,,,,,,,
12707,42.0,,,,,,,
12708,42.0,,,,,,,
12709,42.0,,,,,,,
12710,42.0,,,,,,,
12711,42.0,,,,,,,
12712,42.0,,,,,,,
12713,42.0,,,,,,,
12714,42.0,,,,,,,
12715,14.0,,,,,,,
12716,42.0,,,,,,,
12717,42.0,,,,,,,
12718,42.0,,,,,,,
12719,42.0,,,,,,,
12720,42.0,,,,,,,
12721,42.0,,,,,,,
12722,42.0,,,,,,,
12723,42.0,,,,,,,
12724,42.0,,,,,,,
12725,42.0,,,,,,,
12726,42.0,,,,,,,
12727,42.0,,,,,,,
12728,42.0,,,,,,,
12729,42.0,,,,,,,
12730,42.0,,,,,,,
12731,42.0,,,,,,,
12732,42.0,,,,,,,
12733,42.0,,,,,,,
12734,42.0,,,,,,,
12735,42.0,,,,,,,
12736,42.0,,,,,,,
12737,42.0,,,,,,,
12738,42.0,,,,,,,
12739,42.0,,,,,,,
12740,42.0,,,,,,,
12741,14.0,,,,,,,
12742,42.0,,,,,,,
12743,42.0,,,,,,,
12744,42.0,,,,,,,
12745,42.0,,,,,,,
12746,42.0,,,,,,,
12747,42.0,,,,,,,
12748,42.0,,,,,,,
12749,42.0,,,,,,,
12750,42.0,,,,,,,
12751,28.0,,,,,,,
12752,28.0,,,,,,,
12753,42.0,,,,,,,
12754,42.0,,,,,,,
12755,42.0,,,,,,,
12756,42.0,,,,,,,
12757,42.0,,,,,,,
12758,42.0,,,,,,,
12759,42.0,,,,,,,
12760,42.0,,,,,,,
12761,42.0,,,,,,,
12762,42.0,,,,,,,
12763,42.0,,,,,,,
12764,48.0,,,,,,,
12765,126.0,,,,,,,
12766,42.0,,,,,,,
12767,42.0,,,,,,,
12768,42.0,,,,,,,
12769,126.0,,,,,,,
12770,42.0,,,,,,,
12771,42.0,,,,,,,
12772,42.0,,,,,,,
12773,42.0,,,,,,,
12774,42.0,,,,,,,
12775,42.0,,,,,,,
12776,42.0,,,,,,,
12777,42.0,,,,,,,
12778,84.0,,,,,,,
12779,42.0,,,,,,,
12780,42.0,,,,,,,
12781,42.0,,,,,,,
12782,84.0,,,,,,,
12783,42.0,,,,,,,
12784,42.0,,,,,,,
12785,42.0,,,,,,,
12786,42.0,,,,,,,
12787,42.0,,,,,,,
12788,42.0,,,,,,,
12789,42.0,,,,,,,
12790,42.0,,,,,,,
12791,84.0,,,,,,,
12792,42.0,,,,,,,
12793,126.0,,,,,,,
12794,84.0,,,,,,,
12795,42.0,,,,,,,
12796,84.0,,,,,,,
12797,84.0,,,,,,,
12798,126.0,,,,,,,
12799,42.0,,,,,,,
12800,126.0,,,,,,,
12801,42.0,,,,,,,
12802,42.0,,,,,,,
12803,42.0,,,,,,,
12804,42.0,,,,,,,
12805,42.0,,,,,,,
12806,42.0,,,,,,,
12807,42.0,,,,,,,
12808,42.0,,,,,,,
12809,42.0,,,,,,,
12810,84.0,,,,,,,
12811,42.0,,,,,,,
12812,42.0,,,,,,,
12813,42.0,,,,,,,
12814,84.0,,,,,,,
12815,42.0,,,,,,,
12816,42.0,,,,,,,
12817,42.0,,,,,,,
12818,42.0,,,,,,,
12819,42.0,,,,,,,
12820,42.0,,,,,,,
12821,42.0,,,,,,,
12822,42.0,,,,,,,
12823,84.0,,,,,,,
12824,126.0,,,,,,,
12825,42.0,,,,,,,
12826,42.0,,,,,,,
12827,42.0,,,,,,,
12828,84.0,,,,,,,
12829,42.0,,,,,,,
12830,42.0,,,,,,,
12831,84.0,,,,,,,
12832,48.0,,,,,,,
12833,42.0,,,,,,,
12834,42.0,,,,,,,
12835,42.0,,,,,,,
12836,42.0,,,,,,,
12837,84.0,,,,,,,
12838,42.0,,,,,,,
12839,42.0,,,,,,,
12840,42.0,,,,,,,
12841,42.0,,,,,,,
12842,42.0,,,,,,,
12843,42.0,,,,,,,
12844,42.0,,,,,,,
12845,42.0,,,,,,,
12846,42.0,,,,,,,
12847,42.0,,,,,,,
12848,42.0,,,,,,,
12849,42.0,,,,,,,
12850,84.0,,,,,,,
12851,84.0,,,,,,,
12852,42.0,,,,,,,
12853,42.0,,,,,,,
12854,42.0,,,,,,,
12855,42.0,,,,,,,
12856,42.0,,,,,,,
12857,42.0,,,,,,,
12858,42.0,,,,,,,
12859,84.0,,,,,,,
12860,42.0,,,,,,,
12861,42.0,,,,,,,
12862,42.0,,,,,,,
12863,42.0,,,,,,,
12864,42.0,,,,,,,
12865,84.0,,,,,,,
12866,42.0,,,,,,,
12867,42.0,,,,,,,
12868,42.0,,,,,,,
12869,42.0,,,,,,,
12870,42.0,,,,,,,
12871,42.0,,,,,,,
12872,84.0,,,,,,,
12873,42.0,,,,,,,
12874,48.0,,,,,,,
12875,42.0,,,,,,,
12876,42.0,,,,,,,
12877,42.0,,,,,,,
12878,42.0,,,,,,,
12879,42.0,,,,,,,
12880,42.0,,,,,,,
12881,84.0,,,,,,,
12882,42.0,,,,,,,
12883,42.0,,,,,,,
12884,42.0,,,,,,,
12885,42.0,,,,,,,
12886,42.0,,,,,,,
12887,42.0,,,,,,,
12888,42.0,,,,,,,
12889,42.0,,,,,,,
12890,42.0,,,,,,,
12891,42.0,,,,,,,
12892,42.0,,,,,,,
12893,42.0,,,,,,,
12894,42.0,,,,,,,
12895,42.0,,,,,,,
12896,42.0,,,,,,,
12897,42.0,,,,,,,
12898,42.0,,,,,,,
12899,48.0,,,,,,,
12900,42.0,,,,,,,
12901,42.0,,,,,,,
12902,42.0,,,,,,,
12903,42.0,,,,,,,
12904,42.0,,,,,,,
12905,42.0,,,,,,,
12906,42.0,,,,,,,
12907,42.0,,,,,,,
12908,42.0,,,,,,,
12909,42.0,,,,,,,
12910,42.0,,,,,,,
12911,42.0,,,,,,,
12912,42.0,,,,,,,
12913,87.0,,,,,,,
12914,42.0,,,,,,,
12915,42.0,,,,,,,
12916,42.0,,,,,,,
12917,42.0,,,,,,,
12918,48.0,,,,,,,
12919,42.0,,,,,,,
12920,42.0,,,,,,,
12921,42.0,,,,,,,
12922,42.0,,,,,,,
12923,42.0,,,,,,,
12924,84.0,,,,,,,
12925,42.0,,,,,,,
12926,42.0,,,,,,,
12927,42.0,,,,,,,
12928,42.0,,,,,,,
12929,42.0,,,,,,,
12930,42.0,,,,,,,
12931,42.0,,,,,,,
12932,42.0,,,,,,,
12933,42.0,,,,,,,
12934,42.0,,,,,,,
12935,42.0,,,,,,,
12936,42.0,,,,,,,
12937,42.0,,,,,,,
12938,42.0,,,,,,,
12939,42.0,,,,,,,
12940,42.0,,,,,,,
12941,42.0,,,,,,,
12942,42.0,,,,,,,
12943,42.0,,,,,,,
12944,42.0,,,,,,,
12945,42.0,,,,,,,
12946,42.0,,,,,,,
12947,42.0,,,,,,,
12948,42.0,,,,,,,
12949,42.0,,,,,,,
12950,42.0,,,,,,,
12951,42.0,,,,,,,
12952,42.0,,,,,,,
12953,42.0,,,,,,,
12954,42.0,,,,,,,
12955,42.0,,,,,,,
12956,42.0,,,,,,,
12957,42.0,,,,,,,
12958,42.0,,,,,,,
12959,42.0,,,,,,,
12960,42.0,,,,,,,
12961,42.0,,,,,,,
12962,42.0,,,,,,,
12963,42.0,,,,,,,
12964,42.0,,,,,,,
12965,42.0,,,,,,,
12966,42.0,,,,,,,
12967,42.0,,,,,,,
12968,48.0,,,,,,,
12969,14.0,,,,,,,
12970,42.0,,,,,,,
12971,42.0,,,,,,,
12972,42.0,,,,,,,
12973,42.0,,,,,,,
12974,42.0,,,,,,,
12975,42.0,,,,,,,
12976,42.0,,,,,,,
12977,42.0,,,,,,,
12978,28.0,,,,,,,
12979,14.0,,,,,,,
12980,28.0,,,,,,,
12981,42.0,,,,,,,
12982,42.0,,,,,,,
12983,42.0,,,,,,,
12984,42.0,,,,,,,
12985,42.0,,,,,,,
12986,42.0,,,,,,,
12987,42.0,,,,,,,
12988,42.0,,,,,,,
12989,84.0,,,,,,,
12990,42.0,,,,,,,
12991,42.0,,,,,,,
12992,42.0,,,,,,,
12993,42.0,,,,,,,
12994,42.0,,,,,,,
12995,42.0,,,,,,,
12996,126.0,,,,,,,
12997,84.0,,,,,,,
12998,42.0,,,,,,,
12999,42.0,,,,,,,
13000,42.0,,,,,,,
13001,42.0,,,,,,,
13002,42.0,,,,,,,
13003,42.0,,,,,,,
13004,42.0,,,,,,,
13005,42.0,,,,,,,
13006,42.0,,,,,,,
13007,42.0,,,,,,,
13008,42.0,,,,,,,
13009,42.0,,,,,,,
13010,42.0,,,,,,,
13011,42.0,,,,,,,
13012,84.0,,,,,,,
13013,42.0,,,,,,,
13014,126.0,,,,,,,
13015,42.0,,,,,,,
13016,42.0,,,,,,,
13017,42.0,,,,,,,
13018,42.0,,,,,,,
13019,42.0,,,,,,,
13020,42.0,,,,,,,
13021,126.0,,,,,,,
13022,42.0,,,,,,,
13023,42.0,,,,,,,
13024,42.0,,,,,,,
13025,42.0,,,,,,,
13026,42.0,,,,,,,
13027,84.0,,,,,,,
13028,42.0,,,,,,,
13029,42.0,,,,,,,
13030,42.0,,,,,,,
13031,42.0,,,,,,,
13032,42.0,,,,,,,
13033,42.0,,,,,,,
13034,42.0,,,,,,,
13035,42.0,,,,,,,
13036,42.0,,,,,,,
13037,42.0,,,,,,,
13038,84.0,,,,,,,
13039,42.0,,,,,,,
13040,42.0,,,,,,,
13041,42.0,,,,,,,
13042,42.0,,,,,,,
13043,126.0,,,,,,,
13044,42.0,,,,,,,
13045,84.0,,,,,,,
13046,42.0,,,,,,,
13047,42.0,,,,,,,
13048,42.0,,,,,,,
13049,42.0,,,,,,,
13050,42.0,,,,,,,
13051,42.0,,,,,,,
13052,42.0,,,,,,,
13053,42.0,,,,,,,
13054,84.0,,,,,,,
13055,42.0,,,,,,,
13056,42.0,,,,,,,
13057,42.0,,,,,,,
13058,42.0,,,,,,,
13059,42.0,,,,,,,
13060,42.0,,,,,,,
13061,48.0,,,,,,,
13062,42.0,,,,,,,
13063,42.0,,,,,,,
13064,42.0,,,,,,,
13065,42.0,,,,,,,
13066,42.0,,,,,,,
13067,42.0,,,,,,,
13068,42.0,,,,,,,
13069,126.0,,,,,,,
13070,42.0,,,,,,,
13071,42.0,,,,,,,
13072,84.0,,,,,,,
13073,42.0,,,,,,,
13074,42.0,,,,,,,
13075,87.0,,,,,,,
13076,48.0,,,,,,,
13077,42.0,,,,,,,
13078,42.0,,,,,,,
13079,42.0,,,,,,,
13080,84.0,,,,,,,
13081,84.0,,,,,,,
13082,42.0,,,,,,,
13083,42.0,,,,,,,
13084,42.0,,,,,,,
13085,42.0,,,,,,,
13086,84.0,,,,,,,
13087,42.0,,,,,,,
13088,84.0,,,,,,,
13089,84.0,,,,,,,
13090,42.0,,,,,,,
13091,42.0,,,,,,,
13092,42.0,,,,,,,
13093,42.0,,,,,,,
13094,42.0,,,,,,,
13095,42.0,,,,,,,
13096,42.0,,,,,,,
13097,42.0,,,,,,,
13098,42.0,,,,,,,
13099,84.0,,,,,,,
13100,42.0,,,,,,,
13101,42.0,,,,,,,
13102,42.0,,,,,,,
13103,42.0,,,,,,,
13104,42.0,,,,,,,
13105,42.0,,,,,,,
13106,84.0,,,,,,,
13107,42.0,,,,,,,
13108,42.0,,,,,,,
13109,42.0,,,,,,,
13110,42.0,,,,,,,
13111,42.0,,,,,,,
13112,42.0,,,,,,,
13113,42.0,,,,,,,
13114,42.0,,,,,,,
13115,42.0,,,,,,,
13116,42.0,,,,,,,
13117,42.0,,,,,,,
13118,84.0,,,,,,,
13119,42.0,,,,,,,
13120,84.0,,,,,,,
13121,42.0,,,,,,,
13122,42.0,,,,,,,
13123,42.0,,,,,,,
13124,42.0,,,,,,,
13125,42.0,,,,,,,
13126,84.0,,,,,,,
13127,48.0,,,,,,,
13128,42.0,,,,,,,
13129,42.0,,,,,,,
13130,42.0,,,,,,,
13131,42.0,,,,,,,
13132,84.0,,,,,,,
13133,42.0,,,,,,,
13134,42.0,,,,,,,
13135,126.0,,,,,,,
13136,42.0,,,,,,,
13137,42.0,,,,,,,
13138,42.0,,,,,,,
13139,48.0,,,,,,,
13140,42.0,,,,,,,
13141,42.0,,,,,,,
13142,42.0,,,,,,,
13143,42.0,,,,,,,
13144,42.0,,,,,,,
13145,42.0,,,,,,,
13146,42.0,,,,,,,
13147,42.0,,,,,,,
13148,42.0,,,,,,,
13149,42.0,,,,,,,
13150,42.0,,,,,,,
13151,48.0,,,,,,,
13152,48.0,,,,,,,
13153,42.0,,,,,,,
13154,42.0,,,,,,,
13155,42.0,,,,,,,
13156,42.0,,,,,,,
13157,42.0,,,,,,,
13158,42.0,,,,,,,
13159,42.0,,,,,,,
13160,42.0,,,,,,,
13161,42.0,,,,,,,
13162,42.0,,,,,,,
13163,42.0,,,,,,,
13164,42.0,,,,,,,
13165,42.0,,,,,,,
13166,42.0,,,,,,,
13167,42.0,,,,,,,
13168,42.0,,,,,,,
13169,42.0,,,,,,,
13170,42.0,,,,,,,
13171,42.0,,,,,,,
13172,42.0,,,,,,,
13173,14.0,,,,,,,
13174,42.0,,,,,,,
13175,42.0,,,,,,,
13176,42.0,,,,,,,
13177,42.0,,,,,,,
13178,42.0,,,,,,,
13179,42.0,,,,,,,
13180,42.0,,,,,,,
13181,42.0,,,,,,,
13182,42.0,,,,,,,
13183,42.0,,,,,,,
13184,42.0,,,,,,,
13185,42.0,,,,,,,
13186,42.0,,,,,,,
13187,42.0,,,,,,,
13188,42.0,,,,,,,
13189,42.0,,,,,,,
13190,42.0,,,,,,,
13191,42.0,,,,,,,
13192,42.0,,,,,,,
13193,42.0,,,,,,,
13194,42.0,,,,,,,
13195,42.0,,,,,,,
13196,42.0,,,,,,,
13197,42.0,,,,,,,
13198,42.0,,,,,,,
13199,14.0,,,,,,,
13200,42.0,,,,,,,
13201,42.0,,,,,,,
13202,42.0,,,,,,,
13203,42.0,,,,,,,
13204,42.0,,,,,,,
13205,42.0,,,,,,,
13206,42.0,,,,,,,
13207,28.0,,,,,,,
13208,28.0,,,,,,,
13209,42.0,,,,,,,
13210,42.0,,,,,,,
13211,42.0,,,,,,,
13212,42.0,,,,,,,
13213,42.0,,,,,,,
13214,42.0,,,,,,,
13215,42.0,,,,,,,
13216,42.0,,,,,,,
13217,42.0,,,,,,,
13218,42.0,,,,,,,
13219,42.0,,,,,,,
13220,84.0,,,,,,,
13221,126.0,,,,,,,
13222,42.0,,,,,,,
13223,126.0,,,,,,,
13224,42.0,,,,,,,
13225,42.0,,,,,,,
13226,126.0,,,,,,,
13227,84.0,,,,,,,
13228,42.0,,,,,,,
13229,42.0,,,,,,,
13230,42.0,,,,,,,
13231,42.0,,,,,,,
13232,84.0,,,,,,,
13233,42.0,,,,,,,
13234,84.0,,,,,,,
13235,42.0,,,,,,,
13236,42.0,,,,,,,
13237,42.0,,,,,,,
13238,84.0,,,,,,,
13239,126.0,,,,,,,
13240,84.0,,,,,,,
13241,42.0,,,,,,,
13242,42.0,,,,,,,
13243,84.0,,,,,,,
13244,42.0,,,,,,,
13245,42.0,,,,,,,
13246,42.0,,,,,,,
13247,42.0,,,,,,,
13248,42.0,,,,,,,
13249,42.0,,,,,,,
13250,42.0,,,,,,,
13251,42.0,,,,,,,
13252,126.0,,,,,,,
13253,42.0,,,,,,,
13254,42.0,,,,,,,
13255,42.0,,,,,,,
13256,42.0,,,,,,,
13257,42.0,,,,,,,
13258,42.0,,,,,,,
13259,42.0,,,,,,,
13260,42.0,,,,,,,
13261,42.0,,,,,,,
13262,42.0,,,,,,,
13263,48.0,,,,,,,
13264,84.0,,,,,,,
13265,42.0,,,,,,,
13266,42.0,,,,,,,
13267,42.0,,,,,,,
13268,42.0,,,,,,,
13269,42.0,,,,,,,
13270,42.0,,,,,,,
13271,42.0,,,,,,,
13272,42.0,,,,,,,
13273,42.0,,,,,,,
13274,126.0,,,,,,,
13275,42.0,,,,,,,
13276,42.0,,,,,,,
13277,42.0,,,,,,,
13278,42.0,,,,,,,
13279,42.0,,,,,,,
13280,42.0,,,,,,,
13281,42.0,,,,,,,
13282,42.0,,,,,,,
13283,42.0,,,,,,,
13284,48.0,,,,,,,
13285,42.0,,,,,,,
13286,42.0,,,,,,,
13287,84.0,,,,,,,
13288,48.0,,,,,,,
13289,42.0,,,,,,,
13290,84.0,,,,,,,
13291,84.0,,,,,,,
13292,42.0,,,,,,,
13293,42.0,,,,,,,
13294,42.0,,,,,,,
13295,42.0,,,,,,,
13296,42.0,,,,,,,
13297,84.0,,,,,,,
13298,42.0,,,,,,,
13299,42.0,,,,,,,
13300,42.0,,,,,,,
13301,87.0,,,,,,,
13302,42.0,,,,,,,
13303,42.0,,,,,,,
13304,42.0,,,,,,,
13305,42.0,,,,,,,
13306,42.0,,,,,,,
13307,84.0,,,,,,,
13308,84.0,,,,,,,
13309,42.0,,,,,,,
13310,42.0,,,,,,,
13311,42.0,,,,,,,
13312,42.0,,,,,,,
13313,48.0,,,,,,,
13314,42.0,,,,,,,
13315,84.0,,,,,,,
13316,84.0,,,,,,,
13317,42.0,,,,,,,
13318,42.0,,,,,,,
13319,48.0,,,,,,,
13320,84.0,,,,,,,
13321,42.0,,,,,,,
13322,42.0,,,,,,,
13323,42.0,,,,,,,
13324,42.0,,,,,,,
13325,42.0,,,,,,,
13326,42.0,,,,,,,
13327,84.0,,,,,,,
13328,48.0,,,,,,,
13329,42.0,,,,,,,
13330,42.0,,,,,,,
13331,42.0,,,,,,,
13332,42.0,,,,,,,
13333,42.0,,,,,,,
13334,42.0,,,,,,,
13335,42.0,,,,,,,
13336,42.0,,,,,,,
13337,42.0,,,,,,,
13338,42.0,,,,,,,
13339,42.0,,,,,,,
13340,42.0,,,,,,,
13341,42.0,,,,,,,
13342,42.0,,,,,,,
13343,42.0,,,,,,,
13344,42.0,,,,,,,
13345,42.0,,,,,,,
13346,42.0,,,,,,,
13347,42.0,,,,,,,
13348,42.0,,,,,,,
13349,42.0,,,,,,,
13350,42.0,,,,,,,
13351,84.0,,,,,,,
13352,42.0,,,,,,,
13353,42.0,,,,,,,
13354,42.0,,,,,,,
13355,42.0,,,,,,,
13356,42.0,,,,,,,
13357,42.0,,,,,,,
13358,42.0,,,,,,,
13359,42.0,,,,,,,
13360,42.0,,,,,,,
13361,42.0,,,,,,,
13362,42.0,,,,,,,
13363,42.0,,,,,,,
13364,28.0,,,,,,,
13365,42.0,,,,,,,
13366,42.0,,,,,,,
13367,42.0,,,,,,,
13368,42.0,,,,,,,
13369,42.0,,,,,,,
13370,42.0,,,,,,,
13371,42.0,,,,,,,
13372,42.0,,,,,,,
13373,42.0,,,,,,,
13374,42.0,,,,,,,
13375,42.0,,,,,,,
13376,42.0,,,,,,,
13377,42.0,,,,,,,
13378,42.0,,,,,,,
13379,42.0,,,,,,,
13380,42.0,,,,,,,
13381,42.0,,,,,,,
13382,42.0,,,,,,,
13383,42.0,,,,,,,
13384,42.0,,,,,,,
13385,42.0,,,,,,,
13386,42.0,,,,,,,
13387,42.0,,,,,,,
13388,42.0,,,,,,,
13389,42.0,,,,,,,
13390,42.0,,,,,,,
13391,42.0,,,,,,,
13392,42.0,,,,,,,
13393,42.0,,,,,,,
13394,42.0,,,,,,,
13395,42.0,,,,,,,
13396,42.0,,,,,,,
13397,42.0,,,,,,,
13398,42.0,,,,,,,
13399,42.0,,,,,,,
13400,42.0,,,,,,,
13401,42.0,,,,,,,
13402,42.0,,,,,,,
13403,42.0,,,,,,,
13404,42.0,,,,,,,
13405,42.0,,,,,,,
13406,42.0,,,,,,,
13407,42.0,,,,,,,
13408,42.0,,,,,,,
13409,42.0,,,,,,,
13410,42.0,,,,,,,
13411,42.0,,,,,,,
13412,42.0,,,,,,,
13413,42.0,,,,,,,
13414,42.0,,,,,,,
13415,42.0,,,,,,,
13416,42.0,,,,,,,
13417,42.0,,,,,,,
13418,42.0,,,,,,,
13419,42.0,,,,,,,
13420,42.0,,,,,,,
13421,42.0,,,,,,,
13422,42.0,,,,,,,
13423,42.0,,,,,,,
13424,42.0,,,,,,,
13425,14.0,,,,,,,
13426,42.0,,,,,,,
13427,42.0,,,,,,,
13428,42.0,,,,,,,
13429,42.0,,,,,,,
13430,42.0,,,,,,,
13431,42.0,,,,,,,
13432,42.0,,,,,,,
13433,42.0,,,,,,,
13434,42.0,,,,,,,
13435,28.0,,,,,,,
13436,14.0,,,,,,,
13437,42.0,,,,,,,
13438,42.0,,,,,,,
13439,42.0,,,,,,,
13440,42.0,,,,,,,
13441,42.0,,,,,,,
13442,42.0,,,,,,,
13443,42.0,,,,,,,
13444,42.0,,,,,,,
13445,84.0,,,,,,,
13446,42.0,,,,,,,
13447,42.0,,,,,,,
13448,42.0,,,,,,,
13449,42.0,,,,,,,
13450,42.0,,,,,,,
13451,42.0,,,,,,,
13452,42.0,,,,,,,
13453,42.0,,,,,,,
13454,42.0,,,,,,,
13455,42.0,,,,,,,
13456,42.0,,,,,,,
13457,42.0,,,,,,,
13458,42.0,,,,,,,
13459,42.0,,,,,,,
13460,42.0,,,,,,,
13461,84.0,,,,,,,
13462,42.0,,,,,,,
13463,42.0,,,,,,,
13464,42.0,,,,,,,
13465,42.0,,,,,,,
13466,42.0,,,,,,,
13467,126.0,,,,,,,
13468,42.0,,,,,,,
13469,42.0,,,,,,,
13470,42.0,,,,,,,
13471,84.0,,,,,,,
13472,42.0,,,,,,,
13473,42.0,,,,,,,
13474,42.0,,,,,,,
13475,42.0,,,,,,,
13476,42.0,,,,,,,
13477,84.0,,,,,,,
13478,42.0,,,,,,,
13479,42.0,,,,,,,
13480,126.0,,,,,,,
13481,42.0,,,,,,,
13482,42.0,,,,,,,
13483,42.0,,,,,,,
13484,42.0,,,,,,,
13485,42.0,,,,,,,
13486,126.0,,,,,,,
13487,126.0,,,,,,,
13488,84.0,,,,,,,
13489,42.0,,,,,,,
13490,84.0,,,,,,,
13491,42.0,,,,,,,
13492,42.0,,,,,,,
13493,84.0,,,,,,,
13494,42.0,,,,,,,
13495,84.0,,,,,,,
13496,84.0,,,,,,,
13497,42.0,,,,,,,
13498,42.0,,,,,,,
13499,42.0,,,,,,,
13500,42.0,,,,,,,
13501,84.0,,,,,,,
13502,42.0,,,,,,,
13503,42.0,,,,,,,
13504,42.0,,,,,,,
13505,84.0,,,,,,,
13506,42.0,,,,,,,
13507,42.0,,,,,,,
13508,87.0,,,,,,,
13509,84.0,,,,,,,
13510,42.0,,,,,,,
13511,42.0,,,,,,,
13512,42.0,,,,,,,
13513,42.0,,,,,,,
13514,42.0,,,,,,,
13515,42.0,,,,,,,
13516,42.0,,,,,,,
13517,42.0,,,,,,,
13518,42.0,,,,,,,
13519,42.0,,,,,,,
13520,42.0,,,,,,,
13521,42.0,,,,,,,
13522,42.0,,,,,,,
13523,42.0,,,,,,,
13524,42.0,,,,,,,
13525,42.0,,,,,,,
13526,42.0,,,,,,,
13527,42.0,,,,,,,
13528,48.0,,,,,,,
13529,42.0,,,,,,,
13530,126.0,,,,,,,
13531,48.0,,,,,,,
13532,42.0,,,,,,,
13533,42.0,,,,,,,
13534,84.0,,,,,,,
13535,126.0,,,,,,,
13536,42.0,,,,,,,
13537,42.0,,,,,,,
13538,42.0,,,,,,,
13539,42.0,,,,,,,
13540,84.0,,,,,,,
13541,42.0,,,,,,,
13542,42.0,,,,,,,
13543,42.0,,,,,,,
13544,42.0,,,,,,,
13545,42.0,,,,,,,
13546,42.0,,,,,,,
13547,42.0,,,,,,,
13548,42.0,,,,,,,
13549,42.0,,,,,,,
13550,42.0,,,,,,,
13551,42.0,,,,,,,
13552,84.0,,,,,,,
13553,84.0,,,,,,,
13554,42.0,,,,,,,
13555,42.0,,,,,,,
13556,42.0,,,,,,,
13557,42.0,,,,,,,
13558,42.0,,,,,,,
13559,42.0,,,,,,,
13560,42.0,,,,,,,
13561,42.0,,,,,,,
13562,42.0,,,,,,,
13563,42.0,,,,,,,
13564,42.0,,,,,,,
13565,84.0,,,,,,,
13566,84.0,,,,,,,
13567,42.0,,,,,,,
13568,42.0,,,,,,,
13569,42.0,,,,,,,
13570,42.0,,,,,,,
13571,42.0,,,,,,,
13572,84.0,,,,,,,
13573,42.0,,,,,,,
13574,42.0,,,,,,,
13575,42.0,,,,,,,
13576,42.0,,,,,,,
13577,42.0,,,,,,,
13578,42.0,,,,,,,
13579,42.0,,,,,,,
13580,42.0,,,,,,,
13581,42.0,,,,,,,
13582,42.0,,,,,,,
13583,42.0,,,,,,,
13584,42.0,,,,,,,
13585,42.0,,,,,,,
13586,42.0,,,,,,,
13587,48.0,,,,,,,
13588,42.0,,,,,,,
13589,42.0,,,,,,,
13590,42.0,,,,,,,
13591,42.0,,,,,,,
13592,42.0,,,,,,,
13593,42.0,,,,,,,
13594,42.0,,,,,,,
13595,48.0,,,,,,,
13596,42.0,,,,,,,
13597,42.0,,,,,,,
13598,42.0,,,,,,,
13599,42.0,,,,,,,
13600,42.0,,,,,,,
13601,42.0,,,,,,,
13602,42.0,,,,,,,
13603,42.0,,,,,,,
13604,42.0,,,,,,,
13605,42.0,,,,,,,
13606,42.0,,,,,,,
13607,48.0,,,,,,,
13608,42.0,,,,,,,
13609,42.0,,,,,,,
13610,42.0,,,,,,,
13611,42.0,,,,,,,
13612,42.0,,,,,,,
13613,42.0,,,,,,,
13614,42.0,,,,,,,
13615,42.0,,,,,,,
13616,42.0,,,,,,,
13617,42.0,,,,,,,
13618,42.0,,,,,,,
13619,42.0,,,,,,,
13620,42.0,,,,,,,
13621,42.0,,,,,,,
13622,42.0,,,,,,,
13623,42.0,,,,,,,
13624,42.0,,,,,,,
13625,42.0,,,,,,,
13626,42.0,,,,,,,
13627,42.0,,,,,,,
13628,42.0,,,,,,,
13629,42.0,,,,,,,
13630,42.0,,,,,,,
13631,28.0,,,,,,,
13632,42.0,,,,,,,
13633,42.0,,,,,,,
13634,42.0,,,,,,,
13635,42.0,,,,,,,
13636,42.0,,,,,,,
13637,42.0,,,,,,,
13638,42.0,,,,,,,
13639,42.0,,,,,,,
13640,42.0,,,,,,,
13641,42.0,,,,,,,
13642,42.0,,,,,,,
13643,42.0,,,,,,,
13644,42.0,,,,,,,
13645,42.0,,,,,,,
13646,42.0,,,,,,,
13647,42.0,,,,,,,
13648,42.0,,,,,,,
13649,42.0,,,,,,,
13650,42.0,,,,,,,
13651,42.0,,,,,,,
13652,48.0,,,,,,,
13653,42.0,,,,,,,
13654,14.0,,,,,,,
13655,42.0,,,,,,,
13656,42.0,,,,,,,
13657,42.0,,,,,,,
13658,42.0,,,,,,,
13659,42.0,,,,,,,
13660,42.0,,,,,,,
13661,42.0,,,,,,,
13662,42.0,,,,,,,
13663,14.0,,,,,,,
13664,28.0,,,,,,,
13665,42.0,,,,,,,
13666,42.0,,,,,,,
13667,42.0,,,,,,,
13668,42.0,,,,,,,
13669,42.0,,,,,,,
13670,42.0,,,,,,,
13671,42.0,,,,,,,
13672,42.0,,,,,,,
13673,42.0,,,,,,,
13674,42.0,,,,,,,
13675,42.0,,,,,,,
13676,42.0,,,,,,,
13677,42.0,,,,,,,
13678,126.0,,,,,,,
13679,42.0,,,,,,,
13680,42.0,,,,,,,
13681,42.0,,,,,,,
13682,42.0,,,,,,,
13683,42.0,,,,,,,
13684,42.0,,,,,,,
13685,42.0,,,,,,,
13686,126.0,,,,,,,
13687,42.0,,,,,,,
13688,42.0,,,,,,,
13689,42.0,,,,,,,
13690,84.0,,,,,,,
13691,42.0,,,,,,,
13692,42.0,,,,,,,
13693,84.0,,,,,,,
13694,84.0,,,,,,,
13695,42.0,,,,,,,
13696,42.0,,,,,,,
13697,42.0,,,,,,,
13698,42.0,,,,,,,
13699,42.0,,,,,,,
13700,42.0,,,,,,,
13701,48.0,,,,,,,
13702,84.0,,,,,,,
13703,126.0,,,,,,,
13704,42.0,,,,,,,
13705,84.0,,,,,,,
13706,42.0,,,,,,,
13707,42.0,,,,,,,
13708,42.0,,,,,,,
13709,42.0,,,,,,,
13710,42.0,,,,,,,
13711,42.0,,,,,,,
13712,42.0,,,,,,,
13713,126.0,,,,,,,
13714,42.0,,,,,,,
13715,42.0,,,,,,,
13716,42.0,,,,,,,
13717,42.0,,,,,,,
13718,42.0,,,,,,,
13719,42.0,,,,,,,
13720,42.0,,,,,,,
13721,42.0,,,,,,,
13722,84.0,,,,,,,
13723,42.0,,,,,,,
13724,42.0,,,,,,,
13725,42.0,,,,,,,
13726,42.0,,,,,,,
13727,42.0,,,,,,,
13728,42.0,,,,,,,
13729,42.0,,,,,,,
13730,42.0,,,,,,,
13731,84.0,,,,,,,
13732,42.0,,,,,,,
13733,42.0,,,,,,,
13734,84.0,,,,,,,
13735,42.0,,,,,,,
13736,42.0,,,,,,,
13737,126.0,,,,,,,
13738,42.0,,,,,,,
13739,42.0,,,,,,,
13740,48.0,,,,,,,
13741,42.0,,,,,,,
13742,42.0,,,,,,,
13743,42.0,,,,,,,
13744,42.0,,,,,,,
13745,42.0,,,,,,,
13746,87.0,,,,,,,
13747,48.0,,,,,,,
13748,42.0,,,,,,,
13749,42.0,,,,,,,
13750,42.0,,,,,,,
13751,42.0,,,,,,,
13752,42.0,,,,,,,
13753,42.0,,,,,,,
13754,84.0,,,,,,,
13755,42.0,,,,,,,
13756,42.0,,,,,,,
13757,84.0,,,,,,,
13758,84.0,,,,,,,
13759,84.0,,,,,,,
13760,42.0,,,,,,,
13761,42.0,,,,,,,
13762,42.0,,,,,,,
13763,126.0,,,,,,,
13764,42.0,,,,,,,
13765,42.0,,,,,,,
13766,42.0,,,,,,,
13767,42.0,,,,,,,
13768,42.0,,,,,,,
13769,42.0,,,,,,,
13770,42.0,,,,,,,
13771,42.0,,,,,,,
13772,84.0,,,,,,,
13773,42.0,,,,,,,
13774,42.0,,,,,,,
13775,42.0,,,,,,,
13776,42.0,,,,,,,
13777,42.0,,,,,,,
13778,42.0,,,,,,,
13779,42.0,,,,,,,
13780,84.0,,,,,,,
13781,42.0,,,,,,,
13782,42.0,,,,,,,
13783,42.0,,,,,,,
13784,42.0,,,,,,,
13785,42.0,,,,,,,
13786,42.0,,,,,,,
13787,42.0,,,,,,,
13788,42.0,,,,,,,
13789,84.0,,,,,,,
13790,84.0,,,,,,,
13791,42.0,,,,,,,
13792,84.0,,,,,,,
13793,42.0,,,,,,,
13794,42.0,,,,,,,
13795,84.0,,,,,,,
13796,42.0,,,,,,,
13797,42.0,,,,,,,
13798,42.0,,,,,,,
13799,42.0,,,,,,,
13800,42.0,,,,,,,
13801,42.0,,,,,,,
13802,42.0,,,,,,,
13803,42.0,,,,,,,
13804,42.0,,,,,,,
13805,42.0,,,,,,,
13806,42.0,,,,,,,
13807,42.0,,,,,,,
13808,28.0,,,,,,,
13809,42.0,,,,,,,
13810,48.0,,,,,,,
13811,42.0,,,,,,,
13812,42.0,,,,,,,
13813,42.0,,,,,,,
13814,42.0,,,,,,,
13815,42.0,,,,,,,
13816,42.0,,,,,,,
13817,42.0,,,,,,,
13818,42.0,,,,,,,
13819,42.0,,,,,,,
13820,42.0,,,,,,,
13821,42.0,,,,,,,
13822,42.0,,,,,,,
13823,42.0,,,,,,,
13824,48.0,,,,,,,
13825,42.0,,,,,,,
13826,42.0,,,,,,,
13827,42.0,,,,,,,
13828,42.0,,,,,,,
13829,48.0,,,,,,,
13830,42.0,,,,,,,
13831,42.0,,,,,,,
13832,42.0,,,,,,,
13833,42.0,,,,,,,
13834,42.0,,,,,,,
13835,42.0,,,,,,,
13836,42.0,,,,,,,
13837,42.0,,,,,,,
13838,42.0,,,,,,,
13839,84.0,,,,,,,
13840,42.0,,,,,,,
13841,42.0,,,,,,,
13842,42.0,,,,,,,
13843,84.0,,,,,,,
13844,42.0,,,,,,,
13845,42.0,,,,,,,
13846,42.0,,,,,,,
13847,42.0,,,,,,,
13848,42.0,,,,,,,
13849,42.0,,,,,,,
13850,42.0,,,,,,,
13851,42.0,,,,,,,
13852,42.0,,,,,,,
13853,42.0,,,,,,,
13854,42.0,,,,,,,
13855,42.0,,,,,,,
13856,42.0,,,,,,,
13857,42.0,,,,,,,
13858,42.0,,,,,,,
13859,42.0,,,,,,,
13860,42.0,,,,,,,
13861,28.0,,,,,,,
13862,42.0,,,,,,,
13863,42.0,,,,,,,
13864,42.0,,,,,,,
13865,42.0,,,,,,,
13866,42.0,,,,,,,
13867,42.0,,,,,,,
13868,42.0,,,,,,,
13869,42.0,,,,,,,
13870,42.0,,,,,,,
13871,42.0,,,,,,,
13872,42.0,,,,,,,
13873,42.0,,,,,,,
13874,42.0,,,,,,,
13875,42.0,,,,,,,
13876,42.0,,,,,,,
13877,42.0,,,,,,,
13878,42.0,,,,,,,
13879,42.0,,,,,,,
13880,42.0,,,,,,,
13881,14.0,,,,,,,
13882,42.0,,,,,,,
13883,42.0,,,,,,,
13884,42.0,,,,,,,
13885,42.0,,,,,,,
13886,42.0,,,,,,,
13887,42.0,,,,,,,
13888,42.0,,,,,,,
13889,42.0,,,,,,,
13890,42.0,,,,,,,
13891,42.0,,,,,,,
13892,14.0,,,,,,,
13893,42.0,,,,,,,
13894,42.0,,,,,,,
13895,42.0,,,,,,,
13896,42.0,,,,,,,
13897,42.0,,,,,,,
13898,42.0,,,,,,,
13899,42.0,,,,,,,
13900,42.0,,,,,,,
13901,42.0,,,,,,,
13902,42.0,,,,,,,
13903,84.0,,,,,,,
13904,42.0,,,,,,,
13905,42.0,,,,,,,
13906,42.0,,,,,,,
13907,42.0,,,,,,,
13908,84.0,,,,,,,
13909,84.0,,,,,,,
13910,84.0,,,,,,,
13911,42.0,,,,,,,
13912,42.0,,,,,,,
13913,42.0,,,,,,,
13914,42.0,,,,,,,
13915,42.0,,,,,,,
13916,84.0,,,,,,,
13917,84.0,,,,,,,
13918,126.0,,,,,,,
13919,42.0,,,,,,,
13920,84.0,,,,,,,
13921,42.0,,,,,,,
13922,42.0,,,,,,,
13923,42.0,,,,,,,
13924,42.0,,,,,,,
13925,42.0,,,,,,,
13926,42.0,,,,,,,
13927,42.0,,,,,,,
13928,42.0,,,,,,,
13929,42.0,,,,,,,
13930,42.0,,,,,,,
13931,42.0,,,,,,,
13932,42.0,,,,,,,
13933,48.0,,,,,,,
13934,42.0,,,,,,,
13935,126.0,,,,,,,
13936,42.0,,,,,,,
13937,42.0,,,,,,,
13938,42.0,,,,,,,
13939,42.0,,,,,,,
13940,42.0,,,,,,,
13941,84.0,,,,,,,
13942,42.0,,,,,,,
13943,42.0,,,,,,,
13944,42.0,,,,,,,
13945,42.0,,,,,,,
13946,42.0,,,,,,,
13947,42.0,,,,,,,
13948,42.0,,,,,,,
13949,42.0,,,,,,,
13950,42.0,,,,,,,
13951,84.0,,,,,,,
13952,42.0,,,,,,,
13953,84.0,,,,,,,
13954,84.0,,,,,,,
13955,42.0,,,,,,,
13956,42.0,,,,,,,
13957,42.0,,,,,,,
13958,42.0,,,,,,,
13959,42.0,,,,,,,
13960,42.0,,,,,,,
13961,126.0,,,,,,,
13962,42.0,,,,,,,
13963,42.0,,,,,,,
13964,42.0,,,,,,,
13965,48.0,,,,,,,
13966,42.0,,,,,,,
13967,42.0,,,,,,,
13968,42.0,,,,,,,
13969,42.0,,,,,,,
13970,42.0,,,,,,,
13971,84.0,,,,,,,
13972,42.0,,,,,,,
13973,42.0,,,,,,,
13974,42.0,,,,,,,
13975,42.0,,,,,,,
13976,84.0,,,,,,,
13977,84.0,,,,,,,
13978,42.0,,,,,,,
13979,42.0,,,,,,,
13980,42.0,,,,,,,
13981,42.0,,,,,,,
13982,28.0,,,,,,,
13983,42.0,,,,,,,
13984,42.0,,,,,,,
13985,42.0,,,,,,,
13986,42.0,,,,,,,
13987,42.0,,,,,,,
13988,126.0,,,,,,,
13989,42.0,,,,,,,
13990,126.0,,,,,,,
13991,84.0,,,,,,,
13992,42.0,,,,,,,
13993,42.0,,,,,,,
13994,42.0,,,,,,,
13995,42.0,,,,,,,
13996,42.0,,,,,,,
13997,42.0,,,,,,,
13998,42.0,,,,,,,
13999,48.0,,,,,,,
14000,42.0,,,,,,,
14001,84.0,,,,,,,
14002,84.0,,,,,,,
14003,42.0,,,,,,,
14004,42.0,,,,,,,
14005,42.0,,,,,,,
14006,42.0,,,,,,,
14007,42.0,,,,,,,
14008,42.0,,,,,,,
14009,42.0,,,,,,,
14010,42.0,,,,,,,
14011,42.0,,,,,,,
14012,42.0,,,,,,,
14013,42.0,,,,,,,
14014,42.0,,,,,,,
14015,84.0,,,,,,,
14016,42.0,,,,,,,
14017,42.0,,,,,,,
14018,42.0,,,,,,,
14019,42.0,,,,,,,
14020,126.0,,,,,,,
14021,48.0,,,,,,,
14022,42.0,,,,,,,
14023,42.0,,,,,,,
14024,42.0,,,,,,,
14025,42.0,,,,,,,
14026,42.0,,,,,,,
14027,42.0,,,,,,,
14028,42.0,,,,,,,
14029,42.0,,,,,,,
14030,87.0,,,,,,,
14031,42.0,,,,,,,
14032,42.0,,,,,,,
14033,42.0,,,,,,,
14034,42.0,,,,,,,
14035,42.0,,,,,,,
14036,48.0,,,,,,,
14037,42.0,,,,,,,
14038,42.0,,,,,,,
14039,42.0,,,,,,,
14040,42.0,,,,,,,
14041,42.0,,,,,,,
14042,42.0,,,,,,,
14043,42.0,,,,,,,
14044,42.0,,,,,,,
14045,42.0,,,,,,,
14046,42.0,,,,,,,
14047,42.0,,,,,,,
14048,42.0,,,,,,,
14049,42.0,,,,,,,
14050,42.0,,,,,,,
14051,42.0,,,,,,,
14052,42.0,,,,,,,
14053,42.0,,,,,,,
14054,42.0,,,,,,,
14055,42.0,,,,,,,
14056,48.0,,,,,,,
14057,42.0,,,,,,,
14058,42.0,,,,,,,
14059,84.0,,,,,,,
14060,42.0,,,,,,,
14061,42.0,,,,,,,
14062,42.0,,,,,,,
14063,42.0,,,,,,,
14064,42.0,,,,,,,
14065,42.0,,,,,,,
14066,42.0,,,,,,,
14067,42.0,,,,,,,
14068,42.0,,,,,,,
14069,42.0,,,,,,,
14070,42.0,,,,,,,
14071,42.0,,,,,,,
14072,42.0,,,,,,,
14073,42.0,,,,,,,
14074,42.0,,,,,,,
14075,42.0,,,,,,,
14076,42.0,,,,,,,
14077,42.0,,,,,,,
14078,42.0,,,,,,,
14079,42.0,,,,,,,
14080,42.0,,,,,,,
14081,42.0,,,,,,,
14082,42.0,,,,,,,
14083,42.0,,,,,,,
14084,42.0,,,,,,,
14085,42.0,,,,,,,
14086,42.0,,,,,,,
14087,42.0,,,,,,,
14088,42.0,,,,,,,
14089,42.0,,,,,,,
14090,42.0,,,,,,,
14091,42.0,,,,,,,
14092,42.0,,,,,,,
14093,42.0,,,,,,,
14094,42.0,,,,,,,
14095,42.0,,,,,,,
14096,42.0,,,,,,,
14097,42.0,,,,,,,
14098,42.0,,,,,,,
14099,42.0,,,,,,,
14100,42.0,,,,,,,
14101,42.0,,,,,,,
14102,42.0,,,,,,,
14103,42.0,,,,,,,
14104,42.0,,,,,,,
14105,42.0,,,,,,,
14106,42.0,,,,,,,
14107,42.0,,,,,,,
14108,14.0,,,,,,,
14109,42.0,,,,,,,
14110,42.0,,,,,,,
14111,42.0,,,,,,,
14112,42.0,,,,,,,
14113,42.0,,,,,,,
14114,42.0,,,,,,,
14115,42.0,,,,,,,
14116,42.0,,,,,,,
14117,42.0,,,,,,,
14118,14.0,,,,,,,
14119,28.0,,,,,,,
14120,42.0,,,,,,,
14121,42.0,,,,,,,
14122,42.0,,,,,,,
14123,42.0,,,,,,,
14124,42.0,,,,,,,
14125,42.0,,,,,,,
14126,42.0,,,,,,,
14127,42.0,,,,,,,
14128,42.0,,,,,,,
14129,42.0,,,,,,,
14130,42.0,,,,,,,
14131,84.0,,,,,,,
14132,84.0,,,,,,,
14133,42.0,,,,,,,
14134,42.0,,,,,,,
14135,42.0,,,,,,,
14136,42.0,,,,,,,
14137,42.0,,,,,,,
14138,42.0,,,,,,,
14139,42.0,,,,,,,
14140,42.0,,,,,,,
14141,42.0,,,,,,,
14142,84.0,,,,,,,
14143,42.0,,,,,,,
14144,42.0,,,,,,,
14145,42.0,,,,,,,
14146,42.0,,,,,,,
14147,42.0,,,,,,,
14148,84.0,,,,,,,
14149,42.0,,,,,,,
14150,42.0,,,,,,,
14151,42.0,,,,,,,
14152,42.0,,,,,,,
14153,84.0,,,,,,,
14154,42.0,,,,,,,
14155,42.0,,,,,,,
14156,42.0,,,,,,,
14157,42.0,,,,,,,
14158,42.0,,,,,,,
14159,42.0,,,,,,,
14160,42.0,,,,,,,
14161,42.0,,,,,,,
14162,42.0,,,,,,,
14163,42.0,,,,,,,
14164,42.0,,,,,,,
14165,42.0,,,,,,,
14166,84.0,,,,,,,
14167,84.0,,,,,,,
14168,84.0,,,,,,,
14169,126.0,,,,,,,
14170,42.0,,,,,,,
14171,42.0,,,,,,,
14172,42.0,,,,,,,
14173,42.0,,,,,,,
14174,42.0,,,,,,,
14175,126.0,,,,,,,
14176,42.0,,,,,,,
14177,42.0,,,,,,,
14178,42.0,,,,,,,
14179,42.0,,,,,,,
14180,42.0,,,,,,,
14181,42.0,,,,,,,
14182,28.0,,,,,,,
14183,42.0,,,,,,,
14184,42.0,,,,,,,
14185,42.0,,,,,,,
14186,42.0,,,,,,,
14187,126.0,,,,,,,
14188,42.0,,,,,,,
14189,42.0,,,,,,,
14190,42.0,,,,,,,
14191,84.0,,,,,,,
14192,42.0,,,,,,,
14193,42.0,,,,,,,
14194,42.0,,,,,,,
14195,84.0,,,,,,,
14196,42.0,,,,,,,
14197,42.0,,,,,,,
14198,42.0,,,,,,,
14199,84.0,,,,,,,
14200,84.0,,,,,,,
14201,42.0,,,,,,,
14202,42.0,,,,,,,
14203,42.0,,,,,,,
14204,126.0,,,,,,,
14205,84.0,,,,,,,
14206,42.0,,,,,,,
14207,87.0,,,,,,,
14208,42.0,,,,,,,
14209,42.0,,,,,,,
14210,42.0,,,,,,,
14211,48.0,,,,,,,
14212,42.0,,,,,,,
14213,42.0,,,,,,,
14214,42.0,,,,,,,
14215,42.0,,,,,,,
14216,42.0,,,,,,,
14217,42.0,,,,,,,
14218,42.0,,,,,,,
14219,42.0,,,,,,,
14220,42.0,,,,,,,
14221,48.0,,,,,,,
14222,42.0,,,,,,,
14223,42.0,,,,,,,
14224,42.0,,,,,,,
14225,42.0,,,,,,,
14226,42.0,,,,,,,
14227,42.0,,,,,,,
14228,84.0,,,,,,,
14229,84.0,,,,,,,
14230,42.0,,,,,,,
14231,42.0,,,,,,,
14232,42.0,,,,,,,
14233,84.0,,,,,,,
14234,42.0,,,,,,,
14235,84.0,,,,,,,
14236,42.0,,,,,,,
14237,42.0,,,,,,,
14238,42.0,,,,,,,
14239,42.0,,,,,,,
14240,42.0,,,,,,,
14241,42.0,,,,,,,
14242,42.0,,,,,,,
14243,42.0,,,,,,,
14244,42.0,,,,,,,
14245,42.0,,,,,,,
14246,42.0,,,,,,,
14247,42.0,,,,,,,
14248,84.0,,,,,,,
14249,126.0,,,,,,,
14250,42.0,,,,,,,
14251,42.0,,,,,,,
14252,42.0,,,,,,,
14253,42.0,,,,,,,
14254,84.0,,,,,,,
14255,42.0,,,,,,,
14256,42.0,,,,,,,
14257,42.0,,,,,,,
14258,42.0,,,,,,,
14259,48.0,,,,,,,
14260,42.0,,,,,,,
14261,42.0,,,,,,,
14262,42.0,,,,,,,
14263,42.0,,,,,,,
14264,42.0,,,,,,,
14265,42.0,,,,,,,
14266,42.0,,,,,,,
14267,42.0,,,,,,,
14268,48.0,,,,,,,
14269,42.0,,,,,,,
14270,42.0,,,,,,,
14271,48.0,,,,,,,
14272,126.0,,,,,,,
14273,42.0,,,,,,,
14274,42.0,,,,,,,
14275,42.0,,,,,,,
14276,42.0,,,,,,,
14277,42.0,,,,,,,
14278,42.0,,,,,,,
14279,48.0,,,,,,,
14280,42.0,,,,,,,
14281,42.0,,,,,,,
14282,42.0,,,,,,,
14283,42.0,,,,,,,
14284,42.0,,,,,,,
14285,42.0,,,,,,,
14286,42.0,,,,,,,
14287,42.0,,,,,,,
14288,42.0,,,,,,,
14289,42.0,,,,,,,
14290,42.0,,,,,,,
14291,42.0,,,,,,,
14292,42.0,,,,,,,
14293,42.0,,,,,,,
14294,42.0,,,,,,,
14295,42.0,,,,,,,
14296,42.0,,,,,,,
14297,42.0,,,,,,,
14298,42.0,,,,,,,
14299,42.0,,,,,,,
14300,42.0,,,,,,,
14301,42.0,,,,,,,
14302,42.0,,,,,,,
14303,42.0,,,,,,,
14304,42.0,,,,,,,
14305,42.0,,,,,,,
14306,42.0,,,,,,,
14307,42.0,,,,,,,
14308,42.0,,,,,,,
14309,42.0,,,,,,,
14310,42.0,,,,,,,
14311,42.0,,,,,,,
14312,42.0,,,,,,,
14313,42.0,,,,,,,
14314,42.0,,,,,,,
14315,42.0,,,,,,,
14316,42.0,,,,,,,
14317,42.0,,,,,,,
14318,42.0,,,,,,,
14319,42.0,,,,,,,
14320,42.0,,,,,,,
14321,42.0,,,,,,,
14322,42.0,,,,,,,
14323,42.0,,,,,,,
14324,42.0,,,,,,,
14325,42.0,,,,,,,
14326,42.0,,,,,,,
14327,42.0,,,,,,,
14328,42.0,,,,,,,
14329,42.0,,,,,,,
14330,42.0,,,,,,,
14331,42.0,,,,,,,
14332,42.0,,,,,,,
14333,42.0,,,,,,,
14334,42.0,,,,,,,
14335,14.0,,,,,,,
14336,42.0,,,,,,,
14337,42.0,,,,,,,
14338,42.0,,,,,,,
14339,42.0,,,,,,,
14340,42.0,,,,,,,
14341,42.0,,,,,,,
14342,42.0,,,,,,,
14343,42.0,,,,,,,
14344,42.0,,,,,,,
14345,42.0,,,,,,,
14346,14.0,,,,,,,
14347,28.0,,,,,,,
14348,42.0,,,,,,,
14349,42.0,,,,,,,
14350,42.0,,,,,,,
14351,42.0,,,,,,,
14352,42.0,,,,,,,
14353,42.0,,,,,,,
14354,42.0,,,,,,,
14355,42.0,,,,,,,
14356,42.0,,,,,,,
14357,84.0,,,,,,,
14358,84.0,,,,,,,
14359,42.0,,,,,,,
14360,84.0,,,,,,,
14361,84.0,,,,,,,
14362,42.0,,,,,,,
14363,84.0,,,,,,,
14364,42.0,,,,,,,
14365,42.0,,,,,,,
14366,42.0,,,,,,,
14367,42.0,,,,,,,
14368,42.0,,,,,,,
14369,28.0,,,,,,,
14370,42.0,,,,,,,
14371,42.0,,,,,,,
14372,42.0,,,,,,,
14373,42.0,,,,,,,
14374,126.0,,,,,,,
14375,42.0,,,,,,,
14376,42.0,,,,,,,
14377,84.0,,,,,,,
14378,126.0,,,,,,,
14379,42.0,,,,,,,
14380,42.0,,,,,,,
14381,42.0,,,,,,,
14382,42.0,,,,,,,
14383,42.0,,,,,,,
14384,42.0,,,,,,,
14385,42.0,,,,,,,
14386,42.0,,,,,,,
14387,42.0,,,,,,,
14388,126.0,,,,,,,
14389,42.0,,,,,,,
14390,48.0,,,,,,,
14391,42.0,,,,,,,
14392,42.0,,,,,,,
14393,42.0,,,,,,,
14394,42.0,,,,,,,
14395,42.0,,,,,,,
14396,42.0,,,,,,,
14397,42.0,,,,,,,
14398,42.0,,,,,,,
14399,42.0,,,,,,,
14400,42.0,,,,,,,
14401,42.0,,,,,,,
14402,42.0,,,,,,,
14403,84.0,,,,,,,
14404,84.0,,,,,,,
14405,42.0,,,,,,,
14406,87.0,,,,,,,
14407,48.0,,,,,,,
14408,42.0,,,,,,,
14409,42.0,,,,,,,
14410,42.0,,,,,,,
14411,42.0,,,,,,,
14412,42.0,,,,,,,
14413,42.0,,,,,,,
14414,42.0,,,,,,,
14415,84.0,,,,,,,
14416,126.0,,,,,,,
14417,126.0,,,,,,,
14418,42.0,,,,,,,
14419,84.0,,,,,,,
14420,42.0,,,,,,,
14421,42.0,,,,,,,
14422,42.0,,,,,,,
14423,84.0,,,,,,,
14424,42.0,,,,,,,
14425,42.0,,,,,,,
14426,42.0,,,,,,,
14427,42.0,,,,,,,
14428,42.0,,,,,,,
14429,42.0,,,,,,,
14430,42.0,,,,,,,
14431,42.0,,,,,,,
14432,42.0,,,,,,,
14433,42.0,,,,,,,
14434,84.0,,,,,,,
14435,42.0,,,,,,,
14436,126.0,,,,,,,
14437,42.0,,,,,,,
14438,42.0,,,,,,,
14439,42.0,,,,,,,
14440,42.0,,,,,,,
14441,42.0,,,,,,,
14442,42.0,,,,,,,
14443,42.0,,,,,,,
14444,42.0,,,,,,,
14445,42.0,,,,,,,
14446,42.0,,,,,,,
14447,42.0,,,,,,,
14448,42.0,,,,,,,
14449,42.0,,,,,,,
14450,42.0,,,,,,,
14451,84.0,,,,,,,
14452,42.0,,,,,,,
14453,42.0,,,,,,,
14454,42.0,,,,,,,
14455,42.0,,,,,,,
14456,84.0,,,,,,,
14457,42.0,,,,,,,
14458,42.0,,,,,,,
14459,84.0,,,,,,,
14460,42.0,,,,,,,
14461,42.0,,,,,,,
14462,42.0,,,,,,,
14463,42.0,,,,,,,
14464,42.0,,,,,,,
14465,84.0,,,,,,,
14466,42.0,,,,,,,
14467,42.0,,,,,,,
14468,42.0,,,,,,,
14469,42.0,,,,,,,
14470,42.0,,,,,,,
14471,42.0,,,,,,,
14472,42.0,,,,,,,
14473,42.0,,,,,,,
14474,42.0,,,,,,,
14475,42.0,,,,,,,
14476,84.0,,,,,,,
14477,42.0,,,,,,,
14478,42.0,,,,,,,
14479,42.0,,,,,,,
14480,42.0,,,,,,,
14481,42.0,,,,,,,
14482,42.0,,,,,,,
14483,48.0,,,,,,,
14484,42.0,,,,,,,
14485,42.0,,,,,,,
14486,42.0,,,,,,,
14487,48.0,,,,,,,
14488,42.0,,,,,,,
14489,42.0,,,,,,,
14490,42.0,,,,,,,
14491,42.0,,,,,,,
14492,42.0,,,,,,,
14493,42.0,,,,,,,
14494,42.0,,,,,,,
14495,42.0,,,,,,,
14496,42.0,,,,,,,
14497,42.0,,,,,,,
14498,42.0,,,,,,,
14499,42.0,,,,,,,
14500,42.0,,,,,,,
14501,42.0,,,,,,,
14502,42.0,,,,,,,
14503,42.0,,,,,,,
14504,42.0,,,,,,,
14505,42.0,,,,,,,
14506,42.0,,,,,,,
14507,42.0,,,,,,,
14508,42.0,,,,,,,
14509,42.0,,,,,,,
14510,42.0,,,,,,,
14511,42.0,,,,,,,
14512,42.0,,,,,,,
14513,42.0,,,,,,,
14514,42.0,,,,,,,
14515,42.0,,,,,,,
14516,42.0,,,,,,,
14517,42.0,,,,,,,
14518,42.0,,,,,,,
14519,42.0,,,,,,,
14520,42.0,,,,,,,
14521,42.0,,,,,,,
14522,42.0,,,,,,,
14523,42.0,,,,,,,
14524,84.0,,,,,,,
14525,42.0,,,,,,,
14526,42.0,,,,,,,
14527,42.0,,,,,,,
14528,48.0,,,,,,,
14529,42.0,,,,,,,
14530,42.0,,,,,,,
14531,42.0,,,,,,,
14532,42.0,,,,,,,
14533,84.0,,,,,,,
14534,42.0,,,,,,,
14535,42.0,,,,,,,
14536,42.0,,,,,,,
14537,42.0,,,,,,,
14538,42.0,,,,,,,
14539,42.0,,,,,,,
14540,42.0,,,,,,,
14541,42.0,,,,,,,
14542,42.0,,,,,,,
14543,42.0,,,,,,,
14544,42.0,,,,,,,
14545,42.0,,,,,,,
14546,42.0,,,,,,,
14547,42.0,,,,,,,
14548,42.0,,,,,,,
14549,42.0,,,,,,,
14550,42.0,,,,,,,
14551,42.0,,,,,,,
14552,42.0,,,,,,,
14553,42.0,,,,,,,
14554,42.0,,,,,,,
14555,42.0,,,,,,,
14556,42.0,,,,,,,
14557,42.0,,,,,,,
14558,42.0,,,,,,,
14559,42.0,,,,,,,
14560,42.0,,,,,,,
14561,48.0,,,,,,,
14562,42.0,,,,,,,
14563,42.0,,,,,,,
14564,42.0,,,,,,,
14565,42.0,,,,,,,
14566,14.0,,,,,,,
14567,42.0,,,,,,,
14568,42.0,,,,,,,
14569,42.0,,,,,,,
14570,42.0,,,,,,,
14571,42.0,,,,,,,
14572,42.0,,,,,,,
14573,42.0,,,,,,,
14574,14.0,,,,,,,
14575,28.0,,,,,,,
14576,42.0,,,,,,,
14577,42.0,,,,,,,
14578,42.0,,,,,,,
14579,42.0,,,,,,,
14580,42.0,,,,,,,
14581,42.0,,,,,,,
14582,42.0,,,,,,,
14583,42.0,,,,,,,
14584,28.0,,,,,,,
14585,42.0,,,,,,,
14586,84.0,,,,,,,
14587,42.0,,,,,,,
14588,42.0,,,,,,,
14589,42.0,,,,,,,
14590,84.0,,,,,,,
14591,42.0,,,,,,,
14592,42.0,,,,,,,
14593,42.0,,,,,,,
14594,42.0,,,,,,,
14595,42.0,,,,,,,
14596,42.0,,,,,,,
14597,42.0,,,,,,,
14598,42.0,,,,,,,
14599,42.0,,,,,,,
14600,42.0,,,,,,,
14601,84.0,,,,,,,
14602,42.0,,,,,,,
14603,126.0,,,,,,,
14604,84.0,,,,,,,
14605,42.0,,,,,,,
14606,84.0,,,,,,,
14607,87.0,,,,,,,
14608,42.0,,,,,,,
14609,42.0,,,,,,,
14610,42.0,,,,,,,
14611,42.0,,,,,,,
14612,42.0,,,,,,,
14613,42.0,,,,,,,
14614,42.0,,,,,,,
14615,42.0,,,,,,,
14616,42.0,,,,,,,
14617,42.0,,,,,,,
14618,84.0,,,,,,,
14619,42.0,,,,,,,
14620,42.0,,,,,,,
14621,42.0,,,,,,,
14622,84.0,,,,,,,
14623,42.0,,,,,,,
14624,42.0,,,,,,,
14625,42.0,,,,,,,
14626,42.0,,,,,,,
14627,42.0,,,,,,,
14628,42.0,,,,,,,
14629,84.0,,,,,,,
14630,42.0,,,,,,,
14631,42.0,,,,,,,
14632,42.0,,,,,,,
14633,42.0,,,,,,,
14634,84.0,,,,,,,
14635,42.0,,,,,,,
14636,48.0,,,,,,,
14637,42.0,,,,,,,
14638,28.0,,,,,,,
14639,42.0,,,,,,,
14640,48.0,,,,,,,
14641,42.0,,,,,,,
14642,42.0,,,,,,,
14643,42.0,,,,,,,
14644,84.0,,,,,,,
14645,42.0,,,,,,,
14646,42.0,,,,,,,
14647,42.0,,,,,,,
14648,42.0,,,,,,,
14649,42.0,,,,,,,
14650,42.0,,,,,,,
14651,42.0,,,,,,,
14652,42.0,,,,,,,
14653,126.0,,,,,,,
14654,42.0,,,,,,,
14655,126.0,,,,,,,
14656,42.0,,,,,,,
14657,42.0,,,,,,,
14658,42.0,,,,,,,
14659,42.0,,,,,,,
14660,126.0,,,,,,,
14661,42.0,,,,,,,
14662,42.0,,,,,,,
14663,42.0,,,,,,,
14664,84.0,,,,,,,
14665,42.0,,,,,,,
14666,42.0,,,,,,,
14667,42.0,,,,,,,
14668,42.0,,,,,,,
14669,42.0,,,,,,,
14670,42.0,,,,,,,
14671,42.0,,,,,,,
14672,42.0,,,,,,,
14673,84.0,,,,,,,
14674,42.0,,,,,,,
14675,42.0,,,,,,,
14676,42.0,,,,,,,
14677,84.0,,,,,,,
14678,42.0,,,,,,,
14679,42.0,,,,,,,
14680,42.0,,,,,,,
14681,42.0,,,,,,,
14682,42.0,,,,,,,
14683,42.0,,,,,,,
14684,42.0,,,,,,,
14685,84.0,,,,,,,
14686,42.0,,,,,,,
14687,42.0,,,,,,,
14688,48.0,,,,,,,
14689,42.0,,,,,,,
14690,84.0,,,,,,,
14691,84.0,,,,,,,
14692,42.0,,,,,,,
14693,42.0,,,,,,,
14694,42.0,,,,,,,
14695,42.0,,,,,,,
14696,42.0,,,,,,,
14697,42.0,,,,,,,
14698,42.0,,,,,,,
14699,42.0,,,,,,,
14700,42.0,,,,,,,
14701,42.0,,,,,,,
14702,42.0,,,,,,,
14703,42.0,,,,,,,
14704,42.0,,,,,,,
14705,42.0,,,,,,,
14706,42.0,,,,,,,
14707,42.0,,,,,,,
14708,42.0,,,,,,,
14709,84.0,,,,,,,
14710,42.0,,,,,,,
14711,126.0,,,,,,,
14712,42.0,,,,,,,
14713,42.0,,,,,,,
14714,42.0,,,,,,,
14715,48.0,,,,,,,
14716,42.0,,,,,,,
14717,42.0,,,,,,,
14718,42.0,,,,,,,
14719,42.0,,,,,,,
14720,42.0,,,,,,,
14721,42.0,,,,,,,
14722,42.0,,,,,,,
14723,42.0,,,,,,,
14724,48.0,,,,,,,
14725,42.0,,,,,,,
14726,42.0,,,,,,,
14727,42.0,,,,,,,
14728,42.0,,,,,,,
14729,42.0,,,,,,,
14730,42.0,,,,,,,
14731,42.0,,,,,,,
14732,42.0,,,,,,,
14733,42.0,,,,,,,
14734,42.0,,,,,,,
14735,42.0,,,,,,,
14736,42.0,,,,,,,
14737,42.0,,,,,,,
14738,42.0,,,,,,,
14739,42.0,,,,,,,
14740,42.0,,,,,,,
14741,42.0,,,,,,,
14742,42.0,,,,,,,
14743,42.0,,,,,,,
14744,42.0,,,,,,,
14745,42.0,,,,,,,
14746,42.0,,,,,,,
14747,42.0,,,,,,,
14748,42.0,,,,,,,
14749,42.0,,,,,,,
14750,42.0,,,,,,,
14751,42.0,,,,,,,
14752,84.0,,,,,,,
14753,42.0,,,,,,,
14754,42.0,,,,,,,
14755,84.0,,,,,,,
14756,42.0,,,,,,,
14757,42.0,,,,,,,
14758,42.0,,,,,,,
14759,42.0,,,,,,,
14760,42.0,,,,,,,
14761,42.0,,,,,,,
14762,42.0,,,,,,,
14763,42.0,,,,,,,
14764,42.0,,,,,,,
14765,42.0,,,,,,,
14766,42.0,,,,,,,
14767,42.0,,,,,,,
14768,42.0,,,,,,,
14769,42.0,,,,,,,
14770,42.0,,,,,,,
14771,42.0,,,,,,,
14772,42.0,,,,,,,
14773,42.0,,,,,,,
14774,42.0,,,,,,,
14775,42.0,,,,,,,
14776,42.0,,,,,,,
14777,42.0,,,,,,,
14778,42.0,,,,,,,
14779,42.0,,,,,,,
14780,42.0,,,,,,,
14781,42.0,,,,,,,
14782,42.0,,,,,,,
14783,42.0,,,,,,,
14784,42.0,,,,,,,
14785,42.0,,,,,,,
14786,42.0,,,,,,,
14787,126.0,,,,,,,
14788,42.0,,,,,,,
14789,42.0,,,,,,,
14790,42.0,,,,,,,
14791,42.0,,,,,,,
14792,42.0,,,,,,,
14793,42.0,,,,,,,
14794,48.0,,,,,,,
14795,42.0,,,,,,,
14796,14.0,,,,,,,
14797,42.0,,,,,,,
14798,42.0,,,,,,,
14799,42.0,,,,,,,
14800,42.0,,,,,,,
14801,42.0,,,,,,,
14802,42.0,,,,,,,
14803,14.0,,,,,,,
14804,42.0,,,,,,,
14805,42.0,,,,,,,
14806,42.0,,,,,,,
14807,42.0,,,,,,,
14808,42.0,,,,,,,
14809,42.0,,,,,,,
14810,42.0,,,,,,,
14811,42.0,,,,,,,
14812,42.0,,,,,,,
14813,42.0,,,,,,,
14814,42.0,,,,,,,
14815,42.0,,,,,,,
14816,42.0,,,,,,,
14817,48.0,,,,,,,
14818,126.0,,,,,,,
14819,42.0,,,,,,,
14820,42.0,,,,,,,
14821,84.0,,,,,,,
14822,42.0,,,,,,,
14823,42.0,,,,,,,
14824,42.0,,,,,,,
14825,42.0,,,,,,,
14826,84.0,,,,,,,
14827,42.0,,,,,,,
14828,48.0,,,,,,,
14829,42.0,,,,,,,
14830,42.0,,,,,,,
14831,126.0,,,,,,,
14832,42.0,,,,,,,
14833,42.0,,,,,,,
14834,84.0,,,,,,,
14835,84.0,,,,,,,
14836,42.0,,,,,,,
14837,42.0,,,,,,,
14838,84.0,,,,,,,
14839,42.0,,,,,,,
14840,42.0,,,,,,,
14841,42.0,,,,,,,
14842,42.0,,,,,,,
14843,42.0,,,,,,,
14844,42.0,,,,,,,
14845,42.0,,,,,,,
14846,42.0,,,,,,,
14847,42.0,,,,,,,
14848,84.0,,,,,,,
14849,126.0,,,,,,,
14850,42.0,,,,,,,
14851,87.0,,,,,,,
14852,42.0,,,,,,,
14853,84.0,,,,,,,
14854,42.0,,,,,,,
14855,42.0,,,,,,,
14856,42.0,,,,,,,
14857,42.0,,,,,,,
14858,42.0,,,,,,,
14859,42.0,,,,,,,
14860,84.0,,,,,,,
14861,42.0,,,,,,,
14862,42.0,,,,,,,
14863,42.0,,,,,,,
14864,42.0,,,,,,,
14865,48.0,,,,,,,
14866,42.0,,,,,,,
14867,84.0,,,,,,,
14868,42.0,,,,,,,
14869,42.0,,,,,,,
14870,126.0,,,,,,,
14871,42.0,,,,,,,
14872,84.0,,,,,,,
14873,42.0,,,,,,,
14874,42.0,,,,,,,
14875,84.0,,,,,,,
14876,84.0,,,,,,,
14877,42.0,,,,,,,
14878,42.0,,,,,,,
14879,42.0,,,,,,,
14880,42.0,,,,,,,
14881,42.0,,,,,,,
14882,42.0,,,,,,,
14883,42.0,,,,,,,
14884,42.0,,,,,,,
14885,42.0,,,,,,,
14886,42.0,,,,,,,
14887,42.0,,,,,,,
14888,42.0,,,,,,,
14889,42.0,,,,,,,
14890,84.0,,,,,,,
14891,42.0,,,,,,,
14892,84.0,,,,,,,
14893,42.0,,,,,,,
14894,42.0,,,,,,,
14895,42.0,,,,,,,
14896,42.0,,,,,,,
14897,42.0,,,,,,,
14898,42.0,,,,,,,
14899,42.0,,,,,,,
14900,42.0,,,,,,,
14901,42.0,,,,,,,
14902,42.0,,,,,,,
14903,42.0,,,,,,,
14904,42.0,,,,,,,
14905,42.0,,,,,,,
14906,42.0,,,,,,,
14907,42.0,,,,,,,
14908,28.0,,,,,,,
14909,42.0,,,,,,,
14910,42.0,,,,,,,
14911,84.0,,,,,,,
14912,84.0,,,,,,,
14913,42.0,,,,,,,
14914,42.0,,,,,,,
14915,42.0,,,,,,,
14916,42.0,,,,,,,
14917,42.0,,,,,,,
14918,42.0,,,,,,,
14919,42.0,,,,,,,
14920,42.0,,,,,,,
14921,126.0,,,,,,,
14922,42.0,,,,,,,
14923,42.0,,,,,,,
14924,42.0,,,,,,,
14925,42.0,,,,,,,
14926,42.0,,,,,,,
14927,42.0,,,,,,,
14928,42.0,,,,,,,
14929,48.0,,,,,,,
14930,42.0,,,,,,,
14931,42.0,,,,,,,
14932,42.0,,,,,,,
14933,42.0,,,,,,,
14934,84.0,,,,,,,
14935,14.0,,,,,,,
14936,84.0,,,,,,,
14937,42.0,,,,,,,
14938,42.0,,,,,,,
14939,48.0,,,,,,,
14940,42.0,,,,,,,
14941,42.0,,,,,,,
14942,42.0,,,,,,,
14943,42.0,,,,,,,
14944,42.0,,,,,,,
14945,42.0,,,,,,,
14946,42.0,,,,,,,
14947,42.0,,,,,,,
14948,42.0,,,,,,,
14949,42.0,,,,,,,
14950,42.0,,,,,,,
14951,42.0,,,,,,,
14952,42.0,,,,,,,
14953,42.0,,,,,,,
14954,42.0,,,,,,,
14955,42.0,,,,,,,
14956,42.0,,,,,,,
14957,48.0,,,,,,,
14958,42.0,,,,,,,
14959,42.0,,,,,,,
14960,42.0,,,,,,,
14961,42.0,,,,,,,
14962,42.0,,,,,,,
14963,42.0,,,,,,,
14964,42.0,,,,,,,
14965,42.0,,,,,,,
14966,42.0,,,,,,,
14967,42.0,,,,,,,
14968,42.0,,,,,,,
14969,42.0,,,,,,,
14970,42.0,,,,,,,
14971,42.0,,,,,,,
14972,42.0,,,,,,,
14973,42.0,,,,,,,
14974,42.0,,,,,,,
14975,42.0,,,,,,,
14976,42.0,,,,,,,
14977,42.0,,,,,,,
14978,42.0,,,,,,,
14979,42.0,,,,,,,
14980,84.0,,,,,,,
14981,42.0,,,,,,,
14982,42.0,,,,,,,
14983,42.0,,,,,,,
14984,42.0,,,,,,,
14985,42.0,,,,,,,
14986,42.0,,,,,,,
14987,42.0,,,,,,,
14988,42.0,,,,,,,
14989,42.0,,,,,,,
14990,42.0,,,,,,,
14991,42.0,,,,,,,
14992,42.0,,,,,,,
14993,42.0,,,,,,,
14994,42.0,,,,,,,
14995,42.0,,,,,,,
14996,42.0,,,,,,,
14997,42.0,,,,,,,
14998,42.0,,,,,,,
14999,42.0,,,,,,,
15000,42.0,,,,,,,
15001,42.0,,,,,,,
15002,42.0,,,,,,,
15003,42.0,,,,,,,
15004,42.0,,,,,,,
15005,42.0,,,,,,,
15006,42.0,,,,,,,
15007,42.0,,,,,,,
15008,42.0,,,,,,,
15009,42.0,,,,,,,
15010,42.0,,,,,,,
15011,42.0,,,,,,,
15012,42.0,,,,,,,
15013,42.0,,,,,,,
15014,42.0,,,,,,,
15015,42.0,,,,,,,
15016,126.0,,,,,,,
15017,42.0,,,,,,,
15018,42.0,,,,,,,
15019,42.0,,,,,,,
15020,42.0,,,,,,,
15021,42.0,,,,,,,
15022,14.0,,,,,,,
15023,42.0,,,,,,,
15024,42.0,,,,,,,
15025,42.0,,,,,,,
15026,42.0,,,,,,,
15027,42.0,,,,,,,
15028,42.0,,,,,,,
15029,42.0,,,,,,,
15030,42.0,,,,,,,
15031,28.0,,,,,,,
15032,42.0,,,,,,,
15033,42.0,,,,,,,
15034,42.0,,,,,,,
15035,42.0,,,,,,,
15036,42.0,,,,,,,
15037,42.0,,,,,,,
15038,42.0,,,,,,,
15039,42.0,,,,,,,
15040,42.0,,,,,,,
15041,84.0,,,,,,,
15042,42.0,,,,,,,
15043,42.0,,,,,,,
15044,42.0,,,,,,,
15045,126.0,,,,,,,
15046,42.0,,,,,,,
15047,42.0,,,,,,,
15048,42.0,,,,,,,
15049,126.0,,,,,,,
15050,42.0,,,,,,,
15051,42.0,,,,,,,
15052,84.0,,,,,,,
15053,84.0,,,,,,,
15054,42.0,,,,,,,
15055,126.0,,,,,,,
15056,42.0,,,,,,,
15057,84.0,,,,,,,
15058,42.0,,,,,,,
15059,42.0,,,,,,,
15060,42.0,,,,,,,
15061,42.0,,,,,,,
15062,42.0,,,,,,,
15063,42.0,,,,,,,
15064,84.0,,,,,,,
15065,42.0,,,,,,,
15066,42.0,,,,,,,
15067,42.0,,,,,,,
15068,126.0,,,,,,,
15069,42.0,,,,,,,
15070,84.0,,,,,,,
15071,42.0,,,,,,,
15072,42.0,,,,,,,
15073,42.0,,,,,,,
15074,42.0,,,,,,,
15075,42.0,,,,,,,
15076,42.0,,,,,,,
15077,42.0,,,,,,,
15078,42.0,,,,,,,
15079,42.0,,,,,,,
15080,42.0,,,,,,,
15081,42.0,,,,,,,
15082,42.0,,,,,,,
15083,42.0,,,,,,,
15084,42.0,,,,,,,
15085,42.0,,,,,,,
15086,42.0,,,,,,,
15087,42.0,,,,,,,
15088,42.0,,,,,,,
15089,84.0,,,,,,,
15090,42.0,,,,,,,
15091,42.0,,,,,,,
15092,42.0,,,,,,,
15093,126.0,,,,,,,
15094,84.0,,,,,,,
15095,42.0,,,,,,,
15096,42.0,,,,,,,
15097,48.0,,,,,,,
15098,84.0,,,,,,,
15099,42.0,,,,,,,
15100,42.0,,,,,,,
15101,42.0,,,,,,,
15102,84.0,,,,,,,
15103,42.0,,,,,,,
15104,84.0,,,,,,,
15105,42.0,,,,,,,
15106,84.0,,,,,,,
15107,42.0,,,,,,,
15108,48.0,,,,,,,
15109,42.0,,,,,,,
15110,42.0,,,,,,,
15111,42.0,,,,,,,
15112,42.0,,,,,,,
15113,42.0,,,,,,,
15114,42.0,,,,,,,
15115,84.0,,,,,,,
15116,42.0,,,,,,,
15117,42.0,,,,,,,
15118,42.0,,,,,,,
15119,48.0,,,,,,,
15120,42.0,,,,,,,
15121,42.0,,,,,,,
15122,48.0,,,,,,,
15123,42.0,,,,,,,
15124,42.0,,,,,,,
15125,42.0,,,,,,,
15126,42.0,,,,,,,
15127,42.0,,,,,,,
15128,42.0,,,,,,,
15129,42.0,,,,,,,
15130,42.0,,,,,,,
15131,42.0,,,,,,,
15132,42.0,,,,,,,
15133,42.0,,,,,,,
15134,42.0,,,,,,,
15135,42.0,,,,,,,
15136,42.0,,,,,,,
15137,42.0,,,,,,,
15138,42.0,,,,,,,
15139,42.0,,,,,,,
15140,84.0,,,,,,,
15141,42.0,,,,,,,
15142,87.0,,,,,,,
15143,42.0,,,,,,,
15144,42.0,,,,,,,
15145,42.0,,,,,,,
15146,42.0,,,,,,,
15147,42.0,,,,,,,
15148,42.0,,,,,,,
15149,42.0,,,,,,,
15150,42.0,,,,,,,
15151,42.0,,,,,,,
15152,42.0,,,,,,,
15153,42.0,,,,,,,
15154,42.0,,,,,,,
15155,42.0,,,,,,,
15156,42.0,,,,,,,
15157,84.0,,,,,,,
15158,42.0,,,,,,,
15159,42.0,,,,,,,
15160,42.0,,,,,,,
15161,42.0,,,,,,,
15162,42.0,,,,,,,
15163,84.0,,,,,,,
15164,42.0,,,,,,,
15165,42.0,,,,,,,
15166,42.0,,,,,,,
15167,42.0,,,,,,,
15168,42.0,,,,,,,
15169,42.0,,,,,,,
15170,42.0,,,,,,,
15171,42.0,,,,,,,
15172,42.0,,,,,,,
15173,42.0,,,,,,,
15174,42.0,,,,,,,
15175,84.0,,,,,,,
15176,84.0,,,,,,,
15177,42.0,,,,,,,
15178,42.0,,,,,,,
15179,42.0,,,,,,,
15180,48.0,,,,,,,
15181,42.0,,,,,,,
15182,42.0,,,,,,,
15183,42.0,,,,,,,
15184,48.0,,,,,,,
15185,42.0,,,,,,,
15186,42.0,,,,,,,
15187,42.0,,,,,,,
15188,42.0,,,,,,,
15189,42.0,,,,,,,
15190,42.0,,,,,,,
15191,42.0,,,,,,,
15192,42.0,,,,,,,
15193,42.0,,,,,,,
15194,42.0,,,,,,,
15195,42.0,,,,,,,
15196,42.0,,,,,,,
15197,42.0,,,,,,,
15198,42.0,,,,,,,
15199,42.0,,,,,,,
15200,42.0,,,,,,,
15201,42.0,,,,,,,
15202,42.0,,,,,,,
15203,42.0,,,,,,,
15204,42.0,,,,,,,
15205,42.0,,,,,,,
15206,42.0,,,,,,,
15207,84.0,,,,,,,
15208,42.0,,,,,,,
15209,42.0,,,,,,,
15210,42.0,,,,,,,
15211,42.0,,,,,,,
15212,42.0,,,,,,,
15213,42.0,,,,,,,
15214,42.0,,,,,,,
15215,42.0,,,,,,,
15216,42.0,,,,,,,
15217,42.0,,,,,,,
15218,42.0,,,,,,,
15219,42.0,,,,,,,
15220,42.0,,,,,,,
15221,42.0,,,,,,,
15222,42.0,,,,,,,
15223,42.0,,,,,,,
15224,42.0,,,,,,,
15225,42.0,,,,,,,
15226,42.0,,,,,,,
15227,42.0,,,,,,,
15228,42.0,,,,,,,
15229,42.0,,,,,,,
15230,42.0,,,,,,,
15231,42.0,,,,,,,
15232,42.0,,,,,,,
15233,42.0,,,,,,,
15234,42.0,,,,,,,
15235,42.0,,,,,,,
15236,42.0,,,,,,,
15237,42.0,,,,,,,
15238,42.0,,,,,,,
15239,42.0,,,,,,,
15240,42.0,,,,,,,
15241,42.0,,,,,,,
15242,42.0,,,,,,,
15243,126.0,,,,,,,
15244,42.0,,,,,,,
15245,42.0,,,,,,,
15246,42.0,,,,,,,
15247,42.0,,,,,,,
15248,42.0,,,,,,,
15249,42.0,,,,,,,
15250,14.0,,,,,,,
15251,42.0,,,,,,,
15252,42.0,,,,,,,
15253,42.0,,,,,,,
15254,42.0,,,,,,,
15255,42.0,,,,,,,
15256,42.0,,,,,,,
15257,28.0,,,,,,,
15258,14.0,,,,,,,
15259,28.0,,,,,,,
15260,42.0,,,,,,,
15261,42.0,,,,,,,
15262,42.0,,,,,,,
15263,42.0,,,,,,,
15264,42.0,,,,,,,
15265,42.0,,,,,,,
15266,42.0,,,,,,,
15267,42.0,,,,,,,
15268,42.0,,,,,,,
15269,42.0,,,,,,,
15270,42.0,,,,,,,
15271,42.0,,,,,,,
15272,42.0,,,,,,,
15273,84.0,,,,,,,
15274,84.0,,,,,,,
15275,126.0,,,,,,,
15276,42.0,,,,,,,
15277,84.0,,,,,,,
15278,42.0,,,,,,,
15279,42.0,,,,,,,
15280,48.0,,,,,,,
15281,42.0,,,,,,,
15282,42.0,,,,,,,
15283,42.0,,,,,,,
15284,42.0,,,,,,,
15285,84.0,,,,,,,
15286,42.0,,,,,,,
15287,42.0,,,,,,,
15288,42.0,,,,,,,
15289,42.0,,,,,,,
15290,84.0,,,,,,,
15291,42.0,,,,,,,
15292,42.0,,,,,,,
15293,126.0,,,,,,,
15294,84.0,,,,,,,
15295,48.0,,,,,,,
15296,42.0,,,,,,,
15297,42.0,,,,,,,
15298,42.0,,,,,,,
15299,42.0,,,,,,,
15300,42.0,,,,,,,
15301,42.0,,,,,,,
15302,42.0,,,,,,,
15303,42.0,,,,,,,
15304,42.0,,,,,,,
15305,42.0,,,,,,,
15306,42.0,,,,,,,
15307,42.0,,,,,,,
15308,42.0,,,,,,,
15309,84.0,,,,,,,
15310,42.0,,,,,,,
15311,42.0,,,,,,,
15312,84.0,,,,,,,
15313,42.0,,,,,,,
15314,42.0,,,,,,,
15315,42.0,,,,,,,
15316,126.0,,,,,,,
15317,42.0,,,,,,,
15318,42.0,,,,,,,
15319,42.0,,,,,,,
15320,42.0,,,,,,,
15321,42.0,,,,,,,
15322,126.0,,,,,,,
15323,48.0,,,,,,,
15324,42.0,,,,,,,
15325,42.0,,,,,,,
15326,48.0,,,,,,,
15327,42.0,,,,,,,
15328,84.0,,,,,,,
15329,42.0,,,,,,,
15330,84.0,,,,,,,
15331,42.0,,,,,,,
15332,42.0,,,,,,,
15333,42.0,,,,,,,
15334,42.0,,,,,,,
15335,42.0,,,,,,,
15336,42.0,,,,,,,
15337,42.0,,,,,,,
15338,42.0,,,,,,,
15339,42.0,,,,,,,
15340,42.0,,,,,,,
15341,42.0,,,,,,,
15342,42.0,,,,,,,
15343,42.0,,,,,,,
15344,42.0,,,,,,,
15345,42.0,,,,,,,
15346,42.0,,,,,,,
15347,42.0,,,,,,,
15348,42.0,,,,,,,
15349,42.0,,,,,,,
15350,87.0,,,,,,,
15351,42.0,,,,,,,
15352,42.0,,,,,,,
15353,42.0,,,,,,,
15354,84.0,,,,,,,
15355,42.0,,,,,,,
15356,126.0,,,,,,,
15357,42.0,,,,,,,
15358,42.0,,,,,,,
15359,42.0,,,,,,,
15360,42.0,,,,,,,
15361,42.0,,,,,,,
15362,42.0,,,,,,,
15363,42.0,,,,,,,
15364,42.0,,,,,,,
15365,42.0,,,,,,,
15366,42.0,,,,,,,
15367,42.0,,,,,,,
15368,84.0,,,,,,,
15369,84.0,,,,,,,
15370,42.0,,,,,,,
15371,42.0,,,,,,,
15372,48.0,,,,,,,
15373,42.0,,,,,,,
15374,42.0,,,,,,,
15375,84.0,,,,,,,
15376,42.0,,,,,,,
15377,42.0,,,,,,,
15378,42.0,,,,,,,
15379,42.0,,,,,,,
15380,42.0,,,,,,,
15381,42.0,,,,,,,
15382,42.0,,,,,,,
15383,42.0,,,,,,,
15384,42.0,,,,,,,
15385,42.0,,,,,,,
15386,42.0,,,,,,,
15387,42.0,,,,,,,
15388,42.0,,,,,,,
15389,84.0,,,,,,,
15390,42.0,,,,,,,
15391,42.0,,,,,,,
15392,42.0,,,,,,,
15393,42.0,,,,,,,
15394,42.0,,,,,,,
15395,84.0,,,,,,,
15396,42.0,,,,,,,
15397,84.0,,,,,,,
15398,42.0,,,,,,,
15399,42.0,,,,,,,
15400,42.0,,,,,,,
15401,42.0,,,,,,,
15402,42.0,,,,,,,
15403,42.0,,,,,,,
15404,42.0,,,,,,,
15405,42.0,,,,,,,
15406,42.0,,,,,,,
15407,126.0,,,,,,,
15408,42.0,,,,,,,
15409,42.0,,,,,,,
15410,42.0,,,,,,,
15411,42.0,,,,,,,
15412,42.0,,,,,,,
15413,48.0,,,,,,,
15414,42.0,,,,,,,
15415,42.0,,,,,,,
15416,42.0,,,,,,,
15417,42.0,,,,,,,
15418,84.0,,,,,,,
15419,28.0,,,,,,,
15420,42.0,,,,,,,
15421,42.0,,,,,,,
15422,42.0,,,,,,,
15423,42.0,,,,,,,
15424,42.0,,,,,,,
15425,42.0,,,,,,,
15426,42.0,,,,,,,
15427,42.0,,,,,,,
15428,42.0,,,,,,,
15429,42.0,,,,,,,
15430,42.0,,,,,,,
15431,42.0,,,,,,,
15432,42.0,,,,,,,
15433,42.0,,,,,,,
15434,42.0,,,,,,,
15435,42.0,,,,,,,
15436,42.0,,,,,,,
15437,42.0,,,,,,,
15438,42.0,,,,,,,
15439,42.0,,,,,,,
15440,84.0,,,,,,,
15441,42.0,,,,,,,
15442,42.0,,,,,,,
15443,42.0,,,,,,,
15444,42.0,,,,,,,
15445,42.0,,,,,,,
15446,42.0,,,,,,,
15447,42.0,,,,,,,
15448,42.0,,,,,,,
15449,42.0,,,,,,,
15450,42.0,,,,,,,
15451,42.0,,,,,,,
15452,42.0,,,,,,,
15453,42.0,,,,,,,
15454,42.0,,,,,,,
15455,42.0,,,,,,,
15456,42.0,,,,,,,
15457,42.0,,,,,,,
15458,42.0,,,,,,,
15459,42.0,,,,,,,
15460,42.0,,,,,,,
15461,42.0,,,,,,,
15462,42.0,,,,,,,
15463,42.0,,,,,,,
15464,42.0,,,,,,,
15465,42.0,,,,,,,
15466,42.0,,,,,,,
15467,42.0,,,,,,,
15468,42.0,,,,,,,
15469,42.0,,,,,,,
15470,42.0,,,,,,,
15471,42.0,,,,,,,
15472,42.0,,,,,,,
15473,42.0,,,,,,,
15474,42.0,,,,,,,
15475,42.0,,,,,,,
15476,14.0,,,,,,,
15477,42.0,,,,,,,
15478,42.0,,,,,,,
15479,42.0,,,,,,,
15480,42.0,,,,,,,
15481,42.0,,,,,,,
15482,42.0,,,,,,,
15483,42.0,,,,,,,
15484,42.0,,,,,,,
15485,42.0,,,,,,,
15486,28.0,,,,,,,
15487,14.0,,,,,,,
15488,42.0,,,,,,,
15489,42.0,,,,,,,
15490,42.0,,,,,,,
15491,42.0,,,,,,,
15492,42.0,,,,,,,
15493,42.0,,,,,,,
15494,42.0,,,,,,,
15495,42.0,,,,,,,
15496,42.0,,,,,,,
15497,42.0,,,,,,,
15498,126.0,,,,,,,
15499,42.0,,,,,,,
15500,42.0,,,,,,,
15501,42.0,,,,,,,
15502,42.0,,,,,,,
15503,84.0,,,,,,,
15504,42.0,,,,,,,
15505,126.0,,,,,,,
15506,42.0,,,,,,,
15507,84.0,,,,,,,
15508,42.0,,,,,,,
15509,42.0,,,,,,,
15510,42.0,,,,,,,
15511,42.0,,,,,,,
15512,42.0,,,,,,,
15513,42.0,,,,,,,
15514,84.0,,,,,,,
15515,42.0,,,,,,,
15516,42.0,,,,,,,
15517,42.0,,,,,,,
15518,126.0,,,,,,,
15519,42.0,,,,,,,
15520,48.0,,,,,,,
15521,42.0,,,,,,,
15522,42.0,,,,,,,
15523,42.0,,,,,,,
15524,42.0,,,,,,,
15525,84.0,,,,,,,
15526,42.0,,,,,,,
15527,42.0,,,,,,,
15528,84.0,,,,,,,
15529,42.0,,,,,,,
15530,42.0,,,,,,,
15531,42.0,,,,,,,
15532,84.0,,,,,,,
15533,42.0,,,,,,,
15534,42.0,,,,,,,
15535,42.0,,,,,,,
15536,42.0,,,,,,,
15537,48.0,,,,,,,
15538,42.0,,,,,,,
15539,42.0,,,,,,,
15540,84.0,,,,,,,
15541,42.0,,,,,,,
15542,42.0,,,,,,,
15543,42.0,,,,,,,
15544,42.0,,,,,,,
15545,42.0,,,,,,,
15546,42.0,,,,,,,
15547,42.0,,,,,,,
15548,42.0,,,,,,,
15549,87.0,,,,,,,
15550,42.0,,,,,,,
15551,42.0,,,,,,,
15552,42.0,,,,,,,
15553,126.0,,,,,,,
15554,42.0,,,,,,,
15555,42.0,,,,,,,
15556,84.0,,,,,,,
15557,42.0,,,,,,,
15558,84.0,,,,,,,
15559,84.0,,,,,,,
15560,42.0,,,,,,,
15561,84.0,,,,,,,
15562,42.0,,,,,,,
15563,42.0,,,,,,,
15564,42.0,,,,,,,
15565,42.0,,,,,,,
15566,42.0,,,,,,,
15567,42.0,,,,,,,
15568,42.0,,,,,,,
15569,42.0,,,,,,,
15570,42.0,,,,,,,
15571,48.0,,,,,,,
15572,42.0,,,,,,,
15573,42.0,,,,,,,
15574,84.0,,,,,,,
15575,42.0,,,,,,,
15576,42.0,,,,,,,
15577,42.0,,,,,,,
15578,42.0,,,,,,,
15579,42.0,,,,,,,
15580,42.0,,,,,,,
15581,42.0,,,,,,,
15582,42.0,,,,,,,
15583,42.0,,,,,,,
15584,84.0,,,,,,,
15585,42.0,,,,,,,
15586,42.0,,,,,,,
15587,42.0,,,,,,,
15588,42.0,,,,,,,
15589,42.0,,,,,,,
15590,42.0,,,,,,,
15591,42.0,,,,,,,
15592,42.0,,,,,,,
15593,42.0,,,,,,,
15594,42.0,,,,,,,
15595,126.0,,,,,,,
15596,42.0,,,,,,,
15597,42.0,,,,,,,
15598,42.0,,,,,,,
15599,42.0,,,,,,,
15600,42.0,,,,,,,
15601,84.0,,,,,,,
15602,42.0,,,,,,,
15603,84.0,,,,,,,
15604,42.0,,,,,,,
15605,42.0,,,,,,,
15606,42.0,,,,,,,
15607,42.0,,,,,,,
15608,84.0,,,,,,,
15609,84.0,,,,,,,
15610,42.0,,,,,,,
15611,42.0,,,,,,,
15612,42.0,,,,,,,
15613,42.0,,,,,,,
15614,42.0,,,,,,,
15615,42.0,,,,,,,
15616,42.0,,,,,,,
15617,42.0,,,,,,,
15618,42.0,,,,,,,
15619,42.0,,,,,,,
15620,42.0,,,,,,,
15621,84.0,,,,,,,
15622,42.0,,,,,,,
15623,42.0,,,,,,,
15624,42.0,,,,,,,
15625,42.0,,,,,,,
15626,42.0,,,,,,,
15627,42.0,,,,,,,
15628,42.0,,,,,,,
15629,84.0,,,,,,,
15630,42.0,,,,,,,
15631,42.0,,,,,,,
15632,42.0,,,,,,,
15633,42.0,,,,,,,
15634,42.0,,,,,,,
15635,126.0,,,,,,,
15636,42.0,,,,,,,
15637,42.0,,,,,,,
15638,42.0,,,,,,,
15639,42.0,,,,,,,
15640,42.0,,,,,,,
15641,42.0,,,,,,,
15642,42.0,,,,,,,
15643,42.0,,,,,,,
15644,42.0,,,,,,,
15645,42.0,,,,,,,
15646,42.0,,,,,,,
15647,42.0,,,,,,,
15648,42.0,,,,,,,
15649,42.0,,,,,,,
15650,42.0,,,,,,,
15651,42.0,,,,,,,
15652,42.0,,,,,,,
15653,48.0,,,,,,,
15654,42.0,,,,,,,
15655,48.0,,,,,,,
15656,42.0,,,,,,,
15657,42.0,,,,,,,
15658,42.0,,,,,,,
15659,42.0,,,,,,,
15660,42.0,,,,,,,
15661,42.0,,,,,,,
15662,42.0,,,,,,,
15663,42.0,,,,,,,
15664,42.0,,,,,,,
15665,42.0,,,,,,,
15666,42.0,,,,,,,
15667,42.0,,,,,,,
15668,42.0,,,,,,,
15669,42.0,,,,,,,
15670,42.0,,,,,,,
15671,14.0,,,,,,,
15672,42.0,,,,,,,
15673,42.0,,,,,,,
15674,42.0,,,,,,,
15675,42.0,,,,,,,
15676,42.0,,,,,,,
15677,42.0,,,,,,,
15678,42.0,,,,,,,
15679,42.0,,,,,,,
15680,42.0,,,,,,,
15681,42.0,,,,,,,
15682,42.0,,,,,,,
15683,42.0,,,,,,,
15684,42.0,,,,,,,
15685,42.0,,,,,,,
15686,42.0,,,,,,,
15687,42.0,,,,,,,
15688,42.0,,,,,,,
15689,42.0,,,,,,,
15690,42.0,,,,,,,
15691,42.0,,,,,,,
15692,42.0,,,,,,,
15693,42.0,,,,,,,
15694,42.0,,,,,,,
15695,42.0,,,,,,,
15696,42.0,,,,,,,
15697,42.0,,,,,,,
15698,42.0,,,,,,,
15699,42.0,,,,,,,
15700,42.0,,,,,,,
15701,42.0,,,,,,,
15702,42.0,,,,,,,
15703,48.0,,,,,,,
15704,42.0,,,,,,,
15705,14.0,,,,,,,
15706,42.0,,,,,,,
15707,42.0,,,,,,,
15708,42.0,,,,,,,
15709,42.0,,,,,,,
15710,42.0,,,,,,,
15711,42.0,,,,,,,
15712,42.0,,,,,,,
15713,42.0,,,,,,,
15714,28.0,,,,,,,
15715,28.0,,,,,,,
15716,42.0,,,,,,,
15717,42.0,,,,,,,
15718,42.0,,,,,,,
15719,42.0,,,,,,,
15720,42.0,,,,,,,
15721,42.0,,,,,,,
15722,42.0,,,,,,,
15723,42.0,,,,,,,
15724,42.0,,,,,,,
15725,42.0,,,,,,,
15726,42.0,,,,,,,
15727,42.0,,,,,,,
15728,42.0,,,,,,,
15729,126.0,,,,,,,
15730,42.0,,,,,,,
15731,42.0,,,,,,,
15732,84.0,,,,,,,
15733,84.0,,,,,,,
15734,126.0,,,,,,,
15735,42.0,,,,,,,
15736,42.0,,,,,,,
15737,42.0,,,,,,,
15738,42.0,,,,,,,
15739,42.0,,,,,,,
15740,84.0,,,,,,,
15741,42.0,,,,,,,
15742,42.0,,,,,,,
15743,42.0,,,,,,,
15744,42.0,,,,,,,
15745,42.0,,,,,,,
15746,42.0,,,,,,,
15747,42.0,,,,,,,
15748,84.0,,,,,,,
15749,42.0,,,,,,,
15750,42.0,,,,,,,
15751,42.0,,,,,,,
15752,42.0,,,,,,,
15753,84.0,,,,,,,
15754,42.0,,,,,,,
15755,42.0,,,,,,,
15756,42.0,,,,,,,
15757,42.0,,,,,,,
15758,42.0,,,,,,,
15759,42.0,,,,,,,
15760,42.0,,,,,,,
15761,84.0,,,,,,,
15762,42.0,,,,,,,
15763,84.0,,,,,,,
15764,84.0,,,,,,,
15765,42.0,,,,,,,
15766,84.0,,,,,,,
15767,42.0,,,,,,,
15768,84.0,,,,,,,
15769,42.0,,,,,,,
15770,42.0,,,,,,,
15771,84.0,,,,,,,
15772,87.0,,,,,,,
15773,42.0,,,,,,,
15774,42.0,,,,,,,
15775,126.0,,,,,,,
15776,84.0,,,,,,,
15777,28.0,,,,,,,
15778,42.0,,,,,,,
15779,42.0,,,,,,,
15780,42.0,,,,,,,
15781,42.0,,,,,,,
15782,42.0,,,,,,,
15783,42.0,,,,,,,
15784,42.0,,,,,,,
15785,42.0,,,,,,,
15786,42.0,,,,,,,
15787,42.0,,,,,,,
15788,42.0,,,,,,,
15789,42.0,,,,,,,
15790,42.0,,,,,,,
15791,42.0,,,,,,,
15792,42.0,,,,,,,
15793,42.0,,,,,,,
15794,48.0,,,,,,,
15795,42.0,,,,,,,
15796,42.0,,,,,,,
15797,126.0,,,,,,,
15798,42.0,,,,,,,
15799,126.0,,,,,,,
15800,48.0,,,,,,,
15801,42.0,,,,,,,
15802,42.0,,,,,,,
15803,42.0,,,,,,,
15804,42.0,,,,,,,
15805,42.0,,,,,,,
15806,42.0,,,,,,,
15807,42.0,,,,,,,
15808,42.0,,,,,,,
15809,42.0,,,,,,,
15810,42.0,,,,,,,
15811,42.0,,,,,,,
15812,42.0,,,,,,,
15813,42.0,,,,,,,
15814,84.0,,,,,,,
15815,42.0,,,,,,,
15816,42.0,,,,,,,
15817,42.0,,,,,,,
15818,84.0,,,,,,,
15819,42.0,,,,,,,
15820,42.0,,,,,,,
15821,84.0,,,,,,,
15822,42.0,,,,,,,
15823,42.0,,,,,,,
15824,42.0,,,,,,,
15825,42.0,,,,,,,
15826,84.0,,,,,,,
15827,126.0,,,,,,,
15828,42.0,,,,,,,
15829,42.0,,,,,,,
15830,42.0,,,,,,,
15831,42.0,,,,,,,
15832,42.0,,,,,,,
15833,42.0,,,,,,,
15834,42.0,,,,,,,
15835,42.0,,,,,,,
15836,42.0,,,,,,,
15837,42.0,,,,,,,
15838,42.0,,,,,,,
15839,42.0,,,,,,,
15840,42.0,,,,,,,
15841,84.0,,,,,,,
15842,42.0,,,,,,,
15843,42.0,,,,,,,
15844,42.0,,,,,,,
15845,42.0,,,,,,,
15846,42.0,,,,,,,
15847,42.0,,,,,,,
15848,42.0,,,,,,,
15849,42.0,,,,,,,
15850,42.0,,,,,,,
15851,42.0,,,,,,,
15852,42.0,,,,,,,
15853,48.0,,,,,,,
15854,42.0,,,,,,,
15855,42.0,,,,,,,
15856,42.0,,,,,,,
15857,42.0,,,,,,,
15858,48.0,,,,,,,
15859,42.0,,,,,,,
15860,42.0,,,,,,,
15861,42.0,,,,,,,
15862,42.0,,,,,,,
15863,42.0,,,,,,,
15864,84.0,,,,,,,
15865,42.0,,,,,,,
15866,48.0,,,,,,,
15867,42.0,,,,,,,
15868,42.0,,,,,,,
15869,42.0,,,,,,,
15870,42.0,,,,,,,
15871,42.0,,,,,,,
15872,42.0,,,,,,,
15873,42.0,,,,,,,
15874,42.0,,,,,,,
15875,42.0,,,,,,,
15876,42.0,,,,,,,
15877,42.0,,,,,,,
15878,42.0,,,,,,,
15879,42.0,,,,,,,
15880,42.0,,,,,,,
15881,42.0,,,,,,,
15882,84.0,,,,,,,
15883,48.0,,,,,,,
15884,42.0,,,,,,,
15885,42.0,,,,,,,
15886,42.0,,,,,,,
15887,42.0,,,,,,,
15888,42.0,,,,,,,
15889,42.0,,,,,,,
15890,42.0,,,,,,,
15891,42.0,,,,,,,
15892,42.0,,,,,,,
15893,42.0,,,,,,,
15894,42.0,,,,,,,
15895,42.0,,,,,,,
15896,42.0,,,,,,,
15897,42.0,,,,,,,
15898,42.0,,,,,,,
15899,42.0,,,,,,,
15900,42.0,,,,,,,
15901,42.0,,,,,,,
15902,42.0,,,,,,,
15903,42.0,,,,,,,
15904,42.0,,,,,,,
15905,42.0,,,,,,,
15906,42.0,,,,,,,
15907,42.0,,,,,,,
15908,42.0,,,,,,,
15909,42.0,,,,,,,
15910,42.0,,,,,,,
15911,42.0,,,,,,,
15912,42.0,,,,,,,
15913,42.0,,,,,,,
15914,42.0,,,,,,,
15915,42.0,,,,,,,
15916,42.0,,,,,,,
15917,42.0,,,,,,,
15918,42.0,,,,,,,
15919,42.0,,,,,,,
15920,42.0,,,,,,,
15921,42.0,,,,,,,
15922,42.0,,,,,,,
15923,42.0,,,,,,,
15924,42.0,,,,,,,
15925,42.0,,,,,,,
15926,42.0,,,,,,,
15927,42.0,,,,,,,
15928,42.0,,,,,,,
15929,42.0,,,,,,,
15930,42.0,,,,,,,
15931,42.0,,,,,,,
15932,42.0,,,,,,,
15933,42.0,,,,,,,
15934,42.0,,,,,,,
15935,14.0,,,,,,,
15936,42.0,,,,,,,
15937,42.0,,,,,,,
15938,42.0,,,,,,,
15939,42.0,,,,,,,
15940,42.0,,,,,,,
15941,42.0,,,,,,,
15942,28.0,,,,,,,
15943,14.0,,,,,,,
15944,42.0,,,,,,,
15945,42.0,,,,,,,
15946,42.0,,,,,,,
15947,42.0,,,,,,,
15948,42.0,,,,,,,
15949,42.0,,,,,,,
15950,42.0,,,,,,,
15951,42.0,,,,,,,
15952,42.0,,,,,,,
15953,42.0,,,,,,,
15954,42.0,,,,,,,
15955,42.0,,,,,,,
15956,42.0,,,,,,,
15957,42.0,,,,,,,
15958,84.0,,,,,,,
15959,48.0,,,,,,,
15960,84.0,,,,,,,
15961,42.0,,,,,,,
15962,42.0,,,,,,,
15963,42.0,,,,,,,
15964,42.0,,,,,,,
15965,42.0,,,,,,,
15966,42.0,,,,,,,
15967,42.0,,,,,,,
15968,42.0,,,,,,,
15969,42.0,,,,,,,
15970,84.0,,,,,,,
15971,42.0,,,,,,,
15972,84.0,,,,,,,
15973,42.0,,,,,,,
15974,42.0,,,,,,,
15975,42.0,,,,,,,
15976,126.0,,,,,,,
15977,126.0,,,,,,,
15978,87.0,,,,,,,
15979,42.0,,,,,,,
15980,126.0,,,,,,,
15981,42.0,,,,,,,
15982,42.0,,,,,,,
15983,42.0,,,,,,,
15984,126.0,,,,,,,
15985,42.0,,,,,,,
15986,42.0,,,,,,,
15987,84.0,,,,,,,
15988,42.0,,,,,,,
15989,42.0,,,,,,,
15990,84.0,,,,,,,
15991,48.0,,,,,,,
15992,42.0,,,,,,,
15993,126.0,,,,,,,
15994,42.0,,,,,,,
15995,42.0,,,,,,,
15996,42.0,,,,,,,
15997,42.0,,,,,,,
15998,42.0,,,,,,,
15999,42.0,,,,,,,
16000,42.0,,,,,,,
16001,42.0,,,,,,,
16002,42.0,,,,,,,
16003,42.0,,,,,,,
16004,42.0,,,,,,,
16005,42.0,,,,,,,
16006,42.0,,,,,,,
16007,42.0,,,,,,,
16008,42.0,,,,,,,
16009,42.0,,,,,,,
16010,42.0,,,,,,,
16011,42.0,,,,,,,
16012,48.0,,,,,,,
16013,42.0,,,,,,,
16014,48.0,,,,,,,
16015,84.0,,,,,,,
16016,42.0,,,,,,,
16017,42.0,,,,,,,
16018,42.0,,,,,,,
16019,42.0,,,,,,,
16020,42.0,,,,,,,
16021,84.0,,,,,,,
16022,42.0,,,,,,,
16023,42.0,,,,,,,
16024,42.0,,,,,,,
16025,42.0,,,,,,,
16026,84.0,,,,,,,
16027,42.0,,,,,,,
16028,42.0,,,,,,,
16029,84.0,,,,,,,
16030,42.0,,,,,,,
16031,48.0,,,,,,,
16032,42.0,,,,,,,
16033,84.0,,,,,,,
16034,42.0,,,,,,,
16035,42.0,,,,,,,
16036,42.0,,,,,,,
16037,42.0,,,,,,,
16038,42.0,,,,,,,
16039,42.0,,,,,,,
16040,42.0,,,,,,,
16041,42.0,,,,,,,
16042,42.0,,,,,,,
16043,42.0,,,,,,,
16044,42.0,,,,,,,
16045,84.0,,,,,,,
16046,42.0,,,,,,,
16047,42.0,,,,,,,
16048,84.0,,,,,,,
16049,42.0,,,,,,,
16050,84.0,,,,,,,
16051,42.0,,,,,,,
16052,42.0,,,,,,,
16053,42.0,,,,,,,
16054,42.0,,,,,,,
16055,42.0,,,,,,,
16056,84.0,,,,,,,
16057,42.0,,,,,,,
16058,42.0,,,,,,,
16059,42.0,,,,,,,
16060,84.0,,,,,,,
16061,42.0,,,,,,,
16062,42.0,,,,,,,
16063,42.0,,,,,,,
16064,42.0,,,,,,,
16065,42.0,,,,,,,
16066,42.0,,,,,,,
16067,42.0,,,,,,,
16068,42.0,,,,,,,
16069,84.0,,,,,,,
16070,42.0,,,,,,,
16071,42.0,,,,,,,
16072,42.0,,,,,,,
16073,42.0,,,,,,,
16074,42.0,,,,,,,
16075,42.0,,,,,,,
16076,42.0,,,,,,,
16077,42.0,,,,,,,
16078,42.0,,,,,,,
16079,84.0,,,,,,,
16080,42.0,,,,,,,
16081,42.0,,,,,,,
16082,84.0,,,,,,,
16083,42.0,,,,,,,
16084,42.0,,,,,,,
16085,42.0,,,,,,,
16086,42.0,,,,,,,
16087,42.0,,,,,,,
16088,42.0,,,,,,,
16089,42.0,,,,,,,
16090,42.0,,,,,,,
16091,42.0,,,,,,,
16092,42.0,,,,,,,
16093,42.0,,,,,,,
16094,42.0,,,,,,,
16095,42.0,,,,,,,
16096,42.0,,,,,,,
16097,42.0,,,,,,,
16098,42.0,,,,,,,
16099,48.0,,,,,,,
16100,42.0,,,,,,,
16101,42.0,,,,,,,
16102,42.0,,,,,,,
16103,42.0,,,,,,,
16104,42.0,,,,,,,
16105,42.0,,,,,,,
16106,42.0,,,,,,,
16107,42.0,,,,,,,
16108,42.0,,,,,,,
16109,42.0,,,,,,,
16110,42.0,,,,,,,
16111,42.0,,,,,,,
16112,42.0,,,,,,,
16113,42.0,,,,,,,
16114,42.0,,,,,,,
16115,42.0,,,,,,,
16116,42.0,,,,,,,
16117,42.0,,,,,,,
16118,42.0,,,,,,,
16119,42.0,,,,,,,
16120,42.0,,,,,,,
16121,42.0,,,,,,,
16122,42.0,,,,,,,
16123,42.0,,,,,,,
16124,42.0,,,,,,,
16125,42.0,,,,,,,
16126,42.0,,,,,,,
16127,42.0,,,,,,,
16128,42.0,,,,,,,
16129,42.0,,,,,,,
16130,42.0,,,,,,,
16131,42.0,,,,,,,
16132,42.0,,,,,,,
16133,42.0,,,,,,,
16134,42.0,,,,,,,
16135,42.0,,,,,,,
16136,42.0,,,,,,,
16137,42.0,,,,,,,
16138,42.0,,,,,,,
16139,42.0,,,,,,,
16140,42.0,,,,,,,
16141,28.0,,,,,,,
16142,42.0,,,,,,,
16143,42.0,,,,,,,
16144,42.0,,,,,,,
16145,42.0,,,,,,,
16146,42.0,,,,,,,
16147,42.0,,,,,,,
16148,42.0,,,,,,,
16149,42.0,,,,,,,
16150,42.0,,,,,,,
16151,42.0,,,,,,,
16152,42.0,,,,,,,
16153,42.0,,,,,,,
16154,42.0,,,,,,,
16155,42.0,,,,,,,
16156,126.0,,,,,,,
16157,42.0,,,,,,,
16158,42.0,,,,,,,
16159,14.0,,,,,,,
16160,42.0,,,,,,,
16161,42.0,,,,,,,
16162,42.0,,,,,,,
16163,42.0,,,,,,,
16164,42.0,,,,,,,
16165,42.0,,,,,,,
16166,42.0,,,,,,,
16167,42.0,,,,,,,
16168,42.0,,,,,,,
16169,42.0,,,,,,,
16170,14.0,,,,,,,
16171,28.0,,,,,,,
16172,42.0,,,,,,,
16173,42.0,,,,,,,
16174,42.0,,,,,,,
16175,42.0,,,,,,,
16176,42.0,,,,,,,
16177,42.0,,,,,,,
16178,42.0,,,,,,,
16179,42.0,,,,,,,
16180,42.0,,,,,,,
16181,48.0,,,,,,,
16182,84.0,,,,,,,
16183,84.0,,,,,,,
16184,126.0,,,,,,,
16185,84.0,,,,,,,
16186,42.0,,,,,,,
16187,84.0,,,,,,,
16188,42.0,,,,,,,
16189,42.0,,,,,,,
16190,42.0,,,,,,,
16191,42.0,,,,,,,
16192,42.0,,,,,,,
16193,42.0,,,,,,,
16194,42.0,,,,,,,
16195,42.0,,,,,,,
16196,42.0,,,,,,,
16197,42.0,,,,,,,
16198,42.0,,,,,,,
16199,42.0,,,,,,,
16200,42.0,,,,,,,
16201,42.0,,,,,,,
16202,48.0,,,,,,,
16203,42.0,,,,,,,
16204,42.0,,,,,,,
16205,84.0,,,,,,,
16206,42.0,,,,,,,
16207,42.0,,,,,,,
16208,42.0,,,,,,,
16209,42.0,,,,,,,
16210,42.0,,,,,,,
16211,42.0,,,,,,,
16212,42.0,,,,,,,
16213,42.0,,,,,,,
16214,84.0,,,,,,,
16215,42.0,,,,,,,
16216,42.0,,,,,,,
16217,42.0,,,,,,,
16218,84.0,,,,,,,
16219,84.0,,,,,,,
16220,84.0,,,,,,,
16221,126.0,,,,,,,
16222,84.0,,,,,,,
16223,42.0,,,,,,,
16224,42.0,,,,,,,
16225,42.0,,,,,,,
16226,42.0,,,,,,,
16227,42.0,,,,,,,
16228,42.0,,,,,,,
16229,126.0,,,,,,,
16230,42.0,,,,,,,
16231,42.0,,,,,,,
16232,42.0,,,,,,,
16233,42.0,,,,,,,
16234,42.0,,,,,,,
16235,42.0,,,,,,,
16236,42.0,,,,,,,
16237,42.0,,,,,,,
16238,84.0,,,,,,,
16239,42.0,,,,,,,
16240,42.0,,,,,,,
16241,42.0,,,,,,,
16242,42.0,,,,,,,
16243,42.0,,,,,,,
16244,42.0,,,,,,,
16245,42.0,,,,,,,
16246,42.0,,,,,,,
16247,84.0,,,,,,,
16248,42.0,,,,,,,
16249,42.0,,,,,,,
16250,42.0,,,,,,,
16251,42.0,,,,,,,
16252,42.0,,,,,,,
16253,48.0,,,,,,,
16254,84.0,,,,,,,
16255,42.0,,,,,,,
16256,42.0,,,,,,,
16257,42.0,,,,,,,
16258,42.0,,,,,,,
16259,42.0,,,,,,,
16260,126.0,,,,,,,
16261,84.0,,,,,,,
16262,42.0,,,,,,,
16263,42.0,,,,,,,
16264,42.0,,,,,,,
16265,42.0,,,,,,,
16266,126.0,,,,,,,
16267,42.0,,,,,,,
16268,42.0,,,,,,,
16269,42.0,,,,,,,
16270,42.0,,,,,,,
16271,42.0,,,,,,,
16272,42.0,,,,,,,
16273,42.0,,,,,,,
16274,84.0,,,,,,,
16275,42.0,,,,,,,
16276,42.0,,,,,,,
16277,42.0,,,,,,,
16278,42.0,,,,,,,
16279,42.0,,,,,,,
16280,42.0,,,,,,,
16281,42.0,,,,,,,
16282,42.0,,,,,,,
16283,42.0,,,,,,,
16284,42.0,,,,,,,
16285,42.0,,,,,,,
16286,42.0,,,,,,,
16287,42.0,,,,,,,
16288,42.0,,,,,,,
16289,84.0,,,,,,,
16290,42.0,,,,,,,
16291,42.0,,,,,,,
16292,42.0,,,,,,,
16293,48.0,,,,,,,
16294,42.0,,,,,,,
16295,42.0,,,,,,,
16296,42.0,,,,,,,
16297,42.0,,,,,,,
16298,42.0,,,,,,,
16299,42.0,,,,,,,
16300,84.0,,,,,,,
16301,42.0,,,,,,,
16302,42.0,,,,,,,
16303,42.0,,,,,,,
16304,42.0,,,,,,,
16305,42.0,,,,,,,
16306,42.0,,,,,,,
16307,42.0,,,,,,,
16308,48.0,,,,,,,
16309,42.0,,,,,,,
16310,42.0,,,,,,,
16311,42.0,,,,,,,
16312,42.0,,,,,,,
16313,87.0,,,,,,,
16314,42.0,,,,,,,
16315,42.0,,,,,,,
16316,42.0,,,,,,,
16317,42.0,,,,,,,
16318,84.0,,,,,,,
16319,42.0,,,,,,,
16320,42.0,,,,,,,
16321,42.0,,,,,,,
16322,42.0,,,,,,,
16323,126.0,,,,,,,
16324,42.0,,,,,,,
16325,42.0,,,,,,,
16326,42.0,,,,,,,
16327,42.0,,,,,,,
16328,42.0,,,,,,,
16329,42.0,,,,,,,
16330,42.0,,,,,,,
16331,42.0,,,,,,,
16332,42.0,,,,,,,
16333,42.0,,,,,,,
16334,42.0,,,,,,,
16335,42.0,,,,,,,
16336,42.0,,,,,,,
16337,48.0,,,,,,,
16338,42.0,,,,,,,
16339,42.0,,,,,,,
16340,42.0,,,,,,,
16341,42.0,,,,,,,
16342,42.0,,,,,,,
16343,42.0,,,,,,,
16344,42.0,,,,,,,
16345,42.0,,,,,,,
16346,84.0,,,,,,,
16347,42.0,,,,,,,
16348,42.0,,,,,,,
16349,42.0,,,,,,,
16350,42.0,,,,,,,
16351,42.0,,,,,,,
16352,42.0,,,,,,,
16353,42.0,,,,,,,
16354,42.0,,,,,,,
16355,42.0,,,,,,,
16356,42.0,,,,,,,
16357,42.0,,,,,,,
16358,42.0,,,,,,,
16359,42.0,,,,,,,
16360,42.0,,,,,,,
16361,42.0,,,,,,,
16362,42.0,,,,,,,
16363,42.0,,,,,,,
16364,42.0,,,,,,,
16365,42.0,,,,,,,
16366,42.0,,,,,,,
16367,42.0,,,,,,,
16368,42.0,,,,,,,
16369,42.0,,,,,,,
16370,42.0,,,,,,,
16371,42.0,,,,,,,
16372,42.0,,,,,,,
16373,42.0,,,,,,,
16374,42.0,,,,,,,
16375,42.0,,,,,,,
16376,42.0,,,,,,,
16377,42.0,,,,,,,
16378,42.0,,,,,,,
16379,42.0,,,,,,,
16380,42.0,,,,,,,
16381,42.0,,,,,,,
16382,42.0,,,,,,,
16383,42.0,,,,,,,
16384,42.0,,,,,,,
16385,42.0,,,,,,,
16386,42.0,,,,,,,
16387,14.0,,,,,,,
16388,42.0,,,,,,,
16389,42.0,,,,,,,
16390,42.0,,,,,,,
16391,42.0,,,,,,,
16392,42.0,,,,,,,
16393,42.0,,,,,,,
16394,42.0,,,,,,,
16395,42.0,,,,,,,
16396,42.0,,,,,,,
16397,14.0,,,,,,,
16398,28.0,,,,,,,
16399,28.0,,,,,,,
16400,42.0,,,,,,,
16401,42.0,,,,,,,
16402,42.0,,,,,,,
16403,42.0,,,,,,,
16404,42.0,,,,,,,
16405,42.0,,,,,,,
16406,42.0,,,,,,,
16407,42.0,,,,,,,
16408,42.0,,,,,,,
16409,42.0,,,,,,,
16410,42.0,,,,,,,
16411,42.0,,,,,,,
16412,126.0,,,,,,,
16413,42.0,,,,,,,
16414,42.0,,,,,,,
16415,42.0,,,,,,,
16416,42.0,,,,,,,
16417,42.0,,,,,,,
16418,48.0,,,,,,,
16419,42.0,,,,,,,
16420,42.0,,,,,,,
16421,84.0,,,,,,,
16422,42.0,,,,,,,
16423,42.0,,,,,,,
16424,42.0,,,,,,,
16425,42.0,,,,,,,
16426,42.0,,,,,,,
16427,42.0,,,,,,,
16428,42.0,,,,,,,
16429,84.0,,,,,,,
16430,42.0,,,,,,,
16431,84.0,,,,,,,
16432,42.0,,,,,,,
16433,42.0,,,,,,,
16434,42.0,,,,,,,
16435,42.0,,,,,,,
16436,84.0,,,,,,,
16437,84.0,,,,,,,
16438,42.0,,,,,,,
16439,42.0,,,,,,,
16440,84.0,,,,,,,
16441,126.0,,,,,,,
16442,42.0,,,,,,,
16443,84.0,,,,,,,
16444,42.0,,,,,,,
16445,42.0,,,,,,,
16446,87.0,,,,,,,
16447,42.0,,,,,,,
16448,42.0,,,,,,,
16449,42.0,,,,,,,
16450,42.0,,,,,,,
16451,84.0,,,,,,,
16452,42.0,,,,,,,
16453,84.0,,,,,,,
16454,42.0,,,,,,,
16455,42.0,,,,,,,
16456,42.0,,,,,,,
16457,42.0,,,,,,,
16458,42.0,,,,,,,
16459,48.0,,,,,,,
16460,126.0,,,,,,,
16461,42.0,,,,,,,
16462,42.0,,,,,,,
16463,84.0,,,,,,,
16464,42.0,,,,,,,
16465,42.0,,,,,,,
16466,42.0,,,,,,,
16467,84.0,,,,,,,
16468,42.0,,,,,,,
16469,42.0,,,,,,,
16470,48.0,,,,,,,
16471,126.0,,,,,,,
16472,42.0,,,,,,,
16473,126.0,,,,,,,
16474,42.0,,,,,,,
16475,84.0,,,,,,,
16476,42.0,,,,,,,
16477,84.0,,,,,,,
16478,42.0,,,,,,,
16479,42.0,,,,,,,
16480,42.0,,,,,,,
16481,42.0,,,,,,,
16482,42.0,,,,,,,
16483,42.0,,,,,,,
16484,42.0,,,,,,,
16485,42.0,,,,,,,
16486,42.0,,,,,,,
16487,42.0,,,,,,,
16488,42.0,,,,,,,
16489,42.0,,,,,,,
16490,42.0,,,,,,,
16491,42.0,,,,,,,
16492,42.0,,,,,,,
16493,42.0,,,,,,,
16494,42.0,,,,,,,
16495,42.0,,,,,,,
16496,42.0,,,,,,,
16497,42.0,,,,,,,
16498,42.0,,,,,,,
16499,42.0,,,,,,,
16500,42.0,,,,,,,
16501,84.0,,,,,,,
16502,42.0,,,,,,,
16503,42.0,,,,,,,
16504,84.0,,,,,,,
16505,42.0,,,,,,,
16506,42.0,,,,,,,
16507,42.0,,,,,,,
16508,42.0,,,,,,,
16509,42.0,,,,,,,
16510,42.0,,,,,,,
16511,42.0,,,,,,,
16512,84.0,,,,,,,
16513,84.0,,,,,,,
16514,42.0,,,,,,,
16515,42.0,,,,,,,
16516,42.0,,,,,,,
16517,42.0,,,,,,,
16518,42.0,,,,,,,
16519,42.0,,,,,,,
16520,42.0,,,,,,,
16521,42.0,,,,,,,
16522,42.0,,,,,,,
16523,42.0,,,,,,,
16524,42.0,,,,,,,
16525,42.0,,,,,,,
16526,42.0,,,,,,,
16527,42.0,,,,,,,
16528,42.0,,,,,,,
16529,42.0,,,,,,,
16530,84.0,,,,,,,
16531,42.0,,,,,,,
16532,42.0,,,,,,,
16533,42.0,,,,,,,
16534,42.0,,,,,,,
16535,42.0,,,,,,,
16536,42.0,,,,,,,
16537,28.0,,,,,,,
16538,42.0,,,,,,,
16539,42.0,,,,,,,
16540,42.0,,,,,,,
16541,42.0,,,,,,,
16542,42.0,,,,,,,
16543,42.0,,,,,,,
16544,42.0,,,,,,,
16545,42.0,,,,,,,
16546,42.0,,,,,,,
16547,48.0,,,,,,,
16548,42.0,,,,,,,
16549,42.0,,,,,,,
16550,42.0,,,,,,,
16551,42.0,,,,,,,
16552,42.0,,,,,,,
16553,42.0,,,,,,,
16554,42.0,,,,,,,
16555,42.0,,,,,,,
16556,42.0,,,,,,,
16557,42.0,,,,,,,
16558,42.0,,,,,,,
16559,42.0,,,,,,,
16560,42.0,,,,,,,
16561,84.0,,,,,,,
16562,48.0,,,,,,,
16563,42.0,,,,,,,
16564,42.0,,,,,,,
16565,42.0,,,,,,,
16566,42.0,,,,,,,
16567,42.0,,,,,,,
16568,42.0,,,,,,,
16569,42.0,,,,,,,
16570,42.0,,,,,,,
16571,42.0,,,,,,,
16572,42.0,,,,,,,
16573,42.0,,,,,,,
16574,42.0,,,,,,,
16575,42.0,,,,,,,
16576,42.0,,,,,,,
16577,42.0,,,,,,,
16578,42.0,,,,,,,
16579,42.0,,,,,,,
16580,42.0,,,,,,,
16581,42.0,,,,,,,
16582,28.0,,,,,,,
16583,42.0,,,,,,,
16584,42.0,,,,,,,
16585,42.0,,,,,,,
16586,42.0,,,,,,,
16587,42.0,,,,,,,
16588,42.0,,,,,,,
16589,42.0,,,,,,,
16590,42.0,,,,,,,
16591,42.0,,,,,,,
16592,42.0,,,,,,,
16593,42.0,,,,,,,
16594,42.0,,,,,,,
16595,42.0,,,,,,,
16596,42.0,,,,,,,
16597,42.0,,,,,,,
16598,42.0,,,,,,,
16599,42.0,,,,,,,
16600,42.0,,,,,,,
16601,42.0,,,,,,,
16602,42.0,,,,,,,
16603,42.0,,,,,,,
16604,42.0,,,,,,,
16605,42.0,,,,,,,
16606,42.0,,,,,,,
16607,42.0,,,,,,,
16608,42.0,,,,,,,
16609,42.0,,,,,,,
16610,42.0,,,,,,,
16611,126.0,,,,,,,
16612,42.0,,,,,,,
16613,48.0,,,,,,,
16614,42.0,,,,,,,
16615,42.0,,,,,,,
16616,42.0,,,,,,,
16617,42.0,,,,,,,
16618,42.0,,,,,,,
16619,14.0,,,,,,,
16620,42.0,,,,,,,
16621,42.0,,,,,,,
16622,42.0,,,,,,,
16623,42.0,,,,,,,
16624,42.0,,,,,,,
16625,42.0,,,,,,,
16626,42.0,,,,,,,
16627,14.0,,,,,,,
16628,42.0,,,,,,,
16629,42.0,,,,,,,
16630,42.0,,,,,,,
16631,42.0,,,,,,,
16632,42.0,,,,,,,
16633,42.0,,,,,,,
16634,42.0,,,,,,,
16635,42.0,,,,,,,
16636,42.0,,,,,,,
16637,42.0,,,,,,,
16638,42.0,,,,,,,
16639,84.0,,,,,,,
16640,42.0,,,,,,,
16641,48.0,,,,,,,
16642,42.0,,,,,,,
16643,126.0,,,,,,,
16644,84.0,,,,,,,
16645,42.0,,,,,,,
16646,42.0,,,,,,,
16647,42.0,,,,,,,
16648,84.0,,,,,,,
16649,42.0,,,,,,,
16650,42.0,,,,,,,
16651,126.0,,,,,,,
16652,42.0,,,,,,,
16653,42.0,,,,,,,
16654,42.0,,,,,,,
16655,42.0,,,,,,,
16656,42.0,,,,,,,
16657,42.0,,,,,,,
16658,42.0,,,,,,,
16659,42.0,,,,,,,
16660,42.0,,,,,,,
16661,42.0,,,,,,,
16662,42.0,,,,,,,
16663,42.0,,,,,,,
16664,42.0,,,,,,,
16665,84.0,,,,,,,
16666,42.0,,,,,,,
16667,42.0,,,,,,,
16668,42.0,,,,,,,
16669,42.0,,,,,,,
16670,42.0,,,,,,,
16671,42.0,,,,,,,
16672,42.0,,,,,,,
16673,42.0,,,,,,,
16674,42.0,,,,,,,
16675,42.0,,,,,,,
16676,42.0,,,,,,,
16677,42.0,,,,,,,
16678,84.0,,,,,,,
16679,87.0,,,,,,,
16680,42.0,,,,,,,
16681,42.0,,,,,,,
16682,42.0,,,,,,,
16683,42.0,,,,,,,
16684,84.0,,,,,,,
16685,42.0,,,,,,,
16686,42.0,,,,,,,
16687,42.0,,,,,,,
16688,84.0,,,,,,,
16689,42.0,,,,,,,
16690,42.0,,,,,,,
16691,42.0,,,,,,,
16692,42.0,,,,,,,
16693,84.0,,,,,,,
16694,126.0,,,,,,,
16695,42.0,,,,,,,
16696,42.0,,,,,,,
16697,42.0,,,,,,,
16698,42.0,,,,,,,
16699,42.0,,,,,,,
16700,42.0,,,,,,,
16701,42.0,,,,,,,
16702,126.0,,,,,,,
16703,48.0,,,,,,,
16704,42.0,,,,,,,
16705,42.0,,,,,,,
16706,84.0,,,,,,,
16707,42.0,,,,,,,
16708,42.0,,,,,,,
16709,48.0,,,,,,,
16710,84.0,,,,,,,
16711,42.0,,,,,,,
16712,42.0,,,,,,,
16713,48.0,,,,,,,
16714,42.0,,,,,,,
16715,42.0,,,,,,,
16716,42.0,,,,,,,
16717,42.0,,,,,,,
16718,42.0,,,,,,,
16719,42.0,,,,,,,
16720,42.0,,,,,,,
16721,42.0,,,,,,,
16722,42.0,,,,,,,
16723,42.0,,,,,,,
16724,42.0,,,,,,,
16725,42.0,,,,,,,
16726,42.0,,,,,,,
16727,42.0,,,,,,,
16728,42.0,,,,,,,
16729,42.0,,,,,,,
16730,42.0,,,,,,,
16731,42.0,,,,,,,
16732,42.0,,,,,,,
16733,42.0,,,,,,,
16734,42.0,,,,,,,
16735,42.0,,,,,,,
16736,42.0,,,,,,,
16737,42.0,,,,,,,
16738,42.0,,,,,,,
16739,84.0,,,,,,,
16740,42.0,,,,,,,
16741,42.0,,,,,,,
16742,84.0,,,,,,,
16743,84.0,,,,,,,
16744,42.0,,,,,,,
16745,42.0,,,,,,,
16746,42.0,,,,,,,
16747,42.0,,,,,,,
16748,42.0,,,,,,,
16749,42.0,,,,,,,
16750,42.0,,,,,,,
16751,42.0,,,,,,,
16752,42.0,,,,,,,
16753,42.0,,,,,,,
16754,42.0,,,,,,,
16755,42.0,,,,,,,
16756,42.0,,,,,,,
16757,42.0,,,,,,,
16758,48.0,,,,,,,
16759,84.0,,,,,,,
16760,84.0,,,,,,,
16761,42.0,,,,,,,
16762,48.0,,,,,,,
16763,42.0,,,,,,,
16764,84.0,,,,,,,
16765,42.0,,,,,,,
16766,42.0,,,,,,,
16767,42.0,,,,,,,
16768,42.0,,,,,,,
16769,42.0,,,,,,,
16770,42.0,,,,,,,
16771,84.0,,,,,,,
16772,42.0,,,,,,,
16773,42.0,,,,,,,
16774,42.0,,,,,,,
16775,42.0,,,,,,,
16776,42.0,,,,,,,
16777,42.0,,,,,,,
16778,42.0,,,,,,,
16779,42.0,,,,,,,
16780,42.0,,,,,,,
16781,126.0,,,,,,,
16782,42.0,,,,,,,
16783,42.0,,,,,,,
16784,42.0,,,,,,,
16785,42.0,,,,,,,
16786,42.0,,,,,,,
16787,42.0,,,,,,,
16788,42.0,,,,,,,
16789,42.0,,,,,,,
16790,42.0,,,,,,,
16791,42.0,,,,,,,
16792,42.0,,,,,,,
16793,42.0,,,,,,,
16794,42.0,,,,,,,
16795,42.0,,,,,,,
16796,42.0,,,,,,,
16797,84.0,,,,,,,
16798,42.0,,,,,,,
16799,42.0,,,,,,,
16800,84.0,,,,,,,
16801,42.0,,,,,,,
16802,42.0,,,,,,,
16803,42.0,,,,,,,
16804,42.0,,,,,,,
16805,42.0,,,,,,,
16806,42.0,,,,,,,
16807,42.0,,,,,,,
16808,42.0,,,,,,,
16809,42.0,,,,,,,
16810,42.0,,,,,,,
16811,42.0,,,,,,,
16812,42.0,,,,,,,
16813,42.0,,,,,,,
16814,42.0,,,,,,,
16815,42.0,,,,,,,
16816,28.0,,,,,,,
16817,42.0,,,,,,,
16818,42.0,,,,,,,
16819,42.0,,,,,,,
16820,42.0,,,,,,,
16821,42.0,,,,,,,
16822,42.0,,,,,,,
16823,42.0,,,,,,,
16824,42.0,,,,,,,
16825,42.0,,,,,,,
16826,42.0,,,,,,,
16827,42.0,,,,,,,
16828,42.0,,,,,,,
16829,42.0,,,,,,,
16830,42.0,,,,,,,
16831,42.0,,,,,,,
16832,42.0,,,,,,,
16833,42.0,,,,,,,
16834,42.0,,,,,,,
16835,42.0,,,,,,,
16836,42.0,,,,,,,
16837,42.0,,,,,,,
16838,42.0,,,,,,,
16839,42.0,,,,,,,
16840,42.0,,,,,,,
16841,126.0,,,,,,,
16842,42.0,,,,,,,
16843,42.0,,,,,,,
16844,14.0,,,,,,,
16845,42.0,,,,,,,
16846,42.0,,,,,,,
16847,42.0,,,,,,,
16848,42.0,,,,,,,
16849,42.0,,,,,,,
16850,42.0,,,,,,,
16851,42.0,,,,,,,
16852,42.0,,,,,,,
16853,42.0,,,,,,,
16854,28.0,,,,,,,
16855,14.0,,,,,,,
16856,42.0,,,,,,,
16857,42.0,,,,,,,
16858,42.0,,,,,,,
16859,42.0,,,,,,,
16860,42.0,,,,,,,
16861,42.0,,,,,,,
16862,42.0,,,,,,,
16863,42.0,,,,,,,
16864,126.0,,,,,,,
16865,42.0,,,,,,,
16866,126.0,,,,,,,
16867,126.0,,,,,,,
16868,84.0,,,,,,,
16869,84.0,,,,,,,
16870,42.0,,,,,,,
16871,42.0,,,,,,,
16872,126.0,,,,,,,
16873,42.0,,,,,,,
16874,42.0,,,,,,,
16875,42.0,,,,,,,
16876,42.0,,,,,,,
16877,42.0,,,,,,,
16878,42.0,,,,,,,
16879,48.0,,,,,,,
16880,84.0,,,,,,,
16881,42.0,,,,,,,
16882,84.0,,,,,,,
16883,42.0,,,,,,,
16884,42.0,,,,,,,
16885,84.0,,,,,,,
16886,87.0,,,,,,,
16887,84.0,,,,,,,
16888,42.0,,,,,,,
16889,42.0,,,,,,,
16890,84.0,,,,,,,
16891,42.0,,,,,,,
16892,42.0,,,,,,,
16893,42.0,,,,,,,
16894,42.0,,,,,,,
16895,42.0,,,,,,,
16896,126.0,,,,,,,
16897,42.0,,,,,,,
16898,84.0,,,,,,,
16899,42.0,,,,,,,
16900,42.0,,,,,,,
16901,42.0,,,,,,,
16902,42.0,,,,,,,
16903,42.0,,,,,,,
16904,42.0,,,,,,,
16905,42.0,,,,,,,
16906,42.0,,,,,,,
16907,42.0,,,,,,,
16908,84.0,,,,,,,
16909,126.0,,,,,,,
16910,42.0,,,,,,,
16911,48.0,,,,,,,
16912,42.0,,,,,,,
16913,42.0,,,,,,,
16914,42.0,,,,,,,
16915,42.0,,,,,,,
16916,84.0,,,,,,,
16917,42.0,,,,,,,
16918,42.0,,,,,,,
16919,42.0,,,,,,,
16920,42.0,,,,,,,
16921,84.0,,,,,,,
16922,84.0,,,,,,,
16923,48.0,,,,,,,
16924,42.0,,,,,,,
16925,42.0,,,,,,,
16926,42.0,,,,,,,
16927,42.0,,,,,,,
16928,42.0,,,,,,,
16929,48.0,,,,,,,
16930,42.0,,,,,,,
16931,42.0,,,,,,,
16932,42.0,,,,,,,
16933,42.0,,,,,,,
16934,42.0,,,,,,,
16935,42.0,,,,,,,
16936,42.0,,,,,,,
16937,84.0,,,,,,,
16938,42.0,,,,,,,
16939,42.0,,,,,,,
16940,42.0,,,,,,,
16941,42.0,,,,,,,
16942,42.0,,,,,,,
16943,42.0,,,,,,,
16944,42.0,,,,,,,
16945,42.0,,,,,,,
16946,42.0,,,,,,,
16947,42.0,,,,,,,
16948,42.0,,,,,,,
16949,42.0,,,,,,,
16950,42.0,,,,,,,
16951,42.0,,,,,,,
16952,84.0,,,,,,,
16953,42.0,,,,,,,
16954,42.0,,,,,,,
16955,42.0,,,,,,,
16956,42.0,,,,,,,
16957,42.0,,,,,,,
16958,42.0,,,,,,,
16959,42.0,,,,,,,
16960,42.0,,,,,,,
16961,42.0,,,,,,,
16962,42.0,,,,,,,
16963,42.0,,,,,,,
16964,42.0,,,,,,,
16965,42.0,,,,,,,
16966,42.0,,,,,,,
16967,42.0,,,,,,,
16968,42.0,,,,,,,
16969,42.0,,,,,,,
16970,42.0,,,,,,,
16971,42.0,,,,,,,
16972,42.0,,,,,,,
16973,42.0,,,,,,,
16974,84.0,,,,,,,
16975,42.0,,,,,,,
16976,42.0,,,,,,,
16977,42.0,,,,,,,
16978,84.0,,,,,,,
16979,42.0,,,,,,,
16980,42.0,,,,,,,
16981,42.0,,,,,,,
16982,42.0,,,,,,,
16983,42.0,,,,,,,
16984,42.0,,,,,,,
16985,42.0,,,,,,,
16986,42.0,,,,,,,
16987,42.0,,,,,,,
16988,42.0,,,,,,,
16989,42.0,,,,,,,
16990,42.0,,,,,,,
16991,42.0,,,,,,,
16992,42.0,,,,,,,
16993,42.0,,,,,,,
16994,42.0,,,,,,,
16995,42.0,,,,,,,
16996,84.0,,,,,,,
16997,42.0,,,,,,,
16998,84.0,,,,,,,
16999,42.0,,,,,,,
17000,42.0,,,,,,,
17001,42.0,,,,,,,
17002,42.0,,,,,,,
17003,28.0,,,,,,,
17004,28.0,,,,,,,
17005,42.0,,,,,,,
17006,42.0,,,,,,,
17007,42.0,,,,,,,
17008,42.0,,,,,,,
17009,42.0,,,,,,,
17010,42.0,,,,,,,
17011,42.0,,,,,,,
17012,42.0,,,,,,,
17013,42.0,,,,,,,
17014,42.0,,,,,,,
17015,42.0,,,,,,,
17016,42.0,,,,,,,
17017,42.0,,,,,,,
17018,42.0,,,,,,,
17019,42.0,,,,,,,
17020,42.0,,,,,,,
17021,42.0,,,,,,,
17022,42.0,,,,,,,
17023,42.0,,,,,,,
17024,42.0,,,,,,,
17025,42.0,,,,,,,
17026,42.0,,,,,,,
17027,42.0,,,,,,,
17028,84.0,,,,,,,
17029,42.0,,,,,,,
17030,42.0,,,,,,,
17031,42.0,,,,,,,
17032,48.0,,,,,,,
17033,42.0,,,,,,,
17034,42.0,,,,,,,
17035,42.0,,,,,,,
17036,42.0,,,,,,,
17037,42.0,,,,,,,
17038,42.0,,,,,,,
17039,42.0,,,,,,,
17040,42.0,,,,,,,
17041,42.0,,,,,,,
17042,42.0,,,,,,,
17043,42.0,,,,,,,
17044,42.0,,,,,,,
17045,42.0,,,,,,,
17046,42.0,,,,,,,
17047,42.0,,,,,,,
17048,42.0,,,,,,,
17049,42.0,,,,,,,
17050,42.0,,,,,,,
17051,42.0,,,,,,,
17052,42.0,,,,,,,
17053,42.0,,,,,,,
17054,42.0,,,,,,,
17055,42.0,,,,,,,
17056,42.0,,,,,,,
17057,42.0,,,,,,,
17058,42.0,,,,,,,
17059,42.0,,,,,,,
17060,42.0,,,,,,,
17061,42.0,,,,,,,
17062,42.0,,,,,,,
17063,42.0,,,,,,,
17064,42.0,,,,,,,
17065,42.0,,,,,,,
17066,42.0,,,,,,,
17067,42.0,,,,,,,
17068,42.0,,,,,,,
17069,42.0,,,,,,,
17070,42.0,,,,,,,
17071,42.0,,,,,,,
17072,48.0,,,,,,,
17073,42.0,,,,,,,
17074,42.0,,,,,,,
17075,14.0,,,,,,,
17076,42.0,,,,,,,
17077,42.0,,,,,,,
17078,42.0,,,,,,,
17079,42.0,,,,,,,
17080,42.0,,,,,,,
17081,42.0,,,,,,,
17082,42.0,,,,,,,
17083,14.0,,,,,,,
17084,42.0,,,,,,,
17085,42.0,,,,,,,
17086,42.0,,,,,,,
17087,42.0,,,,,,,
17088,42.0,,,,,,,
17089,42.0,,,,,,,
17090,42.0,,,,,,,
17091,42.0,,,,,,,
17092,42.0,,,,,,,
17093,84.0,,,,,,,
17094,126.0,,,,,,,
17095,42.0,,,,,,,
17096,84.0,,,,,,,
17097,42.0,,,,,,,
17098,84.0,,,,,,,
17099,42.0,,,,,,,
17100,42.0,,,,,,,
17101,126.0,,,,,,,
17102,14.0,,,,,,,
17103,42.0,,,,,,,
17104,126.0,,,,,,,
17105,42.0,,,,,,,
17106,42.0,,,,,,,
17107,42.0,,,,,,,
17108,84.0,,,,,,,
17109,42.0,,,,,,,
17110,42.0,,,,,,,
17111,126.0,,,,,,,
17112,42.0,,,,,,,
17113,84.0,,,,,,,
17114,84.0,,,,,,,
17115,42.0,,,,,,,
17116,42.0,,,,,,,
17117,42.0,,,,,,,
17118,84.0,,,,,,,
17119,42.0,,,,,,,
17120,42.0,,,,,,,
17121,42.0,,,,,,,
17122,84.0,,,,,,,
17123,42.0,,,,,,,
17124,42.0,,,,,,,
17125,42.0,,,,,,,
17126,42.0,,,,,,,
17127,42.0,,,,,,,
17128,42.0,,,,,,,
17129,42.0,,,,,,,
17130,42.0,,,,,,,
17131,42.0,,,,,,,
17132,42.0,,,,,,,
17133,84.0,,,,,,,
17134,42.0,,,,,,,
17135,42.0,,,,,,,
17136,42.0,,,,,,,
17137,42.0,,,,,,,
17138,42.0,,,,,,,
17139,42.0,,,,,,,
17140,42.0,,,,,,,
17141,42.0,,,,,,,
17142,84.0,,,,,,,
17143,42.0,,,,,,,
17144,42.0,,,,,,,
17145,48.0,,,,,,,
17146,126.0,,,,,,,
17147,42.0,,,,,,,
17148,42.0,,,,,,,
17149,42.0,,,,,,,
17150,126.0,,,,,,,
17151,42.0,,,,,,,
17152,84.0,,,,,,,
17153,42.0,,,,,,,
17154,87.0,,,,,,,
17155,42.0,,,,,,,
17156,84.0,,,,,,,
17157,42.0,,,,,,,
17158,42.0,,,,,,,
17159,42.0,,,,,,,
17160,42.0,,,,,,,
17161,42.0,,,,,,,
17162,42.0,,,,,,,
17163,42.0,,,,,,,
17164,42.0,,,,,,,
17165,42.0,,,,,,,
17166,42.0,,,,,,,
17167,42.0,,,,,,,
17168,84.0,,,,,,,
17169,42.0,,,,,,,
17170,42.0,,,,,,,
17171,48.0,,,,,,,
17172,42.0,,,,,,,
17173,42.0,,,,,,,
17174,42.0,,,,,,,
17175,84.0,,,,,,,
17176,42.0,,,,,,,
17177,42.0,,,,,,,
17178,42.0,,,,,,,
17179,42.0,,,,,,,
17180,42.0,,,,,,,
17181,42.0,,,,,,,
17182,42.0,,,,,,,
17183,42.0,,,,,,,
17184,42.0,,,,,,,
17185,42.0,,,,,,,
17186,42.0,,,,,,,
17187,42.0,,,,,,,
17188,42.0,,,,,,,
17189,42.0,,,,,,,
17190,42.0,,,,,,,
17191,42.0,,,,,,,
17192,42.0,,,,,,,
17193,42.0,,,,,,,
17194,42.0,,,,,,,
17195,42.0,,,,,,,
17196,42.0,,,,,,,
17197,28.0,,,,,,,
17198,42.0,,,,,,,
17199,42.0,,,,,,,
17200,84.0,,,,,,,
17201,42.0,,,,,,,
17202,84.0,,,,,,,
17203,84.0,,,,,,,
17204,42.0,,,,,,,
17205,42.0,,,,,,,
17206,42.0,,,,,,,
17207,84.0,,,,,,,
17208,42.0,,,,,,,
17209,42.0,,,,,,,
17210,42.0,,,,,,,
17211,42.0,,,,,,,
17212,42.0,,,,,,,
17213,42.0,,,,,,,
17214,42.0,,,,,,,
17215,42.0,,,,,,,
17216,42.0,,,,,,,
17217,42.0,,,,,,,
17218,42.0,,,,,,,
17219,42.0,,,,,,,
17220,42.0,,,,,,,
17221,42.0,,,,,,,
17222,42.0,,,,,,,
17223,84.0,,,,,,,
17224,42.0,,,,,,,
17225,42.0,,,,,,,
17226,42.0,,,,,,,
17227,42.0,,,,,,,
17228,42.0,,,,,,,
17229,48.0,,,,,,,
17230,42.0,,,,,,,
17231,42.0,,,,,,,
17232,42.0,,,,,,,
17233,42.0,,,,,,,
17234,48.0,,,,,,,
17235,42.0,,,,,,,
17236,42.0,,,,,,,
17237,42.0,,,,,,,
17238,42.0,,,,,,,
17239,42.0,,,,,,,
17240,42.0,,,,,,,
17241,42.0,,,,,,,
17242,42.0,,,,,,,
17243,42.0,,,,,,,
17244,42.0,,,,,,,
17245,42.0,,,,,,,
17246,42.0,,,,,,,
17247,42.0,,,,,,,
17248,42.0,,,,,,,
17249,42.0,,,,,,,
17250,42.0,,,,,,,
17251,42.0,,,,,,,
17252,42.0,,,,,,,
17253,42.0,,,,,,,
17254,42.0,,,,,,,
17255,42.0,,,,,,,
17256,42.0,,,,,,,
17257,42.0,,,,,,,
17258,42.0,,,,,,,
17259,42.0,,,,,,,
17260,42.0,,,,,,,
17261,42.0,,,,,,,
17262,42.0,,,,,,,
17263,42.0,,,,,,,
17264,42.0,,,,,,,
17265,42.0,,,,,,,
17266,42.0,,,,,,,
17267,42.0,,,,,,,
17268,42.0,,,,,,,
17269,42.0,,,,,,,
17270,48.0,,,,,,,
17271,42.0,,,,,,,
17272,42.0,,,,,,,
17273,42.0,,,,,,,
17274,42.0,,,,,,,
17275,42.0,,,,,,,
17276,42.0,,,,,,,
17277,42.0,,,,,,,
17278,42.0,,,,,,,
17279,42.0,,,,,,,
17280,42.0,,,,,,,
17281,42.0,,,,,,,
17282,42.0,,,,,,,
17283,42.0,,,,,,,
17284,42.0,,,,,,,
17285,42.0,,,,,,,
17286,42.0,,,,,,,
17287,42.0,,,,,,,
17288,42.0,,,,,,,
17289,42.0,,,,,,,
17290,42.0,,,,,,,
17291,42.0,,,,,,,
17292,42.0,,,,,,,
17293,42.0,,,,,,,
17294,42.0,,,,,,,
17295,42.0,,,,,,,
17296,48.0,,,,,,,
17297,42.0,,,,,,,
17298,42.0,,,,,,,
17299,42.0,,,,,,,
17300,14.0,,,,,,,
17301,42.0,,,,,,,
17302,42.0,,,,,,,
17303,42.0,,,,,,,
17304,42.0,,,,,,,
17305,28.0,,,,,,,
17306,42.0,,,,,,,
17307,42.0,,,,,,,
17308,42.0,,,,,,,
17309,42.0,,,,,,,
17310,42.0,,,,,,,
17311,42.0,,,,,,,
17312,42.0,,,,,,,
17313,42.0,,,,,,,
17314,42.0,,,,,,,
17315,42.0,,,,,,,
17316,42.0,,,,,,,
17317,42.0,,,,,,,
17318,42.0,,,,,,,
17319,42.0,,,,,,,
17320,42.0,,,,,,,
17321,42.0,,,,,,,
17322,42.0,,,,,,,
17323,84.0,,,,,,,
17324,42.0,,,,,,,
17325,42.0,,,,,,,
17326,42.0,,,,,,,
17327,42.0,,,,,,,
17328,84.0,,,,,,,
17329,42.0,,,,,,,
17330,42.0,,,,,,,
17331,42.0,,,,,,,
17332,42.0,,,,,,,
17333,48.0,,,,,,,
17334,126.0,,,,,,,
17335,42.0,,,,,,,
17336,42.0,,,,,,,
17337,42.0,,,,,,,
17338,42.0,,,,,,,
17339,84.0,,,,,,,
17340,42.0,,,,,,,
17341,42.0,,,,,,,
17342,126.0,,,,,,,
17343,126.0,,,,,,,
17344,84.0,,,,,,,
17345,84.0,,,,,,,
17346,42.0,,,,,,,
17347,84.0,,,,,,,
17348,84.0,,,,,,,
17349,126.0,,,,,,,
17350,42.0,,,,,,,
17351,84.0,,,,,,,
17352,42.0,,,,,,,
17353,42.0,,,,,,,
17354,42.0,,,,,,,
17355,42.0,,,,,,,
17356,84.0,,,,,,,
17357,42.0,,,,,,,
17358,84.0,,,,,,,
17359,126.0,,,,,,,
17360,87.0,,,,,,,
17361,42.0,,,,,,,
17362,42.0,,,,,,,
17363,42.0,,,,,,,
17364,84.0,,,,,,,
17365,42.0,,,,,,,
17366,126.0,,,,,,,
17367,42.0,,,,,,,
17368,42.0,,,,,,,
17369,42.0,,,,,,,
17370,28.0,,,,,,,
17371,84.0,,,,,,,
17372,42.0,,,,,,,
17373,42.0,,,,,,,
17374,42.0,,,,,,,
17375,42.0,,,,,,,
17376,42.0,,,,,,,
17377,84.0,,,,,,,
17378,42.0,,,,,,,
17379,42.0,,,,,,,
17380,42.0,,,,,,,
17381,42.0,,,,,,,
17382,42.0,,,,,,,
17383,42.0,,,,,,,
17384,48.0,,,,,,,
17385,48.0,,,,,,,
17386,42.0,,,,,,,
17387,42.0,,,,,,,
17388,42.0,,,,,,,
17389,42.0,,,,,,,
17390,42.0,,,,,,,
17391,42.0,,,,,,,
17392,42.0,,,,,,,
17393,42.0,,,,,,,
17394,42.0,,,,,,,
17395,42.0,,,,,,,
17396,84.0,,,,,,,
17397,42.0,,,,,,,
17398,42.0,,,,,,,
17399,42.0,,,,,,,
17400,42.0,,,,,,,
17401,42.0,,,,,,,
17402,42.0,,,,,,,
17403,42.0,,,,,,,
17404,42.0,,,,,,,
17405,42.0,,,,,,,
17406,42.0,,,,,,,
17407,42.0,,,,,,,
17408,42.0,,,,,,,
17409,84.0,,,,,,,
17410,42.0,,,,,,,
17411,42.0,,,,,,,
17412,42.0,,,,,,,
17413,42.0,,,,,,,
17414,42.0,,,,,,,
17415,42.0,,,,,,,
17416,42.0,,,,,,,
17417,42.0,,,,,,,
17418,42.0,,,,,,,
17419,84.0,,,,,,,
17420,42.0,,,,,,,
17421,42.0,,,,,,,
17422,42.0,,,,,,,
17423,42.0,,,,,,,
17424,84.0,,,,,,,
17425,42.0,,,,,,,
17426,28.0,,,,,,,
17427,42.0,,,,,,,
17428,42.0,,,,,,,
17429,42.0,,,,,,,
17430,42.0,,,,,,,
17431,84.0,,,,,,,
17432,42.0,,,,,,,
17433,48.0,,,,,,,
17434,42.0,,,,,,,
17435,48.0,,,,,,,
17436,42.0,,,,,,,
17437,42.0,,,,,,,
17438,42.0,,,,,,,
17439,42.0,,,,,,,
17440,42.0,,,,,,,
17441,42.0,,,,,,,
17442,42.0,,,,,,,
17443,42.0,,,,,,,
17444,42.0,,,,,,,
17445,42.0,,,,,,,
17446,42.0,,,,,,,
17447,84.0,,,,,,,
17448,42.0,,,,,,,
17449,42.0,,,,,,,
17450,42.0,,,,,,,
17451,42.0,,,,,,,
17452,42.0,,,,,,,
17453,42.0,,,,,,,
17454,42.0,,,,,,,
17455,42.0,,,,,,,
17456,42.0,,,,,,,
17457,42.0,,,,,,,
17458,42.0,,,,,,,
17459,42.0,,,,,,,
17460,42.0,,,,,,,
17461,48.0,,,,,,,
17462,42.0,,,,,,,
17463,42.0,,,,,,,
17464,42.0,,,,,,,
17465,42.0,,,,,,,
17466,42.0,,,,,,,
17467,42.0,,,,,,,
17468,42.0,,,,,,,
17469,42.0,,,,,,,
17470,42.0,,,,,,,
17471,42.0,,,,,,,
17472,42.0,,,,,,,
17473,42.0,,,,,,,
17474,42.0,,,,,,,
17475,42.0,,,,,,,
17476,42.0,,,,,,,
17477,42.0,,,,,,,
17478,42.0,,,,,,,
17479,42.0,,,,,,,
17480,42.0,,,,,,,
17481,42.0,,,,,,,
17482,42.0,,,,,,,
17483,42.0,,,,,,,
17484,42.0,,,,,,,
17485,42.0,,,,,,,
17486,42.0,,,,,,,
17487,42.0,,,,,,,
17488,42.0,,,,,,,
17489,42.0,,,,,,,
17490,42.0,,,,,,,
17491,42.0,,,,,,,
17492,42.0,,,,,,,
17493,42.0,,,,,,,
17494,42.0,,,,,,,
17495,42.0,,,,,,,
17496,42.0,,,,,,,
17497,42.0,,,,,,,
17498,42.0,,,,,,,
17499,42.0,,,,,,,
17500,42.0,,,,,,,
17501,42.0,,,,,,,
17502,42.0,,,,,,,
17503,42.0,,,,,,,
17504,42.0,,,,,,,
17505,42.0,,,,,,,
17506,42.0,,,,,,,
17507,42.0,,,,,,,
17508,42.0,,,,,,,
17509,42.0,,,,,,,
17510,42.0,,,,,,,
17511,42.0,,,,,,,
17512,42.0,,,,,,,
17513,42.0,,,,,,,
17514,42.0,,,,,,,
17515,42.0,,,,,,,
17516,42.0,,,,,,,
17517,42.0,,,,,,,
17518,42.0,,,,,,,
17519,42.0,,,,,,,
17520,42.0,,,,,,,
17521,42.0,,,,,,,
17522,42.0,,,,,,,
17523,42.0,,,,,,,
17524,42.0,,,,,,,
17525,42.0,,,,,,,
17526,42.0,,,,,,,
17527,42.0,,,,,,,
17528,14.0,,,,,,,
17529,42.0,,,,,,,
17530,42.0,,,,,,,
17531,42.0,,,,,,,
17532,42.0,,,,,,,
17533,42.0,,,,,,,
17534,42.0,,,,,,,
17535,42.0,,,,,,,
17536,42.0,,,,,,,
17537,42.0,,,,,,,
17538,42.0,,,,,,,
17539,14.0,,,,,,,
17540,42.0,,,,,,,
17541,42.0,,,,,,,
17542,42.0,,,,,,,
17543,42.0,,,,,,,
17544,42.0,,,,,,,
17545,42.0,,,,,,,
17546,42.0,,,,,,,
17547,42.0,,,,,,,
17548,126.0,,,,,,,
17549,84.0,,,,,,,
17550,42.0,,,,,,,
17551,42.0,,,,,,,
17552,42.0,,,,,,,
17553,42.0,,,,,,,
17554,42.0,,,,,,,
17555,42.0,,,,,,,
17556,42.0,,,,,,,
17557,42.0,,,,,,,
17558,42.0,,,,,,,
17559,42.0,,,,,,,
17560,42.0,,,,,,,
17561,84.0,,,,,,,
17562,87.0,,,,,,,
17563,42.0,,,,,,,
17564,42.0,,,,,,,
17565,42.0,,,,,,,
17566,42.0,,,,,,,
17567,42.0,,,,,,,
17568,84.0,,,,,,,
17569,42.0,,,,,,,
17570,42.0,,,,,,,
17571,42.0,,,,,,,
17572,42.0,,,,,,,
17573,42.0,,,,,,,
17574,42.0,,,,,,,
17575,84.0,,,,,,,
17576,42.0,,,,,,,
17577,42.0,,,,,,,
17578,42.0,,,,,,,
17579,84.0,,,,,,,
17580,84.0,,,,,,,
17581,42.0,,,,,,,
17582,42.0,,,,,,,
17583,42.0,,,,,,,
17584,42.0,,,,,,,
17585,48.0,,,,,,,
17586,84.0,,,,,,,
17587,42.0,,,,,,,
17588,42.0,,,,,,,
17589,42.0,,,,,,,
17590,42.0,,,,,,,
17591,42.0,,,,,,,
17592,42.0,,,,,,,
17593,42.0,,,,,,,
17594,42.0,,,,,,,
17595,42.0,,,,,,,
17596,42.0,,,,,,,
17597,84.0,,,,,,,
17598,42.0,,,,,,,
17599,42.0,,,,,,,
17600,42.0,,,,,,,
17601,42.0,,,,,,,
17602,42.0,,,,,,,
17603,126.0,,,,,,,
17604,42.0,,,,,,,
17605,42.0,,,,,,,
17606,42.0,,,,,,,
17607,42.0,,,,,,,
17608,84.0,,,,,,,
17609,42.0,,,,,,,
17610,42.0,,,,,,,
17611,42.0,,,,,,,
17612,42.0,,,,,,,
17613,84.0,,,,,,,
17614,42.0,,,,,,,
17615,48.0,,,,,,,
17616,42.0,,,,,,,
17617,42.0,,,,,,,
17618,42.0,,,,,,,
17619,42.0,,,,,,,
17620,42.0,,,,,,,
17621,42.0,,,,,,,
17622,48.0,,,,,,,
17623,42.0,,,,,,,
17624,84.0,,,,,,,
17625,42.0,,,,,,,
17626,84.0,,,,,,,
17627,84.0,,,,,,,
17628,42.0,,,,,,,
17629,42.0,,,,,,,
17630,42.0,,,,,,,
17631,84.0,,,,,,,
17632,84.0,,,,,,,
17633,42.0,,,,,,,
17634,42.0,,,,,,,
17635,42.0,,,,,,,
17636,84.0,,,,,,,
17637,42.0,,,,,,,
17638,42.0,,,,,,,
17639,42.0,,,,,,,
17640,42.0,,,,,,,
17641,42.0,,,,,,,
17642,42.0,,,,,,,
17643,42.0,,,,,,,
17644,42.0,,,,,,,
17645,42.0,,,,,,,
17646,42.0,,,,,,,
17647,42.0,,,,,,,
17648,42.0,,,,,,,
17649,42.0,,,,,,,
17650,84.0,,,,,,,
17651,84.0,,,,,,,
17652,42.0,,,,,,,
17653,126.0,,,,,,,
17654,48.0,,,,,,,
17655,42.0,,,,,,,
17656,42.0,,,,,,,
17657,42.0,,,,,,,
17658,42.0,,,,,,,
17659,42.0,,,,,,,
17660,42.0,,,,,,,
17661,42.0,,,,,,,
17662,42.0,,,,,,,
17663,42.0,,,,,,,
17664,126.0,,,,,,,
17665,42.0,,,,,,,
17666,42.0,,,,,,,
17667,42.0,,,,,,,
17668,42.0,,,,,,,
17669,42.0,,,,,,,
17670,42.0,,,,,,,
17671,42.0,,,,,,,
17672,42.0,,,,,,,
17673,28.0,,,,,,,
17674,42.0,,,,,,,
17675,42.0,,,,,,,
17676,84.0,,,,,,,
17677,42.0,,,,,,,
17678,42.0,,,,,,,
17679,42.0,,,,,,,
17680,42.0,,,,,,,
17681,126.0,,,,,,,
17682,42.0,,,,,,,
17683,42.0,,,,,,,
17684,42.0,,,,,,,
17685,42.0,,,,,,,
17686,42.0,,,,,,,
17687,42.0,,,,,,,
17688,42.0,,,,,,,
17689,42.0,,,,,,,
17690,42.0,,,,,,,
17691,48.0,,,,,,,
17692,42.0,,,,,,,
17693,42.0,,,,,,,
17694,42.0,,,,,,,
17695,42.0,,,,,,,
17696,42.0,,,,,,,
17697,42.0,,,,,,,
17698,42.0,,,,,,,
17699,42.0,,,,,,,
17700,42.0,,,,,,,
17701,42.0,,,,,,,
17702,42.0,,,,,,,
17703,42.0,,,,,,,
17704,48.0,,,,,,,
17705,42.0,,,,,,,
17706,42.0,,,,,,,
17707,42.0,,,,,,,
17708,42.0,,,,,,,
17709,42.0,,,,,,,
17710,42.0,,,,,,,
17711,42.0,,,,,,,
17712,42.0,,,,,,,
17713,42.0,,,,,,,
17714,42.0,,,,,,,
17715,42.0,,,,,,,
17716,42.0,,,,,,,
17717,42.0,,,,,,,
17718,42.0,,,,,,,
17719,42.0,,,,,,,
17720,42.0,,,,,,,
17721,42.0,,,,,,,
17722,42.0,,,,,,,
17723,42.0,,,,,,,
17724,42.0,,,,,,,
17725,42.0,,,,,,,
17726,42.0,,,,,,,
17727,42.0,,,,,,,
17728,42.0,,,,,,,
17729,42.0,,,,,,,
17730,42.0,,,,,,,
17731,42.0,,,,,,,
17732,42.0,,,,,,,
17733,42.0,,,,,,,
17734,42.0,,,,,,,
17735,42.0,,,,,,,
17736,42.0,,,,,,,
17737,42.0,,,,,,,
17738,42.0,,,,,,,
17739,42.0,,,,,,,
17740,42.0,,,,,,,
17741,42.0,,,,,,,
17742,42.0,,,,,,,
17743,42.0,,,,,,,
17744,42.0,,,,,,,
17745,42.0,,,,,,,
17746,42.0,,,,,,,
17747,42.0,,,,,,,
17748,42.0,,,,,,,
17749,42.0,,,,,,,
17750,42.0,,,,,,,
17751,42.0,,,,,,,
17752,42.0,,,,,,,
17753,42.0,,,,,,,
17754,126.0,,,,,,,
17755,42.0,,,,,,,
17756,42.0,,,,,,,
17757,42.0,,,,,,,
17758,42.0,,,,,,,
17759,42.0,,,,,,,
17760,56.0,,,,,,,
17761,42.0,,,,,,,
17762,42.0,,,,,,,
17763,42.0,,,,,,,
17764,42.0,,,,,,,
17765,28.0,,,,,,,
17766,14.0,,,,,,,
17767,42.0,,,,,,,
17768,42.0,,,,,,,
17769,42.0,,,,,,,
17770,42.0,,,,,,,
17771,42.0,,,,,,,
17772,42.0,,,,,,,
17773,42.0,,,,,,,
17774,42.0,,,,,,,
17775,42.0,,,,,,,
17776,84.0,,,,,,,
17777,42.0,,,,,,,
17778,42.0,,,,,,,
17779,42.0,,,,,,,
17780,42.0,,,,,,,
17781,42.0,,,,,,,
17782,42.0,,,,,,,
17783,42.0,,,,,,,
17784,42.0,,,,,,,
17785,42.0,,,,,,,
17786,84.0,,,,,,,
17787,42.0,,,,,,,
17788,42.0,,,,,,,
17789,126.0,,,,,,,
17790,84.0,,,,,,,
17791,42.0,,,,,,,
17792,126.0,,,,,,,
17793,42.0,,,,,,,
17794,42.0,,,,,,,
17795,42.0,,,,,,,
17796,42.0,,,,,,,
17797,42.0,,,,,,,
17798,84.0,,,,,,,
17799,42.0,,,,,,,
17800,42.0,,,,,,,
17801,42.0,,,,,,,
17802,84.0,,,,,,,
17803,84.0,,,,,,,
17804,48.0,,,,,,,
17805,42.0,,,,,,,
17806,42.0,,,,,,,
17807,126.0,,,,,,,
17808,42.0,,,,,,,
17809,42.0,,,,,,,
17810,84.0,,,,,,,
17811,126.0,,,,,,,
17812,48.0,,,,,,,
17813,42.0,,,,,,,
17814,42.0,,,,,,,
17815,42.0,,,,,,,
17816,42.0,,,,,,,
17817,42.0,,,,,,,
17818,42.0,,,,,,,
17819,126.0,,,,,,,
17820,42.0,,,,,,,
17821,42.0,,,,,,,
17822,42.0,,,,,,,
17823,42.0,,,,,,,
17824,42.0,,,,,,,
17825,42.0,,,,,,,
17826,42.0,,,,,,,
17827,42.0,,,,,,,
17828,42.0,,,,,,,
17829,42.0,,,,,,,
17830,42.0,,,,,,,
17831,42.0,,,,,,,
17832,42.0,,,,,,,
17833,42.0,,,,,,,
17834,84.0,,,,,,,
17835,42.0,,,,,,,
17836,84.0,,,,,,,
17837,48.0,,,,,,,
17838,42.0,,,,,,,
17839,42.0,,,,,,,
17840,42.0,,,,,,,
17841,42.0,,,,,,,
17842,42.0,,,,,,,
17843,42.0,,,,,,,
17844,42.0,,,,,,,
17845,42.0,,,,,,,
17846,42.0,,,,,,,
17847,42.0,,,,,,,
17848,42.0,,,,,,,
17849,42.0,,,,,,,
17850,84.0,,,,,,,
17851,42.0,,,,,,,
17852,42.0,,,,,,,
17853,42.0,,,,,,,
17854,42.0,,,,,,,
17855,42.0,,,,,,,
17856,42.0,,,,,,,
17857,87.0,,,,,,,
17858,84.0,,,,,,,
17859,42.0,,,,,,,
17860,42.0,,,,,,,
17861,42.0,,,,,,,
17862,126.0,,,,,,,
17863,42.0,,,,,,,
17864,42.0,,,,,,,
17865,42.0,,,,,,,
17866,42.0,,,,,,,
17867,42.0,,,,,,,
17868,42.0,,,,,,,
17869,42.0,,,,,,,
17870,42.0,,,,,,,
17871,42.0,,,,,,,
17872,42.0,,,,,,,
17873,84.0,,,,,,,
17874,42.0,,,,,,,
17875,42.0,,,,,,,
17876,42.0,,,,,,,
17877,42.0,,,,,,,
17878,42.0,,,,,,,
17879,42.0,,,,,,,
17880,42.0,,,,,,,
17881,42.0,,,,,,,
17882,42.0,,,,,,,
17883,84.0,,,,,,,
17884,42.0,,,,,,,
17885,42.0,,,,,,,
17886,84.0,,,,,,,
17887,42.0,,,,,,,
17888,42.0,,,,,,,
17889,14.0,,,,,,,
17890,42.0,,,,,,,
17891,42.0,,,,,,,
17892,42.0,,,,,,,
17893,42.0,,,,,,,
17894,42.0,,,,,,,
17895,42.0,,,,,,,
17896,42.0,,,,,,,
17897,42.0,,,,,,,
17898,42.0,,,,,,,
17899,42.0,,,,,,,
17900,84.0,,,,,,,
17901,42.0,,,,,,,
17902,42.0,,,,,,,
17903,42.0,,,,,,,
17904,42.0,,,,,,,
17905,42.0,,,,,,,
17906,42.0,,,,,,,
17907,42.0,,,,,,,
17908,48.0,,,,,,,
17909,84.0,,,,,,,
17910,42.0,,,,,,,
17911,42.0,,,,,,,
17912,42.0,,,,,,,
17913,42.0,,,,,,,
17914,42.0,,,,,,,
17915,42.0,,,,,,,
17916,42.0,,,,,,,
17917,42.0,,,,,,,
17918,42.0,,,,,,,
17919,84.0,,,,,,,
17920,42.0,,,,,,,
17921,42.0,,,,,,,
17922,42.0,,,,,,,
17923,42.0,,,,,,,
17924,42.0,,,,,,,
17925,42.0,,,,,,,
17926,42.0,,,,,,,
17927,48.0,,,,,,,
17928,42.0,,,,,,,
17929,48.0,,,,,,,
17930,42.0,,,,,,,
17931,42.0,,,,,,,
17932,42.0,,,,,,,
17933,42.0,,,,,,,
17934,42.0,,,,,,,
17935,42.0,,,,,,,
17936,42.0,,,,,,,
17937,42.0,,,,,,,
17938,42.0,,,,,,,
17939,84.0,,,,,,,
17940,84.0,,,,,,,
17941,42.0,,,,,,,
17942,42.0,,,,,,,
17943,42.0,,,,,,,
17944,42.0,,,,,,,
17945,42.0,,,,,,,
17946,42.0,,,,,,,
17947,42.0,,,,,,,
17948,42.0,,,,,,,
17949,42.0,,,,,,,
17950,42.0,,,,,,,
17951,42.0,,,,,,,
17952,42.0,,,,,,,
17953,42.0,,,,,,,
17954,42.0,,,,,,,
17955,42.0,,,,,,,
17956,42.0,,,,,,,
17957,42.0,,,,,,,
17958,42.0,,,,,,,
17959,42.0,,,,,,,
17960,42.0,,,,,,,
17961,42.0,,,,,,,
17962,42.0,,,,,,,
17963,42.0,,,,,,,
17964,42.0,,,,,,,
17965,42.0,,,,,,,
17966,42.0,,,,,,,
17967,42.0,,,,,,,
17968,42.0,,,,,,,
17969,42.0,,,,,,,
17970,42.0,,,,,,,
17971,42.0,,,,,,,
17972,42.0,,,,,,,
17973,42.0,,,,,,,
17974,42.0,,,,,,,
17975,42.0,,,,,,,
17976,42.0,,,,,,,
17977,42.0,,,,,,,
17978,42.0,,,,,,,
17979,42.0,,,,,,,
17980,42.0,,,,,,,
17981,42.0,,,,,,,
17982,42.0,,,,,,,
17983,42.0,,,,,,,
17984,42.0,,,,,,,
17985,42.0,,,,,,,
17986,42.0,,,,,,,
17987,14.0,,,,,,,
17988,28.0,,,,,,,
17989,42.0,,,,,,,
17990,42.0,,,,,,,
17991,42.0,,,,,,,
17992,42.0,,,,,,,
17993,42.0,,,,,,,
17994,28.0,,,,,,,
17995,42.0,,,,,,,
17996,42.0,,,,,,,
17997,42.0,,,,,,,
17998,42.0,,,,,,,
17999,42.0,,,,,,,
18000,42.0,,,,,,,
18001,42.0,,,,,,,
18002,42.0,,,,,,,
18003,42.0,,,,,,,
18004,42.0,,,,,,,
18005,42.0,,,,,,,
18006,42.0,,,,,,,
18007,42.0,,,,,,,
18008,42.0,,,,,,,
18009,48.0,,,,,,,
18010,42.0,,,,,,,
18011,42.0,,,,,,,
18012,126.0,,,,,,,
18013,42.0,,,,,,,
18014,42.0,,,,,,,
18015,42.0,,,,,,,
18016,42.0,,,,,,,
18017,42.0,,,,,,,
18018,42.0,,,,,,,
18019,42.0,,,,,,,
18020,84.0,,,,,,,
18021,84.0,,,,,,,
18022,126.0,,,,,,,
18023,42.0,,,,,,,
18024,42.0,,,,,,,
18025,126.0,,,,,,,
18026,84.0,,,,,,,
18027,42.0,,,,,,,
18028,42.0,,,,,,,
18029,48.0,,,,,,,
18030,42.0,,,,,,,
18031,42.0,,,,,,,
18032,42.0,,,,,,,
18033,42.0,,,,,,,
18034,84.0,,,,,,,
18035,42.0,,,,,,,
18036,42.0,,,,,,,
18037,42.0,,,,,,,
18038,84.0,,,,,,,
18039,42.0,,,,,,,
18040,42.0,,,,,,,
18041,42.0,,,,,,,
18042,42.0,,,,,,,
18043,42.0,,,,,,,
18044,42.0,,,,,,,
18045,84.0,,,,,,,
18046,84.0,,,,,,,
18047,42.0,,,,,,,
18048,42.0,,,,,,,
18049,42.0,,,,,,,
18050,42.0,,,,,,,
18051,42.0,,,,,,,
18052,42.0,,,,,,,
18053,42.0,,,,,,,
18054,42.0,,,,,,,
18055,42.0,,,,,,,
18056,42.0,,,,,,,
18057,42.0,,,,,,,
18058,42.0,,,,,,,
18059,42.0,,,,,,,
18060,42.0,,,,,,,
18061,42.0,,,,,,,
18062,48.0,,,,,,,
18063,42.0,,,,,,,
18064,126.0,,,,,,,
18065,84.0,,,,,,,
18066,42.0,,,,,,,
18067,42.0,,,,,,,
18068,84.0,,,,,,,
18069,42.0,,,,,,,
18070,42.0,,,,,,,
18071,42.0,,,,,,,
18072,42.0,,,,,,,
18073,42.0,,,,,,,
18074,84.0,,,,,,,
18075,42.0,,,,,,,
18076,42.0,,,,,,,
18077,42.0,,,,,,,
18078,42.0,,,,,,,
18079,42.0,,,,,,,
18080,42.0,,,,,,,
18081,42.0,,,,,,,
18082,42.0,,,,,,,
18083,42.0,,,,,,,
18084,42.0,,,,,,,
18085,42.0,,,,,,,
18086,42.0,,,,,,,
18087,42.0,,,,,,,
18088,42.0,,,,,,,
18089,48.0,,,,,,,
18090,42.0,,,,,,,
18091,42.0,,,,,,,
18092,84.0,,,,,,,
18093,42.0,,,,,,,
18094,42.0,,,,,,,
18095,42.0,,,,,,,
18096,42.0,,,,,,,
18097,42.0,,,,,,,
18098,42.0,,,,,,,
18099,42.0,,,,,,,
18100,84.0,,,,,,,
18101,84.0,,,,,,,
18102,42.0,,,,,,,
18103,42.0,,,,,,,
18104,42.0,,,,,,,
18105,42.0,,,,,,,
18106,42.0,,,,,,,
18107,42.0,,,,,,,
18108,42.0,,,,,,,
18109,42.0,,,,,,,
18110,42.0,,,,,,,
18111,42.0,,,,,,,
18112,48.0,,,,,,,
18113,84.0,,,,,,,
18114,84.0,,,,,,,
18115,42.0,,,,,,,
18116,42.0,,,,,,,
18117,42.0,,,,,,,
18118,42.0,,,,,,,
18119,42.0,,,,,,,
18120,126.0,,,,,,,
18121,42.0,,,,,,,
18122,42.0,,,,,,,
18123,42.0,,,,,,,
18124,42.0,,,,,,,
18125,42.0,,,,,,,
18126,28.0,,,,,,,
18127,42.0,,,,,,,
18128,42.0,,,,,,,
18129,42.0,,,,,,,
18130,42.0,,,,,,,
18131,84.0,,,,,,,
18132,42.0,,,,,,,
18133,42.0,,,,,,,
18134,42.0,,,,,,,
18135,42.0,,,,,,,
18136,42.0,,,,,,,
18137,42.0,,,,,,,
18138,42.0,,,,,,,
18139,42.0,,,,,,,
18140,42.0,,,,,,,
18141,84.0,,,,,,,
18142,42.0,,,,,,,
18143,42.0,,,,,,,
18144,42.0,,,,,,,
18145,42.0,,,,,,,
18146,126.0,,,,,,,
18147,42.0,,,,,,,
18148,48.0,,,,,,,
18149,42.0,,,,,,,
18150,42.0,,,,,,,
18151,42.0,,,,,,,
18152,42.0,,,,,,,
18153,42.0,,,,,,,
18154,42.0,,,,,,,
18155,42.0,,,,,,,
18156,87.0,,,,,,,
18157,42.0,,,,,,,
18158,42.0,,,,,,,
18159,42.0,,,,,,,
18160,84.0,,,,,,,
18161,42.0,,,,,,,
18162,42.0,,,,,,,
18163,42.0,,,,,,,
18164,42.0,,,,,,,
18165,42.0,,,,,,,
18166,42.0,,,,,,,
18167,42.0,,,,,,,
18168,84.0,,,,,,,
18169,42.0,,,,,,,
18170,42.0,,,,,,,
18171,42.0,,,,,,,
18172,42.0,,,,,,,
18173,42.0,,,,,,,
18174,42.0,,,,,,,
18175,42.0,,,,,,,
18176,42.0,,,,,,,
18177,42.0,,,,,,,
18178,42.0,,,,,,,
18179,42.0,,,,,,,
18180,42.0,,,,,,,
18181,42.0,,,,,,,
18182,42.0,,,,,,,
18183,42.0,,,,,,,
18184,42.0,,,,,,,
18185,42.0,,,,,,,
18186,42.0,,,,,,,
18187,42.0,,,,,,,
18188,42.0,,,,,,,
18189,42.0,,,,,,,
18190,42.0,,,,,,,
18191,42.0,,,,,,,
18192,42.0,,,,,,,
18193,42.0,,,,,,,
18194,42.0,,,,,,,
18195,42.0,,,,,,,
18196,42.0,,,,,,,
18197,42.0,,,,,,,
18198,42.0,,,,,,,
18199,42.0,,,,,,,
18200,42.0,,,,,,,
18201,42.0,,,,,,,
18202,42.0,,,,,,,
18203,42.0,,,,,,,
18204,42.0,,,,,,,
18205,42.0,,,,,,,
18206,42.0,,,,,,,
18207,42.0,,,,,,,
18208,42.0,,,,,,,
18209,42.0,,,,,,,
18210,14.0,,,,,,,
18211,42.0,,,,,,,
18212,42.0,,,,,,,
18213,42.0,,,,,,,
18214,42.0,,,,,,,
18215,42.0,,,,,,,
18216,42.0,,,,,,,
18217,42.0,,,,,,,
18218,42.0,,,,,,,
18219,42.0,,,,,,,
18220,42.0,,,,,,,
18221,14.0,,,,,,,
18222,28.0,,,,,,,
18223,42.0,,,,,,,
18224,42.0,,,,,,,
18225,42.0,,,,,,,
18226,42.0,,,,,,,
18227,42.0,,,,,,,
18228,42.0,,,,,,,
18229,42.0,,,,,,,
18230,42.0,,,,,,,
18231,42.0,,,,,,,
18232,42.0,,,,,,,
18233,42.0,,,,,,,
18234,84.0,,,,,,,
18235,42.0,,,,,,,
18236,84.0,,,,,,,
18237,42.0,,,,,,,
18238,84.0,,,,,,,
18239,42.0,,,,,,,
18240,42.0,,,,,,,
18241,42.0,,,,,,,
18242,42.0,,,,,,,
18243,42.0,,,,,,,
18244,42.0,,,,,,,
18245,42.0,,,,,,,
18246,42.0,,,,,,,
18247,42.0,,,,,,,
18248,42.0,,,,,,,
18249,42.0,,,,,,,
18250,84.0,,,,,,,
18251,84.0,,,,,,,
18252,126.0,,,,,,,
18253,42.0,,,,,,,
18254,42.0,,,,,,,
18255,126.0,,,,,,,
18256,126.0,,,,,,,
18257,42.0,,,,,,,
18258,84.0,,,,,,,
18259,42.0,,,,,,,
18260,42.0,,,,,,,
18261,42.0,,,,,,,
18262,42.0,,,,,,,
18263,42.0,,,,,,,
18264,87.0,,,,,,,
18265,42.0,,,,,,,
18266,42.0,,,,,,,
18267,48.0,,,,,,,
18268,42.0,,,,,,,
18269,42.0,,,,,,,
18270,42.0,,,,,,,
18271,42.0,,,,,,,
18272,126.0,,,,,,,
18273,42.0,,,,,,,
18274,48.0,,,,,,,
18275,84.0,,,,,,,
18276,84.0,,,,,,,
18277,42.0,,,,,,,
18278,42.0,,,,,,,
18279,42.0,,,,,,,
18280,84.0,,,,,,,
18281,42.0,,,,,,,
18282,126.0,,,,,,,
18283,42.0,,,,,,,
18284,42.0,,,,,,,
18285,84.0,,,,,,,
18286,42.0,,,,,,,
18287,42.0,,,,,,,
18288,42.0,,,,,,,
18289,42.0,,,,,,,
18290,42.0,,,,,,,
18291,42.0,,,,,,,
18292,84.0,,,,,,,
18293,42.0,,,,,,,
18294,84.0,,,,,,,
18295,42.0,,,,,,,
18296,84.0,,,,,,,
18297,126.0,,,,,,,
18298,42.0,,,,,,,
18299,42.0,,,,,,,
18300,42.0,,,,,,,
18301,84.0,,,,,,,
18302,42.0,,,,,,,
18303,48.0,,,,,,,
18304,42.0,,,,,,,
18305,42.0,,,,,,,
18306,42.0,,,,,,,
18307,42.0,,,,,,,
18308,42.0,,,,,,,
18309,84.0,,,,,,,
18310,42.0,,,,,,,
18311,42.0,,,,,,,
18312,42.0,,,,,,,
18313,42.0,,,,,,,
18314,42.0,,,,,,,
18315,42.0,,,,,,,
18316,42.0,,,,,,,
18317,42.0,,,,,,,
18318,42.0,,,,,,,
18319,42.0,,,,,,,
18320,84.0,,,,,,,
18321,42.0,,,,,,,
18322,42.0,,,,,,,
18323,42.0,,,,,,,
18324,42.0,,,,,,,
18325,42.0,,,,,,,
18326,42.0,,,,,,,
18327,42.0,,,,,,,
18328,42.0,,,,,,,
18329,42.0,,,,,,,
18330,42.0,,,,,,,
18331,42.0,,,,,,,
18332,42.0,,,,,,,
18333,42.0,,,,,,,
18334,42.0,,,,,,,
18335,42.0,,,,,,,
18336,84.0,,,,,,,
18337,42.0,,,,,,,
18338,42.0,,,,,,,
18339,42.0,,,,,,,
18340,42.0,,,,,,,
18341,42.0,,,,,,,
18342,42.0,,,,,,,
18343,42.0,,,,,,,
18344,84.0,,,,,,,
18345,42.0,,,,,,,
18346,42.0,,,,,,,
18347,42.0,,,,,,,
18348,42.0,,,,,,,
18349,42.0,,,,,,,
18350,42.0,,,,,,,
18351,42.0,,,,,,,
18352,42.0,,,,,,,
18353,42.0,,,,,,,
18354,42.0,,,,,,,
18355,42.0,,,,,,,
18356,84.0,,,,,,,
18357,48.0,,,,,,,
18358,42.0,,,,,,,
18359,42.0,,,,,,,
18360,42.0,,,,,,,
18361,42.0,,,,,,,
18362,42.0,,,,,,,
18363,42.0,,,,,,,
18364,42.0,,,,,,,
18365,42.0,,,,,,,
18366,42.0,,,,,,,
18367,42.0,,,,,,,
18368,42.0,,,,,,,
18369,42.0,,,,,,,
18370,42.0,,,,,,,
18371,42.0,,,,,,,
18372,42.0,,,,,,,
18373,42.0,,,,,,,
18374,42.0,,,,,,,
18375,42.0,,,,,,,
18376,42.0,,,,,,,
18377,42.0,,,,,,,
18378,42.0,,,,,,,
18379,42.0,,,,,,,
18380,42.0,,,,,,,
18381,42.0,,,,,,,
18382,42.0,,,,,,,
18383,42.0,,,,,,,
18384,42.0,,,,,,,
18385,48.0,,,,,,,
18386,42.0,,,,,,,
18387,42.0,,,,,,,
18388,42.0,,,,,,,
18389,42.0,,,,,,,
18390,42.0,,,,,,,
18391,42.0,,,,,,,
18392,42.0,,,,,,,
18393,42.0,,,,,,,
18394,42.0,,,,,,,
18395,42.0,,,,,,,
18396,48.0,,,,,,,
18397,42.0,,,,,,,
18398,42.0,,,,,,,
18399,42.0,,,,,,,
18400,42.0,,,,,,,
18401,42.0,,,,,,,
18402,42.0,,,,,,,
18403,42.0,,,,,,,
18404,42.0,,,,,,,
18405,42.0,,,,,,,
18406,42.0,,,,,,,
18407,42.0,,,,,,,
18408,42.0,,,,,,,
18409,42.0,,,,,,,
18410,42.0,,,,,,,
18411,42.0,,,,,,,
18412,42.0,,,,,,,
18413,42.0,,,,,,,
18414,42.0,,,,,,,
18415,42.0,,,,,,,
18416,42.0,,,,,,,
18417,42.0,,,,,,,
18418,42.0,,,,,,,
18419,42.0,,,,,,,
18420,42.0,,,,,,,
18421,42.0,,,,,,,
18422,42.0,,,,,,,
18423,42.0,,,,,,,
18424,42.0,,,,,,,
18425,42.0,,,,,,,
18426,42.0,,,,,,,
18427,42.0,,,,,,,
18428,42.0,,,,,,,
18429,42.0,,,,,,,
18430,42.0,,,,,,,
18431,42.0,,,,,,,
18432,42.0,,,,,,,
18433,42.0,,,,,,,
18434,42.0,,,,,,,
18435,42.0,,,,,,,
18436,42.0,,,,,,,
18437,42.0,,,,,,,
18438,42.0,,,,,,,
18439,42.0,,,,,,,
18440,14.0,,,,,,,
18441,42.0,,,,,,,
18442,42.0,,,,,,,
18443,42.0,,,,,,,
18444,42.0,,,,,,,
18445,42.0,,,,,,,
18446,42.0,,,,,,,
18447,42.0,,,,,,,
18448,28.0,,,,,,,
18449,14.0,,,,,,,
18450,28.0,,,,,,,
18451,42.0,,,,,,,
18452,42.0,,,,,,,
18453,42.0,,,,,,,
18454,42.0,,,,,,,
18455,42.0,,,,,,,
18456,42.0,,,,,,,
18457,42.0,,,,,,,
18458,42.0,,,,,,,
18459,84.0,,,,,,,
18460,42.0,,,,,,,
18461,84.0,,,,,,,
18462,42.0,,,,,,,
18463,42.0,,,,,,,
18464,42.0,,,,,,,
18465,42.0,,,,,,,
18466,42.0,,,,,,,
18467,42.0,,,,,,,
18468,42.0,,,,,,,
18469,42.0,,,,,,,
18470,42.0,,,,,,,
18471,42.0,,,,,,,
18472,42.0,,,,,,,
18473,84.0,,,,,,,
18474,42.0,,,,,,,
18475,42.0,,,,,,,
18476,42.0,,,,,,,
18477,126.0,,,,,,,
18478,42.0,,,,,,,
18479,42.0,,,,,,,
18480,42.0,,,,,,,
18481,42.0,,,,,,,
18482,126.0,,,,,,,
18483,48.0,,,,,,,
18484,84.0,,,,,,,
18485,42.0,,,,,,,
18486,42.0,,,,,,,
18487,42.0,,,,,,,
18488,42.0,,,,,,,
18489,42.0,,,,,,,
18490,42.0,,,,,,,
18491,42.0,,,,,,,
18492,42.0,,,,,,,
18493,42.0,,,,,,,
18494,42.0,,,,,,,
18495,42.0,,,,,,,
18496,42.0,,,,,,,
18497,42.0,,,,,,,
18498,42.0,,,,,,,
18499,42.0,,,,,,,
18500,42.0,,,,,,,
18501,84.0,,,,,,,
18502,42.0,,,,,,,
18503,84.0,,,,,,,
18504,42.0,,,,,,,
18505,42.0,,,,,,,
18506,48.0,,,,,,,
18507,84.0,,,,,,,
18508,42.0,,,,,,,
18509,42.0,,,,,,,
18510,42.0,,,,,,,
18511,42.0,,,,,,,
18512,42.0,,,,,,,
18513,42.0,,,,,,,
18514,42.0,,,,,,,
18515,42.0,,,,,,,
18516,84.0,,,,,,,
18517,42.0,,,,,,,
18518,84.0,,,,,,,
18519,42.0,,,,,,,
18520,42.0,,,,,,,
18521,42.0,,,,,,,
18522,84.0,,,,,,,
18523,42.0,,,,,,,
18524,84.0,,,,,,,
18525,42.0,,,,,,,
18526,42.0,,,,,,,
18527,42.0,,,,,,,
18528,84.0,,,,,,,
18529,42.0,,,,,,,
18530,42.0,,,,,,,
18531,42.0,,,,,,,
18532,42.0,,,,,,,
18533,48.0,,,,,,,
18534,42.0,,,,,,,
18535,42.0,,,,,,,
18536,42.0,,,,,,,
18537,42.0,,,,,,,
18538,48.0,,,,,,,
18539,42.0,,,,,,,
18540,84.0,,,,,,,
18541,42.0,,,,,,,
18542,84.0,,,,,,,
18543,42.0,,,,,,,
18544,84.0,,,,,,,
18545,42.0,,,,,,,
18546,42.0,,,,,,,
18547,42.0,,,,,,,
18548,126.0,,,,,,,
18549,42.0,,,,,,,
18550,42.0,,,,,,,
18551,42.0,,,,,,,
18552,42.0,,,,,,,
18553,84.0,,,,,,,
18554,42.0,,,,,,,
18555,42.0,,,,,,,
18556,84.0,,,,,,,
18557,42.0,,,,,,,
18558,42.0,,,,,,,
18559,42.0,,,,,,,
18560,42.0,,,,,,,
18561,126.0,,,,,,,
18562,42.0,,,,,,,
18563,42.0,,,,,,,
18564,42.0,,,,,,,
18565,42.0,,,,,,,
18566,42.0,,,,,,,
18567,42.0,,,,,,,
18568,42.0,,,,,,,
18569,42.0,,,,,,,
18570,42.0,,,,,,,
18571,42.0,,,,,,,
18572,42.0,,,,,,,
18573,42.0,,,,,,,
18574,42.0,,,,,,,
18575,42.0,,,,,,,
18576,84.0,,,,,,,
18577,42.0,,,,,,,
18578,42.0,,,,,,,
18579,42.0,,,,,,,
18580,42.0,,,,,,,
18581,84.0,,,,,,,
18582,42.0,,,,,,,
18583,42.0,,,,,,,
18584,48.0,,,,,,,
18585,42.0,,,,,,,
18586,42.0,,,,,,,
18587,42.0,,,,,,,
18588,42.0,,,,,,,
18589,48.0,,,,,,,
18590,42.0,,,,,,,
18591,42.0,,,,,,,
18592,42.0,,,,,,,
18593,42.0,,,,,,,
18594,42.0,,,,,,,
18595,42.0,,,,,,,
18596,126.0,,,,,,,
18597,42.0,,,,,,,
18598,42.0,,,,,,,
18599,42.0,,,,,,,
18600,42.0,,,,,,,
18601,42.0,,,,,,,
18602,42.0,,,,,,,
18603,42.0,,,,,,,
18604,42.0,,,,,,,
18605,28.0,,,,,,,
18606,42.0,,,,,,,
18607,42.0,,,,,,,
18608,42.0,,,,,,,
18609,42.0,,,,,,,
18610,42.0,,,,,,,
18611,42.0,,,,,,,
18612,42.0,,,,,,,
18613,42.0,,,,,,,
18614,42.0,,,,,,,
18615,87.0,,,,,,,
18616,42.0,,,,,,,
18617,42.0,,,,,,,
18618,42.0,,,,,,,
18619,42.0,,,,,,,
18620,42.0,,,,,,,
18621,42.0,,,,,,,
18622,42.0,,,,,,,
18623,42.0,,,,,,,
18624,42.0,,,,,,,
18625,42.0,,,,,,,
18626,42.0,,,,,,,
18627,42.0,,,,,,,
18628,42.0,,,,,,,
18629,42.0,,,,,,,
18630,42.0,,,,,,,
18631,42.0,,,,,,,
18632,42.0,,,,,,,
18633,42.0,,,,,,,
18634,42.0,,,,,,,
18635,42.0,,,,,,,
18636,42.0,,,,,,,
18637,42.0,,,,,,,
18638,42.0,,,,,,,
18639,42.0,,,,,,,
18640,42.0,,,,,,,
18641,42.0,,,,,,,
18642,42.0,,,,,,,
18643,42.0,,,,,,,
18644,42.0,,,,,,,
18645,42.0,,,,,,,
18646,42.0,,,,,,,
18647,42.0,,,,,,,
18648,42.0,,,,,,,
18649,42.0,,,,,,,
18650,42.0,,,,,,,
18651,42.0,,,,,,,
18652,42.0,,,,,,,
18653,42.0,,,,,,,
18654,42.0,,,,,,,
18655,42.0,,,,,,,
18656,42.0,,,,,,,
18657,42.0,,,,,,,
18658,42.0,,,,,,,
18659,42.0,,,,,,,
18660,42.0,,,,,,,
18661,126.0,,,,,,,
18662,42.0,,,,,,,
18663,42.0,,,,,,,
18664,42.0,,,,,,,
18665,42.0,,,,,,,
18666,42.0,,,,,,,
18667,42.0,,,,,,,
18668,42.0,,,,,,,
18669,14.0,,,,,,,
18670,42.0,,,,,,,
18671,42.0,,,,,,,
18672,42.0,,,,,,,
18673,42.0,,,,,,,
18674,42.0,,,,,,,
18675,42.0,,,,,,,
18676,42.0,,,,,,,
18677,28.0,,,,,,,
18678,14.0,,,,,,,
18679,42.0,,,,,,,
18680,42.0,,,,,,,
18681,42.0,,,,,,,
18682,42.0,,,,,,,
18683,42.0,,,,,,,
18684,42.0,,,,,,,
18685,42.0,,,,,,,
18686,42.0,,,,,,,
18687,42.0,,,,,,,
18688,42.0,,,,,,,
18689,42.0,,,,,,,
18690,42.0,,,,,,,
18691,42.0,,,,,,,
18692,84.0,,,,,,,
18693,84.0,,,,,,,
18694,42.0,,,,,,,
18695,42.0,,,,,,,
18696,42.0,,,,,,,
18697,42.0,,,,,,,
18698,42.0,,,,,,,
18699,42.0,,,,,,,
18700,42.0,,,,,,,
18701,42.0,,,,,,,
18702,42.0,,,,,,,
18703,126.0,,,,,,,
18704,42.0,,,,,,,
18705,42.0,,,,,,,
18706,48.0,,,,,,,
18707,126.0,,,,,,,
18708,42.0,,,,,,,
18709,42.0,,,,,,,
18710,42.0,,,,,,,
18711,42.0,,,,,,,
18712,42.0,,,,,,,
18713,87.0,,,,,,,
18714,42.0,,,,,,,
18715,42.0,,,,,,,
18716,42.0,,,,,,,
18717,126.0,,,,,,,
18718,42.0,,,,,,,
18719,42.0,,,,,,,
18720,42.0,,,,,,,
18721,42.0,,,,,,,
18722,42.0,,,,,,,
18723,42.0,,,,,,,
18724,42.0,,,,,,,
18725,42.0,,,,,,,
18726,126.0,,,,,,,
18727,42.0,,,,,,,
18728,42.0,,,,,,,
18729,42.0,,,,,,,
18730,42.0,,,,,,,
18731,48.0,,,,,,,
18732,42.0,,,,,,,
18733,42.0,,,,,,,
18734,42.0,,,,,,,
18735,42.0,,,,,,,
18736,42.0,,,,,,,
18737,42.0,,,,,,,
18738,126.0,,,,,,,
18739,42.0,,,,,,,
18740,42.0,,,,,,,
18741,42.0,,,,,,,
18742,42.0,,,,,,,
18743,84.0,,,,,,,
18744,42.0,,,,,,,
18745,84.0,,,,,,,
18746,42.0,,,,,,,
18747,42.0,,,,,,,
18748,42.0,,,,,,,
18749,84.0,,,,,,,
18750,42.0,,,,,,,
18751,42.0,,,,,,,
18752,42.0,,,,,,,
18753,42.0,,,,,,,
18754,42.0,,,,,,,
18755,48.0,,,,,,,
18756,42.0,,,,,,,
18757,42.0,,,,,,,
18758,42.0,,,,,,,
18759,84.0,,,,,,,
18760,42.0,,,,,,,
18761,84.0,,,,,,,
18762,42.0,,,,,,,
18763,42.0,,,,,,,
18764,42.0,,,,,,,
18765,42.0,,,,,,,
18766,42.0,,,,,,,
18767,42.0,,,,,,,
18768,42.0,,,,,,,
18769,42.0,,,,,,,
18770,42.0,,,,,,,
18771,42.0,,,,,,,
18772,42.0,,,,,,,
18773,42.0,,,,,,,
18774,42.0,,,,,,,
18775,42.0,,,,,,,
18776,84.0,,,,,,,
18777,42.0,,,,,,,
18778,42.0,,,,,,,
18779,42.0,,,,,,,
18780,84.0,,,,,,,
18781,84.0,,,,,,,
18782,42.0,,,,,,,
18783,42.0,,,,,,,
18784,42.0,,,,,,,
18785,14.0,,,,,,,
18786,84.0,,,,,,,
18787,42.0,,,,,,,
18788,42.0,,,,,,,
18789,84.0,,,,,,,
18790,126.0,,,,,,,
18791,42.0,,,,,,,
18792,42.0,,,,,,,
18793,42.0,,,,,,,
18794,84.0,,,,,,,
18795,84.0,,,,,,,
18796,42.0,,,,,,,
18797,42.0,,,,,,,
18798,42.0,,,,,,,
18799,42.0,,,,,,,
18800,48.0,,,,,,,
18801,42.0,,,,,,,
18802,42.0,,,,,,,
18803,42.0,,,,,,,
18804,42.0,,,,,,,
18805,42.0,,,,,,,
18806,42.0,,,,,,,
18807,42.0,,,,,,,
18808,42.0,,,,,,,
18809,42.0,,,,,,,
18810,42.0,,,,,,,
18811,42.0,,,,,,,
18812,42.0,,,,,,,
18813,42.0,,,,,,,
18814,42.0,,,,,,,
18815,42.0,,,,,,,
18816,42.0,,,,,,,
18817,84.0,,,,,,,
18818,84.0,,,,,,,
18819,42.0,,,,,,,
18820,42.0,,,,,,,
18821,84.0,,,,,,,
18822,42.0,,,,,,,
18823,42.0,,,,,,,
18824,42.0,,,,,,,
18825,42.0,,,,,,,
18826,42.0,,,,,,,
18827,42.0,,,,,,,
18828,42.0,,,,,,,
18829,42.0,,,,,,,
18830,42.0,,,,,,,
18831,48.0,,,,,,,
18832,42.0,,,,,,,
18833,42.0,,,,,,,
18834,42.0,,,,,,,
18835,42.0,,,,,,,
18836,42.0,,,,,,,
18837,42.0,,,,,,,
18838,42.0,,,,,,,
18839,42.0,,,,,,,
18840,42.0,,,,,,,
18841,42.0,,,,,,,
18842,42.0,,,,,,,
18843,42.0,,,,,,,
18844,42.0,,,,,,,
18845,42.0,,,,,,,
18846,42.0,,,,,,,
18847,42.0,,,,,,,
18848,42.0,,,,,,,
18849,42.0,,,,,,,
18850,42.0,,,,,,,
18851,42.0,,,,,,,
18852,84.0,,,,,,,
18853,42.0,,,,,,,
18854,84.0,,,,,,,
18855,42.0,,,,,,,
18856,42.0,,,,,,,
18857,42.0,,,,,,,
18858,42.0,,,,,,,
18859,42.0,,,,,,,
18860,42.0,,,,,,,
18861,42.0,,,,,,,
18862,28.0,,,,,,,
18863,42.0,,,,,,,
18864,42.0,,,,,,,
18865,42.0,,,,,,,
18866,42.0,,,,,,,
18867,42.0,,,,,,,
18868,42.0,,,,,,,
18869,42.0,,,,,,,
18870,42.0,,,,,,,
18871,42.0,,,,,,,
18872,42.0,,,,,,,
18873,42.0,,,,,,,
18874,42.0,,,,,,,
18875,42.0,,,,,,,
18876,42.0,,,,,,,
18877,42.0,,,,,,,
18878,42.0,,,,,,,
18879,42.0,,,,,,,
18880,42.0,,,,,,,
18881,42.0,,,,,,,
18882,42.0,,,,,,,
18883,42.0,,,,,,,
18884,42.0,,,,,,,
18885,42.0,,,,,,,
18886,42.0,,,,,,,
18887,42.0,,,,,,,
18888,42.0,,,,,,,
18889,42.0,,,,,,,
18890,42.0,,,,,,,
18891,42.0,,,,,,,
18892,14.0,,,,,,,
18893,42.0,,,,,,,
18894,42.0,,,,,,,
18895,42.0,,,,,,,
18896,48.0,,,,,,,
18897,42.0,,,,,,,
18898,42.0,,,,,,,
18899,42.0,,,,,,,
18900,42.0,,,,,,,
18901,42.0,,,,,,,
18902,42.0,,,,,,,
18903,42.0,,,,,,,
18904,42.0,,,,,,,
18905,42.0,,,,,,,
18906,28.0,,,,,,,
18907,42.0,,,,,,,
18908,42.0,,,,,,,
18909,42.0,,,,,,,
18910,42.0,,,,,,,
18911,42.0,,,,,,,
18912,42.0,,,,,,,
18913,42.0,,,,,,,
18914,42.0,,,,,,,
18915,42.0,,,,,,,
18916,42.0,,,,,,,
18917,42.0,,,,,,,
18918,42.0,,,,,,,
18919,42.0,,,,,,,
18920,84.0,,,,,,,
18921,42.0,,,,,,,
18922,42.0,,,,,,,
18923,42.0,,,,,,,
18924,84.0,,,,,,,
18925,42.0,,,,,,,
18926,42.0,,,,,,,
18927,42.0,,,,,,,
18928,42.0,,,,,,,
18929,42.0,,,,,,,
18930,42.0,,,,,,,
18931,84.0,,,,,,,
18932,126.0,,,,,,,
18933,42.0,,,,,,,
18934,42.0,,,,,,,
18935,42.0,,,,,,,
18936,42.0,,,,,,,
18937,42.0,,,,,,,
18938,84.0,,,,,,,
18939,84.0,,,,,,,
18940,42.0,,,,,,,
18941,84.0,,,,,,,
18942,84.0,,,,,,,
18943,126.0,,,,,,,
18944,42.0,,,,,,,
18945,42.0,,,,,,,
18946,42.0,,,,,,,
18947,42.0,,,,,,,
18948,42.0,,,,,,,
18949,42.0,,,,,,,
18950,84.0,,,,,,,
18951,42.0,,,,,,,
18952,42.0,,,,,,,
18953,42.0,,,,,,,
18954,42.0,,,,,,,
18955,42.0,,,,,,,
18956,42.0,,,,,,,
18957,42.0,,,,,,,
18958,126.0,,,,,,,
18959,126.0,,,,,,,
18960,42.0,,,,,,,
18961,42.0,,,,,,,
18962,84.0,,,,,,,
18963,42.0,,,,,,,
18964,42.0,,,,,,,
18965,42.0,,,,,,,
18966,42.0,,,,,,,
18967,42.0,,,,,,,
18968,42.0,,,,,,,
18969,42.0,,,,,,,
18970,42.0,,,,,,,
18971,48.0,,,,,,,
18972,42.0,,,,,,,
18973,42.0,,,,,,,
18974,42.0,,,,,,,
18975,84.0,,,,,,,
18976,48.0,,,,,,,
18977,42.0,,,,,,,
18978,84.0,,,,,,,
18979,84.0,,,,,,,
18980,126.0,,,,,,,
18981,42.0,,,,,,,
18982,42.0,,,,,,,
18983,42.0,,,,,,,
18984,42.0,,,,,,,
18985,42.0,,,,,,,
18986,84.0,,,,,,,
18987,42.0,,,,,,,
18988,42.0,,,,,,,
18989,42.0,,,,,,,
18990,42.0,,,,,,,
18991,42.0,,,,,,,
18992,84.0,,,,,,,
18993,42.0,,,,,,,
18994,42.0,,,,,,,
18995,42.0,,,,,,,
18996,48.0,,,,,,,
18997,42.0,,,,,,,
18998,42.0,,,,,,,
18999,42.0,,,,,,,
19000,42.0,,,,,,,
19001,42.0,,,,,,,
19002,42.0,,,,,,,
19003,42.0,,,,,,,
19004,42.0,,,,,,,
19005,42.0,,,,,,,
19006,42.0,,,,,,,
19007,42.0,,,,,,,
19008,42.0,,,,,,,
19009,42.0,,,,,,,
19010,42.0,,,,,,,
19011,84.0,,,,,,,
19012,42.0,,,,,,,
19013,84.0,,,,,,,
19014,42.0,,,,,,,
19015,42.0,,,,,,,
19016,42.0,,,,,,,
19017,42.0,,,,,,,
19018,42.0,,,,,,,
19019,42.0,,,,,,,
19020,42.0,,,,,,,
19021,42.0,,,,,,,
19022,42.0,,,,,,,
19023,42.0,,,,,,,
19024,42.0,,,,,,,
19025,42.0,,,,,,,
19026,42.0,,,,,,,
19027,42.0,,,,,,,
19028,42.0,,,,,,,
19029,42.0,,,,,,,
19030,42.0,,,,,,,
19031,42.0,,,,,,,
19032,42.0,,,,,,,
19033,42.0,,,,,,,
19034,84.0,,,,,,,
19035,42.0,,,,,,,
19036,42.0,,,,,,,
19037,42.0,,,,,,,
19038,84.0,,,,,,,
19039,42.0,,,,,,,
19040,42.0,,,,,,,
19041,42.0,,,,,,,
19042,42.0,,,,,,,
19043,42.0,,,,,,,
19044,42.0,,,,,,,
19045,42.0,,,,,,,
19046,42.0,,,,,,,
19047,42.0,,,,,,,
19048,48.0,,,,,,,
19049,42.0,,,,,,,
19050,87.0,,,,,,,
19051,42.0,,,,,,,
19052,42.0,,,,,,,
19053,42.0,,,,,,,
19054,42.0,,,,,,,
19055,42.0,,,,,,,
19056,42.0,,,,,,,
19057,42.0,,,,,,,
19058,42.0,,,,,,,
19059,48.0,,,,,,,
19060,42.0,,,,,,,
19061,48.0,,,,,,,
19062,42.0,,,,,,,
19063,42.0,,,,,,,
19064,42.0,,,,,,,
19065,42.0,,,,,,,
19066,42.0,,,,,,,
19067,42.0,,,,,,,
19068,42.0,,,,,,,
19069,42.0,,,,,,,
19070,42.0,,,,,,,
19071,42.0,,,,,,,
19072,42.0,,,,,,,
19073,42.0,,,,,,,
19074,84.0,,,,,,,
19075,42.0,,,,,,,
19076,42.0,,,,,,,
19077,42.0,,,,,,,
19078,42.0,,,,,,,
19079,42.0,,,,,,,
19080,42.0,,,,,,,
19081,42.0,,,,,,,
19082,42.0,,,,,,,
19083,42.0,,,,,,,
19084,42.0,,,,,,,
19085,42.0,,,,,,,
19086,42.0,,,,,,,
19087,42.0,,,,,,,
19088,42.0,,,,,,,
19089,42.0,,,,,,,
19090,42.0,,,,,,,
19091,42.0,,,,,,,
19092,42.0,,,,,,,
19093,42.0,,,,,,,
19094,42.0,,,,,,,
19095,42.0,,,,,,,
19096,42.0,,,,,,,
19097,42.0,,,,,,,
19098,42.0,,,,,,,
19099,42.0,,,,,,,
19100,42.0,,,,,,,
19101,42.0,,,,,,,
19102,42.0,,,,,,,
19103,42.0,,,,,,,
19104,42.0,,,,,,,
19105,42.0,,,,,,,
19106,42.0,,,,,,,
19107,42.0,,,,,,,
19108,42.0,,,,,,,
19109,42.0,,,,,,,
19110,42.0,,,,,,,
19111,42.0,,,,,,,
19112,42.0,,,,,,,
19113,42.0,,,,,,,
19114,42.0,,,,,,,
19115,126.0,,,,,,,
19116,42.0,,,,,,,
19117,42.0,,,,,,,
19118,42.0,,,,,,,
19119,42.0,,,,,,,
19120,42.0,,,,,,,
19121,42.0,,,,,,,
19122,14.0,,,,,,,
19123,42.0,,,,,,,
19124,42.0,,,,,,,
19125,42.0,,,,,,,
19126,42.0,,,,,,,
19127,42.0,,,,,,,
19128,42.0,,,,,,,
19129,42.0,,,,,,,
19130,42.0,,,,,,,
19131,42.0,,,,,,,
19132,28.0,,,,,,,
19133,14.0,,,,,,,
19134,28.0,,,,,,,
19135,42.0,,,,,,,
19136,42.0,,,,,,,
19137,42.0,,,,,,,
19138,42.0,,,,,,,
19139,42.0,,,,,,,
19140,42.0,,,,,,,
19141,42.0,,,,,,,
19142,42.0,,,,,,,
19143,42.0,,,,,,,
19144,42.0,,,,,,,
19145,126.0,,,,,,,
19146,126.0,,,,,,,
19147,42.0,,,,,,,
19148,14.0,,,,,,,
19149,42.0,,,,,,,
19150,42.0,,,,,,,
19151,42.0,,,,,,,
19152,84.0,,,,,,,
19153,84.0,,,,,,,
19154,126.0,,,,,,,
19155,42.0,,,,,,,
19156,42.0,,,,,,,
19157,84.0,,,,,,,
19158,42.0,,,,,,,
19159,84.0,,,,,,,
19160,42.0,,,,,,,
19161,42.0,,,,,,,
19162,87.0,,,,,,,
19163,42.0,,,,,,,
19164,48.0,,,,,,,
19165,42.0,,,,,,,
19166,42.0,,,,,,,
19167,42.0,,,,,,,
19168,42.0,,,,,,,
19169,84.0,,,,,,,
19170,42.0,,,,,,,
19171,42.0,,,,,,,
19172,42.0,,,,,,,
19173,42.0,,,,,,,
19174,42.0,,,,,,,
19175,42.0,,,,,,,
19176,42.0,,,,,,,
19177,84.0,,,,,,,
19178,42.0,,,,,,,
19179,42.0,,,,,,,
19180,42.0,,,,,,,
19181,42.0,,,,,,,
19182,42.0,,,,,,,
19183,42.0,,,,,,,
19184,42.0,,,,,,,
19185,42.0,,,,,,,
19186,84.0,,,,,,,
19187,42.0,,,,,,,
19188,42.0,,,,,,,
19189,42.0,,,,,,,
19190,42.0,,,,,,,
19191,42.0,,,,,,,
19192,42.0,,,,,,,
19193,42.0,,,,,,,
19194,42.0,,,,,,,
19195,42.0,,,,,,,
19196,42.0,,,,,,,
19197,84.0,,,,,,,
19198,48.0,,,,,,,
19199,42.0,,,,,,,
19200,84.0,,,,,,,
19201,42.0,,,,,,,
19202,42.0,,,,,,,
19203,42.0,,,,,,,
19204,48.0,,,,,,,
19205,42.0,,,,,,,
19206,84.0,,,,,,,
19207,84.0,,,,,,,
19208,84.0,,,,,,,
19209,42.0,,,,,,,
19210,42.0,,,,,,,
19211,42.0,,,,,,,
19212,42.0,,,,,,,
19213,42.0,,,,,,,
19214,42.0,,,,,,,
19215,84.0,,,,,,,
19216,42.0,,,,,,,
19217,126.0,,,,,,,
19218,42.0,,,,,,,
19219,42.0,,,,,,,
19220,42.0,,,,,,,
19221,42.0,,,,,,,
19222,42.0,,,,,,,
19223,42.0,,,,,,,
19224,42.0,,,,,,,
19225,42.0,,,,,,,
19226,84.0,,,,,,,
19227,42.0,,,,,,,
19228,42.0,,,,,,,
19229,42.0,,,,,,,
19230,42.0,,,,,,,
19231,42.0,,,,,,,
19232,42.0,,,,,,,
19233,42.0,,,,,,,
19234,42.0,,,,,,,
19235,42.0,,,,,,,
19236,42.0,,,,,,,
19237,42.0,,,,,,,
19238,84.0,,,,,,,
19239,42.0,,,,,,,
19240,42.0,,,,,,,
19241,42.0,,,,,,,
19242,42.0,,,,,,,
19243,42.0,,,,,,,
19244,42.0,,,,,,,
19245,42.0,,,,,,,
19246,42.0,,,,,,,
19247,84.0,,,,,,,
19248,42.0,,,,,,,
19249,42.0,,,,,,,
19250,42.0,,,,,,,
19251,42.0,,,,,,,
19252,42.0,,,,,,,
19253,42.0,,,,,,,
19254,42.0,,,,,,,
19255,84.0,,,,,,,
19256,42.0,,,,,,,
19257,42.0,,,,,,,
19258,42.0,,,,,,,
19259,42.0,,,,,,,
19260,42.0,,,,,,,
19261,42.0,,,,,,,
19262,42.0,,,,,,,
19263,42.0,,,,,,,
19264,42.0,,,,,,,
19265,126.0,,,,,,,
19266,42.0,,,,,,,
19267,42.0,,,,,,,
19268,42.0,,,,,,,
19269,42.0,,,,,,,
19270,42.0,,,,,,,
19271,42.0,,,,,,,
19272,42.0,,,,,,,
19273,42.0,,,,,,,
19274,42.0,,,,,,,
19275,126.0,,,,,,,
19276,42.0,,,,,,,
19277,42.0,,,,,,,
19278,42.0,,,,,,,
19279,42.0,,,,,,,
19280,42.0,,,,,,,
19281,48.0,,,,,,,
19282,42.0,,,,,,,
19283,42.0,,,,,,,
19284,42.0,,,,,,,
19285,84.0,,,,,,,
19286,42.0,,,,,,,
19287,42.0,,,,,,,
19288,42.0,,,,,,,
19289,42.0,,,,,,,
19290,42.0,,,,,,,
19291,42.0,,,,,,,
19292,42.0,,,,,,,
19293,42.0,,,,,,,
19294,42.0,,,,,,,
19295,42.0,,,,,,,
19296,42.0,,,,,,,
19297,42.0,,,,,,,
19298,42.0,,,,,,,
19299,42.0,,,,,,,
19300,42.0,,,,,,,
19301,42.0,,,,,,,
19302,42.0,,,,,,,
19303,42.0,,,,,,,
19304,84.0,,,,,,,
19305,42.0,,,,,,,
19306,42.0,,,,,,,
19307,42.0,,,,,,,
19308,42.0,,,,,,,
19309,42.0,,,,,,,
19310,42.0,,,,,,,
19311,42.0,,,,,,,
19312,42.0,,,,,,,
19313,42.0,,,,,,,
19314,48.0,,,,,,,
19315,42.0,,,,,,,
19316,42.0,,,,,,,
19317,42.0,,,,,,,
19318,42.0,,,,,,,
19319,42.0,,,,,,,
19320,42.0,,,,,,,
19321,42.0,,,,,,,
19322,42.0,,,,,,,
19323,42.0,,,,,,,
19324,42.0,,,,,,,
19325,42.0,,,,,,,
19326,42.0,,,,,,,
19327,42.0,,,,,,,
19328,42.0,,,,,,,
19329,42.0,,,,,,,
19330,42.0,,,,,,,
19331,42.0,,,,,,,
19332,42.0,,,,,,,
19333,42.0,,,,,,,
19334,42.0,,,,,,,
19335,42.0,,,,,,,
19336,42.0,,,,,,,
19337,42.0,,,,,,,
19338,42.0,,,,,,,
19339,42.0,,,,,,,
19340,42.0,,,,,,,
19341,42.0,,,,,,,
19342,42.0,,,,,,,
19343,42.0,,,,,,,
19344,42.0,,,,,,,
19345,42.0,,,,,,,
19346,42.0,,,,,,,
19347,42.0,,,,,,,
19348,42.0,,,,,,,
19349,42.0,,,,,,,
19350,14.0,,,,,,,
19351,48.0,,,,,,,
19352,42.0,,,,,,,
19353,42.0,,,,,,,
19354,42.0,,,,,,,
19355,42.0,,,,,,,
19356,42.0,,,,,,,
19357,42.0,,,,,,,
19358,42.0,,,,,,,
19359,42.0,,,,,,,
19360,42.0,,,,,,,
19361,28.0,,,,,,,
19362,28.0,,,,,,,
19363,42.0,,,,,,,
19364,42.0,,,,,,,
19365,42.0,,,,,,,
19366,42.0,,,,,,,
19367,42.0,,,,,,,
19368,42.0,,,,,,,
19369,42.0,,,,,,,
19370,42.0,,,,,,,
19371,42.0,,,,,,,
19372,42.0,,,,,,,
19373,42.0,,,,,,,
19374,84.0,,,,,,,
19375,42.0,,,,,,,
19376,42.0,,,,,,,
19377,42.0,,,,,,,
19378,42.0,,,,,,,
19379,48.0,,,,,,,
19380,126.0,,,,,,,
19381,42.0,,,,,,,
19382,42.0,,,,,,,
19383,42.0,,,,,,,
19384,84.0,,,,,,,
19385,84.0,,,,,,,
19386,84.0,,,,,,,
19387,42.0,,,,,,,
19388,42.0,,,,,,,
19389,42.0,,,,,,,
19390,42.0,,,,,,,
19391,42.0,,,,,,,
19392,84.0,,,,,,,
19393,42.0,,,,,,,
19394,42.0,,,,,,,
19395,42.0,,,,,,,
19396,84.0,,,,,,,
19397,42.0,,,,,,,
19398,42.0,,,,,,,
19399,42.0,,,,,,,
19400,42.0,,,,,,,
19401,84.0,,,,,,,
19402,42.0,,,,,,,
19403,42.0,,,,,,,
19404,42.0,,,,,,,
19405,42.0,,,,,,,
19406,84.0,,,,,,,
19407,42.0,,,,,,,
19408,126.0,,,,,,,
19409,42.0,,,,,,,
19410,42.0,,,,,,,
19411,42.0,,,,,,,
19412,84.0,,,,,,,
19413,42.0,,,,,,,
19414,42.0,,,,,,,
19415,42.0,,,,,,,
19416,42.0,,,,,,,
19417,42.0,,,,,,,
19418,42.0,,,,,,,
19419,126.0,,,,,,,
19420,87.0,,,,,,,
19421,42.0,,,,,,,
19422,42.0,,,,,,,
19423,42.0,,,,,,,
19424,42.0,,,,,,,
19425,42.0,,,,,,,
19426,126.0,,,,,,,
19427,42.0,,,,,,,
19428,84.0,,,,,,,
19429,42.0,,,,,,,
19430,42.0,,,,,,,
19431,42.0,,,,,,,
19432,42.0,,,,,,,
19433,42.0,,,,,,,
19434,42.0,,,,,,,
19435,84.0,,,,,,,
19436,84.0,,,,,,,
19437,42.0,,,,,,,
19438,42.0,,,,,,,
19439,84.0,,,,,,,
19440,42.0,,,,,,,
19441,42.0,,,,,,,
19442,42.0,,,,,,,
19443,42.0,,,,,,,
19444,42.0,,,,,,,
19445,42.0,,,,,,,
19446,42.0,,,,,,,
19447,42.0,,,,,,,
19448,42.0,,,,,,,
19449,42.0,,,,,,,
19450,42.0,,,,,,,
19451,42.0,,,,,,,
19452,42.0,,,,,,,
19453,42.0,,,,,,,
19454,42.0,,,,,,,
19455,42.0,,,,,,,
19456,42.0,,,,,,,
19457,48.0,,,,,,,
19458,84.0,,,,,,,
19459,42.0,,,,,,,
19460,42.0,,,,,,,
19461,42.0,,,,,,,
19462,42.0,,,,,,,
19463,126.0,,,,,,,
19464,42.0,,,,,,,
19465,42.0,,,,,,,
19466,42.0,,,,,,,
19467,84.0,,,,,,,
19468,42.0,,,,,,,
19469,84.0,,,,,,,
19470,42.0,,,,,,,
19471,42.0,,,,,,,
19472,42.0,,,,,,,
19473,84.0,,,,,,,
19474,42.0,,,,,,,
19475,42.0,,,,,,,
19476,42.0,,,,,,,
19477,42.0,,,,,,,
19478,42.0,,,,,,,
19479,42.0,,,,,,,
19480,42.0,,,,,,,
19481,42.0,,,,,,,
19482,42.0,,,,,,,
19483,42.0,,,,,,,
19484,42.0,,,,,,,
19485,42.0,,,,,,,
19486,84.0,,,,,,,
19487,42.0,,,,,,,
19488,42.0,,,,,,,
19489,42.0,,,,,,,
19490,48.0,,,,,,,
19491,42.0,,,,,,,
19492,48.0,,,,,,,
19493,42.0,,,,,,,
19494,126.0,,,,,,,
19495,42.0,,,,,,,
19496,42.0,,,,,,,
19497,42.0,,,,,,,
19498,42.0,,,,,,,
19499,42.0,,,,,,,
19500,42.0,,,,,,,
19501,42.0,,,,,,,
19502,42.0,,,,,,,
19503,42.0,,,,,,,
19504,42.0,,,,,,,
19505,42.0,,,,,,,
19506,42.0,,,,,,,
19507,42.0,,,,,,,
19508,42.0,,,,,,,
19509,42.0,,,,,,,
19510,42.0,,,,,,,
19511,42.0,,,,,,,
19512,42.0,,,,,,,
19513,42.0,,,,,,,
19514,42.0,,,,,,,
19515,42.0,,,,,,,
19516,42.0,,,,,,,
19517,42.0,,,,,,,
19518,42.0,,,,,,,
19519,42.0,,,,,,,
19520,48.0,,,,,,,
19521,42.0,,,,,,,
19522,42.0,,,,,,,
19523,42.0,,,,,,,
19524,42.0,,,,,,,
19525,48.0,,,,,,,
19526,42.0,,,,,,,
19527,42.0,,,,,,,
19528,42.0,,,,,,,
19529,42.0,,,,,,,
19530,42.0,,,,,,,
19531,42.0,,,,,,,
19532,42.0,,,,,,,
19533,42.0,,,,,,,
19534,84.0,,,,,,,
19535,42.0,,,,,,,
19536,42.0,,,,,,,
19537,42.0,,,,,,,
19538,42.0,,,,,,,
19539,42.0,,,,,,,
19540,42.0,,,,,,,
19541,42.0,,,,,,,
19542,42.0,,,,,,,
19543,42.0,,,,,,,
19544,42.0,,,,,,,
19545,42.0,,,,,,,
19546,42.0,,,,,,,
19547,42.0,,,,,,,
19548,42.0,,,,,,,
19549,42.0,,,,,,,
19550,42.0,,,,,,,
19551,42.0,,,,,,,
19552,42.0,,,,,,,
19553,42.0,,,,,,,
19554,42.0,,,,,,,
19555,42.0,,,,,,,
19556,42.0,,,,,,,
19557,42.0,,,,,,,
19558,42.0,,,,,,,
19559,42.0,,,,,,,
19560,42.0,,,,,,,
19561,42.0,,,,,,,
19562,42.0,,,,,,,
19563,42.0,,,,,,,
19564,42.0,,,,,,,
19565,42.0,,,,,,,
19566,42.0,,,,,,,
19567,42.0,,,,,,,
19568,42.0,,,,,,,
19569,42.0,,,,,,,
19570,42.0,,,,,,,
19571,42.0,,,,,,,
19572,42.0,,,,,,,
19573,42.0,,,,,,,
19574,42.0,,,,,,,
19575,42.0,,,,,,,
19576,42.0,,,,,,,
19577,42.0,,,,,,,
19578,42.0,,,,,,,
19579,14.0,,,,,,,
19580,42.0,,,,,,,
19581,42.0,,,,,,,
19582,42.0,,,,,,,
19583,42.0,,,,,,,
19584,42.0,,,,,,,
19585,42.0,,,,,,,
19586,42.0,,,,,,,
19587,42.0,,,,,,,
19588,28.0,,,,,,,
19589,14.0,,,,,,,
19590,28.0,,,,,,,
19591,42.0,,,,,,,
19592,42.0,,,,,,,
19593,42.0,,,,,,,
19594,42.0,,,,,,,
19595,42.0,,,,,,,
19596,42.0,,,,,,,
19597,42.0,,,,,,,
19598,42.0,,,,,,,
19599,42.0,,,,,,,
19600,126.0,,,,,,,
19601,42.0,,,,,,,
19602,42.0,,,,,,,
19603,42.0,,,,,,,
19604,48.0,,,,,,,
19605,42.0,,,,,,,
19606,42.0,,,,,,,
19607,42.0,,,,,,,
19608,126.0,,,,,,,
19609,42.0,,,,,,,
19610,42.0,,,,,,,
19611,42.0,,,,,,,
19612,28.0,,,,,,,
19613,126.0,,,,,,,
19614,42.0,,,,,,,
19615,42.0,,,,,,,
19616,84.0,,,,,,,
19617,42.0,,,,,,,
19618,42.0,,,,,,,
19619,42.0,,,,,,,
19620,42.0,,,,,,,
19621,42.0,,,,,,,
19622,84.0,,,,,,,
19623,42.0,,,,,,,
19624,42.0,,,,,,,
19625,84.0,,,,,,,
19626,42.0,,,,,,,
19627,42.0,,,,,,,
19628,42.0,,,,,,,
19629,84.0,,,,,,,
19630,42.0,,,,,,,
19631,42.0,,,,,,,
19632,42.0,,,,,,,
19633,126.0,,,,,,,
19634,42.0,,,,,,,
19635,42.0,,,,,,,
19636,42.0,,,,,,,
19637,42.0,,,,,,,
19638,42.0,,,,,,,
19639,42.0,,,,,,,
19640,42.0,,,,,,,
19641,42.0,,,,,,,
19642,42.0,,,,,,,
19643,84.0,,,,,,,
19644,42.0,,,,,,,
19645,42.0,,,,,,,
19646,42.0,,,,,,,
19647,84.0,,,,,,,
19648,42.0,,,,,,,
19649,84.0,,,,,,,
19650,42.0,,,,,,,
19651,42.0,,,,,,,
19652,42.0,,,,,,,
19653,42.0,,,,,,,
19654,42.0,,,,,,,
19655,42.0,,,,,,,
19656,84.0,,,,,,,
19657,84.0,,,,,,,
19658,84.0,,,,,,,
19659,42.0,,,,,,,
19660,42.0,,,,,,,
19661,84.0,,,,,,,
19662,42.0,,,,,,,
19663,42.0,,,,,,,
19664,42.0,,,,,,,
19665,42.0,,,,,,,
19666,42.0,,,,,,,
19667,42.0,,,,,,,
19668,42.0,,,,,,,
19669,42.0,,,,,,,
19670,42.0,,,,,,,
19671,42.0,,,,,,,
19672,42.0,,,,,,,
19673,84.0,,,,,,,
19674,84.0,,,,,,,
19675,42.0,,,,,,,
19676,42.0,,,,,,,
19677,42.0,,,,,,,
19678,42.0,,,,,,,
19679,84.0,,,,,,,
19680,126.0,,,,,,,
19681,42.0,,,,,,,
19682,84.0,,,,,,,
19683,42.0,,,,,,,
19684,42.0,,,,,,,
19685,42.0,,,,,,,
19686,42.0,,,,,,,
19687,42.0,,,,,,,
19688,42.0,,,,,,,
19689,42.0,,,,,,,
19690,42.0,,,,,,,
19691,42.0,,,,,,,
19692,42.0,,,,,,,
19693,42.0,,,,,,,
19694,42.0,,,,,,,
19695,42.0,,,,,,,
19696,48.0,,,,,,,
19697,42.0,,,,,,,
19698,84.0,,,,,,,
19699,42.0,,,,,,,
19700,42.0,,,,,,,
19701,42.0,,,,,,,
19702,42.0,,,,,,,
19703,42.0,,,,,,,
19704,84.0,,,,,,,
19705,42.0,,,,,,,
19706,42.0,,,,,,,
19707,84.0,,,,,,,
19708,42.0,,,,,,,
19709,42.0,,,,,,,
19710,42.0,,,,,,,
19711,42.0,,,,,,,
19712,42.0,,,,,,,
19713,42.0,,,,,,,
19714,42.0,,,,,,,
19715,42.0,,,,,,,
19716,42.0,,,,,,,
19717,42.0,,,,,,,
19718,42.0,,,,,,,
19719,42.0,,,,,,,
19720,42.0,,,,,,,
19721,42.0,,,,,,,
19722,48.0,,,,,,,
19723,42.0,,,,,,,
19724,42.0,,,,,,,
19725,42.0,,,,,,,
19726,42.0,,,,,,,
19727,42.0,,,,,,,
19728,42.0,,,,,,,
19729,42.0,,,,,,,
19730,42.0,,,,,,,
19731,42.0,,,,,,,
19732,42.0,,,,,,,
19733,48.0,,,,,,,
19734,42.0,,,,,,,
19735,42.0,,,,,,,
19736,42.0,,,,,,,
19737,42.0,,,,,,,
19738,42.0,,,,,,,
19739,42.0,,,,,,,
19740,48.0,,,,,,,
19741,42.0,,,,,,,
19742,48.0,,,,,,,
19743,126.0,,,,,,,
19744,84.0,,,,,,,
19745,42.0,,,,,,,
19746,42.0,,,,,,,
19747,87.0,,,,,,,
19748,42.0,,,,,,,
19749,42.0,,,,,,,
19750,42.0,,,,,,,
19751,42.0,,,,,,,
19752,42.0,,,,,,,
19753,42.0,,,,,,,
19754,42.0,,,,,,,
19755,42.0,,,,,,,
19756,42.0,,,,,,,
19757,42.0,,,,,,,
19758,42.0,,,,,,,
19759,42.0,,,,,,,
19760,42.0,,,,,,,
19761,42.0,,,,,,,
19762,42.0,,,,,,,
19763,42.0,,,,,,,
19764,42.0,,,,,,,
19765,42.0,,,,,,,
19766,42.0,,,,,,,
19767,42.0,,,,,,,
19768,42.0,,,,,,,
19769,42.0,,,,,,,
19770,42.0,,,,,,,
19771,42.0,,,,,,,
19772,42.0,,,,,,,
19773,42.0,,,,,,,
19774,42.0,,,,,,,
19775,42.0,,,,,,,
19776,42.0,,,,,,,
19777,42.0,,,,,,,
19778,42.0,,,,,,,
19779,42.0,,,,,,,
19780,42.0,,,,,,,
19781,42.0,,,,,,,
19782,42.0,,,,,,,
19783,42.0,,,,,,,
19784,42.0,,,,,,,
19785,42.0,,,,,,,
19786,42.0,,,,,,,
19787,42.0,,,,,,,
19788,42.0,,,,,,,
19789,42.0,,,,,,,
19790,42.0,,,,,,,
19791,42.0,,,,,,,
19792,42.0,,,,,,,
19793,42.0,,,,,,,
19794,42.0,,,,,,,
19795,42.0,,,,,,,
19796,42.0,,,,,,,
19797,42.0,,,,,,,
19798,42.0,,,,,,,
19799,42.0,,,,,,,
19800,42.0,,,,,,,
19801,42.0,,,,,,,
19802,42.0,,,,,,,
19803,42.0,,,,,,,
19804,42.0,,,,,,,
19805,42.0,,,,,,,
19806,42.0,,,,,,,
19807,14.0,,,,,,,
19808,42.0,,,,,,,
19809,42.0,,,,,,,
19810,42.0,,,,,,,
19811,42.0,,,,,,,
19812,42.0,,,,,,,
19813,42.0,,,,,,,
19814,42.0,,,,,,,
19815,42.0,,,,,,,
19816,42.0,,,,,,,
19817,14.0,,,,,,,
19818,28.0,,,,,,,
19819,42.0,,,,,,,
19820,42.0,,,,,,,
19821,42.0,,,,,,,
19822,42.0,,,,,,,
19823,42.0,,,,,,,
19824,42.0,,,,,,,
19825,42.0,,,,,,,
19826,42.0,,,,,,,
19827,42.0,,,,,,,
19828,84.0,,,,,,,
19829,42.0,,,,,,,
19830,42.0,,,,,,,
19831,42.0,,,,,,,
19832,42.0,,,,,,,
19833,84.0,,,,,,,
19834,126.0,,,,,,,
19835,42.0,,,,,,,
19836,42.0,,,,,,,
19837,84.0,,,,,,,
19838,42.0,,,,,,,
19839,42.0,,,,,,,
19840,42.0,,,,,,,
19841,42.0,,,,,,,
19842,84.0,,,,,,,
19843,42.0,,,,,,,
19844,42.0,,,,,,,
19845,42.0,,,,,,,
19846,42.0,,,,,,,
19847,42.0,,,,,,,
19848,42.0,,,,,,,
19849,42.0,,,,,,,
19850,48.0,,,,,,,
19851,42.0,,,,,,,
19852,42.0,,,,,,,
19853,42.0,,,,,,,
19854,42.0,,,,,,,
19855,84.0,,,,,,,
19856,42.0,,,,,,,
19857,42.0,,,,,,,
19858,42.0,,,,,,,
19859,42.0,,,,,,,
19860,84.0,,,,,,,
19861,48.0,,,,,,,
19862,42.0,,,,,,,
19863,126.0,,,,,,,
19864,42.0,,,,,,,
19865,42.0,,,,,,,
19866,42.0,,,,,,,
19867,42.0,,,,,,,
19868,42.0,,,,,,,
19869,42.0,,,,,,,
19870,42.0,,,,,,,
19871,42.0,,,,,,,
19872,126.0,,,,,,,
19873,42.0,,,,,,,
19874,42.0,,,,,,,
19875,84.0,,,,,,,
19876,42.0,,,,,,,
19877,84.0,,,,,,,
19878,42.0,,,,,,,
19879,42.0,,,,,,,
19880,42.0,,,,,,,
19881,42.0,,,,,,,
19882,42.0,,,,,,,
19883,42.0,,,,,,,
19884,48.0,,,,,,,
19885,42.0,,,,,,,
19886,126.0,,,,,,,
19887,42.0,,,,,,,
19888,42.0,,,,,,,
19889,42.0,,,,,,,
19890,42.0,,,,,,,
19891,84.0,,,,,,,
19892,42.0,,,,,,,
19893,42.0,,,,,,,
19894,42.0,,,,,,,
19895,42.0,,,,,,,
19896,42.0,,,,,,,
19897,84.0,,,,,,,
19898,42.0,,,,,,,
19899,42.0,,,,,,,
19900,42.0,,,,,,,
19901,84.0,,,,,,,
19902,42.0,,,,,,,
19903,42.0,,,,,,,
19904,84.0,,,,,,,
19905,42.0,,,,,,,
19906,42.0,,,,,,,
19907,42.0,,,,,,,
19908,42.0,,,,,,,
19909,42.0,,,,,,,
19910,42.0,,,,,,,
19911,42.0,,,,,,,
19912,42.0,,,,,,,
19913,42.0,,,,,,,
19914,42.0,,,,,,,
19915,42.0,,,,,,,
19916,42.0,,,,,,,
19917,84.0,,,,,,,
19918,84.0,,,,,,,
19919,84.0,,,,,,,
19920,42.0,,,,,,,
19921,84.0,,,,,,,
19922,42.0,,,,,,,
19923,42.0,,,,,,,
19924,42.0,,,,,,,
19925,48.0,,,,,,,
19926,42.0,,,,,,,
19927,42.0,,,,,,,
19928,42.0,,,,,,,
19929,42.0,,,,,,,
19930,42.0,,,,,,,
19931,42.0,,,,,,,
19932,42.0,,,,,,,
19933,48.0,,,,,,,
19934,84.0,,,,,,,
19935,42.0,,,,,,,
19936,42.0,,,,,,,
19937,42.0,,,,,,,
19938,42.0,,,,,,,
19939,84.0,,,,,,,
19940,42.0,,,,,,,
19941,42.0,,,,,,,
19942,84.0,,,,,,,
19943,42.0,,,,,,,
19944,42.0,,,,,,,
19945,42.0,,,,,,,
19946,42.0,,,,,,,
19947,42.0,,,,,,,
19948,42.0,,,,,,,
19949,42.0,,,,,,,
19950,42.0,,,,,,,
19951,42.0,,,,,,,
19952,42.0,,,,,,,
19953,42.0,,,,,,,
19954,42.0,,,,,,,
19955,42.0,,,,,,,
19956,126.0,,,,,,,
19957,42.0,,,,,,,
19958,42.0,,,,,,,
19959,42.0,,,,,,,
19960,42.0,,,,,,,
19961,42.0,,,,,,,
19962,42.0,,,,,,,
19963,42.0,,,,,,,
19964,42.0,,,,,,,
19965,42.0,,,,,,,
19966,42.0,,,,,,,
19967,42.0,,,,,,,
19968,87.0,,,,,,,
19969,42.0,,,,,,,
19970,28.0,,,,,,,
19971,42.0,,,,,,,
19972,42.0,,,,,,,
19973,42.0,,,,,,,
19974,48.0,,,,,,,
19975,42.0,,,,,,,
19976,42.0,,,,,,,
19977,42.0,,,,,,,
19978,42.0,,,,,,,
19979,42.0,,,,,,,
19980,42.0,,,,,,,
19981,42.0,,,,,,,
19982,42.0,,,,,,,
19983,42.0,,,,,,,
19984,42.0,,,,,,,
19985,42.0,,,,,,,
19986,42.0,,,,,,,
19987,42.0,,,,,,,
19988,42.0,,,,,,,
19989,42.0,,,,,,,
19990,42.0,,,,,,,
19991,42.0,,,,,,,
19992,42.0,,,,,,,
19993,42.0,,,,,,,
19994,42.0,,,,,,,
19995,42.0,,,,,,,
19996,42.0,,,,,,,
19997,42.0,,,,,,,
19998,42.0,,,,,,,
19999,42.0,,,,,,,
20000,42.0,,,,,,,
20001,42.0,,,,,,,
20002,42.0,,,,,,,
20003,42.0,,,,,,,
20004,42.0,,,,,,,
20005,42.0,,,,,,,
20006,42.0,,,,,,,
20007,42.0,,,,,,,
20008,42.0,,,,,,,
20009,42.0,,,,,,,
20010,42.0,,,,,,,
20011,42.0,,,,,,,
20012,42.0,,,,,,,
20013,42.0,,,,,,,
20014,42.0,,,,,,,
20015,42.0,,,,,,,
20016,42.0,,,,,,,
20017,42.0,,,,,,,
20018,42.0,,,,,,,
20019,42.0,,,,,,,
20020,42.0,,,,,,,
20021,42.0,,,,,,,
20022,42.0,,,,,,,
20023,42.0,,,,,,,
20024,42.0,,,,,,,
20025,42.0,,,,,,,
20026,42.0,,,,,,,
20027,42.0,,,,,,,
20028,42.0,,,,,,,
20029,42.0,,,,,,,
20030,42.0,,,,,,,
20031,42.0,,,,,,,
20032,126.0,,,,,,,
20033,42.0,,,,,,,
20034,42.0,,,,,,,
20035,14.0,,,,,,,
20036,42.0,,,,,,,
20037,42.0,,,,,,,
20038,42.0,,,,,,,
20039,42.0,,,,,,,
20040,42.0,,,,,,,
20041,42.0,,,,,,,
20042,42.0,,,,,,,
20043,42.0,,,,,,,
20044,42.0,,,,,,,
20045,28.0,,,,,,,
20046,14.0,,,,,,,
20047,42.0,,,,,,,
20048,42.0,,,,,,,
20049,42.0,,,,,,,
20050,42.0,,,,,,,
20051,42.0,,,,,,,
20052,42.0,,,,,,,
20053,42.0,,,,,,,
20054,42.0,,,,,,,
20055,84.0,,,,,,,
20056,42.0,,,,,,,
20057,84.0,,,,,,,
20058,42.0,,,,,,,
20059,42.0,,,,,,,
20060,42.0,,,,,,,
20061,42.0,,,,,,,
20062,42.0,,,,,,,
20063,84.0,,,,,,,
20064,42.0,,,,,,,
20065,42.0,,,,,,,
20066,84.0,,,,,,,
20067,48.0,,,,,,,
20068,28.0,,,,,,,
20069,84.0,,,,,,,
20070,84.0,,,,,,,
20071,42.0,,,,,,,
20072,42.0,,,,,,,
20073,42.0,,,,,,,
20074,42.0,,,,,,,
20075,126.0,,,,,,,
20076,42.0,,,,,,,
20077,42.0,,,,,,,
20078,42.0,,,,,,,
20079,84.0,,,,,,,
20080,42.0,,,,,,,
20081,126.0,,,,,,,
20082,42.0,,,,,,,
20083,84.0,,,,,,,
20084,42.0,,,,,,,
20085,84.0,,,,,,,
20086,42.0,,,,,,,
20087,42.0,,,,,,,
20088,42.0,,,,,,,
20089,42.0,,,,,,,
20090,42.0,,,,,,,
20091,42.0,,,,,,,
20092,84.0,,,,,,,
20093,42.0,,,,,,,
20094,42.0,,,,,,,
20095,42.0,,,,,,,
20096,126.0,,,,,,,
20097,42.0,,,,,,,
20098,42.0,,,,,,,
20099,42.0,,,,,,,
20100,42.0,,,,,,,
20101,42.0,,,,,,,
20102,87.0,,,,,,,
20103,42.0,,,,,,,
20104,42.0,,,,,,,
20105,42.0,,,,,,,
20106,42.0,,,,,,,
20107,84.0,,,,,,,
20108,84.0,,,,,,,
20109,42.0,,,,,,,
20110,42.0,,,,,,,
20111,126.0,,,,,,,
20112,84.0,,,,,,,
20113,42.0,,,,,,,
20114,42.0,,,,,,,
20115,42.0,,,,,,,
20116,42.0,,,,,,,
20117,42.0,,,,,,,
20118,42.0,,,,,,,
20119,42.0,,,,,,,
20120,42.0,,,,,,,
20121,84.0,,,,,,,
20122,42.0,,,,,,,
20123,42.0,,,,,,,
20124,42.0,,,,,,,
20125,42.0,,,,,,,
20126,42.0,,,,,,,
20127,42.0,,,,,,,
20128,42.0,,,,,,,
20129,42.0,,,,,,,
20130,48.0,,,,,,,
20131,42.0,,,,,,,
20132,42.0,,,,,,,
20133,42.0,,,,,,,
20134,84.0,,,,,,,
20135,42.0,,,,,,,
20136,48.0,,,,,,,
20137,42.0,,,,,,,
20138,42.0,,,,,,,
20139,126.0,,,,,,,
20140,42.0,,,,,,,
20141,42.0,,,,,,,
20142,42.0,,,,,,,
20143,42.0,,,,,,,
20144,42.0,,,,,,,
20145,42.0,,,,,,,
20146,42.0,,,,,,,
20147,42.0,,,,,,,
20148,42.0,,,,,,,
20149,42.0,,,,,,,
20150,42.0,,,,,,,
20151,42.0,,,,,,,
20152,126.0,,,,,,,
20153,42.0,,,,,,,
20154,42.0,,,,,,,
20155,42.0,,,,,,,
20156,42.0,,,,,,,
20157,42.0,,,,,,,
20158,84.0,,,,,,,
20159,42.0,,,,,,,
20160,42.0,,,,,,,
20161,42.0,,,,,,,
20162,42.0,,,,,,,
20163,42.0,,,,,,,
20164,42.0,,,,,,,
20165,42.0,,,,,,,
20166,84.0,,,,,,,
20167,42.0,,,,,,,
20168,42.0,,,,,,,
20169,42.0,,,,,,,
20170,42.0,,,,,,,
20171,42.0,,,,,,,
20172,42.0,,,,,,,
20173,42.0,,,,,,,
20174,42.0,,,,,,,
20175,42.0,,,,,,,
20176,42.0,,,,,,,
20177,42.0,,,,,,,
20178,84.0,,,,,,,
20179,42.0,,,,,,,
20180,84.0,,,,,,,
20181,42.0,,,,,,,
20182,42.0,,,,,,,
20183,42.0,,,,,,,
20184,42.0,,,,,,,
20185,42.0,,,,,,,
20186,42.0,,,,,,,
20187,42.0,,,,,,,
20188,42.0,,,,,,,
20189,42.0,,,,,,,
20190,42.0,,,,,,,
20191,48.0,,,,,,,
20192,42.0,,,,,,,
20193,42.0,,,,,,,
20194,42.0,,,,,,,
20195,42.0,,,,,,,
20196,42.0,,,,,,,
20197,42.0,,,,,,,
20198,42.0,,,,,,,
20199,42.0,,,,,,,
20200,42.0,,,,,,,
20201,42.0,,,,,,,
20202,42.0,,,,,,,
20203,42.0,,,,,,,
20204,48.0,,,,,,,
20205,42.0,,,,,,,
20206,28.0,,,,,,,
20207,42.0,,,,,,,
20208,42.0,,,,,,,
20209,42.0,,,,,,,
20210,42.0,,,,,,,
20211,48.0,,,,,,,
20212,42.0,,,,,,,
20213,42.0,,,,,,,
20214,42.0,,,,,,,
20215,42.0,,,,,,,
20216,42.0,,,,,,,
20217,42.0,,,,,,,
20218,42.0,,,,,,,
20219,42.0,,,,,,,
20220,42.0,,,,,,,
20221,42.0,,,,,,,
20222,42.0,,,,,,,
20223,84.0,,,,,,,
20224,42.0,,,,,,,
20225,42.0,,,,,,,
20226,42.0,,,,,,,
20227,42.0,,,,,,,
20228,42.0,,,,,,,
20229,42.0,,,,,,,
20230,42.0,,,,,,,
20231,42.0,,,,,,,
20232,42.0,,,,,,,
20233,42.0,,,,,,,
20234,42.0,,,,,,,
20235,42.0,,,,,,,
20236,42.0,,,,,,,
20237,42.0,,,,,,,
20238,42.0,,,,,,,
20239,42.0,,,,,,,
20240,42.0,,,,,,,
20241,42.0,,,,,,,
20242,42.0,,,,,,,
20243,42.0,,,,,,,
20244,42.0,,,,,,,
20245,42.0,,,,,,,
20246,42.0,,,,,,,
20247,42.0,,,,,,,
20248,42.0,,,,,,,
20249,42.0,,,,,,,
20250,42.0,,,,,,,
20251,42.0,,,,,,,
20252,42.0,,,,,,,
20253,42.0,,,,,,,
20254,42.0,,,,,,,
20255,42.0,,,,,,,
20256,42.0,,,,,,,
20257,42.0,,,,,,,
20258,42.0,,,,,,,
20259,42.0,,,,,,,
20260,42.0,,,,,,,
20261,42.0,,,,,,,
20262,42.0,,,,,,,
20263,42.0,,,,,,,
20264,14.0,,,,,,,
20265,42.0,,,,,,,
20266,42.0,,,,,,,
20267,42.0,,,,,,,
20268,42.0,,,,,,,
20269,42.0,,,,,,,
20270,42.0,,,,,,,
20271,42.0,,,,,,,
20272,42.0,,,,,,,
20273,14.0,,,,,,,
20274,42.0,,,,,,,
20275,42.0,,,,,,,
20276,42.0,,,,,,,
20277,42.0,,,,,,,
20278,42.0,,,,,,,
20279,42.0,,,,,,,
20280,42.0,,,,,,,
20281,42.0,,,,,,,
20282,84.0,,,,,,,
20283,84.0,,,,,,,
20284,42.0,,,,,,,
20285,42.0,,,,,,,
20286,42.0,,,,,,,
20287,42.0,,,,,,,
20288,42.0,,,,,,,
20289,84.0,,,,,,,
20290,42.0,,,,,,,
20291,42.0,,,,,,,
20292,48.0,,,,,,,
20293,42.0,,,,,,,
20294,42.0,,,,,,,
20295,42.0,,,,,,,
20296,42.0,,,,,,,
20297,42.0,,,,,,,
20298,42.0,,,,,,,
20299,42.0,,,,,,,
20300,48.0,,,,,,,
20301,42.0,,,,,,,
20302,42.0,,,,,,,
20303,42.0,,,,,,,
20304,42.0,,,,,,,
20305,126.0,,,,,,,
20306,42.0,,,,,,,
20307,42.0,,,,,,,
20308,42.0,,,,,,,
20309,42.0,,,,,,,
20310,42.0,,,,,,,
20311,42.0,,,,,,,
20312,84.0,,,,,,,
20313,42.0,,,,,,,
20314,42.0,,,,,,,
20315,42.0,,,,,,,
20316,42.0,,,,,,,
20317,42.0,,,,,,,
20318,42.0,,,,,,,
20319,84.0,,,,,,,
20320,42.0,,,,,,,
20321,42.0,,,,,,,
20322,42.0,,,,,,,
20323,42.0,,,,,,,
20324,42.0,,,,,,,
20325,42.0,,,,,,,
20326,42.0,,,,,,,
20327,42.0,,,,,,,
20328,42.0,,,,,,,
20329,42.0,,,,,,,
20330,42.0,,,,,,,
20331,42.0,,,,,,,
20332,42.0,,,,,,,
20333,42.0,,,,,,,
20334,42.0,,,,,,,
20335,42.0,,,,,,,
20336,42.0,,,,,,,
20337,42.0,,,,,,,
20338,42.0,,,,,,,
20339,42.0,,,,,,,
20340,84.0,,,,,,,
20341,42.0,,,,,,,
20342,42.0,,,,,,,
20343,42.0,,,,,,,
20344,42.0,,,,,,,
20345,42.0,,,,,,,
20346,84.0,,,,,,,
20347,126.0,,,,,,,
20348,84.0,,,,,,,
20349,42.0,,,,,,,
20350,42.0,,,,,,,
20351,42.0,,,,,,,
20352,84.0,,,,,,,
20353,42.0,,,,,,,
20354,42.0,,,,,,,
20355,42.0,,,,,,,
20356,42.0,,,,,,,
20357,42.0,,,,,,,
20358,42.0,,,,,,,
20359,42.0,,,,,,,
20360,42.0,,,,,,,
20361,42.0,,,,,,,
20362,42.0,,,,,,,
20363,42.0,,,,,,,
20364,42.0,,,,,,,
20365,42.0,,,,,,,
20366,126.0,,,,,,,
20367,42.0,,,,,,,
20368,42.0,,,,,,,
20369,87.0,,,,,,,
20370,42.0,,,,,,,
20371,42.0,,,,,,,
20372,42.0,,,,,,,
20373,42.0,,,,,,,
20374,42.0,,,,,,,
20375,42.0,,,,,,,
20376,42.0,,,,,,,
20377,42.0,,,,,,,
20378,42.0,,,,,,,
20379,48.0,,,,,,,
20380,84.0,,,,,,,
20381,42.0,,,,,,,
20382,42.0,,,,,,,
20383,84.0,,,,,,,
20384,84.0,,,,,,,
20385,42.0,,,,,,,
20386,84.0,,,,,,,
20387,84.0,,,,,,,
20388,42.0,,,,,,,
20389,42.0,,,,,,,
20390,42.0,,,,,,,
20391,42.0,,,,,,,
20392,42.0,,,,,,,
20393,48.0,,,,,,,
20394,42.0,,,,,,,
20395,42.0,,,,,,,
20396,42.0,,,,,,,
20397,126.0,,,,,,,
20398,42.0,,,,,,,
20399,42.0,,,,,,,
20400,42.0,,,,,,,
20401,42.0,,,,,,,
20402,84.0,,,,,,,
20403,84.0,,,,,,,
20404,42.0,,,,,,,
20405,42.0,,,,,,,
20406,42.0,,,,,,,
20407,42.0,,,,,,,
20408,42.0,,,,,,,
20409,42.0,,,,,,,
20410,42.0,,,,,,,
20411,42.0,,,,,,,
20412,42.0,,,,,,,
20413,42.0,,,,,,,
20414,126.0,,,,,,,
20415,126.0,,,,,,,
20416,42.0,,,,,,,
20417,42.0,,,,,,,
20418,84.0,,,,,,,
20419,48.0,,,,,,,
20420,42.0,,,,,,,
20421,42.0,,,,,,,
20422,42.0,,,,,,,
20423,42.0,,,,,,,
20424,42.0,,,,,,,
20425,48.0,,,,,,,
20426,42.0,,,,,,,
20427,42.0,,,,,,,
20428,42.0,,,,,,,
20429,42.0,,,,,,,
20430,42.0,,,,,,,
20431,42.0,,,,,,,
20432,42.0,,,,,,,
20433,42.0,,,,,,,
20434,42.0,,,,,,,
20435,42.0,,,,,,,
20436,42.0,,,,,,,
20437,42.0,,,,,,,
20438,42.0,,,,,,,
20439,42.0,,,,,,,
20440,42.0,,,,,,,
20441,42.0,,,,,,,
20442,42.0,,,,,,,
20443,42.0,,,,,,,
20444,42.0,,,,,,,
20445,42.0,,,,,,,
20446,42.0,,,,,,,
20447,42.0,,,,,,,
20448,84.0,,,,,,,
20449,84.0,,,,,,,
20450,42.0,,,,,,,
20451,42.0,,,,,,,
20452,42.0,,,,,,,
20453,42.0,,,,,,,
20454,42.0,,,,,,,
20455,42.0,,,,,,,
20456,42.0,,,,,,,
20457,42.0,,,,,,,
20458,42.0,,,,,,,
20459,42.0,,,,,,,
20460,42.0,,,,,,,
20461,42.0,,,,,,,
20462,42.0,,,,,,,
20463,42.0,,,,,,,
20464,42.0,,,,,,,
20465,42.0,,,,,,,
20466,42.0,,,,,,,
20467,42.0,,,,,,,
20468,42.0,,,,,,,
20469,42.0,,,,,,,
20470,42.0,,,,,,,
20471,42.0,,,,,,,
20472,42.0,,,,,,,
20473,42.0,,,,,,,
20474,42.0,,,,,,,
20475,42.0,,,,,,,
20476,42.0,,,,,,,
20477,42.0,,,,,,,
20478,42.0,,,,,,,
20479,42.0,,,,,,,
20480,42.0,,,,,,,
20481,42.0,,,,,,,
20482,42.0,,,,,,,
20483,42.0,,,,,,,
20484,42.0,,,,,,,
20485,42.0,,,,,,,
20486,42.0,,,,,,,
20487,42.0,,,,,,,
20488,42.0,,,,,,,
20489,14.0,,,,,,,
20490,42.0,,,,,,,
20491,42.0,,,,,,,
20492,42.0,,,,,,,
20493,42.0,,,,,,,
20494,42.0,,,,,,,
20495,42.0,,,,,,,
20496,42.0,,,,,,,
20497,42.0,,,,,,,
20498,42.0,,,,,,,
20499,28.0,,,,,,,
20500,14.0,,,,,,,
20501,28.0,,,,,,,
20502,42.0,,,,,,,
20503,42.0,,,,,,,
20504,42.0,,,,,,,
20505,42.0,,,,,,,
20506,42.0,,,,,,,
20507,42.0,,,,,,,
20508,42.0,,,,,,,
20509,42.0,,,,,,,
20510,42.0,,,,,,,
20511,42.0,,,,,,,
20512,42.0,,,,,,,
20513,42.0,,,,,,,
20514,42.0,,,,,,,
20515,42.0,,,,,,,
20516,87.0,,,,,,,
20517,84.0,,,,,,,
20518,84.0,,,,,,,
20519,84.0,,,,,,,
20520,42.0,,,,,,,
20521,84.0,,,,,,,
20522,42.0,,,,,,,
20523,42.0,,,,,,,
20524,42.0,,,,,,,
20525,42.0,,,,,,,
20526,42.0,,,,,,,
20527,42.0,,,,,,,
20528,42.0,,,,,,,
20529,42.0,,,,,,,
20530,42.0,,,,,,,
20531,84.0,,,,,,,
20532,42.0,,,,,,,
20533,126.0,,,,,,,
20534,42.0,,,,,,,
20535,126.0,,,,,,,
20536,42.0,,,,,,,
20537,42.0,,,,,,,
20538,42.0,,,,,,,
20539,42.0,,,,,,,
20540,126.0,,,,,,,
20541,42.0,,,,,,,
20542,42.0,,,,,,,
20543,42.0,,,,,,,
20544,42.0,,,,,,,
20545,84.0,,,,,,,
20546,126.0,,,,,,,
20547,42.0,,,,,,,
20548,42.0,,,,,,,
20549,28.0,,,,,,,
20550,42.0,,,,,,,
20551,42.0,,,,,,,
20552,42.0,,,,,,,
20553,42.0,,,,,,,
20554,84.0,,,,,,,
20555,42.0,,,,,,,
20556,42.0,,,,,,,
20557,42.0,,,,,,,
20558,42.0,,,,,,,
20559,84.0,,,,,,,
20560,42.0,,,,,,,
20561,126.0,,,,,,,
20562,42.0,,,,,,,
20563,42.0,,,,,,,
20564,42.0,,,,,,,
20565,42.0,,,,,,,
20566,42.0,,,,,,,
20567,42.0,,,,,,,
20568,84.0,,,,,,,
20569,48.0,,,,,,,
20570,42.0,,,,,,,
20571,42.0,,,,,,,
20572,84.0,,,,,,,
20573,42.0,,,,,,,
20574,42.0,,,,,,,
20575,84.0,,,,,,,
20576,48.0,,,,,,,
20577,84.0,,,,,,,
20578,42.0,,,,,,,
20579,42.0,,,,,,,
20580,42.0,,,,,,,
20581,48.0,,,,,,,
20582,42.0,,,,,,,
20583,42.0,,,,,,,
20584,42.0,,,,,,,
20585,42.0,,,,,,,
20586,42.0,,,,,,,
20587,42.0,,,,,,,
20588,84.0,,,,,,,
20589,42.0,,,,,,,
20590,42.0,,,,,,,
20591,42.0,,,,,,,
20592,42.0,,,,,,,
20593,42.0,,,,,,,
20594,42.0,,,,,,,
20595,42.0,,,,,,,
20596,42.0,,,,,,,
20597,42.0,,,,,,,
20598,42.0,,,,,,,
20599,42.0,,,,,,,
20600,42.0,,,,,,,
20601,42.0,,,,,,,
20602,42.0,,,,,,,
20603,42.0,,,,,,,
20604,84.0,,,,,,,
20605,42.0,,,,,,,
20606,42.0,,,,,,,
20607,126.0,,,,,,,
20608,84.0,,,,,,,
20609,42.0,,,,,,,
20610,42.0,,,,,,,
20611,42.0,,,,,,,
20612,42.0,,,,,,,
20613,42.0,,,,,,,
20614,42.0,,,,,,,
20615,42.0,,,,,,,
20616,42.0,,,,,,,
20617,42.0,,,,,,,
20618,42.0,,,,,,,
20619,42.0,,,,,,,
20620,84.0,,,,,,,
20621,42.0,,,,,,,
20622,42.0,,,,,,,
20623,42.0,,,,,,,
20624,42.0,,,,,,,
20625,42.0,,,,,,,
20626,42.0,,,,,,,
20627,42.0,,,,,,,
20628,84.0,,,,,,,
20629,42.0,,,,,,,
20630,84.0,,,,,,,
20631,42.0,,,,,,,
20632,42.0,,,,,,,
20633,42.0,,,,,,,
20634,84.0,,,,,,,
20635,42.0,,,,,,,
20636,42.0,,,,,,,
20637,42.0,,,,,,,
20638,42.0,,,,,,,
20639,42.0,,,,,,,
20640,42.0,,,,,,,
20641,42.0,,,,,,,
20642,42.0,,,,,,,
20643,48.0,,,,,,,
20644,42.0,,,,,,,
20645,42.0,,,,,,,
20646,42.0,,,,,,,
20647,42.0,,,,,,,
20648,42.0,,,,,,,
20649,42.0,,,,,,,
20650,42.0,,,,,,,
20651,42.0,,,,,,,
20652,28.0,,,,,,,
20653,42.0,,,,,,,
20654,42.0,,,,,,,
20655,42.0,,,,,,,
20656,42.0,,,,,,,
20657,42.0,,,,,,,
20658,42.0,,,,,,,
20659,42.0,,,,,,,
20660,42.0,,,,,,,
20661,42.0,,,,,,,
20662,42.0,,,,,,,
20663,42.0,,,,,,,
20664,42.0,,,,,,,
20665,42.0,,,,,,,
20666,42.0,,,,,,,
20667,42.0,,,,,,,
20668,42.0,,,,,,,
20669,42.0,,,,,,,
20670,42.0,,,,,,,
20671,42.0,,,,,,,
20672,42.0,,,,,,,
20673,42.0,,,,,,,
20674,42.0,,,,,,,
20675,42.0,,,,,,,
20676,42.0,,,,,,,
20677,48.0,,,,,,,
20678,42.0,,,,,,,
20679,42.0,,,,,,,
20680,42.0,,,,,,,
20681,42.0,,,,,,,
20682,42.0,,,,,,,
20683,42.0,,,,,,,
20684,42.0,,,,,,,
20685,42.0,,,,,,,
20686,42.0,,,,,,,
20687,42.0,,,,,,,
20688,42.0,,,,,,,
20689,42.0,,,,,,,
20690,42.0,,,,,,,
20691,42.0,,,,,,,
20692,42.0,,,,,,,
20693,42.0,,,,,,,
20694,42.0,,,,,,,
20695,42.0,,,,,,,
20696,42.0,,,,,,,
20697,42.0,,,,,,,
20698,42.0,,,,,,,
20699,42.0,,,,,,,
20700,42.0,,,,,,,
20701,42.0,,,,,,,
20702,42.0,,,,,,,
20703,42.0,,,,,,,
20704,42.0,,,,,,,
20705,42.0,,,,,,,
20706,42.0,,,,,,,
20707,42.0,,,,,,,
20708,42.0,,,,,,,
20709,42.0,,,,,,,
20710,42.0,,,,,,,
20711,42.0,,,,,,,
20712,42.0,,,,,,,
20713,42.0,,,,,,,
20714,42.0,,,,,,,
20715,42.0,,,,,,,
20716,42.0,,,,,,,
20717,48.0,,,,,,,
20718,42.0,,,,,,,
20719,42.0,,,,,,,
20720,42.0,,,,,,,
20721,14.0,,,,,,,
20722,42.0,,,,,,,
20723,42.0,,,,,,,
20724,42.0,,,,,,,
20725,42.0,,,,,,,
20726,42.0,,,,,,,
20727,42.0,,,,,,,
20728,42.0,,,,,,,
20729,14.0,,,,,,,
20730,42.0,,,,,,,
20731,42.0,,,,,,,
20732,42.0,,,,,,,
20733,42.0,,,,,,,
20734,42.0,,,,,,,
20735,42.0,,,,,,,
20736,42.0,,,,,,,
20737,42.0,,,,,,,
20738,42.0,,,,,,,
20739,48.0,,,,,,,
20740,42.0,,,,,,,
20741,84.0,,,,,,,
20742,42.0,,,,,,,
20743,84.0,,,,,,,
20744,42.0,,,,,,,
20745,42.0,,,,,,,
20746,42.0,,,,,,,
20747,42.0,,,,,,,
20748,42.0,,,,,,,
20749,42.0,,,,,,,
20750,42.0,,,,,,,
20751,42.0,,,,,,,
20752,126.0,,,,,,,
20753,84.0,,,,,,,
20754,42.0,,,,,,,
20755,42.0,,,,,,,
20756,42.0,,,,,,,
20757,84.0,,,,,,,
20758,42.0,,,,,,,
20759,42.0,,,,,,,
20760,126.0,,,,,,,
20761,42.0,,,,,,,
20762,42.0,,,,,,,
20763,42.0,,,,,,,
20764,42.0,,,,,,,
20765,84.0,,,,,,,
20766,42.0,,,,,,,
20767,42.0,,,,,,,
20768,42.0,,,,,,,
20769,42.0,,,,,,,
20770,42.0,,,,,,,
20771,42.0,,,,,,,
20772,42.0,,,,,,,
20773,42.0,,,,,,,
20774,126.0,,,,,,,
20775,84.0,,,,,,,
20776,84.0,,,,,,,
20777,48.0,,,,,,,
20778,42.0,,,,,,,
20779,42.0,,,,,,,
20780,84.0,,,,,,,
20781,87.0,,,,,,,
20782,42.0,,,,,,,
20783,42.0,,,,,,,
20784,42.0,,,,,,,
20785,42.0,,,,,,,
20786,42.0,,,,,,,
20787,42.0,,,,,,,
20788,42.0,,,,,,,
20789,42.0,,,,,,,
20790,42.0,,,,,,,
20791,42.0,,,,,,,
20792,42.0,,,,,,,
20793,42.0,,,,,,,
20794,126.0,,,,,,,
20795,42.0,,,,,,,
20796,42.0,,,,,,,
20797,42.0,,,,,,,
20798,84.0,,,,,,,
20799,84.0,,,,,,,
20800,42.0,,,,,,,
20801,42.0,,,,,,,
20802,42.0,,,,,,,
20803,42.0,,,,,,,
20804,42.0,,,,,,,
20805,42.0,,,,,,,
20806,48.0,,,,,,,
20807,126.0,,,,,,,
20808,42.0,,,,,,,
20809,84.0,,,,,,,
20810,84.0,,,,,,,
20811,42.0,,,,,,,
20812,42.0,,,,,,,
20813,42.0,,,,,,,
20814,42.0,,,,,,,
20815,42.0,,,,,,,
20816,42.0,,,,,,,
20817,42.0,,,,,,,
20818,84.0,,,,,,,
20819,42.0,,,,,,,
20820,42.0,,,,,,,
20821,42.0,,,,,,,
20822,84.0,,,,,,,
20823,84.0,,,,,,,
20824,42.0,,,,,,,
20825,42.0,,,,,,,
20826,42.0,,,,,,,
20827,42.0,,,,,,,
20828,42.0,,,,,,,
20829,42.0,,,,,,,
20830,42.0,,,,,,,
20831,42.0,,,,,,,
20832,42.0,,,,,,,
20833,42.0,,,,,,,
20834,42.0,,,,,,,
20835,42.0,,,,,,,
20836,42.0,,,,,,,
20837,42.0,,,,,,,
20838,42.0,,,,,,,
20839,42.0,,,,,,,
20840,84.0,,,,,,,
20841,84.0,,,,,,,
20842,42.0,,,,,,,
20843,42.0,,,,,,,
20844,84.0,,,,,,,
20845,84.0,,,,,,,
20846,42.0,,,,,,,
20847,42.0,,,,,,,
20848,42.0,,,,,,,
20849,42.0,,,,,,,
20850,42.0,,,,,,,
20851,42.0,,,,,,,
20852,42.0,,,,,,,
20853,42.0,,,,,,,
20854,42.0,,,,,,,
20855,42.0,,,,,,,
20856,42.0,,,,,,,
20857,42.0,,,,,,,
20858,42.0,,,,,,,
20859,42.0,,,,,,,
20860,42.0,,,,,,,
20861,42.0,,,,,,,
20862,42.0,,,,,,,
20863,42.0,,,,,,,
20864,28.0,,,,,,,
20865,42.0,,,,,,,
20866,42.0,,,,,,,
20867,42.0,,,,,,,
20868,48.0,,,,,,,
20869,42.0,,,,,,,
20870,42.0,,,,,,,
20871,48.0,,,,,,,
20872,42.0,,,,,,,
20873,42.0,,,,,,,
20874,42.0,,,,,,,
20875,42.0,,,,,,,
20876,42.0,,,,,,,
20877,42.0,,,,,,,
20878,42.0,,,,,,,
20879,42.0,,,,,,,
20880,42.0,,,,,,,
20881,42.0,,,,,,,
20882,42.0,,,,,,,
20883,42.0,,,,,,,
20884,42.0,,,,,,,
20885,42.0,,,,,,,
20886,42.0,,,,,,,
20887,42.0,,,,,,,
20888,42.0,,,,,,,
20889,42.0,,,,,,,
20890,42.0,,,,,,,
20891,42.0,,,,,,,
20892,42.0,,,,,,,
20893,42.0,,,,,,,
20894,48.0,,,,,,,
20895,42.0,,,,,,,
20896,42.0,,,,,,,
20897,42.0,,,,,,,
20898,42.0,,,,,,,
20899,42.0,,,,,,,
20900,42.0,,,,,,,
20901,42.0,,,,,,,
20902,42.0,,,,,,,
20903,42.0,,,,,,,
20904,42.0,,,,,,,
20905,42.0,,,,,,,
20906,42.0,,,,,,,
20907,42.0,,,,,,,
20908,42.0,,,,,,,
20909,42.0,,,,,,,
20910,42.0,,,,,,,
20911,42.0,,,,,,,
20912,42.0,,,,,,,
20913,42.0,,,,,,,
20914,42.0,,,,,,,
20915,42.0,,,,,,,
20916,42.0,,,,,,,
20917,42.0,,,,,,,
20918,42.0,,,,,,,
20919,42.0,,,,,,,
20920,42.0,,,,,,,
20921,42.0,,,,,,,
20922,42.0,,,,,,,
20923,42.0,,,,,,,
20924,42.0,,,,,,,
20925,42.0,,,,,,,
20926,42.0,,,,,,,
20927,28.0,,,,,,,
20928,42.0,,,,,,,
20929,42.0,,,,,,,
20930,42.0,,,,,,,
20931,42.0,,,,,,,
20932,42.0,,,,,,,
20933,42.0,,,,,,,
20934,42.0,,,,,,,
20935,42.0,,,,,,,
20936,42.0,,,,,,,
20937,42.0,,,,,,,
20938,42.0,,,,,,,
20939,42.0,,,,,,,
20940,42.0,,,,,,,
20941,42.0,,,,,,,
20942,42.0,,,,,,,
20943,42.0,,,,,,,
20944,42.0,,,,,,,
20945,126.0,,,,,,,
20946,14.0,,,,,,,
20947,42.0,,,,,,,
20948,42.0,,,,,,,
20949,42.0,,,,,,,
20950,42.0,,,,,,,
20951,42.0,,,,,,,
20952,42.0,,,,,,,
20953,42.0,,,,,,,
20954,42.0,,,,,,,
20955,42.0,,,,,,,
20956,42.0,,,,,,,
20957,14.0,,,,,,,
20958,42.0,,,,,,,
20959,42.0,,,,,,,
20960,42.0,,,,,,,
20961,42.0,,,,,,,
20962,42.0,,,,,,,
20963,42.0,,,,,,,
20964,42.0,,,,,,,
20965,42.0,,,,,,,
20966,84.0,,,,,,,
20967,48.0,,,,,,,
20968,42.0,,,,,,,
20969,42.0,,,,,,,
20970,126.0,,,,,,,
20971,42.0,,,,,,,
20972,42.0,,,,,,,
20973,42.0,,,,,,,
20974,84.0,,,,,,,
20975,84.0,,,,,,,
20976,42.0,,,,,,,
20977,84.0,,,,,,,
20978,42.0,,,,,,,
20979,42.0,,,,,,,
20980,42.0,,,,,,,
20981,42.0,,,,,,,
20982,42.0,,,,,,,
20983,42.0,,,,,,,
20984,42.0,,,,,,,
20985,126.0,,,,,,,
20986,42.0,,,,,,,
20987,42.0,,,,,,,
20988,84.0,,,,,,,
20989,126.0,,,,,,,
20990,42.0,,,,,,,
20991,84.0,,,,,,,
20992,42.0,,,,,,,
20993,42.0,,,,,,,
20994,42.0,,,,,,,
20995,42.0,,,,,,,
20996,42.0,,,,,,,
20997,42.0,,,,,,,
20998,42.0,,,,,,,
20999,42.0,,,,,,,
21000,42.0,,,,,,,
21001,42.0,,,,,,,
21002,84.0,,,,,,,
21003,42.0,,,,,,,
21004,84.0,,,,,,,
21005,42.0,,,,,,,
21006,126.0,,,,,,,
21007,42.0,,,,,,,
21008,42.0,,,,,,,
21009,84.0,,,,,,,
21010,42.0,,,,,,,
21011,42.0,,,,,,,
21012,42.0,,,,,,,
21013,42.0,,,,,,,
21014,48.0,,,,,,,
21015,42.0,,,,,,,
21016,42.0,,,,,,,
21017,42.0,,,,,,,
21018,84.0,,,,,,,
21019,42.0,,,,,,,
21020,42.0,,,,,,,
21021,42.0,,,,,,,
21022,42.0,,,,,,,
21023,42.0,,,,,,,
21024,42.0,,,,,,,
21025,42.0,,,,,,,
21026,42.0,,,,,,,
21027,42.0,,,,,,,
21028,42.0,,,,,,,
21029,42.0,,,,,,,
21030,42.0,,,,,,,
21031,48.0,,,,,,,
21032,84.0,,,,,,,
21033,42.0,,,,,,,
21034,42.0,,,,,,,
21035,42.0,,,,,,,
21036,42.0,,,,,,,
21037,42.0,,,,,,,
21038,42.0,,,,,,,
21039,42.0,,,,,,,
21040,42.0,,,,,,,
21041,42.0,,,,,,,
21042,48.0,,,,,,,
21043,42.0,,,,,,,
21044,42.0,,,,,,,
21045,42.0,,,,,,,
21046,42.0,,,,,,,
21047,42.0,,,,,,,
21048,42.0,,,,,,,
21049,84.0,,,,,,,
21050,42.0,,,,,,,
21051,42.0,,,,,,,
21052,42.0,,,,,,,
21053,42.0,,,,,,,
21054,84.0,,,,,,,
21055,84.0,,,,,,,
21056,42.0,,,,,,,
21057,42.0,,,,,,,
21058,42.0,,,,,,,
21059,84.0,,,,,,,
21060,87.0,,,,,,,
21061,42.0,,,,,,,
21062,42.0,,,,,,,
21063,42.0,,,,,,,
21064,42.0,,,,,,,
21065,48.0,,,,,,,
21066,42.0,,,,,,,
21067,42.0,,,,,,,
21068,84.0,,,,,,,
21069,42.0,,,,,,,
21070,42.0,,,,,,,
21071,42.0,,,,,,,
21072,42.0,,,,,,,
21073,42.0,,,,,,,
21074,42.0,,,,,,,
21075,42.0,,,,,,,
21076,42.0,,,,,,,
21077,42.0,,,,,,,
21078,84.0,,,,,,,
21079,42.0,,,,,,,
21080,42.0,,,,,,,
21081,42.0,,,,,,,
21082,42.0,,,,,,,
21083,48.0,,,,,,,
21084,42.0,,,,,,,
21085,42.0,,,,,,,
21086,42.0,,,,,,,
21087,42.0,,,,,,,
21088,42.0,,,,,,,
21089,42.0,,,,,,,
21090,84.0,,,,,,,
21091,42.0,,,,,,,
21092,126.0,,,,,,,
21093,42.0,,,,,,,
21094,42.0,,,,,,,
21095,42.0,,,,,,,
21096,42.0,,,,,,,
21097,42.0,,,,,,,
21098,42.0,,,,,,,
21099,42.0,,,,,,,
21100,42.0,,,,,,,
21101,42.0,,,,,,,
21102,42.0,,,,,,,
21103,42.0,,,,,,,
21104,42.0,,,,,,,
21105,42.0,,,,,,,
21106,42.0,,,,,,,
21107,42.0,,,,,,,
21108,126.0,,,,,,,
21109,42.0,,,,,,,
21110,42.0,,,,,,,
21111,42.0,,,,,,,
21112,42.0,,,,,,,
21113,42.0,,,,,,,
21114,42.0,,,,,,,
21115,42.0,,,,,,,
21116,84.0,,,,,,,
21117,42.0,,,,,,,
21118,42.0,,,,,,,
21119,42.0,,,,,,,
21120,42.0,,,,,,,
21121,42.0,,,,,,,
21122,42.0,,,,,,,
21123,42.0,,,,,,,
21124,42.0,,,,,,,
21125,42.0,,,,,,,
21126,42.0,,,,,,,
21127,42.0,,,,,,,
21128,42.0,,,,,,,
21129,42.0,,,,,,,
21130,42.0,,,,,,,
21131,42.0,,,,,,,
21132,42.0,,,,,,,
21133,42.0,,,,,,,
21134,42.0,,,,,,,
21135,42.0,,,,,,,
21136,42.0,,,,,,,
21137,42.0,,,,,,,
21138,42.0,,,,,,,
21139,42.0,,,,,,,
21140,42.0,,,,,,,
21141,42.0,,,,,,,
21142,42.0,,,,,,,
21143,28.0,,,,,,,
21144,42.0,,,,,,,
21145,42.0,,,,,,,
21146,42.0,,,,,,,
21147,42.0,,,,,,,
21148,42.0,,,,,,,
21149,42.0,,,,,,,
21150,42.0,,,,,,,
21151,42.0,,,,,,,
21152,42.0,,,,,,,
21153,42.0,,,,,,,
21154,42.0,,,,,,,
21155,42.0,,,,,,,
21156,42.0,,,,,,,
21157,42.0,,,,,,,
21158,42.0,,,,,,,
21159,42.0,,,,,,,
21160,42.0,,,,,,,
21161,42.0,,,,,,,
21162,42.0,,,,,,,
21163,42.0,,,,,,,
21164,42.0,,,,,,,
21165,42.0,,,,,,,
21166,42.0,,,,,,,
21167,42.0,,,,,,,
21168,42.0,,,,,,,
21169,42.0,,,,,,,
21170,42.0,,,,,,,
21171,42.0,,,,,,,
21172,42.0,,,,,,,
21173,14.0,,,,,,,
21174,42.0,,,,,,,
21175,42.0,,,,,,,
21176,42.0,,,,,,,
21177,42.0,,,,,,,
21178,42.0,,,,,,,
21179,42.0,,,,,,,
21180,42.0,,,,,,,
21181,42.0,,,,,,,
21182,42.0,,,,,,,
21183,42.0,,,,,,,
21184,28.0,,,,,,,
21185,14.0,,,,,,,
21186,42.0,,,,,,,
21187,42.0,,,,,,,
21188,42.0,,,,,,,
21189,42.0,,,,,,,
21190,42.0,,,,,,,
21191,42.0,,,,,,,
21192,42.0,,,,,,,
21193,42.0,,,,,,,
21194,42.0,,,,,,,
21195,42.0,,,,,,,
21196,42.0,,,,,,,
21197,42.0,,,,,,,
21198,42.0,,,,,,,
21199,42.0,,,,,,,
21200,42.0,,,,,,,
21201,42.0,,,,,,,
21202,42.0,,,,,,,
21203,42.0,,,,,,,
21204,84.0,,,,,,,
21205,42.0,,,,,,,
21206,42.0,,,,,,,
21207,42.0,,,,,,,
21208,42.0,,,,,,,
21209,42.0,,,,,,,
21210,42.0,,,,,,,
21211,42.0,,,,,,,
21212,42.0,,,,,,,
21213,42.0,,,,,,,
21214,48.0,,,,,,,
21215,126.0,,,,,,,
21216,42.0,,,,,,,
21217,126.0,,,,,,,
21218,84.0,,,,,,,
21219,126.0,,,,,,,
21220,42.0,,,,,,,
21221,42.0,,,,,,,
21222,42.0,,,,,,,
21223,42.0,,,,,,,
21224,42.0,,,,,,,
21225,126.0,,,,,,,
21226,42.0,,,,,,,
21227,84.0,,,,,,,
21228,42.0,,,,,,,
21229,42.0,,,,,,,
21230,42.0,,,,,,,
21231,42.0,,,,,,,
21232,42.0,,,,,,,
21233,42.0,,,,,,,
21234,42.0,,,,,,,
21235,42.0,,,,,,,
21236,42.0,,,,,,,
21237,42.0,,,,,,,
21238,42.0,,,,,,,
21239,42.0,,,,,,,
21240,42.0,,,,,,,
21241,42.0,,,,,,,
21242,42.0,,,,,,,
21243,42.0,,,,,,,
21244,42.0,,,,,,,
21245,84.0,,,,,,,
21246,42.0,,,,,,,
21247,42.0,,,,,,,
21248,84.0,,,,,,,
21249,42.0,,,,,,,
21250,42.0,,,,,,,
21251,42.0,,,,,,,
21252,42.0,,,,,,,
21253,42.0,,,,,,,
21254,42.0,,,,,,,
21255,48.0,,,,,,,
21256,84.0,,,,,,,
21257,42.0,,,,,,,
21258,42.0,,,,,,,
21259,42.0,,,,,,,
21260,42.0,,,,,,,
21261,42.0,,,,,,,
21262,42.0,,,,,,,
21263,42.0,,,,,,,
21264,48.0,,,,,,,
21265,42.0,,,,,,,
21266,42.0,,,,,,,
21267,42.0,,,,,,,
21268,42.0,,,,,,,
21269,42.0,,,,,,,
21270,42.0,,,,,,,
21271,84.0,,,,,,,
21272,42.0,,,,,,,
21273,42.0,,,,,,,
21274,42.0,,,,,,,
21275,42.0,,,,,,,
21276,84.0,,,,,,,
21277,42.0,,,,,,,
21278,84.0,,,,,,,
21279,42.0,,,,,,,
21280,42.0,,,,,,,
21281,84.0,,,,,,,
21282,42.0,,,,,,,
21283,42.0,,,,,,,
21284,126.0,,,,,,,
21285,42.0,,,,,,,
21286,42.0,,,,,,,
21287,42.0,,,,,,,
21288,84.0,,,,,,,
21289,42.0,,,,,,,
21290,42.0,,,,,,,
21291,42.0,,,,,,,
21292,42.0,,,,,,,
21293,42.0,,,,,,,
21294,84.0,,,,,,,
21295,42.0,,,,,,,
21296,42.0,,,,,,,
21297,42.0,,,,,,,
21298,42.0,,,,,,,
21299,42.0,,,,,,,
21300,84.0,,,,,,,
21301,42.0,,,,,,,
21302,42.0,,,,,,,
21303,48.0,,,,,,,
21304,42.0,,,,,,,
21305,42.0,,,,,,,
21306,42.0,,,,,,,
21307,84.0,,,,,,,
21308,42.0,,,,,,,
21309,42.0,,,,,,,
21310,87.0,,,,,,,
21311,42.0,,,,,,,
21312,84.0,,,,,,,
21313,42.0,,,,,,,
21314,42.0,,,,,,,
21315,42.0,,,,,,,
21316,42.0,,,,,,,
21317,84.0,,,,,,,
21318,42.0,,,,,,,
21319,42.0,,,,,,,
21320,42.0,,,,,,,
21321,42.0,,,,,,,
21322,42.0,,,,,,,
21323,84.0,,,,,,,
21324,42.0,,,,,,,
21325,42.0,,,,,,,
21326,42.0,,,,,,,
21327,42.0,,,,,,,
21328,42.0,,,,,,,
21329,42.0,,,,,,,
21330,42.0,,,,,,,
21331,48.0,,,,,,,
21332,42.0,,,,,,,
21333,84.0,,,,,,,
21334,42.0,,,,,,,
21335,42.0,,,,,,,
21336,42.0,,,,,,,
21337,42.0,,,,,,,
21338,126.0,,,,,,,
21339,42.0,,,,,,,
21340,42.0,,,,,,,
21341,42.0,,,,,,,
21342,42.0,,,,,,,
21343,42.0,,,,,,,
21344,42.0,,,,,,,
21345,42.0,,,,,,,
21346,48.0,,,,,,,
21347,42.0,,,,,,,
21348,42.0,,,,,,,
21349,42.0,,,,,,,
21350,42.0,,,,,,,
21351,42.0,,,,,,,
21352,42.0,,,,,,,
21353,42.0,,,,,,,
21354,42.0,,,,,,,
21355,42.0,,,,,,,
21356,42.0,,,,,,,
21357,42.0,,,,,,,
21358,42.0,,,,,,,
21359,42.0,,,,,,,
21360,42.0,,,,,,,
21361,42.0,,,,,,,
21362,42.0,,,,,,,
21363,84.0,,,,,,,
21364,42.0,,,,,,,
21365,42.0,,,,,,,
21366,42.0,,,,,,,
21367,42.0,,,,,,,
21368,42.0,,,,,,,
21369,42.0,,,,,,,
21370,42.0,,,,,,,
21371,42.0,,,,,,,
21372,42.0,,,,,,,
21373,42.0,,,,,,,
21374,42.0,,,,,,,
21375,42.0,,,,,,,
21376,42.0,,,,,,,
21377,42.0,,,,,,,
21378,42.0,,,,,,,
21379,42.0,,,,,,,
21380,42.0,,,,,,,
21381,42.0,,,,,,,
21382,42.0,,,,,,,
21383,42.0,,,,,,,
21384,42.0,,,,,,,
21385,42.0,,,,,,,
21386,42.0,,,,,,,
21387,42.0,,,,,,,
21388,42.0,,,,,,,
21389,42.0,,,,,,,
21390,42.0,,,,,,,
21391,42.0,,,,,,,
21392,42.0,,,,,,,
21393,42.0,,,,,,,
21394,42.0,,,,,,,
21395,42.0,,,,,,,
21396,42.0,,,,,,,
21397,42.0,,,,,,,
21398,42.0,,,,,,,
21399,42.0,,,,,,,
21400,42.0,,,,,,,
21401,14.0,,,,,,,
21402,42.0,,,,,,,
21403,42.0,,,,,,,
21404,42.0,,,,,,,
21405,42.0,,,,,,,
21406,42.0,,,,,,,
21407,42.0,,,,,,,
21408,42.0,,,,,,,
21409,42.0,,,,,,,
21410,28.0,,,,,,,
21411,14.0,,,,,,,
21412,28.0,,,,,,,
21413,42.0,,,,,,,
21414,42.0,,,,,,,
21415,42.0,,,,,,,
21416,42.0,,,,,,,
21417,42.0,,,,,,,
21418,42.0,,,,,,,
21419,84.0,,,,,,,
21420,42.0,,,,,,,
21421,42.0,,,,,,,
21422,42.0,,,,,,,
21423,84.0,,,,,,,
21424,42.0,,,,,,,
21425,42.0,,,,,,,
21426,42.0,,,,,,,
21427,42.0,,,,,,,
21428,87.0,,,,,,,
21429,84.0,,,,,,,
21430,42.0,,,,,,,
21431,42.0,,,,,,,
21432,42.0,,,,,,,
21433,84.0,,,,,,,
21434,42.0,,,,,,,
21435,42.0,,,,,,,
21436,42.0,,,,,,,
21437,42.0,,,,,,,
21438,42.0,,,,,,,
21439,42.0,,,,,,,
21440,84.0,,,,,,,
21441,42.0,,,,,,,
21442,42.0,,,,,,,
21443,84.0,,,,,,,
21444,84.0,,,,,,,
21445,42.0,,,,,,,
21446,126.0,,,,,,,
21447,42.0,,,,,,,
21448,42.0,,,,,,,
21449,84.0,,,,,,,
21450,42.0,,,,,,,
21451,84.0,,,,,,,
21452,42.0,,,,,,,
21453,42.0,,,,,,,
21454,42.0,,,,,,,
21455,84.0,,,,,,,
21456,42.0,,,,,,,
21457,84.0,,,,,,,
21458,42.0,,,,,,,
21459,42.0,,,,,,,
21460,126.0,,,,,,,
21461,84.0,,,,,,,
21462,42.0,,,,,,,
21463,42.0,,,,,,,
21464,84.0,,,,,,,
21465,42.0,,,,,,,
21466,42.0,,,,,,,
21467,126.0,,,,,,,
21468,84.0,,,,,,,
21469,42.0,,,,,,,
21470,42.0,,,,,,,
21471,42.0,,,,,,,
21472,42.0,,,,,,,
21473,42.0,,,,,,,
21474,42.0,,,,,,,
21475,42.0,,,,,,,
21476,42.0,,,,,,,
21477,84.0,,,,,,,
21478,42.0,,,,,,,
21479,48.0,,,,,,,
21480,126.0,,,,,,,
21481,42.0,,,,,,,
21482,42.0,,,,,,,
21483,42.0,,,,,,,
21484,42.0,,,,,,,
21485,42.0,,,,,,,
21486,42.0,,,,,,,
21487,84.0,,,,,,,
21488,42.0,,,,,,,
21489,42.0,,,,,,,
21490,42.0,,,,,,,
21491,42.0,,,,,,,
21492,42.0,,,,,,,
21493,48.0,,,,,,,
21494,42.0,,,,,,,
21495,42.0,,,,,,,
21496,84.0,,,,,,,
21497,42.0,,,,,,,
21498,126.0,,,,,,,
21499,42.0,,,,,,,
21500,84.0,,,,,,,
21501,42.0,,,,,,,
21502,42.0,,,,,,,
21503,42.0,,,,,,,
21504,42.0,,,,,,,
21505,42.0,,,,,,,
21506,42.0,,,,,,,
21507,42.0,,,,,,,
21508,42.0,,,,,,,
21509,42.0,,,,,,,
21510,42.0,,,,,,,
21511,42.0,,,,,,,
21512,42.0,,,,,,,
21513,42.0,,,,,,,
21514,42.0,,,,,,,
21515,42.0,,,,,,,
21516,42.0,,,,,,,
21517,42.0,,,,,,,
21518,42.0,,,,,,,
21519,42.0,,,,,,,
21520,42.0,,,,,,,
21521,42.0,,,,,,,
21522,42.0,,,,,,,
21523,42.0,,,,,,,
21524,42.0,,,,,,,
21525,42.0,,,,,,,
21526,42.0,,,,,,,
21527,42.0,,,,,,,
21528,42.0,,,,,,,
21529,42.0,,,,,,,
21530,42.0,,,,,,,
21531,42.0,,,,,,,
21532,42.0,,,,,,,
21533,42.0,,,,,,,
21534,42.0,,,,,,,
21535,126.0,,,,,,,
21536,42.0,,,,,,,
21537,42.0,,,,,,,
21538,42.0,,,,,,,
21539,42.0,,,,,,,
21540,42.0,,,,,,,
21541,42.0,,,,,,,
21542,42.0,,,,,,,
21543,84.0,,,,,,,
21544,42.0,,,,,,,
21545,42.0,,,,,,,
21546,42.0,,,,,,,
21547,42.0,,,,,,,
21548,42.0,,,,,,,
21549,42.0,,,,,,,
21550,42.0,,,,,,,
21551,42.0,,,,,,,
21552,42.0,,,,,,,
21553,42.0,,,,,,,
21554,42.0,,,,,,,
21555,42.0,,,,,,,
21556,42.0,,,,,,,
21557,48.0,,,,,,,
21558,42.0,,,,,,,
21559,42.0,,,,,,,
21560,42.0,,,,,,,
21561,42.0,,,,,,,
21562,42.0,,,,,,,
21563,42.0,,,,,,,
21564,42.0,,,,,,,
21565,42.0,,,,,,,
21566,48.0,,,,,,,
21567,42.0,,,,,,,
21568,42.0,,,,,,,
21569,42.0,,,,,,,
21570,42.0,,,,,,,
21571,42.0,,,,,,,
21572,42.0,,,,,,,
21573,42.0,,,,,,,
21574,42.0,,,,,,,
21575,42.0,,,,,,,
21576,42.0,,,,,,,
21577,42.0,,,,,,,
21578,42.0,,,,,,,
21579,42.0,,,,,,,
21580,42.0,,,,,,,
21581,42.0,,,,,,,
21582,42.0,,,,,,,
21583,42.0,,,,,,,
21584,42.0,,,,,,,
21585,42.0,,,,,,,
21586,42.0,,,,,,,
21587,84.0,,,,,,,
21588,42.0,,,,,,,
21589,48.0,,,,,,,
21590,42.0,,,,,,,
21591,42.0,,,,,,,
21592,42.0,,,,,,,
21593,42.0,,,,,,,
21594,42.0,,,,,,,
21595,42.0,,,,,,,
21596,42.0,,,,,,,
21597,14.0,,,,,,,
21598,42.0,,,,,,,
21599,42.0,,,,,,,
21600,42.0,,,,,,,
21601,42.0,,,,,,,
21602,42.0,,,,,,,
21603,42.0,,,,,,,
21604,42.0,,,,,,,
21605,42.0,,,,,,,
21606,42.0,,,,,,,
21607,42.0,,,,,,,
21608,42.0,,,,,,,
21609,42.0,,,,,,,
21610,42.0,,,,,,,
21611,42.0,,,,,,,
21612,42.0,,,,,,,
21613,42.0,,,,,,,
21614,42.0,,,,,,,
21615,42.0,,,,,,,
21616,42.0,,,,,,,
21617,42.0,,,,,,,
21618,42.0,,,,,,,
21619,42.0,,,,,,,
21620,42.0,,,,,,,
21621,42.0,,,,,,,
21622,42.0,,,,,,,
21623,42.0,,,,,,,
21624,42.0,,,,,,,
21625,42.0,,,,,,,
21626,42.0,,,,,,,
21627,42.0,,,,,,,
21628,42.0,,,,,,,
21629,42.0,,,,,,,
21630,48.0,,,,,,,
21631,14.0,,,,,,,
21632,42.0,,,,,,,
21633,42.0,,,,,,,
21634,28.0,,,,,,,
21635,42.0,,,,,,,
21636,42.0,,,,,,,
21637,42.0,,,,,,,
21638,42.0,,,,,,,
21639,42.0,,,,,,,
21640,28.0,,,,,,,
21641,42.0,,,,,,,
21642,42.0,,,,,,,
21643,42.0,,,,,,,
21644,42.0,,,,,,,
21645,42.0,,,,,,,
21646,42.0,,,,,,,
21647,42.0,,,,,,,
21648,42.0,,,,,,,
21649,42.0,,,,,,,
21650,84.0,,,,,,,
21651,42.0,,,,,,,
21652,42.0,,,,,,,
21653,42.0,,,,,,,
21654,28.0,,,,,,,
21655,42.0,,,,,,,
21656,42.0,,,,,,,
21657,42.0,,,,,,,
21658,42.0,,,,,,,
21659,42.0,,,,,,,
21660,42.0,,,,,,,
21661,42.0,,,,,,,
21662,42.0,,,,,,,
21663,42.0,,,,,,,
21664,42.0,,,,,,,
21665,84.0,,,,,,,
21666,126.0,,,,,,,
21667,84.0,,,,,,,
21668,42.0,,,,,,,
21669,42.0,,,,,,,
21670,42.0,,,,,,,
21671,42.0,,,,,,,
21672,42.0,,,,,,,
21673,42.0,,,,,,,
21674,42.0,,,,,,,
21675,42.0,,,,,,,
21676,42.0,,,,,,,
21677,42.0,,,,,,,
21678,42.0,,,,,,,
21679,42.0,,,,,,,
21680,84.0,,,,,,,
21681,84.0,,,,,,,
21682,42.0,,,,,,,
21683,126.0,,,,,,,
21684,84.0,,,,,,,
21685,84.0,,,,,,,
21686,84.0,,,,,,,
21687,126.0,,,,,,,
21688,42.0,,,,,,,
21689,42.0,,,,,,,
21690,42.0,,,,,,,
21691,42.0,,,,,,,
21692,42.0,,,,,,,
21693,42.0,,,,,,,
21694,42.0,,,,,,,
21695,42.0,,,,,,,
21696,126.0,,,,,,,
21697,42.0,,,,,,,
21698,42.0,,,,,,,
21699,42.0,,,,,,,
21700,42.0,,,,,,,
21701,42.0,,,,,,,
21702,42.0,,,,,,,
21703,84.0,,,,,,,
21704,42.0,,,,,,,
21705,84.0,,,,,,,
21706,42.0,,,,,,,
21707,42.0,,,,,,,
21708,42.0,,,,,,,
21709,42.0,,,,,,,
21710,48.0,,,,,,,
21711,42.0,,,,,,,
21712,42.0,,,,,,,
21713,42.0,,,,,,,
21714,84.0,,,,,,,
21715,42.0,,,,,,,
21716,42.0,,,,,,,
21717,42.0,,,,,,,
21718,84.0,,,,,,,
21719,42.0,,,,,,,
21720,42.0,,,,,,,
21721,42.0,,,,,,,
21722,42.0,,,,,,,
21723,42.0,,,,,,,
21724,42.0,,,,,,,
21725,42.0,,,,,,,
21726,84.0,,,,,,,
21727,42.0,,,,,,,
21728,42.0,,,,,,,
21729,126.0,,,,,,,
21730,42.0,,,,,,,
21731,42.0,,,,,,,
21732,87.0,,,,,,,
21733,42.0,,,,,,,
21734,42.0,,,,,,,
21735,42.0,,,,,,,
21736,42.0,,,,,,,
21737,42.0,,,,,,,
21738,42.0,,,,,,,
21739,42.0,,,,,,,
21740,42.0,,,,,,,
21741,42.0,,,,,,,
21742,42.0,,,,,,,
21743,42.0,,,,,,,
21744,84.0,,,,,,,
21745,42.0,,,,,,,
21746,42.0,,,,,,,
21747,84.0,,,,,,,
21748,42.0,,,,,,,
21749,42.0,,,,,,,
21750,42.0,,,,,,,
21751,42.0,,,,,,,
21752,84.0,,,,,,,
21753,84.0,,,,,,,
21754,42.0,,,,,,,
21755,42.0,,,,,,,
21756,126.0,,,,,,,
21757,42.0,,,,,,,
21758,42.0,,,,,,,
21759,42.0,,,,,,,
21760,42.0,,,,,,,
21761,48.0,,,,,,,
21762,42.0,,,,,,,
21763,42.0,,,,,,,
21764,42.0,,,,,,,
21765,48.0,,,,,,,
21766,42.0,,,,,,,
21767,42.0,,,,,,,
21768,42.0,,,,,,,
21769,42.0,,,,,,,
21770,42.0,,,,,,,
21771,42.0,,,,,,,
21772,42.0,,,,,,,
21773,42.0,,,,,,,
21774,42.0,,,,,,,
21775,42.0,,,,,,,
21776,42.0,,,,,,,
21777,14.0,,,,,,,
21778,42.0,,,,,,,
21779,42.0,,,,,,,
21780,48.0,,,,,,,
21781,42.0,,,,,,,
21782,42.0,,,,,,,
21783,42.0,,,,,,,
21784,42.0,,,,,,,
21785,42.0,,,,,,,
21786,42.0,,,,,,,
21787,84.0,,,,,,,
21788,42.0,,,,,,,
21789,42.0,,,,,,,
21790,42.0,,,,,,,
21791,42.0,,,,,,,
21792,42.0,,,,,,,
21793,42.0,,,,,,,
21794,42.0,,,,,,,
21795,84.0,,,,,,,
21796,42.0,,,,,,,
21797,42.0,,,,,,,
21798,42.0,,,,,,,
21799,42.0,,,,,,,
21800,42.0,,,,,,,
21801,42.0,,,,,,,
21802,42.0,,,,,,,
21803,42.0,,,,,,,
21804,42.0,,,,,,,
21805,42.0,,,,,,,
21806,42.0,,,,,,,
21807,42.0,,,,,,,
21808,48.0,,,,,,,
21809,42.0,,,,,,,
21810,42.0,,,,,,,
21811,42.0,,,,,,,
21812,42.0,,,,,,,
21813,42.0,,,,,,,
21814,42.0,,,,,,,
21815,42.0,,,,,,,
21816,42.0,,,,,,,
21817,42.0,,,,,,,
21818,42.0,,,,,,,
21819,42.0,,,,,,,
21820,42.0,,,,,,,
21821,42.0,,,,,,,
21822,42.0,,,,,,,
21823,42.0,,,,,,,
21824,42.0,,,,,,,
21825,42.0,,,,,,,
21826,42.0,,,,,,,
21827,42.0,,,,,,,
21828,42.0,,,,,,,
21829,42.0,,,,,,,
21830,42.0,,,,,,,
21831,42.0,,,,,,,
21832,42.0,,,,,,,
21833,42.0,,,,,,,
21834,42.0,,,,,,,
21835,42.0,,,,,,,
21836,42.0,,,,,,,
21837,42.0,,,,,,,
21838,42.0,,,,,,,
21839,42.0,,,,,,,
21840,42.0,,,,,,,
21841,42.0,,,,,,,
21842,42.0,,,,,,,
21843,42.0,,,,,,,
21844,42.0,,,,,,,
21845,42.0,,,,,,,
21846,42.0,,,,,,,
21847,42.0,,,,,,,
21848,42.0,,,,,,,
21849,42.0,,,,,,,
21850,42.0,,,,,,,
21851,42.0,,,,,,,
21852,42.0,,,,,,,
21853,42.0,,,,,,,
21854,42.0,,,,,,,
21855,42.0,,,,,,,
21856,42.0,,,,,,,
21857,48.0,,,,,,,
21858,42.0,,,,,,,
21859,14.0,,,,,,,
21860,42.0,,,,,,,
21861,42.0,,,,,,,
21862,42.0,,,,,,,
21863,42.0,,,,,,,
21864,42.0,,,,,,,
21865,42.0,,,,,,,
21866,42.0,,,,,,,
21867,42.0,,,,,,,
21868,28.0,,,,,,,
21869,42.0,,,,,,,
21870,42.0,,,,,,,
21871,42.0,,,,,,,
21872,42.0,,,,,,,
21873,42.0,,,,,,,
21874,42.0,,,,,,,
21875,42.0,,,,,,,
21876,42.0,,,,,,,
21877,42.0,,,,,,,
21878,48.0,,,,,,,
21879,84.0,,,,,,,
21880,42.0,,,,,,,
21881,42.0,,,,,,,
21882,42.0,,,,,,,
21883,42.0,,,,,,,
21884,42.0,,,,,,,
21885,42.0,,,,,,,
21886,42.0,,,,,,,
21887,84.0,,,,,,,
21888,84.0,,,,,,,
21889,84.0,,,,,,,
21890,42.0,,,,,,,
21891,42.0,,,,,,,
21892,42.0,,,,,,,
21893,42.0,,,,,,,
21894,42.0,,,,,,,
21895,42.0,,,,,,,
21896,42.0,,,,,,,
21897,42.0,,,,,,,
21898,42.0,,,,,,,
21899,42.0,,,,,,,
21900,42.0,,,,,,,
21901,42.0,,,,,,,
21902,42.0,,,,,,,
21903,42.0,,,,,,,
21904,42.0,,,,,,,
21905,126.0,,,,,,,
21906,126.0,,,,,,,
21907,42.0,,,,,,,
21908,42.0,,,,,,,
21909,42.0,,,,,,,
21910,42.0,,,,,,,
21911,42.0,,,,,,,
21912,42.0,,,,,,,
21913,42.0,,,,,,,
21914,42.0,,,,,,,
21915,42.0,,,,,,,
21916,42.0,,,,,,,
21917,42.0,,,,,,,
21918,42.0,,,,,,,
21919,42.0,,,,,,,
21920,84.0,,,,,,,
21921,84.0,,,,,,,
21922,42.0,,,,,,,
21923,84.0,,,,,,,
21924,48.0,,,,,,,
21925,42.0,,,,,,,
21926,42.0,,,,,,,
21927,42.0,,,,,,,
21928,42.0,,,,,,,
21929,42.0,,,,,,,
21930,84.0,,,,,,,
21931,84.0,,,,,,,
21932,42.0,,,,,,,
21933,42.0,,,,,,,
21934,84.0,,,,,,,
21935,42.0,,,,,,,
21936,42.0,,,,,,,
21937,42.0,,,,,,,
21938,42.0,,,,,,,
21939,126.0,,,,,,,
21940,42.0,,,,,,,
21941,42.0,,,,,,,
21942,42.0,,,,,,,
21943,42.0,,,,,,,
21944,42.0,,,,,,,
21945,48.0,,,,,,,
21946,126.0,,,,,,,
21947,87.0,,,,,,,
21948,42.0,,,,,,,
21949,84.0,,,,,,,
21950,42.0,,,,,,,
21951,42.0,,,,,,,
21952,84.0,,,,,,,
21953,126.0,,,,,,,
21954,42.0,,,,,,,
21955,42.0,,,,,,,
21956,42.0,,,,,,,
21957,42.0,,,,,,,
21958,48.0,,,,,,,
21959,42.0,,,,,,,
21960,42.0,,,,,,,
21961,42.0,,,,,,,
21962,42.0,,,,,,,
21963,42.0,,,,,,,
21964,42.0,,,,,,,
21965,42.0,,,,,,,
21966,84.0,,,,,,,
21967,42.0,,,,,,,
21968,84.0,,,,,,,
21969,42.0,,,,,,,
21970,42.0,,,,,,,
21971,42.0,,,,,,,
21972,42.0,,,,,,,
21973,42.0,,,,,,,
21974,42.0,,,,,,,
21975,42.0,,,,,,,
21976,42.0,,,,,,,
21977,42.0,,,,,,,
21978,42.0,,,,,,,
21979,42.0,,,,,,,
21980,42.0,,,,,,,
21981,42.0,,,,,,,
21982,84.0,,,,,,,
21983,42.0,,,,,,,
21984,42.0,,,,,,,
21985,42.0,,,,,,,
21986,42.0,,,,,,,
21987,42.0,,,,,,,
21988,42.0,,,,,,,
21989,42.0,,,,,,,
21990,84.0,,,,,,,
21991,84.0,,,,,,,
21992,42.0,,,,,,,
21993,42.0,,,,,,,
21994,42.0,,,,,,,
21995,42.0,,,,,,,
21996,42.0,,,,,,,
21997,42.0,,,,,,,
21998,84.0,,,,,,,
21999,42.0,,,,,,,
22000,42.0,,,,,,,
22001,42.0,,,,,,,
22002,42.0,,,,,,,
22003,84.0,,,,,,,
22004,42.0,,,,,,,
22005,42.0,,,,,,,
22006,42.0,,,,,,,
22007,42.0,,,,,,,
22008,42.0,,,,,,,
22009,48.0,,,,,,,
22010,42.0,,,,,,,
22011,42.0,,,,,,,
22012,42.0,,,,,,,
22013,42.0,,,,,,,
22014,42.0,,,,,,,
22015,42.0,,,,,,,
22016,42.0,,,,,,,
22017,42.0,,,,,,,
22018,42.0,,,,,,,
22019,48.0,,,,,,,
22020,42.0,,,,,,,
22021,42.0,,,,,,,
22022,42.0,,,,,,,
22023,42.0,,,,,,,
22024,42.0,,,,,,,
22025,42.0,,,,,,,
22026,42.0,,,,,,,
22027,42.0,,,,,,,
22028,42.0,,,,,,,
22029,42.0,,,,,,,
22030,42.0,,,,,,,
22031,42.0,,,,,,,
22032,42.0,,,,,,,
22033,42.0,,,,,,,
22034,42.0,,,,,,,
22035,42.0,,,,,,,
22036,42.0,,,,,,,
22037,42.0,,,,,,,
22038,42.0,,,,,,,
22039,42.0,,,,,,,
22040,42.0,,,,,,,
22041,42.0,,,,,,,
22042,42.0,,,,,,,
22043,42.0,,,,,,,
22044,42.0,,,,,,,
22045,42.0,,,,,,,
22046,42.0,,,,,,,
22047,42.0,,,,,,,
22048,42.0,,,,,,,
22049,42.0,,,,,,,
22050,42.0,,,,,,,
22051,42.0,,,,,,,
22052,42.0,,,,,,,
22053,42.0,,,,,,,
22054,42.0,,,,,,,
22055,42.0,,,,,,,
22056,42.0,,,,,,,
22057,42.0,,,,,,,
22058,28.0,,,,,,,
22059,42.0,,,,,,,
22060,42.0,,,,,,,
22061,42.0,,,,,,,
22062,42.0,,,,,,,
22063,42.0,,,,,,,
22064,42.0,,,,,,,
22065,42.0,,,,,,,
22066,42.0,,,,,,,
22067,42.0,,,,,,,
22068,42.0,,,,,,,
22069,42.0,,,,,,,
22070,42.0,,,,,,,
22071,42.0,,,,,,,
22072,42.0,,,,,,,
22073,42.0,,,,,,,
22074,42.0,,,,,,,
22075,42.0,,,,,,,
22076,42.0,,,,,,,
22077,42.0,,,,,,,
22078,14.0,,,,,,,
22079,42.0,,,,,,,
22080,42.0,,,,,,,
22081,42.0,,,,,,,
22082,42.0,,,,,,,
22083,42.0,,,,,,,
22084,42.0,,,,,,,
22085,126.0,,,,,,,
22086,42.0,,,,,,,
22087,42.0,,,,,,,
22088,42.0,,,,,,,
22089,42.0,,,,,,,
22090,42.0,,,,,,,
22091,42.0,,,,,,,
22092,42.0,,,,,,,
22093,42.0,,,,,,,
22094,42.0,,,,,,,
22095,14.0,,,,,,,
22096,28.0,,,,,,,
22097,42.0,,,,,,,
22098,42.0,,,,,,,
22099,42.0,,,,,,,
22100,42.0,,,,,,,
22101,42.0,,,,,,,
22102,42.0,,,,,,,
22103,42.0,,,,,,,
22104,42.0,,,,,,,
22105,84.0,,,,,,,
22106,42.0,,,,,,,
22107,42.0,,,,,,,
22108,42.0,,,,,,,
22109,84.0,,,,,,,
22110,42.0,,,,,,,
22111,42.0,,,,,,,
22112,42.0,,,,,,,
22113,126.0,,,,,,,
22114,126.0,,,,,,,
22115,42.0,,,,,,,
22116,42.0,,,,,,,
22117,42.0,,,,,,,
22118,42.0,,,,,,,
22119,42.0,,,,,,,
22120,42.0,,,,,,,
22121,84.0,,,,,,,
22122,48.0,,,,,,,
22123,42.0,,,,,,,
22124,84.0,,,,,,,
22125,42.0,,,,,,,
22126,42.0,,,,,,,
22127,42.0,,,,,,,
22128,42.0,,,,,,,
22129,42.0,,,,,,,
22130,87.0,,,,,,,
22131,42.0,,,,,,,
22132,42.0,,,,,,,
22133,42.0,,,,,,,
22134,126.0,,,,,,,
22135,42.0,,,,,,,
22136,126.0,,,,,,,
22137,42.0,,,,,,,
22138,42.0,,,,,,,
22139,42.0,,,,,,,
22140,42.0,,,,,,,
22141,42.0,,,,,,,
22142,42.0,,,,,,,
22143,42.0,,,,,,,
22144,42.0,,,,,,,
22145,42.0,,,,,,,
22146,42.0,,,,,,,
22147,42.0,,,,,,,
22148,42.0,,,,,,,
22149,42.0,,,,,,,
22150,84.0,,,,,,,
22151,42.0,,,,,,,
22152,42.0,,,,,,,
22153,42.0,,,,,,,
22154,42.0,,,,,,,
22155,42.0,,,,,,,
22156,42.0,,,,,,,
22157,42.0,,,,,,,
22158,42.0,,,,,,,
22159,126.0,,,,,,,
22160,42.0,,,,,,,
22161,84.0,,,,,,,
22162,42.0,,,,,,,
22163,42.0,,,,,,,
22164,42.0,,,,,,,
22165,42.0,,,,,,,
22166,42.0,,,,,,,
22167,84.0,,,,,,,
22168,42.0,,,,,,,
22169,42.0,,,,,,,
22170,42.0,,,,,,,
22171,42.0,,,,,,,
22172,42.0,,,,,,,
22173,42.0,,,,,,,
22174,42.0,,,,,,,
22175,42.0,,,,,,,
22176,42.0,,,,,,,
22177,42.0,,,,,,,
22178,42.0,,,,,,,
22179,42.0,,,,,,,
22180,48.0,,,,,,,
22181,42.0,,,,,,,
22182,42.0,,,,,,,
22183,42.0,,,,,,,
22184,42.0,,,,,,,
22185,42.0,,,,,,,
22186,42.0,,,,,,,
22187,42.0,,,,,,,
22188,42.0,,,,,,,
22189,42.0,,,,,,,
22190,42.0,,,,,,,
22191,42.0,,,,,,,
22192,42.0,,,,,,,
22193,84.0,,,,,,,
22194,42.0,,,,,,,
22195,42.0,,,,,,,
22196,42.0,,,,,,,
22197,42.0,,,,,,,
22198,42.0,,,,,,,
22199,42.0,,,,,,,
22200,42.0,,,,,,,
22201,84.0,,,,,,,
22202,42.0,,,,,,,
22203,42.0,,,,,,,
22204,84.0,,,,,,,
22205,42.0,,,,,,,
22206,42.0,,,,,,,
22207,84.0,,,,,,,
22208,42.0,,,,,,,
22209,42.0,,,,,,,
22210,42.0,,,,,,,
22211,84.0,,,,,,,
22212,42.0,,,,,,,
22213,42.0,,,,,,,
22214,42.0,,,,,,,
22215,42.0,,,,,,,
22216,84.0,,,,,,,
22217,84.0,,,,,,,
22218,42.0,,,,,,,
22219,48.0,,,,,,,
22220,42.0,,,,,,,
22221,42.0,,,,,,,
22222,42.0,,,,,,,
22223,42.0,,,,,,,
22224,84.0,,,,,,,
22225,42.0,,,,,,,
22226,42.0,,,,,,,
22227,42.0,,,,,,,
22228,42.0,,,,,,,
22229,42.0,,,,,,,
22230,42.0,,,,,,,
22231,42.0,,,,,,,
22232,84.0,,,,,,,
22233,84.0,,,,,,,
22234,42.0,,,,,,,
22235,42.0,,,,,,,
22236,42.0,,,,,,,
22237,42.0,,,,,,,
22238,84.0,,,,,,,
22239,42.0,,,,,,,
22240,42.0,,,,,,,
22241,42.0,,,,,,,
22242,42.0,,,,,,,
22243,42.0,,,,,,,
22244,42.0,,,,,,,
22245,42.0,,,,,,,
22246,42.0,,,,,,,
22247,42.0,,,,,,,
22248,42.0,,,,,,,
22249,42.0,,,,,,,
22250,42.0,,,,,,,
22251,126.0,,,,,,,
22252,42.0,,,,,,,
22253,48.0,,,,,,,
22254,42.0,,,,,,,
22255,42.0,,,,,,,
22256,42.0,,,,,,,
22257,42.0,,,,,,,
22258,42.0,,,,,,,
22259,42.0,,,,,,,
22260,42.0,,,,,,,
22261,42.0,,,,,,,
22262,42.0,,,,,,,
22263,42.0,,,,,,,
22264,42.0,,,,,,,
22265,42.0,,,,,,,
22266,42.0,,,,,,,
22267,42.0,,,,,,,
22268,48.0,,,,,,,
22269,42.0,,,,,,,
22270,42.0,,,,,,,
22271,42.0,,,,,,,
22272,84.0,,,,,,,
22273,42.0,,,,,,,
22274,42.0,,,,,,,
22275,42.0,,,,,,,
22276,42.0,,,,,,,
22277,42.0,,,,,,,
22278,42.0,,,,,,,
22279,42.0,,,,,,,
22280,42.0,,,,,,,
22281,42.0,,,,,,,
22282,42.0,,,,,,,
22283,42.0,,,,,,,
22284,42.0,,,,,,,
22285,42.0,,,,,,,
22286,42.0,,,,,,,
22287,42.0,,,,,,,
22288,42.0,,,,,,,
22289,42.0,,,,,,,
22290,42.0,,,,,,,
22291,42.0,,,,,,,
22292,42.0,,,,,,,
22293,42.0,,,,,,,
22294,42.0,,,,,,,
22295,42.0,,,,,,,
22296,42.0,,,,,,,
22297,42.0,,,,,,,
22298,42.0,,,,,,,
22299,42.0,,,,,,,
22300,42.0,,,,,,,
22301,42.0,,,,,,,
22302,42.0,,,,,,,
22303,42.0,,,,,,,
22304,42.0,,,,,,,
22305,42.0,,,,,,,
22306,42.0,,,,,,,
22307,42.0,,,,,,,
22308,42.0,,,,,,,
22309,42.0,,,,,,,
22310,14.0,,,,,,,
22311,42.0,,,,,,,
22312,42.0,,,,,,,
22313,42.0,,,,,,,
22314,42.0,,,,,,,
22315,42.0,,,,,,,
22316,48.0,,,,,,,
22317,42.0,,,,,,,
22318,42.0,,,,,,,
22319,42.0,,,,,,,
22320,42.0,,,,,,,
22321,42.0,,,,,,,
22322,28.0,,,,,,,
22323,14.0,,,,,,,
22324,28.0,,,,,,,
22325,42.0,,,,,,,
22326,42.0,,,,,,,
22327,42.0,,,,,,,
22328,42.0,,,,,,,
22329,42.0,,,,,,,
22330,42.0,,,,,,,
22331,42.0,,,,,,,
22332,42.0,,,,,,,
22333,42.0,,,,,,,
22334,84.0,,,,,,,
22335,42.0,,,,,,,
22336,42.0,,,,,,,
22337,84.0,,,,,,,
22338,42.0,,,,,,,
22339,42.0,,,,,,,
22340,42.0,,,,,,,
22341,42.0,,,,,,,
22342,42.0,,,,,,,
22343,42.0,,,,,,,
22344,42.0,,,,,,,
22345,42.0,,,,,,,
22346,42.0,,,,,,,
22347,42.0,,,,,,,
22348,42.0,,,,,,,
22349,42.0,,,,,,,
22350,84.0,,,,,,,
22351,84.0,,,,,,,
22352,42.0,,,,,,,
22353,42.0,,,,,,,
22354,42.0,,,,,,,
22355,84.0,,,,,,,
22356,42.0,,,,,,,
22357,84.0,,,,,,,
22358,42.0,,,,,,,
22359,42.0,,,,,,,
22360,42.0,,,,,,,
22361,42.0,,,,,,,
22362,42.0,,,,,,,
22363,42.0,,,,,,,
22364,42.0,,,,,,,
22365,42.0,,,,,,,
22366,42.0,,,,,,,
22367,84.0,,,,,,,
22368,42.0,,,,,,,
22369,42.0,,,,,,,
22370,84.0,,,,,,,
22371,42.0,,,,,,,
22372,42.0,,,,,,,
22373,42.0,,,,,,,
22374,48.0,,,,,,,
22375,126.0,,,,,,,
22376,42.0,,,,,,,
22377,42.0,,,,,,,
22378,42.0,,,,,,,
22379,42.0,,,,,,,
22380,42.0,,,,,,,
22381,42.0,,,,,,,
22382,42.0,,,,,,,
22383,42.0,,,,,,,
22384,84.0,,,,,,,
22385,126.0,,,,,,,
22386,42.0,,,,,,,
22387,84.0,,,,,,,
22388,42.0,,,,,,,
22389,42.0,,,,,,,
22390,42.0,,,,,,,
22391,42.0,,,,,,,
22392,42.0,,,,,,,
22393,42.0,,,,,,,
22394,84.0,,,,,,,
22395,84.0,,,,,,,
22396,84.0,,,,,,,
22397,42.0,,,,,,,
22398,42.0,,,,,,,
22399,42.0,,,,,,,
22400,42.0,,,,,,,
22401,42.0,,,,,,,
22402,42.0,,,,,,,
22403,42.0,,,,,,,
22404,42.0,,,,,,,
22405,42.0,,,,,,,
22406,84.0,,,,,,,
22407,84.0,,,,,,,
22408,126.0,,,,,,,
22409,42.0,,,,,,,
22410,42.0,,,,,,,
22411,87.0,,,,,,,
22412,42.0,,,,,,,
22413,42.0,,,,,,,
22414,42.0,,,,,,,
22415,42.0,,,,,,,
22416,42.0,,,,,,,
22417,42.0,,,,,,,
22418,48.0,,,,,,,
22419,48.0,,,,,,,
22420,42.0,,,,,,,
22421,84.0,,,,,,,
22422,126.0,,,,,,,
22423,42.0,,,,,,,
22424,42.0,,,,,,,
22425,42.0,,,,,,,
22426,42.0,,,,,,,
22427,48.0,,,,,,,
22428,42.0,,,,,,,
22429,42.0,,,,,,,
22430,42.0,,,,,,,
22431,42.0,,,,,,,
22432,42.0,,,,,,,
22433,126.0,,,,,,,
22434,84.0,,,,,,,
22435,42.0,,,,,,,
22436,42.0,,,,,,,
22437,42.0,,,,,,,
22438,42.0,,,,,,,
22439,42.0,,,,,,,
22440,42.0,,,,,,,
22441,84.0,,,,,,,
22442,42.0,,,,,,,
22443,42.0,,,,,,,
22444,42.0,,,,,,,
22445,42.0,,,,,,,
22446,42.0,,,,,,,
22447,42.0,,,,,,,
22448,42.0,,,,,,,
22449,42.0,,,,,,,
22450,42.0,,,,,,,
22451,42.0,,,,,,,
22452,42.0,,,,,,,
22453,42.0,,,,,,,
22454,42.0,,,,,,,
22455,28.0,,,,,,,
22456,42.0,,,,,,,
22457,42.0,,,,,,,
22458,42.0,,,,,,,
22459,42.0,,,,,,,
22460,42.0,,,,,,,
22461,42.0,,,,,,,
22462,84.0,,,,,,,
22463,48.0,,,,,,,
22464,42.0,,,,,,,
22465,42.0,,,,,,,
22466,42.0,,,,,,,
22467,42.0,,,,,,,
22468,42.0,,,,,,,
22469,42.0,,,,,,,
22470,42.0,,,,,,,
22471,42.0,,,,,,,
22472,42.0,,,,,,,
22473,42.0,,,,,,,
22474,48.0,,,,,,,
22475,42.0,,,,,,,
22476,42.0,,,,,,,
22477,126.0,,,,,,,
22478,42.0,,,,,,,
22479,42.0,,,,,,,
22480,42.0,,,,,,,
22481,42.0,,,,,,,
22482,42.0,,,,,,,
22483,42.0,,,,,,,
22484,42.0,,,,,,,
22485,42.0,,,,,,,
22486,42.0,,,,,,,
22487,42.0,,,,,,,
22488,42.0,,,,,,,
22489,42.0,,,,,,,
22490,28.0,,,,,,,
22491,42.0,,,,,,,
22492,42.0,,,,,,,
22493,42.0,,,,,,,
22494,42.0,,,,,,,
22495,42.0,,,,,,,
22496,42.0,,,,,,,
22497,42.0,,,,,,,
22498,42.0,,,,,,,
22499,42.0,,,,,,,
22500,42.0,,,,,,,
22501,42.0,,,,,,,
22502,42.0,,,,,,,
22503,42.0,,,,,,,
22504,42.0,,,,,,,
22505,42.0,,,,,,,
22506,42.0,,,,,,,
22507,42.0,,,,,,,
22508,42.0,,,,,,,
22509,42.0,,,,,,,
22510,42.0,,,,,,,
22511,42.0,,,,,,,
22512,42.0,,,,,,,
22513,42.0,,,,,,,
22514,42.0,,,,,,,
22515,42.0,,,,,,,
22516,42.0,,,,,,,
22517,42.0,,,,,,,
22518,42.0,,,,,,,
22519,42.0,,,,,,,
22520,42.0,,,,,,,
22521,42.0,,,,,,,
22522,42.0,,,,,,,
22523,42.0,,,,,,,
22524,42.0,,,,,,,
22525,42.0,,,,,,,
22526,42.0,,,,,,,
22527,42.0,,,,,,,
22528,42.0,,,,,,,
22529,42.0,,,,,,,
22530,42.0,,,,,,,
22531,42.0,,,,,,,
22532,42.0,,,,,,,
22533,42.0,,,,,,,
22534,42.0,,,,,,,
22535,42.0,,,,,,,
22536,42.0,,,,,,,
22537,42.0,,,,,,,
22538,42.0,,,,,,,
22539,42.0,,,,,,,
22540,42.0,,,,,,,
22541,14.0,,,,,,,
22542,42.0,,,,,,,
22543,42.0,,,,,,,
22544,42.0,,,,,,,
22545,42.0,,,,,,,
22546,42.0,,,,,,,
22547,42.0,,,,,,,
22548,42.0,,,,,,,
22549,42.0,,,,,,,
22550,42.0,,,,,,,
22551,42.0,,,,,,,
22552,14.0,,,,,,,
22553,42.0,,,,,,,
22554,42.0,,,,,,,
22555,42.0,,,,,,,
22556,42.0,,,,,,,
22557,42.0,,,,,,,
22558,42.0,,,,,,,
22559,42.0,,,,,,,
22560,42.0,,,,,,,
22561,126.0,,,,,,,
22562,42.0,,,,,,,
22563,42.0,,,,,,,
22564,42.0,,,,,,,
22565,42.0,,,,,,,
22566,42.0,,,,,,,
22567,42.0,,,,,,,
22568,84.0,,,,,,,
22569,42.0,,,,,,,
22570,42.0,,,,,,,
22571,126.0,,,,,,,
22572,42.0,,,,,,,
22573,42.0,,,,,,,
22574,126.0,,,,,,,
22575,42.0,,,,,,,
22576,42.0,,,,,,,
22577,42.0,,,,,,,
22578,42.0,,,,,,,
22579,42.0,,,,,,,
22580,42.0,,,,,,,
22581,42.0,,,,,,,
22582,42.0,,,,,,,
22583,48.0,,,,,,,
22584,42.0,,,,,,,
22585,42.0,,,,,,,
22586,84.0,,,,,,,
22587,42.0,,,,,,,
22588,84.0,,,,,,,
22589,42.0,,,,,,,
22590,42.0,,,,,,,
22591,42.0,,,,,,,
22592,42.0,,,,,,,
22593,48.0,,,,,,,
22594,42.0,,,,,,,
22595,42.0,,,,,,,
22596,42.0,,,,,,,
22597,42.0,,,,,,,
22598,42.0,,,,,,,
22599,42.0,,,,,,,
22600,42.0,,,,,,,
22601,42.0,,,,,,,
22602,84.0,,,,,,,
22603,84.0,,,,,,,
22604,42.0,,,,,,,
22605,84.0,,,,,,,
22606,42.0,,,,,,,
22607,42.0,,,,,,,
22608,84.0,,,,,,,
22609,42.0,,,,,,,
22610,84.0,,,,,,,
22611,42.0,,,,,,,
22612,42.0,,,,,,,
22613,42.0,,,,,,,
22614,126.0,,,,,,,
22615,42.0,,,,,,,
22616,28.0,,,,,,,
22617,42.0,,,,,,,
22618,42.0,,,,,,,
22619,42.0,,,,,,,
22620,42.0,,,,,,,
22621,48.0,,,,,,,
22622,42.0,,,,,,,
22623,42.0,,,,,,,
22624,42.0,,,,,,,
22625,87.0,,,,,,,
22626,42.0,,,,,,,
22627,42.0,,,,,,,
22628,42.0,,,,,,,
22629,42.0,,,,,,,
22630,42.0,,,,,,,
22631,42.0,,,,,,,
22632,84.0,,,,,,,
22633,42.0,,,,,,,
22634,42.0,,,,,,,
22635,84.0,,,,,,,
22636,42.0,,,,,,,
22637,42.0,,,,,,,
22638,42.0,,,,,,,
22639,42.0,,,,,,,
22640,126.0,,,,,,,
22641,42.0,,,,,,,
22642,42.0,,,,,,,
22643,42.0,,,,,,,
22644,42.0,,,,,,,
22645,42.0,,,,,,,
22646,42.0,,,,,,,
22647,42.0,,,,,,,
22648,84.0,,,,,,,
22649,42.0,,,,,,,
22650,42.0,,,,,,,
22651,84.0,,,,,,,
22652,42.0,,,,,,,
22653,42.0,,,,,,,
22654,42.0,,,,,,,
22655,42.0,,,,,,,
22656,42.0,,,,,,,
22657,42.0,,,,,,,
22658,42.0,,,,,,,
22659,42.0,,,,,,,
22660,42.0,,,,,,,
22661,84.0,,,,,,,
22662,42.0,,,,,,,
22663,42.0,,,,,,,
22664,42.0,,,,,,,
22665,42.0,,,,,,,
22666,42.0,,,,,,,
22667,42.0,,,,,,,
22668,42.0,,,,,,,
22669,42.0,,,,,,,
22670,42.0,,,,,,,
22671,42.0,,,,,,,
22672,84.0,,,,,,,
22673,42.0,,,,,,,
22674,42.0,,,,,,,
22675,42.0,,,,,,,
22676,84.0,,,,,,,
22677,42.0,,,,,,,
22678,84.0,,,,,,,
22679,42.0,,,,,,,
22680,42.0,,,,,,,
22681,42.0,,,,,,,
22682,42.0,,,,,,,
22683,42.0,,,,,,,
22684,42.0,,,,,,,
22685,42.0,,,,,,,
22686,42.0,,,,,,,
22687,42.0,,,,,,,
22688,42.0,,,,,,,
22689,42.0,,,,,,,
22690,42.0,,,,,,,
22691,84.0,,,,,,,
22692,42.0,,,,,,,
22693,42.0,,,,,,,
22694,42.0,,,,,,,
22695,42.0,,,,,,,
22696,42.0,,,,,,,
22697,42.0,,,,,,,
22698,42.0,,,,,,,
22699,42.0,,,,,,,
22700,42.0,,,,,,,
22701,42.0,,,,,,,
22702,42.0,,,,,,,
22703,42.0,,,,,,,
22704,84.0,,,,,,,
22705,42.0,,,,,,,
22706,42.0,,,,,,,
22707,42.0,,,,,,,
22708,42.0,,,,,,,
22709,42.0,,,,,,,
22710,42.0,,,,,,,
22711,48.0,,,,,,,
22712,42.0,,,,,,,
22713,42.0,,,,,,,
22714,42.0,,,,,,,
22715,42.0,,,,,,,
22716,42.0,,,,,,,
22717,42.0,,,,,,,
22718,42.0,,,,,,,
22719,42.0,,,,,,,
22720,42.0,,,,,,,
22721,42.0,,,,,,,
22722,42.0,,,,,,,
22723,42.0,,,,,,,
22724,42.0,,,,,,,
22725,42.0,,,,,,,
22726,42.0,,,,,,,
22727,42.0,,,,,,,
22728,84.0,,,,,,,
22729,42.0,,,,,,,
22730,42.0,,,,,,,
22731,42.0,,,,,,,
22732,42.0,,,,,,,
22733,42.0,,,,,,,
22734,48.0,,,,,,,
22735,42.0,,,,,,,
22736,42.0,,,,,,,
22737,42.0,,,,,,,
22738,42.0,,,,,,,
22739,42.0,,,,,,,
22740,42.0,,,,,,,
22741,42.0,,,,,,,
22742,42.0,,,,,,,
22743,42.0,,,,,,,
22744,42.0,,,,,,,
22745,42.0,,,,,,,
22746,42.0,,,,,,,
22747,42.0,,,,,,,
22748,42.0,,,,,,,
22749,42.0,,,,,,,
22750,42.0,,,,,,,
22751,42.0,,,,,,,
22752,42.0,,,,,,,
22753,42.0,,,,,,,
22754,42.0,,,,,,,
22755,42.0,,,,,,,
22756,42.0,,,,,,,
22757,42.0,,,,,,,
22758,42.0,,,,,,,
22759,42.0,,,,,,,
22760,42.0,,,,,,,
22761,42.0,,,,,,,
22762,42.0,,,,,,,
22763,42.0,,,,,,,
22764,42.0,,,,,,,
22765,126.0,,,,,,,
22766,42.0,,,,,,,
22767,42.0,,,,,,,
22768,42.0,,,,,,,
22769,42.0,,,,,,,
22770,14.0,,,,,,,
22771,48.0,,,,,,,
22772,42.0,,,,,,,
22773,42.0,,,,,,,
22774,42.0,,,,,,,
22775,42.0,,,,,,,
22776,42.0,,,,,,,
22777,42.0,,,,,,,
22778,42.0,,,,,,,
22779,14.0,,,,,,,
22780,28.0,,,,,,,
22781,42.0,,,,,,,
22782,42.0,,,,,,,
22783,42.0,,,,,,,
22784,42.0,,,,,,,
22785,42.0,,,,,,,
22786,42.0,,,,,,,
22787,42.0,,,,,,,
22788,42.0,,,,,,,
