,odc_locations,capacities
0,"(-3.03914, -59.93611)",588
1,"(-3.102419, -60.061689)",672
2,"(-3.08778, -60.01694)",936
3,"(-3.10917, -60.0125)",714
4,"(-3.117444, -60.011722)",420
5,"(-3.13056, -60.02111)",630
