,odc_locations,fiberlength
0,"(-3.10361, -59.95667)",37.27308065344843
1,"(-2.97417, -59.99028)",0.0
2,"(-3.0875, -60.04028)",63.293915358995015
3,"(-3.10611, -60.0175)",23.85028352628711
4,"(-3.03469, -59.9938)",164.40798761907726
5,"(-3.09639, -60.00111)",77.39744074030777
6,"(-3.10306, -60.05083)",79.65620748634485
7,"(-3.126208, -60.015944)",71.30311297324103
