,odc_locations,capacities
0,"(-5.78611, -35.20722)",971
1,"(-5.86139, -35.19278)",966
2,"(-5.762419, -35.274222)",378
