,odc_locations,fiberlength
0,"(-5.78611, -35.20722)",167.51895339400772
1,"(-5.86139, -35.19278)",195.68928267587515
2,"(-5.762419, -35.274222)",92.15425817204125
