,odc_locations,capacities
0,"(-3.13361, -60.02083)",672
1,"(-3.10361, -59.95667)",84
2,"(-3.0875, -60.04028)",894
3,"(-3.04194, -59.92889)",504
4,"(-3.08583, -60.01)",966
5,"(-3.11361, -60.01583)",840
