,"case_1: wcpu 0, wodc 0.1, wd 0.9, odcs 0","case_1: wcpu 0, wodc 0.2, wd 0.8, odcs 0","case_1: wcpu 0, wodc 0.3, wd 0.7, odcs 0","case_1: wcpu 0, wodc 0.4, wd 0.6, odcs 0","case_1: wcpu 0, wodc 0.5, wd 0.5, odcs 0","case_1: wcpu 0, wodc 0.6, wd 0.4, odcs 0","case_1: wcpu 0, wodc 0.7, wd 0.3, odcs 0","case_1: wcpu 0, wodc 0.8, wd 0.2, odcs 0","case_1: wcpu 0, wodc 0.9, wd 0.1, odcs 0"
0,42.0,168.0,252.0,378.0,420.0,420.0,378.0,378.0,378.0
1,84.0,154.0,364.0,700.0,532.0,532.0,784.0,994.0,784.0
2,84.0,210.0,84.0,294.0,784.0,784.0,994.0,784.0,994.0
3,126.0,84.0,294.0,378.0,378.0,378.0,930.0,930.0,930.0
4,42.0,196.0,336.0,846.0,972.0,972.0,532.0,532.0,378.0
5,84.0,84.0,378.0,490.0,532.0,532.0,420.0,420.0,742.0
6,84.0,84.0,210.0,532.0,420.0,420.0,378.0,784.0,378.0
7,42.0,84.0,678.0,420.0,378.0,378.0,294.0,378.0,804.0
8,126.0,252.0,490.0,378.0,972.0,972.0,972.0,972.0,784.0
9,42.0,210.0,84.0,294.0,784.0,784.0,490.0,378.0,420.0
10,42.0,126.0,364.0,490.0,378.0,378.0,378.0,952.0,532.0
11,126.0,252.0,252.0,972.0,378.0,378.0,952.0,868.0,378.0
12,42.0,294.0,210.0,378.0,700.0,700.0,868.0,888.0,972.0
13,42.0,636.0,378.0,378.0,784.0,784.0,888.0,378.0,784.0
14,126.0,252.0,294.0,700.0,846.0,846.0,378.0,742.0,378.0
15,42.0,84.0,336.0,490.0,336.0,420.0,742.0,378.0,742.0
16,42.0,154.0,490.0,294.0,210.0,532.0,378.0,804.0,378.0
17,42.0,168.0,678.0,846.0,846.0,378.0,804.0,784.0,804.0
18,42.0,84.0,84.0,378.0,910.0,972.0,784.0,378.0,784.0
19,42.0,210.0,252.0,742.0,784.0,784.0,378.0,784.0,784.0
20,70.0,252.0,364.0,378.0,378.0,378.0,378.0,378.0,378.0
21,42.0,196.0,378.0,294.0,784.0,784.0,784.0,700.0,742.0
22,28.0,210.0,490.0,804.0,378.0,378.0,742.0,846.0,804.0
23,126.0,252.0,678.0,490.0,700.0,700.0,804.0,784.0,378.0
24,42.0,168.0,210.0,378.0,846.0,846.0,294.0,972.0,784.0
25,42.0,84.0,336.0,378.0,804.0,336.0,378.0,532.0,972.0
26,42.0,636.0,294.0,490.0,294.0,532.0,490.0,420.0,532.0
27,42.0,84.0,252.0,700.0,378.0,972.0,378.0,378.0,420.0
28,42.0,126.0,84.0,294.0,490.0,420.0,700.0,378.0,378.0
29,84.0,252.0,336.0,846.0,742.0,448.0,846.0,952.0,378.0
30,42.0,126.0,364.0,972.0,378.0,378.0,378.0,888.0,952.0
31,42.0,84.0,210.0,294.0,378.0,378.0,952.0,868.0,868.0
32,42.0,168.0,378.0,532.0,952.0,952.0,888.0,784.0,888.0
33,42.0,154.0,294.0,420.0,888.0,888.0,294.0,742.0,378.0
34,42.0,168.0,678.0,490.0,868.0,868.0,574.0,378.0,952.0
35,42.0,84.0,490.0,378.0,378.0,784.0,294.0,378.0,972.0
36,42.0,84.0,378.0,378.0,952.0,742.0,742.0,804.0,784.0
37,42.0,252.0,252.0,742.0,972.0,378.0,490.0,378.0,378.0
38,84.0,126.0,84.0,294.0,784.0,378.0,378.0,930.0,742.0
39,132.0,252.0,364.0,378.0,378.0,804.0,378.0,994.0,294.0
40,126.0,210.0,490.0,804.0,742.0,378.0,804.0,784.0,888.0
41,168.0,252.0,336.0,490.0,294.0,930.0,378.0,336.0,784.0
42,84.0,210.0,294.0,294.0,888.0,994.0,930.0,406.0,420.0
43,84.0,636.0,678.0,742.0,784.0,784.0,994.0,378.0,532.0
44,84.0,84.0,210.0,490.0,420.0,336.0,784.0,784.0,378.0
45,84.0,196.0,196.0,378.0,532.0,406.0,420.0,210.0,784.0
46,84.0,126.0,678.0,378.0,378.0,378.0,532.0,972.0,972.0
47,70.0,168.0,210.0,804.0,784.0,784.0,378.0,378.0,378.0
48,84.0,84.0,294.0,378.0,972.0,210.0,784.0,294.0,294.0
49,126.0,168.0,84.0,294.0,378.0,972.0,972.0,784.0,742.0
50,42.0,252.0,364.0,742.0,378.0,420.0,420.0,888.0,888.0
51,42.0,154.0,336.0,490.0,742.0,784.0,532.0,742.0,784.0
52,84.0,84.0,252.0,378.0,804.0,532.0,972.0,420.0,420.0
53,42.0,210.0,294.0,804.0,784.0,972.0,378.0,532.0,532.0
54,126.0,84.0,378.0,420.0,420.0,378.0,784.0,378.0,378.0
55,42.0,252.0,336.0,532.0,532.0,378.0,420.0,972.0,972.0
56,42.0,126.0,252.0,378.0,378.0,742.0,532.0,784.0,784.0
57,42.0,636.0,210.0,294.0,972.0,784.0,378.0,532.0,784.0
58,84.0,378.0,364.0,972.0,784.0,378.0,972.0,420.0,532.0
59,42.0,210.0,84.0,490.0,784.0,804.0,784.0,378.0,420.0
60,42.0,84.0,294.0,378.0,532.0,532.0,784.0,972.0,378.0
61,126.0,196.0,294.0,294.0,420.0,420.0,532.0,784.0,972.0
62,42.0,378.0,762.0,490.0,378.0,378.0,420.0,784.0,378.0
63,42.0,196.0,490.0,888.0,972.0,972.0,378.0,406.0,930.0
64,126.0,168.0,84.0,742.0,784.0,784.0,972.0,924.0,994.0
65,126.0,84.0,364.0,294.0,378.0,784.0,784.0,210.0,784.0
66,42.0,84.0,294.0,420.0,930.0,252.0,378.0,762.0,252.0
67,42.0,84.0,490.0,532.0,994.0,378.0,930.0,378.0,784.0
68,42.0,154.0,336.0,378.0,784.0,784.0,994.0,994.0,378.0
69,42.0,252.0,378.0,294.0,252.0,888.0,868.0,868.0,888.0
70,28.0,252.0,210.0,972.0,742.0,784.0,336.0,846.0,784.0
71,126.0,210.0,252.0,490.0,378.0,378.0,994.0,378.0,784.0
72,42.0,636.0,678.0,378.0,930.0,972.0,888.0,930.0,378.0
73,84.0,84.0,252.0,378.0,784.0,952.0,784.0,994.0,930.0
74,42.0,210.0,364.0,742.0,378.0,378.0,378.0,294.0,994.0
75,42.0,294.0,294.0,294.0,930.0,784.0,930.0,490.0,532.0
76,42.0,196.0,84.0,804.0,994.0,378.0,994.0,378.0,420.0
77,42.0,84.0,490.0,490.0,532.0,742.0,532.0,742.0,378.0
78,168.0,636.0,336.0,532.0,420.0,804.0,420.0,294.0,784.0
79,42.0,210.0,210.0,294.0,378.0,532.0,378.0,888.0,972.0
80,42.0,294.0,378.0,420.0,784.0,420.0,784.0,784.0,378.0
81,42.0,210.0,678.0,378.0,972.0,378.0,972.0,378.0,742.0
82,42.0,84.0,252.0,972.0,378.0,784.0,532.0,742.0,378.0
83,42.0,84.0,378.0,490.0,742.0,972.0,378.0,378.0,784.0
84,42.0,154.0,364.0,532.0,378.0,532.0,420.0,784.0,804.0
85,42.0,252.0,84.0,420.0,784.0,378.0,784.0,804.0,378.0
86,216.0,168.0,336.0,490.0,804.0,420.0,972.0,420.0,930.0
87,84.0,84.0,210.0,972.0,420.0,784.0,420.0,532.0,994.0
88,84.0,252.0,294.0,378.0,532.0,972.0,532.0,378.0,784.0
89,84.0,252.0,678.0,294.0,378.0,378.0,336.0,972.0,420.0
90,84.0,126.0,490.0,378.0,972.0,378.0,448.0,784.0,972.0
91,126.0,252.0,252.0,490.0,784.0,700.0,378.0,378.0,532.0
92,84.0,168.0,84.0,378.0,420.0,846.0,972.0,742.0,784.0
93,84.0,210.0,210.0,742.0,532.0,784.0,420.0,378.0,378.0
94,42.0,154.0,364.0,294.0,294.0,378.0,532.0,804.0,784.0
95,126.0,84.0,336.0,804.0,378.0,742.0,378.0,784.0,378.0
96,42.0,84.0,490.0,378.0,972.0,378.0,972.0,252.0,742.0
97,42.0,84.0,678.0,700.0,490.0,804.0,784.0,700.0,378.0
98,84.0,252.0,378.0,490.0,252.0,784.0,210.0,378.0,804.0
99,42.0,168.0,294.0,378.0,784.0,252.0,784.0,972.0,378.0
100,42.0,210.0,210.0,294.0,784.0,784.0,336.0,784.0,532.0
101,126.0,252.0,252.0,846.0,378.0,784.0,406.0,378.0,420.0
102,42.0,84.0,84.0,294.0,888.0,378.0,378.0,532.0,784.0
103,70.0,636.0,364.0,378.0,378.0,888.0,972.0,420.0,972.0
104,42.0,126.0,490.0,742.0,532.0,252.0,378.0,784.0,700.0
105,42.0,196.0,336.0,490.0,420.0,714.0,532.0,972.0,378.0
106,42.0,126.0,378.0,378.0,784.0,490.0,420.0,972.0,378.0
107,42.0,196.0,294.0,804.0,972.0,784.0,784.0,532.0,784.0
108,42.0,84.0,678.0,420.0,210.0,846.0,972.0,420.0,846.0
109,42.0,154.0,84.0,532.0,406.0,742.0,742.0,378.0,532.0
110,84.0,210.0,336.0,490.0,924.0,252.0,378.0,784.0,420.0
111,216.0,168.0,364.0,378.0,762.0,378.0,252.0,784.0,378.0
112,28.0,252.0,252.0,294.0,784.0,784.0,784.0,532.0,972.0
113,42.0,84.0,210.0,972.0,784.0,930.0,930.0,420.0,784.0
114,42.0,84.0,378.0,420.0,532.0,294.0,784.0,378.0,84.0
115,42.0,84.0,294.0,532.0,420.0,756.0,532.0,972.0,952.0
116,42.0,252.0,678.0,378.0,378.0,574.0,420.0,742.0,294.0
117,84.0,126.0,490.0,972.0,972.0,378.0,378.0,252.0,972.0
118,42.0,252.0,364.0,784.0,700.0,294.0,972.0,930.0,784.0
119,42.0,210.0,294.0,378.0,378.0,790.0,784.0,378.0,994.0
120,42.0,168.0,336.0,700.0,784.0,784.0,252.0,784.0,378.0
121,42.0,636.0,84.0,378.0,846.0,252.0,378.0,532.0,930.0
122,126.0,126.0,252.0,846.0,378.0,378.0,888.0,378.0,784.0
123,42.0,168.0,378.0,294.0,868.0,888.0,784.0,420.0,784.0
124,42.0,154.0,210.0,490.0,210.0,784.0,378.0,972.0,252.0
125,42.0,168.0,678.0,378.0,336.0,378.0,742.0,784.0,378.0
126,84.0,210.0,490.0,532.0,784.0,700.0,378.0,784.0,742.0
127,42.0,84.0,336.0,294.0,888.0,378.0,804.0,378.0,930.0
128,42.0,84.0,364.0,420.0,784.0,846.0,784.0,378.0,532.0
129,126.0,84.0,252.0,490.0,378.0,784.0,378.0,742.0,784.0
130,84.0,252.0,84.0,972.0,378.0,784.0,930.0,804.0,420.0
131,84.0,126.0,678.0,972.0,742.0,378.0,994.0,784.0,378.0
132,126.0,42.0,210.0,294.0,804.0,378.0,784.0,742.0,972.0
133,84.0,252.0,378.0,532.0,784.0,742.0,378.0,378.0,784.0
134,126.0,168.0,294.0,420.0,742.0,804.0,784.0,378.0,378.0
135,84.0,84.0,490.0,378.0,378.0,532.0,952.0,804.0,532.0
136,42.0,636.0,210.0,490.0,378.0,784.0,972.0,784.0,420.0
137,70.0,196.0,84.0,294.0,804.0,420.0,784.0,994.0,972.0
138,84.0,252.0,364.0,532.0,784.0,378.0,378.0,378.0,742.0
139,42.0,126.0,490.0,490.0,378.0,972.0,532.0,930.0,378.0
140,84.0,168.0,336.0,420.0,532.0,784.0,420.0,742.0,804.0
141,42.0,84.0,252.0,378.0,420.0,378.0,972.0,378.0,784.0
142,84.0,154.0,378.0,972.0,972.0,532.0,700.0,378.0,378.0
143,84.0,84.0,294.0,700.0,742.0,420.0,378.0,784.0,378.0
144,126.0,252.0,678.0,84.0,378.0,972.0,378.0,804.0,378.0
145,126.0,252.0,364.0,490.0,804.0,700.0,784.0,378.0,742.0
146,42.0,126.0,252.0,294.0,784.0,378.0,846.0,930.0,804.0
147,42.0,84.0,84.0,294.0,378.0,784.0,378.0,994.0,784.0
148,42.0,196.0,210.0,846.0,378.0,378.0,930.0,784.0,700.0
149,126.0,210.0,378.0,378.0,930.0,846.0,994.0,784.0,784.0
150,126.0,294.0,336.0,294.0,994.0,378.0,784.0,532.0,378.0
151,42.0,84.0,294.0,532.0,784.0,930.0,742.0,420.0,378.0
152,42.0,210.0,678.0,378.0,742.0,994.0,784.0,378.0,846.0
153,42.0,636.0,490.0,490.0,784.0,784.0,378.0,972.0,378.0
154,42.0,252.0,364.0,420.0,378.0,784.0,378.0,378.0,378.0
155,84.0,294.0,294.0,972.0,378.0,532.0,804.0,378.0,784.0
156,84.0,168.0,378.0,294.0,804.0,420.0,378.0,784.0,742.0
157,216.0,84.0,336.0,378.0,378.0,378.0,378.0,742.0,804.0
158,42.0,84.0,84.0,378.0,378.0,972.0,784.0,804.0,532.0
159,84.0,196.0,490.0,742.0,784.0,378.0,742.0,532.0,378.0
160,42.0,84.0,252.0,804.0,742.0,378.0,804.0,378.0,420.0
161,42.0,210.0,210.0,490.0,804.0,784.0,532.0,420.0,972.0
162,28.0,154.0,678.0,742.0,532.0,742.0,378.0,972.0,784.0
163,42.0,252.0,252.0,378.0,378.0,804.0,420.0,784.0,742.0
164,42.0,126.0,364.0,378.0,420.0,532.0,972.0,252.0,378.0
165,42.0,252.0,84.0,804.0,972.0,378.0,784.0,700.0,378.0
166,42.0,636.0,336.0,294.0,784.0,420.0,742.0,378.0,804.0
167,42.0,252.0,210.0,490.0,742.0,972.0,378.0,972.0,784.0
168,42.0,210.0,378.0,378.0,378.0,784.0,378.0,784.0,378.0
169,42.0,84.0,294.0,294.0,378.0,952.0,804.0,378.0,994.0
170,84.0,210.0,678.0,742.0,804.0,888.0,784.0,994.0,930.0
171,42.0,168.0,490.0,490.0,784.0,378.0,378.0,930.0,784.0
172,42.0,252.0,252.0,378.0,378.0,868.0,700.0,784.0,378.0
173,42.0,168.0,210.0,804.0,994.0,378.0,378.0,378.0,784.0
174,42.0,84.0,490.0,742.0,930.0,994.0,846.0,378.0,294.0
175,42.0,154.0,84.0,378.0,784.0,930.0,784.0,784.0,742.0
176,42.0,126.0,364.0,378.0,420.0,784.0,378.0,742.0,888.0
177,168.0,126.0,336.0,294.0,378.0,420.0,294.0,804.0,532.0
178,126.0,252.0,294.0,804.0,532.0,972.0,742.0,532.0,420.0
179,84.0,84.0,378.0,490.0,784.0,378.0,888.0,420.0,378.0
180,126.0,84.0,678.0,532.0,972.0,532.0,784.0,294.0,972.0
181,42.0,210.0,336.0,378.0,532.0,784.0,532.0,490.0,784.0
182,126.0,636.0,84.0,420.0,420.0,532.0,420.0,378.0,972.0
183,42.0,84.0,210.0,490.0,378.0,420.0,378.0,972.0,784.0
184,84.0,196.0,252.0,294.0,972.0,378.0,972.0,972.0,546.0
185,42.0,252.0,364.0,972.0,784.0,972.0,784.0,784.0,784.0
186,42.0,84.0,490.0,490.0,420.0,784.0,972.0,546.0,742.0
187,84.0,252.0,378.0,742.0,532.0,420.0,784.0,784.0,784.0
188,84.0,84.0,294.0,378.0,378.0,532.0,546.0,406.0,294.0
189,42.0,84.0,678.0,378.0,972.0,378.0,784.0,784.0,378.0
190,126.0,154.0,84.0,294.0,784.0,972.0,532.0,336.0,888.0
191,42.0,252.0,378.0,804.0,406.0,784.0,784.0,210.0,378.0
192,42.0,168.0,210.0,378.0,336.0,532.0,420.0,378.0,378.0
193,42.0,210.0,364.0,532.0,210.0,784.0,378.0,972.0,742.0
194,84.0,294.0,294.0,420.0,378.0,420.0,972.0,784.0,804.0
195,126.0,252.0,252.0,294.0,972.0,378.0,378.0,378.0,784.0
196,126.0,210.0,490.0,972.0,784.0,972.0,378.0,378.0,420.0
197,42.0,636.0,336.0,490.0,532.0,532.0,700.0,742.0,532.0
198,42.0,84.0,678.0,532.0,378.0,378.0,846.0,804.0,378.0
199,70.0,196.0,678.0,378.0,420.0,420.0,784.0,420.0,972.0
200,42.0,126.0,210.0,420.0,972.0,972.0,336.0,532.0,784.0
201,42.0,196.0,84.0,294.0,784.0,784.0,406.0,378.0,742.0
202,28.0,154.0,294.0,972.0,420.0,420.0,378.0,972.0,378.0
203,42.0,210.0,364.0,490.0,532.0,532.0,210.0,784.0,378.0
204,84.0,252.0,252.0,532.0,378.0,378.0,972.0,532.0,804.0
205,42.0,84.0,378.0,378.0,972.0,972.0,784.0,378.0,784.0
206,42.0,84.0,336.0,420.0,784.0,784.0,532.0,420.0,420.0
207,42.0,84.0,490.0,294.0,868.0,532.0,378.0,972.0,532.0
208,132.0,126.0,294.0,972.0,888.0,378.0,420.0,784.0,784.0
209,42.0,168.0,364.0,490.0,336.0,420.0,972.0,378.0,378.0
210,42.0,210.0,84.0,378.0,994.0,972.0,784.0,930.0,972.0
211,42.0,294.0,336.0,742.0,378.0,784.0,420.0,994.0,784.0
212,42.0,84.0,252.0,378.0,742.0,420.0,532.0,784.0,378.0
213,42.0,252.0,210.0,294.0,784.0,532.0,784.0,784.0,994.0
214,42.0,636.0,378.0,804.0,378.0,784.0,378.0,378.0,930.0
215,42.0,252.0,678.0,490.0,804.0,378.0,972.0,994.0,252.0
216,42.0,252.0,490.0,490.0,784.0,972.0,784.0,930.0,378.0
217,42.0,154.0,84.0,420.0,378.0,784.0,378.0,210.0,784.0
218,42.0,168.0,490.0,294.0,994.0,378.0,294.0,378.0,888.0
219,126.0,84.0,364.0,378.0,930.0,378.0,742.0,924.0,784.0
220,126.0,84.0,294.0,532.0,252.0,742.0,888.0,706.0,336.0
221,168.0,84.0,252.0,972.0,378.0,804.0,378.0,868.0,210.0
222,84.0,252.0,210.0,532.0,742.0,252.0,378.0,336.0,406.0
223,84.0,636.0,336.0,420.0,930.0,784.0,742.0,532.0,490.0
224,84.0,210.0,378.0,294.0,784.0,294.0,784.0,84.0,294.0
225,84.0,294.0,678.0,490.0,378.0,784.0,804.0,378.0,378.0
226,84.0,84.0,294.0,378.0,336.0,972.0,420.0,448.0,972.0
227,42.0,378.0,210.0,972.0,378.0,420.0,532.0,336.0,420.0
228,126.0,210.0,364.0,420.0,448.0,532.0,378.0,972.0,532.0
229,42.0,196.0,84.0,532.0,742.0,378.0,972.0,378.0,378.0
230,42.0,84.0,336.0,294.0,804.0,972.0,784.0,742.0,972.0
231,84.0,84.0,252.0,378.0,378.0,784.0,420.0,378.0,784.0
232,216.0,196.0,378.0,972.0,742.0,420.0,532.0,804.0,784.0
233,42.0,210.0,678.0,490.0,294.0,532.0,378.0,784.0,378.0
234,42.0,84.0,490.0,294.0,888.0,378.0,972.0,784.0,930.0
235,42.0,154.0,84.0,406.0,784.0,972.0,784.0,378.0,994.0
236,84.0,252.0,364.0,336.0,784.0,784.0,532.0,378.0,378.0
237,42.0,168.0,336.0,210.0,378.0,784.0,784.0,742.0,804.0
238,42.0,252.0,294.0,378.0,930.0,378.0,420.0,804.0,378.0
239,126.0,294.0,210.0,972.0,994.0,378.0,378.0,378.0,742.0
240,84.0,84.0,252.0,490.0,532.0,742.0,972.0,378.0,784.0
241,42.0,252.0,378.0,84.0,420.0,804.0,532.0,700.0,420.0
242,42.0,210.0,678.0,378.0,972.0,378.0,490.0,846.0,532.0
243,42.0,636.0,490.0,294.0,378.0,804.0,294.0,784.0,378.0
244,42.0,126.0,490.0,294.0,784.0,378.0,420.0,378.0,972.0
245,70.0,154.0,364.0,742.0,252.0,742.0,972.0,294.0,784.0
246,28.0,294.0,84.0,804.0,378.0,784.0,378.0,378.0,420.0
247,42.0,168.0,252.0,490.0,742.0,252.0,420.0,700.0,532.0
248,126.0,84.0,210.0,420.0,930.0,378.0,532.0,846.0,972.0
249,42.0,84.0,336.0,532.0,784.0,784.0,378.0,490.0,378.0
250,42.0,210.0,678.0,378.0,868.0,888.0,972.0,420.0,294.0
251,84.0,252.0,378.0,294.0,756.0,784.0,784.0,532.0,490.0
252,42.0,126.0,294.0,972.0,378.0,420.0,784.0,972.0,700.0
253,42.0,84.0,210.0,490.0,378.0,532.0,420.0,490.0,378.0
254,42.0,252.0,378.0,742.0,706.0,490.0,532.0,378.0,378.0
255,84.0,210.0,84.0,378.0,532.0,378.0,378.0,294.0,846.0
256,42.0,636.0,364.0,378.0,420.0,294.0,972.0,532.0,784.0
257,42.0,84.0,294.0,294.0,378.0,972.0,532.0,420.0,378.0
258,84.0,196.0,490.0,804.0,784.0,336.0,420.0,378.0,532.0
259,42.0,252.0,252.0,490.0,972.0,888.0,378.0,784.0,420.0
260,42.0,154.0,336.0,490.0,378.0,994.0,784.0,972.0,972.0
261,42.0,210.0,678.0,420.0,742.0,868.0,972.0,378.0,784.0
262,42.0,252.0,84.0,532.0,378.0,532.0,532.0,700.0,784.0
263,42.0,84.0,252.0,378.0,804.0,420.0,420.0,378.0,532.0
264,126.0,84.0,364.0,294.0,784.0,378.0,378.0,846.0,420.0
265,168.0,84.0,490.0,972.0,784.0,972.0,972.0,784.0,378.0
266,42.0,252.0,210.0,378.0,378.0,784.0,784.0,784.0,972.0
267,126.0,294.0,336.0,378.0,378.0,784.0,784.0,532.0,784.0
268,126.0,168.0,378.0,742.0,742.0,378.0,532.0,420.0,378.0
269,84.0,210.0,294.0,294.0,804.0,994.0,420.0,378.0,742.0
270,84.0,196.0,678.0,804.0,532.0,930.0,378.0,972.0,378.0
271,84.0,636.0,84.0,490.0,378.0,742.0,972.0,952.0,804.0
272,42.0,84.0,364.0,532.0,420.0,294.0,532.0,784.0,378.0
273,126.0,252.0,378.0,378.0,972.0,378.0,784.0,378.0,868.0
274,84.0,126.0,252.0,420.0,784.0,888.0,378.0,972.0,756.0
275,42.0,168.0,210.0,490.0,378.0,784.0,420.0,420.0,378.0
276,42.0,154.0,490.0,294.0,888.0,294.0,972.0,784.0,706.0
277,126.0,84.0,678.0,972.0,294.0,804.0,378.0,532.0,378.0
278,42.0,84.0,294.0,420.0,742.0,84.0,804.0,378.0,378.0
279,84.0,252.0,336.0,532.0,784.0,378.0,378.0,972.0,742.0
280,42.0,168.0,490.0,336.0,378.0,742.0,742.0,378.0,804.0
281,42.0,210.0,210.0,378.0,378.0,784.0,784.0,378.0,784.0
282,126.0,84.0,84.0,448.0,742.0,378.0,336.0,742.0,378.0
283,42.0,252.0,336.0,972.0,804.0,378.0,888.0,804.0,868.0
284,42.0,210.0,364.0,378.0,784.0,742.0,210.0,784.0,972.0
285,42.0,636.0,252.0,742.0,378.0,804.0,868.0,378.0,868.0
286,42.0,84.0,378.0,490.0,784.0,784.0,784.0,784.0,420.0
287,42.0,126.0,294.0,294.0,378.0,378.0,378.0,952.0,532.0
288,42.0,196.0,678.0,378.0,742.0,784.0,952.0,972.0,378.0
289,70.0,252.0,378.0,804.0,804.0,952.0,784.0,252.0,490.0
290,42.0,126.0,364.0,378.0,378.0,972.0,972.0,378.0,294.0
291,42.0,168.0,490.0,490.0,378.0,420.0,420.0,784.0,972.0
292,84.0,210.0,84.0,378.0,742.0,532.0,532.0,888.0,532.0
293,84.0,252.0,252.0,294.0,294.0,378.0,378.0,784.0,84.0
294,42.0,84.0,336.0,742.0,804.0,972.0,972.0,532.0,784.0
295,28.0,84.0,210.0,804.0,490.0,784.0,784.0,972.0,336.0
296,42.0,84.0,294.0,490.0,532.0,784.0,532.0,784.0,378.0
297,42.0,154.0,678.0,294.0,972.0,994.0,972.0,420.0,972.0
298,42.0,252.0,84.0,378.0,420.0,378.0,420.0,378.0,420.0
299,42.0,210.0,364.0,378.0,378.0,930.0,378.0,420.0,532.0
300,84.0,84.0,336.0,700.0,784.0,378.0,784.0,532.0,378.0
301,42.0,294.0,210.0,846.0,378.0,804.0,420.0,972.0,784.0
302,42.0,636.0,378.0,378.0,280.0,742.0,532.0,378.0,972.0
303,42.0,196.0,252.0,294.0,714.0,378.0,972.0,784.0,742.0
304,42.0,252.0,294.0,378.0,930.0,784.0,378.0,742.0,378.0
305,84.0,126.0,678.0,700.0,784.0,532.0,784.0,378.0,378.0
306,216.0,252.0,490.0,846.0,930.0,420.0,532.0,378.0,804.0
307,42.0,84.0,84.0,490.0,994.0,378.0,420.0,804.0,784.0
308,42.0,168.0,364.0,336.0,378.0,972.0,378.0,784.0,420.0
309,42.0,210.0,378.0,406.0,784.0,784.0,972.0,420.0,532.0
310,42.0,84.0,252.0,972.0,420.0,420.0,784.0,532.0,378.0
311,126.0,196.0,490.0,490.0,532.0,532.0,420.0,378.0,490.0
312,126.0,168.0,210.0,210.0,378.0,378.0,532.0,784.0,294.0
313,84.0,252.0,336.0,378.0,784.0,784.0,378.0,972.0,972.0
314,126.0,154.0,294.0,294.0,972.0,972.0,784.0,378.0,378.0
315,84.0,378.0,678.0,532.0,532.0,532.0,972.0,378.0,378.0
316,126.0,84.0,252.0,490.0,420.0,420.0,462.0,784.0,784.0
317,84.0,210.0,378.0,420.0,378.0,378.0,784.0,700.0,742.0
318,42.0,636.0,84.0,378.0,784.0,784.0,846.0,846.0,804.0
319,84.0,84.0,336.0,294.0,972.0,972.0,994.0,994.0,532.0
320,42.0,126.0,364.0,972.0,700.0,532.0,952.0,846.0,784.0
321,126.0,84.0,294.0,532.0,784.0,784.0,378.0,378.0,378.0
322,42.0,294.0,210.0,420.0,378.0,378.0,868.0,868.0,420.0
323,42.0,378.0,678.0,294.0,378.0,420.0,888.0,784.0,972.0
324,84.0,84.0,490.0,378.0,846.0,972.0,784.0,532.0,784.0
325,84.0,42.0,490.0,972.0,784.0,784.0,742.0,420.0,532.0
326,42.0,154.0,252.0,490.0,532.0,994.0,804.0,378.0,972.0
327,42.0,210.0,294.0,532.0,420.0,378.0,378.0,972.0,420.0
328,42.0,252.0,84.0,420.0,378.0,930.0,378.0,784.0,378.0
329,126.0,168.0,378.0,490.0,972.0,952.0,784.0,532.0,952.0
330,84.0,636.0,364.0,378.0,952.0,784.0,532.0,972.0,784.0
331,84.0,168.0,210.0,294.0,784.0,972.0,378.0,420.0,972.0
332,126.0,252.0,336.0,972.0,972.0,378.0,972.0,378.0,378.0
333,42.0,196.0,678.0,868.0,378.0,420.0,420.0,420.0,420.0
334,42.0,84.0,364.0,574.0,420.0,532.0,420.0,532.0,532.0
335,42.0,84.0,84.0,378.0,784.0,378.0,532.0,378.0,378.0
336,42.0,636.0,252.0,294.0,532.0,972.0,972.0,972.0,972.0
337,42.0,252.0,210.0,972.0,378.0,784.0,378.0,784.0,784.0
338,42.0,252.0,294.0,420.0,972.0,532.0,784.0,784.0,532.0
339,28.0,84.0,490.0,532.0,784.0,420.0,532.0,532.0,420.0
340,70.0,210.0,336.0,378.0,532.0,378.0,420.0,420.0,378.0
341,42.0,154.0,378.0,294.0,420.0,972.0,378.0,378.0,972.0
342,42.0,84.0,678.0,972.0,378.0,784.0,972.0,972.0,784.0
343,84.0,168.0,252.0,490.0,972.0,378.0,784.0,378.0,378.0
344,42.0,210.0,84.0,378.0,532.0,532.0,378.0,532.0,378.0
345,84.0,84.0,364.0,490.0,420.0,420.0,532.0,420.0,700.0
346,216.0,252.0,336.0,378.0,378.0,972.0,420.0,972.0,846.0
347,84.0,294.0,294.0,742.0,972.0,784.0,972.0,784.0,784.0
348,42.0,196.0,210.0,294.0,784.0,742.0,784.0,532.0,532.0
349,42.0,84.0,378.0,804.0,532.0,378.0,532.0,420.0,420.0
350,42.0,126.0,678.0,420.0,420.0,378.0,420.0,378.0,972.0
351,42.0,196.0,490.0,378.0,378.0,804.0,378.0,972.0,784.0
352,42.0,210.0,294.0,532.0,972.0,784.0,972.0,784.0,378.0
353,42.0,154.0,364.0,490.0,784.0,378.0,784.0,378.0,336.0
354,42.0,84.0,84.0,294.0,378.0,378.0,294.0,378.0,846.0
355,42.0,294.0,336.0,972.0,930.0,700.0,378.0,742.0,210.0
356,42.0,252.0,252.0,420.0,994.0,846.0,742.0,804.0,910.0
357,42.0,636.0,210.0,532.0,784.0,784.0,888.0,784.0,784.0
358,126.0,168.0,378.0,378.0,420.0,420.0,784.0,420.0,420.0
359,168.0,210.0,678.0,294.0,532.0,532.0,420.0,532.0,532.0
360,126.0,84.0,490.0,972.0,378.0,378.0,972.0,378.0,972.0
361,84.0,252.0,336.0,490.0,972.0,972.0,532.0,972.0,784.0
362,126.0,84.0,84.0,294.0,784.0,784.0,784.0,784.0,378.0
363,42.0,84.0,364.0,532.0,868.0,742.0,378.0,742.0,742.0
364,84.0,252.0,490.0,972.0,336.0,378.0,910.0,378.0,378.0
365,84.0,126.0,378.0,420.0,888.0,378.0,336.0,378.0,378.0
366,126.0,252.0,252.0,378.0,210.0,784.0,210.0,804.0,804.0
367,42.0,84.0,294.0,490.0,784.0,804.0,784.0,784.0,784.0
368,84.0,84.0,210.0,490.0,378.0,378.0,846.0,378.0,378.0
369,42.0,84.0,678.0,420.0,994.0,994.0,378.0,994.0,994.0
370,42.0,154.0,252.0,294.0,930.0,930.0,994.0,930.0,930.0
371,84.0,126.0,364.0,532.0,784.0,784.0,930.0,784.0,784.0
372,42.0,210.0,84.0,972.0,420.0,420.0,784.0,490.0,378.0
373,84.0,168.0,336.0,378.0,532.0,532.0,420.0,420.0,804.0
374,42.0,84.0,378.0,294.0,378.0,378.0,532.0,532.0,378.0
375,126.0,210.0,210.0,742.0,972.0,972.0,378.0,378.0,742.0
376,42.0,252.0,294.0,490.0,784.0,784.0,972.0,294.0,784.0
377,84.0,294.0,678.0,378.0,784.0,532.0,784.0,972.0,252.0
378,42.0,636.0,490.0,378.0,252.0,84.0,784.0,784.0,784.0
379,42.0,196.0,364.0,804.0,742.0,336.0,532.0,532.0,378.0
380,84.0,252.0,84.0,490.0,930.0,378.0,420.0,420.0,888.0
381,42.0,84.0,336.0,420.0,378.0,972.0,378.0,378.0,784.0
382,42.0,210.0,210.0,532.0,210.0,784.0,972.0,972.0,784.0
383,42.0,210.0,378.0,378.0,868.0,210.0,210.0,210.0,700.0
384,84.0,154.0,252.0,294.0,336.0,672.0,784.0,784.0,378.0
385,70.0,84.0,294.0,972.0,784.0,868.0,868.0,868.0,378.0
386,42.0,252.0,678.0,532.0,888.0,336.0,336.0,336.0,846.0
387,42.0,84.0,490.0,420.0,756.0,1000.0,888.0,888.0,378.0
388,42.0,84.0,336.0,378.0,378.0,378.0,882.0,420.0,742.0
389,28.0,252.0,252.0,294.0,294.0,742.0,378.0,532.0,784.0
390,42.0,168.0,84.0,972.0,790.0,378.0,406.0,784.0,378.0
391,126.0,168.0,364.0,490.0,868.0,804.0,784.0,378.0,804.0
392,126.0,252.0,210.0,294.0,784.0,784.0,636.0,972.0,784.0
393,42.0,636.0,378.0,700.0,420.0,420.0,952.0,784.0,420.0
394,42.0,126.0,294.0,378.0,378.0,378.0,378.0,378.0,378.0
395,84.0,196.0,678.0,378.0,532.0,532.0,972.0,378.0,532.0
396,42.0,126.0,490.0,846.0,972.0,972.0,784.0,742.0,972.0
397,42.0,196.0,364.0,490.0,742.0,784.0,420.0,804.0,742.0
398,42.0,168.0,84.0,294.0,378.0,742.0,378.0,784.0,378.0
399,126.0,84.0,252.0,532.0,930.0,378.0,532.0,378.0,930.0
400,42.0,84.0,378.0,420.0,252.0,378.0,972.0,252.0,252.0
401,42.0,84.0,336.0,378.0,784.0,784.0,784.0,784.0,784.0
402,42.0,154.0,210.0,972.0,378.0,804.0,378.0,888.0,378.0
403,42.0,126.0,294.0,490.0,994.0,378.0,994.0,378.0,742.0
404,42.0,252.0,678.0,490.0,930.0,742.0,930.0,742.0,378.0
405,216.0,210.0,490.0,532.0,784.0,378.0,784.0,378.0,804.0
406,168.0,210.0,84.0,972.0,420.0,804.0,378.0,804.0,784.0
407,126.0,168.0,364.0,420.0,532.0,784.0,490.0,784.0,420.0
408,84.0,84.0,378.0,378.0,378.0,378.0,930.0,420.0,532.0
409,84.0,378.0,252.0,294.0,972.0,532.0,994.0,532.0,378.0
410,42.0,252.0,336.0,420.0,784.0,924.0,294.0,378.0,972.0
411,42.0,636.0,490.0,490.0,532.0,762.0,84.0,972.0,784.0
412,84.0,84.0,210.0,532.0,420.0,490.0,532.0,784.0,532.0
413,42.0,84.0,294.0,378.0,378.0,532.0,336.0,532.0,420.0
414,126.0,154.0,678.0,294.0,784.0,420.0,448.0,420.0,378.0
415,84.0,84.0,252.0,972.0,972.0,378.0,378.0,378.0,784.0
416,42.0,196.0,210.0,532.0,378.0,784.0,336.0,784.0,972.0
417,216.0,252.0,364.0,420.0,784.0,972.0,972.0,972.0,378.0
418,42.0,126.0,84.0,378.0,378.0,378.0,378.0,378.0,378.0
419,42.0,168.0,336.0,972.0,742.0,378.0,378.0,378.0,742.0
420,126.0,210.0,490.0,294.0,804.0,784.0,784.0,784.0,804.0
421,42.0,252.0,294.0,490.0,336.0,742.0,742.0,742.0,784.0
422,42.0,636.0,378.0,378.0,994.0,804.0,804.0,804.0,972.0
423,42.0,84.0,678.0,532.0,888.0,420.0,378.0,784.0,420.0
424,126.0,294.0,84.0,420.0,868.0,532.0,378.0,378.0,532.0
425,84.0,210.0,252.0,490.0,336.0,378.0,742.0,378.0,378.0
426,42.0,252.0,336.0,294.0,210.0,972.0,804.0,742.0,784.0
427,42.0,196.0,364.0,972.0,868.0,784.0,784.0,804.0,84.0
428,84.0,84.0,210.0,532.0,784.0,378.0,378.0,378.0,406.0
429,42.0,210.0,490.0,294.0,888.0,994.0,378.0,972.0,378.0
430,28.0,84.0,294.0,420.0,532.0,930.0,742.0,952.0,210.0
431,42.0,154.0,378.0,378.0,420.0,784.0,804.0,784.0,252.0
432,42.0,84.0,678.0,972.0,378.0,336.0,784.0,532.0,784.0
433,42.0,210.0,336.0,490.0,972.0,868.0,532.0,420.0,972.0
434,70.0,252.0,364.0,378.0,784.0,210.0,420.0,378.0,252.0
435,42.0,168.0,210.0,378.0,532.0,868.0,378.0,972.0,784.0
436,42.0,252.0,84.0,294.0,420.0,804.0,972.0,784.0,378.0
437,42.0,84.0,252.0,742.0,378.0,532.0,784.0,378.0,888.0
438,42.0,294.0,490.0,804.0,972.0,420.0,532.0,378.0,784.0
439,126.0,636.0,378.0,490.0,784.0,378.0,420.0,742.0,532.0
440,42.0,252.0,294.0,378.0,532.0,972.0,378.0,804.0,420.0
441,42.0,126.0,678.0,294.0,420.0,784.0,972.0,784.0,378.0
442,42.0,84.0,84.0,742.0,784.0,378.0,784.0,532.0,972.0
443,42.0,84.0,364.0,378.0,378.0,742.0,378.0,420.0,784.0
444,42.0,294.0,210.0,804.0,972.0,378.0,994.0,784.0,378.0
445,42.0,252.0,490.0,490.0,532.0,804.0,784.0,378.0,742.0
446,42.0,168.0,294.0,84.0,378.0,784.0,930.0,972.0,378.0
447,126.0,154.0,252.0,742.0,420.0,84.0,84.0,84.0,294.0
448,168.0,252.0,678.0,294.0,972.0,532.0,532.0,532.0,804.0
449,84.0,210.0,378.0,490.0,784.0,378.0,378.0,378.0,490.0
450,126.0,196.0,336.0,378.0,742.0,336.0,336.0,336.0,532.0
451,84.0,252.0,252.0,294.0,294.0,972.0,972.0,972.0,378.0
452,84.0,84.0,364.0,804.0,378.0,784.0,784.0,784.0,420.0
453,42.0,210.0,210.0,378.0,888.0,378.0,378.0,378.0,972.0
454,84.0,636.0,294.0,700.0,784.0,700.0,700.0,700.0,784.0
455,42.0,84.0,84.0,490.0,972.0,378.0,378.0,378.0,804.0
456,28.0,126.0,378.0,378.0,532.0,846.0,846.0,846.0,378.0
457,42.0,84.0,490.0,294.0,378.0,784.0,784.0,784.0,742.0
458,84.0,154.0,336.0,846.0,420.0,972.0,972.0,972.0,378.0
459,84.0,378.0,678.0,420.0,784.0,532.0,532.0,532.0,784.0
460,42.0,168.0,336.0,532.0,972.0,378.0,378.0,378.0,972.0
461,42.0,210.0,252.0,972.0,420.0,420.0,784.0,784.0,532.0
462,126.0,210.0,364.0,378.0,532.0,784.0,420.0,420.0,378.0
463,42.0,294.0,210.0,294.0,378.0,378.0,420.0,972.0,420.0
464,42.0,84.0,678.0,490.0,784.0,378.0,532.0,420.0,448.0
465,126.0,252.0,84.0,532.0,378.0,742.0,378.0,532.0,336.0
466,126.0,84.0,490.0,490.0,742.0,784.0,784.0,378.0,420.0
467,84.0,252.0,378.0,294.0,378.0,804.0,972.0,784.0,532.0
468,84.0,636.0,294.0,420.0,804.0,378.0,784.0,378.0,378.0
469,42.0,84.0,84.0,378.0,784.0,742.0,378.0,742.0,784.0
470,42.0,196.0,210.0,972.0,784.0,378.0,742.0,378.0,972.0
471,42.0,210.0,336.0,490.0,532.0,804.0,378.0,804.0,784.0
472,42.0,84.0,364.0,532.0,420.0,784.0,804.0,784.0,378.0
473,42.0,252.0,490.0,420.0,378.0,784.0,784.0,784.0,742.0
474,42.0,84.0,252.0,972.0,972.0,532.0,888.0,532.0,378.0
475,42.0,252.0,378.0,378.0,888.0,420.0,742.0,972.0,804.0
476,70.0,196.0,294.0,294.0,252.0,378.0,378.0,420.0,784.0
477,84.0,154.0,678.0,294.0,784.0,972.0,294.0,378.0,804.0
478,42.0,126.0,364.0,378.0,378.0,252.0,784.0,972.0,742.0
479,84.0,168.0,210.0,700.0,784.0,700.0,972.0,532.0,378.0
480,84.0,294.0,84.0,490.0,420.0,378.0,532.0,420.0,378.0
481,84.0,252.0,336.0,378.0,532.0,972.0,420.0,378.0,784.0
482,42.0,84.0,252.0,846.0,294.0,784.0,378.0,784.0,972.0
483,126.0,210.0,490.0,378.0,972.0,784.0,784.0,784.0,532.0
484,42.0,636.0,294.0,294.0,378.0,420.0,378.0,420.0,420.0
485,42.0,84.0,378.0,378.0,490.0,532.0,804.0,532.0,378.0
486,42.0,154.0,678.0,742.0,420.0,972.0,378.0,972.0,784.0
487,42.0,210.0,210.0,490.0,532.0,378.0,742.0,378.0,378.0
488,42.0,84.0,84.0,804.0,972.0,420.0,420.0,420.0,804.0
489,42.0,84.0,364.0,742.0,784.0,532.0,532.0,532.0,378.0
490,126.0,126.0,336.0,294.0,378.0,294.0,378.0,294.0,742.0
491,42.0,168.0,252.0,378.0,,378.0,972.0,378.0,378.0
492,42.0,252.0,490.0,84.0,,972.0,784.0,972.0,378.0
493,42.0,252.0,378.0,294.0,,490.0,,490.0,756.0
494,126.0,84.0,294.0,490.0,,,,,706.0
495,42.0,294.0,678.0,804.0,,,,,868.0
496,132.0,84.0,84.0,490.0,,,,,
497,168.0,196.0,364.0,294.0,,,,,
498,84.0,252.0,210.0,532.0,,,,,
499,42.0,210.0,294.0,420.0,,,,,
500,42.0,636.0,336.0,378.0,,,,,
501,84.0,84.0,252.0,972.0,,,,,
502,42.0,154.0,294.0,420.0,,,,,
503,126.0,84.0,762.0,532.0,,,,,
504,42.0,252.0,490.0,378.0,,,,,
505,84.0,168.0,490.0,294.0,,,,,
506,84.0,252.0,252.0,972.0,,,,,
507,42.0,42.0,804.0,490.0,,,,,
508,84.0,126.0,210.0,532.0,,,,,
509,28.0,168.0,84.0,420.0,,,,,
510,42.0,168.0,238.0,294.0,,,,,
511,42.0,210.0,378.0,490.0,,,,,
512,126.0,252.0,336.0,378.0,,,,,
513,42.0,84.0,294.0,972.0,,,,,
514,84.0,636.0,84.0,336.0,,,,,
515,42.0,84.0,252.0,294.0,,,,,
516,84.0,196.0,364.0,84.0,,,,,
517,168.0,126.0,210.0,490.0,,,,,
518,42.0,84.0,378.0,532.0,,,,,
519,126.0,210.0,336.0,378.0,,,,,
520,42.0,84.0,294.0,972.0,,,,,
521,126.0,154.0,678.0,378.0,,,,,
522,70.0,252.0,490.0,294.0,,,,,
523,42.0,126.0,252.0,490.0,,,,,
524,42.0,252.0,378.0,378.0,,,,,
525,42.0,168.0,364.0,742.0,,,,,
526,42.0,126.0,84.0,804.0,,,,,
527,42.0,168.0,336.0,378.0,,,,,
528,42.0,84.0,210.0,378.0,,,,,
529,42.0,252.0,490.0,742.0,,,,,
530,42.0,84.0,678.0,294.0,,,,,
531,42.0,210.0,294.0,804.0,,,,,
532,42.0,636.0,252.0,490.0,,,,,
533,84.0,196.0,364.0,532.0,,,,,
534,42.0,168.0,84.0,420.0,,,,,
535,42.0,252.0,336.0,294.0,,,,,
536,42.0,84.0,210.0,490.0,,,,,
537,42.0,84.0,294.0,378.0,,,,,
538,42.0,84.0,294.0,972.0,,,,,
539,216.0,252.0,762.0,532.0,,,,,
540,84.0,154.0,490.0,420.0,,,,,
541,126.0,294.0,336.0,490.0,,,,,
542,126.0,210.0,294.0,378.0,,,,,
543,84.0,210.0,364.0,294.0,,,,,
544,42.0,252.0,678.0,972.0,,,,,
545,42.0,84.0,84.0,532.0,,,,,
546,216.0,196.0,252.0,420.0,,,,,
547,84.0,636.0,378.0,378.0,,,,,
548,42.0,126.0,210.0,294.0,,,,,
549,84.0,168.0,490.0,972.0,,,,,
550,126.0,210.0,336.0,490.0,,,,,
551,42.0,84.0,252.0,84.0,,,,,
552,42.0,84.0,294.0,532.0,,,,,
553,42.0,378.0,364.0,378.0,,,,,
554,126.0,154.0,84.0,336.0,,,,,
555,42.0,196.0,210.0,294.0,,,,,
556,84.0,210.0,378.0,972.0,,,,,
557,126.0,84.0,678.0,490.0,,,,,
558,42.0,294.0,490.0,378.0,,,,,
559,84.0,84.0,336.0,700.0,,,,,
560,42.0,252.0,364.0,294.0,,,,,
561,42.0,252.0,294.0,378.0,,,,,
562,42.0,636.0,210.0,846.0,,,,,
563,42.0,154.0,84.0,490.0,,,,,
564,42.0,84.0,490.0,972.0,,,,,
565,42.0,168.0,252.0,532.0,,,,,
566,70.0,84.0,378.0,378.0,,,,,
567,28.0,210.0,678.0,420.0,,,,,
568,84.0,252.0,252.0,294.0,,,,,
569,42.0,210.0,364.0,490.0,,,,,
570,84.0,252.0,378.0,972.0,,,,,
571,42.0,168.0,84.0,420.0,,,,,
572,42.0,84.0,336.0,532.0,,,,,
573,42.0,378.0,210.0,378.0,,,,,
574,42.0,84.0,294.0,294.0,,,,,
575,42.0,636.0,678.0,490.0,,,,,
576,42.0,126.0,490.0,378.0,,,,,
577,42.0,196.0,84.0,742.0,,,,,
578,42.0,168.0,364.0,294.0,,,,,
579,42.0,252.0,252.0,378.0,,,,,
580,42.0,84.0,210.0,804.0,,,,,
581,126.0,154.0,378.0,490.0,,,,,
582,42.0,84.0,336.0,294.0,,,,,
583,126.0,84.0,294.0,804.0,,,,,
584,168.0,252.0,678.0,742.0,,,,,
585,84.0,126.0,490.0,378.0,,,,,
586,84.0,210.0,490.0,378.0,,,,,
587,126.0,210.0,294.0,490.0,,,,,
588,84.0,294.0,364.0,294.0,,,,,
589,42.0,636.0,84.0,84.0,,,,,
590,126.0,84.0,378.0,700.0,,,,,
591,126.0,196.0,252.0,294.0,,,,,
592,42.0,252.0,336.0,378.0,,,,,
593,126.0,252.0,210.0,490.0,,,,,
594,42.0,210.0,678.0,846.0,,,,,
595,84.0,154.0,490.0,420.0,,,,,
596,126.0,84.0,84.0,490.0,,,,,
597,84.0,168.0,294.0,532.0,,,,,
598,84.0,84.0,336.0,294.0,,,,,
599,42.0,252.0,364.0,972.0,,,,,
600,42.0,196.0,252.0,378.0,,,,,
601,84.0,126.0,378.0,420.0,,,,,
602,42.0,126.0,210.0,532.0,,,,,
603,42.0,168.0,678.0,294.0,,,,,
604,84.0,84.0,210.0,378.0,,,,,
605,84.0,210.0,364.0,972.0,,,,,
606,42.0,84.0,84.0,490.0,,,,,
607,42.0,636.0,336.0,,,,,,
608,42.0,252.0,678.0,,,,,,
609,42.0,196.0,252.0,,,,,,
610,216.0,252.0,378.0,,,,,,
611,70.0,84.0,294.0,,,,,,
612,42.0,84.0,490.0,,,,,,
613,42.0,84.0,336.0,,,,,,
614,42.0,84.0,252.0,,,,,,
615,28.0,154.0,84.0,,,,,,
616,84.0,378.0,364.0,,,,,,
617,42.0,168.0,378.0,,,,,,
618,42.0,210.0,294.0,,,,,,
619,42.0,210.0,210.0,,,,,,
620,126.0,294.0,678.0,,,,,,
621,42.0,252.0,490.0,,,,,,
622,42.0,636.0,364.0,,,,,,
623,42.0,168.0,84.0,,,,,,
624,42.0,154.0,252.0,,,,,,
625,42.0,84.0,378.0,,,,,,
626,42.0,252.0,678.0,,,,,,
627,42.0,84.0,210.0,,,,,,
628,126.0,126.0,336.0,,,,,,
629,42.0,252.0,294.0,,,,,,
630,42.0,210.0,490.0,,,,,,
631,84.0,294.0,378.0,,,,,,
632,84.0,210.0,210.0,,,,,,
633,84.0,636.0,84.0,,,,,,
634,84.0,84.0,336.0,,,,,,
635,126.0,84.0,364.0,,,,,,
636,42.0,196.0,252.0,,,,,,
637,126.0,252.0,294.0,,,,,,
638,42.0,154.0,678.0,,,,,,
639,42.0,84.0,490.0,,,,,,
640,84.0,252.0,364.0,,,,,,
641,126.0,210.0,294.0,,,,,,
642,84.0,252.0,84.0,,,,,,
643,84.0,126.0,252.0,,,,,,
644,42.0,168.0,210.0,,,,,,
645,42.0,84.0,336.0,,,,,,
646,42.0,252.0,378.0,,,,,,
647,84.0,294.0,678.0,,,,,,
648,126.0,84.0,490.0,,,,,,
649,84.0,210.0,364.0,,,,,,
650,84.0,636.0,678.0,,,,,,
651,42.0,84.0,210.0,,,,,,
652,42.0,196.0,84.0,,,,,,
653,42.0,252.0,336.0,,,,,,
654,42.0,168.0,252.0,,,,,,
655,42.0,84.0,378.0,,,,,,
656,42.0,84.0,294.0,,,,,,
657,42.0,84.0,490.0,,,,,,
658,70.0,154.0,252.0,,,,,,
659,28.0,252.0,294.0,,,,,,
660,42.0,252.0,210.0,,,,,,
661,42.0,210.0,84.0,,,,,,
662,84.0,196.0,364.0,,,,,,
663,42.0,294.0,336.0,,,,,,
664,84.0,84.0,490.0,,,,,,
665,42.0,210.0,678.0,,,,,,
666,42.0,636.0,378.0,,,,,,
667,42.0,126.0,84.0,,,,,,
668,42.0,196.0,252.0,,,,,,
669,42.0,154.0,364.0,,,,,,
670,42.0,84.0,490.0,,,,,,
671,42.0,84.0,336.0,,,,,,
672,42.0,84.0,210.0,,,,,,
673,42.0,252.0,378.0,,,,,,
674,168.0,84.0,294.0,,,,,,
675,42.0,168.0,678.0,,,,,,
676,216.0,294.0,252.0,,,,,,
677,126.0,252.0,84.0,,,,,,
678,126.0,210.0,364.0,,,,,,
679,84.0,252.0,490.0,,,,,,
680,42.0,210.0,378.0,,,,,,
681,42.0,636.0,210.0,,,,,,
682,42.0,126.0,336.0,,,,,,
683,42.0,84.0,294.0,,,,,,
684,42.0,154.0,678.0,,,,,,
685,42.0,84.0,252.0,,,,,,
686,126.0,168.0,84.0,,,,,,
687,42.0,252.0,364.0,,,,,,
688,84.0,84.0,210.0,,,,,,
689,126.0,252.0,336.0,,,,,,
690,42.0,126.0,378.0,,,,,,
691,84.0,252.0,294.0,,,,,,
692,42.0,210.0,678.0,,,,,,
693,42.0,294.0,490.0,,,,,,
694,42.0,196.0,364.0,,,,,,
695,42.0,210.0,210.0,,,,,,
696,216.0,636.0,84.0,,,,,,
697,42.0,84.0,490.0,,,,,,
698,42.0,168.0,294.0,,,,,,
699,84.0,210.0,252.0,,,,,,
700,28.0,126.0,336.0,,,,,,
701,126.0,154.0,378.0,,,,,,
702,70.0,84.0,678.0,,,,,,
703,84.0,252.0,490.0,,,,,,
704,84.0,84.0,210.0,,,,,,
705,42.0,84.0,84.0,,,,,,
706,42.0,210.0,364.0,,,,,,
707,42.0,168.0,336.0,,,,,,
708,84.0,252.0,252.0,,,,,,
709,42.0,84.0,378.0,,,,,,
710,42.0,252.0,294.0,,,,,,
711,42.0,636.0,678.0,,,,,,
712,42.0,126.0,336.0,,,,,,
713,126.0,196.0,84.0,,,,,,
714,42.0,84.0,294.0,,,,,,
715,42.0,168.0,252.0,,,,,,
716,42.0,168.0,364.0,,,,,,
717,42.0,252.0,210.0,,,,,,
718,126.0,84.0,490.0,,,,,,
719,42.0,252.0,378.0,,,,,,
720,42.0,84.0,678.0,,,,,,
721,126.0,154.0,252.0,,,,,,
722,126.0,210.0,294.0,,,,,,
723,84.0,126.0,378.0,,,,,,
724,84.0,126.0,84.0,,,,,,
725,84.0,210.0,364.0,,,,,,
726,126.0,636.0,336.0,,,,,,
727,84.0,84.0,210.0,,,,,,
728,42.0,196.0,490.0,,,,,,
729,84.0,252.0,678.0,,,,,,
730,42.0,84.0,294.0,,,,,,
731,42.0,252.0,252.0,,,,,,
732,42.0,154.0,378.0,,,,,,
733,84.0,196.0,846.0,,,,,,
734,42.0,210.0,210.0,,,,,,
735,42.0,84.0,84.0,,,,,,
736,70.0,168.0,238.0,,,,,,
737,42.0,210.0,294.0,,,,,,
738,42.0,84.0,490.0,,,,,,
739,84.0,84.0,490.0,,,,,,
740,42.0,294.0,84.0,,,,,,
741,126.0,252.0,294.0,,,,,,
742,42.0,636.0,364.0,,,,,,
743,84.0,252.0,252.0,,,,,,
744,42.0,126.0,336.0,,,,,,
745,42.0,84.0,210.0,,,,,,
746,42.0,154.0,378.0,,,,,,
747,28.0,84.0,678.0,,,,,,
748,42.0,84.0,84.0,,,,,,
749,84.0,252.0,252.0,,,,,,
750,42.0,168.0,364.0,,,,,,
751,84.0,126.0,336.0,,,,,,
752,42.0,210.0,490.0,,,,,,
753,42.0,168.0,210.0,,,,,,
754,42.0,210.0,378.0,,,,,,
755,42.0,636.0,294.0,,,,,,
756,84.0,252.0,678.0,,,,,,
757,42.0,252.0,84.0,,,,,,
758,42.0,84.0,210.0,,,,,,
759,42.0,126.0,336.0,,,,,,
760,42.0,196.0,364.0,,,,,,
761,126.0,168.0,252.0,,,,,,
762,42.0,154.0,294.0,,,,,,
763,42.0,210.0,490.0,,,,,,
764,42.0,210.0,378.0,,,,,,
765,168.0,84.0,678.0,,,,,,
766,216.0,84.0,252.0,,,,,,
767,126.0,294.0,210.0,,,,,,
768,84.0,126.0,294.0,,,,,,
769,126.0,84.0,84.0,,,,,,
770,126.0,252.0,336.0,,,,,,
771,70.0,252.0,364.0,,,,,,
772,42.0,636.0,490.0,,,,,,
773,126.0,84.0,378.0,,,,,,
774,42.0,196.0,678.0,,,,,,
775,42.0,252.0,84.0,,,,,,
776,42.0,252.0,252.0,,,,,,
777,126.0,168.0,210.0,,,,,,
778,84.0,154.0,336.0,,,,,,
779,42.0,636.0,364.0,,,,,,
780,42.0,84.0,294.0,,,,,,
781,42.0,84.0,490.0,,,,,,
782,126.0,294.0,378.0,,,,,,
783,42.0,252.0,678.0,,,,,,
784,42.0,42.0,84.0,,,,,,
785,42.0,168.0,364.0,,,,,,
786,42.0,84.0,378.0,,,,,,
787,42.0,252.0,252.0,,,,,,
788,42.0,210.0,210.0,,,,,,
789,42.0,84.0,294.0,,,,,,
790,42.0,196.0,336.0,,,,,,
791,42.0,126.0,678.0,,,,,,
792,28.0,126.0,490.0,,,,,,
793,84.0,42.0,364.0,,,,,,
794,84.0,84.0,252.0,,,,,,
795,84.0,168.0,84.0,,,,,,
796,42.0,252.0,336.0,,,,,,
797,42.0,154.0,294.0,,,,,,
798,42.0,168.0,490.0,,,,,,
799,84.0,84.0,210.0,,,,,,
800,42.0,84.0,378.0,,,,,,
801,42.0,196.0,678.0,,,,,,
802,126.0,252.0,364.0,,,,,,
803,84.0,294.0,84.0,,,,,,
804,42.0,210.0,210.0,,,,,,
805,42.0,636.0,252.0,,,,,,
806,42.0,84.0,490.0,,,,,,
807,42.0,252.0,336.0,,,,,,
808,126.0,252.0,378.0,,,,,,
809,42.0,154.0,294.0,,,,,,
810,216.0,210.0,678.0,,,,,,
811,126.0,84.0,84.0,,,,,,
812,168.0,294.0,364.0,,,,,,
813,84.0,252.0,252.0,,,,,,
814,84.0,84.0,336.0,,,,,,
815,84.0,84.0,210.0,,,,,,
816,84.0,126.0,490.0,,,,,,
817,42.0,168.0,378.0,,,,,,
818,126.0,84.0,294.0,,,,,,
819,84.0,210.0,678.0,,,,,,
820,42.0,252.0,210.0,,,,,,
821,84.0,636.0,84.0,,,,,,
822,42.0,196.0,364.0,,,,,,
823,42.0,196.0,378.0,,,,,,
824,42.0,210.0,336.0,,,,,,
825,84.0,84.0,490.0,,,,,,
826,42.0,294.0,252.0,,,,,,
827,42.0,154.0,294.0,,,,,,
828,84.0,252.0,678.0,,,,,,
829,42.0,252.0,84.0,,,,,,
830,42.0,168.0,678.0,,,,,,
831,126.0,84.0,364.0,,,,,,
832,42.0,252.0,336.0,,,,,,
833,42.0,210.0,490.0,,,,,,
834,70.0,84.0,378.0,,,,,,
835,42.0,636.0,210.0,,,,,,
836,84.0,84.0,294.0,,,,,,
837,28.0,126.0,252.0,,,,,,
838,42.0,84.0,336.0,,,,,,
839,42.0,84.0,678.0,,,,,,
840,42.0,294.0,364.0,,,,,,
841,216.0,126.0,84.0,,,,,,
842,42.0,154.0,378.0,,,,,,
843,42.0,196.0,252.0,,,,,,
844,42.0,210.0,210.0,,,,,,
845,42.0,252.0,294.0,,,,,,
846,42.0,252.0,490.0,,,,,,
847,42.0,252.0,252.0,,,,,,
848,42.0,168.0,210.0,,,,,,
849,42.0,84.0,364.0,,,,,,
850,42.0,210.0,84.0,,,,,,
851,126.0,636.0,378.0,,,,,,
852,84.0,84.0,294.0,,,,,,
853,126.0,126.0,490.0,,,,,,
854,126.0,168.0,336.0,,,,,,
855,168.0,210.0,678.0,,,,,,
856,84.0,84.0,252.0,,,,,,
857,84.0,84.0,364.0,,,,,,
858,126.0,196.0,84.0,,,,,,
859,84.0,252.0,294.0,,,,,,
860,84.0,168.0,210.0,,,,,,
861,42.0,154.0,336.0,,,,,,
862,126.0,126.0,378.0,,,,,,
863,84.0,252.0,678.0,,,,,,
864,42.0,84.0,490.0,,,,,,
865,84.0,84.0,210.0,,,,,,
866,84.0,252.0,364.0,,,,,,
867,84.0,210.0,84.0,,,,,,
868,42.0,636.0,294.0,,,,,,
869,42.0,84.0,336.0,,,,,,
870,42.0,168.0,252.0,,,,,,
871,126.0,154.0,378.0,,,,,,
872,84.0,126.0,678.0,,,,,,
873,84.0,168.0,490.0,,,,,,
874,126.0,126.0,678.0,,,,,,
875,42.0,210.0,364.0,,,,,,
876,42.0,84.0,252.0,,,,,,
877,42.0,252.0,84.0,,,,,,
878,42.0,84.0,210.0,,,,,,
879,42.0,252.0,294.0,,,,,,
880,42.0,210.0,378.0,,,,,,
881,42.0,636.0,294.0,,,,,,
882,70.0,84.0,336.0,,,,,,
883,42.0,196.0,196.0,,,,,,
884,42.0,252.0,336.0,,,,,,
885,28.0,168.0,252.0,,,,,,
886,42.0,196.0,210.0,,,,,,
887,126.0,154.0,84.0,,,,,,
888,42.0,84.0,364.0,,,,,,
889,84.0,252.0,294.0,,,,,,
890,42.0,84.0,678.0,,,,,,
891,84.0,252.0,378.0,,,,,,
892,42.0,210.0,490.0,,,,,,
893,42.0,126.0,252.0,,,,,,
894,42.0,252.0,210.0,,,,,,
895,42.0,636.0,364.0,,,,,,
896,126.0,294.0,294.0,,,,,,
897,42.0,84.0,378.0,,,,,,
898,42.0,210.0,84.0,,,,,,
899,42.0,84.0,336.0,,,,,,
900,168.0,168.0,678.0,,,,,,
901,42.0,154.0,490.0,,,,,,
902,216.0,84.0,,,,,,,
903,42.0,252.0,,,,,,,
904,126.0,84.0,,,,,,,
905,84.0,84.0,,,,,,,
906,126.0,252.0,,,,,,,
907,42.0,210.0,,,,,,,
908,84.0,126.0,,,,,,,
909,84.0,210.0,,,,,,,
910,42.0,252.0,,,,,,,
911,42.0,294.0,,,,,,,
912,126.0,636.0,,,,,,,
913,84.0,84.0,,,,,,,
914,126.0,196.0,,,,,,,
915,42.0,252.0,,,,,,,
916,126.0,210.0,,,,,,,
917,42.0,154.0,,,,,,,
918,42.0,636.0,,,,,,,
919,42.0,84.0,,,,,,,
920,42.0,196.0,,,,,,,
921,42.0,84.0,,,,,,,
922,42.0,252.0,,,,,,,
923,84.0,168.0,,,,,,,
924,42.0,378.0,,,,,,,
925,42.0,84.0,,,,,,,
926,28.0,210.0,,,,,,,
927,42.0,294.0,,,,,,,
928,42.0,84.0,,,,,,,
929,70.0,252.0,,,,,,,
930,42.0,252.0,,,,,,,
931,42.0,168.0,,,,,,,
932,42.0,210.0,,,,,,,
933,84.0,154.0,,,,,,,
934,42.0,84.0,,,,,,,
935,42.0,636.0,,,,,,,
936,42.0,252.0,,,,,,,
937,42.0,126.0,,,,,,,
938,84.0,294.0,,,,,,,
939,42.0,210.0,,,,,,,
940,42.0,84.0,,,,,,,
941,42.0,196.0,,,,,,,
942,42.0,84.0,,,,,,,
943,42.0,84.0,,,,,,,
944,216.0,252.0,,,,,,,
945,126.0,154.0,,,,,,,
946,168.0,210.0,,,,,,,
947,84.0,210.0,,,,,,,
948,126.0,84.0,,,,,,,
949,84.0,84.0,,,,,,,
950,84.0,84.0,,,,,,,
951,28.0,252.0,,,,,,,
952,42.0,252.0,,,,,,,
953,42.0,126.0,,,,,,,
954,42.0,168.0,,,,,,,
955,42.0,294.0,,,,,,,
956,42.0,84.0,,,,,,,
957,42.0,636.0,,,,,,,
958,42.0,196.0,,,,,,,
959,42.0,168.0,,,,,,,
960,42.0,154.0,,,,,,,
961,42.0,84.0,,,,,,,
962,42.0,84.0,,,,,,,
963,126.0,252.0,,,,,,,
964,42.0,126.0,,,,,,,
965,42.0,210.0,,,,,,,
966,70.0,294.0,,,,,,,
967,126.0,196.0,,,,,,,
968,42.0,84.0,,,,,,,
969,42.0,210.0,,,,,,,
970,42.0,252.0,,,,,,,
971,42.0,636.0,,,,,,,
972,84.0,84.0,,,,,,,
973,216.0,252.0,,,,,,,
974,42.0,126.0,,,,,,,
975,84.0,84.0,,,,,,,
976,84.0,84.0,,,,,,,
977,42.0,154.0,,,,,,,
978,84.0,252.0,,,,,,,
979,42.0,168.0,,,,,,,
980,42.0,210.0,,,,,,,
981,42.0,252.0,,,,,,,
982,126.0,294.0,,,,,,,
983,42.0,84.0,,,,,,,
984,42.0,196.0,,,,,,,
985,42.0,210.0,,,,,,,
986,126.0,252.0,,,,,,,
987,126.0,636.0,,,,,,,
988,42.0,84.0,,,,,,,
989,42.0,210.0,,,,,,,
990,126.0,154.0,,,,,,,
991,126.0,126.0,,,,,,,
992,84.0,84.0,,,,,,,
993,84.0,84.0,,,,,,,
994,84.0,252.0,,,,,,,
995,84.0,196.0,,,,,,,
996,42.0,84.0,,,,,,,
997,126.0,168.0,,,,,,,
998,42.0,252.0,,,,,,,
999,84.0,252.0,,,,,,,
1000,42.0,84.0,,,,,,,
1001,126.0,210.0,,,,,,,
1002,42.0,636.0,,,,,,,
1003,84.0,294.0,,,,,,,
1004,42.0,84.0,,,,,,,
1005,42.0,210.0,,,,,,,
1006,42.0,252.0,,,,,,,
1007,84.0,196.0,,,,,,,
1008,84.0,252.0,,,,,,,
1009,42.0,154.0,,,,,,,
1010,42.0,126.0,,,,,,,
1011,84.0,168.0,,,,,,,
1012,42.0,294.0,,,,,,,
1013,42.0,84.0,,,,,,,
1014,42.0,210.0,,,,,,,
1015,28.0,252.0,,,,,,,
1016,42.0,84.0,,,,,,,
1017,70.0,636.0,,,,,,,
1018,42.0,84.0,,,,,,,
1019,42.0,196.0,,,,,,,
1020,126.0,210.0,,,,,,,
1021,42.0,126.0,,,,,,,
1022,42.0,154.0,,,,,,,
1023,42.0,84.0,,,,,,,
1024,84.0,84.0,,,,,,,
1025,42.0,84.0,,,,,,,
1026,42.0,84.0,,,,,,,
1027,42.0,252.0,,,,,,,
1028,42.0,252.0,,,,,,,
1029,126.0,252.0,,,,,,,
1030,42.0,636.0,,,,,,,
1031,42.0,168.0,,,,,,,
1032,126.0,294.0,,,,,,,
1033,42.0,210.0,,,,,,,
1034,42.0,252.0,,,,,,,
1035,168.0,168.0,,,,,,,
1036,216.0,252.0,,,,,,,
1037,84.0,84.0,,,,,,,
1038,126.0,84.0,,,,,,,
1039,84.0,154.0,,,,,,,
1040,84.0,126.0,,,,,,,
1041,126.0,252.0,,,,,,,
1042,42.0,210.0,,,,,,,
1043,42.0,294.0,,,,,,,
1044,42.0,210.0,,,,,,,
1045,42.0,84.0,,,,,,,
1046,42.0,636.0,,,,,,,
1047,126.0,84.0,,,,,,,
1048,168.0,196.0,,,,,,,
1049,84.0,196.0,,,,,,,
1050,42.0,154.0,,,,,,,
1051,42.0,84.0,,,,,,,
1052,42.0,252.0,,,,,,,
1053,42.0,168.0,,,,,,,
1054,84.0,378.0,,,,,,,
1055,42.0,636.0,,,,,,,
1056,42.0,210.0,,,,,,,
1057,42.0,84.0,,,,,,,
1058,42.0,294.0,,,,,,,
1059,42.0,252.0,,,,,,,
1060,126.0,84.0,,,,,,,
1061,216.0,210.0,,,,,,,
1062,42.0,84.0,,,,,,,
1063,70.0,210.0,,,,,,,
1064,42.0,84.0,,,,,,,
1065,42.0,294.0,,,,,,,
1066,84.0,84.0,,,,,,,
1067,28.0,252.0,,,,,,,
1068,42.0,154.0,,,,,,,
1069,84.0,168.0,,,,,,,
1070,84.0,252.0,,,,,,,
1071,42.0,210.0,,,,,,,
1072,126.0,84.0,,,,,,,
1073,42.0,252.0,,,,,,,
1074,84.0,636.0,,,,,,,
1075,42.0,84.0,,,,,,,
1076,126.0,196.0,,,,,,,
1077,42.0,126.0,,,,,,,
1078,42.0,154.0,,,,,,,
1079,42.0,210.0,,,,,,,
1080,126.0,84.0,,,,,,,
1081,42.0,84.0,,,,,,,
1082,42.0,84.0,,,,,,,
1083,84.0,84.0,,,,,,,
1084,84.0,252.0,,,,,,,
1085,84.0,168.0,,,,,,,
1086,84.0,210.0,,,,,,,
1087,42.0,126.0,,,,,,,
1088,126.0,252.0,,,,,,,
1089,84.0,294.0,,,,,,,
1090,42.0,636.0,,,,,,,
1091,42.0,196.0,,,,,,,
1092,42.0,252.0,,,,,,,
1093,84.0,154.0,,,,,,,
1094,216.0,210.0,,,,,,,
1095,84.0,126.0,,,,,,,
1096,42.0,84.0,,,,,,,
1097,84.0,252.0,,,,,,,
1098,42.0,84.0,,,,,,,
1099,126.0,168.0,,,,,,,
1100,42.0,210.0,,,,,,,
1101,42.0,84.0,,,,,,,
1102,84.0,252.0,,,,,,,
1103,84.0,294.0,,,,,,,
1104,42.0,252.0,,,,,,,
1105,42.0,636.0,,,,,,,
1106,42.0,84.0,,,,,,,
1107,42.0,196.0,,,,,,,
1108,42.0,168.0,,,,,,,
1109,126.0,210.0,,,,,,,
1110,28.0,210.0,,,,,,,
1111,84.0,84.0,,,,,,,
1112,42.0,84.0,,,,,,,
1113,70.0,84.0,,,,,,,
1114,84.0,154.0,,,,,,,
1115,126.0,84.0,,,,,,,
1116,42.0,252.0,,,,,,,
1117,42.0,252.0,,,,,,,
1118,42.0,294.0,,,,,,,
1119,42.0,636.0,,,,,,,
1120,168.0,196.0,,,,,,,
1121,42.0,252.0,,,,,,,
1122,42.0,126.0,,,,,,,
1123,126.0,84.0,,,,,,,
1124,42.0,252.0,,,,,,,
1125,42.0,168.0,,,,,,,
1126,42.0,154.0,,,,,,,
1127,42.0,126.0,,,,,,,
1128,42.0,252.0,,,,,,,
1129,42.0,210.0,,,,,,,
1130,126.0,84.0,,,,,,,
1131,42.0,84.0,,,,,,,
1132,42.0,294.0,,,,,,,
1133,216.0,210.0,,,,,,,
1134,42.0,636.0,,,,,,,
1135,42.0,84.0,,,,,,,
1136,126.0,196.0,,,,,,,
1137,84.0,252.0,,,,,,,
1138,42.0,168.0,,,,,,,
1139,42.0,252.0,,,,,,,
1140,126.0,84.0,,,,,,,
1141,42.0,154.0,,,,,,,
1142,126.0,84.0,,,,,,,
1143,84.0,210.0,,,,,,,
1144,42.0,294.0,,,,,,,
1145,42.0,252.0,,,,,,,
1146,42.0,84.0,,,,,,,
1147,42.0,210.0,,,,,,,
1148,42.0,636.0,,,,,,,
1149,42.0,84.0,,,,,,,
1150,42.0,196.0,,,,,,,
1151,70.0,252.0,,,,,,,
1152,84.0,126.0,,,,,,,
1153,42.0,168.0,,,,,,,
1154,168.0,84.0,,,,,,,
1155,42.0,84.0,,,,,,,
1156,84.0,168.0,,,,,,,
1157,42.0,154.0,,,,,,,
1158,28.0,84.0,,,,,,,
1159,42.0,126.0,,,,,,,
1160,126.0,210.0,,,,,,,
1161,42.0,84.0,,,,,,,
1162,42.0,252.0,,,,,,,
1163,42.0,210.0,,,,,,,
1164,42.0,252.0,,,,,,,
1165,42.0,636.0,,,,,,,
1166,42.0,196.0,,,,,,,
1167,42.0,252.0,,,,,,,
1168,42.0,126.0,,,,,,,
1169,126.0,196.0,,,,,,,
1170,84.0,154.0,,,,,,,
1171,84.0,210.0,,,,,,,
1172,84.0,84.0,,,,,,,
1173,126.0,252.0,,,,,,,
1174,84.0,126.0,,,,,,,
1175,84.0,210.0,,,,,,,
1176,126.0,294.0,,,,,,,
1177,42.0,84.0,,,,,,,
1178,42.0,168.0,,,,,,,
1179,84.0,252.0,,,,,,,
1180,42.0,84.0,,,,,,,
1181,28.0,636.0,,,,,,,
1182,42.0,84.0,,,,,,,
1183,42.0,252.0,,,,,,,
1184,84.0,210.0,,,,,,,
1185,42.0,84.0,,,,,,,
1186,42.0,154.0,,,,,,,
1187,42.0,84.0,,,,,,,
1188,84.0,84.0,,,,,,,
1189,126.0,84.0,,,,,,,
1190,42.0,196.0,,,,,,,
1191,42.0,252.0,,,,,,,
1192,42.0,252.0,,,,,,,
1193,42.0,168.0,,,,,,,
1194,42.0,636.0,,,,,,,
1195,70.0,294.0,,,,,,,
1196,126.0,210.0,,,,,,,
1197,126.0,252.0,,,,,,,
1198,42.0,126.0,,,,,,,
1199,42.0,252.0,,,,,,,
1200,42.0,84.0,,,,,,,
1201,42.0,210.0,,,,,,,
1202,84.0,168.0,,,,,,,
1203,42.0,154.0,,,,,,,
1204,42.0,252.0,,,,,,,
1205,84.0,84.0,,,,,,,
1206,42.0,210.0,,,,,,,
1207,42.0,196.0,,,,,,,
1208,42.0,378.0,,,,,,,
1209,42.0,84.0,,,,,,,
1210,42.0,294.0,,,,,,,
1211,42.0,84.0,,,,,,,
1212,132.0,636.0,,,,,,,
1213,42.0,196.0,,,,,,,
1214,126.0,168.0,,,,,,,
1215,126.0,210.0,,,,,,,
1216,168.0,84.0,,,,,,,
1217,84.0,154.0,,,,,,,
1218,84.0,84.0,,,,,,,
1219,84.0,252.0,,,,,,,
1220,84.0,252.0,,,,,,,
1221,84.0,126.0,,,,,,,
1222,42.0,42.0,,,,,,,
1223,42.0,252.0,,,,,,,
1224,84.0,168.0,,,,,,,
1225,42.0,84.0,,,,,,,
1226,42.0,294.0,,,,,,,
1227,126.0,636.0,,,,,,,
1228,42.0,84.0,,,,,,,
1229,84.0,252.0,,,,,,,
1230,126.0,168.0,,,,,,,
1231,42.0,378.0,,,,,,,
1232,126.0,210.0,,,,,,,
1233,42.0,84.0,,,,,,,
1234,84.0,84.0,,,,,,,
1235,42.0,84.0,,,,,,,
1236,42.0,252.0,,,,,,,
1237,84.0,154.0,,,,,,,
1238,84.0,210.0,,,,,,,
1239,42.0,84.0,,,,,,,
1240,42.0,294.0,,,,,,,
1241,42.0,196.0,,,,,,,
1242,70.0,636.0,,,,,,,
1243,42.0,84.0,,,,,,,
1244,42.0,210.0,,,,,,,
1245,28.0,154.0,,,,,,,
1246,42.0,168.0,,,,,,,
1247,42.0,84.0,,,,,,,
1248,42.0,252.0,,,,,,,
1249,126.0,126.0,,,,,,,
1250,42.0,252.0,,,,,,,
1251,42.0,210.0,,,,,,,
1252,84.0,294.0,,,,,,,
1253,42.0,84.0,,,,,,,
1254,42.0,636.0,,,,,,,
1255,42.0,84.0,,,,,,,
1256,42.0,196.0,,,,,,,
1257,42.0,252.0,,,,,,,
1258,42.0,84.0,,,,,,,
1259,42.0,168.0,,,,,,,
1260,216.0,84.0,,,,,,,
1261,126.0,84.0,,,,,,,
1262,168.0,154.0,,,,,,,
1263,84.0,252.0,,,,,,,
1264,126.0,84.0,,,,,,,
1265,84.0,210.0,,,,,,,
1266,84.0,294.0,,,,,,,
1267,126.0,252.0,,,,,,,
1268,42.0,210.0,,,,,,,
1269,84.0,636.0,,,,,,,
1270,42.0,196.0,,,,,,,
1271,42.0,252.0,,,,,,,
1272,42.0,126.0,,,,,,,
1273,84.0,84.0,,,,,,,
1274,84.0,294.0,,,,,,,
1275,42.0,84.0,,,,,,,
1276,42.0,210.0,,,,,,,
1277,42.0,252.0,,,,,,,
1278,126.0,154.0,,,,,,,
1279,42.0,126.0,,,,,,,
1280,42.0,168.0,,,,,,,
1281,42.0,210.0,,,,,,,
1282,126.0,84.0,,,,,,,
1283,84.0,196.0,,,,,,,
1284,84.0,84.0,,,,,,,
1285,42.0,252.0,,,,,,,
1286,42.0,636.0,,,,,,,
1287,84.0,252.0,,,,,,,
1288,70.0,168.0,,,,,,,
1289,28.0,210.0,,,,,,,
1290,126.0,210.0,,,,,,,
1291,42.0,84.0,,,,,,,
1292,42.0,252.0,,,,,,,
1293,42.0,84.0,,,,,,,
1294,42.0,294.0,,,,,,,
1295,42.0,154.0,,,,,,,
1296,42.0,84.0,,,,,,,
1297,84.0,378.0,,,,,,,
1298,42.0,196.0,,,,,,,
1299,42.0,84.0,,,,,,,
1300,42.0,252.0,,,,,,,
1301,42.0,636.0,,,,,,,
1302,42.0,196.0,,,,,,,
1303,42.0,84.0,,,,,,,
1304,216.0,168.0,,,,,,,
1305,42.0,210.0,,,,,,,
1306,42.0,252.0,,,,,,,
1307,126.0,84.0,,,,,,,
1308,168.0,252.0,,,,,,,
1309,126.0,84.0,,,,,,,
1310,84.0,154.0,,,,,,,
1311,84.0,126.0,,,,,,,
1312,84.0,294.0,,,,,,,
1313,42.0,210.0,,,,,,,
1314,42.0,84.0,,,,,,,
1315,42.0,252.0,,,,,,,
1316,28.0,636.0,,,,,,,
1317,42.0,84.0,,,,,,,
1318,42.0,154.0,,,,,,,
1319,42.0,378.0,,,,,,,
1320,42.0,168.0,,,,,,,
1321,126.0,252.0,,,,,,,
1322,42.0,294.0,,,,,,,
1323,42.0,210.0,,,,,,,
1324,84.0,84.0,,,,,,,
1325,126.0,196.0,,,,,,,
1326,42.0,210.0,,,,,,,
1327,42.0,252.0,,,,,,,
1328,42.0,84.0,,,,,,,
1329,84.0,636.0,,,,,,,
1330,70.0,84.0,,,,,,,
1331,84.0,154.0,,,,,,,
1332,132.0,84.0,,,,,,,
1333,84.0,252.0,,,,,,,
1334,42.0,168.0,,,,,,,
1335,42.0,294.0,,,,,,,
1336,42.0,84.0,,,,,,,
1337,42.0,84.0,,,,,,,
1338,42.0,126.0,,,,,,,
1339,84.0,252.0,,,,,,,
1340,42.0,252.0,,,,,,,
1341,84.0,210.0,,,,,,,
1342,42.0,210.0,,,,,,,
1343,42.0,84.0,,,,,,,
1344,42.0,636.0,,,,,,,
1345,42.0,196.0,,,,,,,
1346,42.0,154.0,,,,,,,
1347,126.0,84.0,,,,,,,
1348,126.0,210.0,,,,,,,
1349,42.0,168.0,,,,,,,
1350,42.0,84.0,,,,,,,
1351,84.0,126.0,,,,,,,
1352,42.0,252.0,,,,,,,
1353,126.0,84.0,,,,,,,
1354,126.0,252.0,,,,,,,
1355,168.0,294.0,,,,,,,
1356,84.0,252.0,,,,,,,
1357,84.0,84.0,,,,,,,
1358,126.0,210.0,,,,,,,
1359,84.0,636.0,,,,,,,
1360,42.0,196.0,,,,,,,
1361,126.0,84.0,,,,,,,
1362,42.0,154.0,,,,,,,
1363,42.0,168.0,,,,,,,
1364,84.0,252.0,,,,,,,
1365,84.0,84.0,,,,,,,
1366,42.0,84.0,,,,,,,
1367,42.0,252.0,,,,,,,
1368,42.0,210.0,,,,,,,
1369,42.0,196.0,,,,,,,
1370,84.0,84.0,,,,,,,
1371,84.0,378.0,,,,,,,
1372,42.0,294.0,,,,,,,
1373,42.0,210.0,,,,,,,
1374,42.0,636.0,,,,,,,
1375,216.0,210.0,,,,,,,
1376,70.0,84.0,,,,,,,
1377,42.0,154.0,,,,,,,
1378,28.0,252.0,,,,,,,
1379,84.0,252.0,,,,,,,
1380,42.0,84.0,,,,,,,
1381,42.0,252.0,,,,,,,
1382,42.0,168.0,,,,,,,
1383,42.0,84.0,,,,,,,
1384,42.0,294.0,,,,,,,
1385,42.0,210.0,,,,,,,
1386,42.0,636.0,,,,,,,
1387,42.0,84.0,,,,,,,
1388,42.0,196.0,,,,,,,
1389,42.0,126.0,,,,,,,
1390,42.0,84.0,,,,,,,
1391,126.0,636.0,,,,,,,
1392,42.0,154.0,,,,,,,
1393,42.0,252.0,,,,,,,
1394,42.0,84.0,,,,,,,
1395,42.0,210.0,,,,,,,
1396,126.0,252.0,,,,,,,
1397,168.0,126.0,,,,,,,
1398,84.0,210.0,,,,,,,
1399,84.0,168.0,,,,,,,
1400,126.0,294.0,,,,,,,
1401,126.0,84.0,,,,,,,
1402,84.0,84.0,,,,,,,
1403,126.0,196.0,,,,,,,
1404,42.0,252.0,,,,,,,
1405,42.0,252.0,,,,,,,
1406,28.0,126.0,,,,,,,
1407,42.0,636.0,,,,,,,
1408,84.0,154.0,,,,,,,
1409,84.0,210.0,,,,,,,
1410,126.0,84.0,,,,,,,
1411,42.0,84.0,,,,,,,
1412,42.0,196.0,,,,,,,
1413,126.0,252.0,,,,,,,
1414,126.0,126.0,,,,,,,
1415,84.0,168.0,,,,,,,
1416,42.0,168.0,,,,,,,
1417,42.0,252.0,,,,,,,
1418,126.0,84.0,,,,,,,
1419,84.0,210.0,,,,,,,
1420,42.0,84.0,,,,,,,
1421,84.0,636.0,,,,,,,
1422,42.0,168.0,,,,,,,
1423,42.0,210.0,,,,,,,
1424,42.0,154.0,,,,,,,
1425,42.0,84.0,,,,,,,
1426,42.0,84.0,,,,,,,
1427,42.0,84.0,,,,,,,
1428,70.0,252.0,,,,,,,
1429,42.0,126.0,,,,,,,
1430,42.0,210.0,,,,,,,
1431,84.0,252.0,,,,,,,
1432,42.0,252.0,,,,,,,
1433,42.0,294.0,,,,,,,
1434,42.0,196.0,,,,,,,
1435,42.0,84.0,,,,,,,
1436,42.0,168.0,,,,,,,
1437,42.0,154.0,,,,,,,
1438,42.0,294.0,,,,,,,
1439,84.0,84.0,,,,,,,
1440,42.0,84.0,,,,,,,
1441,42.0,84.0,,,,,,,
1442,42.0,252.0,,,,,,,
1443,216.0,210.0,,,,,,,
1444,168.0,210.0,,,,,,,
1445,126.0,252.0,,,,,,,
1446,84.0,378.0,,,,,,,
1447,84.0,84.0,,,,,,,
1448,42.0,636.0,,,,,,,
1449,42.0,196.0,,,,,,,
1450,42.0,210.0,,,,,,,
1451,126.0,196.0,,,,,,,
1452,42.0,154.0,,,,,,,
1453,84.0,84.0,,,,,,,
1454,42.0,210.0,,,,,,,
1455,42.0,636.0,,,,,,,
1456,42.0,84.0,,,,,,,
1457,42.0,252.0,,,,,,,
1458,84.0,252.0,,,,,,,
1459,84.0,168.0,,,,,,,
1460,84.0,84.0,,,,,,,
1461,126.0,294.0,,,,,,,
1462,70.0,84.0,,,,,,,
1463,42.0,252.0,,,,,,,
1464,42.0,126.0,,,,,,,
1465,42.0,636.0,,,,,,,
1466,42.0,84.0,,,,,,,
1467,28.0,154.0,,,,,,,
1468,42.0,168.0,,,,,,,
1469,42.0,252.0,,,,,,,
1470,42.0,84.0,,,,,,,
1471,42.0,84.0,,,,,,,
1472,42.0,84.0,,,,,,,
1473,84.0,252.0,,,,,,,
1474,42.0,126.0,,,,,,,
1475,42.0,42.0,,,,,,,
1476,84.0,210.0,,,,,,,
1477,42.0,168.0,,,,,,,
1478,42.0,294.0,,,,,,,
1479,42.0,252.0,,,,,,,
1480,42.0,196.0,,,,,,,
1481,126.0,252.0,,,,,,,
1482,42.0,196.0,,,,,,,
1483,42.0,168.0,,,,,,,
1484,126.0,210.0,,,,,,,
1485,126.0,84.0,,,,,,,
1486,216.0,84.0,,,,,,,
1487,42.0,154.0,,,,,,,
1488,126.0,210.0,,,,,,,
1489,168.0,126.0,,,,,,,
1490,84.0,636.0,,,,,,,
1491,84.0,84.0,,,,,,,
1492,84.0,294.0,,,,,,,
1493,42.0,252.0,,,,,,,
1494,42.0,84.0,,,,,,,
1495,84.0,252.0,,,,,,,
1496,42.0,168.0,,,,,,,
1497,42.0,210.0,,,,,,,
1498,42.0,154.0,,,,,,,
1499,84.0,210.0,,,,,,,
1500,42.0,294.0,,,,,,,
1501,126.0,84.0,,,,,,,
1502,42.0,84.0,,,,,,,
1503,126.0,84.0,,,,,,,
1504,42.0,252.0,,,,,,,
1505,84.0,126.0,,,,,,,
1506,42.0,84.0,,,,,,,
1507,84.0,252.0,,,,,,,
1508,126.0,636.0,,,,,,,
1509,42.0,196.0,,,,,,,
1510,42.0,252.0,,,,,,,
1511,42.0,,,,,,,,
1512,70.0,,,,,,,,
1513,42.0,,,,,,,,
1514,42.0,,,,,,,,
1515,84.0,,,,,,,,
1516,126.0,,,,,,,,
1517,42.0,,,,,,,,
1518,84.0,,,,,,,,
1519,42.0,,,,,,,,
1520,42.0,,,,,,,,
1521,42.0,,,,,,,,
1522,28.0,,,,,,,,
1523,42.0,,,,,,,,
1524,84.0,,,,,,,,
1525,42.0,,,,,,,,
1526,42.0,,,,,,,,
1527,42.0,,,,,,,,
1528,126.0,,,,,,,,
1529,42.0,,,,,,,,
1530,42.0,,,,,,,,
1531,42.0,,,,,,,,
1532,42.0,,,,,,,,
1533,216.0,,,,,,,,
1534,168.0,,,,,,,,
1535,84.0,,,,,,,,
1536,84.0,,,,,,,,
1537,126.0,,,,,,,,
1538,42.0,,,,,,,,
1539,42.0,,,,,,,,
1540,84.0,,,,,,,,
1541,42.0,,,,,,,,
1542,42.0,,,,,,,,
1543,84.0,,,,,,,,
1544,126.0,,,,,,,,
1545,42.0,,,,,,,,
1546,42.0,,,,,,,,
1547,42.0,,,,,,,,
1548,126.0,,,,,,,,
1549,42.0,,,,,,,,
1550,42.0,,,,,,,,
1551,42.0,,,,,,,,
1552,42.0,,,,,,,,
1553,42.0,,,,,,,,
1554,84.0,,,,,,,,
1555,84.0,,,,,,,,
1556,42.0,,,,,,,,
1557,42.0,,,,,,,,
1558,42.0,,,,,,,,
1559,42.0,,,,,,,,
1560,42.0,,,,,,,,
1561,70.0,,,,,,,,
1562,84.0,,,,,,,,
1563,28.0,,,,,,,,
1564,84.0,,,,,,,,
1565,42.0,,,,,,,,
1566,42.0,,,,,,,,
1567,84.0,,,,,,,,
1568,42.0,,,,,,,,
1569,42.0,,,,,,,,
1570,42.0,,,,,,,,
1571,42.0,,,,,,,,
1572,84.0,,,,,,,,
1573,42.0,,,,,,,,
1574,126.0,,,,,,,,
1575,42.0,,,,,,,,
1576,42.0,,,,,,,,
1577,216.0,,,,,,,,
1578,126.0,,,,,,,,
1579,168.0,,,,,,,,
1580,126.0,,,,,,,,
1581,126.0,,,,,,,,
1582,84.0,,,,,,,,
1583,216.0,,,,,,,,
1584,84.0,,,,,,,,
1585,126.0,,,,,,,,
1586,42.0,,,,,,,,
1587,42.0,,,,,,,,
1588,42.0,,,,,,,,
1589,42.0,,,,,,,,
1590,84.0,,,,,,,,
1591,84.0,,,,,,,,
1592,42.0,,,,,,,,
1593,42.0,,,,,,,,
1594,126.0,,,,,,,,
1595,126.0,,,,,,,,
1596,42.0,,,,,,,,
1597,42.0,,,,,,,,
1598,42.0,,,,,,,,
1599,42.0,,,,,,,,
1600,42.0,,,,,,,,
1601,70.0,,,,,,,,
1602,42.0,,,,,,,,
1603,42.0,,,,,,,,
1604,42.0,,,,,,,,
1605,42.0,,,,,,,,
1606,84.0,,,,,,,,
1607,126.0,,,,,,,,
1608,42.0,,,,,,,,
1609,84.0,,,,,,,,
1610,28.0,,,,,,,,
1611,84.0,,,,,,,,
1612,84.0,,,,,,,,
1613,42.0,,,,,,,,
1614,42.0,,,,,,,,
1615,84.0,,,,,,,,
1616,42.0,,,,,,,,
1617,42.0,,,,,,,,
1618,126.0,,,,,,,,
1619,42.0,,,,,,,,
1620,42.0,,,,,,,,
1621,42.0,,,,,,,,
1622,42.0,,,,,,,,
1623,42.0,,,,,,,,
1624,126.0,,,,,,,,
1625,42.0,,,,,,,,
1626,42.0,,,,,,,,
1627,126.0,,,,,,,,
1628,84.0,,,,,,,,
1629,84.0,,,,,,,,
1630,42.0,,,,,,,,
1631,84.0,,,,,,,,
1632,42.0,,,,,,,,
1633,42.0,,,,,,,,
1634,84.0,,,,,,,,
1635,84.0,,,,,,,,
1636,42.0,,,,,,,,
1637,216.0,,,,,,,,
1638,42.0,,,,,,,,
1639,42.0,,,,,,,,
1640,126.0,,,,,,,,
1641,42.0,,,,,,,,
1642,84.0,,,,,,,,
1643,84.0,,,,,,,,
1644,42.0,,,,,,,,
1645,42.0,,,,,,,,
1646,42.0,,,,,,,,
1647,42.0,,,,,,,,
1648,42.0,,,,,,,,
1649,28.0,,,,,,,,
1650,70.0,,,,,,,,
1651,84.0,,,,,,,,
1652,42.0,,,,,,,,
1653,42.0,,,,,,,,
1654,42.0,,,,,,,,
1655,42.0,,,,,,,,
1656,42.0,,,,,,,,
1657,42.0,,,,,,,,
1658,42.0,,,,,,,,
1659,42.0,,,,,,,,
1660,84.0,,,,,,,,
1661,42.0,,,,,,,,
1662,42.0,,,,,,,,
1663,42.0,,,,,,,,
1664,42.0,,,,,,,,
1665,42.0,,,,,,,,
1666,126.0,,,,,,,,
1667,42.0,,,,,,,,
1668,126.0,,,,,,,,
1669,126.0,,,,,,,,
1670,168.0,,,,,,,,
1671,126.0,,,,,,,,
1672,126.0,,,,,,,,
1673,84.0,,,,,,,,
1674,126.0,,,,,,,,
1675,84.0,,,,,,,,
1676,126.0,,,,,,,,
1677,42.0,,,,,,,,
1678,42.0,,,,,,,,
1679,42.0,,,,,,,,
1680,84.0,,,,,,,,
1681,42.0,,,,,,,,
1682,84.0,,,,,,,,
1683,42.0,,,,,,,,
1684,42.0,,,,,,,,
1685,84.0,,,,,,,,
1686,42.0,,,,,,,,
1687,126.0,,,,,,,,
1688,42.0,,,,,,,,
1689,42.0,,,,,,,,
1690,126.0,,,,,,,,
1691,42.0,,,,,,,,
1692,70.0,,,,,,,,
1693,42.0,,,,,,,,
1694,42.0,,,,,,,,
1695,42.0,,,,,,,,
1696,28.0,,,,,,,,
1697,42.0,,,,,,,,
1698,42.0,,,,,,,,
1699,84.0,,,,,,,,
1700,126.0,,,,,,,,
1701,126.0,,,,,,,,
1702,42.0,,,,,,,,
1703,42.0,,,,,,,,
1704,84.0,,,,,,,,
1705,42.0,,,,,,,,
1706,42.0,,,,,,,,
1707,42.0,,,,,,,,
1708,42.0,,,,,,,,
1709,42.0,,,,,,,,
1710,42.0,,,,,,,,
1711,126.0,,,,,,,,
1712,42.0,,,,,,,,
1713,42.0,,,,,,,,
1714,42.0,,,,,,,,
1715,216.0,,,,,,,,
1716,84.0,,,,,,,,
1717,126.0,,,,,,,,
1718,84.0,,,,,,,,
1719,84.0,,,,,,,,
1720,84.0,,,,,,,,
1721,126.0,,,,,,,,
1722,42.0,,,,,,,,
1723,84.0,,,,,,,,
1724,42.0,,,,,,,,
1725,42.0,,,,,,,,
1726,84.0,,,,,,,,
1727,126.0,,,,,,,,
1728,42.0,,,,,,,,
1729,42.0,,,,,,,,
1730,126.0,,,,,,,,
1731,42.0,,,,,,,,
1732,126.0,,,,,,,,
1733,84.0,,,,,,,,
1734,42.0,,,,,,,,
1735,42.0,,,,,,,,
1736,42.0,,,,,,,,
1737,42.0,,,,,,,,
1738,126.0,,,,,,,,
1739,42.0,,,,,,,,
1740,70.0,,,,,,,,
1741,28.0,,,,,,,,
1742,42.0,,,,,,,,
1743,84.0,,,,,,,,
1744,42.0,,,,,,,,
1745,42.0,,,,,,,,
1746,42.0,,,,,,,,
1747,42.0,,,,,,,,
1748,42.0,,,,,,,,
1749,42.0,,,,,,,,
1750,42.0,,,,,,,,
1751,168.0,,,,,,,,
1752,42.0,,,,,,,,
1753,42.0,,,,,,,,
1754,42.0,,,,,,,,
1755,42.0,,,,,,,,
1756,42.0,,,,,,,,
1757,42.0,,,,,,,,
1758,42.0,,,,,,,,
1759,132.0,,,,,,,,
1760,84.0,,,,,,,,
1761,84.0,,,,,,,,
1762,84.0,,,,,,,,
1763,126.0,,,,,,,,
1764,84.0,,,,,,,,
1765,70.0,,,,,,,,
1766,42.0,,,,,,,,
1767,126.0,,,,,,,,
1768,42.0,,,,,,,,
1769,42.0,,,,,,,,
1770,42.0,,,,,,,,
1771,126.0,,,,,,,,
1772,42.0,,,,,,,,
1773,84.0,,,,,,,,
1774,84.0,,,,,,,,
1775,42.0,,,,,,,,
1776,126.0,,,,,,,,
1777,42.0,,,,,,,,
1778,42.0,,,,,,,,
1779,126.0,,,,,,,,
1780,42.0,,,,,,,,
1781,42.0,,,,,,,,
1782,42.0,,,,,,,,
1783,126.0,,,,,,,,
1784,84.0,,,,,,,,
1785,84.0,,,,,,,,
1786,42.0,,,,,,,,
1787,216.0,,,,,,,,
1788,84.0,,,,,,,,
1789,42.0,,,,,,,,
1790,28.0,,,,,,,,
1791,42.0,,,,,,,,
1792,42.0,,,,,,,,
1793,42.0,,,,,,,,
1794,42.0,,,,,,,,
1795,42.0,,,,,,,,
1796,42.0,,,,,,,,
1797,42.0,,,,,,,,
1798,42.0,,,,,,,,
1799,42.0,,,,,,,,
1800,42.0,,,,,,,,
1801,42.0,,,,,,,,
1802,42.0,,,,,,,,
1803,42.0,,,,,,,,
1804,168.0,,,,,,,,
1805,84.0,,,,,,,,
1806,84.0,,,,,,,,
1807,126.0,,,,,,,,
1808,84.0,,,,,,,,
1809,84.0,,,,,,,,
1810,126.0,,,,,,,,
1811,42.0,,,,,,,,
1812,42.0,,,,,,,,
1813,42.0,,,,,,,,
1814,84.0,,,,,,,,
1815,42.0,,,,,,,,
1816,126.0,,,,,,,,
1817,84.0,,,,,,,,
1818,84.0,,,,,,,,
1819,42.0,,,,,,,,
1820,84.0,,,,,,,,
1821,42.0,,,,,,,,
1822,42.0,,,,,,,,
1823,126.0,,,,,,,,
1824,42.0,,,,,,,,
1825,42.0,,,,,,,,
1826,84.0,,,,,,,,
1827,84.0,,,,,,,,
1828,42.0,,,,,,,,
1829,42.0,,,,,,,,
1830,42.0,,,,,,,,
1831,42.0,,,,,,,,
1832,70.0,,,,,,,,
1833,42.0,,,,,,,,
1834,28.0,,,,,,,,
1835,84.0,,,,,,,,
1836,42.0,,,,,,,,
1837,42.0,,,,,,,,
1838,42.0,,,,,,,,
1839,42.0,,,,,,,,
1840,216.0,,,,,,,,
1841,42.0,,,,,,,,
1842,42.0,,,,,,,,
1843,42.0,,,,,,,,
1844,84.0,,,,,,,,
1845,42.0,,,,,,,,
1846,126.0,,,,,,,,
1847,42.0,,,,,,,,
1848,42.0,,,,,,,,
1849,42.0,,,,,,,,
1850,126.0,,,,,,,,
1851,42.0,,,,,,,,
1852,168.0,,,,,,,,
1853,126.0,,,,,,,,
1854,84.0,,,,,,,,
1855,84.0,,,,,,,,
1856,42.0,,,,,,,,
1857,126.0,,,,,,,,
1858,42.0,,,,,,,,
1859,84.0,,,,,,,,
1860,84.0,,,,,,,,
1861,84.0,,,,,,,,
1862,126.0,,,,,,,,
1863,42.0,,,,,,,,
1864,42.0,,,,,,,,
1865,42.0,,,,,,,,
1866,84.0,,,,,,,,
1867,42.0,,,,,,,,
1868,84.0,,,,,,,,
1869,126.0,,,,,,,,
1870,42.0,,,,,,,,
1871,84.0,,,,,,,,
1872,42.0,,,,,,,,
1873,42.0,,,,,,,,
1874,42.0,,,,,,,,
1875,42.0,,,,,,,,
1876,42.0,,,,,,,,
1877,70.0,,,,,,,,
1878,42.0,,,,,,,,
1879,42.0,,,,,,,,
1880,28.0,,,,,,,,
1881,42.0,,,,,,,,
1882,42.0,,,,,,,,
1883,42.0,,,,,,,,
1884,42.0,,,,,,,,
1885,42.0,,,,,,,,
1886,42.0,,,,,,,,
1887,42.0,,,,,,,,
1888,42.0,,,,,,,,
1889,42.0,,,,,,,,
1890,42.0,,,,,,,,
1891,42.0,,,,,,,,
1892,216.0,,,,,,,,
1893,42.0,,,,,,,,
1894,42.0,,,,,,,,
1895,126.0,,,,,,,,
1896,126.0,,,,,,,,
1897,84.0,,,,,,,,
1898,126.0,,,,,,,,
1899,126.0,,,,,,,,
1900,84.0,,,,,,,,
1901,42.0,,,,,,,,
1902,42.0,,,,,,,,
1903,126.0,,,,,,,,
1904,42.0,,,,,,,,
1905,42.0,,,,,,,,
1906,42.0,,,,,,,,
1907,84.0,,,,,,,,
1908,42.0,,,,,,,,
1909,126.0,,,,,,,,
1910,42.0,,,,,,,,
1911,42.0,,,,,,,,
1912,84.0,,,,,,,,
1913,126.0,,,,,,,,
1914,42.0,,,,,,,,
1915,42.0,,,,,,,,
1916,42.0,,,,,,,,
1917,42.0,,,,,,,,
1918,42.0,,,,,,,,
1919,42.0,,,,,,,,
1920,42.0,,,,,,,,
1921,70.0,,,,,,,,
1922,84.0,,,,,,,,
1923,42.0,,,,,,,,
1924,42.0,,,,,,,,
1925,28.0,,,,,,,,
1926,84.0,,,,,,,,
1927,42.0,,,,,,,,
1928,42.0,,,,,,,,
1929,84.0,,,,,,,,
1930,42.0,,,,,,,,
1931,42.0,,,,,,,,
1932,84.0,,,,,,,,
1933,42.0,,,,,,,,
1934,42.0,,,,,,,,
1935,42.0,,,,,,,,
1936,42.0,,,,,,,,
1937,42.0,,,,,,,,
1938,216.0,,,,,,,,
1939,126.0,,,,,,,,
1940,42.0,,,,,,,,
1941,126.0,,,,,,,,
1942,84.0,,,,,,,,
1943,84.0,,,,,,,,
1944,126.0,,,,,,,,
1945,84.0,,,,,,,,
1946,126.0,,,,,,,,
1947,126.0,,,,,,,,
1948,84.0,,,,,,,,
1949,84.0,,,,,,,,
1950,42.0,,,,,,,,
1951,42.0,,,,,,,,
1952,42.0,,,,,,,,
1953,84.0,,,,,,,,
1954,42.0,,,,,,,,
1955,84.0,,,,,,,,
1956,126.0,,,,,,,,
1957,42.0,,,,,,,,
1958,84.0,,,,,,,,
1959,42.0,,,,,,,,
1960,126.0,,,,,,,,
1961,42.0,,,,,,,,
1962,42.0,,,,,,,,
1963,42.0,,,,,,,,
1964,42.0,,,,,,,,
1965,42.0,,,,,,,,
1966,216.0,,,,,,,,
1967,84.0,,,,,,,,
1968,28.0,,,,,,,,
1969,42.0,,,,,,,,
1970,70.0,,,,,,,,
1971,42.0,,,,,,,,
1972,42.0,,,,,,,,
1973,42.0,,,,,,,,
1974,42.0,,,,,,,,
1975,42.0,,,,,,,,
1976,42.0,,,,,,,,
1977,42.0,,,,,,,,
1978,126.0,,,,,,,,
1979,84.0,,,,,,,,
1980,42.0,,,,,,,,
1981,42.0,,,,,,,,
1982,42.0,,,,,,,,
1983,42.0,,,,,,,,
1984,42.0,,,,,,,,
1985,42.0,,,,,,,,
1986,42.0,,,,,,,,
1987,126.0,,,,,,,,
1988,168.0,,,,,,,,
1989,84.0,,,,,,,,
1990,126.0,,,,,,,,
1991,84.0,,,,,,,,
1992,42.0,,,,,,,,
1993,42.0,,,,,,,,
1994,126.0,,,,,,,,
1995,42.0,,,,,,,,
1996,126.0,,,,,,,,
1997,84.0,,,,,,,,
1998,84.0,,,,,,,,
1999,42.0,,,,,,,,
2000,42.0,,,,,,,,
2001,84.0,,,,,,,,
2002,42.0,,,,,,,,
2003,84.0,,,,,,,,
2004,84.0,,,,,,,,
2005,42.0,,,,,,,,
2006,42.0,,,,,,,,
2007,84.0,,,,,,,,
2008,42.0,,,,,,,,
2009,42.0,,,,,,,,
2010,42.0,,,,,,,,
2011,42.0,,,,,,,,
2012,42.0,,,,,,,,
2013,70.0,,,,,,,,
2014,28.0,,,,,,,,
2015,126.0,,,,,,,,
2016,42.0,,,,,,,,
2017,42.0,,,,,,,,
2018,126.0,,,,,,,,
2019,84.0,,,,,,,,
2020,42.0,,,,,,,,
2021,42.0,,,,,,,,
2022,42.0,,,,,,,,
2023,42.0,,,,,,,,
2024,42.0,,,,,,,,
2025,84.0,,,,,,,,
2026,42.0,,,,,,,,
2027,42.0,,,,,,,,
2028,42.0,,,,,,,,
2029,42.0,,,,,,,,
2030,126.0,,,,,,,,
2031,42.0,,,,,,,,
2032,42.0,,,,,,,,
2033,216.0,,,,,,,,
2034,126.0,,,,,,,,
2035,168.0,,,,,,,,
2036,84.0,,,,,,,,
2037,42.0,,,,,,,,
2038,84.0,,,,,,,,
2039,126.0,,,,,,,,
2040,42.0,,,,,,,,
2041,84.0,,,,,,,,
2042,42.0,,,,,,,,
2043,42.0,,,,,,,,
2044,42.0,,,,,,,,
2045,84.0,,,,,,,,
2046,126.0,,,,,,,,
2047,132.0,,,,,,,,
2048,42.0,,,,,,,,
2049,126.0,,,,,,,,
2050,42.0,,,,,,,,
2051,84.0,,,,,,,,
2052,42.0,,,,,,,,
2053,42.0,,,,,,,,
2054,42.0,,,,,,,,
2055,70.0,,,,,,,,
2056,42.0,,,,,,,,
2057,84.0,,,,,,,,
2058,42.0,,,,,,,,
2059,28.0,,,,,,,,
2060,84.0,,,,,,,,
2061,84.0,,,,,,,,
2062,42.0,,,,,,,,
2063,42.0,,,,,,,,
2064,42.0,,,,,,,,
2065,42.0,,,,,,,,
2066,42.0,,,,,,,,
2067,84.0,,,,,,,,
2068,42.0,,,,,,,,
2069,42.0,,,,,,,,
2070,42.0,,,,,,,,
2071,42.0,,,,,,,,
2072,42.0,,,,,,,,
2073,42.0,,,,,,,,
2074,168.0,,,,,,,,
2075,42.0,,,,,,,,
2076,42.0,,,,,,,,
2077,126.0,,,,,,,,
2078,42.0,,,,,,,,
2079,126.0,,,,,,,,
2080,126.0,,,,,,,,
2081,84.0,,,,,,,,
2082,84.0,,,,,,,,
2083,84.0,,,,,,,,
2084,42.0,,,,,,,,
2085,42.0,,,,,,,,
2086,42.0,,,,,,,,
2087,126.0,,,,,,,,
2088,42.0,,,,,,,,
2089,84.0,,,,,,,,
2090,216.0,,,,,,,,
2091,42.0,,,,,,,,
2092,126.0,,,,,,,,
2093,42.0,,,,,,,,
2094,84.0,,,,,,,,
2095,42.0,,,,,,,,
2096,42.0,,,,,,,,
2097,42.0,,,,,,,,
2098,42.0,,,,,,,,
2099,42.0,,,,,,,,
2100,84.0,,,,,,,,
2101,42.0,,,,,,,,
2102,42.0,,,,,,,,
2103,42.0,,,,,,,,
2104,42.0,,,,,,,,
2105,28.0,,,,,,,,
2106,70.0,,,,,,,,
2107,42.0,,,,,,,,
2108,42.0,,,,,,,,
2109,42.0,,,,,,,,
2110,126.0,,,,,,,,
2111,84.0,,,,,,,,
2112,42.0,,,,,,,,
2113,84.0,,,,,,,,
2114,42.0,,,,,,,,
2115,42.0,,,,,,,,
2116,42.0,,,,,,,,
2117,42.0,,,,,,,,
2118,42.0,,,,,,,,
2119,42.0,,,,,,,,
2120,42.0,,,,,,,,
2121,126.0,,,,,,,,
2122,168.0,,,,,,,,
2123,84.0,,,,,,,,
2124,84.0,,,,,,,,
2125,126.0,,,,,,,,
2126,126.0,,,,,,,,
2127,84.0,,,,,,,,
2128,42.0,,,,,,,,
2129,126.0,,,,,,,,
2130,84.0,,,,,,,,
2131,42.0,,,,,,,,
2132,84.0,,,,,,,,
2133,84.0,,,,,,,,
2134,126.0,,,,,,,,
2135,42.0,,,,,,,,
2136,42.0,,,,,,,,
2137,126.0,,,,,,,,
2138,42.0,,,,,,,,
2139,126.0,,,,,,,,
2140,42.0,,,,,,,,
2141,42.0,,,,,,,,
2142,84.0,,,,,,,,
2143,42.0,,,,,,,,
2144,42.0,,,,,,,,
2145,42.0,,,,,,,,
2146,70.0,,,,,,,,
2147,168.0,,,,,,,,
2148,42.0,,,,,,,,
2149,42.0,,,,,,,,
2150,42.0,,,,,,,,
2151,42.0,,,,,,,,
2152,28.0,,,,,,,,
2153,42.0,,,,,,,,
2154,42.0,,,,,,,,
2155,42.0,,,,,,,,
2156,42.0,,,,,,,,
2157,84.0,,,,,,,,
2158,84.0,,,,,,,,
2159,42.0,,,,,,,,
2160,42.0,,,,,,,,
2161,42.0,,,,,,,,
2162,42.0,,,,,,,,
2163,42.0,,,,,,,,
2164,126.0,,,,,,,,
2165,42.0,,,,,,,,
2166,42.0,,,,,,,,
2167,42.0,,,,,,,,
2168,216.0,,,,,,,,
2169,84.0,,,,,,,,
2170,84.0,,,,,,,,
2171,126.0,,,,,,,,
2172,84.0,,,,,,,,
2173,42.0,,,,,,,,
2174,126.0,,,,,,,,
2175,42.0,,,,,,,,
2176,84.0,,,,,,,,
2177,42.0,,,,,,,,
2178,84.0,,,,,,,,
2179,84.0,,,,,,,,
2180,126.0,,,,,,,,
2181,126.0,,,,,,,,
2182,126.0,,,,,,,,
2183,42.0,,,,,,,,
2184,84.0,,,,,,,,
2185,42.0,,,,,,,,
2186,42.0,,,,,,,,
2187,42.0,,,,,,,,
2188,42.0,,,,,,,,
2189,84.0,,,,,,,,
2190,42.0,,,,,,,,
2191,42.0,,,,,,,,
2192,42.0,,,,,,,,
2193,42.0,,,,,,,,
2194,84.0,,,,,,,,
2195,42.0,,,,,,,,
2196,42.0,,,,,,,,
2197,70.0,,,,,,,,
2198,42.0,,,,,,,,
2199,84.0,,,,,,,,
2200,28.0,,,,,,,,
2201,42.0,,,,,,,,
2202,42.0,,,,,,,,
2203,42.0,,,,,,,,
2204,42.0,,,,,,,,
2205,42.0,,,,,,,,
2206,126.0,,,,,,,,
2207,42.0,,,,,,,,
2208,42.0,,,,,,,,
2209,42.0,,,,,,,,
2210,42.0,,,,,,,,
2211,42.0,,,,,,,,
2212,126.0,,,,,,,,
2213,42.0,,,,,,,,
2214,216.0,,,,,,,,
2215,168.0,,,,,,,,
2216,84.0,,,,,,,,
2217,84.0,,,,,,,,
2218,42.0,,,,,,,,
2219,42.0,,,,,,,,
2220,42.0,,,,,,,,
2221,42.0,,,,,,,,
2222,84.0,,,,,,,,
2223,42.0,,,,,,,,
2224,126.0,,,,,,,,
2225,42.0,,,,,,,,
2226,42.0,,,,,,,,
2227,42.0,,,,,,,,
2228,42.0,,,,,,,,
2229,84.0,,,,,,,,
2230,42.0,,,,,,,,
2231,84.0,,,,,,,,
2232,84.0,,,,,,,,
2233,42.0,,,,,,,,
2234,84.0,,,,,,,,
2235,42.0,,,,,,,,
2236,42.0,,,,,,,,
2237,70.0,,,,,,,,
2238,42.0,,,,,,,,
2239,84.0,,,,,,,,
2240,28.0,,,,,,,,
2241,42.0,,,,,,,,
2242,42.0,,,,,,,,
2243,42.0,,,,,,,,
2244,42.0,,,,,,,,
2245,126.0,,,,,,,,
2246,42.0,,,,,,,,
2247,42.0,,,,,,,,
2248,84.0,,,,,,,,
2249,42.0,,,,,,,,
2250,126.0,,,,,,,,
2251,42.0,,,,,,,,
2252,42.0,,,,,,,,
2253,42.0,,,,,,,,
2254,126.0,,,,,,,,
2255,42.0,,,,,,,,
2256,42.0,,,,,,,,
2257,168.0,,,,,,,,
2258,216.0,,,,,,,,
2259,126.0,,,,,,,,
2260,84.0,,,,,,,,
2261,84.0,,,,,,,,
2262,126.0,,,,,,,,
2263,84.0,,,,,,,,
2264,70.0,,,,,,,,
2265,84.0,,,,,,,,
2266,84.0,,,,,,,,
2267,126.0,,,,,,,,
2268,42.0,,,,,,,,
2269,42.0,,,,,,,,
2270,84.0,,,,,,,,
2271,42.0,,,,,,,,
2272,42.0,,,,,,,,
2273,42.0,,,,,,,,
2274,42.0,,,,,,,,
2275,42.0,,,,,,,,
2276,42.0,,,,,,,,
2277,42.0,,,,,,,,
2278,84.0,,,,,,,,
2279,42.0,,,,,,,,
2280,42.0,,,,,,,,
2281,42.0,,,,,,,,
2282,126.0,,,,,,,,
2283,28.0,,,,,,,,
2284,42.0,,,,,,,,
2285,216.0,,,,,,,,
2286,42.0,,,,,,,,
2287,42.0,,,,,,,,
2288,84.0,,,,,,,,
2289,42.0,,,,,,,,
2290,42.0,,,,,,,,
2291,42.0,,,,,,,,
2292,84.0,,,,,,,,
2293,42.0,,,,,,,,
2294,42.0,,,,,,,,
2295,42.0,,,,,,,,
2296,42.0,,,,,,,,
2297,42.0,,,,,,,,
2298,126.0,,,,,,,,
2299,42.0,,,,,,,,
2300,42.0,,,,,,,,
2301,126.0,,,,,,,,
2302,42.0,,,,,,,,
2303,168.0,,,,,,,,
2304,126.0,,,,,,,,
2305,84.0,,,,,,,,
2306,84.0,,,,,,,,
2307,126.0,,,,,,,,
2308,126.0,,,,,,,,
2309,84.0,,,,,,,,
2310,42.0,,,,,,,,
2311,126.0,,,,,,,,
2312,42.0,,,,,,,,
2313,42.0,,,,,,,,
2314,216.0,,,,,,,,
2315,42.0,,,,,,,,
2316,84.0,,,,,,,,
2317,42.0,,,,,,,,
2318,42.0,,,,,,,,
2319,42.0,,,,,,,,
2320,42.0,,,,,,,,
2321,126.0,,,,,,,,
2322,42.0,,,,,,,,
2323,42.0,,,,,,,,
2324,42.0,,,,,,,,
2325,42.0,,,,,,,,
2326,84.0,,,,,,,,
2327,42.0,,,,,,,,
2328,28.0,,,,,,,,
2329,70.0,,,,,,,,
2330,126.0,,,,,,,,
2331,42.0,,,,,,,,
2332,42.0,,,,,,,,
2333,42.0,,,,,,,,
2334,42.0,,,,,,,,
2335,126.0,,,,,,,,
2336,84.0,,,,,,,,
2337,84.0,,,,,,,,
2338,84.0,,,,,,,,
2339,42.0,,,,,,,,
2340,42.0,,,,,,,,
2341,42.0,,,,,,,,
2342,168.0,,,,,,,,
2343,42.0,,,,,,,,
2344,42.0,,,,,,,,
2345,84.0,,,,,,,,
2346,42.0,,,,,,,,
2347,42.0,,,,,,,,
2348,42.0,,,,,,,,
2349,42.0,,,,,,,,
2350,84.0,,,,,,,,
2351,126.0,,,,,,,,
2352,84.0,,,,,,,,
2353,84.0,,,,,,,,
2354,42.0,,,,,,,,
2355,42.0,,,,,,,,
2356,42.0,,,,,,,,
2357,84.0,,,,,,,,
2358,84.0,,,,,,,,
2359,42.0,,,,,,,,
2360,84.0,,,,,,,,
2361,42.0,,,,,,,,
2362,42.0,,,,,,,,
2363,126.0,,,,,,,,
2364,84.0,,,,,,,,
2365,42.0,,,,,,,,
2366,126.0,,,,,,,,
2367,84.0,,,,,,,,
2368,42.0,,,,,,,,
2369,42.0,,,,,,,,
2370,42.0,,,,,,,,
2371,42.0,,,,,,,,
2372,42.0,,,,,,,,
2373,42.0,,,,,,,,
2374,42.0,,,,,,,,
2375,70.0,,,,,,,,
2376,28.0,,,,,,,,
2377,84.0,,,,,,,,
2378,42.0,,,,,,,,
2379,42.0,,,,,,,,
2380,42.0,,,,,,,,
2381,42.0,,,,,,,,
2382,42.0,,,,,,,,
2383,42.0,,,,,,,,
2384,42.0,,,,,,,,
2385,42.0,,,,,,,,
2386,126.0,,,,,,,,
2387,42.0,,,,,,,,
2388,42.0,,,,,,,,
2389,42.0,,,,,,,,
2390,126.0,,,,,,,,
2391,126.0,,,,,,,,
2392,42.0,,,,,,,,
2393,42.0,,,,,,,,
2394,126.0,,,,,,,,
2395,216.0,,,,,,,,
2396,84.0,,,,,,,,
2397,126.0,,,,,,,,
2398,84.0,,,,,,,,
2399,84.0,,,,,,,,
2400,70.0,,,,,,,,
2401,42.0,,,,,,,,
2402,42.0,,,,,,,,
2403,42.0,,,,,,,,
2404,126.0,,,,,,,,
2405,42.0,,,,,,,,
2406,42.0,,,,,,,,
2407,84.0,,,,,,,,
2408,42.0,,,,,,,,
2409,126.0,,,,,,,,
2410,84.0,,,,,,,,
2411,42.0,,,,,,,,
2412,42.0,,,,,,,,
2413,42.0,,,,,,,,
2414,42.0,,,,,,,,
2415,84.0,,,,,,,,
2416,42.0,,,,,,,,
2417,42.0,,,,,,,,
2418,42.0,,,,,,,,
2419,42.0,,,,,,,,
2420,28.0,,,,,,,,
2421,42.0,,,,,,,,
2422,42.0,,,,,,,,
2423,84.0,,,,,,,,
2424,84.0,,,,,,,,
2425,84.0,,,,,,,,
2426,42.0,,,,,,,,
2427,42.0,,,,,,,,
2428,42.0,,,,,,,,
2429,84.0,,,,,,,,
2430,42.0,,,,,,,,
2431,84.0,,,,,,,,
2432,216.0,,,,,,,,
2433,42.0,,,,,,,,
2434,42.0,,,,,,,,
2435,42.0,,,,,,,,
2436,42.0,,,,,,,,
2437,42.0,,,,,,,,
2438,126.0,,,,,,,,
2439,42.0,,,,,,,,
2440,126.0,,,,,,,,
2441,168.0,,,,,,,,
2442,126.0,,,,,,,,
2443,126.0,,,,,,,,
2444,126.0,,,,,,,,
2445,42.0,,,,,,,,
2446,42.0,,,,,,,,
2447,84.0,,,,,,,,
2448,42.0,,,,,,,,
2449,126.0,,,,,,,,
2450,42.0,,,,,,,,
2451,42.0,,,,,,,,
2452,42.0,,,,,,,,
2453,42.0,,,,,,,,
2454,42.0,,,,,,,,
2455,126.0,,,,,,,,
2456,126.0,,,,,,,,
2457,42.0,,,,,,,,
2458,42.0,,,,,,,,
2459,42.0,,,,,,,,
2460,42.0,,,,,,,,
2461,42.0,,,,,,,,
2462,28.0,,,,,,,,
2463,42.0,,,,,,,,
2464,70.0,,,,,,,,
2465,42.0,,,,,,,,
2466,42.0,,,,,,,,
2467,84.0,,,,,,,,
2468,42.0,,,,,,,,
2469,84.0,,,,,,,,
2470,42.0,,,,,,,,
2471,84.0,,,,,,,,
2472,42.0,,,,,,,,
2473,42.0,,,,,,,,
2474,42.0,,,,,,,,
2475,216.0,,,,,,,,
2476,84.0,,,,,,,,
2477,42.0,,,,,,,,
2478,42.0,,,,,,,,
2479,126.0,,,,,,,,
2480,42.0,,,,,,,,
2481,42.0,,,,,,,,
2482,168.0,,,,,,,,
2483,42.0,,,,,,,,
2484,126.0,,,,,,,,
2485,84.0,,,,,,,,
2486,84.0,,,,,,,,
2487,84.0,,,,,,,,
2488,84.0,,,,,,,,
2489,42.0,,,,,,,,
2490,42.0,,,,,,,,
2491,84.0,,,,,,,,
2492,42.0,,,,,,,,
2493,84.0,,,,,,,,
2494,42.0,,,,,,,,
2495,42.0,,,,,,,,
2496,126.0,,,,,,,,
2497,126.0,,,,,,,,
2498,42.0,,,,,,,,
2499,42.0,,,,,,,,
2500,42.0,,,,,,,,
2501,84.0,,,,,,,,
2502,42.0,,,,,,,,
2503,42.0,,,,,,,,
2504,126.0,,,,,,,,
2505,42.0,,,,,,,,
2506,42.0,,,,,,,,
2507,42.0,,,,,,,,
2508,42.0,,,,,,,,
2509,42.0,,,,,,,,
2510,70.0,,,,,,,,
2511,28.0,,,,,,,,
2512,84.0,,,,,,,,
2513,42.0,,,,,,,,
2514,84.0,,,,,,,,
2515,126.0,,,,,,,,
2516,126.0,,,,,,,,
2517,84.0,,,,,,,,
2518,42.0,,,,,,,,
2519,84.0,,,,,,,,
2520,42.0,,,,,,,,
2521,42.0,,,,,,,,
2522,42.0,,,,,,,,
2523,42.0,,,,,,,,
2524,42.0,,,,,,,,
2525,42.0,,,,,,,,
2526,42.0,,,,,,,,
2527,42.0,,,,,,,,
2528,42.0,,,,,,,,
2529,216.0,,,,,,,,
2530,126.0,,,,,,,,
2531,168.0,,,,,,,,
2532,84.0,,,,,,,,
2533,84.0,,,,,,,,
2534,42.0,,,,,,,,
2535,84.0,,,,,,,,
2536,42.0,,,,,,,,
2537,42.0,,,,,,,,
2538,42.0,,,,,,,,
2539,84.0,,,,,,,,
2540,84.0,,,,,,,,
2541,42.0,,,,,,,,
2542,126.0,,,,,,,,
2543,42.0,,,,,,,,
2544,84.0,,,,,,,,
2545,42.0,,,,,,,,
2546,126.0,,,,,,,,
2547,42.0,,,,,,,,
2548,42.0,,,,,,,,
2549,42.0,,,,,,,,
2550,42.0,,,,,,,,
2551,42.0,,,,,,,,
2552,70.0,,,,,,,,
2553,42.0,,,,,,,,
2554,126.0,,,,,,,,
2555,28.0,,,,,,,,
2556,42.0,,,,,,,,
2557,42.0,,,,,,,,
2558,42.0,,,,,,,,
2559,42.0,,,,,,,,
2560,42.0,,,,,,,,
2561,42.0,,,,,,,,
2562,42.0,,,,,,,,
2563,84.0,,,,,,,,
2564,42.0,,,,,,,,
2565,42.0,,,,,,,,
2566,42.0,,,,,,,,
2567,42.0,,,,,,,,
2568,42.0,,,,,,,,
2569,126.0,,,,,,,,
2570,42.0,,,,,,,,
2571,216.0,,,,,,,,
2572,168.0,,,,,,,,
2573,84.0,,,,,,,,
2574,126.0,,,,,,,,
2575,84.0,,,,,,,,
2576,126.0,,,,,,,,
2577,84.0,,,,,,,,
2578,84.0,,,,,,,,
2579,42.0,,,,,,,,
2580,42.0,,,,,,,,
2581,84.0,,,,,,,,
2582,42.0,,,,,,,,
2583,42.0,,,,,,,,
2584,84.0,,,,,,,,
2585,42.0,,,,,,,,
2586,70.0,,,,,,,,
2587,42.0,,,,,,,,
2588,42.0,,,,,,,,
2589,42.0,,,,,,,,
2590,126.0,,,,,,,,
2591,42.0,,,,,,,,
2592,42.0,,,,,,,,
2593,42.0,,,,,,,,
2594,84.0,,,,,,,,
2595,84.0,,,,,,,,
2596,42.0,,,,,,,,
2597,42.0,,,,,,,,
2598,42.0,,,,,,,,
2599,28.0,,,,,,,,
2600,168.0,,,,,,,,
2601,84.0,,,,,,,,
2602,42.0,,,,,,,,
2603,216.0,,,,,,,,
2604,42.0,,,,,,,,
2605,42.0,,,,,,,,
2606,42.0,,,,,,,,
2607,42.0,,,,,,,,
2608,42.0,,,,,,,,
2609,42.0,,,,,,,,
2610,42.0,,,,,,,,
2611,42.0,,,,,,,,
2612,126.0,,,,,,,,
2613,126.0,,,,,,,,
2614,42.0,,,,,,,,
2615,42.0,,,,,,,,
2616,126.0,,,,,,,,
2617,42.0,,,,,,,,
2618,126.0,,,,,,,,
2619,84.0,,,,,,,,
2620,84.0,,,,,,,,
2621,84.0,,,,,,,,
2622,126.0,,,,,,,,
2623,84.0,,,,,,,,
2624,84.0,,,,,,,,
2625,126.0,,,,,,,,
2626,42.0,,,,,,,,
2627,42.0,,,,,,,,
2628,42.0,,,,,,,,
2629,126.0,,,,,,,,
2630,42.0,,,,,,,,
2631,42.0,,,,,,,,
2632,84.0,,,,,,,,
2633,126.0,,,,,,,,
2634,42.0,,,,,,,,
2635,42.0,,,,,,,,
2636,84.0,,,,,,,,
2637,126.0,,,,,,,,
2638,42.0,,,,,,,,
2639,42.0,,,,,,,,
2640,42.0,,,,,,,,
2641,84.0,,,,,,,,
2642,42.0,,,,,,,,
2643,84.0,,,,,,,,
2644,42.0,,,,,,,,
2645,84.0,,,,,,,,
2646,70.0,,,,,,,,
2647,42.0,,,,,,,,
2648,84.0,,,,,,,,
2649,28.0,,,,,,,,
2650,216.0,,,,,,,,
2651,42.0,,,,,,,,
2652,42.0,,,,,,,,
2653,42.0,,,,,,,,
2654,84.0,,,,,,,,
2655,42.0,,,,,,,,
2656,42.0,,,,,,,,
2657,42.0,,,,,,,,
2658,42.0,,,,,,,,
2659,42.0,,,,,,,,
2660,42.0,,,,,,,,
2661,42.0,,,,,,,,
2662,42.0,,,,,,,,
2663,42.0,,,,,,,,
2664,42.0,,,,,,,,
2665,126.0,,,,,,,,
2666,168.0,,,,,,,,
2667,84.0,,,,,,,,
2668,126.0,,,,,,,,
2669,216.0,,,,,,,,
2670,84.0,,,,,,,,
2671,126.0,,,,,,,,
2672,42.0,,,,,,,,
2673,42.0,,,,,,,,
2674,42.0,,,,,,,,
2675,84.0,,,,,,,,
2676,42.0,,,,,,,,
2677,126.0,,,,,,,,
2678,42.0,,,,,,,,
2679,42.0,,,,,,,,
2680,126.0,,,,,,,,
2681,42.0,,,,,,,,
2682,42.0,,,,,,,,
2683,42.0,,,,,,,,
2684,84.0,,,,,,,,
2685,84.0,,,,,,,,
2686,42.0,,,,,,,,
2687,42.0,,,,,,,,
2688,42.0,,,,,,,,
2689,42.0,,,,,,,,
2690,70.0,,,,,,,,
2691,42.0,,,,,,,,
2692,28.0,,,,,,,,
2693,84.0,,,,,,,,
2694,42.0,,,,,,,,
2695,42.0,,,,,,,,
2696,84.0,,,,,,,,
2697,42.0,,,,,,,,
2698,42.0,,,,,,,,
2699,42.0,,,,,,,,
2700,42.0,,,,,,,,
2701,126.0,,,,,,,,
2702,84.0,,,,,,,,
2703,42.0,,,,,,,,
2704,42.0,,,,,,,,
2705,42.0,,,,,,,,
2706,42.0,,,,,,,,
2707,42.0,,,,,,,,
2708,42.0,,,,,,,,
2709,168.0,,,,,,,,
2710,126.0,,,,,,,,
2711,84.0,,,,,,,,
2712,84.0,,,,,,,,
2713,126.0,,,,,,,,
2714,126.0,,,,,,,,
2715,42.0,,,,,,,,
2716,42.0,,,,,,,,
2717,84.0,,,,,,,,
2718,42.0,,,,,,,,
2719,126.0,,,,,,,,
2720,216.0,,,,,,,,
2721,42.0,,,,,,,,
2722,84.0,,,,,,,,
2723,42.0,,,,,,,,
2724,126.0,,,,,,,,
2725,84.0,,,,,,,,
2726,42.0,,,,,,,,
2727,84.0,,,,,,,,
2728,126.0,,,,,,,,
2729,42.0,,,,,,,,
2730,84.0,,,,,,,,
2731,42.0,,,,,,,,
2732,42.0,,,,,,,,
2733,42.0,,,,,,,,
2734,70.0,,,,,,,,
2735,42.0,,,,,,,,
2736,42.0,,,,,,,,
2737,28.0,,,,,,,,
2738,42.0,,,,,,,,
2739,42.0,,,,,,,,
2740,84.0,,,,,,,,
2741,42.0,,,,,,,,
2742,42.0,,,,,,,,
2743,84.0,,,,,,,,
2744,42.0,,,,,,,,
2745,42.0,,,,,,,,
2746,42.0,,,,,,,,
2747,42.0,,,,,,,,
2748,42.0,,,,,,,,
2749,42.0,,,,,,,,
2750,42.0,,,,,,,,
2751,42.0,,,,,,,,
2752,42.0,,,,,,,,
2753,42.0,,,,,,,,
2754,168.0,,,,,,,,
2755,126.0,,,,,,,,
2756,126.0,,,,,,,,
2757,84.0,,,,,,,,
2758,84.0,,,,,,,,
2759,84.0,,,,,,,,
2760,126.0,,,,,,,,
2761,84.0,,,,,,,,
2762,42.0,,,,,,,,
2763,42.0,,,,,,,,
2764,126.0,,,,,,,,
2765,84.0,,,,,,,,
2766,42.0,,,,,,,,
2767,42.0,,,,,,,,
2768,42.0,,,,,,,,
2769,126.0,,,,,,,,
2770,42.0,,,,,,,,
2771,42.0,,,,,,,,
2772,42.0,,,,,,,,
2773,84.0,,,,,,,,
2774,42.0,,,,,,,,
2775,84.0,,,,,,,,
2776,42.0,,,,,,,,
2777,42.0,,,,,,,,
2778,42.0,,,,,,,,
2779,42.0,,,,,,,,
2780,70.0,,,,,,,,
2781,28.0,,,,,,,,
2782,42.0,,,,,,,,
2783,42.0,,,,,,,,
2784,84.0,,,,,,,,
2785,42.0,,,,,,,,
2786,42.0,,,,,,,,
2787,42.0,,,,,,,,
2788,42.0,,,,,,,,
2789,42.0,,,,,,,,
2790,42.0,,,,,,,,
2791,42.0,,,,,,,,
2792,42.0,,,,,,,,
2793,42.0,,,,,,,,
2794,126.0,,,,,,,,
2795,42.0,,,,,,,,
2796,42.0,,,,,,,,
2797,216.0,,,,,,,,
2798,168.0,,,,,,,,
2799,126.0,,,,,,,,
2800,84.0,,,,,,,,
2801,126.0,,,,,,,,
2802,84.0,,,,,,,,
2803,84.0,,,,,,,,
2804,126.0,,,,,,,,
2805,70.0,,,,,,,,
2806,42.0,,,,,,,,
2807,42.0,,,,,,,,
2808,126.0,,,,,,,,
2809,42.0,,,,,,,,
2810,42.0,,,,,,,,
2811,84.0,,,,,,,,
2812,42.0,,,,,,,,
2813,42.0,,,,,,,,
2814,42.0,,,,,,,,
2815,42.0,,,,,,,,
2816,84.0,,,,,,,,
2817,84.0,,,,,,,,
2818,42.0,,,,,,,,
2819,42.0,,,,,,,,
2820,126.0,,,,,,,,
2821,42.0,,,,,,,,
2822,42.0,,,,,,,,
2823,84.0,,,,,,,,
2824,42.0,,,,,,,,
2825,42.0,,,,,,,,
2826,84.0,,,,,,,,
2827,42.0,,,,,,,,
2828,126.0,,,,,,,,
2829,42.0,,,,,,,,
2830,84.0,,,,,,,,
2831,28.0,,,,,,,,
2832,42.0,,,,,,,,
2833,42.0,,,,,,,,
2834,84.0,,,,,,,,
2835,42.0,,,,,,,,
2836,84.0,,,,,,,,
2837,42.0,,,,,,,,
2838,42.0,,,,,,,,
2839,42.0,,,,,,,,
2840,126.0,,,,,,,,
2841,42.0,,,,,,,,
2842,42.0,,,,,,,,
2843,42.0,,,,,,,,
2844,42.0,,,,,,,,
2845,216.0,,,,,,,,
2846,168.0,,,,,,,,
2847,126.0,,,,,,,,
2848,84.0,,,,,,,,
2849,70.0,,,,,,,,
2850,84.0,,,,,,,,
2851,126.0,,,,,,,,
2852,42.0,,,,,,,,
2853,42.0,,,,,,,,
2854,42.0,,,,,,,,
2855,84.0,,,,,,,,
2856,84.0,,,,,,,,
2857,42.0,,,,,,,,
2858,126.0,,,,,,,,
2859,42.0,,,,,,,,
2860,42.0,,,,,,,,
2861,42.0,,,,,,,,
2862,42.0,,,,,,,,
2863,42.0,,,,,,,,
2864,42.0,,,,,,,,
2865,84.0,,,,,,,,
2866,42.0,,,,,,,,
2867,28.0,,,,,,,,
2868,42.0,,,,,,,,
2869,42.0,,,,,,,,
2870,42.0,,,,,,,,
2871,42.0,,,,,,,,
2872,42.0,,,,,,,,
2873,42.0,,,,,,,,
2874,84.0,,,,,,,,
2875,42.0,,,,,,,,
2876,42.0,,,,,,,,
2877,42.0,,,,,,,,
2878,84.0,,,,,,,,
2879,42.0,,,,,,,,
2880,42.0,,,,,,,,
2881,42.0,,,,,,,,
2882,42.0,,,,,,,,
2883,126.0,,,,,,,,
2884,42.0,,,,,,,,
2885,42.0,,,,,,,,
2886,126.0,,,,,,,,
2887,168.0,,,,,,,,
2888,216.0,,,,,,,,
2889,126.0,,,,,,,,
2890,84.0,,,,,,,,
2891,126.0,,,,,,,,
2892,84.0,,,,,,,,
2893,84.0,,,,,,,,
2894,42.0,,,,,,,,
2895,42.0,,,,,,,,
2896,42.0,,,,,,,,
2897,42.0,,,,,,,,
2898,84.0,,,,,,,,
2899,42.0,,,,,,,,
2900,42.0,,,,,,,,
2901,84.0,,,,,,,,
2902,42.0,,,,,,,,
2903,42.0,,,,,,,,
2904,126.0,,,,,,,,
2905,84.0,,,,,,,,
2906,84.0,,,,,,,,
2907,42.0,,,,,,,,
2908,216.0,,,,,,,,
2909,42.0,,,,,,,,
2910,42.0,,,,,,,,
2911,84.0,,,,,,,,
2912,42.0,,,,,,,,
2913,42.0,,,,,,,,
2914,42.0,,,,,,,,
2915,42.0,,,,,,,,
2916,84.0,,,,,,,,
2917,70.0,,,,,,,,
2918,42.0,,,,,,,,
2919,28.0,,,,,,,,
2920,42.0,,,,,,,,
2921,42.0,,,,,,,,
2922,42.0,,,,,,,,
2923,42.0,,,,,,,,
2924,42.0,,,,,,,,
2925,42.0,,,,,,,,
2926,126.0,,,,,,,,
2927,42.0,,,,,,,,
2928,42.0,,,,,,,,
2929,42.0,,,,,,,,
2930,126.0,,,,,,,,
2931,42.0,,,,,,,,
2932,126.0,,,,,,,,
2933,126.0,,,,,,,,
2934,126.0,,,,,,,,
2935,168.0,,,,,,,,
2936,84.0,,,,,,,,
2937,84.0,,,,,,,,
2938,84.0,,,,,,,,
2939,84.0,,,,,,,,
2940,42.0,,,,,,,,
2941,42.0,,,,,,,,
2942,126.0,,,,,,,,
2943,84.0,,,,,,,,
2944,42.0,,,,,,,,
2945,84.0,,,,,,,,
2946,84.0,,,,,,,,
2947,42.0,,,,,,,,
2948,42.0,,,,,,,,
2949,126.0,,,,,,,,
2950,126.0,,,,,,,,
2951,42.0,,,,,,,,
2952,84.0,,,,,,,,
2953,42.0,,,,,,,,
2954,84.0,,,,,,,,
2955,84.0,,,,,,,,
2956,42.0,,,,,,,,
2957,42.0,,,,,,,,
2958,42.0,,,,,,,,
2959,42.0,,,,,,,,
2960,42.0,,,,,,,,
2961,126.0,,,,,,,,
2962,70.0,,,,,,,,
2963,42.0,,,,,,,,
2964,28.0,,,,,,,,
2965,42.0,,,,,,,,
2966,42.0,,,,,,,,
2967,42.0,,,,,,,,
2968,42.0,,,,,,,,
2969,84.0,,,,,,,,
2970,42.0,,,,,,,,
2971,42.0,,,,,,,,
2972,42.0,,,,,,,,
2973,42.0,,,,,,,,
2974,42.0,,,,,,,,
2975,42.0,,,,,,,,
2976,126.0,,,,,,,,
2977,42.0,,,,,,,,
2978,42.0,,,,,,,,
2979,42.0,,,,,,,,
2980,42.0,,,,,,,,
2981,132.0,,,,,,,,
2982,126.0,,,,,,,,
2983,126.0,,,,,,,,
2984,84.0,,,,,,,,
2985,84.0,,,,,,,,
2986,42.0,,,,,,,,
2987,126.0,,,,,,,,
2988,42.0,,,,,,,,
2989,84.0,,,,,,,,
2990,42.0,,,,,,,,
2991,28.0,,,,,,,,
2992,84.0,,,,,,,,
2993,84.0,,,,,,,,
2994,42.0,,,,,,,,
2995,42.0,,,,,,,,
2996,126.0,,,,,,,,
2997,126.0,,,,,,,,
2998,84.0,,,,,,,,
2999,126.0,,,,,,,,
3000,42.0,,,,,,,,
3001,42.0,,,,,,,,
3002,126.0,,,,,,,,
3003,42.0,,,,,,,,
3004,84.0,,,,,,,,
3005,42.0,,,,,,,,
3006,42.0,,,,,,,,
3007,84.0,,,,,,,,
3008,70.0,,,,,,,,
3009,42.0,,,,,,,,
3010,42.0,,,,,,,,
3011,42.0,,,,,,,,
3012,42.0,,,,,,,,
3013,216.0,,,,,,,,
3014,42.0,,,,,,,,
3015,42.0,,,,,,,,
3016,84.0,,,,,,,,
3017,42.0,,,,,,,,
3018,42.0,,,,,,,,
3019,42.0,,,,,,,,
3020,42.0,,,,,,,,
3021,42.0,,,,,,,,
3022,42.0,,,,,,,,
3023,42.0,,,,,,,,
3024,42.0,,,,,,,,
3025,42.0,,,,,,,,
3026,42.0,,,,,,,,
3027,168.0,,,,,,,,
3028,126.0,,,,,,,,
3029,84.0,,,,,,,,
3030,84.0,,,,,,,,
3031,42.0,,,,,,,,
3032,126.0,,,,,,,,
3033,42.0,,,,,,,,
3034,42.0,,,,,,,,
3035,84.0,,,,,,,,
3036,84.0,,,,,,,,
3037,42.0,,,,,,,,
3038,126.0,,,,,,,,
3039,84.0,,,,,,,,
3040,42.0,,,,,,,,
3041,84.0,,,,,,,,
3042,42.0,,,,,,,,
3043,42.0,,,,,,,,
3044,84.0,,,,,,,,
3045,126.0,,,,,,,,
3046,42.0,,,,,,,,
3047,126.0,,,,,,,,
3048,126.0,,,,,,,,
3049,42.0,,,,,,,,
3050,84.0,,,,,,,,
3051,42.0,,,,,,,,
3052,42.0,,,,,,,,
3053,42.0,,,,,,,,
3054,42.0,,,,,,,,
3055,42.0,,,,,,,,
3056,42.0,,,,,,,,
3057,216.0,,,,,,,,
3058,70.0,,,,,,,,
3059,28.0,,,,,,,,
3060,84.0,,,,,,,,
3061,42.0,,,,,,,,
3062,42.0,,,,,,,,
3063,84.0,,,,,,,,
3064,42.0,,,,,,,,
3065,42.0,,,,,,,,
3066,42.0,,,,,,,,
3067,84.0,,,,,,,,
3068,42.0,,,,,,,,
3069,42.0,,,,,,,,
3070,42.0,,,,,,,,
3071,42.0,,,,,,,,
3072,126.0,,,,,,,,
3073,42.0,,,,,,,,
3074,42.0,,,,,,,,
3075,168.0,,,,,,,,
3076,42.0,,,,,,,,
3077,126.0,,,,,,,,
3078,42.0,,,,,,,,
3079,84.0,,,,,,,,
3080,42.0,,,,,,,,
3081,126.0,,,,,,,,
3082,42.0,,,,,,,,
3083,84.0,,,,,,,,
3084,42.0,,,,,,,,
3085,84.0,,,,,,,,
3086,84.0,,,,,,,,
3087,42.0,,,,,,,,
3088,126.0,,,,,,,,
3089,42.0,,,,,,,,
3090,42.0,,,,,,,,
3091,42.0,,,,,,,,
3092,42.0,,,,,,,,
3093,84.0,,,,,,,,
3094,216.0,,,,,,,,
3095,70.0,,,,,,,,
3096,42.0,,,,,,,,
3097,42.0,,,,,,,,
3098,42.0,,,,,,,,
3099,28.0,,,,,,,,
3100,84.0,,,,,,,,
3101,42.0,,,,,,,,
3102,42.0,,,,,,,,
3103,42.0,,,,,,,,
3104,84.0,,,,,,,,
3105,42.0,,,,,,,,
3106,42.0,,,,,,,,
3107,42.0,,,,,,,,
3108,42.0,,,,,,,,
3109,42.0,,,,,,,,
3110,84.0,,,,,,,,
3111,42.0,,,,,,,,
3112,42.0,,,,,,,,
3113,168.0,,,,,,,,
3114,42.0,,,,,,,,
3115,42.0,,,,,,,,
3116,42.0,,,,,,,,
3117,126.0,,,,,,,,
3118,126.0,,,,,,,,
3119,126.0,,,,,,,,
3120,84.0,,,,,,,,
3121,126.0,,,,,,,,
3122,42.0,,,,,,,,
3123,42.0,,,,,,,,
3124,126.0,,,,,,,,
3125,42.0,,,,,,,,
3126,84.0,,,,,,,,
3127,84.0,,,,,,,,
3128,84.0,,,,,,,,
3129,126.0,,,,,,,,
3130,84.0,,,,,,,,
3131,42.0,,,,,,,,
3132,42.0,,,,,,,,
3133,84.0,,,,,,,,
3134,42.0,,,,,,,,
3135,42.0,,,,,,,,
3136,84.0,,,,,,,,
3137,84.0,,,,,,,,
3138,42.0,,,,,,,,
3139,42.0,,,,,,,,
3140,42.0,,,,,,,,
3141,42.0,,,,,,,,
3142,42.0,,,,,,,,
3143,84.0,,,,,,,,
3144,70.0,,,,,,,,
3145,42.0,,,,,,,,
3146,28.0,,,,,,,,
3147,42.0,,,,,,,,
3148,126.0,,,,,,,,
3149,42.0,,,,,,,,
3150,42.0,,,,,,,,
3151,42.0,,,,,,,,
3152,42.0,,,,,,,,
3153,42.0,,,,,,,,
3154,42.0,,,,,,,,
3155,84.0,,,,,,,,
3156,42.0,,,,,,,,
3157,126.0,,,,,,,,
3158,42.0,,,,,,,,
3159,42.0,,,,,,,,
3160,126.0,,,,,,,,
3161,42.0,,,,,,,,
3162,42.0,,,,,,,,
3163,42.0,,,,,,,,
3164,216.0,,,,,,,,
3165,168.0,,,,,,,,
3166,42.0,,,,,,,,
3167,42.0,,,,,,,,
3168,42.0,,,,,,,,
3169,42.0,,,,,,,,
3170,42.0,,,,,,,,
3171,84.0,,,,,,,,
3172,42.0,,,,,,,,
3173,42.0,,,,,,,,
3174,42.0,,,,,,,,
3175,42.0,,,,,,,,
3176,126.0,,,,,,,,
3177,42.0,,,,,,,,
3178,126.0,,,,,,,,
3179,42.0,,,,,,,,
3180,84.0,,,,,,,,
3181,42.0,,,,,,,,
3182,84.0,,,,,,,,
3183,42.0,,,,,,,,
3184,126.0,,,,,,,,
3185,28.0,,,,,,,,
3186,42.0,,,,,,,,
3187,70.0,,,,,,,,
3188,42.0,,,,,,,,
3189,42.0,,,,,,,,
3190,84.0,,,,,,,,
3191,42.0,,,,,,,,
3192,42.0,,,,,,,,
3193,42.0,,,,,,,,
3194,42.0,,,,,,,,
3195,84.0,,,,,,,,
3196,42.0,,,,,,,,
3197,42.0,,,,,,,,
3198,42.0,,,,,,,,
3199,84.0,,,,,,,,
3200,42.0,,,,,,,,
3201,42.0,,,,,,,,
3202,126.0,,,,,,,,
3203,42.0,,,,,,,,
3204,132.0,,,,,,,,
3205,168.0,,,,,,,,
3206,126.0,,,,,,,,
3207,84.0,,,,,,,,
3208,84.0,,,,,,,,
3209,84.0,,,,,,,,
3210,126.0,,,,,,,,
3211,84.0,,,,,,,,
3212,42.0,,,,,,,,
3213,70.0,,,,,,,,
3214,42.0,,,,,,,,
3215,42.0,,,,,,,,
3216,126.0,,,,,,,,
3217,42.0,,,,,,,,
3218,42.0,,,,,,,,
3219,84.0,,,,,,,,
3220,42.0,,,,,,,,
3221,42.0,,,,,,,,
3222,42.0,,,,,,,,
3223,126.0,,,,,,,,
3224,84.0,,,,,,,,
3225,84.0,,,,,,,,
3226,42.0,,,,,,,,
3227,42.0,,,,,,,,
3228,42.0,,,,,,,,
3229,84.0,,,,,,,,
3230,42.0,,,,,,,,
3231,84.0,,,,,,,,
3232,42.0,,,,,,,,
3233,28.0,,,,,,,,
3234,42.0,,,,,,,,
3235,42.0,,,,,,,,
3236,42.0,,,,,,,,
3237,42.0,,,,,,,,
3238,42.0,,,,,,,,
3239,42.0,,,,,,,,
3240,42.0,,,,,,,,
3241,42.0,,,,,,,,
3242,126.0,,,,,,,,
3243,42.0,,,,,,,,
3244,42.0,,,,,,,,
3245,42.0,,,,,,,,
3246,42.0,,,,,,,,
3247,42.0,,,,,,,,
3248,216.0,,,,,,,,
3249,42.0,,,,,,,,
3250,126.0,,,,,,,,
3251,126.0,,,,,,,,
3252,84.0,,,,,,,,
3253,84.0,,,,,,,,
3254,126.0,,,,,,,,
3255,84.0,,,,,,,,
3256,126.0,,,,,,,,
3257,84.0,,,,,,,,
3258,42.0,,,,,,,,
3259,126.0,,,,,,,,
3260,216.0,,,,,,,,
3261,42.0,,,,,,,,
3262,42.0,,,,,,,,
3263,84.0,,,,,,,,
3264,84.0,,,,,,,,
3265,42.0,,,,,,,,
3266,126.0,,,,,,,,
3267,42.0,,,,,,,,
3268,42.0,,,,,,,,
3269,84.0,,,,,,,,
3270,70.0,,,,,,,,
3271,42.0,,,,,,,,
3272,84.0,,,,,,,,
3273,42.0,,,,,,,,
3274,42.0,,,,,,,,
3275,42.0,,,,,,,,
3276,42.0,,,,,,,,
3277,42.0,,,,,,,,
3278,28.0,,,,,,,,
3279,42.0,,,,,,,,
3280,42.0,,,,,,,,
3281,42.0,,,,,,,,
3282,42.0,,,,,,,,
3283,42.0,,,,,,,,
3284,42.0,,,,,,,,
3285,42.0,,,,,,,,
3286,42.0,,,,,,,,
3287,126.0,,,,,,,,
3288,42.0,,,,,,,,
3289,42.0,,,,,,,,
3290,42.0,,,,,,,,
3291,42.0,,,,,,,,
3292,42.0,,,,,,,,
3293,42.0,,,,,,,,
3294,126.0,,,,,,,,
3295,126.0,,,,,,,,
3296,42.0,,,,,,,,
3297,126.0,,,,,,,,
3298,84.0,,,,,,,,
3299,84.0,,,,,,,,
3300,84.0,,,,,,,,
3301,126.0,,,,,,,,
3302,84.0,,,,,,,,
3303,84.0,,,,,,,,
3304,42.0,,,,,,,,
3305,42.0,,,,,,,,
3306,84.0,,,,,,,,
3307,42.0,,,,,,,,
3308,42.0,,,,,,,,
3309,84.0,,,,,,,,
3310,84.0,,,,,,,,
3311,42.0,,,,,,,,
3312,126.0,,,,,,,,
3313,42.0,,,,,,,,
3314,126.0,,,,,,,,
3315,42.0,,,,,,,,
3316,84.0,,,,,,,,
3317,126.0,,,,,,,,
3318,42.0,,,,,,,,
3319,70.0,,,,,,,,
3320,42.0,,,,,,,,
3321,42.0,,,,,,,,
3322,42.0,,,,,,,,
3323,42.0,,,,,,,,
3324,42.0,,,,,,,,
3325,42.0,,,,,,,,
3326,28.0,,,,,,,,
3327,42.0,,,,,,,,
3328,42.0,,,,,,,,
3329,42.0,,,,,,,,
3330,84.0,,,,,,,,
3331,42.0,,,,,,,,
3332,84.0,,,,,,,,
3333,42.0,,,,,,,,
3334,42.0,,,,,,,,
3335,42.0,,,,,,,,
3336,126.0,,,,,,,,
3337,42.0,,,,,,,,
3338,42.0,,,,,,,,
3339,42.0,,,,,,,,
3340,42.0,,,,,,,,
3341,42.0,,,,,,,,
3342,216.0,,,,,,,,
3343,126.0,,,,,,,,
3344,168.0,,,,,,,,
3345,84.0,,,,,,,,
3346,126.0,,,,,,,,
3347,84.0,,,,,,,,
3348,84.0,,,,,,,,
3349,42.0,,,,,,,,
3350,84.0,,,,,,,,
3351,84.0,,,,,,,,
3352,84.0,,,,,,,,
3353,126.0,,,,,,,,
3354,42.0,,,,,,,,
3355,84.0,,,,,,,,
3356,42.0,,,,,,,,
3357,42.0,,,,,,,,
3358,42.0,,,,,,,,
3359,126.0,,,,,,,,
3360,42.0,,,,,,,,
3361,84.0,,,,,,,,
3362,42.0,,,,,,,,
3363,42.0,,,,,,,,
3364,42.0,,,,,,,,
3365,42.0,,,,,,,,
3366,70.0,,,,,,,,
3367,28.0,,,,,,,,
3368,42.0,,,,,,,,
3369,42.0,,,,,,,,
3370,42.0,,,,,,,,
3371,42.0,,,,,,,,
3372,42.0,,,,,,,,
3373,126.0,,,,,,,,
3374,42.0,,,,,,,,
3375,42.0,,,,,,,,
3376,42.0,,,,,,,,
3377,42.0,,,,,,,,
3378,42.0,,,,,,,,
3379,84.0,,,,,,,,
3380,42.0,,,,,,,,
3381,42.0,,,,,,,,
3382,42.0,,,,,,,,
3383,42.0,,,,,,,,
3384,42.0,,,,,,,,
3385,126.0,,,,,,,,
3386,216.0,,,,,,,,
3387,42.0,,,,,,,,
3388,126.0,,,,,,,,
3389,168.0,,,,,,,,
3390,126.0,,,,,,,,
3391,84.0,,,,,,,,
3392,84.0,,,,,,,,
3393,84.0,,,,,,,,
3394,84.0,,,,,,,,
3395,126.0,,,,,,,,
3396,42.0,,,,,,,,
3397,42.0,,,,,,,,
3398,42.0,,,,,,,,
3399,84.0,,,,,,,,
3400,84.0,,,,,,,,
3401,42.0,,,,,,,,
3402,84.0,,,,,,,,
3403,42.0,,,,,,,,
3404,42.0,,,,,,,,
3405,126.0,,,,,,,,
3406,42.0,,,,,,,,
3407,42.0,,,,,,,,
3408,84.0,,,,,,,,
3409,42.0,,,,,,,,
3410,84.0,,,,,,,,
3411,84.0,,,,,,,,
3412,42.0,,,,,,,,
3413,42.0,,,,,,,,
3414,42.0,,,,,,,,
3415,70.0,,,,,,,,
3416,42.0,,,,,,,,
3417,28.0,,,,,,,,
3418,126.0,,,,,,,,
3419,42.0,,,,,,,,
3420,42.0,,,,,,,,
3421,42.0,,,,,,,,
3422,42.0,,,,,,,,
3423,42.0,,,,,,,,
3424,42.0,,,,,,,,
3425,42.0,,,,,,,,
3426,42.0,,,,,,,,
3427,84.0,,,,,,,,
3428,42.0,,,,,,,,
3429,42.0,,,,,,,,
3430,126.0,,,,,,,,
3431,42.0,,,,,,,,
3432,42.0,,,,,,,,
3433,42.0,,,,,,,,
3434,216.0,,,,,,,,
3435,126.0,,,,,,,,
3436,168.0,,,,,,,,
3437,84.0,,,,,,,,
3438,126.0,,,,,,,,
3439,70.0,,,,,,,,
3440,84.0,,,,,,,,
3441,42.0,,,,,,,,
3442,42.0,,,,,,,,
3443,42.0,,,,,,,,
3444,84.0,,,,,,,,
3445,84.0,,,,,,,,
3446,42.0,,,,,,,,
3447,42.0,,,,,,,,
3448,84.0,,,,,,,,
3449,126.0,,,,,,,,
3450,42.0,,,,,,,,
3451,42.0,,,,,,,,
3452,84.0,,,,,,,,
3453,42.0,,,,,,,,
3454,84.0,,,,,,,,
3455,42.0,,,,,,,,
3456,42.0,,,,,,,,
3457,216.0,,,,,,,,
3458,42.0,,,,,,,,
3459,28.0,,,,,,,,
3460,42.0,,,,,,,,
3461,42.0,,,,,,,,
3462,42.0,,,,,,,,
3463,42.0,,,,,,,,
3464,42.0,,,,,,,,
3465,42.0,,,,,,,,
3466,42.0,,,,,,,,
3467,42.0,,,,,,,,
3468,42.0,,,,,,,,
3469,84.0,,,,,,,,
3470,42.0,,,,,,,,
3471,42.0,,,,,,,,
3472,42.0,,,,,,,,
3473,126.0,,,,,,,,
3474,42.0,,,,,,,,
3475,42.0,,,,,,,,
3476,168.0,,,,,,,,
3477,42.0,,,,,,,,
3478,126.0,,,,,,,,
3479,126.0,,,,,,,,
3480,84.0,,,,,,,,
3481,126.0,,,,,,,,
3482,84.0,,,,,,,,
3483,126.0,,,,,,,,
3484,126.0,,,,,,,,
3485,42.0,,,,,,,,
3486,126.0,,,,,,,,
3487,42.0,,,,,,,,
3488,42.0,,,,,,,,
3489,84.0,,,,,,,,
3490,84.0,,,,,,,,
3491,42.0,,,,,,,,
3492,126.0,,,,,,,,
3493,42.0,,,,,,,,
3494,42.0,,,,,,,,
3495,42.0,,,,,,,,
3496,42.0,,,,,,,,
3497,84.0,,,,,,,,
3498,84.0,,,,,,,,
3499,126.0,,,,,,,,
3500,42.0,,,,,,,,
3501,42.0,,,,,,,,
3502,42.0,,,,,,,,
3503,70.0,,,,,,,,
3504,42.0,,,,,,,,
3505,42.0,,,,,,,,
3506,168.0,,,,,,,,
3507,42.0,,,,,,,,
3508,42.0,,,,,,,,
3509,42.0,,,,,,,,
3510,28.0,,,,,,,,
3511,42.0,,,,,,,,
3512,42.0,,,,,,,,
3513,84.0,,,,,,,,
3514,42.0,,,,,,,,
3515,84.0,,,,,,,,
3516,42.0,,,,,,,,
3517,126.0,,,,,,,,
3518,42.0,,,,,,,,
3519,42.0,,,,,,,,
3520,42.0,,,,,,,,
3521,126.0,,,,,,,,
3522,42.0,,,,,,,,
3523,42.0,,,,,,,,
3524,42.0,,,,,,,,
3525,216.0,,,,,,,,
3526,84.0,,,,,,,,
3527,84.0,,,,,,,,
3528,84.0,,,,,,,,
3529,84.0,,,,,,,,
3530,42.0,,,,,,,,
3531,42.0,,,,,,,,
3532,42.0,,,,,,,,
3533,42.0,,,,,,,,
3534,42.0,,,,,,,,
3535,84.0,,,,,,,,
3536,126.0,,,,,,,,
3537,42.0,,,,,,,,
3538,42.0,,,,,,,,
3539,42.0,,,,,,,,
3540,84.0,,,,,,,,
3541,126.0,,,,,,,,
3542,42.0,,,,,,,,
3543,84.0,,,,,,,,
3544,42.0,,,,,,,,
3545,42.0,,,,,,,,
3546,84.0,,,,,,,,
3547,126.0,,,,,,,,
3548,84.0,,,,,,,,
3549,126.0,,,,,,,,
3550,126.0,,,,,,,,
3551,42.0,,,,,,,,
3552,70.0,,,,,,,,
3553,42.0,,,,,,,,
3554,42.0,,,,,,,,
3555,42.0,,,,,,,,
3556,42.0,,,,,,,,
3557,42.0,,,,,,,,
3558,42.0,,,,,,,,
3559,84.0,,,,,,,,
3560,28.0,,,,,,,,
3561,84.0,,,,,,,,
3562,216.0,,,,,,,,
3563,42.0,,,,,,,,
3564,42.0,,,,,,,,
3565,42.0,,,,,,,,
3566,42.0,,,,,,,,
3567,42.0,,,,,,,,
3568,42.0,,,,,,,,
3569,42.0,,,,,,,,
3570,42.0,,,,,,,,
3571,126.0,,,,,,,,
3572,168.0,,,,,,,,
3573,84.0,,,,,,,,
3574,70.0,,,,,,,,
3575,126.0,,,,,,,,
3576,84.0,,,,,,,,
3577,42.0,,,,,,,,
3578,84.0,,,,,,,,
3579,126.0,,,,,,,,
3580,42.0,,,,,,,,
3581,84.0,,,,,,,,
3582,42.0,,,,,,,,
3583,42.0,,,,,,,,
3584,42.0,,,,,,,,
3585,126.0,,,,,,,,
3586,84.0,,,,,,,,
3587,42.0,,,,,,,,
3588,84.0,,,,,,,,
3589,42.0,,,,,,,,
3590,84.0,,,,,,,,
3591,126.0,,,,,,,,
3592,42.0,,,,,,,,
3593,84.0,,,,,,,,
3594,42.0,,,,,,,,
3595,42.0,,,,,,,,
3596,42.0,,,,,,,,
3597,42.0,,,,,,,,
3598,42.0,,,,,,,,
3599,42.0,,,,,,,,
3600,42.0,,,,,,,,
3601,84.0,,,,,,,,
3602,28.0,,,,,,,,
3603,42.0,,,,,,,,
3604,42.0,,,,,,,,
3605,42.0,,,,,,,,
3606,42.0,,,,,,,,
3607,42.0,,,,,,,,
3608,42.0,,,,,,,,
3609,42.0,,,,,,,,
3610,42.0,,,,,,,,
3611,42.0,,,,,,,,
3612,42.0,,,,,,,,
3613,216.0,,,,,,,,
3614,42.0,,,,,,,,
3615,126.0,,,,,,,,
3616,168.0,,,,,,,,
3617,126.0,,,,,,,,
3618,84.0,,,,,,,,
3619,42.0,,,,,,,,
3620,126.0,,,,,,,,
3621,84.0,,,,,,,,
3622,42.0,,,,,,,,
3623,42.0,,,,,,,,
3624,42.0,,,,,,,,
3625,84.0,,,,,,,,
3626,84.0,,,,,,,,
3627,126.0,,,,,,,,
3628,42.0,,,,,,,,
3629,42.0,,,,,,,,
3630,42.0,,,,,,,,
3631,126.0,,,,,,,,
3632,126.0,,,,,,,,
3633,216.0,,,,,,,,
3634,42.0,,,,,,,,
3635,84.0,,,,,,,,
3636,42.0,,,,,,,,
3637,42.0,,,,,,,,
3638,84.0,,,,,,,,
3639,42.0,,,,,,,,
3640,42.0,,,,,,,,
3641,42.0,,,,,,,,
3642,84.0,,,,,,,,
3643,70.0,,,,,,,,
3644,42.0,,,,,,,,
3645,28.0,,,,,,,,
3646,42.0,,,,,,,,
3647,42.0,,,,,,,,
3648,42.0,,,,,,,,
3649,42.0,,,,,,,,
3650,42.0,,,,,,,,
3651,42.0,,,,,,,,
3652,84.0,,,,,,,,
3653,42.0,,,,,,,,
3654,42.0,,,,,,,,
3655,42.0,,,,,,,,
3656,42.0,,,,,,,,
3657,42.0,,,,,,,,
3658,42.0,,,,,,,,
3659,126.0,,,,,,,,
3660,168.0,,,,,,,,
3661,84.0,,,,,,,,
3662,126.0,,,,,,,,
3663,84.0,,,,,,,,
3664,126.0,,,,,,,,
3665,84.0,,,,,,,,
3666,42.0,,,,,,,,
3667,84.0,,,,,,,,
3668,42.0,,,,,,,,
3669,42.0,,,,,,,,
3670,42.0,,,,,,,,
3671,84.0,,,,,,,,
3672,42.0,,,,,,,,
3673,126.0,,,,,,,,
3674,42.0,,,,,,,,
3675,126.0,,,,,,,,
3676,42.0,,,,,,,,
3677,70.0,,,,,,,,
3678,42.0,,,,,,,,
3679,216.0,,,,,,,,
3680,42.0,,,,,,,,
3681,84.0,,,,,,,,
3682,42.0,,,,,,,,
3683,42.0,,,,,,,,
3684,28.0,,,,,,,,
3685,42.0,,,,,,,,
3686,84.0,,,,,,,,
3687,42.0,,,,,,,,
3688,42.0,,,,,,,,
3689,42.0,,,,,,,,
3690,84.0,,,,,,,,
3691,42.0,,,,,,,,
3692,42.0,,,,,,,,
3693,42.0,,,,,,,,
3694,42.0,,,,,,,,
3695,42.0,,,,,,,,
3696,42.0,,,,,,,,
3697,84.0,,,,,,,,
3698,42.0,,,,,,,,
3699,42.0,,,,,,,,
3700,42.0,,,,,,,,
3701,42.0,,,,,,,,
3702,126.0,,,,,,,,
3703,42.0,,,,,,,,
3704,126.0,,,,,,,,
3705,168.0,,,,,,,,
3706,84.0,,,,,,,,
3707,126.0,,,,,,,,
3708,84.0,,,,,,,,
3709,84.0,,,,,,,,
3710,168.0,,,,,,,,
3711,84.0,,,,,,,,
3712,42.0,,,,,,,,
3713,126.0,,,,,,,,
3714,42.0,,,,,,,,
3715,84.0,,,,,,,,
3716,42.0,,,,,,,,
3717,42.0,,,,,,,,
3718,42.0,,,,,,,,
3719,42.0,,,,,,,,
3720,42.0,,,,,,,,
3721,126.0,,,,,,,,
3722,42.0,,,,,,,,
3723,84.0,,,,,,,,
3724,126.0,,,,,,,,
3725,84.0,,,,,,,,
3726,42.0,,,,,,,,
3727,42.0,,,,,,,,
3728,42.0,,,,,,,,
3729,42.0,,,,,,,,
3730,42.0,,,,,,,,
3731,70.0,,,,,,,,
3732,42.0,,,,,,,,
3733,28.0,,,,,,,,
3734,42.0,,,,,,,,
3735,84.0,,,,,,,,
3736,42.0,,,,,,,,
3737,42.0,,,,,,,,
3738,42.0,,,,,,,,
3739,84.0,,,,,,,,
3740,42.0,,,,,,,,
3741,42.0,,,,,,,,
3742,42.0,,,,,,,,
3743,126.0,,,,,,,,
3744,42.0,,,,,,,,
3745,42.0,,,,,,,,
3746,42.0,,,,,,,,
3747,42.0,,,,,,,,
3748,42.0,,,,,,,,
3749,132.0,,,,,,,,
3750,126.0,,,,,,,,
3751,84.0,,,,,,,,
3752,84.0,,,,,,,,
3753,126.0,,,,,,,,
3754,84.0,,,,,,,,
3755,42.0,,,,,,,,
3756,42.0,,,,,,,,
3757,42.0,,,,,,,,
3758,42.0,,,,,,,,
3759,84.0,,,,,,,,
3760,84.0,,,,,,,,
3761,84.0,,,,,,,,
3762,42.0,,,,,,,,
3763,42.0,,,,,,,,
3764,126.0,,,,,,,,
3765,42.0,,,,,,,,
3766,42.0,,,,,,,,
3767,132.0,,,,,,,,
3768,84.0,,,,,,,,
3769,42.0,,,,,,,,
3770,126.0,,,,,,,,
3771,42.0,,,,,,,,
3772,70.0,,,,,,,,
3773,42.0,,,,,,,,
3774,42.0,,,,,,,,
3775,84.0,,,,,,,,
3776,28.0,,,,,,,,
3777,42.0,,,,,,,,
3778,42.0,,,,,,,,
3779,42.0,,,,,,,,
3780,42.0,,,,,,,,
3781,42.0,,,,,,,,
3782,84.0,,,,,,,,
3783,42.0,,,,,,,,
3784,42.0,,,,,,,,
3785,168.0,,,,,,,,
3786,84.0,,,,,,,,
3787,42.0,,,,,,,,
3788,42.0,,,,,,,,
3789,42.0,,,,,,,,
3790,42.0,,,,,,,,
3791,42.0,,,,,,,,
3792,42.0,,,,,,,,
3793,126.0,,,,,,,,
3794,42.0,,,,,,,,
3795,126.0,,,,,,,,
3796,126.0,,,,,,,,
3797,84.0,,,,,,,,
3798,126.0,,,,,,,,
3799,84.0,,,,,,,,
3800,84.0,,,,,,,,
3801,84.0,,,,,,,,
3802,42.0,,,,,,,,
3803,42.0,,,,,,,,
3804,84.0,,,,,,,,
3805,42.0,,,,,,,,
3806,42.0,,,,,,,,
3807,42.0,,,,,,,,
3808,84.0,,,,,,,,
3809,42.0,,,,,,,,
3810,42.0,,,,,,,,
3811,42.0,,,,,,,,
3812,126.0,,,,,,,,
3813,126.0,,,,,,,,
3814,42.0,,,,,,,,
3815,42.0,,,,,,,,
3816,42.0,,,,,,,,
3817,84.0,,,,,,,,
3818,42.0,,,,,,,,
3819,84.0,,,,,,,,
3820,70.0,,,,,,,,
3821,42.0,,,,,,,,
3822,42.0,,,,,,,,
3823,28.0,,,,,,,,
3824,216.0,,,,,,,,
3825,42.0,,,,,,,,
3826,42.0,,,,,,,,
3827,42.0,,,,,,,,
3828,42.0,,,,,,,,
3829,84.0,,,,,,,,
3830,42.0,,,,,,,,
3831,42.0,,,,,,,,
3832,84.0,,,,,,,,
3833,42.0,,,,,,,,
3834,126.0,,,,,,,,
3835,84.0,,,,,,,,
3836,42.0,,,,,,,,
3837,126.0,,,,,,,,
3838,42.0,,,,,,,,
3839,126.0,,,,,,,,
3840,42.0,,,,,,,,
3841,126.0,,,,,,,,
3842,168.0,,,,,,,,
3843,84.0,,,,,,,,
3844,84.0,,,,,,,,
3845,84.0,,,,,,,,
3846,70.0,,,,,,,,
3847,42.0,,,,,,,,
3848,42.0,,,,,,,,
3849,42.0,,,,,,,,
3850,42.0,,,,,,,,
3851,28.0,,,,,,,,
3852,216.0,,,,,,,,
3853,84.0,,,,,,,,
3854,126.0,,,,,,,,
3855,42.0,,,,,,,,
3856,42.0,,,,,,,,
3857,84.0,,,,,,,,
3858,42.0,,,,,,,,
3859,42.0,,,,,,,,
3860,126.0,,,,,,,,
3861,84.0,,,,,,,,
3862,42.0,,,,,,,,
3863,42.0,,,,,,,,
3864,84.0,,,,,,,,
3865,42.0,,,,,,,,
3866,42.0,,,,,,,,
3867,42.0,,,,,,,,
3868,42.0,,,,,,,,
3869,42.0,,,,,,,,
3870,42.0,,,,,,,,
3871,84.0,,,,,,,,
3872,84.0,,,,,,,,
3873,42.0,,,,,,,,
3874,42.0,,,,,,,,
3875,42.0,,,,,,,,
3876,42.0,,,,,,,,
3877,42.0,,,,,,,,
3878,42.0,,,,,,,,
3879,42.0,,,,,,,,
3880,42.0,,,,,,,,
3881,126.0,,,,,,,,
3882,42.0,,,,,,,,
3883,42.0,,,,,,,,
3884,126.0,,,,,,,,
3885,126.0,,,,,,,,
3886,168.0,,,,,,,,
3887,84.0,,,,,,,,
3888,126.0,,,,,,,,
3889,84.0,,,,,,,,
3890,210.0,,,,,,,,
3891,84.0,,,,,,,,
3892,84.0,,,,,,,,
3893,42.0,,,,,,,,
3894,84.0,,,,,,,,
3895,84.0,,,,,,,,
3896,84.0,,,,,,,,
3897,126.0,,,,,,,,
3898,42.0,,,,,,,,
3899,42.0,,,,,,,,
3900,126.0,,,,,,,,
3901,42.0,,,,,,,,
3902,42.0,,,,,,,,
3903,42.0,,,,,,,,
3904,42.0,,,,,,,,
3905,84.0,,,,,,,,
3906,42.0,,,,,,,,
3907,42.0,,,,,,,,
3908,42.0,,,,,,,,
3909,42.0,,,,,,,,
3910,42.0,,,,,,,,
3911,84.0,,,,,,,,
3912,42.0,,,,,,,,
3913,70.0,,,,,,,,
3914,84.0,,,,,,,,
3915,42.0,,,,,,,,
3916,28.0,,,,,,,,
3917,84.0,,,,,,,,
3918,42.0,,,,,,,,
3919,42.0,,,,,,,,
3920,84.0,,,,,,,,
3921,42.0,,,,,,,,
3922,42.0,,,,,,,,
3923,42.0,,,,,,,,
3924,42.0,,,,,,,,
3925,42.0,,,,,,,,
3926,42.0,,,,,,,,
3927,126.0,,,,,,,,
3928,42.0,,,,,,,,
3929,42.0,,,,,,,,
3930,42.0,,,,,,,,
3931,126.0,,,,,,,,
3932,174.0,,,,,,,,
3933,84.0,,,,,,,,
3934,126.0,,,,,,,,
3935,42.0,,,,,,,,
3936,42.0,,,,,,,,
3937,84.0,,,,,,,,
3938,126.0,,,,,,,,
3939,42.0,,,,,,,,
3940,84.0,,,,,,,,
3941,42.0,,,,,,,,
3942,42.0,,,,,,,,
3943,42.0,,,,,,,,
3944,42.0,,,,,,,,
3945,42.0,,,,,,,,
3946,84.0,,,,,,,,
3947,126.0,,,,,,,,
3948,42.0,,,,,,,,
3949,42.0,,,,,,,,
3950,42.0,,,,,,,,
3951,42.0,,,,,,,,
3952,42.0,,,,,,,,
3953,84.0,,,,,,,,
3954,70.0,,,,,,,,
3955,28.0,,,,,,,,
3956,84.0,,,,,,,,
3957,42.0,,,,,,,,
3958,84.0,,,,,,,,
3959,42.0,,,,,,,,
3960,42.0,,,,,,,,
3961,42.0,,,,,,,,
3962,42.0,,,,,,,,
3963,42.0,,,,,,,,
3964,216.0,,,,,,,,
3965,42.0,,,,,,,,
3966,42.0,,,,,,,,
3967,42.0,,,,,,,,
3968,42.0,,,,,,,,
3969,126.0,,,,,,,,
3970,42.0,,,,,,,,
3971,42.0,,,,,,,,
3972,126.0,,,,,,,,
3973,42.0,,,,,,,,
3974,168.0,,,,,,,,
3975,126.0,,,,,,,,
3976,126.0,,,,,,,,
3977,84.0,,,,,,,,
3978,84.0,,,,,,,,
3979,84.0,,,,,,,,
3980,126.0,,,,,,,,
3981,42.0,,,,,,,,
3982,42.0,,,,,,,,
3983,84.0,,,,,,,,
3984,42.0,,,,,,,,
3985,84.0,,,,,,,,
3986,42.0,,,,,,,,
3987,42.0,,,,,,,,
3988,42.0,,,,,,,,
3989,84.0,,,,,,,,
3990,84.0,,,,,,,,
3991,42.0,,,,,,,,
3992,42.0,,,,,,,,
3993,84.0,,,,,,,,
3994,42.0,,,,,,,,
3995,126.0,,,,,,,,
3996,42.0,,,,,,,,
3997,42.0,,,,,,,,
3998,126.0,,,,,,,,
3999,42.0,,,,,,,,
4000,28.0,,,,,,,,
4001,42.0,,,,,,,,
4002,84.0,,,,,,,,
4003,42.0,,,,,,,,
4004,70.0,,,,,,,,
4005,42.0,,,,,,,,
4006,42.0,,,,,,,,
4007,84.0,,,,,,,,
4008,42.0,,,,,,,,
4009,42.0,,,,,,,,
4010,84.0,,,,,,,,
4011,42.0,,,,,,,,
4012,42.0,,,,,,,,
4013,42.0,,,,,,,,
4014,42.0,,,,,,,,
4015,42.0,,,,,,,,
4016,42.0,,,,,,,,
4017,42.0,,,,,,,,
4018,42.0,,,,,,,,
4019,216.0,,,,,,,,
4020,126.0,,,,,,,,
4021,168.0,,,,,,,,
4022,84.0,,,,,,,,
4023,126.0,,,,,,,,
4024,126.0,,,,,,,,
4025,126.0,,,,,,,,
4026,42.0,,,,,,,,
4027,84.0,,,,,,,,
4028,42.0,,,,,,,,
4029,42.0,,,,,,,,
4030,84.0,,,,,,,,
4031,84.0,,,,,,,,
4032,70.0,,,,,,,,
4033,42.0,,,,,,,,
4034,42.0,,,,,,,,
4035,42.0,,,,,,,,
4036,84.0,,,,,,,,
4037,42.0,,,,,,,,
4038,84.0,,,,,,,,
4039,42.0,,,,,,,,
4040,42.0,,,,,,,,
4041,216.0,,,,,,,,
4042,84.0,,,,,,,,
4043,126.0,,,,,,,,
4044,42.0,,,,,,,,
4045,42.0,,,,,,,,
4046,28.0,,,,,,,,
4047,42.0,,,,,,,,
4048,42.0,,,,,,,,
4049,42.0,,,,,,,,
4050,42.0,,,,,,,,
4051,42.0,,,,,,,,
4052,42.0,,,,,,,,
4053,42.0,,,,,,,,
4054,42.0,,,,,,,,
4055,42.0,,,,,,,,
4056,42.0,,,,,,,,
4057,42.0,,,,,,,,
4058,42.0,,,,,,,,
4059,126.0,,,,,,,,
4060,42.0,,,,,,,,
4061,126.0,,,,,,,,
4062,42.0,,,,,,,,
4063,42.0,,,,,,,,
4064,126.0,,,,,,,,
4065,168.0,,,,,,,,
4066,84.0,,,,,,,,
4067,126.0,,,,,,,,
4068,84.0,,,,,,,,
4069,84.0,,,,,,,,
4070,42.0,,,,,,,,
4071,216.0,,,,,,,,
4072,84.0,,,,,,,,
4073,42.0,,,,,,,,
4074,42.0,,,,,,,,
4075,126.0,,,,,,,,
4076,84.0,,,,,,,,
4077,126.0,,,,,,,,
4078,42.0,,,,,,,,
4079,70.0,,,,,,,,
4080,42.0,,,,,,,,
4081,42.0,,,,,,,,
4082,84.0,,,,,,,,
4083,126.0,,,,,,,,
4084,42.0,,,,,,,,
4085,42.0,,,,,,,,
4086,42.0,,,,,,,,
4087,42.0,,,,,,,,
4088,126.0,,,,,,,,
4089,42.0,,,,,,,,
4090,42.0,,,,,,,,
4091,42.0,,,,,,,,
4092,42.0,,,,,,,,
4093,28.0,,,,,,,,
4094,42.0,,,,,,,,
4095,126.0,,,,,,,,
4096,42.0,,,,,,,,
4097,42.0,,,,,,,,
4098,42.0,,,,,,,,
4099,84.0,,,,,,,,
4100,42.0,,,,,,,,
4101,42.0,,,,,,,,
4102,42.0,,,,,,,,
4103,42.0,,,,,,,,
4104,42.0,,,,,,,,
4105,42.0,,,,,,,,
4106,42.0,,,,,,,,
4107,42.0,,,,,,,,
4108,168.0,,,,,,,,
4109,84.0,,,,,,,,
4110,84.0,,,,,,,,
4111,126.0,,,,,,,,
4112,84.0,,,,,,,,
4113,84.0,,,,,,,,
4114,84.0,,,,,,,,
4115,84.0,,,,,,,,
4116,42.0,,,,,,,,
4117,42.0,,,,,,,,
4118,42.0,,,,,,,,
4119,84.0,,,,,,,,
4120,126.0,,,,,,,,
4121,42.0,,,,,,,,
4122,42.0,,,,,,,,
4123,126.0,,,,,,,,
4124,216.0,,,,,,,,
4125,126.0,,,,,,,,
4126,42.0,,,,,,,,
4127,42.0,,,,,,,,
4128,42.0,,,,,,,,
4129,84.0,,,,,,,,
4130,42.0,,,,,,,,
4131,42.0,,,,,,,,
4132,42.0,,,,,,,,
4133,42.0,,,,,,,,
4134,42.0,,,,,,,,
4135,42.0,,,,,,,,
4136,28.0,,,,,,,,
4137,70.0,,,,,,,,
4138,84.0,,,,,,,,
4139,42.0,,,,,,,,
4140,84.0,,,,,,,,
4141,42.0,,,,,,,,
4142,42.0,,,,,,,,
4143,42.0,,,,,,,,
4144,84.0,,,,,,,,
4145,42.0,,,,,,,,
4146,42.0,,,,,,,,
4147,42.0,,,,,,,,
4148,42.0,,,,,,,,
4149,42.0,,,,,,,,
4150,42.0,,,,,,,,
4151,126.0,,,,,,,,
4152,42.0,,,,,,,,
4153,42.0,,,,,,,,
4154,126.0,,,,,,,,
4155,168.0,,,,,,,,
4156,84.0,,,,,,,,
4157,126.0,,,,,,,,
4158,84.0,,,,,,,,
4159,84.0,,,,,,,,
4160,84.0,,,,,,,,
4161,216.0,,,,,,,,
4162,42.0,,,,,,,,
4163,126.0,,,,,,,,
4164,42.0,,,,,,,,
4165,42.0,,,,,,,,
4166,42.0,,,,,,,,
4167,42.0,,,,,,,,
4168,126.0,,,,,,,,
4169,42.0,,,,,,,,
4170,42.0,,,,,,,,
4171,84.0,,,,,,,,
4172,42.0,,,,,,,,
4173,42.0,,,,,,,,
4174,42.0,,,,,,,,
4175,126.0,,,,,,,,
4176,84.0,,,,,,,,
4177,42.0,,,,,,,,
4178,84.0,,,,,,,,
4179,42.0,,,,,,,,
4180,42.0,,,,,,,,
4181,84.0,,,,,,,,
4182,42.0,,,,,,,,
4183,28.0,,,,,,,,
4184,42.0,,,,,,,,
4185,84.0,,,,,,,,
4186,70.0,,,,,,,,
4187,126.0,,,,,,,,
4188,42.0,,,,,,,,
4189,42.0,,,,,,,,
4190,42.0,,,,,,,,
4191,42.0,,,,,,,,
4192,42.0,,,,,,,,
4193,42.0,,,,,,,,
4194,42.0,,,,,,,,
4195,84.0,,,,,,,,
4196,42.0,,,,,,,,
4197,42.0,,,,,,,,
4198,42.0,,,,,,,,
4199,42.0,,,,,,,,
4200,168.0,,,,,,,,
4201,126.0,,,,,,,,
4202,84.0,,,,,,,,
4203,84.0,,,,,,,,
4204,126.0,,,,,,,,
4205,126.0,,,,,,,,
4206,84.0,,,,,,,,
4207,42.0,,,,,,,,
4208,42.0,,,,,,,,
4209,126.0,,,,,,,,
4210,42.0,,,,,,,,
4211,84.0,,,,,,,,
4212,42.0,,,,,,,,
4213,42.0,,,,,,,,
4214,84.0,,,,,,,,
4215,42.0,,,,,,,,
4216,126.0,,,,,,,,
4217,42.0,,,,,,,,
4218,42.0,,,,,,,,
4219,42.0,,,,,,,,
4220,42.0,,,,,,,,
4221,84.0,,,,,,,,
4222,84.0,,,,,,,,
4223,42.0,,,,,,,,
4224,42.0,,,,,,,,
4225,84.0,,,,,,,,
4226,42.0,,,,,,,,
4227,42.0,,,,,,,,
4228,42.0,,,,,,,,
4229,42.0,,,,,,,,
4230,70.0,,,,,,,,
4231,28.0,,,,,,,,
4232,84.0,,,,,,,,
4233,84.0,,,,,,,,
4234,42.0,,,,,,,,
4235,42.0,,,,,,,,
4236,42.0,,,,,,,,
4237,42.0,,,,,,,,
4238,42.0,,,,,,,,
4239,84.0,,,,,,,,
4240,42.0,,,,,,,,
4241,42.0,,,,,,,,
4242,126.0,,,,,,,,
4243,42.0,,,,,,,,
4244,42.0,,,,,,,,
4245,42.0,,,,,,,,
4246,168.0,,,,,,,,
4247,132.0,,,,,,,,
4248,126.0,,,,,,,,
4249,126.0,,,,,,,,
4250,84.0,,,,,,,,
4251,42.0,,,,,,,,
4252,84.0,,,,,,,,
4253,42.0,,,,,,,,
4254,42.0,,,,,,,,
4255,126.0,,,,,,,,
4256,84.0,,,,,,,,
4257,42.0,,,,,,,,
4258,42.0,,,,,,,,
4259,42.0,,,,,,,,
4260,42.0,,,,,,,,
4261,42.0,,,,,,,,
4262,126.0,,,,,,,,
4263,84.0,,,,,,,,
4264,42.0,,,,,,,,
4265,42.0,,,,,,,,
4266,70.0,,,,,,,,
4267,126.0,,,,,,,,
4268,42.0,,,,,,,,
4269,84.0,,,,,,,,
4270,42.0,,,,,,,,
4271,42.0,,,,,,,,
4272,42.0,,,,,,,,
4273,42.0,,,,,,,,
4274,42.0,,,,,,,,
4275,84.0,,,,,,,,
4276,28.0,,,,,,,,
4277,42.0,,,,,,,,
4278,42.0,,,,,,,,
4279,42.0,,,,,,,,
4280,126.0,,,,,,,,
4281,42.0,,,,,,,,
4282,42.0,,,,,,,,
4283,126.0,,,,,,,,
4284,42.0,,,,,,,,
4285,84.0,,,,,,,,
4286,42.0,,,,,,,,
4287,42.0,,,,,,,,
4288,126.0,,,,,,,,
4289,42.0,,,,,,,,
4290,42.0,,,,,,,,
4291,216.0,,,,,,,,
4292,168.0,,,,,,,,
4293,84.0,,,,,,,,
4294,84.0,,,,,,,,
4295,84.0,,,,,,,,
4296,126.0,,,,,,,,
4297,84.0,,,,,,,,
4298,42.0,,,,,,,,
4299,126.0,,,,,,,,
4300,42.0,,,,,,,,
4301,42.0,,,,,,,,
4302,42.0,,,,,,,,
4303,84.0,,,,,,,,
4304,42.0,,,,,,,,
4305,42.0,,,,,,,,
4306,84.0,,,,,,,,
4307,126.0,,,,,,,,
4308,42.0,,,,,,,,
4309,126.0,,,,,,,,
4310,42.0,,,,,,,,
4311,42.0,,,,,,,,
4312,42.0,,,,,,,,
4313,42.0,,,,,,,,
4314,42.0,,,,,,,,
4315,42.0,,,,,,,,
4316,70.0,,,,,,,,
4317,42.0,,,,,,,,
4318,42.0,,,,,,,,
4319,42.0,,,,,,,,
4320,28.0,,,,,,,,
4321,84.0,,,,,,,,
4322,42.0,,,,,,,,
4323,42.0,,,,,,,,
4324,42.0,,,,,,,,
4325,42.0,,,,,,,,
4326,42.0,,,,,,,,
4327,42.0,,,,,,,,
4328,126.0,,,,,,,,
4329,42.0,,,,,,,,
4330,42.0,,,,,,,,
4331,84.0,,,,,,,,
4332,42.0,,,,,,,,
4333,42.0,,,,,,,,
4334,168.0,,,,,,,,
4335,84.0,,,,,,,,
4336,132.0,,,,,,,,
4337,84.0,,,,,,,,
4338,84.0,,,,,,,,
4339,126.0,,,,,,,,
4340,84.0,,,,,,,,
4341,84.0,,,,,,,,
4342,42.0,,,,,,,,
4343,126.0,,,,,,,,
4344,126.0,,,,,,,,
4345,84.0,,,,,,,,
4346,42.0,,,,,,,,
4347,42.0,,,,,,,,
4348,42.0,,,,,,,,
4349,84.0,,,,,,,,
4350,42.0,,,,,,,,
4351,84.0,,,,,,,,
4352,42.0,,,,,,,,
4353,84.0,,,,,,,,
4354,126.0,,,,,,,,
4355,42.0,,,,,,,,
4356,42.0,,,,,,,,
4357,126.0,,,,,,,,
4358,42.0,,,,,,,,
4359,42.0,,,,,,,,
4360,42.0,,,,,,,,
4361,42.0,,,,,,,,
4362,70.0,,,,,,,,
4363,42.0,,,,,,,,
4364,42.0,,,,,,,,
4365,42.0,,,,,,,,
4366,84.0,,,,,,,,
4367,42.0,,,,,,,,
4368,42.0,,,,,,,,
4369,28.0,,,,,,,,
4370,84.0,,,,,,,,
4371,42.0,,,,,,,,
4372,42.0,,,,,,,,
4373,42.0,,,,,,,,
4374,42.0,,,,,,,,
4375,42.0,,,,,,,,
4376,42.0,,,,,,,,
4377,42.0,,,,,,,,
4378,42.0,,,,,,,,
4379,42.0,,,,,,,,
4380,216.0,,,,,,,,
4381,168.0,,,,,,,,
4382,126.0,,,,,,,,
4383,84.0,,,,,,,,
4384,126.0,,,,,,,,
4385,84.0,,,,,,,,
4386,84.0,,,,,,,,
4387,126.0,,,,,,,,
4388,216.0,,,,,,,,
4389,42.0,,,,,,,,
4390,42.0,,,,,,,,
4391,126.0,,,,,,,,
4392,84.0,,,,,,,,
4393,42.0,,,,,,,,
4394,84.0,,,,,,,,
4395,42.0,,,,,,,,
4396,42.0,,,,,,,,
4397,84.0,,,,,,,,
4398,126.0,,,,,,,,
4399,42.0,,,,,,,,
4400,84.0,,,,,,,,
4401,42.0,,,,,,,,
4402,84.0,,,,,,,,
4403,42.0,,,,,,,,
4404,42.0,,,,,,,,
4405,42.0,,,,,,,,
4406,70.0,,,,,,,,
4407,42.0,,,,,,,,
4408,42.0,,,,,,,,
4409,42.0,,,,,,,,
4410,28.0,,,,,,,,
4411,42.0,,,,,,,,
4412,42.0,,,,,,,,
4413,42.0,,,,,,,,
4414,42.0,,,,,,,,
4415,42.0,,,,,,,,
4416,42.0,,,,,,,,
4417,42.0,,,,,,,,
4418,42.0,,,,,,,,
4419,84.0,,,,,,,,
4420,42.0,,,,,,,,
4421,42.0,,,,,,,,
4422,42.0,,,,,,,,
4423,42.0,,,,,,,,
4424,126.0,,,,,,,,
4425,42.0,,,,,,,,
4426,126.0,,,,,,,,
4427,126.0,,,,,,,,
4428,168.0,,,,,,,,
4429,84.0,,,,,,,,
4430,84.0,,,,,,,,
4431,84.0,,,,,,,,
4432,126.0,,,,,,,,
4433,42.0,,,,,,,,
4434,84.0,,,,,,,,
4435,42.0,,,,,,,,
4436,126.0,,,,,,,,
4437,42.0,,,,,,,,
4438,42.0,,,,,,,,
4439,84.0,,,,,,,,
4440,84.0,,,,,,,,
4441,42.0,,,,,,,,
4442,42.0,,,,,,,,
4443,84.0,,,,,,,,
4444,42.0,,,,,,,,
4445,126.0,,,,,,,,
4446,42.0,,,,,,,,
4447,42.0,,,,,,,,
4448,42.0,,,,,,,,
4449,84.0,,,,,,,,
4450,42.0,,,,,,,,
4451,42.0,,,,,,,,
4452,42.0,,,,,,,,
4453,42.0,,,,,,,,
4454,70.0,,,,,,,,
4455,28.0,,,,,,,,
4456,42.0,,,,,,,,
4457,84.0,,,,,,,,
4458,42.0,,,,,,,,
4459,84.0,,,,,,,,
4460,42.0,,,,,,,,
4461,42.0,,,,,,,,
4462,126.0,,,,,,,,
4463,42.0,,,,,,,,
4464,42.0,,,,,,,,
4465,42.0,,,,,,,,
4466,42.0,,,,,,,,
4467,42.0,,,,,,,,
4468,42.0,,,,,,,,
4469,42.0,,,,,,,,
4470,42.0,,,,,,,,
4471,42.0,,,,,,,,
4472,126.0,,,,,,,,
4473,216.0,,,,,,,,
4474,126.0,,,,,,,,
4475,84.0,,,,,,,,
4476,126.0,,,,,,,,
4477,84.0,,,,,,,,
4478,126.0,,,,,,,,
4479,84.0,,,,,,,,
4480,42.0,,,,,,,,
4481,126.0,,,,,,,,
4482,42.0,,,,,,,,
4483,42.0,,,,,,,,
4484,42.0,,,,,,,,
4485,84.0,,,,,,,,
4486,42.0,,,,,,,,
4487,42.0,,,,,,,,
4488,42.0,,,,,,,,
4489,84.0,,,,,,,,
4490,42.0,,,,,,,,
4491,42.0,,,,,,,,
4492,126.0,,,,,,,,
4493,42.0,,,,,,,,
4494,42.0,,,,,,,,
4495,42.0,,,,,,,,
4496,70.0,,,,,,,,
4497,28.0,,,,,,,,
4498,42.0,,,,,,,,
4499,84.0,,,,,,,,
4500,84.0,,,,,,,,
4501,42.0,,,,,,,,
4502,42.0,,,,,,,,
4503,42.0,,,,,,,,
4504,42.0,,,,,,,,
4505,42.0,,,,,,,,
4506,42.0,,,,,,,,
4507,42.0,,,,,,,,
4508,126.0,,,,,,,,
4509,42.0,,,,,,,,
4510,42.0,,,,,,,,
4511,42.0,,,,,,,,
4512,42.0,,,,,,,,
4513,42.0,,,,,,,,
4514,42.0,,,,,,,,
4515,168.0,,,,,,,,
4516,216.0,,,,,,,,
4517,126.0,,,,,,,,
4518,84.0,,,,,,,,
4519,84.0,,,,,,,,
4520,126.0,,,,,,,,
4521,84.0,,,,,,,,
4522,84.0,,,,,,,,
