,"case_1: wcpu 0, wodc 0.1, wd 0.9, odcs 0","case_1: wcpu 0, wodc 0.2, wd 0.8, odcs 0","case_1: wcpu 0, wodc 0.3, wd 0.7, odcs 0","case_1: wcpu 0, wodc 0.4, wd 0.6, odcs 0","case_1: wcpu 0, wodc 0.5, wd 0.5, odcs 0","case_1: wcpu 0, wodc 0.6, wd 0.4, odcs 0","case_1: wcpu 0, wodc 0.7, wd 0.3, odcs 0","case_1: wcpu 0, wodc 0.8, wd 0.2, odcs 0","case_1: wcpu 0, wodc 0.9, wd 0.1, odcs 0"
0,0.0,8.712023740113676,37.97921592199604,101.85742868401285,128.9406452562424,128.9406452562424,101.85742868401285,101.85742868401285,101.85742868401285
1,0.0,4.439915437568395,56.36991327099788,196.8268466256348,146.3466305369653,146.3466305369653,224.64301698897955,278.2414047272246,224.64301698897955
2,0.0,34.67400516709484,0.0,46.27744271092702,224.64301698897955,224.64301698897955,278.2414047272246,278.3454370568201,278.2414047272246
3,0.0,0.0,46.27744271092702,32.96157240614849,32.96157240614849,32.96157240614849,163.97042689157664,163.97042689157664,163.97042689157664
4,0.0,10.347450506012,28.24264372169233,78.32564856753018,110.74916787176912,107.24455126279436,146.3466305369653,146.3466305369653,101.85742868401285
5,0.0,4.099719773693866,32.96157240614849,71.23373795253224,146.3466305369653,146.3466305369653,128.9406452562424,128.9406452562424,207.67966810430173
6,0.0,3.048924092869573,38.88509720324353,146.3466305369653,128.9406452562424,128.9406452562424,32.96157240614849,224.64301698897955,32.96157240614849
7,0.0,0.0926797102431434,42.79962381409237,128.9406452562424,32.96157240614849,32.96157240614849,46.27744271092702,32.96157240614849,71.76578972739628
8,2.199198743708845,22.33649443177427,71.23373795253224,32.96157240614849,110.74916787176912,109.57435695223587,107.24455126279436,110.74916787176912,224.6754633603691
9,0.0,15.660569223528796,0.0,46.27744271092702,224.6754633603691,224.6754633603691,71.26974968103113,101.85742868401285,128.9406452562424
10,0.0,6.099190994978948,56.36991327099788,71.23373795253224,101.85742868401285,101.85742868401285,101.85742868401285,246.3328328304311,146.3466305369653
11,2.0956956867578507,13.492084115938772,37.97921592199604,110.74916787176912,32.96157240614849,32.96157240614849,246.3328328304311,333.1266918484706,32.96157240614849
12,0.0,27.22288322454476,34.67400516709484,101.85742868401285,196.8268466256348,196.8268466256348,333.1266918484706,163.9394589788632,109.57435695223587
13,0.0,35.57219641929099,32.96157240614849,32.96157240614849,230.8705771075552,248.28271341834568,163.9394589788632,101.85742868401285,224.64301698897955
14,2.29150235109587,12.339573747295251,46.27744271092702,196.8268466256348,78.32564856753018,78.32564856753018,101.85742868401285,207.67966810430173,101.85742868401285
15,0.0,0.0,28.24264372169233,71.26974968103113,84.8165179840258,128.9406452562424,207.67966810430173,32.96157240614849,207.67966810430173
16,0.0,4.439915437568395,71.23373795253224,46.27744271092702,34.67400516709484,146.3466305369653,32.96157240614849,69.66645254905293,32.96157240614849
17,0.0,8.712023740113676,43.32087581204169,78.32564856753018,171.65838801782064,32.96157240614849,69.66645254905293,224.64301698897955,67.94967839208859
18,0.0,4.099719773693866,0.0,101.85742868401285,221.27228126350263,107.24455126279436,224.64301698897955,32.96157240614849,224.64301698897955
19,0.0,34.67400516709484,37.97921592199604,207.67966810430173,224.64301698897955,224.64301698897955,32.96157240614849,224.64301698897955,224.64301698897955
20,0.0,22.33649443177427,56.36991327099788,32.96157240614849,32.96157240614849,32.96157240614849,101.85742868401285,101.85742868401285,101.85742868401285
21,0.0,10.347450506012,32.96157240614849,46.27744271092702,224.64301698897955,224.64301698897955,247.9085117670747,196.8268466256348,207.67966810430173
22,0.0,15.660569223528796,71.26974968103113,67.94967839208859,101.85742868401285,101.85742868401285,207.67966810430173,79.10205979946667,71.76578972739628
23,2.844536548299099,13.492084115938772,43.32087581204169,71.23373795253224,196.8268466256348,196.8268466256348,67.94967839208859,224.64301698897955,35.87184899395712
24,0.0,10.719746131060525,34.67400516709484,32.96157240614849,79.10205979946667,78.32564856753018,46.27744271092702,110.74916787176912,224.64301698897955
25,0.0,3.048924092869573,28.24264372169233,101.85742868401285,71.76578972739628,62.6887904036423,101.85742868401285,146.3466305369653,110.74916787176912
26,0.0,35.57219641929099,46.27744271092702,71.23373795253224,46.27744271092702,146.3466305369653,71.26974968103113,128.9406452562424,146.3466305369653
27,0.0,0.0926797102431434,37.97921592199604,196.8268466256348,101.85742868401285,107.24455126279436,32.96157240614849,36.74694265656541,128.9406452562424
28,0.0,5.08335688941316,0.0,46.27744271092702,71.26974968103113,128.9406452562424,196.8268466256348,101.85742868401285,32.96157240614849
29,0.1196913799091976,12.27871044879202,28.24264372169233,79.10205979946667,207.67966810430173,77.68754822417431,78.32564856753018,246.3328328304311,101.85742868401285
30,0.0,6.099190994978948,56.36991327099788,110.74916787176912,36.74694265656541,32.96157240614849,101.85742868401285,163.56319447990077,246.3328328304311
31,0.0,0.0,34.67400516709484,46.27744271092702,101.85742868401285,101.85742868401285,246.3328328304311,333.1266918484706,333.1266918484706
32,0.0,8.712023740113676,32.96157240614849,146.3466305369653,246.3328328304311,246.3328328304311,163.56319447990077,224.64301698897955,163.9394589788632
33,0.0,4.439915437568395,46.27744271092702,128.9406452562424,163.56319447990077,163.56319447990077,46.27744271092702,207.67966810430173,101.85742868401285
34,0.0,10.719746131060525,42.79962381409237,71.23373795253224,333.1266918484706,333.1266918484706,129.7390175394782,32.96157240614849,278.8444646218688
35,0.0,4.099719773693866,71.23373795253224,36.74694265656541,101.85742868401285,224.64301698897955,46.27744271092702,101.85742868401285,130.74687649235602
36,0.0,3.048924092869573,32.96157240614849,101.85742868401285,278.8444646218688,207.67966810430173,207.67966810430173,67.94967839208859,224.6754633603691
37,0.0,22.33649443177427,37.97921592199604,207.67966810430173,130.74687649235602,32.96157240614849,71.23373795253224,101.85742868401285,101.85742868401285
38,0.0949224841361663,5.08335688941316,0.0,46.27744271092702,224.6754633603691,101.85742868401285,32.96157240614849,163.97042689157664,207.67966810430173
39,2.366339858736052,12.339573747295251,56.36991327099788,36.74694265656541,101.85742868401285,67.94967839208859,101.85742868401285,278.2414047272246,19.354451067867316
40,3.3952694969729524,34.67400516709484,71.23373795253224,71.76578972739628,207.67966810430173,101.85742868401285,67.94967839208859,224.64301698897955,85.15605513359502
41,3.104505054985564,13.492084115938772,28.24264372169233,71.23373795253224,19.354451067867316,163.97042689157664,101.85742868401285,84.8165179840258,224.64301698897955
42,0.0926797102431434,15.660569223528796,46.27744271092702,46.27744271092702,85.15605513359502,278.2414047272246,163.97042689157664,71.92725340688621,128.9406452562424
43,0.0669467607792184,34.396724496310675,43.32087581204169,207.67966810430173,224.64301698897955,224.64301698897955,278.2414047272246,32.96157240614849,146.3466305369653
44,0.0325314998532016,0.0926797102431434,34.67400516709484,71.23373795253224,128.9406452562424,84.8165179840258,224.64301698897955,224.64301698897955,32.96157240614849
45,0.0280877934472444,10.347450506012,10.347450506012,32.96157240614849,146.3466305369653,71.92725340688621,128.9406452562424,34.67400516709484,224.64301698897955
46,0.0,6.099190994978948,43.32087581204169,101.85742868401285,32.96157240614849,32.96157240614849,146.3466305369653,107.24455126279436,107.24455126279436
47,0.0,8.712023740113676,34.67400516709484,67.94967839208859,224.64301698897955,224.64301698897955,32.96157240614849,101.85742868401285,101.85742868401285
48,0.0,0.0,46.27744271092702,101.85742868401285,107.24455126279436,34.67400516709484,224.64301698897955,19.354451067867316,19.354451067867316
49,0.0,10.719746131060525,0.0,46.27744271092702,101.85742868401285,107.24455126279436,107.24455126279436,224.64301698897955,207.67966810430173
50,0.0,13.492084115938772,56.36991327099788,207.67966810430173,32.96157240614849,128.9406452562424,128.9406452562424,85.15605513359502,89.61660673757906
51,0.0,4.439915437568395,28.24264372169233,71.23373795253224,207.67966810430173,224.64301698897955,146.3466305369653,207.67966810430173,224.6754633603691
52,0.0,4.099719773693866,37.97921592199604,32.96157240614849,71.76578972739628,146.3466305369653,107.24455126279436,128.9406452562424,128.9406452562424
53,0.0,34.67400516709484,29.8928208075054,67.94967839208859,224.6754633603691,107.24455126279436,32.96157240614849,146.3466305369653,146.3466305369653
54,2.844536548299099,3.048924092869573,32.96157240614849,128.9406452562424,128.9406452562424,32.96157240614849,224.6754633603691,32.96157240614849,32.96157240614849
55,0.0,22.33649443177427,28.24264372169233,146.3466305369653,146.3466305369653,101.85742868401285,128.9406452562424,107.24455126279436,107.24455126279436
56,0.0,5.08335688941316,37.97921592199604,32.96157240614849,32.96157240614849,207.67966810430173,146.3466305369653,247.9085117670747,224.64301698897955
57,0.0,35.57219641929099,34.67400516709484,46.27744271092702,107.24455126279436,248.28271341834568,32.96157240614849,146.3466305369653,224.64301698897955
58,0.0926797102431434,32.96157240614849,56.36991327099788,107.24455126279436,224.64301698897955,32.96157240614849,107.24455126279436,128.9406452562424,146.3466305369653
59,0.0,15.660569223528796,0.0,71.23373795253224,224.64301698897955,67.94967839208859,224.64301698897955,32.96157240614849,128.9406452562424
60,0.0,0.0926797102431434,46.27744271092702,101.85742868401285,146.3466305369653,146.3466305369653,224.64301698897955,107.24455126279436,32.96157240614849
61,2.270403213518286,10.347450506012,19.354451067867316,19.354451067867316,128.9406452562424,128.9406452562424,146.3466305369653,224.6754633603691,107.24455126279436
62,0.0,32.96157240614849,60.00600055559878,71.23373795253224,32.96157240614849,32.96157240614849,128.9406452562424,224.6754633603691,101.85742868401285
63,0.0,10.347450506012,71.23373795253224,85.15605513359502,107.24455126279436,107.24455126279436,32.96157240614849,80.141789311817,163.97042689157664
64,2.0956956867578507,8.712023740113676,0.0,207.67966810430173,224.6754633603691,224.6754633603691,107.24455126279436,234.95748977612269,278.2414047272246
65,2.199198743708845,0.0926797102431434,56.36991327099788,46.27744271092702,101.85742868401285,224.6754633603691,224.6754633603691,65.39133291531103,247.9085117670747
66,0.0,0.0,46.27744271092702,128.9406452562424,163.97042689157664,92.14429197521228,101.85742868401285,133.6835171093017,92.14429197521228
67,0.0,3.048924092869573,71.23373795253224,146.3466305369653,278.2414047272246,32.96157240614849,163.97042689157664,101.85742868401285,232.42238487932488
68,0.0,4.439915437568395,28.24264372169233,32.96157240614849,224.6754633603691,232.42238487932488,278.2414047272246,258.32151518822434,32.96157240614849
69,0.0,22.33649443177427,32.96157240614849,46.27744271092702,92.14429197521228,115.15722557659484,281.1767994965958,333.1266918484706,121.10182083373408
70,0.0,13.492084115938772,34.67400516709484,107.24455126279436,221.569563400658,224.6754633603691,84.8165179840258,171.65838801782064,224.64301698897955
71,2.29150235109587,15.660569223528796,37.97921592199604,71.23373795253224,32.96157240614849,101.85742868401285,276.08785080937423,101.85742868401285,224.64301698897955
72,0.0,35.57219641929099,42.79962381409237,101.85742868401285,123.15249621348003,174.79666453829873,185.30412046986163,163.97042689157664,101.85742868401285
73,0.0,4.099719773693866,37.97921592199604,32.96157240614849,224.64301698897955,281.12558583712195,224.64301698897955,278.2414047272246,163.97042689157664
74,0.0,34.67400516709484,56.36991327099788,207.67966810430173,101.85742868401285,32.96157240614849,101.85742868401285,46.27744271092702,278.2414047272246
75,0.0,27.22288322454476,46.27744271092702,46.27744271092702,163.97042689157664,248.28271341834568,163.97042689157664,71.23373795253224,146.3466305369653
76,0.0,10.347450506012,0.0,67.94967839208859,278.2414047272246,101.85742868401285,278.2414047272246,101.85742868401285,128.9406452562424
77,0.0,0.0926797102431434,71.23373795253224,71.23373795253224,146.3466305369653,207.67966810430173,146.3466305369653,207.67966810430173,32.96157240614849
78,3.104505054985564,35.57219641929099,28.24264372169233,146.3466305369653,128.9406452562424,67.94967839208859,128.9406452562424,19.354451067867316,224.64301698897955
79,0.0,34.67400516709484,38.88509720324353,46.27744271092702,32.96157240614849,146.3466305369653,32.96157240614849,85.15605513359502,107.24455126279436
80,0.0,27.22288322454476,32.96157240614849,128.9406452562424,224.64301698897955,128.9406452562424,224.64301698897955,224.6754633603691,32.96157240614849
81,0.0,15.660569223528796,42.79962381409237,32.96157240614849,110.74916787176912,32.96157240614849,107.24455126279436,32.96157240614849,207.67966810430173
82,0.0,0.0,37.97921592199604,107.24455126279436,32.96157240614849,224.64301698897955,146.3466305369653,207.67966810430173,101.85742868401285
83,0.0,3.048924092869573,35.87184899395712,71.23373795253224,207.67966810430173,107.24455126279436,32.96157240614849,101.85742868401285,224.64301698897955
84,0.0,4.439915437568395,56.36991327099788,146.3466305369653,101.85742868401285,146.3466305369653,128.9406452562424,224.64301698897955,67.94967839208859
85,0.0,13.492084115938772,0.0,128.9406452562424,224.64301698897955,32.96157240614849,224.64301698897955,67.94967839208859,101.85742868401285
86,6.311611898113961,8.712023740113676,28.24264372169233,71.23373795253224,67.94967839208859,128.9406452562424,107.24455126279436,128.9406452562424,163.97042689157664
87,0.1196913799091976,4.099719773693866,34.67400516709484,107.24455126279436,128.9406452562424,224.64301698897955,128.9406452562424,146.3466305369653,278.2414047272246
88,0.0669467607792184,22.33649443177427,46.27744271092702,32.96157240614849,146.3466305369653,107.24455126279436,146.3466305369653,32.96157240614849,224.64301698897955
89,0.0325314998532016,12.27871044879202,42.79962381409237,46.27744271092702,32.96157240614849,101.85742868401285,61.87077539842197,107.24455126279436,128.9406452562424
90,0.0280877934472444,6.099190994978948,71.23373795253224,32.96157240614849,107.24455126279436,32.96157240614849,77.68754822417431,224.64301698897955,107.24455126279436
91,2.410579095869161,13.492084115938772,37.97921592199604,71.26974968103113,224.64301698897955,196.8268466256348,32.96157240614849,101.85742868401285,146.3466305369653
92,0.0,8.712023740113676,0.0,101.85742868401285,128.9406452562424,78.32564856753018,109.57435695223587,207.67966810430173,224.64301698897955
93,0.0,34.67400516709484,34.67400516709484,207.67966810430173,146.3466305369653,224.64301698897955,128.9406452562424,32.96157240614849,36.74694265656541
94,0.0,4.439915437568395,56.36991327099788,46.27744271092702,46.27744271092702,101.85742868401285,146.3466305369653,71.76578972739628,224.64301698897955
95,0.0,0.0,28.24264372169233,67.94967839208859,32.96157240614849,207.67966810430173,32.96157240614849,224.64301698897955,101.85742868401285
96,0.0,0.0926797102431434,71.23373795253224,101.85742868401285,110.74916787176912,32.96157240614849,110.74916787176912,92.14429197521228,207.67966810430173
97,0.0,3.048924092869573,42.79962381409237,196.8268466256348,71.23373795253224,69.66645254905293,224.64301698897955,196.8268466256348,32.96157240614849
98,0.0,22.33649443177427,32.96157240614849,71.26974968103113,92.14429197521228,224.64301698897955,34.67400516709484,32.96157240614849,67.94967839208859
99,0.0,10.719746131060525,46.27744271092702,32.96157240614849,224.64301698897955,92.14429197521228,224.64301698897955,148.4192221491747,32.96157240614849
100,0.0,15.660569223528796,34.67400516709484,46.27744271092702,232.42238487932488,224.64301698897955,84.8165179840258,224.6754633603691,146.3466305369653
101,2.0956956867578507,12.27871044879202,37.97921592199604,78.32564856753018,32.96157240614849,232.42238487932488,71.92725340688621,32.96157240614849,128.9406452562424
102,0.0,4.099719773693866,0.0,46.27744271092702,115.15722557659484,32.96157240614849,32.96157240614849,146.3466305369653,224.64301698897955
103,0.0,35.57219641929099,56.36991327099788,32.96157240614849,32.96157240614849,115.15722557659484,107.24455126279436,128.9406452562424,107.24455126279436
104,0.0,5.150291288737839,71.26974968103113,207.67966810430173,146.3466305369653,92.14429197521228,32.96157240614849,224.64301698897955,196.8268466256348
105,0.0,10.347450506012,28.24264372169233,71.23373795253224,128.9406452562424,165.57690270596052,146.3466305369653,109.57435695223587,101.85742868401285
106,0.0,6.099190994978948,32.96157240614849,101.85742868401285,224.64301698897955,136.292366896059,128.9406452562424,107.24455126279436,32.96157240614849
107,0.0,10.347450506012,46.27744271092702,67.94967839208859,107.24455126279436,224.64301698897955,224.64301698897955,146.3466305369653,224.64301698897955
108,0.0,0.0,42.79962381409237,128.9406452562424,65.39133291531103,133.42519774713443,107.24455126279436,128.9406452562424,78.32564856753018
109,0.0,4.439915437568395,0.0,146.3466305369653,80.141789311817,221.569563400658,221.569563400658,32.96157240614849,146.3466305369653
110,0.0325314998532016,15.660569223528796,28.24264372169233,71.26974968103113,243.11715898316365,92.14429197521228,36.74694265656541,224.64301698897955,128.9406452562424
111,6.311611898113961,10.719746131060525,56.36991327099788,32.96157240614849,121.09049556831172,32.96157240614849,92.14429197521228,224.64301698897955,32.96157240614849
112,0.0,12.339573747295251,37.97921592199604,46.27744271092702,224.64301698897955,224.64301698897955,224.64301698897955,146.3466305369653,107.24455126279436
113,0.0,4.099719773693866,34.67400516709484,107.24455126279436,224.64301698897955,123.15249621348003,123.15249621348003,128.9406452562424,224.6754633603691
114,0.0,3.048924092869573,32.96157240614849,128.9406452562424,146.3466305369653,46.27744271092702,224.64301698897955,32.96157240614849,0.0
115,0.0,0.0926797102431434,46.27744271092702,146.3466305369653,128.9406452562424,216.4230337674108,146.3466305369653,109.57435695223587,278.8444646218688
116,0.0,22.33649443177427,42.79962381409237,32.96157240614849,32.96157240614849,116.92411300878577,128.9406452562424,221.569563400658,55.020126621983074
117,0.0,6.1102707250581405,71.23373795253224,110.74916787176912,107.24455126279436,101.85742868401285,32.96157240614849,92.14429197521228,130.6448320520446
118,0.0,13.492084115938772,56.36991327099788,224.64301698897955,196.8268466256348,19.354451067867316,107.24455126279436,123.15249621348003,224.64301698897955
119,0.0,34.67400516709484,46.27744271092702,101.85742868401285,101.85742868401285,73.32342300704393,232.42238487932488,32.96157240614849,278.2414047272246
120,0.0,8.712023740113676,28.24264372169233,196.8268466256348,231.0187680040144,232.42238487932488,92.14429197521228,247.9085117670747,101.85742868401285
121,0.0,34.396724496310675,0.0,32.96157240614849,78.32564856753018,92.14429197521228,32.96157240614849,146.3466305369653,163.97042689157664
122,2.29150235109587,5.08335688941316,37.97921592199604,78.32564856753018,32.96157240614849,32.96157240614849,114.78197029080783,32.96157240614849,224.64301698897955
123,0.0,8.712023740113676,32.96157240614849,46.27744271092702,199.5530933863677,115.15722557659484,224.64301698897955,128.9406452562424,224.64301698897955
124,0.0,4.439915437568395,34.67400516709484,71.26974968103113,42.1021753857288,224.64301698897955,32.96157240614849,107.24455126279436,92.14429197521228
125,0.0,10.719746131060525,42.79962381409237,32.96157240614849,84.8165179840258,32.96157240614849,207.67966810430173,224.64301698897955,32.96157240614849
126,3.0432705614633617,15.660569223528796,71.23373795253224,146.3466305369653,224.64301698897955,196.8268466256348,101.85742868401285,224.64301698897955,221.569563400658
127,0.0,0.0,28.24264372169233,46.27744271092702,163.9394589788632,101.85742868401285,67.94967839208859,101.85742868401285,123.15249621348003
128,0.0,0.0926797102431434,56.36991327099788,128.9406452562424,224.64301698897955,80.38426003547583,224.64301698897955,32.96157240614849,146.3466305369653
129,1.3755487060531857,4.099719773693866,37.97921592199604,71.23373795253224,101.85742868401285,224.64301698897955,101.85742868401285,207.67966810430173,224.64301698897955
130,0.1196913799091976,22.33649443177427,0.0,109.57435695223587,32.96157240614849,224.64301698897955,163.97042689157664,67.94967839208859,128.9406452562424
131,0.0926797102431434,5.150291288737839,42.79962381409237,107.24455126279436,207.67966810430173,101.85742868401285,278.2414047272246,224.64301698897955,32.96157240614849
132,2.270403213518286,0.0,34.67400516709484,46.27744271092702,67.94967839208859,32.96157240614849,224.6754633603691,207.67966810430173,107.24455126279436
133,0.0669467607792184,13.492084115938772,32.96157240614849,146.3466305369653,224.64301698897955,207.67966810430173,101.85742868401285,101.85742868401285,224.64301698897955
134,2.199198743708845,24.13542086332589,46.27744271092702,128.9406452562424,207.67966810430173,67.94967839208859,231.0187680040144,32.96157240614849,32.96157240614849
135,0.0280877934472444,3.048924092869573,71.26974968103113,32.96157240614849,101.85742868401285,146.3466305369653,278.8444646218688,67.94967839208859,146.3466305369653
136,0.0,35.57219641929099,34.67400516709484,71.23373795253224,32.96157240614849,224.64301698897955,130.74687649235602,224.64301698897955,128.9406452562424
137,0.0,10.347450506012,0.0,46.27744271092702,67.94967839208859,128.9406452562424,224.64301698897955,278.2414047272246,107.24455126279436
138,0.0,12.27871044879202,56.36991327099788,146.3466305369653,224.64301698897955,32.96157240614849,32.96157240614849,101.85742868401285,207.67966810430173
139,0.0,6.099190994978948,71.26974968103113,71.26974968103113,32.96157240614849,107.24455126279436,146.3466305369653,163.97042689157664,101.85742868401285
140,0.0926797102431434,8.712023740113676,28.24264372169233,128.9406452562424,146.3466305369653,224.64301698897955,128.9406452562424,207.67966810430173,71.76578972739628
141,0.0,0.0926797102431434,37.97921592199604,32.96157240614849,128.9406452562424,32.96157240614849,107.24455126279436,101.85742868401285,224.64301698897955
142,0.0,4.439915437568395,35.87184899395712,107.24455126279436,107.24455126279436,146.3466305369653,196.8268466256348,36.74694265656541,32.96157240614849
143,0.0,0.0,46.27744271092702,196.8268466256348,207.67966810430173,128.9406452562424,101.85742868401285,224.64301698897955,32.96157240614849
144,2.29150235109587,22.33649443177427,42.79962381409237,0.0,101.85742868401285,107.24455126279436,36.74694265656541,67.94967839208859,101.85742868401285
145,0.0,13.492084115938772,56.36991327099788,71.26974968103113,71.76578972739628,196.8268466256348,224.64301698897955,101.85742868401285,207.67966810430173
146,0.0,6.099190994978948,37.97921592199604,46.27744271092702,224.64301698897955,101.85742868401285,78.32564856753018,163.97042689157664,67.94967839208859
147,0.0,4.099719773693866,0.0,55.020126621983074,32.96157240614849,224.64301698897955,101.85742868401285,278.2414047272246,224.64301698897955
148,0.0,10.347450506012,34.67400516709484,78.32564856753018,101.85742868401285,32.96157240614849,163.97042689157664,224.64301698897955,196.8268466256348
149,2.270403213518286,34.67400516709484,32.96157240614849,32.96157240614849,163.97042689157664,78.32564856753018,278.2414047272246,224.64301698897955,224.64301698897955
150,2.0956956867578507,27.22288322454476,28.24264372169233,46.27744271092702,278.2414047272246,101.85742868401285,224.64301698897955,146.3466305369653,101.85742868401285
151,0.0,3.048924092869573,46.27744271092702,146.3466305369653,224.64301698897955,163.97042689157664,207.67966810430173,128.9406452562424,36.74694265656541
152,0.0,15.660569223528796,42.79962381409237,32.96157240614849,207.67966810430173,278.2414047272246,224.64301698897955,32.96157240614849,79.10205979946667
153,0.0,34.396724496310675,71.23373795253224,71.23373795253224,224.64301698897955,224.64301698897955,101.85742868401285,107.24455126279436,32.96157240614849
154,0.0,12.27871044879202,56.36991327099788,128.9406452562424,101.85742868401285,224.64301698897955,32.96157240614849,32.96157240614849,101.85742868401285
155,0.0669467607792184,27.22288322454476,46.27744271092702,107.24455126279436,32.96157240614849,146.3466305369653,67.94967839208859,101.85742868401285,224.64301698897955
156,0.0,8.712023740113676,32.96157240614849,46.27744271092702,67.94967839208859,128.9406452562424,32.96157240614849,224.64301698897955,207.67966810430173
157,6.311611898113961,3.048924092869573,28.24264372169233,101.85742868401285,32.96157240614849,32.96157240614849,101.85742868401285,207.67966810430173,67.94967839208859
158,0.0,0.0,0.0,32.96157240614849,101.85742868401285,107.24455126279436,224.64301698897955,67.94967839208859,146.3466305369653
159,0.0280877934472444,10.347450506012,71.23373795253224,207.67966810430173,224.64301698897955,101.85742868401285,207.67966810430173,146.3466305369653,32.96157240614849
160,0.0,4.099719773693866,37.97921592199604,67.94967839208859,207.67966810430173,36.74694265656541,67.94967839208859,32.96157240614849,128.9406452562424
161,0.0,34.67400516709484,34.67400516709484,71.23373795253224,67.94967839208859,224.64301698897955,146.3466305369653,128.9406452562424,107.24455126279436
162,0.0,4.439915437568395,42.79962381409237,207.67966810430173,146.3466305369653,207.67966810430173,32.96157240614849,107.24455126279436,224.64301698897955
163,0.0,13.492084115938772,37.97921592199604,101.85742868401285,32.96157240614849,67.94967839208859,128.9406452562424,224.64301698897955,207.67966810430173
164,0.0,6.099190994978948,56.36991327099788,32.96157240614849,128.9406452562424,146.3466305369653,107.24455126279436,92.14429197521228,32.96157240614849
165,0.0,12.339573747295251,0.0,67.94967839208859,107.24455126279436,32.96157240614849,224.64301698897955,196.8268466256348,101.85742868401285
166,0.0,34.396724496310675,28.24264372169233,46.27744271092702,224.64301698897955,128.9406452562424,207.67966810430173,32.96157240614849,67.94967839208859
167,0.0,22.33649443177427,34.67400516709484,71.23373795253224,207.67966810430173,107.24455126279436,32.96157240614849,148.4192221491747,224.64301698897955
168,0.0,15.660569223528796,32.96157240614849,32.96157240614849,32.96157240614849,224.64301698897955,101.85742868401285,224.64301698897955,101.85742868401285
169,0.0,0.0926797102431434,46.27744271092702,46.27744271092702,101.85742868401285,246.3328328304311,67.94967839208859,101.85742868401285,278.2414047272246
170,0.0325314998532016,34.67400516709484,42.79962381409237,207.67966810430173,67.94967839208859,163.56319447990077,224.64301698897955,278.2414047272246,163.97042689157664
171,0.0,8.712023740113676,71.23373795253224,71.23373795253224,224.64301698897955,101.85742868401285,101.85742868401285,163.97042689157664,224.6754633603691
172,0.0,22.33649443177427,37.97921592199604,101.85742868401285,101.85742868401285,333.1266918484706,196.8268466256348,224.64301698897955,101.85742868401285
173,0.0,10.719746131060525,34.67400516709484,67.94967839208859,278.2414047272246,101.85742868401285,32.96157240614849,101.85742868401285,224.64301698897955
174,0.0,0.0,71.26974968103113,207.67966810430173,163.97042689157664,278.2414047272246,78.32564856753018,32.96157240614849,19.354451067867316
175,0.0,4.439915437568395,0.0,101.85742868401285,224.64301698897955,163.97042689157664,224.64301698897955,224.64301698897955,207.67966810430173
176,0.0,5.08335688941316,56.36991327099788,36.74694265656541,128.9406452562424,224.64301698897955,101.85742868401285,207.67966810430173,85.15605513359502
177,3.318778464280774,6.099190994978948,28.24264372169233,46.27744271092702,32.96157240614849,128.9406452562424,19.354451067867316,67.94967839208859,146.3466305369653
178,2.844536548299099,13.492084115938772,46.27744271092702,67.94967839208859,146.3466305369653,110.74916787176912,207.67966810430173,146.3466305369653,128.9406452562424
179,0.1196913799091976,4.099719773693866,32.96157240614849,71.23373795253224,224.64301698897955,32.96157240614849,85.15605513359502,128.9406452562424,32.96157240614849
180,2.199198743708845,3.048924092869573,43.32087581204169,146.3466305369653,107.24455126279436,146.3466305369653,224.6754633603691,46.27744271092702,107.24455126279436
181,0.0,15.660569223528796,28.24264372169233,32.96157240614849,146.3466305369653,224.6754633603691,146.3466305369653,71.23373795253224,224.64301698897955
182,2.199198743708845,34.396724496310675,0.0,128.9406452562424,128.9406452562424,146.3466305369653,128.9406452562424,32.96157240614849,261.4165166036089
183,0.0,0.0926797102431434,34.67400516709484,71.23373795253224,32.96157240614849,128.9406452562424,32.96157240614849,107.24455126279436,255.10248377232415
184,0.0,10.347450506012,37.97921592199604,46.27744271092702,107.24455126279436,32.96157240614849,107.24455126279436,261.4165166036089,237.55568999578395
185,0.0,12.27871044879202,56.36991327099788,107.24455126279436,224.64301698897955,107.24455126279436,224.64301698897955,255.10248377232415,224.64301698897955
186,0.0,0.0,71.23373795253224,71.23373795253224,128.9406452562424,224.64301698897955,261.4165166036089,237.55568999578395,207.67966810430173
187,0.0,13.492084115938772,32.96157240614849,207.67966810430173,146.3466305369653,128.9406452562424,255.10248377232415,224.64301698897955,224.64301698897955
188,0.0,3.048924092869573,46.27744271092702,101.85742868401285,32.96157240614849,146.3466305369653,237.55568999578395,71.92725340688621,19.354451067867316
189,0.0,4.099719773693866,42.79962381409237,32.96157240614849,110.74916787176912,32.96157240614849,224.64301698897955,224.64301698897955,101.85742868401285
190,0.0,4.439915437568395,0.0,46.27744271092702,224.64301698897955,110.74916787176912,146.3466305369653,84.8165179840258,85.15605513359502
191,0.0,12.339573747295251,32.96157240614849,67.94967839208859,71.92725340688621,224.64301698897955,224.64301698897955,34.67400516709484,32.96157240614849
192,0.0,8.712023740113676,34.67400516709484,32.96157240614849,84.8165179840258,146.3466305369653,128.9406452562424,32.96157240614849,101.85742868401285
193,0.0,34.67400516709484,56.36991327099788,146.3466305369653,34.67400516709484,224.64301698897955,32.96157240614849,107.24455126279436,207.67966810430173
194,0.0669467607792184,27.22288322454476,46.27744271092702,128.9406452562424,32.96157240614849,128.9406452562424,107.24455126279436,224.6754633603691,67.94967839208859
195,2.0956956867578507,22.33649443177427,37.97921592199604,46.27744271092702,107.24455126279436,32.96157240614849,32.96157240614849,32.96157240614849,224.64301698897955
196,2.29150235109587,15.660569223528796,71.23373795253224,107.24455126279436,224.6754633603691,107.24455126279436,101.85742868401285,101.85742868401285,128.9406452562424
197,0.0,34.396724496310675,28.24264372169233,71.26974968103113,146.3466305369653,146.3466305369653,196.8268466256348,207.67966810430173,146.3466305369653
198,0.0,0.0926797102431434,42.79962381409237,146.3466305369653,32.96157240614849,32.96157240614849,78.32564856753018,67.94967839208859,32.96157240614849
199,0.0,10.38547218765633,42.79962381409237,32.96157240614849,128.9406452562424,128.9406452562424,224.64301698897955,128.9406452562424,110.74916787176912
200,0.0,6.099190994978948,38.88509720324353,128.9406452562424,107.24455126279436,107.24455126279436,84.8165179840258,146.3466305369653,224.64301698897955
201,0.0,10.38547218765633,0.0,46.27744271092702,224.64301698897955,224.64301698897955,71.92725340688621,32.96157240614849,207.67966810430173
202,0.0,4.439915437568395,46.27744271092702,107.24455126279436,128.9406452562424,128.9406452562424,32.96157240614849,110.74916787176912,32.96157240614849
203,0.0,15.660569223528796,56.36991327099788,71.23373795253224,146.3466305369653,146.3466305369653,34.67400516709484,224.64301698897955,101.85742868401285
204,0.0,13.492084115938772,37.97921592199604,146.3466305369653,32.96157240614849,32.96157240614849,110.74916787176912,146.3466305369653,67.94967839208859
205,0.0,0.0,32.96157240614849,32.96157240614849,110.74916787176912,110.74916787176912,224.64301698897955,32.96157240614849,224.64301698897955
206,0.0,4.099719773693866,28.24264372169233,128.9406452562424,224.64301698897955,224.64301698897955,146.3466305369653,128.9406452562424,128.9406452562424
207,0.0,0.0926797102431434,71.23373795253224,46.27744271092702,281.1767994965958,146.3466305369653,32.96157240614849,107.24455126279436,146.3466305369653
208,2.366339858736052,6.1102707250581405,46.27744271092702,107.24455126279436,185.30412046986163,32.96157240614849,128.9406452562424,224.64301698897955,224.64301698897955
209,0.0,8.712023740113676,56.36991327099788,71.23373795253224,84.8165179840258,128.9406452562424,107.24455126279436,101.85742868401285,32.96157240614849
210,0.0,34.67400516709484,0.0,101.85742868401285,276.08785080937423,107.24455126279436,224.64301698897955,163.97042689157664,107.24455126279436
211,0.0,27.22288322454476,28.24264372169233,207.67966810430173,101.85742868401285,224.64301698897955,128.9406452562424,278.2414047272246,224.64301698897955
212,0.0,3.048924092869573,37.97921592199604,32.96157240614849,207.67966810430173,128.9406452562424,146.3466305369653,224.64301698897955,101.85742868401285
213,0.0,22.33649443177427,34.67400516709484,46.27744271092702,224.64301698897955,146.3466305369653,224.64301698897955,248.28271341834568,278.2414047272246
214,0.0,34.396724496310675,32.96157240614849,67.94967839208859,32.96157240614849,224.64301698897955,32.96157240614849,101.85742868401285,163.97042689157664
215,0.0,12.339573747295251,42.79962381409237,71.26974968103113,67.94967839208859,32.96157240614849,107.24455126279436,278.2414047272246,92.14429197521228
216,0.0,13.492084115938772,71.23373795253224,71.23373795253224,248.28271341834568,107.24455126279436,224.64301698897955,163.97042689157664,32.96157240614849
217,0.0,4.439915437568395,0.0,128.9406452562424,101.85742868401285,224.64301698897955,101.85742868401285,65.39133291531103,232.42238487932488
218,0.0,8.712023740113676,71.26974968103113,46.27744271092702,278.2414047272246,101.85742868401285,19.354451067867316,32.96157240614849,115.15722557659484
219,3.3952694969729524,0.0,56.36991327099788,32.96157240614849,163.97042689157664,32.96157240614849,207.67966810430173,300.3979936029807,224.6754633603691
220,2.844536548299099,3.048924092869573,46.27744271092702,146.3466305369653,92.14429197521228,207.67966810430173,85.15605513359502,56.117046265537546,84.8165179840258
221,3.104505054985564,0.0926797102431434,37.97921592199604,107.24455126279436,32.96157240614849,67.94967839208859,32.96157240614849,281.1767994965958,34.67400516709484
222,0.1196913799091976,22.33649443177427,34.67400516709484,146.3466305369653,221.569563400658,92.14429197521228,101.85742868401285,82.10334319421264,71.92725340688621
223,0.0926797102431434,34.396724496310675,28.24264372169233,128.9406452562424,123.15249621348003,232.42238487932488,207.67966810430173,146.3466305369653,71.23373795253224
224,0.0949224841361663,34.67400516709484,32.96157240614849,46.27744271092702,224.6754633603691,19.354451067867316,224.64301698897955,0.0,46.27744271092702
225,0.0325314998532016,27.22288322454476,42.79962381409237,71.23373795253224,101.85742868401285,224.64301698897955,67.94967839208859,32.96157240614849,32.96157240614849
226,0.0280877934472444,4.099719773693866,46.27744271092702,32.96157240614849,62.6887904036423,132.36360231810124,128.9406452562424,77.68754822417431,107.24455126279436
227,0.0,32.96157240614849,34.67400516709484,107.24455126279436,32.96157240614849,128.9406452562424,146.3466305369653,61.87077539842197,128.9406452562424
228,2.199198743708845,15.660569223528796,56.36991327099788,128.9406452562424,77.68754822417431,146.3466305369653,32.96157240614849,107.24455126279436,146.3466305369653
229,0.0,10.347450506012,0.0,146.3466305369653,207.67966810430173,32.96157240614849,107.24455126279436,101.85742868401285,32.96157240614849
230,0.0,4.099719773693866,28.24264372169233,46.27744271092702,67.94967839208859,107.24455126279436,224.64301698897955,207.67966810430173,107.24455126279436
231,0.0926797102431434,0.0926797102431434,37.97921592199604,32.96157240614849,101.85742868401285,224.64301698897955,128.9406452562424,32.96157240614849,224.64301698897955
232,6.311611898113961,10.347450506012,35.87184899395712,110.74916787176912,207.67966810430173,128.9406452562424,146.3466305369653,67.94967839208859,224.64301698897955
233,0.0,34.67400516709484,42.79962381409237,71.23373795253224,19.354451067867316,146.3466305369653,32.96157240614849,224.64301698897955,101.85742868401285
234,0.0,0.0,71.26974968103113,46.27744271092702,85.15605513359502,32.96157240614849,107.24455126279436,224.64301698897955,163.97042689157664
235,0.0,4.439915437568395,0.0,71.92725340688621,224.64301698897955,110.74916787176912,224.64301698897955,101.85742868401285,278.2414047272246
236,0.0,13.492084115938772,56.36991327099788,84.8165179840258,224.64301698897955,224.64301698897955,146.3466305369653,32.96157240614849,101.85742868401285
237,0.0,8.712023740113676,28.24264372169233,34.67400516709484,101.85742868401285,224.64301698897955,224.64301698897955,207.67966810430173,67.94967839208859
238,0.0,12.339573747295251,46.27744271092702,32.96157240614849,163.97042689157664,101.85742868401285,128.9406452562424,71.76578972739628,32.96157240614849
239,0.0,27.22288322454476,34.67400516709484,107.24455126279436,278.2414047272246,32.96157240614849,35.87184899395712,101.85742868401285,207.67966810430173
240,0.1196913799091976,3.048924092869573,37.97921592199604,71.23373795253224,146.3466305369653,207.67966810430173,109.57435695223587,32.96157240614849,224.64301698897955
241,0.0,22.33649443177427,32.96157240614849,0.0,128.9406452562424,71.76578972739628,146.3466305369653,196.8268466256348,128.9406452562424
242,0.0,15.660569223528796,42.79962381409237,32.96157240614849,107.24455126279436,101.85742868401285,71.23373795253224,78.32564856753018,146.3466305369653
243,0.0,34.396724496310675,71.23373795253224,55.020126621983074,32.96157240614849,67.94967839208859,46.27744271092702,224.64301698897955,32.96157240614849
244,0.0,6.1102707250581405,71.26974968103113,46.27744271092702,224.64301698897955,32.96157240614849,128.9406452562424,101.85742868401285,107.24455126279436
245,0.0,4.439915437568395,56.36991327099788,207.67966810430173,92.14429197521228,207.67966810430173,107.24455126279436,46.27744271092702,224.64301698897955
246,0.0,27.22288322454476,0.0,69.66645254905293,32.96157240614849,224.64301698897955,32.96157240614849,32.96157240614849,128.9406452562424
247,0.0,8.712023740113676,37.97921592199604,71.26974968103113,221.569563400658,92.14429197521228,128.9406452562424,196.8268466256348,146.3466305369653
248,2.29150235109587,0.0,34.67400516709484,128.9406452562424,123.15249621348003,32.96157240614849,146.3466305369653,78.32564856753018,110.74916787176912
249,0.0,3.048924092869573,28.24264372169233,146.3466305369653,224.64301698897955,232.42238487932488,32.96157240614849,71.26974968103113,32.96157240614849
250,0.0,34.67400516709484,42.79962381409237,32.96157240614849,281.2275499012417,115.15722557659484,110.74916787176912,128.9406452562424,46.27744271092702
251,0.0,22.33649443177427,35.87184899395712,46.27744271092702,216.4230337674108,224.64301698897955,224.64301698897955,146.3466305369653,71.26974968103113
252,0.0,6.099190994978948,46.27744271092702,110.74916787176912,101.85742868401285,128.9406452562424,224.64301698897955,110.74916787176912,200.82209477233357
253,0.0,4.099719773693866,34.67400516709484,71.26974968103113,32.96157240614849,146.3466305369653,128.9406452562424,71.23373795253224,101.85742868401285
254,0.0,13.492084115938772,32.96157240614849,207.67966810430173,56.117046265537546,71.23373795253224,146.3466305369653,32.96157240614849,32.96157240614849
255,0.0,15.660569223528796,0.0,32.96157240614849,146.3466305369653,32.96157240614849,32.96157240614849,46.27744271092702,78.32564856753018
256,0.0,34.396724496310675,56.36991327099788,101.85742868401285,128.9406452562424,46.27744271092702,107.24455126279436,146.3466305369653,224.6754633603691
257,0.0,0.0926797102431434,46.27744271092702,46.27744271092702,32.96157240614849,107.24455126279436,146.3466305369653,128.9406452562424,36.74694265656541
258,0.0,10.38547218765633,71.23373795253224,67.94967839208859,224.64301698897955,84.8165179840258,128.9406452562424,32.96157240614849,146.3466305369653
259,0.0,12.27871044879202,37.97921592199604,71.23373795253224,107.24455126279436,185.30412046986163,32.96157240614849,224.64301698897955,128.9406452562424
260,0.0,4.439915437568395,28.24264372169233,71.26974968103113,101.85742868401285,276.08785080937423,224.64301698897955,107.24455126279436,107.24455126279436
261,0.0,15.660569223528796,43.32087581204169,128.9406452562424,207.67966810430173,281.1767994965958,110.74916787176912,101.85742868401285,224.64301698897955
262,0.0,13.492084115938772,0.0,146.3466305369653,32.96157240614849,146.3466305369653,146.3466305369653,196.8268466256348,224.64301698897955
263,0.0,0.0,37.97921592199604,32.96157240614849,67.94967839208859,128.9406452562424,128.9406452562424,32.96157240614849,146.3466305369653
264,2.0956956867578507,4.099719773693866,56.36991327099788,46.27744271092702,224.64301698897955,32.96157240614849,32.96157240614849,78.32564856753018,128.9406452562424
265,3.104505054985564,3.048924092869573,71.26974968103113,107.24455126279436,224.64301698897955,107.24455126279436,107.24455126279436,224.64301698897955,32.96157240614849
266,0.0,22.33649443177427,34.67400516709484,101.85742868401285,101.85742868401285,224.64301698897955,224.64301698897955,224.64301698897955,107.24455126279436
267,2.844536548299099,27.22288322454476,28.24264372169233,32.96157240614849,32.96157240614849,224.64301698897955,224.64301698897955,146.3466305369653,224.64301698897955
268,2.270403213518286,8.712023740113676,32.96157240614849,207.67966810430173,207.67966810430173,101.85742868401285,146.3466305369653,128.9406452562424,32.96157240614849
269,0.0669467607792184,34.67400516709484,46.27744271092702,46.27744271092702,67.94967839208859,278.2414047272246,128.9406452562424,32.96157240614849,207.67966810430173
270,0.0325314998532016,10.347450506012,42.79962381409237,67.94967839208859,146.3466305369653,163.97042689157664,32.96157240614849,107.24455126279436,101.85742868401285
271,0.0280877934472444,34.396724496310675,0.0,71.23373795253224,32.96157240614849,207.67966810430173,107.24455126279436,278.8444646218688,67.94967839208859
272,0.0,0.0926797102431434,56.36991327099788,146.3466305369653,128.9406452562424,19.354451067867316,146.3466305369653,224.64301698897955,101.85742868401285
273,2.29150235109587,12.27871044879202,32.96157240614849,32.96157240614849,107.24455126279436,101.85742868401285,224.64301698897955,101.85742868401285,281.1767994965958
274,0.0,6.099190994978948,37.97921592199604,128.9406452562424,224.6754633603691,85.15605513359502,37.632050732807095,130.6448320520446,216.4230337674108
275,0.0,8.712023740113676,34.67400516709484,71.23373795253224,101.85742868401285,248.28271341834568,128.9406452562424,128.9406452562424,32.96157240614849
276,0.0,4.439915437568395,71.23373795253224,46.27744271092702,85.15605513359502,55.020126621983074,122.3793946098075,224.6754633603691,56.0280745059749
277,0.0,0.0,43.32087581204169,107.24455126279436,19.354451067867316,67.94967839208859,101.85742868401285,146.3466305369653,101.85742868401285
278,0.0,4.099719773693866,46.27744271092702,128.9406452562424,207.67966810430173,0.0,67.94967839208859,32.96157240614849,32.96157240614849
279,0.0,13.492084115938772,28.24264372169233,146.3466305369653,224.64301698897955,32.96157240614849,32.96157240614849,110.74916787176912,207.67966810430173
280,0.0,10.719746131060525,71.23373795253224,62.6887904036423,101.85742868401285,207.67966810430173,207.67966810430173,101.85742868401285,67.94967839208859
281,0.0,34.67400516709484,34.67400516709484,32.96157240614849,32.96157240614849,224.64301698897955,224.64301698897955,32.96157240614849,224.64301698897955
282,2.0956956867578507,3.048924092869573,0.0,77.68754822417431,207.67966810430173,101.85742868401285,84.8165179840258,207.67966810430173,101.85742868401285
283,0.0,22.33649443177427,28.24264372169233,109.57435695223587,67.94967839208859,32.96157240614849,163.9394589788632,67.94967839208859,224.93432952881665
284,0.0,15.660569223528796,56.36991327099788,101.85742868401285,224.64301698897955,207.67966810430173,34.67400516709484,224.64301698897955,130.74687649235602
285,0.0,34.396724496310675,37.97921592199604,207.67966810430173,101.85742868401285,67.94967839208859,199.5530933863677,101.85742868401285,293.9370767461005
286,0.0,0.0926797102431434,32.96157240614849,71.26974968103113,224.64301698897955,224.64301698897955,224.64301698897955,224.64301698897955,128.9406452562424
287,0.0,5.150291288737839,46.27744271092702,46.27744271092702,32.96157240614849,101.85742868401285,101.85742868401285,301.2262869190706,146.3466305369653
288,0.0,10.347450506012,42.79962381409237,32.96157240614849,207.67966810430173,224.64301698897955,278.8444646218688,220.48301022343185,32.96157240614849
289,0.0,12.27871044879202,32.96157240614849,67.94967839208859,67.94967839208859,278.8444646218688,231.0187680040144,92.14429197521228,71.23373795253224
290,0.0,6.099190994978948,56.36991327099788,101.85742868401285,101.85742868401285,130.74687649235602,130.74687649235602,32.96157240614849,46.27744271092702
291,0.0,8.712023740113676,71.23373795253224,71.26974968103113,32.96157240614849,128.9406452562424,128.9406452562424,232.42238487932488,107.24455126279436
292,0.0,34.67400516709484,0.0,32.96157240614849,207.67966810430173,146.3466305369653,146.3466305369653,114.78197029080783,146.3466305369653
293,0.0280877934472444,22.33649443177427,37.97921592199604,46.27744271092702,46.27744271092702,32.96157240614849,32.96157240614849,224.64301698897955,0.0
294,0.0,0.0,28.24264372169233,207.67966810430173,67.94967839208859,107.24455126279436,107.24455126279436,146.3466305369653,224.6754633603691
295,0.0,0.0926797102431434,38.88509720324353,71.76578972739628,71.26974968103113,224.64301698897955,224.64301698897955,110.74916787176912,82.10334319421264
296,0.0,3.048924092869573,46.27744271092702,71.23373795253224,146.3466305369653,224.6754633603691,146.3466305369653,224.6754633603691,32.96157240614849
297,0.0,4.439915437568395,42.79962381409237,46.27744271092702,110.74916787176912,278.2414047272246,110.74916787176912,128.9406452562424,107.24455126279436
298,0.0,13.492084115938772,0.0,101.85742868401285,128.9406452562424,101.85742868401285,128.9406452562424,32.96157240614849,128.9406452562424
299,0.0,15.660569223528796,56.36991327099788,32.96157240614849,32.96157240614849,163.97042689157664,32.96157240614849,128.9406452562424,146.3466305369653
300,0.1196913799091976,4.099719773693866,28.24264372169233,196.8268466256348,224.64301698897955,101.85742868401285,224.64301698897955,146.3466305369653,32.96157240614849
301,0.0,27.22288322454476,34.67400516709484,78.32564856753018,101.85742868401285,67.94967839208859,128.9406452562424,107.24455126279436,224.64301698897955
302,0.0,35.57219641929099,32.96157240614849,101.85742868401285,54.61618104534327,207.67966810430173,146.3466305369653,32.96157240614849,110.74916787176912
303,0.0,10.347450506012,37.97921592199604,46.27744271092702,176.72092513001726,32.96157240614849,107.24455126279436,224.64301698897955,207.67966810430173
304,0.0,12.27871044879202,46.27744271092702,32.96157240614849,163.97042689157664,224.6754633603691,32.96157240614849,207.67966810430173,101.85742868401285
305,0.0,6.099190994978948,42.79962381409237,196.8268466256348,224.64301698897955,146.3466305369653,224.64301698897955,101.85742868401285,32.96157240614849
306,6.311611898113961,13.492084115938772,71.23373795253224,78.32564856753018,163.97042689157664,128.9406452562424,146.3466305369653,32.96157240614849,67.94967839208859
307,0.0,0.0,0.0,71.26974968103113,278.2414047272246,32.96157240614849,128.9406452562424,67.94967839208859,224.64301698897955
308,0.0,10.719746131060525,56.36991327099788,84.8165179840258,101.85742868401285,107.24455126279436,32.96157240614849,224.64301698897955,128.9406452562424
309,0.0,34.67400516709484,32.96157240614849,71.92725340688621,224.64301698897955,224.64301698897955,107.24455126279436,128.9406452562424,146.3466305369653
310,0.0,4.099719773693866,37.97921592199604,110.74916787176912,128.9406452562424,128.9406452562424,224.64301698897955,146.3466305369653,32.96157240614849
311,2.410579095869161,10.347450506012,71.26974968103113,71.23373795253224,146.3466305369653,146.3466305369653,128.9406452562424,32.96157240614849,71.23373795253224
312,1.3755487060531857,8.712023740113676,38.88509720324353,38.88509720324353,32.96157240614849,32.96157240614849,146.3466305369653,224.64301698897955,46.27744271092702
313,0.0926797102431434,22.33649443177427,28.24264372169233,32.96157240614849,224.64301698897955,224.64301698897955,32.96157240614849,110.74916787176912,107.24455126279436
314,2.270403213518286,4.439915437568395,46.27744271092702,46.27744271092702,110.74916787176912,107.24455126279436,224.64301698897955,101.85742868401285,101.85742868401285
315,0.0669467607792184,32.96157240614849,42.79962381409237,146.3466305369653,146.3466305369653,146.3466305369653,110.74916787176912,32.96157240614849,32.96157240614849
316,2.199198743708845,3.048924092869573,37.97921592199604,71.26974968103113,128.9406452562424,128.9406452562424,159.89011025397429,224.64301698897955,224.64301698897955
317,0.0325314998532016,15.660569223528796,32.96157240614849,128.9406452562424,32.96157240614849,32.96157240614849,224.64301698897955,196.8268466256348,207.67966810430173
318,0.0,34.396724496310675,0.0,32.96157240614849,224.64301698897955,224.64301698897955,115.62492678522294,78.32564856753018,67.94967839208859
319,0.0,0.0926797102431434,28.24264372169233,46.27744271092702,107.24455126279436,107.24455126279436,287.58802778866493,258.32151518822434,146.3466305369653
320,0.0,5.08335688941316,56.36991327099788,107.24455126279436,196.8268466256348,146.3466305369653,246.3328328304311,171.65838801782064,224.64301698897955
321,0.0,0.0,46.27744271092702,146.3466305369653,224.64301698897955,224.64301698897955,101.85742868401285,101.85742868401285,32.96157240614849
322,0.0,27.22288322454476,34.67400516709484,128.9406452562424,32.96157240614849,32.96157240614849,333.1266918484706,333.1266918484706,128.9406452562424
323,0.0,32.96157240614849,42.79962381409237,46.27744271092702,101.85742868401285,128.9406452562424,163.9394589788632,224.64301698897955,110.74916787176912
324,0.0,4.099719773693866,71.26974968103113,32.96157240614849,78.32564856753018,107.24455126279436,224.64301698897955,146.3466305369653,224.64301698897955
325,0.0325314998532016,0.0,71.23373795253224,107.24455126279436,224.64301698897955,224.64301698897955,207.67966810430173,128.9406452562424,146.3466305369653
326,0.0,4.439915437568395,37.97921592199604,71.26974968103113,146.3466305369653,278.2414047272246,69.66645254905293,32.96157240614849,109.57435695223587
327,0.0,15.660569223528796,46.27744271092702,146.3466305369653,128.9406452562424,101.85742868401285,101.85742868401285,107.24455126279436,128.9406452562424
328,0.0,22.33649443177427,0.0,128.9406452562424,32.96157240614849,163.97042689157664,32.96157240614849,224.64301698897955,32.96157240614849
329,2.0956956867578507,24.13542086332589,32.96157240614849,71.26974968103113,107.24455126279436,278.8444646218688,224.64301698897955,146.3466305369653,278.8444646218688
330,0.0280877934472444,35.57219641929099,56.36991327099788,32.96157240614849,278.8444646218688,224.64301698897955,146.3466305369653,110.74916787176912,224.64301698897955
331,0.0669467607792184,8.712023740113676,34.67400516709484,46.27744271092702,224.64301698897955,130.6448320520446,36.74694265656541,128.9406452562424,130.6448320520446
332,2.29150235109587,13.492084115938772,28.24264372169233,107.24455126279436,130.6448320520446,101.85742868401285,110.74916787176912,32.96157240614849,101.85742868401285
333,0.0,10.347450506012,42.79962381409237,224.93432952881665,101.85742868401285,128.9406452562424,128.9406452562424,128.9406452562424,128.9406452562424
334,0.0,3.048924092869573,56.36991327099788,117.01578248329815,128.9406452562424,146.3466305369653,128.9406452562424,146.3466305369653,146.3466305369653
335,0.0,0.0926797102431434,0.0,101.85742868401285,224.6754633603691,32.96157240614849,146.3466305369653,32.96157240614849,32.96157240614849
336,0.0,34.396724496310675,37.97921592199604,46.27744271092702,146.3466305369653,107.24455126279436,110.74916787176912,107.24455126279436,107.24455126279436
337,0.0,22.33649443177427,34.67400516709484,130.6448320520446,32.96157240614849,224.64301698897955,32.96157240614849,224.64301698897955,224.64301698897955
338,0.0,12.27871044879202,46.27744271092702,128.9406452562424,107.24455126279436,146.3466305369653,224.64301698897955,224.6754633603691,146.3466305369653
339,0.0,0.0,71.23373795253224,146.3466305369653,224.6754633603691,128.9406452562424,146.3466305369653,146.3466305369653,128.9406452562424
340,0.0,15.660569223528796,28.24264372169233,32.96157240614849,146.3466305369653,32.96157240614849,128.9406452562424,128.9406452562424,32.96157240614849
341,0.0,4.439915437568395,32.96157240614849,46.27744271092702,128.9406452562424,107.24455126279436,32.96157240614849,32.96157240614849,107.24455126279436
342,0.0,3.048924092869573,42.79962381409237,110.74916787176912,32.96157240614849,224.64301698897955,107.24455126279436,107.24455126279436,224.64301698897955
343,0.0,8.712023740113676,37.97921592199604,71.23373795253224,107.24455126279436,32.96157240614849,224.64301698897955,32.96157240614849,32.96157240614849
344,0.0,34.67400516709484,0.0,101.85742868401285,146.3466305369653,146.3466305369653,32.96157240614849,146.3466305369653,101.85742868401285
345,0.1196913799091976,4.099719773693866,56.36991327099788,71.26974968103113,128.9406452562424,128.9406452562424,146.3466305369653,128.9406452562424,196.8268466256348
346,6.311611898113961,13.492084115938772,28.24264372169233,32.96157240614849,36.74694265656541,107.24455126279436,128.9406452562424,107.24455126279436,78.32564856753018
347,0.0,27.22288322454476,46.27744271092702,207.67966810430173,107.24455126279436,224.64301698897955,107.24455126279436,224.64301698897955,224.64301698897955
348,0.0,10.347450506012,34.67400516709484,46.27744271092702,224.64301698897955,207.67966810430173,224.64301698897955,146.3466305369653,146.3466305369653
349,0.0,0.0926797102431434,32.96157240614849,67.94967839208859,146.3466305369653,101.85742868401285,146.3466305369653,128.9406452562424,128.9406452562424
350,0.0,6.099190994978948,43.32087581204169,128.9406452562424,128.9406452562424,32.96157240614849,128.9406452562424,32.96157240614849,107.24455126279436
351,0.0,10.347450506012,71.23373795253224,32.96157240614849,32.96157240614849,67.94967839208859,32.96157240614849,107.24455126279436,224.64301698897955
352,0.0,15.660569223528796,46.27744271092702,146.3466305369653,107.24455126279436,224.64301698897955,107.24455126279436,224.64301698897955,36.80576244772397
353,0.0,4.439915437568395,56.36991327099788,71.23373795253224,224.64301698897955,101.85742868401285,224.64301698897955,101.85742868401285,84.8165179840258
354,0.0,0.0,0.0,46.27744271092702,101.85742868401285,32.96157240614849,19.354451067867316,32.96157240614849,171.65838801782064
355,0.0,27.22288322454476,28.24264372169233,109.57435695223587,163.97042689157664,196.8268466256348,101.85742868401285,207.67966810430173,38.88509720324353
356,0.0,13.492084115938772,37.97921592199604,128.9406452562424,278.2414047272246,78.32564856753018,207.67966810430173,67.94967839208859,211.54177574416096
357,0.0,35.57219641929099,34.67400516709484,146.3466305369653,224.64301698897955,224.64301698897955,85.15605513359502,224.64301698897955,224.64301698897955
358,2.270403213518286,8.712023740113676,32.96157240614849,32.96157240614849,128.9406452562424,128.9406452562424,224.64301698897955,128.9406452562424,128.9406452562424
359,3.318778464280774,34.67400516709484,42.79962381409237,46.27744271092702,146.3466305369653,146.3466305369653,128.9406452562424,146.3466305369653,146.3466305369653
360,2.844536548299099,4.099719773693866,71.23373795253224,107.24455126279436,32.96157240614849,32.96157240614849,107.24455126279436,32.96157240614849,110.74916787176912
361,0.0926797102431434,22.33649443177427,28.24264372169233,71.26974968103113,110.74916787176912,110.74916787176912,146.3466305369653,110.74916787176912,224.64301698897955
362,2.235727304024508,3.048924092869573,0.0,46.27744271092702,224.64301698897955,224.64301698897955,224.64301698897955,224.64301698897955,36.74694265656541
363,0.0,0.0926797102431434,56.36991327099788,146.3466305369653,199.5530933863677,207.67966810430173,36.74694265656541,207.67966810430173,207.67966810430173
364,0.1196913799091976,12.339573747295251,71.23373795253224,110.74916787176912,84.8165179840258,101.85742868401285,211.54177574416096,101.85742868401285,101.85742868401285
365,0.0,6.099190994978948,32.96157240614849,128.9406452562424,163.9394589788632,32.96157240614849,84.8165179840258,32.96157240614849,32.96157240614849
366,0.0,22.33649443177427,37.97921592199604,32.96157240614849,34.67400516709484,224.64301698897955,34.67400516709484,67.94967839208859,67.94967839208859
367,0.0,0.0,46.27744271092702,71.26974968103113,224.64301698897955,67.94967839208859,224.64301698897955,224.6754633603691,224.6754633603691
368,0.0,0.0926797102431434,34.67400516709484,71.23373795253224,101.85742868401285,101.85742868401285,172.89920003158542,101.85742868401285,101.85742868401285
369,0.0,3.048924092869573,42.79962381409237,128.9406452562424,278.2414047272246,278.2414047272246,101.85742868401285,278.2414047272246,278.2414047272246
370,0.0,4.439915437568395,37.97921592199604,46.27744271092702,163.97042689157664,163.97042689157664,278.2414047272246,163.97042689157664,163.97042689157664
371,0.0,6.099190994978948,56.36991327099788,146.3466305369653,224.64301698897955,224.6754633603691,163.97042689157664,224.6754633603691,224.64301698897955
372,0.0,15.660569223528796,0.0,107.24455126279436,128.9406452562424,128.9406452562424,224.64301698897955,82.97590483047968,101.85742868401285
373,0.0926797102431434,8.712023740113676,28.24264372169233,32.96157240614849,146.3466305369653,146.3466305369653,128.9406452562424,128.9406452562424,71.76578972739628
374,0.0,4.099719773693866,32.96157240614849,46.27744271092702,32.96157240614849,32.96157240614849,146.3466305369653,146.3466305369653,32.96157240614849
375,2.0956956867578507,34.67400516709484,34.67400516709484,207.67966810430173,107.24455126279436,107.24455126279436,32.96157240614849,32.96157240614849,207.67966810430173
376,0.0,13.492084115938772,46.27744271092702,71.23373795253224,224.64301698897955,224.64301698897955,107.24455126279436,46.27744271092702,224.64301698897955
377,0.0669467607792184,27.22288322454476,43.32087581204169,101.85742868401285,224.64301698897955,146.3466305369653,224.64301698897955,107.24455126279436,92.14429197521228
378,0.0,34.396724496310675,71.26974968103113,32.96157240614849,92.14429197521228,0.0,224.64301698897955,224.64301698897955,232.42238487932488
379,0.0,10.347450506012,56.36991327099788,67.94967839208859,221.569563400658,82.10334319421264,146.3466305369653,146.3466305369653,32.96157240614849
380,0.0,12.27871044879202,0.0,82.97590483047968,123.15249621348003,32.96157240614849,128.9406452562424,128.9406452562424,121.10182083373408
381,0.0,4.099719773693866,28.24264372169233,128.9406452562424,32.96157240614849,110.74916787176912,32.96157240614849,32.96157240614849,224.6754633603691
382,0.0,15.660569223528796,34.67400516709484,146.3466305369653,34.67400516709484,224.6754633603691,110.74916787176912,107.24455126279436,224.64301698897955
383,0.0,34.67400516709484,32.96157240614849,32.96157240614849,199.5530933863677,34.67400516709484,34.67400516709484,34.67400516709484,196.8268466256348
384,0.0280877934472444,4.439915437568395,37.97921592199604,46.27744271092702,84.8165179840258,94.5195466255076,224.64301698897955,224.64301698897955,101.85742868401285
385,0.0,0.0,46.27744271092702,110.74916787176912,224.6754633603691,281.2275499012417,199.5530933863677,199.5530933863677,32.96157240614849
386,0.0,13.492084115938772,43.32087581204169,146.3466305369653,163.9394589788632,84.8165179840258,84.8165179840258,84.8165179840258,78.32564856753018
387,0.0,3.048924092869573,71.23373795253224,128.9406452562424,216.4230337674108,232.1571126412368,163.9394589788632,163.9394589788632,101.85742868401285
388,0.0,0.0926797102431434,28.24264372169233,32.96157240614849,101.85742868401285,101.85742868401285,178.45854501536593,128.9406452562424,207.67966810430173
389,0.0,22.33649443177427,37.97921592199604,46.27744271092702,19.354451067867316,207.67966810430173,101.85742868401285,146.3466305369653,224.64301698897955
390,0.0,10.719746131060525,0.0,107.24455126279436,73.87889151615765,32.96157240614849,80.141789311817,224.64301698897955,32.96157240614849
391,2.844536548299099,8.712023740113676,56.36991327099788,71.23373795253224,281.1767994965958,67.94967839208859,224.64301698897955,32.96157240614849,71.76578972739628
392,2.29150235109587,12.27871044879202,34.67400516709484,46.27744271092702,224.64301698897955,224.6754633603691,92.1887493257003,110.74916787176912,224.64301698897955
393,0.0,34.396724496310675,32.96157240614849,196.8268466256348,128.9406452562424,128.9406452562424,278.8444646218688,224.64301698897955,128.9406452562424
394,0.0,5.08335688941316,46.27744271092702,32.96157240614849,32.96157240614849,32.96157240614849,101.85742868401285,101.85742868401285,32.96157240614849
395,0.0325314998532016,10.347450506012,42.79962381409237,101.85742868401285,146.3466305369653,146.3466305369653,130.6448320520446,32.96157240614849,146.3466305369653
396,0.0,6.099190994978948,71.23373795253224,78.32564856753018,107.24455126279436,107.24455126279436,224.6754633603691,207.67966810430173,107.24455126279436
397,0.0,10.347450506012,56.36991327099788,71.26974968103113,221.569563400658,224.6754633603691,128.9406452562424,67.94967839208859,221.569563400658
398,0.0,10.719746131060525,0.0,46.27744271092702,32.96157240614849,207.67966810430173,32.96157240614849,232.42238487932488,32.96157240614849
399,2.270403213518286,0.0,37.97921592199604,146.3466305369653,123.15249621348003,101.85742868401285,146.3466305369653,32.96157240614849,123.15249621348003
400,0.0,3.048924092869573,32.96157240614849,128.9406452562424,92.14429197521228,32.96157240614849,107.24455126279436,92.14429197521228,92.14429197521228
401,0.0,0.0926797102431434,28.24264372169233,32.96157240614849,224.64301698897955,224.64301698897955,224.6754633603691,224.64301698897955,224.64301698897955
402,0.0,4.439915437568395,34.67400516709484,107.24455126279436,101.85742868401285,67.94967839208859,101.85742868401285,114.78197029080783,101.85742868401285
403,0.0,5.08335688941316,46.27744271092702,71.23373795253224,278.2414047272246,101.85742868401285,278.2414047272246,101.85742868401285,207.67966810430173
404,0.0,13.492084115938772,42.79962381409237,71.26974968103113,163.97042689157664,207.67966810430173,163.97042689157664,207.67966810430173,32.96157240614849
405,6.311611898113961,15.660569223528796,71.23373795253224,146.3466305369653,224.64301698897955,32.96157240614849,224.64301698897955,32.96157240614849,71.76578972739628
406,3.104505054985564,34.67400516709484,0.0,110.74916787176912,128.9406452562424,71.76578972739628,101.85742868401285,71.76578972739628,224.64301698897955
407,2.199198743708845,8.712023740113676,56.36991327099788,128.9406452562424,146.3466305369653,224.64301698897955,71.26974968103113,224.64301698897955,128.9406452562424
408,0.0,4.099719773693866,32.96157240614849,32.96157240614849,32.96157240614849,101.85742868401285,163.97042689157664,128.9406452562424,146.3466305369653
409,0.0926797102431434,32.96157240614849,37.97921592199604,46.27744271092702,107.24455126279436,197.36172821941545,278.2414047272246,146.3466305369653,32.96157240614849
410,0.0,22.33649443177427,28.24264372169233,128.9406452562424,224.64301698897955,203.97382856959476,46.27744271092702,32.96157240614849,107.24455126279436
411,0.0,34.396724496310675,71.23373795253224,71.23373795253224,146.3466305369653,121.09049556831172,0.0,107.24455126279436,224.64301698897955
412,0.0,0.0926797102431434,34.67400516709484,146.3466305369653,128.9406452562424,136.61578178311018,146.3466305369653,224.64301698897955,146.3466305369653
413,0.0,3.048924092869573,46.27744271092702,32.96157240614849,32.96157240614849,146.3466305369653,82.10334319421264,146.3466305369653,128.9406452562424
414,0.0,4.439915437568395,42.79962381409237,46.27744271092702,224.64301698897955,128.9406452562424,77.68754822417431,128.9406452562424,32.96157240614849
415,0.0,0.0,37.97921592199604,107.24455126279436,107.24455126279436,32.96157240614849,32.96157240614849,32.96157240614849,224.64301698897955
416,0.0,10.347450506012,34.67400516709484,146.3466305369653,101.85742868401285,224.64301698897955,61.87077539842197,224.64301698897955,107.24455126279436
417,6.311611898113961,22.33649443177427,56.36991327099788,128.9406452562424,278.3454370568201,107.24455126279436,107.24455126279436,107.24455126279436,101.85742868401285
418,0.0,6.099190994978948,0.0,32.96157240614849,32.96157240614849,101.85742868401285,101.85742868401285,101.85742868401285,32.96157240614849
419,0.0,8.712023740113676,28.24264372169233,107.24455126279436,207.67966810430173,32.96157240614849,32.96157240614849,32.96157240614849,207.67966810430173
420,2.0956956867578507,34.67400516709484,71.23373795253224,46.27744271092702,67.94967839208859,224.64301698897955,224.64301698897955,224.64301698897955,67.94967839208859
421,0.0,13.492084115938772,46.27744271092702,71.26974968103113,84.8165179840258,207.67966810430173,207.67966810430173,207.67966810430173,224.6754633603691
422,0.0,34.396724496310675,32.96157240614849,32.96157240614849,276.08785080937423,67.94967839208859,67.94967839208859,67.94967839208859,109.57435695223587
423,0.0,4.099719773693866,42.79962381409237,146.3466305369653,185.30412046986163,128.9406452562424,101.85742868401285,224.64301698897955,128.9406452562424
424,2.29150235109587,27.22288322454476,0.0,128.9406452562424,281.1767994965958,146.3466305369653,32.96157240614849,101.85742868401285,146.3466305369653
425,0.0,15.660569223528796,37.97921592199604,71.26974968103113,84.8165179840258,32.96157240614849,207.67966810430173,32.96157240614849,32.96157240614849
426,0.0,12.27871044879202,28.24264372169233,46.27744271092702,38.88509720324353,110.74916787176912,67.94967839208859,207.67966810430173,224.6754633603691
427,0.0,10.347450506012,56.36991327099788,107.24455126279436,199.5530933863677,224.6754633603691,224.6754633603691,71.76578972739628,0.0
428,0.0280877934472444,0.0926797102431434,34.67400516709484,146.3466305369653,224.64301698897955,101.85742868401285,32.96157240614849,101.85742868401285,71.92725340688621
429,0.0,34.67400516709484,71.26974968103113,46.27744271092702,163.9394589788632,278.2414047272246,101.85742868401285,174.79666453829873,32.96157240614849
430,0.0,0.0,46.27744271092702,128.9406452562424,146.3466305369653,163.97042689157664,207.67966810430173,281.12558583712195,38.88509720324353
431,0.0,4.439915437568395,32.96157240614849,32.96157240614849,128.9406452562424,224.64301698897955,69.66645254905293,224.6754633603691,57.29725113447775
432,0.0,3.048924092869573,43.32087581204169,107.24455126279436,32.96157240614849,84.8165179840258,224.64301698897955,146.3466305369653,224.64301698897955
433,0.0,15.660569223528796,28.24264372169233,71.23373795253224,110.74916787176912,281.1767994965958,146.3466305369653,128.9406452562424,107.24455126279436
434,0.0,22.33649443177427,56.36991327099788,101.85742868401285,224.64301698897955,34.67400516709484,128.9406452562424,32.96157240614849,92.14429197521228
435,0.0,8.712023740113676,34.67400516709484,32.96157240614849,146.3466305369653,186.77804194375096,32.96157240614849,107.24455126279436,232.42238487932488
436,0.0,13.492084115938772,0.0,46.27744271092702,128.9406452562424,120.1519979032052,107.24455126279436,224.64301698897955,32.96157240614849
437,0.0,4.099719773693866,37.97921592199604,207.67966810430173,32.96157240614849,146.3466305369653,224.64301698897955,101.85742868401285,115.15722557659484
438,0.0,27.22288322454476,71.26974968103113,67.94967839208859,107.24455126279436,128.9406452562424,146.3466305369653,32.96157240614849,224.64301698897955
439,2.199198743708845,35.57219641929099,32.96157240614849,71.23373795253224,224.64301698897955,32.96157240614849,128.9406452562424,207.67966810430173,146.3466305369653
440,0.0,12.27871044879202,46.27744271092702,101.85742868401285,146.3466305369653,107.24455126279436,32.96157240614849,67.94967839208859,128.9406452562424
441,0.0,6.099190994978948,43.32087581204169,46.27744271092702,128.9406452562424,224.64301698897955,107.24455126279436,224.64301698897955,32.96157240614849
442,0.0,0.0,0.0,207.67966810430173,224.64301698897955,101.85742868401285,224.64301698897955,146.3466305369653,107.24455126279436
443,0.0,4.099719773693866,56.36991327099788,32.96157240614849,32.96157240614849,207.67966810430173,101.85742868401285,128.9406452562424,224.64301698897955
444,0.0,27.22288322454476,38.88509720324353,69.66645254905293,107.24455126279436,32.96157240614849,278.2414047272246,224.64301698897955,101.85742868401285
445,0.0,22.33649443177427,71.23373795253224,71.23373795253224,146.3466305369653,67.94967839208859,224.64301698897955,32.96157240614849,207.67966810430173
446,0.0,8.712023740113676,46.27744271092702,0.0,32.96157240614849,224.6754633603691,163.97042689157664,107.24455126279436,32.96157240614849
447,2.844536548299099,4.439915437568395,37.97921592199604,207.67966810430173,128.9406452562424,0.0,0.0,0.0,46.27744271092702
448,3.318778464280774,12.27871044879202,42.79962381409237,55.020126621983074,107.24455126279436,146.3466305369653,146.3466305369653,146.3466305369653,67.94967839208859
449,0.1196913799091976,34.67400516709484,32.96157240614849,71.23373795253224,224.64301698897955,32.96157240614849,32.96157240614849,32.96157240614849,71.26974968103113
450,2.270403213518286,10.347450506012,28.24264372169233,32.96157240614849,207.67966810430173,82.10334319421264,82.10334319421264,82.10334319421264,146.3466305369653
451,0.0669467607792184,13.492084115938772,37.97921592199604,46.27744271092702,19.354451067867316,107.24455126279436,107.24455126279436,107.24455126279436,32.96157240614849
452,0.0325314998532016,3.048924092869573,56.36991327099788,67.94967839208859,101.85742868401285,224.64301698897955,224.64301698897955,224.64301698897955,128.9406452562424
453,0.0,15.660569223528796,34.67400516709484,101.85742868401285,85.15605513359502,32.96157240614849,32.96157240614849,32.96157240614849,107.24455126279436
454,0.0,34.396724496310675,46.27744271092702,196.8268466256348,224.64301698897955,196.8268466256348,196.8268466256348,196.8268466256348,224.64301698897955
455,0.0,0.0926797102431434,0.0,71.23373795253224,107.24455126279436,101.85742868401285,101.85742868401285,101.85742868401285,71.76578972739628
456,0.0,6.099190994978948,32.96157240614849,32.96157240614849,146.3466305369653,78.32564856753018,78.32564856753018,78.32564856753018,32.96157240614849
457,0.0,0.0,71.23373795253224,46.27744271092702,32.96157240614849,224.64301698897955,224.64301698897955,224.64301698897955,207.67966810430173
458,0.0,4.439915437568395,28.24264372169233,80.38426003547583,128.9406452562424,107.24455126279436,107.24455126279436,107.24455126279436,101.85742868401285
459,0.0,32.96157240614849,42.79962381409237,128.9406452562424,224.64301698897955,146.3466305369653,146.3466305369653,146.3466305369653,224.64301698897955
460,0.0,8.712023740113676,28.24264372169233,146.3466305369653,107.24455126279436,32.96157240614849,32.96157240614849,32.96157240614849,107.24455126279436
461,0.0,34.67400516709484,37.97921592199604,110.74916787176912,128.9406452562424,128.9406452562424,224.6754633603691,224.6754633603691,146.3466305369653
462,2.199198743708845,15.660569223528796,56.36991327099788,32.96157240614849,146.3466305369653,231.0187680040144,128.9406452562424,128.9406452562424,32.96157240614849
463,0.0,27.22288322454476,34.67400516709484,46.27744271092702,32.96157240614849,101.85742868401285,128.9406452562424,107.24455126279436,128.9406452562424
464,0.0,4.099719773693866,43.32087581204169,71.23373795253224,224.64301698897955,32.96157240614849,146.3466305369653,128.9406452562424,77.68754822417431
465,0.0,13.492084115938772,0.0,146.3466305369653,101.85742868401285,207.67966810430173,32.96157240614849,146.3466305369653,62.6887904036423
466,2.29150235109587,3.048924092869573,71.23373795253224,71.23373795253224,207.67966810430173,224.64301698897955,224.64301698897955,32.96157240614849,128.9406452562424
467,0.0926797102431434,22.33649443177427,32.96157240614849,46.27744271092702,32.96157240614849,71.76578972739628,109.57435695223587,224.64301698897955,146.3466305369653
468,0.0280877934472444,34.396724496310675,46.27744271092702,128.9406452562424,67.94967839208859,101.85742868401285,224.64301698897955,101.85742868401285,32.96157240614849
469,0.0,0.0926797102431434,0.0,32.96157240614849,224.6754633603691,207.67966810430173,101.85742868401285,207.67966810430173,224.64301698897955
470,0.0,10.347450506012,38.88509720324353,107.24455126279436,224.64301698897955,32.96157240614849,207.67966810430173,32.96157240614849,109.57435695223587
471,0.0,34.67400516709484,28.24264372169233,71.23373795253224,146.3466305369653,67.94967839208859,32.96157240614849,67.94967839208859,224.64301698897955
472,0.0,0.0,56.36991327099788,146.3466305369653,128.9406452562424,224.6754633603691,67.94967839208859,224.6754633603691,101.85742868401285
473,0.0,13.492084115938772,71.26974968103113,128.9406452562424,32.96157240614849,224.64301698897955,224.64301698897955,224.64301698897955,207.67966810430173
474,0.0,4.099719773693866,37.97921592199604,110.74916787176912,110.74916787176912,146.3466305369653,85.15605513359502,146.3466305369653,32.96157240614849
475,0.0,22.33649443177427,32.96157240614849,32.96157240614849,121.10182083373408,128.9406452562424,207.67966810430173,107.24455126279436,67.94967839208859
476,0.0,10.347450506012,46.27744271092702,46.27744271092702,92.14429197521228,32.96157240614849,101.85742868401285,128.9406452562424,224.64301698897955
477,0.0669467607792184,4.439915437568395,42.79962381409237,46.27744271092702,232.42238487932488,110.74916787176912,19.354451067867316,32.96157240614849,67.94967839208859
478,0.0,6.099190994978948,56.36991327099788,101.85742868401285,32.96157240614849,92.14429197521228,224.6754633603691,110.74916787176912,207.67966810430173
479,0.0325314998532016,8.712023740113676,34.67400516709484,196.8268466256348,224.64301698897955,196.8268466256348,110.74916787176912,146.3466305369653,101.85742868401285
480,0.1196913799091976,27.22288322454476,0.0,71.23373795253224,128.9406452562424,32.96157240614849,146.3466305369653,128.9406452562424,32.96157240614849
481,0.0,12.27871044879202,28.24264372169233,32.96157240614849,146.3466305369653,148.4192221491747,128.9406452562424,32.96157240614849,224.6754633603691
482,0.0,3.048924092869573,37.97921592199604,78.32564856753018,46.27744271092702,224.64301698897955,32.96157240614849,224.64301698897955,110.74916787176912
483,2.844536548299099,15.660569223528796,71.23373795253224,101.85742868401285,107.24455126279436,224.64301698897955,224.64301698897955,224.64301698897955,146.3466305369653
484,0.0,34.396724496310675,46.27744271092702,46.27744271092702,32.96157240614849,128.9406452562424,101.85742868401285,128.9406452562424,128.9406452562424
485,0.0,0.0926797102431434,32.96157240614849,32.96157240614849,71.23373795253224,146.3466305369653,67.94967839208859,146.3466305369653,32.96157240614849
486,0.0,4.439915437568395,42.79962381409237,207.67966810430173,128.9406452562424,107.24455126279436,32.96157240614849,107.24455126279436,224.64301698897955
487,0.0,34.67400516709484,34.67400516709484,71.23373795253224,146.3466305369653,32.96157240614849,207.67966810430173,36.74694265656541,101.85742868401285
488,0.0,0.0,0.0,67.94967839208859,110.74916787176912,128.9406452562424,128.9406452562424,128.9406452562424,67.94967839208859
489,0.0,0.0926797102431434,56.36991327099788,207.67966810430173,224.64301698897955,146.3466305369653,146.3466305369653,146.3466305369653,32.96157240614849
490,3.3952694969729524,6.099190994978948,28.24264372169233,55.020126621983074,36.74694265656541,46.27744271092702,32.96157240614849,46.27744271092702,207.67966810430173
491,0.0,8.712023740113676,37.97921592199604,32.96157240614849,,32.96157240614849,107.24455126279436,32.96157240614849,101.85742868401285
492,0.0,13.492084115938772,71.26974968103113,0.0,,110.74916787176912,224.64301698897955,110.74916787176912,32.96157240614849
493,0.0,12.27871044879202,32.96157240614849,46.27744271092702,,71.23373795253224,,71.23373795253224,216.4230337674108
494,2.0956956867578507,4.099719773693866,46.27744271092702,71.23373795253224,,,,,56.0280745059749
495,0.0,27.22288322454476,42.79962381409237,67.94967839208859,,,,,281.2275499012417
496,2.366339858736052,3.048924092869573,0.0,71.23373795253224,,,,,
497,3.104505054985564,10.347450506012,56.36991327099788,46.27744271092702,,,,,
498,0.0949224841361663,22.33649443177427,34.67400516709484,146.3466305369653,,,,,
499,0.0,15.660569223528796,19.354451067867316,128.9406452562424,,,,,
500,0.0,34.396724496310675,28.24264372169233,32.96157240614849,,,,,
501,0.0,0.0,37.97921592199604,107.24455126279436,,,,,
502,0.0,4.439915437568395,46.27744271092702,128.9406452562424,,,,,
503,2.0956956867578507,3.048924092869573,60.00600055559878,146.3466305369653,,,,,
504,0.0,13.492084115938772,71.26974968103113,32.96157240614849,,,,,
505,0.0,10.719746131060525,71.26974968103113,46.27744271092702,,,,,
506,0.0,22.33649443177427,37.97921592199604,107.24455126279436,,,,,
507,0.0,0.0,67.94967839208859,71.23373795253224,,,,,
508,0.1196913799091976,5.08335688941316,34.67400516709484,146.3466305369653,,,,,
509,0.0,8.712023740113676,0.0,128.9406452562424,,,,,
510,0.0,24.13542086332589,30.84430500452413,46.27744271092702,,,,,
511,0.0,15.660569223528796,32.96157240614849,71.26974968103113,,,,,
512,0.0,12.339573747295251,40.33648559383189,32.96157240614849,,,,,
513,0.0,4.099719773693866,46.27744271092702,107.24455126279436,,,,,
514,0.0669467607792184,34.396724496310675,0.0,82.10334319421264,,,,,
515,0.0,0.0926797102431434,37.97921592199604,46.27744271092702,,,,,
516,0.0,10.347450506012,56.36991327099788,0.0,,,,,
517,3.104505054985564,6.099190994978948,34.67400516709484,78.76128985113688,,,,,
518,0.0,0.0926797102431434,32.96157240614849,146.3466305369653,,,,,
519,2.844536548299099,34.67400516709484,28.24264372169233,32.96157240614849,,,,,
520,0.0,0.0,46.27744271092702,107.24455126279436,,,,,
521,2.29150235109587,4.439915437568395,42.79962381409237,101.85742868401285,,,,,
522,0.0,22.33649443177427,71.23373795253224,46.27744271092702,,,,,
523,0.0,6.1102707250581405,37.97921592199604,71.23373795253224,,,,,
524,0.0,12.27871044879202,32.96157240614849,32.96157240614849,,,,,
525,0.0,8.712023740113676,56.36991327099788,207.67966810430173,,,,,
526,0.0,5.08335688941316,0.0,71.76578972739628,,,,,
527,0.0,10.719746131060525,28.24264372169233,32.96157240614849,,,,,
528,0.0,4.099719773693866,34.67400516709484,101.85742868401285,,,,,
529,0.0,13.492084115938772,71.23373795253224,207.67966810430173,,,,,
530,0.0,3.048924092869573,43.32087581204169,46.27744271092702,,,,,
531,0.0,15.660569223528796,46.27744271092702,67.94967839208859,,,,,
532,0.0,34.396724496310675,37.97921592199604,71.26974968103113,,,,,
533,0.0325314998532016,10.347450506012,56.36991327099788,146.3466305369653,,,,,
534,0.0,8.712023740113676,0.0,128.9406452562424,,,,,
535,0.0,22.33649443177427,28.24264372169233,46.27744271092702,,,,,
536,0.0,0.0,34.67400516709484,71.23373795253224,,,,,
537,0.0,0.0926797102431434,46.27744271092702,32.96157240614849,,,,,
538,0.0,3.048924092869573,19.354451067867316,107.24455126279436,,,,,
539,6.311611898113961,13.492084115938772,60.00600055559878,146.3466305369653,,,,,
540,0.0926797102431434,4.439915437568395,71.26974968103113,128.9406452562424,,,,,
541,2.270403213518286,27.22288322454476,28.24264372169233,71.26974968103113,,,,,
542,2.199198743708845,15.660569223528796,46.27744271092702,32.96157240614849,,,,,
543,0.0280877934472444,34.67400516709484,56.36991327099788,46.27744271092702,,,,,
544,0.0,12.339573747295251,43.32087581204169,107.24455126279436,,,,,
545,0.0,4.099719773693866,0.0,146.3466305369653,,,,,
546,6.311611898113961,10.347450506012,37.97921592199604,128.9406452562424,,,,,
547,0.0,34.396724496310675,32.96157240614849,32.96157240614849,,,,,
548,0.0,6.099190994978948,34.67400516709484,46.27744271092702,,,,,
549,0.0,8.712023740113676,71.26974968103113,107.24455126279436,,,,,
550,2.29150235109587,15.660569223528796,28.24264372169233,71.26974968103113,,,,,
551,0.0,0.0926797102431434,37.97921592199604,0.0,,,,,
552,0.0,0.0,46.27744271092702,146.3466305369653,,,,,
553,0.0,32.96157240614849,56.36991327099788,32.96157240614849,,,,,
554,2.199198743708845,4.439915437568395,0.0,82.10334319421264,,,,,
555,0.0,10.347450506012,34.67400516709484,46.27744271092702,,,,,
556,0.0280877934472444,34.67400516709484,32.96157240614849,107.24455126279436,,,,,
557,0.0,4.099719773693866,43.32087581204169,71.26974968103113,,,,,
558,0.0,27.22288322454476,71.26974968103113,32.96157240614849,,,,,
559,0.0,3.048924092869573,28.24264372169233,196.8268466256348,,,,,
560,0.0,13.492084115938772,56.36991327099788,46.27744271092702,,,,,
561,0.0,22.33649443177427,46.27744271092702,101.85742868401285,,,,,
562,0.0,34.396724496310675,34.67400516709484,78.32564856753018,,,,,
563,0.0,4.439915437568395,0.0,71.26974968103113,,,,,
564,0.0,0.0,71.23373795253224,107.24455126279436,,,,,
565,0.0,8.712023740113676,37.97921592199604,146.3466305369653,,,,,
566,0.0,0.0926797102431434,32.96157240614849,32.96157240614849,,,,,
567,0.0,34.67400516709484,42.79962381409237,128.9406452562424,,,,,
568,0.0325314998532016,22.33649443177427,37.97921592199604,46.27744271092702,,,,,
569,0.0,15.660569223528796,56.36991327099788,71.23373795253224,,,,,
570,0.0,13.492084115938772,32.96157240614849,107.24455126279436,,,,,
571,0.0,10.719746131060525,0.0,128.9406452562424,,,,,
572,0.0,4.099719773693866,28.24264372169233,146.3466305369653,,,,,
573,0.0,32.96157240614849,34.67400516709484,32.96157240614849,,,,,
574,0.0,3.048924092869573,46.27744271092702,46.27744271092702,,,,,
575,0.0,34.396724496310675,42.79962381409237,71.23373795253224,,,,,
576,0.0,5.08335688941316,71.26974968103113,101.85742868401285,,,,,
577,0.0,10.347450506012,0.0,207.67966810430173,,,,,
578,0.0,8.712023740113676,56.36991327099788,46.27744271092702,,,,,
579,0.0,22.33649443177427,37.97921592199604,32.96157240614849,,,,,
580,0.0,0.0,34.67400516709484,67.94967839208859,,,,,
581,2.0956956867578507,4.439915437568395,32.96157240614849,71.26974968103113,,,,,
582,0.0,3.048924092869573,28.24264372169233,46.27744271092702,,,,,
583,2.844536548299099,4.099719773693866,46.27744271092702,67.94967839208859,,,,,
584,3.104505054985564,13.492084115938772,42.79962381409237,207.67966810430173,,,,,
585,0.1196913799091976,6.099190994978948,71.23373795253224,101.85742868401285,,,,,
586,0.0926797102431434,15.660569223528796,71.23373795253224,32.96157240614849,,,,,
587,2.270403213518286,34.67400516709484,46.27744271092702,71.26974968103113,,,,,
588,0.0669467607792184,27.22288322454476,56.36991327099788,55.020126621983074,,,,,
589,0.0,35.57219641929099,0.0,0.0,,,,,
590,2.235727304024508,0.0926797102431434,32.96157240614849,196.8268466256348,,,,,
591,2.270403213518286,10.347450506012,37.97921592199604,46.27744271092702,,,,,
592,0.0,12.27871044879202,28.24264372169233,32.96157240614849,,,,,
593,0.0,22.33649443177427,34.67400516709484,78.76128985113688,,,,,
594,0.0,15.660569223528796,42.79962381409237,78.32564856753018,,,,,
595,0.0,4.439915437568395,71.26974968103113,128.9406452562424,,,,,
596,2.29150235109587,0.0,0.0,71.26974968103113,,,,,
597,0.0,10.719746131060525,46.27744271092702,146.3466305369653,,,,,
598,0.0,0.0926797102431434,28.24264372169233,46.27744271092702,,,,,
599,0.0,13.492084115938772,56.36991327099788,107.24455126279436,,,,,
600,0.0,10.347450506012,37.97921592199604,32.96157240614849,,,,,
601,0.0926797102431434,5.08335688941316,32.96157240614849,128.9406452562424,,,,,
602,0.0,6.099190994978948,34.67400516709484,146.3466305369653,,,,,
603,0.0,8.712023740113676,42.79962381409237,46.27744271092702,,,,,
604,1.649245803607441,4.099719773693866,34.67400516709484,32.96157240614849,,,,,
605,0.0280877934472444,34.67400516709484,56.36991327099788,107.24455126279436,,,,,
606,0.0,3.048924092869573,0.0,71.23373795253224,,,,,
607,0.0,34.396724496310675,28.24264372169233,,,,,,
608,0.0,12.339573747295251,43.32087581204169,,,,,,
609,0.0,10.38547218765633,37.97921592199604,,,,,,
610,6.311611898113961,13.492084115938772,32.96157240614849,,,,,,
611,0.0,0.0926797102431434,46.27744271092702,,,,,,
612,0.0,3.048924092869573,71.23373795253224,,,,,,
613,0.0,0.0,28.24264372169233,,,,,,
614,0.0,4.099719773693866,37.97921592199604,,,,,,
615,0.0,4.439915437568395,0.0,,,,,,
616,0.0,32.96157240614849,56.36991327099788,,,,,,
617,0.0,8.712023740113676,32.96157240614849,,,,,,
618,0.0,15.660569223528796,46.27744271092702,,,,,,
619,0.0,34.67400516709484,34.67400516709484,,,,,,
620,1.3755487060531857,27.22288322454476,42.79962381409237,,,,,,
621,0.0,22.33649443177427,71.26974968103113,,,,,,
622,0.0,34.396724496310675,56.36991327099788,,,,,,
623,0.0,8.712023740113676,0.0,,,,,,
624,0.0,4.439915437568395,37.97921592199604,,,,,,
625,0.0,0.0,32.96157240614849,,,,,,
626,0.0,13.492084115938772,42.79962381409237,,,,,,
627,0.0,4.099719773693866,34.67400516709484,,,,,,
628,2.0956956867578507,6.099190994978948,28.24264372169233,,,,,,
629,0.0,22.33649443177427,46.27744271092702,,,,,,
630,0.0,34.67400516709484,71.26974968103113,,,,,,
631,1.2152883511775026,27.22288322454476,32.96157240614849,,,,,,
632,0.1196913799091976,15.660569223528796,34.67400516709484,,,,,,
633,0.0669467607792184,35.57219641929099,0.0,,,,,,
634,0.0325314998532016,3.048924092869573,28.24264372169233,,,,,,
635,2.29150235109587,0.0926797102431434,56.36991327099788,,,,,,
636,0.0,10.347450506012,37.97921592199604,,,,,,
637,0.0,12.27871044879202,46.27744271092702,,,,,,
638,0.0,4.439915437568395,42.79962381409237,,,,,,
639,0.0,0.0,71.23373795253224,,,,,,
640,0.0,13.492084115938772,56.36991327099788,,,,,,
641,2.844536548299099,34.67400516709484,46.27744271092702,,,,,,
642,0.0,22.33649443177427,0.0,,,,,,
643,0.0,6.099190994978948,37.97921592199604,,,,,,
644,0.0,8.712023740113676,34.67400516709484,,,,,,
645,0.0,4.099719773693866,28.24264372169233,,,,,,
646,0.0,12.27871044879202,32.96157240614849,,,,,,
647,0.0926797102431434,27.22288322454476,42.79962381409237,,,,,,
648,2.0956956867578507,3.048924092869573,71.23373795253224,,,,,,
649,0.0280877934472444,15.660569223528796,56.36991327099788,,,,,,
650,0.0669467607792184,34.396724496310675,43.32087581204169,,,,,,
651,0.0,0.0926797102431434,34.67400516709484,,,,,,
652,0.0,10.347450506012,0.0,,,,,,
653,0.0,13.492084115938772,28.24264372169233,,,,,,
654,0.0,8.712023740113676,37.97921592199604,,,,,,
655,0.0,0.0926797102431434,32.96157240614849,,,,,,
656,0.0,4.099719773693866,46.27744271092702,,,,,,
657,0.0,0.0,71.23373795253224,,,,,,
658,0.0,4.439915437568395,37.97921592199604,,,,,,
659,0.0,22.33649443177427,46.27744271092702,,,,,,
660,0.0,12.339573747295251,34.67400516709484,,,,,,
661,0.0,34.67400516709484,0.0,,,,,,
662,0.0,10.347450506012,56.36991327099788,,,,,,
663,0.0,27.22288322454476,28.24264372169233,,,,,,
664,0.1196913799091976,3.048924092869573,71.26974968103113,,,,,,
665,0.0,15.660569223528796,43.32087581204169,,,,,,
666,0.0,34.396724496310675,36.74694265656541,,,,,,
667,0.0,6.099190994978948,0.0,,,,,,
668,0.0,10.347450506012,37.97921592199604,,,,,,
669,0.0,4.439915437568395,56.36991327099788,,,,,,
670,0.0,4.099719773693866,71.23373795253224,,,,,,
671,0.0,0.0,28.24264372169233,,,,,,
672,0.0,0.0926797102431434,34.67400516709484,,,,,,
673,0.0,12.27871044879202,32.96157240614849,,,,,,
674,3.318778464280774,3.048924092869573,46.27744271092702,,,,,,
675,0.0,8.712023740113676,42.79962381409237,,,,,,
676,6.311611898113961,27.22288322454476,37.97921592199604,,,,,,
677,2.270403213518286,13.492084115938772,0.0,,,,,,
678,2.199198743708845,34.67400516709484,56.36991327099788,,,,,,
679,0.0325314998532016,22.33649443177427,71.23373795253224,,,,,,
680,0.0,15.660569223528796,32.96157240614849,,,,,,
681,0.0,34.396724496310675,34.67400516709484,,,,,,
682,0.0,6.099190994978948,28.24264372169233,,,,,,
683,0.0,0.0,46.27744271092702,,,,,,
684,0.0,4.439915437568395,43.32087581204169,,,,,,
685,0.0,4.099719773693866,37.97921592199604,,,,,,
686,2.199198743708845,8.712023740113676,0.0,,,,,,
687,0.0,13.492084115938772,56.36991327099788,,,,,,
688,0.0,3.048924092869573,34.67400516709484,,,,,,
689,0.0,22.33649443177427,28.24264372169233,,,,,,
690,0.0,6.099190994978948,32.96157240614849,,,,,,
691,0.0,12.339573747295251,46.27744271092702,,,,,,
692,0.0,34.67400516709484,42.79962381409237,,,,,,
693,0.0,27.22288322454476,71.23373795253224,,,,,,
694,0.0,10.347450506012,56.36991327099788,,,,,,
695,0.0,15.660569223528796,34.67400516709484,,,,,,
696,6.311611898113961,34.396724496310675,0.0,,,,,,
697,0.0,0.0926797102431434,71.23373795253224,,,,,,
698,0.0,8.712023740113676,46.27744271092702,,,,,,
699,0.0669467607792184,34.67400516709484,37.97921592199604,,,,,,
700,0.0,6.099190994978948,28.24264372169233,,,,,,
701,2.29150235109587,4.439915437568395,32.96157240614849,,,,,,
702,0.0,0.0,43.32087581204169,,,,,,
703,0.0,13.492084115938772,71.23373795253224,,,,,,
704,0.0,4.099719773693866,34.67400516709484,,,,,,
705,0.0,0.0926797102431434,0.0,,,,,,
706,0.0,15.660569223528796,56.36991327099788,,,,,,
707,0.0,10.719746131060525,28.24264372169233,,,,,,
708,0.0325314998532016,12.27871044879202,37.97921592199604,,,,,,
709,0.0,3.048924092869573,32.96157240614849,,,,,,
710,0.0,22.33649443177427,46.27744271092702,,,,,,
711,0.0,34.396724496310675,42.79962381409237,,,,,,
712,0.0,5.08335688941316,28.24264372169233,,,,,,
713,2.270403213518286,10.347450506012,0.0,,,,,,
714,0.0,0.0,46.27744271092702,,,,,,
715,0.0,10.719746131060525,37.97921592199604,,,,,,
716,0.0,8.712023740113676,56.36991327099788,,,,,,
717,0.0,22.33649443177427,34.67400516709484,,,,,,
718,2.0956956867578507,4.099719773693866,71.23373795253224,,,,,,
719,0.0,13.492084115938772,32.96157240614849,,,,,,
720,0.0,3.048924092869573,42.79962381409237,,,,,,
721,2.410579095869161,4.439915437568395,37.97921592199604,,,,,,
722,1.3755487060531857,34.67400516709484,46.27744271092702,,,,,,
723,0.1196913799091976,6.1102707250581405,32.96157240614849,,,,,,
724,0.0926797102431434,5.08335688941316,0.0,,,,,,
725,0.0280877934472444,15.660569223528796,56.36991327099788,,,,,,
726,0.0,34.396724496310675,28.24264372169233,,,,,,
727,0.1196913799091976,0.0926797102431434,34.67400516709484,,,,,,
728,0.0,10.347450506012,71.23373795253224,,,,,,
729,0.0,12.27871044879202,42.79962381409237,,,,,,
730,0.0,0.0926797102431434,29.48366411516496,,,,,,
731,0.0,13.492084115938772,37.97921592199604,,,,,,
732,0.0,4.439915437568395,32.96157240614849,,,,,,
733,0.0,10.347450506012,78.32564856753018,,,,,,
734,0.0,34.67400516709484,34.67400516709484,,,,,,
735,0.0,0.0,0.0,,,,,,
736,0.0,8.712023740113676,30.84430500452413,,,,,,
737,0.0,15.660569223528796,46.27744271092702,,,,,,
738,0.0,4.099719773693866,71.26974968103113,,,,,,
739,0.0325314998532016,3.048924092869573,71.23373795253224,,,,,,
740,0.0,27.22288322454476,0.0,,,,,,
741,2.0956956867578507,22.33649443177427,46.27744271092702,,,,,,
742,0.0,35.57219641929099,56.36991327099788,,,,,,
743,0.0280877934472444,12.27871044879202,37.97921592199604,,,,,,
744,0.0,6.099190994978948,28.24264372169233,,,,,,
745,0.0,0.0,34.67400516709484,,,,,,
746,0.0,4.439915437568395,32.96157240614849,,,,,,
747,0.0,3.048924092869573,43.32087581204169,,,,,,
748,0.0,4.099719773693866,0.0,,,,,,
749,0.0,12.27871044879202,37.97921592199604,,,,,,
750,0.0,10.719746131060525,56.36991327099788,,,,,,
751,0.0669467607792184,6.099190994978948,28.24264372169233,,,,,,
752,0.0,15.660569223528796,71.26974968103113,,,,,,
753,0.0,8.712023740113676,34.67400516709484,,,,,,
754,0.0,34.67400516709484,32.96157240614849,,,,,,
755,0.0,34.396724496310675,46.27744271092702,,,,,,
756,0.0,13.492084115938772,42.79962381409237,,,,,,
757,0.0,22.33649443177427,0.0,,,,,,
758,0.0,0.0926797102431434,34.67400516709484,,,,,,
759,0.0,5.08335688941316,28.24264372169233,,,,,,
760,0.0,10.347450506012,56.36991327099788,,,,,,
761,2.29150235109587,8.712023740113676,37.97921592199604,,,,,,
762,0.0,4.439915437568395,46.27744271092702,,,,,,
763,0.0,34.67400516709484,71.26974968103113,,,,,,
764,0.0,15.660569223528796,32.96157240614849,,,,,,
765,3.104505054985564,0.0,42.79962381409237,,,,,,
766,6.311611898113961,4.099719773693866,37.97921592199604,,,,,,
767,2.844536548299099,27.22288322454476,34.67400516709484,,,,,,
768,0.0926797102431434,6.099190994978948,46.27744271092702,,,,,,
769,2.270403213518286,3.048924092869573,0.0,,,,,,
770,2.235727304024508,13.492084115938772,28.24264372169233,,,,,,
771,0.0,22.33649443177427,56.36991327099788,,,,,,
772,0.0,34.396724496310675,71.23373795253224,,,,,,
773,0.0,0.0926797102431434,32.96157240614849,,,,,,
774,0.0,10.347450506012,42.79962381409237,,,,,,
775,0.0,12.27871044879202,0.0,,,,,,
776,0.0,13.492084115938772,37.97921592199604,,,,,,
777,2.29150235109587,8.712023740113676,34.67400516709484,,,,,,
778,0.0,4.439915437568395,28.24264372169233,,,,,,
779,0.0,35.57219641929099,56.36991327099788,,,,,,
780,0.0,0.0,46.27744271092702,,,,,,
781,0.0,4.099719773693866,71.23373795253224,,,,,,
782,2.0956956867578507,27.22288322454476,32.96157240614849,,,,,,
783,0.0,22.33649443177427,43.32087581204169,,,,,,
784,0.0,0.0,0.0,,,,,,
785,0.0,24.13542086332589,56.36991327099788,,,,,,
786,0.0,3.048924092869573,32.96157240614849,,,,,,
787,0.0,12.339573747295251,37.97921592199604,,,,,,
788,0.0,15.660569223528796,38.88509720324353,,,,,,
789,0.0,0.0926797102431434,46.27744271092702,,,,,,
790,0.0,10.38547218765633,28.24264372169233,,,,,,
791,0.0,6.099190994978948,42.79962381409237,,,,,,
792,0.0,6.1102707250581405,71.26974968103113,,,,,,
793,0.0669467607792184,0.0,56.36991327099788,,,,,,
794,0.0325314998532016,0.0,37.97921592199604,,,,,,
795,0.0,24.13542086332589,0.0,,,,,,
796,0.0,13.492084115938772,28.24264372169233,,,,,,
797,0.0,4.439915437568395,46.27744271092702,,,,,,
798,0.0,8.712023740113676,71.23373795253224,,,,,,
799,0.0,4.099719773693866,34.67400516709484,,,,,,
800,0.0,3.048924092869573,32.96157240614849,,,,,,
801,0.0,10.347450506012,42.79962381409237,,,,,,
802,2.270403213518286,22.33649443177427,56.36991327099788,,,,,,
803,0.0,27.22288322454476,0.0,,,,,,
804,0.0,15.660569223528796,34.67400516709484,,,,,,
805,0.0,34.396724496310675,37.97921592199604,,,,,,
806,0.0,0.0926797102431434,71.26974968103113,,,,,,
807,0.0,12.27871044879202,28.24264372169233,,,,,,
808,2.199198743708845,12.27871044879202,32.96157240614849,,,,,,
809,0.0,4.439915437568395,46.27744271092702,,,,,,
810,6.311611898113961,34.67400516709484,42.79962381409237,,,,,,
811,2.844536548299099,0.0,0.0,,,,,,
812,3.104505054985564,27.22288322454476,56.36991327099788,,,,,,
813,0.1196913799091976,13.492084115938772,37.97921592199604,,,,,,
814,0.0926797102431434,0.0926797102431434,28.24264372169233,,,,,,
815,0.0280877934472444,3.048924092869573,34.67400516709484,,,,,,
816,0.0,6.099190994978948,71.23373795253224,,,,,,
817,0.0,8.712023740113676,32.96157240614849,,,,,,
818,0.0,4.099719773693866,46.27744271092702,,,,,,
819,0.0,15.660569223528796,42.79962381409237,,,,,,
820,0.0,22.33649443177427,34.67400516709484,,,,,,
821,0.0,34.396724496310675,0.0,,,,,,
822,0.0,10.347450506012,56.36991327099788,,,,,,
823,0.0,10.347450506012,32.96157240614849,,,,,,
824,0.0,34.67400516709484,28.24264372169233,,,,,,
825,0.0926797102431434,0.0,71.23373795253224,,,,,,
826,0.0,27.22288322454476,37.97921592199604,,,,,,
827,0.0,4.439915437568395,46.27744271092702,,,,,,
828,0.0280877934472444,12.27871044879202,42.79962381409237,,,,,,
829,0.0,13.492084115938772,0.0,,,,,,
830,0.0,8.712023740113676,43.32087581204169,,,,,,
831,2.29150235109587,4.099719773693866,56.36991327099788,,,,,,
832,0.0,22.33649443177427,28.24264372169233,,,,,,
833,0.0,15.660569223528796,71.23373795253224,,,,,,
834,0.0,3.048924092869573,32.96157240614849,,,,,,
835,0.0,34.396724496310675,34.67400516709484,,,,,,
836,0.0,0.0926797102431434,46.27744271092702,,,,,,
837,0.0,6.099190994978948,37.97921592199604,,,,,,
838,0.0,3.048924092869573,28.24264372169233,,,,,,
839,0.0,0.0,42.79962381409237,,,,,,
840,0.0,27.22288322454476,56.36991327099788,,,,,,
841,6.311611898113961,6.099190994978948,0.0,,,,,,
842,0.0,4.439915437568395,32.96157240614849,,,,,,
843,0.0,10.347450506012,37.97921592199604,,,,,,
844,0.0,34.67400516709484,38.88509720324353,,,,,,
845,0.0,22.33649443177427,46.27744271092702,,,,,,
846,0.0,13.16663115848167,71.23373795253224,,,,,,
847,0.0,13.492084115938772,37.97921592199604,,,,,,
848,0.0,8.712023740113676,34.67400516709484,,,,,,
849,0.0,4.099719773693866,56.36991327099788,,,,,,
850,0.0,15.660569223528796,0.0,,,,,,
851,2.0956956867578507,34.396724496310675,32.96157240614849,,,,,,
852,3.0432705614633617,0.0926797102431434,46.27744271092702,,,,,,
853,2.270403213518286,5.08335688941316,71.23373795253224,,,,,,
854,2.844536548299099,8.712023740113676,28.24264372169233,,,,,,
855,3.104505054985564,34.67400516709484,43.32087581204169,,,,,,
856,0.1196913799091976,0.0926797102431434,37.97921592199604,,,,,,
857,0.0669467607792184,0.0,56.36991327099788,,,,,,
858,2.199198743708845,10.38547218765633,0.0,,,,,,
859,0.0325314998532016,13.492084115938772,46.27744271092702,,,,,,
860,0.0,10.719746131060525,34.67400516709484,,,,,,
861,0.0,4.439915437568395,28.24264372169233,,,,,,
862,2.0956956867578507,6.099190994978948,32.96157240614849,,,,,,
863,0.0669467607792184,12.27871044879202,42.79962381409237,,,,,,
864,0.0,4.099719773693866,71.26974968103113,,,,,,
865,0.0325314998532016,3.048924092869573,34.67400516709484,,,,,,
866,0.0,22.33649443177427,56.36991327099788,,,,,,
867,0.0926797102431434,15.660569223528796,0.0,,,,,,
868,0.0,35.57219641929099,46.27744271092702,,,,,,
869,0.0,0.0,28.24264372169233,,,,,,
870,0.0,8.712023740113676,37.97921592199604,,,,,,
871,0.0,4.439915437568395,32.96157240614849,,,,,,
872,0.0,6.099190994978948,43.32087581204169,,,,,,
873,0.0280877934472444,10.719746131060525,71.26974968103113,,,,,,
874,2.29150235109587,5.08335688941316,43.32087581204169,,,,,,
875,0.0,34.67400516709484,56.36991327099788,,,,,,
876,0.0,4.099719773693866,37.97921592199604,,,,,,
877,0.0,13.492084115938772,0.0,,,,,,
878,0.0,3.048924092869573,34.67400516709484,,,,,,
879,0.0,22.33649443177427,46.27744271092702,,,,,,
880,0.0,15.660569223528796,32.96157240614849,,,,,,
881,0.0,34.396724496310675,27.22288322454476,,,,,,
882,0.0,0.0926797102431434,28.24264372169233,,,,,,
883,0.0,10.347450506012,10.347450506012,,,,,,
884,0.0,12.27871044879202,28.24264372169233,,,,,,
885,0.0,8.712023740113676,37.97921592199604,,,,,,
886,0.0,10.347450506012,34.67400516709484,,,,,,
887,2.844536548299099,4.439915437568395,0.0,,,,,,
888,0.0,0.0,56.36991327099788,,,,,,
889,0.0,13.492084115938772,46.27744271092702,,,,,,
890,0.0,4.099719773693866,42.79962381409237,,,,,,
891,0.1196913799091976,22.33649443177427,32.96157240614849,,,,,,
892,0.0,34.67400516709484,71.23373795253224,,,,,,
893,0.0,6.099190994978948,37.97921592199604,,,,,,
894,0.0,12.27871044879202,34.67400516709484,,,,,,
895,0.0,35.57219641929099,56.36991327099788,,,,,,
896,2.270403213518286,27.22288322454476,46.27744271092702,,,,,,
897,0.0,3.048924092869573,32.96157240614849,,,,,,
898,0.0,15.660569223528796,0.0,,,,,,
899,0.0,0.0926797102431434,28.24264372169233,,,,,,
900,3.104505054985564,8.712023740113676,43.32087581204169,,,,,,
901,0.0,4.439915437568395,71.23373795253224,,,,,,
902,6.311611898113961,0.0,,,,,,,
903,0.0,13.492084115938772,,,,,,,
904,2.199198743708845,4.099719773693866,,,,,,,
905,0.0325314998532016,3.048924092869573,,,,,,,
906,2.29150235109587,22.33649443177427,,,,,,,
907,0.0,34.67400516709484,,,,,,,
908,0.0,6.099190994978948,,,,,,,
909,0.0,15.660569223528796,,,,,,,
910,0.0,12.339573747295251,,,,,,,
911,0.0,27.22288322454476,,,,,,,
912,2.199198743708845,34.396724496310675,,,,,,,
913,0.0,0.0926797102431434,,,,,,,
914,2.0956956867578507,10.347450506012,,,,,,,
915,0.0,13.492084115938772,,,,,,,
916,0.0,15.660569223528796,,,,,,,
917,0.0,4.439915437568395,,,,,,,
918,0.0,35.57219641929099,,,,,,,
919,0.0,0.0,,,,,,,
920,0.0,10.38547218765633,,,,,,,
921,0.0,0.0926797102431434,,,,,,,
922,0.0,22.33649443177427,,,,,,,
923,0.0669467607792184,8.712023740113676,,,,,,,
924,0.0,32.96157240614849,,,,,,,
925,0.0,4.099719773693866,,,,,,,
926,0.0,34.67400516709484,,,,,,,
927,0.0,27.22288322454476,,,,,,,
928,0.0,3.048924092869573,,,,,,,
929,0.0,12.27871044879202,,,,,,,
930,0.0,13.492084115938772,,,,,,,
931,0.0,8.712023740113676,,,,,,,
932,0.0,15.660569223528796,,,,,,,
933,0.1196913799091976,4.439915437568395,,,,,,,
934,0.0,0.0,,,,,,,
935,0.0,34.396724496310675,,,,,,,
936,0.0,22.33649443177427,,,,,,,
937,0.0,6.099190994978948,,,,,,,
938,0.0,27.22288322454476,,,,,,,
939,0.0,34.67400516709484,,,,,,,
940,0.0,4.099719773693866,,,,,,,
941,0.0,10.347450506012,,,,,,,
942,0.0,3.048924092869573,,,,,,,
943,0.0,0.0926797102431434,,,,,,,
944,6.311611898113961,13.492084115938772,,,,,,,
945,2.844536548299099,4.439915437568395,,,,,,,
946,3.318778464280774,15.660569223528796,,,,,,,
947,0.0926797102431434,34.67400516709484,,,,,,,
948,2.270403213518286,0.0,,,,,,,
949,0.0280877934472444,4.099719773693866,,,,,,,
950,0.0,0.0926797102431434,,,,,,,
951,0.0,22.33649443177427,,,,,,,
952,0.0,12.27871044879202,,,,,,,
953,0.0,6.099190994978948,,,,,,,
954,0.0,8.712023740113676,,,,,,,
955,0.0,27.22288322454476,,,,,,,
956,0.0,3.048924092869573,,,,,,,
957,0.0,34.396724496310675,,,,,,,
958,0.0,10.347450506012,,,,,,,
959,0.0,8.712023740113676,,,,,,,
960,0.0,4.439915437568395,,,,,,,
961,0.0,0.0,,,,,,,
962,0.0,4.099719773693866,,,,,,,
963,0.0,13.492084115938772,,,,,,,
964,0.0,6.099190994978948,,,,,,,
965,0.0,34.67400516709484,,,,,,,
966,0.0,27.22288322454476,,,,,,,
967,2.0956956867578507,10.347450506012,,,,,,,
968,0.0,3.048924092869573,,,,,,,
969,0.0,15.660569223528796,,,,,,,
970,0.0,22.33649443177427,,,,,,,
971,0.0,35.57219641929099,,,,,,,
972,0.0,0.0926797102431434,,,,,,,
973,6.311611898113961,12.27871044879202,,,,,,,
974,0.0,6.099190994978948,,,,,,,
975,0.0,0.0,,,,,,,
976,0.0669467607792184,4.099719773693866,,,,,,,
977,0.0,4.439915437568395,,,,,,,
978,0.0,12.339573747295251,,,,,,,
979,0.0,8.712023740113676,,,,,,,
980,0.0,34.67400516709484,,,,,,,
981,0.0,13.492084115938772,,,,,,,
982,2.29150235109587,27.22288322454476,,,,,,,
983,0.0,3.048924092869573,,,,,,,
984,0.0,10.347450506012,,,,,,,
985,0.0,15.660569223528796,,,,,,,
986,2.270403213518286,22.33649443177427,,,,,,,
987,2.199198743708845,34.396724496310675,,,,,,,
988,0.0,0.0926797102431434,,,,,,,
989,0.0,15.660569223528796,,,,,,,
990,2.410579095869161,4.439915437568395,,,,,,,
991,1.3755487060531857,6.1102707250581405,,,,,,,
992,0.1196913799091976,0.0,,,,,,,
993,0.0926797102431434,3.048924092869573,,,,,,,
994,0.0325314998532016,22.33649443177427,,,,,,,
995,0.0280877934472444,10.347450506012,,,,,,,
996,0.0,0.0926797102431434,,,,,,,
997,2.0956956867578507,8.712023740113676,,,,,,,
998,0.0,13.492084115938772,,,,,,,
999,0.0,12.27871044879202,,,,,,,
1000,0.0,4.099719773693866,,,,,,,
1001,0.0,34.67400516709484,,,,,,,
1002,0.0,34.396724496310675,,,,,,,
1003,0.0926797102431434,27.22288322454476,,,,,,,
1004,0.0,0.0,,,,,,,
1005,0.0,15.660569223528796,,,,,,,
1006,0.0,13.492084115938772,,,,,,,
1007,0.0,10.347450506012,,,,,,,
1008,0.0280877934472444,22.33649443177427,,,,,,,
1009,0.0,4.439915437568395,,,,,,,
1010,0.0,6.099190994978948,,,,,,,
1011,0.0,8.712023740113676,,,,,,,
1012,0.0,27.22288322454476,,,,,,,
1013,0.0,4.099719773693866,,,,,,,
1014,0.0,34.67400516709484,,,,,,,
1015,0.0,12.339573747295251,,,,,,,
1016,0.0,3.048924092869573,,,,,,,
1017,0.0,34.396724496310675,,,,,,,
1018,0.0,0.0926797102431434,,,,,,,
1019,0.0,10.347450506012,,,,,,,
1020,2.844536548299099,34.67400516709484,,,,,,,
1021,0.0,6.099190994978948,,,,,,,
1022,0.0,4.439915437568395,,,,,,,
1023,0.0,0.0,,,,,,,
1024,0.0,4.099719773693866,,,,,,,
1025,0.0,0.0926797102431434,,,,,,,
1026,0.0,3.048924092869573,,,,,,,
1027,0.0,12.27871044879202,,,,,,,
1028,0.0,13.492084115938772,,,,,,,
1029,2.29150235109587,22.33649443177427,,,,,,,
1030,0.0,35.57219641929099,,,,,,,
1031,0.0,8.712023740113676,,,,,,,
1032,2.199198743708845,27.22288322454476,,,,,,,
1033,0.0,15.660569223528796,,,,,,,
1034,0.0,13.492084115938772,,,,,,,
1035,3.104505054985564,8.712023740113676,,,,,,,
1036,6.311611898113961,22.33649443177427,,,,,,,
1037,0.1196913799091976,0.0,,,,,,,
1038,2.270403213518286,4.099719773693866,,,,,,,
1039,0.0669467607792184,4.439915437568395,,,,,,,
1040,0.0325314998532016,6.099190994978948,,,,,,,
1041,2.199198743708845,12.27871044879202,,,,,,,
1042,0.0,15.660569223528796,,,,,,,
1043,0.0,27.22288322454476,,,,,,,
1044,0.0,34.67400516709484,,,,,,,
1045,0.0,3.048924092869573,,,,,,,
1046,0.0,34.396724496310675,,,,,,,
1047,0.0,0.0926797102431434,,,,,,,
1048,3.104505054985564,10.347450506012,,,,,,,
1049,0.0,10.38547218765633,,,,,,,
1050,0.0,4.439915437568395,,,,,,,
1051,0.0,0.0,,,,,,,
1052,0.0,22.33649443177427,,,,,,,
1053,0.0,8.712023740113676,,,,,,,
1054,0.0926797102431434,32.96157240614849,,,,,,,
1055,0.0,34.396724496310675,,,,,,,
1056,0.0,34.67400516709484,,,,,,,
1057,0.0,4.099719773693866,,,,,,,
1058,0.0,27.22288322454476,,,,,,,
1059,0.0,13.492084115938772,,,,,,,
1060,2.29150235109587,3.048924092869573,,,,,,,
1061,6.311611898113961,15.660569223528796,,,,,,,
1062,0.0,0.0926797102431434,,,,,,,
1063,0.0,34.67400516709484,,,,,,,
1064,0.0,0.0,,,,,,,
1065,0.0,27.22288322454476,,,,,,,
1066,0.0,3.048924092869573,,,,,,,
1067,0.0,13.492084115938772,,,,,,,
1068,0.0,4.439915437568395,,,,,,,
1069,0.1196913799091976,8.712023740113676,,,,,,,
1070,0.0,12.27871044879202,,,,,,,
1071,0.0,15.660569223528796,,,,,,,
1072,2.844536548299099,4.099719773693866,,,,,,,
1073,0.0,22.33649443177427,,,,,,,
1074,0.0,34.396724496310675,,,,,,,
1075,0.0,0.0926797102431434,,,,,,,
1076,2.270403213518286,10.347450506012,,,,,,,
1077,0.0,6.099190994978948,,,,,,,
1078,0.0,4.439915437568395,,,,,,,
1079,0.0,15.660569223528796,,,,,,,
1080,2.0956956867578507,4.099719773693866,,,,,,,
1081,0.0,0.0,,,,,,,
1082,0.0,3.048924092869573,,,,,,,
1083,0.0669467607792184,0.0926797102431434,,,,,,,
1084,0.0325314998532016,22.33649443177427,,,,,,,
1085,0.0280877934472444,8.712023740113676,,,,,,,
1086,0.1196913799091976,34.67400516709484,,,,,,,
1087,0.0,6.099190994978948,,,,,,,
1088,2.0956956867578507,13.492084115938772,,,,,,,
1089,0.0,27.22288322454476,,,,,,,
1090,0.0,34.396724496310675,,,,,,,
1091,0.0,10.347450506012,,,,,,,
1092,0.0,12.339573747295251,,,,,,,
1093,0.0,4.439915437568395,,,,,,,
1094,6.311611898113961,34.67400516709484,,,,,,,
1095,0.0926797102431434,6.099190994978948,,,,,,,
1096,0.0,0.0,,,,,,,
1097,0.0669467607792184,13.492084115938772,,,,,,,
1098,0.0,3.048924092869573,,,,,,,
1099,0.0,8.712023740113676,,,,,,,
1100,0.0,15.660569223528796,,,,,,,
1101,0.0,4.099719773693866,,,,,,,
1102,0.0280877934472444,12.27871044879202,,,,,,,
1103,0.0,27.22288322454476,,,,,,,
1104,0.0,22.33649443177427,,,,,,,
1105,0.0,34.396724496310675,,,,,,,
1106,0.0,0.0926797102431434,,,,,,,
1107,0.0,10.347450506012,,,,,,,
1108,0.0,8.712023740113676,,,,,,,
1109,2.270403213518286,15.660569223528796,,,,,,,
1110,0.0,34.67400516709484,,,,,,,
1111,0.0,0.0,,,,,,,
1112,0.0,0.0926797102431434,,,,,,,
1113,0.0,4.099719773693866,,,,,,,
1114,0.0325314998532016,4.439915437568395,,,,,,,
1115,2.844536548299099,3.048924092869573,,,,,,,
1116,0.0,22.33649443177427,,,,,,,
1117,0.0,13.492084115938772,,,,,,,
1118,0.0,27.22288322454476,,,,,,,
1119,0.0,35.57219641929099,,,,,,,
1120,3.104505054985564,10.347450506012,,,,,,,
1121,0.0,12.27871044879202,,,,,,,
1122,0.0,6.1102707250581405,,,,,,,
1123,2.29150235109587,0.0,,,,,,,
1124,0.0,22.33649443177427,,,,,,,
1125,0.0,8.712023740113676,,,,,,,
1126,0.0,4.439915437568395,,,,,,,
1127,0.0,6.099190994978948,,,,,,,
1128,0.0,13.492084115938772,,,,,,,
1129,0.0,34.67400516709484,,,,,,,
1130,2.199198743708845,4.099719773693866,,,,,,,
1131,0.0,3.048924092869573,,,,,,,
1132,0.0,27.22288322454476,,,,,,,
1133,6.311611898113961,15.660569223528796,,,,,,,
1134,0.0,34.396724496310675,,,,,,,
1135,0.0,0.0926797102431434,,,,,,,
1136,0.0,10.38547218765633,,,,,,,
1137,0.0,12.339573747295251,,,,,,,
1138,0.0,8.712023740113676,,,,,,,
1139,0.0,22.33649443177427,,,,,,,
1140,2.29150235109587,0.0,,,,,,,
1141,0.0,4.439915437568395,,,,,,,
1142,2.0956956867578507,4.099719773693866,,,,,,,
1143,0.0,34.67400516709484,,,,,,,
1144,0.0,27.22288322454476,,,,,,,
1145,0.0,13.492084115938772,,,,,,,
1146,0.0,3.048924092869573,,,,,,,
1147,0.0,15.660569223528796,,,,,,,
1148,0.0,34.396724496310675,,,,,,,
1149,0.0,0.0926797102431434,,,,,,,
1150,0.0,10.347450506012,,,,,,,
1151,0.0,12.27871044879202,,,,,,,
1152,0.0,6.099190994978948,,,,,,,
1153,0.0,8.712023740113676,,,,,,,
1154,3.318778464280774,0.0,,,,,,,
1155,0.0,0.0926797102431434,,,,,,,
1156,0.0,10.719746131060525,,,,,,,
1157,0.0,4.439915437568395,,,,,,,
1158,0.0,3.048924092869573,,,,,,,
1159,0.0,5.08335688941316,,,,,,,
1160,2.270403213518286,34.67400516709484,,,,,,,
1161,0.0,4.099719773693866,,,,,,,
1162,0.0,13.492084115938772,,,,,,,
1163,0.0,15.660569223528796,,,,,,,
1164,0.0,22.33649443177427,,,,,,,
1165,0.0,34.396724496310675,,,,,,,
1166,0.0,10.347450506012,,,,,,,
1167,0.0,12.27871044879202,,,,,,,
1168,0.0,6.099190994978948,,,,,,,
1169,2.844536548299099,10.347450506012,,,,,,,
1170,0.1196913799091976,4.439915437568395,,,,,,,
1171,0.0926797102431434,34.67400516709484,,,,,,,
1172,0.0669467607792184,0.0,,,,,,,
1173,2.199198743708845,22.33649443177427,,,,,,,
1174,0.0325314998532016,6.1102707250581405,,,,,,,
1175,0.0280877934472444,15.660569223528796,,,,,,,
1176,2.199198743708845,27.22288322454476,,,,,,,
1177,0.0,4.099719773693866,,,,,,,
1178,0.0,8.712023740113676,,,,,,,
1179,0.0,13.492084115938772,,,,,,,
1180,0.0,3.048924092869573,,,,,,,
1181,0.0,34.396724496310675,,,,,,,
1182,0.0,0.0926797102431434,,,,,,,
1183,0.0,12.27871044879202,,,,,,,
1184,0.0,34.67400516709484,,,,,,,
1185,0.0,0.0,,,,,,,
1186,0.0,4.439915437568395,,,,,,,
1187,0.0,3.048924092869573,,,,,,,
1188,0.0926797102431434,4.099719773693866,,,,,,,
1189,0.0,0.0926797102431434,,,,,,,
1190,0.0,10.347450506012,,,,,,,
1191,0.0,22.33649443177427,,,,,,,
1192,0.0,13.492084115938772,,,,,,,
1193,0.0,8.712023740113676,,,,,,,
1194,0.0,35.57219641929099,,,,,,,
1195,0.0,27.22288322454476,,,,,,,
1196,3.3952694969729524,15.660569223528796,,,,,,,
1197,2.29150235109587,12.27871044879202,,,,,,,
1198,0.0,6.099190994978948,,,,,,,
1199,0.0,13.492084115938772,,,,,,,
1200,0.0,0.0,,,,,,,
1201,0.0,15.660569223528796,,,,,,,
1202,0.0,8.712023740113676,,,,,,,
1203,0.0,4.439915437568395,,,,,,,
1204,0.0,22.33649443177427,,,,,,,
1205,0.0,0.0926797102431434,,,,,,,
1206,0.0,34.67400516709484,,,,,,,
1207,0.0,10.347450506012,,,,,,,
1208,0.0,32.96157240614849,,,,,,,
1209,0.0,4.099719773693866,,,,,,,
1210,0.0,27.22288322454476,,,,,,,
1211,0.0,3.048924092869573,,,,,,,
1212,2.366339858736052,35.57219641929099,,,,,,,
1213,0.0,10.347450506012,,,,,,,
1214,2.0956956867578507,8.712023740113676,,,,,,,
1215,2.844536548299099,15.660569223528796,,,,,,,
1216,3.104505054985564,0.0,,,,,,,
1217,0.1196913799091976,4.439915437568395,,,,,,,
1218,0.0949224841361663,3.048924092869573,,,,,,,
1219,0.0669467607792184,13.492084115938772,,,,,,,
1220,0.0325314998532016,22.33649443177427,,,,,,,
1221,0.0280877934472444,6.099190994978948,,,,,,,
1222,0.0,0.0,,,,,,,
1223,0.0,12.27871044879202,,,,,,,
1224,0.1196913799091976,24.13542086332589,,,,,,,
1225,0.0,4.099719773693866,,,,,,,
1226,0.0,27.22288322454476,,,,,,,
1227,0.0,34.396724496310675,,,,,,,
1228,0.0,0.0926797102431434,,,,,,,
1229,0.0,22.33649443177427,,,,,,,
1230,2.199198743708845,8.712023740113676,,,,,,,
1231,0.0,32.96157240614849,,,,,,,
1232,2.0956956867578507,34.67400516709484,,,,,,,
1233,0.0,0.0926797102431434,,,,,,,
1234,0.0,0.0,,,,,,,
1235,0.0,3.048924092869573,,,,,,,
1236,0.0,13.492084115938772,,,,,,,
1237,0.0280877934472444,4.439915437568395,,,,,,,
1238,0.0,15.660569223528796,,,,,,,
1239,0.0,4.099719773693866,,,,,,,
1240,0.0,27.22288322454476,,,,,,,
1241,0.0,10.347450506012,,,,,,,
1242,0.0,34.396724496310675,,,,,,,
1243,0.0,0.0,,,,,,,
1244,0.0,15.660569223528796,,,,,,,
1245,0.0,4.439915437568395,,,,,,,
1246,0.0,8.712023740113676,,,,,,,
1247,0.0,4.099719773693866,,,,,,,
1248,0.0,22.33649443177427,,,,,,,
1249,2.29150235109587,6.1102707250581405,,,,,,,
1250,0.0,13.492084115938772,,,,,,,
1251,0.0,34.67400516709484,,,,,,,
1252,0.0,27.22288322454476,,,,,,,
1253,0.0,3.048924092869573,,,,,,,
1254,0.0,35.57219641929099,,,,,,,
1255,0.0,0.0926797102431434,,,,,,,
1256,0.0,10.347450506012,,,,,,,
1257,0.0,12.27871044879202,,,,,,,
1258,0.0,0.0,,,,,,,
1259,0.0,8.712023740113676,,,,,,,
1260,6.311611898113961,0.0926797102431434,,,,,,,
1261,2.844536548299099,3.048924092869573,,,,,,,
1262,3.104505054985564,4.439915437568395,,,,,,,
1263,0.0926797102431434,13.492084115938772,,,,,,,
1264,2.270403213518286,4.099719773693866,,,,,,,
1265,0.0669467607792184,34.67400516709484,,,,,,,
1266,0.0325314998532016,27.22288322454476,,,,,,,
1267,2.199198743708845,22.33649443177427,,,,,,,
1268,0.0,15.660569223528796,,,,,,,
1269,0.0926797102431434,34.396724496310675,,,,,,,
1270,0.0,10.347450506012,,,,,,,
1271,0.0,12.27871044879202,,,,,,,
1272,0.0,6.099190994978948,,,,,,,
1273,0.0,0.0926797102431434,,,,,,,
1274,0.0,27.22288322454476,,,,,,,
1275,0.0,0.0,,,,,,,
1276,0.0,34.67400516709484,,,,,,,
1277,0.0,13.492084115938772,,,,,,,
1278,0.0,4.439915437568395,,,,,,,
1279,0.0,6.099190994978948,,,,,,,
1280,0.0,8.712023740113676,,,,,,,
1281,0.0,15.660569223528796,,,,,,,
1282,2.0956956867578507,4.099719773693866,,,,,,,
1283,0.0669467607792184,10.347450506012,,,,,,,
1284,0.0,3.048924092869573,,,,,,,
1285,0.0,22.33649443177427,,,,,,,
1286,0.0,34.396724496310675,,,,,,,
1287,0.0,12.339573747295251,,,,,,,
1288,0.0,8.712023740113676,,,,,,,
1289,0.0,34.67400516709484,,,,,,,
1290,2.29150235109587,15.660569223528796,,,,,,,
1291,0.0,0.0,,,,,,,
1292,0.0,13.492084115938772,,,,,,,
1293,0.0,4.099719773693866,,,,,,,
1294,0.0,27.22288322454476,,,,,,,
1295,0.0,4.439915437568395,,,,,,,
1296,0.0,0.0926797102431434,,,,,,,
1297,0.0325314998532016,32.96157240614849,,,,,,,
1298,0.0,10.347450506012,,,,,,,
1299,0.0,3.048924092869573,,,,,,,
1300,0.0,22.33649443177427,,,,,,,
1301,0.0,34.396724496310675,,,,,,,
1302,0.0,10.347450506012,,,,,,,
1303,0.0,0.0,,,,,,,
1304,6.311611898113961,8.712023740113676,,,,,,,
1305,0.0,34.67400516709484,,,,,,,
1306,0.0,12.27871044879202,,,,,,,
1307,2.270403213518286,0.0926797102431434,,,,,,,
1308,3.104505054985564,13.492084115938772,,,,,,,
1309,2.844536548299099,3.048924092869573,,,,,,,
1310,0.1196913799091976,4.439915437568395,,,,,,,
1311,0.0280877934472444,6.1102707250581405,,,,,,,
1312,0.0,27.22288322454476,,,,,,,
1313,0.0,15.660569223528796,,,,,,,
1314,0.0,4.099719773693866,,,,,,,
1315,0.0,22.33649443177427,,,,,,,
1316,0.0,35.57219641929099,,,,,,,
1317,0.0,0.0,,,,,,,
1318,0.0,4.439915437568395,,,,,,,
1319,0.0,32.96157240614849,,,,,,,
1320,0.0,8.712023740113676,,,,,,,
1321,2.0956956867578507,22.33649443177427,,,,,,,
1322,0.0,27.22288322454476,,,,,,,
1323,0.0,34.67400516709484,,,,,,,
1324,0.0,4.099719773693866,,,,,,,
1325,0.0,10.347450506012,,,,,,,
1326,0.0,15.660569223528796,,,,,,,
1327,0.0,13.492084115938772,,,,,,,
1328,0.0,3.048924092869573,,,,,,,
1329,0.0325314998532016,34.396724496310675,,,,,,,
1330,0.0,0.0926797102431434,,,,,,,
1331,0.0280877934472444,4.439915437568395,,,,,,,
1332,2.366339858736052,3.048924092869573,,,,,,,
1333,0.1196913799091976,12.27871044879202,,,,,,,
1334,0.0,8.712023740113676,,,,,,,
1335,0.0,27.22288322454476,,,,,,,
1336,0.0,0.0,,,,,,,
1337,0.0,0.0926797102431434,,,,,,,
1338,0.0,6.1102707250581405,,,,,,,
1339,0.0,22.33649443177427,,,,,,,
1340,0.0,13.492084115938772,,,,,,,
1341,0.0949224841361663,15.660569223528796,,,,,,,
1342,0.0,34.67400516709484,,,,,,,
1343,0.0,4.099719773693866,,,,,,,
1344,0.0,34.396724496310675,,,,,,,
1345,0.0,10.347450506012,,,,,,,
1346,0.0,4.439915437568395,,,,,,,
1347,2.199198743708845,0.0,,,,,,,
1348,2.29150235109587,34.67400516709484,,,,,,,
1349,0.0,8.712023740113676,,,,,,,
1350,0.0,0.0926797102431434,,,,,,,
1351,0.0,6.099190994978948,,,,,,,
1352,0.0,13.492084115938772,,,,,,,
1353,3.3952694969729524,4.099719773693866,,,,,,,
1354,2.844536548299099,12.27871044879202,,,,,,,
1355,3.104505054985564,27.22288322454476,,,,,,,
1356,0.0926797102431434,22.33649443177427,,,,,,,
1357,0.0669467607792184,3.048924092869573,,,,,,,
1358,2.844536548299099,15.660569223528796,,,,,,,
1359,0.0,34.396724496310675,,,,,,,
1360,0.0,10.347450506012,,,,,,,
1361,0.0,0.0,,,,,,,
1362,0.0,4.439915437568395,,,,,,,
1363,0.0,8.712023740113676,,,,,,,
1364,0.0,13.492084115938772,,,,,,,
1365,0.0,3.048924092869573,,,,,,,
1366,0.0,0.0926797102431434,,,,,,,
1367,0.0,22.33649443177427,,,,,,,
1368,0.0,34.67400516709484,,,,,,,
1369,0.0,10.347450506012,,,,,,,
1370,0.0669467607792184,4.099719773693866,,,,,,,
1371,0.0280877934472444,32.96157240614849,,,,,,,
1372,0.0,27.22288322454476,,,,,,,
1373,0.0,15.660569223528796,,,,,,,
1374,0.0,34.396724496310675,,,,,,,
1375,6.311611898113961,34.67400516709484,,,,,,,
1376,0.0,0.0,,,,,,,
1377,0.0,4.439915437568395,,,,,,,
1378,0.0,13.492084115938772,,,,,,,
1379,0.0,22.33649443177427,,,,,,,
1380,0.0,3.048924092869573,,,,,,,
1381,0.0,12.27871044879202,,,,,,,
1382,0.0,8.712023740113676,,,,,,,
1383,0.0,4.099719773693866,,,,,,,
1384,0.0,27.22288322454476,,,,,,,
1385,0.0,15.660569223528796,,,,,,,
1386,0.0,34.396724496310675,,,,,,,
1387,0.0,0.0926797102431434,,,,,,,
1388,0.0,10.347450506012,,,,,,,
1389,0.0,6.099190994978948,,,,,,,
1390,0.0,0.0,,,,,,,
1391,2.29150235109587,35.57219641929099,,,,,,,
1392,0.0,4.439915437568395,,,,,,,
1393,0.0,13.492084115938772,,,,,,,
1394,0.0,4.099719773693866,,,,,,,
1395,0.0,34.67400516709484,,,,,,,
1396,2.0956956867578507,22.33649443177427,,,,,,,
1397,3.318778464280774,6.1102707250581405,,,,,,,
1398,0.1196913799091976,15.660569223528796,,,,,,,
1399,0.0926797102431434,8.712023740113676,,,,,,,
1400,2.270403213518286,27.22288322454476,,,,,,,
1401,2.199198743708845,3.048924092869573,,,,,,,
1402,0.0325314998532016,0.0926797102431434,,,,,,,
1403,2.270403213518286,10.347450506012,,,,,,,
1404,0.0,12.27871044879202,,,,,,,
1405,0.0,13.492084115938772,,,,,,,
1406,0.0,5.08335688941316,,,,,,,
1407,0.0,34.396724496310675,,,,,,,
1408,0.0,4.439915437568395,,,,,,,
1409,0.0,34.67400516709484,,,,,,,
1410,2.29150235109587,0.0,,,,,,,
1411,0.0,0.0926797102431434,,,,,,,
1412,0.0,10.38547218765633,,,,,,,
1413,2.0956956867578507,22.33649443177427,,,,,,,
1414,2.199198743708845,6.099190994978948,,,,,,,
1415,0.0926797102431434,8.712023740113676,,,,,,,
1416,0.0,10.719746131060525,,,,,,,
1417,0.0,12.27871044879202,,,,,,,
1418,0.0,4.099719773693866,,,,,,,
1419,0.0280877934472444,15.660569223528796,,,,,,,
1420,0.0,3.048924092869573,,,,,,,
1421,0.0,34.396724496310675,,,,,,,
1422,0.0,8.712023740113676,,,,,,,
1423,0.0,34.67400516709484,,,,,,,
1424,0.0,4.439915437568395,,,,,,,
1425,0.0,0.0,,,,,,,
1426,0.0,4.099719773693866,,,,,,,
1427,0.0,0.0926797102431434,,,,,,,
1428,0.0,22.33649443177427,,,,,,,
1429,0.0,6.099190994978948,,,,,,,
1430,0.0,15.660569223528796,,,,,,,
1431,0.0,12.27871044879202,,,,,,,
1432,0.0,13.492084115938772,,,,,,,
1433,0.0,27.22288322454476,,,,,,,
1434,0.0,10.347450506012,,,,,,,
1435,0.0,3.048924092869573,,,,,,,
1436,0.0,8.712023740113676,,,,,,,
1437,0.0,4.439915437568395,,,,,,,
1438,0.0,27.22288322454476,,,,,,,
1439,0.0325314998532016,0.0,,,,,,,
1440,0.0,4.099719773693866,,,,,,,
1441,0.0,0.0926797102431434,,,,,,,
1442,0.0,22.33649443177427,,,,,,,
1443,6.311611898113961,15.660569223528796,,,,,,,
1444,3.104505054985564,34.67400516709484,,,,,,,
1445,2.844536548299099,13.492084115938772,,,,,,,
1446,0.1196913799091976,32.96157240614849,,,,,,,
1447,0.0669467607792184,3.048924092869573,,,,,,,
1448,0.0,34.396724496310675,,,,,,,
1449,0.0,10.38547218765633,,,,,,,
1450,0.0,34.67400516709484,,,,,,,
1451,0.0,10.347450506012,,,,,,,
1452,0.0,4.439915437568395,,,,,,,
1453,0.0,0.0,,,,,,,
1454,0.0,15.660569223528796,,,,,,,
1455,0.0,34.396724496310675,,,,,,,
1456,0.0,0.0926797102431434,,,,,,,
1457,0.0,22.33649443177427,,,,,,,
1458,0.0,13.492084115938772,,,,,,,
1459,0.0280877934472444,8.712023740113676,,,,,,,
1460,0.0,4.099719773693866,,,,,,,
1461,2.29150235109587,27.22288322454476,,,,,,,
1462,0.0,3.048924092869573,,,,,,,
1463,0.0,12.27871044879202,,,,,,,
1464,0.0,6.099190994978948,,,,,,,
1465,0.0,35.57219641929099,,,,,,,
1466,0.0,4.099719773693866,,,,,,,
1467,0.0,4.439915437568395,,,,,,,
1468,0.0,8.712023740113676,,,,,,,
1469,0.0,12.27871044879202,,,,,,,
1470,0.0,0.0,,,,,,,
1471,0.0,3.048924092869573,,,,,,,
1472,0.0,0.0926797102431434,,,,,,,
1473,0.1196913799091976,22.33649443177427,,,,,,,
1474,0.0,6.099190994978948,,,,,,,
1475,0.0,0.0,,,,,,,
1476,0.0,15.660569223528796,,,,,,,
1477,0.0,24.13542086332589,,,,,,,
1478,0.0,27.22288322454476,,,,,,,
1479,0.0,13.492084115938772,,,,,,,
1480,0.0,10.347450506012,,,,,,,
1481,2.270403213518286,13.492084115938772,,,,,,,
1482,0.0,10.347450506012,,,,,,,
1483,0.0,8.712023740113676,,,,,,,
1484,2.199198743708845,34.67400516709484,,,,,,,
1485,2.0956956867578507,0.0,,,,,,,
1486,6.311611898113961,3.048924092869573,,,,,,,
1487,0.0,4.439915437568395,,,,,,,
1488,2.844536548299099,15.660569223528796,,,,,,,
1489,3.104505054985564,6.099190994978948,,,,,,,
1490,0.0926797102431434,34.396724496310675,,,,,,,
1491,0.0669467607792184,4.099719773693866,,,,,,,
1492,0.0325314998532016,27.22288322454476,,,,,,,
1493,0.0,22.33649443177427,,,,,,,
1494,0.0,0.0926797102431434,,,,,,,
1495,0.0280877934472444,12.27871044879202,,,,,,,
1496,0.0,8.712023740113676,,,,,,,
1497,0.0,34.67400516709484,,,,,,,
1498,0.0,4.439915437568395,,,,,,,
1499,0.0,15.660569223528796,,,,,,,
1500,0.0,27.22288322454476,,,,,,,
1501,0.0,0.0,,,,,,,
1502,0.0,3.048924092869573,,,,,,,
1503,2.29150235109587,0.0926797102431434,,,,,,,
1504,0.0,22.33649443177427,,,,,,,
1505,0.0,6.099190994978948,,,,,,,
1506,0.0,4.099719773693866,,,,,,,
1507,0.0,13.492084115938772,,,,,,,
1508,2.0956956867578507,35.57219641929099,,,,,,,
1509,0.0,10.347450506012,,,,,,,
1510,0.0,12.27871044879202,,,,,,,
1511,0.0,,,,,,,,
1512,0.0,,,,,,,,
1513,0.0,,,,,,,,
1514,0.0,,,,,,,,
1515,0.0669467607792184,,,,,,,,
1516,2.844536548299099,,,,,,,,
1517,0.0,,,,,,,,
1518,0.0,,,,,,,,
1519,0.0,,,,,,,,
1520,0.0,,,,,,,,
1521,0.0,,,,,,,,
1522,0.0,,,,,,,,
1523,0.0,,,,,,,,
1524,0.0325314998532016,,,,,,,,
1525,0.0,,,,,,,,
1526,0.0,,,,,,,,
1527,0.0,,,,,,,,
1528,2.270403213518286,,,,,,,,
1529,0.0,,,,,,,,
1530,0.0,,,,,,,,
1531,0.0,,,,,,,,
1532,0.0,,,,,,,,
1533,6.311611898113961,,,,,,,,
1534,3.104505054985564,,,,,,,,
1535,0.1196913799091976,,,,,,,,
1536,0.0926797102431434,,,,,,,,
1537,2.199198743708845,,,,,,,,
1538,0.0,,,,,,,,
1539,0.0,,,,,,,,
1540,0.0926797102431434,,,,,,,,
1541,0.0,,,,,,,,
1542,0.0,,,,,,,,
1543,0.0,,,,,,,,
1544,0.0,,,,,,,,
1545,0.0,,,,,,,,
1546,0.0,,,,,,,,
1547,0.0,,,,,,,,
1548,2.0956956867578507,,,,,,,,
1549,0.0,,,,,,,,
1550,0.0,,,,,,,,
1551,0.0,,,,,,,,
1552,0.0,,,,,,,,
1553,0.0,,,,,,,,
1554,0.0280877934472444,,,,,,,,
1555,0.1196913799091976,,,,,,,,
1556,0.0,,,,,,,,
1557,0.0,,,,,,,,
1558,0.0,,,,,,,,
1559,0.0,,,,,,,,
1560,0.0,,,,,,,,
1561,0.0,,,,,,,,
1562,0.0,,,,,,,,
1563,0.0,,,,,,,,
1564,0.0669467607792184,,,,,,,,
1565,0.0,,,,,,,,
1566,0.0,,,,,,,,
1567,0.0,,,,,,,,
1568,0.0,,,,,,,,
1569,0.0,,,,,,,,
1570,0.0,,,,,,,,
1571,0.0,,,,,,,,
1572,0.0,,,,,,,,
1573,0.0,,,,,,,,
1574,2.29150235109587,,,,,,,,
1575,0.0,,,,,,,,
1576,0.0,,,,,,,,
1577,6.311611898113961,,,,,,,,
1578,2.844536548299099,,,,,,,,
1579,3.104505054985564,,,,,,,,
1580,2.270403213518286,,,,,,,,
1581,2.199198743708845,,,,,,,,
1582,0.0325314998532016,,,,,,,,
1583,6.311611898113961,,,,,,,,
1584,0.0,,,,,,,,
1585,2.0956956867578507,,,,,,,,
1586,0.0,,,,,,,,
1587,0.0,,,,,,,,
1588,0.0,,,,,,,,
1589,0.0,,,,,,,,
1590,0.0,,,,,,,,
1591,0.0926797102431434,,,,,,,,
1592,0.0,,,,,,,,
1593,0.0,,,,,,,,
1594,2.29150235109587,,,,,,,,
1595,0.0,,,,,,,,
1596,0.0,,,,,,,,
1597,0.0,,,,,,,,
1598,0.0,,,,,,,,
1599,0.0,,,,,,,,
1600,0.0,,,,,,,,
1601,0.0,,,,,,,,
1602,0.0,,,,,,,,
1603,0.0,,,,,,,,
1604,0.0,,,,,,,,
1605,0.0,,,,,,,,
1606,0.0,,,,,,,,
1607,2.270403213518286,,,,,,,,
1608,0.0,,,,,,,,
1609,0.0669467607792184,,,,,,,,
1610,0.0,,,,,,,,
1611,0.1196913799091976,,,,,,,,
1612,0.0,,,,,,,,
1613,0.0,,,,,,,,
1614,0.0,,,,,,,,
1615,0.0325314998532016,,,,,,,,
1616,0.0,,,,,,,,
1617,0.0,,,,,,,,
1618,1.3755487060531857,,,,,,,,
1619,0.0,,,,,,,,
1620,0.0,,,,,,,,
1621,0.0,,,,,,,,
1622,0.0,,,,,,,,
1623,0.0,,,,,,,,
1624,2.199198743708845,,,,,,,,
1625,0.0,,,,,,,,
1626,0.0,,,,,,,,
1627,2.410579095869161,,,,,,,,
1628,0.0280877934472444,,,,,,,,
1629,0.0669467607792184,,,,,,,,
1630,0.0,,,,,,,,
1631,0.0,,,,,,,,
1632,0.0,,,,,,,,
1633,0.0,,,,,,,,
1634,0.0926797102431434,,,,,,,,
1635,0.0,,,,,,,,
1636,0.0,,,,,,,,
1637,6.311611898113961,,,,,,,,
1638,0.0,,,,,,,,
1639,0.0,,,,,,,,
1640,0.0,,,,,,,,
1641,0.0,,,,,,,,
1642,0.0,,,,,,,,
1643,0.1196913799091976,,,,,,,,
1644,0.0,,,,,,,,
1645,0.0,,,,,,,,
1646,0.0,,,,,,,,
1647,0.0,,,,,,,,
1648,0.0,,,,,,,,
1649,0.0,,,,,,,,
1650,0.0,,,,,,,,
1651,0.0,,,,,,,,
1652,0.0,,,,,,,,
1653,0.0,,,,,,,,
1654,0.0,,,,,,,,
1655,0.0,,,,,,,,
1656,0.0,,,,,,,,
1657,0.0,,,,,,,,
1658,0.0,,,,,,,,
1659,0.0,,,,,,,,
1660,0.0325314998532016,,,,,,,,
1661,0.0,,,,,,,,
1662,0.0,,,,,,,,
1663,0.0,,,,,,,,
1664,0.0,,,,,,,,
1665,0.0,,,,,,,,
1666,2.29150235109587,,,,,,,,
1667,0.0,,,,,,,,
1668,2.0956956867578507,,,,,,,,
1669,2.844536548299099,,,,,,,,
1670,3.104505054985564,,,,,,,,
1671,2.270403213518286,,,,,,,,
1672,2.235727304024508,,,,,,,,
1673,0.0280877934472444,,,,,,,,
1674,0.0,,,,,,,,
1675,0.0,,,,,,,,
1676,1.3755487060531857,,,,,,,,
1677,0.0,,,,,,,,
1678,0.0,,,,,,,,
1679,0.0,,,,,,,,
1680,0.0,,,,,,,,
1681,0.0,,,,,,,,
1682,0.0926797102431434,,,,,,,,
1683,0.0,,,,,,,,
1684,0.0,,,,,,,,
1685,0.0280877934472444,,,,,,,,
1686,0.0,,,,,,,,
1687,2.0956956867578507,,,,,,,,
1688,0.0,,,,,,,,
1689,0.0,,,,,,,,
1690,2.410579095869161,,,,,,,,
1691,0.0,,,,,,,,
1692,0.0,,,,,,,,
1693,0.0,,,,,,,,
1694,0.0,,,,,,,,
1695,0.0,,,,,,,,
1696,0.0,,,,,,,,
1697,0.0,,,,,,,,
1698,0.0,,,,,,,,
1699,0.0669467607792184,,,,,,,,
1700,2.29150235109587,,,,,,,,
1701,3.1806734144966624,,,,,,,,
1702,0.0,,,,,,,,
1703,0.0,,,,,,,,
1704,0.0,,,,,,,,
1705,0.0,,,,,,,,
1706,0.0,,,,,,,,
1707,0.0,,,,,,,,
1708,0.0,,,,,,,,
1709,0.0,,,,,,,,
1710,0.0,,,,,,,,
1711,2.270403213518286,,,,,,,,
1712,0.0,,,,,,,,
1713,0.0,,,,,,,,
1714,0.0,,,,,,,,
1715,6.311611898113961,,,,,,,,
1716,0.1196913799091976,,,,,,,,
1717,2.199198743708845,,,,,,,,
1718,0.0325314998532016,,,,,,,,
1719,0.0949224841361663,,,,,,,,
1720,0.0,,,,,,,,
1721,2.0956956867578507,,,,,,,,
1722,0.0,,,,,,,,
1723,0.0,,,,,,,,
1724,0.0,,,,,,,,
1725,0.0,,,,,,,,
1726,0.0,,,,,,,,
1727,0.0,,,,,,,,
1728,0.0,,,,,,,,
1729,0.0,,,,,,,,
1730,2.29150235109587,,,,,,,,
1731,0.0,,,,,,,,
1732,2.844536548299099,,,,,,,,
1733,0.0,,,,,,,,
1734,0.0,,,,,,,,
1735,0.0,,,,,,,,
1736,0.0,,,,,,,,
1737,0.0,,,,,,,,
1738,3.3952694969729524,,,,,,,,
1739,0.0,,,,,,,,
1740,0.0,,,,,,,,
1741,0.0,,,,,,,,
1742,0.0,,,,,,,,
1743,0.0325314998532016,,,,,,,,
1744,0.0,,,,,,,,
1745,0.0,,,,,,,,
1746,0.0,,,,,,,,
1747,0.0,,,,,,,,
1748,0.0,,,,,,,,
1749,0.0,,,,,,,,
1750,0.0,,,,,,,,
1751,3.104505054985564,,,,,,,,
1752,0.0,,,,,,,,
1753,0.0,,,,,,,,
1754,0.0,,,,,,,,
1755,0.0,,,,,,,,
1756,0.0,,,,,,,,
1757,0.0,,,,,,,,
1758,0.0,,,,,,,,
1759,2.366339858736052,,,,,,,,
1760,0.1196913799091976,,,,,,,,
1761,0.0926797102431434,,,,,,,,
1762,0.0669467607792184,,,,,,,,
1763,2.199198743708845,,,,,,,,
1764,0.0280877934472444,,,,,,,,
1765,0.0,,,,,,,,
1766,0.0,,,,,,,,
1767,2.0956956867578507,,,,,,,,
1768,0.0,,,,,,,,
1769,0.0,,,,,,,,
1770,0.0,,,,,,,,
1771,0.0,,,,,,,,
1772,0.0,,,,,,,,
1773,0.0,,,,,,,,
1774,0.0,,,,,,,,
1775,0.0,,,,,,,,
1776,2.29150235109587,,,,,,,,
1777,0.0,,,,,,,,
1778,0.0,,,,,,,,
1779,2.199198743708845,,,,,,,,
1780,0.0,,,,,,,,
1781,0.0,,,,,,,,
1782,0.0,,,,,,,,
1783,2.844536548299099,,,,,,,,
1784,0.0,,,,,,,,
1785,0.0280877934472444,,,,,,,,
1786,0.0,,,,,,,,
1787,6.311611898113961,,,,,,,,
1788,0.0,,,,,,,,
1789,0.0,,,,,,,,
1790,0.0,,,,,,,,
1791,0.0,,,,,,,,
1792,0.0,,,,,,,,
1793,0.0,,,,,,,,
1794,0.0,,,,,,,,
1795,0.0,,,,,,,,
1796,0.0,,,,,,,,
1797,0.0,,,,,,,,
1798,0.0,,,,,,,,
1799,0.0,,,,,,,,
1800,0.0,,,,,,,,
1801,0.0,,,,,,,,
1802,0.0,,,,,,,,
1803,0.0,,,,,,,,
1804,3.104505054985564,,,,,,,,
1805,0.0926797102431434,,,,,,,,
1806,0.1196913799091976,,,,,,,,
1807,2.270403213518286,,,,,,,,
1808,0.0669467607792184,,,,,,,,
1809,0.0325314998532016,,,,,,,,
1810,2.235727304024508,,,,,,,,
1811,0.0,,,,,,,,
1812,0.0,,,,,,,,
1813,0.0,,,,,,,,
1814,0.0,,,,,,,,
1815,0.0,,,,,,,,
1816,2.29150235109587,,,,,,,,
1817,0.0325314998532016,,,,,,,,
1818,0.0926797102431434,,,,,,,,
1819,0.0,,,,,,,,
1820,0.0,,,,,,,,
1821,0.0,,,,,,,,
1822,0.0,,,,,,,,
1823,0.0,,,,,,,,
1824,0.0,,,,,,,,
1825,0.0,,,,,,,,
1826,0.0669467607792184,,,,,,,,
1827,0.0280877934472444,,,,,,,,
1828,0.0,,,,,,,,
1829,0.0,,,,,,,,
1830,0.0,,,,,,,,
1831,0.0,,,,,,,,
1832,0.0,,,,,,,,
1833,0.0,,,,,,,,
1834,0.0,,,,,,,,
1835,0.0,,,,,,,,
1836,0.0,,,,,,,,
1837,0.0,,,,,,,,
1838,0.0,,,,,,,,
1839,0.0,,,,,,,,
1840,6.311611898113961,,,,,,,,
1841,0.0,,,,,,,,
1842,0.0,,,,,,,,
1843,0.0,,,,,,,,
1844,0.0,,,,,,,,
1845,0.0,,,,,,,,
1846,2.270403213518286,,,,,,,,
1847,0.0,,,,,,,,
1848,0.0,,,,,,,,
1849,0.0,,,,,,,,
1850,2.0956956867578507,,,,,,,,
1851,0.0,,,,,,,,
1852,3.104505054985564,,,,,,,,
1853,2.844536548299099,,,,,,,,
1854,0.1196913799091976,,,,,,,,
1855,0.0,,,,,,,,
1856,0.0,,,,,,,,
1857,0.0,,,,,,,,
1858,0.0,,,,,,,,
1859,0.0,,,,,,,,
1860,0.0,,,,,,,,
1861,0.0,,,,,,,,
1862,2.29150235109587,,,,,,,,
1863,0.0,,,,,,,,
1864,0.0,,,,,,,,
1865,0.0,,,,,,,,
1866,0.0926797102431434,,,,,,,,
1867,0.0,,,,,,,,
1868,0.0280877934472444,,,,,,,,
1869,2.0956956867578507,,,,,,,,
1870,0.0,,,,,,,,
1871,0.0669467607792184,,,,,,,,
1872,0.0,,,,,,,,
1873,0.0,,,,,,,,
1874,0.0,,,,,,,,
1875,0.0,,,,,,,,
1876,0.0,,,,,,,,
1877,0.0,,,,,,,,
1878,0.0,,,,,,,,
1879,0.0,,,,,,,,
1880,0.0,,,,,,,,
1881,0.0,,,,,,,,
1882,0.0,,,,,,,,
1883,0.0,,,,,,,,
1884,0.0,,,,,,,,
1885,0.0,,,,,,,,
1886,0.0,,,,,,,,
1887,0.0,,,,,,,,
1888,0.0,,,,,,,,
1889,0.0,,,,,,,,
1890,0.0,,,,,,,,
1891,0.0,,,,,,,,
1892,6.311611898113961,,,,,,,,
1893,0.0,,,,,,,,
1894,0.0,,,,,,,,
1895,2.410579095869161,,,,,,,,
1896,1.3755487060531857,,,,,,,,
1897,0.1196913799091976,,,,,,,,
1898,2.270403213518286,,,,,,,,
1899,2.199198743708845,,,,,,,,
1900,0.0325314998532016,,,,,,,,
1901,0.0,,,,,,,,
1902,0.0,,,,,,,,
1903,0.0,,,,,,,,
1904,0.0,,,,,,,,
1905,0.0,,,,,,,,
1906,0.0,,,,,,,,
1907,0.0,,,,,,,,
1908,0.0,,,,,,,,
1909,2.29150235109587,,,,,,,,
1910,0.0,,,,,,,,
1911,0.0,,,,,,,,
1912,0.0,,,,,,,,
1913,2.0956956867578507,,,,,,,,
1914,0.0,,,,,,,,
1915,0.0,,,,,,,,
1916,0.0,,,,,,,,
1917,0.0,,,,,,,,
1918,0.0,,,,,,,,
1919,0.0,,,,,,,,
1920,0.0,,,,,,,,
1921,0.0,,,,,,,,
1922,0.0280877934472444,,,,,,,,
1923,0.0,,,,,,,,
1924,0.0,,,,,,,,
1925,0.0,,,,,,,,
1926,0.0,,,,,,,,
1927,0.0,,,,,,,,
1928,0.0,,,,,,,,
1929,0.0,,,,,,,,
1930,0.0,,,,,,,,
1931,0.0,,,,,,,,
1932,0.0325314998532016,,,,,,,,
1933,0.0,,,,,,,,
1934,0.0,,,,,,,,
1935,0.0,,,,,,,,
1936,0.0,,,,,,,,
1937,0.0,,,,,,,,
1938,6.311611898113961,,,,,,,,
1939,1.3755487060531857,,,,,,,,
1940,0.0,,,,,,,,
1941,2.410579095869161,,,,,,,,
1942,0.1196913799091976,,,,,,,,
1943,0.0926797102431434,,,,,,,,
1944,2.270403213518286,,,,,,,,
1945,0.0669467607792184,,,,,,,,
1946,2.199198743708845,,,,,,,,
1947,2.29150235109587,,,,,,,,
1948,0.0669467607792184,,,,,,,,
1949,0.0,,,,,,,,
1950,0.0,,,,,,,,
1951,0.0,,,,,,,,
1952,0.0,,,,,,,,
1953,0.0926797102431434,,,,,,,,
1954,0.0,,,,,,,,
1955,0.0,,,,,,,,
1956,0.0,,,,,,,,
1957,0.0,,,,,,,,
1958,0.0,,,,,,,,
1959,0.0,,,,,,,,
1960,2.0956956867578507,,,,,,,,
1961,0.0,,,,,,,,
1962,0.0,,,,,,,,
1963,0.0,,,,,,,,
1964,0.0,,,,,,,,
1965,0.0,,,,,,,,
1966,6.311611898113961,,,,,,,,
1967,0.0325314998532016,,,,,,,,
1968,0.0,,,,,,,,
1969,0.0,,,,,,,,
1970,0.0,,,,,,,,
1971,0.0,,,,,,,,
1972,0.0,,,,,,,,
1973,0.0,,,,,,,,
1974,0.0,,,,,,,,
1975,0.0,,,,,,,,
1976,0.0,,,,,,,,
1977,0.0,,,,,,,,
1978,2.199198743708845,,,,,,,,
1979,0.0,,,,,,,,
1980,0.0,,,,,,,,
1981,0.0,,,,,,,,
1982,0.0,,,,,,,,
1983,0.0,,,,,,,,
1984,0.0,,,,,,,,
1985,0.0,,,,,,,,
1986,0.0,,,,,,,,
1987,2.844536548299099,,,,,,,,
1988,3.104505054985564,,,,,,,,
1989,0.1196913799091976,,,,,,,,
1990,2.270403213518286,,,,,,,,
1991,0.0280877934472444,,,,,,,,
1992,0.0,,,,,,,,
1993,0.0,,,,,,,,
1994,2.199198743708845,,,,,,,,
1995,0.0,,,,,,,,
1996,0.0,,,,,,,,
1997,0.0280877934472444,,,,,,,,
1998,0.0669467607792184,,,,,,,,
1999,0.0,,,,,,,,
2000,0.0,,,,,,,,
2001,0.0,,,,,,,,
2002,0.0,,,,,,,,
2003,0.0926797102431434,,,,,,,,
2004,0.0325314998532016,,,,,,,,
2005,0.0,,,,,,,,
2006,0.0,,,,,,,,
2007,0.0,,,,,,,,
2008,0.0,,,,,,,,
2009,0.0,,,,,,,,
2010,0.0,,,,,,,,
2011,0.0,,,,,,,,
2012,0.0,,,,,,,,
2013,0.0,,,,,,,,
2014,0.0,,,,,,,,
2015,2.270403213518286,,,,,,,,
2016,0.0,,,,,,,,
2017,0.0,,,,,,,,
2018,2.29150235109587,,,,,,,,
2019,0.0,,,,,,,,
2020,0.0,,,,,,,,
2021,0.0,,,,,,,,
2022,0.0,,,,,,,,
2023,0.0,,,,,,,,
2024,0.0,,,,,,,,
2025,0.0,,,,,,,,
2026,0.0,,,,,,,,
2027,0.0,,,,,,,,
2028,0.0,,,,,,,,
2029,0.0,,,,,,,,
2030,2.0956956867578507,,,,,,,,
2031,0.0,,,,,,,,
2032,0.0,,,,,,,,
2033,6.311611898113961,,,,,,,,
2034,2.844536548299099,,,,,,,,
2035,3.318778464280774,,,,,,,,
2036,0.1196913799091976,,,,,,,,
2037,0.0,,,,,,,,
2038,0.0,,,,,,,,
2039,0.0,,,,,,,,
2040,0.0,,,,,,,,
2041,0.0,,,,,,,,
2042,0.0,,,,,,,,
2043,0.0,,,,,,,,
2044,0.0,,,,,,,,
2045,0.0,,,,,,,,
2046,2.29150235109587,,,,,,,,
2047,2.366339858736052,,,,,,,,
2048,0.0,,,,,,,,
2049,2.0956956867578507,,,,,,,,
2050,0.0,,,,,,,,
2051,0.0669467607792184,,,,,,,,
2052,0.0,,,,,,,,
2053,0.0,,,,,,,,
2054,0.0,,,,,,,,
2055,0.0,,,,,,,,
2056,0.0,,,,,,,,
2057,0.0280877934472444,,,,,,,,
2058,0.0,,,,,,,,
2059,0.0,,,,,,,,
2060,0.0325314998532016,,,,,,,,
2061,0.0,,,,,,,,
2062,0.0,,,,,,,,
2063,0.0,,,,,,,,
2064,0.0,,,,,,,,
2065,0.0,,,,,,,,
2066,0.0,,,,,,,,
2067,0.1196913799091976,,,,,,,,
2068,0.0,,,,,,,,
2069,0.0,,,,,,,,
2070,0.0,,,,,,,,
2071,0.0,,,,,,,,
2072,0.0,,,,,,,,
2073,0.0,,,,,,,,
2074,3.104505054985564,,,,,,,,
2075,0.0,,,,,,,,
2076,0.0,,,,,,,,
2077,2.199198743708845,,,,,,,,
2078,0.0,,,,,,,,
2079,3.3952694969729524,,,,,,,,
2080,2.844536548299099,,,,,,,,
2081,0.0926797102431434,,,,,,,,
2082,0.0949224841361663,,,,,,,,
2083,0.0,,,,,,,,
2084,0.0,,,,,,,,
2085,0.0,,,,,,,,
2086,0.0,,,,,,,,
2087,0.0,,,,,,,,
2088,0.0,,,,,,,,
2089,0.0,,,,,,,,
2090,6.311611898113961,,,,,,,,
2091,0.0,,,,,,,,
2092,2.29150235109587,,,,,,,,
2093,0.0,,,,,,,,
2094,0.0,,,,,,,,
2095,0.0,,,,,,,,
2096,0.0,,,,,,,,
2097,0.0,,,,,,,,
2098,0.0,,,,,,,,
2099,0.0,,,,,,,,
2100,0.0669467607792184,,,,,,,,
2101,0.0,,,,,,,,
2102,0.0,,,,,,,,
2103,0.0,,,,,,,,
2104,0.0,,,,,,,,
2105,0.0,,,,,,,,
2106,0.0,,,,,,,,
2107,0.0,,,,,,,,
2108,0.0,,,,,,,,
2109,0.0,,,,,,,,
2110,2.844536548299099,,,,,,,,
2111,0.0,,,,,,,,
2112,0.0,,,,,,,,
2113,0.0325314998532016,,,,,,,,
2114,0.0,,,,,,,,
2115,0.0,,,,,,,,
2116,0.0,,,,,,,,
2117,0.0,,,,,,,,
2118,0.0,,,,,,,,
2119,0.0,,,,,,,,
2120,0.0,,,,,,,,
2121,2.0956956867578507,,,,,,,,
2122,3.104505054985564,,,,,,,,
2123,0.1196913799091976,,,,,,,,
2124,0.0926797102431434,,,,,,,,
2125,2.270403213518286,,,,,,,,
2126,2.199198743708845,,,,,,,,
2127,0.0280877934472444,,,,,,,,
2128,0.0,,,,,,,,
2129,2.844536548299099,,,,,,,,
2130,0.0,,,,,,,,
2131,0.0,,,,,,,,
2132,0.0,,,,,,,,
2133,0.0,,,,,,,,
2134,2.0956956867578507,,,,,,,,
2135,0.0,,,,,,,,
2136,0.0,,,,,,,,
2137,2.29150235109587,,,,,,,,
2138,0.0,,,,,,,,
2139,0.0,,,,,,,,
2140,0.0,,,,,,,,
2141,0.0,,,,,,,,
2142,0.0280877934472444,,,,,,,,
2143,0.0,,,,,,,,
2144,0.0,,,,,,,,
2145,0.0,,,,,,,,
2146,0.0,,,,,,,,
2147,3.104505054985564,,,,,,,,
2148,0.0,,,,,,,,
2149,0.0,,,,,,,,
2150,0.0,,,,,,,,
2151,0.0,,,,,,,,
2152,0.0,,,,,,,,
2153,0.0,,,,,,,,
2154,0.0,,,,,,,,
2155,0.0,,,,,,,,
2156,0.0,,,,,,,,
2157,0.0,,,,,,,,
2158,0.1196913799091976,,,,,,,,
2159,0.0,,,,,,,,
2160,0.0,,,,,,,,
2161,0.0,,,,,,,,
2162,0.0,,,,,,,,
2163,0.0,,,,,,,,
2164,2.270403213518286,,,,,,,,
2165,0.0,,,,,,,,
2166,0.0,,,,,,,,
2167,0.0,,,,,,,,
2168,6.311611898113961,,,,,,,,
2169,0.0926797102431434,,,,,,,,
2170,0.0669467607792184,,,,,,,,
2171,2.199198743708845,,,,,,,,
2172,0.0325314998532016,,,,,,,,
2173,0.0,,,,,,,,
2174,2.844536548299099,,,,,,,,
2175,0.0,,,,,,,,
2176,0.0,,,,,,,,
2177,0.0,,,,,,,,
2178,0.0926797102431434,,,,,,,,
2179,0.0,,,,,,,,
2180,2.29150235109587,,,,,,,,
2181,0.0,,,,,,,,
2182,2.199198743708845,,,,,,,,
2183,0.0,,,,,,,,
2184,0.0,,,,,,,,
2185,0.0,,,,,,,,
2186,0.0,,,,,,,,
2187,0.0,,,,,,,,
2188,0.0,,,,,,,,
2189,0.0,,,,,,,,
2190,0.0,,,,,,,,
2191,0.0,,,,,,,,
2192,0.0,,,,,,,,
2193,0.0,,,,,,,,
2194,0.0669467607792184,,,,,,,,
2195,0.0,,,,,,,,
2196,0.0,,,,,,,,
2197,0.0,,,,,,,,
2198,0.0,,,,,,,,
2199,0.1196913799091976,,,,,,,,
2200,0.0,,,,,,,,
2201,0.0,,,,,,,,
2202,0.0,,,,,,,,
2203,0.0,,,,,,,,
2204,0.0,,,,,,,,
2205,0.0,,,,,,,,
2206,2.270403213518286,,,,,,,,
2207,0.0,,,,,,,,
2208,0.0,,,,,,,,
2209,0.0,,,,,,,,
2210,0.0,,,,,,,,
2211,0.0,,,,,,,,
2212,2.0956956867578507,,,,,,,,
2213,0.0,,,,,,,,
2214,6.311611898113961,,,,,,,,
2215,3.104505054985564,,,,,,,,
2216,0.0325314998532016,,,,,,,,
2217,0.0280877934472444,,,,,,,,
2218,0.0,,,,,,,,
2219,0.0,,,,,,,,
2220,0.0,,,,,,,,
2221,0.0,,,,,,,,
2222,0.0,,,,,,,,
2223,0.0,,,,,,,,
2224,0.0,,,,,,,,
2225,0.0,,,,,,,,
2226,0.0,,,,,,,,
2227,0.0,,,,,,,,
2228,0.0,,,,,,,,
2229,0.0325314998532016,,,,,,,,
2230,0.0,,,,,,,,
2231,0.0,,,,,,,,
2232,0.0280877934472444,,,,,,,,
2233,0.0,,,,,,,,
2234,0.1196913799091976,,,,,,,,
2235,0.0,,,,,,,,
2236,0.0,,,,,,,,
2237,0.0,,,,,,,,
2238,0.0,,,,,,,,
2239,0.0,,,,,,,,
2240,0.0,,,,,,,,
2241,0.0,,,,,,,,
2242,0.0,,,,,,,,
2243,0.0,,,,,,,,
2244,0.0,,,,,,,,
2245,2.270403213518286,,,,,,,,
2246,0.0,,,,,,,,
2247,0.0,,,,,,,,
2248,0.0,,,,,,,,
2249,0.0,,,,,,,,
2250,2.29150235109587,,,,,,,,
2251,0.0,,,,,,,,
2252,0.0,,,,,,,,
2253,0.0,,,,,,,,
2254,2.0956956867578507,,,,,,,,
2255,0.0,,,,,,,,
2256,0.0,,,,,,,,
2257,3.104505054985564,,,,,,,,
2258,6.311611898113961,,,,,,,,
2259,2.844536548299099,,,,,,,,
2260,0.0926797102431434,,,,,,,,
2261,0.0669467607792184,,,,,,,,
2262,2.199198743708845,,,,,,,,
2263,0.0,,,,,,,,
2264,0.0,,,,,,,,
2265,0.1196913799091976,,,,,,,,
2266,0.0,,,,,,,,
2267,0.0,,,,,,,,
2268,0.0,,,,,,,,
2269,0.0,,,,,,,,
2270,0.0,,,,,,,,
2271,0.0,,,,,,,,
2272,0.0,,,,,,,,
2273,0.0,,,,,,,,
2274,0.0,,,,,,,,
2275,0.0,,,,,,,,
2276,0.0,,,,,,,,
2277,0.0,,,,,,,,
2278,0.0280877934472444,,,,,,,,
2279,0.0,,,,,,,,
2280,0.0,,,,,,,,
2281,0.0,,,,,,,,
2282,2.270403213518286,,,,,,,,
2283,0.0,,,,,,,,
2284,0.0,,,,,,,,
2285,6.311611898113961,,,,,,,,
2286,0.0,,,,,,,,
2287,0.0,,,,,,,,
2288,0.0,,,,,,,,
2289,0.0,,,,,,,,
2290,0.0,,,,,,,,
2291,0.0,,,,,,,,
2292,0.0325314998532016,,,,,,,,
2293,0.0,,,,,,,,
2294,0.0,,,,,,,,
2295,0.0,,,,,,,,
2296,0.0,,,,,,,,
2297,0.0,,,,,,,,
2298,2.29150235109587,,,,,,,,
2299,0.0,,,,,,,,
2300,0.0,,,,,,,,
2301,2.0956956867578507,,,,,,,,
2302,0.0,,,,,,,,
2303,3.104505054985564,,,,,,,,
2304,2.844536548299099,,,,,,,,
2305,0.0926797102431434,,,,,,,,
2306,0.0669467607792184,,,,,,,,
2307,2.199198743708845,,,,,,,,
2308,2.29150235109587,,,,,,,,
2309,0.0,,,,,,,,
2310,0.0,,,,,,,,
2311,0.0,,,,,,,,
2312,0.0,,,,,,,,
2313,0.0,,,,,,,,
2314,6.311611898113961,,,,,,,,
2315,0.0,,,,,,,,
2316,0.0,,,,,,,,
2317,0.0,,,,,,,,
2318,0.0,,,,,,,,
2319,0.0,,,,,,,,
2320,0.0,,,,,,,,
2321,2.0956956867578507,,,,,,,,
2322,0.0,,,,,,,,
2323,0.0,,,,,,,,
2324,0.0,,,,,,,,
2325,0.0,,,,,,,,
2326,0.0,,,,,,,,
2327,0.0,,,,,,,,
2328,0.0,,,,,,,,
2329,0.0,,,,,,,,
2330,2.270403213518286,,,,,,,,
2331,0.0,,,,,,,,
2332,0.0,,,,,,,,
2333,0.0,,,,,,,,
2334,0.0,,,,,,,,
2335,2.844536548299099,,,,,,,,
2336,0.0669467607792184,,,,,,,,
2337,0.0,,,,,,,,
2338,0.1196913799091976,,,,,,,,
2339,0.0,,,,,,,,
2340,0.0,,,,,,,,
2341,0.0,,,,,,,,
2342,3.104505054985564,,,,,,,,
2343,0.0,,,,,,,,
2344,0.0,,,,,,,,
2345,0.0325314998532016,,,,,,,,
2346,0.0,,,,,,,,
2347,0.0,,,,,,,,
2348,0.0,,,,,,,,
2349,0.0,,,,,,,,
2350,0.0926797102431434,,,,,,,,
2351,2.235727304024508,,,,,,,,
2352,0.0280877934472444,,,,,,,,
2353,0.0280877934472444,,,,,,,,
2354,0.0,,,,,,,,
2355,0.0,,,,,,,,
2356,0.0,,,,,,,,
2357,0.0926797102431434,,,,,,,,
2358,0.0,,,,,,,,
2359,0.0,,,,,,,,
2360,0.0,,,,,,,,
2361,0.0,,,,,,,,
2362,0.0,,,,,,,,
2363,2.29150235109587,,,,,,,,
2364,0.0,,,,,,,,
2365,0.0,,,,,,,,
2366,0.0,,,,,,,,
2367,0.0669467607792184,,,,,,,,
2368,0.0,,,,,,,,
2369,0.0,,,,,,,,
2370,0.0,,,,,,,,
2371,0.0,,,,,,,,
2372,0.0,,,,,,,,
2373,0.0,,,,,,,,
2374,0.0,,,,,,,,
2375,0.0,,,,,,,,
2376,0.0,,,,,,,,
2377,0.0,,,,,,,,
2378,0.0,,,,,,,,
2379,0.0,,,,,,,,
2380,0.0,,,,,,,,
2381,0.0,,,,,,,,
2382,0.0,,,,,,,,
2383,0.0,,,,,,,,
2384,0.0,,,,,,,,
2385,0.0,,,,,,,,
2386,2.410579095869161,,,,,,,,
2387,0.0,,,,,,,,
2388,0.0,,,,,,,,
2389,0.0,,,,,,,,
2390,2.199198743708845,,,,,,,,
2391,2.0956956867578507,,,,,,,,
2392,0.0,,,,,,,,
2393,0.0,,,,,,,,
2394,1.6009776871853536,,,,,,,,
2395,6.311611898113961,,,,,,,,
2396,0.1196913799091976,,,,,,,,
2397,2.270403213518286,,,,,,,,
2398,0.0325314998532016,,,,,,,,
2399,0.0325314998532016,,,,,,,,
2400,0.0,,,,,,,,
2401,0.0,,,,,,,,
2402,0.0,,,,,,,,
2403,0.0,,,,,,,,
2404,0.0,,,,,,,,
2405,0.0,,,,,,,,
2406,0.0,,,,,,,,
2407,0.0,,,,,,,,
2408,0.0,,,,,,,,
2409,2.29150235109587,,,,,,,,
2410,0.0926797102431434,,,,,,,,
2411,0.0,,,,,,,,
2412,0.0,,,,,,,,
2413,0.0,,,,,,,,
2414,0.0,,,,,,,,
2415,0.0280877934472444,,,,,,,,
2416,0.0,,,,,,,,
2417,0.0,,,,,,,,
2418,0.0,,,,,,,,
2419,0.0,,,,,,,,
2420,0.0,,,,,,,,
2421,0.0,,,,,,,,
2422,0.0,,,,,,,,
2423,0.0,,,,,,,,
2424,0.0,,,,,,,,
2425,0.0669467607792184,,,,,,,,
2426,0.0,,,,,,,,
2427,0.0,,,,,,,,
2428,0.0,,,,,,,,
2429,0.1196913799091976,,,,,,,,
2430,0.0,,,,,,,,
2431,0.0,,,,,,,,
2432,6.311611898113961,,,,,,,,
2433,0.0,,,,,,,,
2434,0.0,,,,,,,,
2435,0.0,,,,,,,,
2436,0.0,,,,,,,,
2437,0.0,,,,,,,,
2438,2.0956956867578507,,,,,,,,
2439,0.0,,,,,,,,
2440,2.844536548299099,,,,,,,,
2441,3.104505054985564,,,,,,,,
2442,2.270403213518286,,,,,,,,
2443,2.199198743708845,,,,,,,,
2444,2.199198743708845,,,,,,,,
2445,0.0,,,,,,,,
2446,0.0,,,,,,,,
2447,0.0,,,,,,,,
2448,0.0,,,,,,,,
2449,2.844536548299099,,,,,,,,
2450,0.0,,,,,,,,
2451,0.0,,,,,,,,
2452,0.0,,,,,,,,
2453,0.0,,,,,,,,
2454,0.0,,,,,,,,
2455,0.0,,,,,,,,
2456,2.29150235109587,,,,,,,,
2457,0.0,,,,,,,,
2458,0.0,,,,,,,,
2459,0.0,,,,,,,,
2460,0.0,,,,,,,,
2461,0.0,,,,,,,,
2462,0.0,,,,,,,,
2463,0.0,,,,,,,,
2464,0.0,,,,,,,,
2465,0.0,,,,,,,,
2466,0.0,,,,,,,,
2467,0.0,,,,,,,,
2468,0.0,,,,,,,,
2469,0.0669467607792184,,,,,,,,
2470,0.0,,,,,,,,
2471,0.0,,,,,,,,
2472,0.0,,,,,,,,
2473,0.0,,,,,,,,
2474,0.0,,,,,,,,
2475,6.311611898113961,,,,,,,,
2476,0.0,,,,,,,,
2477,0.0,,,,,,,,
2478,0.0,,,,,,,,
2479,2.0956956867578507,,,,,,,,
2480,0.0,,,,,,,,
2481,0.0,,,,,,,,
2482,3.318778464280774,,,,,,,,
2483,0.0,,,,,,,,
2484,2.270403213518286,,,,,,,,
2485,0.0926797102431434,,,,,,,,
2486,0.1196913799091976,,,,,,,,
2487,0.0325314998532016,,,,,,,,
2488,0.0280877934472444,,,,,,,,
2489,0.0,,,,,,,,
2490,0.0,,,,,,,,
2491,0.0,,,,,,,,
2492,0.0,,,,,,,,
2493,0.0280877934472444,,,,,,,,
2494,0.0,,,,,,,,
2495,0.0,,,,,,,,
2496,0.0,,,,,,,,
2497,2.199198743708845,,,,,,,,
2498,0.0,,,,,,,,
2499,0.0,,,,,,,,
2500,0.0,,,,,,,,
2501,0.0926797102431434,,,,,,,,
2502,0.0,,,,,,,,
2503,0.0,,,,,,,,
2504,2.0956956867578507,,,,,,,,
2505,0.0,,,,,,,,
2506,0.0,,,,,,,,
2507,0.0,,,,,,,,
2508,0.0,,,,,,,,
2509,0.0,,,,,,,,
2510,0.0,,,,,,,,
2511,0.0,,,,,,,,
2512,0.0,,,,,,,,
2513,0.0,,,,,,,,
2514,0.0669467607792184,,,,,,,,
2515,2.3640131171754457,,,,,,,,
2516,2.29150235109587,,,,,,,,
2517,0.0,,,,,,,,
2518,0.0,,,,,,,,
2519,0.0,,,,,,,,
2520,0.0,,,,,,,,
2521,0.0,,,,,,,,
2522,0.0,,,,,,,,
2523,0.0,,,,,,,,
2524,0.0,,,,,,,,
2525,0.0,,,,,,,,
2526,0.0,,,,,,,,
2527,0.0,,,,,,,,
2528,0.0,,,,,,,,
2529,6.311611898113961,,,,,,,,
2530,2.844536548299099,,,,,,,,
2531,3.104505054985564,,,,,,,,
2532,0.1196913799091976,,,,,,,,
2533,0.0325314998532016,,,,,,,,
2534,0.0,,,,,,,,
2535,0.0,,,,,,,,
2536,0.0,,,,,,,,
2537,0.0,,,,,,,,
2538,0.0,,,,,,,,
2539,0.0926797102431434,,,,,,,,
2540,0.0,,,,,,,,
2541,0.0,,,,,,,,
2542,2.29150235109587,,,,,,,,
2543,0.0,,,,,,,,
2544,0.0,,,,,,,,
2545,0.0,,,,,,,,
2546,0.0,,,,,,,,
2547,0.0,,,,,,,,
2548,0.0,,,,,,,,
2549,0.0,,,,,,,,
2550,0.0,,,,,,,,
2551,0.0,,,,,,,,
2552,0.0,,,,,,,,
2553,0.0,,,,,,,,
2554,2.844536548299099,,,,,,,,
2555,0.0,,,,,,,,
2556,0.0,,,,,,,,
2557,0.0,,,,,,,,
2558,0.0,,,,,,,,
2559,0.0,,,,,,,,
2560,0.0,,,,,,,,
2561,0.0,,,,,,,,
2562,0.0,,,,,,,,
2563,0.0,,,,,,,,
2564,0.0,,,,,,,,
2565,0.0,,,,,,,,
2566,0.0,,,,,,,,
2567,0.0,,,,,,,,
2568,0.0,,,,,,,,
2569,2.0956956867578507,,,,,,,,
2570,0.0,,,,,,,,
2571,6.311611898113961,,,,,,,,
2572,3.104505054985564,,,,,,,,
2573,0.1196913799091976,,,,,,,,
2574,2.270403213518286,,,,,,,,
2575,0.0669467607792184,,,,,,,,
2576,2.199198743708845,,,,,,,,
2577,0.0325314998532016,,,,,,,,
2578,0.0280877934472444,,,,,,,,
2579,0.0,,,,,,,,
2580,0.0,,,,,,,,
2581,0.0,,,,,,,,
2582,0.0,,,,,,,,
2583,0.0,,,,,,,,
2584,0.0,,,,,,,,
2585,0.0,,,,,,,,
2586,0.0,,,,,,,,
2587,0.0,,,,,,,,
2588,0.0,,,,,,,,
2589,0.0,,,,,,,,
2590,0.0,,,,,,,,
2591,0.0,,,,,,,,
2592,0.0,,,,,,,,
2593,0.0,,,,,,,,
2594,0.0280877934472444,,,,,,,,
2595,0.0,,,,,,,,
2596,0.0,,,,,,,,
2597,0.0,,,,,,,,
2598,0.0,,,,,,,,
2599,0.0,,,,,,,,
2600,3.104505054985564,,,,,,,,
2601,0.0,,,,,,,,
2602,0.0,,,,,,,,
2603,6.311611898113961,,,,,,,,
2604,0.0,,,,,,,,
2605,0.0,,,,,,,,
2606,0.0,,,,,,,,
2607,0.0,,,,,,,,
2608,0.0,,,,,,,,
2609,0.0,,,,,,,,
2610,0.0,,,,,,,,
2611,0.0,,,,,,,,
2612,2.29150235109587,,,,,,,,
2613,2.270403213518286,,,,,,,,
2614,0.0,,,,,,,,
2615,0.0,,,,,,,,
2616,2.0956956867578507,,,,,,,,
2617,0.0,,,,,,,,
2618,2.844536548299099,,,,,,,,
2619,0.1196913799091976,,,,,,,,
2620,0.0926797102431434,,,,,,,,
2621,0.0669467607792184,,,,,,,,
2622,2.199198743708845,,,,,,,,
2623,0.0325314998532016,,,,,,,,
2624,0.0,,,,,,,,
2625,2.199198743708845,,,,,,,,
2626,0.0,,,,,,,,
2627,0.0,,,,,,,,
2628,0.0,,,,,,,,
2629,0.0,,,,,,,,
2630,0.0,,,,,,,,
2631,0.0,,,,,,,,
2632,0.0,,,,,,,,
2633,2.29150235109587,,,,,,,,
2634,0.0,,,,,,,,
2635,0.0,,,,,,,,
2636,0.0,,,,,,,,
2637,2.0956956867578507,,,,,,,,
2638,0.0,,,,,,,,
2639,0.0,,,,,,,,
2640,0.0,,,,,,,,
2641,0.0280877934472444,,,,,,,,
2642,0.0,,,,,,,,
2643,0.0669467607792184,,,,,,,,
2644,0.0,,,,,,,,
2645,0.1196913799091976,,,,,,,,
2646,0.0,,,,,,,,
2647,0.0,,,,,,,,
2648,0.0325314998532016,,,,,,,,
2649,0.0,,,,,,,,
2650,6.311611898113961,,,,,,,,
2651,0.0,,,,,,,,
2652,0.0,,,,,,,,
2653,0.0,,,,,,,,
2654,0.0,,,,,,,,
2655,0.0,,,,,,,,
2656,0.0,,,,,,,,
2657,0.0,,,,,,,,
2658,0.0,,,,,,,,
2659,0.0,,,,,,,,
2660,0.0,,,,,,,,
2661,0.0,,,,,,,,
2662,0.0,,,,,,,,
2663,0.0,,,,,,,,
2664,0.0,,,,,,,,
2665,2.844536548299099,,,,,,,,
2666,3.104505054985564,,,,,,,,
2667,0.0926797102431434,,,,,,,,
2668,2.270403213518286,,,,,,,,
2669,6.311611898113961,,,,,,,,
2670,0.0,,,,,,,,
2671,0.0,,,,,,,,
2672,0.0,,,,,,,,
2673,0.0,,,,,,,,
2674,0.0,,,,,,,,
2675,0.0,,,,,,,,
2676,0.0,,,,,,,,
2677,2.29150235109587,,,,,,,,
2678,0.0,,,,,,,,
2679,0.0,,,,,,,,
2680,2.0956956867578507,,,,,,,,
2681,0.0,,,,,,,,
2682,0.0,,,,,,,,
2683,0.0,,,,,,,,
2684,0.0280877934472444,,,,,,,,
2685,0.0,,,,,,,,
2686,0.0,,,,,,,,
2687,0.0,,,,,,,,
2688,0.0,,,,,,,,
2689,0.0,,,,,,,,
2690,0.0,,,,,,,,
2691,0.0,,,,,,,,
2692,0.0,,,,,,,,
2693,0.0325314998532016,,,,,,,,
2694,0.0,,,,,,,,
2695,0.0,,,,,,,,
2696,0.1196913799091976,,,,,,,,
2697,0.0,,,,,,,,
2698,0.0,,,,,,,,
2699,0.0,,,,,,,,
2700,0.0,,,,,,,,
2701,2.844536548299099,,,,,,,,
2702,0.0,,,,,,,,
2703,0.0,,,,,,,,
2704,0.0,,,,,,,,
2705,0.0,,,,,,,,
2706,0.0,,,,,,,,
2707,0.0,,,,,,,,
2708,0.0,,,,,,,,
2709,3.104505054985564,,,,,,,,
2710,2.270403213518286,,,,,,,,
2711,0.0926797102431434,,,,,,,,
2712,0.0669467607792184,,,,,,,,
2713,2.199198743708845,,,,,,,,
2714,2.29150235109587,,,,,,,,
2715,0.0,,,,,,,,
2716,0.0,,,,,,,,
2717,0.0280877934472444,,,,,,,,
2718,0.0,,,,,,,,
2719,0.0,,,,,,,,
2720,6.311611898113961,,,,,,,,
2721,0.0,,,,,,,,
2722,0.0,,,,,,,,
2723,0.0,,,,,,,,
2724,2.235727304024508,,,,,,,,
2725,0.0926797102431434,,,,,,,,
2726,0.0,,,,,,,,
2727,0.0,,,,,,,,
2728,2.0956956867578507,,,,,,,,
2729,0.0,,,,,,,,
2730,0.0,,,,,,,,
2731,0.0,,,,,,,,
2732,0.0,,,,,,,,
2733,0.0,,,,,,,,
2734,0.0,,,,,,,,
2735,0.0,,,,,,,,
2736,0.0,,,,,,,,
2737,0.0,,,,,,,,
2738,0.0,,,,,,,,
2739,0.0,,,,,,,,
2740,0.1196913799091976,,,,,,,,
2741,0.0,,,,,,,,
2742,0.0,,,,,,,,
2743,0.0,,,,,,,,
2744,0.0,,,,,,,,
2745,0.0,,,,,,,,
2746,0.0,,,,,,,,
2747,0.0,,,,,,,,
2748,0.0,,,,,,,,
2749,0.0,,,,,,,,
2750,0.0,,,,,,,,
2751,0.0,,,,,,,,
2752,0.0,,,,,,,,
2753,0.0,,,,,,,,
2754,3.104505054985564,,,,,,,,
2755,2.844536548299099,,,,,,,,
2756,2.270403213518286,,,,,,,,
2757,0.0669467607792184,,,,,,,,
2758,0.0325314998532016,,,,,,,,
2759,0.0669467607792184,,,,,,,,
2760,2.29150235109587,,,,,,,,
2761,0.0,,,,,,,,
2762,0.0,,,,,,,,
2763,0.0,,,,,,,,
2764,0.0,,,,,,,,
2765,0.0,,,,,,,,
2766,0.0,,,,,,,,
2767,0.0,,,,,,,,
2768,0.0,,,,,,,,
2769,2.0956956867578507,,,,,,,,
2770,0.0,,,,,,,,
2771,0.0,,,,,,,,
2772,0.0,,,,,,,,
2773,0.0,,,,,,,,
2774,0.0,,,,,,,,
2775,0.0280877934472444,,,,,,,,
2776,0.0,,,,,,,,
2777,0.0,,,,,,,,
2778,0.0,,,,,,,,
2779,0.0,,,,,,,,
2780,0.0,,,,,,,,
2781,0.0,,,,,,,,
2782,0.0,,,,,,,,
2783,0.0,,,,,,,,
2784,0.0,,,,,,,,
2785,0.0,,,,,,,,
2786,0.0,,,,,,,,
2787,0.0,,,,,,,,
2788,0.0,,,,,,,,
2789,0.0,,,,,,,,
2790,0.0,,,,,,,,
2791,0.0,,,,,,,,
2792,0.0,,,,,,,,
2793,0.0,,,,,,,,
2794,2.199198743708845,,,,,,,,
2795,0.0,,,,,,,,
2796,0.0,,,,,,,,
2797,6.311611898113961,,,,,,,,
2798,3.104505054985564,,,,,,,,
2799,2.844536548299099,,,,,,,,
2800,0.1196913799091976,,,,,,,,
2801,2.270403213518286,,,,,,,,
2802,0.0926797102431434,,,,,,,,
2803,0.0325314998532016,,,,,,,,
2804,2.29150235109587,,,,,,,,
2805,0.0,,,,,,,,
2806,0.0,,,,,,,,
2807,0.0,,,,,,,,
2808,0.0,,,,,,,,
2809,0.0,,,,,,,,
2810,0.0,,,,,,,,
2811,0.0,,,,,,,,
2812,0.0,,,,,,,,
2813,0.0,,,,,,,,
2814,0.0,,,,,,,,
2815,0.0,,,,,,,,
2816,0.0926797102431434,,,,,,,,
2817,0.0,,,,,,,,
2818,0.0,,,,,,,,
2819,0.0,,,,,,,,
2820,2.0956956867578507,,,,,,,,
2821,0.0,,,,,,,,
2822,0.0,,,,,,,,
2823,0.0325314998532016,,,,,,,,
2824,0.0,,,,,,,,
2825,0.0,,,,,,,,
2826,0.0669467607792184,,,,,,,,
2827,0.0,,,,,,,,
2828,2.844536548299099,,,,,,,,
2829,0.0,,,,,,,,
2830,0.0,,,,,,,,
2831,0.0,,,,,,,,
2832,0.0,,,,,,,,
2833,0.0,,,,,,,,
2834,0.1196913799091976,,,,,,,,
2835,0.0,,,,,,,,
2836,0.0,,,,,,,,
2837,0.0,,,,,,,,
2838,0.0,,,,,,,,
2839,0.0,,,,,,,,
2840,2.270403213518286,,,,,,,,
2841,0.0,,,,,,,,
2842,0.0,,,,,,,,
2843,0.0,,,,,,,,
2844,0.0,,,,,,,,
2845,6.311611898113961,,,,,,,,
2846,3.104505054985564,,,,,,,,
2847,2.199198743708845,,,,,,,,
2848,0.0280877934472444,,,,,,,,
2849,0.0,,,,,,,,
2850,0.0,,,,,,,,
2851,0.0,,,,,,,,
2852,0.0,,,,,,,,
2853,0.0,,,,,,,,
2854,0.0,,,,,,,,
2855,0.0,,,,,,,,
2856,0.0,,,,,,,,
2857,0.0,,,,,,,,
2858,2.29150235109587,,,,,,,,
2859,0.0,,,,,,,,
2860,0.0,,,,,,,,
2861,0.0,,,,,,,,
2862,0.0,,,,,,,,
2863,0.0,,,,,,,,
2864,0.0,,,,,,,,
2865,0.0669467607792184,,,,,,,,
2866,0.0,,,,,,,,
2867,0.0,,,,,,,,
2868,0.0,,,,,,,,
2869,0.0,,,,,,,,
2870,0.0,,,,,,,,
2871,0.0,,,,,,,,
2872,0.0,,,,,,,,
2873,0.0,,,,,,,,
2874,0.1196913799091976,,,,,,,,
2875,0.0,,,,,,,,
2876,0.0,,,,,,,,
2877,0.0,,,,,,,,
2878,0.0,,,,,,,,
2879,0.0,,,,,,,,
2880,0.0,,,,,,,,
2881,0.0,,,,,,,,
2882,0.0,,,,,,,,
2883,2.199198743708845,,,,,,,,
2884,0.0,,,,,,,,
2885,0.0,,,,,,,,
2886,2.0956956867578507,,,,,,,,
2887,3.104505054985564,,,,,,,,
2888,6.311611898113961,,,,,,,,
2889,2.844536548299099,,,,,,,,
2890,0.0926797102431434,,,,,,,,
2891,2.270403213518286,,,,,,,,
2892,0.0325314998532016,,,,,,,,
2893,0.0280877934472444,,,,,,,,
2894,0.0,,,,,,,,
2895,0.0,,,,,,,,
2896,0.0,,,,,,,,
2897,0.0,,,,,,,,
2898,0.0,,,,,,,,
2899,0.0,,,,,,,,
2900,0.0,,,,,,,,
2901,0.0,,,,,,,,
2902,0.0,,,,,,,,
2903,0.0,,,,,,,,
2904,0.0,,,,,,,,
2905,0.0,,,,,,,,
2906,0.0669467607792184,,,,,,,,
2907,0.0,,,,,,,,
2908,6.311611898113961,,,,,,,,
2909,0.0,,,,,,,,
2910,0.0,,,,,,,,
2911,0.1196913799091976,,,,,,,,
2912,0.0,,,,,,,,
2913,0.0,,,,,,,,
2914,0.0,,,,,,,,
2915,0.0,,,,,,,,
2916,0.0,,,,,,,,
2917,0.0,,,,,,,,
2918,0.0,,,,,,,,
2919,0.0,,,,,,,,
2920,0.0,,,,,,,,
2921,0.0,,,,,,,,
2922,0.0,,,,,,,,
2923,0.0,,,,,,,,
2924,0.0,,,,,,,,
2925,0.0,,,,,,,,
2926,2.29150235109587,,,,,,,,
2927,0.0,,,,,,,,
2928,0.0,,,,,,,,
2929,0.0,,,,,,,,
2930,2.199198743708845,,,,,,,,
2931,0.0,,,,,,,,
2932,2.0956956867578507,,,,,,,,
2933,2.270403213518286,,,,,,,,
2934,2.844536548299099,,,,,,,,
2935,3.104505054985564,,,,,,,,
2936,0.0926797102431434,,,,,,,,
2937,0.0325314998532016,,,,,,,,
2938,0.0280877934472444,,,,,,,,
2939,0.1196913799091976,,,,,,,,
2940,0.0,,,,,,,,
2941,0.0,,,,,,,,
2942,0.0,,,,,,,,
2943,0.0280877934472444,,,,,,,,
2944,0.0,,,,,,,,
2945,0.0949224841361663,,,,,,,,
2946,0.0,,,,,,,,
2947,0.0,,,,,,,,
2948,0.0,,,,,,,,
2949,2.0956956867578507,,,,,,,,
2950,2.199198743708845,,,,,,,,
2951,0.0,,,,,,,,
2952,0.0926797102431434,,,,,,,,
2953,0.0,,,,,,,,
2954,0.0,,,,,,,,
2955,0.0,,,,,,,,
2956,0.0,,,,,,,,
2957,0.0,,,,,,,,
2958,0.0,,,,,,,,
2959,0.0,,,,,,,,
2960,0.0,,,,,,,,
2961,2.29150235109587,,,,,,,,
2962,0.0,,,,,,,,
2963,0.0,,,,,,,,
2964,0.0,,,,,,,,
2965,0.0,,,,,,,,
2966,0.0,,,,,,,,
2967,0.0,,,,,,,,
2968,0.0,,,,,,,,
2969,0.0,,,,,,,,
2970,0.0,,,,,,,,
2971,0.0,,,,,,,,
2972,0.0,,,,,,,,
2973,0.0,,,,,,,,
2974,0.0,,,,,,,,
2975,0.0,,,,,,,,
2976,1.6009776871853536,,,,,,,,
2977,0.0,,,,,,,,
2978,0.0,,,,,,,,
2979,0.0,,,,,,,,
2980,0.0,,,,,,,,
2981,2.366339858736052,,,,,,,,
2982,3.3952694969729524,,,,,,,,
2983,2.410579095869161,,,,,,,,
2984,0.0669467607792184,,,,,,,,
2985,0.0325314998532016,,,,,,,,
2986,0.0,,,,,,,,
2987,2.844536548299099,,,,,,,,
2988,0.0,,,,,,,,
2989,0.0669467607792184,,,,,,,,
2990,0.0,,,,,,,,
2991,0.0,,,,,,,,
2992,0.0,,,,,,,,
2993,0.0,,,,,,,,
2994,0.0,,,,,,,,
2995,0.0,,,,,,,,
2996,2.29150235109587,,,,,,,,
2997,2.199198743708845,,,,,,,,
2998,0.0926797102431434,,,,,,,,
2999,2.0956956867578507,,,,,,,,
3000,0.0,,,,,,,,
3001,0.0,,,,,,,,
3002,0.0,,,,,,,,
3003,0.0,,,,,,,,
3004,0.0,,,,,,,,
3005,0.0,,,,,,,,
3006,0.0,,,,,,,,
3007,0.0,,,,,,,,
3008,0.0,,,,,,,,
3009,0.0,,,,,,,,
3010,0.0,,,,,,,,
3011,0.0,,,,,,,,
3012,0.0,,,,,,,,
3013,6.311611898113961,,,,,,,,
3014,0.0,,,,,,,,
3015,0.0,,,,,,,,
3016,0.1196913799091976,,,,,,,,
3017,0.0,,,,,,,,
3018,0.0,,,,,,,,
3019,0.0,,,,,,,,
3020,0.0,,,,,,,,
3021,0.0,,,,,,,,
3022,0.0,,,,,,,,
3023,0.0,,,,,,,,
3024,0.0,,,,,,,,
3025,0.0,,,,,,,,
3026,0.0,,,,,,,,
3027,3.318778464280774,,,,,,,,
3028,2.270403213518286,,,,,,,,
3029,0.0325314998532016,,,,,,,,
3030,0.0280877934472444,,,,,,,,
3031,0.0,,,,,,,,
3032,2.199198743708845,,,,,,,,
3033,0.0,,,,,,,,
3034,0.0,,,,,,,,
3035,0.0280877934472444,,,,,,,,
3036,0.0669467607792184,,,,,,,,
3037,0.0,,,,,,,,
3038,0.0,,,,,,,,
3039,0.0,,,,,,,,
3040,0.0,,,,,,,,
3041,0.0926797102431434,,,,,,,,
3042,0.0,,,,,,,,
3043,0.0,,,,,,,,
3044,0.0325314998532016,,,,,,,,
3045,2.29150235109587,,,,,,,,
3046,0.0,,,,,,,,
3047,2.0956956867578507,,,,,,,,
3048,2.844536548299099,,,,,,,,
3049,0.0,,,,,,,,
3050,0.0,,,,,,,,
3051,0.0,,,,,,,,
3052,0.0,,,,,,,,
3053,0.0,,,,,,,,
3054,0.0,,,,,,,,
3055,0.0,,,,,,,,
3056,0.0,,,,,,,,
3057,6.311611898113961,,,,,,,,
3058,0.0,,,,,,,,
3059,0.0,,,,,,,,
3060,0.0,,,,,,,,
3061,0.0,,,,,,,,
3062,0.0,,,,,,,,
3063,0.1196913799091976,,,,,,,,
3064,0.0,,,,,,,,
3065,0.0,,,,,,,,
3066,0.0,,,,,,,,
3067,0.0,,,,,,,,
3068,0.0,,,,,,,,
3069,0.0,,,,,,,,
3070,0.0,,,,,,,,
3071,0.0,,,,,,,,
3072,2.270403213518286,,,,,,,,
3073,0.0,,,,,,,,
3074,0.0,,,,,,,,
3075,3.104505054985564,,,,,,,,
3076,0.0,,,,,,,,
3077,2.29150235109587,,,,,,,,
3078,0.0,,,,,,,,
3079,0.0,,,,,,,,
3080,0.0,,,,,,,,
3081,2.0956956867578507,,,,,,,,
3082,0.0,,,,,,,,
3083,0.0926797102431434,,,,,,,,
3084,0.0,,,,,,,,
3085,0.0,,,,,,,,
3086,0.0669467607792184,,,,,,,,
3087,0.0,,,,,,,,
3088,0.0,,,,,,,,
3089,0.0,,,,,,,,
3090,0.0,,,,,,,,
3091,0.0,,,,,,,,
3092,0.0,,,,,,,,
3093,0.0,,,,,,,,
3094,6.311611898113961,,,,,,,,
3095,0.0,,,,,,,,
3096,0.0,,,,,,,,
3097,0.0,,,,,,,,
3098,0.0,,,,,,,,
3099,0.0,,,,,,,,
3100,0.0280877934472444,,,,,,,,
3101,0.0,,,,,,,,
3102,0.0,,,,,,,,
3103,0.0,,,,,,,,
3104,0.1196913799091976,,,,,,,,
3105,0.0,,,,,,,,
3106,0.0,,,,,,,,
3107,0.0,,,,,,,,
3108,0.0,,,,,,,,
3109,0.0,,,,,,,,
3110,0.0,,,,,,,,
3111,0.0,,,,,,,,
3112,0.0,,,,,,,,
3113,3.104505054985564,,,,,,,,
3114,0.0,,,,,,,,
3115,0.0,,,,,,,,
3116,0.0,,,,,,,,
3117,2.844536548299099,,,,,,,,
3118,2.270403213518286,,,,,,,,
3119,2.199198743708845,,,,,,,,
3120,0.0325314998532016,,,,,,,,
3121,2.235727304024508,,,,,,,,
3122,0.0,,,,,,,,
3123,0.0,,,,,,,,
3124,0.0,,,,,,,,
3125,0.0,,,,,,,,
3126,0.0,,,,,,,,
3127,0.0,,,,,,,,
3128,0.0280877934472444,,,,,,,,
3129,2.0956956867578507,,,,,,,,
3130,0.0,,,,,,,,
3131,0.0,,,,,,,,
3132,0.0,,,,,,,,
3133,0.0926797102431434,,,,,,,,
3134,0.0,,,,,,,,
3135,0.0,,,,,,,,
3136,0.0669467607792184,,,,,,,,
3137,0.1196913799091976,,,,,,,,
3138,0.0,,,,,,,,
3139,0.0,,,,,,,,
3140,0.0,,,,,,,,
3141,0.0,,,,,,,,
3142,0.0,,,,,,,,
3143,0.0,,,,,,,,
3144,0.0,,,,,,,,
3145,0.0,,,,,,,,
3146,0.0,,,,,,,,
3147,0.0,,,,,,,,
3148,2.844536548299099,,,,,,,,
3149,0.0,,,,,,,,
3150,0.0,,,,,,,,
3151,0.0,,,,,,,,
3152,0.0,,,,,,,,
3153,0.0,,,,,,,,
3154,0.0,,,,,,,,
3155,0.0325314998532016,,,,,,,,
3156,0.0,,,,,,,,
3157,2.270403213518286,,,,,,,,
3158,0.0,,,,,,,,
3159,0.0,,,,,,,,
3160,2.29150235109587,,,,,,,,
3161,0.0,,,,,,,,
3162,0.0,,,,,,,,
3163,0.0,,,,,,,,
3164,6.311611898113961,,,,,,,,
3165,3.104505054985564,,,,,,,,
3166,0.0,,,,,,,,
3167,0.0,,,,,,,,
3168,0.0,,,,,,,,
3169,0.0,,,,,,,,
3170,0.0,,,,,,,,
3171,0.0,,,,,,,,
3172,0.0,,,,,,,,
3173,0.0,,,,,,,,
3174,0.0,,,,,,,,
3175,0.0,,,,,,,,
3176,2.29150235109587,,,,,,,,
3177,0.0,,,,,,,,
3178,0.0,,,,,,,,
3179,0.0,,,,,,,,
3180,0.0,,,,,,,,
3181,0.0,,,,,,,,
3182,0.0325314998532016,,,,,,,,
3183,0.0,,,,,,,,
3184,3.3952694969729524,,,,,,,,
3185,0.0,,,,,,,,
3186,0.0,,,,,,,,
3187,0.0,,,,,,,,
3188,0.0,,,,,,,,
3189,0.0,,,,,,,,
3190,0.0,,,,,,,,
3191,0.0,,,,,,,,
3192,0.0,,,,,,,,
3193,0.0,,,,,,,,
3194,0.0,,,,,,,,
3195,0.1196913799091976,,,,,,,,
3196,0.0,,,,,,,,
3197,0.0,,,,,,,,
3198,0.0,,,,,,,,
3199,0.0,,,,,,,,
3200,0.0,,,,,,,,
3201,0.0,,,,,,,,
3202,2.0956956867578507,,,,,,,,
3203,0.0,,,,,,,,
3204,2.366339858736052,,,,,,,,
3205,3.104505054985564,,,,,,,,
3206,2.844536548299099,,,,,,,,
3207,0.0926797102431434,,,,,,,,
3208,0.0949224841361663,,,,,,,,
3209,0.0669467607792184,,,,,,,,
3210,2.199198743708845,,,,,,,,
3211,0.0280877934472444,,,,,,,,
3212,0.0,,,,,,,,
3213,0.0,,,,,,,,
3214,0.0,,,,,,,,
3215,0.0,,,,,,,,
3216,0.0,,,,,,,,
3217,0.0,,,,,,,,
3218,0.0,,,,,,,,
3219,0.0,,,,,,,,
3220,0.0,,,,,,,,
3221,0.0,,,,,,,,
3222,0.0,,,,,,,,
3223,2.0956956867578507,,,,,,,,
3224,0.0,,,,,,,,
3225,0.0,,,,,,,,
3226,0.0,,,,,,,,
3227,0.0,,,,,,,,
3228,0.0,,,,,,,,
3229,0.0,,,,,,,,
3230,0.0,,,,,,,,
3231,0.0280877934472444,,,,,,,,
3232,0.0,,,,,,,,
3233,0.0,,,,,,,,
3234,0.0,,,,,,,,
3235,0.0,,,,,,,,
3236,0.0,,,,,,,,
3237,0.0,,,,,,,,
3238,0.0,,,,,,,,
3239,0.0,,,,,,,,
3240,0.0,,,,,,,,
3241,0.0,,,,,,,,
3242,2.29150235109587,,,,,,,,
3243,0.0,,,,,,,,
3244,0.0,,,,,,,,
3245,0.0,,,,,,,,
3246,0.0,,,,,,,,
3247,0.0,,,,,,,,
3248,6.311611898113961,,,,,,,,
3249,0.0,,,,,,,,
3250,2.410579095869161,,,,,,,,
3251,1.6009776871853536,,,,,,,,
3252,0.1196913799091976,,,,,,,,
3253,0.0926797102431434,,,,,,,,
3254,2.270403213518286,,,,,,,,
3255,0.0669467607792184,,,,,,,,
3256,2.199198743708845,,,,,,,,
3257,0.0325314998532016,,,,,,,,
3258,0.0,,,,,,,,
3259,0.0,,,,,,,,
3260,6.311611898113961,,,,,,,,
3261,0.0,,,,,,,,
3262,0.0,,,,,,,,
3263,0.0,,,,,,,,
3264,0.0,,,,,,,,
3265,0.0,,,,,,,,
3266,2.29150235109587,,,,,,,,
3267,0.0,,,,,,,,
3268,0.0,,,,,,,,
3269,0.0,,,,,,,,
3270,0.0,,,,,,,,
3271,0.0,,,,,,,,
3272,0.0,,,,,,,,
3273,0.0,,,,,,,,
3274,0.0,,,,,,,,
3275,0.0,,,,,,,,
3276,0.0,,,,,,,,
3277,0.0,,,,,,,,
3278,0.0,,,,,,,,
3279,0.0,,,,,,,,
3280,0.0,,,,,,,,
3281,0.0,,,,,,,,
3282,0.0,,,,,,,,
3283,0.0,,,,,,,,
3284,0.0,,,,,,,,
3285,0.0,,,,,,,,
3286,0.0,,,,,,,,
3287,2.270403213518286,,,,,,,,
3288,0.0,,,,,,,,
3289,0.0,,,,,,,,
3290,0.0,,,,,,,,
3291,0.0,,,,,,,,
3292,0.0,,,,,,,,
3293,0.0,,,,,,,,
3294,2.410579095869161,,,,,,,,
3295,2.0956956867578507,,,,,,,,
3296,0.0,,,,,,,,
3297,1.3755487060531857,,,,,,,,
3298,0.1196913799091976,,,,,,,,
3299,0.0926797102431434,,,,,,,,
3300,0.0669467607792184,,,,,,,,
3301,2.199198743708845,,,,,,,,
3302,0.0325314998532016,,,,,,,,
3303,0.0280877934472444,,,,,,,,
3304,0.0,,,,,,,,
3305,0.0,,,,,,,,
3306,0.0,,,,,,,,
3307,0.0,,,,,,,,
3308,0.0,,,,,,,,
3309,0.0,,,,,,,,
3310,0.0926797102431434,,,,,,,,
3311,0.0,,,,,,,,
3312,0.0,,,,,,,,
3313,0.0,,,,,,,,
3314,2.0956956867578507,,,,,,,,
3315,0.0,,,,,,,,
3316,0.0,,,,,,,,
3317,2.29150235109587,,,,,,,,
3318,0.0,,,,,,,,
3319,0.0,,,,,,,,
3320,0.0,,,,,,,,
3321,0.0,,,,,,,,
3322,0.0,,,,,,,,
3323,0.0,,,,,,,,
3324,0.0,,,,,,,,
3325,0.0,,,,,,,,
3326,0.0,,,,,,,,
3327,0.0,,,,,,,,
3328,0.0,,,,,,,,
3329,0.0,,,,,,,,
3330,0.1196913799091976,,,,,,,,
3331,0.0,,,,,,,,
3332,0.0,,,,,,,,
3333,0.0,,,,,,,,
3334,0.0,,,,,,,,
3335,0.0,,,,,,,,
3336,2.270403213518286,,,,,,,,
3337,0.0,,,,,,,,
3338,0.0,,,,,,,,
3339,0.0,,,,,,,,
3340,0.0,,,,,,,,
3341,0.0,,,,,,,,
3342,6.311611898113961,,,,,,,,
3343,2.844536548299099,,,,,,,,
3344,3.104505054985564,,,,,,,,
3345,0.0669467607792184,,,,,,,,
3346,2.199198743708845,,,,,,,,
3347,0.0325314998532016,,,,,,,,
3348,0.0280877934472444,,,,,,,,
3349,0.0,,,,,,,,
3350,0.1196913799091976,,,,,,,,
3351,0.0,,,,,,,,
3352,0.0,,,,,,,,
3353,2.0956956867578507,,,,,,,,
3354,0.0,,,,,,,,
3355,0.0,,,,,,,,
3356,0.0,,,,,,,,
3357,0.0,,,,,,,,
3358,0.0,,,,,,,,
3359,0.0,,,,,,,,
3360,0.0,,,,,,,,
3361,0.0669467607792184,,,,,,,,
3362,0.0,,,,,,,,
3363,0.0,,,,,,,,
3364,0.0,,,,,,,,
3365,0.0,,,,,,,,
3366,0.0,,,,,,,,
3367,0.0,,,,,,,,
3368,0.0,,,,,,,,
3369,0.0,,,,,,,,
3370,0.0,,,,,,,,
3371,0.0,,,,,,,,
3372,0.0,,,,,,,,
3373,2.29150235109587,,,,,,,,
3374,0.0,,,,,,,,
3375,0.0,,,,,,,,
3376,0.0,,,,,,,,
3377,0.0,,,,,,,,
3378,0.0,,,,,,,,
3379,0.0,,,,,,,,
3380,0.0,,,,,,,,
3381,0.0,,,,,,,,
3382,0.0,,,,,,,,
3383,0.0,,,,,,,,
3384,0.0,,,,,,,,
3385,2.199198743708845,,,,,,,,
3386,6.311611898113961,,,,,,,,
3387,0.0,,,,,,,,
3388,2.844536548299099,,,,,,,,
3389,3.104505054985564,,,,,,,,
3390,2.270403213518286,,,,,,,,
3391,0.0926797102431434,,,,,,,,
3392,0.0325314998532016,,,,,,,,
3393,0.0280877934472444,,,,,,,,
3394,0.0,,,,,,,,
3395,2.0956956867578507,,,,,,,,
3396,0.0,,,,,,,,
3397,0.0,,,,,,,,
3398,0.0,,,,,,,,
3399,0.0,,,,,,,,
3400,0.0,,,,,,,,
3401,0.0,,,,,,,,
3402,0.0926797102431434,,,,,,,,
3403,0.0,,,,,,,,
3404,0.0,,,,,,,,
3405,0.0,,,,,,,,
3406,0.0,,,,,,,,
3407,0.0,,,,,,,,
3408,0.0280877934472444,,,,,,,,
3409,0.0,,,,,,,,
3410,0.1196913799091976,,,,,,,,
3411,0.0,,,,,,,,
3412,0.0,,,,,,,,
3413,0.0,,,,,,,,
3414,0.0,,,,,,,,
3415,0.0,,,,,,,,
3416,0.0,,,,,,,,
3417,0.0,,,,,,,,
3418,2.270403213518286,,,,,,,,
3419,0.0,,,,,,,,
3420,0.0,,,,,,,,
3421,0.0,,,,,,,,
3422,0.0,,,,,,,,
3423,0.0,,,,,,,,
3424,0.0,,,,,,,,
3425,0.0,,,,,,,,
3426,0.0,,,,,,,,
3427,0.0325314998532016,,,,,,,,
3428,0.0,,,,,,,,
3429,0.0,,,,,,,,
3430,2.29150235109587,,,,,,,,
3431,0.0,,,,,,,,
3432,0.0,,,,,,,,
3433,0.0,,,,,,,,
3434,6.311611898113961,,,,,,,,
3435,2.844536548299099,,,,,,,,
3436,3.104505054985564,,,,,,,,
3437,0.0669467607792184,,,,,,,,
3438,2.199198743708845,,,,,,,,
3439,0.0,,,,,,,,
3440,0.0,,,,,,,,
3441,0.0,,,,,,,,
3442,0.0,,,,,,,,
3443,0.0,,,,,,,,
3444,0.0,,,,,,,,
3445,0.0926797102431434,,,,,,,,
3446,0.0,,,,,,,,
3447,0.0,,,,,,,,
3448,0.0,,,,,,,,
3449,0.0,,,,,,,,
3450,0.0,,,,,,,,
3451,0.0,,,,,,,,
3452,0.0325314998532016,,,,,,,,
3453,0.0,,,,,,,,
3454,0.0280877934472444,,,,,,,,
3455,0.0,,,,,,,,
3456,0.0,,,,,,,,
3457,6.311611898113961,,,,,,,,
3458,0.0,,,,,,,,
3459,0.0,,,,,,,,
3460,0.0,,,,,,,,
3461,0.0,,,,,,,,
3462,0.0,,,,,,,,
3463,0.0,,,,,,,,
3464,0.0,,,,,,,,
3465,0.0,,,,,,,,
3466,0.0,,,,,,,,
3467,0.0,,,,,,,,
3468,0.0,,,,,,,,
3469,0.0,,,,,,,,
3470,0.0,,,,,,,,
3471,0.0,,,,,,,,
3472,0.0,,,,,,,,
3473,2.29150235109587,,,,,,,,
3474,0.0,,,,,,,,
3475,0.0,,,,,,,,
3476,3.104505054985564,,,,,,,,
3477,0.0,,,,,,,,
3478,2.0956956867578507,,,,,,,,
3479,2.844536548299099,,,,,,,,
3480,0.1196913799091976,,,,,,,,
3481,2.270403213518286,,,,,,,,
3482,0.0669467607792184,,,,,,,,
3483,2.199198743708845,,,,,,,,
3484,2.199198743708845,,,,,,,,
3485,0.0,,,,,,,,
3486,0.0,,,,,,,,
3487,0.0,,,,,,,,
3488,0.0,,,,,,,,
3489,0.0,,,,,,,,
3490,0.0,,,,,,,,
3491,0.0,,,,,,,,
3492,2.0956956867578507,,,,,,,,
3493,0.0,,,,,,,,
3494,0.0,,,,,,,,
3495,0.0,,,,,,,,
3496,0.0,,,,,,,,
3497,0.0280877934472444,,,,,,,,
3498,0.0669467607792184,,,,,,,,
3499,2.270403213518286,,,,,,,,
3500,0.0,,,,,,,,
3501,0.0,,,,,,,,
3502,0.0,,,,,,,,
3503,0.0,,,,,,,,
3504,0.0,,,,,,,,
3505,0.0,,,,,,,,
3506,3.104505054985564,,,,,,,,
3507,0.0,,,,,,,,
3508,0.0,,,,,,,,
3509,0.0,,,,,,,,
3510,0.0,,,,,,,,
3511,0.0,,,,,,,,
3512,0.0,,,,,,,,
3513,0.0,,,,,,,,
3514,0.0,,,,,,,,
3515,0.0,,,,,,,,
3516,0.0,,,,,,,,
3517,2.844536548299099,,,,,,,,
3518,0.0,,,,,,,,
3519,0.0,,,,,,,,
3520,0.0,,,,,,,,
3521,2.29150235109587,,,,,,,,
3522,0.0,,,,,,,,
3523,0.0,,,,,,,,
3524,0.0,,,,,,,,
3525,6.311611898113961,,,,,,,,
3526,0.1196913799091976,,,,,,,,
3527,0.0926797102431434,,,,,,,,
3528,0.0325314998532016,,,,,,,,
3529,0.0669467607792184,,,,,,,,
3530,0.0,,,,,,,,
3531,0.0,,,,,,,,
3532,0.0,,,,,,,,
3533,0.0,,,,,,,,
3534,0.0,,,,,,,,
3535,0.0,,,,,,,,
3536,0.0,,,,,,,,
3537,0.0,,,,,,,,
3538,0.0,,,,,,,,
3539,0.0,,,,,,,,
3540,0.0926797102431434,,,,,,,,
3541,2.199198743708845,,,,,,,,
3542,0.0,,,,,,,,
3543,0.0,,,,,,,,
3544,0.0,,,,,,,,
3545,0.0,,,,,,,,
3546,0.0,,,,,,,,
3547,2.844536548299099,,,,,,,,
3548,0.0280877934472444,,,,,,,,
3549,2.0956956867578507,,,,,,,,
3550,2.29150235109587,,,,,,,,
3551,0.0,,,,,,,,
3552,0.0,,,,,,,,
3553,0.0,,,,,,,,
3554,0.0,,,,,,,,
3555,0.0,,,,,,,,
3556,0.0,,,,,,,,
3557,0.0,,,,,,,,
3558,0.0,,,,,,,,
3559,0.0,,,,,,,,
3560,0.0,,,,,,,,
3561,0.1196913799091976,,,,,,,,
3562,6.311611898113961,,,,,,,,
3563,0.0,,,,,,,,
3564,0.0,,,,,,,,
3565,0.0,,,,,,,,
3566,0.0,,,,,,,,
3567,0.0,,,,,,,,
3568,0.0,,,,,,,,
3569,0.0,,,,,,,,
3570,0.0,,,,,,,,
3571,2.270403213518286,,,,,,,,
3572,3.104505054985564,,,,,,,,
3573,0.0325314998532016,,,,,,,,
3574,0.0,,,,,,,,
3575,2.29150235109587,,,,,,,,
3576,0.0,,,,,,,,
3577,0.0,,,,,,,,
3578,0.0,,,,,,,,
3579,0.0,,,,,,,,
3580,0.0,,,,,,,,
3581,0.0,,,,,,,,
3582,0.0,,,,,,,,
3583,0.0,,,,,,,,
3584,0.0,,,,,,,,
3585,2.0956956867578507,,,,,,,,
3586,0.0926797102431434,,,,,,,,
3587,0.0,,,,,,,,
3588,0.0,,,,,,,,
3589,0.0,,,,,,,,
3590,0.0280877934472444,,,,,,,,
3591,2.199198743708845,,,,,,,,
3592,0.0,,,,,,,,
3593,0.0669467607792184,,,,,,,,
3594,0.0,,,,,,,,
3595,0.0,,,,,,,,
3596,0.0,,,,,,,,
3597,0.0,,,,,,,,
3598,0.0,,,,,,,,
3599,0.0,,,,,,,,
3600,0.0,,,,,,,,
3601,0.1196913799091976,,,,,,,,
3602,0.0,,,,,,,,
3603,0.0,,,,,,,,
3604,0.0,,,,,,,,
3605,0.0,,,,,,,,
3606,0.0,,,,,,,,
3607,0.0,,,,,,,,
3608,0.0,,,,,,,,
3609,0.0,,,,,,,,
3610,0.0,,,,,,,,
3611,0.0,,,,,,,,
3612,0.0,,,,,,,,
3613,6.311611898113961,,,,,,,,
3614,0.0,,,,,,,,
3615,2.844536548299099,,,,,,,,
3616,3.104505054985564,,,,,,,,
3617,2.270403213518286,,,,,,,,
3618,0.0325314998532016,,,,,,,,
3619,0.0,,,,,,,,
3620,2.199198743708845,,,,,,,,
3621,0.0,,,,,,,,
3622,0.0,,,,,,,,
3623,0.0,,,,,,,,
3624,0.0,,,,,,,,
3625,0.0,,,,,,,,
3626,0.0,,,,,,,,
3627,0.0,,,,,,,,
3628,0.0,,,,,,,,
3629,0.0,,,,,,,,
3630,0.0,,,,,,,,
3631,2.29150235109587,,,,,,,,
3632,2.0956956867578507,,,,,,,,
3633,6.311611898113961,,,,,,,,
3634,0.0,,,,,,,,
3635,0.0669467607792184,,,,,,,,
3636,0.0,,,,,,,,
3637,0.0,,,,,,,,
3638,0.0325314998532016,,,,,,,,
3639,0.0,,,,,,,,
3640,0.0,,,,,,,,
3641,0.0,,,,,,,,
3642,0.1196913799091976,,,,,,,,
3643,0.0,,,,,,,,
3644,0.0,,,,,,,,
3645,0.0,,,,,,,,
3646,0.0,,,,,,,,
3647,0.0,,,,,,,,
3648,0.0,,,,,,,,
3649,0.0,,,,,,,,
3650,0.0,,,,,,,,
3651,0.0,,,,,,,,
3652,0.0,,,,,,,,
3653,0.0,,,,,,,,
3654,0.0,,,,,,,,
3655,0.0,,,,,,,,
3656,0.0,,,,,,,,
3657,0.0,,,,,,,,
3658,0.0,,,,,,,,
3659,2.844536548299099,,,,,,,,
3660,3.318778464280774,,,,,,,,
3661,0.0926797102431434,,,,,,,,
3662,2.270403213518286,,,,,,,,
3663,0.0280877934472444,,,,,,,,
3664,2.0956956867578507,,,,,,,,
3665,0.0,,,,,,,,
3666,0.0,,,,,,,,
3667,0.0,,,,,,,,
3668,0.0,,,,,,,,
3669,0.0,,,,,,,,
3670,0.0,,,,,,,,
3671,0.0,,,,,,,,
3672,0.0,,,,,,,,
3673,2.29150235109587,,,,,,,,
3674,0.0,,,,,,,,
3675,0.0,,,,,,,,
3676,0.0,,,,,,,,
3677,0.0,,,,,,,,
3678,0.0,,,,,,,,
3679,6.311611898113961,,,,,,,,
3680,0.0,,,,,,,,
3681,0.0669467607792184,,,,,,,,
3682,0.0,,,,,,,,
3683,0.0,,,,,,,,
3684,0.0,,,,,,,,
3685,0.0,,,,,,,,
3686,0.0,,,,,,,,
3687,0.0,,,,,,,,
3688,0.0,,,,,,,,
3689,0.0,,,,,,,,
3690,0.0325314998532016,,,,,,,,
3691,0.0,,,,,,,,
3692,0.0,,,,,,,,
3693,0.0,,,,,,,,
3694,0.0,,,,,,,,
3695,0.0,,,,,,,,
3696,0.0,,,,,,,,
3697,0.1196913799091976,,,,,,,,
3698,0.0,,,,,,,,
3699,0.0,,,,,,,,
3700,0.0,,,,,,,,
3701,0.0,,,,,,,,
3702,2.199198743708845,,,,,,,,
3703,0.0,,,,,,,,
3704,2.844536548299099,,,,,,,,
3705,3.318778464280774,,,,,,,,
3706,0.0926797102431434,,,,,,,,
3707,2.270403213518286,,,,,,,,
3708,0.0280877934472444,,,,,,,,
3709,0.0669467607792184,,,,,,,,
3710,3.318778464280774,,,,,,,,
3711,0.0,,,,,,,,
3712,0.0,,,,,,,,
3713,0.0,,,,,,,,
3714,0.0,,,,,,,,
3715,0.0,,,,,,,,
3716,0.0,,,,,,,,
3717,0.0,,,,,,,,
3718,0.0,,,,,,,,
3719,0.0,,,,,,,,
3720,0.0,,,,,,,,
3721,2.0956956867578507,,,,,,,,
3722,0.0,,,,,,,,
3723,0.0280877934472444,,,,,,,,
3724,2.29150235109587,,,,,,,,
3725,0.0,,,,,,,,
3726,0.0,,,,,,,,
3727,0.0,,,,,,,,
3728,0.0,,,,,,,,
3729,0.0,,,,,,,,
3730,0.0,,,,,,,,
3731,0.0,,,,,,,,
3732,0.0,,,,,,,,
3733,0.0,,,,,,,,
3734,0.0,,,,,,,,
3735,0.1196913799091976,,,,,,,,
3736,0.0,,,,,,,,
3737,0.0,,,,,,,,
3738,0.0,,,,,,,,
3739,0.0,,,,,,,,
3740,0.0,,,,,,,,
3741,0.0,,,,,,,,
3742,0.0,,,,,,,,
3743,3.3952694969729524,,,,,,,,
3744,0.0,,,,,,,,
3745,0.0,,,,,,,,
3746,0.0,,,,,,,,
3747,0.0,,,,,,,,
3748,0.0,,,,,,,,
3749,2.366339858736052,,,,,,,,
3750,2.844536548299099,,,,,,,,
3751,0.0926797102431434,,,,,,,,
3752,0.0949224841361663,,,,,,,,
3753,2.199198743708845,,,,,,,,
3754,0.0325314998532016,,,,,,,,
3755,0.0,,,,,,,,
3756,0.0,,,,,,,,
3757,0.0,,,,,,,,
3758,0.0,,,,,,,,
3759,0.0,,,,,,,,
3760,0.0,,,,,,,,
3761,0.0926797102431434,,,,,,,,
3762,0.0,,,,,,,,
3763,0.0,,,,,,,,
3764,0.0,,,,,,,,
3765,0.0,,,,,,,,
3766,0.0,,,,,,,,
3767,2.366339858736052,,,,,,,,
3768,0.0,,,,,,,,
3769,0.0,,,,,,,,
3770,2.29150235109587,,,,,,,,
3771,0.0,,,,,,,,
3772,0.0,,,,,,,,
3773,0.0,,,,,,,,
3774,0.0,,,,,,,,
3775,0.0669467607792184,,,,,,,,
3776,0.0,,,,,,,,
3777,0.0,,,,,,,,
3778,0.0,,,,,,,,
3779,0.0,,,,,,,,
3780,0.0,,,,,,,,
3781,0.0,,,,,,,,
3782,0.1196913799091976,,,,,,,,
3783,0.0,,,,,,,,
3784,0.0,,,,,,,,
3785,3.104505054985564,,,,,,,,
3786,0.0,,,,,,,,
3787,0.0,,,,,,,,
3788,0.0,,,,,,,,
3789,0.0,,,,,,,,
3790,0.0,,,,,,,,
3791,0.0,,,,,,,,
3792,0.0,,,,,,,,
3793,2.0956956867578507,,,,,,,,
3794,0.0,,,,,,,,
3795,3.3952694969729524,,,,,,,,
3796,2.844536548299099,,,,,,,,
3797,0.0949224841361663,,,,,,,,
3798,2.199198743708845,,,,,,,,
3799,0.0325314998532016,,,,,,,,
3800,0.0280877934472444,,,,,,,,
3801,0.0,,,,,,,,
3802,0.0,,,,,,,,
3803,0.0,,,,,,,,
3804,0.0926797102431434,,,,,,,,
3805,0.0,,,,,,,,
3806,0.0,,,,,,,,
3807,0.0,,,,,,,,
3808,0.0,,,,,,,,
3809,0.0,,,,,,,,
3810,0.0,,,,,,,,
3811,0.0,,,,,,,,
3812,2.29150235109587,,,,,,,,
3813,0.0,,,,,,,,
3814,0.0,,,,,,,,
3815,0.0,,,,,,,,
3816,0.0,,,,,,,,
3817,0.0280877934472444,,,,,,,,
3818,0.0,,,,,,,,
3819,0.0,,,,,,,,
3820,0.0,,,,,,,,
3821,0.0,,,,,,,,
3822,0.0,,,,,,,,
3823,0.0,,,,,,,,
3824,6.311611898113961,,,,,,,,
3825,0.0,,,,,,,,
3826,0.0,,,,,,,,
3827,0.0,,,,,,,,
3828,0.0,,,,,,,,
3829,0.0,,,,,,,,
3830,0.0,,,,,,,,
3831,0.0,,,,,,,,
3832,0.0325314998532016,,,,,,,,
3833,0.0,,,,,,,,
3834,2.270403213518286,,,,,,,,
3835,2.9758561045830887,,,,,,,,
3836,0.0,,,,,,,,
3837,2.199198743708845,,,,,,,,
3838,0.0,,,,,,,,
3839,2.0956956867578507,,,,,,,,
3840,0.0,,,,,,,,
3841,2.844536548299099,,,,,,,,
3842,3.104505054985564,,,,,,,,
3843,0.1196913799091976,,,,,,,,
3844,0.0669467607792184,,,,,,,,
3845,0.0,,,,,,,,
3846,0.0,,,,,,,,
3847,0.0,,,,,,,,
3848,0.0,,,,,,,,
3849,0.0,,,,,,,,
3850,0.0,,,,,,,,
3851,0.0,,,,,,,,
3852,6.311611898113961,,,,,,,,
3853,0.0,,,,,,,,
3854,2.29150235109587,,,,,,,,
3855,0.0,,,,,,,,
3856,0.0,,,,,,,,
3857,0.0,,,,,,,,
3858,0.0,,,,,,,,
3859,0.0,,,,,,,,
3860,0.0,,,,,,,,
3861,0.0926797102431434,,,,,,,,
3862,0.0,,,,,,,,
3863,0.0,,,,,,,,
3864,0.0280877934472444,,,,,,,,
3865,0.0,,,,,,,,
3866,0.0,,,,,,,,
3867,0.0,,,,,,,,
3868,0.0,,,,,,,,
3869,0.0,,,,,,,,
3870,0.0,,,,,,,,
3871,0.0669467607792184,,,,,,,,
3872,0.0,,,,,,,,
3873,0.0,,,,,,,,
3874,0.0,,,,,,,,
3875,0.0,,,,,,,,
3876,0.0,,,,,,,,
3877,0.0,,,,,,,,
3878,0.0,,,,,,,,
3879,0.0,,,,,,,,
3880,0.0,,,,,,,,
3881,2.270403213518286,,,,,,,,
3882,0.0,,,,,,,,
3883,0.0,,,,,,,,
3884,2.0956956867578507,,,,,,,,
3885,2.844536548299099,,,,,,,,
3886,3.104505054985564,,,,,,,,
3887,0.1196913799091976,,,,,,,,
3888,2.235727304024508,,,,,,,,
3889,0.0325314998532016,,,,,,,,
3890,5.399054839549957,,,,,,,,
3891,0.0,,,,,,,,
3892,0.0,,,,,,,,
3893,0.0,,,,,,,,
3894,0.0,,,,,,,,
3895,0.0325314998532016,,,,,,,,
3896,0.0926797102431434,,,,,,,,
3897,2.29150235109587,,,,,,,,
3898,0.0,,,,,,,,
3899,0.0,,,,,,,,
3900,0.0,,,,,,,,
3901,0.0,,,,,,,,
3902,0.0,,,,,,,,
3903,0.0,,,,,,,,
3904,0.0,,,,,,,,
3905,0.0280877934472444,,,,,,,,
3906,0.0,,,,,,,,
3907,0.0,,,,,,,,
3908,0.0,,,,,,,,
3909,0.0,,,,,,,,
3910,0.0,,,,,,,,
3911,2.940049376460822,,,,,,,,
3912,0.0,,,,,,,,
3913,0.0,,,,,,,,
3914,0.0669467607792184,,,,,,,,
3915,0.0,,,,,,,,
3916,0.0,,,,,,,,
3917,0.1196913799091976,,,,,,,,
3918,0.0,,,,,,,,
3919,0.0,,,,,,,,
3920,0.0,,,,,,,,
3921,0.0,,,,,,,,
3922,0.0,,,,,,,,
3923,0.0,,,,,,,,
3924,0.0,,,,,,,,
3925,0.0,,,,,,,,
3926,0.0,,,,,,,,
3927,2.410579095869161,,,,,,,,
3928,0.0,,,,,,,,
3929,0.0,,,,,,,,
3930,0.0,,,,,,,,
3931,2.0956956867578507,,,,,,,,
3932,5.245369841158176,,,,,,,,
3933,0.0949224841361663,,,,,,,,
3934,2.235727304024508,,,,,,,,
3935,0.0,,,,,,,,
3936,0.0,,,,,,,,
3937,0.0,,,,,,,,
3938,0.0,,,,,,,,
3939,0.0,,,,,,,,
3940,0.0,,,,,,,,
3941,0.0,,,,,,,,
3942,0.0,,,,,,,,
3943,0.0,,,,,,,,
3944,0.0,,,,,,,,
3945,0.0,,,,,,,,
3946,0.1196913799091976,,,,,,,,
3947,2.0956956867578507,,,,,,,,
3948,0.0,,,,,,,,
3949,0.0,,,,,,,,
3950,0.0,,,,,,,,
3951,0.0,,,,,,,,
3952,0.0,,,,,,,,
3953,0.0280877934472444,,,,,,,,
3954,0.0,,,,,,,,
3955,0.0,,,,,,,,
3956,0.0,,,,,,,,
3957,0.0,,,,,,,,
3958,0.0,,,,,,,,
3959,0.0,,,,,,,,
3960,0.0,,,,,,,,
3961,0.0,,,,,,,,
3962,0.0,,,,,,,,
3963,0.0,,,,,,,,
3964,6.311611898113961,,,,,,,,
3965,0.0,,,,,,,,
3966,0.0,,,,,,,,
3967,0.0,,,,,,,,
3968,0.0,,,,,,,,
3969,2.199198743708845,,,,,,,,
3970,0.0,,,,,,,,
3971,0.0,,,,,,,,
3972,2.29150235109587,,,,,,,,
3973,0.0,,,,,,,,
3974,3.318778464280774,,,,,,,,
3975,2.844536548299099,,,,,,,,
3976,2.270403213518286,,,,,,,,
3977,0.0926797102431434,,,,,,,,
3978,0.0669467607792184,,,,,,,,
3979,0.0325314998532016,,,,,,,,
3980,0.0,,,,,,,,
3981,0.0,,,,,,,,
3982,0.0,,,,,,,,
3983,0.0325314998532016,,,,,,,,
3984,0.0,,,,,,,,
3985,0.0,,,,,,,,
3986,0.0,,,,,,,,
3987,0.0,,,,,,,,
3988,0.0,,,,,,,,
3989,0.0,,,,,,,,
3990,0.0926797102431434,,,,,,,,
3991,0.0,,,,,,,,
3992,0.0,,,,,,,,
3993,0.0280877934472444,,,,,,,,
3994,0.0,,,,,,,,
3995,2.0956956867578507,,,,,,,,
3996,0.0,,,,,,,,
3997,0.0,,,,,,,,
3998,2.29150235109587,,,,,,,,
3999,0.0,,,,,,,,
4000,0.0,,,,,,,,
4001,0.0,,,,,,,,
4002,0.0669467607792184,,,,,,,,
4003,0.0,,,,,,,,
4004,0.0,,,,,,,,
4005,0.0,,,,,,,,
4006,0.0,,,,,,,,
4007,0.0,,,,,,,,
4008,0.0,,,,,,,,
4009,0.0,,,,,,,,
4010,0.0,,,,,,,,
4011,0.0,,,,,,,,
4012,0.0,,,,,,,,
4013,0.0,,,,,,,,
4014,0.0,,,,,,,,
4015,0.0,,,,,,,,
4016,0.0,,,,,,,,
4017,0.0,,,,,,,,
4018,0.0,,,,,,,,
4019,6.311611898113961,,,,,,,,
4020,2.844536548299099,,,,,,,,
4021,3.104505054985564,,,,,,,,
4022,0.1196913799091976,,,,,,,,
4023,2.270403213518286,,,,,,,,
4024,2.199198743708845,,,,,,,,
4025,0.0,,,,,,,,
4026,0.0,,,,,,,,
4027,0.0,,,,,,,,
4028,0.0,,,,,,,,
4029,0.0,,,,,,,,
4030,0.0,,,,,,,,
4031,0.0,,,,,,,,
4032,0.0,,,,,,,,
4033,0.0,,,,,,,,
4034,0.0,,,,,,,,
4035,0.0,,,,,,,,
4036,0.0926797102431434,,,,,,,,
4037,0.0,,,,,,,,
4038,0.0,,,,,,,,
4039,0.0,,,,,,,,
4040,0.0,,,,,,,,
4041,6.311611898113961,,,,,,,,
4042,0.0669467607792184,,,,,,,,
4043,2.29150235109587,,,,,,,,
4044,0.0,,,,,,,,
4045,0.0,,,,,,,,
4046,0.0,,,,,,,,
4047,0.0,,,,,,,,
4048,0.0,,,,,,,,
4049,0.0,,,,,,,,
4050,0.0,,,,,,,,
4051,0.0,,,,,,,,
4052,0.0,,,,,,,,
4053,0.0,,,,,,,,
4054,0.0,,,,,,,,
4055,0.0,,,,,,,,
4056,0.0,,,,,,,,
4057,0.0,,,,,,,,
4058,0.0,,,,,,,,
4059,2.270403213518286,,,,,,,,
4060,0.0,,,,,,,,
4061,2.0956956867578507,,,,,,,,
4062,0.0,,,,,,,,
4063,0.0,,,,,,,,
4064,2.844536548299099,,,,,,,,
4065,3.104505054985564,,,,,,,,
4066,0.1196913799091976,,,,,,,,
4067,2.199198743708845,,,,,,,,
4068,0.0325314998532016,,,,,,,,
4069,0.0280877934472444,,,,,,,,
4070,0.0,,,,,,,,
4071,6.311611898113961,,,,,,,,
4072,0.0,,,,,,,,
4073,0.0,,,,,,,,
4074,0.0,,,,,,,,
4075,0.0,,,,,,,,
4076,0.0,,,,,,,,
4077,2.29150235109587,,,,,,,,
4078,0.0,,,,,,,,
4079,0.0,,,,,,,,
4080,0.0,,,,,,,,
4081,0.0,,,,,,,,
4082,0.0,,,,,,,,
4083,2.0956956867578507,,,,,,,,
4084,0.0,,,,,,,,
4085,0.0,,,,,,,,
4086,0.0,,,,,,,,
4087,0.0,,,,,,,,
4088,2.199198743708845,,,,,,,,
4089,0.0,,,,,,,,
4090,0.0,,,,,,,,
4091,0.0,,,,,,,,
4092,0.0,,,,,,,,
4093,0.0,,,,,,,,
4094,0.0,,,,,,,,
4095,2.844536548299099,,,,,,,,
4096,0.0,,,,,,,,
4097,0.0,,,,,,,,
4098,0.0,,,,,,,,
4099,0.0,,,,,,,,
4100,0.0,,,,,,,,
4101,0.0,,,,,,,,
4102,0.0,,,,,,,,
4103,0.0,,,,,,,,
4104,0.0,,,,,,,,
4105,0.0,,,,,,,,
4106,0.0,,,,,,,,
4107,0.0,,,,,,,,
4108,3.318778464280774,,,,,,,,
4109,0.1196913799091976,,,,,,,,
4110,0.0926797102431434,,,,,,,,
4111,2.270403213518286,,,,,,,,
4112,0.0669467607792184,,,,,,,,
4113,0.0325314998532016,,,,,,,,
4114,0.0280877934472444,,,,,,,,
4115,0.0,,,,,,,,
4116,0.0,,,,,,,,
4117,0.0,,,,,,,,
4118,0.0,,,,,,,,
4119,0.0,,,,,,,,
4120,0.0,,,,,,,,
4121,0.0,,,,,,,,
4122,0.0,,,,,,,,
4123,2.29150235109587,,,,,,,,
4124,6.311611898113961,,,,,,,,
4125,2.0956956867578507,,,,,,,,
4126,0.0,,,,,,,,
4127,0.0,,,,,,,,
4128,0.0,,,,,,,,
4129,0.0669467607792184,,,,,,,,
4130,0.0,,,,,,,,
4131,0.0,,,,,,,,
4132,0.0,,,,,,,,
4133,0.0,,,,,,,,
4134,0.0,,,,,,,,
4135,0.0,,,,,,,,
4136,0.0,,,,,,,,
4137,0.0,,,,,,,,
4138,0.1196913799091976,,,,,,,,
4139,0.0,,,,,,,,
4140,0.0,,,,,,,,
4141,0.0,,,,,,,,
4142,0.0,,,,,,,,
4143,0.0,,,,,,,,
4144,0.0,,,,,,,,
4145,0.0,,,,,,,,
4146,0.0,,,,,,,,
4147,0.0,,,,,,,,
4148,0.0,,,,,,,,
4149,0.0,,,,,,,,
4150,0.0,,,,,,,,
4151,2.270403213518286,,,,,,,,
4152,0.0,,,,,,,,
4153,0.0,,,,,,,,
4154,2.844536548299099,,,,,,,,
4155,3.318778464280774,,,,,,,,
4156,0.0926797102431434,,,,,,,,
4157,2.199198743708845,,,,,,,,
4158,0.0325314998532016,,,,,,,,
4159,0.0280877934472444,,,,,,,,
4160,0.0,,,,,,,,
4161,6.311611898113961,,,,,,,,
4162,0.0,,,,,,,,
4163,0.0,,,,,,,,
4164,0.0,,,,,,,,
4165,0.0,,,,,,,,
4166,0.0,,,,,,,,
4167,0.0,,,,,,,,
4168,2.29150235109587,,,,,,,,
4169,0.0,,,,,,,,
4170,0.0,,,,,,,,
4171,0.0669467607792184,,,,,,,,
4172,0.0,,,,,,,,
4173,0.0,,,,,,,,
4174,0.0,,,,,,,,
4175,2.0956956867578507,,,,,,,,
4176,0.0,,,,,,,,
4177,0.0,,,,,,,,
4178,0.0280877934472444,,,,,,,,
4179,0.0,,,,,,,,
4180,0.0,,,,,,,,
4181,0.0,,,,,,,,
4182,0.0,,,,,,,,
4183,0.0,,,,,,,,
4184,0.0,,,,,,,,
4185,0.0,,,,,,,,
4186,0.0,,,,,,,,
4187,2.844536548299099,,,,,,,,
4188,0.0,,,,,,,,
4189,0.0,,,,,,,,
4190,0.0,,,,,,,,
4191,0.0,,,,,,,,
4192,0.0,,,,,,,,
4193,0.0,,,,,,,,
4194,0.0,,,,,,,,
4195,0.0325314998532016,,,,,,,,
4196,0.0,,,,,,,,
4197,0.0,,,,,,,,
4198,0.0,,,,,,,,
4199,0.0,,,,,,,,
4200,3.104505054985564,,,,,,,,
4201,2.270403213518286,,,,,,,,
4202,0.0926797102431434,,,,,,,,
4203,0.1196913799091976,,,,,,,,
4204,2.199198743708845,,,,,,,,
4205,2.29150235109587,,,,,,,,
4206,0.0669467607792184,,,,,,,,
4207,0.0,,,,,,,,
4208,0.0,,,,,,,,
4209,0.0,,,,,,,,
4210,0.0,,,,,,,,
4211,0.0,,,,,,,,
4212,0.0,,,,,,,,
4213,0.0,,,,,,,,
4214,0.0926797102431434,,,,,,,,
4215,0.0,,,,,,,,
4216,2.0956956867578507,,,,,,,,
4217,0.0,,,,,,,,
4218,0.0,,,,,,,,
4219,0.0,,,,,,,,
4220,0.0,,,,,,,,
4221,0.0280877934472444,,,,,,,,
4222,0.0,,,,,,,,
4223,0.0,,,,,,,,
4224,0.0,,,,,,,,
4225,0.0,,,,,,,,
4226,0.0,,,,,,,,
4227,0.0,,,,,,,,
4228,0.0,,,,,,,,
4229,0.0,,,,,,,,
4230,0.0,,,,,,,,
4231,0.0,,,,,,,,
4232,0.1196913799091976,,,,,,,,
4233,0.0,,,,,,,,
4234,0.0,,,,,,,,
4235,0.0,,,,,,,,
4236,0.0,,,,,,,,
4237,0.0,,,,,,,,
4238,0.0,,,,,,,,
4239,0.0949224841361663,,,,,,,,
4240,0.0,,,,,,,,
4241,0.0,,,,,,,,
4242,3.3952694969729524,,,,,,,,
4243,0.0,,,,,,,,
4244,0.0,,,,,,,,
4245,0.0,,,,,,,,
4246,3.104505054985564,,,,,,,,
4247,2.366339858736052,,,,,,,,
4248,2.844536548299099,,,,,,,,
4249,2.199198743708845,,,,,,,,
4250,0.0325314998532016,,,,,,,,
4251,0.0,,,,,,,,
4252,0.0,,,,,,,,
4253,0.0,,,,,,,,
4254,0.0,,,,,,,,
4255,0.0,,,,,,,,
4256,0.0,,,,,,,,
4257,0.0,,,,,,,,
4258,0.0,,,,,,,,
4259,0.0,,,,,,,,
4260,0.0,,,,,,,,
4261,0.0,,,,,,,,
4262,2.0956956867578507,,,,,,,,
4263,0.0,,,,,,,,
4264,0.0,,,,,,,,
4265,0.0,,,,,,,,
4266,0.0,,,,,,,,
4267,2.844536548299099,,,,,,,,
4268,0.0,,,,,,,,
4269,0.0280877934472444,,,,,,,,
4270,0.0,,,,,,,,
4271,0.0,,,,,,,,
4272,0.0,,,,,,,,
4273,0.0,,,,,,,,
4274,0.0,,,,,,,,
4275,0.0325314998532016,,,,,,,,
4276,0.0,,,,,,,,
4277,0.0,,,,,,,,
4278,0.0,,,,,,,,
4279,0.0,,,,,,,,
4280,2.270403213518286,,,,,,,,
4281,0.0,,,,,,,,
4282,0.0,,,,,,,,
4283,2.29150235109587,,,,,,,,
4284,0.0,,,,,,,,
4285,0.0,,,,,,,,
4286,0.0,,,,,,,,
4287,0.0,,,,,,,,
4288,2.199198743708845,,,,,,,,
4289,0.0,,,,,,,,
4290,0.0,,,,,,,,
4291,6.311611898113961,,,,,,,,
4292,3.104505054985564,,,,,,,,
4293,0.1196913799091976,,,,,,,,
4294,0.0926797102431434,,,,,,,,
4295,0.0669467607792184,,,,,,,,
4296,2.844536548299099,,,,,,,,
4297,0.0,,,,,,,,
4298,0.0,,,,,,,,
4299,0.0,,,,,,,,
4300,0.0,,,,,,,,
4301,0.0,,,,,,,,
4302,0.0,,,,,,,,
4303,0.0,,,,,,,,
4304,0.0,,,,,,,,
4305,0.0,,,,,,,,
4306,0.0926797102431434,,,,,,,,
4307,3.3952694969729524,,,,,,,,
4308,0.0,,,,,,,,
4309,2.0956956867578507,,,,,,,,
4310,0.0,,,,,,,,
4311,0.0,,,,,,,,
4312,0.0,,,,,,,,
4313,0.0,,,,,,,,
4314,0.0,,,,,,,,
4315,0.0,,,,,,,,
4316,0.0,,,,,,,,
4317,0.0,,,,,,,,
4318,0.0,,,,,,,,
4319,0.0,,,,,,,,
4320,0.0,,,,,,,,
4321,0.0,,,,,,,,
4322,0.0,,,,,,,,
4323,0.0,,,,,,,,
4324,0.0,,,,,,,,
4325,0.0,,,,,,,,
4326,0.0,,,,,,,,
4327,0.0,,,,,,,,
4328,2.29150235109587,,,,,,,,
4329,0.0,,,,,,,,
4330,0.0,,,,,,,,
4331,0.0,,,,,,,,
4332,0.0,,,,,,,,
4333,0.0,,,,,,,,
4334,3.318778464280774,,,,,,,,
4335,0.0949224841361663,,,,,,,,
4336,2.366339858736052,,,,,,,,
4337,0.1196913799091976,,,,,,,,
4338,0.0669467607792184,,,,,,,,
4339,2.235727304024508,,,,,,,,
4340,0.0325314998532016,,,,,,,,
4341,0.0280877934472444,,,,,,,,
4342,0.0,,,,,,,,
4343,2.199198743708845,,,,,,,,
4344,0.0,,,,,,,,
4345,0.0,,,,,,,,
4346,0.0,,,,,,,,
4347,0.0,,,,,,,,
4348,0.0,,,,,,,,
4349,0.0,,,,,,,,
4350,0.0,,,,,,,,
4351,0.0325314998532016,,,,,,,,
4352,0.0,,,,,,,,
4353,0.0926797102431434,,,,,,,,
4354,2.0956956867578507,,,,,,,,
4355,0.0,,,,,,,,
4356,0.0,,,,,,,,
4357,2.29150235109587,,,,,,,,
4358,0.0,,,,,,,,
4359,0.0,,,,,,,,
4360,0.0,,,,,,,,
4361,0.0,,,,,,,,
4362,0.0,,,,,,,,
4363,0.0,,,,,,,,
4364,0.0,,,,,,,,
4365,0.0,,,,,,,,
4366,0.0,,,,,,,,
4367,0.0,,,,,,,,
4368,0.0,,,,,,,,
4369,0.0,,,,,,,,
4370,0.0,,,,,,,,
4371,0.0,,,,,,,,
4372,0.0,,,,,,,,
4373,0.0,,,,,,,,
4374,0.0,,,,,,,,
4375,0.0,,,,,,,,
4376,0.0,,,,,,,,
4377,0.0,,,,,,,,
4378,0.0,,,,,,,,
4379,0.0,,,,,,,,
4380,6.311611898113961,,,,,,,,
4381,3.104505054985564,,,,,,,,
4382,2.844536548299099,,,,,,,,
4383,0.1196913799091976,,,,,,,,
4384,2.270403213518286,,,,,,,,
4385,0.0669467607792184,,,,,,,,
4386,0.0280877934472444,,,,,,,,
4387,2.235727304024508,,,,,,,,
4388,6.311611898113961,,,,,,,,
4389,0.0,,,,,,,,
4390,0.0,,,,,,,,
4391,0.0,,,,,,,,
4392,0.0,,,,,,,,
4393,0.0,,,,,,,,
4394,0.0,,,,,,,,
4395,0.0,,,,,,,,
4396,0.0,,,,,,,,
4397,0.0926797102431434,,,,,,,,
4398,2.0956956867578507,,,,,,,,
4399,0.0,,,,,,,,
4400,0.0280877934472444,,,,,,,,
4401,0.0,,,,,,,,
4402,0.0,,,,,,,,
4403,0.0,,,,,,,,
4404,0.0,,,,,,,,
4405,0.0,,,,,,,,
4406,0.0,,,,,,,,
4407,0.0,,,,,,,,
4408,0.0,,,,,,,,
4409,0.0,,,,,,,,
4410,0.0,,,,,,,,
4411,0.0,,,,,,,,
4412,0.0,,,,,,,,
4413,0.0,,,,,,,,
4414,0.0,,,,,,,,
4415,0.0,,,,,,,,
4416,0.0,,,,,,,,
4417,0.0,,,,,,,,
4418,0.0,,,,,,,,
4419,0.0,,,,,,,,
4420,0.0,,,,,,,,
4421,0.0,,,,,,,,
4422,0.0,,,,,,,,
4423,0.0,,,,,,,,
4424,2.29150235109587,,,,,,,,
4425,0.0,,,,,,,,
4426,2.3640131171754457,,,,,,,,
4427,2.844536548299099,,,,,,,,
4428,3.104505054985564,,,,,,,,
4429,0.1196913799091976,,,,,,,,
4430,0.0669467607792184,,,,,,,,
4431,0.0325314998532016,,,,,,,,
4432,2.29150235109587,,,,,,,,
4433,0.0,,,,,,,,
4434,0.0,,,,,,,,
4435,0.0,,,,,,,,
4436,2.410579095869161,,,,,,,,
4437,0.0,,,,,,,,
4438,0.0,,,,,,,,
4439,0.0,,,,,,,,
4440,0.0926797102431434,,,,,,,,
4441,0.0,,,,,,,,
4442,0.0,,,,,,,,
4443,0.0325314998532016,,,,,,,,
4444,0.0,,,,,,,,
4445,0.0,,,,,,,,
4446,0.0,,,,,,,,
4447,0.0,,,,,,,,
4448,0.0,,,,,,,,
4449,0.0,,,,,,,,
4450,0.0,,,,,,,,
4451,0.0,,,,,,,,
4452,0.0,,,,,,,,
4453,0.0,,,,,,,,
4454,0.0,,,,,,,,
4455,0.0,,,,,,,,
4456,0.0,,,,,,,,
4457,0.1196913799091976,,,,,,,,
4458,0.0,,,,,,,,
4459,0.0,,,,,,,,
4460,0.0,,,,,,,,
4461,0.0,,,,,,,,
4462,2.270403213518286,,,,,,,,
4463,0.0,,,,,,,,
4464,0.0,,,,,,,,
4465,0.0,,,,,,,,
4466,0.0,,,,,,,,
4467,0.0,,,,,,,,
4468,0.0,,,,,,,,
4469,0.0,,,,,,,,
4470,0.0,,,,,,,,
4471,0.0,,,,,,,,
4472,2.0956956867578507,,,,,,,,
4473,6.311611898113961,,,,,,,,
4474,1.3755487060531857,,,,,,,,
4475,0.0669467607792184,,,,,,,,
4476,2.235727304024508,,,,,,,,
4477,0.0280877934472444,,,,,,,,
4478,2.270403213518286,,,,,,,,
4479,0.0,,,,,,,,
4480,0.0,,,,,,,,
4481,0.0,,,,,,,,
4482,0.0,,,,,,,,
4483,0.0,,,,,,,,
4484,0.0,,,,,,,,
4485,0.0,,,,,,,,
4486,0.0,,,,,,,,
4487,0.0,,,,,,,,
4488,0.0,,,,,,,,
4489,0.1196913799091976,,,,,,,,
4490,0.0,,,,,,,,
4491,0.0,,,,,,,,
4492,2.0956956867578507,,,,,,,,
4493,0.0,,,,,,,,
4494,0.0,,,,,,,,
4495,0.0,,,,,,,,
4496,0.0,,,,,,,,
4497,0.0,,,,,,,,
4498,0.0,,,,,,,,
4499,0.0,,,,,,,,
4500,0.0,,,,,,,,
4501,0.0,,,,,,,,
4502,0.0,,,,,,,,
4503,0.0,,,,,,,,
4504,0.0,,,,,,,,
4505,0.0,,,,,,,,
4506,0.0,,,,,,,,
4507,0.0,,,,,,,,
4508,2.29150235109587,,,,,,,,
4509,0.0,,,,,,,,
4510,0.0,,,,,,,,
4511,0.0,,,,,,,,
4512,0.0,,,,,,,,
4513,0.0,,,,,,,,
4514,0.0,,,,,,,,
4515,3.318778464280774,,,,,,,,
4516,6.311611898113961,,,,,,,,
4517,2.844536548299099,,,,,,,,
4518,0.0926797102431434,,,,,,,,
4519,0.0669467607792184,,,,,,,,
4520,2.199198743708845,,,,,,,,
4521,0.0325314998532016,,,,,,,,
4522,0.0280877934472444,,,,,,,,
