,odc_locations,fiberlength
0,"(-3.02806, -59.98861)",90.88435689022177
1,"(-3.07556, -60.01972)",23.035577212811912
2,"(-3.07222, -59.94861)",75.60546455973295
3,"(-3.0875, -60.04028)",153.1978460850833
4,"(-3.09694, -60.01528)",52.391629052628176
5,"(-3.10611, -59.99306)",42.0699593850479
6,"(-3.13389, -60.01667)",78.64261625072173
