,odc_locations,capacities
0,"(-3.13361, -60.02083)",882
1,"(-3.0875, -60.04028)",852
2,"(-3.04194, -59.92889)",378
3,"(-3.03469, -59.9938)",294
4,"(-3.08583, -60.01)",882
5,"(-3.10361, -60.02444)",672
