,odc_locations,fiberlength
0,"(-5.735797, -35.254392)",56.52004531466572
1,"(-5.87167, -35.18111)",45.613352428889534
2,"(-5.77833, -35.20194)",53.49666729407649
3,"(-5.82611, -35.20667)",173.62668827723016
