,odc_locations,fiberlength
0,"(-5.81833, -35.19861)",109.18693477234045
1,"(-5.86139, -35.19278)",138.21511127843414
2,"(-5.77944, -35.19778)",246.06609573245444
