,odc_locations,capacities
0,"(-3.0875, -60.04028)",978
1,"(-3.05111, -59.99306)",714
2,"(-3.13639, -60.02472)",756
3,"(-3.10361, -60.02444)",756
4,"(-3.09722, -59.99333)",756
