,odc_locations,fiberlength
0,"(-3.13361, -60.02083)",36.58510855999946
1,"(-3.02806, -59.98861)",47.82938631303317
2,"(-3.02139, -59.94583)",1.2901944394476468
3,"(-3.07222, -59.94861)",10.809934016403759
4,"(-3.09528, -60.05361)",75.65787541331179
5,"(-3.0875, -60.04028)",63.22517639948719
6,"(-3.04194, -59.92889)",8.825287879533652
7,"(-3.09639, -60.00111)",73.46418816229317
8,"(-3.117444, -60.011722)",62.080848342181625
