,odc_locations,capacities
0,"(-5.87167, -35.18111)",504
1,"(-5.78389, -35.19944)",966
2,"(-5.82417, -35.21333)",845
