,odc_locations,fiberlength
0,"(-5.87167, -35.18111)",55.71600884918924
1,"(-5.78389, -35.19944)",268.77371789231364
2,"(-5.82417, -35.21333)",149.80970910463265
