,odc_locations,fiberlength
0,"(-5.750972, -35.255888)",53.79674390235305
1,"(-5.87556, -35.18)",58.068090865571605
2,"(-5.78389, -35.19944)",63.82738079370389
3,"(-5.82417, -35.21333)",149.80970910463265
