,odc_locations,capacities
0,"(-3.13361, -60.02083)",798
1,"(-3.02806, -59.98861)",294
2,"(-3.06472, -60.04361)",210
3,"(-3.0875, -60.04028)",390
4,"(-3.10611, -60.0175)",504
5,"(-3.09778, -60.00667)",840
6,"(-3.04194, -59.92889)",252
7,"(-3.10306, -60.05083)",546
8,"(-3.01778, -59.94722)",126
