,odc_locations,fiberlength
0,"(-3.13361, -60.02083)",58.347485181429214
1,"(-3.02806, -59.98861)",47.82938631303317
2,"(-3.06472, -60.04361)",31.855204624501717
3,"(-3.0875, -60.04028)",36.84805009789915
4,"(-3.10611, -60.0175)",33.07734891659818
5,"(-3.09778, -60.00667)",105.22602841368843
6,"(-3.04194, -59.92889)",20.874353289938036
7,"(-3.10306, -60.05083)",56.34437913456324
8,"(-3.01778, -59.94722)",2.5803888788952936
