,odc_locations,capacities
0,"(-3.13361, -60.02083)",882
1,"(-3.02806, -59.98861)",294
2,"(-3.08429, -60.07579)",168
3,"(-3.02139, -59.94583)",126
4,"(-3.04194, -59.92889)",252
5,"(-3.10028, -60.02028)",882
6,"(-3.1025, -59.99806)",672
7,"(-3.0975, -60.05056)",684
