,odc_locations,fiberlength
0,"(-3.13361, -60.02083)",66.85418089685538
1,"(-3.02806, -59.98861)",47.82938631303317
2,"(-3.08429, -60.07579)",8.923631569556731
3,"(-3.02139, -59.94583)",1.2901944394476468
4,"(-3.04194, -59.92889)",20.874353289938036
5,"(-3.10028, -60.02028)",106.75876878485055
6,"(-3.1025, -59.99806)",75.03247821409114
7,"(-3.0975, -60.05056)",86.80524922706412
