,odc_locations,fiberlength
0,"(-3.02139, -59.94583)",143.72462522773745
1,"(-3.0875, -60.04028)",42.764578764802344
2,"(-3.08778, -60.05694)",56.1505988524227
3,"(-3.11417, -60.01056)",110.44731816725124
4,"(-3.08778, -60.01694)",115.43631367307317
5,"(-3.13278, -60.02361)",47.128099322324026
