,odc_locations,capacities
0,"(-5.86944, -35.19056)",588
1,"(-5.755528, -35.245867)",336
2,"(-5.81639, -35.21056)",929
3,"(-5.77944, -35.19778)",462
