,odc_locations,fiberlength
0,"(-5.86944, -35.19056)",72.7164875285738
1,"(-5.755528, -35.245867)",68.8783705590595
2,"(-5.81639, -35.21056)",166.75234601616486
3,"(-5.77944, -35.19778)",36.44289958872184
