,odc_locations,fiberlength
0,"(-3.02917, -59.97694)",54.60754430301773
1,"(-3.04194, -59.92889)",48.74367286129842
2,"(-3.10759, -60.05268)",91.74572647119659
3,"(-3.12611, -60.02361)",75.86814530915596
4,"(-3.1025, -59.99806)",96.42839428780275
5,"(-3.10361, -60.02444)",146.4757999880148
