,odc_locations,capacities
0,"(-5.829694, -35.212)",929
1,"(-5.87556, -35.18)",462
2,"(-5.77944, -35.19778)",924
