,odc_locations,capacities
0,"(-3.13361, -60.02083)",798
1,"(-3.02806, -59.98861)",294
2,"(-3.02139, -59.94583)",378
3,"(-3.09778, -60.00667)",966
4,"(-3.10759, -60.05268)",894
5,"(-3.105, -60.01333)",630
