,odc_locations,capacities
0,"(-3.10361, -59.95667)",84
1,"(-3.0875, -60.04028)",936
2,"(-3.143782, -60.009315)",798
3,"(-3.04194, -59.92889)",504
4,"(-3.08583, -60.02361)",168
5,"(-3.10028, -60.02028)",756
6,"(-3.08583, -60.01)",714
