,odc_locations,fiberlength
0,"(-3.10361, -59.95667)",10.809934016403759
1,"(-3.0875, -60.04028)",153.1978460850833
2,"(-3.143782, -60.009315)",114.5053866888131
3,"(-3.04194, -59.92889)",127.51829494369508
4,"(-3.08583, -60.02361)",8.322242393668208
5,"(-3.10028, -60.02028)",82.61037456092937
6,"(-3.08583, -60.01)",113.17017721193179
