,odc_locations,fiberlength
0,"(-3.02806, -59.98861)",47.82938631303317
1,"(-3.09417, -59.99083)",120.62664924814072
2,"(-3.06472, -60.04361)",82.8960088517561
3,"(-3.02139, -59.94583)",47.89813984654272
4,"(-3.11778, -60.01806)",99.42635643657587
5,"(-3.12861, -60.01306)",57.197329043881986
6,"(-3.07889, -60.07028)",73.99353565714995
