,odc_locations,fiberlength
0,"(-2.97417, -59.99028)",11.676904845294505
1,"(-3.02139, -59.94583)",42.98130371193153
2,"(-3.0875, -60.04028)",142.31596189539772
3,"(-3.04194, -59.92889)",20.874353289938036
4,"(-3.11417, -60.01056)",60.0781890079061
5,"(-3.08583, -60.01)",79.80626693077873
6,"(-3.10611, -59.99306)",41.37882592804806
7,"(-3.13278, -60.02361)",47.128099322324026
