,odc_locations,capacities
0,"(-3.13361, -60.02083)",714
1,"(-3.08429, -60.07579)",588
2,"(-2.97417, -59.99028)",84
3,"(-3.05111, -59.99306)",630
4,"(-3.09694, -60.01528)",978
5,"(-3.09722, -59.99333)",462
6,"(-3.117444, -60.011722)",504
