,odc_locations,fiberlength
0,"(-5.80944, -35.20083)",194.70759756733042
1,"(-5.87167, -35.18111)",77.60268100065984
2,"(-5.77944, -35.19778)",231.60977921123163
