,odc_locations,capacities
0,"(-5.834028, -35.207972)",803
1,"(-5.855281, -35.262503)",126
2,"(-5.87556, -35.18)",462
3,"(-5.77944, -35.19778)",924
