,odc_locations,fiberlength
0,"(-3.13361, -60.02083)",65.9943012566541
1,"(-3.06472, -60.04361)",229.28531612978819
2,"(-2.97417, -59.99028)",29.662394707268973
3,"(-3.04194, -59.92889)",65.307092115694
4,"(-3.09639, -60.00111)",114.73125856116361
5,"(-3.12278, -60.01333)",65.98107910381613
6,"(-3.10611, -59.99306)",23.20931553581301
