,odc_locations,fiberlength
0,"(-5.78611, -35.20722)",257.1411508591139
1,"(-5.86944, -35.19056)",55.77297262322698
2,"(-5.829694, -35.212)",152.4306294050445
