,odc_locations,capacities
0,"(-3.09417, -59.99083)",672
1,"(-3.0875, -60.04028)",726
2,"(-3.09194, -60.06889)",378
3,"(-3.04194, -59.92889)",378
4,"(-3.05111, -59.99306)",336
5,"(-3.11361, -60.01583)",672
6,"(-3.12639, -60.02)",798
