,odc_locations,capacities
0,"(-5.735797, -35.254392)",336
1,"(-5.823889, -35.202278)",677
2,"(-5.860083, -35.198833)",714
3,"(-5.78389, -35.19944)",588
