,odc_locations,fiberlength
0,"(-5.735797, -35.254392)",56.52004531466572
1,"(-5.823889, -35.202278)",97.69151121879156
2,"(-5.860083, -35.198833)",133.0068602339415
3,"(-5.78389, -35.19944)",52.84297058549928
