,odc_locations,capacities
0,"(-5.834028, -35.207972)",672
1,"(-5.80944, -35.20083)",845
2,"(-5.750972, -35.255888)",336
3,"(-5.87167, -35.18111)",462
