,odc_locations,capacities
0,"(-3.02806, -59.98861)",294
1,"(-3.04194, -59.92889)",378
2,"(-3.08167, -60.01361)",630
3,"(-3.10917, -60.0125)",798
4,"(-3.10306, -60.05083)",810
5,"(-3.09722, -59.99333)",420
6,"(-3.13611, -60.02028)",630
