,odc_locations,capacities
0,"(-5.823889, -35.202278)",971
1,"(-5.77833, -35.20194)",882
2,"(-5.8775, -35.17722)",462
