,odc_locations,fiberlength
0,"(-2.97417, -59.99028)",11.676904845294505
1,"(-3.02139, -59.94583)",42.98130371193153
2,"(-3.0875, -60.04028)",153.1978460850833
3,"(-3.04194, -59.92889)",20.874353289938036
4,"(-3.09639, -60.00111)",83.91630065920458
5,"(-3.08778, -60.01694)",52.07121233885827
6,"(-3.11361, -60.01583)",46.759558263988566
7,"(-3.13389, -60.01667)",39.79100838396908
