,odc_locations,capacities
0,"(-3.04194, -59.92889)",546
1,"(-3.12917, -60.02667)",798
2,"(-3.105, -60.01333)",966
3,"(-3.10306, -60.05083)",936
4,"(-3.09722, -59.99333)",714
