,odc_locations,capacities
0,"(-3.13361, -60.02083)",630
1,"(-3.08942, -60.00514)",882
2,"(-3.07222, -59.94861)",168
3,"(-3.09528, -60.05361)",630
4,"(-3.0875, -60.04028)",432
5,"(-3.04194, -59.92889)",462
6,"(-3.117444, -60.011722)",756
