,odc_locations,capacities
0,"(-5.77833, -35.20194)",924
1,"(-5.87556, -35.18)",462
2,"(-5.831416, -35.204944)",929
