,odc_locations,fiberlength
0,"(-5.77833, -35.20194)",254.0576166396449
1,"(-5.87556, -35.18)",46.65603539442971
2,"(-5.831416, -35.204944)",171.59485507348643
