,odc_locations,capacities
0,"(-3.11778, -60.01806)",924
1,"(-3.0875, -60.04028)",978
2,"(-3.04194, -59.92889)",462
3,"(-3.06556, -60.01528)",672
4,"(-3.11361, -60.01583)",924
