,odc_locations,fiberlength
0,"(-3.11778, -60.01806)",105.52606506317113
1,"(-3.0875, -60.04028)",154.0490309227347
2,"(-3.04194, -59.92889)",95.79156953584845
3,"(-3.06556, -60.01528)",138.84823518888078
4,"(-3.11361, -60.01583)",132.30283567352419
