,odc_locations,fiberlength
0,"(-5.834028, -35.207972)",131.14918004593693
1,"(-5.750972, -35.255888)",53.79674390235305
2,"(-5.78972, -35.20222)",87.05280170619872
3,"(-5.87556, -35.18)",46.65603539442971
