,odc_locations,capacities
0,"(-3.10361, -59.95667)",84
1,"(-3.09778, -60.00667)",462
2,"(-3.09194, -60.06889)",546
3,"(-3.04194, -59.92889)",504
4,"(-3.11417, -60.01056)",546
5,"(-3.08778, -60.01694)",852
6,"(-3.11778, -60.0225)",966
