,odc_locations,capacities
0,"(-5.80944, -35.20083)",971
1,"(-5.87167, -35.18111)",588
2,"(-5.77944, -35.19778)",756
