,odc_locations,fiberlength
0,"(-3.09417, -59.99083)",143.2845635302665
1,"(-3.0875, -60.04028)",122.15379042976984
2,"(-3.04194, -59.92889)",139.56736035409952
3,"(-3.07889, -60.07028)",35.59320584842982
4,"(-3.12278, -60.01333)",86.31787991016978
5,"(-3.13611, -60.02028)",22.364868868678716
