,odc_locations,capacities
0,"(-2.97417, -59.99028)",126
1,"(-3.04194, -59.92889)",420
2,"(-3.10759, -60.05268)",714
3,"(-3.1025, -59.99806)",882
4,"(-3.07889, -60.02472)",852
5,"(-3.13056, -60.02111)",966
