,odc_locations,capacities
0,"(-5.86139, -35.19278)",588
1,"(-5.78389, -35.19944)",966
2,"(-5.82417, -35.21333)",761
