,odc_locations,fiberlength
0,"(-5.86139, -35.19278)",77.5372174881424
1,"(-5.78389, -35.19944)",268.77371789231364
2,"(-5.82417, -35.21333)",132.57777958253212
