,odc_locations,fiberlength
0,"(-5.86944, -35.19056)",45.961881570426826
1,"(-5.78389, -35.19944)",257.78930768410896
2,"(-5.82611, -35.20667)",166.08624862615508
