,odc_locations,capacities
0,"(-2.97417, -59.99028)",84
1,"(-3.02139, -59.94583)",252
2,"(-3.0875, -60.04028)",894
3,"(-3.04194, -59.92889)",252
4,"(-3.11417, -60.01056)",714
5,"(-3.08583, -60.01)",672
6,"(-3.10611, -59.99306)",420
7,"(-3.13278, -60.02361)",672
